ISO-10303-21;
HEADER;
FILE_DESCRIPTION(('FreeCAD Model'),'2;1');
FILE_NAME('BB35K-RA18-3A.step','2026-10-02T00:00:00',('Author'),(
    ''),'Open CASCADE STEP processor 7.9','FreeCAD','Unknown');
FILE_SCHEMA(('AUTOMOTIVE_DESIGN { 1 0 10303 214 1 1 1 1 }'));
ENDSEC;
DATA;
#1 = APPLICATION_PROTOCOL_DEFINITION('international standard',
  'automotive_design',2000,#2);
#2 = APPLICATION_CONTEXT(
  'core data for automotive mechanical design processes');
#3 = SHAPE_DEFINITION_REPRESENTATION(#4,#10);
#4 = PRODUCT_DEFINITION_SHAPE('','',#5);
#5 = PRODUCT_DEFINITION('design','',#6,#9);
#6 = PRODUCT_DEFINITION_FORMATION('','',#7);
#7 = PRODUCT('bb35k_export','bb35k_export','',(#8));
#8 = PRODUCT_CONTEXT('',#2,'mechanical');
#9 = PRODUCT_DEFINITION_CONTEXT('part definition',#2,'design');
#10 = SHAPE_REPRESENTATION('',(#11,#15,#19,#23,#27,#31,#35,#39,#43,#47,
    #51,#55,#59,#63,#67,#71,#75,#79,#83,#87,#91,#95),#99);
#11 = AXIS2_PLACEMENT_3D('',#12,#13,#14);
#12 = CARTESIAN_POINT('',(0.,0.,0.));
#13 = DIRECTION('',(0.,0.,1.));
#14 = DIRECTION('',(1.,0.,-0.));
#15 = AXIS2_PLACEMENT_3D('',#16,#17,#18);
#16 = CARTESIAN_POINT('',(0.,0.,0.));
#17 = DIRECTION('',(0.,0.,1.));
#18 = DIRECTION('',(1.,0.,0.));
#19 = AXIS2_PLACEMENT_3D('',#20,#21,#22);
#20 = CARTESIAN_POINT('',(0.,0.,0.));
#21 = DIRECTION('',(0.,0.,1.));
#22 = DIRECTION('',(1.,0.,0.));
#23 = AXIS2_PLACEMENT_3D('',#24,#25,#26);
#24 = CARTESIAN_POINT('',(0.,0.,0.));
#25 = DIRECTION('',(0.,0.,1.));
#26 = DIRECTION('',(1.,0.,0.));
#27 = AXIS2_PLACEMENT_3D('',#28,#29,#30);
#28 = CARTESIAN_POINT('',(0.,0.,0.));
#29 = DIRECTION('',(0.,0.,1.));
#30 = DIRECTION('',(1.,0.,0.));
#31 = AXIS2_PLACEMENT_3D('',#32,#33,#34);
#32 = CARTESIAN_POINT('',(0.,0.,0.));
#33 = DIRECTION('',(0.,0.,1.));
#34 = DIRECTION('',(1.,0.,0.));
#35 = AXIS2_PLACEMENT_3D('',#36,#37,#38);
#36 = CARTESIAN_POINT('',(0.,0.,0.));
#37 = DIRECTION('',(0.,0.,1.));
#38 = DIRECTION('',(1.,0.,0.));
#39 = AXIS2_PLACEMENT_3D('',#40,#41,#42);
#40 = CARTESIAN_POINT('',(0.,0.,0.));
#41 = DIRECTION('',(0.,0.,1.));
#42 = DIRECTION('',(1.,0.,0.));
#43 = AXIS2_PLACEMENT_3D('',#44,#45,#46);
#44 = CARTESIAN_POINT('',(0.,0.,0.));
#45 = DIRECTION('',(0.,0.,1.));
#46 = DIRECTION('',(1.,0.,0.));
#47 = AXIS2_PLACEMENT_3D('',#48,#49,#50);
#48 = CARTESIAN_POINT('',(0.,0.,0.));
#49 = DIRECTION('',(0.,0.,1.));
#50 = DIRECTION('',(1.,0.,0.));
#51 = AXIS2_PLACEMENT_3D('',#52,#53,#54);
#52 = CARTESIAN_POINT('',(0.,0.,0.));
#53 = DIRECTION('',(0.,0.,1.));
#54 = DIRECTION('',(1.,0.,0.));
#55 = AXIS2_PLACEMENT_3D('',#56,#57,#58);
#56 = CARTESIAN_POINT('',(0.,0.,0.));
#57 = DIRECTION('',(0.,0.,1.));
#58 = DIRECTION('',(1.,0.,0.));
#59 = AXIS2_PLACEMENT_3D('',#60,#61,#62);
#60 = CARTESIAN_POINT('',(0.,0.,0.));
#61 = DIRECTION('',(0.,0.,1.));
#62 = DIRECTION('',(1.,0.,0.));
#63 = AXIS2_PLACEMENT_3D('',#64,#65,#66);
#64 = CARTESIAN_POINT('',(0.,0.,0.));
#65 = DIRECTION('',(0.,0.,1.));
#66 = DIRECTION('',(1.,0.,0.));
#67 = AXIS2_PLACEMENT_3D('',#68,#69,#70);
#68 = CARTESIAN_POINT('',(0.,0.,0.));
#69 = DIRECTION('',(0.,0.,1.));
#70 = DIRECTION('',(1.,0.,0.));
#71 = AXIS2_PLACEMENT_3D('',#72,#73,#74);
#72 = CARTESIAN_POINT('',(0.,0.,0.));
#73 = DIRECTION('',(0.,0.,1.));
#74 = DIRECTION('',(1.,0.,0.));
#75 = AXIS2_PLACEMENT_3D('',#76,#77,#78);
#76 = CARTESIAN_POINT('',(0.,0.,0.));
#77 = DIRECTION('',(0.,0.,1.));
#78 = DIRECTION('',(1.,0.,0.));
#79 = AXIS2_PLACEMENT_3D('',#80,#81,#82);
#80 = CARTESIAN_POINT('',(0.,0.,0.));
#81 = DIRECTION('',(0.,0.,1.));
#82 = DIRECTION('',(1.,0.,0.));
#83 = AXIS2_PLACEMENT_3D('',#84,#85,#86);
#84 = CARTESIAN_POINT('',(0.,0.,0.));
#85 = DIRECTION('',(0.,0.,1.));
#86 = DIRECTION('',(1.,0.,0.));
#87 = AXIS2_PLACEMENT_3D('',#88,#89,#90);
#88 = CARTESIAN_POINT('',(0.,0.,0.));
#89 = DIRECTION('',(0.,0.,1.));
#90 = DIRECTION('',(1.,0.,0.));
#91 = AXIS2_PLACEMENT_3D('',#92,#93,#94);
#92 = CARTESIAN_POINT('',(0.,0.,0.));
#93 = DIRECTION('',(0.,0.,1.));
#94 = DIRECTION('',(1.,0.,0.));
#95 = AXIS2_PLACEMENT_3D('',#96,#97,#98);
#96 = CARTESIAN_POINT('',(0.,0.,0.));
#97 = DIRECTION('',(0.,0.,1.));
#98 = DIRECTION('',(1.,0.,0.));
#99 = ( GEOMETRIC_REPRESENTATION_CONTEXT(3) 
GLOBAL_UNCERTAINTY_ASSIGNED_CONTEXT((#103)) GLOBAL_UNIT_ASSIGNED_CONTEXT
((#100,#101,#102)) REPRESENTATION_CONTEXT('Context #1',
  '3D Context with UNIT and UNCERTAINTY') );
#100 = ( LENGTH_UNIT() NAMED_UNIT(*) SI_UNIT(.MILLI.,.METRE.) );
#101 = ( NAMED_UNIT(*) PLANE_ANGLE_UNIT() SI_UNIT($,.RADIAN.) );
#102 = ( NAMED_UNIT(*) SI_UNIT($,.STERADIAN.) SOLID_ANGLE_UNIT() );
#103 = UNCERTAINTY_MEASURE_WITH_UNIT(LENGTH_MEASURE(2.E-07),#100,
  'distance_accuracy_value','confusion accuracy');
#104 = PRODUCT_RELATED_PRODUCT_CATEGORY('part',$,(#7));
#105 = SHAPE_DEFINITION_REPRESENTATION(#106,#112);
#106 = PRODUCT_DEFINITION_SHAPE('','',#107);
#107 = PRODUCT_DEFINITION('design','',#108,#111);
#108 = PRODUCT_DEFINITION_FORMATION('','',#109);
#109 = PRODUCT('housing','housing','',(#110));
#110 = PRODUCT_CONTEXT('',#2,'mechanical');
#111 = PRODUCT_DEFINITION_CONTEXT('part definition',#2,'design');
#112 = ADVANCED_BREP_SHAPE_REPRESENTATION('',(#11,#113),#9753);
#113 = MANIFOLD_SOLID_BREP('',#114);
#114 = CLOSED_SHELL('',(#115,#171,#202,#249,#296,#327,#374,#693,#788,
    #819,#905,#1000,#1031,#1117,#1212,#1243,#1329,#1424,#1455,#1541,
    #1636,#1667,#1753,#1848,#1879,#1965,#2060,#2091,#2177,#2272,#2303,
    #2389,#2484,#2515,#2601,#2648,#2679,#2726,#2766,#2797,#2837,#2868,
    #2885,#3023,#3070,#3101,#3139,#3179,#3210,#3257,#3576,#3671,#3702,
    #3788,#3883,#3914,#4000,#4095,#4126,#4212,#4307,#4338,#4424,#4519,
    #4550,#4636,#4731,#4762,#4848,#4943,#4974,#5060,#5155,#5186,#5272,
    #5367,#5398,#5484,#5531,#5562,#5609,#5656,#5687,#5734,#5781,#5805,
    #5836,#5867,#5907,#5931,#5955,#5972,#6003,#6020,#6032,#6044,#6104,
    #6121,#6138,#6155,#6172,#6189,#6206,#6223,#6240,#6257,#6274,#6291,
    #6308,#6325,#6477,#6499,#6511,#6528,#6545,#6562,#6574,#6596,#6608,
    #6625,#6642,#6659,#6671,#6693,#6705,#6722,#6739,#6756,#6768,#6790,
    #6802,#6819,#6836,#6853,#6865,#6887,#6899,#6916,#6933,#6950,#6962,
    #6984,#6996,#7013,#7030,#7047,#7059,#7081,#7093,#7110,#7127,#7144,
    #7156,#7178,#7190,#7207,#7224,#7241,#7253,#7275,#7287,#7304,#7330,
    #7441,#7458,#7470,#7487,#7499,#7530,#7542,#7595,#7612,#7629,#7646,
    #7663,#7680,#7697,#7714,#7731,#7748,#7765,#7782,#7799,#7816,#7968,
    #7990,#8002,#8019,#8036,#8053,#8065,#8087,#8099,#8116,#8133,#8150,
    #8162,#8184,#8196,#8213,#8230,#8247,#8259,#8281,#8293,#8310,#8327,
    #8344,#8356,#8378,#8390,#8407,#8424,#8441,#8453,#8475,#8487,#8504,
    #8521,#8538,#8550,#8572,#8584,#8601,#8618,#8635,#8647,#8669,#8681,
    #8698,#8715,#8732,#8744,#8766,#8778,#8790,#8807,#8824,#8841,#8874,
    #8891,#8908,#8941,#8965,#8996,#9020,#9037,#9219,#9250,#9274,#9298,
    #9315,#9346,#9370,#9394,#9411,#9427,#9443,#9460,#9477,#9494,#9511,
    #9645,#9676,#9700,#9724,#9741));
#115 = ADVANCED_FACE('',(#116),#166,.T.);
#116 = FACE_BOUND('',#117,.T.);
#117 = EDGE_LOOP('',(#118,#128,#136,#144,#152,#160));
#118 = ORIENTED_EDGE('',*,*,#119,.F.);
#119 = EDGE_CURVE('',#120,#122,#124,.T.);
#120 = VERTEX_POINT('',#121);
#121 = CARTESIAN_POINT('',(2.86,-0.38,0.));
#122 = VERTEX_POINT('',#123);
#123 = CARTESIAN_POINT('',(2.95,-0.38,0.));
#124 = LINE('',#125,#126);
#125 = CARTESIAN_POINT('',(2.86,-0.38,0.));
#126 = VECTOR('',#127,1.);
#127 = DIRECTION('',(1.,0.,-0.));
#128 = ORIENTED_EDGE('',*,*,#129,.T.);
#129 = EDGE_CURVE('',#120,#130,#132,.T.);
#130 = VERTEX_POINT('',#131);
#131 = CARTESIAN_POINT('',(2.86,-0.38,0.45));
#132 = LINE('',#133,#134);
#133 = CARTESIAN_POINT('',(2.86,-0.38,0.));
#134 = VECTOR('',#135,1.);
#135 = DIRECTION('',(0.,0.,1.));
#136 = ORIENTED_EDGE('',*,*,#137,.T.);
#137 = EDGE_CURVE('',#130,#138,#140,.T.);
#138 = VERTEX_POINT('',#139);
#139 = CARTESIAN_POINT('',(2.94,-0.38,0.45));
#140 = LINE('',#141,#142);
#141 = CARTESIAN_POINT('',(2.43,-0.38,0.45));
#142 = VECTOR('',#143,1.);
#143 = DIRECTION('',(1.,0.,-0.));
#144 = ORIENTED_EDGE('',*,*,#145,.F.);
#145 = EDGE_CURVE('',#146,#138,#148,.T.);
#146 = VERTEX_POINT('',#147);
#147 = CARTESIAN_POINT('',(2.94,-0.38,0.53));
#148 = LINE('',#149,#150);
#149 = CARTESIAN_POINT('',(2.94,-0.38,0.184645922747));
#150 = VECTOR('',#151,1.);
#151 = DIRECTION('',(0.,0.,-1.));
#152 = ORIENTED_EDGE('',*,*,#153,.T.);
#153 = EDGE_CURVE('',#146,#154,#156,.T.);
#154 = VERTEX_POINT('',#155);
#155 = CARTESIAN_POINT('',(2.95,-0.38,0.53));
#156 = LINE('',#157,#158);
#157 = CARTESIAN_POINT('',(2.86,-0.38,0.53));
#158 = VECTOR('',#159,1.);
#159 = DIRECTION('',(1.,0.,-0.));
#160 = ORIENTED_EDGE('',*,*,#161,.F.);
#161 = EDGE_CURVE('',#122,#154,#162,.T.);
#162 = LINE('',#163,#164);
#163 = CARTESIAN_POINT('',(2.95,-0.38,0.));
#164 = VECTOR('',#165,1.);
#165 = DIRECTION('',(0.,0.,1.));
#166 = PLANE('',#167);
#167 = AXIS2_PLACEMENT_3D('',#168,#169,#170);
#168 = CARTESIAN_POINT('',(2.86,-0.38,0.));
#169 = DIRECTION('',(-0.,1.,0.));
#170 = DIRECTION('',(0.,0.,1.));
#171 = ADVANCED_FACE('',(#172),#197,.T.);
#172 = FACE_BOUND('',#173,.T.);
#173 = EDGE_LOOP('',(#174,#182,#190,#196));
#174 = ORIENTED_EDGE('',*,*,#175,.F.);
#175 = EDGE_CURVE('',#176,#154,#178,.T.);
#176 = VERTEX_POINT('',#177);
#177 = CARTESIAN_POINT('',(2.95,-0.875,0.53));
#178 = LINE('',#179,#180);
#179 = CARTESIAN_POINT('',(2.95,-0.875,0.53));
#180 = VECTOR('',#181,1.);
#181 = DIRECTION('',(-0.,1.,0.));
#182 = ORIENTED_EDGE('',*,*,#183,.F.);
#183 = EDGE_CURVE('',#184,#176,#186,.T.);
#184 = VERTEX_POINT('',#185);
#185 = CARTESIAN_POINT('',(2.95,-0.875,0.));
#186 = LINE('',#187,#188);
#187 = CARTESIAN_POINT('',(2.95,-0.875,0.));
#188 = VECTOR('',#189,1.);
#189 = DIRECTION('',(0.,0.,1.));
#190 = ORIENTED_EDGE('',*,*,#191,.T.);
#191 = EDGE_CURVE('',#184,#122,#192,.T.);
#192 = LINE('',#193,#194);
#193 = CARTESIAN_POINT('',(2.95,-0.875,0.));
#194 = VECTOR('',#195,1.);
#195 = DIRECTION('',(-0.,1.,0.));
#196 = ORIENTED_EDGE('',*,*,#161,.T.);
#197 = PLANE('',#198);
#198 = AXIS2_PLACEMENT_3D('',#199,#200,#201);
#199 = CARTESIAN_POINT('',(2.95,-0.875,0.));
#200 = DIRECTION('',(1.,0.,-0.));
#201 = DIRECTION('',(0.,0.,1.));
#202 = ADVANCED_FACE('',(#203),#244,.F.);
#203 = FACE_BOUND('',#204,.F.);
#204 = EDGE_LOOP('',(#205,#213,#221,#229,#237,#243));
#205 = ORIENTED_EDGE('',*,*,#206,.F.);
#206 = EDGE_CURVE('',#207,#184,#209,.T.);
#207 = VERTEX_POINT('',#208);
#208 = CARTESIAN_POINT('',(2.2,-0.875,0.));
#209 = LINE('',#210,#211);
#210 = CARTESIAN_POINT('',(-2.95,-0.875,0.));
#211 = VECTOR('',#212,1.);
#212 = DIRECTION('',(1.,0.,-0.));
#213 = ORIENTED_EDGE('',*,*,#214,.F.);
#214 = EDGE_CURVE('',#215,#207,#217,.T.);
#215 = VERTEX_POINT('',#216);
#216 = CARTESIAN_POINT('',(2.2,-0.875,0.45));
#217 = LINE('',#218,#219);
#218 = CARTESIAN_POINT('',(2.2,-0.875,0.100368852459));
#219 = VECTOR('',#220,1.);
#220 = DIRECTION('',(0.,0.,-1.));
#221 = ORIENTED_EDGE('',*,*,#222,.T.);
#222 = EDGE_CURVE('',#215,#223,#225,.T.);
#223 = VERTEX_POINT('',#224);
#224 = CARTESIAN_POINT('',(2.94,-0.875,0.45));
#225 = LINE('',#226,#227);
#226 = CARTESIAN_POINT('',(-0.475,-0.875,0.45));
#227 = VECTOR('',#228,1.);
#228 = DIRECTION('',(1.,0.,-0.));
#229 = ORIENTED_EDGE('',*,*,#230,.F.);
#230 = EDGE_CURVE('',#231,#223,#233,.T.);
#231 = VERTEX_POINT('',#232);
#232 = CARTESIAN_POINT('',(2.94,-0.875,0.53));
#233 = LINE('',#234,#235);
#234 = CARTESIAN_POINT('',(2.94,-0.875,0.184645922747));
#235 = VECTOR('',#236,1.);
#236 = DIRECTION('',(0.,0.,-1.));
#237 = ORIENTED_EDGE('',*,*,#238,.T.);
#238 = EDGE_CURVE('',#231,#176,#239,.T.);
#239 = LINE('',#240,#241);
#240 = CARTESIAN_POINT('',(-2.95,-0.875,0.53));
#241 = VECTOR('',#242,1.);
#242 = DIRECTION('',(1.,0.,-0.));
#243 = ORIENTED_EDGE('',*,*,#183,.F.);
#244 = PLANE('',#245);
#245 = AXIS2_PLACEMENT_3D('',#246,#247,#248);
#246 = CARTESIAN_POINT('',(-2.95,-0.875,0.));
#247 = DIRECTION('',(-0.,1.,0.));
#248 = DIRECTION('',(0.,0.,1.));
#249 = ADVANCED_FACE('',(#250),#291,.F.);
#250 = FACE_BOUND('',#251,.F.);
#251 = EDGE_LOOP('',(#252,#253,#261,#269,#277,#285));
#252 = ORIENTED_EDGE('',*,*,#214,.T.);
#253 = ORIENTED_EDGE('',*,*,#254,.T.);
#254 = EDGE_CURVE('',#207,#255,#257,.T.);
#255 = VERTEX_POINT('',#256);
#256 = CARTESIAN_POINT('',(2.2,-0.74,0.));
#257 = LINE('',#258,#259);
#258 = CARTESIAN_POINT('',(2.2,-0.9,0.));
#259 = VECTOR('',#260,1.);
#260 = DIRECTION('',(-0.,1.,0.));
#261 = ORIENTED_EDGE('',*,*,#262,.T.);
#262 = EDGE_CURVE('',#255,#263,#265,.T.);
#263 = VERTEX_POINT('',#264);
#264 = CARTESIAN_POINT('',(2.2,-0.74,8.E-02));
#265 = LINE('',#266,#267);
#266 = CARTESIAN_POINT('',(2.2,-0.74,0.));
#267 = VECTOR('',#268,1.);
#268 = DIRECTION('',(0.,0.,1.));
#269 = ORIENTED_EDGE('',*,*,#270,.F.);
#270 = EDGE_CURVE('',#271,#263,#273,.T.);
#271 = VERTEX_POINT('',#272);
#272 = CARTESIAN_POINT('',(2.2,-0.82,8.E-02));
#273 = LINE('',#274,#275);
#274 = CARTESIAN_POINT('',(2.2,-0.9,8.E-02));
#275 = VECTOR('',#276,1.);
#276 = DIRECTION('',(-0.,1.,0.));
#277 = ORIENTED_EDGE('',*,*,#278,.T.);
#278 = EDGE_CURVE('',#271,#279,#281,.T.);
#279 = VERTEX_POINT('',#280);
#280 = CARTESIAN_POINT('',(2.2,-0.82,0.45));
#281 = LINE('',#282,#283);
#282 = CARTESIAN_POINT('',(2.2,-0.82,0.));
#283 = VECTOR('',#284,1.);
#284 = DIRECTION('',(0.,0.,1.));
#285 = ORIENTED_EDGE('',*,*,#286,.F.);
#286 = EDGE_CURVE('',#215,#279,#287,.T.);
#287 = LINE('',#288,#289);
#288 = CARTESIAN_POINT('',(2.2,-0.9,0.45));
#289 = VECTOR('',#290,1.);
#290 = DIRECTION('',(-0.,1.,0.));
#291 = PLANE('',#292);
#292 = AXIS2_PLACEMENT_3D('',#293,#294,#295);
#293 = CARTESIAN_POINT('',(2.2,-0.844262295082,0.200737704918));
#294 = DIRECTION('',(1.,0.,0.));
#295 = DIRECTION('',(-0.,0.,1.));
#296 = ADVANCED_FACE('',(#297),#322,.F.);
#297 = FACE_BOUND('',#298,.F.);
#298 = EDGE_LOOP('',(#299,#307,#315,#321));
#299 = ORIENTED_EDGE('',*,*,#300,.F.);
#300 = EDGE_CURVE('',#301,#255,#303,.T.);
#301 = VERTEX_POINT('',#302);
#302 = CARTESIAN_POINT('',(1.8,-0.74,0.));
#303 = LINE('',#304,#305);
#304 = CARTESIAN_POINT('',(1.8,-0.74,0.));
#305 = VECTOR('',#306,1.);
#306 = DIRECTION('',(1.,0.,-0.));
#307 = ORIENTED_EDGE('',*,*,#308,.T.);
#308 = EDGE_CURVE('',#301,#309,#311,.T.);
#309 = VERTEX_POINT('',#310);
#310 = CARTESIAN_POINT('',(1.8,-0.74,8.E-02));
#311 = LINE('',#312,#313);
#312 = CARTESIAN_POINT('',(1.8,-0.74,0.));
#313 = VECTOR('',#314,1.);
#314 = DIRECTION('',(0.,0.,1.));
#315 = ORIENTED_EDGE('',*,*,#316,.T.);
#316 = EDGE_CURVE('',#309,#263,#317,.T.);
#317 = LINE('',#318,#319);
#318 = CARTESIAN_POINT('',(1.8,-0.74,8.E-02));
#319 = VECTOR('',#320,1.);
#320 = DIRECTION('',(1.,0.,-0.));
#321 = ORIENTED_EDGE('',*,*,#262,.F.);
#322 = PLANE('',#323);
#323 = AXIS2_PLACEMENT_3D('',#324,#325,#326);
#324 = CARTESIAN_POINT('',(1.8,-0.74,0.));
#325 = DIRECTION('',(-0.,1.,0.));
#326 = DIRECTION('',(0.,0.,1.));
#327 = ADVANCED_FACE('',(#328),#369,.F.);
#328 = FACE_BOUND('',#329,.F.);
#329 = EDGE_LOOP('',(#330,#338,#346,#354,#362,#368));
#330 = ORIENTED_EDGE('',*,*,#331,.F.);
#331 = EDGE_CURVE('',#332,#301,#334,.T.);
#332 = VERTEX_POINT('',#333);
#333 = CARTESIAN_POINT('',(1.8,-0.875,0.));
#334 = LINE('',#335,#336);
#335 = CARTESIAN_POINT('',(1.8,-0.9,0.));
#336 = VECTOR('',#337,1.);
#337 = DIRECTION('',(-0.,1.,0.));
#338 = ORIENTED_EDGE('',*,*,#339,.T.);
#339 = EDGE_CURVE('',#332,#340,#342,.T.);
#340 = VERTEX_POINT('',#341);
#341 = CARTESIAN_POINT('',(1.8,-0.875,0.53));
#342 = LINE('',#343,#344);
#343 = CARTESIAN_POINT('',(1.8,-0.875,0.119456521739));
#344 = VECTOR('',#345,1.);
#345 = DIRECTION('',(0.,-0.,1.));
#346 = ORIENTED_EDGE('',*,*,#347,.T.);
#347 = EDGE_CURVE('',#340,#348,#350,.T.);
#348 = VERTEX_POINT('',#349);
#349 = CARTESIAN_POINT('',(1.8,-0.82,0.53));
#350 = LINE('',#351,#352);
#351 = CARTESIAN_POINT('',(1.8,-0.9,0.53));
#352 = VECTOR('',#353,1.);
#353 = DIRECTION('',(-0.,1.,0.));
#354 = ORIENTED_EDGE('',*,*,#355,.F.);
#355 = EDGE_CURVE('',#356,#348,#358,.T.);
#356 = VERTEX_POINT('',#357);
#357 = CARTESIAN_POINT('',(1.8,-0.82,8.E-02));
#358 = LINE('',#359,#360);
#359 = CARTESIAN_POINT('',(1.8,-0.82,0.));
#360 = VECTOR('',#361,1.);
#361 = DIRECTION('',(0.,0.,1.));
#362 = ORIENTED_EDGE('',*,*,#363,.T.);
#363 = EDGE_CURVE('',#356,#309,#364,.T.);
#364 = LINE('',#365,#366);
#365 = CARTESIAN_POINT('',(1.8,-0.9,8.E-02));
#366 = VECTOR('',#367,1.);
#367 = DIRECTION('',(-0.,1.,0.));
#368 = ORIENTED_EDGE('',*,*,#308,.F.);
#369 = PLANE('',#370);
#370 = AXIS2_PLACEMENT_3D('',#371,#372,#373);
#371 = CARTESIAN_POINT('',(1.8,-0.846086956522,0.238913043478));
#372 = DIRECTION('',(-1.,-0.,-0.));
#373 = DIRECTION('',(0.,0.,-1.));
#374 = ADVANCED_FACE('',(#375),#688,.F.);
#375 = FACE_BOUND('',#376,.F.);
#376 = EDGE_LOOP('',(#377,#387,#395,#401,#402,#410,#418,#426,#434,#442,
    #450,#458,#466,#474,#482,#490,#498,#506,#514,#522,#530,#538,#546,
    #554,#562,#570,#578,#586,#594,#602,#610,#618,#626,#634,#642,#650,
    #658,#666,#674,#682));
#377 = ORIENTED_EDGE('',*,*,#378,.F.);
#378 = EDGE_CURVE('',#379,#381,#383,.T.);
#379 = VERTEX_POINT('',#380);
#380 = CARTESIAN_POINT('',(-1.8,-0.875,0.));
#381 = VERTEX_POINT('',#382);
#382 = CARTESIAN_POINT('',(-1.465,-0.875,0.));
#383 = LINE('',#384,#385);
#384 = CARTESIAN_POINT('',(-2.95,-0.875,0.));
#385 = VECTOR('',#386,1.);
#386 = DIRECTION('',(1.,0.,-0.));
#387 = ORIENTED_EDGE('',*,*,#388,.F.);
#388 = EDGE_CURVE('',#389,#379,#391,.T.);
#389 = VERTEX_POINT('',#390);
#390 = CARTESIAN_POINT('',(-1.8,-0.875,0.53));
#391 = LINE('',#392,#393);
#392 = CARTESIAN_POINT('',(-1.8,-0.875,0.119456521739));
#393 = VECTOR('',#394,1.);
#394 = DIRECTION('',(0.,0.,-1.));
#395 = ORIENTED_EDGE('',*,*,#396,.T.);
#396 = EDGE_CURVE('',#389,#340,#397,.T.);
#397 = LINE('',#398,#399);
#398 = CARTESIAN_POINT('',(-2.95,-0.875,0.53));
#399 = VECTOR('',#400,1.);
#400 = DIRECTION('',(1.,0.,-0.));
#401 = ORIENTED_EDGE('',*,*,#339,.F.);
#402 = ORIENTED_EDGE('',*,*,#403,.F.);
#403 = EDGE_CURVE('',#404,#332,#406,.T.);
#404 = VERTEX_POINT('',#405);
#405 = CARTESIAN_POINT('',(1.465,-0.875,0.));
#406 = LINE('',#407,#408);
#407 = CARTESIAN_POINT('',(-2.95,-0.875,0.));
#408 = VECTOR('',#409,1.);
#409 = DIRECTION('',(1.,0.,-0.));
#410 = ORIENTED_EDGE('',*,*,#411,.F.);
#411 = EDGE_CURVE('',#412,#404,#414,.T.);
#412 = VERTEX_POINT('',#413);
#413 = CARTESIAN_POINT('',(1.465,-0.875,7.E-02));
#414 = LINE('',#415,#416);
#415 = CARTESIAN_POINT('',(1.465,-0.875,7.933431952663E-02));
#416 = VECTOR('',#417,1.);
#417 = DIRECTION('',(0.,0.,-1.));
#418 = ORIENTED_EDGE('',*,*,#419,.F.);
#419 = EDGE_CURVE('',#420,#412,#422,.T.);
#420 = VERTEX_POINT('',#421);
#421 = CARTESIAN_POINT('',(1.335,-0.875,7.E-02));
#422 = LINE('',#423,#424);
#423 = CARTESIAN_POINT('',(-0.8075,-0.875,7.E-02));
#424 = VECTOR('',#425,1.);
#425 = DIRECTION('',(1.,0.,-0.));
#426 = ORIENTED_EDGE('',*,*,#427,.F.);
#427 = EDGE_CURVE('',#428,#420,#430,.T.);
#428 = VERTEX_POINT('',#429);
#429 = CARTESIAN_POINT('',(1.335,-0.875,0.));
#430 = LINE('',#431,#432);
#431 = CARTESIAN_POINT('',(1.335,-0.875,7.933431952663E-02));
#432 = VECTOR('',#433,1.);
#433 = DIRECTION('',(0.,-0.,1.));
#434 = ORIENTED_EDGE('',*,*,#435,.F.);
#435 = EDGE_CURVE('',#436,#428,#438,.T.);
#436 = VERTEX_POINT('',#437);
#437 = CARTESIAN_POINT('',(1.115,-0.875,0.));
#438 = LINE('',#439,#440);
#439 = CARTESIAN_POINT('',(-2.95,-0.875,0.));
#440 = VECTOR('',#441,1.);
#441 = DIRECTION('',(1.,0.,-0.));
#442 = ORIENTED_EDGE('',*,*,#443,.F.);
#443 = EDGE_CURVE('',#444,#436,#446,.T.);
#444 = VERTEX_POINT('',#445);
#445 = CARTESIAN_POINT('',(1.115,-0.875,7.E-02));
#446 = LINE('',#447,#448);
#447 = CARTESIAN_POINT('',(1.115,-0.875,7.933431952663E-02));
#448 = VECTOR('',#449,1.);
#449 = DIRECTION('',(0.,0.,-1.));
#450 = ORIENTED_EDGE('',*,*,#451,.F.);
#451 = EDGE_CURVE('',#452,#444,#454,.T.);
#452 = VERTEX_POINT('',#453);
#453 = CARTESIAN_POINT('',(0.985,-0.875,7.E-02));
#454 = LINE('',#455,#456);
#455 = CARTESIAN_POINT('',(-0.9825,-0.875,7.E-02));
#456 = VECTOR('',#457,1.);
#457 = DIRECTION('',(1.,0.,-0.));
#458 = ORIENTED_EDGE('',*,*,#459,.F.);
#459 = EDGE_CURVE('',#460,#452,#462,.T.);
#460 = VERTEX_POINT('',#461);
#461 = CARTESIAN_POINT('',(0.985,-0.875,0.));
#462 = LINE('',#463,#464);
#463 = CARTESIAN_POINT('',(0.985,-0.875,7.933431952663E-02));
#464 = VECTOR('',#465,1.);
#465 = DIRECTION('',(0.,-0.,1.));
#466 = ORIENTED_EDGE('',*,*,#467,.F.);
#467 = EDGE_CURVE('',#468,#460,#470,.T.);
#468 = VERTEX_POINT('',#469);
#469 = CARTESIAN_POINT('',(0.765,-0.875,0.));
#470 = LINE('',#471,#472);
#471 = CARTESIAN_POINT('',(-2.95,-0.875,0.));
#472 = VECTOR('',#473,1.);
#473 = DIRECTION('',(1.,0.,-0.));
#474 = ORIENTED_EDGE('',*,*,#475,.F.);
#475 = EDGE_CURVE('',#476,#468,#478,.T.);
#476 = VERTEX_POINT('',#477);
#477 = CARTESIAN_POINT('',(0.765,-0.875,7.E-02));
#478 = LINE('',#479,#480);
#479 = CARTESIAN_POINT('',(0.765,-0.875,7.933431952663E-02));
#480 = VECTOR('',#481,1.);
#481 = DIRECTION('',(0.,0.,-1.));
#482 = ORIENTED_EDGE('',*,*,#483,.F.);
#483 = EDGE_CURVE('',#484,#476,#486,.T.);
#484 = VERTEX_POINT('',#485);
#485 = CARTESIAN_POINT('',(0.635,-0.875,7.E-02));
#486 = LINE('',#487,#488);
#487 = CARTESIAN_POINT('',(-1.1575,-0.875,7.E-02));
#488 = VECTOR('',#489,1.);
#489 = DIRECTION('',(1.,0.,-0.));
#490 = ORIENTED_EDGE('',*,*,#491,.F.);
#491 = EDGE_CURVE('',#492,#484,#494,.T.);
#492 = VERTEX_POINT('',#493);
#493 = CARTESIAN_POINT('',(0.635,-0.875,0.));
#494 = LINE('',#495,#496);
#495 = CARTESIAN_POINT('',(0.635,-0.875,7.933431952663E-02));
#496 = VECTOR('',#497,1.);
#497 = DIRECTION('',(0.,-0.,1.));
#498 = ORIENTED_EDGE('',*,*,#499,.F.);
#499 = EDGE_CURVE('',#500,#492,#502,.T.);
#500 = VERTEX_POINT('',#501);
#501 = CARTESIAN_POINT('',(0.415,-0.875,0.));
#502 = LINE('',#503,#504);
#503 = CARTESIAN_POINT('',(-2.95,-0.875,0.));
#504 = VECTOR('',#505,1.);
#505 = DIRECTION('',(1.,0.,-0.));
#506 = ORIENTED_EDGE('',*,*,#507,.F.);
#507 = EDGE_CURVE('',#508,#500,#510,.T.);
#508 = VERTEX_POINT('',#509);
#509 = CARTESIAN_POINT('',(0.415,-0.875,7.E-02));
#510 = LINE('',#511,#512);
#511 = CARTESIAN_POINT('',(0.415,-0.875,7.933431952663E-02));
#512 = VECTOR('',#513,1.);
#513 = DIRECTION('',(0.,0.,-1.));
#514 = ORIENTED_EDGE('',*,*,#515,.F.);
#515 = EDGE_CURVE('',#516,#508,#518,.T.);
#516 = VERTEX_POINT('',#517);
#517 = CARTESIAN_POINT('',(0.285,-0.875,7.E-02));
#518 = LINE('',#519,#520);
#519 = CARTESIAN_POINT('',(-1.3325,-0.875,7.E-02));
#520 = VECTOR('',#521,1.);
#521 = DIRECTION('',(1.,0.,-0.));
#522 = ORIENTED_EDGE('',*,*,#523,.F.);
#523 = EDGE_CURVE('',#524,#516,#526,.T.);
#524 = VERTEX_POINT('',#525);
#525 = CARTESIAN_POINT('',(0.285,-0.875,0.));
#526 = LINE('',#527,#528);
#527 = CARTESIAN_POINT('',(0.285,-0.875,7.933431952663E-02));
#528 = VECTOR('',#529,1.);
#529 = DIRECTION('',(0.,-0.,1.));
#530 = ORIENTED_EDGE('',*,*,#531,.F.);
#531 = EDGE_CURVE('',#532,#524,#534,.T.);
#532 = VERTEX_POINT('',#533);
#533 = CARTESIAN_POINT('',(6.5E-02,-0.875,0.));
#534 = LINE('',#535,#536);
#535 = CARTESIAN_POINT('',(-2.95,-0.875,0.));
#536 = VECTOR('',#537,1.);
#537 = DIRECTION('',(1.,0.,-0.));
#538 = ORIENTED_EDGE('',*,*,#539,.F.);
#539 = EDGE_CURVE('',#540,#532,#542,.T.);
#540 = VERTEX_POINT('',#541);
#541 = CARTESIAN_POINT('',(6.5E-02,-0.875,7.E-02));
#542 = LINE('',#543,#544);
#543 = CARTESIAN_POINT('',(6.5E-02,-0.875,7.933431952663E-02));
#544 = VECTOR('',#545,1.);
#545 = DIRECTION('',(0.,0.,-1.));
#546 = ORIENTED_EDGE('',*,*,#547,.F.);
#547 = EDGE_CURVE('',#548,#540,#550,.T.);
#548 = VERTEX_POINT('',#549);
#549 = CARTESIAN_POINT('',(-6.5E-02,-0.875,7.E-02));
#550 = LINE('',#551,#552);
#551 = CARTESIAN_POINT('',(-1.5075,-0.875,7.E-02));
#552 = VECTOR('',#553,1.);
#553 = DIRECTION('',(1.,0.,-0.));
#554 = ORIENTED_EDGE('',*,*,#555,.F.);
#555 = EDGE_CURVE('',#556,#548,#558,.T.);
#556 = VERTEX_POINT('',#557);
#557 = CARTESIAN_POINT('',(-6.5E-02,-0.875,0.));
#558 = LINE('',#559,#560);
#559 = CARTESIAN_POINT('',(-6.5E-02,-0.875,7.933431952663E-02));
#560 = VECTOR('',#561,1.);
#561 = DIRECTION('',(0.,-0.,1.));
#562 = ORIENTED_EDGE('',*,*,#563,.F.);
#563 = EDGE_CURVE('',#564,#556,#566,.T.);
#564 = VERTEX_POINT('',#565);
#565 = CARTESIAN_POINT('',(-0.285,-0.875,0.));
#566 = LINE('',#567,#568);
#567 = CARTESIAN_POINT('',(-2.95,-0.875,0.));
#568 = VECTOR('',#569,1.);
#569 = DIRECTION('',(1.,0.,-0.));
#570 = ORIENTED_EDGE('',*,*,#571,.F.);
#571 = EDGE_CURVE('',#572,#564,#574,.T.);
#572 = VERTEX_POINT('',#573);
#573 = CARTESIAN_POINT('',(-0.285,-0.875,7.E-02));
#574 = LINE('',#575,#576);
#575 = CARTESIAN_POINT('',(-0.285,-0.875,7.933431952663E-02));
#576 = VECTOR('',#577,1.);
#577 = DIRECTION('',(0.,0.,-1.));
#578 = ORIENTED_EDGE('',*,*,#579,.F.);
#579 = EDGE_CURVE('',#580,#572,#582,.T.);
#580 = VERTEX_POINT('',#581);
#581 = CARTESIAN_POINT('',(-0.415,-0.875,7.E-02));
#582 = LINE('',#583,#584);
#583 = CARTESIAN_POINT('',(-1.6825,-0.875,7.E-02));
#584 = VECTOR('',#585,1.);
#585 = DIRECTION('',(1.,0.,-0.));
#586 = ORIENTED_EDGE('',*,*,#587,.F.);
#587 = EDGE_CURVE('',#588,#580,#590,.T.);
#588 = VERTEX_POINT('',#589);
#589 = CARTESIAN_POINT('',(-0.415,-0.875,0.));
#590 = LINE('',#591,#592);
#591 = CARTESIAN_POINT('',(-0.415,-0.875,7.933431952663E-02));
#592 = VECTOR('',#593,1.);
#593 = DIRECTION('',(0.,-0.,1.));
#594 = ORIENTED_EDGE('',*,*,#595,.F.);
#595 = EDGE_CURVE('',#596,#588,#598,.T.);
#596 = VERTEX_POINT('',#597);
#597 = CARTESIAN_POINT('',(-0.635,-0.875,0.));
#598 = LINE('',#599,#600);
#599 = CARTESIAN_POINT('',(-2.95,-0.875,0.));
#600 = VECTOR('',#601,1.);
#601 = DIRECTION('',(1.,0.,-0.));
#602 = ORIENTED_EDGE('',*,*,#603,.F.);
#603 = EDGE_CURVE('',#604,#596,#606,.T.);
#604 = VERTEX_POINT('',#605);
#605 = CARTESIAN_POINT('',(-0.635,-0.875,7.E-02));
#606 = LINE('',#607,#608);
#607 = CARTESIAN_POINT('',(-0.635,-0.875,7.933431952663E-02));
#608 = VECTOR('',#609,1.);
#609 = DIRECTION('',(0.,0.,-1.));
#610 = ORIENTED_EDGE('',*,*,#611,.F.);
#611 = EDGE_CURVE('',#612,#604,#614,.T.);
#612 = VERTEX_POINT('',#613);
#613 = CARTESIAN_POINT('',(-0.765,-0.875,7.E-02));
#614 = LINE('',#615,#616);
#615 = CARTESIAN_POINT('',(-1.8575,-0.875,7.E-02));
#616 = VECTOR('',#617,1.);
#617 = DIRECTION('',(1.,0.,-0.));
#618 = ORIENTED_EDGE('',*,*,#619,.F.);
#619 = EDGE_CURVE('',#620,#612,#622,.T.);
#620 = VERTEX_POINT('',#621);
#621 = CARTESIAN_POINT('',(-0.765,-0.875,0.));
#622 = LINE('',#623,#624);
#623 = CARTESIAN_POINT('',(-0.765,-0.875,7.933431952663E-02));
#624 = VECTOR('',#625,1.);
#625 = DIRECTION('',(0.,-0.,1.));
#626 = ORIENTED_EDGE('',*,*,#627,.F.);
#627 = EDGE_CURVE('',#628,#620,#630,.T.);
#628 = VERTEX_POINT('',#629);
#629 = CARTESIAN_POINT('',(-0.985,-0.875,0.));
#630 = LINE('',#631,#632);
#631 = CARTESIAN_POINT('',(-2.95,-0.875,0.));
#632 = VECTOR('',#633,1.);
#633 = DIRECTION('',(1.,0.,-0.));
#634 = ORIENTED_EDGE('',*,*,#635,.F.);
#635 = EDGE_CURVE('',#636,#628,#638,.T.);
#636 = VERTEX_POINT('',#637);
#637 = CARTESIAN_POINT('',(-0.985,-0.875,7.E-02));
#638 = LINE('',#639,#640);
#639 = CARTESIAN_POINT('',(-0.985,-0.875,7.933431952663E-02));
#640 = VECTOR('',#641,1.);
#641 = DIRECTION('',(0.,0.,-1.));
#642 = ORIENTED_EDGE('',*,*,#643,.F.);
#643 = EDGE_CURVE('',#644,#636,#646,.T.);
#644 = VERTEX_POINT('',#645);
#645 = CARTESIAN_POINT('',(-1.115,-0.875,7.E-02));
#646 = LINE('',#647,#648);
#647 = CARTESIAN_POINT('',(-2.0325,-0.875,7.E-02));
#648 = VECTOR('',#649,1.);
#649 = DIRECTION('',(1.,0.,-0.));
#650 = ORIENTED_EDGE('',*,*,#651,.F.);
#651 = EDGE_CURVE('',#652,#644,#654,.T.);
#652 = VERTEX_POINT('',#653);
#653 = CARTESIAN_POINT('',(-1.115,-0.875,0.));
#654 = LINE('',#655,#656);
#655 = CARTESIAN_POINT('',(-1.115,-0.875,7.933431952663E-02));
#656 = VECTOR('',#657,1.);
#657 = DIRECTION('',(0.,-0.,1.));
#658 = ORIENTED_EDGE('',*,*,#659,.F.);
#659 = EDGE_CURVE('',#660,#652,#662,.T.);
#660 = VERTEX_POINT('',#661);
#661 = CARTESIAN_POINT('',(-1.335,-0.875,0.));
#662 = LINE('',#663,#664);
#663 = CARTESIAN_POINT('',(-2.95,-0.875,0.));
#664 = VECTOR('',#665,1.);
#665 = DIRECTION('',(1.,0.,-0.));
#666 = ORIENTED_EDGE('',*,*,#667,.F.);
#667 = EDGE_CURVE('',#668,#660,#670,.T.);
#668 = VERTEX_POINT('',#669);
#669 = CARTESIAN_POINT('',(-1.335,-0.875,7.E-02));
#670 = LINE('',#671,#672);
#671 = CARTESIAN_POINT('',(-1.335,-0.875,7.933431952663E-02));
#672 = VECTOR('',#673,1.);
#673 = DIRECTION('',(0.,0.,-1.));
#674 = ORIENTED_EDGE('',*,*,#675,.F.);
#675 = EDGE_CURVE('',#676,#668,#678,.T.);
#676 = VERTEX_POINT('',#677);
#677 = CARTESIAN_POINT('',(-1.465,-0.875,7.E-02));
#678 = LINE('',#679,#680);
#679 = CARTESIAN_POINT('',(-2.2075,-0.875,7.E-02));
#680 = VECTOR('',#681,1.);
#681 = DIRECTION('',(1.,0.,-0.));
#682 = ORIENTED_EDGE('',*,*,#683,.F.);
#683 = EDGE_CURVE('',#381,#676,#684,.T.);
#684 = LINE('',#685,#686);
#685 = CARTESIAN_POINT('',(-1.465,-0.875,7.933431952663E-02));
#686 = VECTOR('',#687,1.);
#687 = DIRECTION('',(0.,-0.,1.));
#688 = PLANE('',#689);
#689 = AXIS2_PLACEMENT_3D('',#690,#691,#692);
#690 = CARTESIAN_POINT('',(-2.95,-0.875,0.));
#691 = DIRECTION('',(-0.,1.,0.));
#692 = DIRECTION('',(0.,0.,1.));
#693 = ADVANCED_FACE('',(#694),#783,.F.);
#694 = FACE_BOUND('',#695,.F.);
#695 = EDGE_LOOP('',(#696,#704,#705,#713,#721,#729,#737,#745,#753,#761,
    #769,#777));
#696 = ORIENTED_EDGE('',*,*,#697,.F.);
#697 = EDGE_CURVE('',#412,#698,#700,.T.);
#698 = VERTEX_POINT('',#699);
#699 = CARTESIAN_POINT('',(1.465,-0.74,7.E-02));
#700 = LINE('',#701,#702);
#701 = CARTESIAN_POINT('',(1.465,-0.9,7.E-02));
#702 = VECTOR('',#703,1.);
#703 = DIRECTION('',(-0.,1.,0.));
#704 = ORIENTED_EDGE('',*,*,#411,.T.);
#705 = ORIENTED_EDGE('',*,*,#706,.T.);
#706 = EDGE_CURVE('',#404,#707,#709,.T.);
#707 = VERTEX_POINT('',#708);
#708 = CARTESIAN_POINT('',(1.465,-0.72,0.));
#709 = LINE('',#710,#711);
#710 = CARTESIAN_POINT('',(1.465,-0.9,0.));
#711 = VECTOR('',#712,1.);
#712 = DIRECTION('',(-0.,1.,0.));
#713 = ORIENTED_EDGE('',*,*,#714,.T.);
#714 = EDGE_CURVE('',#707,#715,#717,.T.);
#715 = VERTEX_POINT('',#716);
#716 = CARTESIAN_POINT('',(1.465,-0.72,3.E-02));
#717 = LINE('',#718,#719);
#718 = CARTESIAN_POINT('',(1.465,-0.72,0.));
#719 = VECTOR('',#720,1.);
#720 = DIRECTION('',(0.,0.,1.));
#721 = ORIENTED_EDGE('',*,*,#722,.T.);
#722 = EDGE_CURVE('',#715,#723,#725,.T.);
#723 = VERTEX_POINT('',#724);
#724 = CARTESIAN_POINT('',(1.465,-0.505,3.E-02));
#725 = LINE('',#726,#727);
#726 = CARTESIAN_POINT('',(1.465,-0.74,3.E-02));
#727 = VECTOR('',#728,1.);
#728 = DIRECTION('',(-0.,1.,0.));
#729 = ORIENTED_EDGE('',*,*,#730,.T.);
#730 = EDGE_CURVE('',#723,#731,#733,.T.);
#731 = VERTEX_POINT('',#732);
#732 = CARTESIAN_POINT('',(1.465,-0.505,7.E-02));
#733 = LINE('',#734,#735);
#734 = CARTESIAN_POINT('',(1.465,-0.505,3.E-02));
#735 = VECTOR('',#736,1.);
#736 = DIRECTION('',(0.,0.,1.));
#737 = ORIENTED_EDGE('',*,*,#738,.F.);
#738 = EDGE_CURVE('',#739,#731,#741,.T.);
#739 = VERTEX_POINT('',#740);
#740 = CARTESIAN_POINT('',(1.465,-0.53,7.E-02));
#741 = LINE('',#742,#743);
#742 = CARTESIAN_POINT('',(1.465,-0.583084319527,7.E-02));
#743 = VECTOR('',#744,1.);
#744 = DIRECTION('',(0.,1.,0.));
#745 = ORIENTED_EDGE('',*,*,#746,.F.);
#746 = EDGE_CURVE('',#747,#739,#749,.T.);
#747 = VERTEX_POINT('',#748);
#748 = CARTESIAN_POINT('',(1.465,-0.53,0.45));
#749 = LINE('',#750,#751);
#750 = CARTESIAN_POINT('',(1.465,-0.53,0.114334319527));
#751 = VECTOR('',#752,1.);
#752 = DIRECTION('',(0.,0.,-1.));
#753 = ORIENTED_EDGE('',*,*,#754,.F.);
#754 = EDGE_CURVE('',#755,#747,#757,.T.);
#755 = VERTEX_POINT('',#756);
#756 = CARTESIAN_POINT('',(1.465,-0.575,0.45));
#757 = LINE('',#758,#759);
#758 = CARTESIAN_POINT('',(1.465,-0.575,0.45));
#759 = VECTOR('',#760,1.);
#760 = DIRECTION('',(-0.,1.,0.));
#761 = ORIENTED_EDGE('',*,*,#762,.F.);
#762 = EDGE_CURVE('',#763,#755,#765,.T.);
#763 = VERTEX_POINT('',#764);
#764 = CARTESIAN_POINT('',(1.465,-0.575,0.1));
#765 = LINE('',#766,#767);
#766 = CARTESIAN_POINT('',(1.465,-0.575,3.E-02));
#767 = VECTOR('',#768,1.);
#768 = DIRECTION('',(0.,0.,1.));
#769 = ORIENTED_EDGE('',*,*,#770,.F.);
#770 = EDGE_CURVE('',#771,#763,#773,.T.);
#771 = VERTEX_POINT('',#772);
#772 = CARTESIAN_POINT('',(1.465,-0.74,0.1));
#773 = LINE('',#774,#775);
#774 = CARTESIAN_POINT('',(1.465,-0.74,0.1));
#775 = VECTOR('',#776,1.);
#776 = DIRECTION('',(-0.,1.,0.));
#777 = ORIENTED_EDGE('',*,*,#778,.F.);
#778 = EDGE_CURVE('',#698,#771,#779,.T.);
#779 = LINE('',#780,#781);
#780 = CARTESIAN_POINT('',(1.465,-0.74,3.E-02));
#781 = VECTOR('',#782,1.);
#782 = DIRECTION('',(0.,0.,1.));
#783 = PLANE('',#784);
#784 = AXIS2_PLACEMENT_3D('',#785,#786,#787);
#785 = CARTESIAN_POINT('',(1.465,-0.636168639053,0.158668639053));
#786 = DIRECTION('',(1.,0.,0.));
#787 = DIRECTION('',(-0.,0.,1.));
#788 = ADVANCED_FACE('',(#789),#814,.F.);
#789 = FACE_BOUND('',#790,.F.);
#790 = EDGE_LOOP('',(#791,#792,#800,#808));
#791 = ORIENTED_EDGE('',*,*,#714,.F.);
#792 = ORIENTED_EDGE('',*,*,#793,.F.);
#793 = EDGE_CURVE('',#794,#707,#796,.T.);
#794 = VERTEX_POINT('',#795);
#795 = CARTESIAN_POINT('',(1.335,-0.72,0.));
#796 = LINE('',#797,#798);
#797 = CARTESIAN_POINT('',(1.335,-0.72,0.));
#798 = VECTOR('',#799,1.);
#799 = DIRECTION('',(1.,0.,-0.));
#800 = ORIENTED_EDGE('',*,*,#801,.T.);
#801 = EDGE_CURVE('',#794,#802,#804,.T.);
#802 = VERTEX_POINT('',#803);
#803 = CARTESIAN_POINT('',(1.335,-0.72,3.E-02));
#804 = LINE('',#805,#806);
#805 = CARTESIAN_POINT('',(1.335,-0.72,0.));
#806 = VECTOR('',#807,1.);
#807 = DIRECTION('',(0.,0.,1.));
#808 = ORIENTED_EDGE('',*,*,#809,.T.);
#809 = EDGE_CURVE('',#802,#715,#810,.T.);
#810 = LINE('',#811,#812);
#811 = CARTESIAN_POINT('',(1.335,-0.72,3.E-02));
#812 = VECTOR('',#813,1.);
#813 = DIRECTION('',(1.,0.,-0.));
#814 = PLANE('',#815);
#815 = AXIS2_PLACEMENT_3D('',#816,#817,#818);
#816 = CARTESIAN_POINT('',(1.335,-0.72,0.));
#817 = DIRECTION('',(-0.,1.,0.));
#818 = DIRECTION('',(0.,0.,1.));
#819 = ADVANCED_FACE('',(#820),#900,.F.);
#820 = FACE_BOUND('',#821,.F.);
#821 = EDGE_LOOP('',(#822,#823,#831,#839,#847,#855,#863,#871,#879,#887,
    #893,#894));
#822 = ORIENTED_EDGE('',*,*,#427,.T.);
#823 = ORIENTED_EDGE('',*,*,#824,.T.);
#824 = EDGE_CURVE('',#420,#825,#827,.T.);
#825 = VERTEX_POINT('',#826);
#826 = CARTESIAN_POINT('',(1.335,-0.74,7.E-02));
#827 = LINE('',#828,#829);
#828 = CARTESIAN_POINT('',(1.335,-0.9,7.E-02));
#829 = VECTOR('',#830,1.);
#830 = DIRECTION('',(-0.,1.,0.));
#831 = ORIENTED_EDGE('',*,*,#832,.T.);
#832 = EDGE_CURVE('',#825,#833,#835,.T.);
#833 = VERTEX_POINT('',#834);
#834 = CARTESIAN_POINT('',(1.335,-0.74,0.1));
#835 = LINE('',#836,#837);
#836 = CARTESIAN_POINT('',(1.335,-0.74,3.E-02));
#837 = VECTOR('',#838,1.);
#838 = DIRECTION('',(0.,0.,1.));
#839 = ORIENTED_EDGE('',*,*,#840,.T.);
#840 = EDGE_CURVE('',#833,#841,#843,.T.);
#841 = VERTEX_POINT('',#842);
#842 = CARTESIAN_POINT('',(1.335,-0.575,0.1));
#843 = LINE('',#844,#845);
#844 = CARTESIAN_POINT('',(1.335,-0.74,0.1));
#845 = VECTOR('',#846,1.);
#846 = DIRECTION('',(-0.,1.,0.));
#847 = ORIENTED_EDGE('',*,*,#848,.T.);
#848 = EDGE_CURVE('',#841,#849,#851,.T.);
#849 = VERTEX_POINT('',#850);
#850 = CARTESIAN_POINT('',(1.335,-0.575,0.45));
#851 = LINE('',#852,#853);
#852 = CARTESIAN_POINT('',(1.335,-0.575,3.E-02));
#853 = VECTOR('',#854,1.);
#854 = DIRECTION('',(0.,0.,1.));
#855 = ORIENTED_EDGE('',*,*,#856,.T.);
#856 = EDGE_CURVE('',#849,#857,#859,.T.);
#857 = VERTEX_POINT('',#858);
#858 = CARTESIAN_POINT('',(1.335,-0.53,0.45));
#859 = LINE('',#860,#861);
#860 = CARTESIAN_POINT('',(1.335,-0.575,0.45));
#861 = VECTOR('',#862,1.);
#862 = DIRECTION('',(-0.,1.,0.));
#863 = ORIENTED_EDGE('',*,*,#864,.F.);
#864 = EDGE_CURVE('',#865,#857,#867,.T.);
#865 = VERTEX_POINT('',#866);
#866 = CARTESIAN_POINT('',(1.335,-0.53,7.E-02));
#867 = LINE('',#868,#869);
#868 = CARTESIAN_POINT('',(1.335,-0.53,0.114334319527));
#869 = VECTOR('',#870,1.);
#870 = DIRECTION('',(0.,-0.,1.));
#871 = ORIENTED_EDGE('',*,*,#872,.F.);
#872 = EDGE_CURVE('',#873,#865,#875,.T.);
#873 = VERTEX_POINT('',#874);
#874 = CARTESIAN_POINT('',(1.335,-0.505,7.E-02));
#875 = LINE('',#876,#877);
#876 = CARTESIAN_POINT('',(1.335,-0.583084319527,7.E-02));
#877 = VECTOR('',#878,1.);
#878 = DIRECTION('',(0.,-1.,0.));
#879 = ORIENTED_EDGE('',*,*,#880,.F.);
#880 = EDGE_CURVE('',#881,#873,#883,.T.);
#881 = VERTEX_POINT('',#882);
#882 = CARTESIAN_POINT('',(1.335,-0.505,3.E-02));
#883 = LINE('',#884,#885);
#884 = CARTESIAN_POINT('',(1.335,-0.505,3.E-02));
#885 = VECTOR('',#886,1.);
#886 = DIRECTION('',(0.,0.,1.));
#887 = ORIENTED_EDGE('',*,*,#888,.F.);
#888 = EDGE_CURVE('',#802,#881,#889,.T.);
#889 = LINE('',#890,#891);
#890 = CARTESIAN_POINT('',(1.335,-0.74,3.E-02));
#891 = VECTOR('',#892,1.);
#892 = DIRECTION('',(-0.,1.,0.));
#893 = ORIENTED_EDGE('',*,*,#801,.F.);
#894 = ORIENTED_EDGE('',*,*,#895,.F.);
#895 = EDGE_CURVE('',#428,#794,#896,.T.);
#896 = LINE('',#897,#898);
#897 = CARTESIAN_POINT('',(1.335,-0.9,0.));
#898 = VECTOR('',#899,1.);
#899 = DIRECTION('',(-0.,1.,0.));
#900 = PLANE('',#901);
#901 = AXIS2_PLACEMENT_3D('',#902,#903,#904);
#902 = CARTESIAN_POINT('',(1.335,-0.636168639053,0.158668639053));
#903 = DIRECTION('',(-1.,-0.,-0.));
#904 = DIRECTION('',(0.,0.,-1.));
#905 = ADVANCED_FACE('',(#906),#995,.F.);
#906 = FACE_BOUND('',#907,.F.);
#907 = EDGE_LOOP('',(#908,#916,#917,#925,#933,#941,#949,#957,#965,#973,
    #981,#989));
#908 = ORIENTED_EDGE('',*,*,#909,.F.);
#909 = EDGE_CURVE('',#444,#910,#912,.T.);
#910 = VERTEX_POINT('',#911);
#911 = CARTESIAN_POINT('',(1.115,-0.74,7.E-02));
#912 = LINE('',#913,#914);
#913 = CARTESIAN_POINT('',(1.115,-0.9,7.E-02));
#914 = VECTOR('',#915,1.);
#915 = DIRECTION('',(-0.,1.,0.));
#916 = ORIENTED_EDGE('',*,*,#443,.T.);
#917 = ORIENTED_EDGE('',*,*,#918,.T.);
#918 = EDGE_CURVE('',#436,#919,#921,.T.);
#919 = VERTEX_POINT('',#920);
#920 = CARTESIAN_POINT('',(1.115,-0.72,0.));
#921 = LINE('',#922,#923);
#922 = CARTESIAN_POINT('',(1.115,-0.9,0.));
#923 = VECTOR('',#924,1.);
#924 = DIRECTION('',(-0.,1.,0.));
#925 = ORIENTED_EDGE('',*,*,#926,.T.);
#926 = EDGE_CURVE('',#919,#927,#929,.T.);
#927 = VERTEX_POINT('',#928);
#928 = CARTESIAN_POINT('',(1.115,-0.72,3.E-02));
#929 = LINE('',#930,#931);
#930 = CARTESIAN_POINT('',(1.115,-0.72,0.));
#931 = VECTOR('',#932,1.);
#932 = DIRECTION('',(0.,0.,1.));
#933 = ORIENTED_EDGE('',*,*,#934,.T.);
#934 = EDGE_CURVE('',#927,#935,#937,.T.);
#935 = VERTEX_POINT('',#936);
#936 = CARTESIAN_POINT('',(1.115,-0.505,3.E-02));
#937 = LINE('',#938,#939);
#938 = CARTESIAN_POINT('',(1.115,-0.74,3.E-02));
#939 = VECTOR('',#940,1.);
#940 = DIRECTION('',(-0.,1.,0.));
#941 = ORIENTED_EDGE('',*,*,#942,.T.);
#942 = EDGE_CURVE('',#935,#943,#945,.T.);
#943 = VERTEX_POINT('',#944);
#944 = CARTESIAN_POINT('',(1.115,-0.505,7.E-02));
#945 = LINE('',#946,#947);
#946 = CARTESIAN_POINT('',(1.115,-0.505,3.E-02));
#947 = VECTOR('',#948,1.);
#948 = DIRECTION('',(0.,0.,1.));
#949 = ORIENTED_EDGE('',*,*,#950,.F.);
#950 = EDGE_CURVE('',#951,#943,#953,.T.);
#951 = VERTEX_POINT('',#952);
#952 = CARTESIAN_POINT('',(1.115,-0.53,7.E-02));
#953 = LINE('',#954,#955);
#954 = CARTESIAN_POINT('',(1.115,-0.583084319527,7.E-02));
#955 = VECTOR('',#956,1.);
#956 = DIRECTION('',(0.,1.,0.));
#957 = ORIENTED_EDGE('',*,*,#958,.F.);
#958 = EDGE_CURVE('',#959,#951,#961,.T.);
#959 = VERTEX_POINT('',#960);
#960 = CARTESIAN_POINT('',(1.115,-0.53,0.45));
#961 = LINE('',#962,#963);
#962 = CARTESIAN_POINT('',(1.115,-0.53,0.114334319527));
#963 = VECTOR('',#964,1.);
#964 = DIRECTION('',(0.,0.,-1.));
#965 = ORIENTED_EDGE('',*,*,#966,.F.);
#966 = EDGE_CURVE('',#967,#959,#969,.T.);
#967 = VERTEX_POINT('',#968);
#968 = CARTESIAN_POINT('',(1.115,-0.575,0.45));
#969 = LINE('',#970,#971);
#970 = CARTESIAN_POINT('',(1.115,-0.575,0.45));
#971 = VECTOR('',#972,1.);
#972 = DIRECTION('',(-0.,1.,0.));
#973 = ORIENTED_EDGE('',*,*,#974,.F.);
#974 = EDGE_CURVE('',#975,#967,#977,.T.);
#975 = VERTEX_POINT('',#976);
#976 = CARTESIAN_POINT('',(1.115,-0.575,0.1));
#977 = LINE('',#978,#979);
#978 = CARTESIAN_POINT('',(1.115,-0.575,3.E-02));
#979 = VECTOR('',#980,1.);
#980 = DIRECTION('',(0.,0.,1.));
#981 = ORIENTED_EDGE('',*,*,#982,.F.);
#982 = EDGE_CURVE('',#983,#975,#985,.T.);
#983 = VERTEX_POINT('',#984);
#984 = CARTESIAN_POINT('',(1.115,-0.74,0.1));
#985 = LINE('',#986,#987);
#986 = CARTESIAN_POINT('',(1.115,-0.74,0.1));
#987 = VECTOR('',#988,1.);
#988 = DIRECTION('',(-0.,1.,0.));
#989 = ORIENTED_EDGE('',*,*,#990,.F.);
#990 = EDGE_CURVE('',#910,#983,#991,.T.);
#991 = LINE('',#992,#993);
#992 = CARTESIAN_POINT('',(1.115,-0.74,3.E-02));
#993 = VECTOR('',#994,1.);
#994 = DIRECTION('',(0.,0.,1.));
#995 = PLANE('',#996);
#996 = AXIS2_PLACEMENT_3D('',#997,#998,#999);
#997 = CARTESIAN_POINT('',(1.115,-0.636168639053,0.158668639053));
#998 = DIRECTION('',(1.,0.,0.));
#999 = DIRECTION('',(-0.,0.,1.));
#1000 = ADVANCED_FACE('',(#1001),#1026,.F.);
#1001 = FACE_BOUND('',#1002,.F.);
#1002 = EDGE_LOOP('',(#1003,#1004,#1012,#1020));
#1003 = ORIENTED_EDGE('',*,*,#926,.F.);
#1004 = ORIENTED_EDGE('',*,*,#1005,.F.);
#1005 = EDGE_CURVE('',#1006,#919,#1008,.T.);
#1006 = VERTEX_POINT('',#1007);
#1007 = CARTESIAN_POINT('',(0.985,-0.72,0.));
#1008 = LINE('',#1009,#1010);
#1009 = CARTESIAN_POINT('',(0.985,-0.72,0.));
#1010 = VECTOR('',#1011,1.);
#1011 = DIRECTION('',(1.,0.,-0.));
#1012 = ORIENTED_EDGE('',*,*,#1013,.T.);
#1013 = EDGE_CURVE('',#1006,#1014,#1016,.T.);
#1014 = VERTEX_POINT('',#1015);
#1015 = CARTESIAN_POINT('',(0.985,-0.72,3.E-02));
#1016 = LINE('',#1017,#1018);
#1017 = CARTESIAN_POINT('',(0.985,-0.72,0.));
#1018 = VECTOR('',#1019,1.);
#1019 = DIRECTION('',(0.,0.,1.));
#1020 = ORIENTED_EDGE('',*,*,#1021,.T.);
#1021 = EDGE_CURVE('',#1014,#927,#1022,.T.);
#1022 = LINE('',#1023,#1024);
#1023 = CARTESIAN_POINT('',(0.985,-0.72,3.E-02));
#1024 = VECTOR('',#1025,1.);
#1025 = DIRECTION('',(1.,0.,-0.));
#1026 = PLANE('',#1027);
#1027 = AXIS2_PLACEMENT_3D('',#1028,#1029,#1030);
#1028 = CARTESIAN_POINT('',(0.985,-0.72,0.));
#1029 = DIRECTION('',(-0.,1.,0.));
#1030 = DIRECTION('',(0.,0.,1.));
#1031 = ADVANCED_FACE('',(#1032),#1112,.F.);
#1032 = FACE_BOUND('',#1033,.F.);
#1033 = EDGE_LOOP('',(#1034,#1035,#1043,#1051,#1059,#1067,#1075,#1083,
    #1091,#1099,#1105,#1106));
#1034 = ORIENTED_EDGE('',*,*,#459,.T.);
#1035 = ORIENTED_EDGE('',*,*,#1036,.T.);
#1036 = EDGE_CURVE('',#452,#1037,#1039,.T.);
#1037 = VERTEX_POINT('',#1038);
#1038 = CARTESIAN_POINT('',(0.985,-0.74,7.E-02));
#1039 = LINE('',#1040,#1041);
#1040 = CARTESIAN_POINT('',(0.985,-0.9,7.E-02));
#1041 = VECTOR('',#1042,1.);
#1042 = DIRECTION('',(-0.,1.,0.));
#1043 = ORIENTED_EDGE('',*,*,#1044,.T.);
#1044 = EDGE_CURVE('',#1037,#1045,#1047,.T.);
#1045 = VERTEX_POINT('',#1046);
#1046 = CARTESIAN_POINT('',(0.985,-0.74,0.1));
#1047 = LINE('',#1048,#1049);
#1048 = CARTESIAN_POINT('',(0.985,-0.74,3.E-02));
#1049 = VECTOR('',#1050,1.);
#1050 = DIRECTION('',(0.,0.,1.));
#1051 = ORIENTED_EDGE('',*,*,#1052,.T.);
#1052 = EDGE_CURVE('',#1045,#1053,#1055,.T.);
#1053 = VERTEX_POINT('',#1054);
#1054 = CARTESIAN_POINT('',(0.985,-0.575,0.1));
#1055 = LINE('',#1056,#1057);
#1056 = CARTESIAN_POINT('',(0.985,-0.74,0.1));
#1057 = VECTOR('',#1058,1.);
#1058 = DIRECTION('',(-0.,1.,0.));
#1059 = ORIENTED_EDGE('',*,*,#1060,.T.);
#1060 = EDGE_CURVE('',#1053,#1061,#1063,.T.);
#1061 = VERTEX_POINT('',#1062);
#1062 = CARTESIAN_POINT('',(0.985,-0.575,0.45));
#1063 = LINE('',#1064,#1065);
#1064 = CARTESIAN_POINT('',(0.985,-0.575,3.E-02));
#1065 = VECTOR('',#1066,1.);
#1066 = DIRECTION('',(0.,0.,1.));
#1067 = ORIENTED_EDGE('',*,*,#1068,.T.);
#1068 = EDGE_CURVE('',#1061,#1069,#1071,.T.);
#1069 = VERTEX_POINT('',#1070);
#1070 = CARTESIAN_POINT('',(0.985,-0.53,0.45));
#1071 = LINE('',#1072,#1073);
#1072 = CARTESIAN_POINT('',(0.985,-0.575,0.45));
#1073 = VECTOR('',#1074,1.);
#1074 = DIRECTION('',(-0.,1.,0.));
#1075 = ORIENTED_EDGE('',*,*,#1076,.F.);
#1076 = EDGE_CURVE('',#1077,#1069,#1079,.T.);
#1077 = VERTEX_POINT('',#1078);
#1078 = CARTESIAN_POINT('',(0.985,-0.53,7.E-02));
#1079 = LINE('',#1080,#1081);
#1080 = CARTESIAN_POINT('',(0.985,-0.53,0.114334319527));
#1081 = VECTOR('',#1082,1.);
#1082 = DIRECTION('',(0.,-0.,1.));
#1083 = ORIENTED_EDGE('',*,*,#1084,.F.);
#1084 = EDGE_CURVE('',#1085,#1077,#1087,.T.);
#1085 = VERTEX_POINT('',#1086);
#1086 = CARTESIAN_POINT('',(0.985,-0.505,7.E-02));
#1087 = LINE('',#1088,#1089);
#1088 = CARTESIAN_POINT('',(0.985,-0.583084319527,7.E-02));
#1089 = VECTOR('',#1090,1.);
#1090 = DIRECTION('',(0.,-1.,0.));
#1091 = ORIENTED_EDGE('',*,*,#1092,.F.);
#1092 = EDGE_CURVE('',#1093,#1085,#1095,.T.);
#1093 = VERTEX_POINT('',#1094);
#1094 = CARTESIAN_POINT('',(0.985,-0.505,3.E-02));
#1095 = LINE('',#1096,#1097);
#1096 = CARTESIAN_POINT('',(0.985,-0.505,3.E-02));
#1097 = VECTOR('',#1098,1.);
#1098 = DIRECTION('',(0.,0.,1.));
#1099 = ORIENTED_EDGE('',*,*,#1100,.F.);
#1100 = EDGE_CURVE('',#1014,#1093,#1101,.T.);
#1101 = LINE('',#1102,#1103);
#1102 = CARTESIAN_POINT('',(0.985,-0.74,3.E-02));
#1103 = VECTOR('',#1104,1.);
#1104 = DIRECTION('',(-0.,1.,0.));
#1105 = ORIENTED_EDGE('',*,*,#1013,.F.);
#1106 = ORIENTED_EDGE('',*,*,#1107,.F.);
#1107 = EDGE_CURVE('',#460,#1006,#1108,.T.);
#1108 = LINE('',#1109,#1110);
#1109 = CARTESIAN_POINT('',(0.985,-0.9,0.));
#1110 = VECTOR('',#1111,1.);
#1111 = DIRECTION('',(-0.,1.,0.));
#1112 = PLANE('',#1113);
#1113 = AXIS2_PLACEMENT_3D('',#1114,#1115,#1116);
#1114 = CARTESIAN_POINT('',(0.985,-0.636168639053,0.158668639053));
#1115 = DIRECTION('',(-1.,-0.,-0.));
#1116 = DIRECTION('',(0.,0.,-1.));
#1117 = ADVANCED_FACE('',(#1118),#1207,.F.);
#1118 = FACE_BOUND('',#1119,.F.);
#1119 = EDGE_LOOP('',(#1120,#1128,#1129,#1137,#1145,#1153,#1161,#1169,
    #1177,#1185,#1193,#1201));
#1120 = ORIENTED_EDGE('',*,*,#1121,.F.);
#1121 = EDGE_CURVE('',#476,#1122,#1124,.T.);
#1122 = VERTEX_POINT('',#1123);
#1123 = CARTESIAN_POINT('',(0.765,-0.74,7.E-02));
#1124 = LINE('',#1125,#1126);
#1125 = CARTESIAN_POINT('',(0.765,-0.9,7.E-02));
#1126 = VECTOR('',#1127,1.);
#1127 = DIRECTION('',(-0.,1.,0.));
#1128 = ORIENTED_EDGE('',*,*,#475,.T.);
#1129 = ORIENTED_EDGE('',*,*,#1130,.T.);
#1130 = EDGE_CURVE('',#468,#1131,#1133,.T.);
#1131 = VERTEX_POINT('',#1132);
#1132 = CARTESIAN_POINT('',(0.765,-0.72,0.));
#1133 = LINE('',#1134,#1135);
#1134 = CARTESIAN_POINT('',(0.765,-0.9,0.));
#1135 = VECTOR('',#1136,1.);
#1136 = DIRECTION('',(-0.,1.,0.));
#1137 = ORIENTED_EDGE('',*,*,#1138,.T.);
#1138 = EDGE_CURVE('',#1131,#1139,#1141,.T.);
#1139 = VERTEX_POINT('',#1140);
#1140 = CARTESIAN_POINT('',(0.765,-0.72,3.E-02));
#1141 = LINE('',#1142,#1143);
#1142 = CARTESIAN_POINT('',(0.765,-0.72,0.));
#1143 = VECTOR('',#1144,1.);
#1144 = DIRECTION('',(0.,0.,1.));
#1145 = ORIENTED_EDGE('',*,*,#1146,.T.);
#1146 = EDGE_CURVE('',#1139,#1147,#1149,.T.);
#1147 = VERTEX_POINT('',#1148);
#1148 = CARTESIAN_POINT('',(0.765,-0.505,3.E-02));
#1149 = LINE('',#1150,#1151);
#1150 = CARTESIAN_POINT('',(0.765,-0.74,3.E-02));
#1151 = VECTOR('',#1152,1.);
#1152 = DIRECTION('',(-0.,1.,0.));
#1153 = ORIENTED_EDGE('',*,*,#1154,.T.);
#1154 = EDGE_CURVE('',#1147,#1155,#1157,.T.);
#1155 = VERTEX_POINT('',#1156);
#1156 = CARTESIAN_POINT('',(0.765,-0.505,7.E-02));
#1157 = LINE('',#1158,#1159);
#1158 = CARTESIAN_POINT('',(0.765,-0.505,3.E-02));
#1159 = VECTOR('',#1160,1.);
#1160 = DIRECTION('',(0.,0.,1.));
#1161 = ORIENTED_EDGE('',*,*,#1162,.F.);
#1162 = EDGE_CURVE('',#1163,#1155,#1165,.T.);
#1163 = VERTEX_POINT('',#1164);
#1164 = CARTESIAN_POINT('',(0.765,-0.53,7.E-02));
#1165 = LINE('',#1166,#1167);
#1166 = CARTESIAN_POINT('',(0.765,-0.583084319527,7.E-02));
#1167 = VECTOR('',#1168,1.);
#1168 = DIRECTION('',(0.,1.,0.));
#1169 = ORIENTED_EDGE('',*,*,#1170,.F.);
#1170 = EDGE_CURVE('',#1171,#1163,#1173,.T.);
#1171 = VERTEX_POINT('',#1172);
#1172 = CARTESIAN_POINT('',(0.765,-0.53,0.45));
#1173 = LINE('',#1174,#1175);
#1174 = CARTESIAN_POINT('',(0.765,-0.53,0.114334319527));
#1175 = VECTOR('',#1176,1.);
#1176 = DIRECTION('',(0.,0.,-1.));
#1177 = ORIENTED_EDGE('',*,*,#1178,.F.);
#1178 = EDGE_CURVE('',#1179,#1171,#1181,.T.);
#1179 = VERTEX_POINT('',#1180);
#1180 = CARTESIAN_POINT('',(0.765,-0.575,0.45));
#1181 = LINE('',#1182,#1183);
#1182 = CARTESIAN_POINT('',(0.765,-0.575,0.45));
#1183 = VECTOR('',#1184,1.);
#1184 = DIRECTION('',(-0.,1.,0.));
#1185 = ORIENTED_EDGE('',*,*,#1186,.F.);
#1186 = EDGE_CURVE('',#1187,#1179,#1189,.T.);
#1187 = VERTEX_POINT('',#1188);
#1188 = CARTESIAN_POINT('',(0.765,-0.575,0.1));
#1189 = LINE('',#1190,#1191);
#1190 = CARTESIAN_POINT('',(0.765,-0.575,3.E-02));
#1191 = VECTOR('',#1192,1.);
#1192 = DIRECTION('',(0.,0.,1.));
#1193 = ORIENTED_EDGE('',*,*,#1194,.F.);
#1194 = EDGE_CURVE('',#1195,#1187,#1197,.T.);
#1195 = VERTEX_POINT('',#1196);
#1196 = CARTESIAN_POINT('',(0.765,-0.74,0.1));
#1197 = LINE('',#1198,#1199);
#1198 = CARTESIAN_POINT('',(0.765,-0.74,0.1));
#1199 = VECTOR('',#1200,1.);
#1200 = DIRECTION('',(-0.,1.,0.));
#1201 = ORIENTED_EDGE('',*,*,#1202,.F.);
#1202 = EDGE_CURVE('',#1122,#1195,#1203,.T.);
#1203 = LINE('',#1204,#1205);
#1204 = CARTESIAN_POINT('',(0.765,-0.74,3.E-02));
#1205 = VECTOR('',#1206,1.);
#1206 = DIRECTION('',(0.,0.,1.));
#1207 = PLANE('',#1208);
#1208 = AXIS2_PLACEMENT_3D('',#1209,#1210,#1211);
#1209 = CARTESIAN_POINT('',(0.765,-0.636168639053,0.158668639053));
#1210 = DIRECTION('',(1.,0.,0.));
#1211 = DIRECTION('',(-0.,0.,1.));
#1212 = ADVANCED_FACE('',(#1213),#1238,.F.);
#1213 = FACE_BOUND('',#1214,.F.);
#1214 = EDGE_LOOP('',(#1215,#1216,#1224,#1232));
#1215 = ORIENTED_EDGE('',*,*,#1138,.F.);
#1216 = ORIENTED_EDGE('',*,*,#1217,.F.);
#1217 = EDGE_CURVE('',#1218,#1131,#1220,.T.);
#1218 = VERTEX_POINT('',#1219);
#1219 = CARTESIAN_POINT('',(0.635,-0.72,0.));
#1220 = LINE('',#1221,#1222);
#1221 = CARTESIAN_POINT('',(0.635,-0.72,0.));
#1222 = VECTOR('',#1223,1.);
#1223 = DIRECTION('',(1.,0.,-0.));
#1224 = ORIENTED_EDGE('',*,*,#1225,.T.);
#1225 = EDGE_CURVE('',#1218,#1226,#1228,.T.);
#1226 = VERTEX_POINT('',#1227);
#1227 = CARTESIAN_POINT('',(0.635,-0.72,3.E-02));
#1228 = LINE('',#1229,#1230);
#1229 = CARTESIAN_POINT('',(0.635,-0.72,0.));
#1230 = VECTOR('',#1231,1.);
#1231 = DIRECTION('',(0.,0.,1.));
#1232 = ORIENTED_EDGE('',*,*,#1233,.T.);
#1233 = EDGE_CURVE('',#1226,#1139,#1234,.T.);
#1234 = LINE('',#1235,#1236);
#1235 = CARTESIAN_POINT('',(0.635,-0.72,3.E-02));
#1236 = VECTOR('',#1237,1.);
#1237 = DIRECTION('',(1.,0.,-0.));
#1238 = PLANE('',#1239);
#1239 = AXIS2_PLACEMENT_3D('',#1240,#1241,#1242);
#1240 = CARTESIAN_POINT('',(0.635,-0.72,0.));
#1241 = DIRECTION('',(-0.,1.,0.));
#1242 = DIRECTION('',(0.,0.,1.));
#1243 = ADVANCED_FACE('',(#1244),#1324,.F.);
#1244 = FACE_BOUND('',#1245,.F.);
#1245 = EDGE_LOOP('',(#1246,#1247,#1255,#1263,#1271,#1279,#1287,#1295,
    #1303,#1311,#1317,#1318));
#1246 = ORIENTED_EDGE('',*,*,#491,.T.);
#1247 = ORIENTED_EDGE('',*,*,#1248,.T.);
#1248 = EDGE_CURVE('',#484,#1249,#1251,.T.);
#1249 = VERTEX_POINT('',#1250);
#1250 = CARTESIAN_POINT('',(0.635,-0.74,7.E-02));
#1251 = LINE('',#1252,#1253);
#1252 = CARTESIAN_POINT('',(0.635,-0.9,7.E-02));
#1253 = VECTOR('',#1254,1.);
#1254 = DIRECTION('',(-0.,1.,0.));
#1255 = ORIENTED_EDGE('',*,*,#1256,.T.);
#1256 = EDGE_CURVE('',#1249,#1257,#1259,.T.);
#1257 = VERTEX_POINT('',#1258);
#1258 = CARTESIAN_POINT('',(0.635,-0.74,0.1));
#1259 = LINE('',#1260,#1261);
#1260 = CARTESIAN_POINT('',(0.635,-0.74,3.E-02));
#1261 = VECTOR('',#1262,1.);
#1262 = DIRECTION('',(0.,0.,1.));
#1263 = ORIENTED_EDGE('',*,*,#1264,.T.);
#1264 = EDGE_CURVE('',#1257,#1265,#1267,.T.);
#1265 = VERTEX_POINT('',#1266);
#1266 = CARTESIAN_POINT('',(0.635,-0.575,0.1));
#1267 = LINE('',#1268,#1269);
#1268 = CARTESIAN_POINT('',(0.635,-0.74,0.1));
#1269 = VECTOR('',#1270,1.);
#1270 = DIRECTION('',(-0.,1.,0.));
#1271 = ORIENTED_EDGE('',*,*,#1272,.T.);
#1272 = EDGE_CURVE('',#1265,#1273,#1275,.T.);
#1273 = VERTEX_POINT('',#1274);
#1274 = CARTESIAN_POINT('',(0.635,-0.575,0.45));
#1275 = LINE('',#1276,#1277);
#1276 = CARTESIAN_POINT('',(0.635,-0.575,3.E-02));
#1277 = VECTOR('',#1278,1.);
#1278 = DIRECTION('',(0.,0.,1.));
#1279 = ORIENTED_EDGE('',*,*,#1280,.T.);
#1280 = EDGE_CURVE('',#1273,#1281,#1283,.T.);
#1281 = VERTEX_POINT('',#1282);
#1282 = CARTESIAN_POINT('',(0.635,-0.53,0.45));
#1283 = LINE('',#1284,#1285);
#1284 = CARTESIAN_POINT('',(0.635,-0.575,0.45));
#1285 = VECTOR('',#1286,1.);
#1286 = DIRECTION('',(-0.,1.,0.));
#1287 = ORIENTED_EDGE('',*,*,#1288,.F.);
#1288 = EDGE_CURVE('',#1289,#1281,#1291,.T.);
#1289 = VERTEX_POINT('',#1290);
#1290 = CARTESIAN_POINT('',(0.635,-0.53,7.E-02));
#1291 = LINE('',#1292,#1293);
#1292 = CARTESIAN_POINT('',(0.635,-0.53,0.114334319527));
#1293 = VECTOR('',#1294,1.);
#1294 = DIRECTION('',(0.,-0.,1.));
#1295 = ORIENTED_EDGE('',*,*,#1296,.F.);
#1296 = EDGE_CURVE('',#1297,#1289,#1299,.T.);
#1297 = VERTEX_POINT('',#1298);
#1298 = CARTESIAN_POINT('',(0.635,-0.505,7.E-02));
#1299 = LINE('',#1300,#1301);
#1300 = CARTESIAN_POINT('',(0.635,-0.583084319527,7.E-02));
#1301 = VECTOR('',#1302,1.);
#1302 = DIRECTION('',(0.,-1.,0.));
#1303 = ORIENTED_EDGE('',*,*,#1304,.F.);
#1304 = EDGE_CURVE('',#1305,#1297,#1307,.T.);
#1305 = VERTEX_POINT('',#1306);
#1306 = CARTESIAN_POINT('',(0.635,-0.505,3.E-02));
#1307 = LINE('',#1308,#1309);
#1308 = CARTESIAN_POINT('',(0.635,-0.505,3.E-02));
#1309 = VECTOR('',#1310,1.);
#1310 = DIRECTION('',(0.,0.,1.));
#1311 = ORIENTED_EDGE('',*,*,#1312,.F.);
#1312 = EDGE_CURVE('',#1226,#1305,#1313,.T.);
#1313 = LINE('',#1314,#1315);
#1314 = CARTESIAN_POINT('',(0.635,-0.74,3.E-02));
#1315 = VECTOR('',#1316,1.);
#1316 = DIRECTION('',(-0.,1.,0.));
#1317 = ORIENTED_EDGE('',*,*,#1225,.F.);
#1318 = ORIENTED_EDGE('',*,*,#1319,.F.);
#1319 = EDGE_CURVE('',#492,#1218,#1320,.T.);
#1320 = LINE('',#1321,#1322);
#1321 = CARTESIAN_POINT('',(0.635,-0.9,0.));
#1322 = VECTOR('',#1323,1.);
#1323 = DIRECTION('',(-0.,1.,0.));
#1324 = PLANE('',#1325);
#1325 = AXIS2_PLACEMENT_3D('',#1326,#1327,#1328);
#1326 = CARTESIAN_POINT('',(0.635,-0.636168639053,0.158668639053));
#1327 = DIRECTION('',(-1.,-0.,-0.));
#1328 = DIRECTION('',(0.,0.,-1.));
#1329 = ADVANCED_FACE('',(#1330),#1419,.F.);
#1330 = FACE_BOUND('',#1331,.F.);
#1331 = EDGE_LOOP('',(#1332,#1340,#1341,#1349,#1357,#1365,#1373,#1381,
    #1389,#1397,#1405,#1413));
#1332 = ORIENTED_EDGE('',*,*,#1333,.F.);
#1333 = EDGE_CURVE('',#508,#1334,#1336,.T.);
#1334 = VERTEX_POINT('',#1335);
#1335 = CARTESIAN_POINT('',(0.415,-0.74,7.E-02));
#1336 = LINE('',#1337,#1338);
#1337 = CARTESIAN_POINT('',(0.415,-0.9,7.E-02));
#1338 = VECTOR('',#1339,1.);
#1339 = DIRECTION('',(-0.,1.,0.));
#1340 = ORIENTED_EDGE('',*,*,#507,.T.);
#1341 = ORIENTED_EDGE('',*,*,#1342,.T.);
#1342 = EDGE_CURVE('',#500,#1343,#1345,.T.);
#1343 = VERTEX_POINT('',#1344);
#1344 = CARTESIAN_POINT('',(0.415,-0.72,0.));
#1345 = LINE('',#1346,#1347);
#1346 = CARTESIAN_POINT('',(0.415,-0.9,0.));
#1347 = VECTOR('',#1348,1.);
#1348 = DIRECTION('',(-0.,1.,0.));
#1349 = ORIENTED_EDGE('',*,*,#1350,.T.);
#1350 = EDGE_CURVE('',#1343,#1351,#1353,.T.);
#1351 = VERTEX_POINT('',#1352);
#1352 = CARTESIAN_POINT('',(0.415,-0.72,3.E-02));
#1353 = LINE('',#1354,#1355);
#1354 = CARTESIAN_POINT('',(0.415,-0.72,0.));
#1355 = VECTOR('',#1356,1.);
#1356 = DIRECTION('',(0.,0.,1.));
#1357 = ORIENTED_EDGE('',*,*,#1358,.T.);
#1358 = EDGE_CURVE('',#1351,#1359,#1361,.T.);
#1359 = VERTEX_POINT('',#1360);
#1360 = CARTESIAN_POINT('',(0.415,-0.505,3.E-02));
#1361 = LINE('',#1362,#1363);
#1362 = CARTESIAN_POINT('',(0.415,-0.74,3.E-02));
#1363 = VECTOR('',#1364,1.);
#1364 = DIRECTION('',(-0.,1.,0.));
#1365 = ORIENTED_EDGE('',*,*,#1366,.T.);
#1366 = EDGE_CURVE('',#1359,#1367,#1369,.T.);
#1367 = VERTEX_POINT('',#1368);
#1368 = CARTESIAN_POINT('',(0.415,-0.505,7.E-02));
#1369 = LINE('',#1370,#1371);
#1370 = CARTESIAN_POINT('',(0.415,-0.505,3.E-02));
#1371 = VECTOR('',#1372,1.);
#1372 = DIRECTION('',(0.,0.,1.));
#1373 = ORIENTED_EDGE('',*,*,#1374,.F.);
#1374 = EDGE_CURVE('',#1375,#1367,#1377,.T.);
#1375 = VERTEX_POINT('',#1376);
#1376 = CARTESIAN_POINT('',(0.415,-0.53,7.E-02));
#1377 = LINE('',#1378,#1379);
#1378 = CARTESIAN_POINT('',(0.415,-0.583084319527,7.E-02));
#1379 = VECTOR('',#1380,1.);
#1380 = DIRECTION('',(0.,1.,0.));
#1381 = ORIENTED_EDGE('',*,*,#1382,.F.);
#1382 = EDGE_CURVE('',#1383,#1375,#1385,.T.);
#1383 = VERTEX_POINT('',#1384);
#1384 = CARTESIAN_POINT('',(0.415,-0.53,0.45));
#1385 = LINE('',#1386,#1387);
#1386 = CARTESIAN_POINT('',(0.415,-0.53,0.114334319527));
#1387 = VECTOR('',#1388,1.);
#1388 = DIRECTION('',(0.,0.,-1.));
#1389 = ORIENTED_EDGE('',*,*,#1390,.F.);
#1390 = EDGE_CURVE('',#1391,#1383,#1393,.T.);
#1391 = VERTEX_POINT('',#1392);
#1392 = CARTESIAN_POINT('',(0.415,-0.575,0.45));
#1393 = LINE('',#1394,#1395);
#1394 = CARTESIAN_POINT('',(0.415,-0.575,0.45));
#1395 = VECTOR('',#1396,1.);
#1396 = DIRECTION('',(-0.,1.,0.));
#1397 = ORIENTED_EDGE('',*,*,#1398,.F.);
#1398 = EDGE_CURVE('',#1399,#1391,#1401,.T.);
#1399 = VERTEX_POINT('',#1400);
#1400 = CARTESIAN_POINT('',(0.415,-0.575,0.1));
#1401 = LINE('',#1402,#1403);
#1402 = CARTESIAN_POINT('',(0.415,-0.575,3.E-02));
#1403 = VECTOR('',#1404,1.);
#1404 = DIRECTION('',(0.,0.,1.));
#1405 = ORIENTED_EDGE('',*,*,#1406,.F.);
#1406 = EDGE_CURVE('',#1407,#1399,#1409,.T.);
#1407 = VERTEX_POINT('',#1408);
#1408 = CARTESIAN_POINT('',(0.415,-0.74,0.1));
#1409 = LINE('',#1410,#1411);
#1410 = CARTESIAN_POINT('',(0.415,-0.74,0.1));
#1411 = VECTOR('',#1412,1.);
#1412 = DIRECTION('',(-0.,1.,0.));
#1413 = ORIENTED_EDGE('',*,*,#1414,.F.);
#1414 = EDGE_CURVE('',#1334,#1407,#1415,.T.);
#1415 = LINE('',#1416,#1417);
#1416 = CARTESIAN_POINT('',(0.415,-0.74,3.E-02));
#1417 = VECTOR('',#1418,1.);
#1418 = DIRECTION('',(0.,0.,1.));
#1419 = PLANE('',#1420);
#1420 = AXIS2_PLACEMENT_3D('',#1421,#1422,#1423);
#1421 = CARTESIAN_POINT('',(0.415,-0.636168639053,0.158668639053));
#1422 = DIRECTION('',(1.,0.,0.));
#1423 = DIRECTION('',(-0.,0.,1.));
#1424 = ADVANCED_FACE('',(#1425),#1450,.F.);
#1425 = FACE_BOUND('',#1426,.F.);
#1426 = EDGE_LOOP('',(#1427,#1428,#1436,#1444));
#1427 = ORIENTED_EDGE('',*,*,#1350,.F.);
#1428 = ORIENTED_EDGE('',*,*,#1429,.F.);
#1429 = EDGE_CURVE('',#1430,#1343,#1432,.T.);
#1430 = VERTEX_POINT('',#1431);
#1431 = CARTESIAN_POINT('',(0.285,-0.72,0.));
#1432 = LINE('',#1433,#1434);
#1433 = CARTESIAN_POINT('',(0.285,-0.72,0.));
#1434 = VECTOR('',#1435,1.);
#1435 = DIRECTION('',(1.,0.,-0.));
#1436 = ORIENTED_EDGE('',*,*,#1437,.T.);
#1437 = EDGE_CURVE('',#1430,#1438,#1440,.T.);
#1438 = VERTEX_POINT('',#1439);
#1439 = CARTESIAN_POINT('',(0.285,-0.72,3.E-02));
#1440 = LINE('',#1441,#1442);
#1441 = CARTESIAN_POINT('',(0.285,-0.72,0.));
#1442 = VECTOR('',#1443,1.);
#1443 = DIRECTION('',(0.,0.,1.));
#1444 = ORIENTED_EDGE('',*,*,#1445,.T.);
#1445 = EDGE_CURVE('',#1438,#1351,#1446,.T.);
#1446 = LINE('',#1447,#1448);
#1447 = CARTESIAN_POINT('',(0.285,-0.72,3.E-02));
#1448 = VECTOR('',#1449,1.);
#1449 = DIRECTION('',(1.,0.,-0.));
#1450 = PLANE('',#1451);
#1451 = AXIS2_PLACEMENT_3D('',#1452,#1453,#1454);
#1452 = CARTESIAN_POINT('',(0.285,-0.72,0.));
#1453 = DIRECTION('',(-0.,1.,0.));
#1454 = DIRECTION('',(0.,0.,1.));
#1455 = ADVANCED_FACE('',(#1456),#1536,.F.);
#1456 = FACE_BOUND('',#1457,.F.);
#1457 = EDGE_LOOP('',(#1458,#1459,#1467,#1475,#1483,#1491,#1499,#1507,
    #1515,#1523,#1529,#1530));
#1458 = ORIENTED_EDGE('',*,*,#523,.T.);
#1459 = ORIENTED_EDGE('',*,*,#1460,.T.);
#1460 = EDGE_CURVE('',#516,#1461,#1463,.T.);
#1461 = VERTEX_POINT('',#1462);
#1462 = CARTESIAN_POINT('',(0.285,-0.74,7.E-02));
#1463 = LINE('',#1464,#1465);
#1464 = CARTESIAN_POINT('',(0.285,-0.9,7.E-02));
#1465 = VECTOR('',#1466,1.);
#1466 = DIRECTION('',(-0.,1.,0.));
#1467 = ORIENTED_EDGE('',*,*,#1468,.T.);
#1468 = EDGE_CURVE('',#1461,#1469,#1471,.T.);
#1469 = VERTEX_POINT('',#1470);
#1470 = CARTESIAN_POINT('',(0.285,-0.74,0.1));
#1471 = LINE('',#1472,#1473);
#1472 = CARTESIAN_POINT('',(0.285,-0.74,3.E-02));
#1473 = VECTOR('',#1474,1.);
#1474 = DIRECTION('',(0.,0.,1.));
#1475 = ORIENTED_EDGE('',*,*,#1476,.T.);
#1476 = EDGE_CURVE('',#1469,#1477,#1479,.T.);
#1477 = VERTEX_POINT('',#1478);
#1478 = CARTESIAN_POINT('',(0.285,-0.575,0.1));
#1479 = LINE('',#1480,#1481);
#1480 = CARTESIAN_POINT('',(0.285,-0.74,0.1));
#1481 = VECTOR('',#1482,1.);
#1482 = DIRECTION('',(-0.,1.,0.));
#1483 = ORIENTED_EDGE('',*,*,#1484,.T.);
#1484 = EDGE_CURVE('',#1477,#1485,#1487,.T.);
#1485 = VERTEX_POINT('',#1486);
#1486 = CARTESIAN_POINT('',(0.285,-0.575,0.45));
#1487 = LINE('',#1488,#1489);
#1488 = CARTESIAN_POINT('',(0.285,-0.575,3.E-02));
#1489 = VECTOR('',#1490,1.);
#1490 = DIRECTION('',(0.,0.,1.));
#1491 = ORIENTED_EDGE('',*,*,#1492,.T.);
#1492 = EDGE_CURVE('',#1485,#1493,#1495,.T.);
#1493 = VERTEX_POINT('',#1494);
#1494 = CARTESIAN_POINT('',(0.285,-0.53,0.45));
#1495 = LINE('',#1496,#1497);
#1496 = CARTESIAN_POINT('',(0.285,-0.575,0.45));
#1497 = VECTOR('',#1498,1.);
#1498 = DIRECTION('',(-0.,1.,0.));
#1499 = ORIENTED_EDGE('',*,*,#1500,.F.);
#1500 = EDGE_CURVE('',#1501,#1493,#1503,.T.);
#1501 = VERTEX_POINT('',#1502);
#1502 = CARTESIAN_POINT('',(0.285,-0.53,7.E-02));
#1503 = LINE('',#1504,#1505);
#1504 = CARTESIAN_POINT('',(0.285,-0.53,0.114334319527));
#1505 = VECTOR('',#1506,1.);
#1506 = DIRECTION('',(0.,-0.,1.));
#1507 = ORIENTED_EDGE('',*,*,#1508,.F.);
#1508 = EDGE_CURVE('',#1509,#1501,#1511,.T.);
#1509 = VERTEX_POINT('',#1510);
#1510 = CARTESIAN_POINT('',(0.285,-0.505,7.E-02));
#1511 = LINE('',#1512,#1513);
#1512 = CARTESIAN_POINT('',(0.285,-0.583084319527,7.E-02));
#1513 = VECTOR('',#1514,1.);
#1514 = DIRECTION('',(0.,-1.,0.));
#1515 = ORIENTED_EDGE('',*,*,#1516,.F.);
#1516 = EDGE_CURVE('',#1517,#1509,#1519,.T.);
#1517 = VERTEX_POINT('',#1518);
#1518 = CARTESIAN_POINT('',(0.285,-0.505,3.E-02));
#1519 = LINE('',#1520,#1521);
#1520 = CARTESIAN_POINT('',(0.285,-0.505,3.E-02));
#1521 = VECTOR('',#1522,1.);
#1522 = DIRECTION('',(0.,0.,1.));
#1523 = ORIENTED_EDGE('',*,*,#1524,.F.);
#1524 = EDGE_CURVE('',#1438,#1517,#1525,.T.);
#1525 = LINE('',#1526,#1527);
#1526 = CARTESIAN_POINT('',(0.285,-0.74,3.E-02));
#1527 = VECTOR('',#1528,1.);
#1528 = DIRECTION('',(-0.,1.,0.));
#1529 = ORIENTED_EDGE('',*,*,#1437,.F.);
#1530 = ORIENTED_EDGE('',*,*,#1531,.F.);
#1531 = EDGE_CURVE('',#524,#1430,#1532,.T.);
#1532 = LINE('',#1533,#1534);
#1533 = CARTESIAN_POINT('',(0.285,-0.9,0.));
#1534 = VECTOR('',#1535,1.);
#1535 = DIRECTION('',(-0.,1.,0.));
#1536 = PLANE('',#1537);
#1537 = AXIS2_PLACEMENT_3D('',#1538,#1539,#1540);
#1538 = CARTESIAN_POINT('',(0.285,-0.636168639053,0.158668639053));
#1539 = DIRECTION('',(-1.,-0.,-0.));
#1540 = DIRECTION('',(0.,0.,-1.));
#1541 = ADVANCED_FACE('',(#1542),#1631,.F.);
#1542 = FACE_BOUND('',#1543,.F.);
#1543 = EDGE_LOOP('',(#1544,#1552,#1553,#1561,#1569,#1577,#1585,#1593,
    #1601,#1609,#1617,#1625));
#1544 = ORIENTED_EDGE('',*,*,#1545,.F.);
#1545 = EDGE_CURVE('',#540,#1546,#1548,.T.);
#1546 = VERTEX_POINT('',#1547);
#1547 = CARTESIAN_POINT('',(6.5E-02,-0.74,7.E-02));
#1548 = LINE('',#1549,#1550);
#1549 = CARTESIAN_POINT('',(6.5E-02,-0.9,7.E-02));
#1550 = VECTOR('',#1551,1.);
#1551 = DIRECTION('',(-0.,1.,0.));
#1552 = ORIENTED_EDGE('',*,*,#539,.T.);
#1553 = ORIENTED_EDGE('',*,*,#1554,.T.);
#1554 = EDGE_CURVE('',#532,#1555,#1557,.T.);
#1555 = VERTEX_POINT('',#1556);
#1556 = CARTESIAN_POINT('',(6.5E-02,-0.72,0.));
#1557 = LINE('',#1558,#1559);
#1558 = CARTESIAN_POINT('',(6.5E-02,-0.9,0.));
#1559 = VECTOR('',#1560,1.);
#1560 = DIRECTION('',(-0.,1.,0.));
#1561 = ORIENTED_EDGE('',*,*,#1562,.T.);
#1562 = EDGE_CURVE('',#1555,#1563,#1565,.T.);
#1563 = VERTEX_POINT('',#1564);
#1564 = CARTESIAN_POINT('',(6.5E-02,-0.72,3.E-02));
#1565 = LINE('',#1566,#1567);
#1566 = CARTESIAN_POINT('',(6.5E-02,-0.72,0.));
#1567 = VECTOR('',#1568,1.);
#1568 = DIRECTION('',(0.,0.,1.));
#1569 = ORIENTED_EDGE('',*,*,#1570,.T.);
#1570 = EDGE_CURVE('',#1563,#1571,#1573,.T.);
#1571 = VERTEX_POINT('',#1572);
#1572 = CARTESIAN_POINT('',(6.5E-02,-0.505,3.E-02));
#1573 = LINE('',#1574,#1575);
#1574 = CARTESIAN_POINT('',(6.5E-02,-0.74,3.E-02));
#1575 = VECTOR('',#1576,1.);
#1576 = DIRECTION('',(-0.,1.,0.));
#1577 = ORIENTED_EDGE('',*,*,#1578,.T.);
#1578 = EDGE_CURVE('',#1571,#1579,#1581,.T.);
#1579 = VERTEX_POINT('',#1580);
#1580 = CARTESIAN_POINT('',(6.5E-02,-0.505,7.E-02));
#1581 = LINE('',#1582,#1583);
#1582 = CARTESIAN_POINT('',(6.5E-02,-0.505,3.E-02));
#1583 = VECTOR('',#1584,1.);
#1584 = DIRECTION('',(0.,0.,1.));
#1585 = ORIENTED_EDGE('',*,*,#1586,.F.);
#1586 = EDGE_CURVE('',#1587,#1579,#1589,.T.);
#1587 = VERTEX_POINT('',#1588);
#1588 = CARTESIAN_POINT('',(6.5E-02,-0.53,7.E-02));
#1589 = LINE('',#1590,#1591);
#1590 = CARTESIAN_POINT('',(6.5E-02,-0.583084319527,7.E-02));
#1591 = VECTOR('',#1592,1.);
#1592 = DIRECTION('',(0.,1.,0.));
#1593 = ORIENTED_EDGE('',*,*,#1594,.F.);
#1594 = EDGE_CURVE('',#1595,#1587,#1597,.T.);
#1595 = VERTEX_POINT('',#1596);
#1596 = CARTESIAN_POINT('',(6.5E-02,-0.53,0.45));
#1597 = LINE('',#1598,#1599);
#1598 = CARTESIAN_POINT('',(6.5E-02,-0.53,0.114334319527));
#1599 = VECTOR('',#1600,1.);
#1600 = DIRECTION('',(0.,0.,-1.));
#1601 = ORIENTED_EDGE('',*,*,#1602,.F.);
#1602 = EDGE_CURVE('',#1603,#1595,#1605,.T.);
#1603 = VERTEX_POINT('',#1604);
#1604 = CARTESIAN_POINT('',(6.5E-02,-0.575,0.45));
#1605 = LINE('',#1606,#1607);
#1606 = CARTESIAN_POINT('',(6.5E-02,-0.575,0.45));
#1607 = VECTOR('',#1608,1.);
#1608 = DIRECTION('',(-0.,1.,0.));
#1609 = ORIENTED_EDGE('',*,*,#1610,.F.);
#1610 = EDGE_CURVE('',#1611,#1603,#1613,.T.);
#1611 = VERTEX_POINT('',#1612);
#1612 = CARTESIAN_POINT('',(6.5E-02,-0.575,0.1));
#1613 = LINE('',#1614,#1615);
#1614 = CARTESIAN_POINT('',(6.5E-02,-0.575,3.E-02));
#1615 = VECTOR('',#1616,1.);
#1616 = DIRECTION('',(0.,0.,1.));
#1617 = ORIENTED_EDGE('',*,*,#1618,.F.);
#1618 = EDGE_CURVE('',#1619,#1611,#1621,.T.);
#1619 = VERTEX_POINT('',#1620);
#1620 = CARTESIAN_POINT('',(6.5E-02,-0.74,0.1));
#1621 = LINE('',#1622,#1623);
#1622 = CARTESIAN_POINT('',(6.5E-02,-0.74,0.1));
#1623 = VECTOR('',#1624,1.);
#1624 = DIRECTION('',(-0.,1.,0.));
#1625 = ORIENTED_EDGE('',*,*,#1626,.F.);
#1626 = EDGE_CURVE('',#1546,#1619,#1627,.T.);
#1627 = LINE('',#1628,#1629);
#1628 = CARTESIAN_POINT('',(6.5E-02,-0.74,3.E-02));
#1629 = VECTOR('',#1630,1.);
#1630 = DIRECTION('',(0.,0.,1.));
#1631 = PLANE('',#1632);
#1632 = AXIS2_PLACEMENT_3D('',#1633,#1634,#1635);
#1633 = CARTESIAN_POINT('',(6.5E-02,-0.636168639053,0.158668639053));
#1634 = DIRECTION('',(1.,0.,0.));
#1635 = DIRECTION('',(-0.,0.,1.));
#1636 = ADVANCED_FACE('',(#1637),#1662,.F.);
#1637 = FACE_BOUND('',#1638,.F.);
#1638 = EDGE_LOOP('',(#1639,#1640,#1648,#1656));
#1639 = ORIENTED_EDGE('',*,*,#1562,.F.);
#1640 = ORIENTED_EDGE('',*,*,#1641,.F.);
#1641 = EDGE_CURVE('',#1642,#1555,#1644,.T.);
#1642 = VERTEX_POINT('',#1643);
#1643 = CARTESIAN_POINT('',(-6.5E-02,-0.72,0.));
#1644 = LINE('',#1645,#1646);
#1645 = CARTESIAN_POINT('',(-6.5E-02,-0.72,0.));
#1646 = VECTOR('',#1647,1.);
#1647 = DIRECTION('',(1.,0.,-0.));
#1648 = ORIENTED_EDGE('',*,*,#1649,.T.);
#1649 = EDGE_CURVE('',#1642,#1650,#1652,.T.);
#1650 = VERTEX_POINT('',#1651);
#1651 = CARTESIAN_POINT('',(-6.5E-02,-0.72,3.E-02));
#1652 = LINE('',#1653,#1654);
#1653 = CARTESIAN_POINT('',(-6.5E-02,-0.72,0.));
#1654 = VECTOR('',#1655,1.);
#1655 = DIRECTION('',(0.,0.,1.));
#1656 = ORIENTED_EDGE('',*,*,#1657,.T.);
#1657 = EDGE_CURVE('',#1650,#1563,#1658,.T.);
#1658 = LINE('',#1659,#1660);
#1659 = CARTESIAN_POINT('',(-6.5E-02,-0.72,3.E-02));
#1660 = VECTOR('',#1661,1.);
#1661 = DIRECTION('',(1.,0.,-0.));
#1662 = PLANE('',#1663);
#1663 = AXIS2_PLACEMENT_3D('',#1664,#1665,#1666);
#1664 = CARTESIAN_POINT('',(-6.5E-02,-0.72,0.));
#1665 = DIRECTION('',(-0.,1.,0.));
#1666 = DIRECTION('',(0.,0.,1.));
#1667 = ADVANCED_FACE('',(#1668),#1748,.F.);
#1668 = FACE_BOUND('',#1669,.F.);
#1669 = EDGE_LOOP('',(#1670,#1671,#1679,#1687,#1695,#1703,#1711,#1719,
    #1727,#1735,#1741,#1742));
#1670 = ORIENTED_EDGE('',*,*,#555,.T.);
#1671 = ORIENTED_EDGE('',*,*,#1672,.T.);
#1672 = EDGE_CURVE('',#548,#1673,#1675,.T.);
#1673 = VERTEX_POINT('',#1674);
#1674 = CARTESIAN_POINT('',(-6.5E-02,-0.74,7.E-02));
#1675 = LINE('',#1676,#1677);
#1676 = CARTESIAN_POINT('',(-6.5E-02,-0.9,7.E-02));
#1677 = VECTOR('',#1678,1.);
#1678 = DIRECTION('',(-0.,1.,0.));
#1679 = ORIENTED_EDGE('',*,*,#1680,.T.);
#1680 = EDGE_CURVE('',#1673,#1681,#1683,.T.);
#1681 = VERTEX_POINT('',#1682);
#1682 = CARTESIAN_POINT('',(-6.5E-02,-0.74,0.1));
#1683 = LINE('',#1684,#1685);
#1684 = CARTESIAN_POINT('',(-6.5E-02,-0.74,3.E-02));
#1685 = VECTOR('',#1686,1.);
#1686 = DIRECTION('',(0.,0.,1.));
#1687 = ORIENTED_EDGE('',*,*,#1688,.T.);
#1688 = EDGE_CURVE('',#1681,#1689,#1691,.T.);
#1689 = VERTEX_POINT('',#1690);
#1690 = CARTESIAN_POINT('',(-6.5E-02,-0.575,0.1));
#1691 = LINE('',#1692,#1693);
#1692 = CARTESIAN_POINT('',(-6.5E-02,-0.74,0.1));
#1693 = VECTOR('',#1694,1.);
#1694 = DIRECTION('',(-0.,1.,0.));
#1695 = ORIENTED_EDGE('',*,*,#1696,.T.);
#1696 = EDGE_CURVE('',#1689,#1697,#1699,.T.);
#1697 = VERTEX_POINT('',#1698);
#1698 = CARTESIAN_POINT('',(-6.5E-02,-0.575,0.45));
#1699 = LINE('',#1700,#1701);
#1700 = CARTESIAN_POINT('',(-6.5E-02,-0.575,3.E-02));
#1701 = VECTOR('',#1702,1.);
#1702 = DIRECTION('',(0.,0.,1.));
#1703 = ORIENTED_EDGE('',*,*,#1704,.T.);
#1704 = EDGE_CURVE('',#1697,#1705,#1707,.T.);
#1705 = VERTEX_POINT('',#1706);
#1706 = CARTESIAN_POINT('',(-6.5E-02,-0.53,0.45));
#1707 = LINE('',#1708,#1709);
#1708 = CARTESIAN_POINT('',(-6.5E-02,-0.575,0.45));
#1709 = VECTOR('',#1710,1.);
#1710 = DIRECTION('',(-0.,1.,0.));
#1711 = ORIENTED_EDGE('',*,*,#1712,.F.);
#1712 = EDGE_CURVE('',#1713,#1705,#1715,.T.);
#1713 = VERTEX_POINT('',#1714);
#1714 = CARTESIAN_POINT('',(-6.5E-02,-0.53,7.E-02));
#1715 = LINE('',#1716,#1717);
#1716 = CARTESIAN_POINT('',(-6.5E-02,-0.53,0.114334319527));
#1717 = VECTOR('',#1718,1.);
#1718 = DIRECTION('',(0.,-0.,1.));
#1719 = ORIENTED_EDGE('',*,*,#1720,.F.);
#1720 = EDGE_CURVE('',#1721,#1713,#1723,.T.);
#1721 = VERTEX_POINT('',#1722);
#1722 = CARTESIAN_POINT('',(-6.5E-02,-0.505,7.E-02));
#1723 = LINE('',#1724,#1725);
#1724 = CARTESIAN_POINT('',(-6.5E-02,-0.583084319527,7.E-02));
#1725 = VECTOR('',#1726,1.);
#1726 = DIRECTION('',(0.,-1.,0.));
#1727 = ORIENTED_EDGE('',*,*,#1728,.F.);
#1728 = EDGE_CURVE('',#1729,#1721,#1731,.T.);
#1729 = VERTEX_POINT('',#1730);
#1730 = CARTESIAN_POINT('',(-6.5E-02,-0.505,3.E-02));
#1731 = LINE('',#1732,#1733);
#1732 = CARTESIAN_POINT('',(-6.5E-02,-0.505,3.E-02));
#1733 = VECTOR('',#1734,1.);
#1734 = DIRECTION('',(0.,0.,1.));
#1735 = ORIENTED_EDGE('',*,*,#1736,.F.);
#1736 = EDGE_CURVE('',#1650,#1729,#1737,.T.);
#1737 = LINE('',#1738,#1739);
#1738 = CARTESIAN_POINT('',(-6.5E-02,-0.74,3.E-02));
#1739 = VECTOR('',#1740,1.);
#1740 = DIRECTION('',(-0.,1.,0.));
#1741 = ORIENTED_EDGE('',*,*,#1649,.F.);
#1742 = ORIENTED_EDGE('',*,*,#1743,.F.);
#1743 = EDGE_CURVE('',#556,#1642,#1744,.T.);
#1744 = LINE('',#1745,#1746);
#1745 = CARTESIAN_POINT('',(-6.5E-02,-0.9,0.));
#1746 = VECTOR('',#1747,1.);
#1747 = DIRECTION('',(-0.,1.,0.));
#1748 = PLANE('',#1749);
#1749 = AXIS2_PLACEMENT_3D('',#1750,#1751,#1752);
#1750 = CARTESIAN_POINT('',(-6.5E-02,-0.636168639053,0.158668639053));
#1751 = DIRECTION('',(-1.,-0.,-0.));
#1752 = DIRECTION('',(0.,0.,-1.));
#1753 = ADVANCED_FACE('',(#1754),#1843,.F.);
#1754 = FACE_BOUND('',#1755,.F.);
#1755 = EDGE_LOOP('',(#1756,#1764,#1765,#1773,#1781,#1789,#1797,#1805,
    #1813,#1821,#1829,#1837));
#1756 = ORIENTED_EDGE('',*,*,#1757,.F.);
#1757 = EDGE_CURVE('',#572,#1758,#1760,.T.);
#1758 = VERTEX_POINT('',#1759);
#1759 = CARTESIAN_POINT('',(-0.285,-0.74,7.E-02));
#1760 = LINE('',#1761,#1762);
#1761 = CARTESIAN_POINT('',(-0.285,-0.9,7.E-02));
#1762 = VECTOR('',#1763,1.);
#1763 = DIRECTION('',(-0.,1.,0.));
#1764 = ORIENTED_EDGE('',*,*,#571,.T.);
#1765 = ORIENTED_EDGE('',*,*,#1766,.T.);
#1766 = EDGE_CURVE('',#564,#1767,#1769,.T.);
#1767 = VERTEX_POINT('',#1768);
#1768 = CARTESIAN_POINT('',(-0.285,-0.72,0.));
#1769 = LINE('',#1770,#1771);
#1770 = CARTESIAN_POINT('',(-0.285,-0.9,0.));
#1771 = VECTOR('',#1772,1.);
#1772 = DIRECTION('',(-0.,1.,0.));
#1773 = ORIENTED_EDGE('',*,*,#1774,.T.);
#1774 = EDGE_CURVE('',#1767,#1775,#1777,.T.);
#1775 = VERTEX_POINT('',#1776);
#1776 = CARTESIAN_POINT('',(-0.285,-0.72,3.E-02));
#1777 = LINE('',#1778,#1779);
#1778 = CARTESIAN_POINT('',(-0.285,-0.72,0.));
#1779 = VECTOR('',#1780,1.);
#1780 = DIRECTION('',(0.,0.,1.));
#1781 = ORIENTED_EDGE('',*,*,#1782,.T.);
#1782 = EDGE_CURVE('',#1775,#1783,#1785,.T.);
#1783 = VERTEX_POINT('',#1784);
#1784 = CARTESIAN_POINT('',(-0.285,-0.505,3.E-02));
#1785 = LINE('',#1786,#1787);
#1786 = CARTESIAN_POINT('',(-0.285,-0.74,3.E-02));
#1787 = VECTOR('',#1788,1.);
#1788 = DIRECTION('',(-0.,1.,0.));
#1789 = ORIENTED_EDGE('',*,*,#1790,.T.);
#1790 = EDGE_CURVE('',#1783,#1791,#1793,.T.);
#1791 = VERTEX_POINT('',#1792);
#1792 = CARTESIAN_POINT('',(-0.285,-0.505,7.E-02));
#1793 = LINE('',#1794,#1795);
#1794 = CARTESIAN_POINT('',(-0.285,-0.505,3.E-02));
#1795 = VECTOR('',#1796,1.);
#1796 = DIRECTION('',(0.,0.,1.));
#1797 = ORIENTED_EDGE('',*,*,#1798,.F.);
#1798 = EDGE_CURVE('',#1799,#1791,#1801,.T.);
#1799 = VERTEX_POINT('',#1800);
#1800 = CARTESIAN_POINT('',(-0.285,-0.53,7.E-02));
#1801 = LINE('',#1802,#1803);
#1802 = CARTESIAN_POINT('',(-0.285,-0.583084319527,7.E-02));
#1803 = VECTOR('',#1804,1.);
#1804 = DIRECTION('',(0.,1.,0.));
#1805 = ORIENTED_EDGE('',*,*,#1806,.F.);
#1806 = EDGE_CURVE('',#1807,#1799,#1809,.T.);
#1807 = VERTEX_POINT('',#1808);
#1808 = CARTESIAN_POINT('',(-0.285,-0.53,0.45));
#1809 = LINE('',#1810,#1811);
#1810 = CARTESIAN_POINT('',(-0.285,-0.53,0.114334319527));
#1811 = VECTOR('',#1812,1.);
#1812 = DIRECTION('',(0.,0.,-1.));
#1813 = ORIENTED_EDGE('',*,*,#1814,.F.);
#1814 = EDGE_CURVE('',#1815,#1807,#1817,.T.);
#1815 = VERTEX_POINT('',#1816);
#1816 = CARTESIAN_POINT('',(-0.285,-0.575,0.45));
#1817 = LINE('',#1818,#1819);
#1818 = CARTESIAN_POINT('',(-0.285,-0.575,0.45));
#1819 = VECTOR('',#1820,1.);
#1820 = DIRECTION('',(-0.,1.,0.));
#1821 = ORIENTED_EDGE('',*,*,#1822,.F.);
#1822 = EDGE_CURVE('',#1823,#1815,#1825,.T.);
#1823 = VERTEX_POINT('',#1824);
#1824 = CARTESIAN_POINT('',(-0.285,-0.575,0.1));
#1825 = LINE('',#1826,#1827);
#1826 = CARTESIAN_POINT('',(-0.285,-0.575,3.E-02));
#1827 = VECTOR('',#1828,1.);
#1828 = DIRECTION('',(0.,0.,1.));
#1829 = ORIENTED_EDGE('',*,*,#1830,.F.);
#1830 = EDGE_CURVE('',#1831,#1823,#1833,.T.);
#1831 = VERTEX_POINT('',#1832);
#1832 = CARTESIAN_POINT('',(-0.285,-0.74,0.1));
#1833 = LINE('',#1834,#1835);
#1834 = CARTESIAN_POINT('',(-0.285,-0.74,0.1));
#1835 = VECTOR('',#1836,1.);
#1836 = DIRECTION('',(-0.,1.,0.));
#1837 = ORIENTED_EDGE('',*,*,#1838,.F.);
#1838 = EDGE_CURVE('',#1758,#1831,#1839,.T.);
#1839 = LINE('',#1840,#1841);
#1840 = CARTESIAN_POINT('',(-0.285,-0.74,3.E-02));
#1841 = VECTOR('',#1842,1.);
#1842 = DIRECTION('',(0.,0.,1.));
#1843 = PLANE('',#1844);
#1844 = AXIS2_PLACEMENT_3D('',#1845,#1846,#1847);
#1845 = CARTESIAN_POINT('',(-0.285,-0.636168639053,0.158668639053));
#1846 = DIRECTION('',(1.,0.,0.));
#1847 = DIRECTION('',(-0.,0.,1.));
#1848 = ADVANCED_FACE('',(#1849),#1874,.F.);
#1849 = FACE_BOUND('',#1850,.F.);
#1850 = EDGE_LOOP('',(#1851,#1852,#1860,#1868));
#1851 = ORIENTED_EDGE('',*,*,#1774,.F.);
#1852 = ORIENTED_EDGE('',*,*,#1853,.F.);
#1853 = EDGE_CURVE('',#1854,#1767,#1856,.T.);
#1854 = VERTEX_POINT('',#1855);
#1855 = CARTESIAN_POINT('',(-0.415,-0.72,0.));
#1856 = LINE('',#1857,#1858);
#1857 = CARTESIAN_POINT('',(-0.415,-0.72,0.));
#1858 = VECTOR('',#1859,1.);
#1859 = DIRECTION('',(1.,0.,-0.));
#1860 = ORIENTED_EDGE('',*,*,#1861,.T.);
#1861 = EDGE_CURVE('',#1854,#1862,#1864,.T.);
#1862 = VERTEX_POINT('',#1863);
#1863 = CARTESIAN_POINT('',(-0.415,-0.72,3.E-02));
#1864 = LINE('',#1865,#1866);
#1865 = CARTESIAN_POINT('',(-0.415,-0.72,0.));
#1866 = VECTOR('',#1867,1.);
#1867 = DIRECTION('',(0.,0.,1.));
#1868 = ORIENTED_EDGE('',*,*,#1869,.T.);
#1869 = EDGE_CURVE('',#1862,#1775,#1870,.T.);
#1870 = LINE('',#1871,#1872);
#1871 = CARTESIAN_POINT('',(-0.415,-0.72,3.E-02));
#1872 = VECTOR('',#1873,1.);
#1873 = DIRECTION('',(1.,0.,-0.));
#1874 = PLANE('',#1875);
#1875 = AXIS2_PLACEMENT_3D('',#1876,#1877,#1878);
#1876 = CARTESIAN_POINT('',(-0.415,-0.72,0.));
#1877 = DIRECTION('',(-0.,1.,0.));
#1878 = DIRECTION('',(0.,0.,1.));
#1879 = ADVANCED_FACE('',(#1880),#1960,.F.);
#1880 = FACE_BOUND('',#1881,.F.);
#1881 = EDGE_LOOP('',(#1882,#1883,#1891,#1899,#1907,#1915,#1923,#1931,
    #1939,#1947,#1953,#1954));
#1882 = ORIENTED_EDGE('',*,*,#587,.T.);
#1883 = ORIENTED_EDGE('',*,*,#1884,.T.);
#1884 = EDGE_CURVE('',#580,#1885,#1887,.T.);
#1885 = VERTEX_POINT('',#1886);
#1886 = CARTESIAN_POINT('',(-0.415,-0.74,7.E-02));
#1887 = LINE('',#1888,#1889);
#1888 = CARTESIAN_POINT('',(-0.415,-0.9,7.E-02));
#1889 = VECTOR('',#1890,1.);
#1890 = DIRECTION('',(-0.,1.,0.));
#1891 = ORIENTED_EDGE('',*,*,#1892,.T.);
#1892 = EDGE_CURVE('',#1885,#1893,#1895,.T.);
#1893 = VERTEX_POINT('',#1894);
#1894 = CARTESIAN_POINT('',(-0.415,-0.74,0.1));
#1895 = LINE('',#1896,#1897);
#1896 = CARTESIAN_POINT('',(-0.415,-0.74,3.E-02));
#1897 = VECTOR('',#1898,1.);
#1898 = DIRECTION('',(0.,0.,1.));
#1899 = ORIENTED_EDGE('',*,*,#1900,.T.);
#1900 = EDGE_CURVE('',#1893,#1901,#1903,.T.);
#1901 = VERTEX_POINT('',#1902);
#1902 = CARTESIAN_POINT('',(-0.415,-0.575,0.1));
#1903 = LINE('',#1904,#1905);
#1904 = CARTESIAN_POINT('',(-0.415,-0.74,0.1));
#1905 = VECTOR('',#1906,1.);
#1906 = DIRECTION('',(-0.,1.,0.));
#1907 = ORIENTED_EDGE('',*,*,#1908,.T.);
#1908 = EDGE_CURVE('',#1901,#1909,#1911,.T.);
#1909 = VERTEX_POINT('',#1910);
#1910 = CARTESIAN_POINT('',(-0.415,-0.575,0.45));
#1911 = LINE('',#1912,#1913);
#1912 = CARTESIAN_POINT('',(-0.415,-0.575,3.E-02));
#1913 = VECTOR('',#1914,1.);
#1914 = DIRECTION('',(0.,0.,1.));
#1915 = ORIENTED_EDGE('',*,*,#1916,.T.);
#1916 = EDGE_CURVE('',#1909,#1917,#1919,.T.);
#1917 = VERTEX_POINT('',#1918);
#1918 = CARTESIAN_POINT('',(-0.415,-0.53,0.45));
#1919 = LINE('',#1920,#1921);
#1920 = CARTESIAN_POINT('',(-0.415,-0.575,0.45));
#1921 = VECTOR('',#1922,1.);
#1922 = DIRECTION('',(-0.,1.,0.));
#1923 = ORIENTED_EDGE('',*,*,#1924,.F.);
#1924 = EDGE_CURVE('',#1925,#1917,#1927,.T.);
#1925 = VERTEX_POINT('',#1926);
#1926 = CARTESIAN_POINT('',(-0.415,-0.53,7.E-02));
#1927 = LINE('',#1928,#1929);
#1928 = CARTESIAN_POINT('',(-0.415,-0.53,0.114334319527));
#1929 = VECTOR('',#1930,1.);
#1930 = DIRECTION('',(0.,-0.,1.));
#1931 = ORIENTED_EDGE('',*,*,#1932,.F.);
#1932 = EDGE_CURVE('',#1933,#1925,#1935,.T.);
#1933 = VERTEX_POINT('',#1934);
#1934 = CARTESIAN_POINT('',(-0.415,-0.505,7.E-02));
#1935 = LINE('',#1936,#1937);
#1936 = CARTESIAN_POINT('',(-0.415,-0.583084319527,7.E-02));
#1937 = VECTOR('',#1938,1.);
#1938 = DIRECTION('',(0.,-1.,0.));
#1939 = ORIENTED_EDGE('',*,*,#1940,.F.);
#1940 = EDGE_CURVE('',#1941,#1933,#1943,.T.);
#1941 = VERTEX_POINT('',#1942);
#1942 = CARTESIAN_POINT('',(-0.415,-0.505,3.E-02));
#1943 = LINE('',#1944,#1945);
#1944 = CARTESIAN_POINT('',(-0.415,-0.505,3.E-02));
#1945 = VECTOR('',#1946,1.);
#1946 = DIRECTION('',(0.,0.,1.));
#1947 = ORIENTED_EDGE('',*,*,#1948,.F.);
#1948 = EDGE_CURVE('',#1862,#1941,#1949,.T.);
#1949 = LINE('',#1950,#1951);
#1950 = CARTESIAN_POINT('',(-0.415,-0.74,3.E-02));
#1951 = VECTOR('',#1952,1.);
#1952 = DIRECTION('',(-0.,1.,0.));
#1953 = ORIENTED_EDGE('',*,*,#1861,.F.);
#1954 = ORIENTED_EDGE('',*,*,#1955,.F.);
#1955 = EDGE_CURVE('',#588,#1854,#1956,.T.);
#1956 = LINE('',#1957,#1958);
#1957 = CARTESIAN_POINT('',(-0.415,-0.9,0.));
#1958 = VECTOR('',#1959,1.);
#1959 = DIRECTION('',(-0.,1.,0.));
#1960 = PLANE('',#1961);
#1961 = AXIS2_PLACEMENT_3D('',#1962,#1963,#1964);
#1962 = CARTESIAN_POINT('',(-0.415,-0.636168639053,0.158668639053));
#1963 = DIRECTION('',(-1.,-0.,-0.));
#1964 = DIRECTION('',(0.,0.,-1.));
#1965 = ADVANCED_FACE('',(#1966),#2055,.F.);
#1966 = FACE_BOUND('',#1967,.F.);
#1967 = EDGE_LOOP('',(#1968,#1976,#1977,#1985,#1993,#2001,#2009,#2017,
    #2025,#2033,#2041,#2049));
#1968 = ORIENTED_EDGE('',*,*,#1969,.F.);
#1969 = EDGE_CURVE('',#604,#1970,#1972,.T.);
#1970 = VERTEX_POINT('',#1971);
#1971 = CARTESIAN_POINT('',(-0.635,-0.74,7.E-02));
#1972 = LINE('',#1973,#1974);
#1973 = CARTESIAN_POINT('',(-0.635,-0.9,7.E-02));
#1974 = VECTOR('',#1975,1.);
#1975 = DIRECTION('',(-0.,1.,0.));
#1976 = ORIENTED_EDGE('',*,*,#603,.T.);
#1977 = ORIENTED_EDGE('',*,*,#1978,.T.);
#1978 = EDGE_CURVE('',#596,#1979,#1981,.T.);
#1979 = VERTEX_POINT('',#1980);
#1980 = CARTESIAN_POINT('',(-0.635,-0.72,0.));
#1981 = LINE('',#1982,#1983);
#1982 = CARTESIAN_POINT('',(-0.635,-0.9,0.));
#1983 = VECTOR('',#1984,1.);
#1984 = DIRECTION('',(-0.,1.,0.));
#1985 = ORIENTED_EDGE('',*,*,#1986,.T.);
#1986 = EDGE_CURVE('',#1979,#1987,#1989,.T.);
#1987 = VERTEX_POINT('',#1988);
#1988 = CARTESIAN_POINT('',(-0.635,-0.72,3.E-02));
#1989 = LINE('',#1990,#1991);
#1990 = CARTESIAN_POINT('',(-0.635,-0.72,0.));
#1991 = VECTOR('',#1992,1.);
#1992 = DIRECTION('',(0.,0.,1.));
#1993 = ORIENTED_EDGE('',*,*,#1994,.T.);
#1994 = EDGE_CURVE('',#1987,#1995,#1997,.T.);
#1995 = VERTEX_POINT('',#1996);
#1996 = CARTESIAN_POINT('',(-0.635,-0.505,3.E-02));
#1997 = LINE('',#1998,#1999);
#1998 = CARTESIAN_POINT('',(-0.635,-0.74,3.E-02));
#1999 = VECTOR('',#2000,1.);
#2000 = DIRECTION('',(-0.,1.,0.));
#2001 = ORIENTED_EDGE('',*,*,#2002,.T.);
#2002 = EDGE_CURVE('',#1995,#2003,#2005,.T.);
#2003 = VERTEX_POINT('',#2004);
#2004 = CARTESIAN_POINT('',(-0.635,-0.505,7.E-02));
#2005 = LINE('',#2006,#2007);
#2006 = CARTESIAN_POINT('',(-0.635,-0.505,3.E-02));
#2007 = VECTOR('',#2008,1.);
#2008 = DIRECTION('',(0.,0.,1.));
#2009 = ORIENTED_EDGE('',*,*,#2010,.F.);
#2010 = EDGE_CURVE('',#2011,#2003,#2013,.T.);
#2011 = VERTEX_POINT('',#2012);
#2012 = CARTESIAN_POINT('',(-0.635,-0.53,7.E-02));
#2013 = LINE('',#2014,#2015);
#2014 = CARTESIAN_POINT('',(-0.635,-0.583084319527,7.E-02));
#2015 = VECTOR('',#2016,1.);
#2016 = DIRECTION('',(0.,1.,0.));
#2017 = ORIENTED_EDGE('',*,*,#2018,.F.);
#2018 = EDGE_CURVE('',#2019,#2011,#2021,.T.);
#2019 = VERTEX_POINT('',#2020);
#2020 = CARTESIAN_POINT('',(-0.635,-0.53,0.45));
#2021 = LINE('',#2022,#2023);
#2022 = CARTESIAN_POINT('',(-0.635,-0.53,0.114334319527));
#2023 = VECTOR('',#2024,1.);
#2024 = DIRECTION('',(0.,0.,-1.));
#2025 = ORIENTED_EDGE('',*,*,#2026,.F.);
#2026 = EDGE_CURVE('',#2027,#2019,#2029,.T.);
#2027 = VERTEX_POINT('',#2028);
#2028 = CARTESIAN_POINT('',(-0.635,-0.575,0.45));
#2029 = LINE('',#2030,#2031);
#2030 = CARTESIAN_POINT('',(-0.635,-0.575,0.45));
#2031 = VECTOR('',#2032,1.);
#2032 = DIRECTION('',(-0.,1.,0.));
#2033 = ORIENTED_EDGE('',*,*,#2034,.F.);
#2034 = EDGE_CURVE('',#2035,#2027,#2037,.T.);
#2035 = VERTEX_POINT('',#2036);
#2036 = CARTESIAN_POINT('',(-0.635,-0.575,0.1));
#2037 = LINE('',#2038,#2039);
#2038 = CARTESIAN_POINT('',(-0.635,-0.575,3.E-02));
#2039 = VECTOR('',#2040,1.);
#2040 = DIRECTION('',(0.,0.,1.));
#2041 = ORIENTED_EDGE('',*,*,#2042,.F.);
#2042 = EDGE_CURVE('',#2043,#2035,#2045,.T.);
#2043 = VERTEX_POINT('',#2044);
#2044 = CARTESIAN_POINT('',(-0.635,-0.74,0.1));
#2045 = LINE('',#2046,#2047);
#2046 = CARTESIAN_POINT('',(-0.635,-0.74,0.1));
#2047 = VECTOR('',#2048,1.);
#2048 = DIRECTION('',(-0.,1.,0.));
#2049 = ORIENTED_EDGE('',*,*,#2050,.F.);
#2050 = EDGE_CURVE('',#1970,#2043,#2051,.T.);
#2051 = LINE('',#2052,#2053);
#2052 = CARTESIAN_POINT('',(-0.635,-0.74,3.E-02));
#2053 = VECTOR('',#2054,1.);
#2054 = DIRECTION('',(0.,0.,1.));
#2055 = PLANE('',#2056);
#2056 = AXIS2_PLACEMENT_3D('',#2057,#2058,#2059);
#2057 = CARTESIAN_POINT('',(-0.635,-0.636168639053,0.158668639053));
#2058 = DIRECTION('',(1.,0.,0.));
#2059 = DIRECTION('',(-0.,0.,1.));
#2060 = ADVANCED_FACE('',(#2061),#2086,.F.);
#2061 = FACE_BOUND('',#2062,.F.);
#2062 = EDGE_LOOP('',(#2063,#2064,#2072,#2080));
#2063 = ORIENTED_EDGE('',*,*,#1986,.F.);
#2064 = ORIENTED_EDGE('',*,*,#2065,.F.);
#2065 = EDGE_CURVE('',#2066,#1979,#2068,.T.);
#2066 = VERTEX_POINT('',#2067);
#2067 = CARTESIAN_POINT('',(-0.765,-0.72,0.));
#2068 = LINE('',#2069,#2070);
#2069 = CARTESIAN_POINT('',(-0.765,-0.72,0.));
#2070 = VECTOR('',#2071,1.);
#2071 = DIRECTION('',(1.,0.,-0.));
#2072 = ORIENTED_EDGE('',*,*,#2073,.T.);
#2073 = EDGE_CURVE('',#2066,#2074,#2076,.T.);
#2074 = VERTEX_POINT('',#2075);
#2075 = CARTESIAN_POINT('',(-0.765,-0.72,3.E-02));
#2076 = LINE('',#2077,#2078);
#2077 = CARTESIAN_POINT('',(-0.765,-0.72,0.));
#2078 = VECTOR('',#2079,1.);
#2079 = DIRECTION('',(0.,0.,1.));
#2080 = ORIENTED_EDGE('',*,*,#2081,.T.);
#2081 = EDGE_CURVE('',#2074,#1987,#2082,.T.);
#2082 = LINE('',#2083,#2084);
#2083 = CARTESIAN_POINT('',(-0.765,-0.72,3.E-02));
#2084 = VECTOR('',#2085,1.);
#2085 = DIRECTION('',(1.,0.,-0.));
#2086 = PLANE('',#2087);
#2087 = AXIS2_PLACEMENT_3D('',#2088,#2089,#2090);
#2088 = CARTESIAN_POINT('',(-0.765,-0.72,0.));
#2089 = DIRECTION('',(-0.,1.,0.));
#2090 = DIRECTION('',(0.,0.,1.));
#2091 = ADVANCED_FACE('',(#2092),#2172,.F.);
#2092 = FACE_BOUND('',#2093,.F.);
#2093 = EDGE_LOOP('',(#2094,#2095,#2103,#2111,#2119,#2127,#2135,#2143,
    #2151,#2159,#2165,#2166));
#2094 = ORIENTED_EDGE('',*,*,#619,.T.);
#2095 = ORIENTED_EDGE('',*,*,#2096,.T.);
#2096 = EDGE_CURVE('',#612,#2097,#2099,.T.);
#2097 = VERTEX_POINT('',#2098);
#2098 = CARTESIAN_POINT('',(-0.765,-0.74,7.E-02));
#2099 = LINE('',#2100,#2101);
#2100 = CARTESIAN_POINT('',(-0.765,-0.9,7.E-02));
#2101 = VECTOR('',#2102,1.);
#2102 = DIRECTION('',(-0.,1.,0.));
#2103 = ORIENTED_EDGE('',*,*,#2104,.T.);
#2104 = EDGE_CURVE('',#2097,#2105,#2107,.T.);
#2105 = VERTEX_POINT('',#2106);
#2106 = CARTESIAN_POINT('',(-0.765,-0.74,0.1));
#2107 = LINE('',#2108,#2109);
#2108 = CARTESIAN_POINT('',(-0.765,-0.74,3.E-02));
#2109 = VECTOR('',#2110,1.);
#2110 = DIRECTION('',(0.,0.,1.));
#2111 = ORIENTED_EDGE('',*,*,#2112,.T.);
#2112 = EDGE_CURVE('',#2105,#2113,#2115,.T.);
#2113 = VERTEX_POINT('',#2114);
#2114 = CARTESIAN_POINT('',(-0.765,-0.575,0.1));
#2115 = LINE('',#2116,#2117);
#2116 = CARTESIAN_POINT('',(-0.765,-0.74,0.1));
#2117 = VECTOR('',#2118,1.);
#2118 = DIRECTION('',(-0.,1.,0.));
#2119 = ORIENTED_EDGE('',*,*,#2120,.T.);
#2120 = EDGE_CURVE('',#2113,#2121,#2123,.T.);
#2121 = VERTEX_POINT('',#2122);
#2122 = CARTESIAN_POINT('',(-0.765,-0.575,0.45));
#2123 = LINE('',#2124,#2125);
#2124 = CARTESIAN_POINT('',(-0.765,-0.575,3.E-02));
#2125 = VECTOR('',#2126,1.);
#2126 = DIRECTION('',(0.,0.,1.));
#2127 = ORIENTED_EDGE('',*,*,#2128,.T.);
#2128 = EDGE_CURVE('',#2121,#2129,#2131,.T.);
#2129 = VERTEX_POINT('',#2130);
#2130 = CARTESIAN_POINT('',(-0.765,-0.53,0.45));
#2131 = LINE('',#2132,#2133);
#2132 = CARTESIAN_POINT('',(-0.765,-0.575,0.45));
#2133 = VECTOR('',#2134,1.);
#2134 = DIRECTION('',(-0.,1.,0.));
#2135 = ORIENTED_EDGE('',*,*,#2136,.F.);
#2136 = EDGE_CURVE('',#2137,#2129,#2139,.T.);
#2137 = VERTEX_POINT('',#2138);
#2138 = CARTESIAN_POINT('',(-0.765,-0.53,7.E-02));
#2139 = LINE('',#2140,#2141);
#2140 = CARTESIAN_POINT('',(-0.765,-0.53,0.114334319527));
#2141 = VECTOR('',#2142,1.);
#2142 = DIRECTION('',(0.,-0.,1.));
#2143 = ORIENTED_EDGE('',*,*,#2144,.F.);
#2144 = EDGE_CURVE('',#2145,#2137,#2147,.T.);
#2145 = VERTEX_POINT('',#2146);
#2146 = CARTESIAN_POINT('',(-0.765,-0.505,7.E-02));
#2147 = LINE('',#2148,#2149);
#2148 = CARTESIAN_POINT('',(-0.765,-0.583084319527,7.E-02));
#2149 = VECTOR('',#2150,1.);
#2150 = DIRECTION('',(0.,-1.,0.));
#2151 = ORIENTED_EDGE('',*,*,#2152,.F.);
#2152 = EDGE_CURVE('',#2153,#2145,#2155,.T.);
#2153 = VERTEX_POINT('',#2154);
#2154 = CARTESIAN_POINT('',(-0.765,-0.505,3.E-02));
#2155 = LINE('',#2156,#2157);
#2156 = CARTESIAN_POINT('',(-0.765,-0.505,3.E-02));
#2157 = VECTOR('',#2158,1.);
#2158 = DIRECTION('',(0.,0.,1.));
#2159 = ORIENTED_EDGE('',*,*,#2160,.F.);
#2160 = EDGE_CURVE('',#2074,#2153,#2161,.T.);
#2161 = LINE('',#2162,#2163);
#2162 = CARTESIAN_POINT('',(-0.765,-0.74,3.E-02));
#2163 = VECTOR('',#2164,1.);
#2164 = DIRECTION('',(-0.,1.,0.));
#2165 = ORIENTED_EDGE('',*,*,#2073,.F.);
#2166 = ORIENTED_EDGE('',*,*,#2167,.F.);
#2167 = EDGE_CURVE('',#620,#2066,#2168,.T.);
#2168 = LINE('',#2169,#2170);
#2169 = CARTESIAN_POINT('',(-0.765,-0.9,0.));
#2170 = VECTOR('',#2171,1.);
#2171 = DIRECTION('',(-0.,1.,0.));
#2172 = PLANE('',#2173);
#2173 = AXIS2_PLACEMENT_3D('',#2174,#2175,#2176);
#2174 = CARTESIAN_POINT('',(-0.765,-0.636168639053,0.158668639053));
#2175 = DIRECTION('',(-1.,-0.,-0.));
#2176 = DIRECTION('',(0.,0.,-1.));
#2177 = ADVANCED_FACE('',(#2178),#2267,.F.);
#2178 = FACE_BOUND('',#2179,.F.);
#2179 = EDGE_LOOP('',(#2180,#2188,#2189,#2197,#2205,#2213,#2221,#2229,
    #2237,#2245,#2253,#2261));
#2180 = ORIENTED_EDGE('',*,*,#2181,.F.);
#2181 = EDGE_CURVE('',#636,#2182,#2184,.T.);
#2182 = VERTEX_POINT('',#2183);
#2183 = CARTESIAN_POINT('',(-0.985,-0.74,7.E-02));
#2184 = LINE('',#2185,#2186);
#2185 = CARTESIAN_POINT('',(-0.985,-0.9,7.E-02));
#2186 = VECTOR('',#2187,1.);
#2187 = DIRECTION('',(-0.,1.,0.));
#2188 = ORIENTED_EDGE('',*,*,#635,.T.);
#2189 = ORIENTED_EDGE('',*,*,#2190,.T.);
#2190 = EDGE_CURVE('',#628,#2191,#2193,.T.);
#2191 = VERTEX_POINT('',#2192);
#2192 = CARTESIAN_POINT('',(-0.985,-0.72,0.));
#2193 = LINE('',#2194,#2195);
#2194 = CARTESIAN_POINT('',(-0.985,-0.9,0.));
#2195 = VECTOR('',#2196,1.);
#2196 = DIRECTION('',(-0.,1.,0.));
#2197 = ORIENTED_EDGE('',*,*,#2198,.T.);
#2198 = EDGE_CURVE('',#2191,#2199,#2201,.T.);
#2199 = VERTEX_POINT('',#2200);
#2200 = CARTESIAN_POINT('',(-0.985,-0.72,3.E-02));
#2201 = LINE('',#2202,#2203);
#2202 = CARTESIAN_POINT('',(-0.985,-0.72,0.));
#2203 = VECTOR('',#2204,1.);
#2204 = DIRECTION('',(0.,0.,1.));
#2205 = ORIENTED_EDGE('',*,*,#2206,.T.);
#2206 = EDGE_CURVE('',#2199,#2207,#2209,.T.);
#2207 = VERTEX_POINT('',#2208);
#2208 = CARTESIAN_POINT('',(-0.985,-0.505,3.E-02));
#2209 = LINE('',#2210,#2211);
#2210 = CARTESIAN_POINT('',(-0.985,-0.74,3.E-02));
#2211 = VECTOR('',#2212,1.);
#2212 = DIRECTION('',(-0.,1.,0.));
#2213 = ORIENTED_EDGE('',*,*,#2214,.T.);
#2214 = EDGE_CURVE('',#2207,#2215,#2217,.T.);
#2215 = VERTEX_POINT('',#2216);
#2216 = CARTESIAN_POINT('',(-0.985,-0.505,7.E-02));
#2217 = LINE('',#2218,#2219);
#2218 = CARTESIAN_POINT('',(-0.985,-0.505,3.E-02));
#2219 = VECTOR('',#2220,1.);
#2220 = DIRECTION('',(0.,0.,1.));
#2221 = ORIENTED_EDGE('',*,*,#2222,.F.);
#2222 = EDGE_CURVE('',#2223,#2215,#2225,.T.);
#2223 = VERTEX_POINT('',#2224);
#2224 = CARTESIAN_POINT('',(-0.985,-0.53,7.E-02));
#2225 = LINE('',#2226,#2227);
#2226 = CARTESIAN_POINT('',(-0.985,-0.583084319527,7.E-02));
#2227 = VECTOR('',#2228,1.);
#2228 = DIRECTION('',(0.,1.,0.));
#2229 = ORIENTED_EDGE('',*,*,#2230,.F.);
#2230 = EDGE_CURVE('',#2231,#2223,#2233,.T.);
#2231 = VERTEX_POINT('',#2232);
#2232 = CARTESIAN_POINT('',(-0.985,-0.53,0.45));
#2233 = LINE('',#2234,#2235);
#2234 = CARTESIAN_POINT('',(-0.985,-0.53,0.114334319527));
#2235 = VECTOR('',#2236,1.);
#2236 = DIRECTION('',(0.,0.,-1.));
#2237 = ORIENTED_EDGE('',*,*,#2238,.F.);
#2238 = EDGE_CURVE('',#2239,#2231,#2241,.T.);
#2239 = VERTEX_POINT('',#2240);
#2240 = CARTESIAN_POINT('',(-0.985,-0.575,0.45));
#2241 = LINE('',#2242,#2243);
#2242 = CARTESIAN_POINT('',(-0.985,-0.575,0.45));
#2243 = VECTOR('',#2244,1.);
#2244 = DIRECTION('',(-0.,1.,0.));
#2245 = ORIENTED_EDGE('',*,*,#2246,.F.);
#2246 = EDGE_CURVE('',#2247,#2239,#2249,.T.);
#2247 = VERTEX_POINT('',#2248);
#2248 = CARTESIAN_POINT('',(-0.985,-0.575,0.1));
#2249 = LINE('',#2250,#2251);
#2250 = CARTESIAN_POINT('',(-0.985,-0.575,3.E-02));
#2251 = VECTOR('',#2252,1.);
#2252 = DIRECTION('',(0.,0.,1.));
#2253 = ORIENTED_EDGE('',*,*,#2254,.F.);
#2254 = EDGE_CURVE('',#2255,#2247,#2257,.T.);
#2255 = VERTEX_POINT('',#2256);
#2256 = CARTESIAN_POINT('',(-0.985,-0.74,0.1));
#2257 = LINE('',#2258,#2259);
#2258 = CARTESIAN_POINT('',(-0.985,-0.74,0.1));
#2259 = VECTOR('',#2260,1.);
#2260 = DIRECTION('',(-0.,1.,0.));
#2261 = ORIENTED_EDGE('',*,*,#2262,.F.);
#2262 = EDGE_CURVE('',#2182,#2255,#2263,.T.);
#2263 = LINE('',#2264,#2265);
#2264 = CARTESIAN_POINT('',(-0.985,-0.74,3.E-02));
#2265 = VECTOR('',#2266,1.);
#2266 = DIRECTION('',(0.,0.,1.));
#2267 = PLANE('',#2268);
#2268 = AXIS2_PLACEMENT_3D('',#2269,#2270,#2271);
#2269 = CARTESIAN_POINT('',(-0.985,-0.636168639053,0.158668639053));
#2270 = DIRECTION('',(1.,0.,0.));
#2271 = DIRECTION('',(-0.,0.,1.));
#2272 = ADVANCED_FACE('',(#2273),#2298,.F.);
#2273 = FACE_BOUND('',#2274,.F.);
#2274 = EDGE_LOOP('',(#2275,#2276,#2284,#2292));
#2275 = ORIENTED_EDGE('',*,*,#2198,.F.);
#2276 = ORIENTED_EDGE('',*,*,#2277,.F.);
#2277 = EDGE_CURVE('',#2278,#2191,#2280,.T.);
#2278 = VERTEX_POINT('',#2279);
#2279 = CARTESIAN_POINT('',(-1.115,-0.72,0.));
#2280 = LINE('',#2281,#2282);
#2281 = CARTESIAN_POINT('',(-1.115,-0.72,0.));
#2282 = VECTOR('',#2283,1.);
#2283 = DIRECTION('',(1.,0.,-0.));
#2284 = ORIENTED_EDGE('',*,*,#2285,.T.);
#2285 = EDGE_CURVE('',#2278,#2286,#2288,.T.);
#2286 = VERTEX_POINT('',#2287);
#2287 = CARTESIAN_POINT('',(-1.115,-0.72,3.E-02));
#2288 = LINE('',#2289,#2290);
#2289 = CARTESIAN_POINT('',(-1.115,-0.72,0.));
#2290 = VECTOR('',#2291,1.);
#2291 = DIRECTION('',(0.,0.,1.));
#2292 = ORIENTED_EDGE('',*,*,#2293,.T.);
#2293 = EDGE_CURVE('',#2286,#2199,#2294,.T.);
#2294 = LINE('',#2295,#2296);
#2295 = CARTESIAN_POINT('',(-1.115,-0.72,3.E-02));
#2296 = VECTOR('',#2297,1.);
#2297 = DIRECTION('',(1.,0.,-0.));
#2298 = PLANE('',#2299);
#2299 = AXIS2_PLACEMENT_3D('',#2300,#2301,#2302);
#2300 = CARTESIAN_POINT('',(-1.115,-0.72,0.));
#2301 = DIRECTION('',(-0.,1.,0.));
#2302 = DIRECTION('',(0.,0.,1.));
#2303 = ADVANCED_FACE('',(#2304),#2384,.F.);
#2304 = FACE_BOUND('',#2305,.F.);
#2305 = EDGE_LOOP('',(#2306,#2307,#2315,#2323,#2331,#2339,#2347,#2355,
    #2363,#2371,#2377,#2378));
#2306 = ORIENTED_EDGE('',*,*,#651,.T.);
#2307 = ORIENTED_EDGE('',*,*,#2308,.T.);
#2308 = EDGE_CURVE('',#644,#2309,#2311,.T.);
#2309 = VERTEX_POINT('',#2310);
#2310 = CARTESIAN_POINT('',(-1.115,-0.74,7.E-02));
#2311 = LINE('',#2312,#2313);
#2312 = CARTESIAN_POINT('',(-1.115,-0.9,7.E-02));
#2313 = VECTOR('',#2314,1.);
#2314 = DIRECTION('',(-0.,1.,0.));
#2315 = ORIENTED_EDGE('',*,*,#2316,.T.);
#2316 = EDGE_CURVE('',#2309,#2317,#2319,.T.);
#2317 = VERTEX_POINT('',#2318);
#2318 = CARTESIAN_POINT('',(-1.115,-0.74,0.1));
#2319 = LINE('',#2320,#2321);
#2320 = CARTESIAN_POINT('',(-1.115,-0.74,3.E-02));
#2321 = VECTOR('',#2322,1.);
#2322 = DIRECTION('',(0.,0.,1.));
#2323 = ORIENTED_EDGE('',*,*,#2324,.T.);
#2324 = EDGE_CURVE('',#2317,#2325,#2327,.T.);
#2325 = VERTEX_POINT('',#2326);
#2326 = CARTESIAN_POINT('',(-1.115,-0.575,0.1));
#2327 = LINE('',#2328,#2329);
#2328 = CARTESIAN_POINT('',(-1.115,-0.74,0.1));
#2329 = VECTOR('',#2330,1.);
#2330 = DIRECTION('',(-0.,1.,0.));
#2331 = ORIENTED_EDGE('',*,*,#2332,.T.);
#2332 = EDGE_CURVE('',#2325,#2333,#2335,.T.);
#2333 = VERTEX_POINT('',#2334);
#2334 = CARTESIAN_POINT('',(-1.115,-0.575,0.45));
#2335 = LINE('',#2336,#2337);
#2336 = CARTESIAN_POINT('',(-1.115,-0.575,3.E-02));
#2337 = VECTOR('',#2338,1.);
#2338 = DIRECTION('',(0.,0.,1.));
#2339 = ORIENTED_EDGE('',*,*,#2340,.T.);
#2340 = EDGE_CURVE('',#2333,#2341,#2343,.T.);
#2341 = VERTEX_POINT('',#2342);
#2342 = CARTESIAN_POINT('',(-1.115,-0.53,0.45));
#2343 = LINE('',#2344,#2345);
#2344 = CARTESIAN_POINT('',(-1.115,-0.575,0.45));
#2345 = VECTOR('',#2346,1.);
#2346 = DIRECTION('',(-0.,1.,0.));
#2347 = ORIENTED_EDGE('',*,*,#2348,.F.);
#2348 = EDGE_CURVE('',#2349,#2341,#2351,.T.);
#2349 = VERTEX_POINT('',#2350);
#2350 = CARTESIAN_POINT('',(-1.115,-0.53,7.E-02));
#2351 = LINE('',#2352,#2353);
#2352 = CARTESIAN_POINT('',(-1.115,-0.53,0.114334319527));
#2353 = VECTOR('',#2354,1.);
#2354 = DIRECTION('',(0.,-0.,1.));
#2355 = ORIENTED_EDGE('',*,*,#2356,.F.);
#2356 = EDGE_CURVE('',#2357,#2349,#2359,.T.);
#2357 = VERTEX_POINT('',#2358);
#2358 = CARTESIAN_POINT('',(-1.115,-0.505,7.E-02));
#2359 = LINE('',#2360,#2361);
#2360 = CARTESIAN_POINT('',(-1.115,-0.583084319527,7.E-02));
#2361 = VECTOR('',#2362,1.);
#2362 = DIRECTION('',(0.,-1.,0.));
#2363 = ORIENTED_EDGE('',*,*,#2364,.F.);
#2364 = EDGE_CURVE('',#2365,#2357,#2367,.T.);
#2365 = VERTEX_POINT('',#2366);
#2366 = CARTESIAN_POINT('',(-1.115,-0.505,3.E-02));
#2367 = LINE('',#2368,#2369);
#2368 = CARTESIAN_POINT('',(-1.115,-0.505,3.E-02));
#2369 = VECTOR('',#2370,1.);
#2370 = DIRECTION('',(0.,0.,1.));
#2371 = ORIENTED_EDGE('',*,*,#2372,.F.);
#2372 = EDGE_CURVE('',#2286,#2365,#2373,.T.);
#2373 = LINE('',#2374,#2375);
#2374 = CARTESIAN_POINT('',(-1.115,-0.74,3.E-02));
#2375 = VECTOR('',#2376,1.);
#2376 = DIRECTION('',(-0.,1.,0.));
#2377 = ORIENTED_EDGE('',*,*,#2285,.F.);
#2378 = ORIENTED_EDGE('',*,*,#2379,.F.);
#2379 = EDGE_CURVE('',#652,#2278,#2380,.T.);
#2380 = LINE('',#2381,#2382);
#2381 = CARTESIAN_POINT('',(-1.115,-0.9,0.));
#2382 = VECTOR('',#2383,1.);
#2383 = DIRECTION('',(-0.,1.,0.));
#2384 = PLANE('',#2385);
#2385 = AXIS2_PLACEMENT_3D('',#2386,#2387,#2388);
#2386 = CARTESIAN_POINT('',(-1.115,-0.636168639053,0.158668639053));
#2387 = DIRECTION('',(-1.,-0.,-0.));
#2388 = DIRECTION('',(0.,0.,-1.));
#2389 = ADVANCED_FACE('',(#2390),#2479,.F.);
#2390 = FACE_BOUND('',#2391,.F.);
#2391 = EDGE_LOOP('',(#2392,#2400,#2401,#2409,#2417,#2425,#2433,#2441,
    #2449,#2457,#2465,#2473));
#2392 = ORIENTED_EDGE('',*,*,#2393,.F.);
#2393 = EDGE_CURVE('',#668,#2394,#2396,.T.);
#2394 = VERTEX_POINT('',#2395);
#2395 = CARTESIAN_POINT('',(-1.335,-0.74,7.E-02));
#2396 = LINE('',#2397,#2398);
#2397 = CARTESIAN_POINT('',(-1.335,-0.9,7.E-02));
#2398 = VECTOR('',#2399,1.);
#2399 = DIRECTION('',(-0.,1.,0.));
#2400 = ORIENTED_EDGE('',*,*,#667,.T.);
#2401 = ORIENTED_EDGE('',*,*,#2402,.T.);
#2402 = EDGE_CURVE('',#660,#2403,#2405,.T.);
#2403 = VERTEX_POINT('',#2404);
#2404 = CARTESIAN_POINT('',(-1.335,-0.72,0.));
#2405 = LINE('',#2406,#2407);
#2406 = CARTESIAN_POINT('',(-1.335,-0.9,0.));
#2407 = VECTOR('',#2408,1.);
#2408 = DIRECTION('',(-0.,1.,0.));
#2409 = ORIENTED_EDGE('',*,*,#2410,.T.);
#2410 = EDGE_CURVE('',#2403,#2411,#2413,.T.);
#2411 = VERTEX_POINT('',#2412);
#2412 = CARTESIAN_POINT('',(-1.335,-0.72,3.E-02));
#2413 = LINE('',#2414,#2415);
#2414 = CARTESIAN_POINT('',(-1.335,-0.72,0.));
#2415 = VECTOR('',#2416,1.);
#2416 = DIRECTION('',(0.,0.,1.));
#2417 = ORIENTED_EDGE('',*,*,#2418,.T.);
#2418 = EDGE_CURVE('',#2411,#2419,#2421,.T.);
#2419 = VERTEX_POINT('',#2420);
#2420 = CARTESIAN_POINT('',(-1.335,-0.505,3.E-02));
#2421 = LINE('',#2422,#2423);
#2422 = CARTESIAN_POINT('',(-1.335,-0.74,3.E-02));
#2423 = VECTOR('',#2424,1.);
#2424 = DIRECTION('',(-0.,1.,0.));
#2425 = ORIENTED_EDGE('',*,*,#2426,.T.);
#2426 = EDGE_CURVE('',#2419,#2427,#2429,.T.);
#2427 = VERTEX_POINT('',#2428);
#2428 = CARTESIAN_POINT('',(-1.335,-0.505,7.E-02));
#2429 = LINE('',#2430,#2431);
#2430 = CARTESIAN_POINT('',(-1.335,-0.505,3.E-02));
#2431 = VECTOR('',#2432,1.);
#2432 = DIRECTION('',(0.,0.,1.));
#2433 = ORIENTED_EDGE('',*,*,#2434,.F.);
#2434 = EDGE_CURVE('',#2435,#2427,#2437,.T.);
#2435 = VERTEX_POINT('',#2436);
#2436 = CARTESIAN_POINT('',(-1.335,-0.53,7.E-02));
#2437 = LINE('',#2438,#2439);
#2438 = CARTESIAN_POINT('',(-1.335,-0.583084319527,7.E-02));
#2439 = VECTOR('',#2440,1.);
#2440 = DIRECTION('',(0.,1.,0.));
#2441 = ORIENTED_EDGE('',*,*,#2442,.F.);
#2442 = EDGE_CURVE('',#2443,#2435,#2445,.T.);
#2443 = VERTEX_POINT('',#2444);
#2444 = CARTESIAN_POINT('',(-1.335,-0.53,0.45));
#2445 = LINE('',#2446,#2447);
#2446 = CARTESIAN_POINT('',(-1.335,-0.53,0.114334319527));
#2447 = VECTOR('',#2448,1.);
#2448 = DIRECTION('',(0.,0.,-1.));
#2449 = ORIENTED_EDGE('',*,*,#2450,.F.);
#2450 = EDGE_CURVE('',#2451,#2443,#2453,.T.);
#2451 = VERTEX_POINT('',#2452);
#2452 = CARTESIAN_POINT('',(-1.335,-0.575,0.45));
#2453 = LINE('',#2454,#2455);
#2454 = CARTESIAN_POINT('',(-1.335,-0.575,0.45));
#2455 = VECTOR('',#2456,1.);
#2456 = DIRECTION('',(-0.,1.,0.));
#2457 = ORIENTED_EDGE('',*,*,#2458,.F.);
#2458 = EDGE_CURVE('',#2459,#2451,#2461,.T.);
#2459 = VERTEX_POINT('',#2460);
#2460 = CARTESIAN_POINT('',(-1.335,-0.575,0.1));
#2461 = LINE('',#2462,#2463);
#2462 = CARTESIAN_POINT('',(-1.335,-0.575,3.E-02));
#2463 = VECTOR('',#2464,1.);
#2464 = DIRECTION('',(0.,0.,1.));
#2465 = ORIENTED_EDGE('',*,*,#2466,.F.);
#2466 = EDGE_CURVE('',#2467,#2459,#2469,.T.);
#2467 = VERTEX_POINT('',#2468);
#2468 = CARTESIAN_POINT('',(-1.335,-0.74,0.1));
#2469 = LINE('',#2470,#2471);
#2470 = CARTESIAN_POINT('',(-1.335,-0.74,0.1));
#2471 = VECTOR('',#2472,1.);
#2472 = DIRECTION('',(-0.,1.,0.));
#2473 = ORIENTED_EDGE('',*,*,#2474,.F.);
#2474 = EDGE_CURVE('',#2394,#2467,#2475,.T.);
#2475 = LINE('',#2476,#2477);
#2476 = CARTESIAN_POINT('',(-1.335,-0.74,3.E-02));
#2477 = VECTOR('',#2478,1.);
#2478 = DIRECTION('',(0.,0.,1.));
#2479 = PLANE('',#2480);
#2480 = AXIS2_PLACEMENT_3D('',#2481,#2482,#2483);
#2481 = CARTESIAN_POINT('',(-1.335,-0.636168639053,0.158668639053));
#2482 = DIRECTION('',(1.,0.,0.));
#2483 = DIRECTION('',(-0.,0.,1.));
#2484 = ADVANCED_FACE('',(#2485),#2510,.F.);
#2485 = FACE_BOUND('',#2486,.F.);
#2486 = EDGE_LOOP('',(#2487,#2488,#2496,#2504));
#2487 = ORIENTED_EDGE('',*,*,#2410,.F.);
#2488 = ORIENTED_EDGE('',*,*,#2489,.F.);
#2489 = EDGE_CURVE('',#2490,#2403,#2492,.T.);
#2490 = VERTEX_POINT('',#2491);
#2491 = CARTESIAN_POINT('',(-1.465,-0.72,0.));
#2492 = LINE('',#2493,#2494);
#2493 = CARTESIAN_POINT('',(-1.465,-0.72,0.));
#2494 = VECTOR('',#2495,1.);
#2495 = DIRECTION('',(1.,0.,-0.));
#2496 = ORIENTED_EDGE('',*,*,#2497,.T.);
#2497 = EDGE_CURVE('',#2490,#2498,#2500,.T.);
#2498 = VERTEX_POINT('',#2499);
#2499 = CARTESIAN_POINT('',(-1.465,-0.72,3.E-02));
#2500 = LINE('',#2501,#2502);
#2501 = CARTESIAN_POINT('',(-1.465,-0.72,0.));
#2502 = VECTOR('',#2503,1.);
#2503 = DIRECTION('',(0.,0.,1.));
#2504 = ORIENTED_EDGE('',*,*,#2505,.T.);
#2505 = EDGE_CURVE('',#2498,#2411,#2506,.T.);
#2506 = LINE('',#2507,#2508);
#2507 = CARTESIAN_POINT('',(-1.465,-0.72,3.E-02));
#2508 = VECTOR('',#2509,1.);
#2509 = DIRECTION('',(1.,0.,-0.));
#2510 = PLANE('',#2511);
#2511 = AXIS2_PLACEMENT_3D('',#2512,#2513,#2514);
#2512 = CARTESIAN_POINT('',(-1.465,-0.72,0.));
#2513 = DIRECTION('',(-0.,1.,0.));
#2514 = DIRECTION('',(0.,0.,1.));
#2515 = ADVANCED_FACE('',(#2516),#2596,.F.);
#2516 = FACE_BOUND('',#2517,.F.);
#2517 = EDGE_LOOP('',(#2518,#2519,#2527,#2535,#2543,#2551,#2559,#2567,
    #2575,#2583,#2589,#2590));
#2518 = ORIENTED_EDGE('',*,*,#683,.T.);
#2519 = ORIENTED_EDGE('',*,*,#2520,.T.);
#2520 = EDGE_CURVE('',#676,#2521,#2523,.T.);
#2521 = VERTEX_POINT('',#2522);
#2522 = CARTESIAN_POINT('',(-1.465,-0.74,7.E-02));
#2523 = LINE('',#2524,#2525);
#2524 = CARTESIAN_POINT('',(-1.465,-0.9,7.E-02));
#2525 = VECTOR('',#2526,1.);
#2526 = DIRECTION('',(-0.,1.,0.));
#2527 = ORIENTED_EDGE('',*,*,#2528,.T.);
#2528 = EDGE_CURVE('',#2521,#2529,#2531,.T.);
#2529 = VERTEX_POINT('',#2530);
#2530 = CARTESIAN_POINT('',(-1.465,-0.74,0.1));
#2531 = LINE('',#2532,#2533);
#2532 = CARTESIAN_POINT('',(-1.465,-0.74,3.E-02));
#2533 = VECTOR('',#2534,1.);
#2534 = DIRECTION('',(0.,0.,1.));
#2535 = ORIENTED_EDGE('',*,*,#2536,.T.);
#2536 = EDGE_CURVE('',#2529,#2537,#2539,.T.);
#2537 = VERTEX_POINT('',#2538);
#2538 = CARTESIAN_POINT('',(-1.465,-0.575,0.1));
#2539 = LINE('',#2540,#2541);
#2540 = CARTESIAN_POINT('',(-1.465,-0.74,0.1));
#2541 = VECTOR('',#2542,1.);
#2542 = DIRECTION('',(-0.,1.,0.));
#2543 = ORIENTED_EDGE('',*,*,#2544,.T.);
#2544 = EDGE_CURVE('',#2537,#2545,#2547,.T.);
#2545 = VERTEX_POINT('',#2546);
#2546 = CARTESIAN_POINT('',(-1.465,-0.575,0.45));
#2547 = LINE('',#2548,#2549);
#2548 = CARTESIAN_POINT('',(-1.465,-0.575,3.E-02));
#2549 = VECTOR('',#2550,1.);
#2550 = DIRECTION('',(0.,0.,1.));
#2551 = ORIENTED_EDGE('',*,*,#2552,.T.);
#2552 = EDGE_CURVE('',#2545,#2553,#2555,.T.);
#2553 = VERTEX_POINT('',#2554);
#2554 = CARTESIAN_POINT('',(-1.465,-0.53,0.45));
#2555 = LINE('',#2556,#2557);
#2556 = CARTESIAN_POINT('',(-1.465,-0.575,0.45));
#2557 = VECTOR('',#2558,1.);
#2558 = DIRECTION('',(-0.,1.,0.));
#2559 = ORIENTED_EDGE('',*,*,#2560,.F.);
#2560 = EDGE_CURVE('',#2561,#2553,#2563,.T.);
#2561 = VERTEX_POINT('',#2562);
#2562 = CARTESIAN_POINT('',(-1.465,-0.53,7.E-02));
#2563 = LINE('',#2564,#2565);
#2564 = CARTESIAN_POINT('',(-1.465,-0.53,0.114334319527));
#2565 = VECTOR('',#2566,1.);
#2566 = DIRECTION('',(0.,-0.,1.));
#2567 = ORIENTED_EDGE('',*,*,#2568,.F.);
#2568 = EDGE_CURVE('',#2569,#2561,#2571,.T.);
#2569 = VERTEX_POINT('',#2570);
#2570 = CARTESIAN_POINT('',(-1.465,-0.505,7.E-02));
#2571 = LINE('',#2572,#2573);
#2572 = CARTESIAN_POINT('',(-1.465,-0.583084319527,7.E-02));
#2573 = VECTOR('',#2574,1.);
#2574 = DIRECTION('',(0.,-1.,0.));
#2575 = ORIENTED_EDGE('',*,*,#2576,.F.);
#2576 = EDGE_CURVE('',#2577,#2569,#2579,.T.);
#2577 = VERTEX_POINT('',#2578);
#2578 = CARTESIAN_POINT('',(-1.465,-0.505,3.E-02));
#2579 = LINE('',#2580,#2581);
#2580 = CARTESIAN_POINT('',(-1.465,-0.505,3.E-02));
#2581 = VECTOR('',#2582,1.);
#2582 = DIRECTION('',(0.,0.,1.));
#2583 = ORIENTED_EDGE('',*,*,#2584,.F.);
#2584 = EDGE_CURVE('',#2498,#2577,#2585,.T.);
#2585 = LINE('',#2586,#2587);
#2586 = CARTESIAN_POINT('',(-1.465,-0.74,3.E-02));
#2587 = VECTOR('',#2588,1.);
#2588 = DIRECTION('',(-0.,1.,0.));
#2589 = ORIENTED_EDGE('',*,*,#2497,.F.);
#2590 = ORIENTED_EDGE('',*,*,#2591,.F.);
#2591 = EDGE_CURVE('',#381,#2490,#2592,.T.);
#2592 = LINE('',#2593,#2594);
#2593 = CARTESIAN_POINT('',(-1.465,-0.9,0.));
#2594 = VECTOR('',#2595,1.);
#2595 = DIRECTION('',(-0.,1.,0.));
#2596 = PLANE('',#2597);
#2597 = AXIS2_PLACEMENT_3D('',#2598,#2599,#2600);
#2598 = CARTESIAN_POINT('',(-1.465,-0.636168639053,0.158668639053));
#2599 = DIRECTION('',(-1.,-0.,-0.));
#2600 = DIRECTION('',(0.,0.,-1.));
#2601 = ADVANCED_FACE('',(#2602),#2643,.F.);
#2602 = FACE_BOUND('',#2603,.F.);
#2603 = EDGE_LOOP('',(#2604,#2605,#2613,#2621,#2629,#2637));
#2604 = ORIENTED_EDGE('',*,*,#388,.T.);
#2605 = ORIENTED_EDGE('',*,*,#2606,.T.);
#2606 = EDGE_CURVE('',#379,#2607,#2609,.T.);
#2607 = VERTEX_POINT('',#2608);
#2608 = CARTESIAN_POINT('',(-1.8,-0.74,0.));
#2609 = LINE('',#2610,#2611);
#2610 = CARTESIAN_POINT('',(-1.8,-0.9,0.));
#2611 = VECTOR('',#2612,1.);
#2612 = DIRECTION('',(-0.,1.,0.));
#2613 = ORIENTED_EDGE('',*,*,#2614,.T.);
#2614 = EDGE_CURVE('',#2607,#2615,#2617,.T.);
#2615 = VERTEX_POINT('',#2616);
#2616 = CARTESIAN_POINT('',(-1.8,-0.74,8.E-02));
#2617 = LINE('',#2618,#2619);
#2618 = CARTESIAN_POINT('',(-1.8,-0.74,0.));
#2619 = VECTOR('',#2620,1.);
#2620 = DIRECTION('',(0.,0.,1.));
#2621 = ORIENTED_EDGE('',*,*,#2622,.F.);
#2622 = EDGE_CURVE('',#2623,#2615,#2625,.T.);
#2623 = VERTEX_POINT('',#2624);
#2624 = CARTESIAN_POINT('',(-1.8,-0.82,8.E-02));
#2625 = LINE('',#2626,#2627);
#2626 = CARTESIAN_POINT('',(-1.8,-0.9,8.E-02));
#2627 = VECTOR('',#2628,1.);
#2628 = DIRECTION('',(-0.,1.,0.));
#2629 = ORIENTED_EDGE('',*,*,#2630,.T.);
#2630 = EDGE_CURVE('',#2623,#2631,#2633,.T.);
#2631 = VERTEX_POINT('',#2632);
#2632 = CARTESIAN_POINT('',(-1.8,-0.82,0.53));
#2633 = LINE('',#2634,#2635);
#2634 = CARTESIAN_POINT('',(-1.8,-0.82,0.));
#2635 = VECTOR('',#2636,1.);
#2636 = DIRECTION('',(0.,0.,1.));
#2637 = ORIENTED_EDGE('',*,*,#2638,.F.);
#2638 = EDGE_CURVE('',#389,#2631,#2639,.T.);
#2639 = LINE('',#2640,#2641);
#2640 = CARTESIAN_POINT('',(-1.8,-0.9,0.53));
#2641 = VECTOR('',#2642,1.);
#2642 = DIRECTION('',(-0.,1.,0.));
#2643 = PLANE('',#2644);
#2644 = AXIS2_PLACEMENT_3D('',#2645,#2646,#2647);
#2645 = CARTESIAN_POINT('',(-1.8,-0.846086956522,0.238913043478));
#2646 = DIRECTION('',(1.,0.,0.));
#2647 = DIRECTION('',(-0.,0.,1.));
#2648 = ADVANCED_FACE('',(#2649),#2674,.F.);
#2649 = FACE_BOUND('',#2650,.F.);
#2650 = EDGE_LOOP('',(#2651,#2659,#2667,#2673));
#2651 = ORIENTED_EDGE('',*,*,#2652,.F.);
#2652 = EDGE_CURVE('',#2653,#2607,#2655,.T.);
#2653 = VERTEX_POINT('',#2654);
#2654 = CARTESIAN_POINT('',(-2.2,-0.74,0.));
#2655 = LINE('',#2656,#2657);
#2656 = CARTESIAN_POINT('',(-2.2,-0.74,0.));
#2657 = VECTOR('',#2658,1.);
#2658 = DIRECTION('',(1.,0.,-0.));
#2659 = ORIENTED_EDGE('',*,*,#2660,.T.);
#2660 = EDGE_CURVE('',#2653,#2661,#2663,.T.);
#2661 = VERTEX_POINT('',#2662);
#2662 = CARTESIAN_POINT('',(-2.2,-0.74,8.E-02));
#2663 = LINE('',#2664,#2665);
#2664 = CARTESIAN_POINT('',(-2.2,-0.74,0.));
#2665 = VECTOR('',#2666,1.);
#2666 = DIRECTION('',(0.,0.,1.));
#2667 = ORIENTED_EDGE('',*,*,#2668,.T.);
#2668 = EDGE_CURVE('',#2661,#2615,#2669,.T.);
#2669 = LINE('',#2670,#2671);
#2670 = CARTESIAN_POINT('',(-2.2,-0.74,8.E-02));
#2671 = VECTOR('',#2672,1.);
#2672 = DIRECTION('',(1.,0.,-0.));
#2673 = ORIENTED_EDGE('',*,*,#2614,.F.);
#2674 = PLANE('',#2675);
#2675 = AXIS2_PLACEMENT_3D('',#2676,#2677,#2678);
#2676 = CARTESIAN_POINT('',(-2.2,-0.74,0.));
#2677 = DIRECTION('',(-0.,1.,0.));
#2678 = DIRECTION('',(0.,0.,1.));
#2679 = ADVANCED_FACE('',(#2680),#2721,.F.);
#2680 = FACE_BOUND('',#2681,.F.);
#2681 = EDGE_LOOP('',(#2682,#2690,#2698,#2706,#2714,#2720));
#2682 = ORIENTED_EDGE('',*,*,#2683,.F.);
#2683 = EDGE_CURVE('',#2684,#2653,#2686,.T.);
#2684 = VERTEX_POINT('',#2685);
#2685 = CARTESIAN_POINT('',(-2.2,-0.875,0.));
#2686 = LINE('',#2687,#2688);
#2687 = CARTESIAN_POINT('',(-2.2,-0.9,0.));
#2688 = VECTOR('',#2689,1.);
#2689 = DIRECTION('',(-0.,1.,0.));
#2690 = ORIENTED_EDGE('',*,*,#2691,.T.);
#2691 = EDGE_CURVE('',#2684,#2692,#2694,.T.);
#2692 = VERTEX_POINT('',#2693);
#2693 = CARTESIAN_POINT('',(-2.2,-0.875,0.45));
#2694 = LINE('',#2695,#2696);
#2695 = CARTESIAN_POINT('',(-2.2,-0.875,0.100368852459));
#2696 = VECTOR('',#2697,1.);
#2697 = DIRECTION('',(0.,-0.,1.));
#2698 = ORIENTED_EDGE('',*,*,#2699,.T.);
#2699 = EDGE_CURVE('',#2692,#2700,#2702,.T.);
#2700 = VERTEX_POINT('',#2701);
#2701 = CARTESIAN_POINT('',(-2.2,-0.82,0.45));
#2702 = LINE('',#2703,#2704);
#2703 = CARTESIAN_POINT('',(-2.2,-0.9,0.45));
#2704 = VECTOR('',#2705,1.);
#2705 = DIRECTION('',(-0.,1.,0.));
#2706 = ORIENTED_EDGE('',*,*,#2707,.F.);
#2707 = EDGE_CURVE('',#2708,#2700,#2710,.T.);
#2708 = VERTEX_POINT('',#2709);
#2709 = CARTESIAN_POINT('',(-2.2,-0.82,8.E-02));
#2710 = LINE('',#2711,#2712);
#2711 = CARTESIAN_POINT('',(-2.2,-0.82,0.));
#2712 = VECTOR('',#2713,1.);
#2713 = DIRECTION('',(0.,0.,1.));
#2714 = ORIENTED_EDGE('',*,*,#2715,.T.);
#2715 = EDGE_CURVE('',#2708,#2661,#2716,.T.);
#2716 = LINE('',#2717,#2718);
#2717 = CARTESIAN_POINT('',(-2.2,-0.9,8.E-02));
#2718 = VECTOR('',#2719,1.);
#2719 = DIRECTION('',(-0.,1.,0.));
#2720 = ORIENTED_EDGE('',*,*,#2660,.F.);
#2721 = PLANE('',#2722);
#2722 = AXIS2_PLACEMENT_3D('',#2723,#2724,#2725);
#2723 = CARTESIAN_POINT('',(-2.2,-0.844262295082,0.200737704918));
#2724 = DIRECTION('',(-1.,-0.,-0.));
#2725 = DIRECTION('',(0.,0.,-1.));
#2726 = ADVANCED_FACE('',(#2727),#2761,.F.);
#2727 = FACE_BOUND('',#2728,.F.);
#2728 = EDGE_LOOP('',(#2729,#2739,#2747,#2755));
#2729 = ORIENTED_EDGE('',*,*,#2730,.F.);
#2730 = EDGE_CURVE('',#2731,#2733,#2735,.T.);
#2731 = VERTEX_POINT('',#2732);
#2732 = CARTESIAN_POINT('',(-2.95,-0.875,0.53));
#2733 = VERTEX_POINT('',#2734);
#2734 = CARTESIAN_POINT('',(-2.95,-0.38,0.53));
#2735 = LINE('',#2736,#2737);
#2736 = CARTESIAN_POINT('',(-2.95,-0.875,0.53));
#2737 = VECTOR('',#2738,1.);
#2738 = DIRECTION('',(-0.,1.,0.));
#2739 = ORIENTED_EDGE('',*,*,#2740,.F.);
#2740 = EDGE_CURVE('',#2741,#2731,#2743,.T.);
#2741 = VERTEX_POINT('',#2742);
#2742 = CARTESIAN_POINT('',(-2.95,-0.875,0.));
#2743 = LINE('',#2744,#2745);
#2744 = CARTESIAN_POINT('',(-2.95,-0.875,0.));
#2745 = VECTOR('',#2746,1.);
#2746 = DIRECTION('',(0.,0.,1.));
#2747 = ORIENTED_EDGE('',*,*,#2748,.T.);
#2748 = EDGE_CURVE('',#2741,#2749,#2751,.T.);
#2749 = VERTEX_POINT('',#2750);
#2750 = CARTESIAN_POINT('',(-2.95,-0.38,0.));
#2751 = LINE('',#2752,#2753);
#2752 = CARTESIAN_POINT('',(-2.95,-0.875,0.));
#2753 = VECTOR('',#2754,1.);
#2754 = DIRECTION('',(-0.,1.,0.));
#2755 = ORIENTED_EDGE('',*,*,#2756,.T.);
#2756 = EDGE_CURVE('',#2749,#2733,#2757,.T.);
#2757 = LINE('',#2758,#2759);
#2758 = CARTESIAN_POINT('',(-2.95,-0.38,0.));
#2759 = VECTOR('',#2760,1.);
#2760 = DIRECTION('',(0.,0.,1.));
#2761 = PLANE('',#2762);
#2762 = AXIS2_PLACEMENT_3D('',#2763,#2764,#2765);
#2763 = CARTESIAN_POINT('',(-2.95,-0.875,0.));
#2764 = DIRECTION('',(1.,0.,-0.));
#2765 = DIRECTION('',(0.,0.,1.));
#2766 = ADVANCED_FACE('',(#2767),#2792,.T.);
#2767 = FACE_BOUND('',#2768,.T.);
#2768 = EDGE_LOOP('',(#2769,#2770,#2778,#2786));
#2769 = ORIENTED_EDGE('',*,*,#2730,.F.);
#2770 = ORIENTED_EDGE('',*,*,#2771,.T.);
#2771 = EDGE_CURVE('',#2731,#2772,#2774,.T.);
#2772 = VERTEX_POINT('',#2773);
#2773 = CARTESIAN_POINT('',(-2.94,-0.875,0.53));
#2774 = LINE('',#2775,#2776);
#2775 = CARTESIAN_POINT('',(-2.95,-0.875,0.53));
#2776 = VECTOR('',#2777,1.);
#2777 = DIRECTION('',(1.,0.,-0.));
#2778 = ORIENTED_EDGE('',*,*,#2779,.T.);
#2779 = EDGE_CURVE('',#2772,#2780,#2782,.T.);
#2780 = VERTEX_POINT('',#2781);
#2781 = CARTESIAN_POINT('',(-2.94,-0.38,0.53));
#2782 = LINE('',#2783,#2784);
#2783 = CARTESIAN_POINT('',(-2.94,-0.9,0.53));
#2784 = VECTOR('',#2785,1.);
#2785 = DIRECTION('',(-0.,1.,0.));
#2786 = ORIENTED_EDGE('',*,*,#2787,.F.);
#2787 = EDGE_CURVE('',#2733,#2780,#2788,.T.);
#2788 = LINE('',#2789,#2790);
#2789 = CARTESIAN_POINT('',(-3.05,-0.38,0.53));
#2790 = VECTOR('',#2791,1.);
#2791 = DIRECTION('',(1.,0.,-0.));
#2792 = PLANE('',#2793);
#2793 = AXIS2_PLACEMENT_3D('',#2794,#2795,#2796);
#2794 = CARTESIAN_POINT('',(-2.95,-0.875,0.53));
#2795 = DIRECTION('',(0.,0.,1.));
#2796 = DIRECTION('',(1.,0.,-0.));
#2797 = ADVANCED_FACE('',(#2798),#2832,.T.);
#2798 = FACE_BOUND('',#2799,.T.);
#2799 = EDGE_LOOP('',(#2800,#2808,#2809,#2810,#2818,#2826));
#2800 = ORIENTED_EDGE('',*,*,#2801,.F.);
#2801 = EDGE_CURVE('',#2749,#2802,#2804,.T.);
#2802 = VERTEX_POINT('',#2803);
#2803 = CARTESIAN_POINT('',(-2.86,-0.38,0.));
#2804 = LINE('',#2805,#2806);
#2805 = CARTESIAN_POINT('',(-3.05,-0.38,0.));
#2806 = VECTOR('',#2807,1.);
#2807 = DIRECTION('',(1.,0.,-0.));
#2808 = ORIENTED_EDGE('',*,*,#2756,.T.);
#2809 = ORIENTED_EDGE('',*,*,#2787,.T.);
#2810 = ORIENTED_EDGE('',*,*,#2811,.F.);
#2811 = EDGE_CURVE('',#2812,#2780,#2814,.T.);
#2812 = VERTEX_POINT('',#2813);
#2813 = CARTESIAN_POINT('',(-2.94,-0.38,0.45));
#2814 = LINE('',#2815,#2816);
#2815 = CARTESIAN_POINT('',(-2.94,-0.38,0.184645922747));
#2816 = VECTOR('',#2817,1.);
#2817 = DIRECTION('',(0.,-0.,1.));
#2818 = ORIENTED_EDGE('',*,*,#2819,.T.);
#2819 = EDGE_CURVE('',#2812,#2820,#2822,.T.);
#2820 = VERTEX_POINT('',#2821);
#2821 = CARTESIAN_POINT('',(-2.86,-0.38,0.45));
#2822 = LINE('',#2823,#2824);
#2823 = CARTESIAN_POINT('',(-2.995,-0.38,0.45));
#2824 = VECTOR('',#2825,1.);
#2825 = DIRECTION('',(1.,0.,-0.));
#2826 = ORIENTED_EDGE('',*,*,#2827,.F.);
#2827 = EDGE_CURVE('',#2802,#2820,#2828,.T.);
#2828 = LINE('',#2829,#2830);
#2829 = CARTESIAN_POINT('',(-2.86,-0.38,0.));
#2830 = VECTOR('',#2831,1.);
#2831 = DIRECTION('',(0.,0.,1.));
#2832 = PLANE('',#2833);
#2833 = AXIS2_PLACEMENT_3D('',#2834,#2835,#2836);
#2834 = CARTESIAN_POINT('',(-3.05,-0.38,0.));
#2835 = DIRECTION('',(-0.,1.,0.));
#2836 = DIRECTION('',(0.,0.,1.));
#2837 = ADVANCED_FACE('',(#2838),#2863,.F.);
#2838 = FACE_BOUND('',#2839,.F.);
#2839 = EDGE_LOOP('',(#2840,#2846,#2847,#2848,#2856,#2862));
#2840 = ORIENTED_EDGE('',*,*,#2841,.F.);
#2841 = EDGE_CURVE('',#2741,#2684,#2842,.T.);
#2842 = LINE('',#2843,#2844);
#2843 = CARTESIAN_POINT('',(-2.95,-0.875,0.));
#2844 = VECTOR('',#2845,1.);
#2845 = DIRECTION('',(1.,0.,-0.));
#2846 = ORIENTED_EDGE('',*,*,#2740,.T.);
#2847 = ORIENTED_EDGE('',*,*,#2771,.T.);
#2848 = ORIENTED_EDGE('',*,*,#2849,.F.);
#2849 = EDGE_CURVE('',#2850,#2772,#2852,.T.);
#2850 = VERTEX_POINT('',#2851);
#2851 = CARTESIAN_POINT('',(-2.94,-0.875,0.45));
#2852 = LINE('',#2853,#2854);
#2853 = CARTESIAN_POINT('',(-2.94,-0.875,0.184645922747));
#2854 = VECTOR('',#2855,1.);
#2855 = DIRECTION('',(0.,-0.,1.));
#2856 = ORIENTED_EDGE('',*,*,#2857,.T.);
#2857 = EDGE_CURVE('',#2850,#2692,#2858,.T.);
#2858 = LINE('',#2859,#2860);
#2859 = CARTESIAN_POINT('',(-2.945,-0.875,0.45));
#2860 = VECTOR('',#2861,1.);
#2861 = DIRECTION('',(1.,0.,-0.));
#2862 = ORIENTED_EDGE('',*,*,#2691,.F.);
#2863 = PLANE('',#2864);
#2864 = AXIS2_PLACEMENT_3D('',#2865,#2866,#2867);
#2865 = CARTESIAN_POINT('',(-2.95,-0.875,0.));
#2866 = DIRECTION('',(-0.,1.,0.));
#2867 = DIRECTION('',(0.,0.,1.));
#2868 = ADVANCED_FACE('',(#2869),#2880,.F.);
#2869 = FACE_BOUND('',#2870,.F.);
#2870 = EDGE_LOOP('',(#2871,#2872,#2873,#2874));
#2871 = ORIENTED_EDGE('',*,*,#2849,.T.);
#2872 = ORIENTED_EDGE('',*,*,#2779,.T.);
#2873 = ORIENTED_EDGE('',*,*,#2811,.F.);
#2874 = ORIENTED_EDGE('',*,*,#2875,.F.);
#2875 = EDGE_CURVE('',#2850,#2812,#2876,.T.);
#2876 = LINE('',#2877,#2878);
#2877 = CARTESIAN_POINT('',(-2.94,-0.9,0.45));
#2878 = VECTOR('',#2879,1.);
#2879 = DIRECTION('',(-0.,1.,0.));
#2880 = PLANE('',#2881);
#2881 = AXIS2_PLACEMENT_3D('',#2882,#2883,#2884);
#2882 = CARTESIAN_POINT('',(-2.94,-8.934198159537E-18,0.369291845494));
#2883 = DIRECTION('',(-1.,-0.,-0.));
#2884 = DIRECTION('',(0.,0.,-1.));
#2885 = ADVANCED_FACE('',(#2886),#3018,.T.);
#2886 = FACE_BOUND('',#2887,.T.);
#2887 = EDGE_LOOP('',(#2888,#2898,#2906,#2914,#2922,#2930,#2938,#2946,
    #2952,#2953,#2954,#2955,#2956,#2964,#2972,#2980,#2988,#2996,#3004,
    #3012));
#2888 = ORIENTED_EDGE('',*,*,#2889,.F.);
#2889 = EDGE_CURVE('',#2890,#2892,#2894,.T.);
#2890 = VERTEX_POINT('',#2891);
#2891 = CARTESIAN_POINT('',(-2.,0.61,0.45));
#2892 = VERTEX_POINT('',#2893);
#2893 = CARTESIAN_POINT('',(-2.02,0.61,0.45));
#2894 = LINE('',#2895,#2896);
#2895 = CARTESIAN_POINT('',(-2.48,0.61,0.45));
#2896 = VECTOR('',#2897,1.);
#2897 = DIRECTION('',(-1.,-0.,0.));
#2898 = ORIENTED_EDGE('',*,*,#2899,.T.);
#2899 = EDGE_CURVE('',#2890,#2900,#2902,.T.);
#2900 = VERTEX_POINT('',#2901);
#2901 = CARTESIAN_POINT('',(-2.,0.82,0.45));
#2902 = LINE('',#2903,#2904);
#2903 = CARTESIAN_POINT('',(-2.,-0.9,0.45));
#2904 = VECTOR('',#2905,1.);
#2905 = DIRECTION('',(-0.,1.,0.));
#2906 = ORIENTED_EDGE('',*,*,#2907,.T.);
#2907 = EDGE_CURVE('',#2900,#2908,#2910,.T.);
#2908 = VERTEX_POINT('',#2909);
#2909 = CARTESIAN_POINT('',(-2.2,0.82,0.45));
#2910 = LINE('',#2911,#2912);
#2911 = CARTESIAN_POINT('',(-2.57,0.82,0.45));
#2912 = VECTOR('',#2913,1.);
#2913 = DIRECTION('',(-1.,-0.,0.));
#2914 = ORIENTED_EDGE('',*,*,#2915,.T.);
#2915 = EDGE_CURVE('',#2908,#2916,#2918,.T.);
#2916 = VERTEX_POINT('',#2917);
#2917 = CARTESIAN_POINT('',(-2.2,0.875,0.45));
#2918 = LINE('',#2919,#2920);
#2919 = CARTESIAN_POINT('',(-2.2,-4.E-02,0.45));
#2920 = VECTOR('',#2921,1.);
#2921 = DIRECTION('',(-0.,1.,0.));
#2922 = ORIENTED_EDGE('',*,*,#2923,.F.);
#2923 = EDGE_CURVE('',#2924,#2916,#2926,.T.);
#2924 = VERTEX_POINT('',#2925);
#2925 = CARTESIAN_POINT('',(-2.94,0.875,0.45));
#2926 = LINE('',#2927,#2928);
#2927 = CARTESIAN_POINT('',(-2.945,0.875,0.45));
#2928 = VECTOR('',#2929,1.);
#2929 = DIRECTION('',(1.,0.,-0.));
#2930 = ORIENTED_EDGE('',*,*,#2931,.F.);
#2931 = EDGE_CURVE('',#2932,#2924,#2934,.T.);
#2932 = VERTEX_POINT('',#2933);
#2933 = CARTESIAN_POINT('',(-2.94,0.38,0.45));
#2934 = LINE('',#2935,#2936);
#2935 = CARTESIAN_POINT('',(-2.94,-0.9,0.45));
#2936 = VECTOR('',#2937,1.);
#2937 = DIRECTION('',(-0.,1.,0.));
#2938 = ORIENTED_EDGE('',*,*,#2939,.T.);
#2939 = EDGE_CURVE('',#2932,#2940,#2942,.T.);
#2940 = VERTEX_POINT('',#2941);
#2941 = CARTESIAN_POINT('',(-2.86,0.38,0.45));
#2942 = LINE('',#2943,#2944);
#2943 = CARTESIAN_POINT('',(-2.995,0.38,0.45));
#2944 = VECTOR('',#2945,1.);
#2945 = DIRECTION('',(1.,0.,-0.));
#2946 = ORIENTED_EDGE('',*,*,#2947,.T.);
#2947 = EDGE_CURVE('',#2940,#2820,#2948,.T.);
#2948 = LINE('',#2949,#2950);
#2949 = CARTESIAN_POINT('',(-2.86,-0.64,0.45));
#2950 = VECTOR('',#2951,1.);
#2951 = DIRECTION('',(0.,-1.,0.));
#2952 = ORIENTED_EDGE('',*,*,#2819,.F.);
#2953 = ORIENTED_EDGE('',*,*,#2875,.F.);
#2954 = ORIENTED_EDGE('',*,*,#2857,.T.);
#2955 = ORIENTED_EDGE('',*,*,#2699,.T.);
#2956 = ORIENTED_EDGE('',*,*,#2957,.F.);
#2957 = EDGE_CURVE('',#2958,#2700,#2960,.T.);
#2958 = VERTEX_POINT('',#2959);
#2959 = CARTESIAN_POINT('',(-2.,-0.82,0.45));
#2960 = LINE('',#2961,#2962);
#2961 = CARTESIAN_POINT('',(-2.57,-0.82,0.45));
#2962 = VECTOR('',#2963,1.);
#2963 = DIRECTION('',(-1.,-0.,0.));
#2964 = ORIENTED_EDGE('',*,*,#2965,.T.);
#2965 = EDGE_CURVE('',#2958,#2966,#2968,.T.);
#2966 = VERTEX_POINT('',#2967);
#2967 = CARTESIAN_POINT('',(-2.,-0.61,0.45));
#2968 = LINE('',#2969,#2970);
#2969 = CARTESIAN_POINT('',(-2.,-0.9,0.45));
#2970 = VECTOR('',#2971,1.);
#2971 = DIRECTION('',(-0.,1.,0.));
#2972 = ORIENTED_EDGE('',*,*,#2973,.T.);
#2973 = EDGE_CURVE('',#2966,#2974,#2976,.T.);
#2974 = VERTEX_POINT('',#2975);
#2975 = CARTESIAN_POINT('',(-2.02,-0.61,0.45));
#2976 = LINE('',#2977,#2978);
#2977 = CARTESIAN_POINT('',(-2.48,-0.61,0.45));
#2978 = VECTOR('',#2979,1.);
#2979 = DIRECTION('',(-1.,-0.,0.));
#2980 = ORIENTED_EDGE('',*,*,#2981,.T.);
#2981 = EDGE_CURVE('',#2974,#2982,#2984,.T.);
#2982 = VERTEX_POINT('',#2983);
#2983 = CARTESIAN_POINT('',(-2.02,-0.53,0.45));
#2984 = LINE('',#2985,#2986);
#2985 = CARTESIAN_POINT('',(-2.02,-0.755,0.45));
#2986 = VECTOR('',#2987,1.);
#2987 = DIRECTION('',(-0.,1.,0.));
#2988 = ORIENTED_EDGE('',*,*,#2989,.F.);
#2989 = EDGE_CURVE('',#2990,#2982,#2992,.T.);
#2990 = VERTEX_POINT('',#2991);
#2991 = CARTESIAN_POINT('',(-2.515,-0.53,0.45));
#2992 = LINE('',#2993,#2994);
#2993 = CARTESIAN_POINT('',(-2.435,-0.53,0.45));
#2994 = VECTOR('',#2995,1.);
#2995 = DIRECTION('',(1.,0.,-0.));
#2996 = ORIENTED_EDGE('',*,*,#2997,.T.);
#2997 = EDGE_CURVE('',#2990,#2998,#3000,.T.);
#2998 = VERTEX_POINT('',#2999);
#2999 = CARTESIAN_POINT('',(-2.515,0.53,0.45));
#3000 = LINE('',#3001,#3002);
#3001 = CARTESIAN_POINT('',(-2.515,-0.715,0.45));
#3002 = VECTOR('',#3003,1.);
#3003 = DIRECTION('',(-0.,1.,0.));
#3004 = ORIENTED_EDGE('',*,*,#3005,.F.);
#3005 = EDGE_CURVE('',#3006,#2998,#3008,.T.);
#3006 = VERTEX_POINT('',#3007);
#3007 = CARTESIAN_POINT('',(-2.02,0.53,0.45));
#3008 = LINE('',#3009,#3010);
#3009 = CARTESIAN_POINT('',(-2.7275,0.53,0.45));
#3010 = VECTOR('',#3011,1.);
#3011 = DIRECTION('',(-1.,-0.,0.));
#3012 = ORIENTED_EDGE('',*,*,#3013,.T.);
#3013 = EDGE_CURVE('',#3006,#2892,#3014,.T.);
#3014 = LINE('',#3015,#3016);
#3015 = CARTESIAN_POINT('',(-2.02,-0.1925,0.45));
#3016 = VECTOR('',#3017,1.);
#3017 = DIRECTION('',(-0.,1.,0.));
#3018 = PLANE('',#3019);
#3019 = AXIS2_PLACEMENT_3D('',#3020,#3021,#3022);
#3020 = CARTESIAN_POINT('',(-2.94,-0.9,0.45));
#3021 = DIRECTION('',(0.,0.,1.));
#3022 = DIRECTION('',(1.,0.,-0.));
#3023 = ADVANCED_FACE('',(#3024),#3065,.F.);
#3024 = FACE_BOUND('',#3025,.F.);
#3025 = EDGE_LOOP('',(#3026,#3036,#3044,#3052,#3058,#3059));
#3026 = ORIENTED_EDGE('',*,*,#3027,.F.);
#3027 = EDGE_CURVE('',#3028,#3030,#3032,.T.);
#3028 = VERTEX_POINT('',#3029);
#3029 = CARTESIAN_POINT('',(-2.95,0.38,0.));
#3030 = VERTEX_POINT('',#3031);
#3031 = CARTESIAN_POINT('',(-2.86,0.38,0.));
#3032 = LINE('',#3033,#3034);
#3033 = CARTESIAN_POINT('',(-3.05,0.38,0.));
#3034 = VECTOR('',#3035,1.);
#3035 = DIRECTION('',(1.,0.,-0.));
#3036 = ORIENTED_EDGE('',*,*,#3037,.T.);
#3037 = EDGE_CURVE('',#3028,#3038,#3040,.T.);
#3038 = VERTEX_POINT('',#3039);
#3039 = CARTESIAN_POINT('',(-2.95,0.38,0.53));
#3040 = LINE('',#3041,#3042);
#3041 = CARTESIAN_POINT('',(-2.95,0.38,0.));
#3042 = VECTOR('',#3043,1.);
#3043 = DIRECTION('',(0.,0.,1.));
#3044 = ORIENTED_EDGE('',*,*,#3045,.T.);
#3045 = EDGE_CURVE('',#3038,#3046,#3048,.T.);
#3046 = VERTEX_POINT('',#3047);
#3047 = CARTESIAN_POINT('',(-2.94,0.38,0.53));
#3048 = LINE('',#3049,#3050);
#3049 = CARTESIAN_POINT('',(-3.05,0.38,0.53));
#3050 = VECTOR('',#3051,1.);
#3051 = DIRECTION('',(1.,0.,-0.));
#3052 = ORIENTED_EDGE('',*,*,#3053,.F.);
#3053 = EDGE_CURVE('',#2932,#3046,#3054,.T.);
#3054 = LINE('',#3055,#3056);
#3055 = CARTESIAN_POINT('',(-2.94,0.38,0.184645922747));
#3056 = VECTOR('',#3057,1.);
#3057 = DIRECTION('',(0.,-0.,1.));
#3058 = ORIENTED_EDGE('',*,*,#2939,.T.);
#3059 = ORIENTED_EDGE('',*,*,#3060,.F.);
#3060 = EDGE_CURVE('',#3030,#2940,#3061,.T.);
#3061 = LINE('',#3062,#3063);
#3062 = CARTESIAN_POINT('',(-2.86,0.38,0.));
#3063 = VECTOR('',#3064,1.);
#3064 = DIRECTION('',(0.,0.,1.));
#3065 = PLANE('',#3066);
#3066 = AXIS2_PLACEMENT_3D('',#3067,#3068,#3069);
#3067 = CARTESIAN_POINT('',(-3.05,0.38,0.));
#3068 = DIRECTION('',(-0.,1.,0.));
#3069 = DIRECTION('',(0.,0.,1.));
#3070 = ADVANCED_FACE('',(#3071),#3096,.F.);
#3071 = FACE_BOUND('',#3072,.F.);
#3072 = EDGE_LOOP('',(#3073,#3081,#3082,#3090));
#3073 = ORIENTED_EDGE('',*,*,#3074,.F.);
#3074 = EDGE_CURVE('',#3038,#3075,#3077,.T.);
#3075 = VERTEX_POINT('',#3076);
#3076 = CARTESIAN_POINT('',(-2.95,0.875,0.53));
#3077 = LINE('',#3078,#3079);
#3078 = CARTESIAN_POINT('',(-2.95,-0.875,0.53));
#3079 = VECTOR('',#3080,1.);
#3080 = DIRECTION('',(-0.,1.,0.));
#3081 = ORIENTED_EDGE('',*,*,#3037,.F.);
#3082 = ORIENTED_EDGE('',*,*,#3083,.T.);
#3083 = EDGE_CURVE('',#3028,#3084,#3086,.T.);
#3084 = VERTEX_POINT('',#3085);
#3085 = CARTESIAN_POINT('',(-2.95,0.875,0.));
#3086 = LINE('',#3087,#3088);
#3087 = CARTESIAN_POINT('',(-2.95,-0.875,0.));
#3088 = VECTOR('',#3089,1.);
#3089 = DIRECTION('',(-0.,1.,0.));
#3090 = ORIENTED_EDGE('',*,*,#3091,.T.);
#3091 = EDGE_CURVE('',#3084,#3075,#3092,.T.);
#3092 = LINE('',#3093,#3094);
#3093 = CARTESIAN_POINT('',(-2.95,0.875,0.));
#3094 = VECTOR('',#3095,1.);
#3095 = DIRECTION('',(0.,0.,1.));
#3096 = PLANE('',#3097);
#3097 = AXIS2_PLACEMENT_3D('',#3098,#3099,#3100);
#3098 = CARTESIAN_POINT('',(-2.95,-0.875,0.));
#3099 = DIRECTION('',(1.,0.,-0.));
#3100 = DIRECTION('',(0.,0.,1.));
#3101 = ADVANCED_FACE('',(#3102),#3134,.T.);
#3102 = FACE_BOUND('',#3103,.T.);
#3103 = EDGE_LOOP('',(#3104,#3112,#3113,#3121,#3127,#3128));
#3104 = ORIENTED_EDGE('',*,*,#3105,.F.);
#3105 = EDGE_CURVE('',#3084,#3106,#3108,.T.);
#3106 = VERTEX_POINT('',#3107);
#3107 = CARTESIAN_POINT('',(-2.2,0.875,0.));
#3108 = LINE('',#3109,#3110);
#3109 = CARTESIAN_POINT('',(-2.95,0.875,0.));
#3110 = VECTOR('',#3111,1.);
#3111 = DIRECTION('',(1.,0.,-0.));
#3112 = ORIENTED_EDGE('',*,*,#3091,.T.);
#3113 = ORIENTED_EDGE('',*,*,#3114,.T.);
#3114 = EDGE_CURVE('',#3075,#3115,#3117,.T.);
#3115 = VERTEX_POINT('',#3116);
#3116 = CARTESIAN_POINT('',(-2.94,0.875,0.53));
#3117 = LINE('',#3118,#3119);
#3118 = CARTESIAN_POINT('',(-2.95,0.875,0.53));
#3119 = VECTOR('',#3120,1.);
#3120 = DIRECTION('',(1.,0.,-0.));
#3121 = ORIENTED_EDGE('',*,*,#3122,.F.);
#3122 = EDGE_CURVE('',#2924,#3115,#3123,.T.);
#3123 = LINE('',#3124,#3125);
#3124 = CARTESIAN_POINT('',(-2.94,0.875,0.184645922747));
#3125 = VECTOR('',#3126,1.);
#3126 = DIRECTION('',(0.,-0.,1.));
#3127 = ORIENTED_EDGE('',*,*,#2923,.T.);
#3128 = ORIENTED_EDGE('',*,*,#3129,.F.);
#3129 = EDGE_CURVE('',#3106,#2916,#3130,.T.);
#3130 = LINE('',#3131,#3132);
#3131 = CARTESIAN_POINT('',(-2.2,0.875,0.100368852459));
#3132 = VECTOR('',#3133,1.);
#3133 = DIRECTION('',(0.,-0.,1.));
#3134 = PLANE('',#3135);
#3135 = AXIS2_PLACEMENT_3D('',#3136,#3137,#3138);
#3136 = CARTESIAN_POINT('',(-2.95,0.875,0.));
#3137 = DIRECTION('',(-0.,1.,0.));
#3138 = DIRECTION('',(0.,0.,1.));
#3139 = ADVANCED_FACE('',(#3140),#3174,.F.);
#3140 = FACE_BOUND('',#3141,.F.);
#3141 = EDGE_LOOP('',(#3142,#3152,#3158,#3159,#3160,#3168));
#3142 = ORIENTED_EDGE('',*,*,#3143,.T.);
#3143 = EDGE_CURVE('',#3144,#3146,#3148,.T.);
#3144 = VERTEX_POINT('',#3145);
#3145 = CARTESIAN_POINT('',(-2.2,0.74,8.E-02));
#3146 = VERTEX_POINT('',#3147);
#3147 = CARTESIAN_POINT('',(-2.2,0.82,8.E-02));
#3148 = LINE('',#3149,#3150);
#3149 = CARTESIAN_POINT('',(-2.2,0.74,8.E-02));
#3150 = VECTOR('',#3151,1.);
#3151 = DIRECTION('',(-0.,1.,0.));
#3152 = ORIENTED_EDGE('',*,*,#3153,.T.);
#3153 = EDGE_CURVE('',#3146,#2908,#3154,.T.);
#3154 = LINE('',#3155,#3156);
#3155 = CARTESIAN_POINT('',(-2.2,0.82,0.));
#3156 = VECTOR('',#3157,1.);
#3157 = DIRECTION('',(0.,0.,1.));
#3158 = ORIENTED_EDGE('',*,*,#2915,.T.);
#3159 = ORIENTED_EDGE('',*,*,#3129,.F.);
#3160 = ORIENTED_EDGE('',*,*,#3161,.F.);
#3161 = EDGE_CURVE('',#3162,#3106,#3164,.T.);
#3162 = VERTEX_POINT('',#3163);
#3163 = CARTESIAN_POINT('',(-2.2,0.74,0.));
#3164 = LINE('',#3165,#3166);
#3165 = CARTESIAN_POINT('',(-2.2,0.82,0.));
#3166 = VECTOR('',#3167,1.);
#3167 = DIRECTION('',(-0.,1.,0.));
#3168 = ORIENTED_EDGE('',*,*,#3169,.T.);
#3169 = EDGE_CURVE('',#3162,#3144,#3170,.T.);
#3170 = LINE('',#3171,#3172);
#3171 = CARTESIAN_POINT('',(-2.2,0.74,0.));
#3172 = VECTOR('',#3173,1.);
#3173 = DIRECTION('',(0.,0.,1.));
#3174 = PLANE('',#3175);
#3175 = AXIS2_PLACEMENT_3D('',#3176,#3177,#3178);
#3176 = CARTESIAN_POINT('',(-2.2,0.844262295082,0.200737704918));
#3177 = DIRECTION('',(-1.,-0.,-0.));
#3178 = DIRECTION('',(0.,0.,-1.));
#3179 = ADVANCED_FACE('',(#3180),#3205,.T.);
#3180 = FACE_BOUND('',#3181,.T.);
#3181 = EDGE_LOOP('',(#3182,#3190,#3191,#3199));
#3182 = ORIENTED_EDGE('',*,*,#3183,.F.);
#3183 = EDGE_CURVE('',#3162,#3184,#3186,.T.);
#3184 = VERTEX_POINT('',#3185);
#3185 = CARTESIAN_POINT('',(-1.8,0.74,0.));
#3186 = LINE('',#3187,#3188);
#3187 = CARTESIAN_POINT('',(-2.2,0.74,0.));
#3188 = VECTOR('',#3189,1.);
#3189 = DIRECTION('',(1.,0.,-0.));
#3190 = ORIENTED_EDGE('',*,*,#3169,.T.);
#3191 = ORIENTED_EDGE('',*,*,#3192,.T.);
#3192 = EDGE_CURVE('',#3144,#3193,#3195,.T.);
#3193 = VERTEX_POINT('',#3194);
#3194 = CARTESIAN_POINT('',(-1.8,0.74,8.E-02));
#3195 = LINE('',#3196,#3197);
#3196 = CARTESIAN_POINT('',(-2.2,0.74,8.E-02));
#3197 = VECTOR('',#3198,1.);
#3198 = DIRECTION('',(1.,0.,-0.));
#3199 = ORIENTED_EDGE('',*,*,#3200,.F.);
#3200 = EDGE_CURVE('',#3184,#3193,#3201,.T.);
#3201 = LINE('',#3202,#3203);
#3202 = CARTESIAN_POINT('',(-1.8,0.74,0.));
#3203 = VECTOR('',#3204,1.);
#3204 = DIRECTION('',(0.,0.,1.));
#3205 = PLANE('',#3206);
#3206 = AXIS2_PLACEMENT_3D('',#3207,#3208,#3209);
#3207 = CARTESIAN_POINT('',(-2.2,0.74,0.));
#3208 = DIRECTION('',(-0.,1.,0.));
#3209 = DIRECTION('',(0.,0.,1.));
#3210 = ADVANCED_FACE('',(#3211),#3252,.F.);
#3211 = FACE_BOUND('',#3212,.F.);
#3212 = EDGE_LOOP('',(#3213,#3223,#3229,#3230,#3238,#3246));
#3213 = ORIENTED_EDGE('',*,*,#3214,.F.);
#3214 = EDGE_CURVE('',#3215,#3217,#3219,.T.);
#3215 = VERTEX_POINT('',#3216);
#3216 = CARTESIAN_POINT('',(-1.8,0.82,8.E-02));
#3217 = VERTEX_POINT('',#3218);
#3218 = CARTESIAN_POINT('',(-1.8,0.82,0.53));
#3219 = LINE('',#3220,#3221);
#3220 = CARTESIAN_POINT('',(-1.8,0.82,0.));
#3221 = VECTOR('',#3222,1.);
#3222 = DIRECTION('',(0.,0.,1.));
#3223 = ORIENTED_EDGE('',*,*,#3224,.F.);
#3224 = EDGE_CURVE('',#3193,#3215,#3225,.T.);
#3225 = LINE('',#3226,#3227);
#3226 = CARTESIAN_POINT('',(-1.8,0.74,8.E-02));
#3227 = VECTOR('',#3228,1.);
#3228 = DIRECTION('',(-0.,1.,0.));
#3229 = ORIENTED_EDGE('',*,*,#3200,.F.);
#3230 = ORIENTED_EDGE('',*,*,#3231,.T.);
#3231 = EDGE_CURVE('',#3184,#3232,#3234,.T.);
#3232 = VERTEX_POINT('',#3233);
#3233 = CARTESIAN_POINT('',(-1.8,0.875,0.));
#3234 = LINE('',#3235,#3236);
#3235 = CARTESIAN_POINT('',(-1.8,0.74,0.));
#3236 = VECTOR('',#3237,1.);
#3237 = DIRECTION('',(-0.,1.,0.));
#3238 = ORIENTED_EDGE('',*,*,#3239,.F.);
#3239 = EDGE_CURVE('',#3240,#3232,#3242,.T.);
#3240 = VERTEX_POINT('',#3241);
#3241 = CARTESIAN_POINT('',(-1.8,0.875,0.53));
#3242 = LINE('',#3243,#3244);
#3243 = CARTESIAN_POINT('',(-1.8,0.875,0.119456521739));
#3244 = VECTOR('',#3245,1.);
#3245 = DIRECTION('',(0.,0.,-1.));
#3246 = ORIENTED_EDGE('',*,*,#3247,.F.);
#3247 = EDGE_CURVE('',#3217,#3240,#3248,.T.);
#3248 = LINE('',#3249,#3250);
#3249 = CARTESIAN_POINT('',(-1.8,0.82,0.53));
#3250 = VECTOR('',#3251,1.);
#3251 = DIRECTION('',(-0.,1.,0.));
#3252 = PLANE('',#3253);
#3253 = AXIS2_PLACEMENT_3D('',#3254,#3255,#3256);
#3254 = CARTESIAN_POINT('',(-1.8,0.846086956522,0.238913043478));
#3255 = DIRECTION('',(1.,0.,0.));
#3256 = DIRECTION('',(-0.,0.,1.));
#3257 = ADVANCED_FACE('',(#3258),#3571,.T.);
#3258 = FACE_BOUND('',#3259,.T.);
#3259 = EDGE_LOOP('',(#3260,#3268,#3269,#3277,#3285,#3293,#3301,#3309,
    #3317,#3325,#3333,#3341,#3349,#3357,#3365,#3373,#3381,#3389,#3397,
    #3405,#3413,#3421,#3429,#3437,#3445,#3453,#3461,#3469,#3477,#3485,
    #3493,#3501,#3509,#3517,#3525,#3533,#3541,#3549,#3557,#3565));
#3260 = ORIENTED_EDGE('',*,*,#3261,.F.);
#3261 = EDGE_CURVE('',#3232,#3262,#3264,.T.);
#3262 = VERTEX_POINT('',#3263);
#3263 = CARTESIAN_POINT('',(-1.465,0.875,0.));
#3264 = LINE('',#3265,#3266);
#3265 = CARTESIAN_POINT('',(-2.95,0.875,0.));
#3266 = VECTOR('',#3267,1.);
#3267 = DIRECTION('',(1.,0.,-0.));
#3268 = ORIENTED_EDGE('',*,*,#3239,.F.);
#3269 = ORIENTED_EDGE('',*,*,#3270,.T.);
#3270 = EDGE_CURVE('',#3240,#3271,#3273,.T.);
#3271 = VERTEX_POINT('',#3272);
#3272 = CARTESIAN_POINT('',(1.8,0.875,0.53));
#3273 = LINE('',#3274,#3275);
#3274 = CARTESIAN_POINT('',(-2.95,0.875,0.53));
#3275 = VECTOR('',#3276,1.);
#3276 = DIRECTION('',(1.,0.,-0.));
#3277 = ORIENTED_EDGE('',*,*,#3278,.F.);
#3278 = EDGE_CURVE('',#3279,#3271,#3281,.T.);
#3279 = VERTEX_POINT('',#3280);
#3280 = CARTESIAN_POINT('',(1.8,0.875,0.));
#3281 = LINE('',#3282,#3283);
#3282 = CARTESIAN_POINT('',(1.8,0.875,0.119456521739));
#3283 = VECTOR('',#3284,1.);
#3284 = DIRECTION('',(0.,-0.,1.));
#3285 = ORIENTED_EDGE('',*,*,#3286,.F.);
#3286 = EDGE_CURVE('',#3287,#3279,#3289,.T.);
#3287 = VERTEX_POINT('',#3288);
#3288 = CARTESIAN_POINT('',(1.465,0.875,0.));
#3289 = LINE('',#3290,#3291);
#3290 = CARTESIAN_POINT('',(-2.95,0.875,0.));
#3291 = VECTOR('',#3292,1.);
#3292 = DIRECTION('',(1.,0.,-0.));
#3293 = ORIENTED_EDGE('',*,*,#3294,.F.);
#3294 = EDGE_CURVE('',#3295,#3287,#3297,.T.);
#3295 = VERTEX_POINT('',#3296);
#3296 = CARTESIAN_POINT('',(1.465,0.875,7.E-02));
#3297 = LINE('',#3298,#3299);
#3298 = CARTESIAN_POINT('',(1.465,0.875,7.933431952663E-02));
#3299 = VECTOR('',#3300,1.);
#3300 = DIRECTION('',(0.,0.,-1.));
#3301 = ORIENTED_EDGE('',*,*,#3302,.F.);
#3302 = EDGE_CURVE('',#3303,#3295,#3305,.T.);
#3303 = VERTEX_POINT('',#3304);
#3304 = CARTESIAN_POINT('',(1.335,0.875,7.E-02));
#3305 = LINE('',#3306,#3307);
#3306 = CARTESIAN_POINT('',(-0.8075,0.875,7.E-02));
#3307 = VECTOR('',#3308,1.);
#3308 = DIRECTION('',(1.,0.,-0.));
#3309 = ORIENTED_EDGE('',*,*,#3310,.F.);
#3310 = EDGE_CURVE('',#3311,#3303,#3313,.T.);
#3311 = VERTEX_POINT('',#3312);
#3312 = CARTESIAN_POINT('',(1.335,0.875,0.));
#3313 = LINE('',#3314,#3315);
#3314 = CARTESIAN_POINT('',(1.335,0.875,7.933431952663E-02));
#3315 = VECTOR('',#3316,1.);
#3316 = DIRECTION('',(0.,-0.,1.));
#3317 = ORIENTED_EDGE('',*,*,#3318,.F.);
#3318 = EDGE_CURVE('',#3319,#3311,#3321,.T.);
#3319 = VERTEX_POINT('',#3320);
#3320 = CARTESIAN_POINT('',(1.115,0.875,0.));
#3321 = LINE('',#3322,#3323);
#3322 = CARTESIAN_POINT('',(-2.95,0.875,0.));
#3323 = VECTOR('',#3324,1.);
#3324 = DIRECTION('',(1.,0.,-0.));
#3325 = ORIENTED_EDGE('',*,*,#3326,.F.);
#3326 = EDGE_CURVE('',#3327,#3319,#3329,.T.);
#3327 = VERTEX_POINT('',#3328);
#3328 = CARTESIAN_POINT('',(1.115,0.875,7.E-02));
#3329 = LINE('',#3330,#3331);
#3330 = CARTESIAN_POINT('',(1.115,0.875,7.933431952663E-02));
#3331 = VECTOR('',#3332,1.);
#3332 = DIRECTION('',(0.,0.,-1.));
#3333 = ORIENTED_EDGE('',*,*,#3334,.F.);
#3334 = EDGE_CURVE('',#3335,#3327,#3337,.T.);
#3335 = VERTEX_POINT('',#3336);
#3336 = CARTESIAN_POINT('',(0.985,0.875,7.E-02));
#3337 = LINE('',#3338,#3339);
#3338 = CARTESIAN_POINT('',(-0.9825,0.875,7.E-02));
#3339 = VECTOR('',#3340,1.);
#3340 = DIRECTION('',(1.,0.,-0.));
#3341 = ORIENTED_EDGE('',*,*,#3342,.F.);
#3342 = EDGE_CURVE('',#3343,#3335,#3345,.T.);
#3343 = VERTEX_POINT('',#3344);
#3344 = CARTESIAN_POINT('',(0.985,0.875,0.));
#3345 = LINE('',#3346,#3347);
#3346 = CARTESIAN_POINT('',(0.985,0.875,7.933431952663E-02));
#3347 = VECTOR('',#3348,1.);
#3348 = DIRECTION('',(0.,-0.,1.));
#3349 = ORIENTED_EDGE('',*,*,#3350,.F.);
#3350 = EDGE_CURVE('',#3351,#3343,#3353,.T.);
#3351 = VERTEX_POINT('',#3352);
#3352 = CARTESIAN_POINT('',(0.765,0.875,0.));
#3353 = LINE('',#3354,#3355);
#3354 = CARTESIAN_POINT('',(-2.95,0.875,0.));
#3355 = VECTOR('',#3356,1.);
#3356 = DIRECTION('',(1.,0.,-0.));
#3357 = ORIENTED_EDGE('',*,*,#3358,.F.);
#3358 = EDGE_CURVE('',#3359,#3351,#3361,.T.);
#3359 = VERTEX_POINT('',#3360);
#3360 = CARTESIAN_POINT('',(0.765,0.875,7.E-02));
#3361 = LINE('',#3362,#3363);
#3362 = CARTESIAN_POINT('',(0.765,0.875,7.933431952663E-02));
#3363 = VECTOR('',#3364,1.);
#3364 = DIRECTION('',(0.,0.,-1.));
#3365 = ORIENTED_EDGE('',*,*,#3366,.F.);
#3366 = EDGE_CURVE('',#3367,#3359,#3369,.T.);
#3367 = VERTEX_POINT('',#3368);
#3368 = CARTESIAN_POINT('',(0.635,0.875,7.E-02));
#3369 = LINE('',#3370,#3371);
#3370 = CARTESIAN_POINT('',(-1.1575,0.875,7.E-02));
#3371 = VECTOR('',#3372,1.);
#3372 = DIRECTION('',(1.,0.,-0.));
#3373 = ORIENTED_EDGE('',*,*,#3374,.F.);
#3374 = EDGE_CURVE('',#3375,#3367,#3377,.T.);
#3375 = VERTEX_POINT('',#3376);
#3376 = CARTESIAN_POINT('',(0.635,0.875,0.));
#3377 = LINE('',#3378,#3379);
#3378 = CARTESIAN_POINT('',(0.635,0.875,7.933431952663E-02));
#3379 = VECTOR('',#3380,1.);
#3380 = DIRECTION('',(0.,-0.,1.));
#3381 = ORIENTED_EDGE('',*,*,#3382,.F.);
#3382 = EDGE_CURVE('',#3383,#3375,#3385,.T.);
#3383 = VERTEX_POINT('',#3384);
#3384 = CARTESIAN_POINT('',(0.415,0.875,0.));
#3385 = LINE('',#3386,#3387);
#3386 = CARTESIAN_POINT('',(-2.95,0.875,0.));
#3387 = VECTOR('',#3388,1.);
#3388 = DIRECTION('',(1.,0.,-0.));
#3389 = ORIENTED_EDGE('',*,*,#3390,.F.);
#3390 = EDGE_CURVE('',#3391,#3383,#3393,.T.);
#3391 = VERTEX_POINT('',#3392);
#3392 = CARTESIAN_POINT('',(0.415,0.875,7.E-02));
#3393 = LINE('',#3394,#3395);
#3394 = CARTESIAN_POINT('',(0.415,0.875,7.933431952663E-02));
#3395 = VECTOR('',#3396,1.);
#3396 = DIRECTION('',(0.,0.,-1.));
#3397 = ORIENTED_EDGE('',*,*,#3398,.F.);
#3398 = EDGE_CURVE('',#3399,#3391,#3401,.T.);
#3399 = VERTEX_POINT('',#3400);
#3400 = CARTESIAN_POINT('',(0.285,0.875,7.E-02));
#3401 = LINE('',#3402,#3403);
#3402 = CARTESIAN_POINT('',(-1.3325,0.875,7.E-02));
#3403 = VECTOR('',#3404,1.);
#3404 = DIRECTION('',(1.,0.,-0.));
#3405 = ORIENTED_EDGE('',*,*,#3406,.F.);
#3406 = EDGE_CURVE('',#3407,#3399,#3409,.T.);
#3407 = VERTEX_POINT('',#3408);
#3408 = CARTESIAN_POINT('',(0.285,0.875,0.));
#3409 = LINE('',#3410,#3411);
#3410 = CARTESIAN_POINT('',(0.285,0.875,7.933431952663E-02));
#3411 = VECTOR('',#3412,1.);
#3412 = DIRECTION('',(0.,-0.,1.));
#3413 = ORIENTED_EDGE('',*,*,#3414,.F.);
#3414 = EDGE_CURVE('',#3415,#3407,#3417,.T.);
#3415 = VERTEX_POINT('',#3416);
#3416 = CARTESIAN_POINT('',(6.5E-02,0.875,0.));
#3417 = LINE('',#3418,#3419);
#3418 = CARTESIAN_POINT('',(-2.95,0.875,0.));
#3419 = VECTOR('',#3420,1.);
#3420 = DIRECTION('',(1.,0.,-0.));
#3421 = ORIENTED_EDGE('',*,*,#3422,.F.);
#3422 = EDGE_CURVE('',#3423,#3415,#3425,.T.);
#3423 = VERTEX_POINT('',#3424);
#3424 = CARTESIAN_POINT('',(6.5E-02,0.875,7.E-02));
#3425 = LINE('',#3426,#3427);
#3426 = CARTESIAN_POINT('',(6.5E-02,0.875,7.933431952663E-02));
#3427 = VECTOR('',#3428,1.);
#3428 = DIRECTION('',(0.,0.,-1.));
#3429 = ORIENTED_EDGE('',*,*,#3430,.F.);
#3430 = EDGE_CURVE('',#3431,#3423,#3433,.T.);
#3431 = VERTEX_POINT('',#3432);
#3432 = CARTESIAN_POINT('',(-6.5E-02,0.875,7.E-02));
#3433 = LINE('',#3434,#3435);
#3434 = CARTESIAN_POINT('',(-1.5075,0.875,7.E-02));
#3435 = VECTOR('',#3436,1.);
#3436 = DIRECTION('',(1.,0.,-0.));
#3437 = ORIENTED_EDGE('',*,*,#3438,.F.);
#3438 = EDGE_CURVE('',#3439,#3431,#3441,.T.);
#3439 = VERTEX_POINT('',#3440);
#3440 = CARTESIAN_POINT('',(-6.5E-02,0.875,0.));
#3441 = LINE('',#3442,#3443);
#3442 = CARTESIAN_POINT('',(-6.5E-02,0.875,7.933431952663E-02));
#3443 = VECTOR('',#3444,1.);
#3444 = DIRECTION('',(0.,-0.,1.));
#3445 = ORIENTED_EDGE('',*,*,#3446,.F.);
#3446 = EDGE_CURVE('',#3447,#3439,#3449,.T.);
#3447 = VERTEX_POINT('',#3448);
#3448 = CARTESIAN_POINT('',(-0.285,0.875,0.));
#3449 = LINE('',#3450,#3451);
#3450 = CARTESIAN_POINT('',(-2.95,0.875,0.));
#3451 = VECTOR('',#3452,1.);
#3452 = DIRECTION('',(1.,0.,-0.));
#3453 = ORIENTED_EDGE('',*,*,#3454,.F.);
#3454 = EDGE_CURVE('',#3455,#3447,#3457,.T.);
#3455 = VERTEX_POINT('',#3456);
#3456 = CARTESIAN_POINT('',(-0.285,0.875,7.E-02));
#3457 = LINE('',#3458,#3459);
#3458 = CARTESIAN_POINT('',(-0.285,0.875,7.933431952663E-02));
#3459 = VECTOR('',#3460,1.);
#3460 = DIRECTION('',(0.,0.,-1.));
#3461 = ORIENTED_EDGE('',*,*,#3462,.F.);
#3462 = EDGE_CURVE('',#3463,#3455,#3465,.T.);
#3463 = VERTEX_POINT('',#3464);
#3464 = CARTESIAN_POINT('',(-0.415,0.875,7.E-02));
#3465 = LINE('',#3466,#3467);
#3466 = CARTESIAN_POINT('',(-1.6825,0.875,7.E-02));
#3467 = VECTOR('',#3468,1.);
#3468 = DIRECTION('',(1.,0.,-0.));
#3469 = ORIENTED_EDGE('',*,*,#3470,.F.);
#3470 = EDGE_CURVE('',#3471,#3463,#3473,.T.);
#3471 = VERTEX_POINT('',#3472);
#3472 = CARTESIAN_POINT('',(-0.415,0.875,0.));
#3473 = LINE('',#3474,#3475);
#3474 = CARTESIAN_POINT('',(-0.415,0.875,7.933431952663E-02));
#3475 = VECTOR('',#3476,1.);
#3476 = DIRECTION('',(0.,-0.,1.));
#3477 = ORIENTED_EDGE('',*,*,#3478,.F.);
#3478 = EDGE_CURVE('',#3479,#3471,#3481,.T.);
#3479 = VERTEX_POINT('',#3480);
#3480 = CARTESIAN_POINT('',(-0.635,0.875,0.));
#3481 = LINE('',#3482,#3483);
#3482 = CARTESIAN_POINT('',(-2.95,0.875,0.));
#3483 = VECTOR('',#3484,1.);
#3484 = DIRECTION('',(1.,0.,-0.));
#3485 = ORIENTED_EDGE('',*,*,#3486,.F.);
#3486 = EDGE_CURVE('',#3487,#3479,#3489,.T.);
#3487 = VERTEX_POINT('',#3488);
#3488 = CARTESIAN_POINT('',(-0.635,0.875,7.E-02));
#3489 = LINE('',#3490,#3491);
#3490 = CARTESIAN_POINT('',(-0.635,0.875,7.933431952663E-02));
#3491 = VECTOR('',#3492,1.);
#3492 = DIRECTION('',(0.,0.,-1.));
#3493 = ORIENTED_EDGE('',*,*,#3494,.F.);
#3494 = EDGE_CURVE('',#3495,#3487,#3497,.T.);
#3495 = VERTEX_POINT('',#3496);
#3496 = CARTESIAN_POINT('',(-0.765,0.875,7.E-02));
#3497 = LINE('',#3498,#3499);
#3498 = CARTESIAN_POINT('',(-1.8575,0.875,7.E-02));
#3499 = VECTOR('',#3500,1.);
#3500 = DIRECTION('',(1.,0.,-0.));
#3501 = ORIENTED_EDGE('',*,*,#3502,.F.);
#3502 = EDGE_CURVE('',#3503,#3495,#3505,.T.);
#3503 = VERTEX_POINT('',#3504);
#3504 = CARTESIAN_POINT('',(-0.765,0.875,0.));
#3505 = LINE('',#3506,#3507);
#3506 = CARTESIAN_POINT('',(-0.765,0.875,7.933431952663E-02));
#3507 = VECTOR('',#3508,1.);
#3508 = DIRECTION('',(0.,-0.,1.));
#3509 = ORIENTED_EDGE('',*,*,#3510,.F.);
#3510 = EDGE_CURVE('',#3511,#3503,#3513,.T.);
#3511 = VERTEX_POINT('',#3512);
#3512 = CARTESIAN_POINT('',(-0.985,0.875,0.));
#3513 = LINE('',#3514,#3515);
#3514 = CARTESIAN_POINT('',(-2.95,0.875,0.));
#3515 = VECTOR('',#3516,1.);
#3516 = DIRECTION('',(1.,0.,-0.));
#3517 = ORIENTED_EDGE('',*,*,#3518,.F.);
#3518 = EDGE_CURVE('',#3519,#3511,#3521,.T.);
#3519 = VERTEX_POINT('',#3520);
#3520 = CARTESIAN_POINT('',(-0.985,0.875,7.E-02));
#3521 = LINE('',#3522,#3523);
#3522 = CARTESIAN_POINT('',(-0.985,0.875,7.933431952663E-02));
#3523 = VECTOR('',#3524,1.);
#3524 = DIRECTION('',(0.,0.,-1.));
#3525 = ORIENTED_EDGE('',*,*,#3526,.F.);
#3526 = EDGE_CURVE('',#3527,#3519,#3529,.T.);
#3527 = VERTEX_POINT('',#3528);
#3528 = CARTESIAN_POINT('',(-1.115,0.875,7.E-02));
#3529 = LINE('',#3530,#3531);
#3530 = CARTESIAN_POINT('',(-2.0325,0.875,7.E-02));
#3531 = VECTOR('',#3532,1.);
#3532 = DIRECTION('',(1.,0.,-0.));
#3533 = ORIENTED_EDGE('',*,*,#3534,.F.);
#3534 = EDGE_CURVE('',#3535,#3527,#3537,.T.);
#3535 = VERTEX_POINT('',#3536);
#3536 = CARTESIAN_POINT('',(-1.115,0.875,0.));
#3537 = LINE('',#3538,#3539);
#3538 = CARTESIAN_POINT('',(-1.115,0.875,7.933431952663E-02));
#3539 = VECTOR('',#3540,1.);
#3540 = DIRECTION('',(0.,-0.,1.));
#3541 = ORIENTED_EDGE('',*,*,#3542,.F.);
#3542 = EDGE_CURVE('',#3543,#3535,#3545,.T.);
#3543 = VERTEX_POINT('',#3544);
#3544 = CARTESIAN_POINT('',(-1.335,0.875,0.));
#3545 = LINE('',#3546,#3547);
#3546 = CARTESIAN_POINT('',(-2.95,0.875,0.));
#3547 = VECTOR('',#3548,1.);
#3548 = DIRECTION('',(1.,0.,-0.));
#3549 = ORIENTED_EDGE('',*,*,#3550,.F.);
#3550 = EDGE_CURVE('',#3551,#3543,#3553,.T.);
#3551 = VERTEX_POINT('',#3552);
#3552 = CARTESIAN_POINT('',(-1.335,0.875,7.E-02));
#3553 = LINE('',#3554,#3555);
#3554 = CARTESIAN_POINT('',(-1.335,0.875,7.933431952663E-02));
#3555 = VECTOR('',#3556,1.);
#3556 = DIRECTION('',(0.,0.,-1.));
#3557 = ORIENTED_EDGE('',*,*,#3558,.F.);
#3558 = EDGE_CURVE('',#3559,#3551,#3561,.T.);
#3559 = VERTEX_POINT('',#3560);
#3560 = CARTESIAN_POINT('',(-1.465,0.875,7.E-02));
#3561 = LINE('',#3562,#3563);
#3562 = CARTESIAN_POINT('',(-2.2075,0.875,7.E-02));
#3563 = VECTOR('',#3564,1.);
#3564 = DIRECTION('',(1.,0.,-0.));
#3565 = ORIENTED_EDGE('',*,*,#3566,.F.);
#3566 = EDGE_CURVE('',#3262,#3559,#3567,.T.);
#3567 = LINE('',#3568,#3569);
#3568 = CARTESIAN_POINT('',(-1.465,0.875,7.933431952663E-02));
#3569 = VECTOR('',#3570,1.);
#3570 = DIRECTION('',(0.,-0.,1.));
#3571 = PLANE('',#3572);
#3572 = AXIS2_PLACEMENT_3D('',#3573,#3574,#3575);
#3573 = CARTESIAN_POINT('',(-2.95,0.875,0.));
#3574 = DIRECTION('',(-0.,1.,0.));
#3575 = DIRECTION('',(0.,0.,1.));
#3576 = ADVANCED_FACE('',(#3577),#3666,.F.);
#3577 = FACE_BOUND('',#3578,.F.);
#3578 = EDGE_LOOP('',(#3579,#3587,#3595,#3603,#3611,#3619,#3627,#3635,
    #3643,#3651,#3659,#3665));
#3579 = ORIENTED_EDGE('',*,*,#3580,.F.);
#3580 = EDGE_CURVE('',#3581,#3262,#3583,.T.);
#3581 = VERTEX_POINT('',#3582);
#3582 = CARTESIAN_POINT('',(-1.465,0.72,0.));
#3583 = LINE('',#3584,#3585);
#3584 = CARTESIAN_POINT('',(-1.465,0.72,0.));
#3585 = VECTOR('',#3586,1.);
#3586 = DIRECTION('',(-0.,1.,0.));
#3587 = ORIENTED_EDGE('',*,*,#3588,.T.);
#3588 = EDGE_CURVE('',#3581,#3589,#3591,.T.);
#3589 = VERTEX_POINT('',#3590);
#3590 = CARTESIAN_POINT('',(-1.465,0.72,3.E-02));
#3591 = LINE('',#3592,#3593);
#3592 = CARTESIAN_POINT('',(-1.465,0.72,0.));
#3593 = VECTOR('',#3594,1.);
#3594 = DIRECTION('',(0.,0.,1.));
#3595 = ORIENTED_EDGE('',*,*,#3596,.F.);
#3596 = EDGE_CURVE('',#3597,#3589,#3599,.T.);
#3597 = VERTEX_POINT('',#3598);
#3598 = CARTESIAN_POINT('',(-1.465,0.505,3.E-02));
#3599 = LINE('',#3600,#3601);
#3600 = CARTESIAN_POINT('',(-1.465,0.505,3.E-02));
#3601 = VECTOR('',#3602,1.);
#3602 = DIRECTION('',(-0.,1.,0.));
#3603 = ORIENTED_EDGE('',*,*,#3604,.T.);
#3604 = EDGE_CURVE('',#3597,#3605,#3607,.T.);
#3605 = VERTEX_POINT('',#3606);
#3606 = CARTESIAN_POINT('',(-1.465,0.505,7.E-02));
#3607 = LINE('',#3608,#3609);
#3608 = CARTESIAN_POINT('',(-1.465,0.505,3.E-02));
#3609 = VECTOR('',#3610,1.);
#3610 = DIRECTION('',(0.,0.,1.));
#3611 = ORIENTED_EDGE('',*,*,#3612,.F.);
#3612 = EDGE_CURVE('',#3613,#3605,#3615,.T.);
#3613 = VERTEX_POINT('',#3614);
#3614 = CARTESIAN_POINT('',(-1.465,0.53,7.E-02));
#3615 = LINE('',#3616,#3617);
#3616 = CARTESIAN_POINT('',(-1.465,5.308431952663E-02,7.E-02));
#3617 = VECTOR('',#3618,1.);
#3618 = DIRECTION('',(0.,-1.,0.));
#3619 = ORIENTED_EDGE('',*,*,#3620,.T.);
#3620 = EDGE_CURVE('',#3613,#3621,#3623,.T.);
#3621 = VERTEX_POINT('',#3622);
#3622 = CARTESIAN_POINT('',(-1.465,0.53,0.45));
#3623 = LINE('',#3624,#3625);
#3624 = CARTESIAN_POINT('',(-1.465,0.53,0.114334319527));
#3625 = VECTOR('',#3626,1.);
#3626 = DIRECTION('',(0.,-0.,1.));
#3627 = ORIENTED_EDGE('',*,*,#3628,.T.);
#3628 = EDGE_CURVE('',#3621,#3629,#3631,.T.);
#3629 = VERTEX_POINT('',#3630);
#3630 = CARTESIAN_POINT('',(-1.465,0.575,0.45));
#3631 = LINE('',#3632,#3633);
#3632 = CARTESIAN_POINT('',(-1.465,0.505,0.45));
#3633 = VECTOR('',#3634,1.);
#3634 = DIRECTION('',(-0.,1.,0.));
#3635 = ORIENTED_EDGE('',*,*,#3636,.F.);
#3636 = EDGE_CURVE('',#3637,#3629,#3639,.T.);
#3637 = VERTEX_POINT('',#3638);
#3638 = CARTESIAN_POINT('',(-1.465,0.575,0.1));
#3639 = LINE('',#3640,#3641);
#3640 = CARTESIAN_POINT('',(-1.465,0.575,3.E-02));
#3641 = VECTOR('',#3642,1.);
#3642 = DIRECTION('',(0.,0.,1.));
#3643 = ORIENTED_EDGE('',*,*,#3644,.T.);
#3644 = EDGE_CURVE('',#3637,#3645,#3647,.T.);
#3645 = VERTEX_POINT('',#3646);
#3646 = CARTESIAN_POINT('',(-1.465,0.74,0.1));
#3647 = LINE('',#3648,#3649);
#3648 = CARTESIAN_POINT('',(-1.465,0.505,0.1));
#3649 = VECTOR('',#3650,1.);
#3650 = DIRECTION('',(-0.,1.,0.));
#3651 = ORIENTED_EDGE('',*,*,#3652,.F.);
#3652 = EDGE_CURVE('',#3653,#3645,#3655,.T.);
#3653 = VERTEX_POINT('',#3654);
#3654 = CARTESIAN_POINT('',(-1.465,0.74,7.E-02));
#3655 = LINE('',#3656,#3657);
#3656 = CARTESIAN_POINT('',(-1.465,0.74,3.E-02));
#3657 = VECTOR('',#3658,1.);
#3658 = DIRECTION('',(0.,0.,1.));
#3659 = ORIENTED_EDGE('',*,*,#3660,.T.);
#3660 = EDGE_CURVE('',#3653,#3559,#3661,.T.);
#3661 = LINE('',#3662,#3663);
#3662 = CARTESIAN_POINT('',(-1.465,0.72,7.E-02));
#3663 = VECTOR('',#3664,1.);
#3664 = DIRECTION('',(-0.,1.,0.));
#3665 = ORIENTED_EDGE('',*,*,#3566,.F.);
#3666 = PLANE('',#3667);
#3667 = AXIS2_PLACEMENT_3D('',#3668,#3669,#3670);
#3668 = CARTESIAN_POINT('',(-1.465,0.636168639053,0.158668639053));
#3669 = DIRECTION('',(-1.,-0.,-0.));
#3670 = DIRECTION('',(0.,0.,-1.));
#3671 = ADVANCED_FACE('',(#3672),#3697,.T.);
#3672 = FACE_BOUND('',#3673,.T.);
#3673 = EDGE_LOOP('',(#3674,#3684,#3690,#3691));
#3674 = ORIENTED_EDGE('',*,*,#3675,.F.);
#3675 = EDGE_CURVE('',#3676,#3678,#3680,.T.);
#3676 = VERTEX_POINT('',#3677);
#3677 = CARTESIAN_POINT('',(-1.335,0.72,0.));
#3678 = VERTEX_POINT('',#3679);
#3679 = CARTESIAN_POINT('',(-1.335,0.72,3.E-02));
#3680 = LINE('',#3681,#3682);
#3681 = CARTESIAN_POINT('',(-1.335,0.72,0.));
#3682 = VECTOR('',#3683,1.);
#3683 = DIRECTION('',(0.,0.,1.));
#3684 = ORIENTED_EDGE('',*,*,#3685,.F.);
#3685 = EDGE_CURVE('',#3581,#3676,#3686,.T.);
#3686 = LINE('',#3687,#3688);
#3687 = CARTESIAN_POINT('',(-1.465,0.72,0.));
#3688 = VECTOR('',#3689,1.);
#3689 = DIRECTION('',(1.,0.,-0.));
#3690 = ORIENTED_EDGE('',*,*,#3588,.T.);
#3691 = ORIENTED_EDGE('',*,*,#3692,.T.);
#3692 = EDGE_CURVE('',#3589,#3678,#3693,.T.);
#3693 = LINE('',#3694,#3695);
#3694 = CARTESIAN_POINT('',(-1.465,0.72,3.E-02));
#3695 = VECTOR('',#3696,1.);
#3696 = DIRECTION('',(1.,0.,-0.));
#3697 = PLANE('',#3698);
#3698 = AXIS2_PLACEMENT_3D('',#3699,#3700,#3701);
#3699 = CARTESIAN_POINT('',(-1.465,0.72,0.));
#3700 = DIRECTION('',(-0.,1.,0.));
#3701 = DIRECTION('',(0.,0.,1.));
#3702 = ADVANCED_FACE('',(#3703),#3783,.F.);
#3703 = FACE_BOUND('',#3704,.F.);
#3704 = EDGE_LOOP('',(#3705,#3706,#3712,#3713,#3721,#3729,#3737,#3745,
    #3753,#3761,#3769,#3777));
#3705 = ORIENTED_EDGE('',*,*,#3675,.F.);
#3706 = ORIENTED_EDGE('',*,*,#3707,.T.);
#3707 = EDGE_CURVE('',#3676,#3543,#3708,.T.);
#3708 = LINE('',#3709,#3710);
#3709 = CARTESIAN_POINT('',(-1.335,0.72,0.));
#3710 = VECTOR('',#3711,1.);
#3711 = DIRECTION('',(-0.,1.,0.));
#3712 = ORIENTED_EDGE('',*,*,#3550,.F.);
#3713 = ORIENTED_EDGE('',*,*,#3714,.F.);
#3714 = EDGE_CURVE('',#3715,#3551,#3717,.T.);
#3715 = VERTEX_POINT('',#3716);
#3716 = CARTESIAN_POINT('',(-1.335,0.74,7.E-02));
#3717 = LINE('',#3718,#3719);
#3718 = CARTESIAN_POINT('',(-1.335,0.72,7.E-02));
#3719 = VECTOR('',#3720,1.);
#3720 = DIRECTION('',(-0.,1.,0.));
#3721 = ORIENTED_EDGE('',*,*,#3722,.T.);
#3722 = EDGE_CURVE('',#3715,#3723,#3725,.T.);
#3723 = VERTEX_POINT('',#3724);
#3724 = CARTESIAN_POINT('',(-1.335,0.74,0.1));
#3725 = LINE('',#3726,#3727);
#3726 = CARTESIAN_POINT('',(-1.335,0.74,3.E-02));
#3727 = VECTOR('',#3728,1.);
#3728 = DIRECTION('',(0.,0.,1.));
#3729 = ORIENTED_EDGE('',*,*,#3730,.F.);
#3730 = EDGE_CURVE('',#3731,#3723,#3733,.T.);
#3731 = VERTEX_POINT('',#3732);
#3732 = CARTESIAN_POINT('',(-1.335,0.575,0.1));
#3733 = LINE('',#3734,#3735);
#3734 = CARTESIAN_POINT('',(-1.335,0.505,0.1));
#3735 = VECTOR('',#3736,1.);
#3736 = DIRECTION('',(-0.,1.,0.));
#3737 = ORIENTED_EDGE('',*,*,#3738,.T.);
#3738 = EDGE_CURVE('',#3731,#3739,#3741,.T.);
#3739 = VERTEX_POINT('',#3740);
#3740 = CARTESIAN_POINT('',(-1.335,0.575,0.45));
#3741 = LINE('',#3742,#3743);
#3742 = CARTESIAN_POINT('',(-1.335,0.575,3.E-02));
#3743 = VECTOR('',#3744,1.);
#3744 = DIRECTION('',(0.,0.,1.));
#3745 = ORIENTED_EDGE('',*,*,#3746,.F.);
#3746 = EDGE_CURVE('',#3747,#3739,#3749,.T.);
#3747 = VERTEX_POINT('',#3748);
#3748 = CARTESIAN_POINT('',(-1.335,0.53,0.45));
#3749 = LINE('',#3750,#3751);
#3750 = CARTESIAN_POINT('',(-1.335,0.505,0.45));
#3751 = VECTOR('',#3752,1.);
#3752 = DIRECTION('',(-0.,1.,0.));
#3753 = ORIENTED_EDGE('',*,*,#3754,.T.);
#3754 = EDGE_CURVE('',#3747,#3755,#3757,.T.);
#3755 = VERTEX_POINT('',#3756);
#3756 = CARTESIAN_POINT('',(-1.335,0.53,7.E-02));
#3757 = LINE('',#3758,#3759);
#3758 = CARTESIAN_POINT('',(-1.335,0.53,0.114334319527));
#3759 = VECTOR('',#3760,1.);
#3760 = DIRECTION('',(0.,0.,-1.));
#3761 = ORIENTED_EDGE('',*,*,#3762,.F.);
#3762 = EDGE_CURVE('',#3763,#3755,#3765,.T.);
#3763 = VERTEX_POINT('',#3764);
#3764 = CARTESIAN_POINT('',(-1.335,0.505,7.E-02));
#3765 = LINE('',#3766,#3767);
#3766 = CARTESIAN_POINT('',(-1.335,5.308431952663E-02,7.E-02));
#3767 = VECTOR('',#3768,1.);
#3768 = DIRECTION('',(0.,1.,0.));
#3769 = ORIENTED_EDGE('',*,*,#3770,.F.);
#3770 = EDGE_CURVE('',#3771,#3763,#3773,.T.);
#3771 = VERTEX_POINT('',#3772);
#3772 = CARTESIAN_POINT('',(-1.335,0.505,3.E-02));
#3773 = LINE('',#3774,#3775);
#3774 = CARTESIAN_POINT('',(-1.335,0.505,3.E-02));
#3775 = VECTOR('',#3776,1.);
#3776 = DIRECTION('',(0.,0.,1.));
#3777 = ORIENTED_EDGE('',*,*,#3778,.T.);
#3778 = EDGE_CURVE('',#3771,#3678,#3779,.T.);
#3779 = LINE('',#3780,#3781);
#3780 = CARTESIAN_POINT('',(-1.335,0.505,3.E-02));
#3781 = VECTOR('',#3782,1.);
#3782 = DIRECTION('',(-0.,1.,0.));
#3783 = PLANE('',#3784);
#3784 = AXIS2_PLACEMENT_3D('',#3785,#3786,#3787);
#3785 = CARTESIAN_POINT('',(-1.335,0.636168639053,0.158668639053));
#3786 = DIRECTION('',(1.,0.,0.));
#3787 = DIRECTION('',(-0.,0.,1.));
#3788 = ADVANCED_FACE('',(#3789),#3878,.F.);
#3789 = FACE_BOUND('',#3790,.F.);
#3790 = EDGE_LOOP('',(#3791,#3799,#3807,#3815,#3823,#3831,#3839,#3847,
    #3855,#3863,#3871,#3877));
#3791 = ORIENTED_EDGE('',*,*,#3792,.F.);
#3792 = EDGE_CURVE('',#3793,#3535,#3795,.T.);
#3793 = VERTEX_POINT('',#3794);
#3794 = CARTESIAN_POINT('',(-1.115,0.72,0.));
#3795 = LINE('',#3796,#3797);
#3796 = CARTESIAN_POINT('',(-1.115,0.72,0.));
#3797 = VECTOR('',#3798,1.);
#3798 = DIRECTION('',(-0.,1.,0.));
#3799 = ORIENTED_EDGE('',*,*,#3800,.T.);
#3800 = EDGE_CURVE('',#3793,#3801,#3803,.T.);
#3801 = VERTEX_POINT('',#3802);
#3802 = CARTESIAN_POINT('',(-1.115,0.72,3.E-02));
#3803 = LINE('',#3804,#3805);
#3804 = CARTESIAN_POINT('',(-1.115,0.72,0.));
#3805 = VECTOR('',#3806,1.);
#3806 = DIRECTION('',(0.,0.,1.));
#3807 = ORIENTED_EDGE('',*,*,#3808,.F.);
#3808 = EDGE_CURVE('',#3809,#3801,#3811,.T.);
#3809 = VERTEX_POINT('',#3810);
#3810 = CARTESIAN_POINT('',(-1.115,0.505,3.E-02));
#3811 = LINE('',#3812,#3813);
#3812 = CARTESIAN_POINT('',(-1.115,0.505,3.E-02));
#3813 = VECTOR('',#3814,1.);
#3814 = DIRECTION('',(-0.,1.,0.));
#3815 = ORIENTED_EDGE('',*,*,#3816,.T.);
#3816 = EDGE_CURVE('',#3809,#3817,#3819,.T.);
#3817 = VERTEX_POINT('',#3818);
#3818 = CARTESIAN_POINT('',(-1.115,0.505,7.E-02));
#3819 = LINE('',#3820,#3821);
#3820 = CARTESIAN_POINT('',(-1.115,0.505,3.E-02));
#3821 = VECTOR('',#3822,1.);
#3822 = DIRECTION('',(0.,0.,1.));
#3823 = ORIENTED_EDGE('',*,*,#3824,.F.);
#3824 = EDGE_CURVE('',#3825,#3817,#3827,.T.);
#3825 = VERTEX_POINT('',#3826);
#3826 = CARTESIAN_POINT('',(-1.115,0.53,7.E-02));
#3827 = LINE('',#3828,#3829);
#3828 = CARTESIAN_POINT('',(-1.115,5.308431952663E-02,7.E-02));
#3829 = VECTOR('',#3830,1.);
#3830 = DIRECTION('',(0.,-1.,0.));
#3831 = ORIENTED_EDGE('',*,*,#3832,.T.);
#3832 = EDGE_CURVE('',#3825,#3833,#3835,.T.);
#3833 = VERTEX_POINT('',#3834);
#3834 = CARTESIAN_POINT('',(-1.115,0.53,0.45));
#3835 = LINE('',#3836,#3837);
#3836 = CARTESIAN_POINT('',(-1.115,0.53,0.114334319527));
#3837 = VECTOR('',#3838,1.);
#3838 = DIRECTION('',(0.,-0.,1.));
#3839 = ORIENTED_EDGE('',*,*,#3840,.T.);
#3840 = EDGE_CURVE('',#3833,#3841,#3843,.T.);
#3841 = VERTEX_POINT('',#3842);
#3842 = CARTESIAN_POINT('',(-1.115,0.575,0.45));
#3843 = LINE('',#3844,#3845);
#3844 = CARTESIAN_POINT('',(-1.115,0.505,0.45));
#3845 = VECTOR('',#3846,1.);
#3846 = DIRECTION('',(-0.,1.,0.));
#3847 = ORIENTED_EDGE('',*,*,#3848,.F.);
#3848 = EDGE_CURVE('',#3849,#3841,#3851,.T.);
#3849 = VERTEX_POINT('',#3850);
#3850 = CARTESIAN_POINT('',(-1.115,0.575,0.1));
#3851 = LINE('',#3852,#3853);
#3852 = CARTESIAN_POINT('',(-1.115,0.575,3.E-02));
#3853 = VECTOR('',#3854,1.);
#3854 = DIRECTION('',(0.,0.,1.));
#3855 = ORIENTED_EDGE('',*,*,#3856,.T.);
#3856 = EDGE_CURVE('',#3849,#3857,#3859,.T.);
#3857 = VERTEX_POINT('',#3858);
#3858 = CARTESIAN_POINT('',(-1.115,0.74,0.1));
#3859 = LINE('',#3860,#3861);
#3860 = CARTESIAN_POINT('',(-1.115,0.505,0.1));
#3861 = VECTOR('',#3862,1.);
#3862 = DIRECTION('',(-0.,1.,0.));
#3863 = ORIENTED_EDGE('',*,*,#3864,.F.);
#3864 = EDGE_CURVE('',#3865,#3857,#3867,.T.);
#3865 = VERTEX_POINT('',#3866);
#3866 = CARTESIAN_POINT('',(-1.115,0.74,7.E-02));
#3867 = LINE('',#3868,#3869);
#3868 = CARTESIAN_POINT('',(-1.115,0.74,3.E-02));
#3869 = VECTOR('',#3870,1.);
#3870 = DIRECTION('',(0.,0.,1.));
#3871 = ORIENTED_EDGE('',*,*,#3872,.T.);
#3872 = EDGE_CURVE('',#3865,#3527,#3873,.T.);
#3873 = LINE('',#3874,#3875);
#3874 = CARTESIAN_POINT('',(-1.115,0.72,7.E-02));
#3875 = VECTOR('',#3876,1.);
#3876 = DIRECTION('',(-0.,1.,0.));
#3877 = ORIENTED_EDGE('',*,*,#3534,.F.);
#3878 = PLANE('',#3879);
#3879 = AXIS2_PLACEMENT_3D('',#3880,#3881,#3882);
#3880 = CARTESIAN_POINT('',(-1.115,0.636168639053,0.158668639053));
#3881 = DIRECTION('',(-1.,-0.,-0.));
#3882 = DIRECTION('',(0.,0.,-1.));
#3883 = ADVANCED_FACE('',(#3884),#3909,.T.);
#3884 = FACE_BOUND('',#3885,.T.);
#3885 = EDGE_LOOP('',(#3886,#3896,#3902,#3903));
#3886 = ORIENTED_EDGE('',*,*,#3887,.F.);
#3887 = EDGE_CURVE('',#3888,#3890,#3892,.T.);
#3888 = VERTEX_POINT('',#3889);
#3889 = CARTESIAN_POINT('',(-0.985,0.72,0.));
#3890 = VERTEX_POINT('',#3891);
#3891 = CARTESIAN_POINT('',(-0.985,0.72,3.E-02));
#3892 = LINE('',#3893,#3894);
#3893 = CARTESIAN_POINT('',(-0.985,0.72,0.));
#3894 = VECTOR('',#3895,1.);
#3895 = DIRECTION('',(0.,0.,1.));
#3896 = ORIENTED_EDGE('',*,*,#3897,.F.);
#3897 = EDGE_CURVE('',#3793,#3888,#3898,.T.);
#3898 = LINE('',#3899,#3900);
#3899 = CARTESIAN_POINT('',(-1.115,0.72,0.));
#3900 = VECTOR('',#3901,1.);
#3901 = DIRECTION('',(1.,0.,-0.));
#3902 = ORIENTED_EDGE('',*,*,#3800,.T.);
#3903 = ORIENTED_EDGE('',*,*,#3904,.T.);
#3904 = EDGE_CURVE('',#3801,#3890,#3905,.T.);
#3905 = LINE('',#3906,#3907);
#3906 = CARTESIAN_POINT('',(-1.115,0.72,3.E-02));
#3907 = VECTOR('',#3908,1.);
#3908 = DIRECTION('',(1.,0.,-0.));
#3909 = PLANE('',#3910);
#3910 = AXIS2_PLACEMENT_3D('',#3911,#3912,#3913);
#3911 = CARTESIAN_POINT('',(-1.115,0.72,0.));
#3912 = DIRECTION('',(-0.,1.,0.));
#3913 = DIRECTION('',(0.,0.,1.));
#3914 = ADVANCED_FACE('',(#3915),#3995,.F.);
#3915 = FACE_BOUND('',#3916,.F.);
#3916 = EDGE_LOOP('',(#3917,#3918,#3924,#3925,#3933,#3941,#3949,#3957,
    #3965,#3973,#3981,#3989));
#3917 = ORIENTED_EDGE('',*,*,#3887,.F.);
#3918 = ORIENTED_EDGE('',*,*,#3919,.T.);
#3919 = EDGE_CURVE('',#3888,#3511,#3920,.T.);
#3920 = LINE('',#3921,#3922);
#3921 = CARTESIAN_POINT('',(-0.985,0.72,0.));
#3922 = VECTOR('',#3923,1.);
#3923 = DIRECTION('',(-0.,1.,0.));
#3924 = ORIENTED_EDGE('',*,*,#3518,.F.);
#3925 = ORIENTED_EDGE('',*,*,#3926,.F.);
#3926 = EDGE_CURVE('',#3927,#3519,#3929,.T.);
#3927 = VERTEX_POINT('',#3928);
#3928 = CARTESIAN_POINT('',(-0.985,0.74,7.E-02));
#3929 = LINE('',#3930,#3931);
#3930 = CARTESIAN_POINT('',(-0.985,0.72,7.E-02));
#3931 = VECTOR('',#3932,1.);
#3932 = DIRECTION('',(-0.,1.,0.));
#3933 = ORIENTED_EDGE('',*,*,#3934,.T.);
#3934 = EDGE_CURVE('',#3927,#3935,#3937,.T.);
#3935 = VERTEX_POINT('',#3936);
#3936 = CARTESIAN_POINT('',(-0.985,0.74,0.1));
#3937 = LINE('',#3938,#3939);
#3938 = CARTESIAN_POINT('',(-0.985,0.74,3.E-02));
#3939 = VECTOR('',#3940,1.);
#3940 = DIRECTION('',(0.,0.,1.));
#3941 = ORIENTED_EDGE('',*,*,#3942,.F.);
#3942 = EDGE_CURVE('',#3943,#3935,#3945,.T.);
#3943 = VERTEX_POINT('',#3944);
#3944 = CARTESIAN_POINT('',(-0.985,0.575,0.1));
#3945 = LINE('',#3946,#3947);
#3946 = CARTESIAN_POINT('',(-0.985,0.505,0.1));
#3947 = VECTOR('',#3948,1.);
#3948 = DIRECTION('',(-0.,1.,0.));
#3949 = ORIENTED_EDGE('',*,*,#3950,.T.);
#3950 = EDGE_CURVE('',#3943,#3951,#3953,.T.);
#3951 = VERTEX_POINT('',#3952);
#3952 = CARTESIAN_POINT('',(-0.985,0.575,0.45));
#3953 = LINE('',#3954,#3955);
#3954 = CARTESIAN_POINT('',(-0.985,0.575,3.E-02));
#3955 = VECTOR('',#3956,1.);
#3956 = DIRECTION('',(0.,0.,1.));
#3957 = ORIENTED_EDGE('',*,*,#3958,.F.);
#3958 = EDGE_CURVE('',#3959,#3951,#3961,.T.);
#3959 = VERTEX_POINT('',#3960);
#3960 = CARTESIAN_POINT('',(-0.985,0.53,0.45));
#3961 = LINE('',#3962,#3963);
#3962 = CARTESIAN_POINT('',(-0.985,0.505,0.45));
#3963 = VECTOR('',#3964,1.);
#3964 = DIRECTION('',(-0.,1.,0.));
#3965 = ORIENTED_EDGE('',*,*,#3966,.T.);
#3966 = EDGE_CURVE('',#3959,#3967,#3969,.T.);
#3967 = VERTEX_POINT('',#3968);
#3968 = CARTESIAN_POINT('',(-0.985,0.53,7.E-02));
#3969 = LINE('',#3970,#3971);
#3970 = CARTESIAN_POINT('',(-0.985,0.53,0.114334319527));
#3971 = VECTOR('',#3972,1.);
#3972 = DIRECTION('',(0.,0.,-1.));
#3973 = ORIENTED_EDGE('',*,*,#3974,.F.);
#3974 = EDGE_CURVE('',#3975,#3967,#3977,.T.);
#3975 = VERTEX_POINT('',#3976);
#3976 = CARTESIAN_POINT('',(-0.985,0.505,7.E-02));
#3977 = LINE('',#3978,#3979);
#3978 = CARTESIAN_POINT('',(-0.985,5.308431952663E-02,7.E-02));
#3979 = VECTOR('',#3980,1.);
#3980 = DIRECTION('',(0.,1.,0.));
#3981 = ORIENTED_EDGE('',*,*,#3982,.F.);
#3982 = EDGE_CURVE('',#3983,#3975,#3985,.T.);
#3983 = VERTEX_POINT('',#3984);
#3984 = CARTESIAN_POINT('',(-0.985,0.505,3.E-02));
#3985 = LINE('',#3986,#3987);
#3986 = CARTESIAN_POINT('',(-0.985,0.505,3.E-02));
#3987 = VECTOR('',#3988,1.);
#3988 = DIRECTION('',(0.,0.,1.));
#3989 = ORIENTED_EDGE('',*,*,#3990,.T.);
#3990 = EDGE_CURVE('',#3983,#3890,#3991,.T.);
#3991 = LINE('',#3992,#3993);
#3992 = CARTESIAN_POINT('',(-0.985,0.505,3.E-02));
#3993 = VECTOR('',#3994,1.);
#3994 = DIRECTION('',(-0.,1.,0.));
#3995 = PLANE('',#3996);
#3996 = AXIS2_PLACEMENT_3D('',#3997,#3998,#3999);
#3997 = CARTESIAN_POINT('',(-0.985,0.636168639053,0.158668639053));
#3998 = DIRECTION('',(1.,0.,0.));
#3999 = DIRECTION('',(-0.,0.,1.));
#4000 = ADVANCED_FACE('',(#4001),#4090,.F.);
#4001 = FACE_BOUND('',#4002,.F.);
#4002 = EDGE_LOOP('',(#4003,#4011,#4019,#4027,#4035,#4043,#4051,#4059,
    #4067,#4075,#4083,#4089));
#4003 = ORIENTED_EDGE('',*,*,#4004,.F.);
#4004 = EDGE_CURVE('',#4005,#3503,#4007,.T.);
#4005 = VERTEX_POINT('',#4006);
#4006 = CARTESIAN_POINT('',(-0.765,0.72,0.));
#4007 = LINE('',#4008,#4009);
#4008 = CARTESIAN_POINT('',(-0.765,0.72,0.));
#4009 = VECTOR('',#4010,1.);
#4010 = DIRECTION('',(-0.,1.,0.));
#4011 = ORIENTED_EDGE('',*,*,#4012,.T.);
#4012 = EDGE_CURVE('',#4005,#4013,#4015,.T.);
#4013 = VERTEX_POINT('',#4014);
#4014 = CARTESIAN_POINT('',(-0.765,0.72,3.E-02));
#4015 = LINE('',#4016,#4017);
#4016 = CARTESIAN_POINT('',(-0.765,0.72,0.));
#4017 = VECTOR('',#4018,1.);
#4018 = DIRECTION('',(0.,0.,1.));
#4019 = ORIENTED_EDGE('',*,*,#4020,.F.);
#4020 = EDGE_CURVE('',#4021,#4013,#4023,.T.);
#4021 = VERTEX_POINT('',#4022);
#4022 = CARTESIAN_POINT('',(-0.765,0.505,3.E-02));
#4023 = LINE('',#4024,#4025);
#4024 = CARTESIAN_POINT('',(-0.765,0.505,3.E-02));
#4025 = VECTOR('',#4026,1.);
#4026 = DIRECTION('',(-0.,1.,0.));
#4027 = ORIENTED_EDGE('',*,*,#4028,.T.);
#4028 = EDGE_CURVE('',#4021,#4029,#4031,.T.);
#4029 = VERTEX_POINT('',#4030);
#4030 = CARTESIAN_POINT('',(-0.765,0.505,7.E-02));
#4031 = LINE('',#4032,#4033);
#4032 = CARTESIAN_POINT('',(-0.765,0.505,3.E-02));
#4033 = VECTOR('',#4034,1.);
#4034 = DIRECTION('',(0.,0.,1.));
#4035 = ORIENTED_EDGE('',*,*,#4036,.F.);
#4036 = EDGE_CURVE('',#4037,#4029,#4039,.T.);
#4037 = VERTEX_POINT('',#4038);
#4038 = CARTESIAN_POINT('',(-0.765,0.53,7.E-02));
#4039 = LINE('',#4040,#4041);
#4040 = CARTESIAN_POINT('',(-0.765,5.308431952663E-02,7.E-02));
#4041 = VECTOR('',#4042,1.);
#4042 = DIRECTION('',(0.,-1.,0.));
#4043 = ORIENTED_EDGE('',*,*,#4044,.T.);
#4044 = EDGE_CURVE('',#4037,#4045,#4047,.T.);
#4045 = VERTEX_POINT('',#4046);
#4046 = CARTESIAN_POINT('',(-0.765,0.53,0.45));
#4047 = LINE('',#4048,#4049);
#4048 = CARTESIAN_POINT('',(-0.765,0.53,0.114334319527));
#4049 = VECTOR('',#4050,1.);
#4050 = DIRECTION('',(0.,-0.,1.));
#4051 = ORIENTED_EDGE('',*,*,#4052,.T.);
#4052 = EDGE_CURVE('',#4045,#4053,#4055,.T.);
#4053 = VERTEX_POINT('',#4054);
#4054 = CARTESIAN_POINT('',(-0.765,0.575,0.45));
#4055 = LINE('',#4056,#4057);
#4056 = CARTESIAN_POINT('',(-0.765,0.505,0.45));
#4057 = VECTOR('',#4058,1.);
#4058 = DIRECTION('',(-0.,1.,0.));
#4059 = ORIENTED_EDGE('',*,*,#4060,.F.);
#4060 = EDGE_CURVE('',#4061,#4053,#4063,.T.);
#4061 = VERTEX_POINT('',#4062);
#4062 = CARTESIAN_POINT('',(-0.765,0.575,0.1));
#4063 = LINE('',#4064,#4065);
#4064 = CARTESIAN_POINT('',(-0.765,0.575,3.E-02));
#4065 = VECTOR('',#4066,1.);
#4066 = DIRECTION('',(0.,0.,1.));
#4067 = ORIENTED_EDGE('',*,*,#4068,.T.);
#4068 = EDGE_CURVE('',#4061,#4069,#4071,.T.);
#4069 = VERTEX_POINT('',#4070);
#4070 = CARTESIAN_POINT('',(-0.765,0.74,0.1));
#4071 = LINE('',#4072,#4073);
#4072 = CARTESIAN_POINT('',(-0.765,0.505,0.1));
#4073 = VECTOR('',#4074,1.);
#4074 = DIRECTION('',(-0.,1.,0.));
#4075 = ORIENTED_EDGE('',*,*,#4076,.F.);
#4076 = EDGE_CURVE('',#4077,#4069,#4079,.T.);
#4077 = VERTEX_POINT('',#4078);
#4078 = CARTESIAN_POINT('',(-0.765,0.74,7.E-02));
#4079 = LINE('',#4080,#4081);
#4080 = CARTESIAN_POINT('',(-0.765,0.74,3.E-02));
#4081 = VECTOR('',#4082,1.);
#4082 = DIRECTION('',(0.,0.,1.));
#4083 = ORIENTED_EDGE('',*,*,#4084,.T.);
#4084 = EDGE_CURVE('',#4077,#3495,#4085,.T.);
#4085 = LINE('',#4086,#4087);
#4086 = CARTESIAN_POINT('',(-0.765,0.72,7.E-02));
#4087 = VECTOR('',#4088,1.);
#4088 = DIRECTION('',(-0.,1.,0.));
#4089 = ORIENTED_EDGE('',*,*,#3502,.F.);
#4090 = PLANE('',#4091);
#4091 = AXIS2_PLACEMENT_3D('',#4092,#4093,#4094);
#4092 = CARTESIAN_POINT('',(-0.765,0.636168639053,0.158668639053));
#4093 = DIRECTION('',(-1.,-0.,-0.));
#4094 = DIRECTION('',(0.,0.,-1.));
#4095 = ADVANCED_FACE('',(#4096),#4121,.T.);
#4096 = FACE_BOUND('',#4097,.T.);
#4097 = EDGE_LOOP('',(#4098,#4108,#4114,#4115));
#4098 = ORIENTED_EDGE('',*,*,#4099,.F.);
#4099 = EDGE_CURVE('',#4100,#4102,#4104,.T.);
#4100 = VERTEX_POINT('',#4101);
#4101 = CARTESIAN_POINT('',(-0.635,0.72,0.));
#4102 = VERTEX_POINT('',#4103);
#4103 = CARTESIAN_POINT('',(-0.635,0.72,3.E-02));
#4104 = LINE('',#4105,#4106);
#4105 = CARTESIAN_POINT('',(-0.635,0.72,0.));
#4106 = VECTOR('',#4107,1.);
#4107 = DIRECTION('',(0.,0.,1.));
#4108 = ORIENTED_EDGE('',*,*,#4109,.F.);
#4109 = EDGE_CURVE('',#4005,#4100,#4110,.T.);
#4110 = LINE('',#4111,#4112);
#4111 = CARTESIAN_POINT('',(-0.765,0.72,0.));
#4112 = VECTOR('',#4113,1.);
#4113 = DIRECTION('',(1.,0.,-0.));
#4114 = ORIENTED_EDGE('',*,*,#4012,.T.);
#4115 = ORIENTED_EDGE('',*,*,#4116,.T.);
#4116 = EDGE_CURVE('',#4013,#4102,#4117,.T.);
#4117 = LINE('',#4118,#4119);
#4118 = CARTESIAN_POINT('',(-0.765,0.72,3.E-02));
#4119 = VECTOR('',#4120,1.);
#4120 = DIRECTION('',(1.,0.,-0.));
#4121 = PLANE('',#4122);
#4122 = AXIS2_PLACEMENT_3D('',#4123,#4124,#4125);
#4123 = CARTESIAN_POINT('',(-0.765,0.72,0.));
#4124 = DIRECTION('',(-0.,1.,0.));
#4125 = DIRECTION('',(0.,0.,1.));
#4126 = ADVANCED_FACE('',(#4127),#4207,.F.);
#4127 = FACE_BOUND('',#4128,.F.);
#4128 = EDGE_LOOP('',(#4129,#4130,#4136,#4137,#4145,#4153,#4161,#4169,
    #4177,#4185,#4193,#4201));
#4129 = ORIENTED_EDGE('',*,*,#4099,.F.);
#4130 = ORIENTED_EDGE('',*,*,#4131,.T.);
#4131 = EDGE_CURVE('',#4100,#3479,#4132,.T.);
#4132 = LINE('',#4133,#4134);
#4133 = CARTESIAN_POINT('',(-0.635,0.72,0.));
#4134 = VECTOR('',#4135,1.);
#4135 = DIRECTION('',(-0.,1.,0.));
#4136 = ORIENTED_EDGE('',*,*,#3486,.F.);
#4137 = ORIENTED_EDGE('',*,*,#4138,.F.);
#4138 = EDGE_CURVE('',#4139,#3487,#4141,.T.);
#4139 = VERTEX_POINT('',#4140);
#4140 = CARTESIAN_POINT('',(-0.635,0.74,7.E-02));
#4141 = LINE('',#4142,#4143);
#4142 = CARTESIAN_POINT('',(-0.635,0.72,7.E-02));
#4143 = VECTOR('',#4144,1.);
#4144 = DIRECTION('',(-0.,1.,0.));
#4145 = ORIENTED_EDGE('',*,*,#4146,.T.);
#4146 = EDGE_CURVE('',#4139,#4147,#4149,.T.);
#4147 = VERTEX_POINT('',#4148);
#4148 = CARTESIAN_POINT('',(-0.635,0.74,0.1));
#4149 = LINE('',#4150,#4151);
#4150 = CARTESIAN_POINT('',(-0.635,0.74,3.E-02));
#4151 = VECTOR('',#4152,1.);
#4152 = DIRECTION('',(0.,0.,1.));
#4153 = ORIENTED_EDGE('',*,*,#4154,.F.);
#4154 = EDGE_CURVE('',#4155,#4147,#4157,.T.);
#4155 = VERTEX_POINT('',#4156);
#4156 = CARTESIAN_POINT('',(-0.635,0.575,0.1));
#4157 = LINE('',#4158,#4159);
#4158 = CARTESIAN_POINT('',(-0.635,0.505,0.1));
#4159 = VECTOR('',#4160,1.);
#4160 = DIRECTION('',(-0.,1.,0.));
#4161 = ORIENTED_EDGE('',*,*,#4162,.T.);
#4162 = EDGE_CURVE('',#4155,#4163,#4165,.T.);
#4163 = VERTEX_POINT('',#4164);
#4164 = CARTESIAN_POINT('',(-0.635,0.575,0.45));
#4165 = LINE('',#4166,#4167);
#4166 = CARTESIAN_POINT('',(-0.635,0.575,3.E-02));
#4167 = VECTOR('',#4168,1.);
#4168 = DIRECTION('',(0.,0.,1.));
#4169 = ORIENTED_EDGE('',*,*,#4170,.F.);
#4170 = EDGE_CURVE('',#4171,#4163,#4173,.T.);
#4171 = VERTEX_POINT('',#4172);
#4172 = CARTESIAN_POINT('',(-0.635,0.53,0.45));
#4173 = LINE('',#4174,#4175);
#4174 = CARTESIAN_POINT('',(-0.635,0.505,0.45));
#4175 = VECTOR('',#4176,1.);
#4176 = DIRECTION('',(-0.,1.,0.));
#4177 = ORIENTED_EDGE('',*,*,#4178,.T.);
#4178 = EDGE_CURVE('',#4171,#4179,#4181,.T.);
#4179 = VERTEX_POINT('',#4180);
#4180 = CARTESIAN_POINT('',(-0.635,0.53,7.E-02));
#4181 = LINE('',#4182,#4183);
#4182 = CARTESIAN_POINT('',(-0.635,0.53,0.114334319527));
#4183 = VECTOR('',#4184,1.);
#4184 = DIRECTION('',(0.,0.,-1.));
#4185 = ORIENTED_EDGE('',*,*,#4186,.F.);
#4186 = EDGE_CURVE('',#4187,#4179,#4189,.T.);
#4187 = VERTEX_POINT('',#4188);
#4188 = CARTESIAN_POINT('',(-0.635,0.505,7.E-02));
#4189 = LINE('',#4190,#4191);
#4190 = CARTESIAN_POINT('',(-0.635,5.308431952663E-02,7.E-02));
#4191 = VECTOR('',#4192,1.);
#4192 = DIRECTION('',(0.,1.,0.));
#4193 = ORIENTED_EDGE('',*,*,#4194,.F.);
#4194 = EDGE_CURVE('',#4195,#4187,#4197,.T.);
#4195 = VERTEX_POINT('',#4196);
#4196 = CARTESIAN_POINT('',(-0.635,0.505,3.E-02));
#4197 = LINE('',#4198,#4199);
#4198 = CARTESIAN_POINT('',(-0.635,0.505,3.E-02));
#4199 = VECTOR('',#4200,1.);
#4200 = DIRECTION('',(0.,0.,1.));
#4201 = ORIENTED_EDGE('',*,*,#4202,.T.);
#4202 = EDGE_CURVE('',#4195,#4102,#4203,.T.);
#4203 = LINE('',#4204,#4205);
#4204 = CARTESIAN_POINT('',(-0.635,0.505,3.E-02));
#4205 = VECTOR('',#4206,1.);
#4206 = DIRECTION('',(-0.,1.,0.));
#4207 = PLANE('',#4208);
#4208 = AXIS2_PLACEMENT_3D('',#4209,#4210,#4211);
#4209 = CARTESIAN_POINT('',(-0.635,0.636168639053,0.158668639053));
#4210 = DIRECTION('',(1.,0.,0.));
#4211 = DIRECTION('',(-0.,0.,1.));
#4212 = ADVANCED_FACE('',(#4213),#4302,.F.);
#4213 = FACE_BOUND('',#4214,.F.);
#4214 = EDGE_LOOP('',(#4215,#4223,#4231,#4239,#4247,#4255,#4263,#4271,
    #4279,#4287,#4295,#4301));
#4215 = ORIENTED_EDGE('',*,*,#4216,.F.);
#4216 = EDGE_CURVE('',#4217,#3471,#4219,.T.);
#4217 = VERTEX_POINT('',#4218);
#4218 = CARTESIAN_POINT('',(-0.415,0.72,0.));
#4219 = LINE('',#4220,#4221);
#4220 = CARTESIAN_POINT('',(-0.415,0.72,0.));
#4221 = VECTOR('',#4222,1.);
#4222 = DIRECTION('',(-0.,1.,0.));
#4223 = ORIENTED_EDGE('',*,*,#4224,.T.);
#4224 = EDGE_CURVE('',#4217,#4225,#4227,.T.);
#4225 = VERTEX_POINT('',#4226);
#4226 = CARTESIAN_POINT('',(-0.415,0.72,3.E-02));
#4227 = LINE('',#4228,#4229);
#4228 = CARTESIAN_POINT('',(-0.415,0.72,0.));
#4229 = VECTOR('',#4230,1.);
#4230 = DIRECTION('',(0.,0.,1.));
#4231 = ORIENTED_EDGE('',*,*,#4232,.F.);
#4232 = EDGE_CURVE('',#4233,#4225,#4235,.T.);
#4233 = VERTEX_POINT('',#4234);
#4234 = CARTESIAN_POINT('',(-0.415,0.505,3.E-02));
#4235 = LINE('',#4236,#4237);
#4236 = CARTESIAN_POINT('',(-0.415,0.505,3.E-02));
#4237 = VECTOR('',#4238,1.);
#4238 = DIRECTION('',(-0.,1.,0.));
#4239 = ORIENTED_EDGE('',*,*,#4240,.T.);
#4240 = EDGE_CURVE('',#4233,#4241,#4243,.T.);
#4241 = VERTEX_POINT('',#4242);
#4242 = CARTESIAN_POINT('',(-0.415,0.505,7.E-02));
#4243 = LINE('',#4244,#4245);
#4244 = CARTESIAN_POINT('',(-0.415,0.505,3.E-02));
#4245 = VECTOR('',#4246,1.);
#4246 = DIRECTION('',(0.,0.,1.));
#4247 = ORIENTED_EDGE('',*,*,#4248,.F.);
#4248 = EDGE_CURVE('',#4249,#4241,#4251,.T.);
#4249 = VERTEX_POINT('',#4250);
#4250 = CARTESIAN_POINT('',(-0.415,0.53,7.E-02));
#4251 = LINE('',#4252,#4253);
#4252 = CARTESIAN_POINT('',(-0.415,5.308431952663E-02,7.E-02));
#4253 = VECTOR('',#4254,1.);
#4254 = DIRECTION('',(0.,-1.,0.));
#4255 = ORIENTED_EDGE('',*,*,#4256,.T.);
#4256 = EDGE_CURVE('',#4249,#4257,#4259,.T.);
#4257 = VERTEX_POINT('',#4258);
#4258 = CARTESIAN_POINT('',(-0.415,0.53,0.45));
#4259 = LINE('',#4260,#4261);
#4260 = CARTESIAN_POINT('',(-0.415,0.53,0.114334319527));
#4261 = VECTOR('',#4262,1.);
#4262 = DIRECTION('',(0.,-0.,1.));
#4263 = ORIENTED_EDGE('',*,*,#4264,.T.);
#4264 = EDGE_CURVE('',#4257,#4265,#4267,.T.);
#4265 = VERTEX_POINT('',#4266);
#4266 = CARTESIAN_POINT('',(-0.415,0.575,0.45));
#4267 = LINE('',#4268,#4269);
#4268 = CARTESIAN_POINT('',(-0.415,0.505,0.45));
#4269 = VECTOR('',#4270,1.);
#4270 = DIRECTION('',(-0.,1.,0.));
#4271 = ORIENTED_EDGE('',*,*,#4272,.F.);
#4272 = EDGE_CURVE('',#4273,#4265,#4275,.T.);
#4273 = VERTEX_POINT('',#4274);
#4274 = CARTESIAN_POINT('',(-0.415,0.575,0.1));
#4275 = LINE('',#4276,#4277);
#4276 = CARTESIAN_POINT('',(-0.415,0.575,3.E-02));
#4277 = VECTOR('',#4278,1.);
#4278 = DIRECTION('',(0.,0.,1.));
#4279 = ORIENTED_EDGE('',*,*,#4280,.T.);
#4280 = EDGE_CURVE('',#4273,#4281,#4283,.T.);
#4281 = VERTEX_POINT('',#4282);
#4282 = CARTESIAN_POINT('',(-0.415,0.74,0.1));
#4283 = LINE('',#4284,#4285);
#4284 = CARTESIAN_POINT('',(-0.415,0.505,0.1));
#4285 = VECTOR('',#4286,1.);
#4286 = DIRECTION('',(-0.,1.,0.));
#4287 = ORIENTED_EDGE('',*,*,#4288,.F.);
#4288 = EDGE_CURVE('',#4289,#4281,#4291,.T.);
#4289 = VERTEX_POINT('',#4290);
#4290 = CARTESIAN_POINT('',(-0.415,0.74,7.E-02));
#4291 = LINE('',#4292,#4293);
#4292 = CARTESIAN_POINT('',(-0.415,0.74,3.E-02));
#4293 = VECTOR('',#4294,1.);
#4294 = DIRECTION('',(0.,0.,1.));
#4295 = ORIENTED_EDGE('',*,*,#4296,.T.);
#4296 = EDGE_CURVE('',#4289,#3463,#4297,.T.);
#4297 = LINE('',#4298,#4299);
#4298 = CARTESIAN_POINT('',(-0.415,0.72,7.E-02));
#4299 = VECTOR('',#4300,1.);
#4300 = DIRECTION('',(-0.,1.,0.));
#4301 = ORIENTED_EDGE('',*,*,#3470,.F.);
#4302 = PLANE('',#4303);
#4303 = AXIS2_PLACEMENT_3D('',#4304,#4305,#4306);
#4304 = CARTESIAN_POINT('',(-0.415,0.636168639053,0.158668639053));
#4305 = DIRECTION('',(-1.,-0.,-0.));
#4306 = DIRECTION('',(0.,0.,-1.));
#4307 = ADVANCED_FACE('',(#4308),#4333,.T.);
#4308 = FACE_BOUND('',#4309,.T.);
#4309 = EDGE_LOOP('',(#4310,#4320,#4326,#4327));
#4310 = ORIENTED_EDGE('',*,*,#4311,.F.);
#4311 = EDGE_CURVE('',#4312,#4314,#4316,.T.);
#4312 = VERTEX_POINT('',#4313);
#4313 = CARTESIAN_POINT('',(-0.285,0.72,0.));
#4314 = VERTEX_POINT('',#4315);
#4315 = CARTESIAN_POINT('',(-0.285,0.72,3.E-02));
#4316 = LINE('',#4317,#4318);
#4317 = CARTESIAN_POINT('',(-0.285,0.72,0.));
#4318 = VECTOR('',#4319,1.);
#4319 = DIRECTION('',(0.,0.,1.));
#4320 = ORIENTED_EDGE('',*,*,#4321,.F.);
#4321 = EDGE_CURVE('',#4217,#4312,#4322,.T.);
#4322 = LINE('',#4323,#4324);
#4323 = CARTESIAN_POINT('',(-0.415,0.72,0.));
#4324 = VECTOR('',#4325,1.);
#4325 = DIRECTION('',(1.,0.,-0.));
#4326 = ORIENTED_EDGE('',*,*,#4224,.T.);
#4327 = ORIENTED_EDGE('',*,*,#4328,.T.);
#4328 = EDGE_CURVE('',#4225,#4314,#4329,.T.);
#4329 = LINE('',#4330,#4331);
#4330 = CARTESIAN_POINT('',(-0.415,0.72,3.E-02));
#4331 = VECTOR('',#4332,1.);
#4332 = DIRECTION('',(1.,0.,-0.));
#4333 = PLANE('',#4334);
#4334 = AXIS2_PLACEMENT_3D('',#4335,#4336,#4337);
#4335 = CARTESIAN_POINT('',(-0.415,0.72,0.));
#4336 = DIRECTION('',(-0.,1.,0.));
#4337 = DIRECTION('',(0.,0.,1.));
#4338 = ADVANCED_FACE('',(#4339),#4419,.F.);
#4339 = FACE_BOUND('',#4340,.F.);
#4340 = EDGE_LOOP('',(#4341,#4342,#4348,#4349,#4357,#4365,#4373,#4381,
    #4389,#4397,#4405,#4413));
#4341 = ORIENTED_EDGE('',*,*,#4311,.F.);
#4342 = ORIENTED_EDGE('',*,*,#4343,.T.);
#4343 = EDGE_CURVE('',#4312,#3447,#4344,.T.);
#4344 = LINE('',#4345,#4346);
#4345 = CARTESIAN_POINT('',(-0.285,0.72,0.));
#4346 = VECTOR('',#4347,1.);
#4347 = DIRECTION('',(-0.,1.,0.));
#4348 = ORIENTED_EDGE('',*,*,#3454,.F.);
#4349 = ORIENTED_EDGE('',*,*,#4350,.F.);
#4350 = EDGE_CURVE('',#4351,#3455,#4353,.T.);
#4351 = VERTEX_POINT('',#4352);
#4352 = CARTESIAN_POINT('',(-0.285,0.74,7.E-02));
#4353 = LINE('',#4354,#4355);
#4354 = CARTESIAN_POINT('',(-0.285,0.72,7.E-02));
#4355 = VECTOR('',#4356,1.);
#4356 = DIRECTION('',(-0.,1.,0.));
#4357 = ORIENTED_EDGE('',*,*,#4358,.T.);
#4358 = EDGE_CURVE('',#4351,#4359,#4361,.T.);
#4359 = VERTEX_POINT('',#4360);
#4360 = CARTESIAN_POINT('',(-0.285,0.74,0.1));
#4361 = LINE('',#4362,#4363);
#4362 = CARTESIAN_POINT('',(-0.285,0.74,3.E-02));
#4363 = VECTOR('',#4364,1.);
#4364 = DIRECTION('',(0.,0.,1.));
#4365 = ORIENTED_EDGE('',*,*,#4366,.F.);
#4366 = EDGE_CURVE('',#4367,#4359,#4369,.T.);
#4367 = VERTEX_POINT('',#4368);
#4368 = CARTESIAN_POINT('',(-0.285,0.575,0.1));
#4369 = LINE('',#4370,#4371);
#4370 = CARTESIAN_POINT('',(-0.285,0.505,0.1));
#4371 = VECTOR('',#4372,1.);
#4372 = DIRECTION('',(-0.,1.,0.));
#4373 = ORIENTED_EDGE('',*,*,#4374,.T.);
#4374 = EDGE_CURVE('',#4367,#4375,#4377,.T.);
#4375 = VERTEX_POINT('',#4376);
#4376 = CARTESIAN_POINT('',(-0.285,0.575,0.45));
#4377 = LINE('',#4378,#4379);
#4378 = CARTESIAN_POINT('',(-0.285,0.575,3.E-02));
#4379 = VECTOR('',#4380,1.);
#4380 = DIRECTION('',(0.,0.,1.));
#4381 = ORIENTED_EDGE('',*,*,#4382,.F.);
#4382 = EDGE_CURVE('',#4383,#4375,#4385,.T.);
#4383 = VERTEX_POINT('',#4384);
#4384 = CARTESIAN_POINT('',(-0.285,0.53,0.45));
#4385 = LINE('',#4386,#4387);
#4386 = CARTESIAN_POINT('',(-0.285,0.505,0.45));
#4387 = VECTOR('',#4388,1.);
#4388 = DIRECTION('',(-0.,1.,0.));
#4389 = ORIENTED_EDGE('',*,*,#4390,.T.);
#4390 = EDGE_CURVE('',#4383,#4391,#4393,.T.);
#4391 = VERTEX_POINT('',#4392);
#4392 = CARTESIAN_POINT('',(-0.285,0.53,7.E-02));
#4393 = LINE('',#4394,#4395);
#4394 = CARTESIAN_POINT('',(-0.285,0.53,0.114334319527));
#4395 = VECTOR('',#4396,1.);
#4396 = DIRECTION('',(0.,0.,-1.));
#4397 = ORIENTED_EDGE('',*,*,#4398,.F.);
#4398 = EDGE_CURVE('',#4399,#4391,#4401,.T.);
#4399 = VERTEX_POINT('',#4400);
#4400 = CARTESIAN_POINT('',(-0.285,0.505,7.E-02));
#4401 = LINE('',#4402,#4403);
#4402 = CARTESIAN_POINT('',(-0.285,5.308431952663E-02,7.E-02));
#4403 = VECTOR('',#4404,1.);
#4404 = DIRECTION('',(0.,1.,0.));
#4405 = ORIENTED_EDGE('',*,*,#4406,.F.);
#4406 = EDGE_CURVE('',#4407,#4399,#4409,.T.);
#4407 = VERTEX_POINT('',#4408);
#4408 = CARTESIAN_POINT('',(-0.285,0.505,3.E-02));
#4409 = LINE('',#4410,#4411);
#4410 = CARTESIAN_POINT('',(-0.285,0.505,3.E-02));
#4411 = VECTOR('',#4412,1.);
#4412 = DIRECTION('',(0.,0.,1.));
#4413 = ORIENTED_EDGE('',*,*,#4414,.T.);
#4414 = EDGE_CURVE('',#4407,#4314,#4415,.T.);
#4415 = LINE('',#4416,#4417);
#4416 = CARTESIAN_POINT('',(-0.285,0.505,3.E-02));
#4417 = VECTOR('',#4418,1.);
#4418 = DIRECTION('',(-0.,1.,0.));
#4419 = PLANE('',#4420);
#4420 = AXIS2_PLACEMENT_3D('',#4421,#4422,#4423);
#4421 = CARTESIAN_POINT('',(-0.285,0.636168639053,0.158668639053));
#4422 = DIRECTION('',(1.,0.,0.));
#4423 = DIRECTION('',(-0.,0.,1.));
#4424 = ADVANCED_FACE('',(#4425),#4514,.F.);
#4425 = FACE_BOUND('',#4426,.F.);
#4426 = EDGE_LOOP('',(#4427,#4435,#4443,#4451,#4459,#4467,#4475,#4483,
    #4491,#4499,#4507,#4513));
#4427 = ORIENTED_EDGE('',*,*,#4428,.F.);
#4428 = EDGE_CURVE('',#4429,#3439,#4431,.T.);
#4429 = VERTEX_POINT('',#4430);
#4430 = CARTESIAN_POINT('',(-6.5E-02,0.72,0.));
#4431 = LINE('',#4432,#4433);
#4432 = CARTESIAN_POINT('',(-6.5E-02,0.72,0.));
#4433 = VECTOR('',#4434,1.);
#4434 = DIRECTION('',(-0.,1.,0.));
#4435 = ORIENTED_EDGE('',*,*,#4436,.T.);
#4436 = EDGE_CURVE('',#4429,#4437,#4439,.T.);
#4437 = VERTEX_POINT('',#4438);
#4438 = CARTESIAN_POINT('',(-6.5E-02,0.72,3.E-02));
#4439 = LINE('',#4440,#4441);
#4440 = CARTESIAN_POINT('',(-6.5E-02,0.72,0.));
#4441 = VECTOR('',#4442,1.);
#4442 = DIRECTION('',(0.,0.,1.));
#4443 = ORIENTED_EDGE('',*,*,#4444,.F.);
#4444 = EDGE_CURVE('',#4445,#4437,#4447,.T.);
#4445 = VERTEX_POINT('',#4446);
#4446 = CARTESIAN_POINT('',(-6.5E-02,0.505,3.E-02));
#4447 = LINE('',#4448,#4449);
#4448 = CARTESIAN_POINT('',(-6.5E-02,0.505,3.E-02));
#4449 = VECTOR('',#4450,1.);
#4450 = DIRECTION('',(-0.,1.,0.));
#4451 = ORIENTED_EDGE('',*,*,#4452,.T.);
#4452 = EDGE_CURVE('',#4445,#4453,#4455,.T.);
#4453 = VERTEX_POINT('',#4454);
#4454 = CARTESIAN_POINT('',(-6.5E-02,0.505,7.E-02));
#4455 = LINE('',#4456,#4457);
#4456 = CARTESIAN_POINT('',(-6.5E-02,0.505,3.E-02));
#4457 = VECTOR('',#4458,1.);
#4458 = DIRECTION('',(0.,0.,1.));
#4459 = ORIENTED_EDGE('',*,*,#4460,.F.);
#4460 = EDGE_CURVE('',#4461,#4453,#4463,.T.);
#4461 = VERTEX_POINT('',#4462);
#4462 = CARTESIAN_POINT('',(-6.5E-02,0.53,7.E-02));
#4463 = LINE('',#4464,#4465);
#4464 = CARTESIAN_POINT('',(-6.5E-02,5.308431952663E-02,7.E-02));
#4465 = VECTOR('',#4466,1.);
#4466 = DIRECTION('',(0.,-1.,0.));
#4467 = ORIENTED_EDGE('',*,*,#4468,.T.);
#4468 = EDGE_CURVE('',#4461,#4469,#4471,.T.);
#4469 = VERTEX_POINT('',#4470);
#4470 = CARTESIAN_POINT('',(-6.5E-02,0.53,0.45));
#4471 = LINE('',#4472,#4473);
#4472 = CARTESIAN_POINT('',(-6.5E-02,0.53,0.114334319527));
#4473 = VECTOR('',#4474,1.);
#4474 = DIRECTION('',(0.,-0.,1.));
#4475 = ORIENTED_EDGE('',*,*,#4476,.T.);
#4476 = EDGE_CURVE('',#4469,#4477,#4479,.T.);
#4477 = VERTEX_POINT('',#4478);
#4478 = CARTESIAN_POINT('',(-6.5E-02,0.575,0.45));
#4479 = LINE('',#4480,#4481);
#4480 = CARTESIAN_POINT('',(-6.5E-02,0.505,0.45));
#4481 = VECTOR('',#4482,1.);
#4482 = DIRECTION('',(-0.,1.,0.));
#4483 = ORIENTED_EDGE('',*,*,#4484,.F.);
#4484 = EDGE_CURVE('',#4485,#4477,#4487,.T.);
#4485 = VERTEX_POINT('',#4486);
#4486 = CARTESIAN_POINT('',(-6.5E-02,0.575,0.1));
#4487 = LINE('',#4488,#4489);
#4488 = CARTESIAN_POINT('',(-6.5E-02,0.575,3.E-02));
#4489 = VECTOR('',#4490,1.);
#4490 = DIRECTION('',(0.,0.,1.));
#4491 = ORIENTED_EDGE('',*,*,#4492,.T.);
#4492 = EDGE_CURVE('',#4485,#4493,#4495,.T.);
#4493 = VERTEX_POINT('',#4494);
#4494 = CARTESIAN_POINT('',(-6.5E-02,0.74,0.1));
#4495 = LINE('',#4496,#4497);
#4496 = CARTESIAN_POINT('',(-6.5E-02,0.505,0.1));
#4497 = VECTOR('',#4498,1.);
#4498 = DIRECTION('',(-0.,1.,0.));
#4499 = ORIENTED_EDGE('',*,*,#4500,.F.);
#4500 = EDGE_CURVE('',#4501,#4493,#4503,.T.);
#4501 = VERTEX_POINT('',#4502);
#4502 = CARTESIAN_POINT('',(-6.5E-02,0.74,7.E-02));
#4503 = LINE('',#4504,#4505);
#4504 = CARTESIAN_POINT('',(-6.5E-02,0.74,3.E-02));
#4505 = VECTOR('',#4506,1.);
#4506 = DIRECTION('',(0.,0.,1.));
#4507 = ORIENTED_EDGE('',*,*,#4508,.T.);
#4508 = EDGE_CURVE('',#4501,#3431,#4509,.T.);
#4509 = LINE('',#4510,#4511);
#4510 = CARTESIAN_POINT('',(-6.5E-02,0.72,7.E-02));
#4511 = VECTOR('',#4512,1.);
#4512 = DIRECTION('',(-0.,1.,0.));
#4513 = ORIENTED_EDGE('',*,*,#3438,.F.);
#4514 = PLANE('',#4515);
#4515 = AXIS2_PLACEMENT_3D('',#4516,#4517,#4518);
#4516 = CARTESIAN_POINT('',(-6.5E-02,0.636168639053,0.158668639053));
#4517 = DIRECTION('',(-1.,-0.,-0.));
#4518 = DIRECTION('',(0.,0.,-1.));
#4519 = ADVANCED_FACE('',(#4520),#4545,.T.);
#4520 = FACE_BOUND('',#4521,.T.);
#4521 = EDGE_LOOP('',(#4522,#4532,#4538,#4539));
#4522 = ORIENTED_EDGE('',*,*,#4523,.F.);
#4523 = EDGE_CURVE('',#4524,#4526,#4528,.T.);
#4524 = VERTEX_POINT('',#4525);
#4525 = CARTESIAN_POINT('',(6.5E-02,0.72,0.));
#4526 = VERTEX_POINT('',#4527);
#4527 = CARTESIAN_POINT('',(6.5E-02,0.72,3.E-02));
#4528 = LINE('',#4529,#4530);
#4529 = CARTESIAN_POINT('',(6.5E-02,0.72,0.));
#4530 = VECTOR('',#4531,1.);
#4531 = DIRECTION('',(0.,0.,1.));
#4532 = ORIENTED_EDGE('',*,*,#4533,.F.);
#4533 = EDGE_CURVE('',#4429,#4524,#4534,.T.);
#4534 = LINE('',#4535,#4536);
#4535 = CARTESIAN_POINT('',(-6.5E-02,0.72,0.));
#4536 = VECTOR('',#4537,1.);
#4537 = DIRECTION('',(1.,0.,-0.));
#4538 = ORIENTED_EDGE('',*,*,#4436,.T.);
#4539 = ORIENTED_EDGE('',*,*,#4540,.T.);
#4540 = EDGE_CURVE('',#4437,#4526,#4541,.T.);
#4541 = LINE('',#4542,#4543);
#4542 = CARTESIAN_POINT('',(-6.5E-02,0.72,3.E-02));
#4543 = VECTOR('',#4544,1.);
#4544 = DIRECTION('',(1.,0.,-0.));
#4545 = PLANE('',#4546);
#4546 = AXIS2_PLACEMENT_3D('',#4547,#4548,#4549);
#4547 = CARTESIAN_POINT('',(-6.5E-02,0.72,0.));
#4548 = DIRECTION('',(-0.,1.,0.));
#4549 = DIRECTION('',(0.,0.,1.));
#4550 = ADVANCED_FACE('',(#4551),#4631,.F.);
#4551 = FACE_BOUND('',#4552,.F.);
#4552 = EDGE_LOOP('',(#4553,#4554,#4560,#4561,#4569,#4577,#4585,#4593,
    #4601,#4609,#4617,#4625));
#4553 = ORIENTED_EDGE('',*,*,#4523,.F.);
#4554 = ORIENTED_EDGE('',*,*,#4555,.T.);
#4555 = EDGE_CURVE('',#4524,#3415,#4556,.T.);
#4556 = LINE('',#4557,#4558);
#4557 = CARTESIAN_POINT('',(6.5E-02,0.72,0.));
#4558 = VECTOR('',#4559,1.);
#4559 = DIRECTION('',(-0.,1.,0.));
#4560 = ORIENTED_EDGE('',*,*,#3422,.F.);
#4561 = ORIENTED_EDGE('',*,*,#4562,.F.);
#4562 = EDGE_CURVE('',#4563,#3423,#4565,.T.);
#4563 = VERTEX_POINT('',#4564);
#4564 = CARTESIAN_POINT('',(6.5E-02,0.74,7.E-02));
#4565 = LINE('',#4566,#4567);
#4566 = CARTESIAN_POINT('',(6.5E-02,0.72,7.E-02));
#4567 = VECTOR('',#4568,1.);
#4568 = DIRECTION('',(-0.,1.,0.));
#4569 = ORIENTED_EDGE('',*,*,#4570,.T.);
#4570 = EDGE_CURVE('',#4563,#4571,#4573,.T.);
#4571 = VERTEX_POINT('',#4572);
#4572 = CARTESIAN_POINT('',(6.5E-02,0.74,0.1));
#4573 = LINE('',#4574,#4575);
#4574 = CARTESIAN_POINT('',(6.5E-02,0.74,3.E-02));
#4575 = VECTOR('',#4576,1.);
#4576 = DIRECTION('',(0.,0.,1.));
#4577 = ORIENTED_EDGE('',*,*,#4578,.F.);
#4578 = EDGE_CURVE('',#4579,#4571,#4581,.T.);
#4579 = VERTEX_POINT('',#4580);
#4580 = CARTESIAN_POINT('',(6.5E-02,0.575,0.1));
#4581 = LINE('',#4582,#4583);
#4582 = CARTESIAN_POINT('',(6.5E-02,0.505,0.1));
#4583 = VECTOR('',#4584,1.);
#4584 = DIRECTION('',(-0.,1.,0.));
#4585 = ORIENTED_EDGE('',*,*,#4586,.T.);
#4586 = EDGE_CURVE('',#4579,#4587,#4589,.T.);
#4587 = VERTEX_POINT('',#4588);
#4588 = CARTESIAN_POINT('',(6.5E-02,0.575,0.45));
#4589 = LINE('',#4590,#4591);
#4590 = CARTESIAN_POINT('',(6.5E-02,0.575,3.E-02));
#4591 = VECTOR('',#4592,1.);
#4592 = DIRECTION('',(0.,0.,1.));
#4593 = ORIENTED_EDGE('',*,*,#4594,.F.);
#4594 = EDGE_CURVE('',#4595,#4587,#4597,.T.);
#4595 = VERTEX_POINT('',#4596);
#4596 = CARTESIAN_POINT('',(6.5E-02,0.53,0.45));
#4597 = LINE('',#4598,#4599);
#4598 = CARTESIAN_POINT('',(6.5E-02,0.505,0.45));
#4599 = VECTOR('',#4600,1.);
#4600 = DIRECTION('',(-0.,1.,0.));
#4601 = ORIENTED_EDGE('',*,*,#4602,.T.);
#4602 = EDGE_CURVE('',#4595,#4603,#4605,.T.);
#4603 = VERTEX_POINT('',#4604);
#4604 = CARTESIAN_POINT('',(6.5E-02,0.53,7.E-02));
#4605 = LINE('',#4606,#4607);
#4606 = CARTESIAN_POINT('',(6.5E-02,0.53,0.114334319527));
#4607 = VECTOR('',#4608,1.);
#4608 = DIRECTION('',(0.,0.,-1.));
#4609 = ORIENTED_EDGE('',*,*,#4610,.F.);
#4610 = EDGE_CURVE('',#4611,#4603,#4613,.T.);
#4611 = VERTEX_POINT('',#4612);
#4612 = CARTESIAN_POINT('',(6.5E-02,0.505,7.E-02));
#4613 = LINE('',#4614,#4615);
#4614 = CARTESIAN_POINT('',(6.5E-02,5.308431952663E-02,7.E-02));
#4615 = VECTOR('',#4616,1.);
#4616 = DIRECTION('',(0.,1.,0.));
#4617 = ORIENTED_EDGE('',*,*,#4618,.F.);
#4618 = EDGE_CURVE('',#4619,#4611,#4621,.T.);
#4619 = VERTEX_POINT('',#4620);
#4620 = CARTESIAN_POINT('',(6.5E-02,0.505,3.E-02));
#4621 = LINE('',#4622,#4623);
#4622 = CARTESIAN_POINT('',(6.5E-02,0.505,3.E-02));
#4623 = VECTOR('',#4624,1.);
#4624 = DIRECTION('',(0.,0.,1.));
#4625 = ORIENTED_EDGE('',*,*,#4626,.T.);
#4626 = EDGE_CURVE('',#4619,#4526,#4627,.T.);
#4627 = LINE('',#4628,#4629);
#4628 = CARTESIAN_POINT('',(6.5E-02,0.505,3.E-02));
#4629 = VECTOR('',#4630,1.);
#4630 = DIRECTION('',(-0.,1.,0.));
#4631 = PLANE('',#4632);
#4632 = AXIS2_PLACEMENT_3D('',#4633,#4634,#4635);
#4633 = CARTESIAN_POINT('',(6.5E-02,0.636168639053,0.158668639053));
#4634 = DIRECTION('',(1.,0.,0.));
#4635 = DIRECTION('',(-0.,0.,1.));
#4636 = ADVANCED_FACE('',(#4637),#4726,.F.);
#4637 = FACE_BOUND('',#4638,.F.);
#4638 = EDGE_LOOP('',(#4639,#4647,#4655,#4663,#4671,#4679,#4687,#4695,
    #4703,#4711,#4719,#4725));
#4639 = ORIENTED_EDGE('',*,*,#4640,.F.);
#4640 = EDGE_CURVE('',#4641,#3407,#4643,.T.);
#4641 = VERTEX_POINT('',#4642);
#4642 = CARTESIAN_POINT('',(0.285,0.72,0.));
#4643 = LINE('',#4644,#4645);
#4644 = CARTESIAN_POINT('',(0.285,0.72,0.));
#4645 = VECTOR('',#4646,1.);
#4646 = DIRECTION('',(-0.,1.,0.));
#4647 = ORIENTED_EDGE('',*,*,#4648,.T.);
#4648 = EDGE_CURVE('',#4641,#4649,#4651,.T.);
#4649 = VERTEX_POINT('',#4650);
#4650 = CARTESIAN_POINT('',(0.285,0.72,3.E-02));
#4651 = LINE('',#4652,#4653);
#4652 = CARTESIAN_POINT('',(0.285,0.72,0.));
#4653 = VECTOR('',#4654,1.);
#4654 = DIRECTION('',(0.,0.,1.));
#4655 = ORIENTED_EDGE('',*,*,#4656,.F.);
#4656 = EDGE_CURVE('',#4657,#4649,#4659,.T.);
#4657 = VERTEX_POINT('',#4658);
#4658 = CARTESIAN_POINT('',(0.285,0.505,3.E-02));
#4659 = LINE('',#4660,#4661);
#4660 = CARTESIAN_POINT('',(0.285,0.505,3.E-02));
#4661 = VECTOR('',#4662,1.);
#4662 = DIRECTION('',(-0.,1.,0.));
#4663 = ORIENTED_EDGE('',*,*,#4664,.T.);
#4664 = EDGE_CURVE('',#4657,#4665,#4667,.T.);
#4665 = VERTEX_POINT('',#4666);
#4666 = CARTESIAN_POINT('',(0.285,0.505,7.E-02));
#4667 = LINE('',#4668,#4669);
#4668 = CARTESIAN_POINT('',(0.285,0.505,3.E-02));
#4669 = VECTOR('',#4670,1.);
#4670 = DIRECTION('',(0.,0.,1.));
#4671 = ORIENTED_EDGE('',*,*,#4672,.F.);
#4672 = EDGE_CURVE('',#4673,#4665,#4675,.T.);
#4673 = VERTEX_POINT('',#4674);
#4674 = CARTESIAN_POINT('',(0.285,0.53,7.E-02));
#4675 = LINE('',#4676,#4677);
#4676 = CARTESIAN_POINT('',(0.285,5.308431952663E-02,7.E-02));
#4677 = VECTOR('',#4678,1.);
#4678 = DIRECTION('',(0.,-1.,0.));
#4679 = ORIENTED_EDGE('',*,*,#4680,.T.);
#4680 = EDGE_CURVE('',#4673,#4681,#4683,.T.);
#4681 = VERTEX_POINT('',#4682);
#4682 = CARTESIAN_POINT('',(0.285,0.53,0.45));
#4683 = LINE('',#4684,#4685);
#4684 = CARTESIAN_POINT('',(0.285,0.53,0.114334319527));
#4685 = VECTOR('',#4686,1.);
#4686 = DIRECTION('',(0.,-0.,1.));
#4687 = ORIENTED_EDGE('',*,*,#4688,.T.);
#4688 = EDGE_CURVE('',#4681,#4689,#4691,.T.);
#4689 = VERTEX_POINT('',#4690);
#4690 = CARTESIAN_POINT('',(0.285,0.575,0.45));
#4691 = LINE('',#4692,#4693);
#4692 = CARTESIAN_POINT('',(0.285,0.505,0.45));
#4693 = VECTOR('',#4694,1.);
#4694 = DIRECTION('',(-0.,1.,0.));
#4695 = ORIENTED_EDGE('',*,*,#4696,.F.);
#4696 = EDGE_CURVE('',#4697,#4689,#4699,.T.);
#4697 = VERTEX_POINT('',#4698);
#4698 = CARTESIAN_POINT('',(0.285,0.575,0.1));
#4699 = LINE('',#4700,#4701);
#4700 = CARTESIAN_POINT('',(0.285,0.575,3.E-02));
#4701 = VECTOR('',#4702,1.);
#4702 = DIRECTION('',(0.,0.,1.));
#4703 = ORIENTED_EDGE('',*,*,#4704,.T.);
#4704 = EDGE_CURVE('',#4697,#4705,#4707,.T.);
#4705 = VERTEX_POINT('',#4706);
#4706 = CARTESIAN_POINT('',(0.285,0.74,0.1));
#4707 = LINE('',#4708,#4709);
#4708 = CARTESIAN_POINT('',(0.285,0.505,0.1));
#4709 = VECTOR('',#4710,1.);
#4710 = DIRECTION('',(-0.,1.,0.));
#4711 = ORIENTED_EDGE('',*,*,#4712,.F.);
#4712 = EDGE_CURVE('',#4713,#4705,#4715,.T.);
#4713 = VERTEX_POINT('',#4714);
#4714 = CARTESIAN_POINT('',(0.285,0.74,7.E-02));
#4715 = LINE('',#4716,#4717);
#4716 = CARTESIAN_POINT('',(0.285,0.74,3.E-02));
#4717 = VECTOR('',#4718,1.);
#4718 = DIRECTION('',(0.,0.,1.));
#4719 = ORIENTED_EDGE('',*,*,#4720,.T.);
#4720 = EDGE_CURVE('',#4713,#3399,#4721,.T.);
#4721 = LINE('',#4722,#4723);
#4722 = CARTESIAN_POINT('',(0.285,0.72,7.E-02));
#4723 = VECTOR('',#4724,1.);
#4724 = DIRECTION('',(-0.,1.,0.));
#4725 = ORIENTED_EDGE('',*,*,#3406,.F.);
#4726 = PLANE('',#4727);
#4727 = AXIS2_PLACEMENT_3D('',#4728,#4729,#4730);
#4728 = CARTESIAN_POINT('',(0.285,0.636168639053,0.158668639053));
#4729 = DIRECTION('',(-1.,-0.,-0.));
#4730 = DIRECTION('',(0.,0.,-1.));
#4731 = ADVANCED_FACE('',(#4732),#4757,.T.);
#4732 = FACE_BOUND('',#4733,.T.);
#4733 = EDGE_LOOP('',(#4734,#4744,#4750,#4751));
#4734 = ORIENTED_EDGE('',*,*,#4735,.F.);
#4735 = EDGE_CURVE('',#4736,#4738,#4740,.T.);
#4736 = VERTEX_POINT('',#4737);
#4737 = CARTESIAN_POINT('',(0.415,0.72,0.));
#4738 = VERTEX_POINT('',#4739);
#4739 = CARTESIAN_POINT('',(0.415,0.72,3.E-02));
#4740 = LINE('',#4741,#4742);
#4741 = CARTESIAN_POINT('',(0.415,0.72,0.));
#4742 = VECTOR('',#4743,1.);
#4743 = DIRECTION('',(0.,0.,1.));
#4744 = ORIENTED_EDGE('',*,*,#4745,.F.);
#4745 = EDGE_CURVE('',#4641,#4736,#4746,.T.);
#4746 = LINE('',#4747,#4748);
#4747 = CARTESIAN_POINT('',(0.285,0.72,0.));
#4748 = VECTOR('',#4749,1.);
#4749 = DIRECTION('',(1.,0.,-0.));
#4750 = ORIENTED_EDGE('',*,*,#4648,.T.);
#4751 = ORIENTED_EDGE('',*,*,#4752,.T.);
#4752 = EDGE_CURVE('',#4649,#4738,#4753,.T.);
#4753 = LINE('',#4754,#4755);
#4754 = CARTESIAN_POINT('',(0.285,0.72,3.E-02));
#4755 = VECTOR('',#4756,1.);
#4756 = DIRECTION('',(1.,0.,-0.));
#4757 = PLANE('',#4758);
#4758 = AXIS2_PLACEMENT_3D('',#4759,#4760,#4761);
#4759 = CARTESIAN_POINT('',(0.285,0.72,0.));
#4760 = DIRECTION('',(-0.,1.,0.));
#4761 = DIRECTION('',(0.,0.,1.));
#4762 = ADVANCED_FACE('',(#4763),#4843,.F.);
#4763 = FACE_BOUND('',#4764,.F.);
#4764 = EDGE_LOOP('',(#4765,#4766,#4772,#4773,#4781,#4789,#4797,#4805,
    #4813,#4821,#4829,#4837));
#4765 = ORIENTED_EDGE('',*,*,#4735,.F.);
#4766 = ORIENTED_EDGE('',*,*,#4767,.T.);
#4767 = EDGE_CURVE('',#4736,#3383,#4768,.T.);
#4768 = LINE('',#4769,#4770);
#4769 = CARTESIAN_POINT('',(0.415,0.72,0.));
#4770 = VECTOR('',#4771,1.);
#4771 = DIRECTION('',(-0.,1.,0.));
#4772 = ORIENTED_EDGE('',*,*,#3390,.F.);
#4773 = ORIENTED_EDGE('',*,*,#4774,.F.);
#4774 = EDGE_CURVE('',#4775,#3391,#4777,.T.);
#4775 = VERTEX_POINT('',#4776);
#4776 = CARTESIAN_POINT('',(0.415,0.74,7.E-02));
#4777 = LINE('',#4778,#4779);
#4778 = CARTESIAN_POINT('',(0.415,0.72,7.E-02));
#4779 = VECTOR('',#4780,1.);
#4780 = DIRECTION('',(-0.,1.,0.));
#4781 = ORIENTED_EDGE('',*,*,#4782,.T.);
#4782 = EDGE_CURVE('',#4775,#4783,#4785,.T.);
#4783 = VERTEX_POINT('',#4784);
#4784 = CARTESIAN_POINT('',(0.415,0.74,0.1));
#4785 = LINE('',#4786,#4787);
#4786 = CARTESIAN_POINT('',(0.415,0.74,3.E-02));
#4787 = VECTOR('',#4788,1.);
#4788 = DIRECTION('',(0.,0.,1.));
#4789 = ORIENTED_EDGE('',*,*,#4790,.F.);
#4790 = EDGE_CURVE('',#4791,#4783,#4793,.T.);
#4791 = VERTEX_POINT('',#4792);
#4792 = CARTESIAN_POINT('',(0.415,0.575,0.1));
#4793 = LINE('',#4794,#4795);
#4794 = CARTESIAN_POINT('',(0.415,0.505,0.1));
#4795 = VECTOR('',#4796,1.);
#4796 = DIRECTION('',(-0.,1.,0.));
#4797 = ORIENTED_EDGE('',*,*,#4798,.T.);
#4798 = EDGE_CURVE('',#4791,#4799,#4801,.T.);
#4799 = VERTEX_POINT('',#4800);
#4800 = CARTESIAN_POINT('',(0.415,0.575,0.45));
#4801 = LINE('',#4802,#4803);
#4802 = CARTESIAN_POINT('',(0.415,0.575,3.E-02));
#4803 = VECTOR('',#4804,1.);
#4804 = DIRECTION('',(0.,0.,1.));
#4805 = ORIENTED_EDGE('',*,*,#4806,.F.);
#4806 = EDGE_CURVE('',#4807,#4799,#4809,.T.);
#4807 = VERTEX_POINT('',#4808);
#4808 = CARTESIAN_POINT('',(0.415,0.53,0.45));
#4809 = LINE('',#4810,#4811);
#4810 = CARTESIAN_POINT('',(0.415,0.505,0.45));
#4811 = VECTOR('',#4812,1.);
#4812 = DIRECTION('',(-0.,1.,0.));
#4813 = ORIENTED_EDGE('',*,*,#4814,.T.);
#4814 = EDGE_CURVE('',#4807,#4815,#4817,.T.);
#4815 = VERTEX_POINT('',#4816);
#4816 = CARTESIAN_POINT('',(0.415,0.53,7.E-02));
#4817 = LINE('',#4818,#4819);
#4818 = CARTESIAN_POINT('',(0.415,0.53,0.114334319527));
#4819 = VECTOR('',#4820,1.);
#4820 = DIRECTION('',(0.,0.,-1.));
#4821 = ORIENTED_EDGE('',*,*,#4822,.F.);
#4822 = EDGE_CURVE('',#4823,#4815,#4825,.T.);
#4823 = VERTEX_POINT('',#4824);
#4824 = CARTESIAN_POINT('',(0.415,0.505,7.E-02));
#4825 = LINE('',#4826,#4827);
#4826 = CARTESIAN_POINT('',(0.415,5.308431952663E-02,7.E-02));
#4827 = VECTOR('',#4828,1.);
#4828 = DIRECTION('',(0.,1.,0.));
#4829 = ORIENTED_EDGE('',*,*,#4830,.F.);
#4830 = EDGE_CURVE('',#4831,#4823,#4833,.T.);
#4831 = VERTEX_POINT('',#4832);
#4832 = CARTESIAN_POINT('',(0.415,0.505,3.E-02));
#4833 = LINE('',#4834,#4835);
#4834 = CARTESIAN_POINT('',(0.415,0.505,3.E-02));
#4835 = VECTOR('',#4836,1.);
#4836 = DIRECTION('',(0.,0.,1.));
#4837 = ORIENTED_EDGE('',*,*,#4838,.T.);
#4838 = EDGE_CURVE('',#4831,#4738,#4839,.T.);
#4839 = LINE('',#4840,#4841);
#4840 = CARTESIAN_POINT('',(0.415,0.505,3.E-02));
#4841 = VECTOR('',#4842,1.);
#4842 = DIRECTION('',(-0.,1.,0.));
#4843 = PLANE('',#4844);
#4844 = AXIS2_PLACEMENT_3D('',#4845,#4846,#4847);
#4845 = CARTESIAN_POINT('',(0.415,0.636168639053,0.158668639053));
#4846 = DIRECTION('',(1.,0.,0.));
#4847 = DIRECTION('',(-0.,0.,1.));
#4848 = ADVANCED_FACE('',(#4849),#4938,.F.);
#4849 = FACE_BOUND('',#4850,.F.);
#4850 = EDGE_LOOP('',(#4851,#4859,#4867,#4875,#4883,#4891,#4899,#4907,
    #4915,#4923,#4931,#4937));
#4851 = ORIENTED_EDGE('',*,*,#4852,.F.);
#4852 = EDGE_CURVE('',#4853,#3375,#4855,.T.);
#4853 = VERTEX_POINT('',#4854);
#4854 = CARTESIAN_POINT('',(0.635,0.72,0.));
#4855 = LINE('',#4856,#4857);
#4856 = CARTESIAN_POINT('',(0.635,0.72,0.));
#4857 = VECTOR('',#4858,1.);
#4858 = DIRECTION('',(-0.,1.,0.));
#4859 = ORIENTED_EDGE('',*,*,#4860,.T.);
#4860 = EDGE_CURVE('',#4853,#4861,#4863,.T.);
#4861 = VERTEX_POINT('',#4862);
#4862 = CARTESIAN_POINT('',(0.635,0.72,3.E-02));
#4863 = LINE('',#4864,#4865);
#4864 = CARTESIAN_POINT('',(0.635,0.72,0.));
#4865 = VECTOR('',#4866,1.);
#4866 = DIRECTION('',(0.,0.,1.));
#4867 = ORIENTED_EDGE('',*,*,#4868,.F.);
#4868 = EDGE_CURVE('',#4869,#4861,#4871,.T.);
#4869 = VERTEX_POINT('',#4870);
#4870 = CARTESIAN_POINT('',(0.635,0.505,3.E-02));
#4871 = LINE('',#4872,#4873);
#4872 = CARTESIAN_POINT('',(0.635,0.505,3.E-02));
#4873 = VECTOR('',#4874,1.);
#4874 = DIRECTION('',(-0.,1.,0.));
#4875 = ORIENTED_EDGE('',*,*,#4876,.T.);
#4876 = EDGE_CURVE('',#4869,#4877,#4879,.T.);
#4877 = VERTEX_POINT('',#4878);
#4878 = CARTESIAN_POINT('',(0.635,0.505,7.E-02));
#4879 = LINE('',#4880,#4881);
#4880 = CARTESIAN_POINT('',(0.635,0.505,3.E-02));
#4881 = VECTOR('',#4882,1.);
#4882 = DIRECTION('',(0.,0.,1.));
#4883 = ORIENTED_EDGE('',*,*,#4884,.F.);
#4884 = EDGE_CURVE('',#4885,#4877,#4887,.T.);
#4885 = VERTEX_POINT('',#4886);
#4886 = CARTESIAN_POINT('',(0.635,0.53,7.E-02));
#4887 = LINE('',#4888,#4889);
#4888 = CARTESIAN_POINT('',(0.635,5.308431952663E-02,7.E-02));
#4889 = VECTOR('',#4890,1.);
#4890 = DIRECTION('',(0.,-1.,0.));
#4891 = ORIENTED_EDGE('',*,*,#4892,.T.);
#4892 = EDGE_CURVE('',#4885,#4893,#4895,.T.);
#4893 = VERTEX_POINT('',#4894);
#4894 = CARTESIAN_POINT('',(0.635,0.53,0.45));
#4895 = LINE('',#4896,#4897);
#4896 = CARTESIAN_POINT('',(0.635,0.53,0.114334319527));
#4897 = VECTOR('',#4898,1.);
#4898 = DIRECTION('',(0.,-0.,1.));
#4899 = ORIENTED_EDGE('',*,*,#4900,.T.);
#4900 = EDGE_CURVE('',#4893,#4901,#4903,.T.);
#4901 = VERTEX_POINT('',#4902);
#4902 = CARTESIAN_POINT('',(0.635,0.575,0.45));
#4903 = LINE('',#4904,#4905);
#4904 = CARTESIAN_POINT('',(0.635,0.505,0.45));
#4905 = VECTOR('',#4906,1.);
#4906 = DIRECTION('',(-0.,1.,0.));
#4907 = ORIENTED_EDGE('',*,*,#4908,.F.);
#4908 = EDGE_CURVE('',#4909,#4901,#4911,.T.);
#4909 = VERTEX_POINT('',#4910);
#4910 = CARTESIAN_POINT('',(0.635,0.575,0.1));
#4911 = LINE('',#4912,#4913);
#4912 = CARTESIAN_POINT('',(0.635,0.575,3.E-02));
#4913 = VECTOR('',#4914,1.);
#4914 = DIRECTION('',(0.,0.,1.));
#4915 = ORIENTED_EDGE('',*,*,#4916,.T.);
#4916 = EDGE_CURVE('',#4909,#4917,#4919,.T.);
#4917 = VERTEX_POINT('',#4918);
#4918 = CARTESIAN_POINT('',(0.635,0.74,0.1));
#4919 = LINE('',#4920,#4921);
#4920 = CARTESIAN_POINT('',(0.635,0.505,0.1));
#4921 = VECTOR('',#4922,1.);
#4922 = DIRECTION('',(-0.,1.,0.));
#4923 = ORIENTED_EDGE('',*,*,#4924,.F.);
#4924 = EDGE_CURVE('',#4925,#4917,#4927,.T.);
#4925 = VERTEX_POINT('',#4926);
#4926 = CARTESIAN_POINT('',(0.635,0.74,7.E-02));
#4927 = LINE('',#4928,#4929);
#4928 = CARTESIAN_POINT('',(0.635,0.74,3.E-02));
#4929 = VECTOR('',#4930,1.);
#4930 = DIRECTION('',(0.,0.,1.));
#4931 = ORIENTED_EDGE('',*,*,#4932,.T.);
#4932 = EDGE_CURVE('',#4925,#3367,#4933,.T.);
#4933 = LINE('',#4934,#4935);
#4934 = CARTESIAN_POINT('',(0.635,0.72,7.E-02));
#4935 = VECTOR('',#4936,1.);
#4936 = DIRECTION('',(-0.,1.,0.));
#4937 = ORIENTED_EDGE('',*,*,#3374,.F.);
#4938 = PLANE('',#4939);
#4939 = AXIS2_PLACEMENT_3D('',#4940,#4941,#4942);
#4940 = CARTESIAN_POINT('',(0.635,0.636168639053,0.158668639053));
#4941 = DIRECTION('',(-1.,-0.,-0.));
#4942 = DIRECTION('',(0.,0.,-1.));
#4943 = ADVANCED_FACE('',(#4944),#4969,.T.);
#4944 = FACE_BOUND('',#4945,.T.);
#4945 = EDGE_LOOP('',(#4946,#4956,#4962,#4963));
#4946 = ORIENTED_EDGE('',*,*,#4947,.F.);
#4947 = EDGE_CURVE('',#4948,#4950,#4952,.T.);
#4948 = VERTEX_POINT('',#4949);
#4949 = CARTESIAN_POINT('',(0.765,0.72,0.));
#4950 = VERTEX_POINT('',#4951);
#4951 = CARTESIAN_POINT('',(0.765,0.72,3.E-02));
#4952 = LINE('',#4953,#4954);
#4953 = CARTESIAN_POINT('',(0.765,0.72,0.));
#4954 = VECTOR('',#4955,1.);
#4955 = DIRECTION('',(0.,0.,1.));
#4956 = ORIENTED_EDGE('',*,*,#4957,.F.);
#4957 = EDGE_CURVE('',#4853,#4948,#4958,.T.);
#4958 = LINE('',#4959,#4960);
#4959 = CARTESIAN_POINT('',(0.635,0.72,0.));
#4960 = VECTOR('',#4961,1.);
#4961 = DIRECTION('',(1.,0.,-0.));
#4962 = ORIENTED_EDGE('',*,*,#4860,.T.);
#4963 = ORIENTED_EDGE('',*,*,#4964,.T.);
#4964 = EDGE_CURVE('',#4861,#4950,#4965,.T.);
#4965 = LINE('',#4966,#4967);
#4966 = CARTESIAN_POINT('',(0.635,0.72,3.E-02));
#4967 = VECTOR('',#4968,1.);
#4968 = DIRECTION('',(1.,0.,-0.));
#4969 = PLANE('',#4970);
#4970 = AXIS2_PLACEMENT_3D('',#4971,#4972,#4973);
#4971 = CARTESIAN_POINT('',(0.635,0.72,0.));
#4972 = DIRECTION('',(-0.,1.,0.));
#4973 = DIRECTION('',(0.,0.,1.));
#4974 = ADVANCED_FACE('',(#4975),#5055,.F.);
#4975 = FACE_BOUND('',#4976,.F.);
#4976 = EDGE_LOOP('',(#4977,#4978,#4984,#4985,#4993,#5001,#5009,#5017,
    #5025,#5033,#5041,#5049));
#4977 = ORIENTED_EDGE('',*,*,#4947,.F.);
#4978 = ORIENTED_EDGE('',*,*,#4979,.T.);
#4979 = EDGE_CURVE('',#4948,#3351,#4980,.T.);
#4980 = LINE('',#4981,#4982);
#4981 = CARTESIAN_POINT('',(0.765,0.72,0.));
#4982 = VECTOR('',#4983,1.);
#4983 = DIRECTION('',(-0.,1.,0.));
#4984 = ORIENTED_EDGE('',*,*,#3358,.F.);
#4985 = ORIENTED_EDGE('',*,*,#4986,.F.);
#4986 = EDGE_CURVE('',#4987,#3359,#4989,.T.);
#4987 = VERTEX_POINT('',#4988);
#4988 = CARTESIAN_POINT('',(0.765,0.74,7.E-02));
#4989 = LINE('',#4990,#4991);
#4990 = CARTESIAN_POINT('',(0.765,0.72,7.E-02));
#4991 = VECTOR('',#4992,1.);
#4992 = DIRECTION('',(-0.,1.,0.));
#4993 = ORIENTED_EDGE('',*,*,#4994,.T.);
#4994 = EDGE_CURVE('',#4987,#4995,#4997,.T.);
#4995 = VERTEX_POINT('',#4996);
#4996 = CARTESIAN_POINT('',(0.765,0.74,0.1));
#4997 = LINE('',#4998,#4999);
#4998 = CARTESIAN_POINT('',(0.765,0.74,3.E-02));
#4999 = VECTOR('',#5000,1.);
#5000 = DIRECTION('',(0.,0.,1.));
#5001 = ORIENTED_EDGE('',*,*,#5002,.F.);
#5002 = EDGE_CURVE('',#5003,#4995,#5005,.T.);
#5003 = VERTEX_POINT('',#5004);
#5004 = CARTESIAN_POINT('',(0.765,0.575,0.1));
#5005 = LINE('',#5006,#5007);
#5006 = CARTESIAN_POINT('',(0.765,0.505,0.1));
#5007 = VECTOR('',#5008,1.);
#5008 = DIRECTION('',(-0.,1.,0.));
#5009 = ORIENTED_EDGE('',*,*,#5010,.T.);
#5010 = EDGE_CURVE('',#5003,#5011,#5013,.T.);
#5011 = VERTEX_POINT('',#5012);
#5012 = CARTESIAN_POINT('',(0.765,0.575,0.45));
#5013 = LINE('',#5014,#5015);
#5014 = CARTESIAN_POINT('',(0.765,0.575,3.E-02));
#5015 = VECTOR('',#5016,1.);
#5016 = DIRECTION('',(0.,0.,1.));
#5017 = ORIENTED_EDGE('',*,*,#5018,.F.);
#5018 = EDGE_CURVE('',#5019,#5011,#5021,.T.);
#5019 = VERTEX_POINT('',#5020);
#5020 = CARTESIAN_POINT('',(0.765,0.53,0.45));
#5021 = LINE('',#5022,#5023);
#5022 = CARTESIAN_POINT('',(0.765,0.505,0.45));
#5023 = VECTOR('',#5024,1.);
#5024 = DIRECTION('',(-0.,1.,0.));
#5025 = ORIENTED_EDGE('',*,*,#5026,.T.);
#5026 = EDGE_CURVE('',#5019,#5027,#5029,.T.);
#5027 = VERTEX_POINT('',#5028);
#5028 = CARTESIAN_POINT('',(0.765,0.53,7.E-02));
#5029 = LINE('',#5030,#5031);
#5030 = CARTESIAN_POINT('',(0.765,0.53,0.114334319527));
#5031 = VECTOR('',#5032,1.);
#5032 = DIRECTION('',(0.,0.,-1.));
#5033 = ORIENTED_EDGE('',*,*,#5034,.F.);
#5034 = EDGE_CURVE('',#5035,#5027,#5037,.T.);
#5035 = VERTEX_POINT('',#5036);
#5036 = CARTESIAN_POINT('',(0.765,0.505,7.E-02));
#5037 = LINE('',#5038,#5039);
#5038 = CARTESIAN_POINT('',(0.765,5.308431952663E-02,7.E-02));
#5039 = VECTOR('',#5040,1.);
#5040 = DIRECTION('',(0.,1.,0.));
#5041 = ORIENTED_EDGE('',*,*,#5042,.F.);
#5042 = EDGE_CURVE('',#5043,#5035,#5045,.T.);
#5043 = VERTEX_POINT('',#5044);
#5044 = CARTESIAN_POINT('',(0.765,0.505,3.E-02));
#5045 = LINE('',#5046,#5047);
#5046 = CARTESIAN_POINT('',(0.765,0.505,3.E-02));
#5047 = VECTOR('',#5048,1.);
#5048 = DIRECTION('',(0.,0.,1.));
#5049 = ORIENTED_EDGE('',*,*,#5050,.T.);
#5050 = EDGE_CURVE('',#5043,#4950,#5051,.T.);
#5051 = LINE('',#5052,#5053);
#5052 = CARTESIAN_POINT('',(0.765,0.505,3.E-02));
#5053 = VECTOR('',#5054,1.);
#5054 = DIRECTION('',(-0.,1.,0.));
#5055 = PLANE('',#5056);
#5056 = AXIS2_PLACEMENT_3D('',#5057,#5058,#5059);
#5057 = CARTESIAN_POINT('',(0.765,0.636168639053,0.158668639053));
#5058 = DIRECTION('',(1.,0.,0.));
#5059 = DIRECTION('',(-0.,0.,1.));
#5060 = ADVANCED_FACE('',(#5061),#5150,.F.);
#5061 = FACE_BOUND('',#5062,.F.);
#5062 = EDGE_LOOP('',(#5063,#5071,#5079,#5087,#5095,#5103,#5111,#5119,
    #5127,#5135,#5143,#5149));
#5063 = ORIENTED_EDGE('',*,*,#5064,.F.);
#5064 = EDGE_CURVE('',#5065,#3343,#5067,.T.);
#5065 = VERTEX_POINT('',#5066);
#5066 = CARTESIAN_POINT('',(0.985,0.72,0.));
#5067 = LINE('',#5068,#5069);
#5068 = CARTESIAN_POINT('',(0.985,0.72,0.));
#5069 = VECTOR('',#5070,1.);
#5070 = DIRECTION('',(-0.,1.,0.));
#5071 = ORIENTED_EDGE('',*,*,#5072,.T.);
#5072 = EDGE_CURVE('',#5065,#5073,#5075,.T.);
#5073 = VERTEX_POINT('',#5074);
#5074 = CARTESIAN_POINT('',(0.985,0.72,3.E-02));
#5075 = LINE('',#5076,#5077);
#5076 = CARTESIAN_POINT('',(0.985,0.72,0.));
#5077 = VECTOR('',#5078,1.);
#5078 = DIRECTION('',(0.,0.,1.));
#5079 = ORIENTED_EDGE('',*,*,#5080,.F.);
#5080 = EDGE_CURVE('',#5081,#5073,#5083,.T.);
#5081 = VERTEX_POINT('',#5082);
#5082 = CARTESIAN_POINT('',(0.985,0.505,3.E-02));
#5083 = LINE('',#5084,#5085);
#5084 = CARTESIAN_POINT('',(0.985,0.505,3.E-02));
#5085 = VECTOR('',#5086,1.);
#5086 = DIRECTION('',(-0.,1.,0.));
#5087 = ORIENTED_EDGE('',*,*,#5088,.T.);
#5088 = EDGE_CURVE('',#5081,#5089,#5091,.T.);
#5089 = VERTEX_POINT('',#5090);
#5090 = CARTESIAN_POINT('',(0.985,0.505,7.E-02));
#5091 = LINE('',#5092,#5093);
#5092 = CARTESIAN_POINT('',(0.985,0.505,3.E-02));
#5093 = VECTOR('',#5094,1.);
#5094 = DIRECTION('',(0.,0.,1.));
#5095 = ORIENTED_EDGE('',*,*,#5096,.F.);
#5096 = EDGE_CURVE('',#5097,#5089,#5099,.T.);
#5097 = VERTEX_POINT('',#5098);
#5098 = CARTESIAN_POINT('',(0.985,0.53,7.E-02));
#5099 = LINE('',#5100,#5101);
#5100 = CARTESIAN_POINT('',(0.985,5.308431952663E-02,7.E-02));
#5101 = VECTOR('',#5102,1.);
#5102 = DIRECTION('',(0.,-1.,0.));
#5103 = ORIENTED_EDGE('',*,*,#5104,.T.);
#5104 = EDGE_CURVE('',#5097,#5105,#5107,.T.);
#5105 = VERTEX_POINT('',#5106);
#5106 = CARTESIAN_POINT('',(0.985,0.53,0.45));
#5107 = LINE('',#5108,#5109);
#5108 = CARTESIAN_POINT('',(0.985,0.53,0.114334319527));
#5109 = VECTOR('',#5110,1.);
#5110 = DIRECTION('',(0.,-0.,1.));
#5111 = ORIENTED_EDGE('',*,*,#5112,.T.);
#5112 = EDGE_CURVE('',#5105,#5113,#5115,.T.);
#5113 = VERTEX_POINT('',#5114);
#5114 = CARTESIAN_POINT('',(0.985,0.575,0.45));
#5115 = LINE('',#5116,#5117);
#5116 = CARTESIAN_POINT('',(0.985,0.505,0.45));
#5117 = VECTOR('',#5118,1.);
#5118 = DIRECTION('',(-0.,1.,0.));
#5119 = ORIENTED_EDGE('',*,*,#5120,.F.);
#5120 = EDGE_CURVE('',#5121,#5113,#5123,.T.);
#5121 = VERTEX_POINT('',#5122);
#5122 = CARTESIAN_POINT('',(0.985,0.575,0.1));
#5123 = LINE('',#5124,#5125);
#5124 = CARTESIAN_POINT('',(0.985,0.575,3.E-02));
#5125 = VECTOR('',#5126,1.);
#5126 = DIRECTION('',(0.,0.,1.));
#5127 = ORIENTED_EDGE('',*,*,#5128,.T.);
#5128 = EDGE_CURVE('',#5121,#5129,#5131,.T.);
#5129 = VERTEX_POINT('',#5130);
#5130 = CARTESIAN_POINT('',(0.985,0.74,0.1));
#5131 = LINE('',#5132,#5133);
#5132 = CARTESIAN_POINT('',(0.985,0.505,0.1));
#5133 = VECTOR('',#5134,1.);
#5134 = DIRECTION('',(-0.,1.,0.));
#5135 = ORIENTED_EDGE('',*,*,#5136,.F.);
#5136 = EDGE_CURVE('',#5137,#5129,#5139,.T.);
#5137 = VERTEX_POINT('',#5138);
#5138 = CARTESIAN_POINT('',(0.985,0.74,7.E-02));
#5139 = LINE('',#5140,#5141);
#5140 = CARTESIAN_POINT('',(0.985,0.74,3.E-02));
#5141 = VECTOR('',#5142,1.);
#5142 = DIRECTION('',(0.,0.,1.));
#5143 = ORIENTED_EDGE('',*,*,#5144,.T.);
#5144 = EDGE_CURVE('',#5137,#3335,#5145,.T.);
#5145 = LINE('',#5146,#5147);
#5146 = CARTESIAN_POINT('',(0.985,0.72,7.E-02));
#5147 = VECTOR('',#5148,1.);
#5148 = DIRECTION('',(-0.,1.,0.));
#5149 = ORIENTED_EDGE('',*,*,#3342,.F.);
#5150 = PLANE('',#5151);
#5151 = AXIS2_PLACEMENT_3D('',#5152,#5153,#5154);
#5152 = CARTESIAN_POINT('',(0.985,0.636168639053,0.158668639053));
#5153 = DIRECTION('',(-1.,-0.,-0.));
#5154 = DIRECTION('',(0.,0.,-1.));
#5155 = ADVANCED_FACE('',(#5156),#5181,.T.);
#5156 = FACE_BOUND('',#5157,.T.);
#5157 = EDGE_LOOP('',(#5158,#5168,#5174,#5175));
#5158 = ORIENTED_EDGE('',*,*,#5159,.F.);
#5159 = EDGE_CURVE('',#5160,#5162,#5164,.T.);
#5160 = VERTEX_POINT('',#5161);
#5161 = CARTESIAN_POINT('',(1.115,0.72,0.));
#5162 = VERTEX_POINT('',#5163);
#5163 = CARTESIAN_POINT('',(1.115,0.72,3.E-02));
#5164 = LINE('',#5165,#5166);
#5165 = CARTESIAN_POINT('',(1.115,0.72,0.));
#5166 = VECTOR('',#5167,1.);
#5167 = DIRECTION('',(0.,0.,1.));
#5168 = ORIENTED_EDGE('',*,*,#5169,.F.);
#5169 = EDGE_CURVE('',#5065,#5160,#5170,.T.);
#5170 = LINE('',#5171,#5172);
#5171 = CARTESIAN_POINT('',(0.985,0.72,0.));
#5172 = VECTOR('',#5173,1.);
#5173 = DIRECTION('',(1.,0.,-0.));
#5174 = ORIENTED_EDGE('',*,*,#5072,.T.);
#5175 = ORIENTED_EDGE('',*,*,#5176,.T.);
#5176 = EDGE_CURVE('',#5073,#5162,#5177,.T.);
#5177 = LINE('',#5178,#5179);
#5178 = CARTESIAN_POINT('',(0.985,0.72,3.E-02));
#5179 = VECTOR('',#5180,1.);
#5180 = DIRECTION('',(1.,0.,-0.));
#5181 = PLANE('',#5182);
#5182 = AXIS2_PLACEMENT_3D('',#5183,#5184,#5185);
#5183 = CARTESIAN_POINT('',(0.985,0.72,0.));
#5184 = DIRECTION('',(-0.,1.,0.));
#5185 = DIRECTION('',(0.,0.,1.));
#5186 = ADVANCED_FACE('',(#5187),#5267,.F.);
#5187 = FACE_BOUND('',#5188,.F.);
#5188 = EDGE_LOOP('',(#5189,#5190,#5196,#5197,#5205,#5213,#5221,#5229,
    #5237,#5245,#5253,#5261));
#5189 = ORIENTED_EDGE('',*,*,#5159,.F.);
#5190 = ORIENTED_EDGE('',*,*,#5191,.T.);
#5191 = EDGE_CURVE('',#5160,#3319,#5192,.T.);
#5192 = LINE('',#5193,#5194);
#5193 = CARTESIAN_POINT('',(1.115,0.72,0.));
#5194 = VECTOR('',#5195,1.);
#5195 = DIRECTION('',(-0.,1.,0.));
#5196 = ORIENTED_EDGE('',*,*,#3326,.F.);
#5197 = ORIENTED_EDGE('',*,*,#5198,.F.);
#5198 = EDGE_CURVE('',#5199,#3327,#5201,.T.);
#5199 = VERTEX_POINT('',#5200);
#5200 = CARTESIAN_POINT('',(1.115,0.74,7.E-02));
#5201 = LINE('',#5202,#5203);
#5202 = CARTESIAN_POINT('',(1.115,0.72,7.E-02));
#5203 = VECTOR('',#5204,1.);
#5204 = DIRECTION('',(-0.,1.,0.));
#5205 = ORIENTED_EDGE('',*,*,#5206,.T.);
#5206 = EDGE_CURVE('',#5199,#5207,#5209,.T.);
#5207 = VERTEX_POINT('',#5208);
#5208 = CARTESIAN_POINT('',(1.115,0.74,0.1));
#5209 = LINE('',#5210,#5211);
#5210 = CARTESIAN_POINT('',(1.115,0.74,3.E-02));
#5211 = VECTOR('',#5212,1.);
#5212 = DIRECTION('',(0.,0.,1.));
#5213 = ORIENTED_EDGE('',*,*,#5214,.F.);
#5214 = EDGE_CURVE('',#5215,#5207,#5217,.T.);
#5215 = VERTEX_POINT('',#5216);
#5216 = CARTESIAN_POINT('',(1.115,0.575,0.1));
#5217 = LINE('',#5218,#5219);
#5218 = CARTESIAN_POINT('',(1.115,0.505,0.1));
#5219 = VECTOR('',#5220,1.);
#5220 = DIRECTION('',(-0.,1.,0.));
#5221 = ORIENTED_EDGE('',*,*,#5222,.T.);
#5222 = EDGE_CURVE('',#5215,#5223,#5225,.T.);
#5223 = VERTEX_POINT('',#5224);
#5224 = CARTESIAN_POINT('',(1.115,0.575,0.45));
#5225 = LINE('',#5226,#5227);
#5226 = CARTESIAN_POINT('',(1.115,0.575,3.E-02));
#5227 = VECTOR('',#5228,1.);
#5228 = DIRECTION('',(0.,0.,1.));
#5229 = ORIENTED_EDGE('',*,*,#5230,.F.);
#5230 = EDGE_CURVE('',#5231,#5223,#5233,.T.);
#5231 = VERTEX_POINT('',#5232);
#5232 = CARTESIAN_POINT('',(1.115,0.53,0.45));
#5233 = LINE('',#5234,#5235);
#5234 = CARTESIAN_POINT('',(1.115,0.505,0.45));
#5235 = VECTOR('',#5236,1.);
#5236 = DIRECTION('',(-0.,1.,0.));
#5237 = ORIENTED_EDGE('',*,*,#5238,.T.);
#5238 = EDGE_CURVE('',#5231,#5239,#5241,.T.);
#5239 = VERTEX_POINT('',#5240);
#5240 = CARTESIAN_POINT('',(1.115,0.53,7.E-02));
#5241 = LINE('',#5242,#5243);
#5242 = CARTESIAN_POINT('',(1.115,0.53,0.114334319527));
#5243 = VECTOR('',#5244,1.);
#5244 = DIRECTION('',(0.,0.,-1.));
#5245 = ORIENTED_EDGE('',*,*,#5246,.F.);
#5246 = EDGE_CURVE('',#5247,#5239,#5249,.T.);
#5247 = VERTEX_POINT('',#5248);
#5248 = CARTESIAN_POINT('',(1.115,0.505,7.E-02));
#5249 = LINE('',#5250,#5251);
#5250 = CARTESIAN_POINT('',(1.115,5.308431952663E-02,7.E-02));
#5251 = VECTOR('',#5252,1.);
#5252 = DIRECTION('',(0.,1.,0.));
#5253 = ORIENTED_EDGE('',*,*,#5254,.F.);
#5254 = EDGE_CURVE('',#5255,#5247,#5257,.T.);
#5255 = VERTEX_POINT('',#5256);
#5256 = CARTESIAN_POINT('',(1.115,0.505,3.E-02));
#5257 = LINE('',#5258,#5259);
#5258 = CARTESIAN_POINT('',(1.115,0.505,3.E-02));
#5259 = VECTOR('',#5260,1.);
#5260 = DIRECTION('',(0.,0.,1.));
#5261 = ORIENTED_EDGE('',*,*,#5262,.T.);
#5262 = EDGE_CURVE('',#5255,#5162,#5263,.T.);
#5263 = LINE('',#5264,#5265);
#5264 = CARTESIAN_POINT('',(1.115,0.505,3.E-02));
#5265 = VECTOR('',#5266,1.);
#5266 = DIRECTION('',(-0.,1.,0.));
#5267 = PLANE('',#5268);
#5268 = AXIS2_PLACEMENT_3D('',#5269,#5270,#5271);
#5269 = CARTESIAN_POINT('',(1.115,0.636168639053,0.158668639053));
#5270 = DIRECTION('',(1.,0.,0.));
#5271 = DIRECTION('',(-0.,0.,1.));
#5272 = ADVANCED_FACE('',(#5273),#5362,.F.);
#5273 = FACE_BOUND('',#5274,.F.);
#5274 = EDGE_LOOP('',(#5275,#5283,#5291,#5299,#5307,#5315,#5323,#5331,
    #5339,#5347,#5355,#5361));
#5275 = ORIENTED_EDGE('',*,*,#5276,.F.);
#5276 = EDGE_CURVE('',#5277,#3311,#5279,.T.);
#5277 = VERTEX_POINT('',#5278);
#5278 = CARTESIAN_POINT('',(1.335,0.72,0.));
#5279 = LINE('',#5280,#5281);
#5280 = CARTESIAN_POINT('',(1.335,0.72,0.));
#5281 = VECTOR('',#5282,1.);
#5282 = DIRECTION('',(-0.,1.,0.));
#5283 = ORIENTED_EDGE('',*,*,#5284,.T.);
#5284 = EDGE_CURVE('',#5277,#5285,#5287,.T.);
#5285 = VERTEX_POINT('',#5286);
#5286 = CARTESIAN_POINT('',(1.335,0.72,3.E-02));
#5287 = LINE('',#5288,#5289);
#5288 = CARTESIAN_POINT('',(1.335,0.72,0.));
#5289 = VECTOR('',#5290,1.);
#5290 = DIRECTION('',(0.,0.,1.));
#5291 = ORIENTED_EDGE('',*,*,#5292,.F.);
#5292 = EDGE_CURVE('',#5293,#5285,#5295,.T.);
#5293 = VERTEX_POINT('',#5294);
#5294 = CARTESIAN_POINT('',(1.335,0.505,3.E-02));
#5295 = LINE('',#5296,#5297);
#5296 = CARTESIAN_POINT('',(1.335,0.505,3.E-02));
#5297 = VECTOR('',#5298,1.);
#5298 = DIRECTION('',(-0.,1.,0.));
#5299 = ORIENTED_EDGE('',*,*,#5300,.T.);
#5300 = EDGE_CURVE('',#5293,#5301,#5303,.T.);
#5301 = VERTEX_POINT('',#5302);
#5302 = CARTESIAN_POINT('',(1.335,0.505,7.E-02));
#5303 = LINE('',#5304,#5305);
#5304 = CARTESIAN_POINT('',(1.335,0.505,3.E-02));
#5305 = VECTOR('',#5306,1.);
#5306 = DIRECTION('',(0.,0.,1.));
#5307 = ORIENTED_EDGE('',*,*,#5308,.F.);
#5308 = EDGE_CURVE('',#5309,#5301,#5311,.T.);
#5309 = VERTEX_POINT('',#5310);
#5310 = CARTESIAN_POINT('',(1.335,0.53,7.E-02));
#5311 = LINE('',#5312,#5313);
#5312 = CARTESIAN_POINT('',(1.335,5.308431952663E-02,7.E-02));
#5313 = VECTOR('',#5314,1.);
#5314 = DIRECTION('',(0.,-1.,0.));
#5315 = ORIENTED_EDGE('',*,*,#5316,.T.);
#5316 = EDGE_CURVE('',#5309,#5317,#5319,.T.);
#5317 = VERTEX_POINT('',#5318);
#5318 = CARTESIAN_POINT('',(1.335,0.53,0.45));
#5319 = LINE('',#5320,#5321);
#5320 = CARTESIAN_POINT('',(1.335,0.53,0.114334319527));
#5321 = VECTOR('',#5322,1.);
#5322 = DIRECTION('',(0.,-0.,1.));
#5323 = ORIENTED_EDGE('',*,*,#5324,.T.);
#5324 = EDGE_CURVE('',#5317,#5325,#5327,.T.);
#5325 = VERTEX_POINT('',#5326);
#5326 = CARTESIAN_POINT('',(1.335,0.575,0.45));
#5327 = LINE('',#5328,#5329);
#5328 = CARTESIAN_POINT('',(1.335,0.505,0.45));
#5329 = VECTOR('',#5330,1.);
#5330 = DIRECTION('',(-0.,1.,0.));
#5331 = ORIENTED_EDGE('',*,*,#5332,.F.);
#5332 = EDGE_CURVE('',#5333,#5325,#5335,.T.);
#5333 = VERTEX_POINT('',#5334);
#5334 = CARTESIAN_POINT('',(1.335,0.575,0.1));
#5335 = LINE('',#5336,#5337);
#5336 = CARTESIAN_POINT('',(1.335,0.575,3.E-02));
#5337 = VECTOR('',#5338,1.);
#5338 = DIRECTION('',(0.,0.,1.));
#5339 = ORIENTED_EDGE('',*,*,#5340,.T.);
#5340 = EDGE_CURVE('',#5333,#5341,#5343,.T.);
#5341 = VERTEX_POINT('',#5342);
#5342 = CARTESIAN_POINT('',(1.335,0.74,0.1));
#5343 = LINE('',#5344,#5345);
#5344 = CARTESIAN_POINT('',(1.335,0.505,0.1));
#5345 = VECTOR('',#5346,1.);
#5346 = DIRECTION('',(-0.,1.,0.));
#5347 = ORIENTED_EDGE('',*,*,#5348,.F.);
#5348 = EDGE_CURVE('',#5349,#5341,#5351,.T.);
#5349 = VERTEX_POINT('',#5350);
#5350 = CARTESIAN_POINT('',(1.335,0.74,7.E-02));
#5351 = LINE('',#5352,#5353);
#5352 = CARTESIAN_POINT('',(1.335,0.74,3.E-02));
#5353 = VECTOR('',#5354,1.);
#5354 = DIRECTION('',(0.,0.,1.));
#5355 = ORIENTED_EDGE('',*,*,#5356,.T.);
#5356 = EDGE_CURVE('',#5349,#3303,#5357,.T.);
#5357 = LINE('',#5358,#5359);
#5358 = CARTESIAN_POINT('',(1.335,0.72,7.E-02));
#5359 = VECTOR('',#5360,1.);
#5360 = DIRECTION('',(-0.,1.,0.));
#5361 = ORIENTED_EDGE('',*,*,#3310,.F.);
#5362 = PLANE('',#5363);
#5363 = AXIS2_PLACEMENT_3D('',#5364,#5365,#5366);
#5364 = CARTESIAN_POINT('',(1.335,0.636168639053,0.158668639053));
#5365 = DIRECTION('',(-1.,-0.,-0.));
#5366 = DIRECTION('',(0.,0.,-1.));
#5367 = ADVANCED_FACE('',(#5368),#5393,.T.);
#5368 = FACE_BOUND('',#5369,.T.);
#5369 = EDGE_LOOP('',(#5370,#5380,#5386,#5387));
#5370 = ORIENTED_EDGE('',*,*,#5371,.F.);
#5371 = EDGE_CURVE('',#5372,#5374,#5376,.T.);
#5372 = VERTEX_POINT('',#5373);
#5373 = CARTESIAN_POINT('',(1.465,0.72,0.));
#5374 = VERTEX_POINT('',#5375);
#5375 = CARTESIAN_POINT('',(1.465,0.72,3.E-02));
#5376 = LINE('',#5377,#5378);
#5377 = CARTESIAN_POINT('',(1.465,0.72,0.));
#5378 = VECTOR('',#5379,1.);
#5379 = DIRECTION('',(0.,0.,1.));
#5380 = ORIENTED_EDGE('',*,*,#5381,.F.);
#5381 = EDGE_CURVE('',#5277,#5372,#5382,.T.);
#5382 = LINE('',#5383,#5384);
#5383 = CARTESIAN_POINT('',(1.335,0.72,0.));
#5384 = VECTOR('',#5385,1.);
#5385 = DIRECTION('',(1.,0.,-0.));
#5386 = ORIENTED_EDGE('',*,*,#5284,.T.);
#5387 = ORIENTED_EDGE('',*,*,#5388,.T.);
#5388 = EDGE_CURVE('',#5285,#5374,#5389,.T.);
#5389 = LINE('',#5390,#5391);
#5390 = CARTESIAN_POINT('',(1.335,0.72,3.E-02));
#5391 = VECTOR('',#5392,1.);
#5392 = DIRECTION('',(1.,0.,-0.));
#5393 = PLANE('',#5394);
#5394 = AXIS2_PLACEMENT_3D('',#5395,#5396,#5397);
#5395 = CARTESIAN_POINT('',(1.335,0.72,0.));
#5396 = DIRECTION('',(-0.,1.,0.));
#5397 = DIRECTION('',(0.,0.,1.));
#5398 = ADVANCED_FACE('',(#5399),#5479,.F.);
#5399 = FACE_BOUND('',#5400,.F.);
#5400 = EDGE_LOOP('',(#5401,#5402,#5408,#5409,#5417,#5425,#5433,#5441,
    #5449,#5457,#5465,#5473));
#5401 = ORIENTED_EDGE('',*,*,#5371,.F.);
#5402 = ORIENTED_EDGE('',*,*,#5403,.T.);
#5403 = EDGE_CURVE('',#5372,#3287,#5404,.T.);
#5404 = LINE('',#5405,#5406);
#5405 = CARTESIAN_POINT('',(1.465,0.72,0.));
#5406 = VECTOR('',#5407,1.);
#5407 = DIRECTION('',(-0.,1.,0.));
#5408 = ORIENTED_EDGE('',*,*,#3294,.F.);
#5409 = ORIENTED_EDGE('',*,*,#5410,.F.);
#5410 = EDGE_CURVE('',#5411,#3295,#5413,.T.);
#5411 = VERTEX_POINT('',#5412);
#5412 = CARTESIAN_POINT('',(1.465,0.74,7.E-02));
#5413 = LINE('',#5414,#5415);
#5414 = CARTESIAN_POINT('',(1.465,0.72,7.E-02));
#5415 = VECTOR('',#5416,1.);
#5416 = DIRECTION('',(-0.,1.,0.));
#5417 = ORIENTED_EDGE('',*,*,#5418,.T.);
#5418 = EDGE_CURVE('',#5411,#5419,#5421,.T.);
#5419 = VERTEX_POINT('',#5420);
#5420 = CARTESIAN_POINT('',(1.465,0.74,0.1));
#5421 = LINE('',#5422,#5423);
#5422 = CARTESIAN_POINT('',(1.465,0.74,3.E-02));
#5423 = VECTOR('',#5424,1.);
#5424 = DIRECTION('',(0.,0.,1.));
#5425 = ORIENTED_EDGE('',*,*,#5426,.F.);
#5426 = EDGE_CURVE('',#5427,#5419,#5429,.T.);
#5427 = VERTEX_POINT('',#5428);
#5428 = CARTESIAN_POINT('',(1.465,0.575,0.1));
#5429 = LINE('',#5430,#5431);
#5430 = CARTESIAN_POINT('',(1.465,0.505,0.1));
#5431 = VECTOR('',#5432,1.);
#5432 = DIRECTION('',(-0.,1.,0.));
#5433 = ORIENTED_EDGE('',*,*,#5434,.T.);
#5434 = EDGE_CURVE('',#5427,#5435,#5437,.T.);
#5435 = VERTEX_POINT('',#5436);
#5436 = CARTESIAN_POINT('',(1.465,0.575,0.45));
#5437 = LINE('',#5438,#5439);
#5438 = CARTESIAN_POINT('',(1.465,0.575,3.E-02));
#5439 = VECTOR('',#5440,1.);
#5440 = DIRECTION('',(0.,0.,1.));
#5441 = ORIENTED_EDGE('',*,*,#5442,.F.);
#5442 = EDGE_CURVE('',#5443,#5435,#5445,.T.);
#5443 = VERTEX_POINT('',#5444);
#5444 = CARTESIAN_POINT('',(1.465,0.53,0.45));
#5445 = LINE('',#5446,#5447);
#5446 = CARTESIAN_POINT('',(1.465,0.505,0.45));
#5447 = VECTOR('',#5448,1.);
#5448 = DIRECTION('',(-0.,1.,0.));
#5449 = ORIENTED_EDGE('',*,*,#5450,.T.);
#5450 = EDGE_CURVE('',#5443,#5451,#5453,.T.);
#5451 = VERTEX_POINT('',#5452);
#5452 = CARTESIAN_POINT('',(1.465,0.53,7.E-02));
#5453 = LINE('',#5454,#5455);
#5454 = CARTESIAN_POINT('',(1.465,0.53,0.114334319527));
#5455 = VECTOR('',#5456,1.);
#5456 = DIRECTION('',(0.,0.,-1.));
#5457 = ORIENTED_EDGE('',*,*,#5458,.F.);
#5458 = EDGE_CURVE('',#5459,#5451,#5461,.T.);
#5459 = VERTEX_POINT('',#5460);
#5460 = CARTESIAN_POINT('',(1.465,0.505,7.E-02));
#5461 = LINE('',#5462,#5463);
#5462 = CARTESIAN_POINT('',(1.465,5.308431952663E-02,7.E-02));
#5463 = VECTOR('',#5464,1.);
#5464 = DIRECTION('',(0.,1.,0.));
#5465 = ORIENTED_EDGE('',*,*,#5466,.F.);
#5466 = EDGE_CURVE('',#5467,#5459,#5469,.T.);
#5467 = VERTEX_POINT('',#5468);
#5468 = CARTESIAN_POINT('',(1.465,0.505,3.E-02));
#5469 = LINE('',#5470,#5471);
#5470 = CARTESIAN_POINT('',(1.465,0.505,3.E-02));
#5471 = VECTOR('',#5472,1.);
#5472 = DIRECTION('',(0.,0.,1.));
#5473 = ORIENTED_EDGE('',*,*,#5474,.T.);
#5474 = EDGE_CURVE('',#5467,#5374,#5475,.T.);
#5475 = LINE('',#5476,#5477);
#5476 = CARTESIAN_POINT('',(1.465,0.505,3.E-02));
#5477 = VECTOR('',#5478,1.);
#5478 = DIRECTION('',(-0.,1.,0.));
#5479 = PLANE('',#5480);
#5480 = AXIS2_PLACEMENT_3D('',#5481,#5482,#5483);
#5481 = CARTESIAN_POINT('',(1.465,0.636168639053,0.158668639053));
#5482 = DIRECTION('',(1.,0.,0.));
#5483 = DIRECTION('',(-0.,0.,1.));
#5484 = ADVANCED_FACE('',(#5485),#5526,.F.);
#5485 = FACE_BOUND('',#5486,.F.);
#5486 = EDGE_LOOP('',(#5487,#5497,#5505,#5511,#5512,#5520));
#5487 = ORIENTED_EDGE('',*,*,#5488,.T.);
#5488 = EDGE_CURVE('',#5489,#5491,#5493,.T.);
#5489 = VERTEX_POINT('',#5490);
#5490 = CARTESIAN_POINT('',(1.8,0.74,8.E-02));
#5491 = VERTEX_POINT('',#5492);
#5492 = CARTESIAN_POINT('',(1.8,0.82,8.E-02));
#5493 = LINE('',#5494,#5495);
#5494 = CARTESIAN_POINT('',(1.8,0.74,8.E-02));
#5495 = VECTOR('',#5496,1.);
#5496 = DIRECTION('',(-0.,1.,0.));
#5497 = ORIENTED_EDGE('',*,*,#5498,.T.);
#5498 = EDGE_CURVE('',#5491,#5499,#5501,.T.);
#5499 = VERTEX_POINT('',#5500);
#5500 = CARTESIAN_POINT('',(1.8,0.82,0.53));
#5501 = LINE('',#5502,#5503);
#5502 = CARTESIAN_POINT('',(1.8,0.82,0.));
#5503 = VECTOR('',#5504,1.);
#5504 = DIRECTION('',(0.,0.,1.));
#5505 = ORIENTED_EDGE('',*,*,#5506,.T.);
#5506 = EDGE_CURVE('',#5499,#3271,#5507,.T.);
#5507 = LINE('',#5508,#5509);
#5508 = CARTESIAN_POINT('',(1.8,0.82,0.53));
#5509 = VECTOR('',#5510,1.);
#5510 = DIRECTION('',(-0.,1.,0.));
#5511 = ORIENTED_EDGE('',*,*,#3278,.F.);
#5512 = ORIENTED_EDGE('',*,*,#5513,.F.);
#5513 = EDGE_CURVE('',#5514,#3279,#5516,.T.);
#5514 = VERTEX_POINT('',#5515);
#5515 = CARTESIAN_POINT('',(1.8,0.74,0.));
#5516 = LINE('',#5517,#5518);
#5517 = CARTESIAN_POINT('',(1.8,0.82,0.));
#5518 = VECTOR('',#5519,1.);
#5519 = DIRECTION('',(-0.,1.,0.));
#5520 = ORIENTED_EDGE('',*,*,#5521,.T.);
#5521 = EDGE_CURVE('',#5514,#5489,#5522,.T.);
#5522 = LINE('',#5523,#5524);
#5523 = CARTESIAN_POINT('',(1.8,0.74,0.));
#5524 = VECTOR('',#5525,1.);
#5525 = DIRECTION('',(0.,0.,1.));
#5526 = PLANE('',#5527);
#5527 = AXIS2_PLACEMENT_3D('',#5528,#5529,#5530);
#5528 = CARTESIAN_POINT('',(1.8,0.846086956522,0.238913043478));
#5529 = DIRECTION('',(-1.,-0.,-0.));
#5530 = DIRECTION('',(0.,0.,-1.));
#5531 = ADVANCED_FACE('',(#5532),#5557,.T.);
#5532 = FACE_BOUND('',#5533,.T.);
#5533 = EDGE_LOOP('',(#5534,#5542,#5543,#5551));
#5534 = ORIENTED_EDGE('',*,*,#5535,.F.);
#5535 = EDGE_CURVE('',#5514,#5536,#5538,.T.);
#5536 = VERTEX_POINT('',#5537);
#5537 = CARTESIAN_POINT('',(2.2,0.74,0.));
#5538 = LINE('',#5539,#5540);
#5539 = CARTESIAN_POINT('',(1.8,0.74,0.));
#5540 = VECTOR('',#5541,1.);
#5541 = DIRECTION('',(1.,0.,-0.));
#5542 = ORIENTED_EDGE('',*,*,#5521,.T.);
#5543 = ORIENTED_EDGE('',*,*,#5544,.T.);
#5544 = EDGE_CURVE('',#5489,#5545,#5547,.T.);
#5545 = VERTEX_POINT('',#5546);
#5546 = CARTESIAN_POINT('',(2.2,0.74,8.E-02));
#5547 = LINE('',#5548,#5549);
#5548 = CARTESIAN_POINT('',(1.8,0.74,8.E-02));
#5549 = VECTOR('',#5550,1.);
#5550 = DIRECTION('',(1.,0.,-0.));
#5551 = ORIENTED_EDGE('',*,*,#5552,.F.);
#5552 = EDGE_CURVE('',#5536,#5545,#5553,.T.);
#5553 = LINE('',#5554,#5555);
#5554 = CARTESIAN_POINT('',(2.2,0.74,0.));
#5555 = VECTOR('',#5556,1.);
#5556 = DIRECTION('',(0.,0.,1.));
#5557 = PLANE('',#5558);
#5558 = AXIS2_PLACEMENT_3D('',#5559,#5560,#5561);
#5559 = CARTESIAN_POINT('',(1.8,0.74,0.));
#5560 = DIRECTION('',(-0.,1.,0.));
#5561 = DIRECTION('',(0.,0.,1.));
#5562 = ADVANCED_FACE('',(#5563),#5604,.F.);
#5563 = FACE_BOUND('',#5564,.F.);
#5564 = EDGE_LOOP('',(#5565,#5575,#5581,#5582,#5590,#5598));
#5565 = ORIENTED_EDGE('',*,*,#5566,.F.);
#5566 = EDGE_CURVE('',#5567,#5569,#5571,.T.);
#5567 = VERTEX_POINT('',#5568);
#5568 = CARTESIAN_POINT('',(2.2,0.82,8.E-02));
#5569 = VERTEX_POINT('',#5570);
#5570 = CARTESIAN_POINT('',(2.2,0.82,0.45));
#5571 = LINE('',#5572,#5573);
#5572 = CARTESIAN_POINT('',(2.2,0.82,0.));
#5573 = VECTOR('',#5574,1.);
#5574 = DIRECTION('',(0.,0.,1.));
#5575 = ORIENTED_EDGE('',*,*,#5576,.F.);
#5576 = EDGE_CURVE('',#5545,#5567,#5577,.T.);
#5577 = LINE('',#5578,#5579);
#5578 = CARTESIAN_POINT('',(2.2,0.74,8.E-02));
#5579 = VECTOR('',#5580,1.);
#5580 = DIRECTION('',(-0.,1.,0.));
#5581 = ORIENTED_EDGE('',*,*,#5552,.F.);
#5582 = ORIENTED_EDGE('',*,*,#5583,.T.);
#5583 = EDGE_CURVE('',#5536,#5584,#5586,.T.);
#5584 = VERTEX_POINT('',#5585);
#5585 = CARTESIAN_POINT('',(2.2,0.875,0.));
#5586 = LINE('',#5587,#5588);
#5587 = CARTESIAN_POINT('',(2.2,0.74,0.));
#5588 = VECTOR('',#5589,1.);
#5589 = DIRECTION('',(-0.,1.,0.));
#5590 = ORIENTED_EDGE('',*,*,#5591,.F.);
#5591 = EDGE_CURVE('',#5592,#5584,#5594,.T.);
#5592 = VERTEX_POINT('',#5593);
#5593 = CARTESIAN_POINT('',(2.2,0.875,0.45));
#5594 = LINE('',#5595,#5596);
#5595 = CARTESIAN_POINT('',(2.2,0.875,0.100368852459));
#5596 = VECTOR('',#5597,1.);
#5597 = DIRECTION('',(0.,0.,-1.));
#5598 = ORIENTED_EDGE('',*,*,#5599,.F.);
#5599 = EDGE_CURVE('',#5569,#5592,#5600,.T.);
#5600 = LINE('',#5601,#5602);
#5601 = CARTESIAN_POINT('',(2.2,-4.E-02,0.45));
#5602 = VECTOR('',#5603,1.);
#5603 = DIRECTION('',(-0.,1.,0.));
#5604 = PLANE('',#5605);
#5605 = AXIS2_PLACEMENT_3D('',#5606,#5607,#5608);
#5606 = CARTESIAN_POINT('',(2.2,0.844262295082,0.200737704918));
#5607 = DIRECTION('',(1.,0.,0.));
#5608 = DIRECTION('',(-0.,0.,1.));
#5609 = ADVANCED_FACE('',(#5610),#5651,.T.);
#5610 = FACE_BOUND('',#5611,.T.);
#5611 = EDGE_LOOP('',(#5612,#5620,#5621,#5629,#5637,#5645));
#5612 = ORIENTED_EDGE('',*,*,#5613,.F.);
#5613 = EDGE_CURVE('',#5584,#5614,#5616,.T.);
#5614 = VERTEX_POINT('',#5615);
#5615 = CARTESIAN_POINT('',(2.95,0.875,0.));
#5616 = LINE('',#5617,#5618);
#5617 = CARTESIAN_POINT('',(-2.95,0.875,0.));
#5618 = VECTOR('',#5619,1.);
#5619 = DIRECTION('',(1.,0.,-0.));
#5620 = ORIENTED_EDGE('',*,*,#5591,.F.);
#5621 = ORIENTED_EDGE('',*,*,#5622,.T.);
#5622 = EDGE_CURVE('',#5592,#5623,#5625,.T.);
#5623 = VERTEX_POINT('',#5624);
#5624 = CARTESIAN_POINT('',(2.94,0.875,0.45));
#5625 = LINE('',#5626,#5627);
#5626 = CARTESIAN_POINT('',(-0.475,0.875,0.45));
#5627 = VECTOR('',#5628,1.);
#5628 = DIRECTION('',(1.,0.,-0.));
#5629 = ORIENTED_EDGE('',*,*,#5630,.F.);
#5630 = EDGE_CURVE('',#5631,#5623,#5633,.T.);
#5631 = VERTEX_POINT('',#5632);
#5632 = CARTESIAN_POINT('',(2.94,0.875,0.53));
#5633 = LINE('',#5634,#5635);
#5634 = CARTESIAN_POINT('',(2.94,0.875,0.184645922747));
#5635 = VECTOR('',#5636,1.);
#5636 = DIRECTION('',(0.,0.,-1.));
#5637 = ORIENTED_EDGE('',*,*,#5638,.T.);
#5638 = EDGE_CURVE('',#5631,#5639,#5641,.T.);
#5639 = VERTEX_POINT('',#5640);
#5640 = CARTESIAN_POINT('',(2.95,0.875,0.53));
#5641 = LINE('',#5642,#5643);
#5642 = CARTESIAN_POINT('',(-2.95,0.875,0.53));
#5643 = VECTOR('',#5644,1.);
#5644 = DIRECTION('',(1.,0.,-0.));
#5645 = ORIENTED_EDGE('',*,*,#5646,.F.);
#5646 = EDGE_CURVE('',#5614,#5639,#5647,.T.);
#5647 = LINE('',#5648,#5649);
#5648 = CARTESIAN_POINT('',(2.95,0.875,0.));
#5649 = VECTOR('',#5650,1.);
#5650 = DIRECTION('',(0.,0.,1.));
#5651 = PLANE('',#5652);
#5652 = AXIS2_PLACEMENT_3D('',#5653,#5654,#5655);
#5653 = CARTESIAN_POINT('',(-2.95,0.875,0.));
#5654 = DIRECTION('',(-0.,1.,0.));
#5655 = DIRECTION('',(0.,0.,1.));
#5656 = ADVANCED_FACE('',(#5657),#5682,.T.);
#5657 = FACE_BOUND('',#5658,.T.);
#5658 = EDGE_LOOP('',(#5659,#5667,#5675,#5681));
#5659 = ORIENTED_EDGE('',*,*,#5660,.F.);
#5660 = EDGE_CURVE('',#5661,#5639,#5663,.T.);
#5661 = VERTEX_POINT('',#5662);
#5662 = CARTESIAN_POINT('',(2.95,0.38,0.53));
#5663 = LINE('',#5664,#5665);
#5664 = CARTESIAN_POINT('',(2.95,-0.875,0.53));
#5665 = VECTOR('',#5666,1.);
#5666 = DIRECTION('',(-0.,1.,0.));
#5667 = ORIENTED_EDGE('',*,*,#5668,.F.);
#5668 = EDGE_CURVE('',#5669,#5661,#5671,.T.);
#5669 = VERTEX_POINT('',#5670);
#5670 = CARTESIAN_POINT('',(2.95,0.38,0.));
#5671 = LINE('',#5672,#5673);
#5672 = CARTESIAN_POINT('',(2.95,0.38,0.));
#5673 = VECTOR('',#5674,1.);
#5674 = DIRECTION('',(0.,0.,1.));
#5675 = ORIENTED_EDGE('',*,*,#5676,.T.);
#5676 = EDGE_CURVE('',#5669,#5614,#5677,.T.);
#5677 = LINE('',#5678,#5679);
#5678 = CARTESIAN_POINT('',(2.95,-0.875,0.));
#5679 = VECTOR('',#5680,1.);
#5680 = DIRECTION('',(-0.,1.,0.));
#5681 = ORIENTED_EDGE('',*,*,#5646,.T.);
#5682 = PLANE('',#5683);
#5683 = AXIS2_PLACEMENT_3D('',#5684,#5685,#5686);
#5684 = CARTESIAN_POINT('',(2.95,-0.875,0.));
#5685 = DIRECTION('',(1.,0.,-0.));
#5686 = DIRECTION('',(0.,0.,1.));
#5687 = ADVANCED_FACE('',(#5688),#5729,.F.);
#5688 = FACE_BOUND('',#5689,.F.);
#5689 = EDGE_LOOP('',(#5690,#5698,#5706,#5714,#5722,#5728));
#5690 = ORIENTED_EDGE('',*,*,#5691,.F.);
#5691 = EDGE_CURVE('',#5692,#5669,#5694,.T.);
#5692 = VERTEX_POINT('',#5693);
#5693 = CARTESIAN_POINT('',(2.86,0.38,0.));
#5694 = LINE('',#5695,#5696);
#5695 = CARTESIAN_POINT('',(2.86,0.38,0.));
#5696 = VECTOR('',#5697,1.);
#5697 = DIRECTION('',(1.,0.,-0.));
#5698 = ORIENTED_EDGE('',*,*,#5699,.T.);
#5699 = EDGE_CURVE('',#5692,#5700,#5702,.T.);
#5700 = VERTEX_POINT('',#5701);
#5701 = CARTESIAN_POINT('',(2.86,0.38,0.45));
#5702 = LINE('',#5703,#5704);
#5703 = CARTESIAN_POINT('',(2.86,0.38,0.));
#5704 = VECTOR('',#5705,1.);
#5705 = DIRECTION('',(0.,0.,1.));
#5706 = ORIENTED_EDGE('',*,*,#5707,.T.);
#5707 = EDGE_CURVE('',#5700,#5708,#5710,.T.);
#5708 = VERTEX_POINT('',#5709);
#5709 = CARTESIAN_POINT('',(2.94,0.38,0.45));
#5710 = LINE('',#5711,#5712);
#5711 = CARTESIAN_POINT('',(2.43,0.38,0.45));
#5712 = VECTOR('',#5713,1.);
#5713 = DIRECTION('',(1.,0.,-0.));
#5714 = ORIENTED_EDGE('',*,*,#5715,.F.);
#5715 = EDGE_CURVE('',#5716,#5708,#5718,.T.);
#5716 = VERTEX_POINT('',#5717);
#5717 = CARTESIAN_POINT('',(2.94,0.38,0.53));
#5718 = LINE('',#5719,#5720);
#5719 = CARTESIAN_POINT('',(2.94,0.38,0.184645922747));
#5720 = VECTOR('',#5721,1.);
#5721 = DIRECTION('',(0.,0.,-1.));
#5722 = ORIENTED_EDGE('',*,*,#5723,.T.);
#5723 = EDGE_CURVE('',#5716,#5661,#5724,.T.);
#5724 = LINE('',#5725,#5726);
#5725 = CARTESIAN_POINT('',(2.86,0.38,0.53));
#5726 = VECTOR('',#5727,1.);
#5727 = DIRECTION('',(1.,0.,-0.));
#5728 = ORIENTED_EDGE('',*,*,#5668,.F.);
#5729 = PLANE('',#5730);
#5730 = AXIS2_PLACEMENT_3D('',#5731,#5732,#5733);
#5731 = CARTESIAN_POINT('',(2.86,0.38,0.));
#5732 = DIRECTION('',(-0.,1.,0.));
#5733 = DIRECTION('',(0.,0.,1.));
#5734 = ADVANCED_FACE('',(#5735),#5776,.F.);
#5735 = FACE_BOUND('',#5736,.F.);
#5736 = EDGE_LOOP('',(#5737,#5747,#5755,#5761,#5762,#5770));
#5737 = ORIENTED_EDGE('',*,*,#5738,.F.);
#5738 = EDGE_CURVE('',#5739,#5741,#5743,.T.);
#5739 = VERTEX_POINT('',#5740);
#5740 = CARTESIAN_POINT('',(-1.82,0.61,7.E-02));
#5741 = VERTEX_POINT('',#5742);
#5742 = CARTESIAN_POINT('',(-1.82,0.61,0.53));
#5743 = LINE('',#5744,#5745);
#5744 = CARTESIAN_POINT('',(-1.82,0.61,7.E-02));
#5745 = VECTOR('',#5746,1.);
#5746 = DIRECTION('',(0.,0.,1.));
#5747 = ORIENTED_EDGE('',*,*,#5748,.F.);
#5748 = EDGE_CURVE('',#5749,#5739,#5751,.T.);
#5749 = VERTEX_POINT('',#5750);
#5750 = CARTESIAN_POINT('',(-2.02,0.61,7.E-02));
#5751 = LINE('',#5752,#5753);
#5752 = CARTESIAN_POINT('',(-2.02,0.61,7.E-02));
#5753 = VECTOR('',#5754,1.);
#5754 = DIRECTION('',(1.,0.,-0.));
#5755 = ORIENTED_EDGE('',*,*,#5756,.T.);
#5756 = EDGE_CURVE('',#5749,#2892,#5757,.T.);
#5757 = LINE('',#5758,#5759);
#5758 = CARTESIAN_POINT('',(-2.02,0.61,7.E-02));
#5759 = VECTOR('',#5760,1.);
#5760 = DIRECTION('',(0.,0.,1.));
#5761 = ORIENTED_EDGE('',*,*,#2889,.F.);
#5762 = ORIENTED_EDGE('',*,*,#5763,.T.);
#5763 = EDGE_CURVE('',#2890,#5764,#5766,.T.);
#5764 = VERTEX_POINT('',#5765);
#5765 = CARTESIAN_POINT('',(-2.,0.61,0.53));
#5766 = LINE('',#5767,#5768);
#5767 = CARTESIAN_POINT('',(-2.,0.61,0.26));
#5768 = VECTOR('',#5769,1.);
#5769 = DIRECTION('',(0.,0.,1.));
#5770 = ORIENTED_EDGE('',*,*,#5771,.T.);
#5771 = EDGE_CURVE('',#5764,#5741,#5772,.T.);
#5772 = LINE('',#5773,#5774);
#5773 = CARTESIAN_POINT('',(-2.02,0.61,0.53));
#5774 = VECTOR('',#5775,1.);
#5775 = DIRECTION('',(1.,0.,-0.));
#5776 = PLANE('',#5777);
#5777 = AXIS2_PLACEMENT_3D('',#5778,#5779,#5780);
#5778 = CARTESIAN_POINT('',(-2.02,0.61,7.E-02));
#5779 = DIRECTION('',(-0.,1.,0.));
#5780 = DIRECTION('',(0.,0.,1.));
#5781 = ADVANCED_FACE('',(#5782),#5800,.T.);
#5782 = FACE_BOUND('',#5783,.T.);
#5783 = EDGE_LOOP('',(#5784,#5785,#5793,#5799));
#5784 = ORIENTED_EDGE('',*,*,#3013,.F.);
#5785 = ORIENTED_EDGE('',*,*,#5786,.T.);
#5786 = EDGE_CURVE('',#3006,#5787,#5789,.T.);
#5787 = VERTEX_POINT('',#5788);
#5788 = CARTESIAN_POINT('',(-2.02,0.53,7.E-02));
#5789 = LINE('',#5790,#5791);
#5790 = CARTESIAN_POINT('',(-2.02,0.53,7.E-02));
#5791 = VECTOR('',#5792,1.);
#5792 = DIRECTION('',(-0.,0.,-1.));
#5793 = ORIENTED_EDGE('',*,*,#5794,.T.);
#5794 = EDGE_CURVE('',#5787,#5749,#5795,.T.);
#5795 = LINE('',#5796,#5797);
#5796 = CARTESIAN_POINT('',(-2.02,0.515,7.E-02));
#5797 = VECTOR('',#5798,1.);
#5798 = DIRECTION('',(-0.,1.,0.));
#5799 = ORIENTED_EDGE('',*,*,#5756,.T.);
#5800 = PLANE('',#5801);
#5801 = AXIS2_PLACEMENT_3D('',#5802,#5803,#5804);
#5802 = CARTESIAN_POINT('',(-2.02,0.515,7.E-02));
#5803 = DIRECTION('',(1.,0.,-0.));
#5804 = DIRECTION('',(0.,0.,1.));
#5805 = ADVANCED_FACE('',(#5806),#5831,.T.);
#5806 = FACE_BOUND('',#5807,.T.);
#5807 = EDGE_LOOP('',(#5808,#5816,#5824,#5830));
#5808 = ORIENTED_EDGE('',*,*,#5809,.F.);
#5809 = EDGE_CURVE('',#5810,#2990,#5812,.T.);
#5810 = VERTEX_POINT('',#5811);
#5811 = CARTESIAN_POINT('',(-2.515,-0.53,7.E-02));
#5812 = LINE('',#5813,#5814);
#5813 = CARTESIAN_POINT('',(-2.515,-0.53,7.E-02));
#5814 = VECTOR('',#5815,1.);
#5815 = DIRECTION('',(0.,0.,1.));
#5816 = ORIENTED_EDGE('',*,*,#5817,.T.);
#5817 = EDGE_CURVE('',#5810,#5818,#5820,.T.);
#5818 = VERTEX_POINT('',#5819);
#5819 = CARTESIAN_POINT('',(-2.515,0.53,7.E-02));
#5820 = LINE('',#5821,#5822);
#5821 = CARTESIAN_POINT('',(-2.515,-0.53,7.E-02));
#5822 = VECTOR('',#5823,1.);
#5823 = DIRECTION('',(-0.,1.,0.));
#5824 = ORIENTED_EDGE('',*,*,#5825,.T.);
#5825 = EDGE_CURVE('',#5818,#2998,#5826,.T.);
#5826 = LINE('',#5827,#5828);
#5827 = CARTESIAN_POINT('',(-2.515,0.53,7.E-02));
#5828 = VECTOR('',#5829,1.);
#5829 = DIRECTION('',(0.,0.,1.));
#5830 = ORIENTED_EDGE('',*,*,#2997,.F.);
#5831 = PLANE('',#5832);
#5832 = AXIS2_PLACEMENT_3D('',#5833,#5834,#5835);
#5833 = CARTESIAN_POINT('',(-2.515,-0.53,7.E-02));
#5834 = DIRECTION('',(1.,0.,-0.));
#5835 = DIRECTION('',(0.,0.,1.));
#5836 = ADVANCED_FACE('',(#5837),#5862,.T.);
#5837 = FACE_BOUND('',#5838,.T.);
#5838 = EDGE_LOOP('',(#5839,#5847,#5855,#5861));
#5839 = ORIENTED_EDGE('',*,*,#5840,.F.);
#5840 = EDGE_CURVE('',#5841,#2974,#5843,.T.);
#5841 = VERTEX_POINT('',#5842);
#5842 = CARTESIAN_POINT('',(-2.02,-0.61,7.E-02));
#5843 = LINE('',#5844,#5845);
#5844 = CARTESIAN_POINT('',(-2.02,-0.61,7.E-02));
#5845 = VECTOR('',#5846,1.);
#5846 = DIRECTION('',(0.,0.,1.));
#5847 = ORIENTED_EDGE('',*,*,#5848,.T.);
#5848 = EDGE_CURVE('',#5841,#5849,#5851,.T.);
#5849 = VERTEX_POINT('',#5850);
#5850 = CARTESIAN_POINT('',(-2.02,-0.53,7.E-02));
#5851 = LINE('',#5852,#5853);
#5852 = CARTESIAN_POINT('',(-2.02,-0.61,7.E-02));
#5853 = VECTOR('',#5854,1.);
#5854 = DIRECTION('',(-0.,1.,0.));
#5855 = ORIENTED_EDGE('',*,*,#5856,.F.);
#5856 = EDGE_CURVE('',#2982,#5849,#5857,.T.);
#5857 = LINE('',#5858,#5859);
#5858 = CARTESIAN_POINT('',(-2.02,-0.53,7.E-02));
#5859 = VECTOR('',#5860,1.);
#5860 = DIRECTION('',(-0.,0.,-1.));
#5861 = ORIENTED_EDGE('',*,*,#2981,.F.);
#5862 = PLANE('',#5863);
#5863 = AXIS2_PLACEMENT_3D('',#5864,#5865,#5866);
#5864 = CARTESIAN_POINT('',(-2.02,-0.61,7.E-02));
#5865 = DIRECTION('',(1.,0.,-0.));
#5866 = DIRECTION('',(0.,0.,1.));
#5867 = ADVANCED_FACE('',(#5868),#5902,.T.);
#5868 = FACE_BOUND('',#5869,.T.);
#5869 = EDGE_LOOP('',(#5870,#5880,#5886,#5887,#5888,#5896));
#5870 = ORIENTED_EDGE('',*,*,#5871,.F.);
#5871 = EDGE_CURVE('',#5872,#5874,#5876,.T.);
#5872 = VERTEX_POINT('',#5873);
#5873 = CARTESIAN_POINT('',(-1.82,-0.61,7.E-02));
#5874 = VERTEX_POINT('',#5875);
#5875 = CARTESIAN_POINT('',(-1.82,-0.61,0.53));
#5876 = LINE('',#5877,#5878);
#5877 = CARTESIAN_POINT('',(-1.82,-0.61,7.E-02));
#5878 = VECTOR('',#5879,1.);
#5879 = DIRECTION('',(0.,0.,1.));
#5880 = ORIENTED_EDGE('',*,*,#5881,.F.);
#5881 = EDGE_CURVE('',#5841,#5872,#5882,.T.);
#5882 = LINE('',#5883,#5884);
#5883 = CARTESIAN_POINT('',(-2.02,-0.61,7.E-02));
#5884 = VECTOR('',#5885,1.);
#5885 = DIRECTION('',(1.,0.,-0.));
#5886 = ORIENTED_EDGE('',*,*,#5840,.T.);
#5887 = ORIENTED_EDGE('',*,*,#2973,.F.);
#5888 = ORIENTED_EDGE('',*,*,#5889,.T.);
#5889 = EDGE_CURVE('',#2966,#5890,#5892,.T.);
#5890 = VERTEX_POINT('',#5891);
#5891 = CARTESIAN_POINT('',(-2.,-0.61,0.53));
#5892 = LINE('',#5893,#5894);
#5893 = CARTESIAN_POINT('',(-2.,-0.61,0.26));
#5894 = VECTOR('',#5895,1.);
#5895 = DIRECTION('',(0.,0.,1.));
#5896 = ORIENTED_EDGE('',*,*,#5897,.T.);
#5897 = EDGE_CURVE('',#5890,#5874,#5898,.T.);
#5898 = LINE('',#5899,#5900);
#5899 = CARTESIAN_POINT('',(-2.02,-0.61,0.53));
#5900 = VECTOR('',#5901,1.);
#5901 = DIRECTION('',(1.,0.,-0.));
#5902 = PLANE('',#5903);
#5903 = AXIS2_PLACEMENT_3D('',#5904,#5905,#5906);
#5904 = CARTESIAN_POINT('',(-2.02,-0.61,7.E-02));
#5905 = DIRECTION('',(-0.,1.,0.));
#5906 = DIRECTION('',(0.,0.,1.));
#5907 = ADVANCED_FACE('',(#5908),#5926,.F.);
#5908 = FACE_BOUND('',#5909,.F.);
#5909 = EDGE_LOOP('',(#5910,#5918,#5924,#5925));
#5910 = ORIENTED_EDGE('',*,*,#5911,.F.);
#5911 = EDGE_CURVE('',#5912,#5890,#5914,.T.);
#5912 = VERTEX_POINT('',#5913);
#5913 = CARTESIAN_POINT('',(-2.,-0.82,0.53));
#5914 = LINE('',#5915,#5916);
#5915 = CARTESIAN_POINT('',(-2.,-0.9,0.53));
#5916 = VECTOR('',#5917,1.);
#5917 = DIRECTION('',(-0.,1.,0.));
#5918 = ORIENTED_EDGE('',*,*,#5919,.F.);
#5919 = EDGE_CURVE('',#2958,#5912,#5920,.T.);
#5920 = LINE('',#5921,#5922);
#5921 = CARTESIAN_POINT('',(-2.,-0.82,0.225));
#5922 = VECTOR('',#5923,1.);
#5923 = DIRECTION('',(0.,0.,1.));
#5924 = ORIENTED_EDGE('',*,*,#2965,.T.);
#5925 = ORIENTED_EDGE('',*,*,#5889,.T.);
#5926 = PLANE('',#5927);
#5927 = AXIS2_PLACEMENT_3D('',#5928,#5929,#5930);
#5928 = CARTESIAN_POINT('',(-2.,-0.9,0.45));
#5929 = DIRECTION('',(1.,0.,-0.));
#5930 = DIRECTION('',(0.,0.,1.));
#5931 = ADVANCED_FACE('',(#5932),#5950,.F.);
#5932 = FACE_BOUND('',#5933,.F.);
#5933 = EDGE_LOOP('',(#5934,#5935,#5941,#5942,#5943,#5944));
#5934 = ORIENTED_EDGE('',*,*,#2630,.F.);
#5935 = ORIENTED_EDGE('',*,*,#5936,.F.);
#5936 = EDGE_CURVE('',#2708,#2623,#5937,.T.);
#5937 = LINE('',#5938,#5939);
#5938 = CARTESIAN_POINT('',(-2.2,-0.82,8.E-02));
#5939 = VECTOR('',#5940,1.);
#5940 = DIRECTION('',(1.,0.,-0.));
#5941 = ORIENTED_EDGE('',*,*,#2707,.T.);
#5942 = ORIENTED_EDGE('',*,*,#2957,.F.);
#5943 = ORIENTED_EDGE('',*,*,#5919,.T.);
#5944 = ORIENTED_EDGE('',*,*,#5945,.T.);
#5945 = EDGE_CURVE('',#5912,#2631,#5946,.T.);
#5946 = LINE('',#5947,#5948);
#5947 = CARTESIAN_POINT('',(-2.2,-0.82,0.53));
#5948 = VECTOR('',#5949,1.);
#5949 = DIRECTION('',(1.,0.,-0.));
#5950 = PLANE('',#5951);
#5951 = AXIS2_PLACEMENT_3D('',#5952,#5953,#5954);
#5952 = CARTESIAN_POINT('',(-2.2,-0.82,0.));
#5953 = DIRECTION('',(-0.,1.,0.));
#5954 = DIRECTION('',(0.,0.,1.));
#5955 = ADVANCED_FACE('',(#5956),#5967,.F.);
#5956 = FACE_BOUND('',#5957,.F.);
#5957 = EDGE_LOOP('',(#5958,#5959,#5965,#5966));
#5958 = ORIENTED_EDGE('',*,*,#3053,.T.);
#5959 = ORIENTED_EDGE('',*,*,#5960,.T.);
#5960 = EDGE_CURVE('',#3046,#3115,#5961,.T.);
#5961 = LINE('',#5962,#5963);
#5962 = CARTESIAN_POINT('',(-2.94,-0.9,0.53));
#5963 = VECTOR('',#5964,1.);
#5964 = DIRECTION('',(-0.,1.,0.));
#5965 = ORIENTED_EDGE('',*,*,#3122,.F.);
#5966 = ORIENTED_EDGE('',*,*,#2931,.F.);
#5967 = PLANE('',#5968);
#5968 = AXIS2_PLACEMENT_3D('',#5969,#5970,#5971);
#5969 = CARTESIAN_POINT('',(-2.94,-8.934198159537E-18,0.369291845494));
#5970 = DIRECTION('',(-1.,-0.,-0.));
#5971 = DIRECTION('',(0.,0.,-1.));
#5972 = ADVANCED_FACE('',(#5973),#5998,.T.);
#5973 = FACE_BOUND('',#5974,.T.);
#5974 = EDGE_LOOP('',(#5975,#5976,#5982,#5983,#5984,#5992));
#5975 = ORIENTED_EDGE('',*,*,#3214,.F.);
#5976 = ORIENTED_EDGE('',*,*,#5977,.F.);
#5977 = EDGE_CURVE('',#3146,#3215,#5978,.T.);
#5978 = LINE('',#5979,#5980);
#5979 = CARTESIAN_POINT('',(-2.2,0.82,8.E-02));
#5980 = VECTOR('',#5981,1.);
#5981 = DIRECTION('',(1.,0.,-0.));
#5982 = ORIENTED_EDGE('',*,*,#3153,.T.);
#5983 = ORIENTED_EDGE('',*,*,#2907,.F.);
#5984 = ORIENTED_EDGE('',*,*,#5985,.T.);
#5985 = EDGE_CURVE('',#2900,#5986,#5988,.T.);
#5986 = VERTEX_POINT('',#5987);
#5987 = CARTESIAN_POINT('',(-2.,0.82,0.53));
#5988 = LINE('',#5989,#5990);
#5989 = CARTESIAN_POINT('',(-2.,0.82,0.225));
#5990 = VECTOR('',#5991,1.);
#5991 = DIRECTION('',(0.,0.,1.));
#5992 = ORIENTED_EDGE('',*,*,#5993,.T.);
#5993 = EDGE_CURVE('',#5986,#3217,#5994,.T.);
#5994 = LINE('',#5995,#5996);
#5995 = CARTESIAN_POINT('',(-2.2,0.82,0.53));
#5996 = VECTOR('',#5997,1.);
#5997 = DIRECTION('',(1.,0.,-0.));
#5998 = PLANE('',#5999);
#5999 = AXIS2_PLACEMENT_3D('',#6000,#6001,#6002);
#6000 = CARTESIAN_POINT('',(-2.2,0.82,0.));
#6001 = DIRECTION('',(-0.,1.,0.));
#6002 = DIRECTION('',(0.,0.,1.));
#6003 = ADVANCED_FACE('',(#6004),#6015,.F.);
#6004 = FACE_BOUND('',#6005,.F.);
#6005 = EDGE_LOOP('',(#6006,#6012,#6013,#6014));
#6006 = ORIENTED_EDGE('',*,*,#6007,.F.);
#6007 = EDGE_CURVE('',#5764,#5986,#6008,.T.);
#6008 = LINE('',#6009,#6010);
#6009 = CARTESIAN_POINT('',(-2.,-0.9,0.53));
#6010 = VECTOR('',#6011,1.);
#6011 = DIRECTION('',(-0.,1.,0.));
#6012 = ORIENTED_EDGE('',*,*,#5763,.F.);
#6013 = ORIENTED_EDGE('',*,*,#2899,.T.);
#6014 = ORIENTED_EDGE('',*,*,#5985,.T.);
#6015 = PLANE('',#6016);
#6016 = AXIS2_PLACEMENT_3D('',#6017,#6018,#6019);
#6017 = CARTESIAN_POINT('',(-2.,-0.9,0.45));
#6018 = DIRECTION('',(1.,0.,-0.));
#6019 = DIRECTION('',(0.,0.,1.));
#6020 = ADVANCED_FACE('',(#6021),#6027,.T.);
#6021 = FACE_BOUND('',#6022,.T.);
#6022 = EDGE_LOOP('',(#6023,#6024,#6025,#6026));
#6023 = ORIENTED_EDGE('',*,*,#3045,.T.);
#6024 = ORIENTED_EDGE('',*,*,#5960,.T.);
#6025 = ORIENTED_EDGE('',*,*,#3114,.F.);
#6026 = ORIENTED_EDGE('',*,*,#3074,.F.);
#6027 = PLANE('',#6028);
#6028 = AXIS2_PLACEMENT_3D('',#6029,#6030,#6031);
#6029 = CARTESIAN_POINT('',(-2.95,-0.875,0.53));
#6030 = DIRECTION('',(0.,0.,1.));
#6031 = DIRECTION('',(1.,0.,-0.));
#6032 = ADVANCED_FACE('',(#6033),#6039,.F.);
#6033 = FACE_BOUND('',#6034,.F.);
#6034 = EDGE_LOOP('',(#6035,#6036,#6037,#6038));
#6035 = ORIENTED_EDGE('',*,*,#3143,.F.);
#6036 = ORIENTED_EDGE('',*,*,#3192,.T.);
#6037 = ORIENTED_EDGE('',*,*,#3224,.T.);
#6038 = ORIENTED_EDGE('',*,*,#5977,.F.);
#6039 = PLANE('',#6040);
#6040 = AXIS2_PLACEMENT_3D('',#6041,#6042,#6043);
#6041 = CARTESIAN_POINT('',(-2.2,0.74,8.E-02));
#6042 = DIRECTION('',(0.,0.,1.));
#6043 = DIRECTION('',(1.,0.,-0.));
#6044 = ADVANCED_FACE('',(#6045),#6099,.T.);
#6045 = FACE_BOUND('',#6046,.T.);
#6046 = EDGE_LOOP('',(#6047,#6048,#6049,#6050,#6051,#6052,#6053,#6061,
    #6069,#6077,#6085,#6093));
#6047 = ORIENTED_EDGE('',*,*,#5506,.T.);
#6048 = ORIENTED_EDGE('',*,*,#3270,.F.);
#6049 = ORIENTED_EDGE('',*,*,#3247,.F.);
#6050 = ORIENTED_EDGE('',*,*,#5993,.F.);
#6051 = ORIENTED_EDGE('',*,*,#6007,.F.);
#6052 = ORIENTED_EDGE('',*,*,#5771,.T.);
#6053 = ORIENTED_EDGE('',*,*,#6054,.F.);
#6054 = EDGE_CURVE('',#6055,#5741,#6057,.T.);
#6055 = VERTEX_POINT('',#6056);
#6056 = CARTESIAN_POINT('',(-1.82,0.53,0.53));
#6057 = LINE('',#6058,#6059);
#6058 = CARTESIAN_POINT('',(-1.82,0.515,0.53));
#6059 = VECTOR('',#6060,1.);
#6060 = DIRECTION('',(-0.,1.,0.));
#6061 = ORIENTED_EDGE('',*,*,#6062,.T.);
#6062 = EDGE_CURVE('',#6055,#6063,#6065,.T.);
#6063 = VERTEX_POINT('',#6064);
#6064 = CARTESIAN_POINT('',(1.82,0.53,0.53));
#6065 = LINE('',#6066,#6067);
#6066 = CARTESIAN_POINT('',(-2.435,0.53,0.53));
#6067 = VECTOR('',#6068,1.);
#6068 = DIRECTION('',(1.,0.,-0.));
#6069 = ORIENTED_EDGE('',*,*,#6070,.T.);
#6070 = EDGE_CURVE('',#6063,#6071,#6073,.T.);
#6071 = VERTEX_POINT('',#6072);
#6072 = CARTESIAN_POINT('',(1.82,0.61,0.53));
#6073 = LINE('',#6074,#6075);
#6074 = CARTESIAN_POINT('',(1.82,0.515,0.53));
#6075 = VECTOR('',#6076,1.);
#6076 = DIRECTION('',(-0.,1.,0.));
#6077 = ORIENTED_EDGE('',*,*,#6078,.T.);
#6078 = EDGE_CURVE('',#6071,#6079,#6081,.T.);
#6079 = VERTEX_POINT('',#6080);
#6080 = CARTESIAN_POINT('',(2.,0.61,0.53));
#6081 = LINE('',#6082,#6083);
#6082 = CARTESIAN_POINT('',(1.82,0.61,0.53));
#6083 = VECTOR('',#6084,1.);
#6084 = DIRECTION('',(1.,0.,-0.));
#6085 = ORIENTED_EDGE('',*,*,#6086,.T.);
#6086 = EDGE_CURVE('',#6079,#6087,#6089,.T.);
#6087 = VERTEX_POINT('',#6088);
#6088 = CARTESIAN_POINT('',(2.,0.82,0.53));
#6089 = LINE('',#6090,#6091);
#6090 = CARTESIAN_POINT('',(2.,-0.9,0.53));
#6091 = VECTOR('',#6092,1.);
#6092 = DIRECTION('',(-0.,1.,0.));
#6093 = ORIENTED_EDGE('',*,*,#6094,.F.);
#6094 = EDGE_CURVE('',#5499,#6087,#6095,.T.);
#6095 = LINE('',#6096,#6097);
#6096 = CARTESIAN_POINT('',(1.8,0.82,0.53));
#6097 = VECTOR('',#6098,1.);
#6098 = DIRECTION('',(1.,0.,-0.));
#6099 = PLANE('',#6100);
#6100 = AXIS2_PLACEMENT_3D('',#6101,#6102,#6103);
#6101 = CARTESIAN_POINT('',(-2.95,-0.875,0.53));
#6102 = DIRECTION('',(0.,0.,1.));
#6103 = DIRECTION('',(1.,0.,-0.));
#6104 = ADVANCED_FACE('',(#6105),#6116,.F.);
#6105 = FACE_BOUND('',#6106,.F.);
#6106 = EDGE_LOOP('',(#6107,#6108,#6114,#6115));
#6107 = ORIENTED_EDGE('',*,*,#3660,.F.);
#6108 = ORIENTED_EDGE('',*,*,#6109,.F.);
#6109 = EDGE_CURVE('',#3715,#3653,#6110,.T.);
#6110 = LINE('',#6111,#6112);
#6111 = CARTESIAN_POINT('',(-1.465,0.74,7.E-02));
#6112 = VECTOR('',#6113,1.);
#6113 = DIRECTION('',(-1.,-0.,0.));
#6114 = ORIENTED_EDGE('',*,*,#3714,.T.);
#6115 = ORIENTED_EDGE('',*,*,#3558,.F.);
#6116 = PLANE('',#6117);
#6117 = AXIS2_PLACEMENT_3D('',#6118,#6119,#6120);
#6118 = CARTESIAN_POINT('',(-1.465,0.72,7.E-02));
#6119 = DIRECTION('',(0.,0.,1.));
#6120 = DIRECTION('',(1.,0.,-0.));
#6121 = ADVANCED_FACE('',(#6122),#6133,.F.);
#6122 = FACE_BOUND('',#6123,.F.);
#6123 = EDGE_LOOP('',(#6124,#6125,#6131,#6132));
#6124 = ORIENTED_EDGE('',*,*,#3872,.F.);
#6125 = ORIENTED_EDGE('',*,*,#6126,.F.);
#6126 = EDGE_CURVE('',#3927,#3865,#6127,.T.);
#6127 = LINE('',#6128,#6129);
#6128 = CARTESIAN_POINT('',(-1.115,0.74,7.E-02));
#6129 = VECTOR('',#6130,1.);
#6130 = DIRECTION('',(-1.,-0.,0.));
#6131 = ORIENTED_EDGE('',*,*,#3926,.T.);
#6132 = ORIENTED_EDGE('',*,*,#3526,.F.);
#6133 = PLANE('',#6134);
#6134 = AXIS2_PLACEMENT_3D('',#6135,#6136,#6137);
#6135 = CARTESIAN_POINT('',(-1.115,0.72,7.E-02));
#6136 = DIRECTION('',(0.,0.,1.));
#6137 = DIRECTION('',(1.,0.,-0.));
#6138 = ADVANCED_FACE('',(#6139),#6150,.F.);
#6139 = FACE_BOUND('',#6140,.F.);
#6140 = EDGE_LOOP('',(#6141,#6142,#6148,#6149));
#6141 = ORIENTED_EDGE('',*,*,#4084,.F.);
#6142 = ORIENTED_EDGE('',*,*,#6143,.F.);
#6143 = EDGE_CURVE('',#4139,#4077,#6144,.T.);
#6144 = LINE('',#6145,#6146);
#6145 = CARTESIAN_POINT('',(-0.765,0.74,7.E-02));
#6146 = VECTOR('',#6147,1.);
#6147 = DIRECTION('',(-1.,-0.,0.));
#6148 = ORIENTED_EDGE('',*,*,#4138,.T.);
#6149 = ORIENTED_EDGE('',*,*,#3494,.F.);
#6150 = PLANE('',#6151);
#6151 = AXIS2_PLACEMENT_3D('',#6152,#6153,#6154);
#6152 = CARTESIAN_POINT('',(-0.765,0.72,7.E-02));
#6153 = DIRECTION('',(0.,0.,1.));
#6154 = DIRECTION('',(1.,0.,-0.));
#6155 = ADVANCED_FACE('',(#6156),#6167,.F.);
#6156 = FACE_BOUND('',#6157,.F.);
#6157 = EDGE_LOOP('',(#6158,#6159,#6165,#6166));
#6158 = ORIENTED_EDGE('',*,*,#4296,.F.);
#6159 = ORIENTED_EDGE('',*,*,#6160,.F.);
#6160 = EDGE_CURVE('',#4351,#4289,#6161,.T.);
#6161 = LINE('',#6162,#6163);
#6162 = CARTESIAN_POINT('',(-0.415,0.74,7.E-02));
#6163 = VECTOR('',#6164,1.);
#6164 = DIRECTION('',(-1.,-0.,0.));
#6165 = ORIENTED_EDGE('',*,*,#4350,.T.);
#6166 = ORIENTED_EDGE('',*,*,#3462,.F.);
#6167 = PLANE('',#6168);
#6168 = AXIS2_PLACEMENT_3D('',#6169,#6170,#6171);
#6169 = CARTESIAN_POINT('',(-0.415,0.72,7.E-02));
#6170 = DIRECTION('',(0.,0.,1.));
#6171 = DIRECTION('',(1.,0.,-0.));
#6172 = ADVANCED_FACE('',(#6173),#6184,.F.);
#6173 = FACE_BOUND('',#6174,.F.);
#6174 = EDGE_LOOP('',(#6175,#6176,#6182,#6183));
#6175 = ORIENTED_EDGE('',*,*,#4508,.F.);
#6176 = ORIENTED_EDGE('',*,*,#6177,.F.);
#6177 = EDGE_CURVE('',#4563,#4501,#6178,.T.);
#6178 = LINE('',#6179,#6180);
#6179 = CARTESIAN_POINT('',(-6.5E-02,0.74,7.E-02));
#6180 = VECTOR('',#6181,1.);
#6181 = DIRECTION('',(-1.,-0.,0.));
#6182 = ORIENTED_EDGE('',*,*,#4562,.T.);
#6183 = ORIENTED_EDGE('',*,*,#3430,.F.);
#6184 = PLANE('',#6185);
#6185 = AXIS2_PLACEMENT_3D('',#6186,#6187,#6188);
#6186 = CARTESIAN_POINT('',(-6.5E-02,0.72,7.E-02));
#6187 = DIRECTION('',(0.,0.,1.));
#6188 = DIRECTION('',(1.,0.,-0.));
#6189 = ADVANCED_FACE('',(#6190),#6201,.F.);
#6190 = FACE_BOUND('',#6191,.F.);
#6191 = EDGE_LOOP('',(#6192,#6193,#6199,#6200));
#6192 = ORIENTED_EDGE('',*,*,#4720,.F.);
#6193 = ORIENTED_EDGE('',*,*,#6194,.F.);
#6194 = EDGE_CURVE('',#4775,#4713,#6195,.T.);
#6195 = LINE('',#6196,#6197);
#6196 = CARTESIAN_POINT('',(0.285,0.74,7.E-02));
#6197 = VECTOR('',#6198,1.);
#6198 = DIRECTION('',(-1.,-0.,0.));
#6199 = ORIENTED_EDGE('',*,*,#4774,.T.);
#6200 = ORIENTED_EDGE('',*,*,#3398,.F.);
#6201 = PLANE('',#6202);
#6202 = AXIS2_PLACEMENT_3D('',#6203,#6204,#6205);
#6203 = CARTESIAN_POINT('',(0.285,0.72,7.E-02));
#6204 = DIRECTION('',(0.,0.,1.));
#6205 = DIRECTION('',(1.,0.,-0.));
#6206 = ADVANCED_FACE('',(#6207),#6218,.F.);
#6207 = FACE_BOUND('',#6208,.F.);
#6208 = EDGE_LOOP('',(#6209,#6210,#6216,#6217));
#6209 = ORIENTED_EDGE('',*,*,#4932,.F.);
#6210 = ORIENTED_EDGE('',*,*,#6211,.F.);
#6211 = EDGE_CURVE('',#4987,#4925,#6212,.T.);
#6212 = LINE('',#6213,#6214);
#6213 = CARTESIAN_POINT('',(0.635,0.74,7.E-02));
#6214 = VECTOR('',#6215,1.);
#6215 = DIRECTION('',(-1.,-0.,0.));
#6216 = ORIENTED_EDGE('',*,*,#4986,.T.);
#6217 = ORIENTED_EDGE('',*,*,#3366,.F.);
#6218 = PLANE('',#6219);
#6219 = AXIS2_PLACEMENT_3D('',#6220,#6221,#6222);
#6220 = CARTESIAN_POINT('',(0.635,0.72,7.E-02));
#6221 = DIRECTION('',(0.,0.,1.));
#6222 = DIRECTION('',(1.,0.,-0.));
#6223 = ADVANCED_FACE('',(#6224),#6235,.F.);
#6224 = FACE_BOUND('',#6225,.F.);
#6225 = EDGE_LOOP('',(#6226,#6227,#6233,#6234));
#6226 = ORIENTED_EDGE('',*,*,#5144,.F.);
#6227 = ORIENTED_EDGE('',*,*,#6228,.F.);
#6228 = EDGE_CURVE('',#5199,#5137,#6229,.T.);
#6229 = LINE('',#6230,#6231);
#6230 = CARTESIAN_POINT('',(0.985,0.74,7.E-02));
#6231 = VECTOR('',#6232,1.);
#6232 = DIRECTION('',(-1.,-0.,0.));
#6233 = ORIENTED_EDGE('',*,*,#5198,.T.);
#6234 = ORIENTED_EDGE('',*,*,#3334,.F.);
#6235 = PLANE('',#6236);
#6236 = AXIS2_PLACEMENT_3D('',#6237,#6238,#6239);
#6237 = CARTESIAN_POINT('',(0.985,0.72,7.E-02));
#6238 = DIRECTION('',(0.,0.,1.));
#6239 = DIRECTION('',(1.,0.,-0.));
#6240 = ADVANCED_FACE('',(#6241),#6252,.F.);
#6241 = FACE_BOUND('',#6242,.F.);
#6242 = EDGE_LOOP('',(#6243,#6244,#6250,#6251));
#6243 = ORIENTED_EDGE('',*,*,#5356,.F.);
#6244 = ORIENTED_EDGE('',*,*,#6245,.F.);
#6245 = EDGE_CURVE('',#5411,#5349,#6246,.T.);
#6246 = LINE('',#6247,#6248);
#6247 = CARTESIAN_POINT('',(1.335,0.74,7.E-02));
#6248 = VECTOR('',#6249,1.);
#6249 = DIRECTION('',(-1.,-0.,0.));
#6250 = ORIENTED_EDGE('',*,*,#5410,.T.);
#6251 = ORIENTED_EDGE('',*,*,#3302,.F.);
#6252 = PLANE('',#6253);
#6253 = AXIS2_PLACEMENT_3D('',#6254,#6255,#6256);
#6254 = CARTESIAN_POINT('',(1.335,0.72,7.E-02));
#6255 = DIRECTION('',(0.,0.,1.));
#6256 = DIRECTION('',(1.,0.,-0.));
#6257 = ADVANCED_FACE('',(#6258),#6269,.F.);
#6258 = FACE_BOUND('',#6259,.F.);
#6259 = EDGE_LOOP('',(#6260,#6261,#6262,#6268));
#6260 = ORIENTED_EDGE('',*,*,#6109,.T.);
#6261 = ORIENTED_EDGE('',*,*,#3652,.T.);
#6262 = ORIENTED_EDGE('',*,*,#6263,.T.);
#6263 = EDGE_CURVE('',#3645,#3723,#6264,.T.);
#6264 = LINE('',#6265,#6266);
#6265 = CARTESIAN_POINT('',(-1.465,0.74,0.1));
#6266 = VECTOR('',#6267,1.);
#6267 = DIRECTION('',(1.,0.,-0.));
#6268 = ORIENTED_EDGE('',*,*,#3722,.F.);
#6269 = PLANE('',#6270);
#6270 = AXIS2_PLACEMENT_3D('',#6271,#6272,#6273);
#6271 = CARTESIAN_POINT('',(-1.465,0.74,3.E-02));
#6272 = DIRECTION('',(-0.,1.,0.));
#6273 = DIRECTION('',(0.,0.,1.));
#6274 = ADVANCED_FACE('',(#6275),#6286,.F.);
#6275 = FACE_BOUND('',#6276,.F.);
#6276 = EDGE_LOOP('',(#6277,#6278,#6284,#6285));
#6277 = ORIENTED_EDGE('',*,*,#3644,.F.);
#6278 = ORIENTED_EDGE('',*,*,#6279,.F.);
#6279 = EDGE_CURVE('',#3731,#3637,#6280,.T.);
#6280 = LINE('',#6281,#6282);
#6281 = CARTESIAN_POINT('',(-1.465,0.575,0.1));
#6282 = VECTOR('',#6283,1.);
#6283 = DIRECTION('',(-1.,-0.,0.));
#6284 = ORIENTED_EDGE('',*,*,#3730,.T.);
#6285 = ORIENTED_EDGE('',*,*,#6263,.F.);
#6286 = PLANE('',#6287);
#6287 = AXIS2_PLACEMENT_3D('',#6288,#6289,#6290);
#6288 = CARTESIAN_POINT('',(-1.465,0.505,0.1));
#6289 = DIRECTION('',(0.,0.,1.));
#6290 = DIRECTION('',(1.,0.,-0.));
#6291 = ADVANCED_FACE('',(#6292),#6303,.F.);
#6292 = FACE_BOUND('',#6293,.F.);
#6293 = EDGE_LOOP('',(#6294,#6295,#6296,#6302));
#6294 = ORIENTED_EDGE('',*,*,#6279,.T.);
#6295 = ORIENTED_EDGE('',*,*,#3636,.T.);
#6296 = ORIENTED_EDGE('',*,*,#6297,.T.);
#6297 = EDGE_CURVE('',#3629,#3739,#6298,.T.);
#6298 = LINE('',#6299,#6300);
#6299 = CARTESIAN_POINT('',(-1.465,0.575,0.45));
#6300 = VECTOR('',#6301,1.);
#6301 = DIRECTION('',(1.,0.,-0.));
#6302 = ORIENTED_EDGE('',*,*,#3738,.F.);
#6303 = PLANE('',#6304);
#6304 = AXIS2_PLACEMENT_3D('',#6305,#6306,#6307);
#6305 = CARTESIAN_POINT('',(-1.465,0.575,3.E-02));
#6306 = DIRECTION('',(-0.,1.,0.));
#6307 = DIRECTION('',(0.,0.,1.));
#6308 = ADVANCED_FACE('',(#6309),#6320,.F.);
#6309 = FACE_BOUND('',#6310,.F.);
#6310 = EDGE_LOOP('',(#6311,#6312,#6318,#6319));
#6311 = ORIENTED_EDGE('',*,*,#3628,.F.);
#6312 = ORIENTED_EDGE('',*,*,#6313,.T.);
#6313 = EDGE_CURVE('',#3621,#3747,#6314,.T.);
#6314 = LINE('',#6315,#6316);
#6315 = CARTESIAN_POINT('',(-1.95,0.53,0.45));
#6316 = VECTOR('',#6317,1.);
#6317 = DIRECTION('',(1.,0.,-0.));
#6318 = ORIENTED_EDGE('',*,*,#3746,.T.);
#6319 = ORIENTED_EDGE('',*,*,#6297,.F.);
#6320 = PLANE('',#6321);
#6321 = AXIS2_PLACEMENT_3D('',#6322,#6323,#6324);
#6322 = CARTESIAN_POINT('',(-1.465,0.505,0.45));
#6323 = DIRECTION('',(0.,0.,1.));
#6324 = DIRECTION('',(1.,0.,-0.));
#6325 = ADVANCED_FACE('',(#6326),#6472,.F.);
#6326 = FACE_BOUND('',#6327,.F.);
#6327 = EDGE_LOOP('',(#6328,#6336,#6342,#6343,#6351,#6357,#6358,#6364,
    #6365,#6371,#6372,#6378,#6379,#6385,#6386,#6392,#6393,#6399,#6400,
    #6406,#6407,#6413,#6414,#6420,#6421,#6427,#6428,#6434,#6435,#6441,
    #6442,#6448,#6449,#6455,#6456,#6462,#6463,#6469,#6470,#6471));
#6328 = ORIENTED_EDGE('',*,*,#6329,.F.);
#6329 = EDGE_CURVE('',#6330,#3613,#6332,.T.);
#6330 = VERTEX_POINT('',#6331);
#6331 = CARTESIAN_POINT('',(-1.82,0.53,7.E-02));
#6332 = LINE('',#6333,#6334);
#6333 = CARTESIAN_POINT('',(-2.435,0.53,7.E-02));
#6334 = VECTOR('',#6335,1.);
#6335 = DIRECTION('',(1.,0.,-0.));
#6336 = ORIENTED_EDGE('',*,*,#6337,.F.);
#6337 = EDGE_CURVE('',#6055,#6330,#6338,.T.);
#6338 = LINE('',#6339,#6340);
#6339 = CARTESIAN_POINT('',(-1.82,0.53,7.E-02));
#6340 = VECTOR('',#6341,1.);
#6341 = DIRECTION('',(-0.,0.,-1.));
#6342 = ORIENTED_EDGE('',*,*,#6062,.T.);
#6343 = ORIENTED_EDGE('',*,*,#6344,.T.);
#6344 = EDGE_CURVE('',#6063,#6345,#6347,.T.);
#6345 = VERTEX_POINT('',#6346);
#6346 = CARTESIAN_POINT('',(1.82,0.53,7.E-02));
#6347 = LINE('',#6348,#6349);
#6348 = CARTESIAN_POINT('',(1.82,0.53,7.E-02));
#6349 = VECTOR('',#6350,1.);
#6350 = DIRECTION('',(-0.,0.,-1.));
#6351 = ORIENTED_EDGE('',*,*,#6352,.F.);
#6352 = EDGE_CURVE('',#5451,#6345,#6353,.T.);
#6353 = LINE('',#6354,#6355);
#6354 = CARTESIAN_POINT('',(-2.435,0.53,7.E-02));
#6355 = VECTOR('',#6356,1.);
#6356 = DIRECTION('',(1.,0.,-0.));
#6357 = ORIENTED_EDGE('',*,*,#5450,.F.);
#6358 = ORIENTED_EDGE('',*,*,#6359,.F.);
#6359 = EDGE_CURVE('',#5317,#5443,#6360,.T.);
#6360 = LINE('',#6361,#6362);
#6361 = CARTESIAN_POINT('',(-0.55,0.53,0.45));
#6362 = VECTOR('',#6363,1.);
#6363 = DIRECTION('',(1.,0.,-0.));
#6364 = ORIENTED_EDGE('',*,*,#5316,.F.);
#6365 = ORIENTED_EDGE('',*,*,#6366,.F.);
#6366 = EDGE_CURVE('',#5239,#5309,#6367,.T.);
#6367 = LINE('',#6368,#6369);
#6368 = CARTESIAN_POINT('',(-2.435,0.53,7.E-02));
#6369 = VECTOR('',#6370,1.);
#6370 = DIRECTION('',(1.,0.,-0.));
#6371 = ORIENTED_EDGE('',*,*,#5238,.F.);
#6372 = ORIENTED_EDGE('',*,*,#6373,.F.);
#6373 = EDGE_CURVE('',#5105,#5231,#6374,.T.);
#6374 = LINE('',#6375,#6376);
#6375 = CARTESIAN_POINT('',(-0.725,0.53,0.45));
#6376 = VECTOR('',#6377,1.);
#6377 = DIRECTION('',(1.,0.,-0.));
#6378 = ORIENTED_EDGE('',*,*,#5104,.F.);
#6379 = ORIENTED_EDGE('',*,*,#6380,.F.);
#6380 = EDGE_CURVE('',#5027,#5097,#6381,.T.);
#6381 = LINE('',#6382,#6383);
#6382 = CARTESIAN_POINT('',(-2.435,0.53,7.E-02));
#6383 = VECTOR('',#6384,1.);
#6384 = DIRECTION('',(1.,0.,-0.));
#6385 = ORIENTED_EDGE('',*,*,#5026,.F.);
#6386 = ORIENTED_EDGE('',*,*,#6387,.F.);
#6387 = EDGE_CURVE('',#4893,#5019,#6388,.T.);
#6388 = LINE('',#6389,#6390);
#6389 = CARTESIAN_POINT('',(-0.9,0.53,0.45));
#6390 = VECTOR('',#6391,1.);
#6391 = DIRECTION('',(1.,0.,-0.));
#6392 = ORIENTED_EDGE('',*,*,#4892,.F.);
#6393 = ORIENTED_EDGE('',*,*,#6394,.F.);
#6394 = EDGE_CURVE('',#4815,#4885,#6395,.T.);
#6395 = LINE('',#6396,#6397);
#6396 = CARTESIAN_POINT('',(-2.435,0.53,7.E-02));
#6397 = VECTOR('',#6398,1.);
#6398 = DIRECTION('',(1.,0.,-0.));
#6399 = ORIENTED_EDGE('',*,*,#4814,.F.);
#6400 = ORIENTED_EDGE('',*,*,#6401,.F.);
#6401 = EDGE_CURVE('',#4681,#4807,#6402,.T.);
#6402 = LINE('',#6403,#6404);
#6403 = CARTESIAN_POINT('',(-1.075,0.53,0.45));
#6404 = VECTOR('',#6405,1.);
#6405 = DIRECTION('',(1.,0.,-0.));
#6406 = ORIENTED_EDGE('',*,*,#4680,.F.);
#6407 = ORIENTED_EDGE('',*,*,#6408,.F.);
#6408 = EDGE_CURVE('',#4603,#4673,#6409,.T.);
#6409 = LINE('',#6410,#6411);
#6410 = CARTESIAN_POINT('',(-2.435,0.53,7.E-02));
#6411 = VECTOR('',#6412,1.);
#6412 = DIRECTION('',(1.,0.,-0.));
#6413 = ORIENTED_EDGE('',*,*,#4602,.F.);
#6414 = ORIENTED_EDGE('',*,*,#6415,.F.);
#6415 = EDGE_CURVE('',#4469,#4595,#6416,.T.);
#6416 = LINE('',#6417,#6418);
#6417 = CARTESIAN_POINT('',(-1.25,0.53,0.45));
#6418 = VECTOR('',#6419,1.);
#6419 = DIRECTION('',(1.,0.,-0.));
#6420 = ORIENTED_EDGE('',*,*,#4468,.F.);
#6421 = ORIENTED_EDGE('',*,*,#6422,.F.);
#6422 = EDGE_CURVE('',#4391,#4461,#6423,.T.);
#6423 = LINE('',#6424,#6425);
#6424 = CARTESIAN_POINT('',(-2.435,0.53,7.E-02));
#6425 = VECTOR('',#6426,1.);
#6426 = DIRECTION('',(1.,0.,-0.));
#6427 = ORIENTED_EDGE('',*,*,#4390,.F.);
#6428 = ORIENTED_EDGE('',*,*,#6429,.F.);
#6429 = EDGE_CURVE('',#4257,#4383,#6430,.T.);
#6430 = LINE('',#6431,#6432);
#6431 = CARTESIAN_POINT('',(-1.425,0.53,0.45));
#6432 = VECTOR('',#6433,1.);
#6433 = DIRECTION('',(1.,0.,-0.));
#6434 = ORIENTED_EDGE('',*,*,#4256,.F.);
#6435 = ORIENTED_EDGE('',*,*,#6436,.F.);
#6436 = EDGE_CURVE('',#4179,#4249,#6437,.T.);
#6437 = LINE('',#6438,#6439);
#6438 = CARTESIAN_POINT('',(-2.435,0.53,7.E-02));
#6439 = VECTOR('',#6440,1.);
#6440 = DIRECTION('',(1.,0.,-0.));
#6441 = ORIENTED_EDGE('',*,*,#4178,.F.);
#6442 = ORIENTED_EDGE('',*,*,#6443,.F.);
#6443 = EDGE_CURVE('',#4045,#4171,#6444,.T.);
#6444 = LINE('',#6445,#6446);
#6445 = CARTESIAN_POINT('',(-1.6,0.53,0.45));
#6446 = VECTOR('',#6447,1.);
#6447 = DIRECTION('',(1.,0.,-0.));
#6448 = ORIENTED_EDGE('',*,*,#4044,.F.);
#6449 = ORIENTED_EDGE('',*,*,#6450,.F.);
#6450 = EDGE_CURVE('',#3967,#4037,#6451,.T.);
#6451 = LINE('',#6452,#6453);
#6452 = CARTESIAN_POINT('',(-2.435,0.53,7.E-02));
#6453 = VECTOR('',#6454,1.);
#6454 = DIRECTION('',(1.,0.,-0.));
#6455 = ORIENTED_EDGE('',*,*,#3966,.F.);
#6456 = ORIENTED_EDGE('',*,*,#6457,.F.);
#6457 = EDGE_CURVE('',#3833,#3959,#6458,.T.);
#6458 = LINE('',#6459,#6460);
#6459 = CARTESIAN_POINT('',(-1.775,0.53,0.45));
#6460 = VECTOR('',#6461,1.);
#6461 = DIRECTION('',(1.,0.,-0.));
#6462 = ORIENTED_EDGE('',*,*,#3832,.F.);
#6463 = ORIENTED_EDGE('',*,*,#6464,.F.);
#6464 = EDGE_CURVE('',#3755,#3825,#6465,.T.);
#6465 = LINE('',#6466,#6467);
#6466 = CARTESIAN_POINT('',(-2.435,0.53,7.E-02));
#6467 = VECTOR('',#6468,1.);
#6468 = DIRECTION('',(1.,0.,-0.));
#6469 = ORIENTED_EDGE('',*,*,#3754,.F.);
#6470 = ORIENTED_EDGE('',*,*,#6313,.F.);
#6471 = ORIENTED_EDGE('',*,*,#3620,.F.);
#6472 = PLANE('',#6473);
#6473 = AXIS2_PLACEMENT_3D('',#6474,#6475,#6476);
#6474 = CARTESIAN_POINT('',(-2.435,0.53,7.E-02));
#6475 = DIRECTION('',(-0.,1.,0.));
#6476 = DIRECTION('',(0.,0.,1.));
#6477 = ADVANCED_FACE('',(#6478),#6494,.F.);
#6478 = FACE_BOUND('',#6479,.F.);
#6479 = EDGE_LOOP('',(#6480,#6481,#6487,#6488));
#6480 = ORIENTED_EDGE('',*,*,#3604,.F.);
#6481 = ORIENTED_EDGE('',*,*,#6482,.T.);
#6482 = EDGE_CURVE('',#3597,#3771,#6483,.T.);
#6483 = LINE('',#6484,#6485);
#6484 = CARTESIAN_POINT('',(-1.465,0.505,3.E-02));
#6485 = VECTOR('',#6486,1.);
#6486 = DIRECTION('',(1.,0.,-0.));
#6487 = ORIENTED_EDGE('',*,*,#3770,.T.);
#6488 = ORIENTED_EDGE('',*,*,#6489,.F.);
#6489 = EDGE_CURVE('',#3605,#3763,#6490,.T.);
#6490 = LINE('',#6491,#6492);
#6491 = CARTESIAN_POINT('',(-1.9175,0.505,7.E-02));
#6492 = VECTOR('',#6493,1.);
#6493 = DIRECTION('',(1.,0.,0.));
#6494 = PLANE('',#6495);
#6495 = AXIS2_PLACEMENT_3D('',#6496,#6497,#6498);
#6496 = CARTESIAN_POINT('',(-1.4,0.505,0.24));
#6497 = DIRECTION('',(-0.,-1.,-0.));
#6498 = DIRECTION('',(0.,0.,-1.));
#6499 = ADVANCED_FACE('',(#6500),#6506,.T.);
#6500 = FACE_BOUND('',#6501,.F.);
#6501 = EDGE_LOOP('',(#6502,#6503,#6504,#6505));
#6502 = ORIENTED_EDGE('',*,*,#3596,.T.);
#6503 = ORIENTED_EDGE('',*,*,#3692,.T.);
#6504 = ORIENTED_EDGE('',*,*,#3778,.F.);
#6505 = ORIENTED_EDGE('',*,*,#6482,.F.);
#6506 = PLANE('',#6507);
#6507 = AXIS2_PLACEMENT_3D('',#6508,#6509,#6510);
#6508 = CARTESIAN_POINT('',(-1.465,0.505,3.E-02));
#6509 = DIRECTION('',(0.,0.,1.));
#6510 = DIRECTION('',(1.,0.,-0.));
#6511 = ADVANCED_FACE('',(#6512),#6523,.F.);
#6512 = FACE_BOUND('',#6513,.F.);
#6513 = EDGE_LOOP('',(#6514,#6515,#6516,#6522));
#6514 = ORIENTED_EDGE('',*,*,#6126,.T.);
#6515 = ORIENTED_EDGE('',*,*,#3864,.T.);
#6516 = ORIENTED_EDGE('',*,*,#6517,.T.);
#6517 = EDGE_CURVE('',#3857,#3935,#6518,.T.);
#6518 = LINE('',#6519,#6520);
#6519 = CARTESIAN_POINT('',(-1.115,0.74,0.1));
#6520 = VECTOR('',#6521,1.);
#6521 = DIRECTION('',(1.,0.,-0.));
#6522 = ORIENTED_EDGE('',*,*,#3934,.F.);
#6523 = PLANE('',#6524);
#6524 = AXIS2_PLACEMENT_3D('',#6525,#6526,#6527);
#6525 = CARTESIAN_POINT('',(-1.115,0.74,3.E-02));
#6526 = DIRECTION('',(-0.,1.,0.));
#6527 = DIRECTION('',(0.,0.,1.));
#6528 = ADVANCED_FACE('',(#6529),#6540,.F.);
#6529 = FACE_BOUND('',#6530,.F.);
#6530 = EDGE_LOOP('',(#6531,#6532,#6538,#6539));
#6531 = ORIENTED_EDGE('',*,*,#3856,.F.);
#6532 = ORIENTED_EDGE('',*,*,#6533,.F.);
#6533 = EDGE_CURVE('',#3943,#3849,#6534,.T.);
#6534 = LINE('',#6535,#6536);
#6535 = CARTESIAN_POINT('',(-1.115,0.575,0.1));
#6536 = VECTOR('',#6537,1.);
#6537 = DIRECTION('',(-1.,-0.,0.));
#6538 = ORIENTED_EDGE('',*,*,#3942,.T.);
#6539 = ORIENTED_EDGE('',*,*,#6517,.F.);
#6540 = PLANE('',#6541);
#6541 = AXIS2_PLACEMENT_3D('',#6542,#6543,#6544);
#6542 = CARTESIAN_POINT('',(-1.115,0.505,0.1));
#6543 = DIRECTION('',(0.,0.,1.));
#6544 = DIRECTION('',(1.,0.,-0.));
#6545 = ADVANCED_FACE('',(#6546),#6557,.F.);
#6546 = FACE_BOUND('',#6547,.F.);
#6547 = EDGE_LOOP('',(#6548,#6549,#6550,#6556));
#6548 = ORIENTED_EDGE('',*,*,#6533,.T.);
#6549 = ORIENTED_EDGE('',*,*,#3848,.T.);
#6550 = ORIENTED_EDGE('',*,*,#6551,.T.);
#6551 = EDGE_CURVE('',#3841,#3951,#6552,.T.);
#6552 = LINE('',#6553,#6554);
#6553 = CARTESIAN_POINT('',(-1.115,0.575,0.45));
#6554 = VECTOR('',#6555,1.);
#6555 = DIRECTION('',(1.,0.,-0.));
#6556 = ORIENTED_EDGE('',*,*,#3950,.F.);
#6557 = PLANE('',#6558);
#6558 = AXIS2_PLACEMENT_3D('',#6559,#6560,#6561);
#6559 = CARTESIAN_POINT('',(-1.115,0.575,3.E-02));
#6560 = DIRECTION('',(-0.,1.,0.));
#6561 = DIRECTION('',(0.,0.,1.));
#6562 = ADVANCED_FACE('',(#6563),#6569,.F.);
#6563 = FACE_BOUND('',#6564,.F.);
#6564 = EDGE_LOOP('',(#6565,#6566,#6567,#6568));
#6565 = ORIENTED_EDGE('',*,*,#3840,.F.);
#6566 = ORIENTED_EDGE('',*,*,#6457,.T.);
#6567 = ORIENTED_EDGE('',*,*,#3958,.T.);
#6568 = ORIENTED_EDGE('',*,*,#6551,.F.);
#6569 = PLANE('',#6570);
#6570 = AXIS2_PLACEMENT_3D('',#6571,#6572,#6573);
#6571 = CARTESIAN_POINT('',(-1.115,0.505,0.45));
#6572 = DIRECTION('',(0.,0.,1.));
#6573 = DIRECTION('',(1.,0.,-0.));
#6574 = ADVANCED_FACE('',(#6575),#6591,.F.);
#6575 = FACE_BOUND('',#6576,.F.);
#6576 = EDGE_LOOP('',(#6577,#6578,#6584,#6585));
#6577 = ORIENTED_EDGE('',*,*,#3816,.F.);
#6578 = ORIENTED_EDGE('',*,*,#6579,.T.);
#6579 = EDGE_CURVE('',#3809,#3983,#6580,.T.);
#6580 = LINE('',#6581,#6582);
#6581 = CARTESIAN_POINT('',(-1.115,0.505,3.E-02));
#6582 = VECTOR('',#6583,1.);
#6583 = DIRECTION('',(1.,0.,-0.));
#6584 = ORIENTED_EDGE('',*,*,#3982,.T.);
#6585 = ORIENTED_EDGE('',*,*,#6586,.F.);
#6586 = EDGE_CURVE('',#3817,#3975,#6587,.T.);
#6587 = LINE('',#6588,#6589);
#6588 = CARTESIAN_POINT('',(-1.7425,0.505,7.E-02));
#6589 = VECTOR('',#6590,1.);
#6590 = DIRECTION('',(1.,0.,0.));
#6591 = PLANE('',#6592);
#6592 = AXIS2_PLACEMENT_3D('',#6593,#6594,#6595);
#6593 = CARTESIAN_POINT('',(-1.05,0.505,0.24));
#6594 = DIRECTION('',(-0.,-1.,-0.));
#6595 = DIRECTION('',(0.,0.,-1.));
#6596 = ADVANCED_FACE('',(#6597),#6603,.T.);
#6597 = FACE_BOUND('',#6598,.F.);
#6598 = EDGE_LOOP('',(#6599,#6600,#6601,#6602));
#6599 = ORIENTED_EDGE('',*,*,#3808,.T.);
#6600 = ORIENTED_EDGE('',*,*,#3904,.T.);
#6601 = ORIENTED_EDGE('',*,*,#3990,.F.);
#6602 = ORIENTED_EDGE('',*,*,#6579,.F.);
#6603 = PLANE('',#6604);
#6604 = AXIS2_PLACEMENT_3D('',#6605,#6606,#6607);
#6605 = CARTESIAN_POINT('',(-1.115,0.505,3.E-02));
#6606 = DIRECTION('',(0.,0.,1.));
#6607 = DIRECTION('',(1.,0.,-0.));
#6608 = ADVANCED_FACE('',(#6609),#6620,.F.);
#6609 = FACE_BOUND('',#6610,.F.);
#6610 = EDGE_LOOP('',(#6611,#6612,#6613,#6619));
#6611 = ORIENTED_EDGE('',*,*,#6143,.T.);
#6612 = ORIENTED_EDGE('',*,*,#4076,.T.);
#6613 = ORIENTED_EDGE('',*,*,#6614,.T.);
#6614 = EDGE_CURVE('',#4069,#4147,#6615,.T.);
#6615 = LINE('',#6616,#6617);
#6616 = CARTESIAN_POINT('',(-0.765,0.74,0.1));
#6617 = VECTOR('',#6618,1.);
#6618 = DIRECTION('',(1.,0.,-0.));
#6619 = ORIENTED_EDGE('',*,*,#4146,.F.);
#6620 = PLANE('',#6621);
#6621 = AXIS2_PLACEMENT_3D('',#6622,#6623,#6624);
#6622 = CARTESIAN_POINT('',(-0.765,0.74,3.E-02));
#6623 = DIRECTION('',(-0.,1.,0.));
#6624 = DIRECTION('',(0.,0.,1.));
#6625 = ADVANCED_FACE('',(#6626),#6637,.F.);
#6626 = FACE_BOUND('',#6627,.F.);
#6627 = EDGE_LOOP('',(#6628,#6629,#6635,#6636));
#6628 = ORIENTED_EDGE('',*,*,#4068,.F.);
#6629 = ORIENTED_EDGE('',*,*,#6630,.F.);
#6630 = EDGE_CURVE('',#4155,#4061,#6631,.T.);
#6631 = LINE('',#6632,#6633);
#6632 = CARTESIAN_POINT('',(-0.765,0.575,0.1));
#6633 = VECTOR('',#6634,1.);
#6634 = DIRECTION('',(-1.,-0.,0.));
#6635 = ORIENTED_EDGE('',*,*,#4154,.T.);
#6636 = ORIENTED_EDGE('',*,*,#6614,.F.);
#6637 = PLANE('',#6638);
#6638 = AXIS2_PLACEMENT_3D('',#6639,#6640,#6641);
#6639 = CARTESIAN_POINT('',(-0.765,0.505,0.1));
#6640 = DIRECTION('',(0.,0.,1.));
#6641 = DIRECTION('',(1.,0.,-0.));
#6642 = ADVANCED_FACE('',(#6643),#6654,.F.);
#6643 = FACE_BOUND('',#6644,.F.);
#6644 = EDGE_LOOP('',(#6645,#6646,#6647,#6653));
#6645 = ORIENTED_EDGE('',*,*,#6630,.T.);
#6646 = ORIENTED_EDGE('',*,*,#4060,.T.);
#6647 = ORIENTED_EDGE('',*,*,#6648,.T.);
#6648 = EDGE_CURVE('',#4053,#4163,#6649,.T.);
#6649 = LINE('',#6650,#6651);
#6650 = CARTESIAN_POINT('',(-0.765,0.575,0.45));
#6651 = VECTOR('',#6652,1.);
#6652 = DIRECTION('',(1.,0.,-0.));
#6653 = ORIENTED_EDGE('',*,*,#4162,.F.);
#6654 = PLANE('',#6655);
#6655 = AXIS2_PLACEMENT_3D('',#6656,#6657,#6658);
#6656 = CARTESIAN_POINT('',(-0.765,0.575,3.E-02));
#6657 = DIRECTION('',(-0.,1.,0.));
#6658 = DIRECTION('',(0.,0.,1.));
#6659 = ADVANCED_FACE('',(#6660),#6666,.F.);
#6660 = FACE_BOUND('',#6661,.F.);
#6661 = EDGE_LOOP('',(#6662,#6663,#6664,#6665));
#6662 = ORIENTED_EDGE('',*,*,#4052,.F.);
#6663 = ORIENTED_EDGE('',*,*,#6443,.T.);
#6664 = ORIENTED_EDGE('',*,*,#4170,.T.);
#6665 = ORIENTED_EDGE('',*,*,#6648,.F.);
#6666 = PLANE('',#6667);
#6667 = AXIS2_PLACEMENT_3D('',#6668,#6669,#6670);
#6668 = CARTESIAN_POINT('',(-0.765,0.505,0.45));
#6669 = DIRECTION('',(0.,0.,1.));
#6670 = DIRECTION('',(1.,0.,-0.));
#6671 = ADVANCED_FACE('',(#6672),#6688,.F.);
#6672 = FACE_BOUND('',#6673,.F.);
#6673 = EDGE_LOOP('',(#6674,#6675,#6681,#6682));
#6674 = ORIENTED_EDGE('',*,*,#4028,.F.);
#6675 = ORIENTED_EDGE('',*,*,#6676,.T.);
#6676 = EDGE_CURVE('',#4021,#4195,#6677,.T.);
#6677 = LINE('',#6678,#6679);
#6678 = CARTESIAN_POINT('',(-0.765,0.505,3.E-02));
#6679 = VECTOR('',#6680,1.);
#6680 = DIRECTION('',(1.,0.,-0.));
#6681 = ORIENTED_EDGE('',*,*,#4194,.T.);
#6682 = ORIENTED_EDGE('',*,*,#6683,.F.);
#6683 = EDGE_CURVE('',#4029,#4187,#6684,.T.);
#6684 = LINE('',#6685,#6686);
#6685 = CARTESIAN_POINT('',(-1.5675,0.505,7.E-02));
#6686 = VECTOR('',#6687,1.);
#6687 = DIRECTION('',(1.,0.,0.));
#6688 = PLANE('',#6689);
#6689 = AXIS2_PLACEMENT_3D('',#6690,#6691,#6692);
#6690 = CARTESIAN_POINT('',(-0.7,0.505,0.24));
#6691 = DIRECTION('',(-0.,-1.,-0.));
#6692 = DIRECTION('',(0.,0.,-1.));
#6693 = ADVANCED_FACE('',(#6694),#6700,.T.);
#6694 = FACE_BOUND('',#6695,.F.);
#6695 = EDGE_LOOP('',(#6696,#6697,#6698,#6699));
#6696 = ORIENTED_EDGE('',*,*,#4020,.T.);
#6697 = ORIENTED_EDGE('',*,*,#4116,.T.);
#6698 = ORIENTED_EDGE('',*,*,#4202,.F.);
#6699 = ORIENTED_EDGE('',*,*,#6676,.F.);
#6700 = PLANE('',#6701);
#6701 = AXIS2_PLACEMENT_3D('',#6702,#6703,#6704);
#6702 = CARTESIAN_POINT('',(-0.765,0.505,3.E-02));
#6703 = DIRECTION('',(0.,0.,1.));
#6704 = DIRECTION('',(1.,0.,-0.));
#6705 = ADVANCED_FACE('',(#6706),#6717,.F.);
#6706 = FACE_BOUND('',#6707,.F.);
#6707 = EDGE_LOOP('',(#6708,#6709,#6710,#6716));
#6708 = ORIENTED_EDGE('',*,*,#6160,.T.);
#6709 = ORIENTED_EDGE('',*,*,#4288,.T.);
#6710 = ORIENTED_EDGE('',*,*,#6711,.T.);
#6711 = EDGE_CURVE('',#4281,#4359,#6712,.T.);
#6712 = LINE('',#6713,#6714);
#6713 = CARTESIAN_POINT('',(-0.415,0.74,0.1));
#6714 = VECTOR('',#6715,1.);
#6715 = DIRECTION('',(1.,0.,-0.));
#6716 = ORIENTED_EDGE('',*,*,#4358,.F.);
#6717 = PLANE('',#6718);
#6718 = AXIS2_PLACEMENT_3D('',#6719,#6720,#6721);
#6719 = CARTESIAN_POINT('',(-0.415,0.74,3.E-02));
#6720 = DIRECTION('',(-0.,1.,0.));
#6721 = DIRECTION('',(0.,0.,1.));
#6722 = ADVANCED_FACE('',(#6723),#6734,.F.);
#6723 = FACE_BOUND('',#6724,.F.);
#6724 = EDGE_LOOP('',(#6725,#6726,#6732,#6733));
#6725 = ORIENTED_EDGE('',*,*,#4280,.F.);
#6726 = ORIENTED_EDGE('',*,*,#6727,.F.);
#6727 = EDGE_CURVE('',#4367,#4273,#6728,.T.);
#6728 = LINE('',#6729,#6730);
#6729 = CARTESIAN_POINT('',(-0.415,0.575,0.1));
#6730 = VECTOR('',#6731,1.);
#6731 = DIRECTION('',(-1.,-0.,0.));
#6732 = ORIENTED_EDGE('',*,*,#4366,.T.);
#6733 = ORIENTED_EDGE('',*,*,#6711,.F.);
#6734 = PLANE('',#6735);
#6735 = AXIS2_PLACEMENT_3D('',#6736,#6737,#6738);
#6736 = CARTESIAN_POINT('',(-0.415,0.505,0.1));
#6737 = DIRECTION('',(0.,0.,1.));
#6738 = DIRECTION('',(1.,0.,-0.));
#6739 = ADVANCED_FACE('',(#6740),#6751,.F.);
#6740 = FACE_BOUND('',#6741,.F.);
#6741 = EDGE_LOOP('',(#6742,#6743,#6744,#6750));
#6742 = ORIENTED_EDGE('',*,*,#6727,.T.);
#6743 = ORIENTED_EDGE('',*,*,#4272,.T.);
#6744 = ORIENTED_EDGE('',*,*,#6745,.T.);
#6745 = EDGE_CURVE('',#4265,#4375,#6746,.T.);
#6746 = LINE('',#6747,#6748);
#6747 = CARTESIAN_POINT('',(-0.415,0.575,0.45));
#6748 = VECTOR('',#6749,1.);
#6749 = DIRECTION('',(1.,0.,-0.));
#6750 = ORIENTED_EDGE('',*,*,#4374,.F.);
#6751 = PLANE('',#6752);
#6752 = AXIS2_PLACEMENT_3D('',#6753,#6754,#6755);
#6753 = CARTESIAN_POINT('',(-0.415,0.575,3.E-02));
#6754 = DIRECTION('',(-0.,1.,0.));
#6755 = DIRECTION('',(0.,0.,1.));
#6756 = ADVANCED_FACE('',(#6757),#6763,.F.);
#6757 = FACE_BOUND('',#6758,.F.);
#6758 = EDGE_LOOP('',(#6759,#6760,#6761,#6762));
#6759 = ORIENTED_EDGE('',*,*,#4264,.F.);
#6760 = ORIENTED_EDGE('',*,*,#6429,.T.);
#6761 = ORIENTED_EDGE('',*,*,#4382,.T.);
#6762 = ORIENTED_EDGE('',*,*,#6745,.F.);
#6763 = PLANE('',#6764);
#6764 = AXIS2_PLACEMENT_3D('',#6765,#6766,#6767);
#6765 = CARTESIAN_POINT('',(-0.415,0.505,0.45));
#6766 = DIRECTION('',(0.,0.,1.));
#6767 = DIRECTION('',(1.,0.,-0.));
#6768 = ADVANCED_FACE('',(#6769),#6785,.F.);
#6769 = FACE_BOUND('',#6770,.F.);
#6770 = EDGE_LOOP('',(#6771,#6772,#6778,#6779));
#6771 = ORIENTED_EDGE('',*,*,#4240,.F.);
#6772 = ORIENTED_EDGE('',*,*,#6773,.T.);
#6773 = EDGE_CURVE('',#4233,#4407,#6774,.T.);
#6774 = LINE('',#6775,#6776);
#6775 = CARTESIAN_POINT('',(-0.415,0.505,3.E-02));
#6776 = VECTOR('',#6777,1.);
#6777 = DIRECTION('',(1.,0.,-0.));
#6778 = ORIENTED_EDGE('',*,*,#4406,.T.);
#6779 = ORIENTED_EDGE('',*,*,#6780,.F.);
#6780 = EDGE_CURVE('',#4241,#4399,#6781,.T.);
#6781 = LINE('',#6782,#6783);
#6782 = CARTESIAN_POINT('',(-1.3925,0.505,7.E-02));
#6783 = VECTOR('',#6784,1.);
#6784 = DIRECTION('',(1.,0.,0.));
#6785 = PLANE('',#6786);
#6786 = AXIS2_PLACEMENT_3D('',#6787,#6788,#6789);
#6787 = CARTESIAN_POINT('',(-0.35,0.505,0.24));
#6788 = DIRECTION('',(-0.,-1.,-0.));
#6789 = DIRECTION('',(0.,0.,-1.));
#6790 = ADVANCED_FACE('',(#6791),#6797,.T.);
#6791 = FACE_BOUND('',#6792,.F.);
#6792 = EDGE_LOOP('',(#6793,#6794,#6795,#6796));
#6793 = ORIENTED_EDGE('',*,*,#4232,.T.);
#6794 = ORIENTED_EDGE('',*,*,#4328,.T.);
#6795 = ORIENTED_EDGE('',*,*,#4414,.F.);
#6796 = ORIENTED_EDGE('',*,*,#6773,.F.);
#6797 = PLANE('',#6798);
#6798 = AXIS2_PLACEMENT_3D('',#6799,#6800,#6801);
#6799 = CARTESIAN_POINT('',(-0.415,0.505,3.E-02));
#6800 = DIRECTION('',(0.,0.,1.));
#6801 = DIRECTION('',(1.,0.,-0.));
#6802 = ADVANCED_FACE('',(#6803),#6814,.F.);
#6803 = FACE_BOUND('',#6804,.F.);
#6804 = EDGE_LOOP('',(#6805,#6806,#6807,#6813));
#6805 = ORIENTED_EDGE('',*,*,#6177,.T.);
#6806 = ORIENTED_EDGE('',*,*,#4500,.T.);
#6807 = ORIENTED_EDGE('',*,*,#6808,.T.);
#6808 = EDGE_CURVE('',#4493,#4571,#6809,.T.);
#6809 = LINE('',#6810,#6811);
#6810 = CARTESIAN_POINT('',(-6.5E-02,0.74,0.1));
#6811 = VECTOR('',#6812,1.);
#6812 = DIRECTION('',(1.,0.,-0.));
#6813 = ORIENTED_EDGE('',*,*,#4570,.F.);
#6814 = PLANE('',#6815);
#6815 = AXIS2_PLACEMENT_3D('',#6816,#6817,#6818);
#6816 = CARTESIAN_POINT('',(-6.5E-02,0.74,3.E-02));
#6817 = DIRECTION('',(-0.,1.,0.));
#6818 = DIRECTION('',(0.,0.,1.));
#6819 = ADVANCED_FACE('',(#6820),#6831,.F.);
#6820 = FACE_BOUND('',#6821,.F.);
#6821 = EDGE_LOOP('',(#6822,#6823,#6829,#6830));
#6822 = ORIENTED_EDGE('',*,*,#4492,.F.);
#6823 = ORIENTED_EDGE('',*,*,#6824,.F.);
#6824 = EDGE_CURVE('',#4579,#4485,#6825,.T.);
#6825 = LINE('',#6826,#6827);
#6826 = CARTESIAN_POINT('',(-6.5E-02,0.575,0.1));
#6827 = VECTOR('',#6828,1.);
#6828 = DIRECTION('',(-1.,-0.,0.));
#6829 = ORIENTED_EDGE('',*,*,#4578,.T.);
#6830 = ORIENTED_EDGE('',*,*,#6808,.F.);
#6831 = PLANE('',#6832);
#6832 = AXIS2_PLACEMENT_3D('',#6833,#6834,#6835);
#6833 = CARTESIAN_POINT('',(-6.5E-02,0.505,0.1));
#6834 = DIRECTION('',(0.,0.,1.));
#6835 = DIRECTION('',(1.,0.,-0.));
#6836 = ADVANCED_FACE('',(#6837),#6848,.F.);
#6837 = FACE_BOUND('',#6838,.F.);
#6838 = EDGE_LOOP('',(#6839,#6840,#6841,#6847));
#6839 = ORIENTED_EDGE('',*,*,#6824,.T.);
#6840 = ORIENTED_EDGE('',*,*,#4484,.T.);
#6841 = ORIENTED_EDGE('',*,*,#6842,.T.);
#6842 = EDGE_CURVE('',#4477,#4587,#6843,.T.);
#6843 = LINE('',#6844,#6845);
#6844 = CARTESIAN_POINT('',(-6.5E-02,0.575,0.45));
#6845 = VECTOR('',#6846,1.);
#6846 = DIRECTION('',(1.,0.,-0.));
#6847 = ORIENTED_EDGE('',*,*,#4586,.F.);
#6848 = PLANE('',#6849);
#6849 = AXIS2_PLACEMENT_3D('',#6850,#6851,#6852);
#6850 = CARTESIAN_POINT('',(-6.5E-02,0.575,3.E-02));
#6851 = DIRECTION('',(-0.,1.,0.));
#6852 = DIRECTION('',(0.,0.,1.));
#6853 = ADVANCED_FACE('',(#6854),#6860,.F.);
#6854 = FACE_BOUND('',#6855,.F.);
#6855 = EDGE_LOOP('',(#6856,#6857,#6858,#6859));
#6856 = ORIENTED_EDGE('',*,*,#4476,.F.);
#6857 = ORIENTED_EDGE('',*,*,#6415,.T.);
#6858 = ORIENTED_EDGE('',*,*,#4594,.T.);
#6859 = ORIENTED_EDGE('',*,*,#6842,.F.);
#6860 = PLANE('',#6861);
#6861 = AXIS2_PLACEMENT_3D('',#6862,#6863,#6864);
#6862 = CARTESIAN_POINT('',(-6.5E-02,0.505,0.45));
#6863 = DIRECTION('',(0.,0.,1.));
#6864 = DIRECTION('',(1.,0.,-0.));
#6865 = ADVANCED_FACE('',(#6866),#6882,.F.);
#6866 = FACE_BOUND('',#6867,.F.);
#6867 = EDGE_LOOP('',(#6868,#6869,#6875,#6876));
#6868 = ORIENTED_EDGE('',*,*,#4452,.F.);
#6869 = ORIENTED_EDGE('',*,*,#6870,.T.);
#6870 = EDGE_CURVE('',#4445,#4619,#6871,.T.);
#6871 = LINE('',#6872,#6873);
#6872 = CARTESIAN_POINT('',(-6.5E-02,0.505,3.E-02));
#6873 = VECTOR('',#6874,1.);
#6874 = DIRECTION('',(1.,0.,-0.));
#6875 = ORIENTED_EDGE('',*,*,#4618,.T.);
#6876 = ORIENTED_EDGE('',*,*,#6877,.F.);
#6877 = EDGE_CURVE('',#4453,#4611,#6878,.T.);
#6878 = LINE('',#6879,#6880);
#6879 = CARTESIAN_POINT('',(-1.2175,0.505,7.E-02));
#6880 = VECTOR('',#6881,1.);
#6881 = DIRECTION('',(1.,0.,0.));
#6882 = PLANE('',#6883);
#6883 = AXIS2_PLACEMENT_3D('',#6884,#6885,#6886);
#6884 = CARTESIAN_POINT('',(-1.577021341797E-18,0.505,0.24));
#6885 = DIRECTION('',(-0.,-1.,-0.));
#6886 = DIRECTION('',(0.,0.,-1.));
#6887 = ADVANCED_FACE('',(#6888),#6894,.T.);
#6888 = FACE_BOUND('',#6889,.F.);
#6889 = EDGE_LOOP('',(#6890,#6891,#6892,#6893));
#6890 = ORIENTED_EDGE('',*,*,#4444,.T.);
#6891 = ORIENTED_EDGE('',*,*,#4540,.T.);
#6892 = ORIENTED_EDGE('',*,*,#4626,.F.);
#6893 = ORIENTED_EDGE('',*,*,#6870,.F.);
#6894 = PLANE('',#6895);
#6895 = AXIS2_PLACEMENT_3D('',#6896,#6897,#6898);
#6896 = CARTESIAN_POINT('',(-6.5E-02,0.505,3.E-02));
#6897 = DIRECTION('',(0.,0.,1.));
#6898 = DIRECTION('',(1.,0.,-0.));
#6899 = ADVANCED_FACE('',(#6900),#6911,.F.);
#6900 = FACE_BOUND('',#6901,.F.);
#6901 = EDGE_LOOP('',(#6902,#6903,#6904,#6910));
#6902 = ORIENTED_EDGE('',*,*,#6194,.T.);
#6903 = ORIENTED_EDGE('',*,*,#4712,.T.);
#6904 = ORIENTED_EDGE('',*,*,#6905,.T.);
#6905 = EDGE_CURVE('',#4705,#4783,#6906,.T.);
#6906 = LINE('',#6907,#6908);
#6907 = CARTESIAN_POINT('',(0.285,0.74,0.1));
#6908 = VECTOR('',#6909,1.);
#6909 = DIRECTION('',(1.,0.,-0.));
#6910 = ORIENTED_EDGE('',*,*,#4782,.F.);
#6911 = PLANE('',#6912);
#6912 = AXIS2_PLACEMENT_3D('',#6913,#6914,#6915);
#6913 = CARTESIAN_POINT('',(0.285,0.74,3.E-02));
#6914 = DIRECTION('',(-0.,1.,0.));
#6915 = DIRECTION('',(0.,0.,1.));
#6916 = ADVANCED_FACE('',(#6917),#6928,.F.);
#6917 = FACE_BOUND('',#6918,.F.);
#6918 = EDGE_LOOP('',(#6919,#6920,#6926,#6927));
#6919 = ORIENTED_EDGE('',*,*,#4704,.F.);
#6920 = ORIENTED_EDGE('',*,*,#6921,.F.);
#6921 = EDGE_CURVE('',#4791,#4697,#6922,.T.);
#6922 = LINE('',#6923,#6924);
#6923 = CARTESIAN_POINT('',(0.285,0.575,0.1));
#6924 = VECTOR('',#6925,1.);
#6925 = DIRECTION('',(-1.,-0.,0.));
#6926 = ORIENTED_EDGE('',*,*,#4790,.T.);
#6927 = ORIENTED_EDGE('',*,*,#6905,.F.);
#6928 = PLANE('',#6929);
#6929 = AXIS2_PLACEMENT_3D('',#6930,#6931,#6932);
#6930 = CARTESIAN_POINT('',(0.285,0.505,0.1));
#6931 = DIRECTION('',(0.,0.,1.));
#6932 = DIRECTION('',(1.,0.,-0.));
#6933 = ADVANCED_FACE('',(#6934),#6945,.F.);
#6934 = FACE_BOUND('',#6935,.F.);
#6935 = EDGE_LOOP('',(#6936,#6937,#6938,#6944));
#6936 = ORIENTED_EDGE('',*,*,#6921,.T.);
#6937 = ORIENTED_EDGE('',*,*,#4696,.T.);
#6938 = ORIENTED_EDGE('',*,*,#6939,.T.);
#6939 = EDGE_CURVE('',#4689,#4799,#6940,.T.);
#6940 = LINE('',#6941,#6942);
#6941 = CARTESIAN_POINT('',(0.285,0.575,0.45));
#6942 = VECTOR('',#6943,1.);
#6943 = DIRECTION('',(1.,0.,-0.));
#6944 = ORIENTED_EDGE('',*,*,#4798,.F.);
#6945 = PLANE('',#6946);
#6946 = AXIS2_PLACEMENT_3D('',#6947,#6948,#6949);
#6947 = CARTESIAN_POINT('',(0.285,0.575,3.E-02));
#6948 = DIRECTION('',(-0.,1.,0.));
#6949 = DIRECTION('',(0.,0.,1.));
#6950 = ADVANCED_FACE('',(#6951),#6957,.F.);
#6951 = FACE_BOUND('',#6952,.F.);
#6952 = EDGE_LOOP('',(#6953,#6954,#6955,#6956));
#6953 = ORIENTED_EDGE('',*,*,#4688,.F.);
#6954 = ORIENTED_EDGE('',*,*,#6401,.T.);
#6955 = ORIENTED_EDGE('',*,*,#4806,.T.);
#6956 = ORIENTED_EDGE('',*,*,#6939,.F.);
#6957 = PLANE('',#6958);
#6958 = AXIS2_PLACEMENT_3D('',#6959,#6960,#6961);
#6959 = CARTESIAN_POINT('',(0.285,0.505,0.45));
#6960 = DIRECTION('',(0.,0.,1.));
#6961 = DIRECTION('',(1.,0.,-0.));
#6962 = ADVANCED_FACE('',(#6963),#6979,.F.);
#6963 = FACE_BOUND('',#6964,.F.);
#6964 = EDGE_LOOP('',(#6965,#6966,#6972,#6973));
#6965 = ORIENTED_EDGE('',*,*,#4664,.F.);
#6966 = ORIENTED_EDGE('',*,*,#6967,.T.);
#6967 = EDGE_CURVE('',#4657,#4831,#6968,.T.);
#6968 = LINE('',#6969,#6970);
#6969 = CARTESIAN_POINT('',(0.285,0.505,3.E-02));
#6970 = VECTOR('',#6971,1.);
#6971 = DIRECTION('',(1.,0.,-0.));
#6972 = ORIENTED_EDGE('',*,*,#4830,.T.);
#6973 = ORIENTED_EDGE('',*,*,#6974,.F.);
#6974 = EDGE_CURVE('',#4665,#4823,#6975,.T.);
#6975 = LINE('',#6976,#6977);
#6976 = CARTESIAN_POINT('',(-1.0425,0.505,7.E-02));
#6977 = VECTOR('',#6978,1.);
#6978 = DIRECTION('',(1.,0.,0.));
#6979 = PLANE('',#6980);
#6980 = AXIS2_PLACEMENT_3D('',#6981,#6982,#6983);
#6981 = CARTESIAN_POINT('',(0.35,0.505,0.24));
#6982 = DIRECTION('',(-0.,-1.,-0.));
#6983 = DIRECTION('',(0.,0.,-1.));
#6984 = ADVANCED_FACE('',(#6985),#6991,.T.);
#6985 = FACE_BOUND('',#6986,.F.);
#6986 = EDGE_LOOP('',(#6987,#6988,#6989,#6990));
#6987 = ORIENTED_EDGE('',*,*,#4656,.T.);
#6988 = ORIENTED_EDGE('',*,*,#4752,.T.);
#6989 = ORIENTED_EDGE('',*,*,#4838,.F.);
#6990 = ORIENTED_EDGE('',*,*,#6967,.F.);
#6991 = PLANE('',#6992);
#6992 = AXIS2_PLACEMENT_3D('',#6993,#6994,#6995);
#6993 = CARTESIAN_POINT('',(0.285,0.505,3.E-02));
#6994 = DIRECTION('',(0.,0.,1.));
#6995 = DIRECTION('',(1.,0.,-0.));
#6996 = ADVANCED_FACE('',(#6997),#7008,.F.);
#6997 = FACE_BOUND('',#6998,.F.);
#6998 = EDGE_LOOP('',(#6999,#7000,#7001,#7007));
#6999 = ORIENTED_EDGE('',*,*,#6211,.T.);
#7000 = ORIENTED_EDGE('',*,*,#4924,.T.);
#7001 = ORIENTED_EDGE('',*,*,#7002,.T.);
#7002 = EDGE_CURVE('',#4917,#4995,#7003,.T.);
#7003 = LINE('',#7004,#7005);
#7004 = CARTESIAN_POINT('',(0.635,0.74,0.1));
#7005 = VECTOR('',#7006,1.);
#7006 = DIRECTION('',(1.,0.,-0.));
#7007 = ORIENTED_EDGE('',*,*,#4994,.F.);
#7008 = PLANE('',#7009);
#7009 = AXIS2_PLACEMENT_3D('',#7010,#7011,#7012);
#7010 = CARTESIAN_POINT('',(0.635,0.74,3.E-02));
#7011 = DIRECTION('',(-0.,1.,0.));
#7012 = DIRECTION('',(0.,0.,1.));
#7013 = ADVANCED_FACE('',(#7014),#7025,.F.);
#7014 = FACE_BOUND('',#7015,.F.);
#7015 = EDGE_LOOP('',(#7016,#7017,#7023,#7024));
#7016 = ORIENTED_EDGE('',*,*,#4916,.F.);
#7017 = ORIENTED_EDGE('',*,*,#7018,.F.);
#7018 = EDGE_CURVE('',#5003,#4909,#7019,.T.);
#7019 = LINE('',#7020,#7021);
#7020 = CARTESIAN_POINT('',(0.635,0.575,0.1));
#7021 = VECTOR('',#7022,1.);
#7022 = DIRECTION('',(-1.,-0.,0.));
#7023 = ORIENTED_EDGE('',*,*,#5002,.T.);
#7024 = ORIENTED_EDGE('',*,*,#7002,.F.);
#7025 = PLANE('',#7026);
#7026 = AXIS2_PLACEMENT_3D('',#7027,#7028,#7029);
#7027 = CARTESIAN_POINT('',(0.635,0.505,0.1));
#7028 = DIRECTION('',(0.,0.,1.));
#7029 = DIRECTION('',(1.,0.,-0.));
#7030 = ADVANCED_FACE('',(#7031),#7042,.F.);
#7031 = FACE_BOUND('',#7032,.F.);
#7032 = EDGE_LOOP('',(#7033,#7034,#7035,#7041));
#7033 = ORIENTED_EDGE('',*,*,#7018,.T.);
#7034 = ORIENTED_EDGE('',*,*,#4908,.T.);
#7035 = ORIENTED_EDGE('',*,*,#7036,.T.);
#7036 = EDGE_CURVE('',#4901,#5011,#7037,.T.);
#7037 = LINE('',#7038,#7039);
#7038 = CARTESIAN_POINT('',(0.635,0.575,0.45));
#7039 = VECTOR('',#7040,1.);
#7040 = DIRECTION('',(1.,0.,-0.));
#7041 = ORIENTED_EDGE('',*,*,#5010,.F.);
#7042 = PLANE('',#7043);
#7043 = AXIS2_PLACEMENT_3D('',#7044,#7045,#7046);
#7044 = CARTESIAN_POINT('',(0.635,0.575,3.E-02));
#7045 = DIRECTION('',(-0.,1.,0.));
#7046 = DIRECTION('',(0.,0.,1.));
#7047 = ADVANCED_FACE('',(#7048),#7054,.F.);
#7048 = FACE_BOUND('',#7049,.F.);
#7049 = EDGE_LOOP('',(#7050,#7051,#7052,#7053));
#7050 = ORIENTED_EDGE('',*,*,#4900,.F.);
#7051 = ORIENTED_EDGE('',*,*,#6387,.T.);
#7052 = ORIENTED_EDGE('',*,*,#5018,.T.);
#7053 = ORIENTED_EDGE('',*,*,#7036,.F.);
#7054 = PLANE('',#7055);
#7055 = AXIS2_PLACEMENT_3D('',#7056,#7057,#7058);
#7056 = CARTESIAN_POINT('',(0.635,0.505,0.45));
#7057 = DIRECTION('',(0.,0.,1.));
#7058 = DIRECTION('',(1.,0.,-0.));
#7059 = ADVANCED_FACE('',(#7060),#7076,.F.);
#7060 = FACE_BOUND('',#7061,.F.);
#7061 = EDGE_LOOP('',(#7062,#7063,#7069,#7070));
#7062 = ORIENTED_EDGE('',*,*,#4876,.F.);
#7063 = ORIENTED_EDGE('',*,*,#7064,.T.);
#7064 = EDGE_CURVE('',#4869,#5043,#7065,.T.);
#7065 = LINE('',#7066,#7067);
#7066 = CARTESIAN_POINT('',(0.635,0.505,3.E-02));
#7067 = VECTOR('',#7068,1.);
#7068 = DIRECTION('',(1.,0.,-0.));
#7069 = ORIENTED_EDGE('',*,*,#5042,.T.);
#7070 = ORIENTED_EDGE('',*,*,#7071,.F.);
#7071 = EDGE_CURVE('',#4877,#5035,#7072,.T.);
#7072 = LINE('',#7073,#7074);
#7073 = CARTESIAN_POINT('',(-0.8675,0.505,7.E-02));
#7074 = VECTOR('',#7075,1.);
#7075 = DIRECTION('',(1.,0.,0.));
#7076 = PLANE('',#7077);
#7077 = AXIS2_PLACEMENT_3D('',#7078,#7079,#7080);
#7078 = CARTESIAN_POINT('',(0.7,0.505,0.24));
#7079 = DIRECTION('',(-0.,-1.,-0.));
#7080 = DIRECTION('',(0.,0.,-1.));
#7081 = ADVANCED_FACE('',(#7082),#7088,.T.);
#7082 = FACE_BOUND('',#7083,.F.);
#7083 = EDGE_LOOP('',(#7084,#7085,#7086,#7087));
#7084 = ORIENTED_EDGE('',*,*,#4868,.T.);
#7085 = ORIENTED_EDGE('',*,*,#4964,.T.);
#7086 = ORIENTED_EDGE('',*,*,#5050,.F.);
#7087 = ORIENTED_EDGE('',*,*,#7064,.F.);
#7088 = PLANE('',#7089);
#7089 = AXIS2_PLACEMENT_3D('',#7090,#7091,#7092);
#7090 = CARTESIAN_POINT('',(0.635,0.505,3.E-02));
#7091 = DIRECTION('',(0.,0.,1.));
#7092 = DIRECTION('',(1.,0.,-0.));
#7093 = ADVANCED_FACE('',(#7094),#7105,.F.);
#7094 = FACE_BOUND('',#7095,.F.);
#7095 = EDGE_LOOP('',(#7096,#7097,#7098,#7104));
#7096 = ORIENTED_EDGE('',*,*,#6228,.T.);
#7097 = ORIENTED_EDGE('',*,*,#5136,.T.);
#7098 = ORIENTED_EDGE('',*,*,#7099,.T.);
#7099 = EDGE_CURVE('',#5129,#5207,#7100,.T.);
#7100 = LINE('',#7101,#7102);
#7101 = CARTESIAN_POINT('',(0.985,0.74,0.1));
#7102 = VECTOR('',#7103,1.);
#7103 = DIRECTION('',(1.,0.,-0.));
#7104 = ORIENTED_EDGE('',*,*,#5206,.F.);
#7105 = PLANE('',#7106);
#7106 = AXIS2_PLACEMENT_3D('',#7107,#7108,#7109);
#7107 = CARTESIAN_POINT('',(0.985,0.74,3.E-02));
#7108 = DIRECTION('',(-0.,1.,0.));
#7109 = DIRECTION('',(0.,0.,1.));
#7110 = ADVANCED_FACE('',(#7111),#7122,.F.);
#7111 = FACE_BOUND('',#7112,.F.);
#7112 = EDGE_LOOP('',(#7113,#7114,#7120,#7121));
#7113 = ORIENTED_EDGE('',*,*,#5128,.F.);
#7114 = ORIENTED_EDGE('',*,*,#7115,.F.);
#7115 = EDGE_CURVE('',#5215,#5121,#7116,.T.);
#7116 = LINE('',#7117,#7118);
#7117 = CARTESIAN_POINT('',(0.985,0.575,0.1));
#7118 = VECTOR('',#7119,1.);
#7119 = DIRECTION('',(-1.,-0.,0.));
#7120 = ORIENTED_EDGE('',*,*,#5214,.T.);
#7121 = ORIENTED_EDGE('',*,*,#7099,.F.);
#7122 = PLANE('',#7123);
#7123 = AXIS2_PLACEMENT_3D('',#7124,#7125,#7126);
#7124 = CARTESIAN_POINT('',(0.985,0.505,0.1));
#7125 = DIRECTION('',(0.,0.,1.));
#7126 = DIRECTION('',(1.,0.,-0.));
#7127 = ADVANCED_FACE('',(#7128),#7139,.F.);
#7128 = FACE_BOUND('',#7129,.F.);
#7129 = EDGE_LOOP('',(#7130,#7131,#7132,#7138));
#7130 = ORIENTED_EDGE('',*,*,#7115,.T.);
#7131 = ORIENTED_EDGE('',*,*,#5120,.T.);
#7132 = ORIENTED_EDGE('',*,*,#7133,.T.);
#7133 = EDGE_CURVE('',#5113,#5223,#7134,.T.);
#7134 = LINE('',#7135,#7136);
#7135 = CARTESIAN_POINT('',(0.985,0.575,0.45));
#7136 = VECTOR('',#7137,1.);
#7137 = DIRECTION('',(1.,0.,-0.));
#7138 = ORIENTED_EDGE('',*,*,#5222,.F.);
#7139 = PLANE('',#7140);
#7140 = AXIS2_PLACEMENT_3D('',#7141,#7142,#7143);
#7141 = CARTESIAN_POINT('',(0.985,0.575,3.E-02));
#7142 = DIRECTION('',(-0.,1.,0.));
#7143 = DIRECTION('',(0.,0.,1.));
#7144 = ADVANCED_FACE('',(#7145),#7151,.F.);
#7145 = FACE_BOUND('',#7146,.F.);
#7146 = EDGE_LOOP('',(#7147,#7148,#7149,#7150));
#7147 = ORIENTED_EDGE('',*,*,#5112,.F.);
#7148 = ORIENTED_EDGE('',*,*,#6373,.T.);
#7149 = ORIENTED_EDGE('',*,*,#5230,.T.);
#7150 = ORIENTED_EDGE('',*,*,#7133,.F.);
#7151 = PLANE('',#7152);
#7152 = AXIS2_PLACEMENT_3D('',#7153,#7154,#7155);
#7153 = CARTESIAN_POINT('',(0.985,0.505,0.45));
#7154 = DIRECTION('',(0.,0.,1.));
#7155 = DIRECTION('',(1.,0.,-0.));
#7156 = ADVANCED_FACE('',(#7157),#7173,.F.);
#7157 = FACE_BOUND('',#7158,.F.);
#7158 = EDGE_LOOP('',(#7159,#7160,#7166,#7167));
#7159 = ORIENTED_EDGE('',*,*,#5088,.F.);
#7160 = ORIENTED_EDGE('',*,*,#7161,.T.);
#7161 = EDGE_CURVE('',#5081,#5255,#7162,.T.);
#7162 = LINE('',#7163,#7164);
#7163 = CARTESIAN_POINT('',(0.985,0.505,3.E-02));
#7164 = VECTOR('',#7165,1.);
#7165 = DIRECTION('',(1.,0.,-0.));
#7166 = ORIENTED_EDGE('',*,*,#5254,.T.);
#7167 = ORIENTED_EDGE('',*,*,#7168,.F.);
#7168 = EDGE_CURVE('',#5089,#5247,#7169,.T.);
#7169 = LINE('',#7170,#7171);
#7170 = CARTESIAN_POINT('',(-0.6925,0.505,7.E-02));
#7171 = VECTOR('',#7172,1.);
#7172 = DIRECTION('',(1.,0.,0.));
#7173 = PLANE('',#7174);
#7174 = AXIS2_PLACEMENT_3D('',#7175,#7176,#7177);
#7175 = CARTESIAN_POINT('',(1.05,0.505,0.24));
#7176 = DIRECTION('',(-0.,-1.,-0.));
#7177 = DIRECTION('',(0.,0.,-1.));
#7178 = ADVANCED_FACE('',(#7179),#7185,.T.);
#7179 = FACE_BOUND('',#7180,.F.);
#7180 = EDGE_LOOP('',(#7181,#7182,#7183,#7184));
#7181 = ORIENTED_EDGE('',*,*,#5080,.T.);
#7182 = ORIENTED_EDGE('',*,*,#5176,.T.);
#7183 = ORIENTED_EDGE('',*,*,#5262,.F.);
#7184 = ORIENTED_EDGE('',*,*,#7161,.F.);
#7185 = PLANE('',#7186);
#7186 = AXIS2_PLACEMENT_3D('',#7187,#7188,#7189);
#7187 = CARTESIAN_POINT('',(0.985,0.505,3.E-02));
#7188 = DIRECTION('',(0.,0.,1.));
#7189 = DIRECTION('',(1.,0.,-0.));
#7190 = ADVANCED_FACE('',(#7191),#7202,.F.);
#7191 = FACE_BOUND('',#7192,.F.);
#7192 = EDGE_LOOP('',(#7193,#7194,#7195,#7201));
#7193 = ORIENTED_EDGE('',*,*,#6245,.T.);
#7194 = ORIENTED_EDGE('',*,*,#5348,.T.);
#7195 = ORIENTED_EDGE('',*,*,#7196,.T.);
#7196 = EDGE_CURVE('',#5341,#5419,#7197,.T.);
#7197 = LINE('',#7198,#7199);
#7198 = CARTESIAN_POINT('',(1.335,0.74,0.1));
#7199 = VECTOR('',#7200,1.);
#7200 = DIRECTION('',(1.,0.,-0.));
#7201 = ORIENTED_EDGE('',*,*,#5418,.F.);
#7202 = PLANE('',#7203);
#7203 = AXIS2_PLACEMENT_3D('',#7204,#7205,#7206);
#7204 = CARTESIAN_POINT('',(1.335,0.74,3.E-02));
#7205 = DIRECTION('',(-0.,1.,0.));
#7206 = DIRECTION('',(0.,0.,1.));
#7207 = ADVANCED_FACE('',(#7208),#7219,.F.);
#7208 = FACE_BOUND('',#7209,.F.);
#7209 = EDGE_LOOP('',(#7210,#7211,#7217,#7218));
#7210 = ORIENTED_EDGE('',*,*,#5340,.F.);
#7211 = ORIENTED_EDGE('',*,*,#7212,.F.);
#7212 = EDGE_CURVE('',#5427,#5333,#7213,.T.);
#7213 = LINE('',#7214,#7215);
#7214 = CARTESIAN_POINT('',(1.335,0.575,0.1));
#7215 = VECTOR('',#7216,1.);
#7216 = DIRECTION('',(-1.,-0.,0.));
#7217 = ORIENTED_EDGE('',*,*,#5426,.T.);
#7218 = ORIENTED_EDGE('',*,*,#7196,.F.);
#7219 = PLANE('',#7220);
#7220 = AXIS2_PLACEMENT_3D('',#7221,#7222,#7223);
#7221 = CARTESIAN_POINT('',(1.335,0.505,0.1));
#7222 = DIRECTION('',(0.,0.,1.));
#7223 = DIRECTION('',(1.,0.,-0.));
#7224 = ADVANCED_FACE('',(#7225),#7236,.F.);
#7225 = FACE_BOUND('',#7226,.F.);
#7226 = EDGE_LOOP('',(#7227,#7228,#7229,#7235));
#7227 = ORIENTED_EDGE('',*,*,#7212,.T.);
#7228 = ORIENTED_EDGE('',*,*,#5332,.T.);
#7229 = ORIENTED_EDGE('',*,*,#7230,.T.);
#7230 = EDGE_CURVE('',#5325,#5435,#7231,.T.);
#7231 = LINE('',#7232,#7233);
#7232 = CARTESIAN_POINT('',(1.335,0.575,0.45));
#7233 = VECTOR('',#7234,1.);
#7234 = DIRECTION('',(1.,0.,-0.));
#7235 = ORIENTED_EDGE('',*,*,#5434,.F.);
#7236 = PLANE('',#7237);
#7237 = AXIS2_PLACEMENT_3D('',#7238,#7239,#7240);
#7238 = CARTESIAN_POINT('',(1.335,0.575,3.E-02));
#7239 = DIRECTION('',(-0.,1.,0.));
#7240 = DIRECTION('',(0.,0.,1.));
#7241 = ADVANCED_FACE('',(#7242),#7248,.F.);
#7242 = FACE_BOUND('',#7243,.F.);
#7243 = EDGE_LOOP('',(#7244,#7245,#7246,#7247));
#7244 = ORIENTED_EDGE('',*,*,#5324,.F.);
#7245 = ORIENTED_EDGE('',*,*,#6359,.T.);
#7246 = ORIENTED_EDGE('',*,*,#5442,.T.);
#7247 = ORIENTED_EDGE('',*,*,#7230,.F.);
#7248 = PLANE('',#7249);
#7249 = AXIS2_PLACEMENT_3D('',#7250,#7251,#7252);
#7250 = CARTESIAN_POINT('',(1.335,0.505,0.45));
#7251 = DIRECTION('',(0.,0.,1.));
#7252 = DIRECTION('',(1.,0.,-0.));
#7253 = ADVANCED_FACE('',(#7254),#7270,.F.);
#7254 = FACE_BOUND('',#7255,.F.);
#7255 = EDGE_LOOP('',(#7256,#7257,#7263,#7264));
#7256 = ORIENTED_EDGE('',*,*,#5300,.F.);
#7257 = ORIENTED_EDGE('',*,*,#7258,.T.);
#7258 = EDGE_CURVE('',#5293,#5467,#7259,.T.);
#7259 = LINE('',#7260,#7261);
#7260 = CARTESIAN_POINT('',(1.335,0.505,3.E-02));
#7261 = VECTOR('',#7262,1.);
#7262 = DIRECTION('',(1.,0.,-0.));
#7263 = ORIENTED_EDGE('',*,*,#5466,.T.);
#7264 = ORIENTED_EDGE('',*,*,#7265,.F.);
#7265 = EDGE_CURVE('',#5301,#5459,#7266,.T.);
#7266 = LINE('',#7267,#7268);
#7267 = CARTESIAN_POINT('',(-0.5175,0.505,7.E-02));
#7268 = VECTOR('',#7269,1.);
#7269 = DIRECTION('',(1.,0.,0.));
#7270 = PLANE('',#7271);
#7271 = AXIS2_PLACEMENT_3D('',#7272,#7273,#7274);
#7272 = CARTESIAN_POINT('',(1.4,0.505,0.24));
#7273 = DIRECTION('',(-0.,-1.,-0.));
#7274 = DIRECTION('',(0.,0.,-1.));
#7275 = ADVANCED_FACE('',(#7276),#7282,.T.);
#7276 = FACE_BOUND('',#7277,.F.);
#7277 = EDGE_LOOP('',(#7278,#7279,#7280,#7281));
#7278 = ORIENTED_EDGE('',*,*,#5292,.T.);
#7279 = ORIENTED_EDGE('',*,*,#5388,.T.);
#7280 = ORIENTED_EDGE('',*,*,#5474,.F.);
#7281 = ORIENTED_EDGE('',*,*,#7258,.F.);
#7282 = PLANE('',#7283);
#7283 = AXIS2_PLACEMENT_3D('',#7284,#7285,#7286);
#7284 = CARTESIAN_POINT('',(1.335,0.505,3.E-02));
#7285 = DIRECTION('',(0.,0.,1.));
#7286 = DIRECTION('',(1.,0.,-0.));
#7287 = ADVANCED_FACE('',(#7288),#7299,.F.);
#7288 = FACE_BOUND('',#7289,.F.);
#7289 = EDGE_LOOP('',(#7290,#7291,#7292,#7293));
#7290 = ORIENTED_EDGE('',*,*,#5488,.F.);
#7291 = ORIENTED_EDGE('',*,*,#5544,.T.);
#7292 = ORIENTED_EDGE('',*,*,#5576,.T.);
#7293 = ORIENTED_EDGE('',*,*,#7294,.F.);
#7294 = EDGE_CURVE('',#5491,#5567,#7295,.T.);
#7295 = LINE('',#7296,#7297);
#7296 = CARTESIAN_POINT('',(1.8,0.82,8.E-02));
#7297 = VECTOR('',#7298,1.);
#7298 = DIRECTION('',(1.,0.,-0.));
#7299 = PLANE('',#7300);
#7300 = AXIS2_PLACEMENT_3D('',#7301,#7302,#7303);
#7301 = CARTESIAN_POINT('',(1.8,0.74,8.E-02));
#7302 = DIRECTION('',(0.,0.,1.));
#7303 = DIRECTION('',(1.,0.,-0.));
#7304 = ADVANCED_FACE('',(#7305),#7325,.T.);
#7305 = FACE_BOUND('',#7306,.T.);
#7306 = EDGE_LOOP('',(#7307,#7308,#7309,#7310,#7311,#7319));
#7307 = ORIENTED_EDGE('',*,*,#5566,.F.);
#7308 = ORIENTED_EDGE('',*,*,#7294,.F.);
#7309 = ORIENTED_EDGE('',*,*,#5498,.T.);
#7310 = ORIENTED_EDGE('',*,*,#6094,.T.);
#7311 = ORIENTED_EDGE('',*,*,#7312,.F.);
#7312 = EDGE_CURVE('',#7313,#6087,#7315,.T.);
#7313 = VERTEX_POINT('',#7314);
#7314 = CARTESIAN_POINT('',(2.,0.82,0.45));
#7315 = LINE('',#7316,#7317);
#7316 = CARTESIAN_POINT('',(2.,0.82,0.225));
#7317 = VECTOR('',#7318,1.);
#7318 = DIRECTION('',(0.,0.,1.));
#7319 = ORIENTED_EDGE('',*,*,#7320,.F.);
#7320 = EDGE_CURVE('',#5569,#7313,#7321,.T.);
#7321 = LINE('',#7322,#7323);
#7322 = CARTESIAN_POINT('',(1.9,0.82,0.45));
#7323 = VECTOR('',#7324,1.);
#7324 = DIRECTION('',(-1.,-0.,0.));
#7325 = PLANE('',#7326);
#7326 = AXIS2_PLACEMENT_3D('',#7327,#7328,#7329);
#7327 = CARTESIAN_POINT('',(1.8,0.82,0.));
#7328 = DIRECTION('',(-0.,1.,0.));
#7329 = DIRECTION('',(0.,0.,1.));
#7330 = ADVANCED_FACE('',(#7331),#7436,.T.);
#7331 = FACE_BOUND('',#7332,.T.);
#7332 = EDGE_LOOP('',(#7333,#7343,#7349,#7350,#7351,#7357,#7358,#7364,
    #7365,#7371,#7372,#7373,#7374,#7382,#7390,#7398,#7406,#7414,#7422,
    #7430));
#7333 = ORIENTED_EDGE('',*,*,#7334,.F.);
#7334 = EDGE_CURVE('',#7335,#7337,#7339,.T.);
#7335 = VERTEX_POINT('',#7336);
#7336 = CARTESIAN_POINT('',(2.,-0.82,0.45));
#7337 = VERTEX_POINT('',#7338);
#7338 = CARTESIAN_POINT('',(2.,-0.61,0.45));
#7339 = LINE('',#7340,#7341);
#7340 = CARTESIAN_POINT('',(2.,-0.9,0.45));
#7341 = VECTOR('',#7342,1.);
#7342 = DIRECTION('',(-0.,1.,0.));
#7343 = ORIENTED_EDGE('',*,*,#7344,.F.);
#7344 = EDGE_CURVE('',#279,#7335,#7345,.T.);
#7345 = LINE('',#7346,#7347);
#7346 = CARTESIAN_POINT('',(1.9,-0.82,0.45));
#7347 = VECTOR('',#7348,1.);
#7348 = DIRECTION('',(-1.,-0.,0.));
#7349 = ORIENTED_EDGE('',*,*,#286,.F.);
#7350 = ORIENTED_EDGE('',*,*,#222,.T.);
#7351 = ORIENTED_EDGE('',*,*,#7352,.T.);
#7352 = EDGE_CURVE('',#223,#138,#7353,.T.);
#7353 = LINE('',#7354,#7355);
#7354 = CARTESIAN_POINT('',(2.94,-0.9,0.45));
#7355 = VECTOR('',#7356,1.);
#7356 = DIRECTION('',(-0.,1.,0.));
#7357 = ORIENTED_EDGE('',*,*,#137,.F.);
#7358 = ORIENTED_EDGE('',*,*,#7359,.F.);
#7359 = EDGE_CURVE('',#5700,#130,#7360,.T.);
#7360 = LINE('',#7361,#7362);
#7361 = CARTESIAN_POINT('',(2.86,-0.64,0.45));
#7362 = VECTOR('',#7363,1.);
#7363 = DIRECTION('',(0.,-1.,0.));
#7364 = ORIENTED_EDGE('',*,*,#5707,.T.);
#7365 = ORIENTED_EDGE('',*,*,#7366,.T.);
#7366 = EDGE_CURVE('',#5708,#5623,#7367,.T.);
#7367 = LINE('',#7368,#7369);
#7368 = CARTESIAN_POINT('',(2.94,-0.9,0.45));
#7369 = VECTOR('',#7370,1.);
#7370 = DIRECTION('',(-0.,1.,0.));
#7371 = ORIENTED_EDGE('',*,*,#5622,.F.);
#7372 = ORIENTED_EDGE('',*,*,#5599,.F.);
#7373 = ORIENTED_EDGE('',*,*,#7320,.T.);
#7374 = ORIENTED_EDGE('',*,*,#7375,.F.);
#7375 = EDGE_CURVE('',#7376,#7313,#7378,.T.);
#7376 = VERTEX_POINT('',#7377);
#7377 = CARTESIAN_POINT('',(2.,0.61,0.45));
#7378 = LINE('',#7379,#7380);
#7379 = CARTESIAN_POINT('',(2.,-0.9,0.45));
#7380 = VECTOR('',#7381,1.);
#7381 = DIRECTION('',(-0.,1.,0.));
#7382 = ORIENTED_EDGE('',*,*,#7383,.F.);
#7383 = EDGE_CURVE('',#7384,#7376,#7386,.T.);
#7384 = VERTEX_POINT('',#7385);
#7385 = CARTESIAN_POINT('',(2.02,0.61,0.45));
#7386 = LINE('',#7387,#7388);
#7387 = CARTESIAN_POINT('',(1.91,0.61,0.45));
#7388 = VECTOR('',#7389,1.);
#7389 = DIRECTION('',(-1.,-0.,0.));
#7390 = ORIENTED_EDGE('',*,*,#7391,.F.);
#7391 = EDGE_CURVE('',#7392,#7384,#7394,.T.);
#7392 = VERTEX_POINT('',#7393);
#7393 = CARTESIAN_POINT('',(2.02,0.53,0.45));
#7394 = LINE('',#7395,#7396);
#7395 = CARTESIAN_POINT('',(2.02,-0.1925,0.45));
#7396 = VECTOR('',#7397,1.);
#7397 = DIRECTION('',(-0.,1.,0.));
#7398 = ORIENTED_EDGE('',*,*,#7399,.T.);
#7399 = EDGE_CURVE('',#7392,#7400,#7402,.T.);
#7400 = VERTEX_POINT('',#7401);
#7401 = CARTESIAN_POINT('',(2.515,0.53,0.45));
#7402 = LINE('',#7403,#7404);
#7403 = CARTESIAN_POINT('',(2.,0.53,0.45));
#7404 = VECTOR('',#7405,1.);
#7405 = DIRECTION('',(1.,0.,-0.));
#7406 = ORIENTED_EDGE('',*,*,#7407,.F.);
#7407 = EDGE_CURVE('',#7408,#7400,#7410,.T.);
#7408 = VERTEX_POINT('',#7409);
#7409 = CARTESIAN_POINT('',(2.515,-0.53,0.45));
#7410 = LINE('',#7411,#7412);
#7411 = CARTESIAN_POINT('',(2.515,-0.715,0.45));
#7412 = VECTOR('',#7413,1.);
#7413 = DIRECTION('',(-0.,1.,0.));
#7414 = ORIENTED_EDGE('',*,*,#7415,.T.);
#7415 = EDGE_CURVE('',#7408,#7416,#7418,.T.);
#7416 = VERTEX_POINT('',#7417);
#7417 = CARTESIAN_POINT('',(2.02,-0.53,0.45));
#7418 = LINE('',#7419,#7420);
#7419 = CARTESIAN_POINT('',(2.2175,-0.53,0.45));
#7420 = VECTOR('',#7421,1.);
#7421 = DIRECTION('',(-1.,-0.,0.));
#7422 = ORIENTED_EDGE('',*,*,#7423,.F.);
#7423 = EDGE_CURVE('',#7424,#7416,#7426,.T.);
#7424 = VERTEX_POINT('',#7425);
#7425 = CARTESIAN_POINT('',(2.02,-0.61,0.45));
#7426 = LINE('',#7427,#7428);
#7427 = CARTESIAN_POINT('',(2.02,-0.755,0.45));
#7428 = VECTOR('',#7429,1.);
#7429 = DIRECTION('',(-0.,1.,0.));
#7430 = ORIENTED_EDGE('',*,*,#7431,.T.);
#7431 = EDGE_CURVE('',#7424,#7337,#7432,.T.);
#7432 = LINE('',#7433,#7434);
#7433 = CARTESIAN_POINT('',(1.91,-0.61,0.45));
#7434 = VECTOR('',#7435,1.);
#7435 = DIRECTION('',(-1.,-0.,0.));
#7436 = PLANE('',#7437);
#7437 = AXIS2_PLACEMENT_3D('',#7438,#7439,#7440);
#7438 = CARTESIAN_POINT('',(2.,-0.9,0.45));
#7439 = DIRECTION('',(0.,0.,1.));
#7440 = DIRECTION('',(1.,0.,-0.));
#7441 = ADVANCED_FACE('',(#7442),#7453,.T.);
#7442 = FACE_BOUND('',#7443,.T.);
#7443 = EDGE_LOOP('',(#7444,#7450,#7451,#7452));
#7444 = ORIENTED_EDGE('',*,*,#7445,.F.);
#7445 = EDGE_CURVE('',#5716,#5631,#7446,.T.);
#7446 = LINE('',#7447,#7448);
#7447 = CARTESIAN_POINT('',(2.94,-0.9,0.53));
#7448 = VECTOR('',#7449,1.);
#7449 = DIRECTION('',(-0.,1.,0.));
#7450 = ORIENTED_EDGE('',*,*,#5723,.T.);
#7451 = ORIENTED_EDGE('',*,*,#5660,.T.);
#7452 = ORIENTED_EDGE('',*,*,#5638,.F.);
#7453 = PLANE('',#7454);
#7454 = AXIS2_PLACEMENT_3D('',#7455,#7456,#7457);
#7455 = CARTESIAN_POINT('',(-2.95,-0.875,0.53));
#7456 = DIRECTION('',(0.,0.,1.));
#7457 = DIRECTION('',(1.,0.,-0.));
#7458 = ADVANCED_FACE('',(#7459),#7465,.F.);
#7459 = FACE_BOUND('',#7460,.F.);
#7460 = EDGE_LOOP('',(#7461,#7462,#7463,#7464));
#7461 = ORIENTED_EDGE('',*,*,#7445,.F.);
#7462 = ORIENTED_EDGE('',*,*,#5715,.T.);
#7463 = ORIENTED_EDGE('',*,*,#7366,.T.);
#7464 = ORIENTED_EDGE('',*,*,#5630,.F.);
#7465 = PLANE('',#7466);
#7466 = AXIS2_PLACEMENT_3D('',#7467,#7468,#7469);
#7467 = CARTESIAN_POINT('',(2.94,-1.48903302659E-17,0.369291845494));
#7468 = DIRECTION('',(1.,0.,0.));
#7469 = DIRECTION('',(-0.,0.,1.));
#7470 = ADVANCED_FACE('',(#7471),#7482,.T.);
#7471 = FACE_BOUND('',#7472,.T.);
#7472 = EDGE_LOOP('',(#7473,#7479,#7480,#7481));
#7473 = ORIENTED_EDGE('',*,*,#7474,.F.);
#7474 = EDGE_CURVE('',#231,#146,#7475,.T.);
#7475 = LINE('',#7476,#7477);
#7476 = CARTESIAN_POINT('',(2.94,-0.9,0.53));
#7477 = VECTOR('',#7478,1.);
#7478 = DIRECTION('',(-0.,1.,0.));
#7479 = ORIENTED_EDGE('',*,*,#238,.T.);
#7480 = ORIENTED_EDGE('',*,*,#175,.T.);
#7481 = ORIENTED_EDGE('',*,*,#153,.F.);
#7482 = PLANE('',#7483);
#7483 = AXIS2_PLACEMENT_3D('',#7484,#7485,#7486);
#7484 = CARTESIAN_POINT('',(-2.95,-0.875,0.53));
#7485 = DIRECTION('',(0.,0.,1.));
#7486 = DIRECTION('',(1.,0.,-0.));
#7487 = ADVANCED_FACE('',(#7488),#7494,.F.);
#7488 = FACE_BOUND('',#7489,.F.);
#7489 = EDGE_LOOP('',(#7490,#7491,#7492,#7493));
#7490 = ORIENTED_EDGE('',*,*,#7474,.F.);
#7491 = ORIENTED_EDGE('',*,*,#230,.T.);
#7492 = ORIENTED_EDGE('',*,*,#7352,.T.);
#7493 = ORIENTED_EDGE('',*,*,#145,.F.);
#7494 = PLANE('',#7495);
#7495 = AXIS2_PLACEMENT_3D('',#7496,#7497,#7498);
#7496 = CARTESIAN_POINT('',(2.94,-1.48903302659E-17,0.369291845494));
#7497 = DIRECTION('',(1.,0.,0.));
#7498 = DIRECTION('',(-0.,0.,1.));
#7499 = ADVANCED_FACE('',(#7500),#7525,.F.);
#7500 = FACE_BOUND('',#7501,.F.);
#7501 = EDGE_LOOP('',(#7502,#7503,#7509,#7510,#7518,#7524));
#7502 = ORIENTED_EDGE('',*,*,#278,.F.);
#7503 = ORIENTED_EDGE('',*,*,#7504,.F.);
#7504 = EDGE_CURVE('',#356,#271,#7505,.T.);
#7505 = LINE('',#7506,#7507);
#7506 = CARTESIAN_POINT('',(1.8,-0.82,8.E-02));
#7507 = VECTOR('',#7508,1.);
#7508 = DIRECTION('',(1.,0.,-0.));
#7509 = ORIENTED_EDGE('',*,*,#355,.T.);
#7510 = ORIENTED_EDGE('',*,*,#7511,.T.);
#7511 = EDGE_CURVE('',#348,#7512,#7514,.T.);
#7512 = VERTEX_POINT('',#7513);
#7513 = CARTESIAN_POINT('',(2.,-0.82,0.53));
#7514 = LINE('',#7515,#7516);
#7515 = CARTESIAN_POINT('',(1.8,-0.82,0.53));
#7516 = VECTOR('',#7517,1.);
#7517 = DIRECTION('',(1.,0.,-0.));
#7518 = ORIENTED_EDGE('',*,*,#7519,.F.);
#7519 = EDGE_CURVE('',#7335,#7512,#7520,.T.);
#7520 = LINE('',#7521,#7522);
#7521 = CARTESIAN_POINT('',(2.,-0.82,0.225));
#7522 = VECTOR('',#7523,1.);
#7523 = DIRECTION('',(0.,0.,1.));
#7524 = ORIENTED_EDGE('',*,*,#7344,.F.);
#7525 = PLANE('',#7526);
#7526 = AXIS2_PLACEMENT_3D('',#7527,#7528,#7529);
#7527 = CARTESIAN_POINT('',(1.8,-0.82,0.));
#7528 = DIRECTION('',(-0.,1.,0.));
#7529 = DIRECTION('',(0.,0.,1.));
#7530 = ADVANCED_FACE('',(#7531),#7537,.F.);
#7531 = FACE_BOUND('',#7532,.F.);
#7532 = EDGE_LOOP('',(#7533,#7534,#7535,#7536));
#7533 = ORIENTED_EDGE('',*,*,#363,.F.);
#7534 = ORIENTED_EDGE('',*,*,#7504,.T.);
#7535 = ORIENTED_EDGE('',*,*,#270,.T.);
#7536 = ORIENTED_EDGE('',*,*,#316,.F.);
#7537 = PLANE('',#7538);
#7538 = AXIS2_PLACEMENT_3D('',#7539,#7540,#7541);
#7539 = CARTESIAN_POINT('',(1.8,-0.9,8.E-02));
#7540 = DIRECTION('',(0.,0.,1.));
#7541 = DIRECTION('',(1.,0.,-0.));
#7542 = ADVANCED_FACE('',(#7543),#7590,.T.);
#7543 = FACE_BOUND('',#7544,.T.);
#7544 = EDGE_LOOP('',(#7545,#7546,#7547,#7548,#7549,#7557,#7565,#7573,
    #7581,#7587,#7588,#7589));
#7545 = ORIENTED_EDGE('',*,*,#2638,.F.);
#7546 = ORIENTED_EDGE('',*,*,#396,.T.);
#7547 = ORIENTED_EDGE('',*,*,#347,.T.);
#7548 = ORIENTED_EDGE('',*,*,#7511,.T.);
#7549 = ORIENTED_EDGE('',*,*,#7550,.T.);
#7550 = EDGE_CURVE('',#7512,#7551,#7553,.T.);
#7551 = VERTEX_POINT('',#7552);
#7552 = CARTESIAN_POINT('',(2.,-0.61,0.53));
#7553 = LINE('',#7554,#7555);
#7554 = CARTESIAN_POINT('',(2.,-0.9,0.53));
#7555 = VECTOR('',#7556,1.);
#7556 = DIRECTION('',(-0.,1.,0.));
#7557 = ORIENTED_EDGE('',*,*,#7558,.F.);
#7558 = EDGE_CURVE('',#7559,#7551,#7561,.T.);
#7559 = VERTEX_POINT('',#7560);
#7560 = CARTESIAN_POINT('',(1.82,-0.61,0.53));
#7561 = LINE('',#7562,#7563);
#7562 = CARTESIAN_POINT('',(1.82,-0.61,0.53));
#7563 = VECTOR('',#7564,1.);
#7564 = DIRECTION('',(1.,0.,-0.));
#7565 = ORIENTED_EDGE('',*,*,#7566,.T.);
#7566 = EDGE_CURVE('',#7559,#7567,#7569,.T.);
#7567 = VERTEX_POINT('',#7568);
#7568 = CARTESIAN_POINT('',(1.82,-0.53,0.53));
#7569 = LINE('',#7570,#7571);
#7570 = CARTESIAN_POINT('',(1.82,-0.61,0.53));
#7571 = VECTOR('',#7572,1.);
#7572 = DIRECTION('',(-0.,1.,0.));
#7573 = ORIENTED_EDGE('',*,*,#7574,.F.);
#7574 = EDGE_CURVE('',#7575,#7567,#7577,.T.);
#7575 = VERTEX_POINT('',#7576);
#7576 = CARTESIAN_POINT('',(-1.82,-0.53,0.53));
#7577 = LINE('',#7578,#7579);
#7578 = CARTESIAN_POINT('',(-2.435,-0.53,0.53));
#7579 = VECTOR('',#7580,1.);
#7580 = DIRECTION('',(1.,0.,-0.));
#7581 = ORIENTED_EDGE('',*,*,#7582,.F.);
#7582 = EDGE_CURVE('',#5874,#7575,#7583,.T.);
#7583 = LINE('',#7584,#7585);
#7584 = CARTESIAN_POINT('',(-1.82,-0.61,0.53));
#7585 = VECTOR('',#7586,1.);
#7586 = DIRECTION('',(-0.,1.,0.));
#7587 = ORIENTED_EDGE('',*,*,#5897,.F.);
#7588 = ORIENTED_EDGE('',*,*,#5911,.F.);
#7589 = ORIENTED_EDGE('',*,*,#5945,.T.);
#7590 = PLANE('',#7591);
#7591 = AXIS2_PLACEMENT_3D('',#7592,#7593,#7594);
#7592 = CARTESIAN_POINT('',(-2.95,-0.875,0.53));
#7593 = DIRECTION('',(0.,0.,1.));
#7594 = DIRECTION('',(1.,0.,-0.));
#7595 = ADVANCED_FACE('',(#7596),#7607,.F.);
#7596 = FACE_BOUND('',#7597,.F.);
#7597 = EDGE_LOOP('',(#7598,#7599,#7600,#7601));
#7598 = ORIENTED_EDGE('',*,*,#2520,.F.);
#7599 = ORIENTED_EDGE('',*,*,#675,.T.);
#7600 = ORIENTED_EDGE('',*,*,#2393,.T.);
#7601 = ORIENTED_EDGE('',*,*,#7602,.T.);
#7602 = EDGE_CURVE('',#2394,#2521,#7603,.T.);
#7603 = LINE('',#7604,#7605);
#7604 = CARTESIAN_POINT('',(-1.465,-0.74,7.E-02));
#7605 = VECTOR('',#7606,1.);
#7606 = DIRECTION('',(-1.,-0.,0.));
#7607 = PLANE('',#7608);
#7608 = AXIS2_PLACEMENT_3D('',#7609,#7610,#7611);
#7609 = CARTESIAN_POINT('',(-1.465,-0.9,7.E-02));
#7610 = DIRECTION('',(0.,0.,1.));
#7611 = DIRECTION('',(1.,0.,-0.));
#7612 = ADVANCED_FACE('',(#7613),#7624,.F.);
#7613 = FACE_BOUND('',#7614,.F.);
#7614 = EDGE_LOOP('',(#7615,#7616,#7617,#7618));
#7615 = ORIENTED_EDGE('',*,*,#2308,.F.);
#7616 = ORIENTED_EDGE('',*,*,#643,.T.);
#7617 = ORIENTED_EDGE('',*,*,#2181,.T.);
#7618 = ORIENTED_EDGE('',*,*,#7619,.T.);
#7619 = EDGE_CURVE('',#2182,#2309,#7620,.T.);
#7620 = LINE('',#7621,#7622);
#7621 = CARTESIAN_POINT('',(-1.115,-0.74,7.E-02));
#7622 = VECTOR('',#7623,1.);
#7623 = DIRECTION('',(-1.,-0.,0.));
#7624 = PLANE('',#7625);
#7625 = AXIS2_PLACEMENT_3D('',#7626,#7627,#7628);
#7626 = CARTESIAN_POINT('',(-1.115,-0.9,7.E-02));
#7627 = DIRECTION('',(0.,0.,1.));
#7628 = DIRECTION('',(1.,0.,-0.));
#7629 = ADVANCED_FACE('',(#7630),#7641,.F.);
#7630 = FACE_BOUND('',#7631,.F.);
#7631 = EDGE_LOOP('',(#7632,#7633,#7634,#7635));
#7632 = ORIENTED_EDGE('',*,*,#2096,.F.);
#7633 = ORIENTED_EDGE('',*,*,#611,.T.);
#7634 = ORIENTED_EDGE('',*,*,#1969,.T.);
#7635 = ORIENTED_EDGE('',*,*,#7636,.T.);
#7636 = EDGE_CURVE('',#1970,#2097,#7637,.T.);
#7637 = LINE('',#7638,#7639);
#7638 = CARTESIAN_POINT('',(-0.765,-0.74,7.E-02));
#7639 = VECTOR('',#7640,1.);
#7640 = DIRECTION('',(-1.,-0.,0.));
#7641 = PLANE('',#7642);
#7642 = AXIS2_PLACEMENT_3D('',#7643,#7644,#7645);
#7643 = CARTESIAN_POINT('',(-0.765,-0.9,7.E-02));
#7644 = DIRECTION('',(0.,0.,1.));
#7645 = DIRECTION('',(1.,0.,-0.));
#7646 = ADVANCED_FACE('',(#7647),#7658,.F.);
#7647 = FACE_BOUND('',#7648,.F.);
#7648 = EDGE_LOOP('',(#7649,#7650,#7651,#7652));
#7649 = ORIENTED_EDGE('',*,*,#1884,.F.);
#7650 = ORIENTED_EDGE('',*,*,#579,.T.);
#7651 = ORIENTED_EDGE('',*,*,#1757,.T.);
#7652 = ORIENTED_EDGE('',*,*,#7653,.T.);
#7653 = EDGE_CURVE('',#1758,#1885,#7654,.T.);
#7654 = LINE('',#7655,#7656);
#7655 = CARTESIAN_POINT('',(-0.415,-0.74,7.E-02));
#7656 = VECTOR('',#7657,1.);
#7657 = DIRECTION('',(-1.,-0.,0.));
#7658 = PLANE('',#7659);
#7659 = AXIS2_PLACEMENT_3D('',#7660,#7661,#7662);
#7660 = CARTESIAN_POINT('',(-0.415,-0.9,7.E-02));
#7661 = DIRECTION('',(0.,0.,1.));
#7662 = DIRECTION('',(1.,0.,-0.));
#7663 = ADVANCED_FACE('',(#7664),#7675,.F.);
#7664 = FACE_BOUND('',#7665,.F.);
#7665 = EDGE_LOOP('',(#7666,#7667,#7668,#7669));
#7666 = ORIENTED_EDGE('',*,*,#1672,.F.);
#7667 = ORIENTED_EDGE('',*,*,#547,.T.);
#7668 = ORIENTED_EDGE('',*,*,#1545,.T.);
#7669 = ORIENTED_EDGE('',*,*,#7670,.T.);
#7670 = EDGE_CURVE('',#1546,#1673,#7671,.T.);
#7671 = LINE('',#7672,#7673);
#7672 = CARTESIAN_POINT('',(-6.5E-02,-0.74,7.E-02));
#7673 = VECTOR('',#7674,1.);
#7674 = DIRECTION('',(-1.,-0.,0.));
#7675 = PLANE('',#7676);
#7676 = AXIS2_PLACEMENT_3D('',#7677,#7678,#7679);
#7677 = CARTESIAN_POINT('',(-6.5E-02,-0.9,7.E-02));
#7678 = DIRECTION('',(0.,0.,1.));
#7679 = DIRECTION('',(1.,0.,-0.));
#7680 = ADVANCED_FACE('',(#7681),#7692,.F.);
#7681 = FACE_BOUND('',#7682,.F.);
#7682 = EDGE_LOOP('',(#7683,#7684,#7685,#7686));
#7683 = ORIENTED_EDGE('',*,*,#1460,.F.);
#7684 = ORIENTED_EDGE('',*,*,#515,.T.);
#7685 = ORIENTED_EDGE('',*,*,#1333,.T.);
#7686 = ORIENTED_EDGE('',*,*,#7687,.T.);
#7687 = EDGE_CURVE('',#1334,#1461,#7688,.T.);
#7688 = LINE('',#7689,#7690);
#7689 = CARTESIAN_POINT('',(0.285,-0.74,7.E-02));
#7690 = VECTOR('',#7691,1.);
#7691 = DIRECTION('',(-1.,-0.,0.));
#7692 = PLANE('',#7693);
#7693 = AXIS2_PLACEMENT_3D('',#7694,#7695,#7696);
#7694 = CARTESIAN_POINT('',(0.285,-0.9,7.E-02));
#7695 = DIRECTION('',(0.,0.,1.));
#7696 = DIRECTION('',(1.,0.,-0.));
#7697 = ADVANCED_FACE('',(#7698),#7709,.F.);
#7698 = FACE_BOUND('',#7699,.F.);
#7699 = EDGE_LOOP('',(#7700,#7701,#7702,#7703));
#7700 = ORIENTED_EDGE('',*,*,#1248,.F.);
#7701 = ORIENTED_EDGE('',*,*,#483,.T.);
#7702 = ORIENTED_EDGE('',*,*,#1121,.T.);
#7703 = ORIENTED_EDGE('',*,*,#7704,.T.);
#7704 = EDGE_CURVE('',#1122,#1249,#7705,.T.);
#7705 = LINE('',#7706,#7707);
#7706 = CARTESIAN_POINT('',(0.635,-0.74,7.E-02));
#7707 = VECTOR('',#7708,1.);
#7708 = DIRECTION('',(-1.,-0.,0.));
#7709 = PLANE('',#7710);
#7710 = AXIS2_PLACEMENT_3D('',#7711,#7712,#7713);
#7711 = CARTESIAN_POINT('',(0.635,-0.9,7.E-02));
#7712 = DIRECTION('',(0.,0.,1.));
#7713 = DIRECTION('',(1.,0.,-0.));
#7714 = ADVANCED_FACE('',(#7715),#7726,.F.);
#7715 = FACE_BOUND('',#7716,.F.);
#7716 = EDGE_LOOP('',(#7717,#7718,#7719,#7720));
#7717 = ORIENTED_EDGE('',*,*,#1036,.F.);
#7718 = ORIENTED_EDGE('',*,*,#451,.T.);
#7719 = ORIENTED_EDGE('',*,*,#909,.T.);
#7720 = ORIENTED_EDGE('',*,*,#7721,.T.);
#7721 = EDGE_CURVE('',#910,#1037,#7722,.T.);
#7722 = LINE('',#7723,#7724);
#7723 = CARTESIAN_POINT('',(0.985,-0.74,7.E-02));
#7724 = VECTOR('',#7725,1.);
#7725 = DIRECTION('',(-1.,-0.,0.));
#7726 = PLANE('',#7727);
#7727 = AXIS2_PLACEMENT_3D('',#7728,#7729,#7730);
#7728 = CARTESIAN_POINT('',(0.985,-0.9,7.E-02));
#7729 = DIRECTION('',(0.,0.,1.));
#7730 = DIRECTION('',(1.,0.,-0.));
#7731 = ADVANCED_FACE('',(#7732),#7743,.F.);
#7732 = FACE_BOUND('',#7733,.F.);
#7733 = EDGE_LOOP('',(#7734,#7735,#7736,#7737));
#7734 = ORIENTED_EDGE('',*,*,#824,.F.);
#7735 = ORIENTED_EDGE('',*,*,#419,.T.);
#7736 = ORIENTED_EDGE('',*,*,#697,.T.);
#7737 = ORIENTED_EDGE('',*,*,#7738,.T.);
#7738 = EDGE_CURVE('',#698,#825,#7739,.T.);
#7739 = LINE('',#7740,#7741);
#7740 = CARTESIAN_POINT('',(1.335,-0.74,7.E-02));
#7741 = VECTOR('',#7742,1.);
#7742 = DIRECTION('',(-1.,-0.,0.));
#7743 = PLANE('',#7744);
#7744 = AXIS2_PLACEMENT_3D('',#7745,#7746,#7747);
#7745 = CARTESIAN_POINT('',(1.335,-0.9,7.E-02));
#7746 = DIRECTION('',(0.,0.,1.));
#7747 = DIRECTION('',(1.,0.,-0.));
#7748 = ADVANCED_FACE('',(#7749),#7760,.T.);
#7749 = FACE_BOUND('',#7750,.T.);
#7750 = EDGE_LOOP('',(#7751,#7752,#7753,#7759));
#7751 = ORIENTED_EDGE('',*,*,#7738,.T.);
#7752 = ORIENTED_EDGE('',*,*,#832,.T.);
#7753 = ORIENTED_EDGE('',*,*,#7754,.T.);
#7754 = EDGE_CURVE('',#833,#771,#7755,.T.);
#7755 = LINE('',#7756,#7757);
#7756 = CARTESIAN_POINT('',(1.335,-0.74,0.1));
#7757 = VECTOR('',#7758,1.);
#7758 = DIRECTION('',(1.,0.,-0.));
#7759 = ORIENTED_EDGE('',*,*,#778,.F.);
#7760 = PLANE('',#7761);
#7761 = AXIS2_PLACEMENT_3D('',#7762,#7763,#7764);
#7762 = CARTESIAN_POINT('',(1.335,-0.74,3.E-02));
#7763 = DIRECTION('',(-0.,1.,0.));
#7764 = DIRECTION('',(0.,0.,1.));
#7765 = ADVANCED_FACE('',(#7766),#7777,.F.);
#7766 = FACE_BOUND('',#7767,.F.);
#7767 = EDGE_LOOP('',(#7768,#7769,#7770,#7771));
#7768 = ORIENTED_EDGE('',*,*,#840,.F.);
#7769 = ORIENTED_EDGE('',*,*,#7754,.T.);
#7770 = ORIENTED_EDGE('',*,*,#770,.T.);
#7771 = ORIENTED_EDGE('',*,*,#7772,.T.);
#7772 = EDGE_CURVE('',#763,#841,#7773,.T.);
#7773 = LINE('',#7774,#7775);
#7774 = CARTESIAN_POINT('',(1.335,-0.575,0.1));
#7775 = VECTOR('',#7776,1.);
#7776 = DIRECTION('',(-1.,-0.,0.));
#7777 = PLANE('',#7778);
#7778 = AXIS2_PLACEMENT_3D('',#7779,#7780,#7781);
#7779 = CARTESIAN_POINT('',(1.335,-0.74,0.1));
#7780 = DIRECTION('',(0.,0.,1.));
#7781 = DIRECTION('',(1.,0.,-0.));
#7782 = ADVANCED_FACE('',(#7783),#7794,.T.);
#7783 = FACE_BOUND('',#7784,.T.);
#7784 = EDGE_LOOP('',(#7785,#7786,#7787,#7793));
#7785 = ORIENTED_EDGE('',*,*,#7772,.T.);
#7786 = ORIENTED_EDGE('',*,*,#848,.T.);
#7787 = ORIENTED_EDGE('',*,*,#7788,.T.);
#7788 = EDGE_CURVE('',#849,#755,#7789,.T.);
#7789 = LINE('',#7790,#7791);
#7790 = CARTESIAN_POINT('',(1.335,-0.575,0.45));
#7791 = VECTOR('',#7792,1.);
#7792 = DIRECTION('',(1.,0.,-0.));
#7793 = ORIENTED_EDGE('',*,*,#762,.F.);
#7794 = PLANE('',#7795);
#7795 = AXIS2_PLACEMENT_3D('',#7796,#7797,#7798);
#7796 = CARTESIAN_POINT('',(1.335,-0.575,3.E-02));
#7797 = DIRECTION('',(-0.,1.,0.));
#7798 = DIRECTION('',(0.,0.,1.));
#7799 = ADVANCED_FACE('',(#7800),#7811,.F.);
#7800 = FACE_BOUND('',#7801,.F.);
#7801 = EDGE_LOOP('',(#7802,#7803,#7804,#7805));
#7802 = ORIENTED_EDGE('',*,*,#856,.F.);
#7803 = ORIENTED_EDGE('',*,*,#7788,.T.);
#7804 = ORIENTED_EDGE('',*,*,#754,.T.);
#7805 = ORIENTED_EDGE('',*,*,#7806,.F.);
#7806 = EDGE_CURVE('',#857,#747,#7807,.T.);
#7807 = LINE('',#7808,#7809);
#7808 = CARTESIAN_POINT('',(-0.55,-0.53,0.45));
#7809 = VECTOR('',#7810,1.);
#7810 = DIRECTION('',(1.,0.,-0.));
#7811 = PLANE('',#7812);
#7812 = AXIS2_PLACEMENT_3D('',#7813,#7814,#7815);
#7813 = CARTESIAN_POINT('',(1.335,-0.575,0.45));
#7814 = DIRECTION('',(0.,0.,1.));
#7815 = DIRECTION('',(1.,0.,-0.));
#7816 = ADVANCED_FACE('',(#7817),#7963,.T.);
#7817 = FACE_BOUND('',#7818,.T.);
#7818 = EDGE_LOOP('',(#7819,#7827,#7833,#7834,#7842,#7848,#7849,#7850,
    #7851,#7857,#7858,#7864,#7865,#7871,#7872,#7878,#7879,#7885,#7886,
    #7892,#7893,#7899,#7900,#7906,#7907,#7913,#7914,#7920,#7921,#7927,
    #7928,#7934,#7935,#7941,#7942,#7948,#7949,#7955,#7956,#7962));
#7819 = ORIENTED_EDGE('',*,*,#7820,.F.);
#7820 = EDGE_CURVE('',#7821,#2561,#7823,.T.);
#7821 = VERTEX_POINT('',#7822);
#7822 = CARTESIAN_POINT('',(-1.82,-0.53,7.E-02));
#7823 = LINE('',#7824,#7825);
#7824 = CARTESIAN_POINT('',(-2.435,-0.53,7.E-02));
#7825 = VECTOR('',#7826,1.);
#7826 = DIRECTION('',(1.,0.,-0.));
#7827 = ORIENTED_EDGE('',*,*,#7828,.F.);
#7828 = EDGE_CURVE('',#7575,#7821,#7829,.T.);
#7829 = LINE('',#7830,#7831);
#7830 = CARTESIAN_POINT('',(-1.82,-0.53,7.E-02));
#7831 = VECTOR('',#7832,1.);
#7832 = DIRECTION('',(-0.,0.,-1.));
#7833 = ORIENTED_EDGE('',*,*,#7574,.T.);
#7834 = ORIENTED_EDGE('',*,*,#7835,.T.);
#7835 = EDGE_CURVE('',#7567,#7836,#7838,.T.);
#7836 = VERTEX_POINT('',#7837);
#7837 = CARTESIAN_POINT('',(1.82,-0.53,7.E-02));
#7838 = LINE('',#7839,#7840);
#7839 = CARTESIAN_POINT('',(1.82,-0.53,7.E-02));
#7840 = VECTOR('',#7841,1.);
#7841 = DIRECTION('',(-0.,0.,-1.));
#7842 = ORIENTED_EDGE('',*,*,#7843,.F.);
#7843 = EDGE_CURVE('',#739,#7836,#7844,.T.);
#7844 = LINE('',#7845,#7846);
#7845 = CARTESIAN_POINT('',(-2.435,-0.53,7.E-02));
#7846 = VECTOR('',#7847,1.);
#7847 = DIRECTION('',(1.,0.,-0.));
#7848 = ORIENTED_EDGE('',*,*,#746,.F.);
#7849 = ORIENTED_EDGE('',*,*,#7806,.F.);
#7850 = ORIENTED_EDGE('',*,*,#864,.F.);
#7851 = ORIENTED_EDGE('',*,*,#7852,.F.);
#7852 = EDGE_CURVE('',#951,#865,#7853,.T.);
#7853 = LINE('',#7854,#7855);
#7854 = CARTESIAN_POINT('',(-2.435,-0.53,7.E-02));
#7855 = VECTOR('',#7856,1.);
#7856 = DIRECTION('',(1.,0.,-0.));
#7857 = ORIENTED_EDGE('',*,*,#958,.F.);
#7858 = ORIENTED_EDGE('',*,*,#7859,.F.);
#7859 = EDGE_CURVE('',#1069,#959,#7860,.T.);
#7860 = LINE('',#7861,#7862);
#7861 = CARTESIAN_POINT('',(-0.725,-0.53,0.45));
#7862 = VECTOR('',#7863,1.);
#7863 = DIRECTION('',(1.,0.,-0.));
#7864 = ORIENTED_EDGE('',*,*,#1076,.F.);
#7865 = ORIENTED_EDGE('',*,*,#7866,.F.);
#7866 = EDGE_CURVE('',#1163,#1077,#7867,.T.);
#7867 = LINE('',#7868,#7869);
#7868 = CARTESIAN_POINT('',(-2.435,-0.53,7.E-02));
#7869 = VECTOR('',#7870,1.);
#7870 = DIRECTION('',(1.,0.,-0.));
#7871 = ORIENTED_EDGE('',*,*,#1170,.F.);
#7872 = ORIENTED_EDGE('',*,*,#7873,.F.);
#7873 = EDGE_CURVE('',#1281,#1171,#7874,.T.);
#7874 = LINE('',#7875,#7876);
#7875 = CARTESIAN_POINT('',(-0.9,-0.53,0.45));
#7876 = VECTOR('',#7877,1.);
#7877 = DIRECTION('',(1.,0.,-0.));
#7878 = ORIENTED_EDGE('',*,*,#1288,.F.);
#7879 = ORIENTED_EDGE('',*,*,#7880,.F.);
#7880 = EDGE_CURVE('',#1375,#1289,#7881,.T.);
#7881 = LINE('',#7882,#7883);
#7882 = CARTESIAN_POINT('',(-2.435,-0.53,7.E-02));
#7883 = VECTOR('',#7884,1.);
#7884 = DIRECTION('',(1.,0.,-0.));
#7885 = ORIENTED_EDGE('',*,*,#1382,.F.);
#7886 = ORIENTED_EDGE('',*,*,#7887,.F.);
#7887 = EDGE_CURVE('',#1493,#1383,#7888,.T.);
#7888 = LINE('',#7889,#7890);
#7889 = CARTESIAN_POINT('',(-1.075,-0.53,0.45));
#7890 = VECTOR('',#7891,1.);
#7891 = DIRECTION('',(1.,0.,-0.));
#7892 = ORIENTED_EDGE('',*,*,#1500,.F.);
#7893 = ORIENTED_EDGE('',*,*,#7894,.F.);
#7894 = EDGE_CURVE('',#1587,#1501,#7895,.T.);
#7895 = LINE('',#7896,#7897);
#7896 = CARTESIAN_POINT('',(-2.435,-0.53,7.E-02));
#7897 = VECTOR('',#7898,1.);
#7898 = DIRECTION('',(1.,0.,-0.));
#7899 = ORIENTED_EDGE('',*,*,#1594,.F.);
#7900 = ORIENTED_EDGE('',*,*,#7901,.F.);
#7901 = EDGE_CURVE('',#1705,#1595,#7902,.T.);
#7902 = LINE('',#7903,#7904);
#7903 = CARTESIAN_POINT('',(-1.25,-0.53,0.45));
#7904 = VECTOR('',#7905,1.);
#7905 = DIRECTION('',(1.,0.,-0.));
#7906 = ORIENTED_EDGE('',*,*,#1712,.F.);
#7907 = ORIENTED_EDGE('',*,*,#7908,.F.);
#7908 = EDGE_CURVE('',#1799,#1713,#7909,.T.);
#7909 = LINE('',#7910,#7911);
#7910 = CARTESIAN_POINT('',(-2.435,-0.53,7.E-02));
#7911 = VECTOR('',#7912,1.);
#7912 = DIRECTION('',(1.,0.,-0.));
#7913 = ORIENTED_EDGE('',*,*,#1806,.F.);
#7914 = ORIENTED_EDGE('',*,*,#7915,.F.);
#7915 = EDGE_CURVE('',#1917,#1807,#7916,.T.);
#7916 = LINE('',#7917,#7918);
#7917 = CARTESIAN_POINT('',(-1.425,-0.53,0.45));
#7918 = VECTOR('',#7919,1.);
#7919 = DIRECTION('',(1.,0.,-0.));
#7920 = ORIENTED_EDGE('',*,*,#1924,.F.);
#7921 = ORIENTED_EDGE('',*,*,#7922,.F.);
#7922 = EDGE_CURVE('',#2011,#1925,#7923,.T.);
#7923 = LINE('',#7924,#7925);
#7924 = CARTESIAN_POINT('',(-2.435,-0.53,7.E-02));
#7925 = VECTOR('',#7926,1.);
#7926 = DIRECTION('',(1.,0.,-0.));
#7927 = ORIENTED_EDGE('',*,*,#2018,.F.);
#7928 = ORIENTED_EDGE('',*,*,#7929,.F.);
#7929 = EDGE_CURVE('',#2129,#2019,#7930,.T.);
#7930 = LINE('',#7931,#7932);
#7931 = CARTESIAN_POINT('',(-1.6,-0.53,0.45));
#7932 = VECTOR('',#7933,1.);
#7933 = DIRECTION('',(1.,0.,-0.));
#7934 = ORIENTED_EDGE('',*,*,#2136,.F.);
#7935 = ORIENTED_EDGE('',*,*,#7936,.F.);
#7936 = EDGE_CURVE('',#2223,#2137,#7937,.T.);
#7937 = LINE('',#7938,#7939);
#7938 = CARTESIAN_POINT('',(-2.435,-0.53,7.E-02));
#7939 = VECTOR('',#7940,1.);
#7940 = DIRECTION('',(1.,0.,-0.));
#7941 = ORIENTED_EDGE('',*,*,#2230,.F.);
#7942 = ORIENTED_EDGE('',*,*,#7943,.F.);
#7943 = EDGE_CURVE('',#2341,#2231,#7944,.T.);
#7944 = LINE('',#7945,#7946);
#7945 = CARTESIAN_POINT('',(-1.775,-0.53,0.45));
#7946 = VECTOR('',#7947,1.);
#7947 = DIRECTION('',(1.,0.,-0.));
#7948 = ORIENTED_EDGE('',*,*,#2348,.F.);
#7949 = ORIENTED_EDGE('',*,*,#7950,.F.);
#7950 = EDGE_CURVE('',#2435,#2349,#7951,.T.);
#7951 = LINE('',#7952,#7953);
#7952 = CARTESIAN_POINT('',(-2.435,-0.53,7.E-02));
#7953 = VECTOR('',#7954,1.);
#7954 = DIRECTION('',(1.,0.,-0.));
#7955 = ORIENTED_EDGE('',*,*,#2442,.F.);
#7956 = ORIENTED_EDGE('',*,*,#7957,.F.);
#7957 = EDGE_CURVE('',#2553,#2443,#7958,.T.);
#7958 = LINE('',#7959,#7960);
#7959 = CARTESIAN_POINT('',(-1.95,-0.53,0.45));
#7960 = VECTOR('',#7961,1.);
#7961 = DIRECTION('',(1.,0.,-0.));
#7962 = ORIENTED_EDGE('',*,*,#2560,.F.);
#7963 = PLANE('',#7964);
#7964 = AXIS2_PLACEMENT_3D('',#7965,#7966,#7967);
#7965 = CARTESIAN_POINT('',(-2.435,-0.53,7.E-02));
#7966 = DIRECTION('',(-0.,1.,0.));
#7967 = DIRECTION('',(0.,0.,1.));
#7968 = ADVANCED_FACE('',(#7969),#7985,.F.);
#7969 = FACE_BOUND('',#7970,.F.);
#7970 = EDGE_LOOP('',(#7971,#7977,#7978,#7984));
#7971 = ORIENTED_EDGE('',*,*,#7972,.F.);
#7972 = EDGE_CURVE('',#881,#723,#7973,.T.);
#7973 = LINE('',#7974,#7975);
#7974 = CARTESIAN_POINT('',(1.335,-0.505,3.E-02));
#7975 = VECTOR('',#7976,1.);
#7976 = DIRECTION('',(1.,0.,-0.));
#7977 = ORIENTED_EDGE('',*,*,#880,.T.);
#7978 = ORIENTED_EDGE('',*,*,#7979,.F.);
#7979 = EDGE_CURVE('',#731,#873,#7980,.T.);
#7980 = LINE('',#7981,#7982);
#7981 = CARTESIAN_POINT('',(-0.5175,-0.505,7.E-02));
#7982 = VECTOR('',#7983,1.);
#7983 = DIRECTION('',(-1.,0.,0.));
#7984 = ORIENTED_EDGE('',*,*,#730,.F.);
#7985 = PLANE('',#7986);
#7986 = AXIS2_PLACEMENT_3D('',#7987,#7988,#7989);
#7987 = CARTESIAN_POINT('',(1.4,-0.505,0.24));
#7988 = DIRECTION('',(0.,1.,0.));
#7989 = DIRECTION('',(0.,-0.,1.));
#7990 = ADVANCED_FACE('',(#7991),#7997,.T.);
#7991 = FACE_BOUND('',#7992,.F.);
#7992 = EDGE_LOOP('',(#7993,#7994,#7995,#7996));
#7993 = ORIENTED_EDGE('',*,*,#888,.T.);
#7994 = ORIENTED_EDGE('',*,*,#7972,.T.);
#7995 = ORIENTED_EDGE('',*,*,#722,.F.);
#7996 = ORIENTED_EDGE('',*,*,#809,.F.);
#7997 = PLANE('',#7998);
#7998 = AXIS2_PLACEMENT_3D('',#7999,#8000,#8001);
#7999 = CARTESIAN_POINT('',(1.335,-0.74,3.E-02));
#8000 = DIRECTION('',(0.,0.,1.));
#8001 = DIRECTION('',(1.,0.,-0.));
#8002 = ADVANCED_FACE('',(#8003),#8014,.T.);
#8003 = FACE_BOUND('',#8004,.T.);
#8004 = EDGE_LOOP('',(#8005,#8006,#8007,#8013));
#8005 = ORIENTED_EDGE('',*,*,#7721,.T.);
#8006 = ORIENTED_EDGE('',*,*,#1044,.T.);
#8007 = ORIENTED_EDGE('',*,*,#8008,.T.);
#8008 = EDGE_CURVE('',#1045,#983,#8009,.T.);
#8009 = LINE('',#8010,#8011);
#8010 = CARTESIAN_POINT('',(0.985,-0.74,0.1));
#8011 = VECTOR('',#8012,1.);
#8012 = DIRECTION('',(1.,0.,-0.));
#8013 = ORIENTED_EDGE('',*,*,#990,.F.);
#8014 = PLANE('',#8015);
#8015 = AXIS2_PLACEMENT_3D('',#8016,#8017,#8018);
#8016 = CARTESIAN_POINT('',(0.985,-0.74,3.E-02));
#8017 = DIRECTION('',(-0.,1.,0.));
#8018 = DIRECTION('',(0.,0.,1.));
#8019 = ADVANCED_FACE('',(#8020),#8031,.F.);
#8020 = FACE_BOUND('',#8021,.F.);
#8021 = EDGE_LOOP('',(#8022,#8023,#8024,#8025));
#8022 = ORIENTED_EDGE('',*,*,#1052,.F.);
#8023 = ORIENTED_EDGE('',*,*,#8008,.T.);
#8024 = ORIENTED_EDGE('',*,*,#982,.T.);
#8025 = ORIENTED_EDGE('',*,*,#8026,.T.);
#8026 = EDGE_CURVE('',#975,#1053,#8027,.T.);
#8027 = LINE('',#8028,#8029);
#8028 = CARTESIAN_POINT('',(0.985,-0.575,0.1));
#8029 = VECTOR('',#8030,1.);
#8030 = DIRECTION('',(-1.,-0.,0.));
#8031 = PLANE('',#8032);
#8032 = AXIS2_PLACEMENT_3D('',#8033,#8034,#8035);
#8033 = CARTESIAN_POINT('',(0.985,-0.74,0.1));
#8034 = DIRECTION('',(0.,0.,1.));
#8035 = DIRECTION('',(1.,0.,-0.));
#8036 = ADVANCED_FACE('',(#8037),#8048,.T.);
#8037 = FACE_BOUND('',#8038,.T.);
#8038 = EDGE_LOOP('',(#8039,#8040,#8041,#8047));
#8039 = ORIENTED_EDGE('',*,*,#8026,.T.);
#8040 = ORIENTED_EDGE('',*,*,#1060,.T.);
#8041 = ORIENTED_EDGE('',*,*,#8042,.T.);
#8042 = EDGE_CURVE('',#1061,#967,#8043,.T.);
#8043 = LINE('',#8044,#8045);
#8044 = CARTESIAN_POINT('',(0.985,-0.575,0.45));
#8045 = VECTOR('',#8046,1.);
#8046 = DIRECTION('',(1.,0.,-0.));
#8047 = ORIENTED_EDGE('',*,*,#974,.F.);
#8048 = PLANE('',#8049);
#8049 = AXIS2_PLACEMENT_3D('',#8050,#8051,#8052);
#8050 = CARTESIAN_POINT('',(0.985,-0.575,3.E-02));
#8051 = DIRECTION('',(-0.,1.,0.));
#8052 = DIRECTION('',(0.,0.,1.));
#8053 = ADVANCED_FACE('',(#8054),#8060,.F.);
#8054 = FACE_BOUND('',#8055,.F.);
#8055 = EDGE_LOOP('',(#8056,#8057,#8058,#8059));
#8056 = ORIENTED_EDGE('',*,*,#1068,.F.);
#8057 = ORIENTED_EDGE('',*,*,#8042,.T.);
#8058 = ORIENTED_EDGE('',*,*,#966,.T.);
#8059 = ORIENTED_EDGE('',*,*,#7859,.F.);
#8060 = PLANE('',#8061);
#8061 = AXIS2_PLACEMENT_3D('',#8062,#8063,#8064);
#8062 = CARTESIAN_POINT('',(0.985,-0.575,0.45));
#8063 = DIRECTION('',(0.,0.,1.));
#8064 = DIRECTION('',(1.,0.,-0.));
#8065 = ADVANCED_FACE('',(#8066),#8082,.F.);
#8066 = FACE_BOUND('',#8067,.F.);
#8067 = EDGE_LOOP('',(#8068,#8074,#8075,#8081));
#8068 = ORIENTED_EDGE('',*,*,#8069,.F.);
#8069 = EDGE_CURVE('',#1093,#935,#8070,.T.);
#8070 = LINE('',#8071,#8072);
#8071 = CARTESIAN_POINT('',(0.985,-0.505,3.E-02));
#8072 = VECTOR('',#8073,1.);
#8073 = DIRECTION('',(1.,0.,-0.));
#8074 = ORIENTED_EDGE('',*,*,#1092,.T.);
#8075 = ORIENTED_EDGE('',*,*,#8076,.F.);
#8076 = EDGE_CURVE('',#943,#1085,#8077,.T.);
#8077 = LINE('',#8078,#8079);
#8078 = CARTESIAN_POINT('',(-0.6925,-0.505,7.E-02));
#8079 = VECTOR('',#8080,1.);
#8080 = DIRECTION('',(-1.,0.,0.));
#8081 = ORIENTED_EDGE('',*,*,#942,.F.);
#8082 = PLANE('',#8083);
#8083 = AXIS2_PLACEMENT_3D('',#8084,#8085,#8086);
#8084 = CARTESIAN_POINT('',(1.05,-0.505,0.24));
#8085 = DIRECTION('',(0.,1.,0.));
#8086 = DIRECTION('',(0.,-0.,1.));
#8087 = ADVANCED_FACE('',(#8088),#8094,.T.);
#8088 = FACE_BOUND('',#8089,.F.);
#8089 = EDGE_LOOP('',(#8090,#8091,#8092,#8093));
#8090 = ORIENTED_EDGE('',*,*,#1100,.T.);
#8091 = ORIENTED_EDGE('',*,*,#8069,.T.);
#8092 = ORIENTED_EDGE('',*,*,#934,.F.);
#8093 = ORIENTED_EDGE('',*,*,#1021,.F.);
#8094 = PLANE('',#8095);
#8095 = AXIS2_PLACEMENT_3D('',#8096,#8097,#8098);
#8096 = CARTESIAN_POINT('',(0.985,-0.74,3.E-02));
#8097 = DIRECTION('',(0.,0.,1.));
#8098 = DIRECTION('',(1.,0.,-0.));
#8099 = ADVANCED_FACE('',(#8100),#8111,.T.);
#8100 = FACE_BOUND('',#8101,.T.);
#8101 = EDGE_LOOP('',(#8102,#8103,#8104,#8110));
#8102 = ORIENTED_EDGE('',*,*,#7704,.T.);
#8103 = ORIENTED_EDGE('',*,*,#1256,.T.);
#8104 = ORIENTED_EDGE('',*,*,#8105,.T.);
#8105 = EDGE_CURVE('',#1257,#1195,#8106,.T.);
#8106 = LINE('',#8107,#8108);
#8107 = CARTESIAN_POINT('',(0.635,-0.74,0.1));
#8108 = VECTOR('',#8109,1.);
#8109 = DIRECTION('',(1.,0.,-0.));
#8110 = ORIENTED_EDGE('',*,*,#1202,.F.);
#8111 = PLANE('',#8112);
#8112 = AXIS2_PLACEMENT_3D('',#8113,#8114,#8115);
#8113 = CARTESIAN_POINT('',(0.635,-0.74,3.E-02));
#8114 = DIRECTION('',(-0.,1.,0.));
#8115 = DIRECTION('',(0.,0.,1.));
#8116 = ADVANCED_FACE('',(#8117),#8128,.F.);
#8117 = FACE_BOUND('',#8118,.F.);
#8118 = EDGE_LOOP('',(#8119,#8120,#8121,#8122));
#8119 = ORIENTED_EDGE('',*,*,#1264,.F.);
#8120 = ORIENTED_EDGE('',*,*,#8105,.T.);
#8121 = ORIENTED_EDGE('',*,*,#1194,.T.);
#8122 = ORIENTED_EDGE('',*,*,#8123,.T.);
#8123 = EDGE_CURVE('',#1187,#1265,#8124,.T.);
#8124 = LINE('',#8125,#8126);
#8125 = CARTESIAN_POINT('',(0.635,-0.575,0.1));
#8126 = VECTOR('',#8127,1.);
#8127 = DIRECTION('',(-1.,-0.,0.));
#8128 = PLANE('',#8129);
#8129 = AXIS2_PLACEMENT_3D('',#8130,#8131,#8132);
#8130 = CARTESIAN_POINT('',(0.635,-0.74,0.1));
#8131 = DIRECTION('',(0.,0.,1.));
#8132 = DIRECTION('',(1.,0.,-0.));
#8133 = ADVANCED_FACE('',(#8134),#8145,.T.);
#8134 = FACE_BOUND('',#8135,.T.);
#8135 = EDGE_LOOP('',(#8136,#8137,#8138,#8144));
#8136 = ORIENTED_EDGE('',*,*,#8123,.T.);
#8137 = ORIENTED_EDGE('',*,*,#1272,.T.);
#8138 = ORIENTED_EDGE('',*,*,#8139,.T.);
#8139 = EDGE_CURVE('',#1273,#1179,#8140,.T.);
#8140 = LINE('',#8141,#8142);
#8141 = CARTESIAN_POINT('',(0.635,-0.575,0.45));
#8142 = VECTOR('',#8143,1.);
#8143 = DIRECTION('',(1.,0.,-0.));
#8144 = ORIENTED_EDGE('',*,*,#1186,.F.);
#8145 = PLANE('',#8146);
#8146 = AXIS2_PLACEMENT_3D('',#8147,#8148,#8149);
#8147 = CARTESIAN_POINT('',(0.635,-0.575,3.E-02));
#8148 = DIRECTION('',(-0.,1.,0.));
#8149 = DIRECTION('',(0.,0.,1.));
#8150 = ADVANCED_FACE('',(#8151),#8157,.F.);
#8151 = FACE_BOUND('',#8152,.F.);
#8152 = EDGE_LOOP('',(#8153,#8154,#8155,#8156));
#8153 = ORIENTED_EDGE('',*,*,#1280,.F.);
#8154 = ORIENTED_EDGE('',*,*,#8139,.T.);
#8155 = ORIENTED_EDGE('',*,*,#1178,.T.);
#8156 = ORIENTED_EDGE('',*,*,#7873,.F.);
#8157 = PLANE('',#8158);
#8158 = AXIS2_PLACEMENT_3D('',#8159,#8160,#8161);
#8159 = CARTESIAN_POINT('',(0.635,-0.575,0.45));
#8160 = DIRECTION('',(0.,0.,1.));
#8161 = DIRECTION('',(1.,0.,-0.));
#8162 = ADVANCED_FACE('',(#8163),#8179,.F.);
#8163 = FACE_BOUND('',#8164,.F.);
#8164 = EDGE_LOOP('',(#8165,#8171,#8172,#8178));
#8165 = ORIENTED_EDGE('',*,*,#8166,.F.);
#8166 = EDGE_CURVE('',#1305,#1147,#8167,.T.);
#8167 = LINE('',#8168,#8169);
#8168 = CARTESIAN_POINT('',(0.635,-0.505,3.E-02));
#8169 = VECTOR('',#8170,1.);
#8170 = DIRECTION('',(1.,0.,-0.));
#8171 = ORIENTED_EDGE('',*,*,#1304,.T.);
#8172 = ORIENTED_EDGE('',*,*,#8173,.F.);
#8173 = EDGE_CURVE('',#1155,#1297,#8174,.T.);
#8174 = LINE('',#8175,#8176);
#8175 = CARTESIAN_POINT('',(-0.8675,-0.505,7.E-02));
#8176 = VECTOR('',#8177,1.);
#8177 = DIRECTION('',(-1.,0.,0.));
#8178 = ORIENTED_EDGE('',*,*,#1154,.F.);
#8179 = PLANE('',#8180);
#8180 = AXIS2_PLACEMENT_3D('',#8181,#8182,#8183);
#8181 = CARTESIAN_POINT('',(0.7,-0.505,0.24));
#8182 = DIRECTION('',(0.,1.,0.));
#8183 = DIRECTION('',(0.,-0.,1.));
#8184 = ADVANCED_FACE('',(#8185),#8191,.T.);
#8185 = FACE_BOUND('',#8186,.F.);
#8186 = EDGE_LOOP('',(#8187,#8188,#8189,#8190));
#8187 = ORIENTED_EDGE('',*,*,#1312,.T.);
#8188 = ORIENTED_EDGE('',*,*,#8166,.T.);
#8189 = ORIENTED_EDGE('',*,*,#1146,.F.);
#8190 = ORIENTED_EDGE('',*,*,#1233,.F.);
#8191 = PLANE('',#8192);
#8192 = AXIS2_PLACEMENT_3D('',#8193,#8194,#8195);
#8193 = CARTESIAN_POINT('',(0.635,-0.74,3.E-02));
#8194 = DIRECTION('',(0.,0.,1.));
#8195 = DIRECTION('',(1.,0.,-0.));
#8196 = ADVANCED_FACE('',(#8197),#8208,.T.);
#8197 = FACE_BOUND('',#8198,.T.);
#8198 = EDGE_LOOP('',(#8199,#8200,#8201,#8207));
#8199 = ORIENTED_EDGE('',*,*,#7687,.T.);
#8200 = ORIENTED_EDGE('',*,*,#1468,.T.);
#8201 = ORIENTED_EDGE('',*,*,#8202,.T.);
#8202 = EDGE_CURVE('',#1469,#1407,#8203,.T.);
#8203 = LINE('',#8204,#8205);
#8204 = CARTESIAN_POINT('',(0.285,-0.74,0.1));
#8205 = VECTOR('',#8206,1.);
#8206 = DIRECTION('',(1.,0.,-0.));
#8207 = ORIENTED_EDGE('',*,*,#1414,.F.);
#8208 = PLANE('',#8209);
#8209 = AXIS2_PLACEMENT_3D('',#8210,#8211,#8212);
#8210 = CARTESIAN_POINT('',(0.285,-0.74,3.E-02));
#8211 = DIRECTION('',(-0.,1.,0.));
#8212 = DIRECTION('',(0.,0.,1.));
#8213 = ADVANCED_FACE('',(#8214),#8225,.F.);
#8214 = FACE_BOUND('',#8215,.F.);
#8215 = EDGE_LOOP('',(#8216,#8217,#8218,#8219));
#8216 = ORIENTED_EDGE('',*,*,#1476,.F.);
#8217 = ORIENTED_EDGE('',*,*,#8202,.T.);
#8218 = ORIENTED_EDGE('',*,*,#1406,.T.);
#8219 = ORIENTED_EDGE('',*,*,#8220,.T.);
#8220 = EDGE_CURVE('',#1399,#1477,#8221,.T.);
#8221 = LINE('',#8222,#8223);
#8222 = CARTESIAN_POINT('',(0.285,-0.575,0.1));
#8223 = VECTOR('',#8224,1.);
#8224 = DIRECTION('',(-1.,-0.,0.));
#8225 = PLANE('',#8226);
#8226 = AXIS2_PLACEMENT_3D('',#8227,#8228,#8229);
#8227 = CARTESIAN_POINT('',(0.285,-0.74,0.1));
#8228 = DIRECTION('',(0.,0.,1.));
#8229 = DIRECTION('',(1.,0.,-0.));
#8230 = ADVANCED_FACE('',(#8231),#8242,.T.);
#8231 = FACE_BOUND('',#8232,.T.);
#8232 = EDGE_LOOP('',(#8233,#8234,#8235,#8241));
#8233 = ORIENTED_EDGE('',*,*,#8220,.T.);
#8234 = ORIENTED_EDGE('',*,*,#1484,.T.);
#8235 = ORIENTED_EDGE('',*,*,#8236,.T.);
#8236 = EDGE_CURVE('',#1485,#1391,#8237,.T.);
#8237 = LINE('',#8238,#8239);
#8238 = CARTESIAN_POINT('',(0.285,-0.575,0.45));
#8239 = VECTOR('',#8240,1.);
#8240 = DIRECTION('',(1.,0.,-0.));
#8241 = ORIENTED_EDGE('',*,*,#1398,.F.);
#8242 = PLANE('',#8243);
#8243 = AXIS2_PLACEMENT_3D('',#8244,#8245,#8246);
#8244 = CARTESIAN_POINT('',(0.285,-0.575,3.E-02));
#8245 = DIRECTION('',(-0.,1.,0.));
#8246 = DIRECTION('',(0.,0.,1.));
#8247 = ADVANCED_FACE('',(#8248),#8254,.F.);
#8248 = FACE_BOUND('',#8249,.F.);
#8249 = EDGE_LOOP('',(#8250,#8251,#8252,#8253));
#8250 = ORIENTED_EDGE('',*,*,#1492,.F.);
#8251 = ORIENTED_EDGE('',*,*,#8236,.T.);
#8252 = ORIENTED_EDGE('',*,*,#1390,.T.);
#8253 = ORIENTED_EDGE('',*,*,#7887,.F.);
#8254 = PLANE('',#8255);
#8255 = AXIS2_PLACEMENT_3D('',#8256,#8257,#8258);
#8256 = CARTESIAN_POINT('',(0.285,-0.575,0.45));
#8257 = DIRECTION('',(0.,0.,1.));
#8258 = DIRECTION('',(1.,0.,-0.));
#8259 = ADVANCED_FACE('',(#8260),#8276,.F.);
#8260 = FACE_BOUND('',#8261,.F.);
#8261 = EDGE_LOOP('',(#8262,#8268,#8269,#8275));
#8262 = ORIENTED_EDGE('',*,*,#8263,.F.);
#8263 = EDGE_CURVE('',#1517,#1359,#8264,.T.);
#8264 = LINE('',#8265,#8266);
#8265 = CARTESIAN_POINT('',(0.285,-0.505,3.E-02));
#8266 = VECTOR('',#8267,1.);
#8267 = DIRECTION('',(1.,0.,-0.));
#8268 = ORIENTED_EDGE('',*,*,#1516,.T.);
#8269 = ORIENTED_EDGE('',*,*,#8270,.F.);
#8270 = EDGE_CURVE('',#1367,#1509,#8271,.T.);
#8271 = LINE('',#8272,#8273);
#8272 = CARTESIAN_POINT('',(-1.0425,-0.505,7.E-02));
#8273 = VECTOR('',#8274,1.);
#8274 = DIRECTION('',(-1.,0.,0.));
#8275 = ORIENTED_EDGE('',*,*,#1366,.F.);
#8276 = PLANE('',#8277);
#8277 = AXIS2_PLACEMENT_3D('',#8278,#8279,#8280);
#8278 = CARTESIAN_POINT('',(0.35,-0.505,0.24));
#8279 = DIRECTION('',(0.,1.,0.));
#8280 = DIRECTION('',(0.,-0.,1.));
#8281 = ADVANCED_FACE('',(#8282),#8288,.T.);
#8282 = FACE_BOUND('',#8283,.F.);
#8283 = EDGE_LOOP('',(#8284,#8285,#8286,#8287));
#8284 = ORIENTED_EDGE('',*,*,#1524,.T.);
#8285 = ORIENTED_EDGE('',*,*,#8263,.T.);
#8286 = ORIENTED_EDGE('',*,*,#1358,.F.);
#8287 = ORIENTED_EDGE('',*,*,#1445,.F.);
#8288 = PLANE('',#8289);
#8289 = AXIS2_PLACEMENT_3D('',#8290,#8291,#8292);
#8290 = CARTESIAN_POINT('',(0.285,-0.74,3.E-02));
#8291 = DIRECTION('',(0.,0.,1.));
#8292 = DIRECTION('',(1.,0.,-0.));
#8293 = ADVANCED_FACE('',(#8294),#8305,.T.);
#8294 = FACE_BOUND('',#8295,.T.);
#8295 = EDGE_LOOP('',(#8296,#8297,#8298,#8304));
#8296 = ORIENTED_EDGE('',*,*,#7670,.T.);
#8297 = ORIENTED_EDGE('',*,*,#1680,.T.);
#8298 = ORIENTED_EDGE('',*,*,#8299,.T.);
#8299 = EDGE_CURVE('',#1681,#1619,#8300,.T.);
#8300 = LINE('',#8301,#8302);
#8301 = CARTESIAN_POINT('',(-6.5E-02,-0.74,0.1));
#8302 = VECTOR('',#8303,1.);
#8303 = DIRECTION('',(1.,0.,-0.));
#8304 = ORIENTED_EDGE('',*,*,#1626,.F.);
#8305 = PLANE('',#8306);
#8306 = AXIS2_PLACEMENT_3D('',#8307,#8308,#8309);
#8307 = CARTESIAN_POINT('',(-6.5E-02,-0.74,3.E-02));
#8308 = DIRECTION('',(-0.,1.,0.));
#8309 = DIRECTION('',(0.,0.,1.));
#8310 = ADVANCED_FACE('',(#8311),#8322,.F.);
#8311 = FACE_BOUND('',#8312,.F.);
#8312 = EDGE_LOOP('',(#8313,#8314,#8315,#8316));
#8313 = ORIENTED_EDGE('',*,*,#1688,.F.);
#8314 = ORIENTED_EDGE('',*,*,#8299,.T.);
#8315 = ORIENTED_EDGE('',*,*,#1618,.T.);
#8316 = ORIENTED_EDGE('',*,*,#8317,.T.);
#8317 = EDGE_CURVE('',#1611,#1689,#8318,.T.);
#8318 = LINE('',#8319,#8320);
#8319 = CARTESIAN_POINT('',(-6.5E-02,-0.575,0.1));
#8320 = VECTOR('',#8321,1.);
#8321 = DIRECTION('',(-1.,-0.,0.));
#8322 = PLANE('',#8323);
#8323 = AXIS2_PLACEMENT_3D('',#8324,#8325,#8326);
#8324 = CARTESIAN_POINT('',(-6.5E-02,-0.74,0.1));
#8325 = DIRECTION('',(0.,0.,1.));
#8326 = DIRECTION('',(1.,0.,-0.));
#8327 = ADVANCED_FACE('',(#8328),#8339,.T.);
#8328 = FACE_BOUND('',#8329,.T.);
#8329 = EDGE_LOOP('',(#8330,#8331,#8332,#8338));
#8330 = ORIENTED_EDGE('',*,*,#8317,.T.);
#8331 = ORIENTED_EDGE('',*,*,#1696,.T.);
#8332 = ORIENTED_EDGE('',*,*,#8333,.T.);
#8333 = EDGE_CURVE('',#1697,#1603,#8334,.T.);
#8334 = LINE('',#8335,#8336);
#8335 = CARTESIAN_POINT('',(-6.5E-02,-0.575,0.45));
#8336 = VECTOR('',#8337,1.);
#8337 = DIRECTION('',(1.,0.,-0.));
#8338 = ORIENTED_EDGE('',*,*,#1610,.F.);
#8339 = PLANE('',#8340);
#8340 = AXIS2_PLACEMENT_3D('',#8341,#8342,#8343);
#8341 = CARTESIAN_POINT('',(-6.5E-02,-0.575,3.E-02));
#8342 = DIRECTION('',(-0.,1.,0.));
#8343 = DIRECTION('',(0.,0.,1.));
#8344 = ADVANCED_FACE('',(#8345),#8351,.F.);
#8345 = FACE_BOUND('',#8346,.F.);
#8346 = EDGE_LOOP('',(#8347,#8348,#8349,#8350));
#8347 = ORIENTED_EDGE('',*,*,#1704,.F.);
#8348 = ORIENTED_EDGE('',*,*,#8333,.T.);
#8349 = ORIENTED_EDGE('',*,*,#1602,.T.);
#8350 = ORIENTED_EDGE('',*,*,#7901,.F.);
#8351 = PLANE('',#8352);
#8352 = AXIS2_PLACEMENT_3D('',#8353,#8354,#8355);
#8353 = CARTESIAN_POINT('',(-6.5E-02,-0.575,0.45));
#8354 = DIRECTION('',(0.,0.,1.));
#8355 = DIRECTION('',(1.,0.,-0.));
#8356 = ADVANCED_FACE('',(#8357),#8373,.F.);
#8357 = FACE_BOUND('',#8358,.F.);
#8358 = EDGE_LOOP('',(#8359,#8365,#8366,#8372));
#8359 = ORIENTED_EDGE('',*,*,#8360,.F.);
#8360 = EDGE_CURVE('',#1729,#1571,#8361,.T.);
#8361 = LINE('',#8362,#8363);
#8362 = CARTESIAN_POINT('',(-6.5E-02,-0.505,3.E-02));
#8363 = VECTOR('',#8364,1.);
#8364 = DIRECTION('',(1.,0.,-0.));
#8365 = ORIENTED_EDGE('',*,*,#1728,.T.);
#8366 = ORIENTED_EDGE('',*,*,#8367,.F.);
#8367 = EDGE_CURVE('',#1579,#1721,#8368,.T.);
#8368 = LINE('',#8369,#8370);
#8369 = CARTESIAN_POINT('',(-1.2175,-0.505,7.E-02));
#8370 = VECTOR('',#8371,1.);
#8371 = DIRECTION('',(-1.,0.,0.));
#8372 = ORIENTED_EDGE('',*,*,#1578,.F.);
#8373 = PLANE('',#8374);
#8374 = AXIS2_PLACEMENT_3D('',#8375,#8376,#8377);
#8375 = CARTESIAN_POINT('',(1.577021341797E-18,-0.505,0.24));
#8376 = DIRECTION('',(0.,1.,0.));
#8377 = DIRECTION('',(0.,-0.,1.));
#8378 = ADVANCED_FACE('',(#8379),#8385,.T.);
#8379 = FACE_BOUND('',#8380,.F.);
#8380 = EDGE_LOOP('',(#8381,#8382,#8383,#8384));
#8381 = ORIENTED_EDGE('',*,*,#1736,.T.);
#8382 = ORIENTED_EDGE('',*,*,#8360,.T.);
#8383 = ORIENTED_EDGE('',*,*,#1570,.F.);
#8384 = ORIENTED_EDGE('',*,*,#1657,.F.);
#8385 = PLANE('',#8386);
#8386 = AXIS2_PLACEMENT_3D('',#8387,#8388,#8389);
#8387 = CARTESIAN_POINT('',(-6.5E-02,-0.74,3.E-02));
#8388 = DIRECTION('',(0.,0.,1.));
#8389 = DIRECTION('',(1.,0.,-0.));
#8390 = ADVANCED_FACE('',(#8391),#8402,.T.);
#8391 = FACE_BOUND('',#8392,.T.);
#8392 = EDGE_LOOP('',(#8393,#8394,#8395,#8401));
#8393 = ORIENTED_EDGE('',*,*,#7653,.T.);
#8394 = ORIENTED_EDGE('',*,*,#1892,.T.);
#8395 = ORIENTED_EDGE('',*,*,#8396,.T.);
#8396 = EDGE_CURVE('',#1893,#1831,#8397,.T.);
#8397 = LINE('',#8398,#8399);
#8398 = CARTESIAN_POINT('',(-0.415,-0.74,0.1));
#8399 = VECTOR('',#8400,1.);
#8400 = DIRECTION('',(1.,0.,-0.));
#8401 = ORIENTED_EDGE('',*,*,#1838,.F.);
#8402 = PLANE('',#8403);
#8403 = AXIS2_PLACEMENT_3D('',#8404,#8405,#8406);
#8404 = CARTESIAN_POINT('',(-0.415,-0.74,3.E-02));
#8405 = DIRECTION('',(-0.,1.,0.));
#8406 = DIRECTION('',(0.,0.,1.));
#8407 = ADVANCED_FACE('',(#8408),#8419,.F.);
#8408 = FACE_BOUND('',#8409,.F.);
#8409 = EDGE_LOOP('',(#8410,#8411,#8412,#8413));
#8410 = ORIENTED_EDGE('',*,*,#1900,.F.);
#8411 = ORIENTED_EDGE('',*,*,#8396,.T.);
#8412 = ORIENTED_EDGE('',*,*,#1830,.T.);
#8413 = ORIENTED_EDGE('',*,*,#8414,.T.);
#8414 = EDGE_CURVE('',#1823,#1901,#8415,.T.);
#8415 = LINE('',#8416,#8417);
#8416 = CARTESIAN_POINT('',(-0.415,-0.575,0.1));
#8417 = VECTOR('',#8418,1.);
#8418 = DIRECTION('',(-1.,-0.,0.));
#8419 = PLANE('',#8420);
#8420 = AXIS2_PLACEMENT_3D('',#8421,#8422,#8423);
#8421 = CARTESIAN_POINT('',(-0.415,-0.74,0.1));
#8422 = DIRECTION('',(0.,0.,1.));
#8423 = DIRECTION('',(1.,0.,-0.));
#8424 = ADVANCED_FACE('',(#8425),#8436,.T.);
#8425 = FACE_BOUND('',#8426,.T.);
#8426 = EDGE_LOOP('',(#8427,#8428,#8429,#8435));
#8427 = ORIENTED_EDGE('',*,*,#8414,.T.);
#8428 = ORIENTED_EDGE('',*,*,#1908,.T.);
#8429 = ORIENTED_EDGE('',*,*,#8430,.T.);
#8430 = EDGE_CURVE('',#1909,#1815,#8431,.T.);
#8431 = LINE('',#8432,#8433);
#8432 = CARTESIAN_POINT('',(-0.415,-0.575,0.45));
#8433 = VECTOR('',#8434,1.);
#8434 = DIRECTION('',(1.,0.,-0.));
#8435 = ORIENTED_EDGE('',*,*,#1822,.F.);
#8436 = PLANE('',#8437);
#8437 = AXIS2_PLACEMENT_3D('',#8438,#8439,#8440);
#8438 = CARTESIAN_POINT('',(-0.415,-0.575,3.E-02));
#8439 = DIRECTION('',(-0.,1.,0.));
#8440 = DIRECTION('',(0.,0.,1.));
#8441 = ADVANCED_FACE('',(#8442),#8448,.F.);
#8442 = FACE_BOUND('',#8443,.F.);
#8443 = EDGE_LOOP('',(#8444,#8445,#8446,#8447));
#8444 = ORIENTED_EDGE('',*,*,#1916,.F.);
#8445 = ORIENTED_EDGE('',*,*,#8430,.T.);
#8446 = ORIENTED_EDGE('',*,*,#1814,.T.);
#8447 = ORIENTED_EDGE('',*,*,#7915,.F.);
#8448 = PLANE('',#8449);
#8449 = AXIS2_PLACEMENT_3D('',#8450,#8451,#8452);
#8450 = CARTESIAN_POINT('',(-0.415,-0.575,0.45));
#8451 = DIRECTION('',(0.,0.,1.));
#8452 = DIRECTION('',(1.,0.,-0.));
#8453 = ADVANCED_FACE('',(#8454),#8470,.F.);
#8454 = FACE_BOUND('',#8455,.F.);
#8455 = EDGE_LOOP('',(#8456,#8462,#8463,#8469));
#8456 = ORIENTED_EDGE('',*,*,#8457,.F.);
#8457 = EDGE_CURVE('',#1941,#1783,#8458,.T.);
#8458 = LINE('',#8459,#8460);
#8459 = CARTESIAN_POINT('',(-0.415,-0.505,3.E-02));
#8460 = VECTOR('',#8461,1.);
#8461 = DIRECTION('',(1.,0.,-0.));
#8462 = ORIENTED_EDGE('',*,*,#1940,.T.);
#8463 = ORIENTED_EDGE('',*,*,#8464,.F.);
#8464 = EDGE_CURVE('',#1791,#1933,#8465,.T.);
#8465 = LINE('',#8466,#8467);
#8466 = CARTESIAN_POINT('',(-1.3925,-0.505,7.E-02));
#8467 = VECTOR('',#8468,1.);
#8468 = DIRECTION('',(-1.,0.,0.));
#8469 = ORIENTED_EDGE('',*,*,#1790,.F.);
#8470 = PLANE('',#8471);
#8471 = AXIS2_PLACEMENT_3D('',#8472,#8473,#8474);
#8472 = CARTESIAN_POINT('',(-0.35,-0.505,0.24));
#8473 = DIRECTION('',(0.,1.,0.));
#8474 = DIRECTION('',(0.,-0.,1.));
#8475 = ADVANCED_FACE('',(#8476),#8482,.T.);
#8476 = FACE_BOUND('',#8477,.F.);
#8477 = EDGE_LOOP('',(#8478,#8479,#8480,#8481));
#8478 = ORIENTED_EDGE('',*,*,#1948,.T.);
#8479 = ORIENTED_EDGE('',*,*,#8457,.T.);
#8480 = ORIENTED_EDGE('',*,*,#1782,.F.);
#8481 = ORIENTED_EDGE('',*,*,#1869,.F.);
#8482 = PLANE('',#8483);
#8483 = AXIS2_PLACEMENT_3D('',#8484,#8485,#8486);
#8484 = CARTESIAN_POINT('',(-0.415,-0.74,3.E-02));
#8485 = DIRECTION('',(0.,0.,1.));
#8486 = DIRECTION('',(1.,0.,-0.));
#8487 = ADVANCED_FACE('',(#8488),#8499,.T.);
#8488 = FACE_BOUND('',#8489,.T.);
#8489 = EDGE_LOOP('',(#8490,#8491,#8492,#8498));
#8490 = ORIENTED_EDGE('',*,*,#7636,.T.);
#8491 = ORIENTED_EDGE('',*,*,#2104,.T.);
#8492 = ORIENTED_EDGE('',*,*,#8493,.T.);
#8493 = EDGE_CURVE('',#2105,#2043,#8494,.T.);
#8494 = LINE('',#8495,#8496);
#8495 = CARTESIAN_POINT('',(-0.765,-0.74,0.1));
#8496 = VECTOR('',#8497,1.);
#8497 = DIRECTION('',(1.,0.,-0.));
#8498 = ORIENTED_EDGE('',*,*,#2050,.F.);
#8499 = PLANE('',#8500);
#8500 = AXIS2_PLACEMENT_3D('',#8501,#8502,#8503);
#8501 = CARTESIAN_POINT('',(-0.765,-0.74,3.E-02));
#8502 = DIRECTION('',(-0.,1.,0.));
#8503 = DIRECTION('',(0.,0.,1.));
#8504 = ADVANCED_FACE('',(#8505),#8516,.F.);
#8505 = FACE_BOUND('',#8506,.F.);
#8506 = EDGE_LOOP('',(#8507,#8508,#8509,#8510));
#8507 = ORIENTED_EDGE('',*,*,#2112,.F.);
#8508 = ORIENTED_EDGE('',*,*,#8493,.T.);
#8509 = ORIENTED_EDGE('',*,*,#2042,.T.);
#8510 = ORIENTED_EDGE('',*,*,#8511,.T.);
#8511 = EDGE_CURVE('',#2035,#2113,#8512,.T.);
#8512 = LINE('',#8513,#8514);
#8513 = CARTESIAN_POINT('',(-0.765,-0.575,0.1));
#8514 = VECTOR('',#8515,1.);
#8515 = DIRECTION('',(-1.,-0.,0.));
#8516 = PLANE('',#8517);
#8517 = AXIS2_PLACEMENT_3D('',#8518,#8519,#8520);
#8518 = CARTESIAN_POINT('',(-0.765,-0.74,0.1));
#8519 = DIRECTION('',(0.,0.,1.));
#8520 = DIRECTION('',(1.,0.,-0.));
#8521 = ADVANCED_FACE('',(#8522),#8533,.T.);
#8522 = FACE_BOUND('',#8523,.T.);
#8523 = EDGE_LOOP('',(#8524,#8525,#8526,#8532));
#8524 = ORIENTED_EDGE('',*,*,#8511,.T.);
#8525 = ORIENTED_EDGE('',*,*,#2120,.T.);
#8526 = ORIENTED_EDGE('',*,*,#8527,.T.);
#8527 = EDGE_CURVE('',#2121,#2027,#8528,.T.);
#8528 = LINE('',#8529,#8530);
#8529 = CARTESIAN_POINT('',(-0.765,-0.575,0.45));
#8530 = VECTOR('',#8531,1.);
#8531 = DIRECTION('',(1.,0.,-0.));
#8532 = ORIENTED_EDGE('',*,*,#2034,.F.);
#8533 = PLANE('',#8534);
#8534 = AXIS2_PLACEMENT_3D('',#8535,#8536,#8537);
#8535 = CARTESIAN_POINT('',(-0.765,-0.575,3.E-02));
#8536 = DIRECTION('',(-0.,1.,0.));
#8537 = DIRECTION('',(0.,0.,1.));
#8538 = ADVANCED_FACE('',(#8539),#8545,.F.);
#8539 = FACE_BOUND('',#8540,.F.);
#8540 = EDGE_LOOP('',(#8541,#8542,#8543,#8544));
#8541 = ORIENTED_EDGE('',*,*,#2128,.F.);
#8542 = ORIENTED_EDGE('',*,*,#8527,.T.);
#8543 = ORIENTED_EDGE('',*,*,#2026,.T.);
#8544 = ORIENTED_EDGE('',*,*,#7929,.F.);
#8545 = PLANE('',#8546);
#8546 = AXIS2_PLACEMENT_3D('',#8547,#8548,#8549);
#8547 = CARTESIAN_POINT('',(-0.765,-0.575,0.45));
#8548 = DIRECTION('',(0.,0.,1.));
#8549 = DIRECTION('',(1.,0.,-0.));
#8550 = ADVANCED_FACE('',(#8551),#8567,.F.);
#8551 = FACE_BOUND('',#8552,.F.);
#8552 = EDGE_LOOP('',(#8553,#8559,#8560,#8566));
#8553 = ORIENTED_EDGE('',*,*,#8554,.F.);
#8554 = EDGE_CURVE('',#2153,#1995,#8555,.T.);
#8555 = LINE('',#8556,#8557);
#8556 = CARTESIAN_POINT('',(-0.765,-0.505,3.E-02));
#8557 = VECTOR('',#8558,1.);
#8558 = DIRECTION('',(1.,0.,-0.));
#8559 = ORIENTED_EDGE('',*,*,#2152,.T.);
#8560 = ORIENTED_EDGE('',*,*,#8561,.F.);
#8561 = EDGE_CURVE('',#2003,#2145,#8562,.T.);
#8562 = LINE('',#8563,#8564);
#8563 = CARTESIAN_POINT('',(-1.5675,-0.505,7.E-02));
#8564 = VECTOR('',#8565,1.);
#8565 = DIRECTION('',(-1.,0.,0.));
#8566 = ORIENTED_EDGE('',*,*,#2002,.F.);
#8567 = PLANE('',#8568);
#8568 = AXIS2_PLACEMENT_3D('',#8569,#8570,#8571);
#8569 = CARTESIAN_POINT('',(-0.7,-0.505,0.24));
#8570 = DIRECTION('',(0.,1.,0.));
#8571 = DIRECTION('',(0.,-0.,1.));
#8572 = ADVANCED_FACE('',(#8573),#8579,.T.);
#8573 = FACE_BOUND('',#8574,.F.);
#8574 = EDGE_LOOP('',(#8575,#8576,#8577,#8578));
#8575 = ORIENTED_EDGE('',*,*,#2160,.T.);
#8576 = ORIENTED_EDGE('',*,*,#8554,.T.);
#8577 = ORIENTED_EDGE('',*,*,#1994,.F.);
#8578 = ORIENTED_EDGE('',*,*,#2081,.F.);
#8579 = PLANE('',#8580);
#8580 = AXIS2_PLACEMENT_3D('',#8581,#8582,#8583);
#8581 = CARTESIAN_POINT('',(-0.765,-0.74,3.E-02));
#8582 = DIRECTION('',(0.,0.,1.));
#8583 = DIRECTION('',(1.,0.,-0.));
#8584 = ADVANCED_FACE('',(#8585),#8596,.T.);
#8585 = FACE_BOUND('',#8586,.T.);
#8586 = EDGE_LOOP('',(#8587,#8588,#8589,#8595));
#8587 = ORIENTED_EDGE('',*,*,#7619,.T.);
#8588 = ORIENTED_EDGE('',*,*,#2316,.T.);
#8589 = ORIENTED_EDGE('',*,*,#8590,.T.);
#8590 = EDGE_CURVE('',#2317,#2255,#8591,.T.);
#8591 = LINE('',#8592,#8593);
#8592 = CARTESIAN_POINT('',(-1.115,-0.74,0.1));
#8593 = VECTOR('',#8594,1.);
#8594 = DIRECTION('',(1.,0.,-0.));
#8595 = ORIENTED_EDGE('',*,*,#2262,.F.);
#8596 = PLANE('',#8597);
#8597 = AXIS2_PLACEMENT_3D('',#8598,#8599,#8600);
#8598 = CARTESIAN_POINT('',(-1.115,-0.74,3.E-02));
#8599 = DIRECTION('',(-0.,1.,0.));
#8600 = DIRECTION('',(0.,0.,1.));
#8601 = ADVANCED_FACE('',(#8602),#8613,.F.);
#8602 = FACE_BOUND('',#8603,.F.);
#8603 = EDGE_LOOP('',(#8604,#8605,#8606,#8607));
#8604 = ORIENTED_EDGE('',*,*,#2324,.F.);
#8605 = ORIENTED_EDGE('',*,*,#8590,.T.);
#8606 = ORIENTED_EDGE('',*,*,#2254,.T.);
#8607 = ORIENTED_EDGE('',*,*,#8608,.T.);
#8608 = EDGE_CURVE('',#2247,#2325,#8609,.T.);
#8609 = LINE('',#8610,#8611);
#8610 = CARTESIAN_POINT('',(-1.115,-0.575,0.1));
#8611 = VECTOR('',#8612,1.);
#8612 = DIRECTION('',(-1.,-0.,0.));
#8613 = PLANE('',#8614);
#8614 = AXIS2_PLACEMENT_3D('',#8615,#8616,#8617);
#8615 = CARTESIAN_POINT('',(-1.115,-0.74,0.1));
#8616 = DIRECTION('',(0.,0.,1.));
#8617 = DIRECTION('',(1.,0.,-0.));
#8618 = ADVANCED_FACE('',(#8619),#8630,.T.);
#8619 = FACE_BOUND('',#8620,.T.);
#8620 = EDGE_LOOP('',(#8621,#8622,#8623,#8629));
#8621 = ORIENTED_EDGE('',*,*,#8608,.T.);
#8622 = ORIENTED_EDGE('',*,*,#2332,.T.);
#8623 = ORIENTED_EDGE('',*,*,#8624,.T.);
#8624 = EDGE_CURVE('',#2333,#2239,#8625,.T.);
#8625 = LINE('',#8626,#8627);
#8626 = CARTESIAN_POINT('',(-1.115,-0.575,0.45));
#8627 = VECTOR('',#8628,1.);
#8628 = DIRECTION('',(1.,0.,-0.));
#8629 = ORIENTED_EDGE('',*,*,#2246,.F.);
#8630 = PLANE('',#8631);
#8631 = AXIS2_PLACEMENT_3D('',#8632,#8633,#8634);
#8632 = CARTESIAN_POINT('',(-1.115,-0.575,3.E-02));
#8633 = DIRECTION('',(-0.,1.,0.));
#8634 = DIRECTION('',(0.,0.,1.));
#8635 = ADVANCED_FACE('',(#8636),#8642,.F.);
#8636 = FACE_BOUND('',#8637,.F.);
#8637 = EDGE_LOOP('',(#8638,#8639,#8640,#8641));
#8638 = ORIENTED_EDGE('',*,*,#2340,.F.);
#8639 = ORIENTED_EDGE('',*,*,#8624,.T.);
#8640 = ORIENTED_EDGE('',*,*,#2238,.T.);
#8641 = ORIENTED_EDGE('',*,*,#7943,.F.);
#8642 = PLANE('',#8643);
#8643 = AXIS2_PLACEMENT_3D('',#8644,#8645,#8646);
#8644 = CARTESIAN_POINT('',(-1.115,-0.575,0.45));
#8645 = DIRECTION('',(0.,0.,1.));
#8646 = DIRECTION('',(1.,0.,-0.));
#8647 = ADVANCED_FACE('',(#8648),#8664,.F.);
#8648 = FACE_BOUND('',#8649,.F.);
#8649 = EDGE_LOOP('',(#8650,#8656,#8657,#8663));
#8650 = ORIENTED_EDGE('',*,*,#8651,.F.);
#8651 = EDGE_CURVE('',#2365,#2207,#8652,.T.);
#8652 = LINE('',#8653,#8654);
#8653 = CARTESIAN_POINT('',(-1.115,-0.505,3.E-02));
#8654 = VECTOR('',#8655,1.);
#8655 = DIRECTION('',(1.,0.,-0.));
#8656 = ORIENTED_EDGE('',*,*,#2364,.T.);
#8657 = ORIENTED_EDGE('',*,*,#8658,.F.);
#8658 = EDGE_CURVE('',#2215,#2357,#8659,.T.);
#8659 = LINE('',#8660,#8661);
#8660 = CARTESIAN_POINT('',(-1.7425,-0.505,7.E-02));
#8661 = VECTOR('',#8662,1.);
#8662 = DIRECTION('',(-1.,0.,0.));
#8663 = ORIENTED_EDGE('',*,*,#2214,.F.);
#8664 = PLANE('',#8665);
#8665 = AXIS2_PLACEMENT_3D('',#8666,#8667,#8668);
#8666 = CARTESIAN_POINT('',(-1.05,-0.505,0.24));
#8667 = DIRECTION('',(0.,1.,0.));
#8668 = DIRECTION('',(0.,-0.,1.));
#8669 = ADVANCED_FACE('',(#8670),#8676,.T.);
#8670 = FACE_BOUND('',#8671,.F.);
#8671 = EDGE_LOOP('',(#8672,#8673,#8674,#8675));
#8672 = ORIENTED_EDGE('',*,*,#2372,.T.);
#8673 = ORIENTED_EDGE('',*,*,#8651,.T.);
#8674 = ORIENTED_EDGE('',*,*,#2206,.F.);
#8675 = ORIENTED_EDGE('',*,*,#2293,.F.);
#8676 = PLANE('',#8677);
#8677 = AXIS2_PLACEMENT_3D('',#8678,#8679,#8680);
#8678 = CARTESIAN_POINT('',(-1.115,-0.74,3.E-02));
#8679 = DIRECTION('',(0.,0.,1.));
#8680 = DIRECTION('',(1.,0.,-0.));
#8681 = ADVANCED_FACE('',(#8682),#8693,.T.);
#8682 = FACE_BOUND('',#8683,.T.);
#8683 = EDGE_LOOP('',(#8684,#8685,#8686,#8692));
#8684 = ORIENTED_EDGE('',*,*,#7602,.T.);
#8685 = ORIENTED_EDGE('',*,*,#2528,.T.);
#8686 = ORIENTED_EDGE('',*,*,#8687,.T.);
#8687 = EDGE_CURVE('',#2529,#2467,#8688,.T.);
#8688 = LINE('',#8689,#8690);
#8689 = CARTESIAN_POINT('',(-1.465,-0.74,0.1));
#8690 = VECTOR('',#8691,1.);
#8691 = DIRECTION('',(1.,0.,-0.));
#8692 = ORIENTED_EDGE('',*,*,#2474,.F.);
#8693 = PLANE('',#8694);
#8694 = AXIS2_PLACEMENT_3D('',#8695,#8696,#8697);
#8695 = CARTESIAN_POINT('',(-1.465,-0.74,3.E-02));
#8696 = DIRECTION('',(-0.,1.,0.));
#8697 = DIRECTION('',(0.,0.,1.));
#8698 = ADVANCED_FACE('',(#8699),#8710,.F.);
#8699 = FACE_BOUND('',#8700,.F.);
#8700 = EDGE_LOOP('',(#8701,#8702,#8703,#8704));
#8701 = ORIENTED_EDGE('',*,*,#2536,.F.);
#8702 = ORIENTED_EDGE('',*,*,#8687,.T.);
#8703 = ORIENTED_EDGE('',*,*,#2466,.T.);
#8704 = ORIENTED_EDGE('',*,*,#8705,.T.);
#8705 = EDGE_CURVE('',#2459,#2537,#8706,.T.);
#8706 = LINE('',#8707,#8708);
#8707 = CARTESIAN_POINT('',(-1.465,-0.575,0.1));
#8708 = VECTOR('',#8709,1.);
#8709 = DIRECTION('',(-1.,-0.,0.));
#8710 = PLANE('',#8711);
#8711 = AXIS2_PLACEMENT_3D('',#8712,#8713,#8714);
#8712 = CARTESIAN_POINT('',(-1.465,-0.74,0.1));
#8713 = DIRECTION('',(0.,0.,1.));
#8714 = DIRECTION('',(1.,0.,-0.));
#8715 = ADVANCED_FACE('',(#8716),#8727,.T.);
#8716 = FACE_BOUND('',#8717,.T.);
#8717 = EDGE_LOOP('',(#8718,#8719,#8720,#8726));
#8718 = ORIENTED_EDGE('',*,*,#8705,.T.);
#8719 = ORIENTED_EDGE('',*,*,#2544,.T.);
#8720 = ORIENTED_EDGE('',*,*,#8721,.T.);
#8721 = EDGE_CURVE('',#2545,#2451,#8722,.T.);
#8722 = LINE('',#8723,#8724);
#8723 = CARTESIAN_POINT('',(-1.465,-0.575,0.45));
#8724 = VECTOR('',#8725,1.);
#8725 = DIRECTION('',(1.,0.,-0.));
#8726 = ORIENTED_EDGE('',*,*,#2458,.F.);
#8727 = PLANE('',#8728);
#8728 = AXIS2_PLACEMENT_3D('',#8729,#8730,#8731);
#8729 = CARTESIAN_POINT('',(-1.465,-0.575,3.E-02));
#8730 = DIRECTION('',(-0.,1.,0.));
#8731 = DIRECTION('',(0.,0.,1.));
#8732 = ADVANCED_FACE('',(#8733),#8739,.F.);
#8733 = FACE_BOUND('',#8734,.F.);
#8734 = EDGE_LOOP('',(#8735,#8736,#8737,#8738));
#8735 = ORIENTED_EDGE('',*,*,#2552,.F.);
#8736 = ORIENTED_EDGE('',*,*,#8721,.T.);
#8737 = ORIENTED_EDGE('',*,*,#2450,.T.);
#8738 = ORIENTED_EDGE('',*,*,#7957,.F.);
#8739 = PLANE('',#8740);
#8740 = AXIS2_PLACEMENT_3D('',#8741,#8742,#8743);
#8741 = CARTESIAN_POINT('',(-1.465,-0.575,0.45));
#8742 = DIRECTION('',(0.,0.,1.));
#8743 = DIRECTION('',(1.,0.,-0.));
#8744 = ADVANCED_FACE('',(#8745),#8761,.F.);
#8745 = FACE_BOUND('',#8746,.F.);
#8746 = EDGE_LOOP('',(#8747,#8753,#8754,#8760));
#8747 = ORIENTED_EDGE('',*,*,#8748,.F.);
#8748 = EDGE_CURVE('',#2577,#2419,#8749,.T.);
#8749 = LINE('',#8750,#8751);
#8750 = CARTESIAN_POINT('',(-1.465,-0.505,3.E-02));
#8751 = VECTOR('',#8752,1.);
#8752 = DIRECTION('',(1.,0.,-0.));
#8753 = ORIENTED_EDGE('',*,*,#2576,.T.);
#8754 = ORIENTED_EDGE('',*,*,#8755,.F.);
#8755 = EDGE_CURVE('',#2427,#2569,#8756,.T.);
#8756 = LINE('',#8757,#8758);
#8757 = CARTESIAN_POINT('',(-1.9175,-0.505,7.E-02));
#8758 = VECTOR('',#8759,1.);
#8759 = DIRECTION('',(-1.,0.,0.));
#8760 = ORIENTED_EDGE('',*,*,#2426,.F.);
#8761 = PLANE('',#8762);
#8762 = AXIS2_PLACEMENT_3D('',#8763,#8764,#8765);
#8763 = CARTESIAN_POINT('',(-1.4,-0.505,0.24));
#8764 = DIRECTION('',(0.,1.,0.));
#8765 = DIRECTION('',(0.,-0.,1.));
#8766 = ADVANCED_FACE('',(#8767),#8773,.T.);
#8767 = FACE_BOUND('',#8768,.F.);
#8768 = EDGE_LOOP('',(#8769,#8770,#8771,#8772));
#8769 = ORIENTED_EDGE('',*,*,#2584,.T.);
#8770 = ORIENTED_EDGE('',*,*,#8748,.T.);
#8771 = ORIENTED_EDGE('',*,*,#2418,.F.);
#8772 = ORIENTED_EDGE('',*,*,#2505,.F.);
#8773 = PLANE('',#8774);
#8774 = AXIS2_PLACEMENT_3D('',#8775,#8776,#8777);
#8775 = CARTESIAN_POINT('',(-1.465,-0.74,3.E-02));
#8776 = DIRECTION('',(0.,0.,1.));
#8777 = DIRECTION('',(1.,0.,-0.));
#8778 = ADVANCED_FACE('',(#8779),#8785,.F.);
#8779 = FACE_BOUND('',#8780,.F.);
#8780 = EDGE_LOOP('',(#8781,#8782,#8783,#8784));
#8781 = ORIENTED_EDGE('',*,*,#2715,.F.);
#8782 = ORIENTED_EDGE('',*,*,#5936,.T.);
#8783 = ORIENTED_EDGE('',*,*,#2622,.T.);
#8784 = ORIENTED_EDGE('',*,*,#2668,.F.);
#8785 = PLANE('',#8786);
#8786 = AXIS2_PLACEMENT_3D('',#8787,#8788,#8789);
#8787 = CARTESIAN_POINT('',(-2.2,-0.9,8.E-02));
#8788 = DIRECTION('',(0.,0.,1.));
#8789 = DIRECTION('',(1.,0.,-0.));
#8790 = ADVANCED_FACE('',(#8791),#8802,.F.);
#8791 = FACE_BOUND('',#8792,.F.);
#8792 = EDGE_LOOP('',(#8793,#8794,#8800,#8801));
#8793 = ORIENTED_EDGE('',*,*,#6337,.T.);
#8794 = ORIENTED_EDGE('',*,*,#8795,.T.);
#8795 = EDGE_CURVE('',#6330,#5739,#8796,.T.);
#8796 = LINE('',#8797,#8798);
#8797 = CARTESIAN_POINT('',(-1.82,0.515,7.E-02));
#8798 = VECTOR('',#8799,1.);
#8799 = DIRECTION('',(-0.,1.,0.));
#8800 = ORIENTED_EDGE('',*,*,#5738,.T.);
#8801 = ORIENTED_EDGE('',*,*,#6054,.F.);
#8802 = PLANE('',#8803);
#8803 = AXIS2_PLACEMENT_3D('',#8804,#8805,#8806);
#8804 = CARTESIAN_POINT('',(-1.82,0.515,7.E-02));
#8805 = DIRECTION('',(1.,0.,-0.));
#8806 = DIRECTION('',(0.,0.,1.));
#8807 = ADVANCED_FACE('',(#8808),#8819,.F.);
#8808 = FACE_BOUND('',#8809,.F.);
#8809 = EDGE_LOOP('',(#8810,#8811,#8817,#8818));
#8810 = ORIENTED_EDGE('',*,*,#5871,.F.);
#8811 = ORIENTED_EDGE('',*,*,#8812,.T.);
#8812 = EDGE_CURVE('',#5872,#7821,#8813,.T.);
#8813 = LINE('',#8814,#8815);
#8814 = CARTESIAN_POINT('',(-1.82,-0.61,7.E-02));
#8815 = VECTOR('',#8816,1.);
#8816 = DIRECTION('',(-0.,1.,0.));
#8817 = ORIENTED_EDGE('',*,*,#7828,.F.);
#8818 = ORIENTED_EDGE('',*,*,#7582,.F.);
#8819 = PLANE('',#8820);
#8820 = AXIS2_PLACEMENT_3D('',#8821,#8822,#8823);
#8821 = CARTESIAN_POINT('',(-1.82,-0.61,7.E-02));
#8822 = DIRECTION('',(1.,0.,-0.));
#8823 = DIRECTION('',(0.,0.,1.));
#8824 = ADVANCED_FACE('',(#8825),#8836,.T.);
#8825 = FACE_BOUND('',#8826,.T.);
#8826 = EDGE_LOOP('',(#8827,#8828,#8834,#8835));
#8827 = ORIENTED_EDGE('',*,*,#6086,.F.);
#8828 = ORIENTED_EDGE('',*,*,#8829,.F.);
#8829 = EDGE_CURVE('',#7376,#6079,#8830,.T.);
#8830 = LINE('',#8831,#8832);
#8831 = CARTESIAN_POINT('',(2.,0.61,0.26));
#8832 = VECTOR('',#8833,1.);
#8833 = DIRECTION('',(0.,0.,1.));
#8834 = ORIENTED_EDGE('',*,*,#7375,.T.);
#8835 = ORIENTED_EDGE('',*,*,#7312,.T.);
#8836 = PLANE('',#8837);
#8837 = AXIS2_PLACEMENT_3D('',#8838,#8839,#8840);
#8838 = CARTESIAN_POINT('',(2.,-0.9,0.45));
#8839 = DIRECTION('',(1.,0.,-0.));
#8840 = DIRECTION('',(0.,0.,1.));
#8841 = ADVANCED_FACE('',(#8842),#8869,.F.);
#8842 = FACE_BOUND('',#8843,.F.);
#8843 = EDGE_LOOP('',(#8844,#8852,#8860,#8866,#8867,#8868));
#8844 = ORIENTED_EDGE('',*,*,#8845,.F.);
#8845 = EDGE_CURVE('',#8846,#7384,#8848,.T.);
#8846 = VERTEX_POINT('',#8847);
#8847 = CARTESIAN_POINT('',(2.02,0.61,7.E-02));
#8848 = LINE('',#8849,#8850);
#8849 = CARTESIAN_POINT('',(2.02,0.61,7.E-02));
#8850 = VECTOR('',#8851,1.);
#8851 = DIRECTION('',(0.,0.,1.));
#8852 = ORIENTED_EDGE('',*,*,#8853,.F.);
#8853 = EDGE_CURVE('',#8854,#8846,#8856,.T.);
#8854 = VERTEX_POINT('',#8855);
#8855 = CARTESIAN_POINT('',(1.82,0.61,7.E-02));
#8856 = LINE('',#8857,#8858);
#8857 = CARTESIAN_POINT('',(1.82,0.61,7.E-02));
#8858 = VECTOR('',#8859,1.);
#8859 = DIRECTION('',(1.,0.,-0.));
#8860 = ORIENTED_EDGE('',*,*,#8861,.T.);
#8861 = EDGE_CURVE('',#8854,#6071,#8862,.T.);
#8862 = LINE('',#8863,#8864);
#8863 = CARTESIAN_POINT('',(1.82,0.61,7.E-02));
#8864 = VECTOR('',#8865,1.);
#8865 = DIRECTION('',(0.,0.,1.));
#8866 = ORIENTED_EDGE('',*,*,#6078,.T.);
#8867 = ORIENTED_EDGE('',*,*,#8829,.F.);
#8868 = ORIENTED_EDGE('',*,*,#7383,.F.);
#8869 = PLANE('',#8870);
#8870 = AXIS2_PLACEMENT_3D('',#8871,#8872,#8873);
#8871 = CARTESIAN_POINT('',(1.82,0.61,7.E-02));
#8872 = DIRECTION('',(-0.,1.,0.));
#8873 = DIRECTION('',(0.,0.,1.));
#8874 = ADVANCED_FACE('',(#8875),#8886,.T.);
#8875 = FACE_BOUND('',#8876,.T.);
#8876 = EDGE_LOOP('',(#8877,#8878,#8884,#8885));
#8877 = ORIENTED_EDGE('',*,*,#6344,.T.);
#8878 = ORIENTED_EDGE('',*,*,#8879,.T.);
#8879 = EDGE_CURVE('',#6345,#8854,#8880,.T.);
#8880 = LINE('',#8881,#8882);
#8881 = CARTESIAN_POINT('',(1.82,0.515,7.E-02));
#8882 = VECTOR('',#8883,1.);
#8883 = DIRECTION('',(-0.,1.,0.));
#8884 = ORIENTED_EDGE('',*,*,#8861,.T.);
#8885 = ORIENTED_EDGE('',*,*,#6070,.F.);
#8886 = PLANE('',#8887);
#8887 = AXIS2_PLACEMENT_3D('',#8888,#8889,#8890);
#8888 = CARTESIAN_POINT('',(1.82,0.515,7.E-02));
#8889 = DIRECTION('',(1.,0.,-0.));
#8890 = DIRECTION('',(0.,0.,1.));
#8891 = ADVANCED_FACE('',(#8892),#8903,.T.);
#8892 = FACE_BOUND('',#8893,.T.);
#8893 = EDGE_LOOP('',(#8894,#8895,#8896,#8897));
#8894 = ORIENTED_EDGE('',*,*,#7550,.F.);
#8895 = ORIENTED_EDGE('',*,*,#7519,.F.);
#8896 = ORIENTED_EDGE('',*,*,#7334,.T.);
#8897 = ORIENTED_EDGE('',*,*,#8898,.T.);
#8898 = EDGE_CURVE('',#7337,#7551,#8899,.T.);
#8899 = LINE('',#8900,#8901);
#8900 = CARTESIAN_POINT('',(2.,-0.61,0.26));
#8901 = VECTOR('',#8902,1.);
#8902 = DIRECTION('',(0.,0.,1.));
#8903 = PLANE('',#8904);
#8904 = AXIS2_PLACEMENT_3D('',#8905,#8906,#8907);
#8905 = CARTESIAN_POINT('',(2.,-0.9,0.45));
#8906 = DIRECTION('',(1.,0.,-0.));
#8907 = DIRECTION('',(0.,0.,1.));
#8908 = ADVANCED_FACE('',(#8909),#8936,.T.);
#8909 = FACE_BOUND('',#8910,.T.);
#8910 = EDGE_LOOP('',(#8911,#8919,#8927,#8933,#8934,#8935));
#8911 = ORIENTED_EDGE('',*,*,#8912,.F.);
#8912 = EDGE_CURVE('',#8913,#7424,#8915,.T.);
#8913 = VERTEX_POINT('',#8914);
#8914 = CARTESIAN_POINT('',(2.02,-0.61,7.E-02));
#8915 = LINE('',#8916,#8917);
#8916 = CARTESIAN_POINT('',(2.02,-0.61,7.E-02));
#8917 = VECTOR('',#8918,1.);
#8918 = DIRECTION('',(0.,0.,1.));
#8919 = ORIENTED_EDGE('',*,*,#8920,.F.);
#8920 = EDGE_CURVE('',#8921,#8913,#8923,.T.);
#8921 = VERTEX_POINT('',#8922);
#8922 = CARTESIAN_POINT('',(1.82,-0.61,7.E-02));
#8923 = LINE('',#8924,#8925);
#8924 = CARTESIAN_POINT('',(1.82,-0.61,7.E-02));
#8925 = VECTOR('',#8926,1.);
#8926 = DIRECTION('',(1.,0.,-0.));
#8927 = ORIENTED_EDGE('',*,*,#8928,.T.);
#8928 = EDGE_CURVE('',#8921,#7559,#8929,.T.);
#8929 = LINE('',#8930,#8931);
#8930 = CARTESIAN_POINT('',(1.82,-0.61,7.E-02));
#8931 = VECTOR('',#8932,1.);
#8932 = DIRECTION('',(0.,0.,1.));
#8933 = ORIENTED_EDGE('',*,*,#7558,.T.);
#8934 = ORIENTED_EDGE('',*,*,#8898,.F.);
#8935 = ORIENTED_EDGE('',*,*,#7431,.F.);
#8936 = PLANE('',#8937);
#8937 = AXIS2_PLACEMENT_3D('',#8938,#8939,#8940);
#8938 = CARTESIAN_POINT('',(1.82,-0.61,7.E-02));
#8939 = DIRECTION('',(-0.,1.,0.));
#8940 = DIRECTION('',(0.,0.,1.));
#8941 = ADVANCED_FACE('',(#8942),#8960,.F.);
#8942 = FACE_BOUND('',#8943,.F.);
#8943 = EDGE_LOOP('',(#8944,#8945,#8953,#8959));
#8944 = ORIENTED_EDGE('',*,*,#8912,.F.);
#8945 = ORIENTED_EDGE('',*,*,#8946,.T.);
#8946 = EDGE_CURVE('',#8913,#8947,#8949,.T.);
#8947 = VERTEX_POINT('',#8948);
#8948 = CARTESIAN_POINT('',(2.02,-0.53,7.E-02));
#8949 = LINE('',#8950,#8951);
#8950 = CARTESIAN_POINT('',(2.02,-0.61,7.E-02));
#8951 = VECTOR('',#8952,1.);
#8952 = DIRECTION('',(-0.,1.,0.));
#8953 = ORIENTED_EDGE('',*,*,#8954,.F.);
#8954 = EDGE_CURVE('',#7416,#8947,#8955,.T.);
#8955 = LINE('',#8956,#8957);
#8956 = CARTESIAN_POINT('',(2.02,-0.53,7.E-02));
#8957 = VECTOR('',#8958,1.);
#8958 = DIRECTION('',(-0.,0.,-1.));
#8959 = ORIENTED_EDGE('',*,*,#7423,.F.);
#8960 = PLANE('',#8961);
#8961 = AXIS2_PLACEMENT_3D('',#8962,#8963,#8964);
#8962 = CARTESIAN_POINT('',(2.02,-0.61,7.E-02));
#8963 = DIRECTION('',(1.,0.,-0.));
#8964 = DIRECTION('',(0.,0.,1.));
#8965 = ADVANCED_FACE('',(#8966),#8991,.F.);
#8966 = FACE_BOUND('',#8967,.F.);
#8967 = EDGE_LOOP('',(#8968,#8976,#8984,#8990));
#8968 = ORIENTED_EDGE('',*,*,#8969,.F.);
#8969 = EDGE_CURVE('',#8970,#7408,#8972,.T.);
#8970 = VERTEX_POINT('',#8971);
#8971 = CARTESIAN_POINT('',(2.515,-0.53,7.E-02));
#8972 = LINE('',#8973,#8974);
#8973 = CARTESIAN_POINT('',(2.515,-0.53,7.E-02));
#8974 = VECTOR('',#8975,1.);
#8975 = DIRECTION('',(0.,0.,1.));
#8976 = ORIENTED_EDGE('',*,*,#8977,.T.);
#8977 = EDGE_CURVE('',#8970,#8978,#8980,.T.);
#8978 = VERTEX_POINT('',#8979);
#8979 = CARTESIAN_POINT('',(2.515,0.53,7.E-02));
#8980 = LINE('',#8981,#8982);
#8981 = CARTESIAN_POINT('',(2.515,-0.53,7.E-02));
#8982 = VECTOR('',#8983,1.);
#8983 = DIRECTION('',(-0.,1.,0.));
#8984 = ORIENTED_EDGE('',*,*,#8985,.T.);
#8985 = EDGE_CURVE('',#8978,#7400,#8986,.T.);
#8986 = LINE('',#8987,#8988);
#8987 = CARTESIAN_POINT('',(2.515,0.53,7.E-02));
#8988 = VECTOR('',#8989,1.);
#8989 = DIRECTION('',(0.,0.,1.));
#8990 = ORIENTED_EDGE('',*,*,#7407,.F.);
#8991 = PLANE('',#8992);
#8992 = AXIS2_PLACEMENT_3D('',#8993,#8994,#8995);
#8993 = CARTESIAN_POINT('',(2.515,-0.53,7.E-02));
#8994 = DIRECTION('',(1.,0.,-0.));
#8995 = DIRECTION('',(0.,0.,1.));
#8996 = ADVANCED_FACE('',(#8997),#9015,.F.);
#8997 = FACE_BOUND('',#8998,.F.);
#8998 = EDGE_LOOP('',(#8999,#9000,#9008,#9014));
#8999 = ORIENTED_EDGE('',*,*,#7391,.F.);
#9000 = ORIENTED_EDGE('',*,*,#9001,.T.);
#9001 = EDGE_CURVE('',#7392,#9002,#9004,.T.);
#9002 = VERTEX_POINT('',#9003);
#9003 = CARTESIAN_POINT('',(2.02,0.53,7.E-02));
#9004 = LINE('',#9005,#9006);
#9005 = CARTESIAN_POINT('',(2.02,0.53,7.E-02));
#9006 = VECTOR('',#9007,1.);
#9007 = DIRECTION('',(-0.,0.,-1.));
#9008 = ORIENTED_EDGE('',*,*,#9009,.T.);
#9009 = EDGE_CURVE('',#9002,#8846,#9010,.T.);
#9010 = LINE('',#9011,#9012);
#9011 = CARTESIAN_POINT('',(2.02,0.515,7.E-02));
#9012 = VECTOR('',#9013,1.);
#9013 = DIRECTION('',(-0.,1.,0.));
#9014 = ORIENTED_EDGE('',*,*,#8845,.T.);
#9015 = PLANE('',#9016);
#9016 = AXIS2_PLACEMENT_3D('',#9017,#9018,#9019);
#9017 = CARTESIAN_POINT('',(2.02,0.515,7.E-02));
#9018 = DIRECTION('',(1.,0.,-0.));
#9019 = DIRECTION('',(0.,0.,1.));
#9020 = ADVANCED_FACE('',(#9021),#9032,.T.);
#9021 = FACE_BOUND('',#9022,.T.);
#9022 = EDGE_LOOP('',(#9023,#9024,#9030,#9031));
#9023 = ORIENTED_EDGE('',*,*,#8928,.F.);
#9024 = ORIENTED_EDGE('',*,*,#9025,.T.);
#9025 = EDGE_CURVE('',#8921,#7836,#9026,.T.);
#9026 = LINE('',#9027,#9028);
#9027 = CARTESIAN_POINT('',(1.82,-0.61,7.E-02));
#9028 = VECTOR('',#9029,1.);
#9029 = DIRECTION('',(-0.,1.,0.));
#9030 = ORIENTED_EDGE('',*,*,#7835,.F.);
#9031 = ORIENTED_EDGE('',*,*,#7566,.F.);
#9032 = PLANE('',#9033);
#9033 = AXIS2_PLACEMENT_3D('',#9034,#9035,#9036);
#9034 = CARTESIAN_POINT('',(1.82,-0.61,7.E-02));
#9035 = DIRECTION('',(1.,0.,-0.));
#9036 = DIRECTION('',(0.,0.,1.));
#9037 = ADVANCED_FACE('',(#9038),#9214,.T.);
#9038 = FACE_BOUND('',#9039,.T.);
#9039 = EDGE_LOOP('',(#9040,#9041,#9042,#9050,#9058,#9066,#9074,#9080,
    #9081,#9082,#9083,#9084,#9085,#9086,#9087,#9088,#9089,#9090,#9091,
    #9092,#9093,#9094,#9095,#9096,#9097,#9098,#9099,#9100,#9101,#9102,
    #9103,#9104,#9105,#9106,#9107,#9108,#9109,#9110,#9111,#9112,#9113,
    #9114,#9115,#9116,#9117,#9118,#9119,#9120,#9121,#9122,#9123,#9124,
    #9125,#9126,#9127,#9128,#9129,#9137,#9145,#9153,#9161,#9167,#9168,
    #9169,#9170,#9171,#9172,#9173,#9174,#9175,#9176,#9177,#9178,#9179,
    #9180,#9181,#9182,#9183,#9184,#9185,#9186,#9187,#9188,#9189,#9190,
    #9191,#9192,#9193,#9194,#9195,#9196,#9197,#9198,#9199,#9200,#9201,
    #9202,#9203,#9204,#9205,#9206,#9207,#9208,#9209,#9210,#9211,#9212,
    #9213));
#9040 = ORIENTED_EDGE('',*,*,#2748,.T.);
#9041 = ORIENTED_EDGE('',*,*,#2801,.T.);
#9042 = ORIENTED_EDGE('',*,*,#9043,.T.);
#9043 = EDGE_CURVE('',#2802,#9044,#9046,.T.);
#9044 = VERTEX_POINT('',#9045);
#9045 = CARTESIAN_POINT('',(-2.86,-0.36,0.));
#9046 = LINE('',#9047,#9048);
#9047 = CARTESIAN_POINT('',(-2.86,-0.38,0.));
#9048 = VECTOR('',#9049,1.);
#9049 = DIRECTION('',(-0.,1.,0.));
#9050 = ORIENTED_EDGE('',*,*,#9051,.T.);
#9051 = EDGE_CURVE('',#9044,#9052,#9054,.T.);
#9052 = VERTEX_POINT('',#9053);
#9053 = CARTESIAN_POINT('',(-2.8,-0.36,0.));
#9054 = LINE('',#9055,#9056);
#9055 = CARTESIAN_POINT('',(-2.94,-0.36,0.));
#9056 = VECTOR('',#9057,1.);
#9057 = DIRECTION('',(1.,0.,-0.));
#9058 = ORIENTED_EDGE('',*,*,#9059,.T.);
#9059 = EDGE_CURVE('',#9052,#9060,#9062,.T.);
#9060 = VERTEX_POINT('',#9061);
#9061 = CARTESIAN_POINT('',(-2.8,0.36,0.));
#9062 = LINE('',#9063,#9064);
#9063 = CARTESIAN_POINT('',(-2.8,-0.36,0.));
#9064 = VECTOR('',#9065,1.);
#9065 = DIRECTION('',(-0.,1.,0.));
#9066 = ORIENTED_EDGE('',*,*,#9067,.F.);
#9067 = EDGE_CURVE('',#9068,#9060,#9070,.T.);
#9068 = VERTEX_POINT('',#9069);
#9069 = CARTESIAN_POINT('',(-2.86,0.36,0.));
#9070 = LINE('',#9071,#9072);
#9071 = CARTESIAN_POINT('',(-2.94,0.36,0.));
#9072 = VECTOR('',#9073,1.);
#9073 = DIRECTION('',(1.,0.,-0.));
#9074 = ORIENTED_EDGE('',*,*,#9075,.T.);
#9075 = EDGE_CURVE('',#9068,#3030,#9076,.T.);
#9076 = LINE('',#9077,#9078);
#9077 = CARTESIAN_POINT('',(-2.86,-0.38,0.));
#9078 = VECTOR('',#9079,1.);
#9079 = DIRECTION('',(-0.,1.,0.));
#9080 = ORIENTED_EDGE('',*,*,#3027,.F.);
#9081 = ORIENTED_EDGE('',*,*,#3083,.T.);
#9082 = ORIENTED_EDGE('',*,*,#3105,.T.);
#9083 = ORIENTED_EDGE('',*,*,#3161,.F.);
#9084 = ORIENTED_EDGE('',*,*,#3183,.T.);
#9085 = ORIENTED_EDGE('',*,*,#3231,.T.);
#9086 = ORIENTED_EDGE('',*,*,#3261,.T.);
#9087 = ORIENTED_EDGE('',*,*,#3580,.F.);
#9088 = ORIENTED_EDGE('',*,*,#3685,.T.);
#9089 = ORIENTED_EDGE('',*,*,#3707,.T.);
#9090 = ORIENTED_EDGE('',*,*,#3542,.T.);
#9091 = ORIENTED_EDGE('',*,*,#3792,.F.);
#9092 = ORIENTED_EDGE('',*,*,#3897,.T.);
#9093 = ORIENTED_EDGE('',*,*,#3919,.T.);
#9094 = ORIENTED_EDGE('',*,*,#3510,.T.);
#9095 = ORIENTED_EDGE('',*,*,#4004,.F.);
#9096 = ORIENTED_EDGE('',*,*,#4109,.T.);
#9097 = ORIENTED_EDGE('',*,*,#4131,.T.);
#9098 = ORIENTED_EDGE('',*,*,#3478,.T.);
#9099 = ORIENTED_EDGE('',*,*,#4216,.F.);
#9100 = ORIENTED_EDGE('',*,*,#4321,.T.);
#9101 = ORIENTED_EDGE('',*,*,#4343,.T.);
#9102 = ORIENTED_EDGE('',*,*,#3446,.T.);
#9103 = ORIENTED_EDGE('',*,*,#4428,.F.);
#9104 = ORIENTED_EDGE('',*,*,#4533,.T.);
#9105 = ORIENTED_EDGE('',*,*,#4555,.T.);
#9106 = ORIENTED_EDGE('',*,*,#3414,.T.);
#9107 = ORIENTED_EDGE('',*,*,#4640,.F.);
#9108 = ORIENTED_EDGE('',*,*,#4745,.T.);
#9109 = ORIENTED_EDGE('',*,*,#4767,.T.);
#9110 = ORIENTED_EDGE('',*,*,#3382,.T.);
#9111 = ORIENTED_EDGE('',*,*,#4852,.F.);
#9112 = ORIENTED_EDGE('',*,*,#4957,.T.);
#9113 = ORIENTED_EDGE('',*,*,#4979,.T.);
#9114 = ORIENTED_EDGE('',*,*,#3350,.T.);
#9115 = ORIENTED_EDGE('',*,*,#5064,.F.);
#9116 = ORIENTED_EDGE('',*,*,#5169,.T.);
#9117 = ORIENTED_EDGE('',*,*,#5191,.T.);
#9118 = ORIENTED_EDGE('',*,*,#3318,.T.);
#9119 = ORIENTED_EDGE('',*,*,#5276,.F.);
#9120 = ORIENTED_EDGE('',*,*,#5381,.T.);
#9121 = ORIENTED_EDGE('',*,*,#5403,.T.);
#9122 = ORIENTED_EDGE('',*,*,#3286,.T.);
#9123 = ORIENTED_EDGE('',*,*,#5513,.F.);
#9124 = ORIENTED_EDGE('',*,*,#5535,.T.);
#9125 = ORIENTED_EDGE('',*,*,#5583,.T.);
#9126 = ORIENTED_EDGE('',*,*,#5613,.T.);
#9127 = ORIENTED_EDGE('',*,*,#5676,.F.);
#9128 = ORIENTED_EDGE('',*,*,#5691,.F.);
#9129 = ORIENTED_EDGE('',*,*,#9130,.F.);
#9130 = EDGE_CURVE('',#9131,#5692,#9133,.T.);
#9131 = VERTEX_POINT('',#9132);
#9132 = CARTESIAN_POINT('',(2.86,0.36,0.));
#9133 = LINE('',#9134,#9135);
#9134 = CARTESIAN_POINT('',(2.86,-0.38,0.));
#9135 = VECTOR('',#9136,1.);
#9136 = DIRECTION('',(-0.,1.,0.));
#9137 = ORIENTED_EDGE('',*,*,#9138,.F.);
#9138 = EDGE_CURVE('',#9139,#9131,#9141,.T.);
#9139 = VERTEX_POINT('',#9140);
#9140 = CARTESIAN_POINT('',(2.8,0.36,0.));
#9141 = LINE('',#9142,#9143);
#9142 = CARTESIAN_POINT('',(2.86,0.36,0.));
#9143 = VECTOR('',#9144,1.);
#9144 = DIRECTION('',(1.,0.,-0.));
#9145 = ORIENTED_EDGE('',*,*,#9146,.F.);
#9146 = EDGE_CURVE('',#9147,#9139,#9149,.T.);
#9147 = VERTEX_POINT('',#9148);
#9148 = CARTESIAN_POINT('',(2.8,-0.36,0.));
#9149 = LINE('',#9150,#9151);
#9150 = CARTESIAN_POINT('',(2.8,-0.36,0.));
#9151 = VECTOR('',#9152,1.);
#9152 = DIRECTION('',(-0.,1.,0.));
#9153 = ORIENTED_EDGE('',*,*,#9154,.T.);
#9154 = EDGE_CURVE('',#9147,#9155,#9157,.T.);
#9155 = VERTEX_POINT('',#9156);
#9156 = CARTESIAN_POINT('',(2.86,-0.36,0.));
#9157 = LINE('',#9158,#9159);
#9158 = CARTESIAN_POINT('',(2.8,-0.36,0.));
#9159 = VECTOR('',#9160,1.);
#9160 = DIRECTION('',(1.,0.,-0.));
#9161 = ORIENTED_EDGE('',*,*,#9162,.F.);
#9162 = EDGE_CURVE('',#120,#9155,#9163,.T.);
#9163 = LINE('',#9164,#9165);
#9164 = CARTESIAN_POINT('',(2.86,-0.38,0.));
#9165 = VECTOR('',#9166,1.);
#9166 = DIRECTION('',(-0.,1.,0.));
#9167 = ORIENTED_EDGE('',*,*,#119,.T.);
#9168 = ORIENTED_EDGE('',*,*,#191,.F.);
#9169 = ORIENTED_EDGE('',*,*,#206,.F.);
#9170 = ORIENTED_EDGE('',*,*,#254,.T.);
#9171 = ORIENTED_EDGE('',*,*,#300,.F.);
#9172 = ORIENTED_EDGE('',*,*,#331,.F.);
#9173 = ORIENTED_EDGE('',*,*,#403,.F.);
#9174 = ORIENTED_EDGE('',*,*,#706,.T.);
#9175 = ORIENTED_EDGE('',*,*,#793,.F.);
#9176 = ORIENTED_EDGE('',*,*,#895,.F.);
#9177 = ORIENTED_EDGE('',*,*,#435,.F.);
#9178 = ORIENTED_EDGE('',*,*,#918,.T.);
#9179 = ORIENTED_EDGE('',*,*,#1005,.F.);
#9180 = ORIENTED_EDGE('',*,*,#1107,.F.);
#9181 = ORIENTED_EDGE('',*,*,#467,.F.);
#9182 = ORIENTED_EDGE('',*,*,#1130,.T.);
#9183 = ORIENTED_EDGE('',*,*,#1217,.F.);
#9184 = ORIENTED_EDGE('',*,*,#1319,.F.);
#9185 = ORIENTED_EDGE('',*,*,#499,.F.);
#9186 = ORIENTED_EDGE('',*,*,#1342,.T.);
#9187 = ORIENTED_EDGE('',*,*,#1429,.F.);
#9188 = ORIENTED_EDGE('',*,*,#1531,.F.);
#9189 = ORIENTED_EDGE('',*,*,#531,.F.);
#9190 = ORIENTED_EDGE('',*,*,#1554,.T.);
#9191 = ORIENTED_EDGE('',*,*,#1641,.F.);
#9192 = ORIENTED_EDGE('',*,*,#1743,.F.);
#9193 = ORIENTED_EDGE('',*,*,#563,.F.);
#9194 = ORIENTED_EDGE('',*,*,#1766,.T.);
#9195 = ORIENTED_EDGE('',*,*,#1853,.F.);
#9196 = ORIENTED_EDGE('',*,*,#1955,.F.);
#9197 = ORIENTED_EDGE('',*,*,#595,.F.);
#9198 = ORIENTED_EDGE('',*,*,#1978,.T.);
#9199 = ORIENTED_EDGE('',*,*,#2065,.F.);
#9200 = ORIENTED_EDGE('',*,*,#2167,.F.);
#9201 = ORIENTED_EDGE('',*,*,#627,.F.);
#9202 = ORIENTED_EDGE('',*,*,#2190,.T.);
#9203 = ORIENTED_EDGE('',*,*,#2277,.F.);
#9204 = ORIENTED_EDGE('',*,*,#2379,.F.);
#9205 = ORIENTED_EDGE('',*,*,#659,.F.);
#9206 = ORIENTED_EDGE('',*,*,#2402,.T.);
#9207 = ORIENTED_EDGE('',*,*,#2489,.F.);
#9208 = ORIENTED_EDGE('',*,*,#2591,.F.);
#9209 = ORIENTED_EDGE('',*,*,#378,.F.);
#9210 = ORIENTED_EDGE('',*,*,#2606,.T.);
#9211 = ORIENTED_EDGE('',*,*,#2652,.F.);
#9212 = ORIENTED_EDGE('',*,*,#2683,.F.);
#9213 = ORIENTED_EDGE('',*,*,#2841,.F.);
#9214 = PLANE('',#9215);
#9215 = AXIS2_PLACEMENT_3D('',#9216,#9217,#9218);
#9216 = CARTESIAN_POINT('',(7.381802025433E-17,2.460600675144E-17,0.));
#9217 = DIRECTION('',(-0.,-0.,-1.));
#9218 = DIRECTION('',(-1.,0.,0.));
#9219 = ADVANCED_FACE('',(#9220),#9245,.F.);
#9220 = FACE_BOUND('',#9221,.F.);
#9221 = EDGE_LOOP('',(#9222,#9232,#9238,#9239));
#9222 = ORIENTED_EDGE('',*,*,#9223,.F.);
#9223 = EDGE_CURVE('',#9224,#9226,#9228,.T.);
#9224 = VERTEX_POINT('',#9225);
#9225 = CARTESIAN_POINT('',(-2.86,-0.36,8.E-02));
#9226 = VERTEX_POINT('',#9227);
#9227 = CARTESIAN_POINT('',(-2.8,-0.36,8.E-02));
#9228 = LINE('',#9229,#9230);
#9229 = CARTESIAN_POINT('',(-2.94,-0.36,8.E-02));
#9230 = VECTOR('',#9231,1.);
#9231 = DIRECTION('',(1.,0.,-0.));
#9232 = ORIENTED_EDGE('',*,*,#9233,.T.);
#9233 = EDGE_CURVE('',#9224,#9044,#9234,.T.);
#9234 = LINE('',#9235,#9236);
#9235 = CARTESIAN_POINT('',(-2.86,-0.36,0.103093220339));
#9236 = VECTOR('',#9237,1.);
#9237 = DIRECTION('',(-0.,0.,-1.));
#9238 = ORIENTED_EDGE('',*,*,#9051,.T.);
#9239 = ORIENTED_EDGE('',*,*,#9240,.T.);
#9240 = EDGE_CURVE('',#9052,#9226,#9241,.T.);
#9241 = LINE('',#9242,#9243);
#9242 = CARTESIAN_POINT('',(-2.8,-0.36,0.));
#9243 = VECTOR('',#9244,1.);
#9244 = DIRECTION('',(0.,0.,1.));
#9245 = PLANE('',#9246);
#9246 = AXIS2_PLACEMENT_3D('',#9247,#9248,#9249);
#9247 = CARTESIAN_POINT('',(-2.888813559322,-0.36,0.206186440678));
#9248 = DIRECTION('',(-0.,-1.,-0.));
#9249 = DIRECTION('',(0.,0.,-1.));
#9250 = ADVANCED_FACE('',(#9251),#9269,.F.);
#9251 = FACE_BOUND('',#9252,.F.);
#9252 = EDGE_LOOP('',(#9253,#9254,#9255,#9263));
#9253 = ORIENTED_EDGE('',*,*,#9240,.F.);
#9254 = ORIENTED_EDGE('',*,*,#9059,.T.);
#9255 = ORIENTED_EDGE('',*,*,#9256,.T.);
#9256 = EDGE_CURVE('',#9060,#9257,#9259,.T.);
#9257 = VERTEX_POINT('',#9258);
#9258 = CARTESIAN_POINT('',(-2.8,0.36,8.E-02));
#9259 = LINE('',#9260,#9261);
#9260 = CARTESIAN_POINT('',(-2.8,0.36,0.));
#9261 = VECTOR('',#9262,1.);
#9262 = DIRECTION('',(0.,0.,1.));
#9263 = ORIENTED_EDGE('',*,*,#9264,.F.);
#9264 = EDGE_CURVE('',#9226,#9257,#9265,.T.);
#9265 = LINE('',#9266,#9267);
#9266 = CARTESIAN_POINT('',(-2.8,-0.36,8.E-02));
#9267 = VECTOR('',#9268,1.);
#9268 = DIRECTION('',(-0.,1.,0.));
#9269 = PLANE('',#9270);
#9270 = AXIS2_PLACEMENT_3D('',#9271,#9272,#9273);
#9271 = CARTESIAN_POINT('',(-2.8,-0.36,0.));
#9272 = DIRECTION('',(1.,0.,-0.));
#9273 = DIRECTION('',(0.,0.,1.));
#9274 = ADVANCED_FACE('',(#9275),#9293,.F.);
#9275 = FACE_BOUND('',#9276,.F.);
#9276 = EDGE_LOOP('',(#9277,#9285,#9291,#9292));
#9277 = ORIENTED_EDGE('',*,*,#9278,.T.);
#9278 = EDGE_CURVE('',#9068,#9279,#9281,.T.);
#9279 = VERTEX_POINT('',#9280);
#9280 = CARTESIAN_POINT('',(-2.86,0.36,8.E-02));
#9281 = LINE('',#9282,#9283);
#9282 = CARTESIAN_POINT('',(-2.86,0.36,0.103093220339));
#9283 = VECTOR('',#9284,1.);
#9284 = DIRECTION('',(0.,-0.,1.));
#9285 = ORIENTED_EDGE('',*,*,#9286,.T.);
#9286 = EDGE_CURVE('',#9279,#9257,#9287,.T.);
#9287 = LINE('',#9288,#9289);
#9288 = CARTESIAN_POINT('',(-2.94,0.36,8.E-02));
#9289 = VECTOR('',#9290,1.);
#9290 = DIRECTION('',(1.,0.,-0.));
#9291 = ORIENTED_EDGE('',*,*,#9256,.F.);
#9292 = ORIENTED_EDGE('',*,*,#9067,.F.);
#9293 = PLANE('',#9294);
#9294 = AXIS2_PLACEMENT_3D('',#9295,#9296,#9297);
#9295 = CARTESIAN_POINT('',(-2.888813559322,0.36,0.206186440678));
#9296 = DIRECTION('',(0.,1.,0.));
#9297 = DIRECTION('',(0.,-0.,1.));
#9298 = ADVANCED_FACE('',(#9299),#9310,.F.);
#9299 = FACE_BOUND('',#9300,.F.);
#9300 = EDGE_LOOP('',(#9301,#9307,#9308,#9309));
#9301 = ORIENTED_EDGE('',*,*,#9302,.T.);
#9302 = EDGE_CURVE('',#9279,#9224,#9303,.T.);
#9303 = LINE('',#9304,#9305);
#9304 = CARTESIAN_POINT('',(-2.86,-0.36,8.E-02));
#9305 = VECTOR('',#9306,1.);
#9306 = DIRECTION('',(0.,-1.,0.));
#9307 = ORIENTED_EDGE('',*,*,#9223,.T.);
#9308 = ORIENTED_EDGE('',*,*,#9264,.T.);
#9309 = ORIENTED_EDGE('',*,*,#9286,.F.);
#9310 = PLANE('',#9311);
#9311 = AXIS2_PLACEMENT_3D('',#9312,#9313,#9314);
#9312 = CARTESIAN_POINT('',(-2.94,-0.36,8.E-02));
#9313 = DIRECTION('',(0.,0.,1.));
#9314 = DIRECTION('',(1.,0.,-0.));
#9315 = ADVANCED_FACE('',(#9316),#9341,.F.);
#9316 = FACE_BOUND('',#9317,.F.);
#9317 = EDGE_LOOP('',(#9318,#9326,#9327,#9335));
#9318 = ORIENTED_EDGE('',*,*,#9319,.F.);
#9319 = EDGE_CURVE('',#9131,#9320,#9322,.T.);
#9320 = VERTEX_POINT('',#9321);
#9321 = CARTESIAN_POINT('',(2.86,0.36,8.E-02));
#9322 = LINE('',#9323,#9324);
#9323 = CARTESIAN_POINT('',(2.86,0.36,0.103093220339));
#9324 = VECTOR('',#9325,1.);
#9325 = DIRECTION('',(0.,-0.,1.));
#9326 = ORIENTED_EDGE('',*,*,#9138,.F.);
#9327 = ORIENTED_EDGE('',*,*,#9328,.T.);
#9328 = EDGE_CURVE('',#9139,#9329,#9331,.T.);
#9329 = VERTEX_POINT('',#9330);
#9330 = CARTESIAN_POINT('',(2.8,0.36,8.E-02));
#9331 = LINE('',#9332,#9333);
#9332 = CARTESIAN_POINT('',(2.8,0.36,0.));
#9333 = VECTOR('',#9334,1.);
#9334 = DIRECTION('',(0.,0.,1.));
#9335 = ORIENTED_EDGE('',*,*,#9336,.T.);
#9336 = EDGE_CURVE('',#9329,#9320,#9337,.T.);
#9337 = LINE('',#9338,#9339);
#9338 = CARTESIAN_POINT('',(2.8,0.36,8.E-02));
#9339 = VECTOR('',#9340,1.);
#9340 = DIRECTION('',(1.,0.,-0.));
#9341 = PLANE('',#9342);
#9342 = AXIS2_PLACEMENT_3D('',#9343,#9344,#9345);
#9343 = CARTESIAN_POINT('',(2.888813559322,0.36,0.206186440678));
#9344 = DIRECTION('',(0.,1.,0.));
#9345 = DIRECTION('',(0.,-0.,1.));
#9346 = ADVANCED_FACE('',(#9347),#9365,.T.);
#9347 = FACE_BOUND('',#9348,.T.);
#9348 = EDGE_LOOP('',(#9349,#9357,#9358,#9359));
#9349 = ORIENTED_EDGE('',*,*,#9350,.F.);
#9350 = EDGE_CURVE('',#9147,#9351,#9353,.T.);
#9351 = VERTEX_POINT('',#9352);
#9352 = CARTESIAN_POINT('',(2.8,-0.36,8.E-02));
#9353 = LINE('',#9354,#9355);
#9354 = CARTESIAN_POINT('',(2.8,-0.36,0.));
#9355 = VECTOR('',#9356,1.);
#9356 = DIRECTION('',(0.,0.,1.));
#9357 = ORIENTED_EDGE('',*,*,#9146,.T.);
#9358 = ORIENTED_EDGE('',*,*,#9328,.T.);
#9359 = ORIENTED_EDGE('',*,*,#9360,.F.);
#9360 = EDGE_CURVE('',#9351,#9329,#9361,.T.);
#9361 = LINE('',#9362,#9363);
#9362 = CARTESIAN_POINT('',(2.8,-0.36,8.E-02));
#9363 = VECTOR('',#9364,1.);
#9364 = DIRECTION('',(-0.,1.,0.));
#9365 = PLANE('',#9366);
#9366 = AXIS2_PLACEMENT_3D('',#9367,#9368,#9369);
#9367 = CARTESIAN_POINT('',(2.8,-0.36,0.));
#9368 = DIRECTION('',(1.,0.,-0.));
#9369 = DIRECTION('',(0.,0.,1.));
#9370 = ADVANCED_FACE('',(#9371),#9389,.F.);
#9371 = FACE_BOUND('',#9372,.F.);
#9372 = EDGE_LOOP('',(#9373,#9374,#9382,#9388));
#9373 = ORIENTED_EDGE('',*,*,#9154,.T.);
#9374 = ORIENTED_EDGE('',*,*,#9375,.F.);
#9375 = EDGE_CURVE('',#9376,#9155,#9378,.T.);
#9376 = VERTEX_POINT('',#9377);
#9377 = CARTESIAN_POINT('',(2.86,-0.36,8.E-02));
#9378 = LINE('',#9379,#9380);
#9379 = CARTESIAN_POINT('',(2.86,-0.36,0.103093220339));
#9380 = VECTOR('',#9381,1.);
#9381 = DIRECTION('',(-0.,0.,-1.));
#9382 = ORIENTED_EDGE('',*,*,#9383,.F.);
#9383 = EDGE_CURVE('',#9351,#9376,#9384,.T.);
#9384 = LINE('',#9385,#9386);
#9385 = CARTESIAN_POINT('',(2.8,-0.36,8.E-02));
#9386 = VECTOR('',#9387,1.);
#9387 = DIRECTION('',(1.,0.,-0.));
#9388 = ORIENTED_EDGE('',*,*,#9350,.F.);
#9389 = PLANE('',#9390);
#9390 = AXIS2_PLACEMENT_3D('',#9391,#9392,#9393);
#9391 = CARTESIAN_POINT('',(2.888813559322,-0.36,0.206186440678));
#9392 = DIRECTION('',(-0.,-1.,-0.));
#9393 = DIRECTION('',(0.,0.,-1.));
#9394 = ADVANCED_FACE('',(#9395),#9406,.F.);
#9395 = FACE_BOUND('',#9396,.F.);
#9396 = EDGE_LOOP('',(#9397,#9398,#9399,#9400));
#9397 = ORIENTED_EDGE('',*,*,#9336,.F.);
#9398 = ORIENTED_EDGE('',*,*,#9360,.F.);
#9399 = ORIENTED_EDGE('',*,*,#9383,.T.);
#9400 = ORIENTED_EDGE('',*,*,#9401,.F.);
#9401 = EDGE_CURVE('',#9320,#9376,#9402,.T.);
#9402 = LINE('',#9403,#9404);
#9403 = CARTESIAN_POINT('',(2.86,-0.36,8.E-02));
#9404 = VECTOR('',#9405,1.);
#9405 = DIRECTION('',(0.,-1.,0.));
#9406 = PLANE('',#9407);
#9407 = AXIS2_PLACEMENT_3D('',#9408,#9409,#9410);
#9408 = CARTESIAN_POINT('',(2.8,-0.36,8.E-02));
#9409 = DIRECTION('',(0.,0.,1.));
#9410 = DIRECTION('',(1.,0.,-0.));
#9411 = ADVANCED_FACE('',(#9412),#9422,.T.);
#9412 = FACE_BOUND('',#9413,.T.);
#9413 = EDGE_LOOP('',(#9414,#9415,#9416,#9417,#9418,#9419,#9420,#9421));
#9414 = ORIENTED_EDGE('',*,*,#2827,.T.);
#9415 = ORIENTED_EDGE('',*,*,#2947,.F.);
#9416 = ORIENTED_EDGE('',*,*,#3060,.F.);
#9417 = ORIENTED_EDGE('',*,*,#9075,.F.);
#9418 = ORIENTED_EDGE('',*,*,#9278,.T.);
#9419 = ORIENTED_EDGE('',*,*,#9302,.T.);
#9420 = ORIENTED_EDGE('',*,*,#9233,.T.);
#9421 = ORIENTED_EDGE('',*,*,#9043,.F.);
#9422 = PLANE('',#9423);
#9423 = AXIS2_PLACEMENT_3D('',#9424,#9425,#9426);
#9424 = CARTESIAN_POINT('',(-2.86,-3.698053921656E-18,0.235852713178));
#9425 = DIRECTION('',(-1.,-0.,-0.));
#9426 = DIRECTION('',(0.,0.,-1.));
#9427 = ADVANCED_FACE('',(#9428),#9438,.T.);
#9428 = FACE_BOUND('',#9429,.T.);
#9429 = EDGE_LOOP('',(#9430,#9431,#9432,#9433,#9434,#9435,#9436,#9437));
#9430 = ORIENTED_EDGE('',*,*,#9319,.F.);
#9431 = ORIENTED_EDGE('',*,*,#9130,.T.);
#9432 = ORIENTED_EDGE('',*,*,#5699,.T.);
#9433 = ORIENTED_EDGE('',*,*,#7359,.T.);
#9434 = ORIENTED_EDGE('',*,*,#129,.F.);
#9435 = ORIENTED_EDGE('',*,*,#9162,.T.);
#9436 = ORIENTED_EDGE('',*,*,#9375,.F.);
#9437 = ORIENTED_EDGE('',*,*,#9401,.F.);
#9438 = PLANE('',#9439);
#9439 = AXIS2_PLACEMENT_3D('',#9440,#9441,#9442);
#9440 = CARTESIAN_POINT('',(2.86,0.,0.235852713178));
#9441 = DIRECTION('',(1.,0.,0.));
#9442 = DIRECTION('',(-0.,0.,1.));
#9443 = ADVANCED_FACE('',(#9444),#9455,.T.);
#9444 = FACE_BOUND('',#9445,.T.);
#9445 = EDGE_LOOP('',(#9446,#9447,#9448,#9449));
#9446 = ORIENTED_EDGE('',*,*,#5786,.F.);
#9447 = ORIENTED_EDGE('',*,*,#3005,.T.);
#9448 = ORIENTED_EDGE('',*,*,#5825,.F.);
#9449 = ORIENTED_EDGE('',*,*,#9450,.T.);
#9450 = EDGE_CURVE('',#5818,#5787,#9451,.T.);
#9451 = LINE('',#9452,#9453);
#9452 = CARTESIAN_POINT('',(-2.515,0.53,7.E-02));
#9453 = VECTOR('',#9454,1.);
#9454 = DIRECTION('',(1.,0.,-0.));
#9455 = PLANE('',#9456);
#9456 = AXIS2_PLACEMENT_3D('',#9457,#9458,#9459);
#9457 = CARTESIAN_POINT('',(-2.2675,0.53,0.26));
#9458 = DIRECTION('',(-0.,-1.,-0.));
#9459 = DIRECTION('',(0.,0.,-1.));
#9460 = ADVANCED_FACE('',(#9461),#9472,.T.);
#9461 = FACE_BOUND('',#9462,.T.);
#9462 = EDGE_LOOP('',(#9463,#9469,#9470,#9471));
#9463 = ORIENTED_EDGE('',*,*,#9464,.T.);
#9464 = EDGE_CURVE('',#9002,#8978,#9465,.T.);
#9465 = LINE('',#9466,#9467);
#9466 = CARTESIAN_POINT('',(-2.435,0.53,7.E-02));
#9467 = VECTOR('',#9468,1.);
#9468 = DIRECTION('',(1.,0.,-0.));
#9469 = ORIENTED_EDGE('',*,*,#8985,.T.);
#9470 = ORIENTED_EDGE('',*,*,#7399,.F.);
#9471 = ORIENTED_EDGE('',*,*,#9001,.T.);
#9472 = PLANE('',#9473);
#9473 = AXIS2_PLACEMENT_3D('',#9474,#9475,#9476);
#9474 = CARTESIAN_POINT('',(2.2675,0.53,0.26));
#9475 = DIRECTION('',(-0.,-1.,-0.));
#9476 = DIRECTION('',(0.,0.,-1.));
#9477 = ADVANCED_FACE('',(#9478),#9489,.T.);
#9478 = FACE_BOUND('',#9479,.T.);
#9479 = EDGE_LOOP('',(#9480,#9481,#9482,#9488));
#9480 = ORIENTED_EDGE('',*,*,#2989,.T.);
#9481 = ORIENTED_EDGE('',*,*,#5856,.T.);
#9482 = ORIENTED_EDGE('',*,*,#9483,.F.);
#9483 = EDGE_CURVE('',#5810,#5849,#9484,.T.);
#9484 = LINE('',#9485,#9486);
#9485 = CARTESIAN_POINT('',(-2.435,-0.53,7.E-02));
#9486 = VECTOR('',#9487,1.);
#9487 = DIRECTION('',(1.,0.,-0.));
#9488 = ORIENTED_EDGE('',*,*,#5809,.T.);
#9489 = PLANE('',#9490);
#9490 = AXIS2_PLACEMENT_3D('',#9491,#9492,#9493);
#9491 = CARTESIAN_POINT('',(-2.2675,-0.53,0.26));
#9492 = DIRECTION('',(0.,1.,0.));
#9493 = DIRECTION('',(0.,-0.,1.));
#9494 = ADVANCED_FACE('',(#9495),#9506,.T.);
#9495 = FACE_BOUND('',#9496,.T.);
#9496 = EDGE_LOOP('',(#9497,#9498,#9499,#9500));
#9497 = ORIENTED_EDGE('',*,*,#8954,.F.);
#9498 = ORIENTED_EDGE('',*,*,#7415,.F.);
#9499 = ORIENTED_EDGE('',*,*,#8969,.F.);
#9500 = ORIENTED_EDGE('',*,*,#9501,.F.);
#9501 = EDGE_CURVE('',#8947,#8970,#9502,.T.);
#9502 = LINE('',#9503,#9504);
#9503 = CARTESIAN_POINT('',(2.435,-0.53,7.E-02));
#9504 = VECTOR('',#9505,1.);
#9505 = DIRECTION('',(1.,0.,-0.));
#9506 = PLANE('',#9507);
#9507 = AXIS2_PLACEMENT_3D('',#9508,#9509,#9510);
#9508 = CARTESIAN_POINT('',(2.2675,-0.53,0.26));
#9509 = DIRECTION('',(0.,1.,0.));
#9510 = DIRECTION('',(0.,-0.,1.));
#9511 = ADVANCED_FACE('',(#9512,#9606),#9640,.T.);
#9512 = FACE_BOUND('',#9513,.T.);
#9513 = EDGE_LOOP('',(#9514,#9515,#9516,#9517,#9518,#9519,#9520,#9521,
    #9522,#9523,#9524,#9525,#9526,#9527,#9528,#9529,#9530,#9531,#9532,
    #9533,#9534,#9535,#9536,#9537,#9538,#9539,#9540,#9541,#9542,#9543,
    #9544,#9545,#9546,#9547,#9548,#9549,#9550,#9551,#9552,#9553,#9554,
    #9555,#9556,#9557,#9558,#9559,#9560,#9561,#9562,#9563,#9564,#9565,
    #9566,#9567,#9568,#9569,#9570,#9571,#9572,#9573,#9574,#9575,#9576,
    #9577,#9578,#9579,#9580,#9581,#9582,#9583,#9584,#9585,#9586,#9587,
    #9588,#9589,#9590,#9591,#9592,#9593,#9594,#9595,#9596,#9597,#9598,
    #9599,#9600,#9601,#9602,#9603,#9604,#9605));
#9514 = ORIENTED_EDGE('',*,*,#9450,.F.);
#9515 = ORIENTED_EDGE('',*,*,#5817,.F.);
#9516 = ORIENTED_EDGE('',*,*,#9483,.T.);
#9517 = ORIENTED_EDGE('',*,*,#5848,.F.);
#9518 = ORIENTED_EDGE('',*,*,#5881,.T.);
#9519 = ORIENTED_EDGE('',*,*,#8812,.T.);
#9520 = ORIENTED_EDGE('',*,*,#7820,.T.);
#9521 = ORIENTED_EDGE('',*,*,#2568,.F.);
#9522 = ORIENTED_EDGE('',*,*,#8755,.F.);
#9523 = ORIENTED_EDGE('',*,*,#2434,.F.);
#9524 = ORIENTED_EDGE('',*,*,#7950,.T.);
#9525 = ORIENTED_EDGE('',*,*,#2356,.F.);
#9526 = ORIENTED_EDGE('',*,*,#8658,.F.);
#9527 = ORIENTED_EDGE('',*,*,#2222,.F.);
#9528 = ORIENTED_EDGE('',*,*,#7936,.T.);
#9529 = ORIENTED_EDGE('',*,*,#2144,.F.);
#9530 = ORIENTED_EDGE('',*,*,#8561,.F.);
#9531 = ORIENTED_EDGE('',*,*,#2010,.F.);
#9532 = ORIENTED_EDGE('',*,*,#7922,.T.);
#9533 = ORIENTED_EDGE('',*,*,#1932,.F.);
#9534 = ORIENTED_EDGE('',*,*,#8464,.F.);
#9535 = ORIENTED_EDGE('',*,*,#1798,.F.);
#9536 = ORIENTED_EDGE('',*,*,#7908,.T.);
#9537 = ORIENTED_EDGE('',*,*,#1720,.F.);
#9538 = ORIENTED_EDGE('',*,*,#8367,.F.);
#9539 = ORIENTED_EDGE('',*,*,#1586,.F.);
#9540 = ORIENTED_EDGE('',*,*,#7894,.T.);
#9541 = ORIENTED_EDGE('',*,*,#1508,.F.);
#9542 = ORIENTED_EDGE('',*,*,#8270,.F.);
#9543 = ORIENTED_EDGE('',*,*,#1374,.F.);
#9544 = ORIENTED_EDGE('',*,*,#7880,.T.);
#9545 = ORIENTED_EDGE('',*,*,#1296,.F.);
#9546 = ORIENTED_EDGE('',*,*,#8173,.F.);
#9547 = ORIENTED_EDGE('',*,*,#1162,.F.);
#9548 = ORIENTED_EDGE('',*,*,#7866,.T.);
#9549 = ORIENTED_EDGE('',*,*,#1084,.F.);
#9550 = ORIENTED_EDGE('',*,*,#8076,.F.);
#9551 = ORIENTED_EDGE('',*,*,#950,.F.);
#9552 = ORIENTED_EDGE('',*,*,#7852,.T.);
#9553 = ORIENTED_EDGE('',*,*,#872,.F.);
#9554 = ORIENTED_EDGE('',*,*,#7979,.F.);
#9555 = ORIENTED_EDGE('',*,*,#738,.F.);
#9556 = ORIENTED_EDGE('',*,*,#7843,.T.);
#9557 = ORIENTED_EDGE('',*,*,#9025,.F.);
#9558 = ORIENTED_EDGE('',*,*,#8920,.T.);
#9559 = ORIENTED_EDGE('',*,*,#8946,.T.);
#9560 = ORIENTED_EDGE('',*,*,#9501,.T.);
#9561 = ORIENTED_EDGE('',*,*,#8977,.T.);
#9562 = ORIENTED_EDGE('',*,*,#9464,.F.);
#9563 = ORIENTED_EDGE('',*,*,#9009,.T.);
#9564 = ORIENTED_EDGE('',*,*,#8853,.F.);
#9565 = ORIENTED_EDGE('',*,*,#8879,.F.);
#9566 = ORIENTED_EDGE('',*,*,#6352,.F.);
#9567 = ORIENTED_EDGE('',*,*,#5458,.F.);
#9568 = ORIENTED_EDGE('',*,*,#7265,.F.);
#9569 = ORIENTED_EDGE('',*,*,#5308,.F.);
#9570 = ORIENTED_EDGE('',*,*,#6366,.F.);
#9571 = ORIENTED_EDGE('',*,*,#5246,.F.);
#9572 = ORIENTED_EDGE('',*,*,#7168,.F.);
#9573 = ORIENTED_EDGE('',*,*,#5096,.F.);
#9574 = ORIENTED_EDGE('',*,*,#6380,.F.);
#9575 = ORIENTED_EDGE('',*,*,#5034,.F.);
#9576 = ORIENTED_EDGE('',*,*,#7071,.F.);
#9577 = ORIENTED_EDGE('',*,*,#4884,.F.);
#9578 = ORIENTED_EDGE('',*,*,#6394,.F.);
#9579 = ORIENTED_EDGE('',*,*,#4822,.F.);
#9580 = ORIENTED_EDGE('',*,*,#6974,.F.);
#9581 = ORIENTED_EDGE('',*,*,#4672,.F.);
#9582 = ORIENTED_EDGE('',*,*,#6408,.F.);
#9583 = ORIENTED_EDGE('',*,*,#4610,.F.);
#9584 = ORIENTED_EDGE('',*,*,#6877,.F.);
#9585 = ORIENTED_EDGE('',*,*,#4460,.F.);
#9586 = ORIENTED_EDGE('',*,*,#6422,.F.);
#9587 = ORIENTED_EDGE('',*,*,#4398,.F.);
#9588 = ORIENTED_EDGE('',*,*,#6780,.F.);
#9589 = ORIENTED_EDGE('',*,*,#4248,.F.);
#9590 = ORIENTED_EDGE('',*,*,#6436,.F.);
#9591 = ORIENTED_EDGE('',*,*,#4186,.F.);
#9592 = ORIENTED_EDGE('',*,*,#6683,.F.);
#9593 = ORIENTED_EDGE('',*,*,#4036,.F.);
#9594 = ORIENTED_EDGE('',*,*,#6450,.F.);
#9595 = ORIENTED_EDGE('',*,*,#3974,.F.);
#9596 = ORIENTED_EDGE('',*,*,#6586,.F.);
#9597 = ORIENTED_EDGE('',*,*,#3824,.F.);
#9598 = ORIENTED_EDGE('',*,*,#6464,.F.);
#9599 = ORIENTED_EDGE('',*,*,#3762,.F.);
#9600 = ORIENTED_EDGE('',*,*,#6489,.F.);
#9601 = ORIENTED_EDGE('',*,*,#3612,.F.);
#9602 = ORIENTED_EDGE('',*,*,#6329,.F.);
#9603 = ORIENTED_EDGE('',*,*,#8795,.T.);
#9604 = ORIENTED_EDGE('',*,*,#5748,.F.);
#9605 = ORIENTED_EDGE('',*,*,#5794,.F.);
#9606 = FACE_BOUND('',#9607,.T.);
#9607 = EDGE_LOOP('',(#9608,#9618,#9626,#9634));
#9608 = ORIENTED_EDGE('',*,*,#9609,.T.);
#9609 = EDGE_CURVE('',#9610,#9612,#9614,.T.);
#9610 = VERTEX_POINT('',#9611);
#9611 = CARTESIAN_POINT('',(1.5,-0.23,7.E-02));
#9612 = VERTEX_POINT('',#9613);
#9613 = CARTESIAN_POINT('',(-1.5,-0.23,7.E-02));
#9614 = LINE('',#9615,#9616);
#9615 = CARTESIAN_POINT('',(-1.9675,-0.23,7.E-02));
#9616 = VECTOR('',#9617,1.);
#9617 = DIRECTION('',(-1.,-0.,0.));
#9618 = ORIENTED_EDGE('',*,*,#9619,.T.);
#9619 = EDGE_CURVE('',#9612,#9620,#9622,.T.);
#9620 = VERTEX_POINT('',#9621);
#9621 = CARTESIAN_POINT('',(-1.5,0.23,7.E-02));
#9622 = LINE('',#9623,#9624);
#9623 = CARTESIAN_POINT('',(-1.5,-0.38,7.E-02));
#9624 = VECTOR('',#9625,1.);
#9625 = DIRECTION('',(-0.,1.,0.));
#9626 = ORIENTED_EDGE('',*,*,#9627,.F.);
#9627 = EDGE_CURVE('',#9628,#9620,#9630,.T.);
#9628 = VERTEX_POINT('',#9629);
#9629 = CARTESIAN_POINT('',(1.5,0.23,7.E-02));
#9630 = LINE('',#9631,#9632);
#9631 = CARTESIAN_POINT('',(-1.9675,0.23,7.E-02));
#9632 = VECTOR('',#9633,1.);
#9633 = DIRECTION('',(-1.,-0.,0.));
#9634 = ORIENTED_EDGE('',*,*,#9635,.F.);
#9635 = EDGE_CURVE('',#9610,#9628,#9636,.T.);
#9636 = LINE('',#9637,#9638);
#9637 = CARTESIAN_POINT('',(1.5,-0.38,7.E-02));
#9638 = VECTOR('',#9639,1.);
#9639 = DIRECTION('',(-0.,1.,0.));
#9640 = PLANE('',#9641);
#9641 = AXIS2_PLACEMENT_3D('',#9642,#9643,#9644);
#9642 = CARTESIAN_POINT('',(2.973811673103E-16,-2.364382580231E-16,
    7.E-02));
#9643 = DIRECTION('',(0.,0.,1.));
#9644 = DIRECTION('',(1.,0.,-0.));
#9645 = ADVANCED_FACE('',(#9646),#9671,.F.);
#9646 = FACE_BOUND('',#9647,.F.);
#9647 = EDGE_LOOP('',(#9648,#9649,#9657,#9665));
#9648 = ORIENTED_EDGE('',*,*,#9609,.T.);
#9649 = ORIENTED_EDGE('',*,*,#9650,.T.);
#9650 = EDGE_CURVE('',#9612,#9651,#9653,.T.);
#9651 = VERTEX_POINT('',#9652);
#9652 = CARTESIAN_POINT('',(-1.5,-0.23,0.45));
#9653 = LINE('',#9654,#9655);
#9654 = CARTESIAN_POINT('',(-1.5,-0.23,0.));
#9655 = VECTOR('',#9656,1.);
#9656 = DIRECTION('',(0.,0.,1.));
#9657 = ORIENTED_EDGE('',*,*,#9658,.T.);
#9658 = EDGE_CURVE('',#9651,#9659,#9661,.T.);
#9659 = VERTEX_POINT('',#9660);
#9660 = CARTESIAN_POINT('',(1.5,-0.23,0.45));
#9661 = LINE('',#9662,#9663);
#9662 = CARTESIAN_POINT('',(-1.5,-0.23,0.45));
#9663 = VECTOR('',#9664,1.);
#9664 = DIRECTION('',(1.,0.,-0.));
#9665 = ORIENTED_EDGE('',*,*,#9666,.F.);
#9666 = EDGE_CURVE('',#9610,#9659,#9667,.T.);
#9667 = LINE('',#9668,#9669);
#9668 = CARTESIAN_POINT('',(1.5,-0.23,0.));
#9669 = VECTOR('',#9670,1.);
#9670 = DIRECTION('',(0.,0.,1.));
#9671 = PLANE('',#9672);
#9672 = AXIS2_PLACEMENT_3D('',#9673,#9674,#9675);
#9673 = CARTESIAN_POINT('',(-1.5,-0.23,0.));
#9674 = DIRECTION('',(-0.,1.,0.));
#9675 = DIRECTION('',(0.,0.,1.));
#9676 = ADVANCED_FACE('',(#9677),#9695,.T.);
#9677 = FACE_BOUND('',#9678,.T.);
#9678 = EDGE_LOOP('',(#9679,#9680,#9681,#9689));
#9679 = ORIENTED_EDGE('',*,*,#9666,.F.);
#9680 = ORIENTED_EDGE('',*,*,#9635,.T.);
#9681 = ORIENTED_EDGE('',*,*,#9682,.T.);
#9682 = EDGE_CURVE('',#9628,#9683,#9685,.T.);
#9683 = VERTEX_POINT('',#9684);
#9684 = CARTESIAN_POINT('',(1.5,0.23,0.45));
#9685 = LINE('',#9686,#9687);
#9686 = CARTESIAN_POINT('',(1.5,0.23,0.));
#9687 = VECTOR('',#9688,1.);
#9688 = DIRECTION('',(0.,0.,1.));
#9689 = ORIENTED_EDGE('',*,*,#9690,.F.);
#9690 = EDGE_CURVE('',#9659,#9683,#9691,.T.);
#9691 = LINE('',#9692,#9693);
#9692 = CARTESIAN_POINT('',(1.5,-0.23,0.45));
#9693 = VECTOR('',#9694,1.);
#9694 = DIRECTION('',(-0.,1.,0.));
#9695 = PLANE('',#9696);
#9696 = AXIS2_PLACEMENT_3D('',#9697,#9698,#9699);
#9697 = CARTESIAN_POINT('',(1.5,-0.23,0.));
#9698 = DIRECTION('',(1.,0.,-0.));
#9699 = DIRECTION('',(0.,0.,1.));
#9700 = ADVANCED_FACE('',(#9701),#9719,.F.);
#9701 = FACE_BOUND('',#9702,.F.);
#9702 = EDGE_LOOP('',(#9703,#9704,#9705,#9713));
#9703 = ORIENTED_EDGE('',*,*,#9650,.F.);
#9704 = ORIENTED_EDGE('',*,*,#9619,.T.);
#9705 = ORIENTED_EDGE('',*,*,#9706,.T.);
#9706 = EDGE_CURVE('',#9620,#9707,#9709,.T.);
#9707 = VERTEX_POINT('',#9708);
#9708 = CARTESIAN_POINT('',(-1.5,0.23,0.45));
#9709 = LINE('',#9710,#9711);
#9710 = CARTESIAN_POINT('',(-1.5,0.23,0.));
#9711 = VECTOR('',#9712,1.);
#9712 = DIRECTION('',(0.,0.,1.));
#9713 = ORIENTED_EDGE('',*,*,#9714,.F.);
#9714 = EDGE_CURVE('',#9651,#9707,#9715,.T.);
#9715 = LINE('',#9716,#9717);
#9716 = CARTESIAN_POINT('',(-1.5,-0.23,0.45));
#9717 = VECTOR('',#9718,1.);
#9718 = DIRECTION('',(-0.,1.,0.));
#9719 = PLANE('',#9720);
#9720 = AXIS2_PLACEMENT_3D('',#9721,#9722,#9723);
#9721 = CARTESIAN_POINT('',(-1.5,-0.23,0.));
#9722 = DIRECTION('',(1.,0.,-0.));
#9723 = DIRECTION('',(0.,0.,1.));
#9724 = ADVANCED_FACE('',(#9725),#9736,.T.);
#9725 = FACE_BOUND('',#9726,.T.);
#9726 = EDGE_LOOP('',(#9727,#9728,#9729,#9735));
#9727 = ORIENTED_EDGE('',*,*,#9627,.T.);
#9728 = ORIENTED_EDGE('',*,*,#9706,.T.);
#9729 = ORIENTED_EDGE('',*,*,#9730,.T.);
#9730 = EDGE_CURVE('',#9707,#9683,#9731,.T.);
#9731 = LINE('',#9732,#9733);
#9732 = CARTESIAN_POINT('',(-1.5,0.23,0.45));
#9733 = VECTOR('',#9734,1.);
#9734 = DIRECTION('',(1.,0.,-0.));
#9735 = ORIENTED_EDGE('',*,*,#9682,.F.);
#9736 = PLANE('',#9737);
#9737 = AXIS2_PLACEMENT_3D('',#9738,#9739,#9740);
#9738 = CARTESIAN_POINT('',(-1.5,0.23,0.));
#9739 = DIRECTION('',(-0.,1.,0.));
#9740 = DIRECTION('',(0.,0.,1.));
#9741 = ADVANCED_FACE('',(#9742),#9748,.T.);
#9742 = FACE_BOUND('',#9743,.T.);
#9743 = EDGE_LOOP('',(#9744,#9745,#9746,#9747));
#9744 = ORIENTED_EDGE('',*,*,#9714,.F.);
#9745 = ORIENTED_EDGE('',*,*,#9658,.T.);
#9746 = ORIENTED_EDGE('',*,*,#9690,.T.);
#9747 = ORIENTED_EDGE('',*,*,#9730,.F.);
#9748 = PLANE('',#9749);
#9749 = AXIS2_PLACEMENT_3D('',#9750,#9751,#9752);
#9750 = CARTESIAN_POINT('',(-1.5,-0.23,0.45));
#9751 = DIRECTION('',(0.,0.,1.));
#9752 = DIRECTION('',(1.,0.,-0.));
#9753 = ( GEOMETRIC_REPRESENTATION_CONTEXT(3) 
GLOBAL_UNCERTAINTY_ASSIGNED_CONTEXT((#9757)) 
GLOBAL_UNIT_ASSIGNED_CONTEXT((#9754,#9755,#9756)) REPRESENTATION_CONTEXT
('Context #1','3D Context with UNIT and UNCERTAINTY') );
#9754 = ( LENGTH_UNIT() NAMED_UNIT(*) SI_UNIT(.MILLI.,.METRE.) );
#9755 = ( NAMED_UNIT(*) PLANE_ANGLE_UNIT() SI_UNIT($,.RADIAN.) );
#9756 = ( NAMED_UNIT(*) SI_UNIT($,.STERADIAN.) SOLID_ANGLE_UNIT() );
#9757 = UNCERTAINTY_MEASURE_WITH_UNIT(LENGTH_MEASURE(2.E-07),#9754,
  'distance_accuracy_value','confusion accuracy');
#9758 = CONTEXT_DEPENDENT_SHAPE_REPRESENTATION(#9759,#9761);
#9759 = ( REPRESENTATION_RELATIONSHIP('','',#112,#10) 
REPRESENTATION_RELATIONSHIP_WITH_TRANSFORMATION(#9760) 
SHAPE_REPRESENTATION_RELATIONSHIP() );
#9760 = ITEM_DEFINED_TRANSFORMATION('','',#11,#15);
#9761 = PRODUCT_DEFINITION_SHAPE('Placement','Placement of an item',
  #9762);
#9762 = NEXT_ASSEMBLY_USAGE_OCCURRENCE('1','housing','',#5,#107,$);
#9763 = PRODUCT_RELATED_PRODUCT_CATEGORY('part',$,(#109));
#9764 = SHAPE_DEFINITION_REPRESENTATION(#9765,#9771);
#9765 = PRODUCT_DEFINITION_SHAPE('','',#9766);
#9766 = PRODUCT_DEFINITION('design','',#9767,#9770);
#9767 = PRODUCT_DEFINITION_FORMATION('','',#9768);
#9768 = PRODUCT('tab_19','tab_19','',(#9769));
#9769 = PRODUCT_CONTEXT('',#2,'mechanical');
#9770 = PRODUCT_DEFINITION_CONTEXT('part definition',#2,'design');
#9771 = ADVANCED_BREP_SHAPE_REPRESENTATION('',(#11,#9772),#11092);
#9772 = MANIFOLD_SOLID_BREP('',#9773);
#9773 = CLOSED_SHELL('',(#9774,#9958,#9989,#10020,#10051,#10082,#10122,
    #10155,#10186,#10210,#10234,#10274,#10307,#10347,#10378,#10418,
    #10449,#10466,#10483,#10500,#10531,#10548,#10565,#10596,#10627,
    #10658,#10689,#10720,#10751,#10805,#10862,#10895,#10928,#10947,
    #10966,#10985,#11004,#11018,#11037,#11056,#11068,#11080));
#9774 = ADVANCED_FACE('',(#9775),#9953,.F.);
#9775 = FACE_BOUND('',#9776,.F.);
#9776 = EDGE_LOOP('',(#9777,#9787,#9795,#9803,#9811,#9819,#9827,#9835,
    #9843,#9851,#9859,#9867,#9875,#9883,#9891,#9899,#9907,#9915,#9923,
    #9931,#9939,#9947));
#9777 = ORIENTED_EDGE('',*,*,#9778,.F.);
#9778 = EDGE_CURVE('',#9779,#9781,#9783,.T.);
#9779 = VERTEX_POINT('',#9780);
#9780 = CARTESIAN_POINT('',(-2.,0.61,0.45));
#9781 = VERTEX_POINT('',#9782);
#9782 = CARTESIAN_POINT('',(-2.02,0.61,0.45));
#9783 = LINE('',#9784,#9785);
#9784 = CARTESIAN_POINT('',(-2.48,0.61,0.45));
#9785 = VECTOR('',#9786,1.);
#9786 = DIRECTION('',(-1.,-0.,0.));
#9787 = ORIENTED_EDGE('',*,*,#9788,.T.);
#9788 = EDGE_CURVE('',#9779,#9789,#9791,.T.);
#9789 = VERTEX_POINT('',#9790);
#9790 = CARTESIAN_POINT('',(-2.,0.82,0.45));
#9791 = LINE('',#9792,#9793);
#9792 = CARTESIAN_POINT('',(-2.,-0.9,0.45));
#9793 = VECTOR('',#9794,1.);
#9794 = DIRECTION('',(-0.,1.,0.));
#9795 = ORIENTED_EDGE('',*,*,#9796,.T.);
#9796 = EDGE_CURVE('',#9789,#9797,#9799,.T.);
#9797 = VERTEX_POINT('',#9798);
#9798 = CARTESIAN_POINT('',(-2.2,0.82,0.45));
#9799 = LINE('',#9800,#9801);
#9800 = CARTESIAN_POINT('',(-2.57,0.82,0.45));
#9801 = VECTOR('',#9802,1.);
#9802 = DIRECTION('',(-1.,-0.,0.));
#9803 = ORIENTED_EDGE('',*,*,#9804,.T.);
#9804 = EDGE_CURVE('',#9797,#9805,#9807,.T.);
#9805 = VERTEX_POINT('',#9806);
#9806 = CARTESIAN_POINT('',(-2.2,0.9,0.45));
#9807 = LINE('',#9808,#9809);
#9808 = CARTESIAN_POINT('',(-2.2,-4.E-02,0.45));
#9809 = VECTOR('',#9810,1.);
#9810 = DIRECTION('',(-0.,1.,0.));
#9811 = ORIENTED_EDGE('',*,*,#9812,.F.);
#9812 = EDGE_CURVE('',#9813,#9805,#9815,.T.);
#9813 = VERTEX_POINT('',#9814);
#9814 = CARTESIAN_POINT('',(-2.94,0.9,0.45));
#9815 = LINE('',#9816,#9817);
#9816 = CARTESIAN_POINT('',(-2.94,0.9,0.45));
#9817 = VECTOR('',#9818,1.);
#9818 = DIRECTION('',(1.,0.,-0.));
#9819 = ORIENTED_EDGE('',*,*,#9820,.F.);
#9820 = EDGE_CURVE('',#9821,#9813,#9823,.T.);
#9821 = VERTEX_POINT('',#9822);
#9822 = CARTESIAN_POINT('',(-2.94,0.36,0.45));
#9823 = LINE('',#9824,#9825);
#9824 = CARTESIAN_POINT('',(-2.94,-0.9,0.45));
#9825 = VECTOR('',#9826,1.);
#9826 = DIRECTION('',(-0.,1.,0.));
#9827 = ORIENTED_EDGE('',*,*,#9828,.F.);
#9828 = EDGE_CURVE('',#9829,#9821,#9831,.T.);
#9829 = VERTEX_POINT('',#9830);
#9830 = CARTESIAN_POINT('',(-2.86,0.36,0.45));
#9831 = LINE('',#9832,#9833);
#9832 = CARTESIAN_POINT('',(-2.94,0.36,0.45));
#9833 = VECTOR('',#9834,1.);
#9834 = DIRECTION('',(-1.,-0.,0.));
#9835 = ORIENTED_EDGE('',*,*,#9836,.F.);
#9836 = EDGE_CURVE('',#9837,#9829,#9839,.T.);
#9837 = VERTEX_POINT('',#9838);
#9838 = CARTESIAN_POINT('',(-2.86,-0.36,0.45));
#9839 = LINE('',#9840,#9841);
#9840 = CARTESIAN_POINT('',(-2.86,-0.63,0.45));
#9841 = VECTOR('',#9842,1.);
#9842 = DIRECTION('',(-0.,1.,0.));
#9843 = ORIENTED_EDGE('',*,*,#9844,.T.);
#9844 = EDGE_CURVE('',#9837,#9845,#9847,.T.);
#9845 = VERTEX_POINT('',#9846);
#9846 = CARTESIAN_POINT('',(-2.94,-0.36,0.45));
#9847 = LINE('',#9848,#9849);
#9848 = CARTESIAN_POINT('',(-2.94,-0.36,0.45));
#9849 = VECTOR('',#9850,1.);
#9850 = DIRECTION('',(-1.,-0.,0.));
#9851 = ORIENTED_EDGE('',*,*,#9852,.F.);
#9852 = EDGE_CURVE('',#9853,#9845,#9855,.T.);
#9853 = VERTEX_POINT('',#9854);
#9854 = CARTESIAN_POINT('',(-2.94,-0.9,0.45));
#9855 = LINE('',#9856,#9857);
#9856 = CARTESIAN_POINT('',(-2.94,-0.9,0.45));
#9857 = VECTOR('',#9858,1.);
#9858 = DIRECTION('',(-0.,1.,0.));
#9859 = ORIENTED_EDGE('',*,*,#9860,.T.);
#9860 = EDGE_CURVE('',#9853,#9861,#9863,.T.);
#9861 = VERTEX_POINT('',#9862);
#9862 = CARTESIAN_POINT('',(-2.2,-0.9,0.45));
#9863 = LINE('',#9864,#9865);
#9864 = CARTESIAN_POINT('',(-2.94,-0.9,0.45));
#9865 = VECTOR('',#9866,1.);
#9866 = DIRECTION('',(1.,0.,-0.));
#9867 = ORIENTED_EDGE('',*,*,#9868,.T.);
#9868 = EDGE_CURVE('',#9861,#9869,#9871,.T.);
#9869 = VERTEX_POINT('',#9870);
#9870 = CARTESIAN_POINT('',(-2.2,-0.82,0.45));
#9871 = LINE('',#9872,#9873);
#9872 = CARTESIAN_POINT('',(-2.2,-0.9,0.45));
#9873 = VECTOR('',#9874,1.);
#9874 = DIRECTION('',(-0.,1.,0.));
#9875 = ORIENTED_EDGE('',*,*,#9876,.F.);
#9876 = EDGE_CURVE('',#9877,#9869,#9879,.T.);
#9877 = VERTEX_POINT('',#9878);
#9878 = CARTESIAN_POINT('',(-2.,-0.82,0.45));
#9879 = LINE('',#9880,#9881);
#9880 = CARTESIAN_POINT('',(-2.57,-0.82,0.45));
#9881 = VECTOR('',#9882,1.);
#9882 = DIRECTION('',(-1.,-0.,0.));
#9883 = ORIENTED_EDGE('',*,*,#9884,.T.);
#9884 = EDGE_CURVE('',#9877,#9885,#9887,.T.);
#9885 = VERTEX_POINT('',#9886);
#9886 = CARTESIAN_POINT('',(-2.,-0.61,0.45));
#9887 = LINE('',#9888,#9889);
#9888 = CARTESIAN_POINT('',(-2.,-0.9,0.45));
#9889 = VECTOR('',#9890,1.);
#9890 = DIRECTION('',(-0.,1.,0.));
#9891 = ORIENTED_EDGE('',*,*,#9892,.T.);
#9892 = EDGE_CURVE('',#9885,#9893,#9895,.T.);
#9893 = VERTEX_POINT('',#9894);
#9894 = CARTESIAN_POINT('',(-2.02,-0.61,0.45));
#9895 = LINE('',#9896,#9897);
#9896 = CARTESIAN_POINT('',(-2.48,-0.61,0.45));
#9897 = VECTOR('',#9898,1.);
#9898 = DIRECTION('',(-1.,-0.,0.));
#9899 = ORIENTED_EDGE('',*,*,#9900,.T.);
#9900 = EDGE_CURVE('',#9893,#9901,#9903,.T.);
#9901 = VERTEX_POINT('',#9902);
#9902 = CARTESIAN_POINT('',(-2.02,-0.53,0.45));
#9903 = LINE('',#9904,#9905);
#9904 = CARTESIAN_POINT('',(-2.02,-0.755,0.45));
#9905 = VECTOR('',#9906,1.);
#9906 = DIRECTION('',(-0.,1.,0.));
#9907 = ORIENTED_EDGE('',*,*,#9908,.F.);
#9908 = EDGE_CURVE('',#9909,#9901,#9911,.T.);
#9909 = VERTEX_POINT('',#9910);
#9910 = CARTESIAN_POINT('',(-2.435,-0.53,0.45));
#9911 = LINE('',#9912,#9913);
#9912 = CARTESIAN_POINT('',(-2.435,-0.53,0.45));
#9913 = VECTOR('',#9914,1.);
#9914 = DIRECTION('',(1.,0.,-0.));
#9915 = ORIENTED_EDGE('',*,*,#9916,.T.);
#9916 = EDGE_CURVE('',#9909,#9917,#9919,.T.);
#9917 = VERTEX_POINT('',#9918);
#9918 = CARTESIAN_POINT('',(-2.515,-0.53,0.45));
#9919 = LINE('',#9920,#9921);
#9920 = CARTESIAN_POINT('',(-2.7275,-0.53,0.45));
#9921 = VECTOR('',#9922,1.);
#9922 = DIRECTION('',(-1.,-0.,0.));
#9923 = ORIENTED_EDGE('',*,*,#9924,.T.);
#9924 = EDGE_CURVE('',#9917,#9925,#9927,.T.);
#9925 = VERTEX_POINT('',#9926);
#9926 = CARTESIAN_POINT('',(-2.515,0.53,0.45));
#9927 = LINE('',#9928,#9929);
#9928 = CARTESIAN_POINT('',(-2.515,-0.715,0.45));
#9929 = VECTOR('',#9930,1.);
#9930 = DIRECTION('',(-0.,1.,0.));
#9931 = ORIENTED_EDGE('',*,*,#9932,.F.);
#9932 = EDGE_CURVE('',#9933,#9925,#9935,.T.);
#9933 = VERTEX_POINT('',#9934);
#9934 = CARTESIAN_POINT('',(-2.435,0.53,0.45));
#9935 = LINE('',#9936,#9937);
#9936 = CARTESIAN_POINT('',(-2.7275,0.53,0.45));
#9937 = VECTOR('',#9938,1.);
#9938 = DIRECTION('',(-1.,-0.,0.));
#9939 = ORIENTED_EDGE('',*,*,#9940,.T.);
#9940 = EDGE_CURVE('',#9933,#9941,#9943,.T.);
#9941 = VERTEX_POINT('',#9942);
#9942 = CARTESIAN_POINT('',(-2.02,0.53,0.45));
#9943 = LINE('',#9944,#9945);
#9944 = CARTESIAN_POINT('',(-2.435,0.53,0.45));
#9945 = VECTOR('',#9946,1.);
#9946 = DIRECTION('',(1.,0.,-0.));
#9947 = ORIENTED_EDGE('',*,*,#9948,.T.);
#9948 = EDGE_CURVE('',#9941,#9781,#9949,.T.);
#9949 = LINE('',#9950,#9951);
#9950 = CARTESIAN_POINT('',(-2.02,-0.1925,0.45));
#9951 = VECTOR('',#9952,1.);
#9952 = DIRECTION('',(-0.,1.,0.));
#9953 = PLANE('',#9954);
#9954 = AXIS2_PLACEMENT_3D('',#9955,#9956,#9957);
#9955 = CARTESIAN_POINT('',(-2.94,-0.9,0.45));
#9956 = DIRECTION('',(0.,0.,1.));
#9957 = DIRECTION('',(1.,0.,-0.));
#9958 = ADVANCED_FACE('',(#9959),#9984,.T.);
#9959 = FACE_BOUND('',#9960,.T.);
#9960 = EDGE_LOOP('',(#9961,#9962,#9970,#9978));
#9961 = ORIENTED_EDGE('',*,*,#9908,.F.);
#9962 = ORIENTED_EDGE('',*,*,#9963,.T.);
#9963 = EDGE_CURVE('',#9909,#9964,#9966,.T.);
#9964 = VERTEX_POINT('',#9965);
#9965 = CARTESIAN_POINT('',(-2.435,-0.53,0.53));
#9966 = LINE('',#9967,#9968);
#9967 = CARTESIAN_POINT('',(-2.435,-0.53,0.45));
#9968 = VECTOR('',#9969,1.);
#9969 = DIRECTION('',(0.,0.,1.));
#9970 = ORIENTED_EDGE('',*,*,#9971,.T.);
#9971 = EDGE_CURVE('',#9964,#9972,#9974,.T.);
#9972 = VERTEX_POINT('',#9973);
#9973 = CARTESIAN_POINT('',(-2.02,-0.53,0.53));
#9974 = LINE('',#9975,#9976);
#9975 = CARTESIAN_POINT('',(-2.435,-0.53,0.53));
#9976 = VECTOR('',#9977,1.);
#9977 = DIRECTION('',(1.,0.,-0.));
#9978 = ORIENTED_EDGE('',*,*,#9979,.T.);
#9979 = EDGE_CURVE('',#9972,#9901,#9980,.T.);
#9980 = LINE('',#9981,#9982);
#9981 = CARTESIAN_POINT('',(-2.02,-0.53,0.26));
#9982 = VECTOR('',#9983,1.);
#9983 = DIRECTION('',(-0.,0.,-1.));
#9984 = PLANE('',#9985);
#9985 = AXIS2_PLACEMENT_3D('',#9986,#9987,#9988);
#9986 = CARTESIAN_POINT('',(-2.435,-0.53,0.45));
#9987 = DIRECTION('',(-0.,1.,0.));
#9988 = DIRECTION('',(0.,0.,1.));
#9989 = ADVANCED_FACE('',(#9990),#10015,.T.);
#9990 = FACE_BOUND('',#9991,.T.);
#9991 = EDGE_LOOP('',(#9992,#10002,#10008,#10009));
#9992 = ORIENTED_EDGE('',*,*,#9993,.F.);
#9993 = EDGE_CURVE('',#9994,#9996,#9998,.T.);
#9994 = VERTEX_POINT('',#9995);
#9995 = CARTESIAN_POINT('',(-2.,-0.82,0.53));
#9996 = VERTEX_POINT('',#9997);
#9997 = CARTESIAN_POINT('',(-2.,-0.61,0.53));
#9998 = LINE('',#9999,#10000);
#9999 = CARTESIAN_POINT('',(-2.,-0.9,0.53));
#10000 = VECTOR('',#10001,1.);
#10001 = DIRECTION('',(-0.,1.,0.));
#10002 = ORIENTED_EDGE('',*,*,#10003,.F.);
#10003 = EDGE_CURVE('',#9877,#9994,#10004,.T.);
#10004 = LINE('',#10005,#10006);
#10005 = CARTESIAN_POINT('',(-2.,-0.82,0.225));
#10006 = VECTOR('',#10007,1.);
#10007 = DIRECTION('',(0.,0.,1.));
#10008 = ORIENTED_EDGE('',*,*,#9884,.T.);
#10009 = ORIENTED_EDGE('',*,*,#10010,.T.);
#10010 = EDGE_CURVE('',#9885,#9996,#10011,.T.);
#10011 = LINE('',#10012,#10013);
#10012 = CARTESIAN_POINT('',(-2.,-0.61,0.26));
#10013 = VECTOR('',#10014,1.);
#10014 = DIRECTION('',(0.,0.,1.));
#10015 = PLANE('',#10016);
#10016 = AXIS2_PLACEMENT_3D('',#10017,#10018,#10019);
#10017 = CARTESIAN_POINT('',(-2.,-0.9,0.45));
#10018 = DIRECTION('',(1.,0.,-0.));
#10019 = DIRECTION('',(0.,0.,1.));
#10020 = ADVANCED_FACE('',(#10021),#10046,.T.);
#10021 = FACE_BOUND('',#10022,.T.);
#10022 = EDGE_LOOP('',(#10023,#10033,#10039,#10040));
#10023 = ORIENTED_EDGE('',*,*,#10024,.F.);
#10024 = EDGE_CURVE('',#10025,#10027,#10029,.T.);
#10025 = VERTEX_POINT('',#10026);
#10026 = CARTESIAN_POINT('',(-2.,0.61,0.53));
#10027 = VERTEX_POINT('',#10028);
#10028 = CARTESIAN_POINT('',(-2.,0.82,0.53));
#10029 = LINE('',#10030,#10031);
#10030 = CARTESIAN_POINT('',(-2.,-0.9,0.53));
#10031 = VECTOR('',#10032,1.);
#10032 = DIRECTION('',(-0.,1.,0.));
#10033 = ORIENTED_EDGE('',*,*,#10034,.F.);
#10034 = EDGE_CURVE('',#9779,#10025,#10035,.T.);
#10035 = LINE('',#10036,#10037);
#10036 = CARTESIAN_POINT('',(-2.,0.61,0.26));
#10037 = VECTOR('',#10038,1.);
#10038 = DIRECTION('',(0.,0.,1.));
#10039 = ORIENTED_EDGE('',*,*,#9788,.T.);
#10040 = ORIENTED_EDGE('',*,*,#10041,.T.);
#10041 = EDGE_CURVE('',#9789,#10027,#10042,.T.);
#10042 = LINE('',#10043,#10044);
#10043 = CARTESIAN_POINT('',(-2.,0.82,0.225));
#10044 = VECTOR('',#10045,1.);
#10045 = DIRECTION('',(0.,0.,1.));
#10046 = PLANE('',#10047);
#10047 = AXIS2_PLACEMENT_3D('',#10048,#10049,#10050);
#10048 = CARTESIAN_POINT('',(-2.,-0.9,0.45));
#10049 = DIRECTION('',(1.,0.,-0.));
#10050 = DIRECTION('',(0.,0.,1.));
#10051 = ADVANCED_FACE('',(#10052),#10077,.F.);
#10052 = FACE_BOUND('',#10053,.F.);
#10053 = EDGE_LOOP('',(#10054,#10055,#10063,#10071));
#10054 = ORIENTED_EDGE('',*,*,#9940,.F.);
#10055 = ORIENTED_EDGE('',*,*,#10056,.T.);
#10056 = EDGE_CURVE('',#9933,#10057,#10059,.T.);
#10057 = VERTEX_POINT('',#10058);
#10058 = CARTESIAN_POINT('',(-2.435,0.53,0.53));
#10059 = LINE('',#10060,#10061);
#10060 = CARTESIAN_POINT('',(-2.435,0.53,0.45));
#10061 = VECTOR('',#10062,1.);
#10062 = DIRECTION('',(0.,0.,1.));
#10063 = ORIENTED_EDGE('',*,*,#10064,.T.);
#10064 = EDGE_CURVE('',#10057,#10065,#10067,.T.);
#10065 = VERTEX_POINT('',#10066);
#10066 = CARTESIAN_POINT('',(-2.02,0.53,0.53));
#10067 = LINE('',#10068,#10069);
#10068 = CARTESIAN_POINT('',(-2.435,0.53,0.53));
#10069 = VECTOR('',#10070,1.);
#10070 = DIRECTION('',(1.,0.,-0.));
#10071 = ORIENTED_EDGE('',*,*,#10072,.T.);
#10072 = EDGE_CURVE('',#10065,#9941,#10073,.T.);
#10073 = LINE('',#10074,#10075);
#10074 = CARTESIAN_POINT('',(-2.02,0.53,0.26));
#10075 = VECTOR('',#10076,1.);
#10076 = DIRECTION('',(-0.,0.,-1.));
#10077 = PLANE('',#10078);
#10078 = AXIS2_PLACEMENT_3D('',#10079,#10080,#10081);
#10079 = CARTESIAN_POINT('',(-2.435,0.53,0.45));
#10080 = DIRECTION('',(-0.,1.,0.));
#10081 = DIRECTION('',(0.,0.,1.));
#10082 = ADVANCED_FACE('',(#10083),#10117,.T.);
#10083 = FACE_BOUND('',#10084,.T.);
#10084 = EDGE_LOOP('',(#10085,#10095,#10103,#10109,#10110,#10111));
#10085 = ORIENTED_EDGE('',*,*,#10086,.F.);
#10086 = EDGE_CURVE('',#10087,#10089,#10091,.T.);
#10087 = VERTEX_POINT('',#10088);
#10088 = CARTESIAN_POINT('',(-1.82,0.61,7.E-02));
#10089 = VERTEX_POINT('',#10090);
#10090 = CARTESIAN_POINT('',(-1.82,0.61,0.53));
#10091 = LINE('',#10092,#10093);
#10092 = CARTESIAN_POINT('',(-1.82,0.61,7.E-02));
#10093 = VECTOR('',#10094,1.);
#10094 = DIRECTION('',(0.,0.,1.));
#10095 = ORIENTED_EDGE('',*,*,#10096,.F.);
#10096 = EDGE_CURVE('',#10097,#10087,#10099,.T.);
#10097 = VERTEX_POINT('',#10098);
#10098 = CARTESIAN_POINT('',(-2.02,0.61,7.E-02));
#10099 = LINE('',#10100,#10101);
#10100 = CARTESIAN_POINT('',(-2.02,0.61,7.E-02));
#10101 = VECTOR('',#10102,1.);
#10102 = DIRECTION('',(1.,0.,-0.));
#10103 = ORIENTED_EDGE('',*,*,#10104,.T.);
#10104 = EDGE_CURVE('',#10097,#9781,#10105,.T.);
#10105 = LINE('',#10106,#10107);
#10106 = CARTESIAN_POINT('',(-2.02,0.61,7.E-02));
#10107 = VECTOR('',#10108,1.);
#10108 = DIRECTION('',(0.,0.,1.));
#10109 = ORIENTED_EDGE('',*,*,#9778,.F.);
#10110 = ORIENTED_EDGE('',*,*,#10034,.T.);
#10111 = ORIENTED_EDGE('',*,*,#10112,.T.);
#10112 = EDGE_CURVE('',#10025,#10089,#10113,.T.);
#10113 = LINE('',#10114,#10115);
#10114 = CARTESIAN_POINT('',(-2.02,0.61,0.53));
#10115 = VECTOR('',#10116,1.);
#10116 = DIRECTION('',(1.,0.,-0.));
#10117 = PLANE('',#10118);
#10118 = AXIS2_PLACEMENT_3D('',#10119,#10120,#10121);
#10119 = CARTESIAN_POINT('',(-2.02,0.61,7.E-02));
#10120 = DIRECTION('',(-0.,1.,0.));
#10121 = DIRECTION('',(0.,0.,1.));
#10122 = ADVANCED_FACE('',(#10123),#10150,.F.);
#10123 = FACE_BOUND('',#10124,.F.);
#10124 = EDGE_LOOP('',(#10125,#10133,#10141,#10147,#10148,#10149));
#10125 = ORIENTED_EDGE('',*,*,#10126,.F.);
#10126 = EDGE_CURVE('',#10127,#10065,#10129,.T.);
#10127 = VERTEX_POINT('',#10128);
#10128 = CARTESIAN_POINT('',(-2.02,0.515,0.53));
#10129 = LINE('',#10130,#10131);
#10130 = CARTESIAN_POINT('',(-2.02,0.515,0.53));
#10131 = VECTOR('',#10132,1.);
#10132 = DIRECTION('',(-0.,1.,0.));
#10133 = ORIENTED_EDGE('',*,*,#10134,.F.);
#10134 = EDGE_CURVE('',#10135,#10127,#10137,.T.);
#10135 = VERTEX_POINT('',#10136);
#10136 = CARTESIAN_POINT('',(-2.02,0.515,7.E-02));
#10137 = LINE('',#10138,#10139);
#10138 = CARTESIAN_POINT('',(-2.02,0.515,7.E-02));
#10139 = VECTOR('',#10140,1.);
#10140 = DIRECTION('',(0.,0.,1.));
#10141 = ORIENTED_EDGE('',*,*,#10142,.T.);
#10142 = EDGE_CURVE('',#10135,#10097,#10143,.T.);
#10143 = LINE('',#10144,#10145);
#10144 = CARTESIAN_POINT('',(-2.02,0.515,7.E-02));
#10145 = VECTOR('',#10146,1.);
#10146 = DIRECTION('',(-0.,1.,0.));
#10147 = ORIENTED_EDGE('',*,*,#10104,.T.);
#10148 = ORIENTED_EDGE('',*,*,#9948,.F.);
#10149 = ORIENTED_EDGE('',*,*,#10072,.F.);
#10150 = PLANE('',#10151);
#10151 = AXIS2_PLACEMENT_3D('',#10152,#10153,#10154);
#10152 = CARTESIAN_POINT('',(-2.02,0.515,7.E-02));
#10153 = DIRECTION('',(1.,0.,-0.));
#10154 = DIRECTION('',(0.,0.,1.));
#10155 = ADVANCED_FACE('',(#10156),#10181,.T.);
#10156 = FACE_BOUND('',#10157,.T.);
#10157 = EDGE_LOOP('',(#10158,#10166,#10174,#10180));
#10158 = ORIENTED_EDGE('',*,*,#10159,.F.);
#10159 = EDGE_CURVE('',#10160,#9933,#10162,.T.);
#10160 = VERTEX_POINT('',#10161);
#10161 = CARTESIAN_POINT('',(-2.435,0.53,7.E-02));
#10162 = LINE('',#10163,#10164);
#10163 = CARTESIAN_POINT('',(-2.435,0.53,7.E-02));
#10164 = VECTOR('',#10165,1.);
#10165 = DIRECTION('',(0.,0.,1.));
#10166 = ORIENTED_EDGE('',*,*,#10167,.F.);
#10167 = EDGE_CURVE('',#10168,#10160,#10170,.T.);
#10168 = VERTEX_POINT('',#10169);
#10169 = CARTESIAN_POINT('',(-2.515,0.53,7.E-02));
#10170 = LINE('',#10171,#10172);
#10171 = CARTESIAN_POINT('',(-2.515,0.53,7.E-02));
#10172 = VECTOR('',#10173,1.);
#10173 = DIRECTION('',(1.,0.,-0.));
#10174 = ORIENTED_EDGE('',*,*,#10175,.T.);
#10175 = EDGE_CURVE('',#10168,#9925,#10176,.T.);
#10176 = LINE('',#10177,#10178);
#10177 = CARTESIAN_POINT('',(-2.515,0.53,7.E-02));
#10178 = VECTOR('',#10179,1.);
#10179 = DIRECTION('',(0.,0.,1.));
#10180 = ORIENTED_EDGE('',*,*,#9932,.F.);
#10181 = PLANE('',#10182);
#10182 = AXIS2_PLACEMENT_3D('',#10183,#10184,#10185);
#10183 = CARTESIAN_POINT('',(-2.515,0.53,7.E-02));
#10184 = DIRECTION('',(-0.,1.,0.));
#10185 = DIRECTION('',(0.,0.,1.));
#10186 = ADVANCED_FACE('',(#10187),#10205,.F.);
#10187 = FACE_BOUND('',#10188,.F.);
#10188 = EDGE_LOOP('',(#10189,#10197,#10203,#10204));
#10189 = ORIENTED_EDGE('',*,*,#10190,.F.);
#10190 = EDGE_CURVE('',#10191,#9917,#10193,.T.);
#10191 = VERTEX_POINT('',#10192);
#10192 = CARTESIAN_POINT('',(-2.515,-0.53,7.E-02));
#10193 = LINE('',#10194,#10195);
#10194 = CARTESIAN_POINT('',(-2.515,-0.53,7.E-02));
#10195 = VECTOR('',#10196,1.);
#10196 = DIRECTION('',(0.,0.,1.));
#10197 = ORIENTED_EDGE('',*,*,#10198,.T.);
#10198 = EDGE_CURVE('',#10191,#10168,#10199,.T.);
#10199 = LINE('',#10200,#10201);
#10200 = CARTESIAN_POINT('',(-2.515,-0.53,7.E-02));
#10201 = VECTOR('',#10202,1.);
#10202 = DIRECTION('',(-0.,1.,0.));
#10203 = ORIENTED_EDGE('',*,*,#10175,.T.);
#10204 = ORIENTED_EDGE('',*,*,#9924,.F.);
#10205 = PLANE('',#10206);
#10206 = AXIS2_PLACEMENT_3D('',#10207,#10208,#10209);
#10207 = CARTESIAN_POINT('',(-2.515,-0.53,7.E-02));
#10208 = DIRECTION('',(1.,0.,-0.));
#10209 = DIRECTION('',(0.,0.,1.));
#10210 = ADVANCED_FACE('',(#10211),#10229,.F.);
#10211 = FACE_BOUND('',#10212,.F.);
#10212 = EDGE_LOOP('',(#10213,#10221,#10227,#10228));
#10213 = ORIENTED_EDGE('',*,*,#10214,.F.);
#10214 = EDGE_CURVE('',#10215,#9909,#10217,.T.);
#10215 = VERTEX_POINT('',#10216);
#10216 = CARTESIAN_POINT('',(-2.435,-0.53,7.E-02));
#10217 = LINE('',#10218,#10219);
#10218 = CARTESIAN_POINT('',(-2.435,-0.53,7.E-02));
#10219 = VECTOR('',#10220,1.);
#10220 = DIRECTION('',(0.,0.,1.));
#10221 = ORIENTED_EDGE('',*,*,#10222,.F.);
#10222 = EDGE_CURVE('',#10191,#10215,#10223,.T.);
#10223 = LINE('',#10224,#10225);
#10224 = CARTESIAN_POINT('',(-2.515,-0.53,7.E-02));
#10225 = VECTOR('',#10226,1.);
#10226 = DIRECTION('',(1.,0.,-0.));
#10227 = ORIENTED_EDGE('',*,*,#10190,.T.);
#10228 = ORIENTED_EDGE('',*,*,#9916,.F.);
#10229 = PLANE('',#10230);
#10230 = AXIS2_PLACEMENT_3D('',#10231,#10232,#10233);
#10231 = CARTESIAN_POINT('',(-2.515,-0.53,7.E-02));
#10232 = DIRECTION('',(-0.,1.,0.));
#10233 = DIRECTION('',(0.,0.,1.));
#10234 = ADVANCED_FACE('',(#10235),#10269,.F.);
#10235 = FACE_BOUND('',#10236,.F.);
#10236 = EDGE_LOOP('',(#10237,#10245,#10253,#10261,#10267,#10268));
#10237 = ORIENTED_EDGE('',*,*,#10238,.F.);
#10238 = EDGE_CURVE('',#10239,#9893,#10241,.T.);
#10239 = VERTEX_POINT('',#10240);
#10240 = CARTESIAN_POINT('',(-2.02,-0.61,7.E-02));
#10241 = LINE('',#10242,#10243);
#10242 = CARTESIAN_POINT('',(-2.02,-0.61,7.E-02));
#10243 = VECTOR('',#10244,1.);
#10244 = DIRECTION('',(0.,0.,1.));
#10245 = ORIENTED_EDGE('',*,*,#10246,.T.);
#10246 = EDGE_CURVE('',#10239,#10247,#10249,.T.);
#10247 = VERTEX_POINT('',#10248);
#10248 = CARTESIAN_POINT('',(-2.02,-0.515,7.E-02));
#10249 = LINE('',#10250,#10251);
#10250 = CARTESIAN_POINT('',(-2.02,-0.61,7.E-02));
#10251 = VECTOR('',#10252,1.);
#10252 = DIRECTION('',(-0.,1.,0.));
#10253 = ORIENTED_EDGE('',*,*,#10254,.T.);
#10254 = EDGE_CURVE('',#10247,#10255,#10257,.T.);
#10255 = VERTEX_POINT('',#10256);
#10256 = CARTESIAN_POINT('',(-2.02,-0.515,0.53));
#10257 = LINE('',#10258,#10259);
#10258 = CARTESIAN_POINT('',(-2.02,-0.515,7.E-02));
#10259 = VECTOR('',#10260,1.);
#10260 = DIRECTION('',(0.,0.,1.));
#10261 = ORIENTED_EDGE('',*,*,#10262,.F.);
#10262 = EDGE_CURVE('',#9972,#10255,#10263,.T.);
#10263 = LINE('',#10264,#10265);
#10264 = CARTESIAN_POINT('',(-2.02,-0.61,0.53));
#10265 = VECTOR('',#10266,1.);
#10266 = DIRECTION('',(-0.,1.,0.));
#10267 = ORIENTED_EDGE('',*,*,#9979,.T.);
#10268 = ORIENTED_EDGE('',*,*,#9900,.F.);
#10269 = PLANE('',#10270);
#10270 = AXIS2_PLACEMENT_3D('',#10271,#10272,#10273);
#10271 = CARTESIAN_POINT('',(-2.02,-0.61,7.E-02));
#10272 = DIRECTION('',(1.,0.,-0.));
#10273 = DIRECTION('',(0.,0.,1.));
#10274 = ADVANCED_FACE('',(#10275),#10302,.F.);
#10275 = FACE_BOUND('',#10276,.F.);
#10276 = EDGE_LOOP('',(#10277,#10287,#10293,#10294,#10295,#10296));
#10277 = ORIENTED_EDGE('',*,*,#10278,.F.);
#10278 = EDGE_CURVE('',#10279,#10281,#10283,.T.);
#10279 = VERTEX_POINT('',#10280);
#10280 = CARTESIAN_POINT('',(-1.82,-0.61,7.E-02));
#10281 = VERTEX_POINT('',#10282);
#10282 = CARTESIAN_POINT('',(-1.82,-0.61,0.53));
#10283 = LINE('',#10284,#10285);
#10284 = CARTESIAN_POINT('',(-1.82,-0.61,7.E-02));
#10285 = VECTOR('',#10286,1.);
#10286 = DIRECTION('',(0.,0.,1.));
#10287 = ORIENTED_EDGE('',*,*,#10288,.F.);
#10288 = EDGE_CURVE('',#10239,#10279,#10289,.T.);
#10289 = LINE('',#10290,#10291);
#10290 = CARTESIAN_POINT('',(-2.02,-0.61,7.E-02));
#10291 = VECTOR('',#10292,1.);
#10292 = DIRECTION('',(1.,0.,-0.));
#10293 = ORIENTED_EDGE('',*,*,#10238,.T.);
#10294 = ORIENTED_EDGE('',*,*,#9892,.F.);
#10295 = ORIENTED_EDGE('',*,*,#10010,.T.);
#10296 = ORIENTED_EDGE('',*,*,#10297,.T.);
#10297 = EDGE_CURVE('',#9996,#10281,#10298,.T.);
#10298 = LINE('',#10299,#10300);
#10299 = CARTESIAN_POINT('',(-2.02,-0.61,0.53));
#10300 = VECTOR('',#10301,1.);
#10301 = DIRECTION('',(1.,0.,-0.));
#10302 = PLANE('',#10303);
#10303 = AXIS2_PLACEMENT_3D('',#10304,#10305,#10306);
#10304 = CARTESIAN_POINT('',(-2.02,-0.61,7.E-02));
#10305 = DIRECTION('',(-0.,1.,0.));
#10306 = DIRECTION('',(0.,0.,1.));
#10307 = ADVANCED_FACE('',(#10308),#10342,.T.);
#10308 = FACE_BOUND('',#10309,.T.);
#10309 = EDGE_LOOP('',(#10310,#10320,#10328,#10334,#10335,#10336));
#10310 = ORIENTED_EDGE('',*,*,#10311,.F.);
#10311 = EDGE_CURVE('',#10312,#10314,#10316,.T.);
#10312 = VERTEX_POINT('',#10313);
#10313 = CARTESIAN_POINT('',(-1.8,-0.82,8.E-02));
#10314 = VERTEX_POINT('',#10315);
#10315 = CARTESIAN_POINT('',(-1.8,-0.82,0.53));
#10316 = LINE('',#10317,#10318);
#10317 = CARTESIAN_POINT('',(-1.8,-0.82,0.));
#10318 = VECTOR('',#10319,1.);
#10319 = DIRECTION('',(0.,0.,1.));
#10320 = ORIENTED_EDGE('',*,*,#10321,.F.);
#10321 = EDGE_CURVE('',#10322,#10312,#10324,.T.);
#10322 = VERTEX_POINT('',#10323);
#10323 = CARTESIAN_POINT('',(-2.2,-0.82,8.E-02));
#10324 = LINE('',#10325,#10326);
#10325 = CARTESIAN_POINT('',(-2.2,-0.82,8.E-02));
#10326 = VECTOR('',#10327,1.);
#10327 = DIRECTION('',(1.,0.,-0.));
#10328 = ORIENTED_EDGE('',*,*,#10329,.T.);
#10329 = EDGE_CURVE('',#10322,#9869,#10330,.T.);
#10330 = LINE('',#10331,#10332);
#10331 = CARTESIAN_POINT('',(-2.2,-0.82,0.));
#10332 = VECTOR('',#10333,1.);
#10333 = DIRECTION('',(0.,0.,1.));
#10334 = ORIENTED_EDGE('',*,*,#9876,.F.);
#10335 = ORIENTED_EDGE('',*,*,#10003,.T.);
#10336 = ORIENTED_EDGE('',*,*,#10337,.T.);
#10337 = EDGE_CURVE('',#9994,#10314,#10338,.T.);
#10338 = LINE('',#10339,#10340);
#10339 = CARTESIAN_POINT('',(-2.2,-0.82,0.53));
#10340 = VECTOR('',#10341,1.);
#10341 = DIRECTION('',(1.,0.,-0.));
#10342 = PLANE('',#10343);
#10343 = AXIS2_PLACEMENT_3D('',#10344,#10345,#10346);
#10344 = CARTESIAN_POINT('',(-2.2,-0.82,0.));
#10345 = DIRECTION('',(-0.,1.,0.));
#10346 = DIRECTION('',(0.,0.,1.));
#10347 = ADVANCED_FACE('',(#10348),#10373,.T.);
#10348 = FACE_BOUND('',#10349,.T.);
#10349 = EDGE_LOOP('',(#10350,#10358,#10366,#10372));
#10350 = ORIENTED_EDGE('',*,*,#10351,.F.);
#10351 = EDGE_CURVE('',#10352,#9837,#10354,.T.);
#10352 = VERTEX_POINT('',#10353);
#10353 = CARTESIAN_POINT('',(-2.86,-0.36,8.E-02));
#10354 = LINE('',#10355,#10356);
#10355 = CARTESIAN_POINT('',(-2.86,-0.36,0.));
#10356 = VECTOR('',#10357,1.);
#10357 = DIRECTION('',(0.,0.,1.));
#10358 = ORIENTED_EDGE('',*,*,#10359,.F.);
#10359 = EDGE_CURVE('',#10360,#10352,#10362,.T.);
#10360 = VERTEX_POINT('',#10361);
#10361 = CARTESIAN_POINT('',(-2.86,0.36,8.E-02));
#10362 = LINE('',#10363,#10364);
#10363 = CARTESIAN_POINT('',(-2.86,-0.36,8.E-02));
#10364 = VECTOR('',#10365,1.);
#10365 = DIRECTION('',(0.,-1.,0.));
#10366 = ORIENTED_EDGE('',*,*,#10367,.T.);
#10367 = EDGE_CURVE('',#10360,#9829,#10368,.T.);
#10368 = LINE('',#10369,#10370);
#10369 = CARTESIAN_POINT('',(-2.86,0.36,0.));
#10370 = VECTOR('',#10371,1.);
#10371 = DIRECTION('',(0.,0.,1.));
#10372 = ORIENTED_EDGE('',*,*,#9836,.F.);
#10373 = PLANE('',#10374);
#10374 = AXIS2_PLACEMENT_3D('',#10375,#10376,#10377);
#10375 = CARTESIAN_POINT('',(-2.86,-0.36,0.));
#10376 = DIRECTION('',(1.,0.,-0.));
#10377 = DIRECTION('',(0.,0.,1.));
#10378 = ADVANCED_FACE('',(#10379),#10413,.F.);
#10379 = FACE_BOUND('',#10380,.F.);
#10380 = EDGE_LOOP('',(#10381,#10391,#10399,#10405,#10406,#10407));
#10381 = ORIENTED_EDGE('',*,*,#10382,.F.);
#10382 = EDGE_CURVE('',#10383,#10385,#10387,.T.);
#10383 = VERTEX_POINT('',#10384);
#10384 = CARTESIAN_POINT('',(-1.8,0.82,8.E-02));
#10385 = VERTEX_POINT('',#10386);
#10386 = CARTESIAN_POINT('',(-1.8,0.82,0.53));
#10387 = LINE('',#10388,#10389);
#10388 = CARTESIAN_POINT('',(-1.8,0.82,0.));
#10389 = VECTOR('',#10390,1.);
#10390 = DIRECTION('',(0.,0.,1.));
#10391 = ORIENTED_EDGE('',*,*,#10392,.F.);
#10392 = EDGE_CURVE('',#10393,#10383,#10395,.T.);
#10393 = VERTEX_POINT('',#10394);
#10394 = CARTESIAN_POINT('',(-2.2,0.82,8.E-02));
#10395 = LINE('',#10396,#10397);
#10396 = CARTESIAN_POINT('',(-2.2,0.82,8.E-02));
#10397 = VECTOR('',#10398,1.);
#10398 = DIRECTION('',(1.,0.,-0.));
#10399 = ORIENTED_EDGE('',*,*,#10400,.T.);
#10400 = EDGE_CURVE('',#10393,#9797,#10401,.T.);
#10401 = LINE('',#10402,#10403);
#10402 = CARTESIAN_POINT('',(-2.2,0.82,0.));
#10403 = VECTOR('',#10404,1.);
#10404 = DIRECTION('',(0.,0.,1.));
#10405 = ORIENTED_EDGE('',*,*,#9796,.F.);
#10406 = ORIENTED_EDGE('',*,*,#10041,.T.);
#10407 = ORIENTED_EDGE('',*,*,#10408,.T.);
#10408 = EDGE_CURVE('',#10027,#10385,#10409,.T.);
#10409 = LINE('',#10410,#10411);
#10410 = CARTESIAN_POINT('',(-2.2,0.82,0.53));
#10411 = VECTOR('',#10412,1.);
#10412 = DIRECTION('',(1.,0.,-0.));
#10413 = PLANE('',#10414);
#10414 = AXIS2_PLACEMENT_3D('',#10415,#10416,#10417);
#10415 = CARTESIAN_POINT('',(-2.2,0.82,0.));
#10416 = DIRECTION('',(-0.,1.,0.));
#10417 = DIRECTION('',(0.,0.,1.));
#10418 = ADVANCED_FACE('',(#10419),#10444,.T.);
#10419 = FACE_BOUND('',#10420,.T.);
#10420 = EDGE_LOOP('',(#10421,#10431,#10437,#10438));
#10421 = ORIENTED_EDGE('',*,*,#10422,.F.);
#10422 = EDGE_CURVE('',#10423,#10425,#10427,.T.);
#10423 = VERTEX_POINT('',#10424);
#10424 = CARTESIAN_POINT('',(-1.82,0.515,7.E-02));
#10425 = VERTEX_POINT('',#10426);
#10426 = CARTESIAN_POINT('',(-1.82,0.515,0.53));
#10427 = LINE('',#10428,#10429);
#10428 = CARTESIAN_POINT('',(-1.82,0.515,7.E-02));
#10429 = VECTOR('',#10430,1.);
#10430 = DIRECTION('',(0.,0.,1.));
#10431 = ORIENTED_EDGE('',*,*,#10432,.T.);
#10432 = EDGE_CURVE('',#10423,#10087,#10433,.T.);
#10433 = LINE('',#10434,#10435);
#10434 = CARTESIAN_POINT('',(-1.82,0.515,7.E-02));
#10435 = VECTOR('',#10436,1.);
#10436 = DIRECTION('',(-0.,1.,0.));
#10437 = ORIENTED_EDGE('',*,*,#10086,.T.);
#10438 = ORIENTED_EDGE('',*,*,#10439,.F.);
#10439 = EDGE_CURVE('',#10425,#10089,#10440,.T.);
#10440 = LINE('',#10441,#10442);
#10441 = CARTESIAN_POINT('',(-1.82,0.515,0.53));
#10442 = VECTOR('',#10443,1.);
#10443 = DIRECTION('',(-0.,1.,0.));
#10444 = PLANE('',#10445);
#10445 = AXIS2_PLACEMENT_3D('',#10446,#10447,#10448);
#10446 = CARTESIAN_POINT('',(-1.82,0.515,7.E-02));
#10447 = DIRECTION('',(1.,0.,-0.));
#10448 = DIRECTION('',(0.,0.,1.));
#10449 = ADVANCED_FACE('',(#10450),#10461,.F.);
#10450 = FACE_BOUND('',#10451,.F.);
#10451 = EDGE_LOOP('',(#10452,#10453,#10459,#10460));
#10452 = ORIENTED_EDGE('',*,*,#10142,.F.);
#10453 = ORIENTED_EDGE('',*,*,#10454,.T.);
#10454 = EDGE_CURVE('',#10135,#10423,#10455,.T.);
#10455 = LINE('',#10456,#10457);
#10456 = CARTESIAN_POINT('',(-2.02,0.515,7.E-02));
#10457 = VECTOR('',#10458,1.);
#10458 = DIRECTION('',(1.,0.,-0.));
#10459 = ORIENTED_EDGE('',*,*,#10432,.T.);
#10460 = ORIENTED_EDGE('',*,*,#10096,.F.);
#10461 = PLANE('',#10462);
#10462 = AXIS2_PLACEMENT_3D('',#10463,#10464,#10465);
#10463 = CARTESIAN_POINT('',(-2.02,0.515,7.E-02));
#10464 = DIRECTION('',(0.,0.,1.));
#10465 = DIRECTION('',(1.,0.,-0.));
#10466 = ADVANCED_FACE('',(#10467),#10478,.F.);
#10467 = FACE_BOUND('',#10468,.F.);
#10468 = EDGE_LOOP('',(#10469,#10470,#10471,#10477));
#10469 = ORIENTED_EDGE('',*,*,#10454,.F.);
#10470 = ORIENTED_EDGE('',*,*,#10134,.T.);
#10471 = ORIENTED_EDGE('',*,*,#10472,.T.);
#10472 = EDGE_CURVE('',#10127,#10425,#10473,.T.);
#10473 = LINE('',#10474,#10475);
#10474 = CARTESIAN_POINT('',(-2.02,0.515,0.53));
#10475 = VECTOR('',#10476,1.);
#10476 = DIRECTION('',(1.,0.,-0.));
#10477 = ORIENTED_EDGE('',*,*,#10422,.F.);
#10478 = PLANE('',#10479);
#10479 = AXIS2_PLACEMENT_3D('',#10480,#10481,#10482);
#10480 = CARTESIAN_POINT('',(-2.02,0.515,7.E-02));
#10481 = DIRECTION('',(-0.,1.,0.));
#10482 = DIRECTION('',(0.,0.,1.));
#10483 = ADVANCED_FACE('',(#10484),#10495,.F.);
#10484 = FACE_BOUND('',#10485,.F.);
#10485 = EDGE_LOOP('',(#10486,#10487,#10488,#10494));
#10486 = ORIENTED_EDGE('',*,*,#10198,.F.);
#10487 = ORIENTED_EDGE('',*,*,#10222,.T.);
#10488 = ORIENTED_EDGE('',*,*,#10489,.T.);
#10489 = EDGE_CURVE('',#10215,#10160,#10490,.T.);
#10490 = LINE('',#10491,#10492);
#10491 = CARTESIAN_POINT('',(-2.435,-0.53,7.E-02));
#10492 = VECTOR('',#10493,1.);
#10493 = DIRECTION('',(-0.,1.,0.));
#10494 = ORIENTED_EDGE('',*,*,#10167,.F.);
#10495 = PLANE('',#10496);
#10496 = AXIS2_PLACEMENT_3D('',#10497,#10498,#10499);
#10497 = CARTESIAN_POINT('',(-2.515,-0.53,7.E-02));
#10498 = DIRECTION('',(0.,0.,1.));
#10499 = DIRECTION('',(1.,0.,-0.));
#10500 = ADVANCED_FACE('',(#10501),#10526,.T.);
#10501 = FACE_BOUND('',#10502,.T.);
#10502 = EDGE_LOOP('',(#10503,#10511,#10512,#10520));
#10503 = ORIENTED_EDGE('',*,*,#10504,.F.);
#10504 = EDGE_CURVE('',#10247,#10505,#10507,.T.);
#10505 = VERTEX_POINT('',#10506);
#10506 = CARTESIAN_POINT('',(-1.82,-0.515,7.E-02));
#10507 = LINE('',#10508,#10509);
#10508 = CARTESIAN_POINT('',(-2.02,-0.515,7.E-02));
#10509 = VECTOR('',#10510,1.);
#10510 = DIRECTION('',(1.,0.,-0.));
#10511 = ORIENTED_EDGE('',*,*,#10254,.T.);
#10512 = ORIENTED_EDGE('',*,*,#10513,.T.);
#10513 = EDGE_CURVE('',#10255,#10514,#10516,.T.);
#10514 = VERTEX_POINT('',#10515);
#10515 = CARTESIAN_POINT('',(-1.82,-0.515,0.53));
#10516 = LINE('',#10517,#10518);
#10517 = CARTESIAN_POINT('',(-2.02,-0.515,0.53));
#10518 = VECTOR('',#10519,1.);
#10519 = DIRECTION('',(1.,0.,-0.));
#10520 = ORIENTED_EDGE('',*,*,#10521,.F.);
#10521 = EDGE_CURVE('',#10505,#10514,#10522,.T.);
#10522 = LINE('',#10523,#10524);
#10523 = CARTESIAN_POINT('',(-1.82,-0.515,7.E-02));
#10524 = VECTOR('',#10525,1.);
#10525 = DIRECTION('',(0.,0.,1.));
#10526 = PLANE('',#10527);
#10527 = AXIS2_PLACEMENT_3D('',#10528,#10529,#10530);
#10528 = CARTESIAN_POINT('',(-2.02,-0.515,7.E-02));
#10529 = DIRECTION('',(-0.,1.,0.));
#10530 = DIRECTION('',(0.,0.,1.));
#10531 = ADVANCED_FACE('',(#10532),#10543,.F.);
#10532 = FACE_BOUND('',#10533,.F.);
#10533 = EDGE_LOOP('',(#10534,#10535,#10536,#10542));
#10534 = ORIENTED_EDGE('',*,*,#10246,.F.);
#10535 = ORIENTED_EDGE('',*,*,#10288,.T.);
#10536 = ORIENTED_EDGE('',*,*,#10537,.T.);
#10537 = EDGE_CURVE('',#10279,#10505,#10538,.T.);
#10538 = LINE('',#10539,#10540);
#10539 = CARTESIAN_POINT('',(-1.82,-0.61,7.E-02));
#10540 = VECTOR('',#10541,1.);
#10541 = DIRECTION('',(-0.,1.,0.));
#10542 = ORIENTED_EDGE('',*,*,#10504,.F.);
#10543 = PLANE('',#10544);
#10544 = AXIS2_PLACEMENT_3D('',#10545,#10546,#10547);
#10545 = CARTESIAN_POINT('',(-2.02,-0.61,7.E-02));
#10546 = DIRECTION('',(0.,0.,1.));
#10547 = DIRECTION('',(1.,0.,-0.));
#10548 = ADVANCED_FACE('',(#10549),#10560,.T.);
#10549 = FACE_BOUND('',#10550,.T.);
#10550 = EDGE_LOOP('',(#10551,#10552,#10553,#10554));
#10551 = ORIENTED_EDGE('',*,*,#10278,.F.);
#10552 = ORIENTED_EDGE('',*,*,#10537,.T.);
#10553 = ORIENTED_EDGE('',*,*,#10521,.T.);
#10554 = ORIENTED_EDGE('',*,*,#10555,.F.);
#10555 = EDGE_CURVE('',#10281,#10514,#10556,.T.);
#10556 = LINE('',#10557,#10558);
#10557 = CARTESIAN_POINT('',(-1.82,-0.61,0.53));
#10558 = VECTOR('',#10559,1.);
#10559 = DIRECTION('',(-0.,1.,0.));
#10560 = PLANE('',#10561);
#10561 = AXIS2_PLACEMENT_3D('',#10562,#10563,#10564);
#10562 = CARTESIAN_POINT('',(-1.82,-0.61,7.E-02));
#10563 = DIRECTION('',(1.,0.,-0.));
#10564 = DIRECTION('',(0.,0.,1.));
#10565 = ADVANCED_FACE('',(#10566),#10591,.T.);
#10566 = FACE_BOUND('',#10567,.T.);
#10567 = EDGE_LOOP('',(#10568,#10576,#10577,#10585));
#10568 = ORIENTED_EDGE('',*,*,#10569,.F.);
#10569 = EDGE_CURVE('',#10322,#10570,#10572,.T.);
#10570 = VERTEX_POINT('',#10571);
#10571 = CARTESIAN_POINT('',(-2.2,-0.74,8.E-02));
#10572 = LINE('',#10573,#10574);
#10573 = CARTESIAN_POINT('',(-2.2,-0.9,8.E-02));
#10574 = VECTOR('',#10575,1.);
#10575 = DIRECTION('',(-0.,1.,0.));
#10576 = ORIENTED_EDGE('',*,*,#10321,.T.);
#10577 = ORIENTED_EDGE('',*,*,#10578,.T.);
#10578 = EDGE_CURVE('',#10312,#10579,#10581,.T.);
#10579 = VERTEX_POINT('',#10580);
#10580 = CARTESIAN_POINT('',(-1.8,-0.74,8.E-02));
#10581 = LINE('',#10582,#10583);
#10582 = CARTESIAN_POINT('',(-1.8,-0.9,8.E-02));
#10583 = VECTOR('',#10584,1.);
#10584 = DIRECTION('',(-0.,1.,0.));
#10585 = ORIENTED_EDGE('',*,*,#10586,.F.);
#10586 = EDGE_CURVE('',#10570,#10579,#10587,.T.);
#10587 = LINE('',#10588,#10589);
#10588 = CARTESIAN_POINT('',(-2.2,-0.74,8.E-02));
#10589 = VECTOR('',#10590,1.);
#10590 = DIRECTION('',(1.,0.,-0.));
#10591 = PLANE('',#10592);
#10592 = AXIS2_PLACEMENT_3D('',#10593,#10594,#10595);
#10593 = CARTESIAN_POINT('',(-2.2,-0.9,8.E-02));
#10594 = DIRECTION('',(0.,0.,1.));
#10595 = DIRECTION('',(1.,0.,-0.));
#10596 = ADVANCED_FACE('',(#10597),#10622,.T.);
#10597 = FACE_BOUND('',#10598,.T.);
#10598 = EDGE_LOOP('',(#10599,#10600,#10608,#10616));
#10599 = ORIENTED_EDGE('',*,*,#10359,.T.);
#10600 = ORIENTED_EDGE('',*,*,#10601,.T.);
#10601 = EDGE_CURVE('',#10352,#10602,#10604,.T.);
#10602 = VERTEX_POINT('',#10603);
#10603 = CARTESIAN_POINT('',(-2.8,-0.36,8.E-02));
#10604 = LINE('',#10605,#10606);
#10605 = CARTESIAN_POINT('',(-2.94,-0.36,8.E-02));
#10606 = VECTOR('',#10607,1.);
#10607 = DIRECTION('',(1.,0.,-0.));
#10608 = ORIENTED_EDGE('',*,*,#10609,.T.);
#10609 = EDGE_CURVE('',#10602,#10610,#10612,.T.);
#10610 = VERTEX_POINT('',#10611);
#10611 = CARTESIAN_POINT('',(-2.8,0.36,8.E-02));
#10612 = LINE('',#10613,#10614);
#10613 = CARTESIAN_POINT('',(-2.8,-0.36,8.E-02));
#10614 = VECTOR('',#10615,1.);
#10615 = DIRECTION('',(-0.,1.,0.));
#10616 = ORIENTED_EDGE('',*,*,#10617,.F.);
#10617 = EDGE_CURVE('',#10360,#10610,#10618,.T.);
#10618 = LINE('',#10619,#10620);
#10619 = CARTESIAN_POINT('',(-2.94,0.36,8.E-02));
#10620 = VECTOR('',#10621,1.);
#10621 = DIRECTION('',(1.,0.,-0.));
#10622 = PLANE('',#10623);
#10623 = AXIS2_PLACEMENT_3D('',#10624,#10625,#10626);
#10624 = CARTESIAN_POINT('',(-2.94,-0.36,8.E-02));
#10625 = DIRECTION('',(0.,0.,1.));
#10626 = DIRECTION('',(1.,0.,-0.));
#10627 = ADVANCED_FACE('',(#10628),#10653,.T.);
#10628 = FACE_BOUND('',#10629,.T.);
#10629 = EDGE_LOOP('',(#10630,#10638,#10646,#10652));
#10630 = ORIENTED_EDGE('',*,*,#10631,.F.);
#10631 = EDGE_CURVE('',#10632,#10393,#10634,.T.);
#10632 = VERTEX_POINT('',#10633);
#10633 = CARTESIAN_POINT('',(-2.2,0.74,8.E-02));
#10634 = LINE('',#10635,#10636);
#10635 = CARTESIAN_POINT('',(-2.2,0.74,8.E-02));
#10636 = VECTOR('',#10637,1.);
#10637 = DIRECTION('',(-0.,1.,0.));
#10638 = ORIENTED_EDGE('',*,*,#10639,.T.);
#10639 = EDGE_CURVE('',#10632,#10640,#10642,.T.);
#10640 = VERTEX_POINT('',#10641);
#10641 = CARTESIAN_POINT('',(-1.8,0.74,8.E-02));
#10642 = LINE('',#10643,#10644);
#10643 = CARTESIAN_POINT('',(-2.2,0.74,8.E-02));
#10644 = VECTOR('',#10645,1.);
#10645 = DIRECTION('',(1.,0.,-0.));
#10646 = ORIENTED_EDGE('',*,*,#10647,.T.);
#10647 = EDGE_CURVE('',#10640,#10383,#10648,.T.);
#10648 = LINE('',#10649,#10650);
#10649 = CARTESIAN_POINT('',(-1.8,0.74,8.E-02));
#10650 = VECTOR('',#10651,1.);
#10651 = DIRECTION('',(-0.,1.,0.));
#10652 = ORIENTED_EDGE('',*,*,#10392,.F.);
#10653 = PLANE('',#10654);
#10654 = AXIS2_PLACEMENT_3D('',#10655,#10656,#10657);
#10655 = CARTESIAN_POINT('',(-2.2,0.74,8.E-02));
#10656 = DIRECTION('',(0.,0.,1.));
#10657 = DIRECTION('',(1.,0.,-0.));
#10658 = ADVANCED_FACE('',(#10659),#10684,.T.);
#10659 = FACE_BOUND('',#10660,.T.);
#10660 = EDGE_LOOP('',(#10661,#10671,#10677,#10678));
#10661 = ORIENTED_EDGE('',*,*,#10662,.F.);
#10662 = EDGE_CURVE('',#10663,#10665,#10667,.T.);
#10663 = VERTEX_POINT('',#10664);
#10664 = CARTESIAN_POINT('',(-2.2,-0.74,0.));
#10665 = VERTEX_POINT('',#10666);
#10666 = CARTESIAN_POINT('',(-1.8,-0.74,0.));
#10667 = LINE('',#10668,#10669);
#10668 = CARTESIAN_POINT('',(-2.2,-0.74,0.));
#10669 = VECTOR('',#10670,1.);
#10670 = DIRECTION('',(1.,0.,-0.));
#10671 = ORIENTED_EDGE('',*,*,#10672,.T.);
#10672 = EDGE_CURVE('',#10663,#10570,#10673,.T.);
#10673 = LINE('',#10674,#10675);
#10674 = CARTESIAN_POINT('',(-2.2,-0.74,0.));
#10675 = VECTOR('',#10676,1.);
#10676 = DIRECTION('',(0.,0.,1.));
#10677 = ORIENTED_EDGE('',*,*,#10586,.T.);
#10678 = ORIENTED_EDGE('',*,*,#10679,.F.);
#10679 = EDGE_CURVE('',#10665,#10579,#10680,.T.);
#10680 = LINE('',#10681,#10682);
#10681 = CARTESIAN_POINT('',(-1.8,-0.74,0.));
#10682 = VECTOR('',#10683,1.);
#10683 = DIRECTION('',(0.,0.,1.));
#10684 = PLANE('',#10685);
#10685 = AXIS2_PLACEMENT_3D('',#10686,#10687,#10688);
#10686 = CARTESIAN_POINT('',(-2.2,-0.74,0.));
#10687 = DIRECTION('',(-0.,1.,0.));
#10688 = DIRECTION('',(0.,0.,1.));
#10689 = ADVANCED_FACE('',(#10690),#10715,.T.);
#10690 = FACE_BOUND('',#10691,.T.);
#10691 = EDGE_LOOP('',(#10692,#10700,#10708,#10714));
#10692 = ORIENTED_EDGE('',*,*,#10693,.F.);
#10693 = EDGE_CURVE('',#10694,#10602,#10696,.T.);
#10694 = VERTEX_POINT('',#10695);
#10695 = CARTESIAN_POINT('',(-2.8,-0.36,0.));
#10696 = LINE('',#10697,#10698);
#10697 = CARTESIAN_POINT('',(-2.8,-0.36,0.));
#10698 = VECTOR('',#10699,1.);
#10699 = DIRECTION('',(0.,0.,1.));
#10700 = ORIENTED_EDGE('',*,*,#10701,.T.);
#10701 = EDGE_CURVE('',#10694,#10702,#10704,.T.);
#10702 = VERTEX_POINT('',#10703);
#10703 = CARTESIAN_POINT('',(-2.8,0.36,0.));
#10704 = LINE('',#10705,#10706);
#10705 = CARTESIAN_POINT('',(-2.8,-0.36,0.));
#10706 = VECTOR('',#10707,1.);
#10707 = DIRECTION('',(-0.,1.,0.));
#10708 = ORIENTED_EDGE('',*,*,#10709,.T.);
#10709 = EDGE_CURVE('',#10702,#10610,#10710,.T.);
#10710 = LINE('',#10711,#10712);
#10711 = CARTESIAN_POINT('',(-2.8,0.36,0.));
#10712 = VECTOR('',#10713,1.);
#10713 = DIRECTION('',(0.,0.,1.));
#10714 = ORIENTED_EDGE('',*,*,#10609,.F.);
#10715 = PLANE('',#10716);
#10716 = AXIS2_PLACEMENT_3D('',#10717,#10718,#10719);
#10717 = CARTESIAN_POINT('',(-2.8,-0.36,0.));
#10718 = DIRECTION('',(1.,0.,-0.));
#10719 = DIRECTION('',(0.,0.,1.));
#10720 = ADVANCED_FACE('',(#10721),#10746,.F.);
#10721 = FACE_BOUND('',#10722,.F.);
#10722 = EDGE_LOOP('',(#10723,#10733,#10739,#10740));
#10723 = ORIENTED_EDGE('',*,*,#10724,.F.);
#10724 = EDGE_CURVE('',#10725,#10727,#10729,.T.);
#10725 = VERTEX_POINT('',#10726);
#10726 = CARTESIAN_POINT('',(-2.2,0.74,0.));
#10727 = VERTEX_POINT('',#10728);
#10728 = CARTESIAN_POINT('',(-1.8,0.74,0.));
#10729 = LINE('',#10730,#10731);
#10730 = CARTESIAN_POINT('',(-2.2,0.74,0.));
#10731 = VECTOR('',#10732,1.);
#10732 = DIRECTION('',(1.,0.,-0.));
#10733 = ORIENTED_EDGE('',*,*,#10734,.T.);
#10734 = EDGE_CURVE('',#10725,#10632,#10735,.T.);
#10735 = LINE('',#10736,#10737);
#10736 = CARTESIAN_POINT('',(-2.2,0.74,0.));
#10737 = VECTOR('',#10738,1.);
#10738 = DIRECTION('',(0.,0.,1.));
#10739 = ORIENTED_EDGE('',*,*,#10639,.T.);
#10740 = ORIENTED_EDGE('',*,*,#10741,.F.);
#10741 = EDGE_CURVE('',#10727,#10640,#10742,.T.);
#10742 = LINE('',#10743,#10744);
#10743 = CARTESIAN_POINT('',(-1.8,0.74,0.));
#10744 = VECTOR('',#10745,1.);
#10745 = DIRECTION('',(0.,0.,1.));
#10746 = PLANE('',#10747);
#10747 = AXIS2_PLACEMENT_3D('',#10748,#10749,#10750);
#10748 = CARTESIAN_POINT('',(-2.2,0.74,0.));
#10749 = DIRECTION('',(-0.,1.,0.));
#10750 = DIRECTION('',(0.,0.,1.));
#10751 = ADVANCED_FACE('',(#10752),#10800,.T.);
#10752 = FACE_BOUND('',#10753,.T.);
#10753 = EDGE_LOOP('',(#10754,#10764,#10770,#10771,#10779,#10787,#10793,
    #10794));
#10754 = ORIENTED_EDGE('',*,*,#10755,.T.);
#10755 = EDGE_CURVE('',#10756,#10758,#10760,.T.);
#10756 = VERTEX_POINT('',#10757);
#10757 = CARTESIAN_POINT('',(-2.94,-0.9,0.53));
#10758 = VERTEX_POINT('',#10759);
#10759 = CARTESIAN_POINT('',(-2.94,0.9,0.53));
#10760 = LINE('',#10761,#10762);
#10761 = CARTESIAN_POINT('',(-2.94,-0.9,0.53));
#10762 = VECTOR('',#10763,1.);
#10763 = DIRECTION('',(-0.,1.,0.));
#10764 = ORIENTED_EDGE('',*,*,#10765,.F.);
#10765 = EDGE_CURVE('',#9813,#10758,#10766,.T.);
#10766 = LINE('',#10767,#10768);
#10767 = CARTESIAN_POINT('',(-2.94,0.9,0.45));
#10768 = VECTOR('',#10769,1.);
#10769 = DIRECTION('',(0.,0.,1.));
#10770 = ORIENTED_EDGE('',*,*,#9820,.F.);
#10771 = ORIENTED_EDGE('',*,*,#10772,.F.);
#10772 = EDGE_CURVE('',#10773,#9821,#10775,.T.);
#10773 = VERTEX_POINT('',#10774);
#10774 = CARTESIAN_POINT('',(-2.94,0.36,0.));
#10775 = LINE('',#10776,#10777);
#10776 = CARTESIAN_POINT('',(-2.94,0.36,0.));
#10777 = VECTOR('',#10778,1.);
#10778 = DIRECTION('',(0.,0.,1.));
#10779 = ORIENTED_EDGE('',*,*,#10780,.F.);
#10780 = EDGE_CURVE('',#10781,#10773,#10783,.T.);
#10781 = VERTEX_POINT('',#10782);
#10782 = CARTESIAN_POINT('',(-2.94,-0.36,0.));
#10783 = LINE('',#10784,#10785);
#10784 = CARTESIAN_POINT('',(-2.94,-0.36,0.));
#10785 = VECTOR('',#10786,1.);
#10786 = DIRECTION('',(-0.,1.,0.));
#10787 = ORIENTED_EDGE('',*,*,#10788,.T.);
#10788 = EDGE_CURVE('',#10781,#9845,#10789,.T.);
#10789 = LINE('',#10790,#10791);
#10790 = CARTESIAN_POINT('',(-2.94,-0.36,0.));
#10791 = VECTOR('',#10792,1.);
#10792 = DIRECTION('',(0.,0.,1.));
#10793 = ORIENTED_EDGE('',*,*,#9852,.F.);
#10794 = ORIENTED_EDGE('',*,*,#10795,.T.);
#10795 = EDGE_CURVE('',#9853,#10756,#10796,.T.);
#10796 = LINE('',#10797,#10798);
#10797 = CARTESIAN_POINT('',(-2.94,-0.9,0.45));
#10798 = VECTOR('',#10799,1.);
#10799 = DIRECTION('',(0.,0.,1.));
#10800 = PLANE('',#10801);
#10801 = AXIS2_PLACEMENT_3D('',#10802,#10803,#10804);
#10802 = CARTESIAN_POINT('',(-2.94,-8.934198159537E-18,0.369291845494));
#10803 = DIRECTION('',(-1.,-0.,-0.));
#10804 = DIRECTION('',(0.,0.,-1.));
#10805 = ADVANCED_FACE('',(#10806),#10857,.T.);
#10806 = FACE_BOUND('',#10807,.T.);
#10807 = EDGE_LOOP('',(#10808,#10809,#10815,#10816,#10817,#10818,#10819,
    #10820,#10821,#10822,#10830,#10836,#10837,#10845,#10851,#10852,
    #10853,#10854,#10855,#10856));
#10808 = ORIENTED_EDGE('',*,*,#9971,.F.);
#10809 = ORIENTED_EDGE('',*,*,#10810,.T.);
#10810 = EDGE_CURVE('',#9964,#10057,#10811,.T.);
#10811 = LINE('',#10812,#10813);
#10812 = CARTESIAN_POINT('',(-2.435,-0.53,0.53));
#10813 = VECTOR('',#10814,1.);
#10814 = DIRECTION('',(-0.,1.,0.));
#10815 = ORIENTED_EDGE('',*,*,#10064,.T.);
#10816 = ORIENTED_EDGE('',*,*,#10126,.F.);
#10817 = ORIENTED_EDGE('',*,*,#10472,.T.);
#10818 = ORIENTED_EDGE('',*,*,#10439,.T.);
#10819 = ORIENTED_EDGE('',*,*,#10112,.F.);
#10820 = ORIENTED_EDGE('',*,*,#10024,.T.);
#10821 = ORIENTED_EDGE('',*,*,#10408,.T.);
#10822 = ORIENTED_EDGE('',*,*,#10823,.T.);
#10823 = EDGE_CURVE('',#10385,#10824,#10826,.T.);
#10824 = VERTEX_POINT('',#10825);
#10825 = CARTESIAN_POINT('',(-1.8,0.9,0.53));
#10826 = LINE('',#10827,#10828);
#10827 = CARTESIAN_POINT('',(-1.8,0.82,0.53));
#10828 = VECTOR('',#10829,1.);
#10829 = DIRECTION('',(-0.,1.,0.));
#10830 = ORIENTED_EDGE('',*,*,#10831,.F.);
#10831 = EDGE_CURVE('',#10758,#10824,#10832,.T.);
#10832 = LINE('',#10833,#10834);
#10833 = CARTESIAN_POINT('',(-2.2,0.9,0.53));
#10834 = VECTOR('',#10835,1.);
#10835 = DIRECTION('',(1.,0.,-0.));
#10836 = ORIENTED_EDGE('',*,*,#10755,.F.);
#10837 = ORIENTED_EDGE('',*,*,#10838,.T.);
#10838 = EDGE_CURVE('',#10756,#10839,#10841,.T.);
#10839 = VERTEX_POINT('',#10840);
#10840 = CARTESIAN_POINT('',(-1.8,-0.9,0.53));
#10841 = LINE('',#10842,#10843);
#10842 = CARTESIAN_POINT('',(-2.94,-0.9,0.53));
#10843 = VECTOR('',#10844,1.);
#10844 = DIRECTION('',(1.,0.,-0.));
#10845 = ORIENTED_EDGE('',*,*,#10846,.T.);
#10846 = EDGE_CURVE('',#10839,#10314,#10847,.T.);
#10847 = LINE('',#10848,#10849);
#10848 = CARTESIAN_POINT('',(-1.8,-0.9,0.53));
#10849 = VECTOR('',#10850,1.);
#10850 = DIRECTION('',(-0.,1.,0.));
#10851 = ORIENTED_EDGE('',*,*,#10337,.F.);
#10852 = ORIENTED_EDGE('',*,*,#9993,.T.);
#10853 = ORIENTED_EDGE('',*,*,#10297,.T.);
#10854 = ORIENTED_EDGE('',*,*,#10555,.T.);
#10855 = ORIENTED_EDGE('',*,*,#10513,.F.);
#10856 = ORIENTED_EDGE('',*,*,#10262,.F.);
#10857 = PLANE('',#10858);
#10858 = AXIS2_PLACEMENT_3D('',#10859,#10860,#10861);
#10859 = CARTESIAN_POINT('',(-2.380267969735,-3.27584918698E-17,0.53));
#10860 = DIRECTION('',(0.,0.,1.));
#10861 = DIRECTION('',(1.,0.,-0.));
#10862 = ADVANCED_FACE('',(#10863),#10890,.T.);
#10863 = FACE_BOUND('',#10864,.T.);
#10864 = EDGE_LOOP('',(#10865,#10866,#10874,#10882,#10888,#10889));
#10865 = ORIENTED_EDGE('',*,*,#9860,.T.);
#10866 = ORIENTED_EDGE('',*,*,#10867,.F.);
#10867 = EDGE_CURVE('',#10868,#9861,#10870,.T.);
#10868 = VERTEX_POINT('',#10869);
#10869 = CARTESIAN_POINT('',(-2.2,-0.9,0.));
#10870 = LINE('',#10871,#10872);
#10871 = CARTESIAN_POINT('',(-2.2,-0.9,0.));
#10872 = VECTOR('',#10873,1.);
#10873 = DIRECTION('',(0.,0.,1.));
#10874 = ORIENTED_EDGE('',*,*,#10875,.T.);
#10875 = EDGE_CURVE('',#10868,#10876,#10878,.T.);
#10876 = VERTEX_POINT('',#10877);
#10877 = CARTESIAN_POINT('',(-1.8,-0.9,0.));
#10878 = LINE('',#10879,#10880);
#10879 = CARTESIAN_POINT('',(-2.2,-0.9,0.));
#10880 = VECTOR('',#10881,1.);
#10881 = DIRECTION('',(1.,0.,-0.));
#10882 = ORIENTED_EDGE('',*,*,#10883,.T.);
#10883 = EDGE_CURVE('',#10876,#10839,#10884,.T.);
#10884 = LINE('',#10885,#10886);
#10885 = CARTESIAN_POINT('',(-1.8,-0.9,0.));
#10886 = VECTOR('',#10887,1.);
#10887 = DIRECTION('',(0.,0.,1.));
#10888 = ORIENTED_EDGE('',*,*,#10838,.F.);
#10889 = ORIENTED_EDGE('',*,*,#10795,.F.);
#10890 = PLANE('',#10891);
#10891 = AXIS2_PLACEMENT_3D('',#10892,#10893,#10894);
#10892 = CARTESIAN_POINT('',(-2.270299401198,-0.9,0.364700598802));
#10893 = DIRECTION('',(-0.,-1.,-0.));
#10894 = DIRECTION('',(0.,0.,-1.));
#10895 = ADVANCED_FACE('',(#10896),#10923,.T.);
#10896 = FACE_BOUND('',#10897,.T.);
#10897 = EDGE_LOOP('',(#10898,#10899,#10900,#10901,#10909,#10917));
#10898 = ORIENTED_EDGE('',*,*,#9812,.F.);
#10899 = ORIENTED_EDGE('',*,*,#10765,.T.);
#10900 = ORIENTED_EDGE('',*,*,#10831,.T.);
#10901 = ORIENTED_EDGE('',*,*,#10902,.F.);
#10902 = EDGE_CURVE('',#10903,#10824,#10905,.T.);
#10903 = VERTEX_POINT('',#10904);
#10904 = CARTESIAN_POINT('',(-1.8,0.9,0.));
#10905 = LINE('',#10906,#10907);
#10906 = CARTESIAN_POINT('',(-1.8,0.9,0.));
#10907 = VECTOR('',#10908,1.);
#10908 = DIRECTION('',(0.,0.,1.));
#10909 = ORIENTED_EDGE('',*,*,#10910,.F.);
#10910 = EDGE_CURVE('',#10911,#10903,#10913,.T.);
#10911 = VERTEX_POINT('',#10912);
#10912 = CARTESIAN_POINT('',(-2.2,0.9,0.));
#10913 = LINE('',#10914,#10915);
#10914 = CARTESIAN_POINT('',(-2.2,0.9,0.));
#10915 = VECTOR('',#10916,1.);
#10916 = DIRECTION('',(1.,0.,-0.));
#10917 = ORIENTED_EDGE('',*,*,#10918,.T.);
#10918 = EDGE_CURVE('',#10911,#9805,#10919,.T.);
#10919 = LINE('',#10920,#10921);
#10920 = CARTESIAN_POINT('',(-2.2,0.9,0.));
#10921 = VECTOR('',#10922,1.);
#10922 = DIRECTION('',(0.,0.,1.));
#10923 = PLANE('',#10924);
#10924 = AXIS2_PLACEMENT_3D('',#10925,#10926,#10927);
#10925 = CARTESIAN_POINT('',(-2.270299401198,0.9,0.364700598802));
#10926 = DIRECTION('',(0.,1.,0.));
#10927 = DIRECTION('',(0.,-0.,1.));
#10928 = ADVANCED_FACE('',(#10929),#10942,.T.);
#10929 = FACE_BOUND('',#10930,.T.);
#10930 = EDGE_LOOP('',(#10931,#10932,#10933,#10934,#10935,#10936));
#10931 = ORIENTED_EDGE('',*,*,#10867,.T.);
#10932 = ORIENTED_EDGE('',*,*,#9868,.T.);
#10933 = ORIENTED_EDGE('',*,*,#10329,.F.);
#10934 = ORIENTED_EDGE('',*,*,#10569,.T.);
#10935 = ORIENTED_EDGE('',*,*,#10672,.F.);
#10936 = ORIENTED_EDGE('',*,*,#10937,.F.);
#10937 = EDGE_CURVE('',#10868,#10663,#10938,.T.);
#10938 = LINE('',#10939,#10940);
#10939 = CARTESIAN_POINT('',(-2.2,-0.9,0.));
#10940 = VECTOR('',#10941,1.);
#10941 = DIRECTION('',(-0.,1.,0.));
#10942 = PLANE('',#10943);
#10943 = AXIS2_PLACEMENT_3D('',#10944,#10945,#10946);
#10944 = CARTESIAN_POINT('',(-2.2,-0.844262295082,0.200737704918));
#10945 = DIRECTION('',(-1.,-0.,-0.));
#10946 = DIRECTION('',(0.,0.,-1.));
#10947 = ADVANCED_FACE('',(#10948),#10961,.T.);
#10948 = FACE_BOUND('',#10949,.T.);
#10949 = EDGE_LOOP('',(#10950,#10951,#10952,#10953,#10959,#10960));
#10950 = ORIENTED_EDGE('',*,*,#10400,.T.);
#10951 = ORIENTED_EDGE('',*,*,#9804,.T.);
#10952 = ORIENTED_EDGE('',*,*,#10918,.F.);
#10953 = ORIENTED_EDGE('',*,*,#10954,.F.);
#10954 = EDGE_CURVE('',#10725,#10911,#10955,.T.);
#10955 = LINE('',#10956,#10957);
#10956 = CARTESIAN_POINT('',(-2.2,0.82,0.));
#10957 = VECTOR('',#10958,1.);
#10958 = DIRECTION('',(-0.,1.,0.));
#10959 = ORIENTED_EDGE('',*,*,#10734,.T.);
#10960 = ORIENTED_EDGE('',*,*,#10631,.T.);
#10961 = PLANE('',#10962);
#10962 = AXIS2_PLACEMENT_3D('',#10963,#10964,#10965);
#10963 = CARTESIAN_POINT('',(-2.2,0.844262295082,0.200737704918));
#10964 = DIRECTION('',(-1.,-0.,-0.));
#10965 = DIRECTION('',(0.,0.,-1.));
#10966 = ADVANCED_FACE('',(#10967),#10980,.T.);
#10967 = FACE_BOUND('',#10968,.T.);
#10968 = EDGE_LOOP('',(#10969,#10970,#10971,#10972,#10978,#10979));
#10969 = ORIENTED_EDGE('',*,*,#10351,.T.);
#10970 = ORIENTED_EDGE('',*,*,#9844,.T.);
#10971 = ORIENTED_EDGE('',*,*,#10788,.F.);
#10972 = ORIENTED_EDGE('',*,*,#10973,.T.);
#10973 = EDGE_CURVE('',#10781,#10694,#10974,.T.);
#10974 = LINE('',#10975,#10976);
#10975 = CARTESIAN_POINT('',(-2.94,-0.36,0.));
#10976 = VECTOR('',#10977,1.);
#10977 = DIRECTION('',(1.,0.,-0.));
#10978 = ORIENTED_EDGE('',*,*,#10693,.T.);
#10979 = ORIENTED_EDGE('',*,*,#10601,.F.);
#10980 = PLANE('',#10981);
#10981 = AXIS2_PLACEMENT_3D('',#10982,#10983,#10984);
#10982 = CARTESIAN_POINT('',(-2.888813559322,-0.36,0.206186440678));
#10983 = DIRECTION('',(-0.,-1.,-0.));
#10984 = DIRECTION('',(0.,0.,-1.));
#10985 = ADVANCED_FACE('',(#10986),#10999,.T.);
#10986 = FACE_BOUND('',#10987,.T.);
#10987 = EDGE_LOOP('',(#10988,#10989,#10990,#10991,#10997,#10998));
#10988 = ORIENTED_EDGE('',*,*,#10367,.F.);
#10989 = ORIENTED_EDGE('',*,*,#10617,.T.);
#10990 = ORIENTED_EDGE('',*,*,#10709,.F.);
#10991 = ORIENTED_EDGE('',*,*,#10992,.F.);
#10992 = EDGE_CURVE('',#10773,#10702,#10993,.T.);
#10993 = LINE('',#10994,#10995);
#10994 = CARTESIAN_POINT('',(-2.94,0.36,0.));
#10995 = VECTOR('',#10996,1.);
#10996 = DIRECTION('',(1.,0.,-0.));
#10997 = ORIENTED_EDGE('',*,*,#10772,.T.);
#10998 = ORIENTED_EDGE('',*,*,#9828,.F.);
#10999 = PLANE('',#11000);
#11000 = AXIS2_PLACEMENT_3D('',#11001,#11002,#11003);
#11001 = CARTESIAN_POINT('',(-2.888813559322,0.36,0.206186440678));
#11002 = DIRECTION('',(0.,1.,0.));
#11003 = DIRECTION('',(0.,-0.,1.));
#11004 = ADVANCED_FACE('',(#11005),#11013,.T.);
#11005 = FACE_BOUND('',#11006,.T.);
#11006 = EDGE_LOOP('',(#11007,#11008,#11009,#11010,#11011,#11012));
#11007 = ORIENTED_EDGE('',*,*,#9963,.F.);
#11008 = ORIENTED_EDGE('',*,*,#10214,.F.);
#11009 = ORIENTED_EDGE('',*,*,#10489,.T.);
#11010 = ORIENTED_EDGE('',*,*,#10159,.T.);
#11011 = ORIENTED_EDGE('',*,*,#10056,.T.);
#11012 = ORIENTED_EDGE('',*,*,#10810,.F.);
#11013 = PLANE('',#11014);
#11014 = AXIS2_PLACEMENT_3D('',#11015,#11016,#11017);
#11015 = CARTESIAN_POINT('',(-2.435,0.,0.3));
#11016 = DIRECTION('',(1.,0.,0.));
#11017 = DIRECTION('',(-0.,0.,1.));
#11018 = ADVANCED_FACE('',(#11019),#11032,.T.);
#11019 = FACE_BOUND('',#11020,.T.);
#11020 = EDGE_LOOP('',(#11021,#11022,#11028,#11029,#11030,#11031));
#11021 = ORIENTED_EDGE('',*,*,#10883,.F.);
#11022 = ORIENTED_EDGE('',*,*,#11023,.T.);
#11023 = EDGE_CURVE('',#10876,#10665,#11024,.T.);
#11024 = LINE('',#11025,#11026);
#11025 = CARTESIAN_POINT('',(-1.8,-0.9,0.));
#11026 = VECTOR('',#11027,1.);
#11027 = DIRECTION('',(-0.,1.,0.));
#11028 = ORIENTED_EDGE('',*,*,#10679,.T.);
#11029 = ORIENTED_EDGE('',*,*,#10578,.F.);
#11030 = ORIENTED_EDGE('',*,*,#10311,.T.);
#11031 = ORIENTED_EDGE('',*,*,#10846,.F.);
#11032 = PLANE('',#11033);
#11033 = AXIS2_PLACEMENT_3D('',#11034,#11035,#11036);
#11034 = CARTESIAN_POINT('',(-1.8,-0.846086956522,0.238913043478));
#11035 = DIRECTION('',(1.,0.,0.));
#11036 = DIRECTION('',(-0.,0.,1.));
#11037 = ADVANCED_FACE('',(#11038),#11051,.T.);
#11038 = FACE_BOUND('',#11039,.T.);
#11039 = EDGE_LOOP('',(#11040,#11041,#11042,#11043,#11049,#11050));
#11040 = ORIENTED_EDGE('',*,*,#10382,.F.);
#11041 = ORIENTED_EDGE('',*,*,#10647,.F.);
#11042 = ORIENTED_EDGE('',*,*,#10741,.F.);
#11043 = ORIENTED_EDGE('',*,*,#11044,.T.);
#11044 = EDGE_CURVE('',#10727,#10903,#11045,.T.);
#11045 = LINE('',#11046,#11047);
#11046 = CARTESIAN_POINT('',(-1.8,0.74,0.));
#11047 = VECTOR('',#11048,1.);
#11048 = DIRECTION('',(-0.,1.,0.));
#11049 = ORIENTED_EDGE('',*,*,#10902,.T.);
#11050 = ORIENTED_EDGE('',*,*,#10823,.F.);
#11051 = PLANE('',#11052);
#11052 = AXIS2_PLACEMENT_3D('',#11053,#11054,#11055);
#11053 = CARTESIAN_POINT('',(-1.8,0.846086956522,0.238913043478));
#11054 = DIRECTION('',(1.,0.,0.));
#11055 = DIRECTION('',(-0.,0.,1.));
#11056 = ADVANCED_FACE('',(#11057),#11063,.T.);
#11057 = FACE_BOUND('',#11058,.T.);
#11058 = EDGE_LOOP('',(#11059,#11060,#11061,#11062));
#11059 = ORIENTED_EDGE('',*,*,#10780,.T.);
#11060 = ORIENTED_EDGE('',*,*,#10992,.T.);
#11061 = ORIENTED_EDGE('',*,*,#10701,.F.);
#11062 = ORIENTED_EDGE('',*,*,#10973,.F.);
#11063 = PLANE('',#11064);
#11064 = AXIS2_PLACEMENT_3D('',#11065,#11066,#11067);
#11065 = CARTESIAN_POINT('',(-2.87,-2.017120320903E-18,0.));
#11066 = DIRECTION('',(-0.,-0.,-1.));
#11067 = DIRECTION('',(-1.,0.,0.));
#11068 = ADVANCED_FACE('',(#11069),#11075,.T.);
#11069 = FACE_BOUND('',#11070,.T.);
#11070 = EDGE_LOOP('',(#11071,#11072,#11073,#11074));
#11071 = ORIENTED_EDGE('',*,*,#10937,.T.);
#11072 = ORIENTED_EDGE('',*,*,#10662,.T.);
#11073 = ORIENTED_EDGE('',*,*,#11023,.F.);
#11074 = ORIENTED_EDGE('',*,*,#10875,.F.);
#11075 = PLANE('',#11076);
#11076 = AXIS2_PLACEMENT_3D('',#11077,#11078,#11079);
#11077 = CARTESIAN_POINT('',(-2.,-0.82,0.));
#11078 = DIRECTION('',(-0.,-0.,-1.));
#11079 = DIRECTION('',(-1.,0.,0.));
#11080 = ADVANCED_FACE('',(#11081),#11087,.T.);
#11081 = FACE_BOUND('',#11082,.T.);
#11082 = EDGE_LOOP('',(#11083,#11084,#11085,#11086));
#11083 = ORIENTED_EDGE('',*,*,#10954,.T.);
#11084 = ORIENTED_EDGE('',*,*,#10910,.T.);
#11085 = ORIENTED_EDGE('',*,*,#11044,.F.);
#11086 = ORIENTED_EDGE('',*,*,#10724,.F.);
#11087 = PLANE('',#11088);
#11088 = AXIS2_PLACEMENT_3D('',#11089,#11090,#11091);
#11089 = CARTESIAN_POINT('',(-2.,0.82,0.));
#11090 = DIRECTION('',(-0.,-0.,-1.));
#11091 = DIRECTION('',(-1.,0.,0.));
#11092 = ( GEOMETRIC_REPRESENTATION_CONTEXT(3) 
GLOBAL_UNCERTAINTY_ASSIGNED_CONTEXT((#11096)) 
GLOBAL_UNIT_ASSIGNED_CONTEXT((#11093,#11094,#11095)) 
REPRESENTATION_CONTEXT('Context #1',
  '3D Context with UNIT and UNCERTAINTY') );
#11093 = ( LENGTH_UNIT() NAMED_UNIT(*) SI_UNIT(.MILLI.,.METRE.) );
#11094 = ( NAMED_UNIT(*) PLANE_ANGLE_UNIT() SI_UNIT($,.RADIAN.) );
#11095 = ( NAMED_UNIT(*) SI_UNIT($,.STERADIAN.) SOLID_ANGLE_UNIT() );
#11096 = UNCERTAINTY_MEASURE_WITH_UNIT(LENGTH_MEASURE(1.E-07),#11093,
  'distance_accuracy_value','confusion accuracy');
#11097 = CONTEXT_DEPENDENT_SHAPE_REPRESENTATION(#11098,#11100);
#11098 = ( REPRESENTATION_RELATIONSHIP('','',#9771,#10) 
REPRESENTATION_RELATIONSHIP_WITH_TRANSFORMATION(#11099) 
SHAPE_REPRESENTATION_RELATIONSHIP() );
#11099 = ITEM_DEFINED_TRANSFORMATION('','',#11,#19);
#11100 = PRODUCT_DEFINITION_SHAPE('Placement','Placement of an item',
  #11101);
#11101 = NEXT_ASSEMBLY_USAGE_OCCURRENCE('2','tab_19','',#5,#9766,$);
#11102 = PRODUCT_RELATED_PRODUCT_CATEGORY('part',$,(#9768));
#11103 = SHAPE_DEFINITION_REPRESENTATION(#11104,#11110);
#11104 = PRODUCT_DEFINITION_SHAPE('','',#11105);
#11105 = PRODUCT_DEFINITION('design','',#11106,#11109);
#11106 = PRODUCT_DEFINITION_FORMATION('','',#11107);
#11107 = PRODUCT('tab_20','tab_20','',(#11108));
#11108 = PRODUCT_CONTEXT('',#2,'mechanical');
#11109 = PRODUCT_DEFINITION_CONTEXT('part definition',#2,'design');
#11110 = ADVANCED_BREP_SHAPE_REPRESENTATION('',(#11,#11111),#12431);
#11111 = MANIFOLD_SOLID_BREP('',#11112);
#11112 = CLOSED_SHELL('',(#11113,#11169,#11200,#11368,#11399,#11430,
    #11461,#11492,#11532,#11565,#11605,#11645,#11678,#11709,#11733,
    #11757,#11788,#11819,#11850,#11867,#11884,#11908,#11932,#11949,
    #11980,#11997,#12028,#12059,#12090,#12156,#12194,#12213,#12239,
    #12270,#12305,#12324,#12343,#12357,#12376,#12395,#12407,#12419));
#11113 = ADVANCED_FACE('',(#11114),#11164,.T.);
#11114 = FACE_BOUND('',#11115,.T.);
#11115 = EDGE_LOOP('',(#11116,#11126,#11134,#11142,#11150,#11158));
#11116 = ORIENTED_EDGE('',*,*,#11117,.F.);
#11117 = EDGE_CURVE('',#11118,#11120,#11122,.T.);
#11118 = VERTEX_POINT('',#11119);
#11119 = CARTESIAN_POINT('',(2.2,-0.82,8.E-02));
#11120 = VERTEX_POINT('',#11121);
#11121 = CARTESIAN_POINT('',(2.2,-0.82,0.45));
#11122 = LINE('',#11123,#11124);
#11123 = CARTESIAN_POINT('',(2.2,-0.82,0.));
#11124 = VECTOR('',#11125,1.);
#11125 = DIRECTION('',(0.,0.,1.));
#11126 = ORIENTED_EDGE('',*,*,#11127,.F.);
#11127 = EDGE_CURVE('',#11128,#11118,#11130,.T.);
#11128 = VERTEX_POINT('',#11129);
#11129 = CARTESIAN_POINT('',(1.8,-0.82,8.E-02));
#11130 = LINE('',#11131,#11132);
#11131 = CARTESIAN_POINT('',(1.8,-0.82,8.E-02));
#11132 = VECTOR('',#11133,1.);
#11133 = DIRECTION('',(1.,0.,-0.));
#11134 = ORIENTED_EDGE('',*,*,#11135,.T.);
#11135 = EDGE_CURVE('',#11128,#11136,#11138,.T.);
#11136 = VERTEX_POINT('',#11137);
#11137 = CARTESIAN_POINT('',(1.8,-0.82,0.53));
#11138 = LINE('',#11139,#11140);
#11139 = CARTESIAN_POINT('',(1.8,-0.82,0.));
#11140 = VECTOR('',#11141,1.);
#11141 = DIRECTION('',(0.,0.,1.));
#11142 = ORIENTED_EDGE('',*,*,#11143,.T.);
#11143 = EDGE_CURVE('',#11136,#11144,#11146,.T.);
#11144 = VERTEX_POINT('',#11145);
#11145 = CARTESIAN_POINT('',(2.,-0.82,0.53));
#11146 = LINE('',#11147,#11148);
#11147 = CARTESIAN_POINT('',(1.8,-0.82,0.53));
#11148 = VECTOR('',#11149,1.);
#11149 = DIRECTION('',(1.,0.,-0.));
#11150 = ORIENTED_EDGE('',*,*,#11151,.F.);
#11151 = EDGE_CURVE('',#11152,#11144,#11154,.T.);
#11152 = VERTEX_POINT('',#11153);
#11153 = CARTESIAN_POINT('',(2.,-0.82,0.45));
#11154 = LINE('',#11155,#11156);
#11155 = CARTESIAN_POINT('',(2.,-0.82,0.225));
#11156 = VECTOR('',#11157,1.);
#11157 = DIRECTION('',(0.,0.,1.));
#11158 = ORIENTED_EDGE('',*,*,#11159,.F.);
#11159 = EDGE_CURVE('',#11120,#11152,#11160,.T.);
#11160 = LINE('',#11161,#11162);
#11161 = CARTESIAN_POINT('',(1.9,-0.82,0.45));
#11162 = VECTOR('',#11163,1.);
#11163 = DIRECTION('',(-1.,-0.,0.));
#11164 = PLANE('',#11165);
#11165 = AXIS2_PLACEMENT_3D('',#11166,#11167,#11168);
#11166 = CARTESIAN_POINT('',(1.8,-0.82,0.));
#11167 = DIRECTION('',(-0.,1.,0.));
#11168 = DIRECTION('',(0.,0.,1.));
#11169 = ADVANCED_FACE('',(#11170),#11195,.F.);
#11170 = FACE_BOUND('',#11171,.F.);
#11171 = EDGE_LOOP('',(#11172,#11180,#11181,#11189));
#11172 = ORIENTED_EDGE('',*,*,#11173,.F.);
#11173 = EDGE_CURVE('',#11144,#11174,#11176,.T.);
#11174 = VERTEX_POINT('',#11175);
#11175 = CARTESIAN_POINT('',(2.,-0.61,0.53));
#11176 = LINE('',#11177,#11178);
#11177 = CARTESIAN_POINT('',(2.,-0.9,0.53));
#11178 = VECTOR('',#11179,1.);
#11179 = DIRECTION('',(-0.,1.,0.));
#11180 = ORIENTED_EDGE('',*,*,#11151,.F.);
#11181 = ORIENTED_EDGE('',*,*,#11182,.T.);
#11182 = EDGE_CURVE('',#11152,#11183,#11185,.T.);
#11183 = VERTEX_POINT('',#11184);
#11184 = CARTESIAN_POINT('',(2.,-0.61,0.45));
#11185 = LINE('',#11186,#11187);
#11186 = CARTESIAN_POINT('',(2.,-0.9,0.45));
#11187 = VECTOR('',#11188,1.);
#11188 = DIRECTION('',(-0.,1.,0.));
#11189 = ORIENTED_EDGE('',*,*,#11190,.T.);
#11190 = EDGE_CURVE('',#11183,#11174,#11191,.T.);
#11191 = LINE('',#11192,#11193);
#11192 = CARTESIAN_POINT('',(2.,-0.61,0.26));
#11193 = VECTOR('',#11194,1.);
#11194 = DIRECTION('',(0.,0.,1.));
#11195 = PLANE('',#11196);
#11196 = AXIS2_PLACEMENT_3D('',#11197,#11198,#11199);
#11197 = CARTESIAN_POINT('',(2.,-0.9,0.45));
#11198 = DIRECTION('',(1.,0.,-0.));
#11199 = DIRECTION('',(0.,0.,1.));
#11200 = ADVANCED_FACE('',(#11201),#11363,.F.);
#11201 = FACE_BOUND('',#11202,.F.);
#11202 = EDGE_LOOP('',(#11203,#11204,#11205,#11213,#11221,#11229,#11237,
    #11245,#11253,#11261,#11269,#11277,#11285,#11293,#11301,#11309,
    #11317,#11325,#11333,#11341,#11349,#11357));
#11203 = ORIENTED_EDGE('',*,*,#11182,.F.);
#11204 = ORIENTED_EDGE('',*,*,#11159,.F.);
#11205 = ORIENTED_EDGE('',*,*,#11206,.F.);
#11206 = EDGE_CURVE('',#11207,#11120,#11209,.T.);
#11207 = VERTEX_POINT('',#11208);
#11208 = CARTESIAN_POINT('',(2.2,-0.9,0.45));
#11209 = LINE('',#11210,#11211);
#11210 = CARTESIAN_POINT('',(2.2,-0.9,0.45));
#11211 = VECTOR('',#11212,1.);
#11212 = DIRECTION('',(-0.,1.,0.));
#11213 = ORIENTED_EDGE('',*,*,#11214,.T.);
#11214 = EDGE_CURVE('',#11207,#11215,#11217,.T.);
#11215 = VERTEX_POINT('',#11216);
#11216 = CARTESIAN_POINT('',(2.94,-0.9,0.45));
#11217 = LINE('',#11218,#11219);
#11218 = CARTESIAN_POINT('',(2.,-0.9,0.45));
#11219 = VECTOR('',#11220,1.);
#11220 = DIRECTION('',(1.,0.,-0.));
#11221 = ORIENTED_EDGE('',*,*,#11222,.T.);
#11222 = EDGE_CURVE('',#11215,#11223,#11225,.T.);
#11223 = VERTEX_POINT('',#11224);
#11224 = CARTESIAN_POINT('',(2.94,-0.36,0.45));
#11225 = LINE('',#11226,#11227);
#11226 = CARTESIAN_POINT('',(2.94,-0.9,0.45));
#11227 = VECTOR('',#11228,1.);
#11228 = DIRECTION('',(-0.,1.,0.));
#11229 = ORIENTED_EDGE('',*,*,#11230,.T.);
#11230 = EDGE_CURVE('',#11223,#11231,#11233,.T.);
#11231 = VERTEX_POINT('',#11232);
#11232 = CARTESIAN_POINT('',(2.86,-0.36,0.45));
#11233 = LINE('',#11234,#11235);
#11234 = CARTESIAN_POINT('',(2.43,-0.36,0.45));
#11235 = VECTOR('',#11236,1.);
#11236 = DIRECTION('',(-1.,-0.,0.));
#11237 = ORIENTED_EDGE('',*,*,#11238,.T.);
#11238 = EDGE_CURVE('',#11231,#11239,#11241,.T.);
#11239 = VERTEX_POINT('',#11240);
#11240 = CARTESIAN_POINT('',(2.86,0.36,0.45));
#11241 = LINE('',#11242,#11243);
#11242 = CARTESIAN_POINT('',(2.86,-0.63,0.45));
#11243 = VECTOR('',#11244,1.);
#11244 = DIRECTION('',(-0.,1.,0.));
#11245 = ORIENTED_EDGE('',*,*,#11246,.F.);
#11246 = EDGE_CURVE('',#11247,#11239,#11249,.T.);
#11247 = VERTEX_POINT('',#11248);
#11248 = CARTESIAN_POINT('',(2.94,0.36,0.45));
#11249 = LINE('',#11250,#11251);
#11250 = CARTESIAN_POINT('',(2.43,0.36,0.45));
#11251 = VECTOR('',#11252,1.);
#11252 = DIRECTION('',(-1.,-0.,0.));
#11253 = ORIENTED_EDGE('',*,*,#11254,.T.);
#11254 = EDGE_CURVE('',#11247,#11255,#11257,.T.);
#11255 = VERTEX_POINT('',#11256);
#11256 = CARTESIAN_POINT('',(2.94,0.9,0.45));
#11257 = LINE('',#11258,#11259);
#11258 = CARTESIAN_POINT('',(2.94,-0.9,0.45));
#11259 = VECTOR('',#11260,1.);
#11260 = DIRECTION('',(-0.,1.,0.));
#11261 = ORIENTED_EDGE('',*,*,#11262,.F.);
#11262 = EDGE_CURVE('',#11263,#11255,#11265,.T.);
#11263 = VERTEX_POINT('',#11264);
#11264 = CARTESIAN_POINT('',(2.2,0.9,0.45));
#11265 = LINE('',#11266,#11267);
#11266 = CARTESIAN_POINT('',(2.,0.9,0.45));
#11267 = VECTOR('',#11268,1.);
#11268 = DIRECTION('',(1.,0.,-0.));
#11269 = ORIENTED_EDGE('',*,*,#11270,.F.);
#11270 = EDGE_CURVE('',#11271,#11263,#11273,.T.);
#11271 = VERTEX_POINT('',#11272);
#11272 = CARTESIAN_POINT('',(2.2,0.82,0.45));
#11273 = LINE('',#11274,#11275);
#11274 = CARTESIAN_POINT('',(2.2,-4.E-02,0.45));
#11275 = VECTOR('',#11276,1.);
#11276 = DIRECTION('',(-0.,1.,0.));
#11277 = ORIENTED_EDGE('',*,*,#11278,.T.);
#11278 = EDGE_CURVE('',#11271,#11279,#11281,.T.);
#11279 = VERTEX_POINT('',#11280);
#11280 = CARTESIAN_POINT('',(2.,0.82,0.45));
#11281 = LINE('',#11282,#11283);
#11282 = CARTESIAN_POINT('',(1.9,0.82,0.45));
#11283 = VECTOR('',#11284,1.);
#11284 = DIRECTION('',(-1.,-0.,0.));
#11285 = ORIENTED_EDGE('',*,*,#11286,.F.);
#11286 = EDGE_CURVE('',#11287,#11279,#11289,.T.);
#11287 = VERTEX_POINT('',#11288);
#11288 = CARTESIAN_POINT('',(2.,0.61,0.45));
#11289 = LINE('',#11290,#11291);
#11290 = CARTESIAN_POINT('',(2.,-0.9,0.45));
#11291 = VECTOR('',#11292,1.);
#11292 = DIRECTION('',(-0.,1.,0.));
#11293 = ORIENTED_EDGE('',*,*,#11294,.F.);
#11294 = EDGE_CURVE('',#11295,#11287,#11297,.T.);
#11295 = VERTEX_POINT('',#11296);
#11296 = CARTESIAN_POINT('',(2.02,0.61,0.45));
#11297 = LINE('',#11298,#11299);
#11298 = CARTESIAN_POINT('',(1.91,0.61,0.45));
#11299 = VECTOR('',#11300,1.);
#11300 = DIRECTION('',(-1.,-0.,0.));
#11301 = ORIENTED_EDGE('',*,*,#11302,.F.);
#11302 = EDGE_CURVE('',#11303,#11295,#11305,.T.);
#11303 = VERTEX_POINT('',#11304);
#11304 = CARTESIAN_POINT('',(2.02,0.53,0.45));
#11305 = LINE('',#11306,#11307);
#11306 = CARTESIAN_POINT('',(2.02,-0.1925,0.45));
#11307 = VECTOR('',#11308,1.);
#11308 = DIRECTION('',(-0.,1.,0.));
#11309 = ORIENTED_EDGE('',*,*,#11310,.T.);
#11310 = EDGE_CURVE('',#11303,#11311,#11313,.T.);
#11311 = VERTEX_POINT('',#11312);
#11312 = CARTESIAN_POINT('',(2.435,0.53,0.45));
#11313 = LINE('',#11314,#11315);
#11314 = CARTESIAN_POINT('',(2.,0.53,0.45));
#11315 = VECTOR('',#11316,1.);
#11316 = DIRECTION('',(1.,0.,-0.));
#11317 = ORIENTED_EDGE('',*,*,#11318,.F.);
#11318 = EDGE_CURVE('',#11319,#11311,#11321,.T.);
#11319 = VERTEX_POINT('',#11320);
#11320 = CARTESIAN_POINT('',(2.515,0.53,0.45));
#11321 = LINE('',#11322,#11323);
#11322 = CARTESIAN_POINT('',(2.2175,0.53,0.45));
#11323 = VECTOR('',#11324,1.);
#11324 = DIRECTION('',(-1.,-0.,0.));
#11325 = ORIENTED_EDGE('',*,*,#11326,.F.);
#11326 = EDGE_CURVE('',#11327,#11319,#11329,.T.);
#11327 = VERTEX_POINT('',#11328);
#11328 = CARTESIAN_POINT('',(2.515,-0.53,0.45));
#11329 = LINE('',#11330,#11331);
#11330 = CARTESIAN_POINT('',(2.515,-0.715,0.45));
#11331 = VECTOR('',#11332,1.);
#11332 = DIRECTION('',(-0.,1.,0.));
#11333 = ORIENTED_EDGE('',*,*,#11334,.T.);
#11334 = EDGE_CURVE('',#11327,#11335,#11337,.T.);
#11335 = VERTEX_POINT('',#11336);
#11336 = CARTESIAN_POINT('',(2.435,-0.53,0.45));
#11337 = LINE('',#11338,#11339);
#11338 = CARTESIAN_POINT('',(2.2175,-0.53,0.45));
#11339 = VECTOR('',#11340,1.);
#11340 = DIRECTION('',(-1.,-0.,0.));
#11341 = ORIENTED_EDGE('',*,*,#11342,.F.);
#11342 = EDGE_CURVE('',#11343,#11335,#11345,.T.);
#11343 = VERTEX_POINT('',#11344);
#11344 = CARTESIAN_POINT('',(2.02,-0.53,0.45));
#11345 = LINE('',#11346,#11347);
#11346 = CARTESIAN_POINT('',(2.,-0.53,0.45));
#11347 = VECTOR('',#11348,1.);
#11348 = DIRECTION('',(1.,0.,-0.));
#11349 = ORIENTED_EDGE('',*,*,#11350,.F.);
#11350 = EDGE_CURVE('',#11351,#11343,#11353,.T.);
#11351 = VERTEX_POINT('',#11352);
#11352 = CARTESIAN_POINT('',(2.02,-0.61,0.45));
#11353 = LINE('',#11354,#11355);
#11354 = CARTESIAN_POINT('',(2.02,-0.755,0.45));
#11355 = VECTOR('',#11356,1.);
#11356 = DIRECTION('',(-0.,1.,0.));
#11357 = ORIENTED_EDGE('',*,*,#11358,.T.);
#11358 = EDGE_CURVE('',#11351,#11183,#11359,.T.);
#11359 = LINE('',#11360,#11361);
#11360 = CARTESIAN_POINT('',(1.91,-0.61,0.45));
#11361 = VECTOR('',#11362,1.);
#11362 = DIRECTION('',(-1.,-0.,0.));
#11363 = PLANE('',#11364);
#11364 = AXIS2_PLACEMENT_3D('',#11365,#11366,#11367);
#11365 = CARTESIAN_POINT('',(2.,-0.9,0.45));
#11366 = DIRECTION('',(0.,0.,1.));
#11367 = DIRECTION('',(1.,0.,-0.));
#11368 = ADVANCED_FACE('',(#11369),#11394,.T.);
#11369 = FACE_BOUND('',#11370,.T.);
#11370 = EDGE_LOOP('',(#11371,#11372,#11380,#11388));
#11371 = ORIENTED_EDGE('',*,*,#11342,.F.);
#11372 = ORIENTED_EDGE('',*,*,#11373,.F.);
#11373 = EDGE_CURVE('',#11374,#11343,#11376,.T.);
#11374 = VERTEX_POINT('',#11375);
#11375 = CARTESIAN_POINT('',(2.02,-0.53,0.53));
#11376 = LINE('',#11377,#11378);
#11377 = CARTESIAN_POINT('',(2.02,-0.53,0.26));
#11378 = VECTOR('',#11379,1.);
#11379 = DIRECTION('',(-0.,0.,-1.));
#11380 = ORIENTED_EDGE('',*,*,#11381,.T.);
#11381 = EDGE_CURVE('',#11374,#11382,#11384,.T.);
#11382 = VERTEX_POINT('',#11383);
#11383 = CARTESIAN_POINT('',(2.435,-0.53,0.53));
#11384 = LINE('',#11385,#11386);
#11385 = CARTESIAN_POINT('',(2.,-0.53,0.53));
#11386 = VECTOR('',#11387,1.);
#11387 = DIRECTION('',(1.,0.,-0.));
#11388 = ORIENTED_EDGE('',*,*,#11389,.F.);
#11389 = EDGE_CURVE('',#11335,#11382,#11390,.T.);
#11390 = LINE('',#11391,#11392);
#11391 = CARTESIAN_POINT('',(2.435,-0.53,0.45));
#11392 = VECTOR('',#11393,1.);
#11393 = DIRECTION('',(0.,0.,1.));
#11394 = PLANE('',#11395);
#11395 = AXIS2_PLACEMENT_3D('',#11396,#11397,#11398);
#11396 = CARTESIAN_POINT('',(2.,-0.53,0.45));
#11397 = DIRECTION('',(-0.,1.,0.));
#11398 = DIRECTION('',(0.,0.,1.));
#11399 = ADVANCED_FACE('',(#11400),#11425,.F.);
#11400 = FACE_BOUND('',#11401,.F.);
#11401 = EDGE_LOOP('',(#11402,#11403,#11411,#11419));
#11402 = ORIENTED_EDGE('',*,*,#11310,.F.);
#11403 = ORIENTED_EDGE('',*,*,#11404,.F.);
#11404 = EDGE_CURVE('',#11405,#11303,#11407,.T.);
#11405 = VERTEX_POINT('',#11406);
#11406 = CARTESIAN_POINT('',(2.02,0.53,0.53));
#11407 = LINE('',#11408,#11409);
#11408 = CARTESIAN_POINT('',(2.02,0.53,0.26));
#11409 = VECTOR('',#11410,1.);
#11410 = DIRECTION('',(-0.,0.,-1.));
#11411 = ORIENTED_EDGE('',*,*,#11412,.T.);
#11412 = EDGE_CURVE('',#11405,#11413,#11415,.T.);
#11413 = VERTEX_POINT('',#11414);
#11414 = CARTESIAN_POINT('',(2.435,0.53,0.53));
#11415 = LINE('',#11416,#11417);
#11416 = CARTESIAN_POINT('',(2.,0.53,0.53));
#11417 = VECTOR('',#11418,1.);
#11418 = DIRECTION('',(1.,0.,-0.));
#11419 = ORIENTED_EDGE('',*,*,#11420,.F.);
#11420 = EDGE_CURVE('',#11311,#11413,#11421,.T.);
#11421 = LINE('',#11422,#11423);
#11422 = CARTESIAN_POINT('',(2.435,0.53,0.45));
#11423 = VECTOR('',#11424,1.);
#11424 = DIRECTION('',(0.,0.,1.));
#11425 = PLANE('',#11426);
#11426 = AXIS2_PLACEMENT_3D('',#11427,#11428,#11429);
#11427 = CARTESIAN_POINT('',(2.,0.53,0.45));
#11428 = DIRECTION('',(-0.,1.,0.));
#11429 = DIRECTION('',(0.,0.,1.));
#11430 = ADVANCED_FACE('',(#11431),#11456,.F.);
#11431 = FACE_BOUND('',#11432,.F.);
#11432 = EDGE_LOOP('',(#11433,#11443,#11449,#11450));
#11433 = ORIENTED_EDGE('',*,*,#11434,.F.);
#11434 = EDGE_CURVE('',#11435,#11437,#11439,.T.);
#11435 = VERTEX_POINT('',#11436);
#11436 = CARTESIAN_POINT('',(2.,0.61,0.53));
#11437 = VERTEX_POINT('',#11438);
#11438 = CARTESIAN_POINT('',(2.,0.82,0.53));
#11439 = LINE('',#11440,#11441);
#11440 = CARTESIAN_POINT('',(2.,-0.9,0.53));
#11441 = VECTOR('',#11442,1.);
#11442 = DIRECTION('',(-0.,1.,0.));
#11443 = ORIENTED_EDGE('',*,*,#11444,.F.);
#11444 = EDGE_CURVE('',#11287,#11435,#11445,.T.);
#11445 = LINE('',#11446,#11447);
#11446 = CARTESIAN_POINT('',(2.,0.61,0.26));
#11447 = VECTOR('',#11448,1.);
#11448 = DIRECTION('',(0.,0.,1.));
#11449 = ORIENTED_EDGE('',*,*,#11286,.T.);
#11450 = ORIENTED_EDGE('',*,*,#11451,.T.);
#11451 = EDGE_CURVE('',#11279,#11437,#11452,.T.);
#11452 = LINE('',#11453,#11454);
#11453 = CARTESIAN_POINT('',(2.,0.82,0.225));
#11454 = VECTOR('',#11455,1.);
#11455 = DIRECTION('',(0.,0.,1.));
#11456 = PLANE('',#11457);
#11457 = AXIS2_PLACEMENT_3D('',#11458,#11459,#11460);
#11458 = CARTESIAN_POINT('',(2.,-0.9,0.45));
#11459 = DIRECTION('',(1.,0.,-0.));
#11460 = DIRECTION('',(0.,0.,1.));
#11461 = ADVANCED_FACE('',(#11462),#11487,.T.);
#11462 = FACE_BOUND('',#11463,.T.);
#11463 = EDGE_LOOP('',(#11464,#11472,#11473,#11481));
#11464 = ORIENTED_EDGE('',*,*,#11465,.F.);
#11465 = EDGE_CURVE('',#11128,#11466,#11468,.T.);
#11466 = VERTEX_POINT('',#11467);
#11467 = CARTESIAN_POINT('',(1.8,-0.74,8.E-02));
#11468 = LINE('',#11469,#11470);
#11469 = CARTESIAN_POINT('',(1.8,-0.9,8.E-02));
#11470 = VECTOR('',#11471,1.);
#11471 = DIRECTION('',(-0.,1.,0.));
#11472 = ORIENTED_EDGE('',*,*,#11127,.T.);
#11473 = ORIENTED_EDGE('',*,*,#11474,.T.);
#11474 = EDGE_CURVE('',#11118,#11475,#11477,.T.);
#11475 = VERTEX_POINT('',#11476);
#11476 = CARTESIAN_POINT('',(2.2,-0.74,8.E-02));
#11477 = LINE('',#11478,#11479);
#11478 = CARTESIAN_POINT('',(2.2,-0.9,8.E-02));
#11479 = VECTOR('',#11480,1.);
#11480 = DIRECTION('',(-0.,1.,0.));
#11481 = ORIENTED_EDGE('',*,*,#11482,.F.);
#11482 = EDGE_CURVE('',#11466,#11475,#11483,.T.);
#11483 = LINE('',#11484,#11485);
#11484 = CARTESIAN_POINT('',(1.8,-0.74,8.E-02));
#11485 = VECTOR('',#11486,1.);
#11486 = DIRECTION('',(1.,0.,-0.));
#11487 = PLANE('',#11488);
#11488 = AXIS2_PLACEMENT_3D('',#11489,#11490,#11491);
#11489 = CARTESIAN_POINT('',(1.8,-0.9,8.E-02));
#11490 = DIRECTION('',(0.,0.,1.));
#11491 = DIRECTION('',(1.,0.,-0.));
#11492 = ADVANCED_FACE('',(#11493),#11527,.F.);
#11493 = FACE_BOUND('',#11494,.F.);
#11494 = EDGE_LOOP('',(#11495,#11503,#11511,#11519,#11525,#11526));
#11495 = ORIENTED_EDGE('',*,*,#11496,.F.);
#11496 = EDGE_CURVE('',#11497,#11351,#11499,.T.);
#11497 = VERTEX_POINT('',#11498);
#11498 = CARTESIAN_POINT('',(2.02,-0.61,7.E-02));
#11499 = LINE('',#11500,#11501);
#11500 = CARTESIAN_POINT('',(2.02,-0.61,7.E-02));
#11501 = VECTOR('',#11502,1.);
#11502 = DIRECTION('',(0.,0.,1.));
#11503 = ORIENTED_EDGE('',*,*,#11504,.F.);
#11504 = EDGE_CURVE('',#11505,#11497,#11507,.T.);
#11505 = VERTEX_POINT('',#11506);
#11506 = CARTESIAN_POINT('',(1.82,-0.61,7.E-02));
#11507 = LINE('',#11508,#11509);
#11508 = CARTESIAN_POINT('',(1.82,-0.61,7.E-02));
#11509 = VECTOR('',#11510,1.);
#11510 = DIRECTION('',(1.,0.,-0.));
#11511 = ORIENTED_EDGE('',*,*,#11512,.T.);
#11512 = EDGE_CURVE('',#11505,#11513,#11515,.T.);
#11513 = VERTEX_POINT('',#11514);
#11514 = CARTESIAN_POINT('',(1.82,-0.61,0.53));
#11515 = LINE('',#11516,#11517);
#11516 = CARTESIAN_POINT('',(1.82,-0.61,7.E-02));
#11517 = VECTOR('',#11518,1.);
#11518 = DIRECTION('',(0.,0.,1.));
#11519 = ORIENTED_EDGE('',*,*,#11520,.T.);
#11520 = EDGE_CURVE('',#11513,#11174,#11521,.T.);
#11521 = LINE('',#11522,#11523);
#11522 = CARTESIAN_POINT('',(1.82,-0.61,0.53));
#11523 = VECTOR('',#11524,1.);
#11524 = DIRECTION('',(1.,0.,-0.));
#11525 = ORIENTED_EDGE('',*,*,#11190,.F.);
#11526 = ORIENTED_EDGE('',*,*,#11358,.F.);
#11527 = PLANE('',#11528);
#11528 = AXIS2_PLACEMENT_3D('',#11529,#11530,#11531);
#11529 = CARTESIAN_POINT('',(1.82,-0.61,7.E-02));
#11530 = DIRECTION('',(-0.,1.,0.));
#11531 = DIRECTION('',(0.,0.,1.));
#11532 = ADVANCED_FACE('',(#11533),#11560,.T.);
#11533 = FACE_BOUND('',#11534,.T.);
#11534 = EDGE_LOOP('',(#11535,#11536,#11544,#11552,#11558,#11559));
#11535 = ORIENTED_EDGE('',*,*,#11496,.F.);
#11536 = ORIENTED_EDGE('',*,*,#11537,.T.);
#11537 = EDGE_CURVE('',#11497,#11538,#11540,.T.);
#11538 = VERTEX_POINT('',#11539);
#11539 = CARTESIAN_POINT('',(2.02,-0.515,7.E-02));
#11540 = LINE('',#11541,#11542);
#11541 = CARTESIAN_POINT('',(2.02,-0.61,7.E-02));
#11542 = VECTOR('',#11543,1.);
#11543 = DIRECTION('',(-0.,1.,0.));
#11544 = ORIENTED_EDGE('',*,*,#11545,.T.);
#11545 = EDGE_CURVE('',#11538,#11546,#11548,.T.);
#11546 = VERTEX_POINT('',#11547);
#11547 = CARTESIAN_POINT('',(2.02,-0.515,0.53));
#11548 = LINE('',#11549,#11550);
#11549 = CARTESIAN_POINT('',(2.02,-0.515,7.E-02));
#11550 = VECTOR('',#11551,1.);
#11551 = DIRECTION('',(0.,0.,1.));
#11552 = ORIENTED_EDGE('',*,*,#11553,.F.);
#11553 = EDGE_CURVE('',#11374,#11546,#11554,.T.);
#11554 = LINE('',#11555,#11556);
#11555 = CARTESIAN_POINT('',(2.02,-0.61,0.53));
#11556 = VECTOR('',#11557,1.);
#11557 = DIRECTION('',(-0.,1.,0.));
#11558 = ORIENTED_EDGE('',*,*,#11373,.T.);
#11559 = ORIENTED_EDGE('',*,*,#11350,.F.);
#11560 = PLANE('',#11561);
#11561 = AXIS2_PLACEMENT_3D('',#11562,#11563,#11564);
#11562 = CARTESIAN_POINT('',(2.02,-0.61,7.E-02));
#11563 = DIRECTION('',(1.,0.,-0.));
#11564 = DIRECTION('',(0.,0.,1.));
#11565 = ADVANCED_FACE('',(#11566),#11600,.T.);
#11566 = FACE_BOUND('',#11567,.T.);
#11567 = EDGE_LOOP('',(#11568,#11576,#11584,#11592,#11598,#11599));
#11568 = ORIENTED_EDGE('',*,*,#11569,.F.);
#11569 = EDGE_CURVE('',#11570,#11405,#11572,.T.);
#11570 = VERTEX_POINT('',#11571);
#11571 = CARTESIAN_POINT('',(2.02,0.515,0.53));
#11572 = LINE('',#11573,#11574);
#11573 = CARTESIAN_POINT('',(2.02,0.515,0.53));
#11574 = VECTOR('',#11575,1.);
#11575 = DIRECTION('',(-0.,1.,0.));
#11576 = ORIENTED_EDGE('',*,*,#11577,.F.);
#11577 = EDGE_CURVE('',#11578,#11570,#11580,.T.);
#11578 = VERTEX_POINT('',#11579);
#11579 = CARTESIAN_POINT('',(2.02,0.515,7.E-02));
#11580 = LINE('',#11581,#11582);
#11581 = CARTESIAN_POINT('',(2.02,0.515,7.E-02));
#11582 = VECTOR('',#11583,1.);
#11583 = DIRECTION('',(0.,0.,1.));
#11584 = ORIENTED_EDGE('',*,*,#11585,.T.);
#11585 = EDGE_CURVE('',#11578,#11586,#11588,.T.);
#11586 = VERTEX_POINT('',#11587);
#11587 = CARTESIAN_POINT('',(2.02,0.61,7.E-02));
#11588 = LINE('',#11589,#11590);
#11589 = CARTESIAN_POINT('',(2.02,0.515,7.E-02));
#11590 = VECTOR('',#11591,1.);
#11591 = DIRECTION('',(-0.,1.,0.));
#11592 = ORIENTED_EDGE('',*,*,#11593,.T.);
#11593 = EDGE_CURVE('',#11586,#11295,#11594,.T.);
#11594 = LINE('',#11595,#11596);
#11595 = CARTESIAN_POINT('',(2.02,0.61,7.E-02));
#11596 = VECTOR('',#11597,1.);
#11597 = DIRECTION('',(0.,0.,1.));
#11598 = ORIENTED_EDGE('',*,*,#11302,.F.);
#11599 = ORIENTED_EDGE('',*,*,#11404,.F.);
#11600 = PLANE('',#11601);
#11601 = AXIS2_PLACEMENT_3D('',#11602,#11603,#11604);
#11602 = CARTESIAN_POINT('',(2.02,0.515,7.E-02));
#11603 = DIRECTION('',(1.,0.,-0.));
#11604 = DIRECTION('',(0.,0.,1.));
#11605 = ADVANCED_FACE('',(#11606),#11640,.F.);
#11606 = FACE_BOUND('',#11607,.F.);
#11607 = EDGE_LOOP('',(#11608,#11616,#11624,#11632,#11638,#11639));
#11608 = ORIENTED_EDGE('',*,*,#11609,.F.);
#11609 = EDGE_CURVE('',#11610,#11271,#11612,.T.);
#11610 = VERTEX_POINT('',#11611);
#11611 = CARTESIAN_POINT('',(2.2,0.82,8.E-02));
#11612 = LINE('',#11613,#11614);
#11613 = CARTESIAN_POINT('',(2.2,0.82,0.));
#11614 = VECTOR('',#11615,1.);
#11615 = DIRECTION('',(0.,0.,1.));
#11616 = ORIENTED_EDGE('',*,*,#11617,.F.);
#11617 = EDGE_CURVE('',#11618,#11610,#11620,.T.);
#11618 = VERTEX_POINT('',#11619);
#11619 = CARTESIAN_POINT('',(1.8,0.82,8.E-02));
#11620 = LINE('',#11621,#11622);
#11621 = CARTESIAN_POINT('',(1.8,0.82,8.E-02));
#11622 = VECTOR('',#11623,1.);
#11623 = DIRECTION('',(1.,0.,-0.));
#11624 = ORIENTED_EDGE('',*,*,#11625,.T.);
#11625 = EDGE_CURVE('',#11618,#11626,#11628,.T.);
#11626 = VERTEX_POINT('',#11627);
#11627 = CARTESIAN_POINT('',(1.8,0.82,0.53));
#11628 = LINE('',#11629,#11630);
#11629 = CARTESIAN_POINT('',(1.8,0.82,0.));
#11630 = VECTOR('',#11631,1.);
#11631 = DIRECTION('',(0.,0.,1.));
#11632 = ORIENTED_EDGE('',*,*,#11633,.T.);
#11633 = EDGE_CURVE('',#11626,#11437,#11634,.T.);
#11634 = LINE('',#11635,#11636);
#11635 = CARTESIAN_POINT('',(1.8,0.82,0.53));
#11636 = VECTOR('',#11637,1.);
#11637 = DIRECTION('',(1.,0.,-0.));
#11638 = ORIENTED_EDGE('',*,*,#11451,.F.);
#11639 = ORIENTED_EDGE('',*,*,#11278,.F.);
#11640 = PLANE('',#11641);
#11641 = AXIS2_PLACEMENT_3D('',#11642,#11643,#11644);
#11642 = CARTESIAN_POINT('',(1.8,0.82,0.));
#11643 = DIRECTION('',(-0.,1.,0.));
#11644 = DIRECTION('',(0.,0.,1.));
#11645 = ADVANCED_FACE('',(#11646),#11673,.T.);
#11646 = FACE_BOUND('',#11647,.T.);
#11647 = EDGE_LOOP('',(#11648,#11649,#11657,#11665,#11671,#11672));
#11648 = ORIENTED_EDGE('',*,*,#11593,.F.);
#11649 = ORIENTED_EDGE('',*,*,#11650,.F.);
#11650 = EDGE_CURVE('',#11651,#11586,#11653,.T.);
#11651 = VERTEX_POINT('',#11652);
#11652 = CARTESIAN_POINT('',(1.82,0.61,7.E-02));
#11653 = LINE('',#11654,#11655);
#11654 = CARTESIAN_POINT('',(1.82,0.61,7.E-02));
#11655 = VECTOR('',#11656,1.);
#11656 = DIRECTION('',(1.,0.,-0.));
#11657 = ORIENTED_EDGE('',*,*,#11658,.T.);
#11658 = EDGE_CURVE('',#11651,#11659,#11661,.T.);
#11659 = VERTEX_POINT('',#11660);
#11660 = CARTESIAN_POINT('',(1.82,0.61,0.53));
#11661 = LINE('',#11662,#11663);
#11662 = CARTESIAN_POINT('',(1.82,0.61,7.E-02));
#11663 = VECTOR('',#11664,1.);
#11664 = DIRECTION('',(0.,0.,1.));
#11665 = ORIENTED_EDGE('',*,*,#11666,.T.);
#11666 = EDGE_CURVE('',#11659,#11435,#11667,.T.);
#11667 = LINE('',#11668,#11669);
#11668 = CARTESIAN_POINT('',(1.82,0.61,0.53));
#11669 = VECTOR('',#11670,1.);
#11670 = DIRECTION('',(1.,0.,-0.));
#11671 = ORIENTED_EDGE('',*,*,#11444,.F.);
#11672 = ORIENTED_EDGE('',*,*,#11294,.F.);
#11673 = PLANE('',#11674);
#11674 = AXIS2_PLACEMENT_3D('',#11675,#11676,#11677);
#11675 = CARTESIAN_POINT('',(1.82,0.61,7.E-02));
#11676 = DIRECTION('',(-0.,1.,0.));
#11677 = DIRECTION('',(0.,0.,1.));
#11678 = ADVANCED_FACE('',(#11679),#11704,.F.);
#11679 = FACE_BOUND('',#11680,.F.);
#11680 = EDGE_LOOP('',(#11681,#11689,#11697,#11703));
#11681 = ORIENTED_EDGE('',*,*,#11682,.F.);
#11682 = EDGE_CURVE('',#11683,#11327,#11685,.T.);
#11683 = VERTEX_POINT('',#11684);
#11684 = CARTESIAN_POINT('',(2.515,-0.53,7.E-02));
#11685 = LINE('',#11686,#11687);
#11686 = CARTESIAN_POINT('',(2.515,-0.53,7.E-02));
#11687 = VECTOR('',#11688,1.);
#11688 = DIRECTION('',(0.,0.,1.));
#11689 = ORIENTED_EDGE('',*,*,#11690,.F.);
#11690 = EDGE_CURVE('',#11691,#11683,#11693,.T.);
#11691 = VERTEX_POINT('',#11692);
#11692 = CARTESIAN_POINT('',(2.435,-0.53,7.E-02));
#11693 = LINE('',#11694,#11695);
#11694 = CARTESIAN_POINT('',(2.435,-0.53,7.E-02));
#11695 = VECTOR('',#11696,1.);
#11696 = DIRECTION('',(1.,0.,-0.));
#11697 = ORIENTED_EDGE('',*,*,#11698,.T.);
#11698 = EDGE_CURVE('',#11691,#11335,#11699,.T.);
#11699 = LINE('',#11700,#11701);
#11700 = CARTESIAN_POINT('',(2.435,-0.53,7.E-02));
#11701 = VECTOR('',#11702,1.);
#11702 = DIRECTION('',(0.,0.,1.));
#11703 = ORIENTED_EDGE('',*,*,#11334,.F.);
#11704 = PLANE('',#11705);
#11705 = AXIS2_PLACEMENT_3D('',#11706,#11707,#11708);
#11706 = CARTESIAN_POINT('',(2.435,-0.53,7.E-02));
#11707 = DIRECTION('',(-0.,1.,0.));
#11708 = DIRECTION('',(0.,0.,1.));
#11709 = ADVANCED_FACE('',(#11710),#11728,.T.);
#11710 = FACE_BOUND('',#11711,.T.);
#11711 = EDGE_LOOP('',(#11712,#11713,#11721,#11727));
#11712 = ORIENTED_EDGE('',*,*,#11682,.F.);
#11713 = ORIENTED_EDGE('',*,*,#11714,.T.);
#11714 = EDGE_CURVE('',#11683,#11715,#11717,.T.);
#11715 = VERTEX_POINT('',#11716);
#11716 = CARTESIAN_POINT('',(2.515,0.53,7.E-02));
#11717 = LINE('',#11718,#11719);
#11718 = CARTESIAN_POINT('',(2.515,-0.53,7.E-02));
#11719 = VECTOR('',#11720,1.);
#11720 = DIRECTION('',(-0.,1.,0.));
#11721 = ORIENTED_EDGE('',*,*,#11722,.T.);
#11722 = EDGE_CURVE('',#11715,#11319,#11723,.T.);
#11723 = LINE('',#11724,#11725);
#11724 = CARTESIAN_POINT('',(2.515,0.53,7.E-02));
#11725 = VECTOR('',#11726,1.);
#11726 = DIRECTION('',(0.,0.,1.));
#11727 = ORIENTED_EDGE('',*,*,#11326,.F.);
#11728 = PLANE('',#11729);
#11729 = AXIS2_PLACEMENT_3D('',#11730,#11731,#11732);
#11730 = CARTESIAN_POINT('',(2.515,-0.53,7.E-02));
#11731 = DIRECTION('',(1.,0.,-0.));
#11732 = DIRECTION('',(0.,0.,1.));
#11733 = ADVANCED_FACE('',(#11734),#11752,.T.);
#11734 = FACE_BOUND('',#11735,.T.);
#11735 = EDGE_LOOP('',(#11736,#11737,#11745,#11751));
#11736 = ORIENTED_EDGE('',*,*,#11722,.F.);
#11737 = ORIENTED_EDGE('',*,*,#11738,.F.);
#11738 = EDGE_CURVE('',#11739,#11715,#11741,.T.);
#11739 = VERTEX_POINT('',#11740);
#11740 = CARTESIAN_POINT('',(2.435,0.53,7.E-02));
#11741 = LINE('',#11742,#11743);
#11742 = CARTESIAN_POINT('',(2.435,0.53,7.E-02));
#11743 = VECTOR('',#11744,1.);
#11744 = DIRECTION('',(1.,0.,-0.));
#11745 = ORIENTED_EDGE('',*,*,#11746,.T.);
#11746 = EDGE_CURVE('',#11739,#11311,#11747,.T.);
#11747 = LINE('',#11748,#11749);
#11748 = CARTESIAN_POINT('',(2.435,0.53,7.E-02));
#11749 = VECTOR('',#11750,1.);
#11750 = DIRECTION('',(0.,0.,1.));
#11751 = ORIENTED_EDGE('',*,*,#11318,.F.);
#11752 = PLANE('',#11753);
#11753 = AXIS2_PLACEMENT_3D('',#11754,#11755,#11756);
#11754 = CARTESIAN_POINT('',(2.435,0.53,7.E-02));
#11755 = DIRECTION('',(-0.,1.,0.));
#11756 = DIRECTION('',(0.,0.,1.));
#11757 = ADVANCED_FACE('',(#11758),#11783,.F.);
#11758 = FACE_BOUND('',#11759,.F.);
#11759 = EDGE_LOOP('',(#11760,#11768,#11776,#11782));
#11760 = ORIENTED_EDGE('',*,*,#11761,.F.);
#11761 = EDGE_CURVE('',#11762,#11231,#11764,.T.);
#11762 = VERTEX_POINT('',#11763);
#11763 = CARTESIAN_POINT('',(2.86,-0.36,8.E-02));
#11764 = LINE('',#11765,#11766);
#11765 = CARTESIAN_POINT('',(2.86,-0.36,0.));
#11766 = VECTOR('',#11767,1.);
#11767 = DIRECTION('',(0.,0.,1.));
#11768 = ORIENTED_EDGE('',*,*,#11769,.F.);
#11769 = EDGE_CURVE('',#11770,#11762,#11772,.T.);
#11770 = VERTEX_POINT('',#11771);
#11771 = CARTESIAN_POINT('',(2.86,0.36,8.E-02));
#11772 = LINE('',#11773,#11774);
#11773 = CARTESIAN_POINT('',(2.86,-0.36,8.E-02));
#11774 = VECTOR('',#11775,1.);
#11775 = DIRECTION('',(0.,-1.,0.));
#11776 = ORIENTED_EDGE('',*,*,#11777,.T.);
#11777 = EDGE_CURVE('',#11770,#11239,#11778,.T.);
#11778 = LINE('',#11779,#11780);
#11779 = CARTESIAN_POINT('',(2.86,0.36,0.));
#11780 = VECTOR('',#11781,1.);
#11781 = DIRECTION('',(0.,0.,1.));
#11782 = ORIENTED_EDGE('',*,*,#11238,.F.);
#11783 = PLANE('',#11784);
#11784 = AXIS2_PLACEMENT_3D('',#11785,#11786,#11787);
#11785 = CARTESIAN_POINT('',(2.86,-0.36,0.));
#11786 = DIRECTION('',(1.,0.,-0.));
#11787 = DIRECTION('',(0.,0.,1.));
#11788 = ADVANCED_FACE('',(#11789),#11814,.T.);
#11789 = FACE_BOUND('',#11790,.T.);
#11790 = EDGE_LOOP('',(#11791,#11801,#11807,#11808));
#11791 = ORIENTED_EDGE('',*,*,#11792,.F.);
#11792 = EDGE_CURVE('',#11793,#11795,#11797,.T.);
#11793 = VERTEX_POINT('',#11794);
#11794 = CARTESIAN_POINT('',(1.8,-0.74,0.));
#11795 = VERTEX_POINT('',#11796);
#11796 = CARTESIAN_POINT('',(2.2,-0.74,0.));
#11797 = LINE('',#11798,#11799);
#11798 = CARTESIAN_POINT('',(1.8,-0.74,0.));
#11799 = VECTOR('',#11800,1.);
#11800 = DIRECTION('',(1.,0.,-0.));
#11801 = ORIENTED_EDGE('',*,*,#11802,.T.);
#11802 = EDGE_CURVE('',#11793,#11466,#11803,.T.);
#11803 = LINE('',#11804,#11805);
#11804 = CARTESIAN_POINT('',(1.8,-0.74,0.));
#11805 = VECTOR('',#11806,1.);
#11806 = DIRECTION('',(0.,0.,1.));
#11807 = ORIENTED_EDGE('',*,*,#11482,.T.);
#11808 = ORIENTED_EDGE('',*,*,#11809,.F.);
#11809 = EDGE_CURVE('',#11795,#11475,#11810,.T.);
#11810 = LINE('',#11811,#11812);
#11811 = CARTESIAN_POINT('',(2.2,-0.74,0.));
#11812 = VECTOR('',#11813,1.);
#11813 = DIRECTION('',(0.,0.,1.));
#11814 = PLANE('',#11815);
#11815 = AXIS2_PLACEMENT_3D('',#11816,#11817,#11818);
#11816 = CARTESIAN_POINT('',(1.8,-0.74,0.));
#11817 = DIRECTION('',(-0.,1.,0.));
#11818 = DIRECTION('',(0.,0.,1.));
#11819 = ADVANCED_FACE('',(#11820),#11845,.F.);
#11820 = FACE_BOUND('',#11821,.F.);
#11821 = EDGE_LOOP('',(#11822,#11823,#11831,#11839));
#11822 = ORIENTED_EDGE('',*,*,#11512,.F.);
#11823 = ORIENTED_EDGE('',*,*,#11824,.T.);
#11824 = EDGE_CURVE('',#11505,#11825,#11827,.T.);
#11825 = VERTEX_POINT('',#11826);
#11826 = CARTESIAN_POINT('',(1.82,-0.515,7.E-02));
#11827 = LINE('',#11828,#11829);
#11828 = CARTESIAN_POINT('',(1.82,-0.61,7.E-02));
#11829 = VECTOR('',#11830,1.);
#11830 = DIRECTION('',(-0.,1.,0.));
#11831 = ORIENTED_EDGE('',*,*,#11832,.T.);
#11832 = EDGE_CURVE('',#11825,#11833,#11835,.T.);
#11833 = VERTEX_POINT('',#11834);
#11834 = CARTESIAN_POINT('',(1.82,-0.515,0.53));
#11835 = LINE('',#11836,#11837);
#11836 = CARTESIAN_POINT('',(1.82,-0.515,7.E-02));
#11837 = VECTOR('',#11838,1.);
#11838 = DIRECTION('',(0.,0.,1.));
#11839 = ORIENTED_EDGE('',*,*,#11840,.F.);
#11840 = EDGE_CURVE('',#11513,#11833,#11841,.T.);
#11841 = LINE('',#11842,#11843);
#11842 = CARTESIAN_POINT('',(1.82,-0.61,0.53));
#11843 = VECTOR('',#11844,1.);
#11844 = DIRECTION('',(-0.,1.,0.));
#11845 = PLANE('',#11846);
#11846 = AXIS2_PLACEMENT_3D('',#11847,#11848,#11849);
#11847 = CARTESIAN_POINT('',(1.82,-0.61,7.E-02));
#11848 = DIRECTION('',(1.,0.,-0.));
#11849 = DIRECTION('',(0.,0.,1.));
#11850 = ADVANCED_FACE('',(#11851),#11862,.F.);
#11851 = FACE_BOUND('',#11852,.F.);
#11852 = EDGE_LOOP('',(#11853,#11854,#11855,#11856));
#11853 = ORIENTED_EDGE('',*,*,#11824,.F.);
#11854 = ORIENTED_EDGE('',*,*,#11504,.T.);
#11855 = ORIENTED_EDGE('',*,*,#11537,.T.);
#11856 = ORIENTED_EDGE('',*,*,#11857,.F.);
#11857 = EDGE_CURVE('',#11825,#11538,#11858,.T.);
#11858 = LINE('',#11859,#11860);
#11859 = CARTESIAN_POINT('',(1.82,-0.515,7.E-02));
#11860 = VECTOR('',#11861,1.);
#11861 = DIRECTION('',(1.,0.,-0.));
#11862 = PLANE('',#11863);
#11863 = AXIS2_PLACEMENT_3D('',#11864,#11865,#11866);
#11864 = CARTESIAN_POINT('',(1.82,-0.61,7.E-02));
#11865 = DIRECTION('',(0.,0.,1.));
#11866 = DIRECTION('',(1.,0.,-0.));
#11867 = ADVANCED_FACE('',(#11868),#11879,.T.);
#11868 = FACE_BOUND('',#11869,.T.);
#11869 = EDGE_LOOP('',(#11870,#11871,#11872,#11878));
#11870 = ORIENTED_EDGE('',*,*,#11857,.F.);
#11871 = ORIENTED_EDGE('',*,*,#11832,.T.);
#11872 = ORIENTED_EDGE('',*,*,#11873,.T.);
#11873 = EDGE_CURVE('',#11833,#11546,#11874,.T.);
#11874 = LINE('',#11875,#11876);
#11875 = CARTESIAN_POINT('',(1.82,-0.515,0.53));
#11876 = VECTOR('',#11877,1.);
#11877 = DIRECTION('',(1.,0.,-0.));
#11878 = ORIENTED_EDGE('',*,*,#11545,.F.);
#11879 = PLANE('',#11880);
#11880 = AXIS2_PLACEMENT_3D('',#11881,#11882,#11883);
#11881 = CARTESIAN_POINT('',(1.82,-0.515,7.E-02));
#11882 = DIRECTION('',(-0.,1.,0.));
#11883 = DIRECTION('',(0.,0.,1.));
#11884 = ADVANCED_FACE('',(#11885),#11903,.F.);
#11885 = FACE_BOUND('',#11886,.F.);
#11886 = EDGE_LOOP('',(#11887,#11895,#11901,#11902));
#11887 = ORIENTED_EDGE('',*,*,#11888,.F.);
#11888 = EDGE_CURVE('',#11889,#11651,#11891,.T.);
#11889 = VERTEX_POINT('',#11890);
#11890 = CARTESIAN_POINT('',(1.82,0.515,7.E-02));
#11891 = LINE('',#11892,#11893);
#11892 = CARTESIAN_POINT('',(1.82,0.515,7.E-02));
#11893 = VECTOR('',#11894,1.);
#11894 = DIRECTION('',(-0.,1.,0.));
#11895 = ORIENTED_EDGE('',*,*,#11896,.T.);
#11896 = EDGE_CURVE('',#11889,#11578,#11897,.T.);
#11897 = LINE('',#11898,#11899);
#11898 = CARTESIAN_POINT('',(1.82,0.515,7.E-02));
#11899 = VECTOR('',#11900,1.);
#11900 = DIRECTION('',(1.,0.,-0.));
#11901 = ORIENTED_EDGE('',*,*,#11585,.T.);
#11902 = ORIENTED_EDGE('',*,*,#11650,.F.);
#11903 = PLANE('',#11904);
#11904 = AXIS2_PLACEMENT_3D('',#11905,#11906,#11907);
#11905 = CARTESIAN_POINT('',(1.82,0.515,7.E-02));
#11906 = DIRECTION('',(0.,0.,1.));
#11907 = DIRECTION('',(1.,0.,-0.));
#11908 = ADVANCED_FACE('',(#11909),#11927,.F.);
#11909 = FACE_BOUND('',#11910,.F.);
#11910 = EDGE_LOOP('',(#11911,#11912,#11920,#11926));
#11911 = ORIENTED_EDGE('',*,*,#11896,.F.);
#11912 = ORIENTED_EDGE('',*,*,#11913,.T.);
#11913 = EDGE_CURVE('',#11889,#11914,#11916,.T.);
#11914 = VERTEX_POINT('',#11915);
#11915 = CARTESIAN_POINT('',(1.82,0.515,0.53));
#11916 = LINE('',#11917,#11918);
#11917 = CARTESIAN_POINT('',(1.82,0.515,7.E-02));
#11918 = VECTOR('',#11919,1.);
#11919 = DIRECTION('',(0.,0.,1.));
#11920 = ORIENTED_EDGE('',*,*,#11921,.T.);
#11921 = EDGE_CURVE('',#11914,#11570,#11922,.T.);
#11922 = LINE('',#11923,#11924);
#11923 = CARTESIAN_POINT('',(1.82,0.515,0.53));
#11924 = VECTOR('',#11925,1.);
#11925 = DIRECTION('',(1.,0.,-0.));
#11926 = ORIENTED_EDGE('',*,*,#11577,.F.);
#11927 = PLANE('',#11928);
#11928 = AXIS2_PLACEMENT_3D('',#11929,#11930,#11931);
#11929 = CARTESIAN_POINT('',(1.82,0.515,7.E-02));
#11930 = DIRECTION('',(-0.,1.,0.));
#11931 = DIRECTION('',(0.,0.,1.));
#11932 = ADVANCED_FACE('',(#11933),#11944,.F.);
#11933 = FACE_BOUND('',#11934,.F.);
#11934 = EDGE_LOOP('',(#11935,#11936,#11937,#11938));
#11935 = ORIENTED_EDGE('',*,*,#11913,.F.);
#11936 = ORIENTED_EDGE('',*,*,#11888,.T.);
#11937 = ORIENTED_EDGE('',*,*,#11658,.T.);
#11938 = ORIENTED_EDGE('',*,*,#11939,.F.);
#11939 = EDGE_CURVE('',#11914,#11659,#11940,.T.);
#11940 = LINE('',#11941,#11942);
#11941 = CARTESIAN_POINT('',(1.82,0.515,0.53));
#11942 = VECTOR('',#11943,1.);
#11943 = DIRECTION('',(-0.,1.,0.));
#11944 = PLANE('',#11945);
#11945 = AXIS2_PLACEMENT_3D('',#11946,#11947,#11948);
#11946 = CARTESIAN_POINT('',(1.82,0.515,7.E-02));
#11947 = DIRECTION('',(1.,0.,-0.));
#11948 = DIRECTION('',(0.,0.,1.));
#11949 = ADVANCED_FACE('',(#11950),#11975,.T.);
#11950 = FACE_BOUND('',#11951,.T.);
#11951 = EDGE_LOOP('',(#11952,#11960,#11968,#11974));
#11952 = ORIENTED_EDGE('',*,*,#11953,.F.);
#11953 = EDGE_CURVE('',#11954,#11618,#11956,.T.);
#11954 = VERTEX_POINT('',#11955);
#11955 = CARTESIAN_POINT('',(1.8,0.74,8.E-02));
#11956 = LINE('',#11957,#11958);
#11957 = CARTESIAN_POINT('',(1.8,0.74,8.E-02));
#11958 = VECTOR('',#11959,1.);
#11959 = DIRECTION('',(-0.,1.,0.));
#11960 = ORIENTED_EDGE('',*,*,#11961,.T.);
#11961 = EDGE_CURVE('',#11954,#11962,#11964,.T.);
#11962 = VERTEX_POINT('',#11963);
#11963 = CARTESIAN_POINT('',(2.2,0.74,8.E-02));
#11964 = LINE('',#11965,#11966);
#11965 = CARTESIAN_POINT('',(1.8,0.74,8.E-02));
#11966 = VECTOR('',#11967,1.);
#11967 = DIRECTION('',(1.,0.,-0.));
#11968 = ORIENTED_EDGE('',*,*,#11969,.T.);
#11969 = EDGE_CURVE('',#11962,#11610,#11970,.T.);
#11970 = LINE('',#11971,#11972);
#11971 = CARTESIAN_POINT('',(2.2,0.74,8.E-02));
#11972 = VECTOR('',#11973,1.);
#11973 = DIRECTION('',(-0.,1.,0.));
#11974 = ORIENTED_EDGE('',*,*,#11617,.F.);
#11975 = PLANE('',#11976);
#11976 = AXIS2_PLACEMENT_3D('',#11977,#11978,#11979);
#11977 = CARTESIAN_POINT('',(1.8,0.74,8.E-02));
#11978 = DIRECTION('',(0.,0.,1.));
#11979 = DIRECTION('',(1.,0.,-0.));
#11980 = ADVANCED_FACE('',(#11981),#11992,.F.);
#11981 = FACE_BOUND('',#11982,.F.);
#11982 = EDGE_LOOP('',(#11983,#11989,#11990,#11991));
#11983 = ORIENTED_EDGE('',*,*,#11984,.F.);
#11984 = EDGE_CURVE('',#11691,#11739,#11985,.T.);
#11985 = LINE('',#11986,#11987);
#11986 = CARTESIAN_POINT('',(2.435,-0.53,7.E-02));
#11987 = VECTOR('',#11988,1.);
#11988 = DIRECTION('',(-0.,1.,0.));
#11989 = ORIENTED_EDGE('',*,*,#11690,.T.);
#11990 = ORIENTED_EDGE('',*,*,#11714,.T.);
#11991 = ORIENTED_EDGE('',*,*,#11738,.F.);
#11992 = PLANE('',#11993);
#11993 = AXIS2_PLACEMENT_3D('',#11994,#11995,#11996);
#11994 = CARTESIAN_POINT('',(2.435,-0.53,7.E-02));
#11995 = DIRECTION('',(0.,0.,1.));
#11996 = DIRECTION('',(1.,0.,-0.));
#11997 = ADVANCED_FACE('',(#11998),#12023,.T.);
#11998 = FACE_BOUND('',#11999,.T.);
#11999 = EDGE_LOOP('',(#12000,#12008,#12016,#12022));
#12000 = ORIENTED_EDGE('',*,*,#12001,.F.);
#12001 = EDGE_CURVE('',#12002,#11770,#12004,.T.);
#12002 = VERTEX_POINT('',#12003);
#12003 = CARTESIAN_POINT('',(2.8,0.36,8.E-02));
#12004 = LINE('',#12005,#12006);
#12005 = CARTESIAN_POINT('',(2.8,0.36,8.E-02));
#12006 = VECTOR('',#12007,1.);
#12007 = DIRECTION('',(1.,0.,-0.));
#12008 = ORIENTED_EDGE('',*,*,#12009,.F.);
#12009 = EDGE_CURVE('',#12010,#12002,#12012,.T.);
#12010 = VERTEX_POINT('',#12011);
#12011 = CARTESIAN_POINT('',(2.8,-0.36,8.E-02));
#12012 = LINE('',#12013,#12014);
#12013 = CARTESIAN_POINT('',(2.8,-0.36,8.E-02));
#12014 = VECTOR('',#12015,1.);
#12015 = DIRECTION('',(-0.,1.,0.));
#12016 = ORIENTED_EDGE('',*,*,#12017,.T.);
#12017 = EDGE_CURVE('',#12010,#11762,#12018,.T.);
#12018 = LINE('',#12019,#12020);
#12019 = CARTESIAN_POINT('',(2.8,-0.36,8.E-02));
#12020 = VECTOR('',#12021,1.);
#12021 = DIRECTION('',(1.,0.,-0.));
#12022 = ORIENTED_EDGE('',*,*,#11769,.F.);
#12023 = PLANE('',#12024);
#12024 = AXIS2_PLACEMENT_3D('',#12025,#12026,#12027);
#12025 = CARTESIAN_POINT('',(2.8,-0.36,8.E-02));
#12026 = DIRECTION('',(0.,0.,1.));
#12027 = DIRECTION('',(1.,0.,-0.));
#12028 = ADVANCED_FACE('',(#12029),#12054,.F.);
#12029 = FACE_BOUND('',#12030,.F.);
#12030 = EDGE_LOOP('',(#12031,#12041,#12047,#12048));
#12031 = ORIENTED_EDGE('',*,*,#12032,.F.);
#12032 = EDGE_CURVE('',#12033,#12035,#12037,.T.);
#12033 = VERTEX_POINT('',#12034);
#12034 = CARTESIAN_POINT('',(1.8,0.74,0.));
#12035 = VERTEX_POINT('',#12036);
#12036 = CARTESIAN_POINT('',(2.2,0.74,0.));
#12037 = LINE('',#12038,#12039);
#12038 = CARTESIAN_POINT('',(1.8,0.74,0.));
#12039 = VECTOR('',#12040,1.);
#12040 = DIRECTION('',(1.,0.,-0.));
#12041 = ORIENTED_EDGE('',*,*,#12042,.T.);
#12042 = EDGE_CURVE('',#12033,#11954,#12043,.T.);
#12043 = LINE('',#12044,#12045);
#12044 = CARTESIAN_POINT('',(1.8,0.74,0.));
#12045 = VECTOR('',#12046,1.);
#12046 = DIRECTION('',(0.,0.,1.));
#12047 = ORIENTED_EDGE('',*,*,#11961,.T.);
#12048 = ORIENTED_EDGE('',*,*,#12049,.F.);
#12049 = EDGE_CURVE('',#12035,#11962,#12050,.T.);
#12050 = LINE('',#12051,#12052);
#12051 = CARTESIAN_POINT('',(2.2,0.74,0.));
#12052 = VECTOR('',#12053,1.);
#12053 = DIRECTION('',(0.,0.,1.));
#12054 = PLANE('',#12055);
#12055 = AXIS2_PLACEMENT_3D('',#12056,#12057,#12058);
#12056 = CARTESIAN_POINT('',(1.8,0.74,0.));
#12057 = DIRECTION('',(-0.,1.,0.));
#12058 = DIRECTION('',(0.,0.,1.));
#12059 = ADVANCED_FACE('',(#12060),#12085,.F.);
#12060 = FACE_BOUND('',#12061,.F.);
#12061 = EDGE_LOOP('',(#12062,#12070,#12078,#12084));
#12062 = ORIENTED_EDGE('',*,*,#12063,.F.);
#12063 = EDGE_CURVE('',#12064,#12010,#12066,.T.);
#12064 = VERTEX_POINT('',#12065);
#12065 = CARTESIAN_POINT('',(2.8,-0.36,0.));
#12066 = LINE('',#12067,#12068);
#12067 = CARTESIAN_POINT('',(2.8,-0.36,0.));
#12068 = VECTOR('',#12069,1.);
#12069 = DIRECTION('',(0.,0.,1.));
#12070 = ORIENTED_EDGE('',*,*,#12071,.T.);
#12071 = EDGE_CURVE('',#12064,#12072,#12074,.T.);
#12072 = VERTEX_POINT('',#12073);
#12073 = CARTESIAN_POINT('',(2.8,0.36,0.));
#12074 = LINE('',#12075,#12076);
#12075 = CARTESIAN_POINT('',(2.8,-0.36,0.));
#12076 = VECTOR('',#12077,1.);
#12077 = DIRECTION('',(-0.,1.,0.));
#12078 = ORIENTED_EDGE('',*,*,#12079,.T.);
#12079 = EDGE_CURVE('',#12072,#12002,#12080,.T.);
#12080 = LINE('',#12081,#12082);
#12081 = CARTESIAN_POINT('',(2.8,0.36,0.));
#12082 = VECTOR('',#12083,1.);
#12083 = DIRECTION('',(0.,0.,1.));
#12084 = ORIENTED_EDGE('',*,*,#12009,.F.);
#12085 = PLANE('',#12086);
#12086 = AXIS2_PLACEMENT_3D('',#12087,#12088,#12089);
#12087 = CARTESIAN_POINT('',(2.8,-0.36,0.));
#12088 = DIRECTION('',(1.,0.,-0.));
#12089 = DIRECTION('',(0.,0.,1.));
#12090 = ADVANCED_FACE('',(#12091),#12151,.T.);
#12091 = FACE_BOUND('',#12092,.T.);
#12092 = EDGE_LOOP('',(#12093,#12103,#12111,#12117,#12118,#12119,#12120,
    #12121,#12122,#12123,#12124,#12130,#12131,#12132,#12133,#12134,
    #12135,#12136,#12137,#12145));
#12093 = ORIENTED_EDGE('',*,*,#12094,.T.);
#12094 = EDGE_CURVE('',#12095,#12097,#12099,.T.);
#12095 = VERTEX_POINT('',#12096);
#12096 = CARTESIAN_POINT('',(2.94,-0.9,0.53));
#12097 = VERTEX_POINT('',#12098);
#12098 = CARTESIAN_POINT('',(2.94,0.9,0.53));
#12099 = LINE('',#12100,#12101);
#12100 = CARTESIAN_POINT('',(2.94,-0.9,0.53));
#12101 = VECTOR('',#12102,1.);
#12102 = DIRECTION('',(-0.,1.,0.));
#12103 = ORIENTED_EDGE('',*,*,#12104,.F.);
#12104 = EDGE_CURVE('',#12105,#12097,#12107,.T.);
#12105 = VERTEX_POINT('',#12106);
#12106 = CARTESIAN_POINT('',(1.8,0.9,0.53));
#12107 = LINE('',#12108,#12109);
#12108 = CARTESIAN_POINT('',(2.,0.9,0.53));
#12109 = VECTOR('',#12110,1.);
#12110 = DIRECTION('',(1.,0.,-0.));
#12111 = ORIENTED_EDGE('',*,*,#12112,.F.);
#12112 = EDGE_CURVE('',#11626,#12105,#12113,.T.);
#12113 = LINE('',#12114,#12115);
#12114 = CARTESIAN_POINT('',(1.8,0.82,0.53));
#12115 = VECTOR('',#12116,1.);
#12116 = DIRECTION('',(-0.,1.,0.));
#12117 = ORIENTED_EDGE('',*,*,#11633,.T.);
#12118 = ORIENTED_EDGE('',*,*,#11434,.F.);
#12119 = ORIENTED_EDGE('',*,*,#11666,.F.);
#12120 = ORIENTED_EDGE('',*,*,#11939,.F.);
#12121 = ORIENTED_EDGE('',*,*,#11921,.T.);
#12122 = ORIENTED_EDGE('',*,*,#11569,.T.);
#12123 = ORIENTED_EDGE('',*,*,#11412,.T.);
#12124 = ORIENTED_EDGE('',*,*,#12125,.F.);
#12125 = EDGE_CURVE('',#11382,#11413,#12126,.T.);
#12126 = LINE('',#12127,#12128);
#12127 = CARTESIAN_POINT('',(2.435,-0.53,0.53));
#12128 = VECTOR('',#12129,1.);
#12129 = DIRECTION('',(-0.,1.,0.));
#12130 = ORIENTED_EDGE('',*,*,#11381,.F.);
#12131 = ORIENTED_EDGE('',*,*,#11553,.T.);
#12132 = ORIENTED_EDGE('',*,*,#11873,.F.);
#12133 = ORIENTED_EDGE('',*,*,#11840,.F.);
#12134 = ORIENTED_EDGE('',*,*,#11520,.T.);
#12135 = ORIENTED_EDGE('',*,*,#11173,.F.);
#12136 = ORIENTED_EDGE('',*,*,#11143,.F.);
#12137 = ORIENTED_EDGE('',*,*,#12138,.F.);
#12138 = EDGE_CURVE('',#12139,#11136,#12141,.T.);
#12139 = VERTEX_POINT('',#12140);
#12140 = CARTESIAN_POINT('',(1.8,-0.9,0.53));
#12141 = LINE('',#12142,#12143);
#12142 = CARTESIAN_POINT('',(1.8,-0.9,0.53));
#12143 = VECTOR('',#12144,1.);
#12144 = DIRECTION('',(-0.,1.,0.));
#12145 = ORIENTED_EDGE('',*,*,#12146,.T.);
#12146 = EDGE_CURVE('',#12139,#12095,#12147,.T.);
#12147 = LINE('',#12148,#12149);
#12148 = CARTESIAN_POINT('',(1.8,-0.9,0.53));
#12149 = VECTOR('',#12150,1.);
#12150 = DIRECTION('',(1.,0.,-0.));
#12151 = PLANE('',#12152);
#12152 = AXIS2_PLACEMENT_3D('',#12153,#12154,#12155);
#12153 = CARTESIAN_POINT('',(2.380267969735,-3.500072587091E-17,0.53));
#12154 = DIRECTION('',(0.,0.,1.));
#12155 = DIRECTION('',(1.,0.,-0.));
#12156 = ADVANCED_FACE('',(#12157),#12189,.T.);
#12157 = FACE_BOUND('',#12158,.T.);
#12158 = EDGE_LOOP('',(#12159,#12160,#12168,#12176,#12182,#12183));
#12159 = ORIENTED_EDGE('',*,*,#12146,.F.);
#12160 = ORIENTED_EDGE('',*,*,#12161,.F.);
#12161 = EDGE_CURVE('',#12162,#12139,#12164,.T.);
#12162 = VERTEX_POINT('',#12163);
#12163 = CARTESIAN_POINT('',(1.8,-0.9,0.));
#12164 = LINE('',#12165,#12166);
#12165 = CARTESIAN_POINT('',(1.8,-0.9,0.));
#12166 = VECTOR('',#12167,1.);
#12167 = DIRECTION('',(0.,0.,1.));
#12168 = ORIENTED_EDGE('',*,*,#12169,.T.);
#12169 = EDGE_CURVE('',#12162,#12170,#12172,.T.);
#12170 = VERTEX_POINT('',#12171);
#12171 = CARTESIAN_POINT('',(2.2,-0.9,0.));
#12172 = LINE('',#12173,#12174);
#12173 = CARTESIAN_POINT('',(1.8,-0.9,0.));
#12174 = VECTOR('',#12175,1.);
#12175 = DIRECTION('',(1.,0.,-0.));
#12176 = ORIENTED_EDGE('',*,*,#12177,.T.);
#12177 = EDGE_CURVE('',#12170,#11207,#12178,.T.);
#12178 = LINE('',#12179,#12180);
#12179 = CARTESIAN_POINT('',(2.2,-0.9,0.));
#12180 = VECTOR('',#12181,1.);
#12181 = DIRECTION('',(0.,0.,1.));
#12182 = ORIENTED_EDGE('',*,*,#11214,.T.);
#12183 = ORIENTED_EDGE('',*,*,#12184,.T.);
#12184 = EDGE_CURVE('',#11215,#12095,#12185,.T.);
#12185 = LINE('',#12186,#12187);
#12186 = CARTESIAN_POINT('',(2.94,-0.9,0.45));
#12187 = VECTOR('',#12188,1.);
#12188 = DIRECTION('',(0.,0.,1.));
#12189 = PLANE('',#12190);
#12190 = AXIS2_PLACEMENT_3D('',#12191,#12192,#12193);
#12191 = CARTESIAN_POINT('',(2.270299401198,-0.9,0.364700598802));
#12192 = DIRECTION('',(-0.,-1.,-0.));
#12193 = DIRECTION('',(0.,0.,-1.));
#12194 = ADVANCED_FACE('',(#12195),#12208,.T.);
#12195 = FACE_BOUND('',#12196,.T.);
#12196 = EDGE_LOOP('',(#12197,#12198,#12199,#12200,#12201,#12202));
#12197 = ORIENTED_EDGE('',*,*,#12161,.T.);
#12198 = ORIENTED_EDGE('',*,*,#12138,.T.);
#12199 = ORIENTED_EDGE('',*,*,#11135,.F.);
#12200 = ORIENTED_EDGE('',*,*,#11465,.T.);
#12201 = ORIENTED_EDGE('',*,*,#11802,.F.);
#12202 = ORIENTED_EDGE('',*,*,#12203,.F.);
#12203 = EDGE_CURVE('',#12162,#11793,#12204,.T.);
#12204 = LINE('',#12205,#12206);
#12205 = CARTESIAN_POINT('',(1.8,-0.9,0.));
#12206 = VECTOR('',#12207,1.);
#12207 = DIRECTION('',(-0.,1.,0.));
#12208 = PLANE('',#12209);
#12209 = AXIS2_PLACEMENT_3D('',#12210,#12211,#12212);
#12210 = CARTESIAN_POINT('',(1.8,-0.846086956522,0.238913043478));
#12211 = DIRECTION('',(-1.,-0.,-0.));
#12212 = DIRECTION('',(0.,0.,-1.));
#12213 = ADVANCED_FACE('',(#12214),#12234,.T.);
#12214 = FACE_BOUND('',#12215,.T.);
#12215 = EDGE_LOOP('',(#12216,#12217,#12218,#12226,#12232,#12233));
#12216 = ORIENTED_EDGE('',*,*,#11625,.T.);
#12217 = ORIENTED_EDGE('',*,*,#12112,.T.);
#12218 = ORIENTED_EDGE('',*,*,#12219,.F.);
#12219 = EDGE_CURVE('',#12220,#12105,#12222,.T.);
#12220 = VERTEX_POINT('',#12221);
#12221 = CARTESIAN_POINT('',(1.8,0.9,0.));
#12222 = LINE('',#12223,#12224);
#12223 = CARTESIAN_POINT('',(1.8,0.9,0.));
#12224 = VECTOR('',#12225,1.);
#12225 = DIRECTION('',(0.,0.,1.));
#12226 = ORIENTED_EDGE('',*,*,#12227,.F.);
#12227 = EDGE_CURVE('',#12033,#12220,#12228,.T.);
#12228 = LINE('',#12229,#12230);
#12229 = CARTESIAN_POINT('',(1.8,0.82,0.));
#12230 = VECTOR('',#12231,1.);
#12231 = DIRECTION('',(-0.,1.,0.));
#12232 = ORIENTED_EDGE('',*,*,#12042,.T.);
#12233 = ORIENTED_EDGE('',*,*,#11953,.T.);
#12234 = PLANE('',#12235);
#12235 = AXIS2_PLACEMENT_3D('',#12236,#12237,#12238);
#12236 = CARTESIAN_POINT('',(1.8,0.846086956522,0.238913043478));
#12237 = DIRECTION('',(-1.,-0.,-0.));
#12238 = DIRECTION('',(0.,0.,-1.));
#12239 = ADVANCED_FACE('',(#12240),#12265,.T.);
#12240 = FACE_BOUND('',#12241,.T.);
#12241 = EDGE_LOOP('',(#12242,#12243,#12251,#12257,#12258,#12259));
#12242 = ORIENTED_EDGE('',*,*,#11262,.F.);
#12243 = ORIENTED_EDGE('',*,*,#12244,.F.);
#12244 = EDGE_CURVE('',#12245,#11263,#12247,.T.);
#12245 = VERTEX_POINT('',#12246);
#12246 = CARTESIAN_POINT('',(2.2,0.9,0.));
#12247 = LINE('',#12248,#12249);
#12248 = CARTESIAN_POINT('',(2.2,0.9,0.));
#12249 = VECTOR('',#12250,1.);
#12250 = DIRECTION('',(0.,0.,1.));
#12251 = ORIENTED_EDGE('',*,*,#12252,.F.);
#12252 = EDGE_CURVE('',#12220,#12245,#12253,.T.);
#12253 = LINE('',#12254,#12255);
#12254 = CARTESIAN_POINT('',(1.8,0.9,0.));
#12255 = VECTOR('',#12256,1.);
#12256 = DIRECTION('',(1.,0.,-0.));
#12257 = ORIENTED_EDGE('',*,*,#12219,.T.);
#12258 = ORIENTED_EDGE('',*,*,#12104,.T.);
#12259 = ORIENTED_EDGE('',*,*,#12260,.F.);
#12260 = EDGE_CURVE('',#11255,#12097,#12261,.T.);
#12261 = LINE('',#12262,#12263);
#12262 = CARTESIAN_POINT('',(2.94,0.9,0.45));
#12263 = VECTOR('',#12264,1.);
#12264 = DIRECTION('',(0.,0.,1.));
#12265 = PLANE('',#12266);
#12266 = AXIS2_PLACEMENT_3D('',#12267,#12268,#12269);
#12267 = CARTESIAN_POINT('',(2.270299401198,0.9,0.364700598802));
#12268 = DIRECTION('',(0.,1.,0.));
#12269 = DIRECTION('',(0.,-0.,1.));
#12270 = ADVANCED_FACE('',(#12271),#12300,.T.);
#12271 = FACE_BOUND('',#12272,.T.);
#12272 = EDGE_LOOP('',(#12273,#12274,#12275,#12276,#12284,#12292,#12298,
    #12299));
#12273 = ORIENTED_EDGE('',*,*,#12094,.F.);
#12274 = ORIENTED_EDGE('',*,*,#12184,.F.);
#12275 = ORIENTED_EDGE('',*,*,#11222,.T.);
#12276 = ORIENTED_EDGE('',*,*,#12277,.F.);
#12277 = EDGE_CURVE('',#12278,#11223,#12280,.T.);
#12278 = VERTEX_POINT('',#12279);
#12279 = CARTESIAN_POINT('',(2.94,-0.36,0.));
#12280 = LINE('',#12281,#12282);
#12281 = CARTESIAN_POINT('',(2.94,-0.36,0.));
#12282 = VECTOR('',#12283,1.);
#12283 = DIRECTION('',(0.,0.,1.));
#12284 = ORIENTED_EDGE('',*,*,#12285,.T.);
#12285 = EDGE_CURVE('',#12278,#12286,#12288,.T.);
#12286 = VERTEX_POINT('',#12287);
#12287 = CARTESIAN_POINT('',(2.94,0.36,0.));
#12288 = LINE('',#12289,#12290);
#12289 = CARTESIAN_POINT('',(2.94,-0.36,0.));
#12290 = VECTOR('',#12291,1.);
#12291 = DIRECTION('',(-0.,1.,0.));
#12292 = ORIENTED_EDGE('',*,*,#12293,.T.);
#12293 = EDGE_CURVE('',#12286,#11247,#12294,.T.);
#12294 = LINE('',#12295,#12296);
#12295 = CARTESIAN_POINT('',(2.94,0.36,0.));
#12296 = VECTOR('',#12297,1.);
#12297 = DIRECTION('',(0.,0.,1.));
#12298 = ORIENTED_EDGE('',*,*,#11254,.T.);
#12299 = ORIENTED_EDGE('',*,*,#12260,.T.);
#12300 = PLANE('',#12301);
#12301 = AXIS2_PLACEMENT_3D('',#12302,#12303,#12304);
#12302 = CARTESIAN_POINT('',(2.94,-1.48903302659E-17,0.369291845494));
#12303 = DIRECTION('',(1.,0.,0.));
#12304 = DIRECTION('',(-0.,0.,1.));
#12305 = ADVANCED_FACE('',(#12306),#12319,.T.);
#12306 = FACE_BOUND('',#12307,.T.);
#12307 = EDGE_LOOP('',(#12308,#12309,#12315,#12316,#12317,#12318));
#12308 = ORIENTED_EDGE('',*,*,#12177,.F.);
#12309 = ORIENTED_EDGE('',*,*,#12310,.T.);
#12310 = EDGE_CURVE('',#12170,#11795,#12311,.T.);
#12311 = LINE('',#12312,#12313);
#12312 = CARTESIAN_POINT('',(2.2,-0.9,0.));
#12313 = VECTOR('',#12314,1.);
#12314 = DIRECTION('',(-0.,1.,0.));
#12315 = ORIENTED_EDGE('',*,*,#11809,.T.);
#12316 = ORIENTED_EDGE('',*,*,#11474,.F.);
#12317 = ORIENTED_EDGE('',*,*,#11117,.T.);
#12318 = ORIENTED_EDGE('',*,*,#11206,.F.);
#12319 = PLANE('',#12320);
#12320 = AXIS2_PLACEMENT_3D('',#12321,#12322,#12323);
#12321 = CARTESIAN_POINT('',(2.2,-0.844262295082,0.200737704918));
#12322 = DIRECTION('',(1.,0.,0.));
#12323 = DIRECTION('',(-0.,0.,1.));
#12324 = ADVANCED_FACE('',(#12325),#12338,.T.);
#12325 = FACE_BOUND('',#12326,.T.);
#12326 = EDGE_LOOP('',(#12327,#12328,#12329,#12330,#12336,#12337));
#12327 = ORIENTED_EDGE('',*,*,#11609,.F.);
#12328 = ORIENTED_EDGE('',*,*,#11969,.F.);
#12329 = ORIENTED_EDGE('',*,*,#12049,.F.);
#12330 = ORIENTED_EDGE('',*,*,#12331,.T.);
#12331 = EDGE_CURVE('',#12035,#12245,#12332,.T.);
#12332 = LINE('',#12333,#12334);
#12333 = CARTESIAN_POINT('',(2.2,0.74,0.));
#12334 = VECTOR('',#12335,1.);
#12335 = DIRECTION('',(-0.,1.,0.));
#12336 = ORIENTED_EDGE('',*,*,#12244,.T.);
#12337 = ORIENTED_EDGE('',*,*,#11270,.F.);
#12338 = PLANE('',#12339);
#12339 = AXIS2_PLACEMENT_3D('',#12340,#12341,#12342);
#12340 = CARTESIAN_POINT('',(2.2,0.844262295082,0.200737704918));
#12341 = DIRECTION('',(1.,0.,0.));
#12342 = DIRECTION('',(-0.,0.,1.));
#12343 = ADVANCED_FACE('',(#12344),#12352,.T.);
#12344 = FACE_BOUND('',#12345,.T.);
#12345 = EDGE_LOOP('',(#12346,#12347,#12348,#12349,#12350,#12351));
#12346 = ORIENTED_EDGE('',*,*,#11389,.T.);
#12347 = ORIENTED_EDGE('',*,*,#12125,.T.);
#12348 = ORIENTED_EDGE('',*,*,#11420,.F.);
#12349 = ORIENTED_EDGE('',*,*,#11746,.F.);
#12350 = ORIENTED_EDGE('',*,*,#11984,.F.);
#12351 = ORIENTED_EDGE('',*,*,#11698,.T.);
#12352 = PLANE('',#12353);
#12353 = AXIS2_PLACEMENT_3D('',#12354,#12355,#12356);
#12354 = CARTESIAN_POINT('',(2.435,0.,0.3));
#12355 = DIRECTION('',(-1.,-0.,-0.));
#12356 = DIRECTION('',(0.,0.,-1.));
#12357 = ADVANCED_FACE('',(#12358),#12371,.T.);
#12358 = FACE_BOUND('',#12359,.T.);
#12359 = EDGE_LOOP('',(#12360,#12361,#12367,#12368,#12369,#12370));
#12360 = ORIENTED_EDGE('',*,*,#12293,.F.);
#12361 = ORIENTED_EDGE('',*,*,#12362,.F.);
#12362 = EDGE_CURVE('',#12072,#12286,#12363,.T.);
#12363 = LINE('',#12364,#12365);
#12364 = CARTESIAN_POINT('',(2.86,0.36,0.));
#12365 = VECTOR('',#12366,1.);
#12366 = DIRECTION('',(1.,0.,-0.));
#12367 = ORIENTED_EDGE('',*,*,#12079,.T.);
#12368 = ORIENTED_EDGE('',*,*,#12001,.T.);
#12369 = ORIENTED_EDGE('',*,*,#11777,.T.);
#12370 = ORIENTED_EDGE('',*,*,#11246,.F.);
#12371 = PLANE('',#12372);
#12372 = AXIS2_PLACEMENT_3D('',#12373,#12374,#12375);
#12373 = CARTESIAN_POINT('',(2.888813559322,0.36,0.206186440678));
#12374 = DIRECTION('',(0.,1.,0.));
#12375 = DIRECTION('',(0.,-0.,1.));
#12376 = ADVANCED_FACE('',(#12377),#12390,.T.);
#12377 = FACE_BOUND('',#12378,.T.);
#12378 = EDGE_LOOP('',(#12379,#12380,#12381,#12382,#12383,#12384));
#12379 = ORIENTED_EDGE('',*,*,#12277,.T.);
#12380 = ORIENTED_EDGE('',*,*,#11230,.T.);
#12381 = ORIENTED_EDGE('',*,*,#11761,.F.);
#12382 = ORIENTED_EDGE('',*,*,#12017,.F.);
#12383 = ORIENTED_EDGE('',*,*,#12063,.F.);
#12384 = ORIENTED_EDGE('',*,*,#12385,.T.);
#12385 = EDGE_CURVE('',#12064,#12278,#12386,.T.);
#12386 = LINE('',#12387,#12388);
#12387 = CARTESIAN_POINT('',(2.8,-0.36,0.));
#12388 = VECTOR('',#12389,1.);
#12389 = DIRECTION('',(1.,0.,-0.));
#12390 = PLANE('',#12391);
#12391 = AXIS2_PLACEMENT_3D('',#12392,#12393,#12394);
#12392 = CARTESIAN_POINT('',(2.888813559322,-0.36,0.206186440678));
#12393 = DIRECTION('',(-0.,-1.,-0.));
#12394 = DIRECTION('',(0.,0.,-1.));
#12395 = ADVANCED_FACE('',(#12396),#12402,.T.);
#12396 = FACE_BOUND('',#12397,.T.);
#12397 = EDGE_LOOP('',(#12398,#12399,#12400,#12401));
#12398 = ORIENTED_EDGE('',*,*,#12203,.T.);
#12399 = ORIENTED_EDGE('',*,*,#11792,.T.);
#12400 = ORIENTED_EDGE('',*,*,#12310,.F.);
#12401 = ORIENTED_EDGE('',*,*,#12169,.F.);
#12402 = PLANE('',#12403);
#12403 = AXIS2_PLACEMENT_3D('',#12404,#12405,#12406);
#12404 = CARTESIAN_POINT('',(2.,-0.82,0.));
#12405 = DIRECTION('',(-0.,-0.,-1.));
#12406 = DIRECTION('',(-1.,0.,0.));
#12407 = ADVANCED_FACE('',(#12408),#12414,.T.);
#12408 = FACE_BOUND('',#12409,.T.);
#12409 = EDGE_LOOP('',(#12410,#12411,#12412,#12413));
#12410 = ORIENTED_EDGE('',*,*,#12227,.T.);
#12411 = ORIENTED_EDGE('',*,*,#12252,.T.);
#12412 = ORIENTED_EDGE('',*,*,#12331,.F.);
#12413 = ORIENTED_EDGE('',*,*,#12032,.F.);
#12414 = PLANE('',#12415);
#12415 = AXIS2_PLACEMENT_3D('',#12416,#12417,#12418);
#12416 = CARTESIAN_POINT('',(2.,0.82,0.));
#12417 = DIRECTION('',(-0.,-0.,-1.));
#12418 = DIRECTION('',(-1.,0.,0.));
#12419 = ADVANCED_FACE('',(#12420),#12426,.T.);
#12420 = FACE_BOUND('',#12421,.T.);
#12421 = EDGE_LOOP('',(#12422,#12423,#12424,#12425));
#12422 = ORIENTED_EDGE('',*,*,#12362,.T.);
#12423 = ORIENTED_EDGE('',*,*,#12285,.F.);
#12424 = ORIENTED_EDGE('',*,*,#12385,.F.);
#12425 = ORIENTED_EDGE('',*,*,#12071,.T.);
#12426 = PLANE('',#12427);
#12427 = AXIS2_PLACEMENT_3D('',#12428,#12429,#12430);
#12428 = CARTESIAN_POINT('',(2.87,6.05136096271E-18,0.));
#12429 = DIRECTION('',(-0.,-0.,-1.));
#12430 = DIRECTION('',(-1.,0.,0.));
#12431 = ( GEOMETRIC_REPRESENTATION_CONTEXT(3) 
GLOBAL_UNCERTAINTY_ASSIGNED_CONTEXT((#12435)) 
GLOBAL_UNIT_ASSIGNED_CONTEXT((#12432,#12433,#12434)) 
REPRESENTATION_CONTEXT('Context #1',
  '3D Context with UNIT and UNCERTAINTY') );
#12432 = ( LENGTH_UNIT() NAMED_UNIT(*) SI_UNIT(.MILLI.,.METRE.) );
#12433 = ( NAMED_UNIT(*) PLANE_ANGLE_UNIT() SI_UNIT($,.RADIAN.) );
#12434 = ( NAMED_UNIT(*) SI_UNIT($,.STERADIAN.) SOLID_ANGLE_UNIT() );
#12435 = UNCERTAINTY_MEASURE_WITH_UNIT(LENGTH_MEASURE(1.E-07),#12432,
  'distance_accuracy_value','confusion accuracy');
#12436 = CONTEXT_DEPENDENT_SHAPE_REPRESENTATION(#12437,#12439);
#12437 = ( REPRESENTATION_RELATIONSHIP('','',#11110,#10) 
REPRESENTATION_RELATIONSHIP_WITH_TRANSFORMATION(#12438) 
SHAPE_REPRESENTATION_RELATIONSHIP() );
#12438 = ITEM_DEFINED_TRANSFORMATION('','',#11,#23);
#12439 = PRODUCT_DEFINITION_SHAPE('Placement','Placement of an item',
  #12440);
#12440 = NEXT_ASSEMBLY_USAGE_OCCURRENCE('3','tab_20','',#5,#11105,$);
#12441 = PRODUCT_RELATED_PRODUCT_CATEGORY('part',$,(#11107));
#12442 = SHAPE_DEFINITION_REPRESENTATION(#12443,#12449);
#12443 = PRODUCT_DEFINITION_SHAPE('','',#12444);
#12444 = PRODUCT_DEFINITION('design','',#12445,#12448);
#12445 = PRODUCT_DEFINITION_FORMATION('','',#12446);
#12446 = PRODUCT('contact_01','contact_01','',(#12447));
#12447 = PRODUCT_CONTEXT('',#2,'mechanical');
#12448 = PRODUCT_DEFINITION_CONTEXT('part definition',#2,'design');
#12449 = ADVANCED_BREP_SHAPE_REPRESENTATION('',(#11,#12450),#12798);
#12450 = MANIFOLD_SOLID_BREP('',#12451);
#12451 = CLOSED_SHELL('',(#12452,#12492,#12523,#12554,#12585,#12616,
    #12647,#12678,#12709,#12739,#12769,#12786));
#12452 = ADVANCED_FACE('',(#12453),#12487,.T.);
#12453 = FACE_BOUND('',#12454,.T.);
#12454 = EDGE_LOOP('',(#12455,#12465,#12473,#12481));
#12455 = ORIENTED_EDGE('',*,*,#12456,.F.);
#12456 = EDGE_CURVE('',#12457,#12459,#12461,.T.);
#12457 = VERTEX_POINT('',#12458);
#12458 = CARTESIAN_POINT('',(-1.335,-0.72,0.));
#12459 = VERTEX_POINT('',#12460);
#12460 = CARTESIAN_POINT('',(-1.335,-0.72,3.E-02));
#12461 = LINE('',#12462,#12463);
#12462 = CARTESIAN_POINT('',(-1.335,-0.72,0.));
#12463 = VECTOR('',#12464,1.);
#12464 = DIRECTION('',(0.,0.,1.));
#12465 = ORIENTED_EDGE('',*,*,#12466,.F.);
#12466 = EDGE_CURVE('',#12467,#12457,#12469,.T.);
#12467 = VERTEX_POINT('',#12468);
#12468 = CARTESIAN_POINT('',(-1.465,-0.72,0.));
#12469 = LINE('',#12470,#12471);
#12470 = CARTESIAN_POINT('',(-1.465,-0.72,0.));
#12471 = VECTOR('',#12472,1.);
#12472 = DIRECTION('',(1.,0.,-0.));
#12473 = ORIENTED_EDGE('',*,*,#12474,.T.);
#12474 = EDGE_CURVE('',#12467,#12475,#12477,.T.);
#12475 = VERTEX_POINT('',#12476);
#12476 = CARTESIAN_POINT('',(-1.465,-0.72,3.E-02));
#12477 = LINE('',#12478,#12479);
#12478 = CARTESIAN_POINT('',(-1.465,-0.72,0.));
#12479 = VECTOR('',#12480,1.);
#12480 = DIRECTION('',(0.,0.,1.));
#12481 = ORIENTED_EDGE('',*,*,#12482,.T.);
#12482 = EDGE_CURVE('',#12475,#12459,#12483,.T.);
#12483 = LINE('',#12484,#12485);
#12484 = CARTESIAN_POINT('',(-1.465,-0.72,3.E-02));
#12485 = VECTOR('',#12486,1.);
#12486 = DIRECTION('',(1.,0.,-0.));
#12487 = PLANE('',#12488);
#12488 = AXIS2_PLACEMENT_3D('',#12489,#12490,#12491);
#12489 = CARTESIAN_POINT('',(-1.465,-0.72,0.));
#12490 = DIRECTION('',(-0.,1.,0.));
#12491 = DIRECTION('',(0.,0.,1.));
#12492 = ADVANCED_FACE('',(#12493),#12518,.F.);
#12493 = FACE_BOUND('',#12494,.F.);
#12494 = EDGE_LOOP('',(#12495,#12503,#12511,#12517));
#12495 = ORIENTED_EDGE('',*,*,#12496,.F.);
#12496 = EDGE_CURVE('',#12497,#12467,#12499,.T.);
#12497 = VERTEX_POINT('',#12498);
#12498 = CARTESIAN_POINT('',(-1.465,-0.9,0.));
#12499 = LINE('',#12500,#12501);
#12500 = CARTESIAN_POINT('',(-1.465,-0.9,0.));
#12501 = VECTOR('',#12502,1.);
#12502 = DIRECTION('',(-0.,1.,0.));
#12503 = ORIENTED_EDGE('',*,*,#12504,.T.);
#12504 = EDGE_CURVE('',#12497,#12505,#12507,.T.);
#12505 = VERTEX_POINT('',#12506);
#12506 = CARTESIAN_POINT('',(-1.335,-0.9,0.));
#12507 = LINE('',#12508,#12509);
#12508 = CARTESIAN_POINT('',(-1.465,-0.9,0.));
#12509 = VECTOR('',#12510,1.);
#12510 = DIRECTION('',(1.,0.,-0.));
#12511 = ORIENTED_EDGE('',*,*,#12512,.T.);
#12512 = EDGE_CURVE('',#12505,#12457,#12513,.T.);
#12513 = LINE('',#12514,#12515);
#12514 = CARTESIAN_POINT('',(-1.335,-0.9,0.));
#12515 = VECTOR('',#12516,1.);
#12516 = DIRECTION('',(-0.,1.,0.));
#12517 = ORIENTED_EDGE('',*,*,#12466,.F.);
#12518 = PLANE('',#12519);
#12519 = AXIS2_PLACEMENT_3D('',#12520,#12521,#12522);
#12520 = CARTESIAN_POINT('',(-1.465,-0.9,0.));
#12521 = DIRECTION('',(0.,0.,1.));
#12522 = DIRECTION('',(1.,0.,-0.));
#12523 = ADVANCED_FACE('',(#12524),#12549,.F.);
#12524 = FACE_BOUND('',#12525,.F.);
#12525 = EDGE_LOOP('',(#12526,#12527,#12535,#12543));
#12526 = ORIENTED_EDGE('',*,*,#12504,.F.);
#12527 = ORIENTED_EDGE('',*,*,#12528,.T.);
#12528 = EDGE_CURVE('',#12497,#12529,#12531,.T.);
#12529 = VERTEX_POINT('',#12530);
#12530 = CARTESIAN_POINT('',(-1.465,-0.9,7.E-02));
#12531 = LINE('',#12532,#12533);
#12532 = CARTESIAN_POINT('',(-1.465,-0.9,0.));
#12533 = VECTOR('',#12534,1.);
#12534 = DIRECTION('',(0.,0.,1.));
#12535 = ORIENTED_EDGE('',*,*,#12536,.T.);
#12536 = EDGE_CURVE('',#12529,#12537,#12539,.T.);
#12537 = VERTEX_POINT('',#12538);
#12538 = CARTESIAN_POINT('',(-1.335,-0.9,7.E-02));
#12539 = LINE('',#12540,#12541);
#12540 = CARTESIAN_POINT('',(-1.465,-0.9,7.E-02));
#12541 = VECTOR('',#12542,1.);
#12542 = DIRECTION('',(1.,0.,-0.));
#12543 = ORIENTED_EDGE('',*,*,#12544,.F.);
#12544 = EDGE_CURVE('',#12505,#12537,#12545,.T.);
#12545 = LINE('',#12546,#12547);
#12546 = CARTESIAN_POINT('',(-1.335,-0.9,0.));
#12547 = VECTOR('',#12548,1.);
#12548 = DIRECTION('',(0.,0.,1.));
#12549 = PLANE('',#12550);
#12550 = AXIS2_PLACEMENT_3D('',#12551,#12552,#12553);
#12551 = CARTESIAN_POINT('',(-1.465,-0.9,0.));
#12552 = DIRECTION('',(-0.,1.,0.));
#12553 = DIRECTION('',(0.,0.,1.));
#12554 = ADVANCED_FACE('',(#12555),#12580,.T.);
#12555 = FACE_BOUND('',#12556,.T.);
#12556 = EDGE_LOOP('',(#12557,#12565,#12566,#12574));
#12557 = ORIENTED_EDGE('',*,*,#12558,.F.);
#12558 = EDGE_CURVE('',#12529,#12559,#12561,.T.);
#12559 = VERTEX_POINT('',#12560);
#12560 = CARTESIAN_POINT('',(-1.465,-0.74,7.E-02));
#12561 = LINE('',#12562,#12563);
#12562 = CARTESIAN_POINT('',(-1.465,-0.9,7.E-02));
#12563 = VECTOR('',#12564,1.);
#12564 = DIRECTION('',(-0.,1.,0.));
#12565 = ORIENTED_EDGE('',*,*,#12536,.T.);
#12566 = ORIENTED_EDGE('',*,*,#12567,.T.);
#12567 = EDGE_CURVE('',#12537,#12568,#12570,.T.);
#12568 = VERTEX_POINT('',#12569);
#12569 = CARTESIAN_POINT('',(-1.335,-0.74,7.E-02));
#12570 = LINE('',#12571,#12572);
#12571 = CARTESIAN_POINT('',(-1.335,-0.9,7.E-02));
#12572 = VECTOR('',#12573,1.);
#12573 = DIRECTION('',(-0.,1.,0.));
#12574 = ORIENTED_EDGE('',*,*,#12575,.T.);
#12575 = EDGE_CURVE('',#12568,#12559,#12576,.T.);
#12576 = LINE('',#12577,#12578);
#12577 = CARTESIAN_POINT('',(-1.465,-0.74,7.E-02));
#12578 = VECTOR('',#12579,1.);
#12579 = DIRECTION('',(-1.,-0.,0.));
#12580 = PLANE('',#12581);
#12581 = AXIS2_PLACEMENT_3D('',#12582,#12583,#12584);
#12582 = CARTESIAN_POINT('',(-1.465,-0.9,7.E-02));
#12583 = DIRECTION('',(0.,0.,1.));
#12584 = DIRECTION('',(1.,0.,-0.));
#12585 = ADVANCED_FACE('',(#12586),#12611,.F.);
#12586 = FACE_BOUND('',#12587,.F.);
#12587 = EDGE_LOOP('',(#12588,#12589,#12597,#12605));
#12588 = ORIENTED_EDGE('',*,*,#12575,.T.);
#12589 = ORIENTED_EDGE('',*,*,#12590,.T.);
#12590 = EDGE_CURVE('',#12559,#12591,#12593,.T.);
#12591 = VERTEX_POINT('',#12592);
#12592 = CARTESIAN_POINT('',(-1.465,-0.74,0.1));
#12593 = LINE('',#12594,#12595);
#12594 = CARTESIAN_POINT('',(-1.465,-0.74,3.E-02));
#12595 = VECTOR('',#12596,1.);
#12596 = DIRECTION('',(0.,0.,1.));
#12597 = ORIENTED_EDGE('',*,*,#12598,.T.);
#12598 = EDGE_CURVE('',#12591,#12599,#12601,.T.);
#12599 = VERTEX_POINT('',#12600);
#12600 = CARTESIAN_POINT('',(-1.335,-0.74,0.1));
#12601 = LINE('',#12602,#12603);
#12602 = CARTESIAN_POINT('',(-1.465,-0.74,0.1));
#12603 = VECTOR('',#12604,1.);
#12604 = DIRECTION('',(1.,0.,-0.));
#12605 = ORIENTED_EDGE('',*,*,#12606,.F.);
#12606 = EDGE_CURVE('',#12568,#12599,#12607,.T.);
#12607 = LINE('',#12608,#12609);
#12608 = CARTESIAN_POINT('',(-1.335,-0.74,3.E-02));
#12609 = VECTOR('',#12610,1.);
#12610 = DIRECTION('',(0.,0.,1.));
#12611 = PLANE('',#12612);
#12612 = AXIS2_PLACEMENT_3D('',#12613,#12614,#12615);
#12613 = CARTESIAN_POINT('',(-1.465,-0.74,3.E-02));
#12614 = DIRECTION('',(-0.,1.,0.));
#12615 = DIRECTION('',(0.,0.,1.));
#12616 = ADVANCED_FACE('',(#12617),#12642,.T.);
#12617 = FACE_BOUND('',#12618,.T.);
#12618 = EDGE_LOOP('',(#12619,#12627,#12628,#12636));
#12619 = ORIENTED_EDGE('',*,*,#12620,.F.);
#12620 = EDGE_CURVE('',#12591,#12621,#12623,.T.);
#12621 = VERTEX_POINT('',#12622);
#12622 = CARTESIAN_POINT('',(-1.465,-0.575,0.1));
#12623 = LINE('',#12624,#12625);
#12624 = CARTESIAN_POINT('',(-1.465,-0.74,0.1));
#12625 = VECTOR('',#12626,1.);
#12626 = DIRECTION('',(-0.,1.,0.));
#12627 = ORIENTED_EDGE('',*,*,#12598,.T.);
#12628 = ORIENTED_EDGE('',*,*,#12629,.T.);
#12629 = EDGE_CURVE('',#12599,#12630,#12632,.T.);
#12630 = VERTEX_POINT('',#12631);
#12631 = CARTESIAN_POINT('',(-1.335,-0.575,0.1));
#12632 = LINE('',#12633,#12634);
#12633 = CARTESIAN_POINT('',(-1.335,-0.74,0.1));
#12634 = VECTOR('',#12635,1.);
#12635 = DIRECTION('',(-0.,1.,0.));
#12636 = ORIENTED_EDGE('',*,*,#12637,.T.);
#12637 = EDGE_CURVE('',#12630,#12621,#12638,.T.);
#12638 = LINE('',#12639,#12640);
#12639 = CARTESIAN_POINT('',(-1.465,-0.575,0.1));
#12640 = VECTOR('',#12641,1.);
#12641 = DIRECTION('',(-1.,-0.,0.));
#12642 = PLANE('',#12643);
#12643 = AXIS2_PLACEMENT_3D('',#12644,#12645,#12646);
#12644 = CARTESIAN_POINT('',(-1.465,-0.74,0.1));
#12645 = DIRECTION('',(0.,0.,1.));
#12646 = DIRECTION('',(1.,0.,-0.));
#12647 = ADVANCED_FACE('',(#12648),#12673,.F.);
#12648 = FACE_BOUND('',#12649,.F.);
#12649 = EDGE_LOOP('',(#12650,#12651,#12659,#12667));
#12650 = ORIENTED_EDGE('',*,*,#12637,.T.);
#12651 = ORIENTED_EDGE('',*,*,#12652,.T.);
#12652 = EDGE_CURVE('',#12621,#12653,#12655,.T.);
#12653 = VERTEX_POINT('',#12654);
#12654 = CARTESIAN_POINT('',(-1.465,-0.575,0.45));
#12655 = LINE('',#12656,#12657);
#12656 = CARTESIAN_POINT('',(-1.465,-0.575,3.E-02));
#12657 = VECTOR('',#12658,1.);
#12658 = DIRECTION('',(0.,0.,1.));
#12659 = ORIENTED_EDGE('',*,*,#12660,.T.);
#12660 = EDGE_CURVE('',#12653,#12661,#12663,.T.);
#12661 = VERTEX_POINT('',#12662);
#12662 = CARTESIAN_POINT('',(-1.335,-0.575,0.45));
#12663 = LINE('',#12664,#12665);
#12664 = CARTESIAN_POINT('',(-1.465,-0.575,0.45));
#12665 = VECTOR('',#12666,1.);
#12666 = DIRECTION('',(1.,0.,-0.));
#12667 = ORIENTED_EDGE('',*,*,#12668,.F.);
#12668 = EDGE_CURVE('',#12630,#12661,#12669,.T.);
#12669 = LINE('',#12670,#12671);
#12670 = CARTESIAN_POINT('',(-1.335,-0.575,3.E-02));
#12671 = VECTOR('',#12672,1.);
#12672 = DIRECTION('',(0.,0.,1.));
#12673 = PLANE('',#12674);
#12674 = AXIS2_PLACEMENT_3D('',#12675,#12676,#12677);
#12675 = CARTESIAN_POINT('',(-1.465,-0.575,3.E-02));
#12676 = DIRECTION('',(-0.,1.,0.));
#12677 = DIRECTION('',(0.,0.,1.));
#12678 = ADVANCED_FACE('',(#12679),#12704,.T.);
#12679 = FACE_BOUND('',#12680,.T.);
#12680 = EDGE_LOOP('',(#12681,#12689,#12690,#12698));
#12681 = ORIENTED_EDGE('',*,*,#12682,.F.);
#12682 = EDGE_CURVE('',#12653,#12683,#12685,.T.);
#12683 = VERTEX_POINT('',#12684);
#12684 = CARTESIAN_POINT('',(-1.465,-0.505,0.45));
#12685 = LINE('',#12686,#12687);
#12686 = CARTESIAN_POINT('',(-1.465,-0.575,0.45));
#12687 = VECTOR('',#12688,1.);
#12688 = DIRECTION('',(-0.,1.,0.));
#12689 = ORIENTED_EDGE('',*,*,#12660,.T.);
#12690 = ORIENTED_EDGE('',*,*,#12691,.T.);
#12691 = EDGE_CURVE('',#12661,#12692,#12694,.T.);
#12692 = VERTEX_POINT('',#12693);
#12693 = CARTESIAN_POINT('',(-1.335,-0.505,0.45));
#12694 = LINE('',#12695,#12696);
#12695 = CARTESIAN_POINT('',(-1.335,-0.575,0.45));
#12696 = VECTOR('',#12697,1.);
#12697 = DIRECTION('',(-0.,1.,0.));
#12698 = ORIENTED_EDGE('',*,*,#12699,.F.);
#12699 = EDGE_CURVE('',#12683,#12692,#12700,.T.);
#12700 = LINE('',#12701,#12702);
#12701 = CARTESIAN_POINT('',(-1.465,-0.505,0.45));
#12702 = VECTOR('',#12703,1.);
#12703 = DIRECTION('',(1.,0.,-0.));
#12704 = PLANE('',#12705);
#12705 = AXIS2_PLACEMENT_3D('',#12706,#12707,#12708);
#12706 = CARTESIAN_POINT('',(-1.465,-0.575,0.45));
#12707 = DIRECTION('',(0.,0.,1.));
#12708 = DIRECTION('',(1.,0.,-0.));
#12709 = ADVANCED_FACE('',(#12710),#12734,.T.);
#12710 = FACE_BOUND('',#12711,.T.);
#12711 = EDGE_LOOP('',(#12712,#12713,#12714,#12715,#12716,#12717,#12725,
    #12731,#12732,#12733));
#12712 = ORIENTED_EDGE('',*,*,#12558,.T.);
#12713 = ORIENTED_EDGE('',*,*,#12590,.T.);
#12714 = ORIENTED_EDGE('',*,*,#12620,.T.);
#12715 = ORIENTED_EDGE('',*,*,#12652,.T.);
#12716 = ORIENTED_EDGE('',*,*,#12682,.T.);
#12717 = ORIENTED_EDGE('',*,*,#12718,.F.);
#12718 = EDGE_CURVE('',#12719,#12683,#12721,.T.);
#12719 = VERTEX_POINT('',#12720);
#12720 = CARTESIAN_POINT('',(-1.465,-0.505,3.E-02));
#12721 = LINE('',#12722,#12723);
#12722 = CARTESIAN_POINT('',(-1.465,-0.505,3.E-02));
#12723 = VECTOR('',#12724,1.);
#12724 = DIRECTION('',(0.,0.,1.));
#12725 = ORIENTED_EDGE('',*,*,#12726,.F.);
#12726 = EDGE_CURVE('',#12475,#12719,#12727,.T.);
#12727 = LINE('',#12728,#12729);
#12728 = CARTESIAN_POINT('',(-1.465,-0.74,3.E-02));
#12729 = VECTOR('',#12730,1.);
#12730 = DIRECTION('',(-0.,1.,0.));
#12731 = ORIENTED_EDGE('',*,*,#12474,.F.);
#12732 = ORIENTED_EDGE('',*,*,#12496,.F.);
#12733 = ORIENTED_EDGE('',*,*,#12528,.T.);
#12734 = PLANE('',#12735);
#12735 = AXIS2_PLACEMENT_3D('',#12736,#12737,#12738);
#12736 = CARTESIAN_POINT('',(-1.465,-0.636168639053,0.158668639053));
#12737 = DIRECTION('',(-1.,-0.,-0.));
#12738 = DIRECTION('',(0.,0.,-1.));
#12739 = ADVANCED_FACE('',(#12740),#12764,.T.);
#12740 = FACE_BOUND('',#12741,.T.);
#12741 = EDGE_LOOP('',(#12742,#12743,#12744,#12745,#12746,#12754,#12760,
    #12761,#12762,#12763));
#12742 = ORIENTED_EDGE('',*,*,#12567,.F.);
#12743 = ORIENTED_EDGE('',*,*,#12544,.F.);
#12744 = ORIENTED_EDGE('',*,*,#12512,.T.);
#12745 = ORIENTED_EDGE('',*,*,#12456,.T.);
#12746 = ORIENTED_EDGE('',*,*,#12747,.T.);
#12747 = EDGE_CURVE('',#12459,#12748,#12750,.T.);
#12748 = VERTEX_POINT('',#12749);
#12749 = CARTESIAN_POINT('',(-1.335,-0.505,3.E-02));
#12750 = LINE('',#12751,#12752);
#12751 = CARTESIAN_POINT('',(-1.335,-0.74,3.E-02));
#12752 = VECTOR('',#12753,1.);
#12753 = DIRECTION('',(-0.,1.,0.));
#12754 = ORIENTED_EDGE('',*,*,#12755,.T.);
#12755 = EDGE_CURVE('',#12748,#12692,#12756,.T.);
#12756 = LINE('',#12757,#12758);
#12757 = CARTESIAN_POINT('',(-1.335,-0.505,3.E-02));
#12758 = VECTOR('',#12759,1.);
#12759 = DIRECTION('',(0.,0.,1.));
#12760 = ORIENTED_EDGE('',*,*,#12691,.F.);
#12761 = ORIENTED_EDGE('',*,*,#12668,.F.);
#12762 = ORIENTED_EDGE('',*,*,#12629,.F.);
#12763 = ORIENTED_EDGE('',*,*,#12606,.F.);
#12764 = PLANE('',#12765);
#12765 = AXIS2_PLACEMENT_3D('',#12766,#12767,#12768);
#12766 = CARTESIAN_POINT('',(-1.335,-0.636168639053,0.158668639053));
#12767 = DIRECTION('',(1.,0.,0.));
#12768 = DIRECTION('',(-0.,0.,1.));
#12769 = ADVANCED_FACE('',(#12770),#12781,.F.);
#12770 = FACE_BOUND('',#12771,.T.);
#12771 = EDGE_LOOP('',(#12772,#12773,#12779,#12780));
#12772 = ORIENTED_EDGE('',*,*,#12726,.T.);
#12773 = ORIENTED_EDGE('',*,*,#12774,.T.);
#12774 = EDGE_CURVE('',#12719,#12748,#12775,.T.);
#12775 = LINE('',#12776,#12777);
#12776 = CARTESIAN_POINT('',(-1.465,-0.505,3.E-02));
#12777 = VECTOR('',#12778,1.);
#12778 = DIRECTION('',(1.,0.,-0.));
#12779 = ORIENTED_EDGE('',*,*,#12747,.F.);
#12780 = ORIENTED_EDGE('',*,*,#12482,.F.);
#12781 = PLANE('',#12782);
#12782 = AXIS2_PLACEMENT_3D('',#12783,#12784,#12785);
#12783 = CARTESIAN_POINT('',(-1.465,-0.74,3.E-02));
#12784 = DIRECTION('',(0.,0.,1.));
#12785 = DIRECTION('',(1.,0.,-0.));
#12786 = ADVANCED_FACE('',(#12787),#12793,.T.);
#12787 = FACE_BOUND('',#12788,.T.);
#12788 = EDGE_LOOP('',(#12789,#12790,#12791,#12792));
#12789 = ORIENTED_EDGE('',*,*,#12774,.F.);
#12790 = ORIENTED_EDGE('',*,*,#12718,.T.);
#12791 = ORIENTED_EDGE('',*,*,#12699,.T.);
#12792 = ORIENTED_EDGE('',*,*,#12755,.F.);
#12793 = PLANE('',#12794);
#12794 = AXIS2_PLACEMENT_3D('',#12795,#12796,#12797);
#12795 = CARTESIAN_POINT('',(-1.4,-0.505,0.24));
#12796 = DIRECTION('',(0.,1.,0.));
#12797 = DIRECTION('',(0.,-0.,1.));
#12798 = ( GEOMETRIC_REPRESENTATION_CONTEXT(3) 
GLOBAL_UNCERTAINTY_ASSIGNED_CONTEXT((#12802)) 
GLOBAL_UNIT_ASSIGNED_CONTEXT((#12799,#12800,#12801)) 
REPRESENTATION_CONTEXT('Context #1',
  '3D Context with UNIT and UNCERTAINTY') );
#12799 = ( LENGTH_UNIT() NAMED_UNIT(*) SI_UNIT(.MILLI.,.METRE.) );
#12800 = ( NAMED_UNIT(*) PLANE_ANGLE_UNIT() SI_UNIT($,.RADIAN.) );
#12801 = ( NAMED_UNIT(*) SI_UNIT($,.STERADIAN.) SOLID_ANGLE_UNIT() );
#12802 = UNCERTAINTY_MEASURE_WITH_UNIT(LENGTH_MEASURE(1.E-07),#12799,
  'distance_accuracy_value','confusion accuracy');
#12803 = CONTEXT_DEPENDENT_SHAPE_REPRESENTATION(#12804,#12806);
#12804 = ( REPRESENTATION_RELATIONSHIP('','',#12449,#10) 
REPRESENTATION_RELATIONSHIP_WITH_TRANSFORMATION(#12805) 
SHAPE_REPRESENTATION_RELATIONSHIP() );
#12805 = ITEM_DEFINED_TRANSFORMATION('','',#11,#27);
#12806 = PRODUCT_DEFINITION_SHAPE('Placement','Placement of an item',
  #12807);
#12807 = NEXT_ASSEMBLY_USAGE_OCCURRENCE('4','contact_01','',#5,#12444,$
  );
#12808 = PRODUCT_RELATED_PRODUCT_CATEGORY('part',$,(#12446));
#12809 = SHAPE_DEFINITION_REPRESENTATION(#12810,#12816);
#12810 = PRODUCT_DEFINITION_SHAPE('','',#12811);
#12811 = PRODUCT_DEFINITION('design','',#12812,#12815);
#12812 = PRODUCT_DEFINITION_FORMATION('','',#12813);
#12813 = PRODUCT('contact_02','contact_02','',(#12814));
#12814 = PRODUCT_CONTEXT('',#2,'mechanical');
#12815 = PRODUCT_DEFINITION_CONTEXT('part definition',#2,'design');
#12816 = ADVANCED_BREP_SHAPE_REPRESENTATION('',(#11,#12817),#13165);
#12817 = MANIFOLD_SOLID_BREP('',#12818);
#12818 = CLOSED_SHELL('',(#12819,#12859,#12890,#12921,#12952,#12983,
    #13014,#13045,#13076,#13106,#13136,#13153));
#12819 = ADVANCED_FACE('',(#12820),#12854,.T.);
#12820 = FACE_BOUND('',#12821,.T.);
#12821 = EDGE_LOOP('',(#12822,#12832,#12840,#12848));
#12822 = ORIENTED_EDGE('',*,*,#12823,.F.);
#12823 = EDGE_CURVE('',#12824,#12826,#12828,.T.);
#12824 = VERTEX_POINT('',#12825);
#12825 = CARTESIAN_POINT('',(-1.465,0.74,7.E-02));
#12826 = VERTEX_POINT('',#12827);
#12827 = CARTESIAN_POINT('',(-1.465,0.9,7.E-02));
#12828 = LINE('',#12829,#12830);
#12829 = CARTESIAN_POINT('',(-1.465,0.72,7.E-02));
#12830 = VECTOR('',#12831,1.);
#12831 = DIRECTION('',(-0.,1.,0.));
#12832 = ORIENTED_EDGE('',*,*,#12833,.F.);
#12833 = EDGE_CURVE('',#12834,#12824,#12836,.T.);
#12834 = VERTEX_POINT('',#12835);
#12835 = CARTESIAN_POINT('',(-1.335,0.74,7.E-02));
#12836 = LINE('',#12837,#12838);
#12837 = CARTESIAN_POINT('',(-1.465,0.74,7.E-02));
#12838 = VECTOR('',#12839,1.);
#12839 = DIRECTION('',(-1.,-0.,0.));
#12840 = ORIENTED_EDGE('',*,*,#12841,.T.);
#12841 = EDGE_CURVE('',#12834,#12842,#12844,.T.);
#12842 = VERTEX_POINT('',#12843);
#12843 = CARTESIAN_POINT('',(-1.335,0.9,7.E-02));
#12844 = LINE('',#12845,#12846);
#12845 = CARTESIAN_POINT('',(-1.335,0.72,7.E-02));
#12846 = VECTOR('',#12847,1.);
#12847 = DIRECTION('',(-0.,1.,0.));
#12848 = ORIENTED_EDGE('',*,*,#12849,.F.);
#12849 = EDGE_CURVE('',#12826,#12842,#12850,.T.);
#12850 = LINE('',#12851,#12852);
#12851 = CARTESIAN_POINT('',(-1.465,0.9,7.E-02));
#12852 = VECTOR('',#12853,1.);
#12853 = DIRECTION('',(1.,0.,-0.));
#12854 = PLANE('',#12855);
#12855 = AXIS2_PLACEMENT_3D('',#12856,#12857,#12858);
#12856 = CARTESIAN_POINT('',(-1.465,0.72,7.E-02));
#12857 = DIRECTION('',(0.,0.,1.));
#12858 = DIRECTION('',(1.,0.,-0.));
#12859 = ADVANCED_FACE('',(#12860),#12885,.T.);
#12860 = FACE_BOUND('',#12861,.T.);
#12861 = EDGE_LOOP('',(#12862,#12872,#12878,#12879));
#12862 = ORIENTED_EDGE('',*,*,#12863,.F.);
#12863 = EDGE_CURVE('',#12864,#12866,#12868,.T.);
#12864 = VERTEX_POINT('',#12865);
#12865 = CARTESIAN_POINT('',(-1.465,0.9,0.));
#12866 = VERTEX_POINT('',#12867);
#12867 = CARTESIAN_POINT('',(-1.335,0.9,0.));
#12868 = LINE('',#12869,#12870);
#12869 = CARTESIAN_POINT('',(-1.465,0.9,0.));
#12870 = VECTOR('',#12871,1.);
#12871 = DIRECTION('',(1.,0.,-0.));
#12872 = ORIENTED_EDGE('',*,*,#12873,.T.);
#12873 = EDGE_CURVE('',#12864,#12826,#12874,.T.);
#12874 = LINE('',#12875,#12876);
#12875 = CARTESIAN_POINT('',(-1.465,0.9,0.));
#12876 = VECTOR('',#12877,1.);
#12877 = DIRECTION('',(0.,0.,1.));
#12878 = ORIENTED_EDGE('',*,*,#12849,.T.);
#12879 = ORIENTED_EDGE('',*,*,#12880,.F.);
#12880 = EDGE_CURVE('',#12866,#12842,#12881,.T.);
#12881 = LINE('',#12882,#12883);
#12882 = CARTESIAN_POINT('',(-1.335,0.9,0.));
#12883 = VECTOR('',#12884,1.);
#12884 = DIRECTION('',(0.,0.,1.));
#12885 = PLANE('',#12886);
#12886 = AXIS2_PLACEMENT_3D('',#12887,#12888,#12889);
#12887 = CARTESIAN_POINT('',(-1.465,0.9,0.));
#12888 = DIRECTION('',(-0.,1.,0.));
#12889 = DIRECTION('',(0.,0.,1.));
#12890 = ADVANCED_FACE('',(#12891),#12916,.F.);
#12891 = FACE_BOUND('',#12892,.F.);
#12892 = EDGE_LOOP('',(#12893,#12901,#12909,#12915));
#12893 = ORIENTED_EDGE('',*,*,#12894,.F.);
#12894 = EDGE_CURVE('',#12895,#12864,#12897,.T.);
#12895 = VERTEX_POINT('',#12896);
#12896 = CARTESIAN_POINT('',(-1.465,0.72,0.));
#12897 = LINE('',#12898,#12899);
#12898 = CARTESIAN_POINT('',(-1.465,0.72,0.));
#12899 = VECTOR('',#12900,1.);
#12900 = DIRECTION('',(-0.,1.,0.));
#12901 = ORIENTED_EDGE('',*,*,#12902,.T.);
#12902 = EDGE_CURVE('',#12895,#12903,#12905,.T.);
#12903 = VERTEX_POINT('',#12904);
#12904 = CARTESIAN_POINT('',(-1.335,0.72,0.));
#12905 = LINE('',#12906,#12907);
#12906 = CARTESIAN_POINT('',(-1.465,0.72,0.));
#12907 = VECTOR('',#12908,1.);
#12908 = DIRECTION('',(1.,0.,-0.));
#12909 = ORIENTED_EDGE('',*,*,#12910,.T.);
#12910 = EDGE_CURVE('',#12903,#12866,#12911,.T.);
#12911 = LINE('',#12912,#12913);
#12912 = CARTESIAN_POINT('',(-1.335,0.72,0.));
#12913 = VECTOR('',#12914,1.);
#12914 = DIRECTION('',(-0.,1.,0.));
#12915 = ORIENTED_EDGE('',*,*,#12863,.F.);
#12916 = PLANE('',#12917);
#12917 = AXIS2_PLACEMENT_3D('',#12918,#12919,#12920);
#12918 = CARTESIAN_POINT('',(-1.465,0.72,0.));
#12919 = DIRECTION('',(0.,0.,1.));
#12920 = DIRECTION('',(1.,0.,-0.));
#12921 = ADVANCED_FACE('',(#12922),#12947,.F.);
#12922 = FACE_BOUND('',#12923,.F.);
#12923 = EDGE_LOOP('',(#12924,#12932,#12933,#12941));
#12924 = ORIENTED_EDGE('',*,*,#12925,.F.);
#12925 = EDGE_CURVE('',#12903,#12926,#12928,.T.);
#12926 = VERTEX_POINT('',#12927);
#12927 = CARTESIAN_POINT('',(-1.335,0.72,3.E-02));
#12928 = LINE('',#12929,#12930);
#12929 = CARTESIAN_POINT('',(-1.335,0.72,0.));
#12930 = VECTOR('',#12931,1.);
#12931 = DIRECTION('',(0.,0.,1.));
#12932 = ORIENTED_EDGE('',*,*,#12902,.F.);
#12933 = ORIENTED_EDGE('',*,*,#12934,.T.);
#12934 = EDGE_CURVE('',#12895,#12935,#12937,.T.);
#12935 = VERTEX_POINT('',#12936);
#12936 = CARTESIAN_POINT('',(-1.465,0.72,3.E-02));
#12937 = LINE('',#12938,#12939);
#12938 = CARTESIAN_POINT('',(-1.465,0.72,0.));
#12939 = VECTOR('',#12940,1.);
#12940 = DIRECTION('',(0.,0.,1.));
#12941 = ORIENTED_EDGE('',*,*,#12942,.T.);
#12942 = EDGE_CURVE('',#12935,#12926,#12943,.T.);
#12943 = LINE('',#12944,#12945);
#12944 = CARTESIAN_POINT('',(-1.465,0.72,3.E-02));
#12945 = VECTOR('',#12946,1.);
#12946 = DIRECTION('',(1.,0.,-0.));
#12947 = PLANE('',#12948);
#12948 = AXIS2_PLACEMENT_3D('',#12949,#12950,#12951);
#12949 = CARTESIAN_POINT('',(-1.465,0.72,0.));
#12950 = DIRECTION('',(-0.,1.,0.));
#12951 = DIRECTION('',(0.,0.,1.));
#12952 = ADVANCED_FACE('',(#12953),#12978,.T.);
#12953 = FACE_BOUND('',#12954,.T.);
#12954 = EDGE_LOOP('',(#12955,#12956,#12964,#12972));
#12955 = ORIENTED_EDGE('',*,*,#12833,.T.);
#12956 = ORIENTED_EDGE('',*,*,#12957,.T.);
#12957 = EDGE_CURVE('',#12824,#12958,#12960,.T.);
#12958 = VERTEX_POINT('',#12959);
#12959 = CARTESIAN_POINT('',(-1.465,0.74,0.1));
#12960 = LINE('',#12961,#12962);
#12961 = CARTESIAN_POINT('',(-1.465,0.74,3.E-02));
#12962 = VECTOR('',#12963,1.);
#12963 = DIRECTION('',(0.,0.,1.));
#12964 = ORIENTED_EDGE('',*,*,#12965,.T.);
#12965 = EDGE_CURVE('',#12958,#12966,#12968,.T.);
#12966 = VERTEX_POINT('',#12967);
#12967 = CARTESIAN_POINT('',(-1.335,0.74,0.1));
#12968 = LINE('',#12969,#12970);
#12969 = CARTESIAN_POINT('',(-1.465,0.74,0.1));
#12970 = VECTOR('',#12971,1.);
#12971 = DIRECTION('',(1.,0.,-0.));
#12972 = ORIENTED_EDGE('',*,*,#12973,.F.);
#12973 = EDGE_CURVE('',#12834,#12966,#12974,.T.);
#12974 = LINE('',#12975,#12976);
#12975 = CARTESIAN_POINT('',(-1.335,0.74,3.E-02));
#12976 = VECTOR('',#12977,1.);
#12977 = DIRECTION('',(0.,0.,1.));
#12978 = PLANE('',#12979);
#12979 = AXIS2_PLACEMENT_3D('',#12980,#12981,#12982);
#12980 = CARTESIAN_POINT('',(-1.465,0.74,3.E-02));
#12981 = DIRECTION('',(-0.,1.,0.));
#12982 = DIRECTION('',(0.,0.,1.));
#12983 = ADVANCED_FACE('',(#12984),#13009,.T.);
#12984 = FACE_BOUND('',#12985,.T.);
#12985 = EDGE_LOOP('',(#12986,#12994,#13002,#13008));
#12986 = ORIENTED_EDGE('',*,*,#12987,.F.);
#12987 = EDGE_CURVE('',#12988,#12958,#12990,.T.);
#12988 = VERTEX_POINT('',#12989);
#12989 = CARTESIAN_POINT('',(-1.465,0.575,0.1));
#12990 = LINE('',#12991,#12992);
#12991 = CARTESIAN_POINT('',(-1.465,0.505,0.1));
#12992 = VECTOR('',#12993,1.);
#12993 = DIRECTION('',(-0.,1.,0.));
#12994 = ORIENTED_EDGE('',*,*,#12995,.F.);
#12995 = EDGE_CURVE('',#12996,#12988,#12998,.T.);
#12996 = VERTEX_POINT('',#12997);
#12997 = CARTESIAN_POINT('',(-1.335,0.575,0.1));
#12998 = LINE('',#12999,#13000);
#12999 = CARTESIAN_POINT('',(-1.465,0.575,0.1));
#13000 = VECTOR('',#13001,1.);
#13001 = DIRECTION('',(-1.,-0.,0.));
#13002 = ORIENTED_EDGE('',*,*,#13003,.T.);
#13003 = EDGE_CURVE('',#12996,#12966,#13004,.T.);
#13004 = LINE('',#13005,#13006);
#13005 = CARTESIAN_POINT('',(-1.335,0.505,0.1));
#13006 = VECTOR('',#13007,1.);
#13007 = DIRECTION('',(-0.,1.,0.));
#13008 = ORIENTED_EDGE('',*,*,#12965,.F.);
#13009 = PLANE('',#13010);
#13010 = AXIS2_PLACEMENT_3D('',#13011,#13012,#13013);
#13011 = CARTESIAN_POINT('',(-1.465,0.505,0.1));
#13012 = DIRECTION('',(0.,0.,1.));
#13013 = DIRECTION('',(1.,0.,-0.));
#13014 = ADVANCED_FACE('',(#13015),#13040,.T.);
#13015 = FACE_BOUND('',#13016,.T.);
#13016 = EDGE_LOOP('',(#13017,#13018,#13026,#13034));
#13017 = ORIENTED_EDGE('',*,*,#12995,.T.);
#13018 = ORIENTED_EDGE('',*,*,#13019,.T.);
#13019 = EDGE_CURVE('',#12988,#13020,#13022,.T.);
#13020 = VERTEX_POINT('',#13021);
#13021 = CARTESIAN_POINT('',(-1.465,0.575,0.45));
#13022 = LINE('',#13023,#13024);
#13023 = CARTESIAN_POINT('',(-1.465,0.575,3.E-02));
#13024 = VECTOR('',#13025,1.);
#13025 = DIRECTION('',(0.,0.,1.));
#13026 = ORIENTED_EDGE('',*,*,#13027,.T.);
#13027 = EDGE_CURVE('',#13020,#13028,#13030,.T.);
#13028 = VERTEX_POINT('',#13029);
#13029 = CARTESIAN_POINT('',(-1.335,0.575,0.45));
#13030 = LINE('',#13031,#13032);
#13031 = CARTESIAN_POINT('',(-1.465,0.575,0.45));
#13032 = VECTOR('',#13033,1.);
#13033 = DIRECTION('',(1.,0.,-0.));
#13034 = ORIENTED_EDGE('',*,*,#13035,.F.);
#13035 = EDGE_CURVE('',#12996,#13028,#13036,.T.);
#13036 = LINE('',#13037,#13038);
#13037 = CARTESIAN_POINT('',(-1.335,0.575,3.E-02));
#13038 = VECTOR('',#13039,1.);
#13039 = DIRECTION('',(0.,0.,1.));
#13040 = PLANE('',#13041);
#13041 = AXIS2_PLACEMENT_3D('',#13042,#13043,#13044);
#13042 = CARTESIAN_POINT('',(-1.465,0.575,3.E-02));
#13043 = DIRECTION('',(-0.,1.,0.));
#13044 = DIRECTION('',(0.,0.,1.));
#13045 = ADVANCED_FACE('',(#13046),#13071,.T.);
#13046 = FACE_BOUND('',#13047,.T.);
#13047 = EDGE_LOOP('',(#13048,#13056,#13064,#13070));
#13048 = ORIENTED_EDGE('',*,*,#13049,.F.);
#13049 = EDGE_CURVE('',#13050,#13020,#13052,.T.);
#13050 = VERTEX_POINT('',#13051);
#13051 = CARTESIAN_POINT('',(-1.465,0.505,0.45));
#13052 = LINE('',#13053,#13054);
#13053 = CARTESIAN_POINT('',(-1.465,0.505,0.45));
#13054 = VECTOR('',#13055,1.);
#13055 = DIRECTION('',(-0.,1.,0.));
#13056 = ORIENTED_EDGE('',*,*,#13057,.T.);
#13057 = EDGE_CURVE('',#13050,#13058,#13060,.T.);
#13058 = VERTEX_POINT('',#13059);
#13059 = CARTESIAN_POINT('',(-1.335,0.505,0.45));
#13060 = LINE('',#13061,#13062);
#13061 = CARTESIAN_POINT('',(-1.465,0.505,0.45));
#13062 = VECTOR('',#13063,1.);
#13063 = DIRECTION('',(1.,0.,-0.));
#13064 = ORIENTED_EDGE('',*,*,#13065,.T.);
#13065 = EDGE_CURVE('',#13058,#13028,#13066,.T.);
#13066 = LINE('',#13067,#13068);
#13067 = CARTESIAN_POINT('',(-1.335,0.505,0.45));
#13068 = VECTOR('',#13069,1.);
#13069 = DIRECTION('',(-0.,1.,0.));
#13070 = ORIENTED_EDGE('',*,*,#13027,.F.);
#13071 = PLANE('',#13072);
#13072 = AXIS2_PLACEMENT_3D('',#13073,#13074,#13075);
#13073 = CARTESIAN_POINT('',(-1.465,0.505,0.45));
#13074 = DIRECTION('',(0.,0.,1.));
#13075 = DIRECTION('',(1.,0.,-0.));
#13076 = ADVANCED_FACE('',(#13077),#13101,.T.);
#13077 = FACE_BOUND('',#13078,.T.);
#13078 = EDGE_LOOP('',(#13079,#13080,#13088,#13094,#13095,#13096,#13097,
    #13098,#13099,#13100));
#13079 = ORIENTED_EDGE('',*,*,#12934,.T.);
#13080 = ORIENTED_EDGE('',*,*,#13081,.F.);
#13081 = EDGE_CURVE('',#13082,#12935,#13084,.T.);
#13082 = VERTEX_POINT('',#13083);
#13083 = CARTESIAN_POINT('',(-1.465,0.505,3.E-02));
#13084 = LINE('',#13085,#13086);
#13085 = CARTESIAN_POINT('',(-1.465,0.505,3.E-02));
#13086 = VECTOR('',#13087,1.);
#13087 = DIRECTION('',(-0.,1.,0.));
#13088 = ORIENTED_EDGE('',*,*,#13089,.T.);
#13089 = EDGE_CURVE('',#13082,#13050,#13090,.T.);
#13090 = LINE('',#13091,#13092);
#13091 = CARTESIAN_POINT('',(-1.465,0.505,3.E-02));
#13092 = VECTOR('',#13093,1.);
#13093 = DIRECTION('',(0.,0.,1.));
#13094 = ORIENTED_EDGE('',*,*,#13049,.T.);
#13095 = ORIENTED_EDGE('',*,*,#13019,.F.);
#13096 = ORIENTED_EDGE('',*,*,#12987,.T.);
#13097 = ORIENTED_EDGE('',*,*,#12957,.F.);
#13098 = ORIENTED_EDGE('',*,*,#12823,.T.);
#13099 = ORIENTED_EDGE('',*,*,#12873,.F.);
#13100 = ORIENTED_EDGE('',*,*,#12894,.F.);
#13101 = PLANE('',#13102);
#13102 = AXIS2_PLACEMENT_3D('',#13103,#13104,#13105);
#13103 = CARTESIAN_POINT('',(-1.465,0.636168639053,0.158668639053));
#13104 = DIRECTION('',(-1.,-0.,-0.));
#13105 = DIRECTION('',(0.,0.,-1.));
#13106 = ADVANCED_FACE('',(#13107),#13131,.T.);
#13107 = FACE_BOUND('',#13108,.T.);
#13108 = EDGE_LOOP('',(#13109,#13110,#13111,#13112,#13113,#13114,#13115,
    #13116,#13117,#13125));
#13109 = ORIENTED_EDGE('',*,*,#12925,.F.);
#13110 = ORIENTED_EDGE('',*,*,#12910,.T.);
#13111 = ORIENTED_EDGE('',*,*,#12880,.T.);
#13112 = ORIENTED_EDGE('',*,*,#12841,.F.);
#13113 = ORIENTED_EDGE('',*,*,#12973,.T.);
#13114 = ORIENTED_EDGE('',*,*,#13003,.F.);
#13115 = ORIENTED_EDGE('',*,*,#13035,.T.);
#13116 = ORIENTED_EDGE('',*,*,#13065,.F.);
#13117 = ORIENTED_EDGE('',*,*,#13118,.F.);
#13118 = EDGE_CURVE('',#13119,#13058,#13121,.T.);
#13119 = VERTEX_POINT('',#13120);
#13120 = CARTESIAN_POINT('',(-1.335,0.505,3.E-02));
#13121 = LINE('',#13122,#13123);
#13122 = CARTESIAN_POINT('',(-1.335,0.505,3.E-02));
#13123 = VECTOR('',#13124,1.);
#13124 = DIRECTION('',(0.,0.,1.));
#13125 = ORIENTED_EDGE('',*,*,#13126,.T.);
#13126 = EDGE_CURVE('',#13119,#12926,#13127,.T.);
#13127 = LINE('',#13128,#13129);
#13128 = CARTESIAN_POINT('',(-1.335,0.505,3.E-02));
#13129 = VECTOR('',#13130,1.);
#13130 = DIRECTION('',(-0.,1.,0.));
#13131 = PLANE('',#13132);
#13132 = AXIS2_PLACEMENT_3D('',#13133,#13134,#13135);
#13133 = CARTESIAN_POINT('',(-1.335,0.636168639053,0.158668639053));
#13134 = DIRECTION('',(1.,0.,0.));
#13135 = DIRECTION('',(-0.,0.,1.));
#13136 = ADVANCED_FACE('',(#13137),#13148,.F.);
#13137 = FACE_BOUND('',#13138,.T.);
#13138 = EDGE_LOOP('',(#13139,#13140,#13141,#13142));
#13139 = ORIENTED_EDGE('',*,*,#13081,.T.);
#13140 = ORIENTED_EDGE('',*,*,#12942,.T.);
#13141 = ORIENTED_EDGE('',*,*,#13126,.F.);
#13142 = ORIENTED_EDGE('',*,*,#13143,.F.);
#13143 = EDGE_CURVE('',#13082,#13119,#13144,.T.);
#13144 = LINE('',#13145,#13146);
#13145 = CARTESIAN_POINT('',(-1.465,0.505,3.E-02));
#13146 = VECTOR('',#13147,1.);
#13147 = DIRECTION('',(1.,0.,-0.));
#13148 = PLANE('',#13149);
#13149 = AXIS2_PLACEMENT_3D('',#13150,#13151,#13152);
#13150 = CARTESIAN_POINT('',(-1.465,0.505,3.E-02));
#13151 = DIRECTION('',(0.,0.,1.));
#13152 = DIRECTION('',(1.,0.,-0.));
#13153 = ADVANCED_FACE('',(#13154),#13160,.T.);
#13154 = FACE_BOUND('',#13155,.T.);
#13155 = EDGE_LOOP('',(#13156,#13157,#13158,#13159));
#13156 = ORIENTED_EDGE('',*,*,#13143,.T.);
#13157 = ORIENTED_EDGE('',*,*,#13118,.T.);
#13158 = ORIENTED_EDGE('',*,*,#13057,.F.);
#13159 = ORIENTED_EDGE('',*,*,#13089,.F.);
#13160 = PLANE('',#13161);
#13161 = AXIS2_PLACEMENT_3D('',#13162,#13163,#13164);
#13162 = CARTESIAN_POINT('',(-1.4,0.505,0.24));
#13163 = DIRECTION('',(-0.,-1.,-0.));
#13164 = DIRECTION('',(0.,0.,-1.));
#13165 = ( GEOMETRIC_REPRESENTATION_CONTEXT(3) 
GLOBAL_UNCERTAINTY_ASSIGNED_CONTEXT((#13169)) 
GLOBAL_UNIT_ASSIGNED_CONTEXT((#13166,#13167,#13168)) 
REPRESENTATION_CONTEXT('Context #1',
  '3D Context with UNIT and UNCERTAINTY') );
#13166 = ( LENGTH_UNIT() NAMED_UNIT(*) SI_UNIT(.MILLI.,.METRE.) );
#13167 = ( NAMED_UNIT(*) PLANE_ANGLE_UNIT() SI_UNIT($,.RADIAN.) );
#13168 = ( NAMED_UNIT(*) SI_UNIT($,.STERADIAN.) SOLID_ANGLE_UNIT() );
#13169 = UNCERTAINTY_MEASURE_WITH_UNIT(LENGTH_MEASURE(1.E-07),#13166,
  'distance_accuracy_value','confusion accuracy');
#13170 = CONTEXT_DEPENDENT_SHAPE_REPRESENTATION(#13171,#13173);
#13171 = ( REPRESENTATION_RELATIONSHIP('','',#12816,#10) 
REPRESENTATION_RELATIONSHIP_WITH_TRANSFORMATION(#13172) 
SHAPE_REPRESENTATION_RELATIONSHIP() );
#13172 = ITEM_DEFINED_TRANSFORMATION('','',#11,#31);
#13173 = PRODUCT_DEFINITION_SHAPE('Placement','Placement of an item',
  #13174);
#13174 = NEXT_ASSEMBLY_USAGE_OCCURRENCE('5','contact_02','',#5,#12811,$
  );
#13175 = PRODUCT_RELATED_PRODUCT_CATEGORY('part',$,(#12813));
#13176 = SHAPE_DEFINITION_REPRESENTATION(#13177,#13183);
#13177 = PRODUCT_DEFINITION_SHAPE('','',#13178);
#13178 = PRODUCT_DEFINITION('design','',#13179,#13182);
#13179 = PRODUCT_DEFINITION_FORMATION('','',#13180);
#13180 = PRODUCT('contact_03','contact_03','',(#13181));
#13181 = PRODUCT_CONTEXT('',#2,'mechanical');
#13182 = PRODUCT_DEFINITION_CONTEXT('part definition',#2,'design');
#13183 = ADVANCED_BREP_SHAPE_REPRESENTATION('',(#11,#13184),#13532);
#13184 = MANIFOLD_SOLID_BREP('',#13185);
#13185 = CLOSED_SHELL('',(#13186,#13226,#13257,#13288,#13319,#13350,
    #13381,#13412,#13443,#13473,#13503,#13520));
#13186 = ADVANCED_FACE('',(#13187),#13221,.T.);
#13187 = FACE_BOUND('',#13188,.T.);
#13188 = EDGE_LOOP('',(#13189,#13199,#13207,#13215));
#13189 = ORIENTED_EDGE('',*,*,#13190,.F.);
#13190 = EDGE_CURVE('',#13191,#13193,#13195,.T.);
#13191 = VERTEX_POINT('',#13192);
#13192 = CARTESIAN_POINT('',(-0.985,-0.72,0.));
#13193 = VERTEX_POINT('',#13194);
#13194 = CARTESIAN_POINT('',(-0.985,-0.72,3.E-02));
#13195 = LINE('',#13196,#13197);
#13196 = CARTESIAN_POINT('',(-0.985,-0.72,0.));
#13197 = VECTOR('',#13198,1.);
#13198 = DIRECTION('',(0.,0.,1.));
#13199 = ORIENTED_EDGE('',*,*,#13200,.F.);
#13200 = EDGE_CURVE('',#13201,#13191,#13203,.T.);
#13201 = VERTEX_POINT('',#13202);
#13202 = CARTESIAN_POINT('',(-1.115,-0.72,0.));
#13203 = LINE('',#13204,#13205);
#13204 = CARTESIAN_POINT('',(-1.115,-0.72,0.));
#13205 = VECTOR('',#13206,1.);
#13206 = DIRECTION('',(1.,0.,-0.));
#13207 = ORIENTED_EDGE('',*,*,#13208,.T.);
#13208 = EDGE_CURVE('',#13201,#13209,#13211,.T.);
#13209 = VERTEX_POINT('',#13210);
#13210 = CARTESIAN_POINT('',(-1.115,-0.72,3.E-02));
#13211 = LINE('',#13212,#13213);
#13212 = CARTESIAN_POINT('',(-1.115,-0.72,0.));
#13213 = VECTOR('',#13214,1.);
#13214 = DIRECTION('',(0.,0.,1.));
#13215 = ORIENTED_EDGE('',*,*,#13216,.T.);
#13216 = EDGE_CURVE('',#13209,#13193,#13217,.T.);
#13217 = LINE('',#13218,#13219);
#13218 = CARTESIAN_POINT('',(-1.115,-0.72,3.E-02));
#13219 = VECTOR('',#13220,1.);
#13220 = DIRECTION('',(1.,0.,-0.));
#13221 = PLANE('',#13222);
#13222 = AXIS2_PLACEMENT_3D('',#13223,#13224,#13225);
#13223 = CARTESIAN_POINT('',(-1.115,-0.72,0.));
#13224 = DIRECTION('',(-0.,1.,0.));
#13225 = DIRECTION('',(0.,0.,1.));
#13226 = ADVANCED_FACE('',(#13227),#13252,.F.);
#13227 = FACE_BOUND('',#13228,.F.);
#13228 = EDGE_LOOP('',(#13229,#13237,#13245,#13251));
#13229 = ORIENTED_EDGE('',*,*,#13230,.F.);
#13230 = EDGE_CURVE('',#13231,#13201,#13233,.T.);
#13231 = VERTEX_POINT('',#13232);
#13232 = CARTESIAN_POINT('',(-1.115,-0.9,0.));
#13233 = LINE('',#13234,#13235);
#13234 = CARTESIAN_POINT('',(-1.115,-0.9,0.));
#13235 = VECTOR('',#13236,1.);
#13236 = DIRECTION('',(-0.,1.,0.));
#13237 = ORIENTED_EDGE('',*,*,#13238,.T.);
#13238 = EDGE_CURVE('',#13231,#13239,#13241,.T.);
#13239 = VERTEX_POINT('',#13240);
#13240 = CARTESIAN_POINT('',(-0.985,-0.9,0.));
#13241 = LINE('',#13242,#13243);
#13242 = CARTESIAN_POINT('',(-1.115,-0.9,0.));
#13243 = VECTOR('',#13244,1.);
#13244 = DIRECTION('',(1.,0.,-0.));
#13245 = ORIENTED_EDGE('',*,*,#13246,.T.);
#13246 = EDGE_CURVE('',#13239,#13191,#13247,.T.);
#13247 = LINE('',#13248,#13249);
#13248 = CARTESIAN_POINT('',(-0.985,-0.9,0.));
#13249 = VECTOR('',#13250,1.);
#13250 = DIRECTION('',(-0.,1.,0.));
#13251 = ORIENTED_EDGE('',*,*,#13200,.F.);
#13252 = PLANE('',#13253);
#13253 = AXIS2_PLACEMENT_3D('',#13254,#13255,#13256);
#13254 = CARTESIAN_POINT('',(-1.115,-0.9,0.));
#13255 = DIRECTION('',(0.,0.,1.));
#13256 = DIRECTION('',(1.,0.,-0.));
#13257 = ADVANCED_FACE('',(#13258),#13283,.F.);
#13258 = FACE_BOUND('',#13259,.F.);
#13259 = EDGE_LOOP('',(#13260,#13261,#13269,#13277));
#13260 = ORIENTED_EDGE('',*,*,#13238,.F.);
#13261 = ORIENTED_EDGE('',*,*,#13262,.T.);
#13262 = EDGE_CURVE('',#13231,#13263,#13265,.T.);
#13263 = VERTEX_POINT('',#13264);
#13264 = CARTESIAN_POINT('',(-1.115,-0.9,7.E-02));
#13265 = LINE('',#13266,#13267);
#13266 = CARTESIAN_POINT('',(-1.115,-0.9,0.));
#13267 = VECTOR('',#13268,1.);
#13268 = DIRECTION('',(0.,0.,1.));
#13269 = ORIENTED_EDGE('',*,*,#13270,.T.);
#13270 = EDGE_CURVE('',#13263,#13271,#13273,.T.);
#13271 = VERTEX_POINT('',#13272);
#13272 = CARTESIAN_POINT('',(-0.985,-0.9,7.E-02));
#13273 = LINE('',#13274,#13275);
#13274 = CARTESIAN_POINT('',(-1.115,-0.9,7.E-02));
#13275 = VECTOR('',#13276,1.);
#13276 = DIRECTION('',(1.,0.,-0.));
#13277 = ORIENTED_EDGE('',*,*,#13278,.F.);
#13278 = EDGE_CURVE('',#13239,#13271,#13279,.T.);
#13279 = LINE('',#13280,#13281);
#13280 = CARTESIAN_POINT('',(-0.985,-0.9,0.));
#13281 = VECTOR('',#13282,1.);
#13282 = DIRECTION('',(0.,0.,1.));
#13283 = PLANE('',#13284);
#13284 = AXIS2_PLACEMENT_3D('',#13285,#13286,#13287);
#13285 = CARTESIAN_POINT('',(-1.115,-0.9,0.));
#13286 = DIRECTION('',(-0.,1.,0.));
#13287 = DIRECTION('',(0.,0.,1.));
#13288 = ADVANCED_FACE('',(#13289),#13314,.T.);
#13289 = FACE_BOUND('',#13290,.T.);
#13290 = EDGE_LOOP('',(#13291,#13299,#13300,#13308));
#13291 = ORIENTED_EDGE('',*,*,#13292,.F.);
#13292 = EDGE_CURVE('',#13263,#13293,#13295,.T.);
#13293 = VERTEX_POINT('',#13294);
#13294 = CARTESIAN_POINT('',(-1.115,-0.74,7.E-02));
#13295 = LINE('',#13296,#13297);
#13296 = CARTESIAN_POINT('',(-1.115,-0.9,7.E-02));
#13297 = VECTOR('',#13298,1.);
#13298 = DIRECTION('',(-0.,1.,0.));
#13299 = ORIENTED_EDGE('',*,*,#13270,.T.);
#13300 = ORIENTED_EDGE('',*,*,#13301,.T.);
#13301 = EDGE_CURVE('',#13271,#13302,#13304,.T.);
#13302 = VERTEX_POINT('',#13303);
#13303 = CARTESIAN_POINT('',(-0.985,-0.74,7.E-02));
#13304 = LINE('',#13305,#13306);
#13305 = CARTESIAN_POINT('',(-0.985,-0.9,7.E-02));
#13306 = VECTOR('',#13307,1.);
#13307 = DIRECTION('',(-0.,1.,0.));
#13308 = ORIENTED_EDGE('',*,*,#13309,.T.);
#13309 = EDGE_CURVE('',#13302,#13293,#13310,.T.);
#13310 = LINE('',#13311,#13312);
#13311 = CARTESIAN_POINT('',(-1.115,-0.74,7.E-02));
#13312 = VECTOR('',#13313,1.);
#13313 = DIRECTION('',(-1.,-0.,0.));
#13314 = PLANE('',#13315);
#13315 = AXIS2_PLACEMENT_3D('',#13316,#13317,#13318);
#13316 = CARTESIAN_POINT('',(-1.115,-0.9,7.E-02));
#13317 = DIRECTION('',(0.,0.,1.));
#13318 = DIRECTION('',(1.,0.,-0.));
#13319 = ADVANCED_FACE('',(#13320),#13345,.F.);
#13320 = FACE_BOUND('',#13321,.F.);
#13321 = EDGE_LOOP('',(#13322,#13323,#13331,#13339));
#13322 = ORIENTED_EDGE('',*,*,#13309,.T.);
#13323 = ORIENTED_EDGE('',*,*,#13324,.T.);
#13324 = EDGE_CURVE('',#13293,#13325,#13327,.T.);
#13325 = VERTEX_POINT('',#13326);
#13326 = CARTESIAN_POINT('',(-1.115,-0.74,0.1));
#13327 = LINE('',#13328,#13329);
#13328 = CARTESIAN_POINT('',(-1.115,-0.74,3.E-02));
#13329 = VECTOR('',#13330,1.);
#13330 = DIRECTION('',(0.,0.,1.));
#13331 = ORIENTED_EDGE('',*,*,#13332,.T.);
#13332 = EDGE_CURVE('',#13325,#13333,#13335,.T.);
#13333 = VERTEX_POINT('',#13334);
#13334 = CARTESIAN_POINT('',(-0.985,-0.74,0.1));
#13335 = LINE('',#13336,#13337);
#13336 = CARTESIAN_POINT('',(-1.115,-0.74,0.1));
#13337 = VECTOR('',#13338,1.);
#13338 = DIRECTION('',(1.,0.,-0.));
#13339 = ORIENTED_EDGE('',*,*,#13340,.F.);
#13340 = EDGE_CURVE('',#13302,#13333,#13341,.T.);
#13341 = LINE('',#13342,#13343);
#13342 = CARTESIAN_POINT('',(-0.985,-0.74,3.E-02));
#13343 = VECTOR('',#13344,1.);
#13344 = DIRECTION('',(0.,0.,1.));
#13345 = PLANE('',#13346);
#13346 = AXIS2_PLACEMENT_3D('',#13347,#13348,#13349);
#13347 = CARTESIAN_POINT('',(-1.115,-0.74,3.E-02));
#13348 = DIRECTION('',(-0.,1.,0.));
#13349 = DIRECTION('',(0.,0.,1.));
#13350 = ADVANCED_FACE('',(#13351),#13376,.T.);
#13351 = FACE_BOUND('',#13352,.T.);
#13352 = EDGE_LOOP('',(#13353,#13361,#13362,#13370));
#13353 = ORIENTED_EDGE('',*,*,#13354,.F.);
#13354 = EDGE_CURVE('',#13325,#13355,#13357,.T.);
#13355 = VERTEX_POINT('',#13356);
#13356 = CARTESIAN_POINT('',(-1.115,-0.575,0.1));
#13357 = LINE('',#13358,#13359);
#13358 = CARTESIAN_POINT('',(-1.115,-0.74,0.1));
#13359 = VECTOR('',#13360,1.);
#13360 = DIRECTION('',(-0.,1.,0.));
#13361 = ORIENTED_EDGE('',*,*,#13332,.T.);
#13362 = ORIENTED_EDGE('',*,*,#13363,.T.);
#13363 = EDGE_CURVE('',#13333,#13364,#13366,.T.);
#13364 = VERTEX_POINT('',#13365);
#13365 = CARTESIAN_POINT('',(-0.985,-0.575,0.1));
#13366 = LINE('',#13367,#13368);
#13367 = CARTESIAN_POINT('',(-0.985,-0.74,0.1));
#13368 = VECTOR('',#13369,1.);
#13369 = DIRECTION('',(-0.,1.,0.));
#13370 = ORIENTED_EDGE('',*,*,#13371,.T.);
#13371 = EDGE_CURVE('',#13364,#13355,#13372,.T.);
#13372 = LINE('',#13373,#13374);
#13373 = CARTESIAN_POINT('',(-1.115,-0.575,0.1));
#13374 = VECTOR('',#13375,1.);
#13375 = DIRECTION('',(-1.,-0.,0.));
#13376 = PLANE('',#13377);
#13377 = AXIS2_PLACEMENT_3D('',#13378,#13379,#13380);
#13378 = CARTESIAN_POINT('',(-1.115,-0.74,0.1));
#13379 = DIRECTION('',(0.,0.,1.));
#13380 = DIRECTION('',(1.,0.,-0.));
#13381 = ADVANCED_FACE('',(#13382),#13407,.F.);
#13382 = FACE_BOUND('',#13383,.F.);
#13383 = EDGE_LOOP('',(#13384,#13385,#13393,#13401));
#13384 = ORIENTED_EDGE('',*,*,#13371,.T.);
#13385 = ORIENTED_EDGE('',*,*,#13386,.T.);
#13386 = EDGE_CURVE('',#13355,#13387,#13389,.T.);
#13387 = VERTEX_POINT('',#13388);
#13388 = CARTESIAN_POINT('',(-1.115,-0.575,0.45));
#13389 = LINE('',#13390,#13391);
#13390 = CARTESIAN_POINT('',(-1.115,-0.575,3.E-02));
#13391 = VECTOR('',#13392,1.);
#13392 = DIRECTION('',(0.,0.,1.));
#13393 = ORIENTED_EDGE('',*,*,#13394,.T.);
#13394 = EDGE_CURVE('',#13387,#13395,#13397,.T.);
#13395 = VERTEX_POINT('',#13396);
#13396 = CARTESIAN_POINT('',(-0.985,-0.575,0.45));
#13397 = LINE('',#13398,#13399);
#13398 = CARTESIAN_POINT('',(-1.115,-0.575,0.45));
#13399 = VECTOR('',#13400,1.);
#13400 = DIRECTION('',(1.,0.,-0.));
#13401 = ORIENTED_EDGE('',*,*,#13402,.F.);
#13402 = EDGE_CURVE('',#13364,#13395,#13403,.T.);
#13403 = LINE('',#13404,#13405);
#13404 = CARTESIAN_POINT('',(-0.985,-0.575,3.E-02));
#13405 = VECTOR('',#13406,1.);
#13406 = DIRECTION('',(0.,0.,1.));
#13407 = PLANE('',#13408);
#13408 = AXIS2_PLACEMENT_3D('',#13409,#13410,#13411);
#13409 = CARTESIAN_POINT('',(-1.115,-0.575,3.E-02));
#13410 = DIRECTION('',(-0.,1.,0.));
#13411 = DIRECTION('',(0.,0.,1.));
#13412 = ADVANCED_FACE('',(#13413),#13438,.T.);
#13413 = FACE_BOUND('',#13414,.T.);
#13414 = EDGE_LOOP('',(#13415,#13423,#13424,#13432));
#13415 = ORIENTED_EDGE('',*,*,#13416,.F.);
#13416 = EDGE_CURVE('',#13387,#13417,#13419,.T.);
#13417 = VERTEX_POINT('',#13418);
#13418 = CARTESIAN_POINT('',(-1.115,-0.505,0.45));
#13419 = LINE('',#13420,#13421);
#13420 = CARTESIAN_POINT('',(-1.115,-0.575,0.45));
#13421 = VECTOR('',#13422,1.);
#13422 = DIRECTION('',(-0.,1.,0.));
#13423 = ORIENTED_EDGE('',*,*,#13394,.T.);
#13424 = ORIENTED_EDGE('',*,*,#13425,.T.);
#13425 = EDGE_CURVE('',#13395,#13426,#13428,.T.);
#13426 = VERTEX_POINT('',#13427);
#13427 = CARTESIAN_POINT('',(-0.985,-0.505,0.45));
#13428 = LINE('',#13429,#13430);
#13429 = CARTESIAN_POINT('',(-0.985,-0.575,0.45));
#13430 = VECTOR('',#13431,1.);
#13431 = DIRECTION('',(-0.,1.,0.));
#13432 = ORIENTED_EDGE('',*,*,#13433,.F.);
#13433 = EDGE_CURVE('',#13417,#13426,#13434,.T.);
#13434 = LINE('',#13435,#13436);
#13435 = CARTESIAN_POINT('',(-1.115,-0.505,0.45));
#13436 = VECTOR('',#13437,1.);
#13437 = DIRECTION('',(1.,0.,-0.));
#13438 = PLANE('',#13439);
#13439 = AXIS2_PLACEMENT_3D('',#13440,#13441,#13442);
#13440 = CARTESIAN_POINT('',(-1.115,-0.575,0.45));
#13441 = DIRECTION('',(0.,0.,1.));
#13442 = DIRECTION('',(1.,0.,-0.));
#13443 = ADVANCED_FACE('',(#13444),#13468,.T.);
#13444 = FACE_BOUND('',#13445,.T.);
#13445 = EDGE_LOOP('',(#13446,#13447,#13448,#13449,#13450,#13451,#13459,
    #13465,#13466,#13467));
#13446 = ORIENTED_EDGE('',*,*,#13292,.T.);
#13447 = ORIENTED_EDGE('',*,*,#13324,.T.);
#13448 = ORIENTED_EDGE('',*,*,#13354,.T.);
#13449 = ORIENTED_EDGE('',*,*,#13386,.T.);
#13450 = ORIENTED_EDGE('',*,*,#13416,.T.);
#13451 = ORIENTED_EDGE('',*,*,#13452,.F.);
#13452 = EDGE_CURVE('',#13453,#13417,#13455,.T.);
#13453 = VERTEX_POINT('',#13454);
#13454 = CARTESIAN_POINT('',(-1.115,-0.505,3.E-02));
#13455 = LINE('',#13456,#13457);
#13456 = CARTESIAN_POINT('',(-1.115,-0.505,3.E-02));
#13457 = VECTOR('',#13458,1.);
#13458 = DIRECTION('',(0.,0.,1.));
#13459 = ORIENTED_EDGE('',*,*,#13460,.F.);
#13460 = EDGE_CURVE('',#13209,#13453,#13461,.T.);
#13461 = LINE('',#13462,#13463);
#13462 = CARTESIAN_POINT('',(-1.115,-0.74,3.E-02));
#13463 = VECTOR('',#13464,1.);
#13464 = DIRECTION('',(-0.,1.,0.));
#13465 = ORIENTED_EDGE('',*,*,#13208,.F.);
#13466 = ORIENTED_EDGE('',*,*,#13230,.F.);
#13467 = ORIENTED_EDGE('',*,*,#13262,.T.);
#13468 = PLANE('',#13469);
#13469 = AXIS2_PLACEMENT_3D('',#13470,#13471,#13472);
#13470 = CARTESIAN_POINT('',(-1.115,-0.636168639053,0.158668639053));
#13471 = DIRECTION('',(-1.,-0.,-0.));
#13472 = DIRECTION('',(0.,0.,-1.));
#13473 = ADVANCED_FACE('',(#13474),#13498,.T.);
#13474 = FACE_BOUND('',#13475,.T.);
#13475 = EDGE_LOOP('',(#13476,#13477,#13478,#13479,#13480,#13488,#13494,
    #13495,#13496,#13497));
#13476 = ORIENTED_EDGE('',*,*,#13301,.F.);
#13477 = ORIENTED_EDGE('',*,*,#13278,.F.);
#13478 = ORIENTED_EDGE('',*,*,#13246,.T.);
#13479 = ORIENTED_EDGE('',*,*,#13190,.T.);
#13480 = ORIENTED_EDGE('',*,*,#13481,.T.);
#13481 = EDGE_CURVE('',#13193,#13482,#13484,.T.);
#13482 = VERTEX_POINT('',#13483);
#13483 = CARTESIAN_POINT('',(-0.985,-0.505,3.E-02));
#13484 = LINE('',#13485,#13486);
#13485 = CARTESIAN_POINT('',(-0.985,-0.74,3.E-02));
#13486 = VECTOR('',#13487,1.);
#13487 = DIRECTION('',(-0.,1.,0.));
#13488 = ORIENTED_EDGE('',*,*,#13489,.T.);
#13489 = EDGE_CURVE('',#13482,#13426,#13490,.T.);
#13490 = LINE('',#13491,#13492);
#13491 = CARTESIAN_POINT('',(-0.985,-0.505,3.E-02));
#13492 = VECTOR('',#13493,1.);
#13493 = DIRECTION('',(0.,0.,1.));
#13494 = ORIENTED_EDGE('',*,*,#13425,.F.);
#13495 = ORIENTED_EDGE('',*,*,#13402,.F.);
#13496 = ORIENTED_EDGE('',*,*,#13363,.F.);
#13497 = ORIENTED_EDGE('',*,*,#13340,.F.);
#13498 = PLANE('',#13499);
#13499 = AXIS2_PLACEMENT_3D('',#13500,#13501,#13502);
#13500 = CARTESIAN_POINT('',(-0.985,-0.636168639053,0.158668639053));
#13501 = DIRECTION('',(1.,0.,0.));
#13502 = DIRECTION('',(-0.,0.,1.));
#13503 = ADVANCED_FACE('',(#13504),#13515,.F.);
#13504 = FACE_BOUND('',#13505,.T.);
#13505 = EDGE_LOOP('',(#13506,#13507,#13513,#13514));
#13506 = ORIENTED_EDGE('',*,*,#13460,.T.);
#13507 = ORIENTED_EDGE('',*,*,#13508,.T.);
#13508 = EDGE_CURVE('',#13453,#13482,#13509,.T.);
#13509 = LINE('',#13510,#13511);
#13510 = CARTESIAN_POINT('',(-1.115,-0.505,3.E-02));
#13511 = VECTOR('',#13512,1.);
#13512 = DIRECTION('',(1.,0.,-0.));
#13513 = ORIENTED_EDGE('',*,*,#13481,.F.);
#13514 = ORIENTED_EDGE('',*,*,#13216,.F.);
#13515 = PLANE('',#13516);
#13516 = AXIS2_PLACEMENT_3D('',#13517,#13518,#13519);
#13517 = CARTESIAN_POINT('',(-1.115,-0.74,3.E-02));
#13518 = DIRECTION('',(0.,0.,1.));
#13519 = DIRECTION('',(1.,0.,-0.));
#13520 = ADVANCED_FACE('',(#13521),#13527,.T.);
#13521 = FACE_BOUND('',#13522,.T.);
#13522 = EDGE_LOOP('',(#13523,#13524,#13525,#13526));
#13523 = ORIENTED_EDGE('',*,*,#13508,.F.);
#13524 = ORIENTED_EDGE('',*,*,#13452,.T.);
#13525 = ORIENTED_EDGE('',*,*,#13433,.T.);
#13526 = ORIENTED_EDGE('',*,*,#13489,.F.);
#13527 = PLANE('',#13528);
#13528 = AXIS2_PLACEMENT_3D('',#13529,#13530,#13531);
#13529 = CARTESIAN_POINT('',(-1.05,-0.505,0.24));
#13530 = DIRECTION('',(0.,1.,0.));
#13531 = DIRECTION('',(0.,-0.,1.));
#13532 = ( GEOMETRIC_REPRESENTATION_CONTEXT(3) 
GLOBAL_UNCERTAINTY_ASSIGNED_CONTEXT((#13536)) 
GLOBAL_UNIT_ASSIGNED_CONTEXT((#13533,#13534,#13535)) 
REPRESENTATION_CONTEXT('Context #1',
  '3D Context with UNIT and UNCERTAINTY') );
#13533 = ( LENGTH_UNIT() NAMED_UNIT(*) SI_UNIT(.MILLI.,.METRE.) );
#13534 = ( NAMED_UNIT(*) PLANE_ANGLE_UNIT() SI_UNIT($,.RADIAN.) );
#13535 = ( NAMED_UNIT(*) SI_UNIT($,.STERADIAN.) SOLID_ANGLE_UNIT() );
#13536 = UNCERTAINTY_MEASURE_WITH_UNIT(LENGTH_MEASURE(1.E-07),#13533,
  'distance_accuracy_value','confusion accuracy');
#13537 = CONTEXT_DEPENDENT_SHAPE_REPRESENTATION(#13538,#13540);
#13538 = ( REPRESENTATION_RELATIONSHIP('','',#13183,#10) 
REPRESENTATION_RELATIONSHIP_WITH_TRANSFORMATION(#13539) 
SHAPE_REPRESENTATION_RELATIONSHIP() );
#13539 = ITEM_DEFINED_TRANSFORMATION('','',#11,#35);
#13540 = PRODUCT_DEFINITION_SHAPE('Placement','Placement of an item',
  #13541);
#13541 = NEXT_ASSEMBLY_USAGE_OCCURRENCE('6','contact_03','',#5,#13178,$
  );
#13542 = PRODUCT_RELATED_PRODUCT_CATEGORY('part',$,(#13180));
#13543 = SHAPE_DEFINITION_REPRESENTATION(#13544,#13550);
#13544 = PRODUCT_DEFINITION_SHAPE('','',#13545);
#13545 = PRODUCT_DEFINITION('design','',#13546,#13549);
#13546 = PRODUCT_DEFINITION_FORMATION('','',#13547);
#13547 = PRODUCT('contact_04','contact_04','',(#13548));
#13548 = PRODUCT_CONTEXT('',#2,'mechanical');
#13549 = PRODUCT_DEFINITION_CONTEXT('part definition',#2,'design');
#13550 = ADVANCED_BREP_SHAPE_REPRESENTATION('',(#11,#13551),#13899);
#13551 = MANIFOLD_SOLID_BREP('',#13552);
#13552 = CLOSED_SHELL('',(#13553,#13593,#13624,#13655,#13686,#13717,
    #13748,#13779,#13810,#13840,#13870,#13887));
#13553 = ADVANCED_FACE('',(#13554),#13588,.T.);
#13554 = FACE_BOUND('',#13555,.T.);
#13555 = EDGE_LOOP('',(#13556,#13566,#13574,#13582));
#13556 = ORIENTED_EDGE('',*,*,#13557,.F.);
#13557 = EDGE_CURVE('',#13558,#13560,#13562,.T.);
#13558 = VERTEX_POINT('',#13559);
#13559 = CARTESIAN_POINT('',(-1.115,0.74,7.E-02));
#13560 = VERTEX_POINT('',#13561);
#13561 = CARTESIAN_POINT('',(-1.115,0.9,7.E-02));
#13562 = LINE('',#13563,#13564);
#13563 = CARTESIAN_POINT('',(-1.115,0.72,7.E-02));
#13564 = VECTOR('',#13565,1.);
#13565 = DIRECTION('',(-0.,1.,0.));
#13566 = ORIENTED_EDGE('',*,*,#13567,.F.);
#13567 = EDGE_CURVE('',#13568,#13558,#13570,.T.);
#13568 = VERTEX_POINT('',#13569);
#13569 = CARTESIAN_POINT('',(-0.985,0.74,7.E-02));
#13570 = LINE('',#13571,#13572);
#13571 = CARTESIAN_POINT('',(-1.115,0.74,7.E-02));
#13572 = VECTOR('',#13573,1.);
#13573 = DIRECTION('',(-1.,-0.,0.));
#13574 = ORIENTED_EDGE('',*,*,#13575,.T.);
#13575 = EDGE_CURVE('',#13568,#13576,#13578,.T.);
#13576 = VERTEX_POINT('',#13577);
#13577 = CARTESIAN_POINT('',(-0.985,0.9,7.E-02));
#13578 = LINE('',#13579,#13580);
#13579 = CARTESIAN_POINT('',(-0.985,0.72,7.E-02));
#13580 = VECTOR('',#13581,1.);
#13581 = DIRECTION('',(-0.,1.,0.));
#13582 = ORIENTED_EDGE('',*,*,#13583,.F.);
#13583 = EDGE_CURVE('',#13560,#13576,#13584,.T.);
#13584 = LINE('',#13585,#13586);
#13585 = CARTESIAN_POINT('',(-1.115,0.9,7.E-02));
#13586 = VECTOR('',#13587,1.);
#13587 = DIRECTION('',(1.,0.,-0.));
#13588 = PLANE('',#13589);
#13589 = AXIS2_PLACEMENT_3D('',#13590,#13591,#13592);
#13590 = CARTESIAN_POINT('',(-1.115,0.72,7.E-02));
#13591 = DIRECTION('',(0.,0.,1.));
#13592 = DIRECTION('',(1.,0.,-0.));
#13593 = ADVANCED_FACE('',(#13594),#13619,.T.);
#13594 = FACE_BOUND('',#13595,.T.);
#13595 = EDGE_LOOP('',(#13596,#13606,#13612,#13613));
#13596 = ORIENTED_EDGE('',*,*,#13597,.F.);
#13597 = EDGE_CURVE('',#13598,#13600,#13602,.T.);
#13598 = VERTEX_POINT('',#13599);
#13599 = CARTESIAN_POINT('',(-1.115,0.9,0.));
#13600 = VERTEX_POINT('',#13601);
#13601 = CARTESIAN_POINT('',(-0.985,0.9,0.));
#13602 = LINE('',#13603,#13604);
#13603 = CARTESIAN_POINT('',(-1.115,0.9,0.));
#13604 = VECTOR('',#13605,1.);
#13605 = DIRECTION('',(1.,0.,-0.));
#13606 = ORIENTED_EDGE('',*,*,#13607,.T.);
#13607 = EDGE_CURVE('',#13598,#13560,#13608,.T.);
#13608 = LINE('',#13609,#13610);
#13609 = CARTESIAN_POINT('',(-1.115,0.9,0.));
#13610 = VECTOR('',#13611,1.);
#13611 = DIRECTION('',(0.,0.,1.));
#13612 = ORIENTED_EDGE('',*,*,#13583,.T.);
#13613 = ORIENTED_EDGE('',*,*,#13614,.F.);
#13614 = EDGE_CURVE('',#13600,#13576,#13615,.T.);
#13615 = LINE('',#13616,#13617);
#13616 = CARTESIAN_POINT('',(-0.985,0.9,0.));
#13617 = VECTOR('',#13618,1.);
#13618 = DIRECTION('',(0.,0.,1.));
#13619 = PLANE('',#13620);
#13620 = AXIS2_PLACEMENT_3D('',#13621,#13622,#13623);
#13621 = CARTESIAN_POINT('',(-1.115,0.9,0.));
#13622 = DIRECTION('',(-0.,1.,0.));
#13623 = DIRECTION('',(0.,0.,1.));
#13624 = ADVANCED_FACE('',(#13625),#13650,.F.);
#13625 = FACE_BOUND('',#13626,.F.);
#13626 = EDGE_LOOP('',(#13627,#13635,#13643,#13649));
#13627 = ORIENTED_EDGE('',*,*,#13628,.F.);
#13628 = EDGE_CURVE('',#13629,#13598,#13631,.T.);
#13629 = VERTEX_POINT('',#13630);
#13630 = CARTESIAN_POINT('',(-1.115,0.72,0.));
#13631 = LINE('',#13632,#13633);
#13632 = CARTESIAN_POINT('',(-1.115,0.72,0.));
#13633 = VECTOR('',#13634,1.);
#13634 = DIRECTION('',(-0.,1.,0.));
#13635 = ORIENTED_EDGE('',*,*,#13636,.T.);
#13636 = EDGE_CURVE('',#13629,#13637,#13639,.T.);
#13637 = VERTEX_POINT('',#13638);
#13638 = CARTESIAN_POINT('',(-0.985,0.72,0.));
#13639 = LINE('',#13640,#13641);
#13640 = CARTESIAN_POINT('',(-1.115,0.72,0.));
#13641 = VECTOR('',#13642,1.);
#13642 = DIRECTION('',(1.,0.,-0.));
#13643 = ORIENTED_EDGE('',*,*,#13644,.T.);
#13644 = EDGE_CURVE('',#13637,#13600,#13645,.T.);
#13645 = LINE('',#13646,#13647);
#13646 = CARTESIAN_POINT('',(-0.985,0.72,0.));
#13647 = VECTOR('',#13648,1.);
#13648 = DIRECTION('',(-0.,1.,0.));
#13649 = ORIENTED_EDGE('',*,*,#13597,.F.);
#13650 = PLANE('',#13651);
#13651 = AXIS2_PLACEMENT_3D('',#13652,#13653,#13654);
#13652 = CARTESIAN_POINT('',(-1.115,0.72,0.));
#13653 = DIRECTION('',(0.,0.,1.));
#13654 = DIRECTION('',(1.,0.,-0.));
#13655 = ADVANCED_FACE('',(#13656),#13681,.F.);
#13656 = FACE_BOUND('',#13657,.F.);
#13657 = EDGE_LOOP('',(#13658,#13666,#13667,#13675));
#13658 = ORIENTED_EDGE('',*,*,#13659,.F.);
#13659 = EDGE_CURVE('',#13637,#13660,#13662,.T.);
#13660 = VERTEX_POINT('',#13661);
#13661 = CARTESIAN_POINT('',(-0.985,0.72,3.E-02));
#13662 = LINE('',#13663,#13664);
#13663 = CARTESIAN_POINT('',(-0.985,0.72,0.));
#13664 = VECTOR('',#13665,1.);
#13665 = DIRECTION('',(0.,0.,1.));
#13666 = ORIENTED_EDGE('',*,*,#13636,.F.);
#13667 = ORIENTED_EDGE('',*,*,#13668,.T.);
#13668 = EDGE_CURVE('',#13629,#13669,#13671,.T.);
#13669 = VERTEX_POINT('',#13670);
#13670 = CARTESIAN_POINT('',(-1.115,0.72,3.E-02));
#13671 = LINE('',#13672,#13673);
#13672 = CARTESIAN_POINT('',(-1.115,0.72,0.));
#13673 = VECTOR('',#13674,1.);
#13674 = DIRECTION('',(0.,0.,1.));
#13675 = ORIENTED_EDGE('',*,*,#13676,.T.);
#13676 = EDGE_CURVE('',#13669,#13660,#13677,.T.);
#13677 = LINE('',#13678,#13679);
#13678 = CARTESIAN_POINT('',(-1.115,0.72,3.E-02));
#13679 = VECTOR('',#13680,1.);
#13680 = DIRECTION('',(1.,0.,-0.));
#13681 = PLANE('',#13682);
#13682 = AXIS2_PLACEMENT_3D('',#13683,#13684,#13685);
#13683 = CARTESIAN_POINT('',(-1.115,0.72,0.));
#13684 = DIRECTION('',(-0.,1.,0.));
#13685 = DIRECTION('',(0.,0.,1.));
#13686 = ADVANCED_FACE('',(#13687),#13712,.T.);
#13687 = FACE_BOUND('',#13688,.T.);
#13688 = EDGE_LOOP('',(#13689,#13690,#13698,#13706));
#13689 = ORIENTED_EDGE('',*,*,#13567,.T.);
#13690 = ORIENTED_EDGE('',*,*,#13691,.T.);
#13691 = EDGE_CURVE('',#13558,#13692,#13694,.T.);
#13692 = VERTEX_POINT('',#13693);
#13693 = CARTESIAN_POINT('',(-1.115,0.74,0.1));
#13694 = LINE('',#13695,#13696);
#13695 = CARTESIAN_POINT('',(-1.115,0.74,3.E-02));
#13696 = VECTOR('',#13697,1.);
#13697 = DIRECTION('',(0.,0.,1.));
#13698 = ORIENTED_EDGE('',*,*,#13699,.T.);
#13699 = EDGE_CURVE('',#13692,#13700,#13702,.T.);
#13700 = VERTEX_POINT('',#13701);
#13701 = CARTESIAN_POINT('',(-0.985,0.74,0.1));
#13702 = LINE('',#13703,#13704);
#13703 = CARTESIAN_POINT('',(-1.115,0.74,0.1));
#13704 = VECTOR('',#13705,1.);
#13705 = DIRECTION('',(1.,0.,-0.));
#13706 = ORIENTED_EDGE('',*,*,#13707,.F.);
#13707 = EDGE_CURVE('',#13568,#13700,#13708,.T.);
#13708 = LINE('',#13709,#13710);
#13709 = CARTESIAN_POINT('',(-0.985,0.74,3.E-02));
#13710 = VECTOR('',#13711,1.);
#13711 = DIRECTION('',(0.,0.,1.));
#13712 = PLANE('',#13713);
#13713 = AXIS2_PLACEMENT_3D('',#13714,#13715,#13716);
#13714 = CARTESIAN_POINT('',(-1.115,0.74,3.E-02));
#13715 = DIRECTION('',(-0.,1.,0.));
#13716 = DIRECTION('',(0.,0.,1.));
#13717 = ADVANCED_FACE('',(#13718),#13743,.T.);
#13718 = FACE_BOUND('',#13719,.T.);
#13719 = EDGE_LOOP('',(#13720,#13728,#13736,#13742));
#13720 = ORIENTED_EDGE('',*,*,#13721,.F.);
#13721 = EDGE_CURVE('',#13722,#13692,#13724,.T.);
#13722 = VERTEX_POINT('',#13723);
#13723 = CARTESIAN_POINT('',(-1.115,0.575,0.1));
#13724 = LINE('',#13725,#13726);
#13725 = CARTESIAN_POINT('',(-1.115,0.505,0.1));
#13726 = VECTOR('',#13727,1.);
#13727 = DIRECTION('',(-0.,1.,0.));
#13728 = ORIENTED_EDGE('',*,*,#13729,.F.);
#13729 = EDGE_CURVE('',#13730,#13722,#13732,.T.);
#13730 = VERTEX_POINT('',#13731);
#13731 = CARTESIAN_POINT('',(-0.985,0.575,0.1));
#13732 = LINE('',#13733,#13734);
#13733 = CARTESIAN_POINT('',(-1.115,0.575,0.1));
#13734 = VECTOR('',#13735,1.);
#13735 = DIRECTION('',(-1.,-0.,0.));
#13736 = ORIENTED_EDGE('',*,*,#13737,.T.);
#13737 = EDGE_CURVE('',#13730,#13700,#13738,.T.);
#13738 = LINE('',#13739,#13740);
#13739 = CARTESIAN_POINT('',(-0.985,0.505,0.1));
#13740 = VECTOR('',#13741,1.);
#13741 = DIRECTION('',(-0.,1.,0.));
#13742 = ORIENTED_EDGE('',*,*,#13699,.F.);
#13743 = PLANE('',#13744);
#13744 = AXIS2_PLACEMENT_3D('',#13745,#13746,#13747);
#13745 = CARTESIAN_POINT('',(-1.115,0.505,0.1));
#13746 = DIRECTION('',(0.,0.,1.));
#13747 = DIRECTION('',(1.,0.,-0.));
#13748 = ADVANCED_FACE('',(#13749),#13774,.T.);
#13749 = FACE_BOUND('',#13750,.T.);
#13750 = EDGE_LOOP('',(#13751,#13752,#13760,#13768));
#13751 = ORIENTED_EDGE('',*,*,#13729,.T.);
#13752 = ORIENTED_EDGE('',*,*,#13753,.T.);
#13753 = EDGE_CURVE('',#13722,#13754,#13756,.T.);
#13754 = VERTEX_POINT('',#13755);
#13755 = CARTESIAN_POINT('',(-1.115,0.575,0.45));
#13756 = LINE('',#13757,#13758);
#13757 = CARTESIAN_POINT('',(-1.115,0.575,3.E-02));
#13758 = VECTOR('',#13759,1.);
#13759 = DIRECTION('',(0.,0.,1.));
#13760 = ORIENTED_EDGE('',*,*,#13761,.T.);
#13761 = EDGE_CURVE('',#13754,#13762,#13764,.T.);
#13762 = VERTEX_POINT('',#13763);
#13763 = CARTESIAN_POINT('',(-0.985,0.575,0.45));
#13764 = LINE('',#13765,#13766);
#13765 = CARTESIAN_POINT('',(-1.115,0.575,0.45));
#13766 = VECTOR('',#13767,1.);
#13767 = DIRECTION('',(1.,0.,-0.));
#13768 = ORIENTED_EDGE('',*,*,#13769,.F.);
#13769 = EDGE_CURVE('',#13730,#13762,#13770,.T.);
#13770 = LINE('',#13771,#13772);
#13771 = CARTESIAN_POINT('',(-0.985,0.575,3.E-02));
#13772 = VECTOR('',#13773,1.);
#13773 = DIRECTION('',(0.,0.,1.));
#13774 = PLANE('',#13775);
#13775 = AXIS2_PLACEMENT_3D('',#13776,#13777,#13778);
#13776 = CARTESIAN_POINT('',(-1.115,0.575,3.E-02));
#13777 = DIRECTION('',(-0.,1.,0.));
#13778 = DIRECTION('',(0.,0.,1.));
#13779 = ADVANCED_FACE('',(#13780),#13805,.T.);
#13780 = FACE_BOUND('',#13781,.T.);
#13781 = EDGE_LOOP('',(#13782,#13790,#13798,#13804));
#13782 = ORIENTED_EDGE('',*,*,#13783,.F.);
#13783 = EDGE_CURVE('',#13784,#13754,#13786,.T.);
#13784 = VERTEX_POINT('',#13785);
#13785 = CARTESIAN_POINT('',(-1.115,0.505,0.45));
#13786 = LINE('',#13787,#13788);
#13787 = CARTESIAN_POINT('',(-1.115,0.505,0.45));
#13788 = VECTOR('',#13789,1.);
#13789 = DIRECTION('',(-0.,1.,0.));
#13790 = ORIENTED_EDGE('',*,*,#13791,.T.);
#13791 = EDGE_CURVE('',#13784,#13792,#13794,.T.);
#13792 = VERTEX_POINT('',#13793);
#13793 = CARTESIAN_POINT('',(-0.985,0.505,0.45));
#13794 = LINE('',#13795,#13796);
#13795 = CARTESIAN_POINT('',(-1.115,0.505,0.45));
#13796 = VECTOR('',#13797,1.);
#13797 = DIRECTION('',(1.,0.,-0.));
#13798 = ORIENTED_EDGE('',*,*,#13799,.T.);
#13799 = EDGE_CURVE('',#13792,#13762,#13800,.T.);
#13800 = LINE('',#13801,#13802);
#13801 = CARTESIAN_POINT('',(-0.985,0.505,0.45));
#13802 = VECTOR('',#13803,1.);
#13803 = DIRECTION('',(-0.,1.,0.));
#13804 = ORIENTED_EDGE('',*,*,#13761,.F.);
#13805 = PLANE('',#13806);
#13806 = AXIS2_PLACEMENT_3D('',#13807,#13808,#13809);
#13807 = CARTESIAN_POINT('',(-1.115,0.505,0.45));
#13808 = DIRECTION('',(0.,0.,1.));
#13809 = DIRECTION('',(1.,0.,-0.));
#13810 = ADVANCED_FACE('',(#13811),#13835,.T.);
#13811 = FACE_BOUND('',#13812,.T.);
#13812 = EDGE_LOOP('',(#13813,#13814,#13822,#13828,#13829,#13830,#13831,
    #13832,#13833,#13834));
#13813 = ORIENTED_EDGE('',*,*,#13668,.T.);
#13814 = ORIENTED_EDGE('',*,*,#13815,.F.);
#13815 = EDGE_CURVE('',#13816,#13669,#13818,.T.);
#13816 = VERTEX_POINT('',#13817);
#13817 = CARTESIAN_POINT('',(-1.115,0.505,3.E-02));
#13818 = LINE('',#13819,#13820);
#13819 = CARTESIAN_POINT('',(-1.115,0.505,3.E-02));
#13820 = VECTOR('',#13821,1.);
#13821 = DIRECTION('',(-0.,1.,0.));
#13822 = ORIENTED_EDGE('',*,*,#13823,.T.);
#13823 = EDGE_CURVE('',#13816,#13784,#13824,.T.);
#13824 = LINE('',#13825,#13826);
#13825 = CARTESIAN_POINT('',(-1.115,0.505,3.E-02));
#13826 = VECTOR('',#13827,1.);
#13827 = DIRECTION('',(0.,0.,1.));
#13828 = ORIENTED_EDGE('',*,*,#13783,.T.);
#13829 = ORIENTED_EDGE('',*,*,#13753,.F.);
#13830 = ORIENTED_EDGE('',*,*,#13721,.T.);
#13831 = ORIENTED_EDGE('',*,*,#13691,.F.);
#13832 = ORIENTED_EDGE('',*,*,#13557,.T.);
#13833 = ORIENTED_EDGE('',*,*,#13607,.F.);
#13834 = ORIENTED_EDGE('',*,*,#13628,.F.);
#13835 = PLANE('',#13836);
#13836 = AXIS2_PLACEMENT_3D('',#13837,#13838,#13839);
#13837 = CARTESIAN_POINT('',(-1.115,0.636168639053,0.158668639053));
#13838 = DIRECTION('',(-1.,-0.,-0.));
#13839 = DIRECTION('',(0.,0.,-1.));
#13840 = ADVANCED_FACE('',(#13841),#13865,.T.);
#13841 = FACE_BOUND('',#13842,.T.);
#13842 = EDGE_LOOP('',(#13843,#13844,#13845,#13846,#13847,#13848,#13849,
    #13850,#13851,#13859));
#13843 = ORIENTED_EDGE('',*,*,#13659,.F.);
#13844 = ORIENTED_EDGE('',*,*,#13644,.T.);
#13845 = ORIENTED_EDGE('',*,*,#13614,.T.);
#13846 = ORIENTED_EDGE('',*,*,#13575,.F.);
#13847 = ORIENTED_EDGE('',*,*,#13707,.T.);
#13848 = ORIENTED_EDGE('',*,*,#13737,.F.);
#13849 = ORIENTED_EDGE('',*,*,#13769,.T.);
#13850 = ORIENTED_EDGE('',*,*,#13799,.F.);
#13851 = ORIENTED_EDGE('',*,*,#13852,.F.);
#13852 = EDGE_CURVE('',#13853,#13792,#13855,.T.);
#13853 = VERTEX_POINT('',#13854);
#13854 = CARTESIAN_POINT('',(-0.985,0.505,3.E-02));
#13855 = LINE('',#13856,#13857);
#13856 = CARTESIAN_POINT('',(-0.985,0.505,3.E-02));
#13857 = VECTOR('',#13858,1.);
#13858 = DIRECTION('',(0.,0.,1.));
#13859 = ORIENTED_EDGE('',*,*,#13860,.T.);
#13860 = EDGE_CURVE('',#13853,#13660,#13861,.T.);
#13861 = LINE('',#13862,#13863);
#13862 = CARTESIAN_POINT('',(-0.985,0.505,3.E-02));
#13863 = VECTOR('',#13864,1.);
#13864 = DIRECTION('',(-0.,1.,0.));
#13865 = PLANE('',#13866);
#13866 = AXIS2_PLACEMENT_3D('',#13867,#13868,#13869);
#13867 = CARTESIAN_POINT('',(-0.985,0.636168639053,0.158668639053));
#13868 = DIRECTION('',(1.,0.,0.));
#13869 = DIRECTION('',(-0.,0.,1.));
#13870 = ADVANCED_FACE('',(#13871),#13882,.F.);
#13871 = FACE_BOUND('',#13872,.T.);
#13872 = EDGE_LOOP('',(#13873,#13874,#13875,#13876));
#13873 = ORIENTED_EDGE('',*,*,#13815,.T.);
#13874 = ORIENTED_EDGE('',*,*,#13676,.T.);
#13875 = ORIENTED_EDGE('',*,*,#13860,.F.);
#13876 = ORIENTED_EDGE('',*,*,#13877,.F.);
#13877 = EDGE_CURVE('',#13816,#13853,#13878,.T.);
#13878 = LINE('',#13879,#13880);
#13879 = CARTESIAN_POINT('',(-1.115,0.505,3.E-02));
#13880 = VECTOR('',#13881,1.);
#13881 = DIRECTION('',(1.,0.,-0.));
#13882 = PLANE('',#13883);
#13883 = AXIS2_PLACEMENT_3D('',#13884,#13885,#13886);
#13884 = CARTESIAN_POINT('',(-1.115,0.505,3.E-02));
#13885 = DIRECTION('',(0.,0.,1.));
#13886 = DIRECTION('',(1.,0.,-0.));
#13887 = ADVANCED_FACE('',(#13888),#13894,.T.);
#13888 = FACE_BOUND('',#13889,.T.);
#13889 = EDGE_LOOP('',(#13890,#13891,#13892,#13893));
#13890 = ORIENTED_EDGE('',*,*,#13877,.T.);
#13891 = ORIENTED_EDGE('',*,*,#13852,.T.);
#13892 = ORIENTED_EDGE('',*,*,#13791,.F.);
#13893 = ORIENTED_EDGE('',*,*,#13823,.F.);
#13894 = PLANE('',#13895);
#13895 = AXIS2_PLACEMENT_3D('',#13896,#13897,#13898);
#13896 = CARTESIAN_POINT('',(-1.05,0.505,0.24));
#13897 = DIRECTION('',(-0.,-1.,-0.));
#13898 = DIRECTION('',(0.,0.,-1.));
#13899 = ( GEOMETRIC_REPRESENTATION_CONTEXT(3) 
GLOBAL_UNCERTAINTY_ASSIGNED_CONTEXT((#13903)) 
GLOBAL_UNIT_ASSIGNED_CONTEXT((#13900,#13901,#13902)) 
REPRESENTATION_CONTEXT('Context #1',
  '3D Context with UNIT and UNCERTAINTY') );
#13900 = ( LENGTH_UNIT() NAMED_UNIT(*) SI_UNIT(.MILLI.,.METRE.) );
#13901 = ( NAMED_UNIT(*) PLANE_ANGLE_UNIT() SI_UNIT($,.RADIAN.) );
#13902 = ( NAMED_UNIT(*) SI_UNIT($,.STERADIAN.) SOLID_ANGLE_UNIT() );
#13903 = UNCERTAINTY_MEASURE_WITH_UNIT(LENGTH_MEASURE(1.E-07),#13900,
  'distance_accuracy_value','confusion accuracy');
#13904 = CONTEXT_DEPENDENT_SHAPE_REPRESENTATION(#13905,#13907);
#13905 = ( REPRESENTATION_RELATIONSHIP('','',#13550,#10) 
REPRESENTATION_RELATIONSHIP_WITH_TRANSFORMATION(#13906) 
SHAPE_REPRESENTATION_RELATIONSHIP() );
#13906 = ITEM_DEFINED_TRANSFORMATION('','',#11,#39);
#13907 = PRODUCT_DEFINITION_SHAPE('Placement','Placement of an item',
  #13908);
#13908 = NEXT_ASSEMBLY_USAGE_OCCURRENCE('7','contact_04','',#5,#13545,$
  );
#13909 = PRODUCT_RELATED_PRODUCT_CATEGORY('part',$,(#13547));
#13910 = SHAPE_DEFINITION_REPRESENTATION(#13911,#13917);
#13911 = PRODUCT_DEFINITION_SHAPE('','',#13912);
#13912 = PRODUCT_DEFINITION('design','',#13913,#13916);
#13913 = PRODUCT_DEFINITION_FORMATION('','',#13914);
#13914 = PRODUCT('contact_05','contact_05','',(#13915));
#13915 = PRODUCT_CONTEXT('',#2,'mechanical');
#13916 = PRODUCT_DEFINITION_CONTEXT('part definition',#2,'design');
#13917 = ADVANCED_BREP_SHAPE_REPRESENTATION('',(#11,#13918),#14266);
#13918 = MANIFOLD_SOLID_BREP('',#13919);
#13919 = CLOSED_SHELL('',(#13920,#13960,#13991,#14022,#14053,#14084,
    #14115,#14146,#14177,#14207,#14237,#14254));
#13920 = ADVANCED_FACE('',(#13921),#13955,.T.);
#13921 = FACE_BOUND('',#13922,.T.);
#13922 = EDGE_LOOP('',(#13923,#13933,#13941,#13949));
#13923 = ORIENTED_EDGE('',*,*,#13924,.F.);
#13924 = EDGE_CURVE('',#13925,#13927,#13929,.T.);
#13925 = VERTEX_POINT('',#13926);
#13926 = CARTESIAN_POINT('',(-0.635,-0.72,0.));
#13927 = VERTEX_POINT('',#13928);
#13928 = CARTESIAN_POINT('',(-0.635,-0.72,3.E-02));
#13929 = LINE('',#13930,#13931);
#13930 = CARTESIAN_POINT('',(-0.635,-0.72,0.));
#13931 = VECTOR('',#13932,1.);
#13932 = DIRECTION('',(0.,0.,1.));
#13933 = ORIENTED_EDGE('',*,*,#13934,.F.);
#13934 = EDGE_CURVE('',#13935,#13925,#13937,.T.);
#13935 = VERTEX_POINT('',#13936);
#13936 = CARTESIAN_POINT('',(-0.765,-0.72,0.));
#13937 = LINE('',#13938,#13939);
#13938 = CARTESIAN_POINT('',(-0.765,-0.72,0.));
#13939 = VECTOR('',#13940,1.);
#13940 = DIRECTION('',(1.,0.,-0.));
#13941 = ORIENTED_EDGE('',*,*,#13942,.T.);
#13942 = EDGE_CURVE('',#13935,#13943,#13945,.T.);
#13943 = VERTEX_POINT('',#13944);
#13944 = CARTESIAN_POINT('',(-0.765,-0.72,3.E-02));
#13945 = LINE('',#13946,#13947);
#13946 = CARTESIAN_POINT('',(-0.765,-0.72,0.));
#13947 = VECTOR('',#13948,1.);
#13948 = DIRECTION('',(0.,0.,1.));
#13949 = ORIENTED_EDGE('',*,*,#13950,.T.);
#13950 = EDGE_CURVE('',#13943,#13927,#13951,.T.);
#13951 = LINE('',#13952,#13953);
#13952 = CARTESIAN_POINT('',(-0.765,-0.72,3.E-02));
#13953 = VECTOR('',#13954,1.);
#13954 = DIRECTION('',(1.,0.,-0.));
#13955 = PLANE('',#13956);
#13956 = AXIS2_PLACEMENT_3D('',#13957,#13958,#13959);
#13957 = CARTESIAN_POINT('',(-0.765,-0.72,0.));
#13958 = DIRECTION('',(-0.,1.,0.));
#13959 = DIRECTION('',(0.,0.,1.));
#13960 = ADVANCED_FACE('',(#13961),#13986,.F.);
#13961 = FACE_BOUND('',#13962,.F.);
#13962 = EDGE_LOOP('',(#13963,#13971,#13979,#13985));
#13963 = ORIENTED_EDGE('',*,*,#13964,.F.);
#13964 = EDGE_CURVE('',#13965,#13935,#13967,.T.);
#13965 = VERTEX_POINT('',#13966);
#13966 = CARTESIAN_POINT('',(-0.765,-0.9,0.));
#13967 = LINE('',#13968,#13969);
#13968 = CARTESIAN_POINT('',(-0.765,-0.9,0.));
#13969 = VECTOR('',#13970,1.);
#13970 = DIRECTION('',(-0.,1.,0.));
#13971 = ORIENTED_EDGE('',*,*,#13972,.T.);
#13972 = EDGE_CURVE('',#13965,#13973,#13975,.T.);
#13973 = VERTEX_POINT('',#13974);
#13974 = CARTESIAN_POINT('',(-0.635,-0.9,0.));
#13975 = LINE('',#13976,#13977);
#13976 = CARTESIAN_POINT('',(-0.765,-0.9,0.));
#13977 = VECTOR('',#13978,1.);
#13978 = DIRECTION('',(1.,0.,-0.));
#13979 = ORIENTED_EDGE('',*,*,#13980,.T.);
#13980 = EDGE_CURVE('',#13973,#13925,#13981,.T.);
#13981 = LINE('',#13982,#13983);
#13982 = CARTESIAN_POINT('',(-0.635,-0.9,0.));
#13983 = VECTOR('',#13984,1.);
#13984 = DIRECTION('',(-0.,1.,0.));
#13985 = ORIENTED_EDGE('',*,*,#13934,.F.);
#13986 = PLANE('',#13987);
#13987 = AXIS2_PLACEMENT_3D('',#13988,#13989,#13990);
#13988 = CARTESIAN_POINT('',(-0.765,-0.9,0.));
#13989 = DIRECTION('',(0.,0.,1.));
#13990 = DIRECTION('',(1.,0.,-0.));
#13991 = ADVANCED_FACE('',(#13992),#14017,.F.);
#13992 = FACE_BOUND('',#13993,.F.);
#13993 = EDGE_LOOP('',(#13994,#13995,#14003,#14011));
#13994 = ORIENTED_EDGE('',*,*,#13972,.F.);
#13995 = ORIENTED_EDGE('',*,*,#13996,.T.);
#13996 = EDGE_CURVE('',#13965,#13997,#13999,.T.);
#13997 = VERTEX_POINT('',#13998);
#13998 = CARTESIAN_POINT('',(-0.765,-0.9,7.E-02));
#13999 = LINE('',#14000,#14001);
#14000 = CARTESIAN_POINT('',(-0.765,-0.9,0.));
#14001 = VECTOR('',#14002,1.);
#14002 = DIRECTION('',(0.,0.,1.));
#14003 = ORIENTED_EDGE('',*,*,#14004,.T.);
#14004 = EDGE_CURVE('',#13997,#14005,#14007,.T.);
#14005 = VERTEX_POINT('',#14006);
#14006 = CARTESIAN_POINT('',(-0.635,-0.9,7.E-02));
#14007 = LINE('',#14008,#14009);
#14008 = CARTESIAN_POINT('',(-0.765,-0.9,7.E-02));
#14009 = VECTOR('',#14010,1.);
#14010 = DIRECTION('',(1.,0.,-0.));
#14011 = ORIENTED_EDGE('',*,*,#14012,.F.);
#14012 = EDGE_CURVE('',#13973,#14005,#14013,.T.);
#14013 = LINE('',#14014,#14015);
#14014 = CARTESIAN_POINT('',(-0.635,-0.9,0.));
#14015 = VECTOR('',#14016,1.);
#14016 = DIRECTION('',(0.,0.,1.));
#14017 = PLANE('',#14018);
#14018 = AXIS2_PLACEMENT_3D('',#14019,#14020,#14021);
#14019 = CARTESIAN_POINT('',(-0.765,-0.9,0.));
#14020 = DIRECTION('',(-0.,1.,0.));
#14021 = DIRECTION('',(0.,0.,1.));
#14022 = ADVANCED_FACE('',(#14023),#14048,.T.);
#14023 = FACE_BOUND('',#14024,.T.);
#14024 = EDGE_LOOP('',(#14025,#14033,#14034,#14042));
#14025 = ORIENTED_EDGE('',*,*,#14026,.F.);
#14026 = EDGE_CURVE('',#13997,#14027,#14029,.T.);
#14027 = VERTEX_POINT('',#14028);
#14028 = CARTESIAN_POINT('',(-0.765,-0.74,7.E-02));
#14029 = LINE('',#14030,#14031);
#14030 = CARTESIAN_POINT('',(-0.765,-0.9,7.E-02));
#14031 = VECTOR('',#14032,1.);
#14032 = DIRECTION('',(-0.,1.,0.));
#14033 = ORIENTED_EDGE('',*,*,#14004,.T.);
#14034 = ORIENTED_EDGE('',*,*,#14035,.T.);
#14035 = EDGE_CURVE('',#14005,#14036,#14038,.T.);
#14036 = VERTEX_POINT('',#14037);
#14037 = CARTESIAN_POINT('',(-0.635,-0.74,7.E-02));
#14038 = LINE('',#14039,#14040);
#14039 = CARTESIAN_POINT('',(-0.635,-0.9,7.E-02));
#14040 = VECTOR('',#14041,1.);
#14041 = DIRECTION('',(-0.,1.,0.));
#14042 = ORIENTED_EDGE('',*,*,#14043,.T.);
#14043 = EDGE_CURVE('',#14036,#14027,#14044,.T.);
#14044 = LINE('',#14045,#14046);
#14045 = CARTESIAN_POINT('',(-0.765,-0.74,7.E-02));
#14046 = VECTOR('',#14047,1.);
#14047 = DIRECTION('',(-1.,-0.,0.));
#14048 = PLANE('',#14049);
#14049 = AXIS2_PLACEMENT_3D('',#14050,#14051,#14052);
#14050 = CARTESIAN_POINT('',(-0.765,-0.9,7.E-02));
#14051 = DIRECTION('',(0.,0.,1.));
#14052 = DIRECTION('',(1.,0.,-0.));
#14053 = ADVANCED_FACE('',(#14054),#14079,.F.);
#14054 = FACE_BOUND('',#14055,.F.);
#14055 = EDGE_LOOP('',(#14056,#14057,#14065,#14073));
#14056 = ORIENTED_EDGE('',*,*,#14043,.T.);
#14057 = ORIENTED_EDGE('',*,*,#14058,.T.);
#14058 = EDGE_CURVE('',#14027,#14059,#14061,.T.);
#14059 = VERTEX_POINT('',#14060);
#14060 = CARTESIAN_POINT('',(-0.765,-0.74,0.1));
#14061 = LINE('',#14062,#14063);
#14062 = CARTESIAN_POINT('',(-0.765,-0.74,3.E-02));
#14063 = VECTOR('',#14064,1.);
#14064 = DIRECTION('',(0.,0.,1.));
#14065 = ORIENTED_EDGE('',*,*,#14066,.T.);
#14066 = EDGE_CURVE('',#14059,#14067,#14069,.T.);
#14067 = VERTEX_POINT('',#14068);
#14068 = CARTESIAN_POINT('',(-0.635,-0.74,0.1));
#14069 = LINE('',#14070,#14071);
#14070 = CARTESIAN_POINT('',(-0.765,-0.74,0.1));
#14071 = VECTOR('',#14072,1.);
#14072 = DIRECTION('',(1.,0.,-0.));
#14073 = ORIENTED_EDGE('',*,*,#14074,.F.);
#14074 = EDGE_CURVE('',#14036,#14067,#14075,.T.);
#14075 = LINE('',#14076,#14077);
#14076 = CARTESIAN_POINT('',(-0.635,-0.74,3.E-02));
#14077 = VECTOR('',#14078,1.);
#14078 = DIRECTION('',(0.,0.,1.));
#14079 = PLANE('',#14080);
#14080 = AXIS2_PLACEMENT_3D('',#14081,#14082,#14083);
#14081 = CARTESIAN_POINT('',(-0.765,-0.74,3.E-02));
#14082 = DIRECTION('',(-0.,1.,0.));
#14083 = DIRECTION('',(0.,0.,1.));
#14084 = ADVANCED_FACE('',(#14085),#14110,.T.);
#14085 = FACE_BOUND('',#14086,.T.);
#14086 = EDGE_LOOP('',(#14087,#14095,#14096,#14104));
#14087 = ORIENTED_EDGE('',*,*,#14088,.F.);
#14088 = EDGE_CURVE('',#14059,#14089,#14091,.T.);
#14089 = VERTEX_POINT('',#14090);
#14090 = CARTESIAN_POINT('',(-0.765,-0.575,0.1));
#14091 = LINE('',#14092,#14093);
#14092 = CARTESIAN_POINT('',(-0.765,-0.74,0.1));
#14093 = VECTOR('',#14094,1.);
#14094 = DIRECTION('',(-0.,1.,0.));
#14095 = ORIENTED_EDGE('',*,*,#14066,.T.);
#14096 = ORIENTED_EDGE('',*,*,#14097,.T.);
#14097 = EDGE_CURVE('',#14067,#14098,#14100,.T.);
#14098 = VERTEX_POINT('',#14099);
#14099 = CARTESIAN_POINT('',(-0.635,-0.575,0.1));
#14100 = LINE('',#14101,#14102);
#14101 = CARTESIAN_POINT('',(-0.635,-0.74,0.1));
#14102 = VECTOR('',#14103,1.);
#14103 = DIRECTION('',(-0.,1.,0.));
#14104 = ORIENTED_EDGE('',*,*,#14105,.T.);
#14105 = EDGE_CURVE('',#14098,#14089,#14106,.T.);
#14106 = LINE('',#14107,#14108);
#14107 = CARTESIAN_POINT('',(-0.765,-0.575,0.1));
#14108 = VECTOR('',#14109,1.);
#14109 = DIRECTION('',(-1.,-0.,0.));
#14110 = PLANE('',#14111);
#14111 = AXIS2_PLACEMENT_3D('',#14112,#14113,#14114);
#14112 = CARTESIAN_POINT('',(-0.765,-0.74,0.1));
#14113 = DIRECTION('',(0.,0.,1.));
#14114 = DIRECTION('',(1.,0.,-0.));
#14115 = ADVANCED_FACE('',(#14116),#14141,.F.);
#14116 = FACE_BOUND('',#14117,.F.);
#14117 = EDGE_LOOP('',(#14118,#14119,#14127,#14135));
#14118 = ORIENTED_EDGE('',*,*,#14105,.T.);
#14119 = ORIENTED_EDGE('',*,*,#14120,.T.);
#14120 = EDGE_CURVE('',#14089,#14121,#14123,.T.);
#14121 = VERTEX_POINT('',#14122);
#14122 = CARTESIAN_POINT('',(-0.765,-0.575,0.45));
#14123 = LINE('',#14124,#14125);
#14124 = CARTESIAN_POINT('',(-0.765,-0.575,3.E-02));
#14125 = VECTOR('',#14126,1.);
#14126 = DIRECTION('',(0.,0.,1.));
#14127 = ORIENTED_EDGE('',*,*,#14128,.T.);
#14128 = EDGE_CURVE('',#14121,#14129,#14131,.T.);
#14129 = VERTEX_POINT('',#14130);
#14130 = CARTESIAN_POINT('',(-0.635,-0.575,0.45));
#14131 = LINE('',#14132,#14133);
#14132 = CARTESIAN_POINT('',(-0.765,-0.575,0.45));
#14133 = VECTOR('',#14134,1.);
#14134 = DIRECTION('',(1.,0.,-0.));
#14135 = ORIENTED_EDGE('',*,*,#14136,.F.);
#14136 = EDGE_CURVE('',#14098,#14129,#14137,.T.);
#14137 = LINE('',#14138,#14139);
#14138 = CARTESIAN_POINT('',(-0.635,-0.575,3.E-02));
#14139 = VECTOR('',#14140,1.);
#14140 = DIRECTION('',(0.,0.,1.));
#14141 = PLANE('',#14142);
#14142 = AXIS2_PLACEMENT_3D('',#14143,#14144,#14145);
#14143 = CARTESIAN_POINT('',(-0.765,-0.575,3.E-02));
#14144 = DIRECTION('',(-0.,1.,0.));
#14145 = DIRECTION('',(0.,0.,1.));
#14146 = ADVANCED_FACE('',(#14147),#14172,.T.);
#14147 = FACE_BOUND('',#14148,.T.);
#14148 = EDGE_LOOP('',(#14149,#14157,#14158,#14166));
#14149 = ORIENTED_EDGE('',*,*,#14150,.F.);
#14150 = EDGE_CURVE('',#14121,#14151,#14153,.T.);
#14151 = VERTEX_POINT('',#14152);
#14152 = CARTESIAN_POINT('',(-0.765,-0.505,0.45));
#14153 = LINE('',#14154,#14155);
#14154 = CARTESIAN_POINT('',(-0.765,-0.575,0.45));
#14155 = VECTOR('',#14156,1.);
#14156 = DIRECTION('',(-0.,1.,0.));
#14157 = ORIENTED_EDGE('',*,*,#14128,.T.);
#14158 = ORIENTED_EDGE('',*,*,#14159,.T.);
#14159 = EDGE_CURVE('',#14129,#14160,#14162,.T.);
#14160 = VERTEX_POINT('',#14161);
#14161 = CARTESIAN_POINT('',(-0.635,-0.505,0.45));
#14162 = LINE('',#14163,#14164);
#14163 = CARTESIAN_POINT('',(-0.635,-0.575,0.45));
#14164 = VECTOR('',#14165,1.);
#14165 = DIRECTION('',(-0.,1.,0.));
#14166 = ORIENTED_EDGE('',*,*,#14167,.F.);
#14167 = EDGE_CURVE('',#14151,#14160,#14168,.T.);
#14168 = LINE('',#14169,#14170);
#14169 = CARTESIAN_POINT('',(-0.765,-0.505,0.45));
#14170 = VECTOR('',#14171,1.);
#14171 = DIRECTION('',(1.,0.,-0.));
#14172 = PLANE('',#14173);
#14173 = AXIS2_PLACEMENT_3D('',#14174,#14175,#14176);
#14174 = CARTESIAN_POINT('',(-0.765,-0.575,0.45));
#14175 = DIRECTION('',(0.,0.,1.));
#14176 = DIRECTION('',(1.,0.,-0.));
#14177 = ADVANCED_FACE('',(#14178),#14202,.T.);
#14178 = FACE_BOUND('',#14179,.T.);
#14179 = EDGE_LOOP('',(#14180,#14181,#14182,#14183,#14184,#14185,#14193,
    #14199,#14200,#14201));
#14180 = ORIENTED_EDGE('',*,*,#14026,.T.);
#14181 = ORIENTED_EDGE('',*,*,#14058,.T.);
#14182 = ORIENTED_EDGE('',*,*,#14088,.T.);
#14183 = ORIENTED_EDGE('',*,*,#14120,.T.);
#14184 = ORIENTED_EDGE('',*,*,#14150,.T.);
#14185 = ORIENTED_EDGE('',*,*,#14186,.F.);
#14186 = EDGE_CURVE('',#14187,#14151,#14189,.T.);
#14187 = VERTEX_POINT('',#14188);
#14188 = CARTESIAN_POINT('',(-0.765,-0.505,3.E-02));
#14189 = LINE('',#14190,#14191);
#14190 = CARTESIAN_POINT('',(-0.765,-0.505,3.E-02));
#14191 = VECTOR('',#14192,1.);
#14192 = DIRECTION('',(0.,0.,1.));
#14193 = ORIENTED_EDGE('',*,*,#14194,.F.);
#14194 = EDGE_CURVE('',#13943,#14187,#14195,.T.);
#14195 = LINE('',#14196,#14197);
#14196 = CARTESIAN_POINT('',(-0.765,-0.74,3.E-02));
#14197 = VECTOR('',#14198,1.);
#14198 = DIRECTION('',(-0.,1.,0.));
#14199 = ORIENTED_EDGE('',*,*,#13942,.F.);
#14200 = ORIENTED_EDGE('',*,*,#13964,.F.);
#14201 = ORIENTED_EDGE('',*,*,#13996,.T.);
#14202 = PLANE('',#14203);
#14203 = AXIS2_PLACEMENT_3D('',#14204,#14205,#14206);
#14204 = CARTESIAN_POINT('',(-0.765,-0.636168639053,0.158668639053));
#14205 = DIRECTION('',(-1.,-0.,-0.));
#14206 = DIRECTION('',(0.,0.,-1.));
#14207 = ADVANCED_FACE('',(#14208),#14232,.T.);
#14208 = FACE_BOUND('',#14209,.T.);
#14209 = EDGE_LOOP('',(#14210,#14211,#14212,#14213,#14214,#14222,#14228,
    #14229,#14230,#14231));
#14210 = ORIENTED_EDGE('',*,*,#14035,.F.);
#14211 = ORIENTED_EDGE('',*,*,#14012,.F.);
#14212 = ORIENTED_EDGE('',*,*,#13980,.T.);
#14213 = ORIENTED_EDGE('',*,*,#13924,.T.);
#14214 = ORIENTED_EDGE('',*,*,#14215,.T.);
#14215 = EDGE_CURVE('',#13927,#14216,#14218,.T.);
#14216 = VERTEX_POINT('',#14217);
#14217 = CARTESIAN_POINT('',(-0.635,-0.505,3.E-02));
#14218 = LINE('',#14219,#14220);
#14219 = CARTESIAN_POINT('',(-0.635,-0.74,3.E-02));
#14220 = VECTOR('',#14221,1.);
#14221 = DIRECTION('',(-0.,1.,0.));
#14222 = ORIENTED_EDGE('',*,*,#14223,.T.);
#14223 = EDGE_CURVE('',#14216,#14160,#14224,.T.);
#14224 = LINE('',#14225,#14226);
#14225 = CARTESIAN_POINT('',(-0.635,-0.505,3.E-02));
#14226 = VECTOR('',#14227,1.);
#14227 = DIRECTION('',(0.,0.,1.));
#14228 = ORIENTED_EDGE('',*,*,#14159,.F.);
#14229 = ORIENTED_EDGE('',*,*,#14136,.F.);
#14230 = ORIENTED_EDGE('',*,*,#14097,.F.);
#14231 = ORIENTED_EDGE('',*,*,#14074,.F.);
#14232 = PLANE('',#14233);
#14233 = AXIS2_PLACEMENT_3D('',#14234,#14235,#14236);
#14234 = CARTESIAN_POINT('',(-0.635,-0.636168639053,0.158668639053));
#14235 = DIRECTION('',(1.,0.,0.));
#14236 = DIRECTION('',(-0.,0.,1.));
#14237 = ADVANCED_FACE('',(#14238),#14249,.F.);
#14238 = FACE_BOUND('',#14239,.T.);
#14239 = EDGE_LOOP('',(#14240,#14241,#14247,#14248));
#14240 = ORIENTED_EDGE('',*,*,#14194,.T.);
#14241 = ORIENTED_EDGE('',*,*,#14242,.T.);
#14242 = EDGE_CURVE('',#14187,#14216,#14243,.T.);
#14243 = LINE('',#14244,#14245);
#14244 = CARTESIAN_POINT('',(-0.765,-0.505,3.E-02));
#14245 = VECTOR('',#14246,1.);
#14246 = DIRECTION('',(1.,0.,-0.));
#14247 = ORIENTED_EDGE('',*,*,#14215,.F.);
#14248 = ORIENTED_EDGE('',*,*,#13950,.F.);
#14249 = PLANE('',#14250);
#14250 = AXIS2_PLACEMENT_3D('',#14251,#14252,#14253);
#14251 = CARTESIAN_POINT('',(-0.765,-0.74,3.E-02));
#14252 = DIRECTION('',(0.,0.,1.));
#14253 = DIRECTION('',(1.,0.,-0.));
#14254 = ADVANCED_FACE('',(#14255),#14261,.T.);
#14255 = FACE_BOUND('',#14256,.T.);
#14256 = EDGE_LOOP('',(#14257,#14258,#14259,#14260));
#14257 = ORIENTED_EDGE('',*,*,#14242,.F.);
#14258 = ORIENTED_EDGE('',*,*,#14186,.T.);
#14259 = ORIENTED_EDGE('',*,*,#14167,.T.);
#14260 = ORIENTED_EDGE('',*,*,#14223,.F.);
#14261 = PLANE('',#14262);
#14262 = AXIS2_PLACEMENT_3D('',#14263,#14264,#14265);
#14263 = CARTESIAN_POINT('',(-0.7,-0.505,0.24));
#14264 = DIRECTION('',(0.,1.,0.));
#14265 = DIRECTION('',(0.,-0.,1.));
#14266 = ( GEOMETRIC_REPRESENTATION_CONTEXT(3) 
GLOBAL_UNCERTAINTY_ASSIGNED_CONTEXT((#14270)) 
GLOBAL_UNIT_ASSIGNED_CONTEXT((#14267,#14268,#14269)) 
REPRESENTATION_CONTEXT('Context #1',
  '3D Context with UNIT and UNCERTAINTY') );
#14267 = ( LENGTH_UNIT() NAMED_UNIT(*) SI_UNIT(.MILLI.,.METRE.) );
#14268 = ( NAMED_UNIT(*) PLANE_ANGLE_UNIT() SI_UNIT($,.RADIAN.) );
#14269 = ( NAMED_UNIT(*) SI_UNIT($,.STERADIAN.) SOLID_ANGLE_UNIT() );
#14270 = UNCERTAINTY_MEASURE_WITH_UNIT(LENGTH_MEASURE(1.E-07),#14267,
  'distance_accuracy_value','confusion accuracy');
#14271 = CONTEXT_DEPENDENT_SHAPE_REPRESENTATION(#14272,#14274);
#14272 = ( REPRESENTATION_RELATIONSHIP('','',#13917,#10) 
REPRESENTATION_RELATIONSHIP_WITH_TRANSFORMATION(#14273) 
SHAPE_REPRESENTATION_RELATIONSHIP() );
#14273 = ITEM_DEFINED_TRANSFORMATION('','',#11,#43);
#14274 = PRODUCT_DEFINITION_SHAPE('Placement','Placement of an item',
  #14275);
#14275 = NEXT_ASSEMBLY_USAGE_OCCURRENCE('8','contact_05','',#5,#13912,$
  );
#14276 = PRODUCT_RELATED_PRODUCT_CATEGORY('part',$,(#13914));
#14277 = SHAPE_DEFINITION_REPRESENTATION(#14278,#14284);
#14278 = PRODUCT_DEFINITION_SHAPE('','',#14279);
#14279 = PRODUCT_DEFINITION('design','',#14280,#14283);
#14280 = PRODUCT_DEFINITION_FORMATION('','',#14281);
#14281 = PRODUCT('contact_06','contact_06','',(#14282));
#14282 = PRODUCT_CONTEXT('',#2,'mechanical');
#14283 = PRODUCT_DEFINITION_CONTEXT('part definition',#2,'design');
#14284 = ADVANCED_BREP_SHAPE_REPRESENTATION('',(#11,#14285),#14633);
#14285 = MANIFOLD_SOLID_BREP('',#14286);
#14286 = CLOSED_SHELL('',(#14287,#14327,#14358,#14389,#14420,#14451,
    #14482,#14513,#14544,#14574,#14604,#14621));
#14287 = ADVANCED_FACE('',(#14288),#14322,.T.);
#14288 = FACE_BOUND('',#14289,.T.);
#14289 = EDGE_LOOP('',(#14290,#14300,#14308,#14316));
#14290 = ORIENTED_EDGE('',*,*,#14291,.F.);
#14291 = EDGE_CURVE('',#14292,#14294,#14296,.T.);
#14292 = VERTEX_POINT('',#14293);
#14293 = CARTESIAN_POINT('',(-0.765,0.74,7.E-02));
#14294 = VERTEX_POINT('',#14295);
#14295 = CARTESIAN_POINT('',(-0.765,0.9,7.E-02));
#14296 = LINE('',#14297,#14298);
#14297 = CARTESIAN_POINT('',(-0.765,0.72,7.E-02));
#14298 = VECTOR('',#14299,1.);
#14299 = DIRECTION('',(-0.,1.,0.));
#14300 = ORIENTED_EDGE('',*,*,#14301,.F.);
#14301 = EDGE_CURVE('',#14302,#14292,#14304,.T.);
#14302 = VERTEX_POINT('',#14303);
#14303 = CARTESIAN_POINT('',(-0.635,0.74,7.E-02));
#14304 = LINE('',#14305,#14306);
#14305 = CARTESIAN_POINT('',(-0.765,0.74,7.E-02));
#14306 = VECTOR('',#14307,1.);
#14307 = DIRECTION('',(-1.,-0.,0.));
#14308 = ORIENTED_EDGE('',*,*,#14309,.T.);
#14309 = EDGE_CURVE('',#14302,#14310,#14312,.T.);
#14310 = VERTEX_POINT('',#14311);
#14311 = CARTESIAN_POINT('',(-0.635,0.9,7.E-02));
#14312 = LINE('',#14313,#14314);
#14313 = CARTESIAN_POINT('',(-0.635,0.72,7.E-02));
#14314 = VECTOR('',#14315,1.);
#14315 = DIRECTION('',(-0.,1.,0.));
#14316 = ORIENTED_EDGE('',*,*,#14317,.F.);
#14317 = EDGE_CURVE('',#14294,#14310,#14318,.T.);
#14318 = LINE('',#14319,#14320);
#14319 = CARTESIAN_POINT('',(-0.765,0.9,7.E-02));
#14320 = VECTOR('',#14321,1.);
#14321 = DIRECTION('',(1.,0.,-0.));
#14322 = PLANE('',#14323);
#14323 = AXIS2_PLACEMENT_3D('',#14324,#14325,#14326);
#14324 = CARTESIAN_POINT('',(-0.765,0.72,7.E-02));
#14325 = DIRECTION('',(0.,0.,1.));
#14326 = DIRECTION('',(1.,0.,-0.));
#14327 = ADVANCED_FACE('',(#14328),#14353,.T.);
#14328 = FACE_BOUND('',#14329,.T.);
#14329 = EDGE_LOOP('',(#14330,#14340,#14346,#14347));
#14330 = ORIENTED_EDGE('',*,*,#14331,.F.);
#14331 = EDGE_CURVE('',#14332,#14334,#14336,.T.);
#14332 = VERTEX_POINT('',#14333);
#14333 = CARTESIAN_POINT('',(-0.765,0.9,0.));
#14334 = VERTEX_POINT('',#14335);
#14335 = CARTESIAN_POINT('',(-0.635,0.9,0.));
#14336 = LINE('',#14337,#14338);
#14337 = CARTESIAN_POINT('',(-0.765,0.9,0.));
#14338 = VECTOR('',#14339,1.);
#14339 = DIRECTION('',(1.,0.,-0.));
#14340 = ORIENTED_EDGE('',*,*,#14341,.T.);
#14341 = EDGE_CURVE('',#14332,#14294,#14342,.T.);
#14342 = LINE('',#14343,#14344);
#14343 = CARTESIAN_POINT('',(-0.765,0.9,0.));
#14344 = VECTOR('',#14345,1.);
#14345 = DIRECTION('',(0.,0.,1.));
#14346 = ORIENTED_EDGE('',*,*,#14317,.T.);
#14347 = ORIENTED_EDGE('',*,*,#14348,.F.);
#14348 = EDGE_CURVE('',#14334,#14310,#14349,.T.);
#14349 = LINE('',#14350,#14351);
#14350 = CARTESIAN_POINT('',(-0.635,0.9,0.));
#14351 = VECTOR('',#14352,1.);
#14352 = DIRECTION('',(0.,0.,1.));
#14353 = PLANE('',#14354);
#14354 = AXIS2_PLACEMENT_3D('',#14355,#14356,#14357);
#14355 = CARTESIAN_POINT('',(-0.765,0.9,0.));
#14356 = DIRECTION('',(-0.,1.,0.));
#14357 = DIRECTION('',(0.,0.,1.));
#14358 = ADVANCED_FACE('',(#14359),#14384,.F.);
#14359 = FACE_BOUND('',#14360,.F.);
#14360 = EDGE_LOOP('',(#14361,#14369,#14377,#14383));
#14361 = ORIENTED_EDGE('',*,*,#14362,.F.);
#14362 = EDGE_CURVE('',#14363,#14332,#14365,.T.);
#14363 = VERTEX_POINT('',#14364);
#14364 = CARTESIAN_POINT('',(-0.765,0.72,0.));
#14365 = LINE('',#14366,#14367);
#14366 = CARTESIAN_POINT('',(-0.765,0.72,0.));
#14367 = VECTOR('',#14368,1.);
#14368 = DIRECTION('',(-0.,1.,0.));
#14369 = ORIENTED_EDGE('',*,*,#14370,.T.);
#14370 = EDGE_CURVE('',#14363,#14371,#14373,.T.);
#14371 = VERTEX_POINT('',#14372);
#14372 = CARTESIAN_POINT('',(-0.635,0.72,0.));
#14373 = LINE('',#14374,#14375);
#14374 = CARTESIAN_POINT('',(-0.765,0.72,0.));
#14375 = VECTOR('',#14376,1.);
#14376 = DIRECTION('',(1.,0.,-0.));
#14377 = ORIENTED_EDGE('',*,*,#14378,.T.);
#14378 = EDGE_CURVE('',#14371,#14334,#14379,.T.);
#14379 = LINE('',#14380,#14381);
#14380 = CARTESIAN_POINT('',(-0.635,0.72,0.));
#14381 = VECTOR('',#14382,1.);
#14382 = DIRECTION('',(-0.,1.,0.));
#14383 = ORIENTED_EDGE('',*,*,#14331,.F.);
#14384 = PLANE('',#14385);
#14385 = AXIS2_PLACEMENT_3D('',#14386,#14387,#14388);
#14386 = CARTESIAN_POINT('',(-0.765,0.72,0.));
#14387 = DIRECTION('',(0.,0.,1.));
#14388 = DIRECTION('',(1.,0.,-0.));
#14389 = ADVANCED_FACE('',(#14390),#14415,.F.);
#14390 = FACE_BOUND('',#14391,.F.);
#14391 = EDGE_LOOP('',(#14392,#14400,#14401,#14409));
#14392 = ORIENTED_EDGE('',*,*,#14393,.F.);
#14393 = EDGE_CURVE('',#14371,#14394,#14396,.T.);
#14394 = VERTEX_POINT('',#14395);
#14395 = CARTESIAN_POINT('',(-0.635,0.72,3.E-02));
#14396 = LINE('',#14397,#14398);
#14397 = CARTESIAN_POINT('',(-0.635,0.72,0.));
#14398 = VECTOR('',#14399,1.);
#14399 = DIRECTION('',(0.,0.,1.));
#14400 = ORIENTED_EDGE('',*,*,#14370,.F.);
#14401 = ORIENTED_EDGE('',*,*,#14402,.T.);
#14402 = EDGE_CURVE('',#14363,#14403,#14405,.T.);
#14403 = VERTEX_POINT('',#14404);
#14404 = CARTESIAN_POINT('',(-0.765,0.72,3.E-02));
#14405 = LINE('',#14406,#14407);
#14406 = CARTESIAN_POINT('',(-0.765,0.72,0.));
#14407 = VECTOR('',#14408,1.);
#14408 = DIRECTION('',(0.,0.,1.));
#14409 = ORIENTED_EDGE('',*,*,#14410,.T.);
#14410 = EDGE_CURVE('',#14403,#14394,#14411,.T.);
#14411 = LINE('',#14412,#14413);
#14412 = CARTESIAN_POINT('',(-0.765,0.72,3.E-02));
#14413 = VECTOR('',#14414,1.);
#14414 = DIRECTION('',(1.,0.,-0.));
#14415 = PLANE('',#14416);
#14416 = AXIS2_PLACEMENT_3D('',#14417,#14418,#14419);
#14417 = CARTESIAN_POINT('',(-0.765,0.72,0.));
#14418 = DIRECTION('',(-0.,1.,0.));
#14419 = DIRECTION('',(0.,0.,1.));
#14420 = ADVANCED_FACE('',(#14421),#14446,.T.);
#14421 = FACE_BOUND('',#14422,.T.);
#14422 = EDGE_LOOP('',(#14423,#14424,#14432,#14440));
#14423 = ORIENTED_EDGE('',*,*,#14301,.T.);
#14424 = ORIENTED_EDGE('',*,*,#14425,.T.);
#14425 = EDGE_CURVE('',#14292,#14426,#14428,.T.);
#14426 = VERTEX_POINT('',#14427);
#14427 = CARTESIAN_POINT('',(-0.765,0.74,0.1));
#14428 = LINE('',#14429,#14430);
#14429 = CARTESIAN_POINT('',(-0.765,0.74,3.E-02));
#14430 = VECTOR('',#14431,1.);
#14431 = DIRECTION('',(0.,0.,1.));
#14432 = ORIENTED_EDGE('',*,*,#14433,.T.);
#14433 = EDGE_CURVE('',#14426,#14434,#14436,.T.);
#14434 = VERTEX_POINT('',#14435);
#14435 = CARTESIAN_POINT('',(-0.635,0.74,0.1));
#14436 = LINE('',#14437,#14438);
#14437 = CARTESIAN_POINT('',(-0.765,0.74,0.1));
#14438 = VECTOR('',#14439,1.);
#14439 = DIRECTION('',(1.,0.,-0.));
#14440 = ORIENTED_EDGE('',*,*,#14441,.F.);
#14441 = EDGE_CURVE('',#14302,#14434,#14442,.T.);
#14442 = LINE('',#14443,#14444);
#14443 = CARTESIAN_POINT('',(-0.635,0.74,3.E-02));
#14444 = VECTOR('',#14445,1.);
#14445 = DIRECTION('',(0.,0.,1.));
#14446 = PLANE('',#14447);
#14447 = AXIS2_PLACEMENT_3D('',#14448,#14449,#14450);
#14448 = CARTESIAN_POINT('',(-0.765,0.74,3.E-02));
#14449 = DIRECTION('',(-0.,1.,0.));
#14450 = DIRECTION('',(0.,0.,1.));
#14451 = ADVANCED_FACE('',(#14452),#14477,.T.);
#14452 = FACE_BOUND('',#14453,.T.);
#14453 = EDGE_LOOP('',(#14454,#14462,#14470,#14476));
#14454 = ORIENTED_EDGE('',*,*,#14455,.F.);
#14455 = EDGE_CURVE('',#14456,#14426,#14458,.T.);
#14456 = VERTEX_POINT('',#14457);
#14457 = CARTESIAN_POINT('',(-0.765,0.575,0.1));
#14458 = LINE('',#14459,#14460);
#14459 = CARTESIAN_POINT('',(-0.765,0.505,0.1));
#14460 = VECTOR('',#14461,1.);
#14461 = DIRECTION('',(-0.,1.,0.));
#14462 = ORIENTED_EDGE('',*,*,#14463,.F.);
#14463 = EDGE_CURVE('',#14464,#14456,#14466,.T.);
#14464 = VERTEX_POINT('',#14465);
#14465 = CARTESIAN_POINT('',(-0.635,0.575,0.1));
#14466 = LINE('',#14467,#14468);
#14467 = CARTESIAN_POINT('',(-0.765,0.575,0.1));
#14468 = VECTOR('',#14469,1.);
#14469 = DIRECTION('',(-1.,-0.,0.));
#14470 = ORIENTED_EDGE('',*,*,#14471,.T.);
#14471 = EDGE_CURVE('',#14464,#14434,#14472,.T.);
#14472 = LINE('',#14473,#14474);
#14473 = CARTESIAN_POINT('',(-0.635,0.505,0.1));
#14474 = VECTOR('',#14475,1.);
#14475 = DIRECTION('',(-0.,1.,0.));
#14476 = ORIENTED_EDGE('',*,*,#14433,.F.);
#14477 = PLANE('',#14478);
#14478 = AXIS2_PLACEMENT_3D('',#14479,#14480,#14481);
#14479 = CARTESIAN_POINT('',(-0.765,0.505,0.1));
#14480 = DIRECTION('',(0.,0.,1.));
#14481 = DIRECTION('',(1.,0.,-0.));
#14482 = ADVANCED_FACE('',(#14483),#14508,.T.);
#14483 = FACE_BOUND('',#14484,.T.);
#14484 = EDGE_LOOP('',(#14485,#14486,#14494,#14502));
#14485 = ORIENTED_EDGE('',*,*,#14463,.T.);
#14486 = ORIENTED_EDGE('',*,*,#14487,.T.);
#14487 = EDGE_CURVE('',#14456,#14488,#14490,.T.);
#14488 = VERTEX_POINT('',#14489);
#14489 = CARTESIAN_POINT('',(-0.765,0.575,0.45));
#14490 = LINE('',#14491,#14492);
#14491 = CARTESIAN_POINT('',(-0.765,0.575,3.E-02));
#14492 = VECTOR('',#14493,1.);
#14493 = DIRECTION('',(0.,0.,1.));
#14494 = ORIENTED_EDGE('',*,*,#14495,.T.);
#14495 = EDGE_CURVE('',#14488,#14496,#14498,.T.);
#14496 = VERTEX_POINT('',#14497);
#14497 = CARTESIAN_POINT('',(-0.635,0.575,0.45));
#14498 = LINE('',#14499,#14500);
#14499 = CARTESIAN_POINT('',(-0.765,0.575,0.45));
#14500 = VECTOR('',#14501,1.);
#14501 = DIRECTION('',(1.,0.,-0.));
#14502 = ORIENTED_EDGE('',*,*,#14503,.F.);
#14503 = EDGE_CURVE('',#14464,#14496,#14504,.T.);
#14504 = LINE('',#14505,#14506);
#14505 = CARTESIAN_POINT('',(-0.635,0.575,3.E-02));
#14506 = VECTOR('',#14507,1.);
#14507 = DIRECTION('',(0.,0.,1.));
#14508 = PLANE('',#14509);
#14509 = AXIS2_PLACEMENT_3D('',#14510,#14511,#14512);
#14510 = CARTESIAN_POINT('',(-0.765,0.575,3.E-02));
#14511 = DIRECTION('',(-0.,1.,0.));
#14512 = DIRECTION('',(0.,0.,1.));
#14513 = ADVANCED_FACE('',(#14514),#14539,.T.);
#14514 = FACE_BOUND('',#14515,.T.);
#14515 = EDGE_LOOP('',(#14516,#14524,#14532,#14538));
#14516 = ORIENTED_EDGE('',*,*,#14517,.F.);
#14517 = EDGE_CURVE('',#14518,#14488,#14520,.T.);
#14518 = VERTEX_POINT('',#14519);
#14519 = CARTESIAN_POINT('',(-0.765,0.505,0.45));
#14520 = LINE('',#14521,#14522);
#14521 = CARTESIAN_POINT('',(-0.765,0.505,0.45));
#14522 = VECTOR('',#14523,1.);
#14523 = DIRECTION('',(-0.,1.,0.));
#14524 = ORIENTED_EDGE('',*,*,#14525,.T.);
#14525 = EDGE_CURVE('',#14518,#14526,#14528,.T.);
#14526 = VERTEX_POINT('',#14527);
#14527 = CARTESIAN_POINT('',(-0.635,0.505,0.45));
#14528 = LINE('',#14529,#14530);
#14529 = CARTESIAN_POINT('',(-0.765,0.505,0.45));
#14530 = VECTOR('',#14531,1.);
#14531 = DIRECTION('',(1.,0.,-0.));
#14532 = ORIENTED_EDGE('',*,*,#14533,.T.);
#14533 = EDGE_CURVE('',#14526,#14496,#14534,.T.);
#14534 = LINE('',#14535,#14536);
#14535 = CARTESIAN_POINT('',(-0.635,0.505,0.45));
#14536 = VECTOR('',#14537,1.);
#14537 = DIRECTION('',(-0.,1.,0.));
#14538 = ORIENTED_EDGE('',*,*,#14495,.F.);
#14539 = PLANE('',#14540);
#14540 = AXIS2_PLACEMENT_3D('',#14541,#14542,#14543);
#14541 = CARTESIAN_POINT('',(-0.765,0.505,0.45));
#14542 = DIRECTION('',(0.,0.,1.));
#14543 = DIRECTION('',(1.,0.,-0.));
#14544 = ADVANCED_FACE('',(#14545),#14569,.T.);
#14545 = FACE_BOUND('',#14546,.T.);
#14546 = EDGE_LOOP('',(#14547,#14548,#14556,#14562,#14563,#14564,#14565,
    #14566,#14567,#14568));
#14547 = ORIENTED_EDGE('',*,*,#14402,.T.);
#14548 = ORIENTED_EDGE('',*,*,#14549,.F.);
#14549 = EDGE_CURVE('',#14550,#14403,#14552,.T.);
#14550 = VERTEX_POINT('',#14551);
#14551 = CARTESIAN_POINT('',(-0.765,0.505,3.E-02));
#14552 = LINE('',#14553,#14554);
#14553 = CARTESIAN_POINT('',(-0.765,0.505,3.E-02));
#14554 = VECTOR('',#14555,1.);
#14555 = DIRECTION('',(-0.,1.,0.));
#14556 = ORIENTED_EDGE('',*,*,#14557,.T.);
#14557 = EDGE_CURVE('',#14550,#14518,#14558,.T.);
#14558 = LINE('',#14559,#14560);
#14559 = CARTESIAN_POINT('',(-0.765,0.505,3.E-02));
#14560 = VECTOR('',#14561,1.);
#14561 = DIRECTION('',(0.,0.,1.));
#14562 = ORIENTED_EDGE('',*,*,#14517,.T.);
#14563 = ORIENTED_EDGE('',*,*,#14487,.F.);
#14564 = ORIENTED_EDGE('',*,*,#14455,.T.);
#14565 = ORIENTED_EDGE('',*,*,#14425,.F.);
#14566 = ORIENTED_EDGE('',*,*,#14291,.T.);
#14567 = ORIENTED_EDGE('',*,*,#14341,.F.);
#14568 = ORIENTED_EDGE('',*,*,#14362,.F.);
#14569 = PLANE('',#14570);
#14570 = AXIS2_PLACEMENT_3D('',#14571,#14572,#14573);
#14571 = CARTESIAN_POINT('',(-0.765,0.636168639053,0.158668639053));
#14572 = DIRECTION('',(-1.,-0.,-0.));
#14573 = DIRECTION('',(0.,0.,-1.));
#14574 = ADVANCED_FACE('',(#14575),#14599,.T.);
#14575 = FACE_BOUND('',#14576,.T.);
#14576 = EDGE_LOOP('',(#14577,#14578,#14579,#14580,#14581,#14582,#14583,
    #14584,#14585,#14593));
#14577 = ORIENTED_EDGE('',*,*,#14393,.F.);
#14578 = ORIENTED_EDGE('',*,*,#14378,.T.);
#14579 = ORIENTED_EDGE('',*,*,#14348,.T.);
#14580 = ORIENTED_EDGE('',*,*,#14309,.F.);
#14581 = ORIENTED_EDGE('',*,*,#14441,.T.);
#14582 = ORIENTED_EDGE('',*,*,#14471,.F.);
#14583 = ORIENTED_EDGE('',*,*,#14503,.T.);
#14584 = ORIENTED_EDGE('',*,*,#14533,.F.);
#14585 = ORIENTED_EDGE('',*,*,#14586,.F.);
#14586 = EDGE_CURVE('',#14587,#14526,#14589,.T.);
#14587 = VERTEX_POINT('',#14588);
#14588 = CARTESIAN_POINT('',(-0.635,0.505,3.E-02));
#14589 = LINE('',#14590,#14591);
#14590 = CARTESIAN_POINT('',(-0.635,0.505,3.E-02));
#14591 = VECTOR('',#14592,1.);
#14592 = DIRECTION('',(0.,0.,1.));
#14593 = ORIENTED_EDGE('',*,*,#14594,.T.);
#14594 = EDGE_CURVE('',#14587,#14394,#14595,.T.);
#14595 = LINE('',#14596,#14597);
#14596 = CARTESIAN_POINT('',(-0.635,0.505,3.E-02));
#14597 = VECTOR('',#14598,1.);
#14598 = DIRECTION('',(-0.,1.,0.));
#14599 = PLANE('',#14600);
#14600 = AXIS2_PLACEMENT_3D('',#14601,#14602,#14603);
#14601 = CARTESIAN_POINT('',(-0.635,0.636168639053,0.158668639053));
#14602 = DIRECTION('',(1.,0.,0.));
#14603 = DIRECTION('',(-0.,0.,1.));
#14604 = ADVANCED_FACE('',(#14605),#14616,.F.);
#14605 = FACE_BOUND('',#14606,.T.);
#14606 = EDGE_LOOP('',(#14607,#14608,#14609,#14610));
#14607 = ORIENTED_EDGE('',*,*,#14549,.T.);
#14608 = ORIENTED_EDGE('',*,*,#14410,.T.);
#14609 = ORIENTED_EDGE('',*,*,#14594,.F.);
#14610 = ORIENTED_EDGE('',*,*,#14611,.F.);
#14611 = EDGE_CURVE('',#14550,#14587,#14612,.T.);
#14612 = LINE('',#14613,#14614);
#14613 = CARTESIAN_POINT('',(-0.765,0.505,3.E-02));
#14614 = VECTOR('',#14615,1.);
#14615 = DIRECTION('',(1.,0.,-0.));
#14616 = PLANE('',#14617);
#14617 = AXIS2_PLACEMENT_3D('',#14618,#14619,#14620);
#14618 = CARTESIAN_POINT('',(-0.765,0.505,3.E-02));
#14619 = DIRECTION('',(0.,0.,1.));
#14620 = DIRECTION('',(1.,0.,-0.));
#14621 = ADVANCED_FACE('',(#14622),#14628,.T.);
#14622 = FACE_BOUND('',#14623,.T.);
#14623 = EDGE_LOOP('',(#14624,#14625,#14626,#14627));
#14624 = ORIENTED_EDGE('',*,*,#14611,.T.);
#14625 = ORIENTED_EDGE('',*,*,#14586,.T.);
#14626 = ORIENTED_EDGE('',*,*,#14525,.F.);
#14627 = ORIENTED_EDGE('',*,*,#14557,.F.);
#14628 = PLANE('',#14629);
#14629 = AXIS2_PLACEMENT_3D('',#14630,#14631,#14632);
#14630 = CARTESIAN_POINT('',(-0.7,0.505,0.24));
#14631 = DIRECTION('',(-0.,-1.,-0.));
#14632 = DIRECTION('',(0.,0.,-1.));
#14633 = ( GEOMETRIC_REPRESENTATION_CONTEXT(3) 
GLOBAL_UNCERTAINTY_ASSIGNED_CONTEXT((#14637)) 
GLOBAL_UNIT_ASSIGNED_CONTEXT((#14634,#14635,#14636)) 
REPRESENTATION_CONTEXT('Context #1',
  '3D Context with UNIT and UNCERTAINTY') );
#14634 = ( LENGTH_UNIT() NAMED_UNIT(*) SI_UNIT(.MILLI.,.METRE.) );
#14635 = ( NAMED_UNIT(*) PLANE_ANGLE_UNIT() SI_UNIT($,.RADIAN.) );
#14636 = ( NAMED_UNIT(*) SI_UNIT($,.STERADIAN.) SOLID_ANGLE_UNIT() );
#14637 = UNCERTAINTY_MEASURE_WITH_UNIT(LENGTH_MEASURE(1.E-07),#14634,
  'distance_accuracy_value','confusion accuracy');
#14638 = CONTEXT_DEPENDENT_SHAPE_REPRESENTATION(#14639,#14641);
#14639 = ( REPRESENTATION_RELATIONSHIP('','',#14284,#10) 
REPRESENTATION_RELATIONSHIP_WITH_TRANSFORMATION(#14640) 
SHAPE_REPRESENTATION_RELATIONSHIP() );
#14640 = ITEM_DEFINED_TRANSFORMATION('','',#11,#47);
#14641 = PRODUCT_DEFINITION_SHAPE('Placement','Placement of an item',
  #14642);
#14642 = NEXT_ASSEMBLY_USAGE_OCCURRENCE('9','contact_06','',#5,#14279,$
  );
#14643 = PRODUCT_RELATED_PRODUCT_CATEGORY('part',$,(#14281));
#14644 = SHAPE_DEFINITION_REPRESENTATION(#14645,#14651);
#14645 = PRODUCT_DEFINITION_SHAPE('','',#14646);
#14646 = PRODUCT_DEFINITION('design','',#14647,#14650);
#14647 = PRODUCT_DEFINITION_FORMATION('','',#14648);
#14648 = PRODUCT('contact_07','contact_07','',(#14649));
#14649 = PRODUCT_CONTEXT('',#2,'mechanical');
#14650 = PRODUCT_DEFINITION_CONTEXT('part definition',#2,'design');
#14651 = ADVANCED_BREP_SHAPE_REPRESENTATION('',(#11,#14652),#15000);
#14652 = MANIFOLD_SOLID_BREP('',#14653);
#14653 = CLOSED_SHELL('',(#14654,#14694,#14725,#14756,#14787,#14818,
    #14849,#14880,#14911,#14941,#14971,#14988));
#14654 = ADVANCED_FACE('',(#14655),#14689,.T.);
#14655 = FACE_BOUND('',#14656,.T.);
#14656 = EDGE_LOOP('',(#14657,#14667,#14675,#14683));
#14657 = ORIENTED_EDGE('',*,*,#14658,.F.);
#14658 = EDGE_CURVE('',#14659,#14661,#14663,.T.);
#14659 = VERTEX_POINT('',#14660);
#14660 = CARTESIAN_POINT('',(-0.285,-0.72,0.));
#14661 = VERTEX_POINT('',#14662);
#14662 = CARTESIAN_POINT('',(-0.285,-0.72,3.E-02));
#14663 = LINE('',#14664,#14665);
#14664 = CARTESIAN_POINT('',(-0.285,-0.72,0.));
#14665 = VECTOR('',#14666,1.);
#14666 = DIRECTION('',(0.,0.,1.));
#14667 = ORIENTED_EDGE('',*,*,#14668,.F.);
#14668 = EDGE_CURVE('',#14669,#14659,#14671,.T.);
#14669 = VERTEX_POINT('',#14670);
#14670 = CARTESIAN_POINT('',(-0.415,-0.72,0.));
#14671 = LINE('',#14672,#14673);
#14672 = CARTESIAN_POINT('',(-0.415,-0.72,0.));
#14673 = VECTOR('',#14674,1.);
#14674 = DIRECTION('',(1.,0.,-0.));
#14675 = ORIENTED_EDGE('',*,*,#14676,.T.);
#14676 = EDGE_CURVE('',#14669,#14677,#14679,.T.);
#14677 = VERTEX_POINT('',#14678);
#14678 = CARTESIAN_POINT('',(-0.415,-0.72,3.E-02));
#14679 = LINE('',#14680,#14681);
#14680 = CARTESIAN_POINT('',(-0.415,-0.72,0.));
#14681 = VECTOR('',#14682,1.);
#14682 = DIRECTION('',(0.,0.,1.));
#14683 = ORIENTED_EDGE('',*,*,#14684,.T.);
#14684 = EDGE_CURVE('',#14677,#14661,#14685,.T.);
#14685 = LINE('',#14686,#14687);
#14686 = CARTESIAN_POINT('',(-0.415,-0.72,3.E-02));
#14687 = VECTOR('',#14688,1.);
#14688 = DIRECTION('',(1.,0.,-0.));
#14689 = PLANE('',#14690);
#14690 = AXIS2_PLACEMENT_3D('',#14691,#14692,#14693);
#14691 = CARTESIAN_POINT('',(-0.415,-0.72,0.));
#14692 = DIRECTION('',(-0.,1.,0.));
#14693 = DIRECTION('',(0.,0.,1.));
#14694 = ADVANCED_FACE('',(#14695),#14720,.F.);
#14695 = FACE_BOUND('',#14696,.F.);
#14696 = EDGE_LOOP('',(#14697,#14705,#14713,#14719));
#14697 = ORIENTED_EDGE('',*,*,#14698,.F.);
#14698 = EDGE_CURVE('',#14699,#14669,#14701,.T.);
#14699 = VERTEX_POINT('',#14700);
#14700 = CARTESIAN_POINT('',(-0.415,-0.9,0.));
#14701 = LINE('',#14702,#14703);
#14702 = CARTESIAN_POINT('',(-0.415,-0.9,0.));
#14703 = VECTOR('',#14704,1.);
#14704 = DIRECTION('',(-0.,1.,0.));
#14705 = ORIENTED_EDGE('',*,*,#14706,.T.);
#14706 = EDGE_CURVE('',#14699,#14707,#14709,.T.);
#14707 = VERTEX_POINT('',#14708);
#14708 = CARTESIAN_POINT('',(-0.285,-0.9,0.));
#14709 = LINE('',#14710,#14711);
#14710 = CARTESIAN_POINT('',(-0.415,-0.9,0.));
#14711 = VECTOR('',#14712,1.);
#14712 = DIRECTION('',(1.,0.,-0.));
#14713 = ORIENTED_EDGE('',*,*,#14714,.T.);
#14714 = EDGE_CURVE('',#14707,#14659,#14715,.T.);
#14715 = LINE('',#14716,#14717);
#14716 = CARTESIAN_POINT('',(-0.285,-0.9,0.));
#14717 = VECTOR('',#14718,1.);
#14718 = DIRECTION('',(-0.,1.,0.));
#14719 = ORIENTED_EDGE('',*,*,#14668,.F.);
#14720 = PLANE('',#14721);
#14721 = AXIS2_PLACEMENT_3D('',#14722,#14723,#14724);
#14722 = CARTESIAN_POINT('',(-0.415,-0.9,0.));
#14723 = DIRECTION('',(0.,0.,1.));
#14724 = DIRECTION('',(1.,0.,-0.));
#14725 = ADVANCED_FACE('',(#14726),#14751,.F.);
#14726 = FACE_BOUND('',#14727,.F.);
#14727 = EDGE_LOOP('',(#14728,#14729,#14737,#14745));
#14728 = ORIENTED_EDGE('',*,*,#14706,.F.);
#14729 = ORIENTED_EDGE('',*,*,#14730,.T.);
#14730 = EDGE_CURVE('',#14699,#14731,#14733,.T.);
#14731 = VERTEX_POINT('',#14732);
#14732 = CARTESIAN_POINT('',(-0.415,-0.9,7.E-02));
#14733 = LINE('',#14734,#14735);
#14734 = CARTESIAN_POINT('',(-0.415,-0.9,0.));
#14735 = VECTOR('',#14736,1.);
#14736 = DIRECTION('',(0.,0.,1.));
#14737 = ORIENTED_EDGE('',*,*,#14738,.T.);
#14738 = EDGE_CURVE('',#14731,#14739,#14741,.T.);
#14739 = VERTEX_POINT('',#14740);
#14740 = CARTESIAN_POINT('',(-0.285,-0.9,7.E-02));
#14741 = LINE('',#14742,#14743);
#14742 = CARTESIAN_POINT('',(-0.415,-0.9,7.E-02));
#14743 = VECTOR('',#14744,1.);
#14744 = DIRECTION('',(1.,0.,-0.));
#14745 = ORIENTED_EDGE('',*,*,#14746,.F.);
#14746 = EDGE_CURVE('',#14707,#14739,#14747,.T.);
#14747 = LINE('',#14748,#14749);
#14748 = CARTESIAN_POINT('',(-0.285,-0.9,0.));
#14749 = VECTOR('',#14750,1.);
#14750 = DIRECTION('',(0.,0.,1.));
#14751 = PLANE('',#14752);
#14752 = AXIS2_PLACEMENT_3D('',#14753,#14754,#14755);
#14753 = CARTESIAN_POINT('',(-0.415,-0.9,0.));
#14754 = DIRECTION('',(-0.,1.,0.));
#14755 = DIRECTION('',(0.,0.,1.));
#14756 = ADVANCED_FACE('',(#14757),#14782,.T.);
#14757 = FACE_BOUND('',#14758,.T.);
#14758 = EDGE_LOOP('',(#14759,#14767,#14768,#14776));
#14759 = ORIENTED_EDGE('',*,*,#14760,.F.);
#14760 = EDGE_CURVE('',#14731,#14761,#14763,.T.);
#14761 = VERTEX_POINT('',#14762);
#14762 = CARTESIAN_POINT('',(-0.415,-0.74,7.E-02));
#14763 = LINE('',#14764,#14765);
#14764 = CARTESIAN_POINT('',(-0.415,-0.9,7.E-02));
#14765 = VECTOR('',#14766,1.);
#14766 = DIRECTION('',(-0.,1.,0.));
#14767 = ORIENTED_EDGE('',*,*,#14738,.T.);
#14768 = ORIENTED_EDGE('',*,*,#14769,.T.);
#14769 = EDGE_CURVE('',#14739,#14770,#14772,.T.);
#14770 = VERTEX_POINT('',#14771);
#14771 = CARTESIAN_POINT('',(-0.285,-0.74,7.E-02));
#14772 = LINE('',#14773,#14774);
#14773 = CARTESIAN_POINT('',(-0.285,-0.9,7.E-02));
#14774 = VECTOR('',#14775,1.);
#14775 = DIRECTION('',(-0.,1.,0.));
#14776 = ORIENTED_EDGE('',*,*,#14777,.T.);
#14777 = EDGE_CURVE('',#14770,#14761,#14778,.T.);
#14778 = LINE('',#14779,#14780);
#14779 = CARTESIAN_POINT('',(-0.415,-0.74,7.E-02));
#14780 = VECTOR('',#14781,1.);
#14781 = DIRECTION('',(-1.,-0.,0.));
#14782 = PLANE('',#14783);
#14783 = AXIS2_PLACEMENT_3D('',#14784,#14785,#14786);
#14784 = CARTESIAN_POINT('',(-0.415,-0.9,7.E-02));
#14785 = DIRECTION('',(0.,0.,1.));
#14786 = DIRECTION('',(1.,0.,-0.));
#14787 = ADVANCED_FACE('',(#14788),#14813,.F.);
#14788 = FACE_BOUND('',#14789,.F.);
#14789 = EDGE_LOOP('',(#14790,#14791,#14799,#14807));
#14790 = ORIENTED_EDGE('',*,*,#14777,.T.);
#14791 = ORIENTED_EDGE('',*,*,#14792,.T.);
#14792 = EDGE_CURVE('',#14761,#14793,#14795,.T.);
#14793 = VERTEX_POINT('',#14794);
#14794 = CARTESIAN_POINT('',(-0.415,-0.74,0.1));
#14795 = LINE('',#14796,#14797);
#14796 = CARTESIAN_POINT('',(-0.415,-0.74,3.E-02));
#14797 = VECTOR('',#14798,1.);
#14798 = DIRECTION('',(0.,0.,1.));
#14799 = ORIENTED_EDGE('',*,*,#14800,.T.);
#14800 = EDGE_CURVE('',#14793,#14801,#14803,.T.);
#14801 = VERTEX_POINT('',#14802);
#14802 = CARTESIAN_POINT('',(-0.285,-0.74,0.1));
#14803 = LINE('',#14804,#14805);
#14804 = CARTESIAN_POINT('',(-0.415,-0.74,0.1));
#14805 = VECTOR('',#14806,1.);
#14806 = DIRECTION('',(1.,0.,-0.));
#14807 = ORIENTED_EDGE('',*,*,#14808,.F.);
#14808 = EDGE_CURVE('',#14770,#14801,#14809,.T.);
#14809 = LINE('',#14810,#14811);
#14810 = CARTESIAN_POINT('',(-0.285,-0.74,3.E-02));
#14811 = VECTOR('',#14812,1.);
#14812 = DIRECTION('',(0.,0.,1.));
#14813 = PLANE('',#14814);
#14814 = AXIS2_PLACEMENT_3D('',#14815,#14816,#14817);
#14815 = CARTESIAN_POINT('',(-0.415,-0.74,3.E-02));
#14816 = DIRECTION('',(-0.,1.,0.));
#14817 = DIRECTION('',(0.,0.,1.));
#14818 = ADVANCED_FACE('',(#14819),#14844,.T.);
#14819 = FACE_BOUND('',#14820,.T.);
#14820 = EDGE_LOOP('',(#14821,#14829,#14830,#14838));
#14821 = ORIENTED_EDGE('',*,*,#14822,.F.);
#14822 = EDGE_CURVE('',#14793,#14823,#14825,.T.);
#14823 = VERTEX_POINT('',#14824);
#14824 = CARTESIAN_POINT('',(-0.415,-0.575,0.1));
#14825 = LINE('',#14826,#14827);
#14826 = CARTESIAN_POINT('',(-0.415,-0.74,0.1));
#14827 = VECTOR('',#14828,1.);
#14828 = DIRECTION('',(-0.,1.,0.));
#14829 = ORIENTED_EDGE('',*,*,#14800,.T.);
#14830 = ORIENTED_EDGE('',*,*,#14831,.T.);
#14831 = EDGE_CURVE('',#14801,#14832,#14834,.T.);
#14832 = VERTEX_POINT('',#14833);
#14833 = CARTESIAN_POINT('',(-0.285,-0.575,0.1));
#14834 = LINE('',#14835,#14836);
#14835 = CARTESIAN_POINT('',(-0.285,-0.74,0.1));
#14836 = VECTOR('',#14837,1.);
#14837 = DIRECTION('',(-0.,1.,0.));
#14838 = ORIENTED_EDGE('',*,*,#14839,.T.);
#14839 = EDGE_CURVE('',#14832,#14823,#14840,.T.);
#14840 = LINE('',#14841,#14842);
#14841 = CARTESIAN_POINT('',(-0.415,-0.575,0.1));
#14842 = VECTOR('',#14843,1.);
#14843 = DIRECTION('',(-1.,-0.,0.));
#14844 = PLANE('',#14845);
#14845 = AXIS2_PLACEMENT_3D('',#14846,#14847,#14848);
#14846 = CARTESIAN_POINT('',(-0.415,-0.74,0.1));
#14847 = DIRECTION('',(0.,0.,1.));
#14848 = DIRECTION('',(1.,0.,-0.));
#14849 = ADVANCED_FACE('',(#14850),#14875,.F.);
#14850 = FACE_BOUND('',#14851,.F.);
#14851 = EDGE_LOOP('',(#14852,#14853,#14861,#14869));
#14852 = ORIENTED_EDGE('',*,*,#14839,.T.);
#14853 = ORIENTED_EDGE('',*,*,#14854,.T.);
#14854 = EDGE_CURVE('',#14823,#14855,#14857,.T.);
#14855 = VERTEX_POINT('',#14856);
#14856 = CARTESIAN_POINT('',(-0.415,-0.575,0.45));
#14857 = LINE('',#14858,#14859);
#14858 = CARTESIAN_POINT('',(-0.415,-0.575,3.E-02));
#14859 = VECTOR('',#14860,1.);
#14860 = DIRECTION('',(0.,0.,1.));
#14861 = ORIENTED_EDGE('',*,*,#14862,.T.);
#14862 = EDGE_CURVE('',#14855,#14863,#14865,.T.);
#14863 = VERTEX_POINT('',#14864);
#14864 = CARTESIAN_POINT('',(-0.285,-0.575,0.45));
#14865 = LINE('',#14866,#14867);
#14866 = CARTESIAN_POINT('',(-0.415,-0.575,0.45));
#14867 = VECTOR('',#14868,1.);
#14868 = DIRECTION('',(1.,0.,-0.));
#14869 = ORIENTED_EDGE('',*,*,#14870,.F.);
#14870 = EDGE_CURVE('',#14832,#14863,#14871,.T.);
#14871 = LINE('',#14872,#14873);
#14872 = CARTESIAN_POINT('',(-0.285,-0.575,3.E-02));
#14873 = VECTOR('',#14874,1.);
#14874 = DIRECTION('',(0.,0.,1.));
#14875 = PLANE('',#14876);
#14876 = AXIS2_PLACEMENT_3D('',#14877,#14878,#14879);
#14877 = CARTESIAN_POINT('',(-0.415,-0.575,3.E-02));
#14878 = DIRECTION('',(-0.,1.,0.));
#14879 = DIRECTION('',(0.,0.,1.));
#14880 = ADVANCED_FACE('',(#14881),#14906,.T.);
#14881 = FACE_BOUND('',#14882,.T.);
#14882 = EDGE_LOOP('',(#14883,#14891,#14892,#14900));
#14883 = ORIENTED_EDGE('',*,*,#14884,.F.);
#14884 = EDGE_CURVE('',#14855,#14885,#14887,.T.);
#14885 = VERTEX_POINT('',#14886);
#14886 = CARTESIAN_POINT('',(-0.415,-0.505,0.45));
#14887 = LINE('',#14888,#14889);
#14888 = CARTESIAN_POINT('',(-0.415,-0.575,0.45));
#14889 = VECTOR('',#14890,1.);
#14890 = DIRECTION('',(-0.,1.,0.));
#14891 = ORIENTED_EDGE('',*,*,#14862,.T.);
#14892 = ORIENTED_EDGE('',*,*,#14893,.T.);
#14893 = EDGE_CURVE('',#14863,#14894,#14896,.T.);
#14894 = VERTEX_POINT('',#14895);
#14895 = CARTESIAN_POINT('',(-0.285,-0.505,0.45));
#14896 = LINE('',#14897,#14898);
#14897 = CARTESIAN_POINT('',(-0.285,-0.575,0.45));
#14898 = VECTOR('',#14899,1.);
#14899 = DIRECTION('',(-0.,1.,0.));
#14900 = ORIENTED_EDGE('',*,*,#14901,.F.);
#14901 = EDGE_CURVE('',#14885,#14894,#14902,.T.);
#14902 = LINE('',#14903,#14904);
#14903 = CARTESIAN_POINT('',(-0.415,-0.505,0.45));
#14904 = VECTOR('',#14905,1.);
#14905 = DIRECTION('',(1.,0.,-0.));
#14906 = PLANE('',#14907);
#14907 = AXIS2_PLACEMENT_3D('',#14908,#14909,#14910);
#14908 = CARTESIAN_POINT('',(-0.415,-0.575,0.45));
#14909 = DIRECTION('',(0.,0.,1.));
#14910 = DIRECTION('',(1.,0.,-0.));
#14911 = ADVANCED_FACE('',(#14912),#14936,.T.);
#14912 = FACE_BOUND('',#14913,.T.);
#14913 = EDGE_LOOP('',(#14914,#14915,#14916,#14917,#14918,#14919,#14927,
    #14933,#14934,#14935));
#14914 = ORIENTED_EDGE('',*,*,#14760,.T.);
#14915 = ORIENTED_EDGE('',*,*,#14792,.T.);
#14916 = ORIENTED_EDGE('',*,*,#14822,.T.);
#14917 = ORIENTED_EDGE('',*,*,#14854,.T.);
#14918 = ORIENTED_EDGE('',*,*,#14884,.T.);
#14919 = ORIENTED_EDGE('',*,*,#14920,.F.);
#14920 = EDGE_CURVE('',#14921,#14885,#14923,.T.);
#14921 = VERTEX_POINT('',#14922);
#14922 = CARTESIAN_POINT('',(-0.415,-0.505,3.E-02));
#14923 = LINE('',#14924,#14925);
#14924 = CARTESIAN_POINT('',(-0.415,-0.505,3.E-02));
#14925 = VECTOR('',#14926,1.);
#14926 = DIRECTION('',(0.,0.,1.));
#14927 = ORIENTED_EDGE('',*,*,#14928,.F.);
#14928 = EDGE_CURVE('',#14677,#14921,#14929,.T.);
#14929 = LINE('',#14930,#14931);
#14930 = CARTESIAN_POINT('',(-0.415,-0.74,3.E-02));
#14931 = VECTOR('',#14932,1.);
#14932 = DIRECTION('',(-0.,1.,0.));
#14933 = ORIENTED_EDGE('',*,*,#14676,.F.);
#14934 = ORIENTED_EDGE('',*,*,#14698,.F.);
#14935 = ORIENTED_EDGE('',*,*,#14730,.T.);
#14936 = PLANE('',#14937);
#14937 = AXIS2_PLACEMENT_3D('',#14938,#14939,#14940);
#14938 = CARTESIAN_POINT('',(-0.415,-0.636168639053,0.158668639053));
#14939 = DIRECTION('',(-1.,-0.,-0.));
#14940 = DIRECTION('',(0.,0.,-1.));
#14941 = ADVANCED_FACE('',(#14942),#14966,.T.);
#14942 = FACE_BOUND('',#14943,.T.);
#14943 = EDGE_LOOP('',(#14944,#14945,#14946,#14947,#14948,#14956,#14962,
    #14963,#14964,#14965));
#14944 = ORIENTED_EDGE('',*,*,#14769,.F.);
#14945 = ORIENTED_EDGE('',*,*,#14746,.F.);
#14946 = ORIENTED_EDGE('',*,*,#14714,.T.);
#14947 = ORIENTED_EDGE('',*,*,#14658,.T.);
#14948 = ORIENTED_EDGE('',*,*,#14949,.T.);
#14949 = EDGE_CURVE('',#14661,#14950,#14952,.T.);
#14950 = VERTEX_POINT('',#14951);
#14951 = CARTESIAN_POINT('',(-0.285,-0.505,3.E-02));
#14952 = LINE('',#14953,#14954);
#14953 = CARTESIAN_POINT('',(-0.285,-0.74,3.E-02));
#14954 = VECTOR('',#14955,1.);
#14955 = DIRECTION('',(-0.,1.,0.));
#14956 = ORIENTED_EDGE('',*,*,#14957,.T.);
#14957 = EDGE_CURVE('',#14950,#14894,#14958,.T.);
#14958 = LINE('',#14959,#14960);
#14959 = CARTESIAN_POINT('',(-0.285,-0.505,3.E-02));
#14960 = VECTOR('',#14961,1.);
#14961 = DIRECTION('',(0.,0.,1.));
#14962 = ORIENTED_EDGE('',*,*,#14893,.F.);
#14963 = ORIENTED_EDGE('',*,*,#14870,.F.);
#14964 = ORIENTED_EDGE('',*,*,#14831,.F.);
#14965 = ORIENTED_EDGE('',*,*,#14808,.F.);
#14966 = PLANE('',#14967);
#14967 = AXIS2_PLACEMENT_3D('',#14968,#14969,#14970);
#14968 = CARTESIAN_POINT('',(-0.285,-0.636168639053,0.158668639053));
#14969 = DIRECTION('',(1.,0.,0.));
#14970 = DIRECTION('',(-0.,0.,1.));
#14971 = ADVANCED_FACE('',(#14972),#14983,.F.);
#14972 = FACE_BOUND('',#14973,.T.);
#14973 = EDGE_LOOP('',(#14974,#14975,#14981,#14982));
#14974 = ORIENTED_EDGE('',*,*,#14928,.T.);
#14975 = ORIENTED_EDGE('',*,*,#14976,.T.);
#14976 = EDGE_CURVE('',#14921,#14950,#14977,.T.);
#14977 = LINE('',#14978,#14979);
#14978 = CARTESIAN_POINT('',(-0.415,-0.505,3.E-02));
#14979 = VECTOR('',#14980,1.);
#14980 = DIRECTION('',(1.,0.,-0.));
#14981 = ORIENTED_EDGE('',*,*,#14949,.F.);
#14982 = ORIENTED_EDGE('',*,*,#14684,.F.);
#14983 = PLANE('',#14984);
#14984 = AXIS2_PLACEMENT_3D('',#14985,#14986,#14987);
#14985 = CARTESIAN_POINT('',(-0.415,-0.74,3.E-02));
#14986 = DIRECTION('',(0.,0.,1.));
#14987 = DIRECTION('',(1.,0.,-0.));
#14988 = ADVANCED_FACE('',(#14989),#14995,.T.);
#14989 = FACE_BOUND('',#14990,.T.);
#14990 = EDGE_LOOP('',(#14991,#14992,#14993,#14994));
#14991 = ORIENTED_EDGE('',*,*,#14976,.F.);
#14992 = ORIENTED_EDGE('',*,*,#14920,.T.);
#14993 = ORIENTED_EDGE('',*,*,#14901,.T.);
#14994 = ORIENTED_EDGE('',*,*,#14957,.F.);
#14995 = PLANE('',#14996);
#14996 = AXIS2_PLACEMENT_3D('',#14997,#14998,#14999);
#14997 = CARTESIAN_POINT('',(-0.35,-0.505,0.24));
#14998 = DIRECTION('',(0.,1.,0.));
#14999 = DIRECTION('',(0.,-0.,1.));
#15000 = ( GEOMETRIC_REPRESENTATION_CONTEXT(3) 
GLOBAL_UNCERTAINTY_ASSIGNED_CONTEXT((#15004)) 
GLOBAL_UNIT_ASSIGNED_CONTEXT((#15001,#15002,#15003)) 
REPRESENTATION_CONTEXT('Context #1',
  '3D Context with UNIT and UNCERTAINTY') );
#15001 = ( LENGTH_UNIT() NAMED_UNIT(*) SI_UNIT(.MILLI.,.METRE.) );
#15002 = ( NAMED_UNIT(*) PLANE_ANGLE_UNIT() SI_UNIT($,.RADIAN.) );
#15003 = ( NAMED_UNIT(*) SI_UNIT($,.STERADIAN.) SOLID_ANGLE_UNIT() );
#15004 = UNCERTAINTY_MEASURE_WITH_UNIT(LENGTH_MEASURE(1.E-07),#15001,
  'distance_accuracy_value','confusion accuracy');
#15005 = CONTEXT_DEPENDENT_SHAPE_REPRESENTATION(#15006,#15008);
#15006 = ( REPRESENTATION_RELATIONSHIP('','',#14651,#10) 
REPRESENTATION_RELATIONSHIP_WITH_TRANSFORMATION(#15007) 
SHAPE_REPRESENTATION_RELATIONSHIP() );
#15007 = ITEM_DEFINED_TRANSFORMATION('','',#11,#51);
#15008 = PRODUCT_DEFINITION_SHAPE('Placement','Placement of an item',
  #15009);
#15009 = NEXT_ASSEMBLY_USAGE_OCCURRENCE('10','contact_07','',#5,#14646,$
  );
#15010 = PRODUCT_RELATED_PRODUCT_CATEGORY('part',$,(#14648));
#15011 = SHAPE_DEFINITION_REPRESENTATION(#15012,#15018);
#15012 = PRODUCT_DEFINITION_SHAPE('','',#15013);
#15013 = PRODUCT_DEFINITION('design','',#15014,#15017);
#15014 = PRODUCT_DEFINITION_FORMATION('','',#15015);
#15015 = PRODUCT('contact_08','contact_08','',(#15016));
#15016 = PRODUCT_CONTEXT('',#2,'mechanical');
#15017 = PRODUCT_DEFINITION_CONTEXT('part definition',#2,'design');
#15018 = ADVANCED_BREP_SHAPE_REPRESENTATION('',(#11,#15019),#15367);
#15019 = MANIFOLD_SOLID_BREP('',#15020);
#15020 = CLOSED_SHELL('',(#15021,#15061,#15092,#15123,#15154,#15185,
    #15216,#15247,#15278,#15308,#15338,#15355));
#15021 = ADVANCED_FACE('',(#15022),#15056,.T.);
#15022 = FACE_BOUND('',#15023,.T.);
#15023 = EDGE_LOOP('',(#15024,#15034,#15042,#15050));
#15024 = ORIENTED_EDGE('',*,*,#15025,.F.);
#15025 = EDGE_CURVE('',#15026,#15028,#15030,.T.);
#15026 = VERTEX_POINT('',#15027);
#15027 = CARTESIAN_POINT('',(-0.415,0.74,7.E-02));
#15028 = VERTEX_POINT('',#15029);
#15029 = CARTESIAN_POINT('',(-0.415,0.9,7.E-02));
#15030 = LINE('',#15031,#15032);
#15031 = CARTESIAN_POINT('',(-0.415,0.72,7.E-02));
#15032 = VECTOR('',#15033,1.);
#15033 = DIRECTION('',(-0.,1.,0.));
#15034 = ORIENTED_EDGE('',*,*,#15035,.F.);
#15035 = EDGE_CURVE('',#15036,#15026,#15038,.T.);
#15036 = VERTEX_POINT('',#15037);
#15037 = CARTESIAN_POINT('',(-0.285,0.74,7.E-02));
#15038 = LINE('',#15039,#15040);
#15039 = CARTESIAN_POINT('',(-0.415,0.74,7.E-02));
#15040 = VECTOR('',#15041,1.);
#15041 = DIRECTION('',(-1.,-0.,0.));
#15042 = ORIENTED_EDGE('',*,*,#15043,.T.);
#15043 = EDGE_CURVE('',#15036,#15044,#15046,.T.);
#15044 = VERTEX_POINT('',#15045);
#15045 = CARTESIAN_POINT('',(-0.285,0.9,7.E-02));
#15046 = LINE('',#15047,#15048);
#15047 = CARTESIAN_POINT('',(-0.285,0.72,7.E-02));
#15048 = VECTOR('',#15049,1.);
#15049 = DIRECTION('',(-0.,1.,0.));
#15050 = ORIENTED_EDGE('',*,*,#15051,.F.);
#15051 = EDGE_CURVE('',#15028,#15044,#15052,.T.);
#15052 = LINE('',#15053,#15054);
#15053 = CARTESIAN_POINT('',(-0.415,0.9,7.E-02));
#15054 = VECTOR('',#15055,1.);
#15055 = DIRECTION('',(1.,0.,-0.));
#15056 = PLANE('',#15057);
#15057 = AXIS2_PLACEMENT_3D('',#15058,#15059,#15060);
#15058 = CARTESIAN_POINT('',(-0.415,0.72,7.E-02));
#15059 = DIRECTION('',(0.,0.,1.));
#15060 = DIRECTION('',(1.,0.,-0.));
#15061 = ADVANCED_FACE('',(#15062),#15087,.T.);
#15062 = FACE_BOUND('',#15063,.T.);
#15063 = EDGE_LOOP('',(#15064,#15074,#15080,#15081));
#15064 = ORIENTED_EDGE('',*,*,#15065,.F.);
#15065 = EDGE_CURVE('',#15066,#15068,#15070,.T.);
#15066 = VERTEX_POINT('',#15067);
#15067 = CARTESIAN_POINT('',(-0.415,0.9,0.));
#15068 = VERTEX_POINT('',#15069);
#15069 = CARTESIAN_POINT('',(-0.285,0.9,0.));
#15070 = LINE('',#15071,#15072);
#15071 = CARTESIAN_POINT('',(-0.415,0.9,0.));
#15072 = VECTOR('',#15073,1.);
#15073 = DIRECTION('',(1.,0.,-0.));
#15074 = ORIENTED_EDGE('',*,*,#15075,.T.);
#15075 = EDGE_CURVE('',#15066,#15028,#15076,.T.);
#15076 = LINE('',#15077,#15078);
#15077 = CARTESIAN_POINT('',(-0.415,0.9,0.));
#15078 = VECTOR('',#15079,1.);
#15079 = DIRECTION('',(0.,0.,1.));
#15080 = ORIENTED_EDGE('',*,*,#15051,.T.);
#15081 = ORIENTED_EDGE('',*,*,#15082,.F.);
#15082 = EDGE_CURVE('',#15068,#15044,#15083,.T.);
#15083 = LINE('',#15084,#15085);
#15084 = CARTESIAN_POINT('',(-0.285,0.9,0.));
#15085 = VECTOR('',#15086,1.);
#15086 = DIRECTION('',(0.,0.,1.));
#15087 = PLANE('',#15088);
#15088 = AXIS2_PLACEMENT_3D('',#15089,#15090,#15091);
#15089 = CARTESIAN_POINT('',(-0.415,0.9,0.));
#15090 = DIRECTION('',(-0.,1.,0.));
#15091 = DIRECTION('',(0.,0.,1.));
#15092 = ADVANCED_FACE('',(#15093),#15118,.F.);
#15093 = FACE_BOUND('',#15094,.F.);
#15094 = EDGE_LOOP('',(#15095,#15103,#15111,#15117));
#15095 = ORIENTED_EDGE('',*,*,#15096,.F.);
#15096 = EDGE_CURVE('',#15097,#15066,#15099,.T.);
#15097 = VERTEX_POINT('',#15098);
#15098 = CARTESIAN_POINT('',(-0.415,0.72,0.));
#15099 = LINE('',#15100,#15101);
#15100 = CARTESIAN_POINT('',(-0.415,0.72,0.));
#15101 = VECTOR('',#15102,1.);
#15102 = DIRECTION('',(-0.,1.,0.));
#15103 = ORIENTED_EDGE('',*,*,#15104,.T.);
#15104 = EDGE_CURVE('',#15097,#15105,#15107,.T.);
#15105 = VERTEX_POINT('',#15106);
#15106 = CARTESIAN_POINT('',(-0.285,0.72,0.));
#15107 = LINE('',#15108,#15109);
#15108 = CARTESIAN_POINT('',(-0.415,0.72,0.));
#15109 = VECTOR('',#15110,1.);
#15110 = DIRECTION('',(1.,0.,-0.));
#15111 = ORIENTED_EDGE('',*,*,#15112,.T.);
#15112 = EDGE_CURVE('',#15105,#15068,#15113,.T.);
#15113 = LINE('',#15114,#15115);
#15114 = CARTESIAN_POINT('',(-0.285,0.72,0.));
#15115 = VECTOR('',#15116,1.);
#15116 = DIRECTION('',(-0.,1.,0.));
#15117 = ORIENTED_EDGE('',*,*,#15065,.F.);
#15118 = PLANE('',#15119);
#15119 = AXIS2_PLACEMENT_3D('',#15120,#15121,#15122);
#15120 = CARTESIAN_POINT('',(-0.415,0.72,0.));
#15121 = DIRECTION('',(0.,0.,1.));
#15122 = DIRECTION('',(1.,0.,-0.));
#15123 = ADVANCED_FACE('',(#15124),#15149,.F.);
#15124 = FACE_BOUND('',#15125,.F.);
#15125 = EDGE_LOOP('',(#15126,#15134,#15135,#15143));
#15126 = ORIENTED_EDGE('',*,*,#15127,.F.);
#15127 = EDGE_CURVE('',#15105,#15128,#15130,.T.);
#15128 = VERTEX_POINT('',#15129);
#15129 = CARTESIAN_POINT('',(-0.285,0.72,3.E-02));
#15130 = LINE('',#15131,#15132);
#15131 = CARTESIAN_POINT('',(-0.285,0.72,0.));
#15132 = VECTOR('',#15133,1.);
#15133 = DIRECTION('',(0.,0.,1.));
#15134 = ORIENTED_EDGE('',*,*,#15104,.F.);
#15135 = ORIENTED_EDGE('',*,*,#15136,.T.);
#15136 = EDGE_CURVE('',#15097,#15137,#15139,.T.);
#15137 = VERTEX_POINT('',#15138);
#15138 = CARTESIAN_POINT('',(-0.415,0.72,3.E-02));
#15139 = LINE('',#15140,#15141);
#15140 = CARTESIAN_POINT('',(-0.415,0.72,0.));
#15141 = VECTOR('',#15142,1.);
#15142 = DIRECTION('',(0.,0.,1.));
#15143 = ORIENTED_EDGE('',*,*,#15144,.T.);
#15144 = EDGE_CURVE('',#15137,#15128,#15145,.T.);
#15145 = LINE('',#15146,#15147);
#15146 = CARTESIAN_POINT('',(-0.415,0.72,3.E-02));
#15147 = VECTOR('',#15148,1.);
#15148 = DIRECTION('',(1.,0.,-0.));
#15149 = PLANE('',#15150);
#15150 = AXIS2_PLACEMENT_3D('',#15151,#15152,#15153);
#15151 = CARTESIAN_POINT('',(-0.415,0.72,0.));
#15152 = DIRECTION('',(-0.,1.,0.));
#15153 = DIRECTION('',(0.,0.,1.));
#15154 = ADVANCED_FACE('',(#15155),#15180,.T.);
#15155 = FACE_BOUND('',#15156,.T.);
#15156 = EDGE_LOOP('',(#15157,#15158,#15166,#15174));
#15157 = ORIENTED_EDGE('',*,*,#15035,.T.);
#15158 = ORIENTED_EDGE('',*,*,#15159,.T.);
#15159 = EDGE_CURVE('',#15026,#15160,#15162,.T.);
#15160 = VERTEX_POINT('',#15161);
#15161 = CARTESIAN_POINT('',(-0.415,0.74,0.1));
#15162 = LINE('',#15163,#15164);
#15163 = CARTESIAN_POINT('',(-0.415,0.74,3.E-02));
#15164 = VECTOR('',#15165,1.);
#15165 = DIRECTION('',(0.,0.,1.));
#15166 = ORIENTED_EDGE('',*,*,#15167,.T.);
#15167 = EDGE_CURVE('',#15160,#15168,#15170,.T.);
#15168 = VERTEX_POINT('',#15169);
#15169 = CARTESIAN_POINT('',(-0.285,0.74,0.1));
#15170 = LINE('',#15171,#15172);
#15171 = CARTESIAN_POINT('',(-0.415,0.74,0.1));
#15172 = VECTOR('',#15173,1.);
#15173 = DIRECTION('',(1.,0.,-0.));
#15174 = ORIENTED_EDGE('',*,*,#15175,.F.);
#15175 = EDGE_CURVE('',#15036,#15168,#15176,.T.);
#15176 = LINE('',#15177,#15178);
#15177 = CARTESIAN_POINT('',(-0.285,0.74,3.E-02));
#15178 = VECTOR('',#15179,1.);
#15179 = DIRECTION('',(0.,0.,1.));
#15180 = PLANE('',#15181);
#15181 = AXIS2_PLACEMENT_3D('',#15182,#15183,#15184);
#15182 = CARTESIAN_POINT('',(-0.415,0.74,3.E-02));
#15183 = DIRECTION('',(-0.,1.,0.));
#15184 = DIRECTION('',(0.,0.,1.));
#15185 = ADVANCED_FACE('',(#15186),#15211,.T.);
#15186 = FACE_BOUND('',#15187,.T.);
#15187 = EDGE_LOOP('',(#15188,#15196,#15204,#15210));
#15188 = ORIENTED_EDGE('',*,*,#15189,.F.);
#15189 = EDGE_CURVE('',#15190,#15160,#15192,.T.);
#15190 = VERTEX_POINT('',#15191);
#15191 = CARTESIAN_POINT('',(-0.415,0.575,0.1));
#15192 = LINE('',#15193,#15194);
#15193 = CARTESIAN_POINT('',(-0.415,0.505,0.1));
#15194 = VECTOR('',#15195,1.);
#15195 = DIRECTION('',(-0.,1.,0.));
#15196 = ORIENTED_EDGE('',*,*,#15197,.F.);
#15197 = EDGE_CURVE('',#15198,#15190,#15200,.T.);
#15198 = VERTEX_POINT('',#15199);
#15199 = CARTESIAN_POINT('',(-0.285,0.575,0.1));
#15200 = LINE('',#15201,#15202);
#15201 = CARTESIAN_POINT('',(-0.415,0.575,0.1));
#15202 = VECTOR('',#15203,1.);
#15203 = DIRECTION('',(-1.,-0.,0.));
#15204 = ORIENTED_EDGE('',*,*,#15205,.T.);
#15205 = EDGE_CURVE('',#15198,#15168,#15206,.T.);
#15206 = LINE('',#15207,#15208);
#15207 = CARTESIAN_POINT('',(-0.285,0.505,0.1));
#15208 = VECTOR('',#15209,1.);
#15209 = DIRECTION('',(-0.,1.,0.));
#15210 = ORIENTED_EDGE('',*,*,#15167,.F.);
#15211 = PLANE('',#15212);
#15212 = AXIS2_PLACEMENT_3D('',#15213,#15214,#15215);
#15213 = CARTESIAN_POINT('',(-0.415,0.505,0.1));
#15214 = DIRECTION('',(0.,0.,1.));
#15215 = DIRECTION('',(1.,0.,-0.));
#15216 = ADVANCED_FACE('',(#15217),#15242,.T.);
#15217 = FACE_BOUND('',#15218,.T.);
#15218 = EDGE_LOOP('',(#15219,#15220,#15228,#15236));
#15219 = ORIENTED_EDGE('',*,*,#15197,.T.);
#15220 = ORIENTED_EDGE('',*,*,#15221,.T.);
#15221 = EDGE_CURVE('',#15190,#15222,#15224,.T.);
#15222 = VERTEX_POINT('',#15223);
#15223 = CARTESIAN_POINT('',(-0.415,0.575,0.45));
#15224 = LINE('',#15225,#15226);
#15225 = CARTESIAN_POINT('',(-0.415,0.575,3.E-02));
#15226 = VECTOR('',#15227,1.);
#15227 = DIRECTION('',(0.,0.,1.));
#15228 = ORIENTED_EDGE('',*,*,#15229,.T.);
#15229 = EDGE_CURVE('',#15222,#15230,#15232,.T.);
#15230 = VERTEX_POINT('',#15231);
#15231 = CARTESIAN_POINT('',(-0.285,0.575,0.45));
#15232 = LINE('',#15233,#15234);
#15233 = CARTESIAN_POINT('',(-0.415,0.575,0.45));
#15234 = VECTOR('',#15235,1.);
#15235 = DIRECTION('',(1.,0.,-0.));
#15236 = ORIENTED_EDGE('',*,*,#15237,.F.);
#15237 = EDGE_CURVE('',#15198,#15230,#15238,.T.);
#15238 = LINE('',#15239,#15240);
#15239 = CARTESIAN_POINT('',(-0.285,0.575,3.E-02));
#15240 = VECTOR('',#15241,1.);
#15241 = DIRECTION('',(0.,0.,1.));
#15242 = PLANE('',#15243);
#15243 = AXIS2_PLACEMENT_3D('',#15244,#15245,#15246);
#15244 = CARTESIAN_POINT('',(-0.415,0.575,3.E-02));
#15245 = DIRECTION('',(-0.,1.,0.));
#15246 = DIRECTION('',(0.,0.,1.));
#15247 = ADVANCED_FACE('',(#15248),#15273,.T.);
#15248 = FACE_BOUND('',#15249,.T.);
#15249 = EDGE_LOOP('',(#15250,#15258,#15266,#15272));
#15250 = ORIENTED_EDGE('',*,*,#15251,.F.);
#15251 = EDGE_CURVE('',#15252,#15222,#15254,.T.);
#15252 = VERTEX_POINT('',#15253);
#15253 = CARTESIAN_POINT('',(-0.415,0.505,0.45));
#15254 = LINE('',#15255,#15256);
#15255 = CARTESIAN_POINT('',(-0.415,0.505,0.45));
#15256 = VECTOR('',#15257,1.);
#15257 = DIRECTION('',(-0.,1.,0.));
#15258 = ORIENTED_EDGE('',*,*,#15259,.T.);
#15259 = EDGE_CURVE('',#15252,#15260,#15262,.T.);
#15260 = VERTEX_POINT('',#15261);
#15261 = CARTESIAN_POINT('',(-0.285,0.505,0.45));
#15262 = LINE('',#15263,#15264);
#15263 = CARTESIAN_POINT('',(-0.415,0.505,0.45));
#15264 = VECTOR('',#15265,1.);
#15265 = DIRECTION('',(1.,0.,-0.));
#15266 = ORIENTED_EDGE('',*,*,#15267,.T.);
#15267 = EDGE_CURVE('',#15260,#15230,#15268,.T.);
#15268 = LINE('',#15269,#15270);
#15269 = CARTESIAN_POINT('',(-0.285,0.505,0.45));
#15270 = VECTOR('',#15271,1.);
#15271 = DIRECTION('',(-0.,1.,0.));
#15272 = ORIENTED_EDGE('',*,*,#15229,.F.);
#15273 = PLANE('',#15274);
#15274 = AXIS2_PLACEMENT_3D('',#15275,#15276,#15277);
#15275 = CARTESIAN_POINT('',(-0.415,0.505,0.45));
#15276 = DIRECTION('',(0.,0.,1.));
#15277 = DIRECTION('',(1.,0.,-0.));
#15278 = ADVANCED_FACE('',(#15279),#15303,.T.);
#15279 = FACE_BOUND('',#15280,.T.);
#15280 = EDGE_LOOP('',(#15281,#15282,#15290,#15296,#15297,#15298,#15299,
    #15300,#15301,#15302));
#15281 = ORIENTED_EDGE('',*,*,#15136,.T.);
#15282 = ORIENTED_EDGE('',*,*,#15283,.F.);
#15283 = EDGE_CURVE('',#15284,#15137,#15286,.T.);
#15284 = VERTEX_POINT('',#15285);
#15285 = CARTESIAN_POINT('',(-0.415,0.505,3.E-02));
#15286 = LINE('',#15287,#15288);
#15287 = CARTESIAN_POINT('',(-0.415,0.505,3.E-02));
#15288 = VECTOR('',#15289,1.);
#15289 = DIRECTION('',(-0.,1.,0.));
#15290 = ORIENTED_EDGE('',*,*,#15291,.T.);
#15291 = EDGE_CURVE('',#15284,#15252,#15292,.T.);
#15292 = LINE('',#15293,#15294);
#15293 = CARTESIAN_POINT('',(-0.415,0.505,3.E-02));
#15294 = VECTOR('',#15295,1.);
#15295 = DIRECTION('',(0.,0.,1.));
#15296 = ORIENTED_EDGE('',*,*,#15251,.T.);
#15297 = ORIENTED_EDGE('',*,*,#15221,.F.);
#15298 = ORIENTED_EDGE('',*,*,#15189,.T.);
#15299 = ORIENTED_EDGE('',*,*,#15159,.F.);
#15300 = ORIENTED_EDGE('',*,*,#15025,.T.);
#15301 = ORIENTED_EDGE('',*,*,#15075,.F.);
#15302 = ORIENTED_EDGE('',*,*,#15096,.F.);
#15303 = PLANE('',#15304);
#15304 = AXIS2_PLACEMENT_3D('',#15305,#15306,#15307);
#15305 = CARTESIAN_POINT('',(-0.415,0.636168639053,0.158668639053));
#15306 = DIRECTION('',(-1.,-0.,-0.));
#15307 = DIRECTION('',(0.,0.,-1.));
#15308 = ADVANCED_FACE('',(#15309),#15333,.T.);
#15309 = FACE_BOUND('',#15310,.T.);
#15310 = EDGE_LOOP('',(#15311,#15312,#15313,#15314,#15315,#15316,#15317,
    #15318,#15319,#15327));
#15311 = ORIENTED_EDGE('',*,*,#15127,.F.);
#15312 = ORIENTED_EDGE('',*,*,#15112,.T.);
#15313 = ORIENTED_EDGE('',*,*,#15082,.T.);
#15314 = ORIENTED_EDGE('',*,*,#15043,.F.);
#15315 = ORIENTED_EDGE('',*,*,#15175,.T.);
#15316 = ORIENTED_EDGE('',*,*,#15205,.F.);
#15317 = ORIENTED_EDGE('',*,*,#15237,.T.);
#15318 = ORIENTED_EDGE('',*,*,#15267,.F.);
#15319 = ORIENTED_EDGE('',*,*,#15320,.F.);
#15320 = EDGE_CURVE('',#15321,#15260,#15323,.T.);
#15321 = VERTEX_POINT('',#15322);
#15322 = CARTESIAN_POINT('',(-0.285,0.505,3.E-02));
#15323 = LINE('',#15324,#15325);
#15324 = CARTESIAN_POINT('',(-0.285,0.505,3.E-02));
#15325 = VECTOR('',#15326,1.);
#15326 = DIRECTION('',(0.,0.,1.));
#15327 = ORIENTED_EDGE('',*,*,#15328,.T.);
#15328 = EDGE_CURVE('',#15321,#15128,#15329,.T.);
#15329 = LINE('',#15330,#15331);
#15330 = CARTESIAN_POINT('',(-0.285,0.505,3.E-02));
#15331 = VECTOR('',#15332,1.);
#15332 = DIRECTION('',(-0.,1.,0.));
#15333 = PLANE('',#15334);
#15334 = AXIS2_PLACEMENT_3D('',#15335,#15336,#15337);
#15335 = CARTESIAN_POINT('',(-0.285,0.636168639053,0.158668639053));
#15336 = DIRECTION('',(1.,0.,0.));
#15337 = DIRECTION('',(-0.,0.,1.));
#15338 = ADVANCED_FACE('',(#15339),#15350,.F.);
#15339 = FACE_BOUND('',#15340,.T.);
#15340 = EDGE_LOOP('',(#15341,#15342,#15343,#15344));
#15341 = ORIENTED_EDGE('',*,*,#15283,.T.);
#15342 = ORIENTED_EDGE('',*,*,#15144,.T.);
#15343 = ORIENTED_EDGE('',*,*,#15328,.F.);
#15344 = ORIENTED_EDGE('',*,*,#15345,.F.);
#15345 = EDGE_CURVE('',#15284,#15321,#15346,.T.);
#15346 = LINE('',#15347,#15348);
#15347 = CARTESIAN_POINT('',(-0.415,0.505,3.E-02));
#15348 = VECTOR('',#15349,1.);
#15349 = DIRECTION('',(1.,0.,-0.));
#15350 = PLANE('',#15351);
#15351 = AXIS2_PLACEMENT_3D('',#15352,#15353,#15354);
#15352 = CARTESIAN_POINT('',(-0.415,0.505,3.E-02));
#15353 = DIRECTION('',(0.,0.,1.));
#15354 = DIRECTION('',(1.,0.,-0.));
#15355 = ADVANCED_FACE('',(#15356),#15362,.T.);
#15356 = FACE_BOUND('',#15357,.T.);
#15357 = EDGE_LOOP('',(#15358,#15359,#15360,#15361));
#15358 = ORIENTED_EDGE('',*,*,#15345,.T.);
#15359 = ORIENTED_EDGE('',*,*,#15320,.T.);
#15360 = ORIENTED_EDGE('',*,*,#15259,.F.);
#15361 = ORIENTED_EDGE('',*,*,#15291,.F.);
#15362 = PLANE('',#15363);
#15363 = AXIS2_PLACEMENT_3D('',#15364,#15365,#15366);
#15364 = CARTESIAN_POINT('',(-0.35,0.505,0.24));
#15365 = DIRECTION('',(-0.,-1.,-0.));
#15366 = DIRECTION('',(0.,0.,-1.));
#15367 = ( GEOMETRIC_REPRESENTATION_CONTEXT(3) 
GLOBAL_UNCERTAINTY_ASSIGNED_CONTEXT((#15371)) 
GLOBAL_UNIT_ASSIGNED_CONTEXT((#15368,#15369,#15370)) 
REPRESENTATION_CONTEXT('Context #1',
  '3D Context with UNIT and UNCERTAINTY') );
#15368 = ( LENGTH_UNIT() NAMED_UNIT(*) SI_UNIT(.MILLI.,.METRE.) );
#15369 = ( NAMED_UNIT(*) PLANE_ANGLE_UNIT() SI_UNIT($,.RADIAN.) );
#15370 = ( NAMED_UNIT(*) SI_UNIT($,.STERADIAN.) SOLID_ANGLE_UNIT() );
#15371 = UNCERTAINTY_MEASURE_WITH_UNIT(LENGTH_MEASURE(1.E-07),#15368,
  'distance_accuracy_value','confusion accuracy');
#15372 = CONTEXT_DEPENDENT_SHAPE_REPRESENTATION(#15373,#15375);
#15373 = ( REPRESENTATION_RELATIONSHIP('','',#15018,#10) 
REPRESENTATION_RELATIONSHIP_WITH_TRANSFORMATION(#15374) 
SHAPE_REPRESENTATION_RELATIONSHIP() );
#15374 = ITEM_DEFINED_TRANSFORMATION('','',#11,#55);
#15375 = PRODUCT_DEFINITION_SHAPE('Placement','Placement of an item',
  #15376);
#15376 = NEXT_ASSEMBLY_USAGE_OCCURRENCE('11','contact_08','',#5,#15013,$
  );
#15377 = PRODUCT_RELATED_PRODUCT_CATEGORY('part',$,(#15015));
#15378 = SHAPE_DEFINITION_REPRESENTATION(#15379,#15385);
#15379 = PRODUCT_DEFINITION_SHAPE('','',#15380);
#15380 = PRODUCT_DEFINITION('design','',#15381,#15384);
#15381 = PRODUCT_DEFINITION_FORMATION('','',#15382);
#15382 = PRODUCT('contact_09','contact_09','',(#15383));
#15383 = PRODUCT_CONTEXT('',#2,'mechanical');
#15384 = PRODUCT_DEFINITION_CONTEXT('part definition',#2,'design');
#15385 = ADVANCED_BREP_SHAPE_REPRESENTATION('',(#11,#15386),#15734);
#15386 = MANIFOLD_SOLID_BREP('',#15387);
#15387 = CLOSED_SHELL('',(#15388,#15428,#15459,#15490,#15521,#15552,
    #15583,#15614,#15645,#15675,#15705,#15722));
#15388 = ADVANCED_FACE('',(#15389),#15423,.T.);
#15389 = FACE_BOUND('',#15390,.T.);
#15390 = EDGE_LOOP('',(#15391,#15401,#15409,#15417));
#15391 = ORIENTED_EDGE('',*,*,#15392,.F.);
#15392 = EDGE_CURVE('',#15393,#15395,#15397,.T.);
#15393 = VERTEX_POINT('',#15394);
#15394 = CARTESIAN_POINT('',(6.5E-02,-0.72,0.));
#15395 = VERTEX_POINT('',#15396);
#15396 = CARTESIAN_POINT('',(6.5E-02,-0.72,3.E-02));
#15397 = LINE('',#15398,#15399);
#15398 = CARTESIAN_POINT('',(6.5E-02,-0.72,0.));
#15399 = VECTOR('',#15400,1.);
#15400 = DIRECTION('',(0.,0.,1.));
#15401 = ORIENTED_EDGE('',*,*,#15402,.F.);
#15402 = EDGE_CURVE('',#15403,#15393,#15405,.T.);
#15403 = VERTEX_POINT('',#15404);
#15404 = CARTESIAN_POINT('',(-6.5E-02,-0.72,0.));
#15405 = LINE('',#15406,#15407);
#15406 = CARTESIAN_POINT('',(-6.5E-02,-0.72,0.));
#15407 = VECTOR('',#15408,1.);
#15408 = DIRECTION('',(1.,0.,-0.));
#15409 = ORIENTED_EDGE('',*,*,#15410,.T.);
#15410 = EDGE_CURVE('',#15403,#15411,#15413,.T.);
#15411 = VERTEX_POINT('',#15412);
#15412 = CARTESIAN_POINT('',(-6.5E-02,-0.72,3.E-02));
#15413 = LINE('',#15414,#15415);
#15414 = CARTESIAN_POINT('',(-6.5E-02,-0.72,0.));
#15415 = VECTOR('',#15416,1.);
#15416 = DIRECTION('',(0.,0.,1.));
#15417 = ORIENTED_EDGE('',*,*,#15418,.T.);
#15418 = EDGE_CURVE('',#15411,#15395,#15419,.T.);
#15419 = LINE('',#15420,#15421);
#15420 = CARTESIAN_POINT('',(-6.5E-02,-0.72,3.E-02));
#15421 = VECTOR('',#15422,1.);
#15422 = DIRECTION('',(1.,0.,-0.));
#15423 = PLANE('',#15424);
#15424 = AXIS2_PLACEMENT_3D('',#15425,#15426,#15427);
#15425 = CARTESIAN_POINT('',(-6.5E-02,-0.72,0.));
#15426 = DIRECTION('',(-0.,1.,0.));
#15427 = DIRECTION('',(0.,0.,1.));
#15428 = ADVANCED_FACE('',(#15429),#15454,.F.);
#15429 = FACE_BOUND('',#15430,.F.);
#15430 = EDGE_LOOP('',(#15431,#15439,#15447,#15453));
#15431 = ORIENTED_EDGE('',*,*,#15432,.F.);
#15432 = EDGE_CURVE('',#15433,#15403,#15435,.T.);
#15433 = VERTEX_POINT('',#15434);
#15434 = CARTESIAN_POINT('',(-6.5E-02,-0.9,0.));
#15435 = LINE('',#15436,#15437);
#15436 = CARTESIAN_POINT('',(-6.5E-02,-0.9,0.));
#15437 = VECTOR('',#15438,1.);
#15438 = DIRECTION('',(-0.,1.,0.));
#15439 = ORIENTED_EDGE('',*,*,#15440,.T.);
#15440 = EDGE_CURVE('',#15433,#15441,#15443,.T.);
#15441 = VERTEX_POINT('',#15442);
#15442 = CARTESIAN_POINT('',(6.5E-02,-0.9,0.));
#15443 = LINE('',#15444,#15445);
#15444 = CARTESIAN_POINT('',(-6.5E-02,-0.9,0.));
#15445 = VECTOR('',#15446,1.);
#15446 = DIRECTION('',(1.,0.,-0.));
#15447 = ORIENTED_EDGE('',*,*,#15448,.T.);
#15448 = EDGE_CURVE('',#15441,#15393,#15449,.T.);
#15449 = LINE('',#15450,#15451);
#15450 = CARTESIAN_POINT('',(6.5E-02,-0.9,0.));
#15451 = VECTOR('',#15452,1.);
#15452 = DIRECTION('',(-0.,1.,0.));
#15453 = ORIENTED_EDGE('',*,*,#15402,.F.);
#15454 = PLANE('',#15455);
#15455 = AXIS2_PLACEMENT_3D('',#15456,#15457,#15458);
#15456 = CARTESIAN_POINT('',(-6.5E-02,-0.9,0.));
#15457 = DIRECTION('',(0.,0.,1.));
#15458 = DIRECTION('',(1.,0.,-0.));
#15459 = ADVANCED_FACE('',(#15460),#15485,.F.);
#15460 = FACE_BOUND('',#15461,.F.);
#15461 = EDGE_LOOP('',(#15462,#15463,#15471,#15479));
#15462 = ORIENTED_EDGE('',*,*,#15440,.F.);
#15463 = ORIENTED_EDGE('',*,*,#15464,.T.);
#15464 = EDGE_CURVE('',#15433,#15465,#15467,.T.);
#15465 = VERTEX_POINT('',#15466);
#15466 = CARTESIAN_POINT('',(-6.5E-02,-0.9,7.E-02));
#15467 = LINE('',#15468,#15469);
#15468 = CARTESIAN_POINT('',(-6.5E-02,-0.9,0.));
#15469 = VECTOR('',#15470,1.);
#15470 = DIRECTION('',(0.,0.,1.));
#15471 = ORIENTED_EDGE('',*,*,#15472,.T.);
#15472 = EDGE_CURVE('',#15465,#15473,#15475,.T.);
#15473 = VERTEX_POINT('',#15474);
#15474 = CARTESIAN_POINT('',(6.5E-02,-0.9,7.E-02));
#15475 = LINE('',#15476,#15477);
#15476 = CARTESIAN_POINT('',(-6.5E-02,-0.9,7.E-02));
#15477 = VECTOR('',#15478,1.);
#15478 = DIRECTION('',(1.,0.,-0.));
#15479 = ORIENTED_EDGE('',*,*,#15480,.F.);
#15480 = EDGE_CURVE('',#15441,#15473,#15481,.T.);
#15481 = LINE('',#15482,#15483);
#15482 = CARTESIAN_POINT('',(6.5E-02,-0.9,0.));
#15483 = VECTOR('',#15484,1.);
#15484 = DIRECTION('',(0.,0.,1.));
#15485 = PLANE('',#15486);
#15486 = AXIS2_PLACEMENT_3D('',#15487,#15488,#15489);
#15487 = CARTESIAN_POINT('',(-6.5E-02,-0.9,0.));
#15488 = DIRECTION('',(-0.,1.,0.));
#15489 = DIRECTION('',(0.,0.,1.));
#15490 = ADVANCED_FACE('',(#15491),#15516,.T.);
#15491 = FACE_BOUND('',#15492,.T.);
#15492 = EDGE_LOOP('',(#15493,#15501,#15502,#15510));
#15493 = ORIENTED_EDGE('',*,*,#15494,.F.);
#15494 = EDGE_CURVE('',#15465,#15495,#15497,.T.);
#15495 = VERTEX_POINT('',#15496);
#15496 = CARTESIAN_POINT('',(-6.5E-02,-0.74,7.E-02));
#15497 = LINE('',#15498,#15499);
#15498 = CARTESIAN_POINT('',(-6.5E-02,-0.9,7.E-02));
#15499 = VECTOR('',#15500,1.);
#15500 = DIRECTION('',(-0.,1.,0.));
#15501 = ORIENTED_EDGE('',*,*,#15472,.T.);
#15502 = ORIENTED_EDGE('',*,*,#15503,.T.);
#15503 = EDGE_CURVE('',#15473,#15504,#15506,.T.);
#15504 = VERTEX_POINT('',#15505);
#15505 = CARTESIAN_POINT('',(6.5E-02,-0.74,7.E-02));
#15506 = LINE('',#15507,#15508);
#15507 = CARTESIAN_POINT('',(6.5E-02,-0.9,7.E-02));
#15508 = VECTOR('',#15509,1.);
#15509 = DIRECTION('',(-0.,1.,0.));
#15510 = ORIENTED_EDGE('',*,*,#15511,.T.);
#15511 = EDGE_CURVE('',#15504,#15495,#15512,.T.);
#15512 = LINE('',#15513,#15514);
#15513 = CARTESIAN_POINT('',(-6.5E-02,-0.74,7.E-02));
#15514 = VECTOR('',#15515,1.);
#15515 = DIRECTION('',(-1.,-0.,0.));
#15516 = PLANE('',#15517);
#15517 = AXIS2_PLACEMENT_3D('',#15518,#15519,#15520);
#15518 = CARTESIAN_POINT('',(-6.5E-02,-0.9,7.E-02));
#15519 = DIRECTION('',(0.,0.,1.));
#15520 = DIRECTION('',(1.,0.,-0.));
#15521 = ADVANCED_FACE('',(#15522),#15547,.F.);
#15522 = FACE_BOUND('',#15523,.F.);
#15523 = EDGE_LOOP('',(#15524,#15525,#15533,#15541));
#15524 = ORIENTED_EDGE('',*,*,#15511,.T.);
#15525 = ORIENTED_EDGE('',*,*,#15526,.T.);
#15526 = EDGE_CURVE('',#15495,#15527,#15529,.T.);
#15527 = VERTEX_POINT('',#15528);
#15528 = CARTESIAN_POINT('',(-6.5E-02,-0.74,0.1));
#15529 = LINE('',#15530,#15531);
#15530 = CARTESIAN_POINT('',(-6.5E-02,-0.74,3.E-02));
#15531 = VECTOR('',#15532,1.);
#15532 = DIRECTION('',(0.,0.,1.));
#15533 = ORIENTED_EDGE('',*,*,#15534,.T.);
#15534 = EDGE_CURVE('',#15527,#15535,#15537,.T.);
#15535 = VERTEX_POINT('',#15536);
#15536 = CARTESIAN_POINT('',(6.5E-02,-0.74,0.1));
#15537 = LINE('',#15538,#15539);
#15538 = CARTESIAN_POINT('',(-6.5E-02,-0.74,0.1));
#15539 = VECTOR('',#15540,1.);
#15540 = DIRECTION('',(1.,0.,-0.));
#15541 = ORIENTED_EDGE('',*,*,#15542,.F.);
#15542 = EDGE_CURVE('',#15504,#15535,#15543,.T.);
#15543 = LINE('',#15544,#15545);
#15544 = CARTESIAN_POINT('',(6.5E-02,-0.74,3.E-02));
#15545 = VECTOR('',#15546,1.);
#15546 = DIRECTION('',(0.,0.,1.));
#15547 = PLANE('',#15548);
#15548 = AXIS2_PLACEMENT_3D('',#15549,#15550,#15551);
#15549 = CARTESIAN_POINT('',(-6.5E-02,-0.74,3.E-02));
#15550 = DIRECTION('',(-0.,1.,0.));
#15551 = DIRECTION('',(0.,0.,1.));
#15552 = ADVANCED_FACE('',(#15553),#15578,.T.);
#15553 = FACE_BOUND('',#15554,.T.);
#15554 = EDGE_LOOP('',(#15555,#15563,#15564,#15572));
#15555 = ORIENTED_EDGE('',*,*,#15556,.F.);
#15556 = EDGE_CURVE('',#15527,#15557,#15559,.T.);
#15557 = VERTEX_POINT('',#15558);
#15558 = CARTESIAN_POINT('',(-6.5E-02,-0.575,0.1));
#15559 = LINE('',#15560,#15561);
#15560 = CARTESIAN_POINT('',(-6.5E-02,-0.74,0.1));
#15561 = VECTOR('',#15562,1.);
#15562 = DIRECTION('',(-0.,1.,0.));
#15563 = ORIENTED_EDGE('',*,*,#15534,.T.);
#15564 = ORIENTED_EDGE('',*,*,#15565,.T.);
#15565 = EDGE_CURVE('',#15535,#15566,#15568,.T.);
#15566 = VERTEX_POINT('',#15567);
#15567 = CARTESIAN_POINT('',(6.5E-02,-0.575,0.1));
#15568 = LINE('',#15569,#15570);
#15569 = CARTESIAN_POINT('',(6.5E-02,-0.74,0.1));
#15570 = VECTOR('',#15571,1.);
#15571 = DIRECTION('',(-0.,1.,0.));
#15572 = ORIENTED_EDGE('',*,*,#15573,.T.);
#15573 = EDGE_CURVE('',#15566,#15557,#15574,.T.);
#15574 = LINE('',#15575,#15576);
#15575 = CARTESIAN_POINT('',(-6.5E-02,-0.575,0.1));
#15576 = VECTOR('',#15577,1.);
#15577 = DIRECTION('',(-1.,-0.,0.));
#15578 = PLANE('',#15579);
#15579 = AXIS2_PLACEMENT_3D('',#15580,#15581,#15582);
#15580 = CARTESIAN_POINT('',(-6.5E-02,-0.74,0.1));
#15581 = DIRECTION('',(0.,0.,1.));
#15582 = DIRECTION('',(1.,0.,-0.));
#15583 = ADVANCED_FACE('',(#15584),#15609,.F.);
#15584 = FACE_BOUND('',#15585,.F.);
#15585 = EDGE_LOOP('',(#15586,#15587,#15595,#15603));
#15586 = ORIENTED_EDGE('',*,*,#15573,.T.);
#15587 = ORIENTED_EDGE('',*,*,#15588,.T.);
#15588 = EDGE_CURVE('',#15557,#15589,#15591,.T.);
#15589 = VERTEX_POINT('',#15590);
#15590 = CARTESIAN_POINT('',(-6.5E-02,-0.575,0.45));
#15591 = LINE('',#15592,#15593);
#15592 = CARTESIAN_POINT('',(-6.5E-02,-0.575,3.E-02));
#15593 = VECTOR('',#15594,1.);
#15594 = DIRECTION('',(0.,0.,1.));
#15595 = ORIENTED_EDGE('',*,*,#15596,.T.);
#15596 = EDGE_CURVE('',#15589,#15597,#15599,.T.);
#15597 = VERTEX_POINT('',#15598);
#15598 = CARTESIAN_POINT('',(6.5E-02,-0.575,0.45));
#15599 = LINE('',#15600,#15601);
#15600 = CARTESIAN_POINT('',(-6.5E-02,-0.575,0.45));
#15601 = VECTOR('',#15602,1.);
#15602 = DIRECTION('',(1.,0.,-0.));
#15603 = ORIENTED_EDGE('',*,*,#15604,.F.);
#15604 = EDGE_CURVE('',#15566,#15597,#15605,.T.);
#15605 = LINE('',#15606,#15607);
#15606 = CARTESIAN_POINT('',(6.5E-02,-0.575,3.E-02));
#15607 = VECTOR('',#15608,1.);
#15608 = DIRECTION('',(0.,0.,1.));
#15609 = PLANE('',#15610);
#15610 = AXIS2_PLACEMENT_3D('',#15611,#15612,#15613);
#15611 = CARTESIAN_POINT('',(-6.5E-02,-0.575,3.E-02));
#15612 = DIRECTION('',(-0.,1.,0.));
#15613 = DIRECTION('',(0.,0.,1.));
#15614 = ADVANCED_FACE('',(#15615),#15640,.T.);
#15615 = FACE_BOUND('',#15616,.T.);
#15616 = EDGE_LOOP('',(#15617,#15625,#15626,#15634));
#15617 = ORIENTED_EDGE('',*,*,#15618,.F.);
#15618 = EDGE_CURVE('',#15589,#15619,#15621,.T.);
#15619 = VERTEX_POINT('',#15620);
#15620 = CARTESIAN_POINT('',(-6.5E-02,-0.505,0.45));
#15621 = LINE('',#15622,#15623);
#15622 = CARTESIAN_POINT('',(-6.5E-02,-0.575,0.45));
#15623 = VECTOR('',#15624,1.);
#15624 = DIRECTION('',(-0.,1.,0.));
#15625 = ORIENTED_EDGE('',*,*,#15596,.T.);
#15626 = ORIENTED_EDGE('',*,*,#15627,.T.);
#15627 = EDGE_CURVE('',#15597,#15628,#15630,.T.);
#15628 = VERTEX_POINT('',#15629);
#15629 = CARTESIAN_POINT('',(6.5E-02,-0.505,0.45));
#15630 = LINE('',#15631,#15632);
#15631 = CARTESIAN_POINT('',(6.5E-02,-0.575,0.45));
#15632 = VECTOR('',#15633,1.);
#15633 = DIRECTION('',(-0.,1.,0.));
#15634 = ORIENTED_EDGE('',*,*,#15635,.F.);
#15635 = EDGE_CURVE('',#15619,#15628,#15636,.T.);
#15636 = LINE('',#15637,#15638);
#15637 = CARTESIAN_POINT('',(-6.5E-02,-0.505,0.45));
#15638 = VECTOR('',#15639,1.);
#15639 = DIRECTION('',(1.,0.,-0.));
#15640 = PLANE('',#15641);
#15641 = AXIS2_PLACEMENT_3D('',#15642,#15643,#15644);
#15642 = CARTESIAN_POINT('',(-6.5E-02,-0.575,0.45));
#15643 = DIRECTION('',(0.,0.,1.));
#15644 = DIRECTION('',(1.,0.,-0.));
#15645 = ADVANCED_FACE('',(#15646),#15670,.T.);
#15646 = FACE_BOUND('',#15647,.T.);
#15647 = EDGE_LOOP('',(#15648,#15649,#15650,#15651,#15652,#15653,#15661,
    #15667,#15668,#15669));
#15648 = ORIENTED_EDGE('',*,*,#15494,.T.);
#15649 = ORIENTED_EDGE('',*,*,#15526,.T.);
#15650 = ORIENTED_EDGE('',*,*,#15556,.T.);
#15651 = ORIENTED_EDGE('',*,*,#15588,.T.);
#15652 = ORIENTED_EDGE('',*,*,#15618,.T.);
#15653 = ORIENTED_EDGE('',*,*,#15654,.F.);
#15654 = EDGE_CURVE('',#15655,#15619,#15657,.T.);
#15655 = VERTEX_POINT('',#15656);
#15656 = CARTESIAN_POINT('',(-6.5E-02,-0.505,3.E-02));
#15657 = LINE('',#15658,#15659);
#15658 = CARTESIAN_POINT('',(-6.5E-02,-0.505,3.E-02));
#15659 = VECTOR('',#15660,1.);
#15660 = DIRECTION('',(0.,0.,1.));
#15661 = ORIENTED_EDGE('',*,*,#15662,.F.);
#15662 = EDGE_CURVE('',#15411,#15655,#15663,.T.);
#15663 = LINE('',#15664,#15665);
#15664 = CARTESIAN_POINT('',(-6.5E-02,-0.74,3.E-02));
#15665 = VECTOR('',#15666,1.);
#15666 = DIRECTION('',(-0.,1.,0.));
#15667 = ORIENTED_EDGE('',*,*,#15410,.F.);
#15668 = ORIENTED_EDGE('',*,*,#15432,.F.);
#15669 = ORIENTED_EDGE('',*,*,#15464,.T.);
#15670 = PLANE('',#15671);
#15671 = AXIS2_PLACEMENT_3D('',#15672,#15673,#15674);
#15672 = CARTESIAN_POINT('',(-6.5E-02,-0.636168639053,0.158668639053));
#15673 = DIRECTION('',(-1.,-0.,-0.));
#15674 = DIRECTION('',(0.,0.,-1.));
#15675 = ADVANCED_FACE('',(#15676),#15700,.T.);
#15676 = FACE_BOUND('',#15677,.T.);
#15677 = EDGE_LOOP('',(#15678,#15679,#15680,#15681,#15682,#15690,#15696,
    #15697,#15698,#15699));
#15678 = ORIENTED_EDGE('',*,*,#15503,.F.);
#15679 = ORIENTED_EDGE('',*,*,#15480,.F.);
#15680 = ORIENTED_EDGE('',*,*,#15448,.T.);
#15681 = ORIENTED_EDGE('',*,*,#15392,.T.);
#15682 = ORIENTED_EDGE('',*,*,#15683,.T.);
#15683 = EDGE_CURVE('',#15395,#15684,#15686,.T.);
#15684 = VERTEX_POINT('',#15685);
#15685 = CARTESIAN_POINT('',(6.5E-02,-0.505,3.E-02));
#15686 = LINE('',#15687,#15688);
#15687 = CARTESIAN_POINT('',(6.5E-02,-0.74,3.E-02));
#15688 = VECTOR('',#15689,1.);
#15689 = DIRECTION('',(-0.,1.,0.));
#15690 = ORIENTED_EDGE('',*,*,#15691,.T.);
#15691 = EDGE_CURVE('',#15684,#15628,#15692,.T.);
#15692 = LINE('',#15693,#15694);
#15693 = CARTESIAN_POINT('',(6.5E-02,-0.505,3.E-02));
#15694 = VECTOR('',#15695,1.);
#15695 = DIRECTION('',(0.,0.,1.));
#15696 = ORIENTED_EDGE('',*,*,#15627,.F.);
#15697 = ORIENTED_EDGE('',*,*,#15604,.F.);
#15698 = ORIENTED_EDGE('',*,*,#15565,.F.);
#15699 = ORIENTED_EDGE('',*,*,#15542,.F.);
#15700 = PLANE('',#15701);
#15701 = AXIS2_PLACEMENT_3D('',#15702,#15703,#15704);
#15702 = CARTESIAN_POINT('',(6.5E-02,-0.636168639053,0.158668639053));
#15703 = DIRECTION('',(1.,0.,0.));
#15704 = DIRECTION('',(-0.,0.,1.));
#15705 = ADVANCED_FACE('',(#15706),#15717,.F.);
#15706 = FACE_BOUND('',#15707,.T.);
#15707 = EDGE_LOOP('',(#15708,#15709,#15715,#15716));
#15708 = ORIENTED_EDGE('',*,*,#15662,.T.);
#15709 = ORIENTED_EDGE('',*,*,#15710,.T.);
#15710 = EDGE_CURVE('',#15655,#15684,#15711,.T.);
#15711 = LINE('',#15712,#15713);
#15712 = CARTESIAN_POINT('',(-6.5E-02,-0.505,3.E-02));
#15713 = VECTOR('',#15714,1.);
#15714 = DIRECTION('',(1.,0.,-0.));
#15715 = ORIENTED_EDGE('',*,*,#15683,.F.);
#15716 = ORIENTED_EDGE('',*,*,#15418,.F.);
#15717 = PLANE('',#15718);
#15718 = AXIS2_PLACEMENT_3D('',#15719,#15720,#15721);
#15719 = CARTESIAN_POINT('',(-6.5E-02,-0.74,3.E-02));
#15720 = DIRECTION('',(0.,0.,1.));
#15721 = DIRECTION('',(1.,0.,-0.));
#15722 = ADVANCED_FACE('',(#15723),#15729,.T.);
#15723 = FACE_BOUND('',#15724,.T.);
#15724 = EDGE_LOOP('',(#15725,#15726,#15727,#15728));
#15725 = ORIENTED_EDGE('',*,*,#15710,.F.);
#15726 = ORIENTED_EDGE('',*,*,#15654,.T.);
#15727 = ORIENTED_EDGE('',*,*,#15635,.T.);
#15728 = ORIENTED_EDGE('',*,*,#15691,.F.);
#15729 = PLANE('',#15730);
#15730 = AXIS2_PLACEMENT_3D('',#15731,#15732,#15733);
#15731 = CARTESIAN_POINT('',(1.577021341797E-18,-0.505,0.24));
#15732 = DIRECTION('',(0.,1.,0.));
#15733 = DIRECTION('',(0.,-0.,1.));
#15734 = ( GEOMETRIC_REPRESENTATION_CONTEXT(3) 
GLOBAL_UNCERTAINTY_ASSIGNED_CONTEXT((#15738)) 
GLOBAL_UNIT_ASSIGNED_CONTEXT((#15735,#15736,#15737)) 
REPRESENTATION_CONTEXT('Context #1',
  '3D Context with UNIT and UNCERTAINTY') );
#15735 = ( LENGTH_UNIT() NAMED_UNIT(*) SI_UNIT(.MILLI.,.METRE.) );
#15736 = ( NAMED_UNIT(*) PLANE_ANGLE_UNIT() SI_UNIT($,.RADIAN.) );
#15737 = ( NAMED_UNIT(*) SI_UNIT($,.STERADIAN.) SOLID_ANGLE_UNIT() );
#15738 = UNCERTAINTY_MEASURE_WITH_UNIT(LENGTH_MEASURE(1.E-07),#15735,
  'distance_accuracy_value','confusion accuracy');
#15739 = CONTEXT_DEPENDENT_SHAPE_REPRESENTATION(#15740,#15742);
#15740 = ( REPRESENTATION_RELATIONSHIP('','',#15385,#10) 
REPRESENTATION_RELATIONSHIP_WITH_TRANSFORMATION(#15741) 
SHAPE_REPRESENTATION_RELATIONSHIP() );
#15741 = ITEM_DEFINED_TRANSFORMATION('','',#11,#59);
#15742 = PRODUCT_DEFINITION_SHAPE('Placement','Placement of an item',
  #15743);
#15743 = NEXT_ASSEMBLY_USAGE_OCCURRENCE('12','contact_09','',#5,#15380,$
  );
#15744 = PRODUCT_RELATED_PRODUCT_CATEGORY('part',$,(#15382));
#15745 = SHAPE_DEFINITION_REPRESENTATION(#15746,#15752);
#15746 = PRODUCT_DEFINITION_SHAPE('','',#15747);
#15747 = PRODUCT_DEFINITION('design','',#15748,#15751);
#15748 = PRODUCT_DEFINITION_FORMATION('','',#15749);
#15749 = PRODUCT('contact_10','contact_10','',(#15750));
#15750 = PRODUCT_CONTEXT('',#2,'mechanical');
#15751 = PRODUCT_DEFINITION_CONTEXT('part definition',#2,'design');
#15752 = ADVANCED_BREP_SHAPE_REPRESENTATION('',(#11,#15753),#16101);
#15753 = MANIFOLD_SOLID_BREP('',#15754);
#15754 = CLOSED_SHELL('',(#15755,#15795,#15826,#15857,#15888,#15919,
    #15950,#15981,#16012,#16042,#16072,#16089));
#15755 = ADVANCED_FACE('',(#15756),#15790,.T.);
#15756 = FACE_BOUND('',#15757,.T.);
#15757 = EDGE_LOOP('',(#15758,#15768,#15776,#15784));
#15758 = ORIENTED_EDGE('',*,*,#15759,.F.);
#15759 = EDGE_CURVE('',#15760,#15762,#15764,.T.);
#15760 = VERTEX_POINT('',#15761);
#15761 = CARTESIAN_POINT('',(-6.5E-02,0.74,7.E-02));
#15762 = VERTEX_POINT('',#15763);
#15763 = CARTESIAN_POINT('',(-6.5E-02,0.9,7.E-02));
#15764 = LINE('',#15765,#15766);
#15765 = CARTESIAN_POINT('',(-6.5E-02,0.72,7.E-02));
#15766 = VECTOR('',#15767,1.);
#15767 = DIRECTION('',(-0.,1.,0.));
#15768 = ORIENTED_EDGE('',*,*,#15769,.F.);
#15769 = EDGE_CURVE('',#15770,#15760,#15772,.T.);
#15770 = VERTEX_POINT('',#15771);
#15771 = CARTESIAN_POINT('',(6.5E-02,0.74,7.E-02));
#15772 = LINE('',#15773,#15774);
#15773 = CARTESIAN_POINT('',(-6.5E-02,0.74,7.E-02));
#15774 = VECTOR('',#15775,1.);
#15775 = DIRECTION('',(-1.,-0.,0.));
#15776 = ORIENTED_EDGE('',*,*,#15777,.T.);
#15777 = EDGE_CURVE('',#15770,#15778,#15780,.T.);
#15778 = VERTEX_POINT('',#15779);
#15779 = CARTESIAN_POINT('',(6.5E-02,0.9,7.E-02));
#15780 = LINE('',#15781,#15782);
#15781 = CARTESIAN_POINT('',(6.5E-02,0.72,7.E-02));
#15782 = VECTOR('',#15783,1.);
#15783 = DIRECTION('',(-0.,1.,0.));
#15784 = ORIENTED_EDGE('',*,*,#15785,.F.);
#15785 = EDGE_CURVE('',#15762,#15778,#15786,.T.);
#15786 = LINE('',#15787,#15788);
#15787 = CARTESIAN_POINT('',(-6.5E-02,0.9,7.E-02));
#15788 = VECTOR('',#15789,1.);
#15789 = DIRECTION('',(1.,0.,-0.));
#15790 = PLANE('',#15791);
#15791 = AXIS2_PLACEMENT_3D('',#15792,#15793,#15794);
#15792 = CARTESIAN_POINT('',(-6.5E-02,0.72,7.E-02));
#15793 = DIRECTION('',(0.,0.,1.));
#15794 = DIRECTION('',(1.,0.,-0.));
#15795 = ADVANCED_FACE('',(#15796),#15821,.T.);
#15796 = FACE_BOUND('',#15797,.T.);
#15797 = EDGE_LOOP('',(#15798,#15808,#15814,#15815));
#15798 = ORIENTED_EDGE('',*,*,#15799,.F.);
#15799 = EDGE_CURVE('',#15800,#15802,#15804,.T.);
#15800 = VERTEX_POINT('',#15801);
#15801 = CARTESIAN_POINT('',(-6.5E-02,0.9,0.));
#15802 = VERTEX_POINT('',#15803);
#15803 = CARTESIAN_POINT('',(6.5E-02,0.9,0.));
#15804 = LINE('',#15805,#15806);
#15805 = CARTESIAN_POINT('',(-6.5E-02,0.9,0.));
#15806 = VECTOR('',#15807,1.);
#15807 = DIRECTION('',(1.,0.,-0.));
#15808 = ORIENTED_EDGE('',*,*,#15809,.T.);
#15809 = EDGE_CURVE('',#15800,#15762,#15810,.T.);
#15810 = LINE('',#15811,#15812);
#15811 = CARTESIAN_POINT('',(-6.5E-02,0.9,0.));
#15812 = VECTOR('',#15813,1.);
#15813 = DIRECTION('',(0.,0.,1.));
#15814 = ORIENTED_EDGE('',*,*,#15785,.T.);
#15815 = ORIENTED_EDGE('',*,*,#15816,.F.);
#15816 = EDGE_CURVE('',#15802,#15778,#15817,.T.);
#15817 = LINE('',#15818,#15819);
#15818 = CARTESIAN_POINT('',(6.5E-02,0.9,0.));
#15819 = VECTOR('',#15820,1.);
#15820 = DIRECTION('',(0.,0.,1.));
#15821 = PLANE('',#15822);
#15822 = AXIS2_PLACEMENT_3D('',#15823,#15824,#15825);
#15823 = CARTESIAN_POINT('',(-6.5E-02,0.9,0.));
#15824 = DIRECTION('',(-0.,1.,0.));
#15825 = DIRECTION('',(0.,0.,1.));
#15826 = ADVANCED_FACE('',(#15827),#15852,.F.);
#15827 = FACE_BOUND('',#15828,.F.);
#15828 = EDGE_LOOP('',(#15829,#15837,#15845,#15851));
#15829 = ORIENTED_EDGE('',*,*,#15830,.F.);
#15830 = EDGE_CURVE('',#15831,#15800,#15833,.T.);
#15831 = VERTEX_POINT('',#15832);
#15832 = CARTESIAN_POINT('',(-6.5E-02,0.72,0.));
#15833 = LINE('',#15834,#15835);
#15834 = CARTESIAN_POINT('',(-6.5E-02,0.72,0.));
#15835 = VECTOR('',#15836,1.);
#15836 = DIRECTION('',(-0.,1.,0.));
#15837 = ORIENTED_EDGE('',*,*,#15838,.T.);
#15838 = EDGE_CURVE('',#15831,#15839,#15841,.T.);
#15839 = VERTEX_POINT('',#15840);
#15840 = CARTESIAN_POINT('',(6.5E-02,0.72,0.));
#15841 = LINE('',#15842,#15843);
#15842 = CARTESIAN_POINT('',(-6.5E-02,0.72,0.));
#15843 = VECTOR('',#15844,1.);
#15844 = DIRECTION('',(1.,0.,-0.));
#15845 = ORIENTED_EDGE('',*,*,#15846,.T.);
#15846 = EDGE_CURVE('',#15839,#15802,#15847,.T.);
#15847 = LINE('',#15848,#15849);
#15848 = CARTESIAN_POINT('',(6.5E-02,0.72,0.));
#15849 = VECTOR('',#15850,1.);
#15850 = DIRECTION('',(-0.,1.,0.));
#15851 = ORIENTED_EDGE('',*,*,#15799,.F.);
#15852 = PLANE('',#15853);
#15853 = AXIS2_PLACEMENT_3D('',#15854,#15855,#15856);
#15854 = CARTESIAN_POINT('',(-6.5E-02,0.72,0.));
#15855 = DIRECTION('',(0.,0.,1.));
#15856 = DIRECTION('',(1.,0.,-0.));
#15857 = ADVANCED_FACE('',(#15858),#15883,.F.);
#15858 = FACE_BOUND('',#15859,.F.);
#15859 = EDGE_LOOP('',(#15860,#15868,#15869,#15877));
#15860 = ORIENTED_EDGE('',*,*,#15861,.F.);
#15861 = EDGE_CURVE('',#15839,#15862,#15864,.T.);
#15862 = VERTEX_POINT('',#15863);
#15863 = CARTESIAN_POINT('',(6.5E-02,0.72,3.E-02));
#15864 = LINE('',#15865,#15866);
#15865 = CARTESIAN_POINT('',(6.5E-02,0.72,0.));
#15866 = VECTOR('',#15867,1.);
#15867 = DIRECTION('',(0.,0.,1.));
#15868 = ORIENTED_EDGE('',*,*,#15838,.F.);
#15869 = ORIENTED_EDGE('',*,*,#15870,.T.);
#15870 = EDGE_CURVE('',#15831,#15871,#15873,.T.);
#15871 = VERTEX_POINT('',#15872);
#15872 = CARTESIAN_POINT('',(-6.5E-02,0.72,3.E-02));
#15873 = LINE('',#15874,#15875);
#15874 = CARTESIAN_POINT('',(-6.5E-02,0.72,0.));
#15875 = VECTOR('',#15876,1.);
#15876 = DIRECTION('',(0.,0.,1.));
#15877 = ORIENTED_EDGE('',*,*,#15878,.T.);
#15878 = EDGE_CURVE('',#15871,#15862,#15879,.T.);
#15879 = LINE('',#15880,#15881);
#15880 = CARTESIAN_POINT('',(-6.5E-02,0.72,3.E-02));
#15881 = VECTOR('',#15882,1.);
#15882 = DIRECTION('',(1.,0.,-0.));
#15883 = PLANE('',#15884);
#15884 = AXIS2_PLACEMENT_3D('',#15885,#15886,#15887);
#15885 = CARTESIAN_POINT('',(-6.5E-02,0.72,0.));
#15886 = DIRECTION('',(-0.,1.,0.));
#15887 = DIRECTION('',(0.,0.,1.));
#15888 = ADVANCED_FACE('',(#15889),#15914,.T.);
#15889 = FACE_BOUND('',#15890,.T.);
#15890 = EDGE_LOOP('',(#15891,#15892,#15900,#15908));
#15891 = ORIENTED_EDGE('',*,*,#15769,.T.);
#15892 = ORIENTED_EDGE('',*,*,#15893,.T.);
#15893 = EDGE_CURVE('',#15760,#15894,#15896,.T.);
#15894 = VERTEX_POINT('',#15895);
#15895 = CARTESIAN_POINT('',(-6.5E-02,0.74,0.1));
#15896 = LINE('',#15897,#15898);
#15897 = CARTESIAN_POINT('',(-6.5E-02,0.74,3.E-02));
#15898 = VECTOR('',#15899,1.);
#15899 = DIRECTION('',(0.,0.,1.));
#15900 = ORIENTED_EDGE('',*,*,#15901,.T.);
#15901 = EDGE_CURVE('',#15894,#15902,#15904,.T.);
#15902 = VERTEX_POINT('',#15903);
#15903 = CARTESIAN_POINT('',(6.5E-02,0.74,0.1));
#15904 = LINE('',#15905,#15906);
#15905 = CARTESIAN_POINT('',(-6.5E-02,0.74,0.1));
#15906 = VECTOR('',#15907,1.);
#15907 = DIRECTION('',(1.,0.,-0.));
#15908 = ORIENTED_EDGE('',*,*,#15909,.F.);
#15909 = EDGE_CURVE('',#15770,#15902,#15910,.T.);
#15910 = LINE('',#15911,#15912);
#15911 = CARTESIAN_POINT('',(6.5E-02,0.74,3.E-02));
#15912 = VECTOR('',#15913,1.);
#15913 = DIRECTION('',(0.,0.,1.));
#15914 = PLANE('',#15915);
#15915 = AXIS2_PLACEMENT_3D('',#15916,#15917,#15918);
#15916 = CARTESIAN_POINT('',(-6.5E-02,0.74,3.E-02));
#15917 = DIRECTION('',(-0.,1.,0.));
#15918 = DIRECTION('',(0.,0.,1.));
#15919 = ADVANCED_FACE('',(#15920),#15945,.T.);
#15920 = FACE_BOUND('',#15921,.T.);
#15921 = EDGE_LOOP('',(#15922,#15930,#15938,#15944));
#15922 = ORIENTED_EDGE('',*,*,#15923,.F.);
#15923 = EDGE_CURVE('',#15924,#15894,#15926,.T.);
#15924 = VERTEX_POINT('',#15925);
#15925 = CARTESIAN_POINT('',(-6.5E-02,0.575,0.1));
#15926 = LINE('',#15927,#15928);
#15927 = CARTESIAN_POINT('',(-6.5E-02,0.505,0.1));
#15928 = VECTOR('',#15929,1.);
#15929 = DIRECTION('',(-0.,1.,0.));
#15930 = ORIENTED_EDGE('',*,*,#15931,.F.);
#15931 = EDGE_CURVE('',#15932,#15924,#15934,.T.);
#15932 = VERTEX_POINT('',#15933);
#15933 = CARTESIAN_POINT('',(6.5E-02,0.575,0.1));
#15934 = LINE('',#15935,#15936);
#15935 = CARTESIAN_POINT('',(-6.5E-02,0.575,0.1));
#15936 = VECTOR('',#15937,1.);
#15937 = DIRECTION('',(-1.,-0.,0.));
#15938 = ORIENTED_EDGE('',*,*,#15939,.T.);
#15939 = EDGE_CURVE('',#15932,#15902,#15940,.T.);
#15940 = LINE('',#15941,#15942);
#15941 = CARTESIAN_POINT('',(6.5E-02,0.505,0.1));
#15942 = VECTOR('',#15943,1.);
#15943 = DIRECTION('',(-0.,1.,0.));
#15944 = ORIENTED_EDGE('',*,*,#15901,.F.);
#15945 = PLANE('',#15946);
#15946 = AXIS2_PLACEMENT_3D('',#15947,#15948,#15949);
#15947 = CARTESIAN_POINT('',(-6.5E-02,0.505,0.1));
#15948 = DIRECTION('',(0.,0.,1.));
#15949 = DIRECTION('',(1.,0.,-0.));
#15950 = ADVANCED_FACE('',(#15951),#15976,.T.);
#15951 = FACE_BOUND('',#15952,.T.);
#15952 = EDGE_LOOP('',(#15953,#15954,#15962,#15970));
#15953 = ORIENTED_EDGE('',*,*,#15931,.T.);
#15954 = ORIENTED_EDGE('',*,*,#15955,.T.);
#15955 = EDGE_CURVE('',#15924,#15956,#15958,.T.);
#15956 = VERTEX_POINT('',#15957);
#15957 = CARTESIAN_POINT('',(-6.5E-02,0.575,0.45));
#15958 = LINE('',#15959,#15960);
#15959 = CARTESIAN_POINT('',(-6.5E-02,0.575,3.E-02));
#15960 = VECTOR('',#15961,1.);
#15961 = DIRECTION('',(0.,0.,1.));
#15962 = ORIENTED_EDGE('',*,*,#15963,.T.);
#15963 = EDGE_CURVE('',#15956,#15964,#15966,.T.);
#15964 = VERTEX_POINT('',#15965);
#15965 = CARTESIAN_POINT('',(6.5E-02,0.575,0.45));
#15966 = LINE('',#15967,#15968);
#15967 = CARTESIAN_POINT('',(-6.5E-02,0.575,0.45));
#15968 = VECTOR('',#15969,1.);
#15969 = DIRECTION('',(1.,0.,-0.));
#15970 = ORIENTED_EDGE('',*,*,#15971,.F.);
#15971 = EDGE_CURVE('',#15932,#15964,#15972,.T.);
#15972 = LINE('',#15973,#15974);
#15973 = CARTESIAN_POINT('',(6.5E-02,0.575,3.E-02));
#15974 = VECTOR('',#15975,1.);
#15975 = DIRECTION('',(0.,0.,1.));
#15976 = PLANE('',#15977);
#15977 = AXIS2_PLACEMENT_3D('',#15978,#15979,#15980);
#15978 = CARTESIAN_POINT('',(-6.5E-02,0.575,3.E-02));
#15979 = DIRECTION('',(-0.,1.,0.));
#15980 = DIRECTION('',(0.,0.,1.));
#15981 = ADVANCED_FACE('',(#15982),#16007,.T.);
#15982 = FACE_BOUND('',#15983,.T.);
#15983 = EDGE_LOOP('',(#15984,#15992,#16000,#16006));
#15984 = ORIENTED_EDGE('',*,*,#15985,.F.);
#15985 = EDGE_CURVE('',#15986,#15956,#15988,.T.);
#15986 = VERTEX_POINT('',#15987);
#15987 = CARTESIAN_POINT('',(-6.5E-02,0.505,0.45));
#15988 = LINE('',#15989,#15990);
#15989 = CARTESIAN_POINT('',(-6.5E-02,0.505,0.45));
#15990 = VECTOR('',#15991,1.);
#15991 = DIRECTION('',(-0.,1.,0.));
#15992 = ORIENTED_EDGE('',*,*,#15993,.T.);
#15993 = EDGE_CURVE('',#15986,#15994,#15996,.T.);
#15994 = VERTEX_POINT('',#15995);
#15995 = CARTESIAN_POINT('',(6.5E-02,0.505,0.45));
#15996 = LINE('',#15997,#15998);
#15997 = CARTESIAN_POINT('',(-6.5E-02,0.505,0.45));
#15998 = VECTOR('',#15999,1.);
#15999 = DIRECTION('',(1.,0.,-0.));
#16000 = ORIENTED_EDGE('',*,*,#16001,.T.);
#16001 = EDGE_CURVE('',#15994,#15964,#16002,.T.);
#16002 = LINE('',#16003,#16004);
#16003 = CARTESIAN_POINT('',(6.5E-02,0.505,0.45));
#16004 = VECTOR('',#16005,1.);
#16005 = DIRECTION('',(-0.,1.,0.));
#16006 = ORIENTED_EDGE('',*,*,#15963,.F.);
#16007 = PLANE('',#16008);
#16008 = AXIS2_PLACEMENT_3D('',#16009,#16010,#16011);
#16009 = CARTESIAN_POINT('',(-6.5E-02,0.505,0.45));
#16010 = DIRECTION('',(0.,0.,1.));
#16011 = DIRECTION('',(1.,0.,-0.));
#16012 = ADVANCED_FACE('',(#16013),#16037,.T.);
#16013 = FACE_BOUND('',#16014,.T.);
#16014 = EDGE_LOOP('',(#16015,#16016,#16024,#16030,#16031,#16032,#16033,
    #16034,#16035,#16036));
#16015 = ORIENTED_EDGE('',*,*,#15870,.T.);
#16016 = ORIENTED_EDGE('',*,*,#16017,.F.);
#16017 = EDGE_CURVE('',#16018,#15871,#16020,.T.);
#16018 = VERTEX_POINT('',#16019);
#16019 = CARTESIAN_POINT('',(-6.5E-02,0.505,3.E-02));
#16020 = LINE('',#16021,#16022);
#16021 = CARTESIAN_POINT('',(-6.5E-02,0.505,3.E-02));
#16022 = VECTOR('',#16023,1.);
#16023 = DIRECTION('',(-0.,1.,0.));
#16024 = ORIENTED_EDGE('',*,*,#16025,.T.);
#16025 = EDGE_CURVE('',#16018,#15986,#16026,.T.);
#16026 = LINE('',#16027,#16028);
#16027 = CARTESIAN_POINT('',(-6.5E-02,0.505,3.E-02));
#16028 = VECTOR('',#16029,1.);
#16029 = DIRECTION('',(0.,0.,1.));
#16030 = ORIENTED_EDGE('',*,*,#15985,.T.);
#16031 = ORIENTED_EDGE('',*,*,#15955,.F.);
#16032 = ORIENTED_EDGE('',*,*,#15923,.T.);
#16033 = ORIENTED_EDGE('',*,*,#15893,.F.);
#16034 = ORIENTED_EDGE('',*,*,#15759,.T.);
#16035 = ORIENTED_EDGE('',*,*,#15809,.F.);
#16036 = ORIENTED_EDGE('',*,*,#15830,.F.);
#16037 = PLANE('',#16038);
#16038 = AXIS2_PLACEMENT_3D('',#16039,#16040,#16041);
#16039 = CARTESIAN_POINT('',(-6.5E-02,0.636168639053,0.158668639053));
#16040 = DIRECTION('',(-1.,-0.,-0.));
#16041 = DIRECTION('',(0.,0.,-1.));
#16042 = ADVANCED_FACE('',(#16043),#16067,.T.);
#16043 = FACE_BOUND('',#16044,.T.);
#16044 = EDGE_LOOP('',(#16045,#16046,#16047,#16048,#16049,#16050,#16051,
    #16052,#16053,#16061));
#16045 = ORIENTED_EDGE('',*,*,#15861,.F.);
#16046 = ORIENTED_EDGE('',*,*,#15846,.T.);
#16047 = ORIENTED_EDGE('',*,*,#15816,.T.);
#16048 = ORIENTED_EDGE('',*,*,#15777,.F.);
#16049 = ORIENTED_EDGE('',*,*,#15909,.T.);
#16050 = ORIENTED_EDGE('',*,*,#15939,.F.);
#16051 = ORIENTED_EDGE('',*,*,#15971,.T.);
#16052 = ORIENTED_EDGE('',*,*,#16001,.F.);
#16053 = ORIENTED_EDGE('',*,*,#16054,.F.);
#16054 = EDGE_CURVE('',#16055,#15994,#16057,.T.);
#16055 = VERTEX_POINT('',#16056);
#16056 = CARTESIAN_POINT('',(6.5E-02,0.505,3.E-02));
#16057 = LINE('',#16058,#16059);
#16058 = CARTESIAN_POINT('',(6.5E-02,0.505,3.E-02));
#16059 = VECTOR('',#16060,1.);
#16060 = DIRECTION('',(0.,0.,1.));
#16061 = ORIENTED_EDGE('',*,*,#16062,.T.);
#16062 = EDGE_CURVE('',#16055,#15862,#16063,.T.);
#16063 = LINE('',#16064,#16065);
#16064 = CARTESIAN_POINT('',(6.5E-02,0.505,3.E-02));
#16065 = VECTOR('',#16066,1.);
#16066 = DIRECTION('',(-0.,1.,0.));
#16067 = PLANE('',#16068);
#16068 = AXIS2_PLACEMENT_3D('',#16069,#16070,#16071);
#16069 = CARTESIAN_POINT('',(6.5E-02,0.636168639053,0.158668639053));
#16070 = DIRECTION('',(1.,0.,0.));
#16071 = DIRECTION('',(-0.,0.,1.));
#16072 = ADVANCED_FACE('',(#16073),#16084,.F.);
#16073 = FACE_BOUND('',#16074,.T.);
#16074 = EDGE_LOOP('',(#16075,#16076,#16077,#16078));
#16075 = ORIENTED_EDGE('',*,*,#16017,.T.);
#16076 = ORIENTED_EDGE('',*,*,#15878,.T.);
#16077 = ORIENTED_EDGE('',*,*,#16062,.F.);
#16078 = ORIENTED_EDGE('',*,*,#16079,.F.);
#16079 = EDGE_CURVE('',#16018,#16055,#16080,.T.);
#16080 = LINE('',#16081,#16082);
#16081 = CARTESIAN_POINT('',(-6.5E-02,0.505,3.E-02));
#16082 = VECTOR('',#16083,1.);
#16083 = DIRECTION('',(1.,0.,-0.));
#16084 = PLANE('',#16085);
#16085 = AXIS2_PLACEMENT_3D('',#16086,#16087,#16088);
#16086 = CARTESIAN_POINT('',(-6.5E-02,0.505,3.E-02));
#16087 = DIRECTION('',(0.,0.,1.));
#16088 = DIRECTION('',(1.,0.,-0.));
#16089 = ADVANCED_FACE('',(#16090),#16096,.T.);
#16090 = FACE_BOUND('',#16091,.T.);
#16091 = EDGE_LOOP('',(#16092,#16093,#16094,#16095));
#16092 = ORIENTED_EDGE('',*,*,#16079,.T.);
#16093 = ORIENTED_EDGE('',*,*,#16054,.T.);
#16094 = ORIENTED_EDGE('',*,*,#15993,.F.);
#16095 = ORIENTED_EDGE('',*,*,#16025,.F.);
#16096 = PLANE('',#16097);
#16097 = AXIS2_PLACEMENT_3D('',#16098,#16099,#16100);
#16098 = CARTESIAN_POINT('',(-1.577021341797E-18,0.505,0.24));
#16099 = DIRECTION('',(-0.,-1.,-0.));
#16100 = DIRECTION('',(0.,0.,-1.));
#16101 = ( GEOMETRIC_REPRESENTATION_CONTEXT(3) 
GLOBAL_UNCERTAINTY_ASSIGNED_CONTEXT((#16105)) 
GLOBAL_UNIT_ASSIGNED_CONTEXT((#16102,#16103,#16104)) 
REPRESENTATION_CONTEXT('Context #1',
  '3D Context with UNIT and UNCERTAINTY') );
#16102 = ( LENGTH_UNIT() NAMED_UNIT(*) SI_UNIT(.MILLI.,.METRE.) );
#16103 = ( NAMED_UNIT(*) PLANE_ANGLE_UNIT() SI_UNIT($,.RADIAN.) );
#16104 = ( NAMED_UNIT(*) SI_UNIT($,.STERADIAN.) SOLID_ANGLE_UNIT() );
#16105 = UNCERTAINTY_MEASURE_WITH_UNIT(LENGTH_MEASURE(1.E-07),#16102,
  'distance_accuracy_value','confusion accuracy');
#16106 = CONTEXT_DEPENDENT_SHAPE_REPRESENTATION(#16107,#16109);
#16107 = ( REPRESENTATION_RELATIONSHIP('','',#15752,#10) 
REPRESENTATION_RELATIONSHIP_WITH_TRANSFORMATION(#16108) 
SHAPE_REPRESENTATION_RELATIONSHIP() );
#16108 = ITEM_DEFINED_TRANSFORMATION('','',#11,#63);
#16109 = PRODUCT_DEFINITION_SHAPE('Placement','Placement of an item',
  #16110);
#16110 = NEXT_ASSEMBLY_USAGE_OCCURRENCE('13','contact_10','',#5,#15747,$
  );
#16111 = PRODUCT_RELATED_PRODUCT_CATEGORY('part',$,(#15749));
#16112 = SHAPE_DEFINITION_REPRESENTATION(#16113,#16119);
#16113 = PRODUCT_DEFINITION_SHAPE('','',#16114);
#16114 = PRODUCT_DEFINITION('design','',#16115,#16118);
#16115 = PRODUCT_DEFINITION_FORMATION('','',#16116);
#16116 = PRODUCT('contact_11','contact_11','',(#16117));
#16117 = PRODUCT_CONTEXT('',#2,'mechanical');
#16118 = PRODUCT_DEFINITION_CONTEXT('part definition',#2,'design');
#16119 = ADVANCED_BREP_SHAPE_REPRESENTATION('',(#11,#16120),#16468);
#16120 = MANIFOLD_SOLID_BREP('',#16121);
#16121 = CLOSED_SHELL('',(#16122,#16162,#16193,#16224,#16255,#16286,
    #16317,#16348,#16379,#16409,#16439,#16456));
#16122 = ADVANCED_FACE('',(#16123),#16157,.T.);
#16123 = FACE_BOUND('',#16124,.T.);
#16124 = EDGE_LOOP('',(#16125,#16135,#16143,#16151));
#16125 = ORIENTED_EDGE('',*,*,#16126,.F.);
#16126 = EDGE_CURVE('',#16127,#16129,#16131,.T.);
#16127 = VERTEX_POINT('',#16128);
#16128 = CARTESIAN_POINT('',(0.415,-0.72,0.));
#16129 = VERTEX_POINT('',#16130);
#16130 = CARTESIAN_POINT('',(0.415,-0.72,3.E-02));
#16131 = LINE('',#16132,#16133);
#16132 = CARTESIAN_POINT('',(0.415,-0.72,0.));
#16133 = VECTOR('',#16134,1.);
#16134 = DIRECTION('',(0.,0.,1.));
#16135 = ORIENTED_EDGE('',*,*,#16136,.F.);
#16136 = EDGE_CURVE('',#16137,#16127,#16139,.T.);
#16137 = VERTEX_POINT('',#16138);
#16138 = CARTESIAN_POINT('',(0.285,-0.72,0.));
#16139 = LINE('',#16140,#16141);
#16140 = CARTESIAN_POINT('',(0.285,-0.72,0.));
#16141 = VECTOR('',#16142,1.);
#16142 = DIRECTION('',(1.,0.,-0.));
#16143 = ORIENTED_EDGE('',*,*,#16144,.T.);
#16144 = EDGE_CURVE('',#16137,#16145,#16147,.T.);
#16145 = VERTEX_POINT('',#16146);
#16146 = CARTESIAN_POINT('',(0.285,-0.72,3.E-02));
#16147 = LINE('',#16148,#16149);
#16148 = CARTESIAN_POINT('',(0.285,-0.72,0.));
#16149 = VECTOR('',#16150,1.);
#16150 = DIRECTION('',(0.,0.,1.));
#16151 = ORIENTED_EDGE('',*,*,#16152,.T.);
#16152 = EDGE_CURVE('',#16145,#16129,#16153,.T.);
#16153 = LINE('',#16154,#16155);
#16154 = CARTESIAN_POINT('',(0.285,-0.72,3.E-02));
#16155 = VECTOR('',#16156,1.);
#16156 = DIRECTION('',(1.,0.,-0.));
#16157 = PLANE('',#16158);
#16158 = AXIS2_PLACEMENT_3D('',#16159,#16160,#16161);
#16159 = CARTESIAN_POINT('',(0.285,-0.72,0.));
#16160 = DIRECTION('',(-0.,1.,0.));
#16161 = DIRECTION('',(0.,0.,1.));
#16162 = ADVANCED_FACE('',(#16163),#16188,.F.);
#16163 = FACE_BOUND('',#16164,.F.);
#16164 = EDGE_LOOP('',(#16165,#16173,#16181,#16187));
#16165 = ORIENTED_EDGE('',*,*,#16166,.F.);
#16166 = EDGE_CURVE('',#16167,#16137,#16169,.T.);
#16167 = VERTEX_POINT('',#16168);
#16168 = CARTESIAN_POINT('',(0.285,-0.9,0.));
#16169 = LINE('',#16170,#16171);
#16170 = CARTESIAN_POINT('',(0.285,-0.9,0.));
#16171 = VECTOR('',#16172,1.);
#16172 = DIRECTION('',(-0.,1.,0.));
#16173 = ORIENTED_EDGE('',*,*,#16174,.T.);
#16174 = EDGE_CURVE('',#16167,#16175,#16177,.T.);
#16175 = VERTEX_POINT('',#16176);
#16176 = CARTESIAN_POINT('',(0.415,-0.9,0.));
#16177 = LINE('',#16178,#16179);
#16178 = CARTESIAN_POINT('',(0.285,-0.9,0.));
#16179 = VECTOR('',#16180,1.);
#16180 = DIRECTION('',(1.,0.,-0.));
#16181 = ORIENTED_EDGE('',*,*,#16182,.T.);
#16182 = EDGE_CURVE('',#16175,#16127,#16183,.T.);
#16183 = LINE('',#16184,#16185);
#16184 = CARTESIAN_POINT('',(0.415,-0.9,0.));
#16185 = VECTOR('',#16186,1.);
#16186 = DIRECTION('',(-0.,1.,0.));
#16187 = ORIENTED_EDGE('',*,*,#16136,.F.);
#16188 = PLANE('',#16189);
#16189 = AXIS2_PLACEMENT_3D('',#16190,#16191,#16192);
#16190 = CARTESIAN_POINT('',(0.285,-0.9,0.));
#16191 = DIRECTION('',(0.,0.,1.));
#16192 = DIRECTION('',(1.,0.,-0.));
#16193 = ADVANCED_FACE('',(#16194),#16219,.F.);
#16194 = FACE_BOUND('',#16195,.F.);
#16195 = EDGE_LOOP('',(#16196,#16197,#16205,#16213));
#16196 = ORIENTED_EDGE('',*,*,#16174,.F.);
#16197 = ORIENTED_EDGE('',*,*,#16198,.T.);
#16198 = EDGE_CURVE('',#16167,#16199,#16201,.T.);
#16199 = VERTEX_POINT('',#16200);
#16200 = CARTESIAN_POINT('',(0.285,-0.9,7.E-02));
#16201 = LINE('',#16202,#16203);
#16202 = CARTESIAN_POINT('',(0.285,-0.9,0.));
#16203 = VECTOR('',#16204,1.);
#16204 = DIRECTION('',(0.,0.,1.));
#16205 = ORIENTED_EDGE('',*,*,#16206,.T.);
#16206 = EDGE_CURVE('',#16199,#16207,#16209,.T.);
#16207 = VERTEX_POINT('',#16208);
#16208 = CARTESIAN_POINT('',(0.415,-0.9,7.E-02));
#16209 = LINE('',#16210,#16211);
#16210 = CARTESIAN_POINT('',(0.285,-0.9,7.E-02));
#16211 = VECTOR('',#16212,1.);
#16212 = DIRECTION('',(1.,0.,-0.));
#16213 = ORIENTED_EDGE('',*,*,#16214,.F.);
#16214 = EDGE_CURVE('',#16175,#16207,#16215,.T.);
#16215 = LINE('',#16216,#16217);
#16216 = CARTESIAN_POINT('',(0.415,-0.9,0.));
#16217 = VECTOR('',#16218,1.);
#16218 = DIRECTION('',(0.,0.,1.));
#16219 = PLANE('',#16220);
#16220 = AXIS2_PLACEMENT_3D('',#16221,#16222,#16223);
#16221 = CARTESIAN_POINT('',(0.285,-0.9,0.));
#16222 = DIRECTION('',(-0.,1.,0.));
#16223 = DIRECTION('',(0.,0.,1.));
#16224 = ADVANCED_FACE('',(#16225),#16250,.T.);
#16225 = FACE_BOUND('',#16226,.T.);
#16226 = EDGE_LOOP('',(#16227,#16235,#16236,#16244));
#16227 = ORIENTED_EDGE('',*,*,#16228,.F.);
#16228 = EDGE_CURVE('',#16199,#16229,#16231,.T.);
#16229 = VERTEX_POINT('',#16230);
#16230 = CARTESIAN_POINT('',(0.285,-0.74,7.E-02));
#16231 = LINE('',#16232,#16233);
#16232 = CARTESIAN_POINT('',(0.285,-0.9,7.E-02));
#16233 = VECTOR('',#16234,1.);
#16234 = DIRECTION('',(-0.,1.,0.));
#16235 = ORIENTED_EDGE('',*,*,#16206,.T.);
#16236 = ORIENTED_EDGE('',*,*,#16237,.T.);
#16237 = EDGE_CURVE('',#16207,#16238,#16240,.T.);
#16238 = VERTEX_POINT('',#16239);
#16239 = CARTESIAN_POINT('',(0.415,-0.74,7.E-02));
#16240 = LINE('',#16241,#16242);
#16241 = CARTESIAN_POINT('',(0.415,-0.9,7.E-02));
#16242 = VECTOR('',#16243,1.);
#16243 = DIRECTION('',(-0.,1.,0.));
#16244 = ORIENTED_EDGE('',*,*,#16245,.T.);
#16245 = EDGE_CURVE('',#16238,#16229,#16246,.T.);
#16246 = LINE('',#16247,#16248);
#16247 = CARTESIAN_POINT('',(0.285,-0.74,7.E-02));
#16248 = VECTOR('',#16249,1.);
#16249 = DIRECTION('',(-1.,-0.,0.));
#16250 = PLANE('',#16251);
#16251 = AXIS2_PLACEMENT_3D('',#16252,#16253,#16254);
#16252 = CARTESIAN_POINT('',(0.285,-0.9,7.E-02));
#16253 = DIRECTION('',(0.,0.,1.));
#16254 = DIRECTION('',(1.,0.,-0.));
#16255 = ADVANCED_FACE('',(#16256),#16281,.F.);
#16256 = FACE_BOUND('',#16257,.F.);
#16257 = EDGE_LOOP('',(#16258,#16259,#16267,#16275));
#16258 = ORIENTED_EDGE('',*,*,#16245,.T.);
#16259 = ORIENTED_EDGE('',*,*,#16260,.T.);
#16260 = EDGE_CURVE('',#16229,#16261,#16263,.T.);
#16261 = VERTEX_POINT('',#16262);
#16262 = CARTESIAN_POINT('',(0.285,-0.74,0.1));
#16263 = LINE('',#16264,#16265);
#16264 = CARTESIAN_POINT('',(0.285,-0.74,3.E-02));
#16265 = VECTOR('',#16266,1.);
#16266 = DIRECTION('',(0.,0.,1.));
#16267 = ORIENTED_EDGE('',*,*,#16268,.T.);
#16268 = EDGE_CURVE('',#16261,#16269,#16271,.T.);
#16269 = VERTEX_POINT('',#16270);
#16270 = CARTESIAN_POINT('',(0.415,-0.74,0.1));
#16271 = LINE('',#16272,#16273);
#16272 = CARTESIAN_POINT('',(0.285,-0.74,0.1));
#16273 = VECTOR('',#16274,1.);
#16274 = DIRECTION('',(1.,0.,-0.));
#16275 = ORIENTED_EDGE('',*,*,#16276,.F.);
#16276 = EDGE_CURVE('',#16238,#16269,#16277,.T.);
#16277 = LINE('',#16278,#16279);
#16278 = CARTESIAN_POINT('',(0.415,-0.74,3.E-02));
#16279 = VECTOR('',#16280,1.);
#16280 = DIRECTION('',(0.,0.,1.));
#16281 = PLANE('',#16282);
#16282 = AXIS2_PLACEMENT_3D('',#16283,#16284,#16285);
#16283 = CARTESIAN_POINT('',(0.285,-0.74,3.E-02));
#16284 = DIRECTION('',(-0.,1.,0.));
#16285 = DIRECTION('',(0.,0.,1.));
#16286 = ADVANCED_FACE('',(#16287),#16312,.T.);
#16287 = FACE_BOUND('',#16288,.T.);
#16288 = EDGE_LOOP('',(#16289,#16297,#16298,#16306));
#16289 = ORIENTED_EDGE('',*,*,#16290,.F.);
#16290 = EDGE_CURVE('',#16261,#16291,#16293,.T.);
#16291 = VERTEX_POINT('',#16292);
#16292 = CARTESIAN_POINT('',(0.285,-0.575,0.1));
#16293 = LINE('',#16294,#16295);
#16294 = CARTESIAN_POINT('',(0.285,-0.74,0.1));
#16295 = VECTOR('',#16296,1.);
#16296 = DIRECTION('',(-0.,1.,0.));
#16297 = ORIENTED_EDGE('',*,*,#16268,.T.);
#16298 = ORIENTED_EDGE('',*,*,#16299,.T.);
#16299 = EDGE_CURVE('',#16269,#16300,#16302,.T.);
#16300 = VERTEX_POINT('',#16301);
#16301 = CARTESIAN_POINT('',(0.415,-0.575,0.1));
#16302 = LINE('',#16303,#16304);
#16303 = CARTESIAN_POINT('',(0.415,-0.74,0.1));
#16304 = VECTOR('',#16305,1.);
#16305 = DIRECTION('',(-0.,1.,0.));
#16306 = ORIENTED_EDGE('',*,*,#16307,.T.);
#16307 = EDGE_CURVE('',#16300,#16291,#16308,.T.);
#16308 = LINE('',#16309,#16310);
#16309 = CARTESIAN_POINT('',(0.285,-0.575,0.1));
#16310 = VECTOR('',#16311,1.);
#16311 = DIRECTION('',(-1.,-0.,0.));
#16312 = PLANE('',#16313);
#16313 = AXIS2_PLACEMENT_3D('',#16314,#16315,#16316);
#16314 = CARTESIAN_POINT('',(0.285,-0.74,0.1));
#16315 = DIRECTION('',(0.,0.,1.));
#16316 = DIRECTION('',(1.,0.,-0.));
#16317 = ADVANCED_FACE('',(#16318),#16343,.F.);
#16318 = FACE_BOUND('',#16319,.F.);
#16319 = EDGE_LOOP('',(#16320,#16321,#16329,#16337));
#16320 = ORIENTED_EDGE('',*,*,#16307,.T.);
#16321 = ORIENTED_EDGE('',*,*,#16322,.T.);
#16322 = EDGE_CURVE('',#16291,#16323,#16325,.T.);
#16323 = VERTEX_POINT('',#16324);
#16324 = CARTESIAN_POINT('',(0.285,-0.575,0.45));
#16325 = LINE('',#16326,#16327);
#16326 = CARTESIAN_POINT('',(0.285,-0.575,3.E-02));
#16327 = VECTOR('',#16328,1.);
#16328 = DIRECTION('',(0.,0.,1.));
#16329 = ORIENTED_EDGE('',*,*,#16330,.T.);
#16330 = EDGE_CURVE('',#16323,#16331,#16333,.T.);
#16331 = VERTEX_POINT('',#16332);
#16332 = CARTESIAN_POINT('',(0.415,-0.575,0.45));
#16333 = LINE('',#16334,#16335);
#16334 = CARTESIAN_POINT('',(0.285,-0.575,0.45));
#16335 = VECTOR('',#16336,1.);
#16336 = DIRECTION('',(1.,0.,-0.));
#16337 = ORIENTED_EDGE('',*,*,#16338,.F.);
#16338 = EDGE_CURVE('',#16300,#16331,#16339,.T.);
#16339 = LINE('',#16340,#16341);
#16340 = CARTESIAN_POINT('',(0.415,-0.575,3.E-02));
#16341 = VECTOR('',#16342,1.);
#16342 = DIRECTION('',(0.,0.,1.));
#16343 = PLANE('',#16344);
#16344 = AXIS2_PLACEMENT_3D('',#16345,#16346,#16347);
#16345 = CARTESIAN_POINT('',(0.285,-0.575,3.E-02));
#16346 = DIRECTION('',(-0.,1.,0.));
#16347 = DIRECTION('',(0.,0.,1.));
#16348 = ADVANCED_FACE('',(#16349),#16374,.T.);
#16349 = FACE_BOUND('',#16350,.T.);
#16350 = EDGE_LOOP('',(#16351,#16359,#16360,#16368));
#16351 = ORIENTED_EDGE('',*,*,#16352,.F.);
#16352 = EDGE_CURVE('',#16323,#16353,#16355,.T.);
#16353 = VERTEX_POINT('',#16354);
#16354 = CARTESIAN_POINT('',(0.285,-0.505,0.45));
#16355 = LINE('',#16356,#16357);
#16356 = CARTESIAN_POINT('',(0.285,-0.575,0.45));
#16357 = VECTOR('',#16358,1.);
#16358 = DIRECTION('',(-0.,1.,0.));
#16359 = ORIENTED_EDGE('',*,*,#16330,.T.);
#16360 = ORIENTED_EDGE('',*,*,#16361,.T.);
#16361 = EDGE_CURVE('',#16331,#16362,#16364,.T.);
#16362 = VERTEX_POINT('',#16363);
#16363 = CARTESIAN_POINT('',(0.415,-0.505,0.45));
#16364 = LINE('',#16365,#16366);
#16365 = CARTESIAN_POINT('',(0.415,-0.575,0.45));
#16366 = VECTOR('',#16367,1.);
#16367 = DIRECTION('',(-0.,1.,0.));
#16368 = ORIENTED_EDGE('',*,*,#16369,.F.);
#16369 = EDGE_CURVE('',#16353,#16362,#16370,.T.);
#16370 = LINE('',#16371,#16372);
#16371 = CARTESIAN_POINT('',(0.285,-0.505,0.45));
#16372 = VECTOR('',#16373,1.);
#16373 = DIRECTION('',(1.,0.,-0.));
#16374 = PLANE('',#16375);
#16375 = AXIS2_PLACEMENT_3D('',#16376,#16377,#16378);
#16376 = CARTESIAN_POINT('',(0.285,-0.575,0.45));
#16377 = DIRECTION('',(0.,0.,1.));
#16378 = DIRECTION('',(1.,0.,-0.));
#16379 = ADVANCED_FACE('',(#16380),#16404,.T.);
#16380 = FACE_BOUND('',#16381,.T.);
#16381 = EDGE_LOOP('',(#16382,#16383,#16384,#16385,#16386,#16387,#16395,
    #16401,#16402,#16403));
#16382 = ORIENTED_EDGE('',*,*,#16228,.T.);
#16383 = ORIENTED_EDGE('',*,*,#16260,.T.);
#16384 = ORIENTED_EDGE('',*,*,#16290,.T.);
#16385 = ORIENTED_EDGE('',*,*,#16322,.T.);
#16386 = ORIENTED_EDGE('',*,*,#16352,.T.);
#16387 = ORIENTED_EDGE('',*,*,#16388,.F.);
#16388 = EDGE_CURVE('',#16389,#16353,#16391,.T.);
#16389 = VERTEX_POINT('',#16390);
#16390 = CARTESIAN_POINT('',(0.285,-0.505,3.E-02));
#16391 = LINE('',#16392,#16393);
#16392 = CARTESIAN_POINT('',(0.285,-0.505,3.E-02));
#16393 = VECTOR('',#16394,1.);
#16394 = DIRECTION('',(0.,0.,1.));
#16395 = ORIENTED_EDGE('',*,*,#16396,.F.);
#16396 = EDGE_CURVE('',#16145,#16389,#16397,.T.);
#16397 = LINE('',#16398,#16399);
#16398 = CARTESIAN_POINT('',(0.285,-0.74,3.E-02));
#16399 = VECTOR('',#16400,1.);
#16400 = DIRECTION('',(-0.,1.,0.));
#16401 = ORIENTED_EDGE('',*,*,#16144,.F.);
#16402 = ORIENTED_EDGE('',*,*,#16166,.F.);
#16403 = ORIENTED_EDGE('',*,*,#16198,.T.);
#16404 = PLANE('',#16405);
#16405 = AXIS2_PLACEMENT_3D('',#16406,#16407,#16408);
#16406 = CARTESIAN_POINT('',(0.285,-0.636168639053,0.158668639053));
#16407 = DIRECTION('',(-1.,-0.,-0.));
#16408 = DIRECTION('',(0.,0.,-1.));
#16409 = ADVANCED_FACE('',(#16410),#16434,.T.);
#16410 = FACE_BOUND('',#16411,.T.);
#16411 = EDGE_LOOP('',(#16412,#16413,#16414,#16415,#16416,#16424,#16430,
    #16431,#16432,#16433));
#16412 = ORIENTED_EDGE('',*,*,#16237,.F.);
#16413 = ORIENTED_EDGE('',*,*,#16214,.F.);
#16414 = ORIENTED_EDGE('',*,*,#16182,.T.);
#16415 = ORIENTED_EDGE('',*,*,#16126,.T.);
#16416 = ORIENTED_EDGE('',*,*,#16417,.T.);
#16417 = EDGE_CURVE('',#16129,#16418,#16420,.T.);
#16418 = VERTEX_POINT('',#16419);
#16419 = CARTESIAN_POINT('',(0.415,-0.505,3.E-02));
#16420 = LINE('',#16421,#16422);
#16421 = CARTESIAN_POINT('',(0.415,-0.74,3.E-02));
#16422 = VECTOR('',#16423,1.);
#16423 = DIRECTION('',(-0.,1.,0.));
#16424 = ORIENTED_EDGE('',*,*,#16425,.T.);
#16425 = EDGE_CURVE('',#16418,#16362,#16426,.T.);
#16426 = LINE('',#16427,#16428);
#16427 = CARTESIAN_POINT('',(0.415,-0.505,3.E-02));
#16428 = VECTOR('',#16429,1.);
#16429 = DIRECTION('',(0.,0.,1.));
#16430 = ORIENTED_EDGE('',*,*,#16361,.F.);
#16431 = ORIENTED_EDGE('',*,*,#16338,.F.);
#16432 = ORIENTED_EDGE('',*,*,#16299,.F.);
#16433 = ORIENTED_EDGE('',*,*,#16276,.F.);
#16434 = PLANE('',#16435);
#16435 = AXIS2_PLACEMENT_3D('',#16436,#16437,#16438);
#16436 = CARTESIAN_POINT('',(0.415,-0.636168639053,0.158668639053));
#16437 = DIRECTION('',(1.,0.,0.));
#16438 = DIRECTION('',(-0.,0.,1.));
#16439 = ADVANCED_FACE('',(#16440),#16451,.F.);
#16440 = FACE_BOUND('',#16441,.T.);
#16441 = EDGE_LOOP('',(#16442,#16443,#16449,#16450));
#16442 = ORIENTED_EDGE('',*,*,#16396,.T.);
#16443 = ORIENTED_EDGE('',*,*,#16444,.T.);
#16444 = EDGE_CURVE('',#16389,#16418,#16445,.T.);
#16445 = LINE('',#16446,#16447);
#16446 = CARTESIAN_POINT('',(0.285,-0.505,3.E-02));
#16447 = VECTOR('',#16448,1.);
#16448 = DIRECTION('',(1.,0.,-0.));
#16449 = ORIENTED_EDGE('',*,*,#16417,.F.);
#16450 = ORIENTED_EDGE('',*,*,#16152,.F.);
#16451 = PLANE('',#16452);
#16452 = AXIS2_PLACEMENT_3D('',#16453,#16454,#16455);
#16453 = CARTESIAN_POINT('',(0.285,-0.74,3.E-02));
#16454 = DIRECTION('',(0.,0.,1.));
#16455 = DIRECTION('',(1.,0.,-0.));
#16456 = ADVANCED_FACE('',(#16457),#16463,.T.);
#16457 = FACE_BOUND('',#16458,.T.);
#16458 = EDGE_LOOP('',(#16459,#16460,#16461,#16462));
#16459 = ORIENTED_EDGE('',*,*,#16444,.F.);
#16460 = ORIENTED_EDGE('',*,*,#16388,.T.);
#16461 = ORIENTED_EDGE('',*,*,#16369,.T.);
#16462 = ORIENTED_EDGE('',*,*,#16425,.F.);
#16463 = PLANE('',#16464);
#16464 = AXIS2_PLACEMENT_3D('',#16465,#16466,#16467);
#16465 = CARTESIAN_POINT('',(0.35,-0.505,0.24));
#16466 = DIRECTION('',(0.,1.,0.));
#16467 = DIRECTION('',(0.,-0.,1.));
#16468 = ( GEOMETRIC_REPRESENTATION_CONTEXT(3) 
GLOBAL_UNCERTAINTY_ASSIGNED_CONTEXT((#16472)) 
GLOBAL_UNIT_ASSIGNED_CONTEXT((#16469,#16470,#16471)) 
REPRESENTATION_CONTEXT('Context #1',
  '3D Context with UNIT and UNCERTAINTY') );
#16469 = ( LENGTH_UNIT() NAMED_UNIT(*) SI_UNIT(.MILLI.,.METRE.) );
#16470 = ( NAMED_UNIT(*) PLANE_ANGLE_UNIT() SI_UNIT($,.RADIAN.) );
#16471 = ( NAMED_UNIT(*) SI_UNIT($,.STERADIAN.) SOLID_ANGLE_UNIT() );
#16472 = UNCERTAINTY_MEASURE_WITH_UNIT(LENGTH_MEASURE(1.E-07),#16469,
  'distance_accuracy_value','confusion accuracy');
#16473 = CONTEXT_DEPENDENT_SHAPE_REPRESENTATION(#16474,#16476);
#16474 = ( REPRESENTATION_RELATIONSHIP('','',#16119,#10) 
REPRESENTATION_RELATIONSHIP_WITH_TRANSFORMATION(#16475) 
SHAPE_REPRESENTATION_RELATIONSHIP() );
#16475 = ITEM_DEFINED_TRANSFORMATION('','',#11,#67);
#16476 = PRODUCT_DEFINITION_SHAPE('Placement','Placement of an item',
  #16477);
#16477 = NEXT_ASSEMBLY_USAGE_OCCURRENCE('14','contact_11','',#5,#16114,$
  );
#16478 = PRODUCT_RELATED_PRODUCT_CATEGORY('part',$,(#16116));
#16479 = SHAPE_DEFINITION_REPRESENTATION(#16480,#16486);
#16480 = PRODUCT_DEFINITION_SHAPE('','',#16481);
#16481 = PRODUCT_DEFINITION('design','',#16482,#16485);
#16482 = PRODUCT_DEFINITION_FORMATION('','',#16483);
#16483 = PRODUCT('contact_12','contact_12','',(#16484));
#16484 = PRODUCT_CONTEXT('',#2,'mechanical');
#16485 = PRODUCT_DEFINITION_CONTEXT('part definition',#2,'design');
#16486 = ADVANCED_BREP_SHAPE_REPRESENTATION('',(#11,#16487),#16835);
#16487 = MANIFOLD_SOLID_BREP('',#16488);
#16488 = CLOSED_SHELL('',(#16489,#16529,#16560,#16591,#16622,#16653,
    #16684,#16715,#16746,#16776,#16806,#16823));
#16489 = ADVANCED_FACE('',(#16490),#16524,.T.);
#16490 = FACE_BOUND('',#16491,.T.);
#16491 = EDGE_LOOP('',(#16492,#16502,#16510,#16518));
#16492 = ORIENTED_EDGE('',*,*,#16493,.F.);
#16493 = EDGE_CURVE('',#16494,#16496,#16498,.T.);
#16494 = VERTEX_POINT('',#16495);
#16495 = CARTESIAN_POINT('',(0.285,0.74,7.E-02));
#16496 = VERTEX_POINT('',#16497);
#16497 = CARTESIAN_POINT('',(0.285,0.9,7.E-02));
#16498 = LINE('',#16499,#16500);
#16499 = CARTESIAN_POINT('',(0.285,0.72,7.E-02));
#16500 = VECTOR('',#16501,1.);
#16501 = DIRECTION('',(-0.,1.,0.));
#16502 = ORIENTED_EDGE('',*,*,#16503,.F.);
#16503 = EDGE_CURVE('',#16504,#16494,#16506,.T.);
#16504 = VERTEX_POINT('',#16505);
#16505 = CARTESIAN_POINT('',(0.415,0.74,7.E-02));
#16506 = LINE('',#16507,#16508);
#16507 = CARTESIAN_POINT('',(0.285,0.74,7.E-02));
#16508 = VECTOR('',#16509,1.);
#16509 = DIRECTION('',(-1.,-0.,0.));
#16510 = ORIENTED_EDGE('',*,*,#16511,.T.);
#16511 = EDGE_CURVE('',#16504,#16512,#16514,.T.);
#16512 = VERTEX_POINT('',#16513);
#16513 = CARTESIAN_POINT('',(0.415,0.9,7.E-02));
#16514 = LINE('',#16515,#16516);
#16515 = CARTESIAN_POINT('',(0.415,0.72,7.E-02));
#16516 = VECTOR('',#16517,1.);
#16517 = DIRECTION('',(-0.,1.,0.));
#16518 = ORIENTED_EDGE('',*,*,#16519,.F.);
#16519 = EDGE_CURVE('',#16496,#16512,#16520,.T.);
#16520 = LINE('',#16521,#16522);
#16521 = CARTESIAN_POINT('',(0.285,0.9,7.E-02));
#16522 = VECTOR('',#16523,1.);
#16523 = DIRECTION('',(1.,0.,-0.));
#16524 = PLANE('',#16525);
#16525 = AXIS2_PLACEMENT_3D('',#16526,#16527,#16528);
#16526 = CARTESIAN_POINT('',(0.285,0.72,7.E-02));
#16527 = DIRECTION('',(0.,0.,1.));
#16528 = DIRECTION('',(1.,0.,-0.));
#16529 = ADVANCED_FACE('',(#16530),#16555,.T.);
#16530 = FACE_BOUND('',#16531,.T.);
#16531 = EDGE_LOOP('',(#16532,#16542,#16548,#16549));
#16532 = ORIENTED_EDGE('',*,*,#16533,.F.);
#16533 = EDGE_CURVE('',#16534,#16536,#16538,.T.);
#16534 = VERTEX_POINT('',#16535);
#16535 = CARTESIAN_POINT('',(0.285,0.9,0.));
#16536 = VERTEX_POINT('',#16537);
#16537 = CARTESIAN_POINT('',(0.415,0.9,0.));
#16538 = LINE('',#16539,#16540);
#16539 = CARTESIAN_POINT('',(0.285,0.9,0.));
#16540 = VECTOR('',#16541,1.);
#16541 = DIRECTION('',(1.,0.,-0.));
#16542 = ORIENTED_EDGE('',*,*,#16543,.T.);
#16543 = EDGE_CURVE('',#16534,#16496,#16544,.T.);
#16544 = LINE('',#16545,#16546);
#16545 = CARTESIAN_POINT('',(0.285,0.9,0.));
#16546 = VECTOR('',#16547,1.);
#16547 = DIRECTION('',(0.,0.,1.));
#16548 = ORIENTED_EDGE('',*,*,#16519,.T.);
#16549 = ORIENTED_EDGE('',*,*,#16550,.F.);
#16550 = EDGE_CURVE('',#16536,#16512,#16551,.T.);
#16551 = LINE('',#16552,#16553);
#16552 = CARTESIAN_POINT('',(0.415,0.9,0.));
#16553 = VECTOR('',#16554,1.);
#16554 = DIRECTION('',(0.,0.,1.));
#16555 = PLANE('',#16556);
#16556 = AXIS2_PLACEMENT_3D('',#16557,#16558,#16559);
#16557 = CARTESIAN_POINT('',(0.285,0.9,0.));
#16558 = DIRECTION('',(-0.,1.,0.));
#16559 = DIRECTION('',(0.,0.,1.));
#16560 = ADVANCED_FACE('',(#16561),#16586,.F.);
#16561 = FACE_BOUND('',#16562,.F.);
#16562 = EDGE_LOOP('',(#16563,#16571,#16579,#16585));
#16563 = ORIENTED_EDGE('',*,*,#16564,.F.);
#16564 = EDGE_CURVE('',#16565,#16534,#16567,.T.);
#16565 = VERTEX_POINT('',#16566);
#16566 = CARTESIAN_POINT('',(0.285,0.72,0.));
#16567 = LINE('',#16568,#16569);
#16568 = CARTESIAN_POINT('',(0.285,0.72,0.));
#16569 = VECTOR('',#16570,1.);
#16570 = DIRECTION('',(-0.,1.,0.));
#16571 = ORIENTED_EDGE('',*,*,#16572,.T.);
#16572 = EDGE_CURVE('',#16565,#16573,#16575,.T.);
#16573 = VERTEX_POINT('',#16574);
#16574 = CARTESIAN_POINT('',(0.415,0.72,0.));
#16575 = LINE('',#16576,#16577);
#16576 = CARTESIAN_POINT('',(0.285,0.72,0.));
#16577 = VECTOR('',#16578,1.);
#16578 = DIRECTION('',(1.,0.,-0.));
#16579 = ORIENTED_EDGE('',*,*,#16580,.T.);
#16580 = EDGE_CURVE('',#16573,#16536,#16581,.T.);
#16581 = LINE('',#16582,#16583);
#16582 = CARTESIAN_POINT('',(0.415,0.72,0.));
#16583 = VECTOR('',#16584,1.);
#16584 = DIRECTION('',(-0.,1.,0.));
#16585 = ORIENTED_EDGE('',*,*,#16533,.F.);
#16586 = PLANE('',#16587);
#16587 = AXIS2_PLACEMENT_3D('',#16588,#16589,#16590);
#16588 = CARTESIAN_POINT('',(0.285,0.72,0.));
#16589 = DIRECTION('',(0.,0.,1.));
#16590 = DIRECTION('',(1.,0.,-0.));
#16591 = ADVANCED_FACE('',(#16592),#16617,.F.);
#16592 = FACE_BOUND('',#16593,.F.);
#16593 = EDGE_LOOP('',(#16594,#16602,#16603,#16611));
#16594 = ORIENTED_EDGE('',*,*,#16595,.F.);
#16595 = EDGE_CURVE('',#16573,#16596,#16598,.T.);
#16596 = VERTEX_POINT('',#16597);
#16597 = CARTESIAN_POINT('',(0.415,0.72,3.E-02));
#16598 = LINE('',#16599,#16600);
#16599 = CARTESIAN_POINT('',(0.415,0.72,0.));
#16600 = VECTOR('',#16601,1.);
#16601 = DIRECTION('',(0.,0.,1.));
#16602 = ORIENTED_EDGE('',*,*,#16572,.F.);
#16603 = ORIENTED_EDGE('',*,*,#16604,.T.);
#16604 = EDGE_CURVE('',#16565,#16605,#16607,.T.);
#16605 = VERTEX_POINT('',#16606);
#16606 = CARTESIAN_POINT('',(0.285,0.72,3.E-02));
#16607 = LINE('',#16608,#16609);
#16608 = CARTESIAN_POINT('',(0.285,0.72,0.));
#16609 = VECTOR('',#16610,1.);
#16610 = DIRECTION('',(0.,0.,1.));
#16611 = ORIENTED_EDGE('',*,*,#16612,.T.);
#16612 = EDGE_CURVE('',#16605,#16596,#16613,.T.);
#16613 = LINE('',#16614,#16615);
#16614 = CARTESIAN_POINT('',(0.285,0.72,3.E-02));
#16615 = VECTOR('',#16616,1.);
#16616 = DIRECTION('',(1.,0.,-0.));
#16617 = PLANE('',#16618);
#16618 = AXIS2_PLACEMENT_3D('',#16619,#16620,#16621);
#16619 = CARTESIAN_POINT('',(0.285,0.72,0.));
#16620 = DIRECTION('',(-0.,1.,0.));
#16621 = DIRECTION('',(0.,0.,1.));
#16622 = ADVANCED_FACE('',(#16623),#16648,.T.);
#16623 = FACE_BOUND('',#16624,.T.);
#16624 = EDGE_LOOP('',(#16625,#16626,#16634,#16642));
#16625 = ORIENTED_EDGE('',*,*,#16503,.T.);
#16626 = ORIENTED_EDGE('',*,*,#16627,.T.);
#16627 = EDGE_CURVE('',#16494,#16628,#16630,.T.);
#16628 = VERTEX_POINT('',#16629);
#16629 = CARTESIAN_POINT('',(0.285,0.74,0.1));
#16630 = LINE('',#16631,#16632);
#16631 = CARTESIAN_POINT('',(0.285,0.74,3.E-02));
#16632 = VECTOR('',#16633,1.);
#16633 = DIRECTION('',(0.,0.,1.));
#16634 = ORIENTED_EDGE('',*,*,#16635,.T.);
#16635 = EDGE_CURVE('',#16628,#16636,#16638,.T.);
#16636 = VERTEX_POINT('',#16637);
#16637 = CARTESIAN_POINT('',(0.415,0.74,0.1));
#16638 = LINE('',#16639,#16640);
#16639 = CARTESIAN_POINT('',(0.285,0.74,0.1));
#16640 = VECTOR('',#16641,1.);
#16641 = DIRECTION('',(1.,0.,-0.));
#16642 = ORIENTED_EDGE('',*,*,#16643,.F.);
#16643 = EDGE_CURVE('',#16504,#16636,#16644,.T.);
#16644 = LINE('',#16645,#16646);
#16645 = CARTESIAN_POINT('',(0.415,0.74,3.E-02));
#16646 = VECTOR('',#16647,1.);
#16647 = DIRECTION('',(0.,0.,1.));
#16648 = PLANE('',#16649);
#16649 = AXIS2_PLACEMENT_3D('',#16650,#16651,#16652);
#16650 = CARTESIAN_POINT('',(0.285,0.74,3.E-02));
#16651 = DIRECTION('',(-0.,1.,0.));
#16652 = DIRECTION('',(0.,0.,1.));
#16653 = ADVANCED_FACE('',(#16654),#16679,.T.);
#16654 = FACE_BOUND('',#16655,.T.);
#16655 = EDGE_LOOP('',(#16656,#16664,#16672,#16678));
#16656 = ORIENTED_EDGE('',*,*,#16657,.F.);
#16657 = EDGE_CURVE('',#16658,#16628,#16660,.T.);
#16658 = VERTEX_POINT('',#16659);
#16659 = CARTESIAN_POINT('',(0.285,0.575,0.1));
#16660 = LINE('',#16661,#16662);
#16661 = CARTESIAN_POINT('',(0.285,0.505,0.1));
#16662 = VECTOR('',#16663,1.);
#16663 = DIRECTION('',(-0.,1.,0.));
#16664 = ORIENTED_EDGE('',*,*,#16665,.F.);
#16665 = EDGE_CURVE('',#16666,#16658,#16668,.T.);
#16666 = VERTEX_POINT('',#16667);
#16667 = CARTESIAN_POINT('',(0.415,0.575,0.1));
#16668 = LINE('',#16669,#16670);
#16669 = CARTESIAN_POINT('',(0.285,0.575,0.1));
#16670 = VECTOR('',#16671,1.);
#16671 = DIRECTION('',(-1.,-0.,0.));
#16672 = ORIENTED_EDGE('',*,*,#16673,.T.);
#16673 = EDGE_CURVE('',#16666,#16636,#16674,.T.);
#16674 = LINE('',#16675,#16676);
#16675 = CARTESIAN_POINT('',(0.415,0.505,0.1));
#16676 = VECTOR('',#16677,1.);
#16677 = DIRECTION('',(-0.,1.,0.));
#16678 = ORIENTED_EDGE('',*,*,#16635,.F.);
#16679 = PLANE('',#16680);
#16680 = AXIS2_PLACEMENT_3D('',#16681,#16682,#16683);
#16681 = CARTESIAN_POINT('',(0.285,0.505,0.1));
#16682 = DIRECTION('',(0.,0.,1.));
#16683 = DIRECTION('',(1.,0.,-0.));
#16684 = ADVANCED_FACE('',(#16685),#16710,.T.);
#16685 = FACE_BOUND('',#16686,.T.);
#16686 = EDGE_LOOP('',(#16687,#16688,#16696,#16704));
#16687 = ORIENTED_EDGE('',*,*,#16665,.T.);
#16688 = ORIENTED_EDGE('',*,*,#16689,.T.);
#16689 = EDGE_CURVE('',#16658,#16690,#16692,.T.);
#16690 = VERTEX_POINT('',#16691);
#16691 = CARTESIAN_POINT('',(0.285,0.575,0.45));
#16692 = LINE('',#16693,#16694);
#16693 = CARTESIAN_POINT('',(0.285,0.575,3.E-02));
#16694 = VECTOR('',#16695,1.);
#16695 = DIRECTION('',(0.,0.,1.));
#16696 = ORIENTED_EDGE('',*,*,#16697,.T.);
#16697 = EDGE_CURVE('',#16690,#16698,#16700,.T.);
#16698 = VERTEX_POINT('',#16699);
#16699 = CARTESIAN_POINT('',(0.415,0.575,0.45));
#16700 = LINE('',#16701,#16702);
#16701 = CARTESIAN_POINT('',(0.285,0.575,0.45));
#16702 = VECTOR('',#16703,1.);
#16703 = DIRECTION('',(1.,0.,-0.));
#16704 = ORIENTED_EDGE('',*,*,#16705,.F.);
#16705 = EDGE_CURVE('',#16666,#16698,#16706,.T.);
#16706 = LINE('',#16707,#16708);
#16707 = CARTESIAN_POINT('',(0.415,0.575,3.E-02));
#16708 = VECTOR('',#16709,1.);
#16709 = DIRECTION('',(0.,0.,1.));
#16710 = PLANE('',#16711);
#16711 = AXIS2_PLACEMENT_3D('',#16712,#16713,#16714);
#16712 = CARTESIAN_POINT('',(0.285,0.575,3.E-02));
#16713 = DIRECTION('',(-0.,1.,0.));
#16714 = DIRECTION('',(0.,0.,1.));
#16715 = ADVANCED_FACE('',(#16716),#16741,.T.);
#16716 = FACE_BOUND('',#16717,.T.);
#16717 = EDGE_LOOP('',(#16718,#16726,#16734,#16740));
#16718 = ORIENTED_EDGE('',*,*,#16719,.F.);
#16719 = EDGE_CURVE('',#16720,#16690,#16722,.T.);
#16720 = VERTEX_POINT('',#16721);
#16721 = CARTESIAN_POINT('',(0.285,0.505,0.45));
#16722 = LINE('',#16723,#16724);
#16723 = CARTESIAN_POINT('',(0.285,0.505,0.45));
#16724 = VECTOR('',#16725,1.);
#16725 = DIRECTION('',(-0.,1.,0.));
#16726 = ORIENTED_EDGE('',*,*,#16727,.T.);
#16727 = EDGE_CURVE('',#16720,#16728,#16730,.T.);
#16728 = VERTEX_POINT('',#16729);
#16729 = CARTESIAN_POINT('',(0.415,0.505,0.45));
#16730 = LINE('',#16731,#16732);
#16731 = CARTESIAN_POINT('',(0.285,0.505,0.45));
#16732 = VECTOR('',#16733,1.);
#16733 = DIRECTION('',(1.,0.,-0.));
#16734 = ORIENTED_EDGE('',*,*,#16735,.T.);
#16735 = EDGE_CURVE('',#16728,#16698,#16736,.T.);
#16736 = LINE('',#16737,#16738);
#16737 = CARTESIAN_POINT('',(0.415,0.505,0.45));
#16738 = VECTOR('',#16739,1.);
#16739 = DIRECTION('',(-0.,1.,0.));
#16740 = ORIENTED_EDGE('',*,*,#16697,.F.);
#16741 = PLANE('',#16742);
#16742 = AXIS2_PLACEMENT_3D('',#16743,#16744,#16745);
#16743 = CARTESIAN_POINT('',(0.285,0.505,0.45));
#16744 = DIRECTION('',(0.,0.,1.));
#16745 = DIRECTION('',(1.,0.,-0.));
#16746 = ADVANCED_FACE('',(#16747),#16771,.T.);
#16747 = FACE_BOUND('',#16748,.T.);
#16748 = EDGE_LOOP('',(#16749,#16750,#16758,#16764,#16765,#16766,#16767,
    #16768,#16769,#16770));
#16749 = ORIENTED_EDGE('',*,*,#16604,.T.);
#16750 = ORIENTED_EDGE('',*,*,#16751,.F.);
#16751 = EDGE_CURVE('',#16752,#16605,#16754,.T.);
#16752 = VERTEX_POINT('',#16753);
#16753 = CARTESIAN_POINT('',(0.285,0.505,3.E-02));
#16754 = LINE('',#16755,#16756);
#16755 = CARTESIAN_POINT('',(0.285,0.505,3.E-02));
#16756 = VECTOR('',#16757,1.);
#16757 = DIRECTION('',(-0.,1.,0.));
#16758 = ORIENTED_EDGE('',*,*,#16759,.T.);
#16759 = EDGE_CURVE('',#16752,#16720,#16760,.T.);
#16760 = LINE('',#16761,#16762);
#16761 = CARTESIAN_POINT('',(0.285,0.505,3.E-02));
#16762 = VECTOR('',#16763,1.);
#16763 = DIRECTION('',(0.,0.,1.));
#16764 = ORIENTED_EDGE('',*,*,#16719,.T.);
#16765 = ORIENTED_EDGE('',*,*,#16689,.F.);
#16766 = ORIENTED_EDGE('',*,*,#16657,.T.);
#16767 = ORIENTED_EDGE('',*,*,#16627,.F.);
#16768 = ORIENTED_EDGE('',*,*,#16493,.T.);
#16769 = ORIENTED_EDGE('',*,*,#16543,.F.);
#16770 = ORIENTED_EDGE('',*,*,#16564,.F.);
#16771 = PLANE('',#16772);
#16772 = AXIS2_PLACEMENT_3D('',#16773,#16774,#16775);
#16773 = CARTESIAN_POINT('',(0.285,0.636168639053,0.158668639053));
#16774 = DIRECTION('',(-1.,-0.,-0.));
#16775 = DIRECTION('',(0.,0.,-1.));
#16776 = ADVANCED_FACE('',(#16777),#16801,.T.);
#16777 = FACE_BOUND('',#16778,.T.);
#16778 = EDGE_LOOP('',(#16779,#16780,#16781,#16782,#16783,#16784,#16785,
    #16786,#16787,#16795));
#16779 = ORIENTED_EDGE('',*,*,#16595,.F.);
#16780 = ORIENTED_EDGE('',*,*,#16580,.T.);
#16781 = ORIENTED_EDGE('',*,*,#16550,.T.);
#16782 = ORIENTED_EDGE('',*,*,#16511,.F.);
#16783 = ORIENTED_EDGE('',*,*,#16643,.T.);
#16784 = ORIENTED_EDGE('',*,*,#16673,.F.);
#16785 = ORIENTED_EDGE('',*,*,#16705,.T.);
#16786 = ORIENTED_EDGE('',*,*,#16735,.F.);
#16787 = ORIENTED_EDGE('',*,*,#16788,.F.);
#16788 = EDGE_CURVE('',#16789,#16728,#16791,.T.);
#16789 = VERTEX_POINT('',#16790);
#16790 = CARTESIAN_POINT('',(0.415,0.505,3.E-02));
#16791 = LINE('',#16792,#16793);
#16792 = CARTESIAN_POINT('',(0.415,0.505,3.E-02));
#16793 = VECTOR('',#16794,1.);
#16794 = DIRECTION('',(0.,0.,1.));
#16795 = ORIENTED_EDGE('',*,*,#16796,.T.);
#16796 = EDGE_CURVE('',#16789,#16596,#16797,.T.);
#16797 = LINE('',#16798,#16799);
#16798 = CARTESIAN_POINT('',(0.415,0.505,3.E-02));
#16799 = VECTOR('',#16800,1.);
#16800 = DIRECTION('',(-0.,1.,0.));
#16801 = PLANE('',#16802);
#16802 = AXIS2_PLACEMENT_3D('',#16803,#16804,#16805);
#16803 = CARTESIAN_POINT('',(0.415,0.636168639053,0.158668639053));
#16804 = DIRECTION('',(1.,0.,0.));
#16805 = DIRECTION('',(-0.,0.,1.));
#16806 = ADVANCED_FACE('',(#16807),#16818,.F.);
#16807 = FACE_BOUND('',#16808,.T.);
#16808 = EDGE_LOOP('',(#16809,#16810,#16811,#16812));
#16809 = ORIENTED_EDGE('',*,*,#16751,.T.);
#16810 = ORIENTED_EDGE('',*,*,#16612,.T.);
#16811 = ORIENTED_EDGE('',*,*,#16796,.F.);
#16812 = ORIENTED_EDGE('',*,*,#16813,.F.);
#16813 = EDGE_CURVE('',#16752,#16789,#16814,.T.);
#16814 = LINE('',#16815,#16816);
#16815 = CARTESIAN_POINT('',(0.285,0.505,3.E-02));
#16816 = VECTOR('',#16817,1.);
#16817 = DIRECTION('',(1.,0.,-0.));
#16818 = PLANE('',#16819);
#16819 = AXIS2_PLACEMENT_3D('',#16820,#16821,#16822);
#16820 = CARTESIAN_POINT('',(0.285,0.505,3.E-02));
#16821 = DIRECTION('',(0.,0.,1.));
#16822 = DIRECTION('',(1.,0.,-0.));
#16823 = ADVANCED_FACE('',(#16824),#16830,.T.);
#16824 = FACE_BOUND('',#16825,.T.);
#16825 = EDGE_LOOP('',(#16826,#16827,#16828,#16829));
#16826 = ORIENTED_EDGE('',*,*,#16813,.T.);
#16827 = ORIENTED_EDGE('',*,*,#16788,.T.);
#16828 = ORIENTED_EDGE('',*,*,#16727,.F.);
#16829 = ORIENTED_EDGE('',*,*,#16759,.F.);
#16830 = PLANE('',#16831);
#16831 = AXIS2_PLACEMENT_3D('',#16832,#16833,#16834);
#16832 = CARTESIAN_POINT('',(0.35,0.505,0.24));
#16833 = DIRECTION('',(-0.,-1.,-0.));
#16834 = DIRECTION('',(0.,0.,-1.));
#16835 = ( GEOMETRIC_REPRESENTATION_CONTEXT(3) 
GLOBAL_UNCERTAINTY_ASSIGNED_CONTEXT((#16839)) 
GLOBAL_UNIT_ASSIGNED_CONTEXT((#16836,#16837,#16838)) 
REPRESENTATION_CONTEXT('Context #1',
  '3D Context with UNIT and UNCERTAINTY') );
#16836 = ( LENGTH_UNIT() NAMED_UNIT(*) SI_UNIT(.MILLI.,.METRE.) );
#16837 = ( NAMED_UNIT(*) PLANE_ANGLE_UNIT() SI_UNIT($,.RADIAN.) );
#16838 = ( NAMED_UNIT(*) SI_UNIT($,.STERADIAN.) SOLID_ANGLE_UNIT() );
#16839 = UNCERTAINTY_MEASURE_WITH_UNIT(LENGTH_MEASURE(1.E-07),#16836,
  'distance_accuracy_value','confusion accuracy');
#16840 = CONTEXT_DEPENDENT_SHAPE_REPRESENTATION(#16841,#16843);
#16841 = ( REPRESENTATION_RELATIONSHIP('','',#16486,#10) 
REPRESENTATION_RELATIONSHIP_WITH_TRANSFORMATION(#16842) 
SHAPE_REPRESENTATION_RELATIONSHIP() );
#16842 = ITEM_DEFINED_TRANSFORMATION('','',#11,#71);
#16843 = PRODUCT_DEFINITION_SHAPE('Placement','Placement of an item',
  #16844);
#16844 = NEXT_ASSEMBLY_USAGE_OCCURRENCE('15','contact_12','',#5,#16481,$
  );
#16845 = PRODUCT_RELATED_PRODUCT_CATEGORY('part',$,(#16483));
#16846 = SHAPE_DEFINITION_REPRESENTATION(#16847,#16853);
#16847 = PRODUCT_DEFINITION_SHAPE('','',#16848);
#16848 = PRODUCT_DEFINITION('design','',#16849,#16852);
#16849 = PRODUCT_DEFINITION_FORMATION('','',#16850);
#16850 = PRODUCT('contact_13','contact_13','',(#16851));
#16851 = PRODUCT_CONTEXT('',#2,'mechanical');
#16852 = PRODUCT_DEFINITION_CONTEXT('part definition',#2,'design');
#16853 = ADVANCED_BREP_SHAPE_REPRESENTATION('',(#11,#16854),#17202);
#16854 = MANIFOLD_SOLID_BREP('',#16855);
#16855 = CLOSED_SHELL('',(#16856,#16896,#16927,#16958,#16989,#17020,
    #17051,#17082,#17113,#17143,#17173,#17190));
#16856 = ADVANCED_FACE('',(#16857),#16891,.T.);
#16857 = FACE_BOUND('',#16858,.T.);
#16858 = EDGE_LOOP('',(#16859,#16869,#16877,#16885));
#16859 = ORIENTED_EDGE('',*,*,#16860,.F.);
#16860 = EDGE_CURVE('',#16861,#16863,#16865,.T.);
#16861 = VERTEX_POINT('',#16862);
#16862 = CARTESIAN_POINT('',(0.765,-0.72,0.));
#16863 = VERTEX_POINT('',#16864);
#16864 = CARTESIAN_POINT('',(0.765,-0.72,3.E-02));
#16865 = LINE('',#16866,#16867);
#16866 = CARTESIAN_POINT('',(0.765,-0.72,0.));
#16867 = VECTOR('',#16868,1.);
#16868 = DIRECTION('',(0.,0.,1.));
#16869 = ORIENTED_EDGE('',*,*,#16870,.F.);
#16870 = EDGE_CURVE('',#16871,#16861,#16873,.T.);
#16871 = VERTEX_POINT('',#16872);
#16872 = CARTESIAN_POINT('',(0.635,-0.72,0.));
#16873 = LINE('',#16874,#16875);
#16874 = CARTESIAN_POINT('',(0.635,-0.72,0.));
#16875 = VECTOR('',#16876,1.);
#16876 = DIRECTION('',(1.,0.,-0.));
#16877 = ORIENTED_EDGE('',*,*,#16878,.T.);
#16878 = EDGE_CURVE('',#16871,#16879,#16881,.T.);
#16879 = VERTEX_POINT('',#16880);
#16880 = CARTESIAN_POINT('',(0.635,-0.72,3.E-02));
#16881 = LINE('',#16882,#16883);
#16882 = CARTESIAN_POINT('',(0.635,-0.72,0.));
#16883 = VECTOR('',#16884,1.);
#16884 = DIRECTION('',(0.,0.,1.));
#16885 = ORIENTED_EDGE('',*,*,#16886,.T.);
#16886 = EDGE_CURVE('',#16879,#16863,#16887,.T.);
#16887 = LINE('',#16888,#16889);
#16888 = CARTESIAN_POINT('',(0.635,-0.72,3.E-02));
#16889 = VECTOR('',#16890,1.);
#16890 = DIRECTION('',(1.,0.,-0.));
#16891 = PLANE('',#16892);
#16892 = AXIS2_PLACEMENT_3D('',#16893,#16894,#16895);
#16893 = CARTESIAN_POINT('',(0.635,-0.72,0.));
#16894 = DIRECTION('',(-0.,1.,0.));
#16895 = DIRECTION('',(0.,0.,1.));
#16896 = ADVANCED_FACE('',(#16897),#16922,.F.);
#16897 = FACE_BOUND('',#16898,.F.);
#16898 = EDGE_LOOP('',(#16899,#16907,#16915,#16921));
#16899 = ORIENTED_EDGE('',*,*,#16900,.F.);
#16900 = EDGE_CURVE('',#16901,#16871,#16903,.T.);
#16901 = VERTEX_POINT('',#16902);
#16902 = CARTESIAN_POINT('',(0.635,-0.9,0.));
#16903 = LINE('',#16904,#16905);
#16904 = CARTESIAN_POINT('',(0.635,-0.9,0.));
#16905 = VECTOR('',#16906,1.);
#16906 = DIRECTION('',(-0.,1.,0.));
#16907 = ORIENTED_EDGE('',*,*,#16908,.T.);
#16908 = EDGE_CURVE('',#16901,#16909,#16911,.T.);
#16909 = VERTEX_POINT('',#16910);
#16910 = CARTESIAN_POINT('',(0.765,-0.9,0.));
#16911 = LINE('',#16912,#16913);
#16912 = CARTESIAN_POINT('',(0.635,-0.9,0.));
#16913 = VECTOR('',#16914,1.);
#16914 = DIRECTION('',(1.,0.,-0.));
#16915 = ORIENTED_EDGE('',*,*,#16916,.T.);
#16916 = EDGE_CURVE('',#16909,#16861,#16917,.T.);
#16917 = LINE('',#16918,#16919);
#16918 = CARTESIAN_POINT('',(0.765,-0.9,0.));
#16919 = VECTOR('',#16920,1.);
#16920 = DIRECTION('',(-0.,1.,0.));
#16921 = ORIENTED_EDGE('',*,*,#16870,.F.);
#16922 = PLANE('',#16923);
#16923 = AXIS2_PLACEMENT_3D('',#16924,#16925,#16926);
#16924 = CARTESIAN_POINT('',(0.635,-0.9,0.));
#16925 = DIRECTION('',(0.,0.,1.));
#16926 = DIRECTION('',(1.,0.,-0.));
#16927 = ADVANCED_FACE('',(#16928),#16953,.F.);
#16928 = FACE_BOUND('',#16929,.F.);
#16929 = EDGE_LOOP('',(#16930,#16931,#16939,#16947));
#16930 = ORIENTED_EDGE('',*,*,#16908,.F.);
#16931 = ORIENTED_EDGE('',*,*,#16932,.T.);
#16932 = EDGE_CURVE('',#16901,#16933,#16935,.T.);
#16933 = VERTEX_POINT('',#16934);
#16934 = CARTESIAN_POINT('',(0.635,-0.9,7.E-02));
#16935 = LINE('',#16936,#16937);
#16936 = CARTESIAN_POINT('',(0.635,-0.9,0.));
#16937 = VECTOR('',#16938,1.);
#16938 = DIRECTION('',(0.,0.,1.));
#16939 = ORIENTED_EDGE('',*,*,#16940,.T.);
#16940 = EDGE_CURVE('',#16933,#16941,#16943,.T.);
#16941 = VERTEX_POINT('',#16942);
#16942 = CARTESIAN_POINT('',(0.765,-0.9,7.E-02));
#16943 = LINE('',#16944,#16945);
#16944 = CARTESIAN_POINT('',(0.635,-0.9,7.E-02));
#16945 = VECTOR('',#16946,1.);
#16946 = DIRECTION('',(1.,0.,-0.));
#16947 = ORIENTED_EDGE('',*,*,#16948,.F.);
#16948 = EDGE_CURVE('',#16909,#16941,#16949,.T.);
#16949 = LINE('',#16950,#16951);
#16950 = CARTESIAN_POINT('',(0.765,-0.9,0.));
#16951 = VECTOR('',#16952,1.);
#16952 = DIRECTION('',(0.,0.,1.));
#16953 = PLANE('',#16954);
#16954 = AXIS2_PLACEMENT_3D('',#16955,#16956,#16957);
#16955 = CARTESIAN_POINT('',(0.635,-0.9,0.));
#16956 = DIRECTION('',(-0.,1.,0.));
#16957 = DIRECTION('',(0.,0.,1.));
#16958 = ADVANCED_FACE('',(#16959),#16984,.T.);
#16959 = FACE_BOUND('',#16960,.T.);
#16960 = EDGE_LOOP('',(#16961,#16969,#16970,#16978));
#16961 = ORIENTED_EDGE('',*,*,#16962,.F.);
#16962 = EDGE_CURVE('',#16933,#16963,#16965,.T.);
#16963 = VERTEX_POINT('',#16964);
#16964 = CARTESIAN_POINT('',(0.635,-0.74,7.E-02));
#16965 = LINE('',#16966,#16967);
#16966 = CARTESIAN_POINT('',(0.635,-0.9,7.E-02));
#16967 = VECTOR('',#16968,1.);
#16968 = DIRECTION('',(-0.,1.,0.));
#16969 = ORIENTED_EDGE('',*,*,#16940,.T.);
#16970 = ORIENTED_EDGE('',*,*,#16971,.T.);
#16971 = EDGE_CURVE('',#16941,#16972,#16974,.T.);
#16972 = VERTEX_POINT('',#16973);
#16973 = CARTESIAN_POINT('',(0.765,-0.74,7.E-02));
#16974 = LINE('',#16975,#16976);
#16975 = CARTESIAN_POINT('',(0.765,-0.9,7.E-02));
#16976 = VECTOR('',#16977,1.);
#16977 = DIRECTION('',(-0.,1.,0.));
#16978 = ORIENTED_EDGE('',*,*,#16979,.T.);
#16979 = EDGE_CURVE('',#16972,#16963,#16980,.T.);
#16980 = LINE('',#16981,#16982);
#16981 = CARTESIAN_POINT('',(0.635,-0.74,7.E-02));
#16982 = VECTOR('',#16983,1.);
#16983 = DIRECTION('',(-1.,-0.,0.));
#16984 = PLANE('',#16985);
#16985 = AXIS2_PLACEMENT_3D('',#16986,#16987,#16988);
#16986 = CARTESIAN_POINT('',(0.635,-0.9,7.E-02));
#16987 = DIRECTION('',(0.,0.,1.));
#16988 = DIRECTION('',(1.,0.,-0.));
#16989 = ADVANCED_FACE('',(#16990),#17015,.F.);
#16990 = FACE_BOUND('',#16991,.F.);
#16991 = EDGE_LOOP('',(#16992,#16993,#17001,#17009));
#16992 = ORIENTED_EDGE('',*,*,#16979,.T.);
#16993 = ORIENTED_EDGE('',*,*,#16994,.T.);
#16994 = EDGE_CURVE('',#16963,#16995,#16997,.T.);
#16995 = VERTEX_POINT('',#16996);
#16996 = CARTESIAN_POINT('',(0.635,-0.74,0.1));
#16997 = LINE('',#16998,#16999);
#16998 = CARTESIAN_POINT('',(0.635,-0.74,3.E-02));
#16999 = VECTOR('',#17000,1.);
#17000 = DIRECTION('',(0.,0.,1.));
#17001 = ORIENTED_EDGE('',*,*,#17002,.T.);
#17002 = EDGE_CURVE('',#16995,#17003,#17005,.T.);
#17003 = VERTEX_POINT('',#17004);
#17004 = CARTESIAN_POINT('',(0.765,-0.74,0.1));
#17005 = LINE('',#17006,#17007);
#17006 = CARTESIAN_POINT('',(0.635,-0.74,0.1));
#17007 = VECTOR('',#17008,1.);
#17008 = DIRECTION('',(1.,0.,-0.));
#17009 = ORIENTED_EDGE('',*,*,#17010,.F.);
#17010 = EDGE_CURVE('',#16972,#17003,#17011,.T.);
#17011 = LINE('',#17012,#17013);
#17012 = CARTESIAN_POINT('',(0.765,-0.74,3.E-02));
#17013 = VECTOR('',#17014,1.);
#17014 = DIRECTION('',(0.,0.,1.));
#17015 = PLANE('',#17016);
#17016 = AXIS2_PLACEMENT_3D('',#17017,#17018,#17019);
#17017 = CARTESIAN_POINT('',(0.635,-0.74,3.E-02));
#17018 = DIRECTION('',(-0.,1.,0.));
#17019 = DIRECTION('',(0.,0.,1.));
#17020 = ADVANCED_FACE('',(#17021),#17046,.T.);
#17021 = FACE_BOUND('',#17022,.T.);
#17022 = EDGE_LOOP('',(#17023,#17031,#17032,#17040));
#17023 = ORIENTED_EDGE('',*,*,#17024,.F.);
#17024 = EDGE_CURVE('',#16995,#17025,#17027,.T.);
#17025 = VERTEX_POINT('',#17026);
#17026 = CARTESIAN_POINT('',(0.635,-0.575,0.1));
#17027 = LINE('',#17028,#17029);
#17028 = CARTESIAN_POINT('',(0.635,-0.74,0.1));
#17029 = VECTOR('',#17030,1.);
#17030 = DIRECTION('',(-0.,1.,0.));
#17031 = ORIENTED_EDGE('',*,*,#17002,.T.);
#17032 = ORIENTED_EDGE('',*,*,#17033,.T.);
#17033 = EDGE_CURVE('',#17003,#17034,#17036,.T.);
#17034 = VERTEX_POINT('',#17035);
#17035 = CARTESIAN_POINT('',(0.765,-0.575,0.1));
#17036 = LINE('',#17037,#17038);
#17037 = CARTESIAN_POINT('',(0.765,-0.74,0.1));
#17038 = VECTOR('',#17039,1.);
#17039 = DIRECTION('',(-0.,1.,0.));
#17040 = ORIENTED_EDGE('',*,*,#17041,.T.);
#17041 = EDGE_CURVE('',#17034,#17025,#17042,.T.);
#17042 = LINE('',#17043,#17044);
#17043 = CARTESIAN_POINT('',(0.635,-0.575,0.1));
#17044 = VECTOR('',#17045,1.);
#17045 = DIRECTION('',(-1.,-0.,0.));
#17046 = PLANE('',#17047);
#17047 = AXIS2_PLACEMENT_3D('',#17048,#17049,#17050);
#17048 = CARTESIAN_POINT('',(0.635,-0.74,0.1));
#17049 = DIRECTION('',(0.,0.,1.));
#17050 = DIRECTION('',(1.,0.,-0.));
#17051 = ADVANCED_FACE('',(#17052),#17077,.F.);
#17052 = FACE_BOUND('',#17053,.F.);
#17053 = EDGE_LOOP('',(#17054,#17055,#17063,#17071));
#17054 = ORIENTED_EDGE('',*,*,#17041,.T.);
#17055 = ORIENTED_EDGE('',*,*,#17056,.T.);
#17056 = EDGE_CURVE('',#17025,#17057,#17059,.T.);
#17057 = VERTEX_POINT('',#17058);
#17058 = CARTESIAN_POINT('',(0.635,-0.575,0.45));
#17059 = LINE('',#17060,#17061);
#17060 = CARTESIAN_POINT('',(0.635,-0.575,3.E-02));
#17061 = VECTOR('',#17062,1.);
#17062 = DIRECTION('',(0.,0.,1.));
#17063 = ORIENTED_EDGE('',*,*,#17064,.T.);
#17064 = EDGE_CURVE('',#17057,#17065,#17067,.T.);
#17065 = VERTEX_POINT('',#17066);
#17066 = CARTESIAN_POINT('',(0.765,-0.575,0.45));
#17067 = LINE('',#17068,#17069);
#17068 = CARTESIAN_POINT('',(0.635,-0.575,0.45));
#17069 = VECTOR('',#17070,1.);
#17070 = DIRECTION('',(1.,0.,-0.));
#17071 = ORIENTED_EDGE('',*,*,#17072,.F.);
#17072 = EDGE_CURVE('',#17034,#17065,#17073,.T.);
#17073 = LINE('',#17074,#17075);
#17074 = CARTESIAN_POINT('',(0.765,-0.575,3.E-02));
#17075 = VECTOR('',#17076,1.);
#17076 = DIRECTION('',(0.,0.,1.));
#17077 = PLANE('',#17078);
#17078 = AXIS2_PLACEMENT_3D('',#17079,#17080,#17081);
#17079 = CARTESIAN_POINT('',(0.635,-0.575,3.E-02));
#17080 = DIRECTION('',(-0.,1.,0.));
#17081 = DIRECTION('',(0.,0.,1.));
#17082 = ADVANCED_FACE('',(#17083),#17108,.T.);
#17083 = FACE_BOUND('',#17084,.T.);
#17084 = EDGE_LOOP('',(#17085,#17093,#17094,#17102));
#17085 = ORIENTED_EDGE('',*,*,#17086,.F.);
#17086 = EDGE_CURVE('',#17057,#17087,#17089,.T.);
#17087 = VERTEX_POINT('',#17088);
#17088 = CARTESIAN_POINT('',(0.635,-0.505,0.45));
#17089 = LINE('',#17090,#17091);
#17090 = CARTESIAN_POINT('',(0.635,-0.575,0.45));
#17091 = VECTOR('',#17092,1.);
#17092 = DIRECTION('',(-0.,1.,0.));
#17093 = ORIENTED_EDGE('',*,*,#17064,.T.);
#17094 = ORIENTED_EDGE('',*,*,#17095,.T.);
#17095 = EDGE_CURVE('',#17065,#17096,#17098,.T.);
#17096 = VERTEX_POINT('',#17097);
#17097 = CARTESIAN_POINT('',(0.765,-0.505,0.45));
#17098 = LINE('',#17099,#17100);
#17099 = CARTESIAN_POINT('',(0.765,-0.575,0.45));
#17100 = VECTOR('',#17101,1.);
#17101 = DIRECTION('',(-0.,1.,0.));
#17102 = ORIENTED_EDGE('',*,*,#17103,.F.);
#17103 = EDGE_CURVE('',#17087,#17096,#17104,.T.);
#17104 = LINE('',#17105,#17106);
#17105 = CARTESIAN_POINT('',(0.635,-0.505,0.45));
#17106 = VECTOR('',#17107,1.);
#17107 = DIRECTION('',(1.,0.,-0.));
#17108 = PLANE('',#17109);
#17109 = AXIS2_PLACEMENT_3D('',#17110,#17111,#17112);
#17110 = CARTESIAN_POINT('',(0.635,-0.575,0.45));
#17111 = DIRECTION('',(0.,0.,1.));
#17112 = DIRECTION('',(1.,0.,-0.));
#17113 = ADVANCED_FACE('',(#17114),#17138,.T.);
#17114 = FACE_BOUND('',#17115,.T.);
#17115 = EDGE_LOOP('',(#17116,#17117,#17118,#17119,#17120,#17121,#17129,
    #17135,#17136,#17137));
#17116 = ORIENTED_EDGE('',*,*,#16962,.T.);
#17117 = ORIENTED_EDGE('',*,*,#16994,.T.);
#17118 = ORIENTED_EDGE('',*,*,#17024,.T.);
#17119 = ORIENTED_EDGE('',*,*,#17056,.T.);
#17120 = ORIENTED_EDGE('',*,*,#17086,.T.);
#17121 = ORIENTED_EDGE('',*,*,#17122,.F.);
#17122 = EDGE_CURVE('',#17123,#17087,#17125,.T.);
#17123 = VERTEX_POINT('',#17124);
#17124 = CARTESIAN_POINT('',(0.635,-0.505,3.E-02));
#17125 = LINE('',#17126,#17127);
#17126 = CARTESIAN_POINT('',(0.635,-0.505,3.E-02));
#17127 = VECTOR('',#17128,1.);
#17128 = DIRECTION('',(0.,0.,1.));
#17129 = ORIENTED_EDGE('',*,*,#17130,.F.);
#17130 = EDGE_CURVE('',#16879,#17123,#17131,.T.);
#17131 = LINE('',#17132,#17133);
#17132 = CARTESIAN_POINT('',(0.635,-0.74,3.E-02));
#17133 = VECTOR('',#17134,1.);
#17134 = DIRECTION('',(-0.,1.,0.));
#17135 = ORIENTED_EDGE('',*,*,#16878,.F.);
#17136 = ORIENTED_EDGE('',*,*,#16900,.F.);
#17137 = ORIENTED_EDGE('',*,*,#16932,.T.);
#17138 = PLANE('',#17139);
#17139 = AXIS2_PLACEMENT_3D('',#17140,#17141,#17142);
#17140 = CARTESIAN_POINT('',(0.635,-0.636168639053,0.158668639053));
#17141 = DIRECTION('',(-1.,-0.,-0.));
#17142 = DIRECTION('',(0.,0.,-1.));
#17143 = ADVANCED_FACE('',(#17144),#17168,.T.);
#17144 = FACE_BOUND('',#17145,.T.);
#17145 = EDGE_LOOP('',(#17146,#17147,#17148,#17149,#17150,#17158,#17164,
    #17165,#17166,#17167));
#17146 = ORIENTED_EDGE('',*,*,#16971,.F.);
#17147 = ORIENTED_EDGE('',*,*,#16948,.F.);
#17148 = ORIENTED_EDGE('',*,*,#16916,.T.);
#17149 = ORIENTED_EDGE('',*,*,#16860,.T.);
#17150 = ORIENTED_EDGE('',*,*,#17151,.T.);
#17151 = EDGE_CURVE('',#16863,#17152,#17154,.T.);
#17152 = VERTEX_POINT('',#17153);
#17153 = CARTESIAN_POINT('',(0.765,-0.505,3.E-02));
#17154 = LINE('',#17155,#17156);
#17155 = CARTESIAN_POINT('',(0.765,-0.74,3.E-02));
#17156 = VECTOR('',#17157,1.);
#17157 = DIRECTION('',(-0.,1.,0.));
#17158 = ORIENTED_EDGE('',*,*,#17159,.T.);
#17159 = EDGE_CURVE('',#17152,#17096,#17160,.T.);
#17160 = LINE('',#17161,#17162);
#17161 = CARTESIAN_POINT('',(0.765,-0.505,3.E-02));
#17162 = VECTOR('',#17163,1.);
#17163 = DIRECTION('',(0.,0.,1.));
#17164 = ORIENTED_EDGE('',*,*,#17095,.F.);
#17165 = ORIENTED_EDGE('',*,*,#17072,.F.);
#17166 = ORIENTED_EDGE('',*,*,#17033,.F.);
#17167 = ORIENTED_EDGE('',*,*,#17010,.F.);
#17168 = PLANE('',#17169);
#17169 = AXIS2_PLACEMENT_3D('',#17170,#17171,#17172);
#17170 = CARTESIAN_POINT('',(0.765,-0.636168639053,0.158668639053));
#17171 = DIRECTION('',(1.,0.,0.));
#17172 = DIRECTION('',(-0.,0.,1.));
#17173 = ADVANCED_FACE('',(#17174),#17185,.F.);
#17174 = FACE_BOUND('',#17175,.T.);
#17175 = EDGE_LOOP('',(#17176,#17177,#17183,#17184));
#17176 = ORIENTED_EDGE('',*,*,#17130,.T.);
#17177 = ORIENTED_EDGE('',*,*,#17178,.T.);
#17178 = EDGE_CURVE('',#17123,#17152,#17179,.T.);
#17179 = LINE('',#17180,#17181);
#17180 = CARTESIAN_POINT('',(0.635,-0.505,3.E-02));
#17181 = VECTOR('',#17182,1.);
#17182 = DIRECTION('',(1.,0.,-0.));
#17183 = ORIENTED_EDGE('',*,*,#17151,.F.);
#17184 = ORIENTED_EDGE('',*,*,#16886,.F.);
#17185 = PLANE('',#17186);
#17186 = AXIS2_PLACEMENT_3D('',#17187,#17188,#17189);
#17187 = CARTESIAN_POINT('',(0.635,-0.74,3.E-02));
#17188 = DIRECTION('',(0.,0.,1.));
#17189 = DIRECTION('',(1.,0.,-0.));
#17190 = ADVANCED_FACE('',(#17191),#17197,.T.);
#17191 = FACE_BOUND('',#17192,.T.);
#17192 = EDGE_LOOP('',(#17193,#17194,#17195,#17196));
#17193 = ORIENTED_EDGE('',*,*,#17178,.F.);
#17194 = ORIENTED_EDGE('',*,*,#17122,.T.);
#17195 = ORIENTED_EDGE('',*,*,#17103,.T.);
#17196 = ORIENTED_EDGE('',*,*,#17159,.F.);
#17197 = PLANE('',#17198);
#17198 = AXIS2_PLACEMENT_3D('',#17199,#17200,#17201);
#17199 = CARTESIAN_POINT('',(0.7,-0.505,0.24));
#17200 = DIRECTION('',(0.,1.,0.));
#17201 = DIRECTION('',(0.,-0.,1.));
#17202 = ( GEOMETRIC_REPRESENTATION_CONTEXT(3) 
GLOBAL_UNCERTAINTY_ASSIGNED_CONTEXT((#17206)) 
GLOBAL_UNIT_ASSIGNED_CONTEXT((#17203,#17204,#17205)) 
REPRESENTATION_CONTEXT('Context #1',
  '3D Context with UNIT and UNCERTAINTY') );
#17203 = ( LENGTH_UNIT() NAMED_UNIT(*) SI_UNIT(.MILLI.,.METRE.) );
#17204 = ( NAMED_UNIT(*) PLANE_ANGLE_UNIT() SI_UNIT($,.RADIAN.) );
#17205 = ( NAMED_UNIT(*) SI_UNIT($,.STERADIAN.) SOLID_ANGLE_UNIT() );
#17206 = UNCERTAINTY_MEASURE_WITH_UNIT(LENGTH_MEASURE(1.E-07),#17203,
  'distance_accuracy_value','confusion accuracy');
#17207 = CONTEXT_DEPENDENT_SHAPE_REPRESENTATION(#17208,#17210);
#17208 = ( REPRESENTATION_RELATIONSHIP('','',#16853,#10) 
REPRESENTATION_RELATIONSHIP_WITH_TRANSFORMATION(#17209) 
SHAPE_REPRESENTATION_RELATIONSHIP() );
#17209 = ITEM_DEFINED_TRANSFORMATION('','',#11,#75);
#17210 = PRODUCT_DEFINITION_SHAPE('Placement','Placement of an item',
  #17211);
#17211 = NEXT_ASSEMBLY_USAGE_OCCURRENCE('16','contact_13','',#5,#16848,$
  );
#17212 = PRODUCT_RELATED_PRODUCT_CATEGORY('part',$,(#16850));
#17213 = SHAPE_DEFINITION_REPRESENTATION(#17214,#17220);
#17214 = PRODUCT_DEFINITION_SHAPE('','',#17215);
#17215 = PRODUCT_DEFINITION('design','',#17216,#17219);
#17216 = PRODUCT_DEFINITION_FORMATION('','',#17217);
#17217 = PRODUCT('contact_14','contact_14','',(#17218));
#17218 = PRODUCT_CONTEXT('',#2,'mechanical');
#17219 = PRODUCT_DEFINITION_CONTEXT('part definition',#2,'design');
#17220 = ADVANCED_BREP_SHAPE_REPRESENTATION('',(#11,#17221),#17569);
#17221 = MANIFOLD_SOLID_BREP('',#17222);
#17222 = CLOSED_SHELL('',(#17223,#17263,#17294,#17325,#17356,#17387,
    #17418,#17449,#17480,#17510,#17540,#17557));
#17223 = ADVANCED_FACE('',(#17224),#17258,.T.);
#17224 = FACE_BOUND('',#17225,.T.);
#17225 = EDGE_LOOP('',(#17226,#17236,#17244,#17252));
#17226 = ORIENTED_EDGE('',*,*,#17227,.F.);
#17227 = EDGE_CURVE('',#17228,#17230,#17232,.T.);
#17228 = VERTEX_POINT('',#17229);
#17229 = CARTESIAN_POINT('',(0.635,0.74,7.E-02));
#17230 = VERTEX_POINT('',#17231);
#17231 = CARTESIAN_POINT('',(0.635,0.9,7.E-02));
#17232 = LINE('',#17233,#17234);
#17233 = CARTESIAN_POINT('',(0.635,0.72,7.E-02));
#17234 = VECTOR('',#17235,1.);
#17235 = DIRECTION('',(-0.,1.,0.));
#17236 = ORIENTED_EDGE('',*,*,#17237,.F.);
#17237 = EDGE_CURVE('',#17238,#17228,#17240,.T.);
#17238 = VERTEX_POINT('',#17239);
#17239 = CARTESIAN_POINT('',(0.765,0.74,7.E-02));
#17240 = LINE('',#17241,#17242);
#17241 = CARTESIAN_POINT('',(0.635,0.74,7.E-02));
#17242 = VECTOR('',#17243,1.);
#17243 = DIRECTION('',(-1.,-0.,0.));
#17244 = ORIENTED_EDGE('',*,*,#17245,.T.);
#17245 = EDGE_CURVE('',#17238,#17246,#17248,.T.);
#17246 = VERTEX_POINT('',#17247);
#17247 = CARTESIAN_POINT('',(0.765,0.9,7.E-02));
#17248 = LINE('',#17249,#17250);
#17249 = CARTESIAN_POINT('',(0.765,0.72,7.E-02));
#17250 = VECTOR('',#17251,1.);
#17251 = DIRECTION('',(-0.,1.,0.));
#17252 = ORIENTED_EDGE('',*,*,#17253,.F.);
#17253 = EDGE_CURVE('',#17230,#17246,#17254,.T.);
#17254 = LINE('',#17255,#17256);
#17255 = CARTESIAN_POINT('',(0.635,0.9,7.E-02));
#17256 = VECTOR('',#17257,1.);
#17257 = DIRECTION('',(1.,0.,-0.));
#17258 = PLANE('',#17259);
#17259 = AXIS2_PLACEMENT_3D('',#17260,#17261,#17262);
#17260 = CARTESIAN_POINT('',(0.635,0.72,7.E-02));
#17261 = DIRECTION('',(0.,0.,1.));
#17262 = DIRECTION('',(1.,0.,-0.));
#17263 = ADVANCED_FACE('',(#17264),#17289,.T.);
#17264 = FACE_BOUND('',#17265,.T.);
#17265 = EDGE_LOOP('',(#17266,#17276,#17282,#17283));
#17266 = ORIENTED_EDGE('',*,*,#17267,.F.);
#17267 = EDGE_CURVE('',#17268,#17270,#17272,.T.);
#17268 = VERTEX_POINT('',#17269);
#17269 = CARTESIAN_POINT('',(0.635,0.9,0.));
#17270 = VERTEX_POINT('',#17271);
#17271 = CARTESIAN_POINT('',(0.765,0.9,0.));
#17272 = LINE('',#17273,#17274);
#17273 = CARTESIAN_POINT('',(0.635,0.9,0.));
#17274 = VECTOR('',#17275,1.);
#17275 = DIRECTION('',(1.,0.,-0.));
#17276 = ORIENTED_EDGE('',*,*,#17277,.T.);
#17277 = EDGE_CURVE('',#17268,#17230,#17278,.T.);
#17278 = LINE('',#17279,#17280);
#17279 = CARTESIAN_POINT('',(0.635,0.9,0.));
#17280 = VECTOR('',#17281,1.);
#17281 = DIRECTION('',(0.,0.,1.));
#17282 = ORIENTED_EDGE('',*,*,#17253,.T.);
#17283 = ORIENTED_EDGE('',*,*,#17284,.F.);
#17284 = EDGE_CURVE('',#17270,#17246,#17285,.T.);
#17285 = LINE('',#17286,#17287);
#17286 = CARTESIAN_POINT('',(0.765,0.9,0.));
#17287 = VECTOR('',#17288,1.);
#17288 = DIRECTION('',(0.,0.,1.));
#17289 = PLANE('',#17290);
#17290 = AXIS2_PLACEMENT_3D('',#17291,#17292,#17293);
#17291 = CARTESIAN_POINT('',(0.635,0.9,0.));
#17292 = DIRECTION('',(-0.,1.,0.));
#17293 = DIRECTION('',(0.,0.,1.));
#17294 = ADVANCED_FACE('',(#17295),#17320,.F.);
#17295 = FACE_BOUND('',#17296,.F.);
#17296 = EDGE_LOOP('',(#17297,#17305,#17313,#17319));
#17297 = ORIENTED_EDGE('',*,*,#17298,.F.);
#17298 = EDGE_CURVE('',#17299,#17268,#17301,.T.);
#17299 = VERTEX_POINT('',#17300);
#17300 = CARTESIAN_POINT('',(0.635,0.72,0.));
#17301 = LINE('',#17302,#17303);
#17302 = CARTESIAN_POINT('',(0.635,0.72,0.));
#17303 = VECTOR('',#17304,1.);
#17304 = DIRECTION('',(-0.,1.,0.));
#17305 = ORIENTED_EDGE('',*,*,#17306,.T.);
#17306 = EDGE_CURVE('',#17299,#17307,#17309,.T.);
#17307 = VERTEX_POINT('',#17308);
#17308 = CARTESIAN_POINT('',(0.765,0.72,0.));
#17309 = LINE('',#17310,#17311);
#17310 = CARTESIAN_POINT('',(0.635,0.72,0.));
#17311 = VECTOR('',#17312,1.);
#17312 = DIRECTION('',(1.,0.,-0.));
#17313 = ORIENTED_EDGE('',*,*,#17314,.T.);
#17314 = EDGE_CURVE('',#17307,#17270,#17315,.T.);
#17315 = LINE('',#17316,#17317);
#17316 = CARTESIAN_POINT('',(0.765,0.72,0.));
#17317 = VECTOR('',#17318,1.);
#17318 = DIRECTION('',(-0.,1.,0.));
#17319 = ORIENTED_EDGE('',*,*,#17267,.F.);
#17320 = PLANE('',#17321);
#17321 = AXIS2_PLACEMENT_3D('',#17322,#17323,#17324);
#17322 = CARTESIAN_POINT('',(0.635,0.72,0.));
#17323 = DIRECTION('',(0.,0.,1.));
#17324 = DIRECTION('',(1.,0.,-0.));
#17325 = ADVANCED_FACE('',(#17326),#17351,.F.);
#17326 = FACE_BOUND('',#17327,.F.);
#17327 = EDGE_LOOP('',(#17328,#17336,#17337,#17345));
#17328 = ORIENTED_EDGE('',*,*,#17329,.F.);
#17329 = EDGE_CURVE('',#17307,#17330,#17332,.T.);
#17330 = VERTEX_POINT('',#17331);
#17331 = CARTESIAN_POINT('',(0.765,0.72,3.E-02));
#17332 = LINE('',#17333,#17334);
#17333 = CARTESIAN_POINT('',(0.765,0.72,0.));
#17334 = VECTOR('',#17335,1.);
#17335 = DIRECTION('',(0.,0.,1.));
#17336 = ORIENTED_EDGE('',*,*,#17306,.F.);
#17337 = ORIENTED_EDGE('',*,*,#17338,.T.);
#17338 = EDGE_CURVE('',#17299,#17339,#17341,.T.);
#17339 = VERTEX_POINT('',#17340);
#17340 = CARTESIAN_POINT('',(0.635,0.72,3.E-02));
#17341 = LINE('',#17342,#17343);
#17342 = CARTESIAN_POINT('',(0.635,0.72,0.));
#17343 = VECTOR('',#17344,1.);
#17344 = DIRECTION('',(0.,0.,1.));
#17345 = ORIENTED_EDGE('',*,*,#17346,.T.);
#17346 = EDGE_CURVE('',#17339,#17330,#17347,.T.);
#17347 = LINE('',#17348,#17349);
#17348 = CARTESIAN_POINT('',(0.635,0.72,3.E-02));
#17349 = VECTOR('',#17350,1.);
#17350 = DIRECTION('',(1.,0.,-0.));
#17351 = PLANE('',#17352);
#17352 = AXIS2_PLACEMENT_3D('',#17353,#17354,#17355);
#17353 = CARTESIAN_POINT('',(0.635,0.72,0.));
#17354 = DIRECTION('',(-0.,1.,0.));
#17355 = DIRECTION('',(0.,0.,1.));
#17356 = ADVANCED_FACE('',(#17357),#17382,.T.);
#17357 = FACE_BOUND('',#17358,.T.);
#17358 = EDGE_LOOP('',(#17359,#17360,#17368,#17376));
#17359 = ORIENTED_EDGE('',*,*,#17237,.T.);
#17360 = ORIENTED_EDGE('',*,*,#17361,.T.);
#17361 = EDGE_CURVE('',#17228,#17362,#17364,.T.);
#17362 = VERTEX_POINT('',#17363);
#17363 = CARTESIAN_POINT('',(0.635,0.74,0.1));
#17364 = LINE('',#17365,#17366);
#17365 = CARTESIAN_POINT('',(0.635,0.74,3.E-02));
#17366 = VECTOR('',#17367,1.);
#17367 = DIRECTION('',(0.,0.,1.));
#17368 = ORIENTED_EDGE('',*,*,#17369,.T.);
#17369 = EDGE_CURVE('',#17362,#17370,#17372,.T.);
#17370 = VERTEX_POINT('',#17371);
#17371 = CARTESIAN_POINT('',(0.765,0.74,0.1));
#17372 = LINE('',#17373,#17374);
#17373 = CARTESIAN_POINT('',(0.635,0.74,0.1));
#17374 = VECTOR('',#17375,1.);
#17375 = DIRECTION('',(1.,0.,-0.));
#17376 = ORIENTED_EDGE('',*,*,#17377,.F.);
#17377 = EDGE_CURVE('',#17238,#17370,#17378,.T.);
#17378 = LINE('',#17379,#17380);
#17379 = CARTESIAN_POINT('',(0.765,0.74,3.E-02));
#17380 = VECTOR('',#17381,1.);
#17381 = DIRECTION('',(0.,0.,1.));
#17382 = PLANE('',#17383);
#17383 = AXIS2_PLACEMENT_3D('',#17384,#17385,#17386);
#17384 = CARTESIAN_POINT('',(0.635,0.74,3.E-02));
#17385 = DIRECTION('',(-0.,1.,0.));
#17386 = DIRECTION('',(0.,0.,1.));
#17387 = ADVANCED_FACE('',(#17388),#17413,.T.);
#17388 = FACE_BOUND('',#17389,.T.);
#17389 = EDGE_LOOP('',(#17390,#17398,#17406,#17412));
#17390 = ORIENTED_EDGE('',*,*,#17391,.F.);
#17391 = EDGE_CURVE('',#17392,#17362,#17394,.T.);
#17392 = VERTEX_POINT('',#17393);
#17393 = CARTESIAN_POINT('',(0.635,0.575,0.1));
#17394 = LINE('',#17395,#17396);
#17395 = CARTESIAN_POINT('',(0.635,0.505,0.1));
#17396 = VECTOR('',#17397,1.);
#17397 = DIRECTION('',(-0.,1.,0.));
#17398 = ORIENTED_EDGE('',*,*,#17399,.F.);
#17399 = EDGE_CURVE('',#17400,#17392,#17402,.T.);
#17400 = VERTEX_POINT('',#17401);
#17401 = CARTESIAN_POINT('',(0.765,0.575,0.1));
#17402 = LINE('',#17403,#17404);
#17403 = CARTESIAN_POINT('',(0.635,0.575,0.1));
#17404 = VECTOR('',#17405,1.);
#17405 = DIRECTION('',(-1.,-0.,0.));
#17406 = ORIENTED_EDGE('',*,*,#17407,.T.);
#17407 = EDGE_CURVE('',#17400,#17370,#17408,.T.);
#17408 = LINE('',#17409,#17410);
#17409 = CARTESIAN_POINT('',(0.765,0.505,0.1));
#17410 = VECTOR('',#17411,1.);
#17411 = DIRECTION('',(-0.,1.,0.));
#17412 = ORIENTED_EDGE('',*,*,#17369,.F.);
#17413 = PLANE('',#17414);
#17414 = AXIS2_PLACEMENT_3D('',#17415,#17416,#17417);
#17415 = CARTESIAN_POINT('',(0.635,0.505,0.1));
#17416 = DIRECTION('',(0.,0.,1.));
#17417 = DIRECTION('',(1.,0.,-0.));
#17418 = ADVANCED_FACE('',(#17419),#17444,.T.);
#17419 = FACE_BOUND('',#17420,.T.);
#17420 = EDGE_LOOP('',(#17421,#17422,#17430,#17438));
#17421 = ORIENTED_EDGE('',*,*,#17399,.T.);
#17422 = ORIENTED_EDGE('',*,*,#17423,.T.);
#17423 = EDGE_CURVE('',#17392,#17424,#17426,.T.);
#17424 = VERTEX_POINT('',#17425);
#17425 = CARTESIAN_POINT('',(0.635,0.575,0.45));
#17426 = LINE('',#17427,#17428);
#17427 = CARTESIAN_POINT('',(0.635,0.575,3.E-02));
#17428 = VECTOR('',#17429,1.);
#17429 = DIRECTION('',(0.,0.,1.));
#17430 = ORIENTED_EDGE('',*,*,#17431,.T.);
#17431 = EDGE_CURVE('',#17424,#17432,#17434,.T.);
#17432 = VERTEX_POINT('',#17433);
#17433 = CARTESIAN_POINT('',(0.765,0.575,0.45));
#17434 = LINE('',#17435,#17436);
#17435 = CARTESIAN_POINT('',(0.635,0.575,0.45));
#17436 = VECTOR('',#17437,1.);
#17437 = DIRECTION('',(1.,0.,-0.));
#17438 = ORIENTED_EDGE('',*,*,#17439,.F.);
#17439 = EDGE_CURVE('',#17400,#17432,#17440,.T.);
#17440 = LINE('',#17441,#17442);
#17441 = CARTESIAN_POINT('',(0.765,0.575,3.E-02));
#17442 = VECTOR('',#17443,1.);
#17443 = DIRECTION('',(0.,0.,1.));
#17444 = PLANE('',#17445);
#17445 = AXIS2_PLACEMENT_3D('',#17446,#17447,#17448);
#17446 = CARTESIAN_POINT('',(0.635,0.575,3.E-02));
#17447 = DIRECTION('',(-0.,1.,0.));
#17448 = DIRECTION('',(0.,0.,1.));
#17449 = ADVANCED_FACE('',(#17450),#17475,.T.);
#17450 = FACE_BOUND('',#17451,.T.);
#17451 = EDGE_LOOP('',(#17452,#17460,#17468,#17474));
#17452 = ORIENTED_EDGE('',*,*,#17453,.F.);
#17453 = EDGE_CURVE('',#17454,#17424,#17456,.T.);
#17454 = VERTEX_POINT('',#17455);
#17455 = CARTESIAN_POINT('',(0.635,0.505,0.45));
#17456 = LINE('',#17457,#17458);
#17457 = CARTESIAN_POINT('',(0.635,0.505,0.45));
#17458 = VECTOR('',#17459,1.);
#17459 = DIRECTION('',(-0.,1.,0.));
#17460 = ORIENTED_EDGE('',*,*,#17461,.T.);
#17461 = EDGE_CURVE('',#17454,#17462,#17464,.T.);
#17462 = VERTEX_POINT('',#17463);
#17463 = CARTESIAN_POINT('',(0.765,0.505,0.45));
#17464 = LINE('',#17465,#17466);
#17465 = CARTESIAN_POINT('',(0.635,0.505,0.45));
#17466 = VECTOR('',#17467,1.);
#17467 = DIRECTION('',(1.,0.,-0.));
#17468 = ORIENTED_EDGE('',*,*,#17469,.T.);
#17469 = EDGE_CURVE('',#17462,#17432,#17470,.T.);
#17470 = LINE('',#17471,#17472);
#17471 = CARTESIAN_POINT('',(0.765,0.505,0.45));
#17472 = VECTOR('',#17473,1.);
#17473 = DIRECTION('',(-0.,1.,0.));
#17474 = ORIENTED_EDGE('',*,*,#17431,.F.);
#17475 = PLANE('',#17476);
#17476 = AXIS2_PLACEMENT_3D('',#17477,#17478,#17479);
#17477 = CARTESIAN_POINT('',(0.635,0.505,0.45));
#17478 = DIRECTION('',(0.,0.,1.));
#17479 = DIRECTION('',(1.,0.,-0.));
#17480 = ADVANCED_FACE('',(#17481),#17505,.T.);
#17481 = FACE_BOUND('',#17482,.T.);
#17482 = EDGE_LOOP('',(#17483,#17484,#17492,#17498,#17499,#17500,#17501,
    #17502,#17503,#17504));
#17483 = ORIENTED_EDGE('',*,*,#17338,.T.);
#17484 = ORIENTED_EDGE('',*,*,#17485,.F.);
#17485 = EDGE_CURVE('',#17486,#17339,#17488,.T.);
#17486 = VERTEX_POINT('',#17487);
#17487 = CARTESIAN_POINT('',(0.635,0.505,3.E-02));
#17488 = LINE('',#17489,#17490);
#17489 = CARTESIAN_POINT('',(0.635,0.505,3.E-02));
#17490 = VECTOR('',#17491,1.);
#17491 = DIRECTION('',(-0.,1.,0.));
#17492 = ORIENTED_EDGE('',*,*,#17493,.T.);
#17493 = EDGE_CURVE('',#17486,#17454,#17494,.T.);
#17494 = LINE('',#17495,#17496);
#17495 = CARTESIAN_POINT('',(0.635,0.505,3.E-02));
#17496 = VECTOR('',#17497,1.);
#17497 = DIRECTION('',(0.,0.,1.));
#17498 = ORIENTED_EDGE('',*,*,#17453,.T.);
#17499 = ORIENTED_EDGE('',*,*,#17423,.F.);
#17500 = ORIENTED_EDGE('',*,*,#17391,.T.);
#17501 = ORIENTED_EDGE('',*,*,#17361,.F.);
#17502 = ORIENTED_EDGE('',*,*,#17227,.T.);
#17503 = ORIENTED_EDGE('',*,*,#17277,.F.);
#17504 = ORIENTED_EDGE('',*,*,#17298,.F.);
#17505 = PLANE('',#17506);
#17506 = AXIS2_PLACEMENT_3D('',#17507,#17508,#17509);
#17507 = CARTESIAN_POINT('',(0.635,0.636168639053,0.158668639053));
#17508 = DIRECTION('',(-1.,-0.,-0.));
#17509 = DIRECTION('',(0.,0.,-1.));
#17510 = ADVANCED_FACE('',(#17511),#17535,.T.);
#17511 = FACE_BOUND('',#17512,.T.);
#17512 = EDGE_LOOP('',(#17513,#17514,#17515,#17516,#17517,#17518,#17519,
    #17520,#17521,#17529));
#17513 = ORIENTED_EDGE('',*,*,#17329,.F.);
#17514 = ORIENTED_EDGE('',*,*,#17314,.T.);
#17515 = ORIENTED_EDGE('',*,*,#17284,.T.);
#17516 = ORIENTED_EDGE('',*,*,#17245,.F.);
#17517 = ORIENTED_EDGE('',*,*,#17377,.T.);
#17518 = ORIENTED_EDGE('',*,*,#17407,.F.);
#17519 = ORIENTED_EDGE('',*,*,#17439,.T.);
#17520 = ORIENTED_EDGE('',*,*,#17469,.F.);
#17521 = ORIENTED_EDGE('',*,*,#17522,.F.);
#17522 = EDGE_CURVE('',#17523,#17462,#17525,.T.);
#17523 = VERTEX_POINT('',#17524);
#17524 = CARTESIAN_POINT('',(0.765,0.505,3.E-02));
#17525 = LINE('',#17526,#17527);
#17526 = CARTESIAN_POINT('',(0.765,0.505,3.E-02));
#17527 = VECTOR('',#17528,1.);
#17528 = DIRECTION('',(0.,0.,1.));
#17529 = ORIENTED_EDGE('',*,*,#17530,.T.);
#17530 = EDGE_CURVE('',#17523,#17330,#17531,.T.);
#17531 = LINE('',#17532,#17533);
#17532 = CARTESIAN_POINT('',(0.765,0.505,3.E-02));
#17533 = VECTOR('',#17534,1.);
#17534 = DIRECTION('',(-0.,1.,0.));
#17535 = PLANE('',#17536);
#17536 = AXIS2_PLACEMENT_3D('',#17537,#17538,#17539);
#17537 = CARTESIAN_POINT('',(0.765,0.636168639053,0.158668639053));
#17538 = DIRECTION('',(1.,0.,0.));
#17539 = DIRECTION('',(-0.,0.,1.));
#17540 = ADVANCED_FACE('',(#17541),#17552,.F.);
#17541 = FACE_BOUND('',#17542,.T.);
#17542 = EDGE_LOOP('',(#17543,#17544,#17545,#17546));
#17543 = ORIENTED_EDGE('',*,*,#17485,.T.);
#17544 = ORIENTED_EDGE('',*,*,#17346,.T.);
#17545 = ORIENTED_EDGE('',*,*,#17530,.F.);
#17546 = ORIENTED_EDGE('',*,*,#17547,.F.);
#17547 = EDGE_CURVE('',#17486,#17523,#17548,.T.);
#17548 = LINE('',#17549,#17550);
#17549 = CARTESIAN_POINT('',(0.635,0.505,3.E-02));
#17550 = VECTOR('',#17551,1.);
#17551 = DIRECTION('',(1.,0.,-0.));
#17552 = PLANE('',#17553);
#17553 = AXIS2_PLACEMENT_3D('',#17554,#17555,#17556);
#17554 = CARTESIAN_POINT('',(0.635,0.505,3.E-02));
#17555 = DIRECTION('',(0.,0.,1.));
#17556 = DIRECTION('',(1.,0.,-0.));
#17557 = ADVANCED_FACE('',(#17558),#17564,.T.);
#17558 = FACE_BOUND('',#17559,.T.);
#17559 = EDGE_LOOP('',(#17560,#17561,#17562,#17563));
#17560 = ORIENTED_EDGE('',*,*,#17547,.T.);
#17561 = ORIENTED_EDGE('',*,*,#17522,.T.);
#17562 = ORIENTED_EDGE('',*,*,#17461,.F.);
#17563 = ORIENTED_EDGE('',*,*,#17493,.F.);
#17564 = PLANE('',#17565);
#17565 = AXIS2_PLACEMENT_3D('',#17566,#17567,#17568);
#17566 = CARTESIAN_POINT('',(0.7,0.505,0.24));
#17567 = DIRECTION('',(-0.,-1.,-0.));
#17568 = DIRECTION('',(0.,0.,-1.));
#17569 = ( GEOMETRIC_REPRESENTATION_CONTEXT(3) 
GLOBAL_UNCERTAINTY_ASSIGNED_CONTEXT((#17573)) 
GLOBAL_UNIT_ASSIGNED_CONTEXT((#17570,#17571,#17572)) 
REPRESENTATION_CONTEXT('Context #1',
  '3D Context with UNIT and UNCERTAINTY') );
#17570 = ( LENGTH_UNIT() NAMED_UNIT(*) SI_UNIT(.MILLI.,.METRE.) );
#17571 = ( NAMED_UNIT(*) PLANE_ANGLE_UNIT() SI_UNIT($,.RADIAN.) );
#17572 = ( NAMED_UNIT(*) SI_UNIT($,.STERADIAN.) SOLID_ANGLE_UNIT() );
#17573 = UNCERTAINTY_MEASURE_WITH_UNIT(LENGTH_MEASURE(1.E-07),#17570,
  'distance_accuracy_value','confusion accuracy');
#17574 = CONTEXT_DEPENDENT_SHAPE_REPRESENTATION(#17575,#17577);
#17575 = ( REPRESENTATION_RELATIONSHIP('','',#17220,#10) 
REPRESENTATION_RELATIONSHIP_WITH_TRANSFORMATION(#17576) 
SHAPE_REPRESENTATION_RELATIONSHIP() );
#17576 = ITEM_DEFINED_TRANSFORMATION('','',#11,#79);
#17577 = PRODUCT_DEFINITION_SHAPE('Placement','Placement of an item',
  #17578);
#17578 = NEXT_ASSEMBLY_USAGE_OCCURRENCE('17','contact_14','',#5,#17215,$
  );
#17579 = PRODUCT_RELATED_PRODUCT_CATEGORY('part',$,(#17217));
#17580 = SHAPE_DEFINITION_REPRESENTATION(#17581,#17587);
#17581 = PRODUCT_DEFINITION_SHAPE('','',#17582);
#17582 = PRODUCT_DEFINITION('design','',#17583,#17586);
#17583 = PRODUCT_DEFINITION_FORMATION('','',#17584);
#17584 = PRODUCT('contact_15','contact_15','',(#17585));
#17585 = PRODUCT_CONTEXT('',#2,'mechanical');
#17586 = PRODUCT_DEFINITION_CONTEXT('part definition',#2,'design');
#17587 = ADVANCED_BREP_SHAPE_REPRESENTATION('',(#11,#17588),#17936);
#17588 = MANIFOLD_SOLID_BREP('',#17589);
#17589 = CLOSED_SHELL('',(#17590,#17630,#17661,#17692,#17723,#17754,
    #17785,#17816,#17847,#17877,#17907,#17924));
#17590 = ADVANCED_FACE('',(#17591),#17625,.T.);
#17591 = FACE_BOUND('',#17592,.T.);
#17592 = EDGE_LOOP('',(#17593,#17603,#17611,#17619));
#17593 = ORIENTED_EDGE('',*,*,#17594,.F.);
#17594 = EDGE_CURVE('',#17595,#17597,#17599,.T.);
#17595 = VERTEX_POINT('',#17596);
#17596 = CARTESIAN_POINT('',(1.115,-0.72,0.));
#17597 = VERTEX_POINT('',#17598);
#17598 = CARTESIAN_POINT('',(1.115,-0.72,3.E-02));
#17599 = LINE('',#17600,#17601);
#17600 = CARTESIAN_POINT('',(1.115,-0.72,0.));
#17601 = VECTOR('',#17602,1.);
#17602 = DIRECTION('',(0.,0.,1.));
#17603 = ORIENTED_EDGE('',*,*,#17604,.F.);
#17604 = EDGE_CURVE('',#17605,#17595,#17607,.T.);
#17605 = VERTEX_POINT('',#17606);
#17606 = CARTESIAN_POINT('',(0.985,-0.72,0.));
#17607 = LINE('',#17608,#17609);
#17608 = CARTESIAN_POINT('',(0.985,-0.72,0.));
#17609 = VECTOR('',#17610,1.);
#17610 = DIRECTION('',(1.,0.,-0.));
#17611 = ORIENTED_EDGE('',*,*,#17612,.T.);
#17612 = EDGE_CURVE('',#17605,#17613,#17615,.T.);
#17613 = VERTEX_POINT('',#17614);
#17614 = CARTESIAN_POINT('',(0.985,-0.72,3.E-02));
#17615 = LINE('',#17616,#17617);
#17616 = CARTESIAN_POINT('',(0.985,-0.72,0.));
#17617 = VECTOR('',#17618,1.);
#17618 = DIRECTION('',(0.,0.,1.));
#17619 = ORIENTED_EDGE('',*,*,#17620,.T.);
#17620 = EDGE_CURVE('',#17613,#17597,#17621,.T.);
#17621 = LINE('',#17622,#17623);
#17622 = CARTESIAN_POINT('',(0.985,-0.72,3.E-02));
#17623 = VECTOR('',#17624,1.);
#17624 = DIRECTION('',(1.,0.,-0.));
#17625 = PLANE('',#17626);
#17626 = AXIS2_PLACEMENT_3D('',#17627,#17628,#17629);
#17627 = CARTESIAN_POINT('',(0.985,-0.72,0.));
#17628 = DIRECTION('',(-0.,1.,0.));
#17629 = DIRECTION('',(0.,0.,1.));
#17630 = ADVANCED_FACE('',(#17631),#17656,.F.);
#17631 = FACE_BOUND('',#17632,.F.);
#17632 = EDGE_LOOP('',(#17633,#17641,#17649,#17655));
#17633 = ORIENTED_EDGE('',*,*,#17634,.F.);
#17634 = EDGE_CURVE('',#17635,#17605,#17637,.T.);
#17635 = VERTEX_POINT('',#17636);
#17636 = CARTESIAN_POINT('',(0.985,-0.9,0.));
#17637 = LINE('',#17638,#17639);
#17638 = CARTESIAN_POINT('',(0.985,-0.9,0.));
#17639 = VECTOR('',#17640,1.);
#17640 = DIRECTION('',(-0.,1.,0.));
#17641 = ORIENTED_EDGE('',*,*,#17642,.T.);
#17642 = EDGE_CURVE('',#17635,#17643,#17645,.T.);
#17643 = VERTEX_POINT('',#17644);
#17644 = CARTESIAN_POINT('',(1.115,-0.9,0.));
#17645 = LINE('',#17646,#17647);
#17646 = CARTESIAN_POINT('',(0.985,-0.9,0.));
#17647 = VECTOR('',#17648,1.);
#17648 = DIRECTION('',(1.,0.,-0.));
#17649 = ORIENTED_EDGE('',*,*,#17650,.T.);
#17650 = EDGE_CURVE('',#17643,#17595,#17651,.T.);
#17651 = LINE('',#17652,#17653);
#17652 = CARTESIAN_POINT('',(1.115,-0.9,0.));
#17653 = VECTOR('',#17654,1.);
#17654 = DIRECTION('',(-0.,1.,0.));
#17655 = ORIENTED_EDGE('',*,*,#17604,.F.);
#17656 = PLANE('',#17657);
#17657 = AXIS2_PLACEMENT_3D('',#17658,#17659,#17660);
#17658 = CARTESIAN_POINT('',(0.985,-0.9,0.));
#17659 = DIRECTION('',(0.,0.,1.));
#17660 = DIRECTION('',(1.,0.,-0.));
#17661 = ADVANCED_FACE('',(#17662),#17687,.F.);
#17662 = FACE_BOUND('',#17663,.F.);
#17663 = EDGE_LOOP('',(#17664,#17665,#17673,#17681));
#17664 = ORIENTED_EDGE('',*,*,#17642,.F.);
#17665 = ORIENTED_EDGE('',*,*,#17666,.T.);
#17666 = EDGE_CURVE('',#17635,#17667,#17669,.T.);
#17667 = VERTEX_POINT('',#17668);
#17668 = CARTESIAN_POINT('',(0.985,-0.9,7.E-02));
#17669 = LINE('',#17670,#17671);
#17670 = CARTESIAN_POINT('',(0.985,-0.9,0.));
#17671 = VECTOR('',#17672,1.);
#17672 = DIRECTION('',(0.,0.,1.));
#17673 = ORIENTED_EDGE('',*,*,#17674,.T.);
#17674 = EDGE_CURVE('',#17667,#17675,#17677,.T.);
#17675 = VERTEX_POINT('',#17676);
#17676 = CARTESIAN_POINT('',(1.115,-0.9,7.E-02));
#17677 = LINE('',#17678,#17679);
#17678 = CARTESIAN_POINT('',(0.985,-0.9,7.E-02));
#17679 = VECTOR('',#17680,1.);
#17680 = DIRECTION('',(1.,0.,-0.));
#17681 = ORIENTED_EDGE('',*,*,#17682,.F.);
#17682 = EDGE_CURVE('',#17643,#17675,#17683,.T.);
#17683 = LINE('',#17684,#17685);
#17684 = CARTESIAN_POINT('',(1.115,-0.9,0.));
#17685 = VECTOR('',#17686,1.);
#17686 = DIRECTION('',(0.,0.,1.));
#17687 = PLANE('',#17688);
#17688 = AXIS2_PLACEMENT_3D('',#17689,#17690,#17691);
#17689 = CARTESIAN_POINT('',(0.985,-0.9,0.));
#17690 = DIRECTION('',(-0.,1.,0.));
#17691 = DIRECTION('',(0.,0.,1.));
#17692 = ADVANCED_FACE('',(#17693),#17718,.T.);
#17693 = FACE_BOUND('',#17694,.T.);
#17694 = EDGE_LOOP('',(#17695,#17703,#17704,#17712));
#17695 = ORIENTED_EDGE('',*,*,#17696,.F.);
#17696 = EDGE_CURVE('',#17667,#17697,#17699,.T.);
#17697 = VERTEX_POINT('',#17698);
#17698 = CARTESIAN_POINT('',(0.985,-0.74,7.E-02));
#17699 = LINE('',#17700,#17701);
#17700 = CARTESIAN_POINT('',(0.985,-0.9,7.E-02));
#17701 = VECTOR('',#17702,1.);
#17702 = DIRECTION('',(-0.,1.,0.));
#17703 = ORIENTED_EDGE('',*,*,#17674,.T.);
#17704 = ORIENTED_EDGE('',*,*,#17705,.T.);
#17705 = EDGE_CURVE('',#17675,#17706,#17708,.T.);
#17706 = VERTEX_POINT('',#17707);
#17707 = CARTESIAN_POINT('',(1.115,-0.74,7.E-02));
#17708 = LINE('',#17709,#17710);
#17709 = CARTESIAN_POINT('',(1.115,-0.9,7.E-02));
#17710 = VECTOR('',#17711,1.);
#17711 = DIRECTION('',(-0.,1.,0.));
#17712 = ORIENTED_EDGE('',*,*,#17713,.T.);
#17713 = EDGE_CURVE('',#17706,#17697,#17714,.T.);
#17714 = LINE('',#17715,#17716);
#17715 = CARTESIAN_POINT('',(0.985,-0.74,7.E-02));
#17716 = VECTOR('',#17717,1.);
#17717 = DIRECTION('',(-1.,-0.,0.));
#17718 = PLANE('',#17719);
#17719 = AXIS2_PLACEMENT_3D('',#17720,#17721,#17722);
#17720 = CARTESIAN_POINT('',(0.985,-0.9,7.E-02));
#17721 = DIRECTION('',(0.,0.,1.));
#17722 = DIRECTION('',(1.,0.,-0.));
#17723 = ADVANCED_FACE('',(#17724),#17749,.F.);
#17724 = FACE_BOUND('',#17725,.F.);
#17725 = EDGE_LOOP('',(#17726,#17727,#17735,#17743));
#17726 = ORIENTED_EDGE('',*,*,#17713,.T.);
#17727 = ORIENTED_EDGE('',*,*,#17728,.T.);
#17728 = EDGE_CURVE('',#17697,#17729,#17731,.T.);
#17729 = VERTEX_POINT('',#17730);
#17730 = CARTESIAN_POINT('',(0.985,-0.74,0.1));
#17731 = LINE('',#17732,#17733);
#17732 = CARTESIAN_POINT('',(0.985,-0.74,3.E-02));
#17733 = VECTOR('',#17734,1.);
#17734 = DIRECTION('',(0.,0.,1.));
#17735 = ORIENTED_EDGE('',*,*,#17736,.T.);
#17736 = EDGE_CURVE('',#17729,#17737,#17739,.T.);
#17737 = VERTEX_POINT('',#17738);
#17738 = CARTESIAN_POINT('',(1.115,-0.74,0.1));
#17739 = LINE('',#17740,#17741);
#17740 = CARTESIAN_POINT('',(0.985,-0.74,0.1));
#17741 = VECTOR('',#17742,1.);
#17742 = DIRECTION('',(1.,0.,-0.));
#17743 = ORIENTED_EDGE('',*,*,#17744,.F.);
#17744 = EDGE_CURVE('',#17706,#17737,#17745,.T.);
#17745 = LINE('',#17746,#17747);
#17746 = CARTESIAN_POINT('',(1.115,-0.74,3.E-02));
#17747 = VECTOR('',#17748,1.);
#17748 = DIRECTION('',(0.,0.,1.));
#17749 = PLANE('',#17750);
#17750 = AXIS2_PLACEMENT_3D('',#17751,#17752,#17753);
#17751 = CARTESIAN_POINT('',(0.985,-0.74,3.E-02));
#17752 = DIRECTION('',(-0.,1.,0.));
#17753 = DIRECTION('',(0.,0.,1.));
#17754 = ADVANCED_FACE('',(#17755),#17780,.T.);
#17755 = FACE_BOUND('',#17756,.T.);
#17756 = EDGE_LOOP('',(#17757,#17765,#17766,#17774));
#17757 = ORIENTED_EDGE('',*,*,#17758,.F.);
#17758 = EDGE_CURVE('',#17729,#17759,#17761,.T.);
#17759 = VERTEX_POINT('',#17760);
#17760 = CARTESIAN_POINT('',(0.985,-0.575,0.1));
#17761 = LINE('',#17762,#17763);
#17762 = CARTESIAN_POINT('',(0.985,-0.74,0.1));
#17763 = VECTOR('',#17764,1.);
#17764 = DIRECTION('',(-0.,1.,0.));
#17765 = ORIENTED_EDGE('',*,*,#17736,.T.);
#17766 = ORIENTED_EDGE('',*,*,#17767,.T.);
#17767 = EDGE_CURVE('',#17737,#17768,#17770,.T.);
#17768 = VERTEX_POINT('',#17769);
#17769 = CARTESIAN_POINT('',(1.115,-0.575,0.1));
#17770 = LINE('',#17771,#17772);
#17771 = CARTESIAN_POINT('',(1.115,-0.74,0.1));
#17772 = VECTOR('',#17773,1.);
#17773 = DIRECTION('',(-0.,1.,0.));
#17774 = ORIENTED_EDGE('',*,*,#17775,.T.);
#17775 = EDGE_CURVE('',#17768,#17759,#17776,.T.);
#17776 = LINE('',#17777,#17778);
#17777 = CARTESIAN_POINT('',(0.985,-0.575,0.1));
#17778 = VECTOR('',#17779,1.);
#17779 = DIRECTION('',(-1.,-0.,0.));
#17780 = PLANE('',#17781);
#17781 = AXIS2_PLACEMENT_3D('',#17782,#17783,#17784);
#17782 = CARTESIAN_POINT('',(0.985,-0.74,0.1));
#17783 = DIRECTION('',(0.,0.,1.));
#17784 = DIRECTION('',(1.,0.,-0.));
#17785 = ADVANCED_FACE('',(#17786),#17811,.F.);
#17786 = FACE_BOUND('',#17787,.F.);
#17787 = EDGE_LOOP('',(#17788,#17789,#17797,#17805));
#17788 = ORIENTED_EDGE('',*,*,#17775,.T.);
#17789 = ORIENTED_EDGE('',*,*,#17790,.T.);
#17790 = EDGE_CURVE('',#17759,#17791,#17793,.T.);
#17791 = VERTEX_POINT('',#17792);
#17792 = CARTESIAN_POINT('',(0.985,-0.575,0.45));
#17793 = LINE('',#17794,#17795);
#17794 = CARTESIAN_POINT('',(0.985,-0.575,3.E-02));
#17795 = VECTOR('',#17796,1.);
#17796 = DIRECTION('',(0.,0.,1.));
#17797 = ORIENTED_EDGE('',*,*,#17798,.T.);
#17798 = EDGE_CURVE('',#17791,#17799,#17801,.T.);
#17799 = VERTEX_POINT('',#17800);
#17800 = CARTESIAN_POINT('',(1.115,-0.575,0.45));
#17801 = LINE('',#17802,#17803);
#17802 = CARTESIAN_POINT('',(0.985,-0.575,0.45));
#17803 = VECTOR('',#17804,1.);
#17804 = DIRECTION('',(1.,0.,-0.));
#17805 = ORIENTED_EDGE('',*,*,#17806,.F.);
#17806 = EDGE_CURVE('',#17768,#17799,#17807,.T.);
#17807 = LINE('',#17808,#17809);
#17808 = CARTESIAN_POINT('',(1.115,-0.575,3.E-02));
#17809 = VECTOR('',#17810,1.);
#17810 = DIRECTION('',(0.,0.,1.));
#17811 = PLANE('',#17812);
#17812 = AXIS2_PLACEMENT_3D('',#17813,#17814,#17815);
#17813 = CARTESIAN_POINT('',(0.985,-0.575,3.E-02));
#17814 = DIRECTION('',(-0.,1.,0.));
#17815 = DIRECTION('',(0.,0.,1.));
#17816 = ADVANCED_FACE('',(#17817),#17842,.T.);
#17817 = FACE_BOUND('',#17818,.T.);
#17818 = EDGE_LOOP('',(#17819,#17827,#17828,#17836));
#17819 = ORIENTED_EDGE('',*,*,#17820,.F.);
#17820 = EDGE_CURVE('',#17791,#17821,#17823,.T.);
#17821 = VERTEX_POINT('',#17822);
#17822 = CARTESIAN_POINT('',(0.985,-0.505,0.45));
#17823 = LINE('',#17824,#17825);
#17824 = CARTESIAN_POINT('',(0.985,-0.575,0.45));
#17825 = VECTOR('',#17826,1.);
#17826 = DIRECTION('',(-0.,1.,0.));
#17827 = ORIENTED_EDGE('',*,*,#17798,.T.);
#17828 = ORIENTED_EDGE('',*,*,#17829,.T.);
#17829 = EDGE_CURVE('',#17799,#17830,#17832,.T.);
#17830 = VERTEX_POINT('',#17831);
#17831 = CARTESIAN_POINT('',(1.115,-0.505,0.45));
#17832 = LINE('',#17833,#17834);
#17833 = CARTESIAN_POINT('',(1.115,-0.575,0.45));
#17834 = VECTOR('',#17835,1.);
#17835 = DIRECTION('',(-0.,1.,0.));
#17836 = ORIENTED_EDGE('',*,*,#17837,.F.);
#17837 = EDGE_CURVE('',#17821,#17830,#17838,.T.);
#17838 = LINE('',#17839,#17840);
#17839 = CARTESIAN_POINT('',(0.985,-0.505,0.45));
#17840 = VECTOR('',#17841,1.);
#17841 = DIRECTION('',(1.,0.,-0.));
#17842 = PLANE('',#17843);
#17843 = AXIS2_PLACEMENT_3D('',#17844,#17845,#17846);
#17844 = CARTESIAN_POINT('',(0.985,-0.575,0.45));
#17845 = DIRECTION('',(0.,0.,1.));
#17846 = DIRECTION('',(1.,0.,-0.));
#17847 = ADVANCED_FACE('',(#17848),#17872,.T.);
#17848 = FACE_BOUND('',#17849,.T.);
#17849 = EDGE_LOOP('',(#17850,#17851,#17852,#17853,#17854,#17855,#17863,
    #17869,#17870,#17871));
#17850 = ORIENTED_EDGE('',*,*,#17696,.T.);
#17851 = ORIENTED_EDGE('',*,*,#17728,.T.);
#17852 = ORIENTED_EDGE('',*,*,#17758,.T.);
#17853 = ORIENTED_EDGE('',*,*,#17790,.T.);
#17854 = ORIENTED_EDGE('',*,*,#17820,.T.);
#17855 = ORIENTED_EDGE('',*,*,#17856,.F.);
#17856 = EDGE_CURVE('',#17857,#17821,#17859,.T.);
#17857 = VERTEX_POINT('',#17858);
#17858 = CARTESIAN_POINT('',(0.985,-0.505,3.E-02));
#17859 = LINE('',#17860,#17861);
#17860 = CARTESIAN_POINT('',(0.985,-0.505,3.E-02));
#17861 = VECTOR('',#17862,1.);
#17862 = DIRECTION('',(0.,0.,1.));
#17863 = ORIENTED_EDGE('',*,*,#17864,.F.);
#17864 = EDGE_CURVE('',#17613,#17857,#17865,.T.);
#17865 = LINE('',#17866,#17867);
#17866 = CARTESIAN_POINT('',(0.985,-0.74,3.E-02));
#17867 = VECTOR('',#17868,1.);
#17868 = DIRECTION('',(-0.,1.,0.));
#17869 = ORIENTED_EDGE('',*,*,#17612,.F.);
#17870 = ORIENTED_EDGE('',*,*,#17634,.F.);
#17871 = ORIENTED_EDGE('',*,*,#17666,.T.);
#17872 = PLANE('',#17873);
#17873 = AXIS2_PLACEMENT_3D('',#17874,#17875,#17876);
#17874 = CARTESIAN_POINT('',(0.985,-0.636168639053,0.158668639053));
#17875 = DIRECTION('',(-1.,-0.,-0.));
#17876 = DIRECTION('',(0.,0.,-1.));
#17877 = ADVANCED_FACE('',(#17878),#17902,.T.);
#17878 = FACE_BOUND('',#17879,.T.);
#17879 = EDGE_LOOP('',(#17880,#17881,#17882,#17883,#17884,#17892,#17898,
    #17899,#17900,#17901));
#17880 = ORIENTED_EDGE('',*,*,#17705,.F.);
#17881 = ORIENTED_EDGE('',*,*,#17682,.F.);
#17882 = ORIENTED_EDGE('',*,*,#17650,.T.);
#17883 = ORIENTED_EDGE('',*,*,#17594,.T.);
#17884 = ORIENTED_EDGE('',*,*,#17885,.T.);
#17885 = EDGE_CURVE('',#17597,#17886,#17888,.T.);
#17886 = VERTEX_POINT('',#17887);
#17887 = CARTESIAN_POINT('',(1.115,-0.505,3.E-02));
#17888 = LINE('',#17889,#17890);
#17889 = CARTESIAN_POINT('',(1.115,-0.74,3.E-02));
#17890 = VECTOR('',#17891,1.);
#17891 = DIRECTION('',(-0.,1.,0.));
#17892 = ORIENTED_EDGE('',*,*,#17893,.T.);
#17893 = EDGE_CURVE('',#17886,#17830,#17894,.T.);
#17894 = LINE('',#17895,#17896);
#17895 = CARTESIAN_POINT('',(1.115,-0.505,3.E-02));
#17896 = VECTOR('',#17897,1.);
#17897 = DIRECTION('',(0.,0.,1.));
#17898 = ORIENTED_EDGE('',*,*,#17829,.F.);
#17899 = ORIENTED_EDGE('',*,*,#17806,.F.);
#17900 = ORIENTED_EDGE('',*,*,#17767,.F.);
#17901 = ORIENTED_EDGE('',*,*,#17744,.F.);
#17902 = PLANE('',#17903);
#17903 = AXIS2_PLACEMENT_3D('',#17904,#17905,#17906);
#17904 = CARTESIAN_POINT('',(1.115,-0.636168639053,0.158668639053));
#17905 = DIRECTION('',(1.,0.,0.));
#17906 = DIRECTION('',(-0.,0.,1.));
#17907 = ADVANCED_FACE('',(#17908),#17919,.F.);
#17908 = FACE_BOUND('',#17909,.T.);
#17909 = EDGE_LOOP('',(#17910,#17911,#17917,#17918));
#17910 = ORIENTED_EDGE('',*,*,#17864,.T.);
#17911 = ORIENTED_EDGE('',*,*,#17912,.T.);
#17912 = EDGE_CURVE('',#17857,#17886,#17913,.T.);
#17913 = LINE('',#17914,#17915);
#17914 = CARTESIAN_POINT('',(0.985,-0.505,3.E-02));
#17915 = VECTOR('',#17916,1.);
#17916 = DIRECTION('',(1.,0.,-0.));
#17917 = ORIENTED_EDGE('',*,*,#17885,.F.);
#17918 = ORIENTED_EDGE('',*,*,#17620,.F.);
#17919 = PLANE('',#17920);
#17920 = AXIS2_PLACEMENT_3D('',#17921,#17922,#17923);
#17921 = CARTESIAN_POINT('',(0.985,-0.74,3.E-02));
#17922 = DIRECTION('',(0.,0.,1.));
#17923 = DIRECTION('',(1.,0.,-0.));
#17924 = ADVANCED_FACE('',(#17925),#17931,.T.);
#17925 = FACE_BOUND('',#17926,.T.);
#17926 = EDGE_LOOP('',(#17927,#17928,#17929,#17930));
#17927 = ORIENTED_EDGE('',*,*,#17912,.F.);
#17928 = ORIENTED_EDGE('',*,*,#17856,.T.);
#17929 = ORIENTED_EDGE('',*,*,#17837,.T.);
#17930 = ORIENTED_EDGE('',*,*,#17893,.F.);
#17931 = PLANE('',#17932);
#17932 = AXIS2_PLACEMENT_3D('',#17933,#17934,#17935);
#17933 = CARTESIAN_POINT('',(1.05,-0.505,0.24));
#17934 = DIRECTION('',(0.,1.,0.));
#17935 = DIRECTION('',(0.,-0.,1.));
#17936 = ( GEOMETRIC_REPRESENTATION_CONTEXT(3) 
GLOBAL_UNCERTAINTY_ASSIGNED_CONTEXT((#17940)) 
GLOBAL_UNIT_ASSIGNED_CONTEXT((#17937,#17938,#17939)) 
REPRESENTATION_CONTEXT('Context #1',
  '3D Context with UNIT and UNCERTAINTY') );
#17937 = ( LENGTH_UNIT() NAMED_UNIT(*) SI_UNIT(.MILLI.,.METRE.) );
#17938 = ( NAMED_UNIT(*) PLANE_ANGLE_UNIT() SI_UNIT($,.RADIAN.) );
#17939 = ( NAMED_UNIT(*) SI_UNIT($,.STERADIAN.) SOLID_ANGLE_UNIT() );
#17940 = UNCERTAINTY_MEASURE_WITH_UNIT(LENGTH_MEASURE(1.E-07),#17937,
  'distance_accuracy_value','confusion accuracy');
#17941 = CONTEXT_DEPENDENT_SHAPE_REPRESENTATION(#17942,#17944);
#17942 = ( REPRESENTATION_RELATIONSHIP('','',#17587,#10) 
REPRESENTATION_RELATIONSHIP_WITH_TRANSFORMATION(#17943) 
SHAPE_REPRESENTATION_RELATIONSHIP() );
#17943 = ITEM_DEFINED_TRANSFORMATION('','',#11,#83);
#17944 = PRODUCT_DEFINITION_SHAPE('Placement','Placement of an item',
  #17945);
#17945 = NEXT_ASSEMBLY_USAGE_OCCURRENCE('18','contact_15','',#5,#17582,$
  );
#17946 = PRODUCT_RELATED_PRODUCT_CATEGORY('part',$,(#17584));
#17947 = SHAPE_DEFINITION_REPRESENTATION(#17948,#17954);
#17948 = PRODUCT_DEFINITION_SHAPE('','',#17949);
#17949 = PRODUCT_DEFINITION('design','',#17950,#17953);
#17950 = PRODUCT_DEFINITION_FORMATION('','',#17951);
#17951 = PRODUCT('contact_16','contact_16','',(#17952));
#17952 = PRODUCT_CONTEXT('',#2,'mechanical');
#17953 = PRODUCT_DEFINITION_CONTEXT('part definition',#2,'design');
#17954 = ADVANCED_BREP_SHAPE_REPRESENTATION('',(#11,#17955),#18303);
#17955 = MANIFOLD_SOLID_BREP('',#17956);
#17956 = CLOSED_SHELL('',(#17957,#17997,#18028,#18059,#18090,#18121,
    #18152,#18183,#18214,#18244,#18274,#18291));
#17957 = ADVANCED_FACE('',(#17958),#17992,.T.);
#17958 = FACE_BOUND('',#17959,.T.);
#17959 = EDGE_LOOP('',(#17960,#17970,#17978,#17986));
#17960 = ORIENTED_EDGE('',*,*,#17961,.F.);
#17961 = EDGE_CURVE('',#17962,#17964,#17966,.T.);
#17962 = VERTEX_POINT('',#17963);
#17963 = CARTESIAN_POINT('',(0.985,0.74,7.E-02));
#17964 = VERTEX_POINT('',#17965);
#17965 = CARTESIAN_POINT('',(0.985,0.9,7.E-02));
#17966 = LINE('',#17967,#17968);
#17967 = CARTESIAN_POINT('',(0.985,0.72,7.E-02));
#17968 = VECTOR('',#17969,1.);
#17969 = DIRECTION('',(-0.,1.,0.));
#17970 = ORIENTED_EDGE('',*,*,#17971,.F.);
#17971 = EDGE_CURVE('',#17972,#17962,#17974,.T.);
#17972 = VERTEX_POINT('',#17973);
#17973 = CARTESIAN_POINT('',(1.115,0.74,7.E-02));
#17974 = LINE('',#17975,#17976);
#17975 = CARTESIAN_POINT('',(0.985,0.74,7.E-02));
#17976 = VECTOR('',#17977,1.);
#17977 = DIRECTION('',(-1.,-0.,0.));
#17978 = ORIENTED_EDGE('',*,*,#17979,.T.);
#17979 = EDGE_CURVE('',#17972,#17980,#17982,.T.);
#17980 = VERTEX_POINT('',#17981);
#17981 = CARTESIAN_POINT('',(1.115,0.9,7.E-02));
#17982 = LINE('',#17983,#17984);
#17983 = CARTESIAN_POINT('',(1.115,0.72,7.E-02));
#17984 = VECTOR('',#17985,1.);
#17985 = DIRECTION('',(-0.,1.,0.));
#17986 = ORIENTED_EDGE('',*,*,#17987,.F.);
#17987 = EDGE_CURVE('',#17964,#17980,#17988,.T.);
#17988 = LINE('',#17989,#17990);
#17989 = CARTESIAN_POINT('',(0.985,0.9,7.E-02));
#17990 = VECTOR('',#17991,1.);
#17991 = DIRECTION('',(1.,0.,-0.));
#17992 = PLANE('',#17993);
#17993 = AXIS2_PLACEMENT_3D('',#17994,#17995,#17996);
#17994 = CARTESIAN_POINT('',(0.985,0.72,7.E-02));
#17995 = DIRECTION('',(0.,0.,1.));
#17996 = DIRECTION('',(1.,0.,-0.));
#17997 = ADVANCED_FACE('',(#17998),#18023,.T.);
#17998 = FACE_BOUND('',#17999,.T.);
#17999 = EDGE_LOOP('',(#18000,#18010,#18016,#18017));
#18000 = ORIENTED_EDGE('',*,*,#18001,.F.);
#18001 = EDGE_CURVE('',#18002,#18004,#18006,.T.);
#18002 = VERTEX_POINT('',#18003);
#18003 = CARTESIAN_POINT('',(0.985,0.9,0.));
#18004 = VERTEX_POINT('',#18005);
#18005 = CARTESIAN_POINT('',(1.115,0.9,0.));
#18006 = LINE('',#18007,#18008);
#18007 = CARTESIAN_POINT('',(0.985,0.9,0.));
#18008 = VECTOR('',#18009,1.);
#18009 = DIRECTION('',(1.,0.,-0.));
#18010 = ORIENTED_EDGE('',*,*,#18011,.T.);
#18011 = EDGE_CURVE('',#18002,#17964,#18012,.T.);
#18012 = LINE('',#18013,#18014);
#18013 = CARTESIAN_POINT('',(0.985,0.9,0.));
#18014 = VECTOR('',#18015,1.);
#18015 = DIRECTION('',(0.,0.,1.));
#18016 = ORIENTED_EDGE('',*,*,#17987,.T.);
#18017 = ORIENTED_EDGE('',*,*,#18018,.F.);
#18018 = EDGE_CURVE('',#18004,#17980,#18019,.T.);
#18019 = LINE('',#18020,#18021);
#18020 = CARTESIAN_POINT('',(1.115,0.9,0.));
#18021 = VECTOR('',#18022,1.);
#18022 = DIRECTION('',(0.,0.,1.));
#18023 = PLANE('',#18024);
#18024 = AXIS2_PLACEMENT_3D('',#18025,#18026,#18027);
#18025 = CARTESIAN_POINT('',(0.985,0.9,0.));
#18026 = DIRECTION('',(-0.,1.,0.));
#18027 = DIRECTION('',(0.,0.,1.));
#18028 = ADVANCED_FACE('',(#18029),#18054,.F.);
#18029 = FACE_BOUND('',#18030,.F.);
#18030 = EDGE_LOOP('',(#18031,#18039,#18047,#18053));
#18031 = ORIENTED_EDGE('',*,*,#18032,.F.);
#18032 = EDGE_CURVE('',#18033,#18002,#18035,.T.);
#18033 = VERTEX_POINT('',#18034);
#18034 = CARTESIAN_POINT('',(0.985,0.72,0.));
#18035 = LINE('',#18036,#18037);
#18036 = CARTESIAN_POINT('',(0.985,0.72,0.));
#18037 = VECTOR('',#18038,1.);
#18038 = DIRECTION('',(-0.,1.,0.));
#18039 = ORIENTED_EDGE('',*,*,#18040,.T.);
#18040 = EDGE_CURVE('',#18033,#18041,#18043,.T.);
#18041 = VERTEX_POINT('',#18042);
#18042 = CARTESIAN_POINT('',(1.115,0.72,0.));
#18043 = LINE('',#18044,#18045);
#18044 = CARTESIAN_POINT('',(0.985,0.72,0.));
#18045 = VECTOR('',#18046,1.);
#18046 = DIRECTION('',(1.,0.,-0.));
#18047 = ORIENTED_EDGE('',*,*,#18048,.T.);
#18048 = EDGE_CURVE('',#18041,#18004,#18049,.T.);
#18049 = LINE('',#18050,#18051);
#18050 = CARTESIAN_POINT('',(1.115,0.72,0.));
#18051 = VECTOR('',#18052,1.);
#18052 = DIRECTION('',(-0.,1.,0.));
#18053 = ORIENTED_EDGE('',*,*,#18001,.F.);
#18054 = PLANE('',#18055);
#18055 = AXIS2_PLACEMENT_3D('',#18056,#18057,#18058);
#18056 = CARTESIAN_POINT('',(0.985,0.72,0.));
#18057 = DIRECTION('',(0.,0.,1.));
#18058 = DIRECTION('',(1.,0.,-0.));
#18059 = ADVANCED_FACE('',(#18060),#18085,.F.);
#18060 = FACE_BOUND('',#18061,.F.);
#18061 = EDGE_LOOP('',(#18062,#18070,#18071,#18079));
#18062 = ORIENTED_EDGE('',*,*,#18063,.F.);
#18063 = EDGE_CURVE('',#18041,#18064,#18066,.T.);
#18064 = VERTEX_POINT('',#18065);
#18065 = CARTESIAN_POINT('',(1.115,0.72,3.E-02));
#18066 = LINE('',#18067,#18068);
#18067 = CARTESIAN_POINT('',(1.115,0.72,0.));
#18068 = VECTOR('',#18069,1.);
#18069 = DIRECTION('',(0.,0.,1.));
#18070 = ORIENTED_EDGE('',*,*,#18040,.F.);
#18071 = ORIENTED_EDGE('',*,*,#18072,.T.);
#18072 = EDGE_CURVE('',#18033,#18073,#18075,.T.);
#18073 = VERTEX_POINT('',#18074);
#18074 = CARTESIAN_POINT('',(0.985,0.72,3.E-02));
#18075 = LINE('',#18076,#18077);
#18076 = CARTESIAN_POINT('',(0.985,0.72,0.));
#18077 = VECTOR('',#18078,1.);
#18078 = DIRECTION('',(0.,0.,1.));
#18079 = ORIENTED_EDGE('',*,*,#18080,.T.);
#18080 = EDGE_CURVE('',#18073,#18064,#18081,.T.);
#18081 = LINE('',#18082,#18083);
#18082 = CARTESIAN_POINT('',(0.985,0.72,3.E-02));
#18083 = VECTOR('',#18084,1.);
#18084 = DIRECTION('',(1.,0.,-0.));
#18085 = PLANE('',#18086);
#18086 = AXIS2_PLACEMENT_3D('',#18087,#18088,#18089);
#18087 = CARTESIAN_POINT('',(0.985,0.72,0.));
#18088 = DIRECTION('',(-0.,1.,0.));
#18089 = DIRECTION('',(0.,0.,1.));
#18090 = ADVANCED_FACE('',(#18091),#18116,.T.);
#18091 = FACE_BOUND('',#18092,.T.);
#18092 = EDGE_LOOP('',(#18093,#18094,#18102,#18110));
#18093 = ORIENTED_EDGE('',*,*,#17971,.T.);
#18094 = ORIENTED_EDGE('',*,*,#18095,.T.);
#18095 = EDGE_CURVE('',#17962,#18096,#18098,.T.);
#18096 = VERTEX_POINT('',#18097);
#18097 = CARTESIAN_POINT('',(0.985,0.74,0.1));
#18098 = LINE('',#18099,#18100);
#18099 = CARTESIAN_POINT('',(0.985,0.74,3.E-02));
#18100 = VECTOR('',#18101,1.);
#18101 = DIRECTION('',(0.,0.,1.));
#18102 = ORIENTED_EDGE('',*,*,#18103,.T.);
#18103 = EDGE_CURVE('',#18096,#18104,#18106,.T.);
#18104 = VERTEX_POINT('',#18105);
#18105 = CARTESIAN_POINT('',(1.115,0.74,0.1));
#18106 = LINE('',#18107,#18108);
#18107 = CARTESIAN_POINT('',(0.985,0.74,0.1));
#18108 = VECTOR('',#18109,1.);
#18109 = DIRECTION('',(1.,0.,-0.));
#18110 = ORIENTED_EDGE('',*,*,#18111,.F.);
#18111 = EDGE_CURVE('',#17972,#18104,#18112,.T.);
#18112 = LINE('',#18113,#18114);
#18113 = CARTESIAN_POINT('',(1.115,0.74,3.E-02));
#18114 = VECTOR('',#18115,1.);
#18115 = DIRECTION('',(0.,0.,1.));
#18116 = PLANE('',#18117);
#18117 = AXIS2_PLACEMENT_3D('',#18118,#18119,#18120);
#18118 = CARTESIAN_POINT('',(0.985,0.74,3.E-02));
#18119 = DIRECTION('',(-0.,1.,0.));
#18120 = DIRECTION('',(0.,0.,1.));
#18121 = ADVANCED_FACE('',(#18122),#18147,.T.);
#18122 = FACE_BOUND('',#18123,.T.);
#18123 = EDGE_LOOP('',(#18124,#18132,#18140,#18146));
#18124 = ORIENTED_EDGE('',*,*,#18125,.F.);
#18125 = EDGE_CURVE('',#18126,#18096,#18128,.T.);
#18126 = VERTEX_POINT('',#18127);
#18127 = CARTESIAN_POINT('',(0.985,0.575,0.1));
#18128 = LINE('',#18129,#18130);
#18129 = CARTESIAN_POINT('',(0.985,0.505,0.1));
#18130 = VECTOR('',#18131,1.);
#18131 = DIRECTION('',(-0.,1.,0.));
#18132 = ORIENTED_EDGE('',*,*,#18133,.F.);
#18133 = EDGE_CURVE('',#18134,#18126,#18136,.T.);
#18134 = VERTEX_POINT('',#18135);
#18135 = CARTESIAN_POINT('',(1.115,0.575,0.1));
#18136 = LINE('',#18137,#18138);
#18137 = CARTESIAN_POINT('',(0.985,0.575,0.1));
#18138 = VECTOR('',#18139,1.);
#18139 = DIRECTION('',(-1.,-0.,0.));
#18140 = ORIENTED_EDGE('',*,*,#18141,.T.);
#18141 = EDGE_CURVE('',#18134,#18104,#18142,.T.);
#18142 = LINE('',#18143,#18144);
#18143 = CARTESIAN_POINT('',(1.115,0.505,0.1));
#18144 = VECTOR('',#18145,1.);
#18145 = DIRECTION('',(-0.,1.,0.));
#18146 = ORIENTED_EDGE('',*,*,#18103,.F.);
#18147 = PLANE('',#18148);
#18148 = AXIS2_PLACEMENT_3D('',#18149,#18150,#18151);
#18149 = CARTESIAN_POINT('',(0.985,0.505,0.1));
#18150 = DIRECTION('',(0.,0.,1.));
#18151 = DIRECTION('',(1.,0.,-0.));
#18152 = ADVANCED_FACE('',(#18153),#18178,.T.);
#18153 = FACE_BOUND('',#18154,.T.);
#18154 = EDGE_LOOP('',(#18155,#18156,#18164,#18172));
#18155 = ORIENTED_EDGE('',*,*,#18133,.T.);
#18156 = ORIENTED_EDGE('',*,*,#18157,.T.);
#18157 = EDGE_CURVE('',#18126,#18158,#18160,.T.);
#18158 = VERTEX_POINT('',#18159);
#18159 = CARTESIAN_POINT('',(0.985,0.575,0.45));
#18160 = LINE('',#18161,#18162);
#18161 = CARTESIAN_POINT('',(0.985,0.575,3.E-02));
#18162 = VECTOR('',#18163,1.);
#18163 = DIRECTION('',(0.,0.,1.));
#18164 = ORIENTED_EDGE('',*,*,#18165,.T.);
#18165 = EDGE_CURVE('',#18158,#18166,#18168,.T.);
#18166 = VERTEX_POINT('',#18167);
#18167 = CARTESIAN_POINT('',(1.115,0.575,0.45));
#18168 = LINE('',#18169,#18170);
#18169 = CARTESIAN_POINT('',(0.985,0.575,0.45));
#18170 = VECTOR('',#18171,1.);
#18171 = DIRECTION('',(1.,0.,-0.));
#18172 = ORIENTED_EDGE('',*,*,#18173,.F.);
#18173 = EDGE_CURVE('',#18134,#18166,#18174,.T.);
#18174 = LINE('',#18175,#18176);
#18175 = CARTESIAN_POINT('',(1.115,0.575,3.E-02));
#18176 = VECTOR('',#18177,1.);
#18177 = DIRECTION('',(0.,0.,1.));
#18178 = PLANE('',#18179);
#18179 = AXIS2_PLACEMENT_3D('',#18180,#18181,#18182);
#18180 = CARTESIAN_POINT('',(0.985,0.575,3.E-02));
#18181 = DIRECTION('',(-0.,1.,0.));
#18182 = DIRECTION('',(0.,0.,1.));
#18183 = ADVANCED_FACE('',(#18184),#18209,.T.);
#18184 = FACE_BOUND('',#18185,.T.);
#18185 = EDGE_LOOP('',(#18186,#18194,#18202,#18208));
#18186 = ORIENTED_EDGE('',*,*,#18187,.F.);
#18187 = EDGE_CURVE('',#18188,#18158,#18190,.T.);
#18188 = VERTEX_POINT('',#18189);
#18189 = CARTESIAN_POINT('',(0.985,0.505,0.45));
#18190 = LINE('',#18191,#18192);
#18191 = CARTESIAN_POINT('',(0.985,0.505,0.45));
#18192 = VECTOR('',#18193,1.);
#18193 = DIRECTION('',(-0.,1.,0.));
#18194 = ORIENTED_EDGE('',*,*,#18195,.T.);
#18195 = EDGE_CURVE('',#18188,#18196,#18198,.T.);
#18196 = VERTEX_POINT('',#18197);
#18197 = CARTESIAN_POINT('',(1.115,0.505,0.45));
#18198 = LINE('',#18199,#18200);
#18199 = CARTESIAN_POINT('',(0.985,0.505,0.45));
#18200 = VECTOR('',#18201,1.);
#18201 = DIRECTION('',(1.,0.,-0.));
#18202 = ORIENTED_EDGE('',*,*,#18203,.T.);
#18203 = EDGE_CURVE('',#18196,#18166,#18204,.T.);
#18204 = LINE('',#18205,#18206);
#18205 = CARTESIAN_POINT('',(1.115,0.505,0.45));
#18206 = VECTOR('',#18207,1.);
#18207 = DIRECTION('',(-0.,1.,0.));
#18208 = ORIENTED_EDGE('',*,*,#18165,.F.);
#18209 = PLANE('',#18210);
#18210 = AXIS2_PLACEMENT_3D('',#18211,#18212,#18213);
#18211 = CARTESIAN_POINT('',(0.985,0.505,0.45));
#18212 = DIRECTION('',(0.,0.,1.));
#18213 = DIRECTION('',(1.,0.,-0.));
#18214 = ADVANCED_FACE('',(#18215),#18239,.T.);
#18215 = FACE_BOUND('',#18216,.T.);
#18216 = EDGE_LOOP('',(#18217,#18218,#18226,#18232,#18233,#18234,#18235,
    #18236,#18237,#18238));
#18217 = ORIENTED_EDGE('',*,*,#18072,.T.);
#18218 = ORIENTED_EDGE('',*,*,#18219,.F.);
#18219 = EDGE_CURVE('',#18220,#18073,#18222,.T.);
#18220 = VERTEX_POINT('',#18221);
#18221 = CARTESIAN_POINT('',(0.985,0.505,3.E-02));
#18222 = LINE('',#18223,#18224);
#18223 = CARTESIAN_POINT('',(0.985,0.505,3.E-02));
#18224 = VECTOR('',#18225,1.);
#18225 = DIRECTION('',(-0.,1.,0.));
#18226 = ORIENTED_EDGE('',*,*,#18227,.T.);
#18227 = EDGE_CURVE('',#18220,#18188,#18228,.T.);
#18228 = LINE('',#18229,#18230);
#18229 = CARTESIAN_POINT('',(0.985,0.505,3.E-02));
#18230 = VECTOR('',#18231,1.);
#18231 = DIRECTION('',(0.,0.,1.));
#18232 = ORIENTED_EDGE('',*,*,#18187,.T.);
#18233 = ORIENTED_EDGE('',*,*,#18157,.F.);
#18234 = ORIENTED_EDGE('',*,*,#18125,.T.);
#18235 = ORIENTED_EDGE('',*,*,#18095,.F.);
#18236 = ORIENTED_EDGE('',*,*,#17961,.T.);
#18237 = ORIENTED_EDGE('',*,*,#18011,.F.);
#18238 = ORIENTED_EDGE('',*,*,#18032,.F.);
#18239 = PLANE('',#18240);
#18240 = AXIS2_PLACEMENT_3D('',#18241,#18242,#18243);
#18241 = CARTESIAN_POINT('',(0.985,0.636168639053,0.158668639053));
#18242 = DIRECTION('',(-1.,-0.,-0.));
#18243 = DIRECTION('',(0.,0.,-1.));
#18244 = ADVANCED_FACE('',(#18245),#18269,.T.);
#18245 = FACE_BOUND('',#18246,.T.);
#18246 = EDGE_LOOP('',(#18247,#18248,#18249,#18250,#18251,#18252,#18253,
    #18254,#18255,#18263));
#18247 = ORIENTED_EDGE('',*,*,#18063,.F.);
#18248 = ORIENTED_EDGE('',*,*,#18048,.T.);
#18249 = ORIENTED_EDGE('',*,*,#18018,.T.);
#18250 = ORIENTED_EDGE('',*,*,#17979,.F.);
#18251 = ORIENTED_EDGE('',*,*,#18111,.T.);
#18252 = ORIENTED_EDGE('',*,*,#18141,.F.);
#18253 = ORIENTED_EDGE('',*,*,#18173,.T.);
#18254 = ORIENTED_EDGE('',*,*,#18203,.F.);
#18255 = ORIENTED_EDGE('',*,*,#18256,.F.);
#18256 = EDGE_CURVE('',#18257,#18196,#18259,.T.);
#18257 = VERTEX_POINT('',#18258);
#18258 = CARTESIAN_POINT('',(1.115,0.505,3.E-02));
#18259 = LINE('',#18260,#18261);
#18260 = CARTESIAN_POINT('',(1.115,0.505,3.E-02));
#18261 = VECTOR('',#18262,1.);
#18262 = DIRECTION('',(0.,0.,1.));
#18263 = ORIENTED_EDGE('',*,*,#18264,.T.);
#18264 = EDGE_CURVE('',#18257,#18064,#18265,.T.);
#18265 = LINE('',#18266,#18267);
#18266 = CARTESIAN_POINT('',(1.115,0.505,3.E-02));
#18267 = VECTOR('',#18268,1.);
#18268 = DIRECTION('',(-0.,1.,0.));
#18269 = PLANE('',#18270);
#18270 = AXIS2_PLACEMENT_3D('',#18271,#18272,#18273);
#18271 = CARTESIAN_POINT('',(1.115,0.636168639053,0.158668639053));
#18272 = DIRECTION('',(1.,0.,0.));
#18273 = DIRECTION('',(-0.,0.,1.));
#18274 = ADVANCED_FACE('',(#18275),#18286,.F.);
#18275 = FACE_BOUND('',#18276,.T.);
#18276 = EDGE_LOOP('',(#18277,#18278,#18279,#18280));
#18277 = ORIENTED_EDGE('',*,*,#18219,.T.);
#18278 = ORIENTED_EDGE('',*,*,#18080,.T.);
#18279 = ORIENTED_EDGE('',*,*,#18264,.F.);
#18280 = ORIENTED_EDGE('',*,*,#18281,.F.);
#18281 = EDGE_CURVE('',#18220,#18257,#18282,.T.);
#18282 = LINE('',#18283,#18284);
#18283 = CARTESIAN_POINT('',(0.985,0.505,3.E-02));
#18284 = VECTOR('',#18285,1.);
#18285 = DIRECTION('',(1.,0.,-0.));
#18286 = PLANE('',#18287);
#18287 = AXIS2_PLACEMENT_3D('',#18288,#18289,#18290);
#18288 = CARTESIAN_POINT('',(0.985,0.505,3.E-02));
#18289 = DIRECTION('',(0.,0.,1.));
#18290 = DIRECTION('',(1.,0.,-0.));
#18291 = ADVANCED_FACE('',(#18292),#18298,.T.);
#18292 = FACE_BOUND('',#18293,.T.);
#18293 = EDGE_LOOP('',(#18294,#18295,#18296,#18297));
#18294 = ORIENTED_EDGE('',*,*,#18281,.T.);
#18295 = ORIENTED_EDGE('',*,*,#18256,.T.);
#18296 = ORIENTED_EDGE('',*,*,#18195,.F.);
#18297 = ORIENTED_EDGE('',*,*,#18227,.F.);
#18298 = PLANE('',#18299);
#18299 = AXIS2_PLACEMENT_3D('',#18300,#18301,#18302);
#18300 = CARTESIAN_POINT('',(1.05,0.505,0.24));
#18301 = DIRECTION('',(-0.,-1.,-0.));
#18302 = DIRECTION('',(0.,0.,-1.));
#18303 = ( GEOMETRIC_REPRESENTATION_CONTEXT(3) 
GLOBAL_UNCERTAINTY_ASSIGNED_CONTEXT((#18307)) 
GLOBAL_UNIT_ASSIGNED_CONTEXT((#18304,#18305,#18306)) 
REPRESENTATION_CONTEXT('Context #1',
  '3D Context with UNIT and UNCERTAINTY') );
#18304 = ( LENGTH_UNIT() NAMED_UNIT(*) SI_UNIT(.MILLI.,.METRE.) );
#18305 = ( NAMED_UNIT(*) PLANE_ANGLE_UNIT() SI_UNIT($,.RADIAN.) );
#18306 = ( NAMED_UNIT(*) SI_UNIT($,.STERADIAN.) SOLID_ANGLE_UNIT() );
#18307 = UNCERTAINTY_MEASURE_WITH_UNIT(LENGTH_MEASURE(1.E-07),#18304,
  'distance_accuracy_value','confusion accuracy');
#18308 = CONTEXT_DEPENDENT_SHAPE_REPRESENTATION(#18309,#18311);
#18309 = ( REPRESENTATION_RELATIONSHIP('','',#17954,#10) 
REPRESENTATION_RELATIONSHIP_WITH_TRANSFORMATION(#18310) 
SHAPE_REPRESENTATION_RELATIONSHIP() );
#18310 = ITEM_DEFINED_TRANSFORMATION('','',#11,#87);
#18311 = PRODUCT_DEFINITION_SHAPE('Placement','Placement of an item',
  #18312);
#18312 = NEXT_ASSEMBLY_USAGE_OCCURRENCE('19','contact_16','',#5,#17949,$
  );
#18313 = PRODUCT_RELATED_PRODUCT_CATEGORY('part',$,(#17951));
#18314 = SHAPE_DEFINITION_REPRESENTATION(#18315,#18321);
#18315 = PRODUCT_DEFINITION_SHAPE('','',#18316);
#18316 = PRODUCT_DEFINITION('design','',#18317,#18320);
#18317 = PRODUCT_DEFINITION_FORMATION('','',#18318);
#18318 = PRODUCT('contact_17','contact_17','',(#18319));
#18319 = PRODUCT_CONTEXT('',#2,'mechanical');
#18320 = PRODUCT_DEFINITION_CONTEXT('part definition',#2,'design');
#18321 = ADVANCED_BREP_SHAPE_REPRESENTATION('',(#11,#18322),#18670);
#18322 = MANIFOLD_SOLID_BREP('',#18323);
#18323 = CLOSED_SHELL('',(#18324,#18364,#18395,#18426,#18457,#18488,
    #18519,#18550,#18581,#18611,#18641,#18658));
#18324 = ADVANCED_FACE('',(#18325),#18359,.T.);
#18325 = FACE_BOUND('',#18326,.T.);
#18326 = EDGE_LOOP('',(#18327,#18337,#18345,#18353));
#18327 = ORIENTED_EDGE('',*,*,#18328,.F.);
#18328 = EDGE_CURVE('',#18329,#18331,#18333,.T.);
#18329 = VERTEX_POINT('',#18330);
#18330 = CARTESIAN_POINT('',(1.465,-0.72,0.));
#18331 = VERTEX_POINT('',#18332);
#18332 = CARTESIAN_POINT('',(1.465,-0.72,3.E-02));
#18333 = LINE('',#18334,#18335);
#18334 = CARTESIAN_POINT('',(1.465,-0.72,0.));
#18335 = VECTOR('',#18336,1.);
#18336 = DIRECTION('',(0.,0.,1.));
#18337 = ORIENTED_EDGE('',*,*,#18338,.F.);
#18338 = EDGE_CURVE('',#18339,#18329,#18341,.T.);
#18339 = VERTEX_POINT('',#18340);
#18340 = CARTESIAN_POINT('',(1.335,-0.72,0.));
#18341 = LINE('',#18342,#18343);
#18342 = CARTESIAN_POINT('',(1.335,-0.72,0.));
#18343 = VECTOR('',#18344,1.);
#18344 = DIRECTION('',(1.,0.,-0.));
#18345 = ORIENTED_EDGE('',*,*,#18346,.T.);
#18346 = EDGE_CURVE('',#18339,#18347,#18349,.T.);
#18347 = VERTEX_POINT('',#18348);
#18348 = CARTESIAN_POINT('',(1.335,-0.72,3.E-02));
#18349 = LINE('',#18350,#18351);
#18350 = CARTESIAN_POINT('',(1.335,-0.72,0.));
#18351 = VECTOR('',#18352,1.);
#18352 = DIRECTION('',(0.,0.,1.));
#18353 = ORIENTED_EDGE('',*,*,#18354,.T.);
#18354 = EDGE_CURVE('',#18347,#18331,#18355,.T.);
#18355 = LINE('',#18356,#18357);
#18356 = CARTESIAN_POINT('',(1.335,-0.72,3.E-02));
#18357 = VECTOR('',#18358,1.);
#18358 = DIRECTION('',(1.,0.,-0.));
#18359 = PLANE('',#18360);
#18360 = AXIS2_PLACEMENT_3D('',#18361,#18362,#18363);
#18361 = CARTESIAN_POINT('',(1.335,-0.72,0.));
#18362 = DIRECTION('',(-0.,1.,0.));
#18363 = DIRECTION('',(0.,0.,1.));
#18364 = ADVANCED_FACE('',(#18365),#18390,.F.);
#18365 = FACE_BOUND('',#18366,.F.);
#18366 = EDGE_LOOP('',(#18367,#18375,#18383,#18389));
#18367 = ORIENTED_EDGE('',*,*,#18368,.F.);
#18368 = EDGE_CURVE('',#18369,#18339,#18371,.T.);
#18369 = VERTEX_POINT('',#18370);
#18370 = CARTESIAN_POINT('',(1.335,-0.9,0.));
#18371 = LINE('',#18372,#18373);
#18372 = CARTESIAN_POINT('',(1.335,-0.9,0.));
#18373 = VECTOR('',#18374,1.);
#18374 = DIRECTION('',(-0.,1.,0.));
#18375 = ORIENTED_EDGE('',*,*,#18376,.T.);
#18376 = EDGE_CURVE('',#18369,#18377,#18379,.T.);
#18377 = VERTEX_POINT('',#18378);
#18378 = CARTESIAN_POINT('',(1.465,-0.9,0.));
#18379 = LINE('',#18380,#18381);
#18380 = CARTESIAN_POINT('',(1.335,-0.9,0.));
#18381 = VECTOR('',#18382,1.);
#18382 = DIRECTION('',(1.,0.,-0.));
#18383 = ORIENTED_EDGE('',*,*,#18384,.T.);
#18384 = EDGE_CURVE('',#18377,#18329,#18385,.T.);
#18385 = LINE('',#18386,#18387);
#18386 = CARTESIAN_POINT('',(1.465,-0.9,0.));
#18387 = VECTOR('',#18388,1.);
#18388 = DIRECTION('',(-0.,1.,0.));
#18389 = ORIENTED_EDGE('',*,*,#18338,.F.);
#18390 = PLANE('',#18391);
#18391 = AXIS2_PLACEMENT_3D('',#18392,#18393,#18394);
#18392 = CARTESIAN_POINT('',(1.335,-0.9,0.));
#18393 = DIRECTION('',(0.,0.,1.));
#18394 = DIRECTION('',(1.,0.,-0.));
#18395 = ADVANCED_FACE('',(#18396),#18421,.F.);
#18396 = FACE_BOUND('',#18397,.F.);
#18397 = EDGE_LOOP('',(#18398,#18399,#18407,#18415));
#18398 = ORIENTED_EDGE('',*,*,#18376,.F.);
#18399 = ORIENTED_EDGE('',*,*,#18400,.T.);
#18400 = EDGE_CURVE('',#18369,#18401,#18403,.T.);
#18401 = VERTEX_POINT('',#18402);
#18402 = CARTESIAN_POINT('',(1.335,-0.9,7.E-02));
#18403 = LINE('',#18404,#18405);
#18404 = CARTESIAN_POINT('',(1.335,-0.9,0.));
#18405 = VECTOR('',#18406,1.);
#18406 = DIRECTION('',(0.,0.,1.));
#18407 = ORIENTED_EDGE('',*,*,#18408,.T.);
#18408 = EDGE_CURVE('',#18401,#18409,#18411,.T.);
#18409 = VERTEX_POINT('',#18410);
#18410 = CARTESIAN_POINT('',(1.465,-0.9,7.E-02));
#18411 = LINE('',#18412,#18413);
#18412 = CARTESIAN_POINT('',(1.335,-0.9,7.E-02));
#18413 = VECTOR('',#18414,1.);
#18414 = DIRECTION('',(1.,0.,-0.));
#18415 = ORIENTED_EDGE('',*,*,#18416,.F.);
#18416 = EDGE_CURVE('',#18377,#18409,#18417,.T.);
#18417 = LINE('',#18418,#18419);
#18418 = CARTESIAN_POINT('',(1.465,-0.9,0.));
#18419 = VECTOR('',#18420,1.);
#18420 = DIRECTION('',(0.,0.,1.));
#18421 = PLANE('',#18422);
#18422 = AXIS2_PLACEMENT_3D('',#18423,#18424,#18425);
#18423 = CARTESIAN_POINT('',(1.335,-0.9,0.));
#18424 = DIRECTION('',(-0.,1.,0.));
#18425 = DIRECTION('',(0.,0.,1.));
#18426 = ADVANCED_FACE('',(#18427),#18452,.T.);
#18427 = FACE_BOUND('',#18428,.T.);
#18428 = EDGE_LOOP('',(#18429,#18437,#18438,#18446));
#18429 = ORIENTED_EDGE('',*,*,#18430,.F.);
#18430 = EDGE_CURVE('',#18401,#18431,#18433,.T.);
#18431 = VERTEX_POINT('',#18432);
#18432 = CARTESIAN_POINT('',(1.335,-0.74,7.E-02));
#18433 = LINE('',#18434,#18435);
#18434 = CARTESIAN_POINT('',(1.335,-0.9,7.E-02));
#18435 = VECTOR('',#18436,1.);
#18436 = DIRECTION('',(-0.,1.,0.));
#18437 = ORIENTED_EDGE('',*,*,#18408,.T.);
#18438 = ORIENTED_EDGE('',*,*,#18439,.T.);
#18439 = EDGE_CURVE('',#18409,#18440,#18442,.T.);
#18440 = VERTEX_POINT('',#18441);
#18441 = CARTESIAN_POINT('',(1.465,-0.74,7.E-02));
#18442 = LINE('',#18443,#18444);
#18443 = CARTESIAN_POINT('',(1.465,-0.9,7.E-02));
#18444 = VECTOR('',#18445,1.);
#18445 = DIRECTION('',(-0.,1.,0.));
#18446 = ORIENTED_EDGE('',*,*,#18447,.T.);
#18447 = EDGE_CURVE('',#18440,#18431,#18448,.T.);
#18448 = LINE('',#18449,#18450);
#18449 = CARTESIAN_POINT('',(1.335,-0.74,7.E-02));
#18450 = VECTOR('',#18451,1.);
#18451 = DIRECTION('',(-1.,-0.,0.));
#18452 = PLANE('',#18453);
#18453 = AXIS2_PLACEMENT_3D('',#18454,#18455,#18456);
#18454 = CARTESIAN_POINT('',(1.335,-0.9,7.E-02));
#18455 = DIRECTION('',(0.,0.,1.));
#18456 = DIRECTION('',(1.,0.,-0.));
#18457 = ADVANCED_FACE('',(#18458),#18483,.F.);
#18458 = FACE_BOUND('',#18459,.F.);
#18459 = EDGE_LOOP('',(#18460,#18461,#18469,#18477));
#18460 = ORIENTED_EDGE('',*,*,#18447,.T.);
#18461 = ORIENTED_EDGE('',*,*,#18462,.T.);
#18462 = EDGE_CURVE('',#18431,#18463,#18465,.T.);
#18463 = VERTEX_POINT('',#18464);
#18464 = CARTESIAN_POINT('',(1.335,-0.74,0.1));
#18465 = LINE('',#18466,#18467);
#18466 = CARTESIAN_POINT('',(1.335,-0.74,3.E-02));
#18467 = VECTOR('',#18468,1.);
#18468 = DIRECTION('',(0.,0.,1.));
#18469 = ORIENTED_EDGE('',*,*,#18470,.T.);
#18470 = EDGE_CURVE('',#18463,#18471,#18473,.T.);
#18471 = VERTEX_POINT('',#18472);
#18472 = CARTESIAN_POINT('',(1.465,-0.74,0.1));
#18473 = LINE('',#18474,#18475);
#18474 = CARTESIAN_POINT('',(1.335,-0.74,0.1));
#18475 = VECTOR('',#18476,1.);
#18476 = DIRECTION('',(1.,0.,-0.));
#18477 = ORIENTED_EDGE('',*,*,#18478,.F.);
#18478 = EDGE_CURVE('',#18440,#18471,#18479,.T.);
#18479 = LINE('',#18480,#18481);
#18480 = CARTESIAN_POINT('',(1.465,-0.74,3.E-02));
#18481 = VECTOR('',#18482,1.);
#18482 = DIRECTION('',(0.,0.,1.));
#18483 = PLANE('',#18484);
#18484 = AXIS2_PLACEMENT_3D('',#18485,#18486,#18487);
#18485 = CARTESIAN_POINT('',(1.335,-0.74,3.E-02));
#18486 = DIRECTION('',(-0.,1.,0.));
#18487 = DIRECTION('',(0.,0.,1.));
#18488 = ADVANCED_FACE('',(#18489),#18514,.T.);
#18489 = FACE_BOUND('',#18490,.T.);
#18490 = EDGE_LOOP('',(#18491,#18499,#18500,#18508));
#18491 = ORIENTED_EDGE('',*,*,#18492,.F.);
#18492 = EDGE_CURVE('',#18463,#18493,#18495,.T.);
#18493 = VERTEX_POINT('',#18494);
#18494 = CARTESIAN_POINT('',(1.335,-0.575,0.1));
#18495 = LINE('',#18496,#18497);
#18496 = CARTESIAN_POINT('',(1.335,-0.74,0.1));
#18497 = VECTOR('',#18498,1.);
#18498 = DIRECTION('',(-0.,1.,0.));
#18499 = ORIENTED_EDGE('',*,*,#18470,.T.);
#18500 = ORIENTED_EDGE('',*,*,#18501,.T.);
#18501 = EDGE_CURVE('',#18471,#18502,#18504,.T.);
#18502 = VERTEX_POINT('',#18503);
#18503 = CARTESIAN_POINT('',(1.465,-0.575,0.1));
#18504 = LINE('',#18505,#18506);
#18505 = CARTESIAN_POINT('',(1.465,-0.74,0.1));
#18506 = VECTOR('',#18507,1.);
#18507 = DIRECTION('',(-0.,1.,0.));
#18508 = ORIENTED_EDGE('',*,*,#18509,.T.);
#18509 = EDGE_CURVE('',#18502,#18493,#18510,.T.);
#18510 = LINE('',#18511,#18512);
#18511 = CARTESIAN_POINT('',(1.335,-0.575,0.1));
#18512 = VECTOR('',#18513,1.);
#18513 = DIRECTION('',(-1.,-0.,0.));
#18514 = PLANE('',#18515);
#18515 = AXIS2_PLACEMENT_3D('',#18516,#18517,#18518);
#18516 = CARTESIAN_POINT('',(1.335,-0.74,0.1));
#18517 = DIRECTION('',(0.,0.,1.));
#18518 = DIRECTION('',(1.,0.,-0.));
#18519 = ADVANCED_FACE('',(#18520),#18545,.F.);
#18520 = FACE_BOUND('',#18521,.F.);
#18521 = EDGE_LOOP('',(#18522,#18523,#18531,#18539));
#18522 = ORIENTED_EDGE('',*,*,#18509,.T.);
#18523 = ORIENTED_EDGE('',*,*,#18524,.T.);
#18524 = EDGE_CURVE('',#18493,#18525,#18527,.T.);
#18525 = VERTEX_POINT('',#18526);
#18526 = CARTESIAN_POINT('',(1.335,-0.575,0.45));
#18527 = LINE('',#18528,#18529);
#18528 = CARTESIAN_POINT('',(1.335,-0.575,3.E-02));
#18529 = VECTOR('',#18530,1.);
#18530 = DIRECTION('',(0.,0.,1.));
#18531 = ORIENTED_EDGE('',*,*,#18532,.T.);
#18532 = EDGE_CURVE('',#18525,#18533,#18535,.T.);
#18533 = VERTEX_POINT('',#18534);
#18534 = CARTESIAN_POINT('',(1.465,-0.575,0.45));
#18535 = LINE('',#18536,#18537);
#18536 = CARTESIAN_POINT('',(1.335,-0.575,0.45));
#18537 = VECTOR('',#18538,1.);
#18538 = DIRECTION('',(1.,0.,-0.));
#18539 = ORIENTED_EDGE('',*,*,#18540,.F.);
#18540 = EDGE_CURVE('',#18502,#18533,#18541,.T.);
#18541 = LINE('',#18542,#18543);
#18542 = CARTESIAN_POINT('',(1.465,-0.575,3.E-02));
#18543 = VECTOR('',#18544,1.);
#18544 = DIRECTION('',(0.,0.,1.));
#18545 = PLANE('',#18546);
#18546 = AXIS2_PLACEMENT_3D('',#18547,#18548,#18549);
#18547 = CARTESIAN_POINT('',(1.335,-0.575,3.E-02));
#18548 = DIRECTION('',(-0.,1.,0.));
#18549 = DIRECTION('',(0.,0.,1.));
#18550 = ADVANCED_FACE('',(#18551),#18576,.T.);
#18551 = FACE_BOUND('',#18552,.T.);
#18552 = EDGE_LOOP('',(#18553,#18561,#18562,#18570));
#18553 = ORIENTED_EDGE('',*,*,#18554,.F.);
#18554 = EDGE_CURVE('',#18525,#18555,#18557,.T.);
#18555 = VERTEX_POINT('',#18556);
#18556 = CARTESIAN_POINT('',(1.335,-0.505,0.45));
#18557 = LINE('',#18558,#18559);
#18558 = CARTESIAN_POINT('',(1.335,-0.575,0.45));
#18559 = VECTOR('',#18560,1.);
#18560 = DIRECTION('',(-0.,1.,0.));
#18561 = ORIENTED_EDGE('',*,*,#18532,.T.);
#18562 = ORIENTED_EDGE('',*,*,#18563,.T.);
#18563 = EDGE_CURVE('',#18533,#18564,#18566,.T.);
#18564 = VERTEX_POINT('',#18565);
#18565 = CARTESIAN_POINT('',(1.465,-0.505,0.45));
#18566 = LINE('',#18567,#18568);
#18567 = CARTESIAN_POINT('',(1.465,-0.575,0.45));
#18568 = VECTOR('',#18569,1.);
#18569 = DIRECTION('',(-0.,1.,0.));
#18570 = ORIENTED_EDGE('',*,*,#18571,.F.);
#18571 = EDGE_CURVE('',#18555,#18564,#18572,.T.);
#18572 = LINE('',#18573,#18574);
#18573 = CARTESIAN_POINT('',(1.335,-0.505,0.45));
#18574 = VECTOR('',#18575,1.);
#18575 = DIRECTION('',(1.,0.,-0.));
#18576 = PLANE('',#18577);
#18577 = AXIS2_PLACEMENT_3D('',#18578,#18579,#18580);
#18578 = CARTESIAN_POINT('',(1.335,-0.575,0.45));
#18579 = DIRECTION('',(0.,0.,1.));
#18580 = DIRECTION('',(1.,0.,-0.));
#18581 = ADVANCED_FACE('',(#18582),#18606,.T.);
#18582 = FACE_BOUND('',#18583,.T.);
#18583 = EDGE_LOOP('',(#18584,#18585,#18586,#18587,#18588,#18589,#18597,
    #18603,#18604,#18605));
#18584 = ORIENTED_EDGE('',*,*,#18430,.T.);
#18585 = ORIENTED_EDGE('',*,*,#18462,.T.);
#18586 = ORIENTED_EDGE('',*,*,#18492,.T.);
#18587 = ORIENTED_EDGE('',*,*,#18524,.T.);
#18588 = ORIENTED_EDGE('',*,*,#18554,.T.);
#18589 = ORIENTED_EDGE('',*,*,#18590,.F.);
#18590 = EDGE_CURVE('',#18591,#18555,#18593,.T.);
#18591 = VERTEX_POINT('',#18592);
#18592 = CARTESIAN_POINT('',(1.335,-0.505,3.E-02));
#18593 = LINE('',#18594,#18595);
#18594 = CARTESIAN_POINT('',(1.335,-0.505,3.E-02));
#18595 = VECTOR('',#18596,1.);
#18596 = DIRECTION('',(0.,0.,1.));
#18597 = ORIENTED_EDGE('',*,*,#18598,.F.);
#18598 = EDGE_CURVE('',#18347,#18591,#18599,.T.);
#18599 = LINE('',#18600,#18601);
#18600 = CARTESIAN_POINT('',(1.335,-0.74,3.E-02));
#18601 = VECTOR('',#18602,1.);
#18602 = DIRECTION('',(-0.,1.,0.));
#18603 = ORIENTED_EDGE('',*,*,#18346,.F.);
#18604 = ORIENTED_EDGE('',*,*,#18368,.F.);
#18605 = ORIENTED_EDGE('',*,*,#18400,.T.);
#18606 = PLANE('',#18607);
#18607 = AXIS2_PLACEMENT_3D('',#18608,#18609,#18610);
#18608 = CARTESIAN_POINT('',(1.335,-0.636168639053,0.158668639053));
#18609 = DIRECTION('',(-1.,-0.,-0.));
#18610 = DIRECTION('',(0.,0.,-1.));
#18611 = ADVANCED_FACE('',(#18612),#18636,.T.);
#18612 = FACE_BOUND('',#18613,.T.);
#18613 = EDGE_LOOP('',(#18614,#18615,#18616,#18617,#18618,#18626,#18632,
    #18633,#18634,#18635));
#18614 = ORIENTED_EDGE('',*,*,#18439,.F.);
#18615 = ORIENTED_EDGE('',*,*,#18416,.F.);
#18616 = ORIENTED_EDGE('',*,*,#18384,.T.);
#18617 = ORIENTED_EDGE('',*,*,#18328,.T.);
#18618 = ORIENTED_EDGE('',*,*,#18619,.T.);
#18619 = EDGE_CURVE('',#18331,#18620,#18622,.T.);
#18620 = VERTEX_POINT('',#18621);
#18621 = CARTESIAN_POINT('',(1.465,-0.505,3.E-02));
#18622 = LINE('',#18623,#18624);
#18623 = CARTESIAN_POINT('',(1.465,-0.74,3.E-02));
#18624 = VECTOR('',#18625,1.);
#18625 = DIRECTION('',(-0.,1.,0.));
#18626 = ORIENTED_EDGE('',*,*,#18627,.T.);
#18627 = EDGE_CURVE('',#18620,#18564,#18628,.T.);
#18628 = LINE('',#18629,#18630);
#18629 = CARTESIAN_POINT('',(1.465,-0.505,3.E-02));
#18630 = VECTOR('',#18631,1.);
#18631 = DIRECTION('',(0.,0.,1.));
#18632 = ORIENTED_EDGE('',*,*,#18563,.F.);
#18633 = ORIENTED_EDGE('',*,*,#18540,.F.);
#18634 = ORIENTED_EDGE('',*,*,#18501,.F.);
#18635 = ORIENTED_EDGE('',*,*,#18478,.F.);
#18636 = PLANE('',#18637);
#18637 = AXIS2_PLACEMENT_3D('',#18638,#18639,#18640);
#18638 = CARTESIAN_POINT('',(1.465,-0.636168639053,0.158668639053));
#18639 = DIRECTION('',(1.,0.,0.));
#18640 = DIRECTION('',(-0.,0.,1.));
#18641 = ADVANCED_FACE('',(#18642),#18653,.F.);
#18642 = FACE_BOUND('',#18643,.T.);
#18643 = EDGE_LOOP('',(#18644,#18645,#18651,#18652));
#18644 = ORIENTED_EDGE('',*,*,#18598,.T.);
#18645 = ORIENTED_EDGE('',*,*,#18646,.T.);
#18646 = EDGE_CURVE('',#18591,#18620,#18647,.T.);
#18647 = LINE('',#18648,#18649);
#18648 = CARTESIAN_POINT('',(1.335,-0.505,3.E-02));
#18649 = VECTOR('',#18650,1.);
#18650 = DIRECTION('',(1.,0.,-0.));
#18651 = ORIENTED_EDGE('',*,*,#18619,.F.);
#18652 = ORIENTED_EDGE('',*,*,#18354,.F.);
#18653 = PLANE('',#18654);
#18654 = AXIS2_PLACEMENT_3D('',#18655,#18656,#18657);
#18655 = CARTESIAN_POINT('',(1.335,-0.74,3.E-02));
#18656 = DIRECTION('',(0.,0.,1.));
#18657 = DIRECTION('',(1.,0.,-0.));
#18658 = ADVANCED_FACE('',(#18659),#18665,.T.);
#18659 = FACE_BOUND('',#18660,.T.);
#18660 = EDGE_LOOP('',(#18661,#18662,#18663,#18664));
#18661 = ORIENTED_EDGE('',*,*,#18646,.F.);
#18662 = ORIENTED_EDGE('',*,*,#18590,.T.);
#18663 = ORIENTED_EDGE('',*,*,#18571,.T.);
#18664 = ORIENTED_EDGE('',*,*,#18627,.F.);
#18665 = PLANE('',#18666);
#18666 = AXIS2_PLACEMENT_3D('',#18667,#18668,#18669);
#18667 = CARTESIAN_POINT('',(1.4,-0.505,0.24));
#18668 = DIRECTION('',(0.,1.,0.));
#18669 = DIRECTION('',(0.,-0.,1.));
#18670 = ( GEOMETRIC_REPRESENTATION_CONTEXT(3) 
GLOBAL_UNCERTAINTY_ASSIGNED_CONTEXT((#18674)) 
GLOBAL_UNIT_ASSIGNED_CONTEXT((#18671,#18672,#18673)) 
REPRESENTATION_CONTEXT('Context #1',
  '3D Context with UNIT and UNCERTAINTY') );
#18671 = ( LENGTH_UNIT() NAMED_UNIT(*) SI_UNIT(.MILLI.,.METRE.) );
#18672 = ( NAMED_UNIT(*) PLANE_ANGLE_UNIT() SI_UNIT($,.RADIAN.) );
#18673 = ( NAMED_UNIT(*) SI_UNIT($,.STERADIAN.) SOLID_ANGLE_UNIT() );
#18674 = UNCERTAINTY_MEASURE_WITH_UNIT(LENGTH_MEASURE(1.E-07),#18671,
  'distance_accuracy_value','confusion accuracy');
#18675 = CONTEXT_DEPENDENT_SHAPE_REPRESENTATION(#18676,#18678);
#18676 = ( REPRESENTATION_RELATIONSHIP('','',#18321,#10) 
REPRESENTATION_RELATIONSHIP_WITH_TRANSFORMATION(#18677) 
SHAPE_REPRESENTATION_RELATIONSHIP() );
#18677 = ITEM_DEFINED_TRANSFORMATION('','',#11,#91);
#18678 = PRODUCT_DEFINITION_SHAPE('Placement','Placement of an item',
  #18679);
#18679 = NEXT_ASSEMBLY_USAGE_OCCURRENCE('20','contact_17','',#5,#18316,$
  );
#18680 = PRODUCT_RELATED_PRODUCT_CATEGORY('part',$,(#18318));
#18681 = SHAPE_DEFINITION_REPRESENTATION(#18682,#18688);
#18682 = PRODUCT_DEFINITION_SHAPE('','',#18683);
#18683 = PRODUCT_DEFINITION('design','',#18684,#18687);
#18684 = PRODUCT_DEFINITION_FORMATION('','',#18685);
#18685 = PRODUCT('contact_18','contact_18','',(#18686));
#18686 = PRODUCT_CONTEXT('',#2,'mechanical');
#18687 = PRODUCT_DEFINITION_CONTEXT('part definition',#2,'design');
#18688 = ADVANCED_BREP_SHAPE_REPRESENTATION('',(#11,#18689),#19037);
#18689 = MANIFOLD_SOLID_BREP('',#18690);
#18690 = CLOSED_SHELL('',(#18691,#18731,#18762,#18793,#18824,#18855,
    #18886,#18917,#18948,#18978,#19008,#19025));
#18691 = ADVANCED_FACE('',(#18692),#18726,.T.);
#18692 = FACE_BOUND('',#18693,.T.);
#18693 = EDGE_LOOP('',(#18694,#18704,#18712,#18720));
#18694 = ORIENTED_EDGE('',*,*,#18695,.F.);
#18695 = EDGE_CURVE('',#18696,#18698,#18700,.T.);
#18696 = VERTEX_POINT('',#18697);
#18697 = CARTESIAN_POINT('',(1.335,0.74,7.E-02));
#18698 = VERTEX_POINT('',#18699);
#18699 = CARTESIAN_POINT('',(1.335,0.9,7.E-02));
#18700 = LINE('',#18701,#18702);
#18701 = CARTESIAN_POINT('',(1.335,0.72,7.E-02));
#18702 = VECTOR('',#18703,1.);
#18703 = DIRECTION('',(-0.,1.,0.));
#18704 = ORIENTED_EDGE('',*,*,#18705,.F.);
#18705 = EDGE_CURVE('',#18706,#18696,#18708,.T.);
#18706 = VERTEX_POINT('',#18707);
#18707 = CARTESIAN_POINT('',(1.465,0.74,7.E-02));
#18708 = LINE('',#18709,#18710);
#18709 = CARTESIAN_POINT('',(1.335,0.74,7.E-02));
#18710 = VECTOR('',#18711,1.);
#18711 = DIRECTION('',(-1.,-0.,0.));
#18712 = ORIENTED_EDGE('',*,*,#18713,.T.);
#18713 = EDGE_CURVE('',#18706,#18714,#18716,.T.);
#18714 = VERTEX_POINT('',#18715);
#18715 = CARTESIAN_POINT('',(1.465,0.9,7.E-02));
#18716 = LINE('',#18717,#18718);
#18717 = CARTESIAN_POINT('',(1.465,0.72,7.E-02));
#18718 = VECTOR('',#18719,1.);
#18719 = DIRECTION('',(-0.,1.,0.));
#18720 = ORIENTED_EDGE('',*,*,#18721,.F.);
#18721 = EDGE_CURVE('',#18698,#18714,#18722,.T.);
#18722 = LINE('',#18723,#18724);
#18723 = CARTESIAN_POINT('',(1.335,0.9,7.E-02));
#18724 = VECTOR('',#18725,1.);
#18725 = DIRECTION('',(1.,0.,-0.));
#18726 = PLANE('',#18727);
#18727 = AXIS2_PLACEMENT_3D('',#18728,#18729,#18730);
#18728 = CARTESIAN_POINT('',(1.335,0.72,7.E-02));
#18729 = DIRECTION('',(0.,0.,1.));
#18730 = DIRECTION('',(1.,0.,-0.));
#18731 = ADVANCED_FACE('',(#18732),#18757,.T.);
#18732 = FACE_BOUND('',#18733,.T.);
#18733 = EDGE_LOOP('',(#18734,#18744,#18750,#18751));
#18734 = ORIENTED_EDGE('',*,*,#18735,.F.);
#18735 = EDGE_CURVE('',#18736,#18738,#18740,.T.);
#18736 = VERTEX_POINT('',#18737);
#18737 = CARTESIAN_POINT('',(1.335,0.9,0.));
#18738 = VERTEX_POINT('',#18739);
#18739 = CARTESIAN_POINT('',(1.465,0.9,0.));
#18740 = LINE('',#18741,#18742);
#18741 = CARTESIAN_POINT('',(1.335,0.9,0.));
#18742 = VECTOR('',#18743,1.);
#18743 = DIRECTION('',(1.,0.,-0.));
#18744 = ORIENTED_EDGE('',*,*,#18745,.T.);
#18745 = EDGE_CURVE('',#18736,#18698,#18746,.T.);
#18746 = LINE('',#18747,#18748);
#18747 = CARTESIAN_POINT('',(1.335,0.9,0.));
#18748 = VECTOR('',#18749,1.);
#18749 = DIRECTION('',(0.,0.,1.));
#18750 = ORIENTED_EDGE('',*,*,#18721,.T.);
#18751 = ORIENTED_EDGE('',*,*,#18752,.F.);
#18752 = EDGE_CURVE('',#18738,#18714,#18753,.T.);
#18753 = LINE('',#18754,#18755);
#18754 = CARTESIAN_POINT('',(1.465,0.9,0.));
#18755 = VECTOR('',#18756,1.);
#18756 = DIRECTION('',(0.,0.,1.));
#18757 = PLANE('',#18758);
#18758 = AXIS2_PLACEMENT_3D('',#18759,#18760,#18761);
#18759 = CARTESIAN_POINT('',(1.335,0.9,0.));
#18760 = DIRECTION('',(-0.,1.,0.));
#18761 = DIRECTION('',(0.,0.,1.));
#18762 = ADVANCED_FACE('',(#18763),#18788,.F.);
#18763 = FACE_BOUND('',#18764,.F.);
#18764 = EDGE_LOOP('',(#18765,#18773,#18781,#18787));
#18765 = ORIENTED_EDGE('',*,*,#18766,.F.);
#18766 = EDGE_CURVE('',#18767,#18736,#18769,.T.);
#18767 = VERTEX_POINT('',#18768);
#18768 = CARTESIAN_POINT('',(1.335,0.72,0.));
#18769 = LINE('',#18770,#18771);
#18770 = CARTESIAN_POINT('',(1.335,0.72,0.));
#18771 = VECTOR('',#18772,1.);
#18772 = DIRECTION('',(-0.,1.,0.));
#18773 = ORIENTED_EDGE('',*,*,#18774,.T.);
#18774 = EDGE_CURVE('',#18767,#18775,#18777,.T.);
#18775 = VERTEX_POINT('',#18776);
#18776 = CARTESIAN_POINT('',(1.465,0.72,0.));
#18777 = LINE('',#18778,#18779);
#18778 = CARTESIAN_POINT('',(1.335,0.72,0.));
#18779 = VECTOR('',#18780,1.);
#18780 = DIRECTION('',(1.,0.,-0.));
#18781 = ORIENTED_EDGE('',*,*,#18782,.T.);
#18782 = EDGE_CURVE('',#18775,#18738,#18783,.T.);
#18783 = LINE('',#18784,#18785);
#18784 = CARTESIAN_POINT('',(1.465,0.72,0.));
#18785 = VECTOR('',#18786,1.);
#18786 = DIRECTION('',(-0.,1.,0.));
#18787 = ORIENTED_EDGE('',*,*,#18735,.F.);
#18788 = PLANE('',#18789);
#18789 = AXIS2_PLACEMENT_3D('',#18790,#18791,#18792);
#18790 = CARTESIAN_POINT('',(1.335,0.72,0.));
#18791 = DIRECTION('',(0.,0.,1.));
#18792 = DIRECTION('',(1.,0.,-0.));
#18793 = ADVANCED_FACE('',(#18794),#18819,.F.);
#18794 = FACE_BOUND('',#18795,.F.);
#18795 = EDGE_LOOP('',(#18796,#18804,#18805,#18813));
#18796 = ORIENTED_EDGE('',*,*,#18797,.F.);
#18797 = EDGE_CURVE('',#18775,#18798,#18800,.T.);
#18798 = VERTEX_POINT('',#18799);
#18799 = CARTESIAN_POINT('',(1.465,0.72,3.E-02));
#18800 = LINE('',#18801,#18802);
#18801 = CARTESIAN_POINT('',(1.465,0.72,0.));
#18802 = VECTOR('',#18803,1.);
#18803 = DIRECTION('',(0.,0.,1.));
#18804 = ORIENTED_EDGE('',*,*,#18774,.F.);
#18805 = ORIENTED_EDGE('',*,*,#18806,.T.);
#18806 = EDGE_CURVE('',#18767,#18807,#18809,.T.);
#18807 = VERTEX_POINT('',#18808);
#18808 = CARTESIAN_POINT('',(1.335,0.72,3.E-02));
#18809 = LINE('',#18810,#18811);
#18810 = CARTESIAN_POINT('',(1.335,0.72,0.));
#18811 = VECTOR('',#18812,1.);
#18812 = DIRECTION('',(0.,0.,1.));
#18813 = ORIENTED_EDGE('',*,*,#18814,.T.);
#18814 = EDGE_CURVE('',#18807,#18798,#18815,.T.);
#18815 = LINE('',#18816,#18817);
#18816 = CARTESIAN_POINT('',(1.335,0.72,3.E-02));
#18817 = VECTOR('',#18818,1.);
#18818 = DIRECTION('',(1.,0.,-0.));
#18819 = PLANE('',#18820);
#18820 = AXIS2_PLACEMENT_3D('',#18821,#18822,#18823);
#18821 = CARTESIAN_POINT('',(1.335,0.72,0.));
#18822 = DIRECTION('',(-0.,1.,0.));
#18823 = DIRECTION('',(0.,0.,1.));
#18824 = ADVANCED_FACE('',(#18825),#18850,.T.);
#18825 = FACE_BOUND('',#18826,.T.);
#18826 = EDGE_LOOP('',(#18827,#18828,#18836,#18844));
#18827 = ORIENTED_EDGE('',*,*,#18705,.T.);
#18828 = ORIENTED_EDGE('',*,*,#18829,.T.);
#18829 = EDGE_CURVE('',#18696,#18830,#18832,.T.);
#18830 = VERTEX_POINT('',#18831);
#18831 = CARTESIAN_POINT('',(1.335,0.74,0.1));
#18832 = LINE('',#18833,#18834);
#18833 = CARTESIAN_POINT('',(1.335,0.74,3.E-02));
#18834 = VECTOR('',#18835,1.);
#18835 = DIRECTION('',(0.,0.,1.));
#18836 = ORIENTED_EDGE('',*,*,#18837,.T.);
#18837 = EDGE_CURVE('',#18830,#18838,#18840,.T.);
#18838 = VERTEX_POINT('',#18839);
#18839 = CARTESIAN_POINT('',(1.465,0.74,0.1));
#18840 = LINE('',#18841,#18842);
#18841 = CARTESIAN_POINT('',(1.335,0.74,0.1));
#18842 = VECTOR('',#18843,1.);
#18843 = DIRECTION('',(1.,0.,-0.));
#18844 = ORIENTED_EDGE('',*,*,#18845,.F.);
#18845 = EDGE_CURVE('',#18706,#18838,#18846,.T.);
#18846 = LINE('',#18847,#18848);
#18847 = CARTESIAN_POINT('',(1.465,0.74,3.E-02));
#18848 = VECTOR('',#18849,1.);
#18849 = DIRECTION('',(0.,0.,1.));
#18850 = PLANE('',#18851);
#18851 = AXIS2_PLACEMENT_3D('',#18852,#18853,#18854);
#18852 = CARTESIAN_POINT('',(1.335,0.74,3.E-02));
#18853 = DIRECTION('',(-0.,1.,0.));
#18854 = DIRECTION('',(0.,0.,1.));
#18855 = ADVANCED_FACE('',(#18856),#18881,.T.);
#18856 = FACE_BOUND('',#18857,.T.);
#18857 = EDGE_LOOP('',(#18858,#18866,#18874,#18880));
#18858 = ORIENTED_EDGE('',*,*,#18859,.F.);
#18859 = EDGE_CURVE('',#18860,#18830,#18862,.T.);
#18860 = VERTEX_POINT('',#18861);
#18861 = CARTESIAN_POINT('',(1.335,0.575,0.1));
#18862 = LINE('',#18863,#18864);
#18863 = CARTESIAN_POINT('',(1.335,0.505,0.1));
#18864 = VECTOR('',#18865,1.);
#18865 = DIRECTION('',(-0.,1.,0.));
#18866 = ORIENTED_EDGE('',*,*,#18867,.F.);
#18867 = EDGE_CURVE('',#18868,#18860,#18870,.T.);
#18868 = VERTEX_POINT('',#18869);
#18869 = CARTESIAN_POINT('',(1.465,0.575,0.1));
#18870 = LINE('',#18871,#18872);
#18871 = CARTESIAN_POINT('',(1.335,0.575,0.1));
#18872 = VECTOR('',#18873,1.);
#18873 = DIRECTION('',(-1.,-0.,0.));
#18874 = ORIENTED_EDGE('',*,*,#18875,.T.);
#18875 = EDGE_CURVE('',#18868,#18838,#18876,.T.);
#18876 = LINE('',#18877,#18878);
#18877 = CARTESIAN_POINT('',(1.465,0.505,0.1));
#18878 = VECTOR('',#18879,1.);
#18879 = DIRECTION('',(-0.,1.,0.));
#18880 = ORIENTED_EDGE('',*,*,#18837,.F.);
#18881 = PLANE('',#18882);
#18882 = AXIS2_PLACEMENT_3D('',#18883,#18884,#18885);
#18883 = CARTESIAN_POINT('',(1.335,0.505,0.1));
#18884 = DIRECTION('',(0.,0.,1.));
#18885 = DIRECTION('',(1.,0.,-0.));
#18886 = ADVANCED_FACE('',(#18887),#18912,.T.);
#18887 = FACE_BOUND('',#18888,.T.);
#18888 = EDGE_LOOP('',(#18889,#18890,#18898,#18906));
#18889 = ORIENTED_EDGE('',*,*,#18867,.T.);
#18890 = ORIENTED_EDGE('',*,*,#18891,.T.);
#18891 = EDGE_CURVE('',#18860,#18892,#18894,.T.);
#18892 = VERTEX_POINT('',#18893);
#18893 = CARTESIAN_POINT('',(1.335,0.575,0.45));
#18894 = LINE('',#18895,#18896);
#18895 = CARTESIAN_POINT('',(1.335,0.575,3.E-02));
#18896 = VECTOR('',#18897,1.);
#18897 = DIRECTION('',(0.,0.,1.));
#18898 = ORIENTED_EDGE('',*,*,#18899,.T.);
#18899 = EDGE_CURVE('',#18892,#18900,#18902,.T.);
#18900 = VERTEX_POINT('',#18901);
#18901 = CARTESIAN_POINT('',(1.465,0.575,0.45));
#18902 = LINE('',#18903,#18904);
#18903 = CARTESIAN_POINT('',(1.335,0.575,0.45));
#18904 = VECTOR('',#18905,1.);
#18905 = DIRECTION('',(1.,0.,-0.));
#18906 = ORIENTED_EDGE('',*,*,#18907,.F.);
#18907 = EDGE_CURVE('',#18868,#18900,#18908,.T.);
#18908 = LINE('',#18909,#18910);
#18909 = CARTESIAN_POINT('',(1.465,0.575,3.E-02));
#18910 = VECTOR('',#18911,1.);
#18911 = DIRECTION('',(0.,0.,1.));
#18912 = PLANE('',#18913);
#18913 = AXIS2_PLACEMENT_3D('',#18914,#18915,#18916);
#18914 = CARTESIAN_POINT('',(1.335,0.575,3.E-02));
#18915 = DIRECTION('',(-0.,1.,0.));
#18916 = DIRECTION('',(0.,0.,1.));
#18917 = ADVANCED_FACE('',(#18918),#18943,.T.);
#18918 = FACE_BOUND('',#18919,.T.);
#18919 = EDGE_LOOP('',(#18920,#18928,#18936,#18942));
#18920 = ORIENTED_EDGE('',*,*,#18921,.F.);
#18921 = EDGE_CURVE('',#18922,#18892,#18924,.T.);
#18922 = VERTEX_POINT('',#18923);
#18923 = CARTESIAN_POINT('',(1.335,0.505,0.45));
#18924 = LINE('',#18925,#18926);
#18925 = CARTESIAN_POINT('',(1.335,0.505,0.45));
#18926 = VECTOR('',#18927,1.);
#18927 = DIRECTION('',(-0.,1.,0.));
#18928 = ORIENTED_EDGE('',*,*,#18929,.T.);
#18929 = EDGE_CURVE('',#18922,#18930,#18932,.T.);
#18930 = VERTEX_POINT('',#18931);
#18931 = CARTESIAN_POINT('',(1.465,0.505,0.45));
#18932 = LINE('',#18933,#18934);
#18933 = CARTESIAN_POINT('',(1.335,0.505,0.45));
#18934 = VECTOR('',#18935,1.);
#18935 = DIRECTION('',(1.,0.,-0.));
#18936 = ORIENTED_EDGE('',*,*,#18937,.T.);
#18937 = EDGE_CURVE('',#18930,#18900,#18938,.T.);
#18938 = LINE('',#18939,#18940);
#18939 = CARTESIAN_POINT('',(1.465,0.505,0.45));
#18940 = VECTOR('',#18941,1.);
#18941 = DIRECTION('',(-0.,1.,0.));
#18942 = ORIENTED_EDGE('',*,*,#18899,.F.);
#18943 = PLANE('',#18944);
#18944 = AXIS2_PLACEMENT_3D('',#18945,#18946,#18947);
#18945 = CARTESIAN_POINT('',(1.335,0.505,0.45));
#18946 = DIRECTION('',(0.,0.,1.));
#18947 = DIRECTION('',(1.,0.,-0.));
#18948 = ADVANCED_FACE('',(#18949),#18973,.T.);
#18949 = FACE_BOUND('',#18950,.T.);
#18950 = EDGE_LOOP('',(#18951,#18952,#18960,#18966,#18967,#18968,#18969,
    #18970,#18971,#18972));
#18951 = ORIENTED_EDGE('',*,*,#18806,.T.);
#18952 = ORIENTED_EDGE('',*,*,#18953,.F.);
#18953 = EDGE_CURVE('',#18954,#18807,#18956,.T.);
#18954 = VERTEX_POINT('',#18955);
#18955 = CARTESIAN_POINT('',(1.335,0.505,3.E-02));
#18956 = LINE('',#18957,#18958);
#18957 = CARTESIAN_POINT('',(1.335,0.505,3.E-02));
#18958 = VECTOR('',#18959,1.);
#18959 = DIRECTION('',(-0.,1.,0.));
#18960 = ORIENTED_EDGE('',*,*,#18961,.T.);
#18961 = EDGE_CURVE('',#18954,#18922,#18962,.T.);
#18962 = LINE('',#18963,#18964);
#18963 = CARTESIAN_POINT('',(1.335,0.505,3.E-02));
#18964 = VECTOR('',#18965,1.);
#18965 = DIRECTION('',(0.,0.,1.));
#18966 = ORIENTED_EDGE('',*,*,#18921,.T.);
#18967 = ORIENTED_EDGE('',*,*,#18891,.F.);
#18968 = ORIENTED_EDGE('',*,*,#18859,.T.);
#18969 = ORIENTED_EDGE('',*,*,#18829,.F.);
#18970 = ORIENTED_EDGE('',*,*,#18695,.T.);
#18971 = ORIENTED_EDGE('',*,*,#18745,.F.);
#18972 = ORIENTED_EDGE('',*,*,#18766,.F.);
#18973 = PLANE('',#18974);
#18974 = AXIS2_PLACEMENT_3D('',#18975,#18976,#18977);
#18975 = CARTESIAN_POINT('',(1.335,0.636168639053,0.158668639053));
#18976 = DIRECTION('',(-1.,-0.,-0.));
#18977 = DIRECTION('',(0.,0.,-1.));
#18978 = ADVANCED_FACE('',(#18979),#19003,.T.);
#18979 = FACE_BOUND('',#18980,.T.);
#18980 = EDGE_LOOP('',(#18981,#18982,#18983,#18984,#18985,#18986,#18987,
    #18988,#18989,#18997));
#18981 = ORIENTED_EDGE('',*,*,#18797,.F.);
#18982 = ORIENTED_EDGE('',*,*,#18782,.T.);
#18983 = ORIENTED_EDGE('',*,*,#18752,.T.);
#18984 = ORIENTED_EDGE('',*,*,#18713,.F.);
#18985 = ORIENTED_EDGE('',*,*,#18845,.T.);
#18986 = ORIENTED_EDGE('',*,*,#18875,.F.);
#18987 = ORIENTED_EDGE('',*,*,#18907,.T.);
#18988 = ORIENTED_EDGE('',*,*,#18937,.F.);
#18989 = ORIENTED_EDGE('',*,*,#18990,.F.);
#18990 = EDGE_CURVE('',#18991,#18930,#18993,.T.);
#18991 = VERTEX_POINT('',#18992);
#18992 = CARTESIAN_POINT('',(1.465,0.505,3.E-02));
#18993 = LINE('',#18994,#18995);
#18994 = CARTESIAN_POINT('',(1.465,0.505,3.E-02));
#18995 = VECTOR('',#18996,1.);
#18996 = DIRECTION('',(0.,0.,1.));
#18997 = ORIENTED_EDGE('',*,*,#18998,.T.);
#18998 = EDGE_CURVE('',#18991,#18798,#18999,.T.);
#18999 = LINE('',#19000,#19001);
#19000 = CARTESIAN_POINT('',(1.465,0.505,3.E-02));
#19001 = VECTOR('',#19002,1.);
#19002 = DIRECTION('',(-0.,1.,0.));
#19003 = PLANE('',#19004);
#19004 = AXIS2_PLACEMENT_3D('',#19005,#19006,#19007);
#19005 = CARTESIAN_POINT('',(1.465,0.636168639053,0.158668639053));
#19006 = DIRECTION('',(1.,0.,0.));
#19007 = DIRECTION('',(-0.,0.,1.));
#19008 = ADVANCED_FACE('',(#19009),#19020,.F.);
#19009 = FACE_BOUND('',#19010,.T.);
#19010 = EDGE_LOOP('',(#19011,#19012,#19013,#19014));
#19011 = ORIENTED_EDGE('',*,*,#18953,.T.);
#19012 = ORIENTED_EDGE('',*,*,#18814,.T.);
#19013 = ORIENTED_EDGE('',*,*,#18998,.F.);
#19014 = ORIENTED_EDGE('',*,*,#19015,.F.);
#19015 = EDGE_CURVE('',#18954,#18991,#19016,.T.);
#19016 = LINE('',#19017,#19018);
#19017 = CARTESIAN_POINT('',(1.335,0.505,3.E-02));
#19018 = VECTOR('',#19019,1.);
#19019 = DIRECTION('',(1.,0.,-0.));
#19020 = PLANE('',#19021);
#19021 = AXIS2_PLACEMENT_3D('',#19022,#19023,#19024);
#19022 = CARTESIAN_POINT('',(1.335,0.505,3.E-02));
#19023 = DIRECTION('',(0.,0.,1.));
#19024 = DIRECTION('',(1.,0.,-0.));
#19025 = ADVANCED_FACE('',(#19026),#19032,.T.);
#19026 = FACE_BOUND('',#19027,.T.);
#19027 = EDGE_LOOP('',(#19028,#19029,#19030,#19031));
#19028 = ORIENTED_EDGE('',*,*,#19015,.T.);
#19029 = ORIENTED_EDGE('',*,*,#18990,.T.);
#19030 = ORIENTED_EDGE('',*,*,#18929,.F.);
#19031 = ORIENTED_EDGE('',*,*,#18961,.F.);
#19032 = PLANE('',#19033);
#19033 = AXIS2_PLACEMENT_3D('',#19034,#19035,#19036);
#19034 = CARTESIAN_POINT('',(1.4,0.505,0.24));
#19035 = DIRECTION('',(-0.,-1.,-0.));
#19036 = DIRECTION('',(0.,0.,-1.));
#19037 = ( GEOMETRIC_REPRESENTATION_CONTEXT(3) 
GLOBAL_UNCERTAINTY_ASSIGNED_CONTEXT((#19041)) 
GLOBAL_UNIT_ASSIGNED_CONTEXT((#19038,#19039,#19040)) 
REPRESENTATION_CONTEXT('Context #1',
  '3D Context with UNIT and UNCERTAINTY') );
#19038 = ( LENGTH_UNIT() NAMED_UNIT(*) SI_UNIT(.MILLI.,.METRE.) );
#19039 = ( NAMED_UNIT(*) PLANE_ANGLE_UNIT() SI_UNIT($,.RADIAN.) );
#19040 = ( NAMED_UNIT(*) SI_UNIT($,.STERADIAN.) SOLID_ANGLE_UNIT() );
#19041 = UNCERTAINTY_MEASURE_WITH_UNIT(LENGTH_MEASURE(1.E-07),#19038,
  'distance_accuracy_value','confusion accuracy');
#19042 = CONTEXT_DEPENDENT_SHAPE_REPRESENTATION(#19043,#19045);
#19043 = ( REPRESENTATION_RELATIONSHIP('','',#18688,#10) 
REPRESENTATION_RELATIONSHIP_WITH_TRANSFORMATION(#19044) 
SHAPE_REPRESENTATION_RELATIONSHIP() );
#19044 = ITEM_DEFINED_TRANSFORMATION('','',#11,#95);
#19045 = PRODUCT_DEFINITION_SHAPE('Placement','Placement of an item',
  #19046);
#19046 = NEXT_ASSEMBLY_USAGE_OCCURRENCE('21','contact_18','',#5,#18683,$
  );
#19047 = PRODUCT_RELATED_PRODUCT_CATEGORY('part',$,(#18685));
#19048 = COLOUR_RGB('',0.0700,0.0700,0.0800);
#19049 = FILL_AREA_STYLE_COLOUR('',#19048);
#19050 = FILL_AREA_STYLE('',(#19049));
#19051 = SURFACE_STYLE_FILL_AREA(#19050);
#19052 = SURFACE_SIDE_STYLE('',(#19051));
#19053 = SURFACE_STYLE_USAGE(.BOTH.,#19052);
#19054 = PRESENTATION_STYLE_ASSIGNMENT((#19053));
#19055 = STYLED_ITEM('color',(#19054),#113);
#19056 = MECHANICAL_DESIGN_GEOMETRIC_PRESENTATION_REPRESENTATION('',(#19055),#9753);
#19057 = COLOUR_RGB('',0.7600,0.7600,0.7900);
#19058 = FILL_AREA_STYLE_COLOUR('',#19057);
#19059 = FILL_AREA_STYLE('',(#19058));
#19060 = SURFACE_STYLE_FILL_AREA(#19059);
#19061 = SURFACE_SIDE_STYLE('',(#19060));
#19062 = SURFACE_STYLE_USAGE(.BOTH.,#19061);
#19063 = PRESENTATION_STYLE_ASSIGNMENT((#19062));
#19064 = STYLED_ITEM('color',(#19063),#9772);
#19065 = MECHANICAL_DESIGN_GEOMETRIC_PRESENTATION_REPRESENTATION('',(#19064),#11092);
#19066 = COLOUR_RGB('',0.7600,0.7600,0.7900);
#19067 = FILL_AREA_STYLE_COLOUR('',#19066);
#19068 = FILL_AREA_STYLE('',(#19067));
#19069 = SURFACE_STYLE_FILL_AREA(#19068);
#19070 = SURFACE_SIDE_STYLE('',(#19069));
#19071 = SURFACE_STYLE_USAGE(.BOTH.,#19070);
#19072 = PRESENTATION_STYLE_ASSIGNMENT((#19071));
#19073 = STYLED_ITEM('color',(#19072),#11111);
#19074 = MECHANICAL_DESIGN_GEOMETRIC_PRESENTATION_REPRESENTATION('',(#19073),#12431);
#19075 = COLOUR_RGB('',0.8600,0.6600,0.2200);
#19076 = FILL_AREA_STYLE_COLOUR('',#19075);
#19077 = FILL_AREA_STYLE('',(#19076));
#19078 = SURFACE_STYLE_FILL_AREA(#19077);
#19079 = SURFACE_SIDE_STYLE('',(#19078));
#19080 = SURFACE_STYLE_USAGE(.BOTH.,#19079);
#19081 = PRESENTATION_STYLE_ASSIGNMENT((#19080));
#19082 = STYLED_ITEM('color',(#19081),#12450);
#19083 = MECHANICAL_DESIGN_GEOMETRIC_PRESENTATION_REPRESENTATION('',(#19082),#12798);
#19084 = COLOUR_RGB('',0.8600,0.6600,0.2200);
#19085 = FILL_AREA_STYLE_COLOUR('',#19084);
#19086 = FILL_AREA_STYLE('',(#19085));
#19087 = SURFACE_STYLE_FILL_AREA(#19086);
#19088 = SURFACE_SIDE_STYLE('',(#19087));
#19089 = SURFACE_STYLE_USAGE(.BOTH.,#19088);
#19090 = PRESENTATION_STYLE_ASSIGNMENT((#19089));
#19091 = STYLED_ITEM('color',(#19090),#12817);
#19092 = MECHANICAL_DESIGN_GEOMETRIC_PRESENTATION_REPRESENTATION('',(#19091),#13165);
#19093 = COLOUR_RGB('',0.8600,0.6600,0.2200);
#19094 = FILL_AREA_STYLE_COLOUR('',#19093);
#19095 = FILL_AREA_STYLE('',(#19094));
#19096 = SURFACE_STYLE_FILL_AREA(#19095);
#19097 = SURFACE_SIDE_STYLE('',(#19096));
#19098 = SURFACE_STYLE_USAGE(.BOTH.,#19097);
#19099 = PRESENTATION_STYLE_ASSIGNMENT((#19098));
#19100 = STYLED_ITEM('color',(#19099),#13184);
#19101 = MECHANICAL_DESIGN_GEOMETRIC_PRESENTATION_REPRESENTATION('',(#19100),#13532);
#19102 = COLOUR_RGB('',0.8600,0.6600,0.2200);
#19103 = FILL_AREA_STYLE_COLOUR('',#19102);
#19104 = FILL_AREA_STYLE('',(#19103));
#19105 = SURFACE_STYLE_FILL_AREA(#19104);
#19106 = SURFACE_SIDE_STYLE('',(#19105));
#19107 = SURFACE_STYLE_USAGE(.BOTH.,#19106);
#19108 = PRESENTATION_STYLE_ASSIGNMENT((#19107));
#19109 = STYLED_ITEM('color',(#19108),#13551);
#19110 = MECHANICAL_DESIGN_GEOMETRIC_PRESENTATION_REPRESENTATION('',(#19109),#13899);
#19111 = COLOUR_RGB('',0.8600,0.6600,0.2200);
#19112 = FILL_AREA_STYLE_COLOUR('',#19111);
#19113 = FILL_AREA_STYLE('',(#19112));
#19114 = SURFACE_STYLE_FILL_AREA(#19113);
#19115 = SURFACE_SIDE_STYLE('',(#19114));
#19116 = SURFACE_STYLE_USAGE(.BOTH.,#19115);
#19117 = PRESENTATION_STYLE_ASSIGNMENT((#19116));
#19118 = STYLED_ITEM('color',(#19117),#13918);
#19119 = MECHANICAL_DESIGN_GEOMETRIC_PRESENTATION_REPRESENTATION('',(#19118),#14266);
#19120 = COLOUR_RGB('',0.8600,0.6600,0.2200);
#19121 = FILL_AREA_STYLE_COLOUR('',#19120);
#19122 = FILL_AREA_STYLE('',(#19121));
#19123 = SURFACE_STYLE_FILL_AREA(#19122);
#19124 = SURFACE_SIDE_STYLE('',(#19123));
#19125 = SURFACE_STYLE_USAGE(.BOTH.,#19124);
#19126 = PRESENTATION_STYLE_ASSIGNMENT((#19125));
#19127 = STYLED_ITEM('color',(#19126),#14285);
#19128 = MECHANICAL_DESIGN_GEOMETRIC_PRESENTATION_REPRESENTATION('',(#19127),#14633);
#19129 = COLOUR_RGB('',0.8600,0.6600,0.2200);
#19130 = FILL_AREA_STYLE_COLOUR('',#19129);
#19131 = FILL_AREA_STYLE('',(#19130));
#19132 = SURFACE_STYLE_FILL_AREA(#19131);
#19133 = SURFACE_SIDE_STYLE('',(#19132));
#19134 = SURFACE_STYLE_USAGE(.BOTH.,#19133);
#19135 = PRESENTATION_STYLE_ASSIGNMENT((#19134));
#19136 = STYLED_ITEM('color',(#19135),#14652);
#19137 = MECHANICAL_DESIGN_GEOMETRIC_PRESENTATION_REPRESENTATION('',(#19136),#15000);
#19138 = COLOUR_RGB('',0.8600,0.6600,0.2200);
#19139 = FILL_AREA_STYLE_COLOUR('',#19138);
#19140 = FILL_AREA_STYLE('',(#19139));
#19141 = SURFACE_STYLE_FILL_AREA(#19140);
#19142 = SURFACE_SIDE_STYLE('',(#19141));
#19143 = SURFACE_STYLE_USAGE(.BOTH.,#19142);
#19144 = PRESENTATION_STYLE_ASSIGNMENT((#19143));
#19145 = STYLED_ITEM('color',(#19144),#15019);
#19146 = MECHANICAL_DESIGN_GEOMETRIC_PRESENTATION_REPRESENTATION('',(#19145),#15367);
#19147 = COLOUR_RGB('',0.8600,0.6600,0.2200);
#19148 = FILL_AREA_STYLE_COLOUR('',#19147);
#19149 = FILL_AREA_STYLE('',(#19148));
#19150 = SURFACE_STYLE_FILL_AREA(#19149);
#19151 = SURFACE_SIDE_STYLE('',(#19150));
#19152 = SURFACE_STYLE_USAGE(.BOTH.,#19151);
#19153 = PRESENTATION_STYLE_ASSIGNMENT((#19152));
#19154 = STYLED_ITEM('color',(#19153),#15386);
#19155 = MECHANICAL_DESIGN_GEOMETRIC_PRESENTATION_REPRESENTATION('',(#19154),#15734);
#19156 = COLOUR_RGB('',0.8600,0.6600,0.2200);
#19157 = FILL_AREA_STYLE_COLOUR('',#19156);
#19158 = FILL_AREA_STYLE('',(#19157));
#19159 = SURFACE_STYLE_FILL_AREA(#19158);
#19160 = SURFACE_SIDE_STYLE('',(#19159));
#19161 = SURFACE_STYLE_USAGE(.BOTH.,#19160);
#19162 = PRESENTATION_STYLE_ASSIGNMENT((#19161));
#19163 = STYLED_ITEM('color',(#19162),#15753);
#19164 = MECHANICAL_DESIGN_GEOMETRIC_PRESENTATION_REPRESENTATION('',(#19163),#16101);
#19165 = COLOUR_RGB('',0.8600,0.6600,0.2200);
#19166 = FILL_AREA_STYLE_COLOUR('',#19165);
#19167 = FILL_AREA_STYLE('',(#19166));
#19168 = SURFACE_STYLE_FILL_AREA(#19167);
#19169 = SURFACE_SIDE_STYLE('',(#19168));
#19170 = SURFACE_STYLE_USAGE(.BOTH.,#19169);
#19171 = PRESENTATION_STYLE_ASSIGNMENT((#19170));
#19172 = STYLED_ITEM('color',(#19171),#16120);
#19173 = MECHANICAL_DESIGN_GEOMETRIC_PRESENTATION_REPRESENTATION('',(#19172),#16468);
#19174 = COLOUR_RGB('',0.8600,0.6600,0.2200);
#19175 = FILL_AREA_STYLE_COLOUR('',#19174);
#19176 = FILL_AREA_STYLE('',(#19175));
#19177 = SURFACE_STYLE_FILL_AREA(#19176);
#19178 = SURFACE_SIDE_STYLE('',(#19177));
#19179 = SURFACE_STYLE_USAGE(.BOTH.,#19178);
#19180 = PRESENTATION_STYLE_ASSIGNMENT((#19179));
#19181 = STYLED_ITEM('color',(#19180),#16487);
#19182 = MECHANICAL_DESIGN_GEOMETRIC_PRESENTATION_REPRESENTATION('',(#19181),#16835);
#19183 = COLOUR_RGB('',0.8600,0.6600,0.2200);
#19184 = FILL_AREA_STYLE_COLOUR('',#19183);
#19185 = FILL_AREA_STYLE('',(#19184));
#19186 = SURFACE_STYLE_FILL_AREA(#19185);
#19187 = SURFACE_SIDE_STYLE('',(#19186));
#19188 = SURFACE_STYLE_USAGE(.BOTH.,#19187);
#19189 = PRESENTATION_STYLE_ASSIGNMENT((#19188));
#19190 = STYLED_ITEM('color',(#19189),#16854);
#19191 = MECHANICAL_DESIGN_GEOMETRIC_PRESENTATION_REPRESENTATION('',(#19190),#17202);
#19192 = COLOUR_RGB('',0.8600,0.6600,0.2200);
#19193 = FILL_AREA_STYLE_COLOUR('',#19192);
#19194 = FILL_AREA_STYLE('',(#19193));
#19195 = SURFACE_STYLE_FILL_AREA(#19194);
#19196 = SURFACE_SIDE_STYLE('',(#19195));
#19197 = SURFACE_STYLE_USAGE(.BOTH.,#19196);
#19198 = PRESENTATION_STYLE_ASSIGNMENT((#19197));
#19199 = STYLED_ITEM('color',(#19198),#17221);
#19200 = MECHANICAL_DESIGN_GEOMETRIC_PRESENTATION_REPRESENTATION('',(#19199),#17569);
#19201 = COLOUR_RGB('',0.8600,0.6600,0.2200);
#19202 = FILL_AREA_STYLE_COLOUR('',#19201);
#19203 = FILL_AREA_STYLE('',(#19202));
#19204 = SURFACE_STYLE_FILL_AREA(#19203);
#19205 = SURFACE_SIDE_STYLE('',(#19204));
#19206 = SURFACE_STYLE_USAGE(.BOTH.,#19205);
#19207 = PRESENTATION_STYLE_ASSIGNMENT((#19206));
#19208 = STYLED_ITEM('color',(#19207),#17588);
#19209 = MECHANICAL_DESIGN_GEOMETRIC_PRESENTATION_REPRESENTATION('',(#19208),#17936);
#19210 = COLOUR_RGB('',0.8600,0.6600,0.2200);
#19211 = FILL_AREA_STYLE_COLOUR('',#19210);
#19212 = FILL_AREA_STYLE('',(#19211));
#19213 = SURFACE_STYLE_FILL_AREA(#19212);
#19214 = SURFACE_SIDE_STYLE('',(#19213));
#19215 = SURFACE_STYLE_USAGE(.BOTH.,#19214);
#19216 = PRESENTATION_STYLE_ASSIGNMENT((#19215));
#19217 = STYLED_ITEM('color',(#19216),#17955);
#19218 = MECHANICAL_DESIGN_GEOMETRIC_PRESENTATION_REPRESENTATION('',(#19217),#18303);
#19219 = COLOUR_RGB('',0.8600,0.6600,0.2200);
#19220 = FILL_AREA_STYLE_COLOUR('',#19219);
#19221 = FILL_AREA_STYLE('',(#19220));
#19222 = SURFACE_STYLE_FILL_AREA(#19221);
#19223 = SURFACE_SIDE_STYLE('',(#19222));
#19224 = SURFACE_STYLE_USAGE(.BOTH.,#19223);
#19225 = PRESENTATION_STYLE_ASSIGNMENT((#19224));
#19226 = STYLED_ITEM('color',(#19225),#18322);
#19227 = MECHANICAL_DESIGN_GEOMETRIC_PRESENTATION_REPRESENTATION('',(#19226),#18670);
#19228 = COLOUR_RGB('',0.8600,0.6600,0.2200);
#19229 = FILL_AREA_STYLE_COLOUR('',#19228);
#19230 = FILL_AREA_STYLE('',(#19229));
#19231 = SURFACE_STYLE_FILL_AREA(#19230);
#19232 = SURFACE_SIDE_STYLE('',(#19231));
#19233 = SURFACE_STYLE_USAGE(.BOTH.,#19232);
#19234 = PRESENTATION_STYLE_ASSIGNMENT((#19233));
#19235 = STYLED_ITEM('color',(#19234),#18689);
#19236 = MECHANICAL_DESIGN_GEOMETRIC_PRESENTATION_REPRESENTATION('',(#19235),#19037);
ENDSEC;
END-ISO-10303-21;
