ISO-10303-21;
HEADER;
FILE_DESCRIPTION(('FreeCAD Model'),'2;1');
FILE_NAME('AA36D-S010VA1_receptacle.step','2026-10-02T00:00:00',('Author'),(
    ''),'Open CASCADE STEP processor 7.9','FreeCAD','Unknown');
FILE_SCHEMA(('AUTOMOTIVE_DESIGN { 1 0 10303 214 1 1 1 1 }'));
ENDSEC;
DATA;
#1 = APPLICATION_PROTOCOL_DEFINITION('international standard',
  'automotive_design',2000,#2);
#2 = APPLICATION_CONTEXT(
  'core data for automotive mechanical design processes');
#3 = SHAPE_DEFINITION_REPRESENTATION(#4,#10);
#4 = PRODUCT_DEFINITION_SHAPE('','',#5);
#5 = PRODUCT_DEFINITION('design','',#6,#9);
#6 = PRODUCT_DEFINITION_FORMATION('','',#7);
#7 = PRODUCT('AA36D_S010VA1_receptacle','AA36D_S010VA1_receptacle','',(
    #8));
#8 = PRODUCT_CONTEXT('',#2,'mechanical');
#9 = PRODUCT_DEFINITION_CONTEXT('part definition',#2,'design');
#10 = SHAPE_REPRESENTATION('',(#11,#15,#19,#23,#27,#31,#35,#39,#43,#47,
    #51,#55,#59,#63,#67,#71,#75,#79),#83);
#11 = AXIS2_PLACEMENT_3D('',#12,#13,#14);
#12 = CARTESIAN_POINT('',(0.,0.,0.));
#13 = DIRECTION('',(0.,0.,1.));
#14 = DIRECTION('',(1.,0.,-0.));
#15 = AXIS2_PLACEMENT_3D('',#16,#17,#18);
#16 = CARTESIAN_POINT('',(0.,0.,0.));
#17 = DIRECTION('',(0.,0.,1.));
#18 = DIRECTION('',(1.,0.,0.));
#19 = AXIS2_PLACEMENT_3D('',#20,#21,#22);
#20 = CARTESIAN_POINT('',(0.,0.,0.));
#21 = DIRECTION('',(0.,0.,1.));
#22 = DIRECTION('',(1.,0.,0.));
#23 = AXIS2_PLACEMENT_3D('',#24,#25,#26);
#24 = CARTESIAN_POINT('',(0.,0.,0.));
#25 = DIRECTION('',(0.,0.,1.));
#26 = DIRECTION('',(1.,0.,0.));
#27 = AXIS2_PLACEMENT_3D('',#28,#29,#30);
#28 = CARTESIAN_POINT('',(0.,0.,0.));
#29 = DIRECTION('',(0.,0.,1.));
#30 = DIRECTION('',(1.,0.,0.));
#31 = AXIS2_PLACEMENT_3D('',#32,#33,#34);
#32 = CARTESIAN_POINT('',(0.,0.,0.));
#33 = DIRECTION('',(0.,0.,1.));
#34 = DIRECTION('',(1.,0.,0.));
#35 = AXIS2_PLACEMENT_3D('',#36,#37,#38);
#36 = CARTESIAN_POINT('',(0.,0.,0.));
#37 = DIRECTION('',(0.,0.,1.));
#38 = DIRECTION('',(1.,0.,0.));
#39 = AXIS2_PLACEMENT_3D('',#40,#41,#42);
#40 = CARTESIAN_POINT('',(0.,0.,0.));
#41 = DIRECTION('',(0.,0.,1.));
#42 = DIRECTION('',(1.,0.,0.));
#43 = AXIS2_PLACEMENT_3D('',#44,#45,#46);
#44 = CARTESIAN_POINT('',(0.,0.,0.));
#45 = DIRECTION('',(0.,0.,1.));
#46 = DIRECTION('',(1.,0.,0.));
#47 = AXIS2_PLACEMENT_3D('',#48,#49,#50);
#48 = CARTESIAN_POINT('',(0.,0.,0.));
#49 = DIRECTION('',(0.,0.,1.));
#50 = DIRECTION('',(1.,0.,0.));
#51 = AXIS2_PLACEMENT_3D('',#52,#53,#54);
#52 = CARTESIAN_POINT('',(0.,0.,0.));
#53 = DIRECTION('',(0.,0.,1.));
#54 = DIRECTION('',(1.,0.,0.));
#55 = AXIS2_PLACEMENT_3D('',#56,#57,#58);
#56 = CARTESIAN_POINT('',(0.,0.,0.));
#57 = DIRECTION('',(0.,0.,1.));
#58 = DIRECTION('',(1.,0.,0.));
#59 = AXIS2_PLACEMENT_3D('',#60,#61,#62);
#60 = CARTESIAN_POINT('',(0.,0.,0.));
#61 = DIRECTION('',(0.,0.,1.));
#62 = DIRECTION('',(1.,0.,0.));
#63 = AXIS2_PLACEMENT_3D('',#64,#65,#66);
#64 = CARTESIAN_POINT('',(0.,0.,0.));
#65 = DIRECTION('',(0.,0.,1.));
#66 = DIRECTION('',(1.,0.,0.));
#67 = AXIS2_PLACEMENT_3D('',#68,#69,#70);
#68 = CARTESIAN_POINT('',(0.,0.,0.));
#69 = DIRECTION('',(0.,0.,1.));
#70 = DIRECTION('',(1.,0.,0.));
#71 = AXIS2_PLACEMENT_3D('',#72,#73,#74);
#72 = CARTESIAN_POINT('',(0.,0.,0.));
#73 = DIRECTION('',(0.,0.,1.));
#74 = DIRECTION('',(1.,0.,0.));
#75 = AXIS2_PLACEMENT_3D('',#76,#77,#78);
#76 = CARTESIAN_POINT('',(0.,0.,0.));
#77 = DIRECTION('',(0.,0.,1.));
#78 = DIRECTION('',(1.,0.,0.));
#79 = AXIS2_PLACEMENT_3D('',#80,#81,#82);
#80 = CARTESIAN_POINT('',(0.,0.,0.));
#81 = DIRECTION('',(0.,0.,1.));
#82 = DIRECTION('',(1.,0.,0.));
#83 = ( GEOMETRIC_REPRESENTATION_CONTEXT(3) 
GLOBAL_UNCERTAINTY_ASSIGNED_CONTEXT((#87)) GLOBAL_UNIT_ASSIGNED_CONTEXT(
(#84,#85,#86)) REPRESENTATION_CONTEXT('Context #1',
  '3D Context with UNIT and UNCERTAINTY') );
#84 = ( LENGTH_UNIT() NAMED_UNIT(*) SI_UNIT(.MILLI.,.METRE.) );
#85 = ( NAMED_UNIT(*) PLANE_ANGLE_UNIT() SI_UNIT($,.RADIAN.) );
#86 = ( NAMED_UNIT(*) SI_UNIT($,.STERADIAN.) SOLID_ANGLE_UNIT() );
#87 = UNCERTAINTY_MEASURE_WITH_UNIT(LENGTH_MEASURE(1.E-07),#84,
  'distance_accuracy_value','confusion accuracy');
#88 = PRODUCT_RELATED_PRODUCT_CATEGORY('part',$,(#7));
#89 = SHAPE_DEFINITION_REPRESENTATION(#90,#96);
#90 = PRODUCT_DEFINITION_SHAPE('','',#91);
#91 = PRODUCT_DEFINITION('design','',#92,#95);
#92 = PRODUCT_DEFINITION_FORMATION('','',#93);
#93 = PRODUCT('rec_housing','rec_housing','',(#94));
#94 = PRODUCT_CONTEXT('',#2,'mechanical');
#95 = PRODUCT_DEFINITION_CONTEXT('part definition',#2,'design');
#96 = ADVANCED_BREP_SHAPE_REPRESENTATION('',(#11,#97),#4928);
#97 = MANIFOLD_SOLID_BREP('',#98);
#98 = CLOSED_SHELL('',(#99,#139,#746,#770,#794,#843,#867,#891,#954,#978,
    #1195,#1243,#1267,#1308,#1356,#1380,#1421,#1469,#1493,#1534,#1582,
    #1606,#1647,#1695,#1719,#1760,#1808,#1832,#1873,#1921,#1945,#1986,
    #2010,#2082,#2106,#2130,#2177,#2201,#2225,#2288,#2312,#2529,#2577,
    #2601,#2642,#2690,#2714,#2755,#2803,#2827,#2868,#2916,#2940,#2981,
    #3029,#3053,#3094,#3142,#3166,#3207,#3255,#3279,#3320,#3344,#3395,
    #3428,#3440,#3457,#3474,#3514,#3531,#3548,#3565,#3582,#3599,#3616,
    #3633,#3650,#3667,#3679,#3733,#3864,#3876,#3893,#3905,#3922,#3934,
    #3951,#3963,#3980,#3992,#4009,#4021,#4038,#4050,#4097,#4109,#4142,
    #4159,#4171,#4188,#4205,#4256,#4273,#4290,#4302,#4319,#4336,#4353,
    #4370,#4387,#4404,#4421,#4545,#4557,#4574,#4586,#4603,#4615,#4632,
    #4644,#4661,#4673,#4690,#4702,#4719,#4731,#4748,#4770,#4803,#4820,
    #4853,#4870,#4882,#4894,#4919));
#99 = ADVANCED_FACE('',(#100),#134,.F.);
#100 = FACE_BOUND('',#101,.F.);
#101 = EDGE_LOOP('',(#102,#112,#120,#128));
#102 = ORIENTED_EDGE('',*,*,#103,.F.);
#103 = EDGE_CURVE('',#104,#106,#108,.T.);
#104 = VERTEX_POINT('',#105);
#105 = CARTESIAN_POINT('',(-2.65,-0.94,0.));
#106 = VERTEX_POINT('',#107);
#107 = CARTESIAN_POINT('',(-2.56,-0.94,0.));
#108 = LINE('',#109,#110);
#109 = CARTESIAN_POINT('',(-2.73,-0.94,0.));
#110 = VECTOR('',#111,1.);
#111 = DIRECTION('',(1.,0.,-0.));
#112 = ORIENTED_EDGE('',*,*,#113,.T.);
#113 = EDGE_CURVE('',#104,#114,#116,.T.);
#114 = VERTEX_POINT('',#115);
#115 = CARTESIAN_POINT('',(-2.65,-0.94,8.E-02));
#116 = LINE('',#117,#118);
#117 = CARTESIAN_POINT('',(-2.65,-0.94,0.));
#118 = VECTOR('',#119,1.);
#119 = DIRECTION('',(0.,0.,1.));
#120 = ORIENTED_EDGE('',*,*,#121,.T.);
#121 = EDGE_CURVE('',#114,#122,#124,.T.);
#122 = VERTEX_POINT('',#123);
#123 = CARTESIAN_POINT('',(-2.56,-0.94,8.E-02));
#124 = LINE('',#125,#126);
#125 = CARTESIAN_POINT('',(-2.73,-0.94,8.E-02));
#126 = VECTOR('',#127,1.);
#127 = DIRECTION('',(1.,0.,-0.));
#128 = ORIENTED_EDGE('',*,*,#129,.T.);
#129 = EDGE_CURVE('',#122,#106,#130,.T.);
#130 = LINE('',#131,#132);
#131 = CARTESIAN_POINT('',(-2.56,-0.94,0.));
#132 = VECTOR('',#133,1.);
#133 = DIRECTION('',(-0.,0.,-1.));
#134 = PLANE('',#135);
#135 = AXIS2_PLACEMENT_3D('',#136,#137,#138);
#136 = CARTESIAN_POINT('',(-2.73,-0.94,0.));
#137 = DIRECTION('',(-0.,1.,0.));
#138 = DIRECTION('',(0.,0.,1.));
#139 = ADVANCED_FACE('',(#140),#741,.F.);
#140 = FACE_BOUND('',#141,.F.);
#141 = EDGE_LOOP('',(#142,#150,#151,#159,#167,#175,#183,#191,#199,#207,
    #215,#223,#231,#239,#247,#255,#263,#271,#279,#287,#295,#303,#311,
    #319,#327,#335,#343,#351,#359,#367,#375,#383,#391,#399,#407,#415,
    #423,#431,#439,#447,#455,#463,#471,#479,#487,#495,#503,#511,#519,
    #527,#535,#543,#551,#559,#567,#575,#583,#591,#599,#607,#615,#623,
    #631,#639,#647,#655,#663,#671,#679,#687,#695,#703,#711,#719,#727,
    #735));
#142 = ORIENTED_EDGE('',*,*,#143,.F.);
#143 = EDGE_CURVE('',#104,#144,#146,.T.);
#144 = VERTEX_POINT('',#145);
#145 = CARTESIAN_POINT('',(-2.65,0.94,0.));
#146 = LINE('',#147,#148);
#147 = CARTESIAN_POINT('',(-2.65,-0.94,0.));
#148 = VECTOR('',#149,1.);
#149 = DIRECTION('',(-0.,1.,0.));
#150 = ORIENTED_EDGE('',*,*,#103,.T.);
#151 = ORIENTED_EDGE('',*,*,#152,.T.);
#152 = EDGE_CURVE('',#106,#153,#155,.T.);
#153 = VERTEX_POINT('',#154);
#154 = CARTESIAN_POINT('',(-2.56,-0.86,0.));
#155 = LINE('',#156,#157);
#156 = CARTESIAN_POINT('',(-2.56,-1.04,0.));
#157 = VECTOR('',#158,1.);
#158 = DIRECTION('',(-0.,1.,0.));
#159 = ORIENTED_EDGE('',*,*,#160,.T.);
#160 = EDGE_CURVE('',#153,#161,#163,.T.);
#161 = VERTEX_POINT('',#162);
#162 = CARTESIAN_POINT('',(-1.96,-0.86,0.));
#163 = LINE('',#164,#165);
#164 = CARTESIAN_POINT('',(-2.56,-0.86,0.));
#165 = VECTOR('',#166,1.);
#166 = DIRECTION('',(1.,0.,-0.));
#167 = ORIENTED_EDGE('',*,*,#168,.F.);
#168 = EDGE_CURVE('',#169,#161,#171,.T.);
#169 = VERTEX_POINT('',#170);
#170 = CARTESIAN_POINT('',(-1.96,-0.94,0.));
#171 = LINE('',#172,#173);
#172 = CARTESIAN_POINT('',(-1.96,-1.04,0.));
#173 = VECTOR('',#174,1.);
#174 = DIRECTION('',(-0.,1.,0.));
#175 = ORIENTED_EDGE('',*,*,#176,.T.);
#176 = EDGE_CURVE('',#169,#177,#179,.T.);
#177 = VERTEX_POINT('',#178);
#178 = CARTESIAN_POINT('',(-1.35,-0.94,0.));
#179 = LINE('',#180,#181);
#180 = CARTESIAN_POINT('',(-2.73,-0.94,0.));
#181 = VECTOR('',#182,1.);
#182 = DIRECTION('',(1.,0.,-0.));
#183 = ORIENTED_EDGE('',*,*,#184,.T.);
#184 = EDGE_CURVE('',#177,#185,#187,.T.);
#185 = VERTEX_POINT('',#186);
#186 = CARTESIAN_POINT('',(-1.35,-0.5,0.));
#187 = LINE('',#188,#189);
#188 = CARTESIAN_POINT('',(-1.35,-0.53,0.));
#189 = VECTOR('',#190,1.);
#190 = DIRECTION('',(-0.,1.,0.));
#191 = ORIENTED_EDGE('',*,*,#192,.T.);
#192 = EDGE_CURVE('',#185,#193,#195,.T.);
#193 = VERTEX_POINT('',#194);
#194 = CARTESIAN_POINT('',(-1.05,-0.5,0.));
#195 = LINE('',#196,#197);
#196 = CARTESIAN_POINT('',(-1.35,-0.5,0.));
#197 = VECTOR('',#198,1.);
#198 = DIRECTION('',(1.,0.,-0.));
#199 = ORIENTED_EDGE('',*,*,#200,.F.);
#200 = EDGE_CURVE('',#201,#193,#203,.T.);
#201 = VERTEX_POINT('',#202);
#202 = CARTESIAN_POINT('',(-1.05,-0.94,0.));
#203 = LINE('',#204,#205);
#204 = CARTESIAN_POINT('',(-1.05,-0.53,0.));
#205 = VECTOR('',#206,1.);
#206 = DIRECTION('',(-0.,1.,0.));
#207 = ORIENTED_EDGE('',*,*,#208,.T.);
#208 = EDGE_CURVE('',#201,#209,#211,.T.);
#209 = VERTEX_POINT('',#210);
#210 = CARTESIAN_POINT('',(-0.76,-0.94,0.));
#211 = LINE('',#212,#213);
#212 = CARTESIAN_POINT('',(-2.73,-0.94,0.));
#213 = VECTOR('',#214,1.);
#214 = DIRECTION('',(1.,0.,-0.));
#215 = ORIENTED_EDGE('',*,*,#216,.T.);
#216 = EDGE_CURVE('',#209,#217,#219,.T.);
#217 = VERTEX_POINT('',#218);
#218 = CARTESIAN_POINT('',(-0.76,-0.5,0.));
#219 = LINE('',#220,#221);
#220 = CARTESIAN_POINT('',(-0.76,-0.53,0.));
#221 = VECTOR('',#222,1.);
#222 = DIRECTION('',(-0.,1.,0.));
#223 = ORIENTED_EDGE('',*,*,#224,.T.);
#224 = EDGE_CURVE('',#217,#225,#227,.T.);
#225 = VERTEX_POINT('',#226);
#226 = CARTESIAN_POINT('',(-0.64,-0.5,0.));
#227 = LINE('',#228,#229);
#228 = CARTESIAN_POINT('',(-0.76,-0.5,0.));
#229 = VECTOR('',#230,1.);
#230 = DIRECTION('',(1.,0.,-0.));
#231 = ORIENTED_EDGE('',*,*,#232,.F.);
#232 = EDGE_CURVE('',#233,#225,#235,.T.);
#233 = VERTEX_POINT('',#234);
#234 = CARTESIAN_POINT('',(-0.64,-0.94,0.));
#235 = LINE('',#236,#237);
#236 = CARTESIAN_POINT('',(-0.64,-0.53,0.));
#237 = VECTOR('',#238,1.);
#238 = DIRECTION('',(-0.,1.,0.));
#239 = ORIENTED_EDGE('',*,*,#240,.T.);
#240 = EDGE_CURVE('',#233,#241,#243,.T.);
#241 = VERTEX_POINT('',#242);
#242 = CARTESIAN_POINT('',(-0.41,-0.94,0.));
#243 = LINE('',#244,#245);
#244 = CARTESIAN_POINT('',(-2.73,-0.94,0.));
#245 = VECTOR('',#246,1.);
#246 = DIRECTION('',(1.,0.,-0.));
#247 = ORIENTED_EDGE('',*,*,#248,.T.);
#248 = EDGE_CURVE('',#241,#249,#251,.T.);
#249 = VERTEX_POINT('',#250);
#250 = CARTESIAN_POINT('',(-0.41,-0.5,0.));
#251 = LINE('',#252,#253);
#252 = CARTESIAN_POINT('',(-0.41,-0.53,0.));
#253 = VECTOR('',#254,1.);
#254 = DIRECTION('',(-0.,1.,0.));
#255 = ORIENTED_EDGE('',*,*,#256,.T.);
#256 = EDGE_CURVE('',#249,#257,#259,.T.);
#257 = VERTEX_POINT('',#258);
#258 = CARTESIAN_POINT('',(-0.29,-0.5,0.));
#259 = LINE('',#260,#261);
#260 = CARTESIAN_POINT('',(-0.41,-0.5,0.));
#261 = VECTOR('',#262,1.);
#262 = DIRECTION('',(1.,0.,-0.));
#263 = ORIENTED_EDGE('',*,*,#264,.F.);
#264 = EDGE_CURVE('',#265,#257,#267,.T.);
#265 = VERTEX_POINT('',#266);
#266 = CARTESIAN_POINT('',(-0.29,-0.94,0.));
#267 = LINE('',#268,#269);
#268 = CARTESIAN_POINT('',(-0.29,-0.53,0.));
#269 = VECTOR('',#270,1.);
#270 = DIRECTION('',(-0.,1.,0.));
#271 = ORIENTED_EDGE('',*,*,#272,.T.);
#272 = EDGE_CURVE('',#265,#273,#275,.T.);
#273 = VERTEX_POINT('',#274);
#274 = CARTESIAN_POINT('',(-6.E-02,-0.94,0.));
#275 = LINE('',#276,#277);
#276 = CARTESIAN_POINT('',(-2.73,-0.94,0.));
#277 = VECTOR('',#278,1.);
#278 = DIRECTION('',(1.,0.,-0.));
#279 = ORIENTED_EDGE('',*,*,#280,.T.);
#280 = EDGE_CURVE('',#273,#281,#283,.T.);
#281 = VERTEX_POINT('',#282);
#282 = CARTESIAN_POINT('',(-6.E-02,-0.5,0.));
#283 = LINE('',#284,#285);
#284 = CARTESIAN_POINT('',(-6.E-02,-0.53,0.));
#285 = VECTOR('',#286,1.);
#286 = DIRECTION('',(-0.,1.,0.));
#287 = ORIENTED_EDGE('',*,*,#288,.T.);
#288 = EDGE_CURVE('',#281,#289,#291,.T.);
#289 = VERTEX_POINT('',#290);
#290 = CARTESIAN_POINT('',(6.E-02,-0.5,0.));
#291 = LINE('',#292,#293);
#292 = CARTESIAN_POINT('',(-6.E-02,-0.5,0.));
#293 = VECTOR('',#294,1.);
#294 = DIRECTION('',(1.,0.,-0.));
#295 = ORIENTED_EDGE('',*,*,#296,.F.);
#296 = EDGE_CURVE('',#297,#289,#299,.T.);
#297 = VERTEX_POINT('',#298);
#298 = CARTESIAN_POINT('',(6.E-02,-0.94,0.));
#299 = LINE('',#300,#301);
#300 = CARTESIAN_POINT('',(6.E-02,-0.53,0.));
#301 = VECTOR('',#302,1.);
#302 = DIRECTION('',(-0.,1.,0.));
#303 = ORIENTED_EDGE('',*,*,#304,.T.);
#304 = EDGE_CURVE('',#297,#305,#307,.T.);
#305 = VERTEX_POINT('',#306);
#306 = CARTESIAN_POINT('',(0.29,-0.94,0.));
#307 = LINE('',#308,#309);
#308 = CARTESIAN_POINT('',(-2.73,-0.94,0.));
#309 = VECTOR('',#310,1.);
#310 = DIRECTION('',(1.,0.,-0.));
#311 = ORIENTED_EDGE('',*,*,#312,.T.);
#312 = EDGE_CURVE('',#305,#313,#315,.T.);
#313 = VERTEX_POINT('',#314);
#314 = CARTESIAN_POINT('',(0.29,-0.5,0.));
#315 = LINE('',#316,#317);
#316 = CARTESIAN_POINT('',(0.29,-0.53,0.));
#317 = VECTOR('',#318,1.);
#318 = DIRECTION('',(-0.,1.,0.));
#319 = ORIENTED_EDGE('',*,*,#320,.T.);
#320 = EDGE_CURVE('',#313,#321,#323,.T.);
#321 = VERTEX_POINT('',#322);
#322 = CARTESIAN_POINT('',(0.41,-0.5,0.));
#323 = LINE('',#324,#325);
#324 = CARTESIAN_POINT('',(0.29,-0.5,0.));
#325 = VECTOR('',#326,1.);
#326 = DIRECTION('',(1.,0.,-0.));
#327 = ORIENTED_EDGE('',*,*,#328,.F.);
#328 = EDGE_CURVE('',#329,#321,#331,.T.);
#329 = VERTEX_POINT('',#330);
#330 = CARTESIAN_POINT('',(0.41,-0.94,0.));
#331 = LINE('',#332,#333);
#332 = CARTESIAN_POINT('',(0.41,-0.53,0.));
#333 = VECTOR('',#334,1.);
#334 = DIRECTION('',(-0.,1.,0.));
#335 = ORIENTED_EDGE('',*,*,#336,.T.);
#336 = EDGE_CURVE('',#329,#337,#339,.T.);
#337 = VERTEX_POINT('',#338);
#338 = CARTESIAN_POINT('',(0.64,-0.94,0.));
#339 = LINE('',#340,#341);
#340 = CARTESIAN_POINT('',(-2.73,-0.94,0.));
#341 = VECTOR('',#342,1.);
#342 = DIRECTION('',(1.,0.,-0.));
#343 = ORIENTED_EDGE('',*,*,#344,.T.);
#344 = EDGE_CURVE('',#337,#345,#347,.T.);
#345 = VERTEX_POINT('',#346);
#346 = CARTESIAN_POINT('',(0.64,-0.5,0.));
#347 = LINE('',#348,#349);
#348 = CARTESIAN_POINT('',(0.64,-0.53,0.));
#349 = VECTOR('',#350,1.);
#350 = DIRECTION('',(-0.,1.,0.));
#351 = ORIENTED_EDGE('',*,*,#352,.T.);
#352 = EDGE_CURVE('',#345,#353,#355,.T.);
#353 = VERTEX_POINT('',#354);
#354 = CARTESIAN_POINT('',(0.76,-0.5,0.));
#355 = LINE('',#356,#357);
#356 = CARTESIAN_POINT('',(0.64,-0.5,0.));
#357 = VECTOR('',#358,1.);
#358 = DIRECTION('',(1.,0.,-0.));
#359 = ORIENTED_EDGE('',*,*,#360,.F.);
#360 = EDGE_CURVE('',#361,#353,#363,.T.);
#361 = VERTEX_POINT('',#362);
#362 = CARTESIAN_POINT('',(0.76,-0.94,0.));
#363 = LINE('',#364,#365);
#364 = CARTESIAN_POINT('',(0.76,-0.53,0.));
#365 = VECTOR('',#366,1.);
#366 = DIRECTION('',(-0.,1.,0.));
#367 = ORIENTED_EDGE('',*,*,#368,.T.);
#368 = EDGE_CURVE('',#361,#369,#371,.T.);
#369 = VERTEX_POINT('',#370);
#370 = CARTESIAN_POINT('',(1.05,-0.94,0.));
#371 = LINE('',#372,#373);
#372 = CARTESIAN_POINT('',(-2.73,-0.94,0.));
#373 = VECTOR('',#374,1.);
#374 = DIRECTION('',(1.,0.,-0.));
#375 = ORIENTED_EDGE('',*,*,#376,.T.);
#376 = EDGE_CURVE('',#369,#377,#379,.T.);
#377 = VERTEX_POINT('',#378);
#378 = CARTESIAN_POINT('',(1.05,-0.5,0.));
#379 = LINE('',#380,#381);
#380 = CARTESIAN_POINT('',(1.05,-0.53,0.));
#381 = VECTOR('',#382,1.);
#382 = DIRECTION('',(-0.,1.,0.));
#383 = ORIENTED_EDGE('',*,*,#384,.T.);
#384 = EDGE_CURVE('',#377,#385,#387,.T.);
#385 = VERTEX_POINT('',#386);
#386 = CARTESIAN_POINT('',(1.35,-0.5,0.));
#387 = LINE('',#388,#389);
#388 = CARTESIAN_POINT('',(1.05,-0.5,0.));
#389 = VECTOR('',#390,1.);
#390 = DIRECTION('',(1.,0.,-0.));
#391 = ORIENTED_EDGE('',*,*,#392,.F.);
#392 = EDGE_CURVE('',#393,#385,#395,.T.);
#393 = VERTEX_POINT('',#394);
#394 = CARTESIAN_POINT('',(1.35,-0.94,0.));
#395 = LINE('',#396,#397);
#396 = CARTESIAN_POINT('',(1.35,-0.53,0.));
#397 = VECTOR('',#398,1.);
#398 = DIRECTION('',(-0.,1.,0.));
#399 = ORIENTED_EDGE('',*,*,#400,.T.);
#400 = EDGE_CURVE('',#393,#401,#403,.T.);
#401 = VERTEX_POINT('',#402);
#402 = CARTESIAN_POINT('',(1.96,-0.94,0.));
#403 = LINE('',#404,#405);
#404 = CARTESIAN_POINT('',(-2.73,-0.94,0.));
#405 = VECTOR('',#406,1.);
#406 = DIRECTION('',(1.,0.,-0.));
#407 = ORIENTED_EDGE('',*,*,#408,.T.);
#408 = EDGE_CURVE('',#401,#409,#411,.T.);
#409 = VERTEX_POINT('',#410);
#410 = CARTESIAN_POINT('',(1.96,-0.86,0.));
#411 = LINE('',#412,#413);
#412 = CARTESIAN_POINT('',(1.96,-1.04,0.));
#413 = VECTOR('',#414,1.);
#414 = DIRECTION('',(-0.,1.,0.));
#415 = ORIENTED_EDGE('',*,*,#416,.T.);
#416 = EDGE_CURVE('',#409,#417,#419,.T.);
#417 = VERTEX_POINT('',#418);
#418 = CARTESIAN_POINT('',(2.56,-0.86,0.));
#419 = LINE('',#420,#421);
#420 = CARTESIAN_POINT('',(1.96,-0.86,0.));
#421 = VECTOR('',#422,1.);
#422 = DIRECTION('',(1.,0.,-0.));
#423 = ORIENTED_EDGE('',*,*,#424,.F.);
#424 = EDGE_CURVE('',#425,#417,#427,.T.);
#425 = VERTEX_POINT('',#426);
#426 = CARTESIAN_POINT('',(2.56,-0.94,0.));
#427 = LINE('',#428,#429);
#428 = CARTESIAN_POINT('',(2.56,-1.04,0.));
#429 = VECTOR('',#430,1.);
#430 = DIRECTION('',(-0.,1.,0.));
#431 = ORIENTED_EDGE('',*,*,#432,.T.);
#432 = EDGE_CURVE('',#425,#433,#435,.T.);
#433 = VERTEX_POINT('',#434);
#434 = CARTESIAN_POINT('',(2.65,-0.94,0.));
#435 = LINE('',#436,#437);
#436 = CARTESIAN_POINT('',(-2.73,-0.94,0.));
#437 = VECTOR('',#438,1.);
#438 = DIRECTION('',(1.,0.,-0.));
#439 = ORIENTED_EDGE('',*,*,#440,.T.);
#440 = EDGE_CURVE('',#433,#441,#443,.T.);
#441 = VERTEX_POINT('',#442);
#442 = CARTESIAN_POINT('',(2.65,0.94,0.));
#443 = LINE('',#444,#445);
#444 = CARTESIAN_POINT('',(2.65,-0.94,0.));
#445 = VECTOR('',#446,1.);
#446 = DIRECTION('',(-0.,1.,0.));
#447 = ORIENTED_EDGE('',*,*,#448,.F.);
#448 = EDGE_CURVE('',#449,#441,#451,.T.);
#449 = VERTEX_POINT('',#450);
#450 = CARTESIAN_POINT('',(2.56,0.94,0.));
#451 = LINE('',#452,#453);
#452 = CARTESIAN_POINT('',(-2.73,0.94,0.));
#453 = VECTOR('',#454,1.);
#454 = DIRECTION('',(1.,0.,-0.));
#455 = ORIENTED_EDGE('',*,*,#456,.F.);
#456 = EDGE_CURVE('',#457,#449,#459,.T.);
#457 = VERTEX_POINT('',#458);
#458 = CARTESIAN_POINT('',(2.56,0.86,0.));
#459 = LINE('',#460,#461);
#460 = CARTESIAN_POINT('',(2.56,0.86,0.));
#461 = VECTOR('',#462,1.);
#462 = DIRECTION('',(-0.,1.,0.));
#463 = ORIENTED_EDGE('',*,*,#464,.F.);
#464 = EDGE_CURVE('',#465,#457,#467,.T.);
#465 = VERTEX_POINT('',#466);
#466 = CARTESIAN_POINT('',(1.96,0.86,0.));
#467 = LINE('',#468,#469);
#468 = CARTESIAN_POINT('',(1.96,0.86,0.));
#469 = VECTOR('',#470,1.);
#470 = DIRECTION('',(1.,0.,-0.));
#471 = ORIENTED_EDGE('',*,*,#472,.T.);
#472 = EDGE_CURVE('',#465,#473,#475,.T.);
#473 = VERTEX_POINT('',#474);
#474 = CARTESIAN_POINT('',(1.96,0.94,0.));
#475 = LINE('',#476,#477);
#476 = CARTESIAN_POINT('',(1.96,0.86,0.));
#477 = VECTOR('',#478,1.);
#478 = DIRECTION('',(-0.,1.,0.));
#479 = ORIENTED_EDGE('',*,*,#480,.F.);
#480 = EDGE_CURVE('',#481,#473,#483,.T.);
#481 = VERTEX_POINT('',#482);
#482 = CARTESIAN_POINT('',(1.35,0.94,0.));
#483 = LINE('',#484,#485);
#484 = CARTESIAN_POINT('',(-2.73,0.94,0.));
#485 = VECTOR('',#486,1.);
#486 = DIRECTION('',(1.,0.,-0.));
#487 = ORIENTED_EDGE('',*,*,#488,.F.);
#488 = EDGE_CURVE('',#489,#481,#491,.T.);
#489 = VERTEX_POINT('',#490);
#490 = CARTESIAN_POINT('',(1.35,0.5,0.));
#491 = LINE('',#492,#493);
#492 = CARTESIAN_POINT('',(1.35,0.5,0.));
#493 = VECTOR('',#494,1.);
#494 = DIRECTION('',(-0.,1.,0.));
#495 = ORIENTED_EDGE('',*,*,#496,.F.);
#496 = EDGE_CURVE('',#497,#489,#499,.T.);
#497 = VERTEX_POINT('',#498);
#498 = CARTESIAN_POINT('',(1.05,0.5,0.));
#499 = LINE('',#500,#501);
#500 = CARTESIAN_POINT('',(1.05,0.5,0.));
#501 = VECTOR('',#502,1.);
#502 = DIRECTION('',(1.,0.,-0.));
#503 = ORIENTED_EDGE('',*,*,#504,.T.);
#504 = EDGE_CURVE('',#497,#505,#507,.T.);
#505 = VERTEX_POINT('',#506);
#506 = CARTESIAN_POINT('',(1.05,0.94,0.));
#507 = LINE('',#508,#509);
#508 = CARTESIAN_POINT('',(1.05,0.5,0.));
#509 = VECTOR('',#510,1.);
#510 = DIRECTION('',(-0.,1.,0.));
#511 = ORIENTED_EDGE('',*,*,#512,.F.);
#512 = EDGE_CURVE('',#513,#505,#515,.T.);
#513 = VERTEX_POINT('',#514);
#514 = CARTESIAN_POINT('',(0.76,0.94,0.));
#515 = LINE('',#516,#517);
#516 = CARTESIAN_POINT('',(-2.73,0.94,0.));
#517 = VECTOR('',#518,1.);
#518 = DIRECTION('',(1.,0.,-0.));
#519 = ORIENTED_EDGE('',*,*,#520,.F.);
#520 = EDGE_CURVE('',#521,#513,#523,.T.);
#521 = VERTEX_POINT('',#522);
#522 = CARTESIAN_POINT('',(0.76,0.5,0.));
#523 = LINE('',#524,#525);
#524 = CARTESIAN_POINT('',(0.76,0.5,0.));
#525 = VECTOR('',#526,1.);
#526 = DIRECTION('',(-0.,1.,0.));
#527 = ORIENTED_EDGE('',*,*,#528,.F.);
#528 = EDGE_CURVE('',#529,#521,#531,.T.);
#529 = VERTEX_POINT('',#530);
#530 = CARTESIAN_POINT('',(0.64,0.5,0.));
#531 = LINE('',#532,#533);
#532 = CARTESIAN_POINT('',(0.64,0.5,0.));
#533 = VECTOR('',#534,1.);
#534 = DIRECTION('',(1.,0.,-0.));
#535 = ORIENTED_EDGE('',*,*,#536,.T.);
#536 = EDGE_CURVE('',#529,#537,#539,.T.);
#537 = VERTEX_POINT('',#538);
#538 = CARTESIAN_POINT('',(0.64,0.94,0.));
#539 = LINE('',#540,#541);
#540 = CARTESIAN_POINT('',(0.64,0.5,0.));
#541 = VECTOR('',#542,1.);
#542 = DIRECTION('',(-0.,1.,0.));
#543 = ORIENTED_EDGE('',*,*,#544,.F.);
#544 = EDGE_CURVE('',#545,#537,#547,.T.);
#545 = VERTEX_POINT('',#546);
#546 = CARTESIAN_POINT('',(0.41,0.94,0.));
#547 = LINE('',#548,#549);
#548 = CARTESIAN_POINT('',(-2.73,0.94,0.));
#549 = VECTOR('',#550,1.);
#550 = DIRECTION('',(1.,0.,-0.));
#551 = ORIENTED_EDGE('',*,*,#552,.F.);
#552 = EDGE_CURVE('',#553,#545,#555,.T.);
#553 = VERTEX_POINT('',#554);
#554 = CARTESIAN_POINT('',(0.41,0.5,0.));
#555 = LINE('',#556,#557);
#556 = CARTESIAN_POINT('',(0.41,0.5,0.));
#557 = VECTOR('',#558,1.);
#558 = DIRECTION('',(-0.,1.,0.));
#559 = ORIENTED_EDGE('',*,*,#560,.F.);
#560 = EDGE_CURVE('',#561,#553,#563,.T.);
#561 = VERTEX_POINT('',#562);
#562 = CARTESIAN_POINT('',(0.29,0.5,0.));
#563 = LINE('',#564,#565);
#564 = CARTESIAN_POINT('',(0.29,0.5,0.));
#565 = VECTOR('',#566,1.);
#566 = DIRECTION('',(1.,0.,-0.));
#567 = ORIENTED_EDGE('',*,*,#568,.T.);
#568 = EDGE_CURVE('',#561,#569,#571,.T.);
#569 = VERTEX_POINT('',#570);
#570 = CARTESIAN_POINT('',(0.29,0.94,0.));
#571 = LINE('',#572,#573);
#572 = CARTESIAN_POINT('',(0.29,0.5,0.));
#573 = VECTOR('',#574,1.);
#574 = DIRECTION('',(-0.,1.,0.));
#575 = ORIENTED_EDGE('',*,*,#576,.F.);
#576 = EDGE_CURVE('',#577,#569,#579,.T.);
#577 = VERTEX_POINT('',#578);
#578 = CARTESIAN_POINT('',(6.E-02,0.94,0.));
#579 = LINE('',#580,#581);
#580 = CARTESIAN_POINT('',(-2.73,0.94,0.));
#581 = VECTOR('',#582,1.);
#582 = DIRECTION('',(1.,0.,-0.));
#583 = ORIENTED_EDGE('',*,*,#584,.F.);
#584 = EDGE_CURVE('',#585,#577,#587,.T.);
#585 = VERTEX_POINT('',#586);
#586 = CARTESIAN_POINT('',(6.E-02,0.5,0.));
#587 = LINE('',#588,#589);
#588 = CARTESIAN_POINT('',(6.E-02,0.5,0.));
#589 = VECTOR('',#590,1.);
#590 = DIRECTION('',(-0.,1.,0.));
#591 = ORIENTED_EDGE('',*,*,#592,.F.);
#592 = EDGE_CURVE('',#593,#585,#595,.T.);
#593 = VERTEX_POINT('',#594);
#594 = CARTESIAN_POINT('',(-6.E-02,0.5,0.));
#595 = LINE('',#596,#597);
#596 = CARTESIAN_POINT('',(-6.E-02,0.5,0.));
#597 = VECTOR('',#598,1.);
#598 = DIRECTION('',(1.,0.,-0.));
#599 = ORIENTED_EDGE('',*,*,#600,.T.);
#600 = EDGE_CURVE('',#593,#601,#603,.T.);
#601 = VERTEX_POINT('',#602);
#602 = CARTESIAN_POINT('',(-6.E-02,0.94,0.));
#603 = LINE('',#604,#605);
#604 = CARTESIAN_POINT('',(-6.E-02,0.5,0.));
#605 = VECTOR('',#606,1.);
#606 = DIRECTION('',(-0.,1.,0.));
#607 = ORIENTED_EDGE('',*,*,#608,.F.);
#608 = EDGE_CURVE('',#609,#601,#611,.T.);
#609 = VERTEX_POINT('',#610);
#610 = CARTESIAN_POINT('',(-0.29,0.94,0.));
#611 = LINE('',#612,#613);
#612 = CARTESIAN_POINT('',(-2.73,0.94,0.));
#613 = VECTOR('',#614,1.);
#614 = DIRECTION('',(1.,0.,-0.));
#615 = ORIENTED_EDGE('',*,*,#616,.F.);
#616 = EDGE_CURVE('',#617,#609,#619,.T.);
#617 = VERTEX_POINT('',#618);
#618 = CARTESIAN_POINT('',(-0.29,0.5,0.));
#619 = LINE('',#620,#621);
#620 = CARTESIAN_POINT('',(-0.29,0.5,0.));
#621 = VECTOR('',#622,1.);
#622 = DIRECTION('',(-0.,1.,0.));
#623 = ORIENTED_EDGE('',*,*,#624,.F.);
#624 = EDGE_CURVE('',#625,#617,#627,.T.);
#625 = VERTEX_POINT('',#626);
#626 = CARTESIAN_POINT('',(-0.41,0.5,0.));
#627 = LINE('',#628,#629);
#628 = CARTESIAN_POINT('',(-0.41,0.5,0.));
#629 = VECTOR('',#630,1.);
#630 = DIRECTION('',(1.,0.,-0.));
#631 = ORIENTED_EDGE('',*,*,#632,.T.);
#632 = EDGE_CURVE('',#625,#633,#635,.T.);
#633 = VERTEX_POINT('',#634);
#634 = CARTESIAN_POINT('',(-0.41,0.94,0.));
#635 = LINE('',#636,#637);
#636 = CARTESIAN_POINT('',(-0.41,0.5,0.));
#637 = VECTOR('',#638,1.);
#638 = DIRECTION('',(-0.,1.,0.));
#639 = ORIENTED_EDGE('',*,*,#640,.F.);
#640 = EDGE_CURVE('',#641,#633,#643,.T.);
#641 = VERTEX_POINT('',#642);
#642 = CARTESIAN_POINT('',(-0.64,0.94,0.));
#643 = LINE('',#644,#645);
#644 = CARTESIAN_POINT('',(-2.73,0.94,0.));
#645 = VECTOR('',#646,1.);
#646 = DIRECTION('',(1.,0.,-0.));
#647 = ORIENTED_EDGE('',*,*,#648,.F.);
#648 = EDGE_CURVE('',#649,#641,#651,.T.);
#649 = VERTEX_POINT('',#650);
#650 = CARTESIAN_POINT('',(-0.64,0.5,0.));
#651 = LINE('',#652,#653);
#652 = CARTESIAN_POINT('',(-0.64,0.5,0.));
#653 = VECTOR('',#654,1.);
#654 = DIRECTION('',(-0.,1.,0.));
#655 = ORIENTED_EDGE('',*,*,#656,.F.);
#656 = EDGE_CURVE('',#657,#649,#659,.T.);
#657 = VERTEX_POINT('',#658);
#658 = CARTESIAN_POINT('',(-0.76,0.5,0.));
#659 = LINE('',#660,#661);
#660 = CARTESIAN_POINT('',(-0.76,0.5,0.));
#661 = VECTOR('',#662,1.);
#662 = DIRECTION('',(1.,0.,-0.));
#663 = ORIENTED_EDGE('',*,*,#664,.T.);
#664 = EDGE_CURVE('',#657,#665,#667,.T.);
#665 = VERTEX_POINT('',#666);
#666 = CARTESIAN_POINT('',(-0.76,0.94,0.));
#667 = LINE('',#668,#669);
#668 = CARTESIAN_POINT('',(-0.76,0.5,0.));
#669 = VECTOR('',#670,1.);
#670 = DIRECTION('',(-0.,1.,0.));
#671 = ORIENTED_EDGE('',*,*,#672,.F.);
#672 = EDGE_CURVE('',#673,#665,#675,.T.);
#673 = VERTEX_POINT('',#674);
#674 = CARTESIAN_POINT('',(-1.05,0.94,0.));
#675 = LINE('',#676,#677);
#676 = CARTESIAN_POINT('',(-2.73,0.94,0.));
#677 = VECTOR('',#678,1.);
#678 = DIRECTION('',(1.,0.,-0.));
#679 = ORIENTED_EDGE('',*,*,#680,.F.);
#680 = EDGE_CURVE('',#681,#673,#683,.T.);
#681 = VERTEX_POINT('',#682);
#682 = CARTESIAN_POINT('',(-1.05,0.5,0.));
#683 = LINE('',#684,#685);
#684 = CARTESIAN_POINT('',(-1.05,0.5,0.));
#685 = VECTOR('',#686,1.);
#686 = DIRECTION('',(-0.,1.,0.));
#687 = ORIENTED_EDGE('',*,*,#688,.F.);
#688 = EDGE_CURVE('',#689,#681,#691,.T.);
#689 = VERTEX_POINT('',#690);
#690 = CARTESIAN_POINT('',(-1.35,0.5,0.));
#691 = LINE('',#692,#693);
#692 = CARTESIAN_POINT('',(-1.35,0.5,0.));
#693 = VECTOR('',#694,1.);
#694 = DIRECTION('',(1.,0.,-0.));
#695 = ORIENTED_EDGE('',*,*,#696,.T.);
#696 = EDGE_CURVE('',#689,#697,#699,.T.);
#697 = VERTEX_POINT('',#698);
#698 = CARTESIAN_POINT('',(-1.35,0.94,0.));
#699 = LINE('',#700,#701);
#700 = CARTESIAN_POINT('',(-1.35,0.5,0.));
#701 = VECTOR('',#702,1.);
#702 = DIRECTION('',(-0.,1.,0.));
#703 = ORIENTED_EDGE('',*,*,#704,.F.);
#704 = EDGE_CURVE('',#705,#697,#707,.T.);
#705 = VERTEX_POINT('',#706);
#706 = CARTESIAN_POINT('',(-1.96,0.94,0.));
#707 = LINE('',#708,#709);
#708 = CARTESIAN_POINT('',(-2.73,0.94,0.));
#709 = VECTOR('',#710,1.);
#710 = DIRECTION('',(1.,0.,-0.));
#711 = ORIENTED_EDGE('',*,*,#712,.F.);
#712 = EDGE_CURVE('',#713,#705,#715,.T.);
#713 = VERTEX_POINT('',#714);
#714 = CARTESIAN_POINT('',(-1.96,0.86,0.));
#715 = LINE('',#716,#717);
#716 = CARTESIAN_POINT('',(-1.96,0.86,0.));
#717 = VECTOR('',#718,1.);
#718 = DIRECTION('',(-0.,1.,0.));
#719 = ORIENTED_EDGE('',*,*,#720,.F.);
#720 = EDGE_CURVE('',#721,#713,#723,.T.);
#721 = VERTEX_POINT('',#722);
#722 = CARTESIAN_POINT('',(-2.56,0.86,0.));
#723 = LINE('',#724,#725);
#724 = CARTESIAN_POINT('',(-2.56,0.86,0.));
#725 = VECTOR('',#726,1.);
#726 = DIRECTION('',(1.,0.,-0.));
#727 = ORIENTED_EDGE('',*,*,#728,.T.);
#728 = EDGE_CURVE('',#721,#729,#731,.T.);
#729 = VERTEX_POINT('',#730);
#730 = CARTESIAN_POINT('',(-2.56,0.94,0.));
#731 = LINE('',#732,#733);
#732 = CARTESIAN_POINT('',(-2.56,0.86,0.));
#733 = VECTOR('',#734,1.);
#734 = DIRECTION('',(-0.,1.,0.));
#735 = ORIENTED_EDGE('',*,*,#736,.F.);
#736 = EDGE_CURVE('',#144,#729,#737,.T.);
#737 = LINE('',#738,#739);
#738 = CARTESIAN_POINT('',(-2.73,0.94,0.));
#739 = VECTOR('',#740,1.);
#740 = DIRECTION('',(1.,0.,-0.));
#741 = PLANE('',#742);
#742 = AXIS2_PLACEMENT_3D('',#743,#744,#745);
#743 = CARTESIAN_POINT('',(-2.73,-0.94,0.));
#744 = DIRECTION('',(0.,0.,1.));
#745 = DIRECTION('',(1.,0.,-0.));
#746 = ADVANCED_FACE('',(#747),#765,.T.);
#747 = FACE_BOUND('',#748,.T.);
#748 = EDGE_LOOP('',(#749,#757,#758,#759));
#749 = ORIENTED_EDGE('',*,*,#750,.F.);
#750 = EDGE_CURVE('',#122,#751,#753,.T.);
#751 = VERTEX_POINT('',#752);
#752 = CARTESIAN_POINT('',(-2.56,-0.86,8.E-02));
#753 = LINE('',#754,#755);
#754 = CARTESIAN_POINT('',(-2.56,-1.04,8.E-02));
#755 = VECTOR('',#756,1.);
#756 = DIRECTION('',(-0.,1.,0.));
#757 = ORIENTED_EDGE('',*,*,#129,.T.);
#758 = ORIENTED_EDGE('',*,*,#152,.T.);
#759 = ORIENTED_EDGE('',*,*,#760,.T.);
#760 = EDGE_CURVE('',#153,#751,#761,.T.);
#761 = LINE('',#762,#763);
#762 = CARTESIAN_POINT('',(-2.56,-0.86,0.));
#763 = VECTOR('',#764,1.);
#764 = DIRECTION('',(0.,0.,1.));
#765 = PLANE('',#766);
#766 = AXIS2_PLACEMENT_3D('',#767,#768,#769);
#767 = CARTESIAN_POINT('',(-2.56,-1.04,0.));
#768 = DIRECTION('',(1.,0.,-0.));
#769 = DIRECTION('',(0.,0.,1.));
#770 = ADVANCED_FACE('',(#771),#789,.T.);
#771 = FACE_BOUND('',#772,.T.);
#772 = EDGE_LOOP('',(#773,#781,#787,#788));
#773 = ORIENTED_EDGE('',*,*,#774,.F.);
#774 = EDGE_CURVE('',#775,#751,#777,.T.);
#775 = VERTEX_POINT('',#776);
#776 = CARTESIAN_POINT('',(-2.65,-0.86,8.E-02));
#777 = LINE('',#778,#779);
#778 = CARTESIAN_POINT('',(-2.73,-0.86,8.E-02));
#779 = VECTOR('',#780,1.);
#780 = DIRECTION('',(1.,0.,-0.));
#781 = ORIENTED_EDGE('',*,*,#782,.T.);
#782 = EDGE_CURVE('',#775,#114,#783,.T.);
#783 = LINE('',#784,#785);
#784 = CARTESIAN_POINT('',(-2.65,-0.94,8.E-02));
#785 = VECTOR('',#786,1.);
#786 = DIRECTION('',(0.,-1.,0.));
#787 = ORIENTED_EDGE('',*,*,#121,.T.);
#788 = ORIENTED_EDGE('',*,*,#750,.T.);
#789 = PLANE('',#790);
#790 = AXIS2_PLACEMENT_3D('',#791,#792,#793);
#791 = CARTESIAN_POINT('',(-2.73,-0.94,8.E-02));
#792 = DIRECTION('',(0.,0.,1.));
#793 = DIRECTION('',(1.,0.,-0.));
#794 = ADVANCED_FACE('',(#795),#838,.F.);
#795 = FACE_BOUND('',#796,.F.);
#796 = EDGE_LOOP('',(#797,#798,#799,#807,#815,#823,#831,#837));
#797 = ORIENTED_EDGE('',*,*,#113,.F.);
#798 = ORIENTED_EDGE('',*,*,#143,.T.);
#799 = ORIENTED_EDGE('',*,*,#800,.T.);
#800 = EDGE_CURVE('',#144,#801,#803,.T.);
#801 = VERTEX_POINT('',#802);
#802 = CARTESIAN_POINT('',(-2.65,0.94,8.E-02));
#803 = LINE('',#804,#805);
#804 = CARTESIAN_POINT('',(-2.65,0.94,0.));
#805 = VECTOR('',#806,1.);
#806 = DIRECTION('',(0.,0.,1.));
#807 = ORIENTED_EDGE('',*,*,#808,.T.);
#808 = EDGE_CURVE('',#801,#809,#811,.T.);
#809 = VERTEX_POINT('',#810);
#810 = CARTESIAN_POINT('',(-2.65,0.86,8.E-02));
#811 = LINE('',#812,#813);
#812 = CARTESIAN_POINT('',(-2.65,-4.E-02,8.E-02));
#813 = VECTOR('',#814,1.);
#814 = DIRECTION('',(0.,-1.,0.));
#815 = ORIENTED_EDGE('',*,*,#816,.T.);
#816 = EDGE_CURVE('',#809,#817,#819,.T.);
#817 = VERTEX_POINT('',#818);
#818 = CARTESIAN_POINT('',(-2.65,0.86,0.45));
#819 = LINE('',#820,#821);
#820 = CARTESIAN_POINT('',(-2.65,0.86,4.E-02));
#821 = VECTOR('',#822,1.);
#822 = DIRECTION('',(0.,0.,1.));
#823 = ORIENTED_EDGE('',*,*,#824,.T.);
#824 = EDGE_CURVE('',#817,#825,#827,.T.);
#825 = VERTEX_POINT('',#826);
#826 = CARTESIAN_POINT('',(-2.65,-0.86,0.45));
#827 = LINE('',#828,#829);
#828 = CARTESIAN_POINT('',(-2.65,-0.94,0.45));
#829 = VECTOR('',#830,1.);
#830 = DIRECTION('',(0.,-1.,0.));
#831 = ORIENTED_EDGE('',*,*,#832,.F.);
#832 = EDGE_CURVE('',#775,#825,#833,.T.);
#833 = LINE('',#834,#835);
#834 = CARTESIAN_POINT('',(-2.65,-0.86,4.E-02));
#835 = VECTOR('',#836,1.);
#836 = DIRECTION('',(0.,0.,1.));
#837 = ORIENTED_EDGE('',*,*,#782,.T.);
#838 = PLANE('',#839);
#839 = AXIS2_PLACEMENT_3D('',#840,#841,#842);
#840 = CARTESIAN_POINT('',(-2.65,-0.94,0.));
#841 = DIRECTION('',(1.,0.,-0.));
#842 = DIRECTION('',(0.,0.,1.));
#843 = ADVANCED_FACE('',(#844),#862,.T.);
#844 = FACE_BOUND('',#845,.T.);
#845 = EDGE_LOOP('',(#846,#847,#848,#856));
#846 = ORIENTED_EDGE('',*,*,#736,.F.);
#847 = ORIENTED_EDGE('',*,*,#800,.T.);
#848 = ORIENTED_EDGE('',*,*,#849,.T.);
#849 = EDGE_CURVE('',#801,#850,#852,.T.);
#850 = VERTEX_POINT('',#851);
#851 = CARTESIAN_POINT('',(-2.56,0.94,8.E-02));
#852 = LINE('',#853,#854);
#853 = CARTESIAN_POINT('',(-2.73,0.94,8.E-02));
#854 = VECTOR('',#855,1.);
#855 = DIRECTION('',(1.,0.,-0.));
#856 = ORIENTED_EDGE('',*,*,#857,.T.);
#857 = EDGE_CURVE('',#850,#729,#858,.T.);
#858 = LINE('',#859,#860);
#859 = CARTESIAN_POINT('',(-2.56,0.94,0.));
#860 = VECTOR('',#861,1.);
#861 = DIRECTION('',(-0.,0.,-1.));
#862 = PLANE('',#863);
#863 = AXIS2_PLACEMENT_3D('',#864,#865,#866);
#864 = CARTESIAN_POINT('',(-2.73,0.94,0.));
#865 = DIRECTION('',(-0.,1.,0.));
#866 = DIRECTION('',(0.,0.,1.));
#867 = ADVANCED_FACE('',(#868),#886,.T.);
#868 = FACE_BOUND('',#869,.T.);
#869 = EDGE_LOOP('',(#870,#878,#879,#880));
#870 = ORIENTED_EDGE('',*,*,#871,.F.);
#871 = EDGE_CURVE('',#721,#872,#874,.T.);
#872 = VERTEX_POINT('',#873);
#873 = CARTESIAN_POINT('',(-2.56,0.86,8.E-02));
#874 = LINE('',#875,#876);
#875 = CARTESIAN_POINT('',(-2.56,0.86,0.));
#876 = VECTOR('',#877,1.);
#877 = DIRECTION('',(0.,0.,1.));
#878 = ORIENTED_EDGE('',*,*,#728,.T.);
#879 = ORIENTED_EDGE('',*,*,#857,.F.);
#880 = ORIENTED_EDGE('',*,*,#881,.F.);
#881 = EDGE_CURVE('',#872,#850,#882,.T.);
#882 = LINE('',#883,#884);
#883 = CARTESIAN_POINT('',(-2.56,0.86,8.E-02));
#884 = VECTOR('',#885,1.);
#885 = DIRECTION('',(-0.,1.,0.));
#886 = PLANE('',#887);
#887 = AXIS2_PLACEMENT_3D('',#888,#889,#890);
#888 = CARTESIAN_POINT('',(-2.56,0.86,0.));
#889 = DIRECTION('',(1.,0.,-0.));
#890 = DIRECTION('',(0.,0.,1.));
#891 = ADVANCED_FACE('',(#892),#949,.F.);
#892 = FACE_BOUND('',#893,.F.);
#893 = EDGE_LOOP('',(#894,#900,#901,#902,#910,#918,#926,#934,#942,#948)
  );
#894 = ORIENTED_EDGE('',*,*,#895,.T.);
#895 = EDGE_CURVE('',#809,#872,#896,.T.);
#896 = LINE('',#897,#898);
#897 = CARTESIAN_POINT('',(-2.73,0.86,8.E-02));
#898 = VECTOR('',#899,1.);
#899 = DIRECTION('',(1.,0.,-0.));
#900 = ORIENTED_EDGE('',*,*,#871,.F.);
#901 = ORIENTED_EDGE('',*,*,#720,.T.);
#902 = ORIENTED_EDGE('',*,*,#903,.T.);
#903 = EDGE_CURVE('',#713,#904,#906,.T.);
#904 = VERTEX_POINT('',#905);
#905 = CARTESIAN_POINT('',(-1.96,0.86,8.E-02));
#906 = LINE('',#907,#908);
#907 = CARTESIAN_POINT('',(-1.96,0.86,0.));
#908 = VECTOR('',#909,1.);
#909 = DIRECTION('',(0.,0.,1.));
#910 = ORIENTED_EDGE('',*,*,#911,.T.);
#911 = EDGE_CURVE('',#904,#912,#914,.T.);
#912 = VERTEX_POINT('',#913);
#913 = CARTESIAN_POINT('',(-1.91,0.86,8.E-02));
#914 = LINE('',#915,#916);
#915 = CARTESIAN_POINT('',(-2.73,0.86,8.E-02));
#916 = VECTOR('',#917,1.);
#917 = DIRECTION('',(1.,0.,-0.));
#918 = ORIENTED_EDGE('',*,*,#919,.T.);
#919 = EDGE_CURVE('',#912,#920,#922,.T.);
#920 = VERTEX_POINT('',#921);
#921 = CARTESIAN_POINT('',(-1.91,0.86,0.53));
#922 = LINE('',#923,#924);
#923 = CARTESIAN_POINT('',(-1.91,0.86,8.E-02));
#924 = VECTOR('',#925,1.);
#925 = DIRECTION('',(0.,0.,1.));
#926 = ORIENTED_EDGE('',*,*,#927,.F.);
#927 = EDGE_CURVE('',#928,#920,#930,.T.);
#928 = VERTEX_POINT('',#929);
#929 = CARTESIAN_POINT('',(-2.35,0.86,0.53));
#930 = LINE('',#931,#932);
#931 = CARTESIAN_POINT('',(-2.73,0.86,0.53));
#932 = VECTOR('',#933,1.);
#933 = DIRECTION('',(1.,0.,-0.));
#934 = ORIENTED_EDGE('',*,*,#935,.F.);
#935 = EDGE_CURVE('',#936,#928,#938,.T.);
#936 = VERTEX_POINT('',#937);
#937 = CARTESIAN_POINT('',(-2.35,0.86,0.45));
#938 = LINE('',#939,#940);
#939 = CARTESIAN_POINT('',(-2.35,0.86,0.265));
#940 = VECTOR('',#941,1.);
#941 = DIRECTION('',(0.,0.,1.));
#942 = ORIENTED_EDGE('',*,*,#943,.T.);
#943 = EDGE_CURVE('',#936,#817,#944,.T.);
#944 = LINE('',#945,#946);
#945 = CARTESIAN_POINT('',(-2.73,0.86,0.45));
#946 = VECTOR('',#947,1.);
#947 = DIRECTION('',(-1.,-0.,0.));
#948 = ORIENTED_EDGE('',*,*,#816,.F.);
#949 = PLANE('',#950);
#950 = AXIS2_PLACEMENT_3D('',#951,#952,#953);
#951 = CARTESIAN_POINT('',(-2.269291338583,0.86,0.259960629921));
#952 = DIRECTION('',(-0.,-1.,-0.));
#953 = DIRECTION('',(0.,0.,-1.));
#954 = ADVANCED_FACE('',(#955),#973,.F.);
#955 = FACE_BOUND('',#956,.F.);
#956 = EDGE_LOOP('',(#957,#958,#959,#967));
#957 = ORIENTED_EDGE('',*,*,#903,.F.);
#958 = ORIENTED_EDGE('',*,*,#712,.T.);
#959 = ORIENTED_EDGE('',*,*,#960,.F.);
#960 = EDGE_CURVE('',#961,#705,#963,.T.);
#961 = VERTEX_POINT('',#962);
#962 = CARTESIAN_POINT('',(-1.96,0.94,8.E-02));
#963 = LINE('',#964,#965);
#964 = CARTESIAN_POINT('',(-1.96,0.94,0.));
#965 = VECTOR('',#966,1.);
#966 = DIRECTION('',(-0.,0.,-1.));
#967 = ORIENTED_EDGE('',*,*,#968,.F.);
#968 = EDGE_CURVE('',#904,#961,#969,.T.);
#969 = LINE('',#970,#971);
#970 = CARTESIAN_POINT('',(-1.96,0.86,8.E-02));
#971 = VECTOR('',#972,1.);
#972 = DIRECTION('',(-0.,1.,0.));
#973 = PLANE('',#974);
#974 = AXIS2_PLACEMENT_3D('',#975,#976,#977);
#975 = CARTESIAN_POINT('',(-1.96,0.86,0.));
#976 = DIRECTION('',(1.,0.,-0.));
#977 = DIRECTION('',(0.,0.,1.));
#978 = ADVANCED_FACE('',(#979),#1190,.T.);
#979 = FACE_BOUND('',#980,.T.);
#980 = EDGE_LOOP('',(#981,#991,#999,#1007,#1015,#1021,#1022,#1030,#1038,
    #1044,#1045,#1053,#1061,#1067,#1068,#1076,#1084,#1090,#1091,#1099,
    #1107,#1113,#1114,#1122,#1130,#1136,#1137,#1145,#1153,#1159,#1160,
    #1168,#1176,#1182,#1183,#1184));
#981 = ORIENTED_EDGE('',*,*,#982,.T.);
#982 = EDGE_CURVE('',#983,#985,#987,.T.);
#983 = VERTEX_POINT('',#984);
#984 = CARTESIAN_POINT('',(-1.91,0.94,8.E-02));
#985 = VERTEX_POINT('',#986);
#986 = CARTESIAN_POINT('',(-1.91,0.94,0.53));
#987 = LINE('',#988,#989);
#988 = CARTESIAN_POINT('',(-1.91,0.94,8.E-02));
#989 = VECTOR('',#990,1.);
#990 = DIRECTION('',(0.,0.,1.));
#991 = ORIENTED_EDGE('',*,*,#992,.T.);
#992 = EDGE_CURVE('',#985,#993,#995,.T.);
#993 = VERTEX_POINT('',#994);
#994 = CARTESIAN_POINT('',(1.91,0.94,0.53));
#995 = LINE('',#996,#997);
#996 = CARTESIAN_POINT('',(-2.73,0.94,0.53));
#997 = VECTOR('',#998,1.);
#998 = DIRECTION('',(1.,0.,-0.));
#999 = ORIENTED_EDGE('',*,*,#1000,.F.);
#1000 = EDGE_CURVE('',#1001,#993,#1003,.T.);
#1001 = VERTEX_POINT('',#1002);
#1002 = CARTESIAN_POINT('',(1.91,0.94,8.E-02));
#1003 = LINE('',#1004,#1005);
#1004 = CARTESIAN_POINT('',(1.91,0.94,8.E-02));
#1005 = VECTOR('',#1006,1.);
#1006 = DIRECTION('',(0.,0.,1.));
#1007 = ORIENTED_EDGE('',*,*,#1008,.T.);
#1008 = EDGE_CURVE('',#1001,#1009,#1011,.T.);
#1009 = VERTEX_POINT('',#1010);
#1010 = CARTESIAN_POINT('',(1.96,0.94,8.E-02));
#1011 = LINE('',#1012,#1013);
#1012 = CARTESIAN_POINT('',(1.91,0.94,8.E-02));
#1013 = VECTOR('',#1014,1.);
#1014 = DIRECTION('',(1.,0.,-0.));
#1015 = ORIENTED_EDGE('',*,*,#1016,.T.);
#1016 = EDGE_CURVE('',#1009,#473,#1017,.T.);
#1017 = LINE('',#1018,#1019);
#1018 = CARTESIAN_POINT('',(1.96,0.94,0.));
#1019 = VECTOR('',#1020,1.);
#1020 = DIRECTION('',(-0.,0.,-1.));
#1021 = ORIENTED_EDGE('',*,*,#480,.F.);
#1022 = ORIENTED_EDGE('',*,*,#1023,.F.);
#1023 = EDGE_CURVE('',#1024,#481,#1026,.T.);
#1024 = VERTEX_POINT('',#1025);
#1025 = CARTESIAN_POINT('',(1.35,0.94,5.E-02));
#1026 = LINE('',#1027,#1028);
#1027 = CARTESIAN_POINT('',(1.35,0.94,5.678191489362E-02));
#1028 = VECTOR('',#1029,1.);
#1029 = DIRECTION('',(0.,0.,-1.));
#1030 = ORIENTED_EDGE('',*,*,#1031,.F.);
#1031 = EDGE_CURVE('',#1032,#1024,#1034,.T.);
#1032 = VERTEX_POINT('',#1033);
#1033 = CARTESIAN_POINT('',(1.05,0.94,5.E-02));
#1034 = LINE('',#1035,#1036);
#1035 = CARTESIAN_POINT('',(-0.84,0.94,5.E-02));
#1036 = VECTOR('',#1037,1.);
#1037 = DIRECTION('',(1.,0.,-0.));
#1038 = ORIENTED_EDGE('',*,*,#1039,.F.);
#1039 = EDGE_CURVE('',#505,#1032,#1040,.T.);
#1040 = LINE('',#1041,#1042);
#1041 = CARTESIAN_POINT('',(1.05,0.94,5.678191489362E-02));
#1042 = VECTOR('',#1043,1.);
#1043 = DIRECTION('',(0.,-0.,1.));
#1044 = ORIENTED_EDGE('',*,*,#512,.F.);
#1045 = ORIENTED_EDGE('',*,*,#1046,.F.);
#1046 = EDGE_CURVE('',#1047,#513,#1049,.T.);
#1047 = VERTEX_POINT('',#1048);
#1048 = CARTESIAN_POINT('',(0.76,0.94,5.E-02));
#1049 = LINE('',#1050,#1051);
#1050 = CARTESIAN_POINT('',(0.76,0.94,5.678191489362E-02));
#1051 = VECTOR('',#1052,1.);
#1052 = DIRECTION('',(0.,0.,-1.));
#1053 = ORIENTED_EDGE('',*,*,#1054,.F.);
#1054 = EDGE_CURVE('',#1055,#1047,#1057,.T.);
#1055 = VERTEX_POINT('',#1056);
#1056 = CARTESIAN_POINT('',(0.64,0.94,5.E-02));
#1057 = LINE('',#1058,#1059);
#1058 = CARTESIAN_POINT('',(-1.045,0.94,5.E-02));
#1059 = VECTOR('',#1060,1.);
#1060 = DIRECTION('',(1.,0.,-0.));
#1061 = ORIENTED_EDGE('',*,*,#1062,.F.);
#1062 = EDGE_CURVE('',#537,#1055,#1063,.T.);
#1063 = LINE('',#1064,#1065);
#1064 = CARTESIAN_POINT('',(0.64,0.94,5.678191489362E-02));
#1065 = VECTOR('',#1066,1.);
#1066 = DIRECTION('',(0.,-0.,1.));
#1067 = ORIENTED_EDGE('',*,*,#544,.F.);
#1068 = ORIENTED_EDGE('',*,*,#1069,.F.);
#1069 = EDGE_CURVE('',#1070,#545,#1072,.T.);
#1070 = VERTEX_POINT('',#1071);
#1071 = CARTESIAN_POINT('',(0.41,0.94,5.E-02));
#1072 = LINE('',#1073,#1074);
#1073 = CARTESIAN_POINT('',(0.41,0.94,5.678191489362E-02));
#1074 = VECTOR('',#1075,1.);
#1075 = DIRECTION('',(0.,0.,-1.));
#1076 = ORIENTED_EDGE('',*,*,#1077,.F.);
#1077 = EDGE_CURVE('',#1078,#1070,#1080,.T.);
#1078 = VERTEX_POINT('',#1079);
#1079 = CARTESIAN_POINT('',(0.29,0.94,5.E-02));
#1080 = LINE('',#1081,#1082);
#1081 = CARTESIAN_POINT('',(-1.22,0.94,5.E-02));
#1082 = VECTOR('',#1083,1.);
#1083 = DIRECTION('',(1.,0.,-0.));
#1084 = ORIENTED_EDGE('',*,*,#1085,.F.);
#1085 = EDGE_CURVE('',#569,#1078,#1086,.T.);
#1086 = LINE('',#1087,#1088);
#1087 = CARTESIAN_POINT('',(0.29,0.94,5.678191489362E-02));
#1088 = VECTOR('',#1089,1.);
#1089 = DIRECTION('',(0.,-0.,1.));
#1090 = ORIENTED_EDGE('',*,*,#576,.F.);
#1091 = ORIENTED_EDGE('',*,*,#1092,.F.);
#1092 = EDGE_CURVE('',#1093,#577,#1095,.T.);
#1093 = VERTEX_POINT('',#1094);
#1094 = CARTESIAN_POINT('',(6.E-02,0.94,5.E-02));
#1095 = LINE('',#1096,#1097);
#1096 = CARTESIAN_POINT('',(6.E-02,0.94,5.678191489362E-02));
#1097 = VECTOR('',#1098,1.);
#1098 = DIRECTION('',(0.,0.,-1.));
#1099 = ORIENTED_EDGE('',*,*,#1100,.F.);
#1100 = EDGE_CURVE('',#1101,#1093,#1103,.T.);
#1101 = VERTEX_POINT('',#1102);
#1102 = CARTESIAN_POINT('',(-6.E-02,0.94,5.E-02));
#1103 = LINE('',#1104,#1105);
#1104 = CARTESIAN_POINT('',(-1.395,0.94,5.E-02));
#1105 = VECTOR('',#1106,1.);
#1106 = DIRECTION('',(1.,0.,-0.));
#1107 = ORIENTED_EDGE('',*,*,#1108,.F.);
#1108 = EDGE_CURVE('',#601,#1101,#1109,.T.);
#1109 = LINE('',#1110,#1111);
#1110 = CARTESIAN_POINT('',(-6.E-02,0.94,5.678191489362E-02));
#1111 = VECTOR('',#1112,1.);
#1112 = DIRECTION('',(0.,-0.,1.));
#1113 = ORIENTED_EDGE('',*,*,#608,.F.);
#1114 = ORIENTED_EDGE('',*,*,#1115,.F.);
#1115 = EDGE_CURVE('',#1116,#609,#1118,.T.);
#1116 = VERTEX_POINT('',#1117);
#1117 = CARTESIAN_POINT('',(-0.29,0.94,5.E-02));
#1118 = LINE('',#1119,#1120);
#1119 = CARTESIAN_POINT('',(-0.29,0.94,5.678191489362E-02));
#1120 = VECTOR('',#1121,1.);
#1121 = DIRECTION('',(0.,0.,-1.));
#1122 = ORIENTED_EDGE('',*,*,#1123,.F.);
#1123 = EDGE_CURVE('',#1124,#1116,#1126,.T.);
#1124 = VERTEX_POINT('',#1125);
#1125 = CARTESIAN_POINT('',(-0.41,0.94,5.E-02));
#1126 = LINE('',#1127,#1128);
#1127 = CARTESIAN_POINT('',(-1.57,0.94,5.E-02));
#1128 = VECTOR('',#1129,1.);
#1129 = DIRECTION('',(1.,0.,-0.));
#1130 = ORIENTED_EDGE('',*,*,#1131,.F.);
#1131 = EDGE_CURVE('',#633,#1124,#1132,.T.);
#1132 = LINE('',#1133,#1134);
#1133 = CARTESIAN_POINT('',(-0.41,0.94,5.678191489362E-02));
#1134 = VECTOR('',#1135,1.);
#1135 = DIRECTION('',(0.,-0.,1.));
#1136 = ORIENTED_EDGE('',*,*,#640,.F.);
#1137 = ORIENTED_EDGE('',*,*,#1138,.F.);
#1138 = EDGE_CURVE('',#1139,#641,#1141,.T.);
#1139 = VERTEX_POINT('',#1140);
#1140 = CARTESIAN_POINT('',(-0.64,0.94,5.E-02));
#1141 = LINE('',#1142,#1143);
#1142 = CARTESIAN_POINT('',(-0.64,0.94,5.678191489362E-02));
#1143 = VECTOR('',#1144,1.);
#1144 = DIRECTION('',(0.,0.,-1.));
#1145 = ORIENTED_EDGE('',*,*,#1146,.F.);
#1146 = EDGE_CURVE('',#1147,#1139,#1149,.T.);
#1147 = VERTEX_POINT('',#1148);
#1148 = CARTESIAN_POINT('',(-0.76,0.94,5.E-02));
#1149 = LINE('',#1150,#1151);
#1150 = CARTESIAN_POINT('',(-1.745,0.94,5.E-02));
#1151 = VECTOR('',#1152,1.);
#1152 = DIRECTION('',(1.,0.,-0.));
#1153 = ORIENTED_EDGE('',*,*,#1154,.F.);
#1154 = EDGE_CURVE('',#665,#1147,#1155,.T.);
#1155 = LINE('',#1156,#1157);
#1156 = CARTESIAN_POINT('',(-0.76,0.94,5.678191489362E-02));
#1157 = VECTOR('',#1158,1.);
#1158 = DIRECTION('',(0.,-0.,1.));
#1159 = ORIENTED_EDGE('',*,*,#672,.F.);
#1160 = ORIENTED_EDGE('',*,*,#1161,.F.);
#1161 = EDGE_CURVE('',#1162,#673,#1164,.T.);
#1162 = VERTEX_POINT('',#1163);
#1163 = CARTESIAN_POINT('',(-1.05,0.94,5.E-02));
#1164 = LINE('',#1165,#1166);
#1165 = CARTESIAN_POINT('',(-1.05,0.94,5.678191489362E-02));
#1166 = VECTOR('',#1167,1.);
#1167 = DIRECTION('',(0.,0.,-1.));
#1168 = ORIENTED_EDGE('',*,*,#1169,.F.);
#1169 = EDGE_CURVE('',#1170,#1162,#1172,.T.);
#1170 = VERTEX_POINT('',#1171);
#1171 = CARTESIAN_POINT('',(-1.35,0.94,5.E-02));
#1172 = LINE('',#1173,#1174);
#1173 = CARTESIAN_POINT('',(-2.04,0.94,5.E-02));
#1174 = VECTOR('',#1175,1.);
#1175 = DIRECTION('',(1.,0.,-0.));
#1176 = ORIENTED_EDGE('',*,*,#1177,.F.);
#1177 = EDGE_CURVE('',#697,#1170,#1178,.T.);
#1178 = LINE('',#1179,#1180);
#1179 = CARTESIAN_POINT('',(-1.35,0.94,5.678191489362E-02));
#1180 = VECTOR('',#1181,1.);
#1181 = DIRECTION('',(0.,-0.,1.));
#1182 = ORIENTED_EDGE('',*,*,#704,.F.);
#1183 = ORIENTED_EDGE('',*,*,#960,.F.);
#1184 = ORIENTED_EDGE('',*,*,#1185,.T.);
#1185 = EDGE_CURVE('',#961,#983,#1186,.T.);
#1186 = LINE('',#1187,#1188);
#1187 = CARTESIAN_POINT('',(-2.73,0.94,8.E-02));
#1188 = VECTOR('',#1189,1.);
#1189 = DIRECTION('',(1.,0.,-0.));
#1190 = PLANE('',#1191);
#1191 = AXIS2_PLACEMENT_3D('',#1192,#1193,#1194);
#1192 = CARTESIAN_POINT('',(-2.73,0.94,0.));
#1193 = DIRECTION('',(-0.,1.,0.));
#1194 = DIRECTION('',(0.,0.,1.));
#1195 = ADVANCED_FACE('',(#1196),#1238,.F.);
#1196 = FACE_BOUND('',#1197,.F.);
#1197 = EDGE_LOOP('',(#1198,#1199,#1207,#1215,#1223,#1231,#1237));
#1198 = ORIENTED_EDGE('',*,*,#696,.F.);
#1199 = ORIENTED_EDGE('',*,*,#1200,.T.);
#1200 = EDGE_CURVE('',#689,#1201,#1203,.T.);
#1201 = VERTEX_POINT('',#1202);
#1202 = CARTESIAN_POINT('',(-1.35,0.5,0.42));
#1203 = LINE('',#1204,#1205);
#1204 = CARTESIAN_POINT('',(-1.35,0.5,0.));
#1205 = VECTOR('',#1206,1.);
#1206 = DIRECTION('',(0.,0.,1.));
#1207 = ORIENTED_EDGE('',*,*,#1208,.T.);
#1208 = EDGE_CURVE('',#1201,#1209,#1211,.T.);
#1209 = VERTEX_POINT('',#1210);
#1210 = CARTESIAN_POINT('',(-1.35,0.53,0.42));
#1211 = LINE('',#1212,#1213);
#1212 = CARTESIAN_POINT('',(-1.35,0.5,0.42));
#1213 = VECTOR('',#1214,1.);
#1214 = DIRECTION('',(-0.,1.,0.));
#1215 = ORIENTED_EDGE('',*,*,#1216,.F.);
#1216 = EDGE_CURVE('',#1217,#1209,#1219,.T.);
#1217 = VERTEX_POINT('',#1218);
#1218 = CARTESIAN_POINT('',(-1.35,0.53,5.E-02));
#1219 = LINE('',#1220,#1221);
#1220 = CARTESIAN_POINT('',(-1.35,0.53,0.));
#1221 = VECTOR('',#1222,1.);
#1222 = DIRECTION('',(0.,0.,1.));
#1223 = ORIENTED_EDGE('',*,*,#1224,.T.);
#1224 = EDGE_CURVE('',#1217,#1225,#1227,.T.);
#1225 = VERTEX_POINT('',#1226);
#1226 = CARTESIAN_POINT('',(-1.35,0.74,5.E-02));
#1227 = LINE('',#1228,#1229);
#1228 = CARTESIAN_POINT('',(-1.35,0.5,5.E-02));
#1229 = VECTOR('',#1230,1.);
#1230 = DIRECTION('',(-0.,1.,0.));
#1231 = ORIENTED_EDGE('',*,*,#1232,.T.);
#1232 = EDGE_CURVE('',#1225,#1170,#1233,.T.);
#1233 = LINE('',#1234,#1235);
#1234 = CARTESIAN_POINT('',(-1.35,0.5,5.E-02));
#1235 = VECTOR('',#1236,1.);
#1236 = DIRECTION('',(-0.,1.,0.));
#1237 = ORIENTED_EDGE('',*,*,#1177,.F.);
#1238 = PLANE('',#1239);
#1239 = AXIS2_PLACEMENT_3D('',#1240,#1241,#1242);
#1240 = CARTESIAN_POINT('',(-1.35,0.663563829787,0.113563829787));
#1241 = DIRECTION('',(-1.,-0.,-0.));
#1242 = DIRECTION('',(0.,0.,-1.));
#1243 = ADVANCED_FACE('',(#1244),#1262,.T.);
#1244 = FACE_BOUND('',#1245,.F.);
#1245 = EDGE_LOOP('',(#1246,#1247,#1255,#1261));
#1246 = ORIENTED_EDGE('',*,*,#688,.T.);
#1247 = ORIENTED_EDGE('',*,*,#1248,.T.);
#1248 = EDGE_CURVE('',#681,#1249,#1251,.T.);
#1249 = VERTEX_POINT('',#1250);
#1250 = CARTESIAN_POINT('',(-1.05,0.5,0.42));
#1251 = LINE('',#1252,#1253);
#1252 = CARTESIAN_POINT('',(-1.05,0.5,0.));
#1253 = VECTOR('',#1254,1.);
#1254 = DIRECTION('',(0.,0.,1.));
#1255 = ORIENTED_EDGE('',*,*,#1256,.F.);
#1256 = EDGE_CURVE('',#1201,#1249,#1257,.T.);
#1257 = LINE('',#1258,#1259);
#1258 = CARTESIAN_POINT('',(-1.35,0.5,0.42));
#1259 = VECTOR('',#1260,1.);
#1260 = DIRECTION('',(1.,0.,-0.));
#1261 = ORIENTED_EDGE('',*,*,#1200,.F.);
#1262 = PLANE('',#1263);
#1263 = AXIS2_PLACEMENT_3D('',#1264,#1265,#1266);
#1264 = CARTESIAN_POINT('',(-1.35,0.5,0.));
#1265 = DIRECTION('',(-0.,1.,0.));
#1266 = DIRECTION('',(0.,0.,1.));
#1267 = ADVANCED_FACE('',(#1268),#1303,.F.);
#1268 = FACE_BOUND('',#1269,.F.);
#1269 = EDGE_LOOP('',(#1270,#1271,#1272,#1273,#1281,#1289,#1297));
#1270 = ORIENTED_EDGE('',*,*,#1248,.F.);
#1271 = ORIENTED_EDGE('',*,*,#680,.T.);
#1272 = ORIENTED_EDGE('',*,*,#1161,.F.);
#1273 = ORIENTED_EDGE('',*,*,#1274,.F.);
#1274 = EDGE_CURVE('',#1275,#1162,#1277,.T.);
#1275 = VERTEX_POINT('',#1276);
#1276 = CARTESIAN_POINT('',(-1.05,0.74,5.E-02));
#1277 = LINE('',#1278,#1279);
#1278 = CARTESIAN_POINT('',(-1.05,0.5,5.E-02));
#1279 = VECTOR('',#1280,1.);
#1280 = DIRECTION('',(-0.,1.,0.));
#1281 = ORIENTED_EDGE('',*,*,#1282,.F.);
#1282 = EDGE_CURVE('',#1283,#1275,#1285,.T.);
#1283 = VERTEX_POINT('',#1284);
#1284 = CARTESIAN_POINT('',(-1.05,0.53,5.E-02));
#1285 = LINE('',#1286,#1287);
#1286 = CARTESIAN_POINT('',(-1.05,0.5,5.E-02));
#1287 = VECTOR('',#1288,1.);
#1288 = DIRECTION('',(-0.,1.,0.));
#1289 = ORIENTED_EDGE('',*,*,#1290,.T.);
#1290 = EDGE_CURVE('',#1283,#1291,#1293,.T.);
#1291 = VERTEX_POINT('',#1292);
#1292 = CARTESIAN_POINT('',(-1.05,0.53,0.42));
#1293 = LINE('',#1294,#1295);
#1294 = CARTESIAN_POINT('',(-1.05,0.53,0.));
#1295 = VECTOR('',#1296,1.);
#1296 = DIRECTION('',(0.,0.,1.));
#1297 = ORIENTED_EDGE('',*,*,#1298,.F.);
#1298 = EDGE_CURVE('',#1249,#1291,#1299,.T.);
#1299 = LINE('',#1300,#1301);
#1300 = CARTESIAN_POINT('',(-1.05,0.5,0.42));
#1301 = VECTOR('',#1302,1.);
#1302 = DIRECTION('',(-0.,1.,0.));
#1303 = PLANE('',#1304);
#1304 = AXIS2_PLACEMENT_3D('',#1305,#1306,#1307);
#1305 = CARTESIAN_POINT('',(-1.05,0.663563829787,0.113563829787));
#1306 = DIRECTION('',(1.,0.,0.));
#1307 = DIRECTION('',(-0.,0.,1.));
#1308 = ADVANCED_FACE('',(#1309),#1351,.F.);
#1309 = FACE_BOUND('',#1310,.F.);
#1310 = EDGE_LOOP('',(#1311,#1312,#1320,#1328,#1336,#1344,#1350));
#1311 = ORIENTED_EDGE('',*,*,#664,.F.);
#1312 = ORIENTED_EDGE('',*,*,#1313,.T.);
#1313 = EDGE_CURVE('',#657,#1314,#1316,.T.);
#1314 = VERTEX_POINT('',#1315);
#1315 = CARTESIAN_POINT('',(-0.76,0.5,0.42));
#1316 = LINE('',#1317,#1318);
#1317 = CARTESIAN_POINT('',(-0.76,0.5,0.));
#1318 = VECTOR('',#1319,1.);
#1319 = DIRECTION('',(0.,0.,1.));
#1320 = ORIENTED_EDGE('',*,*,#1321,.T.);
#1321 = EDGE_CURVE('',#1314,#1322,#1324,.T.);
#1322 = VERTEX_POINT('',#1323);
#1323 = CARTESIAN_POINT('',(-0.76,0.53,0.42));
#1324 = LINE('',#1325,#1326);
#1325 = CARTESIAN_POINT('',(-0.76,0.5,0.42));
#1326 = VECTOR('',#1327,1.);
#1327 = DIRECTION('',(-0.,1.,0.));
#1328 = ORIENTED_EDGE('',*,*,#1329,.F.);
#1329 = EDGE_CURVE('',#1330,#1322,#1332,.T.);
#1330 = VERTEX_POINT('',#1331);
#1331 = CARTESIAN_POINT('',(-0.76,0.53,5.E-02));
#1332 = LINE('',#1333,#1334);
#1333 = CARTESIAN_POINT('',(-0.76,0.53,0.));
#1334 = VECTOR('',#1335,1.);
#1335 = DIRECTION('',(0.,0.,1.));
#1336 = ORIENTED_EDGE('',*,*,#1337,.T.);
#1337 = EDGE_CURVE('',#1330,#1338,#1340,.T.);
#1338 = VERTEX_POINT('',#1339);
#1339 = CARTESIAN_POINT('',(-0.76,0.74,5.E-02));
#1340 = LINE('',#1341,#1342);
#1341 = CARTESIAN_POINT('',(-0.76,0.5,5.E-02));
#1342 = VECTOR('',#1343,1.);
#1343 = DIRECTION('',(-0.,1.,0.));
#1344 = ORIENTED_EDGE('',*,*,#1345,.T.);
#1345 = EDGE_CURVE('',#1338,#1147,#1346,.T.);
#1346 = LINE('',#1347,#1348);
#1347 = CARTESIAN_POINT('',(-0.76,0.5,5.E-02));
#1348 = VECTOR('',#1349,1.);
#1349 = DIRECTION('',(-0.,1.,0.));
#1350 = ORIENTED_EDGE('',*,*,#1154,.F.);
#1351 = PLANE('',#1352);
#1352 = AXIS2_PLACEMENT_3D('',#1353,#1354,#1355);
#1353 = CARTESIAN_POINT('',(-0.76,0.663563829787,0.113563829787));
#1354 = DIRECTION('',(-1.,-0.,-0.));
#1355 = DIRECTION('',(0.,0.,-1.));
#1356 = ADVANCED_FACE('',(#1357),#1375,.T.);
#1357 = FACE_BOUND('',#1358,.F.);
#1358 = EDGE_LOOP('',(#1359,#1360,#1368,#1374));
#1359 = ORIENTED_EDGE('',*,*,#656,.T.);
#1360 = ORIENTED_EDGE('',*,*,#1361,.T.);
#1361 = EDGE_CURVE('',#649,#1362,#1364,.T.);
#1362 = VERTEX_POINT('',#1363);
#1363 = CARTESIAN_POINT('',(-0.64,0.5,0.42));
#1364 = LINE('',#1365,#1366);
#1365 = CARTESIAN_POINT('',(-0.64,0.5,0.));
#1366 = VECTOR('',#1367,1.);
#1367 = DIRECTION('',(0.,0.,1.));
#1368 = ORIENTED_EDGE('',*,*,#1369,.F.);
#1369 = EDGE_CURVE('',#1314,#1362,#1370,.T.);
#1370 = LINE('',#1371,#1372);
#1371 = CARTESIAN_POINT('',(-0.76,0.5,0.42));
#1372 = VECTOR('',#1373,1.);
#1373 = DIRECTION('',(1.,0.,-0.));
#1374 = ORIENTED_EDGE('',*,*,#1313,.F.);
#1375 = PLANE('',#1376);
#1376 = AXIS2_PLACEMENT_3D('',#1377,#1378,#1379);
#1377 = CARTESIAN_POINT('',(-0.76,0.5,0.));
#1378 = DIRECTION('',(-0.,1.,0.));
#1379 = DIRECTION('',(0.,0.,1.));
#1380 = ADVANCED_FACE('',(#1381),#1416,.F.);
#1381 = FACE_BOUND('',#1382,.F.);
#1382 = EDGE_LOOP('',(#1383,#1384,#1385,#1386,#1394,#1402,#1410));
#1383 = ORIENTED_EDGE('',*,*,#1361,.F.);
#1384 = ORIENTED_EDGE('',*,*,#648,.T.);
#1385 = ORIENTED_EDGE('',*,*,#1138,.F.);
#1386 = ORIENTED_EDGE('',*,*,#1387,.F.);
#1387 = EDGE_CURVE('',#1388,#1139,#1390,.T.);
#1388 = VERTEX_POINT('',#1389);
#1389 = CARTESIAN_POINT('',(-0.64,0.74,5.E-02));
#1390 = LINE('',#1391,#1392);
#1391 = CARTESIAN_POINT('',(-0.64,0.5,5.E-02));
#1392 = VECTOR('',#1393,1.);
#1393 = DIRECTION('',(-0.,1.,0.));
#1394 = ORIENTED_EDGE('',*,*,#1395,.F.);
#1395 = EDGE_CURVE('',#1396,#1388,#1398,.T.);
#1396 = VERTEX_POINT('',#1397);
#1397 = CARTESIAN_POINT('',(-0.64,0.53,5.E-02));
#1398 = LINE('',#1399,#1400);
#1399 = CARTESIAN_POINT('',(-0.64,0.5,5.E-02));
#1400 = VECTOR('',#1401,1.);
#1401 = DIRECTION('',(-0.,1.,0.));
#1402 = ORIENTED_EDGE('',*,*,#1403,.T.);
#1403 = EDGE_CURVE('',#1396,#1404,#1406,.T.);
#1404 = VERTEX_POINT('',#1405);
#1405 = CARTESIAN_POINT('',(-0.64,0.53,0.42));
#1406 = LINE('',#1407,#1408);
#1407 = CARTESIAN_POINT('',(-0.64,0.53,0.));
#1408 = VECTOR('',#1409,1.);
#1409 = DIRECTION('',(0.,0.,1.));
#1410 = ORIENTED_EDGE('',*,*,#1411,.F.);
#1411 = EDGE_CURVE('',#1362,#1404,#1412,.T.);
#1412 = LINE('',#1413,#1414);
#1413 = CARTESIAN_POINT('',(-0.64,0.5,0.42));
#1414 = VECTOR('',#1415,1.);
#1415 = DIRECTION('',(-0.,1.,0.));
#1416 = PLANE('',#1417);
#1417 = AXIS2_PLACEMENT_3D('',#1418,#1419,#1420);
#1418 = CARTESIAN_POINT('',(-0.64,0.663563829787,0.113563829787));
#1419 = DIRECTION('',(1.,0.,0.));
#1420 = DIRECTION('',(-0.,0.,1.));
#1421 = ADVANCED_FACE('',(#1422),#1464,.F.);
#1422 = FACE_BOUND('',#1423,.F.);
#1423 = EDGE_LOOP('',(#1424,#1425,#1433,#1441,#1449,#1457,#1463));
#1424 = ORIENTED_EDGE('',*,*,#632,.F.);
#1425 = ORIENTED_EDGE('',*,*,#1426,.T.);
#1426 = EDGE_CURVE('',#625,#1427,#1429,.T.);
#1427 = VERTEX_POINT('',#1428);
#1428 = CARTESIAN_POINT('',(-0.41,0.5,0.42));
#1429 = LINE('',#1430,#1431);
#1430 = CARTESIAN_POINT('',(-0.41,0.5,0.));
#1431 = VECTOR('',#1432,1.);
#1432 = DIRECTION('',(0.,0.,1.));
#1433 = ORIENTED_EDGE('',*,*,#1434,.T.);
#1434 = EDGE_CURVE('',#1427,#1435,#1437,.T.);
#1435 = VERTEX_POINT('',#1436);
#1436 = CARTESIAN_POINT('',(-0.41,0.53,0.42));
#1437 = LINE('',#1438,#1439);
#1438 = CARTESIAN_POINT('',(-0.41,0.5,0.42));
#1439 = VECTOR('',#1440,1.);
#1440 = DIRECTION('',(-0.,1.,0.));
#1441 = ORIENTED_EDGE('',*,*,#1442,.F.);
#1442 = EDGE_CURVE('',#1443,#1435,#1445,.T.);
#1443 = VERTEX_POINT('',#1444);
#1444 = CARTESIAN_POINT('',(-0.41,0.53,5.E-02));
#1445 = LINE('',#1446,#1447);
#1446 = CARTESIAN_POINT('',(-0.41,0.53,0.));
#1447 = VECTOR('',#1448,1.);
#1448 = DIRECTION('',(0.,0.,1.));
#1449 = ORIENTED_EDGE('',*,*,#1450,.T.);
#1450 = EDGE_CURVE('',#1443,#1451,#1453,.T.);
#1451 = VERTEX_POINT('',#1452);
#1452 = CARTESIAN_POINT('',(-0.41,0.74,5.E-02));
#1453 = LINE('',#1454,#1455);
#1454 = CARTESIAN_POINT('',(-0.41,0.5,5.E-02));
#1455 = VECTOR('',#1456,1.);
#1456 = DIRECTION('',(-0.,1.,0.));
#1457 = ORIENTED_EDGE('',*,*,#1458,.T.);
#1458 = EDGE_CURVE('',#1451,#1124,#1459,.T.);
#1459 = LINE('',#1460,#1461);
#1460 = CARTESIAN_POINT('',(-0.41,0.5,5.E-02));
#1461 = VECTOR('',#1462,1.);
#1462 = DIRECTION('',(-0.,1.,0.));
#1463 = ORIENTED_EDGE('',*,*,#1131,.F.);
#1464 = PLANE('',#1465);
#1465 = AXIS2_PLACEMENT_3D('',#1466,#1467,#1468);
#1466 = CARTESIAN_POINT('',(-0.41,0.663563829787,0.113563829787));
#1467 = DIRECTION('',(-1.,-0.,-0.));
#1468 = DIRECTION('',(0.,0.,-1.));
#1469 = ADVANCED_FACE('',(#1470),#1488,.T.);
#1470 = FACE_BOUND('',#1471,.F.);
#1471 = EDGE_LOOP('',(#1472,#1473,#1481,#1487));
#1472 = ORIENTED_EDGE('',*,*,#624,.T.);
#1473 = ORIENTED_EDGE('',*,*,#1474,.T.);
#1474 = EDGE_CURVE('',#617,#1475,#1477,.T.);
#1475 = VERTEX_POINT('',#1476);
#1476 = CARTESIAN_POINT('',(-0.29,0.5,0.42));
#1477 = LINE('',#1478,#1479);
#1478 = CARTESIAN_POINT('',(-0.29,0.5,0.));
#1479 = VECTOR('',#1480,1.);
#1480 = DIRECTION('',(0.,0.,1.));
#1481 = ORIENTED_EDGE('',*,*,#1482,.F.);
#1482 = EDGE_CURVE('',#1427,#1475,#1483,.T.);
#1483 = LINE('',#1484,#1485);
#1484 = CARTESIAN_POINT('',(-0.41,0.5,0.42));
#1485 = VECTOR('',#1486,1.);
#1486 = DIRECTION('',(1.,0.,-0.));
#1487 = ORIENTED_EDGE('',*,*,#1426,.F.);
#1488 = PLANE('',#1489);
#1489 = AXIS2_PLACEMENT_3D('',#1490,#1491,#1492);
#1490 = CARTESIAN_POINT('',(-0.41,0.5,0.));
#1491 = DIRECTION('',(-0.,1.,0.));
#1492 = DIRECTION('',(0.,0.,1.));
#1493 = ADVANCED_FACE('',(#1494),#1529,.F.);
#1494 = FACE_BOUND('',#1495,.F.);
#1495 = EDGE_LOOP('',(#1496,#1497,#1498,#1499,#1507,#1515,#1523));
#1496 = ORIENTED_EDGE('',*,*,#1474,.F.);
#1497 = ORIENTED_EDGE('',*,*,#616,.T.);
#1498 = ORIENTED_EDGE('',*,*,#1115,.F.);
#1499 = ORIENTED_EDGE('',*,*,#1500,.F.);
#1500 = EDGE_CURVE('',#1501,#1116,#1503,.T.);
#1501 = VERTEX_POINT('',#1502);
#1502 = CARTESIAN_POINT('',(-0.29,0.74,5.E-02));
#1503 = LINE('',#1504,#1505);
#1504 = CARTESIAN_POINT('',(-0.29,0.5,5.E-02));
#1505 = VECTOR('',#1506,1.);
#1506 = DIRECTION('',(-0.,1.,0.));
#1507 = ORIENTED_EDGE('',*,*,#1508,.F.);
#1508 = EDGE_CURVE('',#1509,#1501,#1511,.T.);
#1509 = VERTEX_POINT('',#1510);
#1510 = CARTESIAN_POINT('',(-0.29,0.53,5.E-02));
#1511 = LINE('',#1512,#1513);
#1512 = CARTESIAN_POINT('',(-0.29,0.5,5.E-02));
#1513 = VECTOR('',#1514,1.);
#1514 = DIRECTION('',(-0.,1.,0.));
#1515 = ORIENTED_EDGE('',*,*,#1516,.T.);
#1516 = EDGE_CURVE('',#1509,#1517,#1519,.T.);
#1517 = VERTEX_POINT('',#1518);
#1518 = CARTESIAN_POINT('',(-0.29,0.53,0.42));
#1519 = LINE('',#1520,#1521);
#1520 = CARTESIAN_POINT('',(-0.29,0.53,0.));
#1521 = VECTOR('',#1522,1.);
#1522 = DIRECTION('',(0.,0.,1.));
#1523 = ORIENTED_EDGE('',*,*,#1524,.F.);
#1524 = EDGE_CURVE('',#1475,#1517,#1525,.T.);
#1525 = LINE('',#1526,#1527);
#1526 = CARTESIAN_POINT('',(-0.29,0.5,0.42));
#1527 = VECTOR('',#1528,1.);
#1528 = DIRECTION('',(-0.,1.,0.));
#1529 = PLANE('',#1530);
#1530 = AXIS2_PLACEMENT_3D('',#1531,#1532,#1533);
#1531 = CARTESIAN_POINT('',(-0.29,0.663563829787,0.113563829787));
#1532 = DIRECTION('',(1.,0.,0.));
#1533 = DIRECTION('',(-0.,0.,1.));
#1534 = ADVANCED_FACE('',(#1535),#1577,.F.);
#1535 = FACE_BOUND('',#1536,.F.);
#1536 = EDGE_LOOP('',(#1537,#1538,#1546,#1554,#1562,#1570,#1576));
#1537 = ORIENTED_EDGE('',*,*,#600,.F.);
#1538 = ORIENTED_EDGE('',*,*,#1539,.T.);
#1539 = EDGE_CURVE('',#593,#1540,#1542,.T.);
#1540 = VERTEX_POINT('',#1541);
#1541 = CARTESIAN_POINT('',(-6.E-02,0.5,0.42));
#1542 = LINE('',#1543,#1544);
#1543 = CARTESIAN_POINT('',(-6.E-02,0.5,0.));
#1544 = VECTOR('',#1545,1.);
#1545 = DIRECTION('',(0.,0.,1.));
#1546 = ORIENTED_EDGE('',*,*,#1547,.T.);
#1547 = EDGE_CURVE('',#1540,#1548,#1550,.T.);
#1548 = VERTEX_POINT('',#1549);
#1549 = CARTESIAN_POINT('',(-6.E-02,0.53,0.42));
#1550 = LINE('',#1551,#1552);
#1551 = CARTESIAN_POINT('',(-6.E-02,0.5,0.42));
#1552 = VECTOR('',#1553,1.);
#1553 = DIRECTION('',(-0.,1.,0.));
#1554 = ORIENTED_EDGE('',*,*,#1555,.F.);
#1555 = EDGE_CURVE('',#1556,#1548,#1558,.T.);
#1556 = VERTEX_POINT('',#1557);
#1557 = CARTESIAN_POINT('',(-6.E-02,0.53,5.E-02));
#1558 = LINE('',#1559,#1560);
#1559 = CARTESIAN_POINT('',(-6.E-02,0.53,0.));
#1560 = VECTOR('',#1561,1.);
#1561 = DIRECTION('',(0.,0.,1.));
#1562 = ORIENTED_EDGE('',*,*,#1563,.T.);
#1563 = EDGE_CURVE('',#1556,#1564,#1566,.T.);
#1564 = VERTEX_POINT('',#1565);
#1565 = CARTESIAN_POINT('',(-6.E-02,0.74,5.E-02));
#1566 = LINE('',#1567,#1568);
#1567 = CARTESIAN_POINT('',(-6.E-02,0.5,5.E-02));
#1568 = VECTOR('',#1569,1.);
#1569 = DIRECTION('',(-0.,1.,0.));
#1570 = ORIENTED_EDGE('',*,*,#1571,.T.);
#1571 = EDGE_CURVE('',#1564,#1101,#1572,.T.);
#1572 = LINE('',#1573,#1574);
#1573 = CARTESIAN_POINT('',(-6.E-02,0.5,5.E-02));
#1574 = VECTOR('',#1575,1.);
#1575 = DIRECTION('',(-0.,1.,0.));
#1576 = ORIENTED_EDGE('',*,*,#1108,.F.);
#1577 = PLANE('',#1578);
#1578 = AXIS2_PLACEMENT_3D('',#1579,#1580,#1581);
#1579 = CARTESIAN_POINT('',(-6.E-02,0.663563829787,0.113563829787));
#1580 = DIRECTION('',(-1.,-0.,-0.));
#1581 = DIRECTION('',(0.,0.,-1.));
#1582 = ADVANCED_FACE('',(#1583),#1601,.T.);
#1583 = FACE_BOUND('',#1584,.F.);
#1584 = EDGE_LOOP('',(#1585,#1586,#1594,#1600));
#1585 = ORIENTED_EDGE('',*,*,#592,.T.);
#1586 = ORIENTED_EDGE('',*,*,#1587,.T.);
#1587 = EDGE_CURVE('',#585,#1588,#1590,.T.);
#1588 = VERTEX_POINT('',#1589);
#1589 = CARTESIAN_POINT('',(6.E-02,0.5,0.42));
#1590 = LINE('',#1591,#1592);
#1591 = CARTESIAN_POINT('',(6.E-02,0.5,0.));
#1592 = VECTOR('',#1593,1.);
#1593 = DIRECTION('',(0.,0.,1.));
#1594 = ORIENTED_EDGE('',*,*,#1595,.F.);
#1595 = EDGE_CURVE('',#1540,#1588,#1596,.T.);
#1596 = LINE('',#1597,#1598);
#1597 = CARTESIAN_POINT('',(-6.E-02,0.5,0.42));
#1598 = VECTOR('',#1599,1.);
#1599 = DIRECTION('',(1.,0.,-0.));
#1600 = ORIENTED_EDGE('',*,*,#1539,.F.);
#1601 = PLANE('',#1602);
#1602 = AXIS2_PLACEMENT_3D('',#1603,#1604,#1605);
#1603 = CARTESIAN_POINT('',(-6.E-02,0.5,0.));
#1604 = DIRECTION('',(-0.,1.,0.));
#1605 = DIRECTION('',(0.,0.,1.));
#1606 = ADVANCED_FACE('',(#1607),#1642,.F.);
#1607 = FACE_BOUND('',#1608,.F.);
#1608 = EDGE_LOOP('',(#1609,#1610,#1611,#1612,#1620,#1628,#1636));
#1609 = ORIENTED_EDGE('',*,*,#1587,.F.);
#1610 = ORIENTED_EDGE('',*,*,#584,.T.);
#1611 = ORIENTED_EDGE('',*,*,#1092,.F.);
#1612 = ORIENTED_EDGE('',*,*,#1613,.F.);
#1613 = EDGE_CURVE('',#1614,#1093,#1616,.T.);
#1614 = VERTEX_POINT('',#1615);
#1615 = CARTESIAN_POINT('',(6.E-02,0.74,5.E-02));
#1616 = LINE('',#1617,#1618);
#1617 = CARTESIAN_POINT('',(6.E-02,0.5,5.E-02));
#1618 = VECTOR('',#1619,1.);
#1619 = DIRECTION('',(-0.,1.,0.));
#1620 = ORIENTED_EDGE('',*,*,#1621,.F.);
#1621 = EDGE_CURVE('',#1622,#1614,#1624,.T.);
#1622 = VERTEX_POINT('',#1623);
#1623 = CARTESIAN_POINT('',(6.E-02,0.53,5.E-02));
#1624 = LINE('',#1625,#1626);
#1625 = CARTESIAN_POINT('',(6.E-02,0.5,5.E-02));
#1626 = VECTOR('',#1627,1.);
#1627 = DIRECTION('',(-0.,1.,0.));
#1628 = ORIENTED_EDGE('',*,*,#1629,.T.);
#1629 = EDGE_CURVE('',#1622,#1630,#1632,.T.);
#1630 = VERTEX_POINT('',#1631);
#1631 = CARTESIAN_POINT('',(6.E-02,0.53,0.42));
#1632 = LINE('',#1633,#1634);
#1633 = CARTESIAN_POINT('',(6.E-02,0.53,0.));
#1634 = VECTOR('',#1635,1.);
#1635 = DIRECTION('',(0.,0.,1.));
#1636 = ORIENTED_EDGE('',*,*,#1637,.F.);
#1637 = EDGE_CURVE('',#1588,#1630,#1638,.T.);
#1638 = LINE('',#1639,#1640);
#1639 = CARTESIAN_POINT('',(6.E-02,0.5,0.42));
#1640 = VECTOR('',#1641,1.);
#1641 = DIRECTION('',(-0.,1.,0.));
#1642 = PLANE('',#1643);
#1643 = AXIS2_PLACEMENT_3D('',#1644,#1645,#1646);
#1644 = CARTESIAN_POINT('',(6.E-02,0.663563829787,0.113563829787));
#1645 = DIRECTION('',(1.,0.,0.));
#1646 = DIRECTION('',(-0.,0.,1.));
#1647 = ADVANCED_FACE('',(#1648),#1690,.F.);
#1648 = FACE_BOUND('',#1649,.F.);
#1649 = EDGE_LOOP('',(#1650,#1651,#1659,#1667,#1675,#1683,#1689));
#1650 = ORIENTED_EDGE('',*,*,#568,.F.);
#1651 = ORIENTED_EDGE('',*,*,#1652,.T.);
#1652 = EDGE_CURVE('',#561,#1653,#1655,.T.);
#1653 = VERTEX_POINT('',#1654);
#1654 = CARTESIAN_POINT('',(0.29,0.5,0.42));
#1655 = LINE('',#1656,#1657);
#1656 = CARTESIAN_POINT('',(0.29,0.5,0.));
#1657 = VECTOR('',#1658,1.);
#1658 = DIRECTION('',(0.,0.,1.));
#1659 = ORIENTED_EDGE('',*,*,#1660,.T.);
#1660 = EDGE_CURVE('',#1653,#1661,#1663,.T.);
#1661 = VERTEX_POINT('',#1662);
#1662 = CARTESIAN_POINT('',(0.29,0.53,0.42));
#1663 = LINE('',#1664,#1665);
#1664 = CARTESIAN_POINT('',(0.29,0.5,0.42));
#1665 = VECTOR('',#1666,1.);
#1666 = DIRECTION('',(-0.,1.,0.));
#1667 = ORIENTED_EDGE('',*,*,#1668,.F.);
#1668 = EDGE_CURVE('',#1669,#1661,#1671,.T.);
#1669 = VERTEX_POINT('',#1670);
#1670 = CARTESIAN_POINT('',(0.29,0.53,5.E-02));
#1671 = LINE('',#1672,#1673);
#1672 = CARTESIAN_POINT('',(0.29,0.53,0.));
#1673 = VECTOR('',#1674,1.);
#1674 = DIRECTION('',(0.,0.,1.));
#1675 = ORIENTED_EDGE('',*,*,#1676,.T.);
#1676 = EDGE_CURVE('',#1669,#1677,#1679,.T.);
#1677 = VERTEX_POINT('',#1678);
#1678 = CARTESIAN_POINT('',(0.29,0.74,5.E-02));
#1679 = LINE('',#1680,#1681);
#1680 = CARTESIAN_POINT('',(0.29,0.5,5.E-02));
#1681 = VECTOR('',#1682,1.);
#1682 = DIRECTION('',(-0.,1.,0.));
#1683 = ORIENTED_EDGE('',*,*,#1684,.T.);
#1684 = EDGE_CURVE('',#1677,#1078,#1685,.T.);
#1685 = LINE('',#1686,#1687);
#1686 = CARTESIAN_POINT('',(0.29,0.5,5.E-02));
#1687 = VECTOR('',#1688,1.);
#1688 = DIRECTION('',(-0.,1.,0.));
#1689 = ORIENTED_EDGE('',*,*,#1085,.F.);
#1690 = PLANE('',#1691);
#1691 = AXIS2_PLACEMENT_3D('',#1692,#1693,#1694);
#1692 = CARTESIAN_POINT('',(0.29,0.663563829787,0.113563829787));
#1693 = DIRECTION('',(-1.,-0.,-0.));
#1694 = DIRECTION('',(0.,0.,-1.));
#1695 = ADVANCED_FACE('',(#1696),#1714,.T.);
#1696 = FACE_BOUND('',#1697,.F.);
#1697 = EDGE_LOOP('',(#1698,#1699,#1707,#1713));
#1698 = ORIENTED_EDGE('',*,*,#560,.T.);
#1699 = ORIENTED_EDGE('',*,*,#1700,.T.);
#1700 = EDGE_CURVE('',#553,#1701,#1703,.T.);
#1701 = VERTEX_POINT('',#1702);
#1702 = CARTESIAN_POINT('',(0.41,0.5,0.42));
#1703 = LINE('',#1704,#1705);
#1704 = CARTESIAN_POINT('',(0.41,0.5,0.));
#1705 = VECTOR('',#1706,1.);
#1706 = DIRECTION('',(0.,0.,1.));
#1707 = ORIENTED_EDGE('',*,*,#1708,.F.);
#1708 = EDGE_CURVE('',#1653,#1701,#1709,.T.);
#1709 = LINE('',#1710,#1711);
#1710 = CARTESIAN_POINT('',(0.29,0.5,0.42));
#1711 = VECTOR('',#1712,1.);
#1712 = DIRECTION('',(1.,0.,-0.));
#1713 = ORIENTED_EDGE('',*,*,#1652,.F.);
#1714 = PLANE('',#1715);
#1715 = AXIS2_PLACEMENT_3D('',#1716,#1717,#1718);
#1716 = CARTESIAN_POINT('',(0.29,0.5,0.));
#1717 = DIRECTION('',(-0.,1.,0.));
#1718 = DIRECTION('',(0.,0.,1.));
#1719 = ADVANCED_FACE('',(#1720),#1755,.F.);
#1720 = FACE_BOUND('',#1721,.F.);
#1721 = EDGE_LOOP('',(#1722,#1723,#1724,#1725,#1733,#1741,#1749));
#1722 = ORIENTED_EDGE('',*,*,#1700,.F.);
#1723 = ORIENTED_EDGE('',*,*,#552,.T.);
#1724 = ORIENTED_EDGE('',*,*,#1069,.F.);
#1725 = ORIENTED_EDGE('',*,*,#1726,.F.);
#1726 = EDGE_CURVE('',#1727,#1070,#1729,.T.);
#1727 = VERTEX_POINT('',#1728);
#1728 = CARTESIAN_POINT('',(0.41,0.74,5.E-02));
#1729 = LINE('',#1730,#1731);
#1730 = CARTESIAN_POINT('',(0.41,0.5,5.E-02));
#1731 = VECTOR('',#1732,1.);
#1732 = DIRECTION('',(-0.,1.,0.));
#1733 = ORIENTED_EDGE('',*,*,#1734,.F.);
#1734 = EDGE_CURVE('',#1735,#1727,#1737,.T.);
#1735 = VERTEX_POINT('',#1736);
#1736 = CARTESIAN_POINT('',(0.41,0.53,5.E-02));
#1737 = LINE('',#1738,#1739);
#1738 = CARTESIAN_POINT('',(0.41,0.5,5.E-02));
#1739 = VECTOR('',#1740,1.);
#1740 = DIRECTION('',(-0.,1.,0.));
#1741 = ORIENTED_EDGE('',*,*,#1742,.T.);
#1742 = EDGE_CURVE('',#1735,#1743,#1745,.T.);
#1743 = VERTEX_POINT('',#1744);
#1744 = CARTESIAN_POINT('',(0.41,0.53,0.42));
#1745 = LINE('',#1746,#1747);
#1746 = CARTESIAN_POINT('',(0.41,0.53,0.));
#1747 = VECTOR('',#1748,1.);
#1748 = DIRECTION('',(0.,0.,1.));
#1749 = ORIENTED_EDGE('',*,*,#1750,.F.);
#1750 = EDGE_CURVE('',#1701,#1743,#1751,.T.);
#1751 = LINE('',#1752,#1753);
#1752 = CARTESIAN_POINT('',(0.41,0.5,0.42));
#1753 = VECTOR('',#1754,1.);
#1754 = DIRECTION('',(-0.,1.,0.));
#1755 = PLANE('',#1756);
#1756 = AXIS2_PLACEMENT_3D('',#1757,#1758,#1759);
#1757 = CARTESIAN_POINT('',(0.41,0.663563829787,0.113563829787));
#1758 = DIRECTION('',(1.,0.,0.));
#1759 = DIRECTION('',(-0.,0.,1.));
#1760 = ADVANCED_FACE('',(#1761),#1803,.F.);
#1761 = FACE_BOUND('',#1762,.F.);
#1762 = EDGE_LOOP('',(#1763,#1764,#1772,#1780,#1788,#1796,#1802));
#1763 = ORIENTED_EDGE('',*,*,#536,.F.);
#1764 = ORIENTED_EDGE('',*,*,#1765,.T.);
#1765 = EDGE_CURVE('',#529,#1766,#1768,.T.);
#1766 = VERTEX_POINT('',#1767);
#1767 = CARTESIAN_POINT('',(0.64,0.5,0.42));
#1768 = LINE('',#1769,#1770);
#1769 = CARTESIAN_POINT('',(0.64,0.5,0.));
#1770 = VECTOR('',#1771,1.);
#1771 = DIRECTION('',(0.,0.,1.));
#1772 = ORIENTED_EDGE('',*,*,#1773,.T.);
#1773 = EDGE_CURVE('',#1766,#1774,#1776,.T.);
#1774 = VERTEX_POINT('',#1775);
#1775 = CARTESIAN_POINT('',(0.64,0.53,0.42));
#1776 = LINE('',#1777,#1778);
#1777 = CARTESIAN_POINT('',(0.64,0.5,0.42));
#1778 = VECTOR('',#1779,1.);
#1779 = DIRECTION('',(-0.,1.,0.));
#1780 = ORIENTED_EDGE('',*,*,#1781,.F.);
#1781 = EDGE_CURVE('',#1782,#1774,#1784,.T.);
#1782 = VERTEX_POINT('',#1783);
#1783 = CARTESIAN_POINT('',(0.64,0.53,5.E-02));
#1784 = LINE('',#1785,#1786);
#1785 = CARTESIAN_POINT('',(0.64,0.53,0.));
#1786 = VECTOR('',#1787,1.);
#1787 = DIRECTION('',(0.,0.,1.));
#1788 = ORIENTED_EDGE('',*,*,#1789,.T.);
#1789 = EDGE_CURVE('',#1782,#1790,#1792,.T.);
#1790 = VERTEX_POINT('',#1791);
#1791 = CARTESIAN_POINT('',(0.64,0.74,5.E-02));
#1792 = LINE('',#1793,#1794);
#1793 = CARTESIAN_POINT('',(0.64,0.5,5.E-02));
#1794 = VECTOR('',#1795,1.);
#1795 = DIRECTION('',(-0.,1.,0.));
#1796 = ORIENTED_EDGE('',*,*,#1797,.T.);
#1797 = EDGE_CURVE('',#1790,#1055,#1798,.T.);
#1798 = LINE('',#1799,#1800);
#1799 = CARTESIAN_POINT('',(0.64,0.5,5.E-02));
#1800 = VECTOR('',#1801,1.);
#1801 = DIRECTION('',(-0.,1.,0.));
#1802 = ORIENTED_EDGE('',*,*,#1062,.F.);
#1803 = PLANE('',#1804);
#1804 = AXIS2_PLACEMENT_3D('',#1805,#1806,#1807);
#1805 = CARTESIAN_POINT('',(0.64,0.663563829787,0.113563829787));
#1806 = DIRECTION('',(-1.,-0.,-0.));
#1807 = DIRECTION('',(0.,0.,-1.));
#1808 = ADVANCED_FACE('',(#1809),#1827,.T.);
#1809 = FACE_BOUND('',#1810,.F.);
#1810 = EDGE_LOOP('',(#1811,#1812,#1820,#1826));
#1811 = ORIENTED_EDGE('',*,*,#528,.T.);
#1812 = ORIENTED_EDGE('',*,*,#1813,.T.);
#1813 = EDGE_CURVE('',#521,#1814,#1816,.T.);
#1814 = VERTEX_POINT('',#1815);
#1815 = CARTESIAN_POINT('',(0.76,0.5,0.42));
#1816 = LINE('',#1817,#1818);
#1817 = CARTESIAN_POINT('',(0.76,0.5,0.));
#1818 = VECTOR('',#1819,1.);
#1819 = DIRECTION('',(0.,0.,1.));
#1820 = ORIENTED_EDGE('',*,*,#1821,.F.);
#1821 = EDGE_CURVE('',#1766,#1814,#1822,.T.);
#1822 = LINE('',#1823,#1824);
#1823 = CARTESIAN_POINT('',(0.64,0.5,0.42));
#1824 = VECTOR('',#1825,1.);
#1825 = DIRECTION('',(1.,0.,-0.));
#1826 = ORIENTED_EDGE('',*,*,#1765,.F.);
#1827 = PLANE('',#1828);
#1828 = AXIS2_PLACEMENT_3D('',#1829,#1830,#1831);
#1829 = CARTESIAN_POINT('',(0.64,0.5,0.));
#1830 = DIRECTION('',(-0.,1.,0.));
#1831 = DIRECTION('',(0.,0.,1.));
#1832 = ADVANCED_FACE('',(#1833),#1868,.F.);
#1833 = FACE_BOUND('',#1834,.F.);
#1834 = EDGE_LOOP('',(#1835,#1836,#1837,#1838,#1846,#1854,#1862));
#1835 = ORIENTED_EDGE('',*,*,#1813,.F.);
#1836 = ORIENTED_EDGE('',*,*,#520,.T.);
#1837 = ORIENTED_EDGE('',*,*,#1046,.F.);
#1838 = ORIENTED_EDGE('',*,*,#1839,.F.);
#1839 = EDGE_CURVE('',#1840,#1047,#1842,.T.);
#1840 = VERTEX_POINT('',#1841);
#1841 = CARTESIAN_POINT('',(0.76,0.74,5.E-02));
#1842 = LINE('',#1843,#1844);
#1843 = CARTESIAN_POINT('',(0.76,0.5,5.E-02));
#1844 = VECTOR('',#1845,1.);
#1845 = DIRECTION('',(-0.,1.,0.));
#1846 = ORIENTED_EDGE('',*,*,#1847,.F.);
#1847 = EDGE_CURVE('',#1848,#1840,#1850,.T.);
#1848 = VERTEX_POINT('',#1849);
#1849 = CARTESIAN_POINT('',(0.76,0.53,5.E-02));
#1850 = LINE('',#1851,#1852);
#1851 = CARTESIAN_POINT('',(0.76,0.5,5.E-02));
#1852 = VECTOR('',#1853,1.);
#1853 = DIRECTION('',(-0.,1.,0.));
#1854 = ORIENTED_EDGE('',*,*,#1855,.T.);
#1855 = EDGE_CURVE('',#1848,#1856,#1858,.T.);
#1856 = VERTEX_POINT('',#1857);
#1857 = CARTESIAN_POINT('',(0.76,0.53,0.42));
#1858 = LINE('',#1859,#1860);
#1859 = CARTESIAN_POINT('',(0.76,0.53,0.));
#1860 = VECTOR('',#1861,1.);
#1861 = DIRECTION('',(0.,0.,1.));
#1862 = ORIENTED_EDGE('',*,*,#1863,.F.);
#1863 = EDGE_CURVE('',#1814,#1856,#1864,.T.);
#1864 = LINE('',#1865,#1866);
#1865 = CARTESIAN_POINT('',(0.76,0.5,0.42));
#1866 = VECTOR('',#1867,1.);
#1867 = DIRECTION('',(-0.,1.,0.));
#1868 = PLANE('',#1869);
#1869 = AXIS2_PLACEMENT_3D('',#1870,#1871,#1872);
#1870 = CARTESIAN_POINT('',(0.76,0.663563829787,0.113563829787));
#1871 = DIRECTION('',(1.,0.,0.));
#1872 = DIRECTION('',(-0.,0.,1.));
#1873 = ADVANCED_FACE('',(#1874),#1916,.F.);
#1874 = FACE_BOUND('',#1875,.F.);
#1875 = EDGE_LOOP('',(#1876,#1877,#1885,#1893,#1901,#1909,#1915));
#1876 = ORIENTED_EDGE('',*,*,#504,.F.);
#1877 = ORIENTED_EDGE('',*,*,#1878,.T.);
#1878 = EDGE_CURVE('',#497,#1879,#1881,.T.);
#1879 = VERTEX_POINT('',#1880);
#1880 = CARTESIAN_POINT('',(1.05,0.5,0.42));
#1881 = LINE('',#1882,#1883);
#1882 = CARTESIAN_POINT('',(1.05,0.5,0.));
#1883 = VECTOR('',#1884,1.);
#1884 = DIRECTION('',(0.,0.,1.));
#1885 = ORIENTED_EDGE('',*,*,#1886,.T.);
#1886 = EDGE_CURVE('',#1879,#1887,#1889,.T.);
#1887 = VERTEX_POINT('',#1888);
#1888 = CARTESIAN_POINT('',(1.05,0.53,0.42));
#1889 = LINE('',#1890,#1891);
#1890 = CARTESIAN_POINT('',(1.05,0.5,0.42));
#1891 = VECTOR('',#1892,1.);
#1892 = DIRECTION('',(-0.,1.,0.));
#1893 = ORIENTED_EDGE('',*,*,#1894,.F.);
#1894 = EDGE_CURVE('',#1895,#1887,#1897,.T.);
#1895 = VERTEX_POINT('',#1896);
#1896 = CARTESIAN_POINT('',(1.05,0.53,5.E-02));
#1897 = LINE('',#1898,#1899);
#1898 = CARTESIAN_POINT('',(1.05,0.53,0.));
#1899 = VECTOR('',#1900,1.);
#1900 = DIRECTION('',(0.,0.,1.));
#1901 = ORIENTED_EDGE('',*,*,#1902,.T.);
#1902 = EDGE_CURVE('',#1895,#1903,#1905,.T.);
#1903 = VERTEX_POINT('',#1904);
#1904 = CARTESIAN_POINT('',(1.05,0.74,5.E-02));
#1905 = LINE('',#1906,#1907);
#1906 = CARTESIAN_POINT('',(1.05,0.5,5.E-02));
#1907 = VECTOR('',#1908,1.);
#1908 = DIRECTION('',(-0.,1.,0.));
#1909 = ORIENTED_EDGE('',*,*,#1910,.T.);
#1910 = EDGE_CURVE('',#1903,#1032,#1911,.T.);
#1911 = LINE('',#1912,#1913);
#1912 = CARTESIAN_POINT('',(1.05,0.5,5.E-02));
#1913 = VECTOR('',#1914,1.);
#1914 = DIRECTION('',(-0.,1.,0.));
#1915 = ORIENTED_EDGE('',*,*,#1039,.F.);
#1916 = PLANE('',#1917);
#1917 = AXIS2_PLACEMENT_3D('',#1918,#1919,#1920);
#1918 = CARTESIAN_POINT('',(1.05,0.663563829787,0.113563829787));
#1919 = DIRECTION('',(-1.,-0.,-0.));
#1920 = DIRECTION('',(0.,0.,-1.));
#1921 = ADVANCED_FACE('',(#1922),#1940,.T.);
#1922 = FACE_BOUND('',#1923,.F.);
#1923 = EDGE_LOOP('',(#1924,#1925,#1933,#1939));
#1924 = ORIENTED_EDGE('',*,*,#496,.T.);
#1925 = ORIENTED_EDGE('',*,*,#1926,.T.);
#1926 = EDGE_CURVE('',#489,#1927,#1929,.T.);
#1927 = VERTEX_POINT('',#1928);
#1928 = CARTESIAN_POINT('',(1.35,0.5,0.42));
#1929 = LINE('',#1930,#1931);
#1930 = CARTESIAN_POINT('',(1.35,0.5,0.));
#1931 = VECTOR('',#1932,1.);
#1932 = DIRECTION('',(0.,0.,1.));
#1933 = ORIENTED_EDGE('',*,*,#1934,.F.);
#1934 = EDGE_CURVE('',#1879,#1927,#1935,.T.);
#1935 = LINE('',#1936,#1937);
#1936 = CARTESIAN_POINT('',(1.05,0.5,0.42));
#1937 = VECTOR('',#1938,1.);
#1938 = DIRECTION('',(1.,0.,-0.));
#1939 = ORIENTED_EDGE('',*,*,#1878,.F.);
#1940 = PLANE('',#1941);
#1941 = AXIS2_PLACEMENT_3D('',#1942,#1943,#1944);
#1942 = CARTESIAN_POINT('',(1.05,0.5,0.));
#1943 = DIRECTION('',(-0.,1.,0.));
#1944 = DIRECTION('',(0.,0.,1.));
#1945 = ADVANCED_FACE('',(#1946),#1981,.F.);
#1946 = FACE_BOUND('',#1947,.F.);
#1947 = EDGE_LOOP('',(#1948,#1949,#1950,#1951,#1959,#1967,#1975));
#1948 = ORIENTED_EDGE('',*,*,#1926,.F.);
#1949 = ORIENTED_EDGE('',*,*,#488,.T.);
#1950 = ORIENTED_EDGE('',*,*,#1023,.F.);
#1951 = ORIENTED_EDGE('',*,*,#1952,.F.);
#1952 = EDGE_CURVE('',#1953,#1024,#1955,.T.);
#1953 = VERTEX_POINT('',#1954);
#1954 = CARTESIAN_POINT('',(1.35,0.74,5.E-02));
#1955 = LINE('',#1956,#1957);
#1956 = CARTESIAN_POINT('',(1.35,0.5,5.E-02));
#1957 = VECTOR('',#1958,1.);
#1958 = DIRECTION('',(-0.,1.,0.));
#1959 = ORIENTED_EDGE('',*,*,#1960,.F.);
#1960 = EDGE_CURVE('',#1961,#1953,#1963,.T.);
#1961 = VERTEX_POINT('',#1962);
#1962 = CARTESIAN_POINT('',(1.35,0.53,5.E-02));
#1963 = LINE('',#1964,#1965);
#1964 = CARTESIAN_POINT('',(1.35,0.5,5.E-02));
#1965 = VECTOR('',#1966,1.);
#1966 = DIRECTION('',(-0.,1.,0.));
#1967 = ORIENTED_EDGE('',*,*,#1968,.T.);
#1968 = EDGE_CURVE('',#1961,#1969,#1971,.T.);
#1969 = VERTEX_POINT('',#1970);
#1970 = CARTESIAN_POINT('',(1.35,0.53,0.42));
#1971 = LINE('',#1972,#1973);
#1972 = CARTESIAN_POINT('',(1.35,0.53,0.));
#1973 = VECTOR('',#1974,1.);
#1974 = DIRECTION('',(0.,0.,1.));
#1975 = ORIENTED_EDGE('',*,*,#1976,.F.);
#1976 = EDGE_CURVE('',#1927,#1969,#1977,.T.);
#1977 = LINE('',#1978,#1979);
#1978 = CARTESIAN_POINT('',(1.35,0.5,0.42));
#1979 = VECTOR('',#1980,1.);
#1980 = DIRECTION('',(-0.,1.,0.));
#1981 = PLANE('',#1982);
#1982 = AXIS2_PLACEMENT_3D('',#1983,#1984,#1985);
#1983 = CARTESIAN_POINT('',(1.35,0.663563829787,0.113563829787));
#1984 = DIRECTION('',(1.,0.,0.));
#1985 = DIRECTION('',(-0.,0.,1.));
#1986 = ADVANCED_FACE('',(#1987),#2005,.T.);
#1987 = FACE_BOUND('',#1988,.T.);
#1988 = EDGE_LOOP('',(#1989,#1997,#1998,#1999));
#1989 = ORIENTED_EDGE('',*,*,#1990,.F.);
#1990 = EDGE_CURVE('',#465,#1991,#1993,.T.);
#1991 = VERTEX_POINT('',#1992);
#1992 = CARTESIAN_POINT('',(1.96,0.86,8.E-02));
#1993 = LINE('',#1994,#1995);
#1994 = CARTESIAN_POINT('',(1.96,0.86,0.));
#1995 = VECTOR('',#1996,1.);
#1996 = DIRECTION('',(0.,0.,1.));
#1997 = ORIENTED_EDGE('',*,*,#472,.T.);
#1998 = ORIENTED_EDGE('',*,*,#1016,.F.);
#1999 = ORIENTED_EDGE('',*,*,#2000,.F.);
#2000 = EDGE_CURVE('',#1991,#1009,#2001,.T.);
#2001 = LINE('',#2002,#2003);
#2002 = CARTESIAN_POINT('',(1.96,0.86,8.E-02));
#2003 = VECTOR('',#2004,1.);
#2004 = DIRECTION('',(-0.,1.,0.));
#2005 = PLANE('',#2006);
#2006 = AXIS2_PLACEMENT_3D('',#2007,#2008,#2009);
#2007 = CARTESIAN_POINT('',(1.96,0.86,0.));
#2008 = DIRECTION('',(1.,0.,-0.));
#2009 = DIRECTION('',(0.,0.,1.));
#2010 = ADVANCED_FACE('',(#2011),#2077,.F.);
#2011 = FACE_BOUND('',#2012,.F.);
#2012 = EDGE_LOOP('',(#2013,#2021,#2022,#2023,#2031,#2039,#2047,#2055,
    #2063,#2071));
#2013 = ORIENTED_EDGE('',*,*,#2014,.T.);
#2014 = EDGE_CURVE('',#2015,#1991,#2017,.T.);
#2015 = VERTEX_POINT('',#2016);
#2016 = CARTESIAN_POINT('',(1.91,0.86,8.E-02));
#2017 = LINE('',#2018,#2019);
#2018 = CARTESIAN_POINT('',(1.91,0.86,8.E-02));
#2019 = VECTOR('',#2020,1.);
#2020 = DIRECTION('',(1.,0.,-0.));
#2021 = ORIENTED_EDGE('',*,*,#1990,.F.);
#2022 = ORIENTED_EDGE('',*,*,#464,.T.);
#2023 = ORIENTED_EDGE('',*,*,#2024,.T.);
#2024 = EDGE_CURVE('',#457,#2025,#2027,.T.);
#2025 = VERTEX_POINT('',#2026);
#2026 = CARTESIAN_POINT('',(2.56,0.86,8.E-02));
#2027 = LINE('',#2028,#2029);
#2028 = CARTESIAN_POINT('',(2.56,0.86,0.));
#2029 = VECTOR('',#2030,1.);
#2030 = DIRECTION('',(0.,0.,1.));
#2031 = ORIENTED_EDGE('',*,*,#2032,.T.);
#2032 = EDGE_CURVE('',#2025,#2033,#2035,.T.);
#2033 = VERTEX_POINT('',#2034);
#2034 = CARTESIAN_POINT('',(2.65,0.86,8.E-02));
#2035 = LINE('',#2036,#2037);
#2036 = CARTESIAN_POINT('',(1.91,0.86,8.E-02));
#2037 = VECTOR('',#2038,1.);
#2038 = DIRECTION('',(1.,0.,-0.));
#2039 = ORIENTED_EDGE('',*,*,#2040,.T.);
#2040 = EDGE_CURVE('',#2033,#2041,#2043,.T.);
#2041 = VERTEX_POINT('',#2042);
#2042 = CARTESIAN_POINT('',(2.65,0.86,0.45));
#2043 = LINE('',#2044,#2045);
#2044 = CARTESIAN_POINT('',(2.65,0.86,4.E-02));
#2045 = VECTOR('',#2046,1.);
#2046 = DIRECTION('',(0.,0.,1.));
#2047 = ORIENTED_EDGE('',*,*,#2048,.T.);
#2048 = EDGE_CURVE('',#2041,#2049,#2051,.T.);
#2049 = VERTEX_POINT('',#2050);
#2050 = CARTESIAN_POINT('',(2.35,0.86,0.45));
#2051 = LINE('',#2052,#2053);
#2052 = CARTESIAN_POINT('',(2.13,0.86,0.45));
#2053 = VECTOR('',#2054,1.);
#2054 = DIRECTION('',(-1.,-0.,0.));
#2055 = ORIENTED_EDGE('',*,*,#2056,.T.);
#2056 = EDGE_CURVE('',#2049,#2057,#2059,.T.);
#2057 = VERTEX_POINT('',#2058);
#2058 = CARTESIAN_POINT('',(2.35,0.86,0.53));
#2059 = LINE('',#2060,#2061);
#2060 = CARTESIAN_POINT('',(2.35,0.86,0.265));
#2061 = VECTOR('',#2062,1.);
#2062 = DIRECTION('',(0.,0.,1.));
#2063 = ORIENTED_EDGE('',*,*,#2064,.F.);
#2064 = EDGE_CURVE('',#2065,#2057,#2067,.T.);
#2065 = VERTEX_POINT('',#2066);
#2066 = CARTESIAN_POINT('',(1.91,0.86,0.53));
#2067 = LINE('',#2068,#2069);
#2068 = CARTESIAN_POINT('',(1.91,0.86,0.53));
#2069 = VECTOR('',#2070,1.);
#2070 = DIRECTION('',(1.,0.,-0.));
#2071 = ORIENTED_EDGE('',*,*,#2072,.F.);
#2072 = EDGE_CURVE('',#2015,#2065,#2073,.T.);
#2073 = LINE('',#2074,#2075);
#2074 = CARTESIAN_POINT('',(1.91,0.86,8.E-02));
#2075 = VECTOR('',#2076,1.);
#2076 = DIRECTION('',(0.,0.,1.));
#2077 = PLANE('',#2078);
#2078 = AXIS2_PLACEMENT_3D('',#2079,#2080,#2081);
#2079 = CARTESIAN_POINT('',(2.269291338583,0.86,0.259960629921));
#2080 = DIRECTION('',(-0.,-1.,-0.));
#2081 = DIRECTION('',(0.,0.,-1.));
#2082 = ADVANCED_FACE('',(#2083),#2101,.F.);
#2083 = FACE_BOUND('',#2084,.F.);
#2084 = EDGE_LOOP('',(#2085,#2086,#2087,#2095));
#2085 = ORIENTED_EDGE('',*,*,#2024,.F.);
#2086 = ORIENTED_EDGE('',*,*,#456,.T.);
#2087 = ORIENTED_EDGE('',*,*,#2088,.F.);
#2088 = EDGE_CURVE('',#2089,#449,#2091,.T.);
#2089 = VERTEX_POINT('',#2090);
#2090 = CARTESIAN_POINT('',(2.56,0.94,8.E-02));
#2091 = LINE('',#2092,#2093);
#2092 = CARTESIAN_POINT('',(2.56,0.94,0.));
#2093 = VECTOR('',#2094,1.);
#2094 = DIRECTION('',(-0.,0.,-1.));
#2095 = ORIENTED_EDGE('',*,*,#2096,.F.);
#2096 = EDGE_CURVE('',#2025,#2089,#2097,.T.);
#2097 = LINE('',#2098,#2099);
#2098 = CARTESIAN_POINT('',(2.56,0.86,8.E-02));
#2099 = VECTOR('',#2100,1.);
#2100 = DIRECTION('',(-0.,1.,0.));
#2101 = PLANE('',#2102);
#2102 = AXIS2_PLACEMENT_3D('',#2103,#2104,#2105);
#2103 = CARTESIAN_POINT('',(2.56,0.86,0.));
#2104 = DIRECTION('',(1.,0.,-0.));
#2105 = DIRECTION('',(0.,0.,1.));
#2106 = ADVANCED_FACE('',(#2107),#2125,.T.);
#2107 = FACE_BOUND('',#2108,.T.);
#2108 = EDGE_LOOP('',(#2109,#2117,#2118,#2119));
#2109 = ORIENTED_EDGE('',*,*,#2110,.F.);
#2110 = EDGE_CURVE('',#441,#2111,#2113,.T.);
#2111 = VERTEX_POINT('',#2112);
#2112 = CARTESIAN_POINT('',(2.65,0.94,8.E-02));
#2113 = LINE('',#2114,#2115);
#2114 = CARTESIAN_POINT('',(2.65,0.94,0.));
#2115 = VECTOR('',#2116,1.);
#2116 = DIRECTION('',(0.,0.,1.));
#2117 = ORIENTED_EDGE('',*,*,#448,.F.);
#2118 = ORIENTED_EDGE('',*,*,#2088,.F.);
#2119 = ORIENTED_EDGE('',*,*,#2120,.T.);
#2120 = EDGE_CURVE('',#2089,#2111,#2121,.T.);
#2121 = LINE('',#2122,#2123);
#2122 = CARTESIAN_POINT('',(1.91,0.94,8.E-02));
#2123 = VECTOR('',#2124,1.);
#2124 = DIRECTION('',(1.,0.,-0.));
#2125 = PLANE('',#2126);
#2126 = AXIS2_PLACEMENT_3D('',#2127,#2128,#2129);
#2127 = CARTESIAN_POINT('',(-2.73,0.94,0.));
#2128 = DIRECTION('',(-0.,1.,0.));
#2129 = DIRECTION('',(0.,0.,1.));
#2130 = ADVANCED_FACE('',(#2131),#2172,.T.);
#2131 = FACE_BOUND('',#2132,.T.);
#2132 = EDGE_LOOP('',(#2133,#2141,#2142,#2143,#2149,#2150,#2158,#2166));
#2133 = ORIENTED_EDGE('',*,*,#2134,.F.);
#2134 = EDGE_CURVE('',#433,#2135,#2137,.T.);
#2135 = VERTEX_POINT('',#2136);
#2136 = CARTESIAN_POINT('',(2.65,-0.94,8.E-02));
#2137 = LINE('',#2138,#2139);
#2138 = CARTESIAN_POINT('',(2.65,-0.94,0.));
#2139 = VECTOR('',#2140,1.);
#2140 = DIRECTION('',(0.,0.,1.));
#2141 = ORIENTED_EDGE('',*,*,#440,.T.);
#2142 = ORIENTED_EDGE('',*,*,#2110,.T.);
#2143 = ORIENTED_EDGE('',*,*,#2144,.T.);
#2144 = EDGE_CURVE('',#2111,#2033,#2145,.T.);
#2145 = LINE('',#2146,#2147);
#2146 = CARTESIAN_POINT('',(2.65,-4.E-02,8.E-02));
#2147 = VECTOR('',#2148,1.);
#2148 = DIRECTION('',(0.,-1.,0.));
#2149 = ORIENTED_EDGE('',*,*,#2040,.T.);
#2150 = ORIENTED_EDGE('',*,*,#2151,.T.);
#2151 = EDGE_CURVE('',#2041,#2152,#2154,.T.);
#2152 = VERTEX_POINT('',#2153);
#2153 = CARTESIAN_POINT('',(2.65,-0.86,0.45));
#2154 = LINE('',#2155,#2156);
#2155 = CARTESIAN_POINT('',(2.65,-0.94,0.45));
#2156 = VECTOR('',#2157,1.);
#2157 = DIRECTION('',(0.,-1.,0.));
#2158 = ORIENTED_EDGE('',*,*,#2159,.F.);
#2159 = EDGE_CURVE('',#2160,#2152,#2162,.T.);
#2160 = VERTEX_POINT('',#2161);
#2161 = CARTESIAN_POINT('',(2.65,-0.86,8.E-02));
#2162 = LINE('',#2163,#2164);
#2163 = CARTESIAN_POINT('',(2.65,-0.86,4.E-02));
#2164 = VECTOR('',#2165,1.);
#2165 = DIRECTION('',(0.,0.,1.));
#2166 = ORIENTED_EDGE('',*,*,#2167,.T.);
#2167 = EDGE_CURVE('',#2160,#2135,#2168,.T.);
#2168 = LINE('',#2169,#2170);
#2169 = CARTESIAN_POINT('',(2.65,-0.94,8.E-02));
#2170 = VECTOR('',#2171,1.);
#2171 = DIRECTION('',(0.,-1.,0.));
#2172 = PLANE('',#2173);
#2173 = AXIS2_PLACEMENT_3D('',#2174,#2175,#2176);
#2174 = CARTESIAN_POINT('',(2.65,-0.94,0.));
#2175 = DIRECTION('',(1.,0.,-0.));
#2176 = DIRECTION('',(0.,0.,1.));
#2177 = ADVANCED_FACE('',(#2178),#2196,.F.);
#2178 = FACE_BOUND('',#2179,.F.);
#2179 = EDGE_LOOP('',(#2180,#2181,#2182,#2190));
#2180 = ORIENTED_EDGE('',*,*,#2134,.F.);
#2181 = ORIENTED_EDGE('',*,*,#432,.F.);
#2182 = ORIENTED_EDGE('',*,*,#2183,.F.);
#2183 = EDGE_CURVE('',#2184,#425,#2186,.T.);
#2184 = VERTEX_POINT('',#2185);
#2185 = CARTESIAN_POINT('',(2.56,-0.94,8.E-02));
#2186 = LINE('',#2187,#2188);
#2187 = CARTESIAN_POINT('',(2.56,-0.94,0.));
#2188 = VECTOR('',#2189,1.);
#2189 = DIRECTION('',(-0.,0.,-1.));
#2190 = ORIENTED_EDGE('',*,*,#2191,.T.);
#2191 = EDGE_CURVE('',#2184,#2135,#2192,.T.);
#2192 = LINE('',#2193,#2194);
#2193 = CARTESIAN_POINT('',(1.91,-0.94,8.E-02));
#2194 = VECTOR('',#2195,1.);
#2195 = DIRECTION('',(1.,0.,-0.));
#2196 = PLANE('',#2197);
#2197 = AXIS2_PLACEMENT_3D('',#2198,#2199,#2200);
#2198 = CARTESIAN_POINT('',(-2.73,-0.94,0.));
#2199 = DIRECTION('',(-0.,1.,0.));
#2200 = DIRECTION('',(0.,0.,1.));
#2201 = ADVANCED_FACE('',(#2202),#2220,.F.);
#2202 = FACE_BOUND('',#2203,.F.);
#2203 = EDGE_LOOP('',(#2204,#2212,#2213,#2214));
#2204 = ORIENTED_EDGE('',*,*,#2205,.F.);
#2205 = EDGE_CURVE('',#2184,#2206,#2208,.T.);
#2206 = VERTEX_POINT('',#2207);
#2207 = CARTESIAN_POINT('',(2.56,-0.86,8.E-02));
#2208 = LINE('',#2209,#2210);
#2209 = CARTESIAN_POINT('',(2.56,-1.04,8.E-02));
#2210 = VECTOR('',#2211,1.);
#2211 = DIRECTION('',(-0.,1.,0.));
#2212 = ORIENTED_EDGE('',*,*,#2183,.T.);
#2213 = ORIENTED_EDGE('',*,*,#424,.T.);
#2214 = ORIENTED_EDGE('',*,*,#2215,.T.);
#2215 = EDGE_CURVE('',#417,#2206,#2216,.T.);
#2216 = LINE('',#2217,#2218);
#2217 = CARTESIAN_POINT('',(2.56,-0.86,0.));
#2218 = VECTOR('',#2219,1.);
#2219 = DIRECTION('',(0.,0.,1.));
#2220 = PLANE('',#2221);
#2221 = AXIS2_PLACEMENT_3D('',#2222,#2223,#2224);
#2222 = CARTESIAN_POINT('',(2.56,-1.04,0.));
#2223 = DIRECTION('',(1.,0.,-0.));
#2224 = DIRECTION('',(0.,0.,1.));
#2225 = ADVANCED_FACE('',(#2226),#2283,.F.);
#2226 = FACE_BOUND('',#2227,.F.);
#2227 = EDGE_LOOP('',(#2228,#2238,#2246,#2254,#2262,#2268,#2269,#2275,
    #2276,#2277));
#2228 = ORIENTED_EDGE('',*,*,#2229,.F.);
#2229 = EDGE_CURVE('',#2230,#2232,#2234,.T.);
#2230 = VERTEX_POINT('',#2231);
#2231 = CARTESIAN_POINT('',(1.91,-0.86,8.E-02));
#2232 = VERTEX_POINT('',#2233);
#2233 = CARTESIAN_POINT('',(1.96,-0.86,8.E-02));
#2234 = LINE('',#2235,#2236);
#2235 = CARTESIAN_POINT('',(1.91,-0.86,8.E-02));
#2236 = VECTOR('',#2237,1.);
#2237 = DIRECTION('',(1.,0.,-0.));
#2238 = ORIENTED_EDGE('',*,*,#2239,.T.);
#2239 = EDGE_CURVE('',#2230,#2240,#2242,.T.);
#2240 = VERTEX_POINT('',#2241);
#2241 = CARTESIAN_POINT('',(1.91,-0.86,0.53));
#2242 = LINE('',#2243,#2244);
#2243 = CARTESIAN_POINT('',(1.91,-0.86,8.E-02));
#2244 = VECTOR('',#2245,1.);
#2245 = DIRECTION('',(0.,0.,1.));
#2246 = ORIENTED_EDGE('',*,*,#2247,.T.);
#2247 = EDGE_CURVE('',#2240,#2248,#2250,.T.);
#2248 = VERTEX_POINT('',#2249);
#2249 = CARTESIAN_POINT('',(2.35,-0.86,0.53));
#2250 = LINE('',#2251,#2252);
#2251 = CARTESIAN_POINT('',(1.91,-0.86,0.53));
#2252 = VECTOR('',#2253,1.);
#2253 = DIRECTION('',(1.,0.,-0.));
#2254 = ORIENTED_EDGE('',*,*,#2255,.F.);
#2255 = EDGE_CURVE('',#2256,#2248,#2258,.T.);
#2256 = VERTEX_POINT('',#2257);
#2257 = CARTESIAN_POINT('',(2.35,-0.86,0.45));
#2258 = LINE('',#2259,#2260);
#2259 = CARTESIAN_POINT('',(2.35,-0.86,0.265));
#2260 = VECTOR('',#2261,1.);
#2261 = DIRECTION('',(0.,0.,1.));
#2262 = ORIENTED_EDGE('',*,*,#2263,.F.);
#2263 = EDGE_CURVE('',#2152,#2256,#2264,.T.);
#2264 = LINE('',#2265,#2266);
#2265 = CARTESIAN_POINT('',(2.13,-0.86,0.45));
#2266 = VECTOR('',#2267,1.);
#2267 = DIRECTION('',(-1.,-0.,0.));
#2268 = ORIENTED_EDGE('',*,*,#2159,.F.);
#2269 = ORIENTED_EDGE('',*,*,#2270,.F.);
#2270 = EDGE_CURVE('',#2206,#2160,#2271,.T.);
#2271 = LINE('',#2272,#2273);
#2272 = CARTESIAN_POINT('',(1.91,-0.86,8.E-02));
#2273 = VECTOR('',#2274,1.);
#2274 = DIRECTION('',(1.,0.,-0.));
#2275 = ORIENTED_EDGE('',*,*,#2215,.F.);
#2276 = ORIENTED_EDGE('',*,*,#416,.F.);
#2277 = ORIENTED_EDGE('',*,*,#2278,.T.);
#2278 = EDGE_CURVE('',#409,#2232,#2279,.T.);
#2279 = LINE('',#2280,#2281);
#2280 = CARTESIAN_POINT('',(1.96,-0.86,0.));
#2281 = VECTOR('',#2282,1.);
#2282 = DIRECTION('',(0.,0.,1.));
#2283 = PLANE('',#2284);
#2284 = AXIS2_PLACEMENT_3D('',#2285,#2286,#2287);
#2285 = CARTESIAN_POINT('',(2.269291338583,-0.86,0.259960629921));
#2286 = DIRECTION('',(0.,1.,0.));
#2287 = DIRECTION('',(0.,-0.,1.));
#2288 = ADVANCED_FACE('',(#2289),#2307,.T.);
#2289 = FACE_BOUND('',#2290,.T.);
#2290 = EDGE_LOOP('',(#2291,#2299,#2305,#2306));
#2291 = ORIENTED_EDGE('',*,*,#2292,.F.);
#2292 = EDGE_CURVE('',#2293,#2232,#2295,.T.);
#2293 = VERTEX_POINT('',#2294);
#2294 = CARTESIAN_POINT('',(1.96,-0.94,8.E-02));
#2295 = LINE('',#2296,#2297);
#2296 = CARTESIAN_POINT('',(1.96,-1.04,8.E-02));
#2297 = VECTOR('',#2298,1.);
#2298 = DIRECTION('',(-0.,1.,0.));
#2299 = ORIENTED_EDGE('',*,*,#2300,.T.);
#2300 = EDGE_CURVE('',#2293,#401,#2301,.T.);
#2301 = LINE('',#2302,#2303);
#2302 = CARTESIAN_POINT('',(1.96,-0.94,0.));
#2303 = VECTOR('',#2304,1.);
#2304 = DIRECTION('',(-0.,0.,-1.));
#2305 = ORIENTED_EDGE('',*,*,#408,.T.);
#2306 = ORIENTED_EDGE('',*,*,#2278,.T.);
#2307 = PLANE('',#2308);
#2308 = AXIS2_PLACEMENT_3D('',#2309,#2310,#2311);
#2309 = CARTESIAN_POINT('',(1.96,-1.04,0.));
#2310 = DIRECTION('',(1.,0.,-0.));
#2311 = DIRECTION('',(0.,0.,1.));
#2312 = ADVANCED_FACE('',(#2313),#2524,.F.);
#2313 = FACE_BOUND('',#2314,.F.);
#2314 = EDGE_LOOP('',(#2315,#2325,#2333,#2341,#2347,#2348,#2349,#2357,
    #2365,#2371,#2372,#2380,#2388,#2394,#2395,#2403,#2411,#2417,#2418,
    #2426,#2434,#2440,#2441,#2449,#2457,#2463,#2464,#2472,#2480,#2486,
    #2487,#2495,#2503,#2509,#2510,#2518));
#2315 = ORIENTED_EDGE('',*,*,#2316,.T.);
#2316 = EDGE_CURVE('',#2317,#2319,#2321,.T.);
#2317 = VERTEX_POINT('',#2318);
#2318 = CARTESIAN_POINT('',(-1.91,-0.94,8.E-02));
#2319 = VERTEX_POINT('',#2320);
#2320 = CARTESIAN_POINT('',(-1.91,-0.94,0.53));
#2321 = LINE('',#2322,#2323);
#2322 = CARTESIAN_POINT('',(-1.91,-0.94,8.E-02));
#2323 = VECTOR('',#2324,1.);
#2324 = DIRECTION('',(0.,0.,1.));
#2325 = ORIENTED_EDGE('',*,*,#2326,.T.);
#2326 = EDGE_CURVE('',#2319,#2327,#2329,.T.);
#2327 = VERTEX_POINT('',#2328);
#2328 = CARTESIAN_POINT('',(1.91,-0.94,0.53));
#2329 = LINE('',#2330,#2331);
#2330 = CARTESIAN_POINT('',(-2.73,-0.94,0.53));
#2331 = VECTOR('',#2332,1.);
#2332 = DIRECTION('',(1.,0.,-0.));
#2333 = ORIENTED_EDGE('',*,*,#2334,.F.);
#2334 = EDGE_CURVE('',#2335,#2327,#2337,.T.);
#2335 = VERTEX_POINT('',#2336);
#2336 = CARTESIAN_POINT('',(1.91,-0.94,8.E-02));
#2337 = LINE('',#2338,#2339);
#2338 = CARTESIAN_POINT('',(1.91,-0.94,8.E-02));
#2339 = VECTOR('',#2340,1.);
#2340 = DIRECTION('',(0.,0.,1.));
#2341 = ORIENTED_EDGE('',*,*,#2342,.T.);
#2342 = EDGE_CURVE('',#2335,#2293,#2343,.T.);
#2343 = LINE('',#2344,#2345);
#2344 = CARTESIAN_POINT('',(1.91,-0.94,8.E-02));
#2345 = VECTOR('',#2346,1.);
#2346 = DIRECTION('',(1.,0.,-0.));
#2347 = ORIENTED_EDGE('',*,*,#2300,.T.);
#2348 = ORIENTED_EDGE('',*,*,#400,.F.);
#2349 = ORIENTED_EDGE('',*,*,#2350,.F.);
#2350 = EDGE_CURVE('',#2351,#393,#2353,.T.);
#2351 = VERTEX_POINT('',#2352);
#2352 = CARTESIAN_POINT('',(1.35,-0.94,5.E-02));
#2353 = LINE('',#2354,#2355);
#2354 = CARTESIAN_POINT('',(1.35,-0.94,5.678191489362E-02));
#2355 = VECTOR('',#2356,1.);
#2356 = DIRECTION('',(0.,0.,-1.));
#2357 = ORIENTED_EDGE('',*,*,#2358,.F.);
#2358 = EDGE_CURVE('',#2359,#2351,#2361,.T.);
#2359 = VERTEX_POINT('',#2360);
#2360 = CARTESIAN_POINT('',(1.05,-0.94,5.E-02));
#2361 = LINE('',#2362,#2363);
#2362 = CARTESIAN_POINT('',(-0.84,-0.94,5.E-02));
#2363 = VECTOR('',#2364,1.);
#2364 = DIRECTION('',(1.,0.,-0.));
#2365 = ORIENTED_EDGE('',*,*,#2366,.F.);
#2366 = EDGE_CURVE('',#369,#2359,#2367,.T.);
#2367 = LINE('',#2368,#2369);
#2368 = CARTESIAN_POINT('',(1.05,-0.94,5.678191489362E-02));
#2369 = VECTOR('',#2370,1.);
#2370 = DIRECTION('',(0.,-0.,1.));
#2371 = ORIENTED_EDGE('',*,*,#368,.F.);
#2372 = ORIENTED_EDGE('',*,*,#2373,.F.);
#2373 = EDGE_CURVE('',#2374,#361,#2376,.T.);
#2374 = VERTEX_POINT('',#2375);
#2375 = CARTESIAN_POINT('',(0.76,-0.94,5.E-02));
#2376 = LINE('',#2377,#2378);
#2377 = CARTESIAN_POINT('',(0.76,-0.94,5.678191489362E-02));
#2378 = VECTOR('',#2379,1.);
#2379 = DIRECTION('',(0.,0.,-1.));
#2380 = ORIENTED_EDGE('',*,*,#2381,.F.);
#2381 = EDGE_CURVE('',#2382,#2374,#2384,.T.);
#2382 = VERTEX_POINT('',#2383);
#2383 = CARTESIAN_POINT('',(0.64,-0.94,5.E-02));
#2384 = LINE('',#2385,#2386);
#2385 = CARTESIAN_POINT('',(-1.045,-0.94,5.E-02));
#2386 = VECTOR('',#2387,1.);
#2387 = DIRECTION('',(1.,0.,-0.));
#2388 = ORIENTED_EDGE('',*,*,#2389,.F.);
#2389 = EDGE_CURVE('',#337,#2382,#2390,.T.);
#2390 = LINE('',#2391,#2392);
#2391 = CARTESIAN_POINT('',(0.64,-0.94,5.678191489362E-02));
#2392 = VECTOR('',#2393,1.);
#2393 = DIRECTION('',(0.,-0.,1.));
#2394 = ORIENTED_EDGE('',*,*,#336,.F.);
#2395 = ORIENTED_EDGE('',*,*,#2396,.F.);
#2396 = EDGE_CURVE('',#2397,#329,#2399,.T.);
#2397 = VERTEX_POINT('',#2398);
#2398 = CARTESIAN_POINT('',(0.41,-0.94,5.E-02));
#2399 = LINE('',#2400,#2401);
#2400 = CARTESIAN_POINT('',(0.41,-0.94,5.678191489362E-02));
#2401 = VECTOR('',#2402,1.);
#2402 = DIRECTION('',(0.,0.,-1.));
#2403 = ORIENTED_EDGE('',*,*,#2404,.F.);
#2404 = EDGE_CURVE('',#2405,#2397,#2407,.T.);
#2405 = VERTEX_POINT('',#2406);
#2406 = CARTESIAN_POINT('',(0.29,-0.94,5.E-02));
#2407 = LINE('',#2408,#2409);
#2408 = CARTESIAN_POINT('',(-1.22,-0.94,5.E-02));
#2409 = VECTOR('',#2410,1.);
#2410 = DIRECTION('',(1.,0.,-0.));
#2411 = ORIENTED_EDGE('',*,*,#2412,.F.);
#2412 = EDGE_CURVE('',#305,#2405,#2413,.T.);
#2413 = LINE('',#2414,#2415);
#2414 = CARTESIAN_POINT('',(0.29,-0.94,5.678191489362E-02));
#2415 = VECTOR('',#2416,1.);
#2416 = DIRECTION('',(0.,-0.,1.));
#2417 = ORIENTED_EDGE('',*,*,#304,.F.);
#2418 = ORIENTED_EDGE('',*,*,#2419,.F.);
#2419 = EDGE_CURVE('',#2420,#297,#2422,.T.);
#2420 = VERTEX_POINT('',#2421);
#2421 = CARTESIAN_POINT('',(6.E-02,-0.94,5.E-02));
#2422 = LINE('',#2423,#2424);
#2423 = CARTESIAN_POINT('',(6.E-02,-0.94,5.678191489362E-02));
#2424 = VECTOR('',#2425,1.);
#2425 = DIRECTION('',(0.,0.,-1.));
#2426 = ORIENTED_EDGE('',*,*,#2427,.F.);
#2427 = EDGE_CURVE('',#2428,#2420,#2430,.T.);
#2428 = VERTEX_POINT('',#2429);
#2429 = CARTESIAN_POINT('',(-6.E-02,-0.94,5.E-02));
#2430 = LINE('',#2431,#2432);
#2431 = CARTESIAN_POINT('',(-1.395,-0.94,5.E-02));
#2432 = VECTOR('',#2433,1.);
#2433 = DIRECTION('',(1.,0.,-0.));
#2434 = ORIENTED_EDGE('',*,*,#2435,.F.);
#2435 = EDGE_CURVE('',#273,#2428,#2436,.T.);
#2436 = LINE('',#2437,#2438);
#2437 = CARTESIAN_POINT('',(-6.E-02,-0.94,5.678191489362E-02));
#2438 = VECTOR('',#2439,1.);
#2439 = DIRECTION('',(0.,-0.,1.));
#2440 = ORIENTED_EDGE('',*,*,#272,.F.);
#2441 = ORIENTED_EDGE('',*,*,#2442,.F.);
#2442 = EDGE_CURVE('',#2443,#265,#2445,.T.);
#2443 = VERTEX_POINT('',#2444);
#2444 = CARTESIAN_POINT('',(-0.29,-0.94,5.E-02));
#2445 = LINE('',#2446,#2447);
#2446 = CARTESIAN_POINT('',(-0.29,-0.94,5.678191489362E-02));
#2447 = VECTOR('',#2448,1.);
#2448 = DIRECTION('',(0.,0.,-1.));
#2449 = ORIENTED_EDGE('',*,*,#2450,.F.);
#2450 = EDGE_CURVE('',#2451,#2443,#2453,.T.);
#2451 = VERTEX_POINT('',#2452);
#2452 = CARTESIAN_POINT('',(-0.41,-0.94,5.E-02));
#2453 = LINE('',#2454,#2455);
#2454 = CARTESIAN_POINT('',(-1.57,-0.94,5.E-02));
#2455 = VECTOR('',#2456,1.);
#2456 = DIRECTION('',(1.,0.,-0.));
#2457 = ORIENTED_EDGE('',*,*,#2458,.F.);
#2458 = EDGE_CURVE('',#241,#2451,#2459,.T.);
#2459 = LINE('',#2460,#2461);
#2460 = CARTESIAN_POINT('',(-0.41,-0.94,5.678191489362E-02));
#2461 = VECTOR('',#2462,1.);
#2462 = DIRECTION('',(0.,-0.,1.));
#2463 = ORIENTED_EDGE('',*,*,#240,.F.);
#2464 = ORIENTED_EDGE('',*,*,#2465,.F.);
#2465 = EDGE_CURVE('',#2466,#233,#2468,.T.);
#2466 = VERTEX_POINT('',#2467);
#2467 = CARTESIAN_POINT('',(-0.64,-0.94,5.E-02));
#2468 = LINE('',#2469,#2470);
#2469 = CARTESIAN_POINT('',(-0.64,-0.94,5.678191489362E-02));
#2470 = VECTOR('',#2471,1.);
#2471 = DIRECTION('',(0.,0.,-1.));
#2472 = ORIENTED_EDGE('',*,*,#2473,.F.);
#2473 = EDGE_CURVE('',#2474,#2466,#2476,.T.);
#2474 = VERTEX_POINT('',#2475);
#2475 = CARTESIAN_POINT('',(-0.76,-0.94,5.E-02));
#2476 = LINE('',#2477,#2478);
#2477 = CARTESIAN_POINT('',(-1.745,-0.94,5.E-02));
#2478 = VECTOR('',#2479,1.);
#2479 = DIRECTION('',(1.,0.,-0.));
#2480 = ORIENTED_EDGE('',*,*,#2481,.F.);
#2481 = EDGE_CURVE('',#209,#2474,#2482,.T.);
#2482 = LINE('',#2483,#2484);
#2483 = CARTESIAN_POINT('',(-0.76,-0.94,5.678191489362E-02));
#2484 = VECTOR('',#2485,1.);
#2485 = DIRECTION('',(0.,-0.,1.));
#2486 = ORIENTED_EDGE('',*,*,#208,.F.);
#2487 = ORIENTED_EDGE('',*,*,#2488,.F.);
#2488 = EDGE_CURVE('',#2489,#201,#2491,.T.);
#2489 = VERTEX_POINT('',#2490);
#2490 = CARTESIAN_POINT('',(-1.05,-0.94,5.E-02));
#2491 = LINE('',#2492,#2493);
#2492 = CARTESIAN_POINT('',(-1.05,-0.94,5.678191489362E-02));
#2493 = VECTOR('',#2494,1.);
#2494 = DIRECTION('',(0.,0.,-1.));
#2495 = ORIENTED_EDGE('',*,*,#2496,.F.);
#2496 = EDGE_CURVE('',#2497,#2489,#2499,.T.);
#2497 = VERTEX_POINT('',#2498);
#2498 = CARTESIAN_POINT('',(-1.35,-0.94,5.E-02));
#2499 = LINE('',#2500,#2501);
#2500 = CARTESIAN_POINT('',(-2.04,-0.94,5.E-02));
#2501 = VECTOR('',#2502,1.);
#2502 = DIRECTION('',(1.,0.,-0.));
#2503 = ORIENTED_EDGE('',*,*,#2504,.F.);
#2504 = EDGE_CURVE('',#177,#2497,#2505,.T.);
#2505 = LINE('',#2506,#2507);
#2506 = CARTESIAN_POINT('',(-1.35,-0.94,5.678191489362E-02));
#2507 = VECTOR('',#2508,1.);
#2508 = DIRECTION('',(0.,-0.,1.));
#2509 = ORIENTED_EDGE('',*,*,#176,.F.);
#2510 = ORIENTED_EDGE('',*,*,#2511,.F.);
#2511 = EDGE_CURVE('',#2512,#169,#2514,.T.);
#2512 = VERTEX_POINT('',#2513);
#2513 = CARTESIAN_POINT('',(-1.96,-0.94,8.E-02));
#2514 = LINE('',#2515,#2516);
#2515 = CARTESIAN_POINT('',(-1.96,-0.94,0.));
#2516 = VECTOR('',#2517,1.);
#2517 = DIRECTION('',(-0.,0.,-1.));
#2518 = ORIENTED_EDGE('',*,*,#2519,.T.);
#2519 = EDGE_CURVE('',#2512,#2317,#2520,.T.);
#2520 = LINE('',#2521,#2522);
#2521 = CARTESIAN_POINT('',(-2.73,-0.94,8.E-02));
#2522 = VECTOR('',#2523,1.);
#2523 = DIRECTION('',(1.,0.,-0.));
#2524 = PLANE('',#2525);
#2525 = AXIS2_PLACEMENT_3D('',#2526,#2527,#2528);
#2526 = CARTESIAN_POINT('',(-2.73,-0.94,0.));
#2527 = DIRECTION('',(-0.,1.,0.));
#2528 = DIRECTION('',(0.,0.,1.));
#2529 = ADVANCED_FACE('',(#2530),#2572,.F.);
#2530 = FACE_BOUND('',#2531,.F.);
#2531 = EDGE_LOOP('',(#2532,#2533,#2541,#2549,#2557,#2565,#2571));
#2532 = ORIENTED_EDGE('',*,*,#392,.T.);
#2533 = ORIENTED_EDGE('',*,*,#2534,.T.);
#2534 = EDGE_CURVE('',#385,#2535,#2537,.T.);
#2535 = VERTEX_POINT('',#2536);
#2536 = CARTESIAN_POINT('',(1.35,-0.5,0.42));
#2537 = LINE('',#2538,#2539);
#2538 = CARTESIAN_POINT('',(1.35,-0.5,0.));
#2539 = VECTOR('',#2540,1.);
#2540 = DIRECTION('',(0.,0.,1.));
#2541 = ORIENTED_EDGE('',*,*,#2542,.F.);
#2542 = EDGE_CURVE('',#2543,#2535,#2545,.T.);
#2543 = VERTEX_POINT('',#2544);
#2544 = CARTESIAN_POINT('',(1.35,-0.53,0.42));
#2545 = LINE('',#2546,#2547);
#2546 = CARTESIAN_POINT('',(1.35,-0.53,0.42));
#2547 = VECTOR('',#2548,1.);
#2548 = DIRECTION('',(-0.,1.,0.));
#2549 = ORIENTED_EDGE('',*,*,#2550,.F.);
#2550 = EDGE_CURVE('',#2551,#2543,#2553,.T.);
#2551 = VERTEX_POINT('',#2552);
#2552 = CARTESIAN_POINT('',(1.35,-0.53,5.E-02));
#2553 = LINE('',#2554,#2555);
#2554 = CARTESIAN_POINT('',(1.35,-0.53,0.));
#2555 = VECTOR('',#2556,1.);
#2556 = DIRECTION('',(0.,0.,1.));
#2557 = ORIENTED_EDGE('',*,*,#2558,.F.);
#2558 = EDGE_CURVE('',#2559,#2551,#2561,.T.);
#2559 = VERTEX_POINT('',#2560);
#2560 = CARTESIAN_POINT('',(1.35,-0.74,5.E-02));
#2561 = LINE('',#2562,#2563);
#2562 = CARTESIAN_POINT('',(1.35,-1.02,5.E-02));
#2563 = VECTOR('',#2564,1.);
#2564 = DIRECTION('',(-0.,1.,0.));
#2565 = ORIENTED_EDGE('',*,*,#2566,.F.);
#2566 = EDGE_CURVE('',#2351,#2559,#2567,.T.);
#2567 = LINE('',#2568,#2569);
#2568 = CARTESIAN_POINT('',(1.35,-1.02,5.E-02));
#2569 = VECTOR('',#2570,1.);
#2570 = DIRECTION('',(-0.,1.,0.));
#2571 = ORIENTED_EDGE('',*,*,#2350,.T.);
#2572 = PLANE('',#2573);
#2573 = AXIS2_PLACEMENT_3D('',#2574,#2575,#2576);
#2574 = CARTESIAN_POINT('',(1.35,-0.663563829787,0.113563829787));
#2575 = DIRECTION('',(1.,0.,0.));
#2576 = DIRECTION('',(-0.,0.,1.));
#2577 = ADVANCED_FACE('',(#2578),#2596,.F.);
#2578 = FACE_BOUND('',#2579,.F.);
#2579 = EDGE_LOOP('',(#2580,#2581,#2589,#2595));
#2580 = ORIENTED_EDGE('',*,*,#384,.F.);
#2581 = ORIENTED_EDGE('',*,*,#2582,.T.);
#2582 = EDGE_CURVE('',#377,#2583,#2585,.T.);
#2583 = VERTEX_POINT('',#2584);
#2584 = CARTESIAN_POINT('',(1.05,-0.5,0.42));
#2585 = LINE('',#2586,#2587);
#2586 = CARTESIAN_POINT('',(1.05,-0.5,0.));
#2587 = VECTOR('',#2588,1.);
#2588 = DIRECTION('',(0.,0.,1.));
#2589 = ORIENTED_EDGE('',*,*,#2590,.T.);
#2590 = EDGE_CURVE('',#2583,#2535,#2591,.T.);
#2591 = LINE('',#2592,#2593);
#2592 = CARTESIAN_POINT('',(1.05,-0.5,0.42));
#2593 = VECTOR('',#2594,1.);
#2594 = DIRECTION('',(1.,0.,-0.));
#2595 = ORIENTED_EDGE('',*,*,#2534,.F.);
#2596 = PLANE('',#2597);
#2597 = AXIS2_PLACEMENT_3D('',#2598,#2599,#2600);
#2598 = CARTESIAN_POINT('',(1.05,-0.5,0.));
#2599 = DIRECTION('',(-0.,1.,0.));
#2600 = DIRECTION('',(0.,0.,1.));
#2601 = ADVANCED_FACE('',(#2602),#2637,.F.);
#2602 = FACE_BOUND('',#2603,.F.);
#2603 = EDGE_LOOP('',(#2604,#2605,#2606,#2614,#2622,#2630,#2636));
#2604 = ORIENTED_EDGE('',*,*,#376,.F.);
#2605 = ORIENTED_EDGE('',*,*,#2366,.T.);
#2606 = ORIENTED_EDGE('',*,*,#2607,.T.);
#2607 = EDGE_CURVE('',#2359,#2608,#2610,.T.);
#2608 = VERTEX_POINT('',#2609);
#2609 = CARTESIAN_POINT('',(1.05,-0.74,5.E-02));
#2610 = LINE('',#2611,#2612);
#2611 = CARTESIAN_POINT('',(1.05,-1.02,5.E-02));
#2612 = VECTOR('',#2613,1.);
#2613 = DIRECTION('',(-0.,1.,0.));
#2614 = ORIENTED_EDGE('',*,*,#2615,.T.);
#2615 = EDGE_CURVE('',#2608,#2616,#2618,.T.);
#2616 = VERTEX_POINT('',#2617);
#2617 = CARTESIAN_POINT('',(1.05,-0.53,5.E-02));
#2618 = LINE('',#2619,#2620);
#2619 = CARTESIAN_POINT('',(1.05,-1.02,5.E-02));
#2620 = VECTOR('',#2621,1.);
#2621 = DIRECTION('',(-0.,1.,0.));
#2622 = ORIENTED_EDGE('',*,*,#2623,.T.);
#2623 = EDGE_CURVE('',#2616,#2624,#2626,.T.);
#2624 = VERTEX_POINT('',#2625);
#2625 = CARTESIAN_POINT('',(1.05,-0.53,0.42));
#2626 = LINE('',#2627,#2628);
#2627 = CARTESIAN_POINT('',(1.05,-0.53,0.));
#2628 = VECTOR('',#2629,1.);
#2629 = DIRECTION('',(0.,0.,1.));
#2630 = ORIENTED_EDGE('',*,*,#2631,.T.);
#2631 = EDGE_CURVE('',#2624,#2583,#2632,.T.);
#2632 = LINE('',#2633,#2634);
#2633 = CARTESIAN_POINT('',(1.05,-0.53,0.42));
#2634 = VECTOR('',#2635,1.);
#2635 = DIRECTION('',(-0.,1.,0.));
#2636 = ORIENTED_EDGE('',*,*,#2582,.F.);
#2637 = PLANE('',#2638);
#2638 = AXIS2_PLACEMENT_3D('',#2639,#2640,#2641);
#2639 = CARTESIAN_POINT('',(1.05,-0.663563829787,0.113563829787));
#2640 = DIRECTION('',(-1.,-0.,-0.));
#2641 = DIRECTION('',(0.,0.,-1.));
#2642 = ADVANCED_FACE('',(#2643),#2685,.F.);
#2643 = FACE_BOUND('',#2644,.F.);
#2644 = EDGE_LOOP('',(#2645,#2646,#2654,#2662,#2670,#2678,#2684));
#2645 = ORIENTED_EDGE('',*,*,#360,.T.);
#2646 = ORIENTED_EDGE('',*,*,#2647,.T.);
#2647 = EDGE_CURVE('',#353,#2648,#2650,.T.);
#2648 = VERTEX_POINT('',#2649);
#2649 = CARTESIAN_POINT('',(0.76,-0.5,0.42));
#2650 = LINE('',#2651,#2652);
#2651 = CARTESIAN_POINT('',(0.76,-0.5,0.));
#2652 = VECTOR('',#2653,1.);
#2653 = DIRECTION('',(0.,0.,1.));
#2654 = ORIENTED_EDGE('',*,*,#2655,.F.);
#2655 = EDGE_CURVE('',#2656,#2648,#2658,.T.);
#2656 = VERTEX_POINT('',#2657);
#2657 = CARTESIAN_POINT('',(0.76,-0.53,0.42));
#2658 = LINE('',#2659,#2660);
#2659 = CARTESIAN_POINT('',(0.76,-0.53,0.42));
#2660 = VECTOR('',#2661,1.);
#2661 = DIRECTION('',(-0.,1.,0.));
#2662 = ORIENTED_EDGE('',*,*,#2663,.F.);
#2663 = EDGE_CURVE('',#2664,#2656,#2666,.T.);
#2664 = VERTEX_POINT('',#2665);
#2665 = CARTESIAN_POINT('',(0.76,-0.53,5.E-02));
#2666 = LINE('',#2667,#2668);
#2667 = CARTESIAN_POINT('',(0.76,-0.53,0.));
#2668 = VECTOR('',#2669,1.);
#2669 = DIRECTION('',(0.,0.,1.));
#2670 = ORIENTED_EDGE('',*,*,#2671,.F.);
#2671 = EDGE_CURVE('',#2672,#2664,#2674,.T.);
#2672 = VERTEX_POINT('',#2673);
#2673 = CARTESIAN_POINT('',(0.76,-0.74,5.E-02));
#2674 = LINE('',#2675,#2676);
#2675 = CARTESIAN_POINT('',(0.76,-1.02,5.E-02));
#2676 = VECTOR('',#2677,1.);
#2677 = DIRECTION('',(-0.,1.,0.));
#2678 = ORIENTED_EDGE('',*,*,#2679,.F.);
#2679 = EDGE_CURVE('',#2374,#2672,#2680,.T.);
#2680 = LINE('',#2681,#2682);
#2681 = CARTESIAN_POINT('',(0.76,-1.02,5.E-02));
#2682 = VECTOR('',#2683,1.);
#2683 = DIRECTION('',(-0.,1.,0.));
#2684 = ORIENTED_EDGE('',*,*,#2373,.T.);
#2685 = PLANE('',#2686);
#2686 = AXIS2_PLACEMENT_3D('',#2687,#2688,#2689);
#2687 = CARTESIAN_POINT('',(0.76,-0.663563829787,0.113563829787));
#2688 = DIRECTION('',(1.,0.,0.));
#2689 = DIRECTION('',(-0.,0.,1.));
#2690 = ADVANCED_FACE('',(#2691),#2709,.F.);
#2691 = FACE_BOUND('',#2692,.F.);
#2692 = EDGE_LOOP('',(#2693,#2694,#2702,#2708));
#2693 = ORIENTED_EDGE('',*,*,#352,.F.);
#2694 = ORIENTED_EDGE('',*,*,#2695,.T.);
#2695 = EDGE_CURVE('',#345,#2696,#2698,.T.);
#2696 = VERTEX_POINT('',#2697);
#2697 = CARTESIAN_POINT('',(0.64,-0.5,0.42));
#2698 = LINE('',#2699,#2700);
#2699 = CARTESIAN_POINT('',(0.64,-0.5,0.));
#2700 = VECTOR('',#2701,1.);
#2701 = DIRECTION('',(0.,0.,1.));
#2702 = ORIENTED_EDGE('',*,*,#2703,.T.);
#2703 = EDGE_CURVE('',#2696,#2648,#2704,.T.);
#2704 = LINE('',#2705,#2706);
#2705 = CARTESIAN_POINT('',(0.64,-0.5,0.42));
#2706 = VECTOR('',#2707,1.);
#2707 = DIRECTION('',(1.,0.,-0.));
#2708 = ORIENTED_EDGE('',*,*,#2647,.F.);
#2709 = PLANE('',#2710);
#2710 = AXIS2_PLACEMENT_3D('',#2711,#2712,#2713);
#2711 = CARTESIAN_POINT('',(0.64,-0.5,0.));
#2712 = DIRECTION('',(-0.,1.,0.));
#2713 = DIRECTION('',(0.,0.,1.));
#2714 = ADVANCED_FACE('',(#2715),#2750,.F.);
#2715 = FACE_BOUND('',#2716,.F.);
#2716 = EDGE_LOOP('',(#2717,#2718,#2719,#2727,#2735,#2743,#2749));
#2717 = ORIENTED_EDGE('',*,*,#344,.F.);
#2718 = ORIENTED_EDGE('',*,*,#2389,.T.);
#2719 = ORIENTED_EDGE('',*,*,#2720,.T.);
#2720 = EDGE_CURVE('',#2382,#2721,#2723,.T.);
#2721 = VERTEX_POINT('',#2722);
#2722 = CARTESIAN_POINT('',(0.64,-0.74,5.E-02));
#2723 = LINE('',#2724,#2725);
#2724 = CARTESIAN_POINT('',(0.64,-1.02,5.E-02));
#2725 = VECTOR('',#2726,1.);
#2726 = DIRECTION('',(-0.,1.,0.));
#2727 = ORIENTED_EDGE('',*,*,#2728,.T.);
#2728 = EDGE_CURVE('',#2721,#2729,#2731,.T.);
#2729 = VERTEX_POINT('',#2730);
#2730 = CARTESIAN_POINT('',(0.64,-0.53,5.E-02));
#2731 = LINE('',#2732,#2733);
#2732 = CARTESIAN_POINT('',(0.64,-1.02,5.E-02));
#2733 = VECTOR('',#2734,1.);
#2734 = DIRECTION('',(-0.,1.,0.));
#2735 = ORIENTED_EDGE('',*,*,#2736,.T.);
#2736 = EDGE_CURVE('',#2729,#2737,#2739,.T.);
#2737 = VERTEX_POINT('',#2738);
#2738 = CARTESIAN_POINT('',(0.64,-0.53,0.42));
#2739 = LINE('',#2740,#2741);
#2740 = CARTESIAN_POINT('',(0.64,-0.53,0.));
#2741 = VECTOR('',#2742,1.);
#2742 = DIRECTION('',(0.,0.,1.));
#2743 = ORIENTED_EDGE('',*,*,#2744,.T.);
#2744 = EDGE_CURVE('',#2737,#2696,#2745,.T.);
#2745 = LINE('',#2746,#2747);
#2746 = CARTESIAN_POINT('',(0.64,-0.53,0.42));
#2747 = VECTOR('',#2748,1.);
#2748 = DIRECTION('',(-0.,1.,0.));
#2749 = ORIENTED_EDGE('',*,*,#2695,.F.);
#2750 = PLANE('',#2751);
#2751 = AXIS2_PLACEMENT_3D('',#2752,#2753,#2754);
#2752 = CARTESIAN_POINT('',(0.64,-0.663563829787,0.113563829787));
#2753 = DIRECTION('',(-1.,-0.,-0.));
#2754 = DIRECTION('',(0.,0.,-1.));
#2755 = ADVANCED_FACE('',(#2756),#2798,.F.);
#2756 = FACE_BOUND('',#2757,.F.);
#2757 = EDGE_LOOP('',(#2758,#2759,#2767,#2775,#2783,#2791,#2797));
#2758 = ORIENTED_EDGE('',*,*,#328,.T.);
#2759 = ORIENTED_EDGE('',*,*,#2760,.T.);
#2760 = EDGE_CURVE('',#321,#2761,#2763,.T.);
#2761 = VERTEX_POINT('',#2762);
#2762 = CARTESIAN_POINT('',(0.41,-0.5,0.42));
#2763 = LINE('',#2764,#2765);
#2764 = CARTESIAN_POINT('',(0.41,-0.5,0.));
#2765 = VECTOR('',#2766,1.);
#2766 = DIRECTION('',(0.,0.,1.));
#2767 = ORIENTED_EDGE('',*,*,#2768,.F.);
#2768 = EDGE_CURVE('',#2769,#2761,#2771,.T.);
#2769 = VERTEX_POINT('',#2770);
#2770 = CARTESIAN_POINT('',(0.41,-0.53,0.42));
#2771 = LINE('',#2772,#2773);
#2772 = CARTESIAN_POINT('',(0.41,-0.53,0.42));
#2773 = VECTOR('',#2774,1.);
#2774 = DIRECTION('',(-0.,1.,0.));
#2775 = ORIENTED_EDGE('',*,*,#2776,.F.);
#2776 = EDGE_CURVE('',#2777,#2769,#2779,.T.);
#2777 = VERTEX_POINT('',#2778);
#2778 = CARTESIAN_POINT('',(0.41,-0.53,5.E-02));
#2779 = LINE('',#2780,#2781);
#2780 = CARTESIAN_POINT('',(0.41,-0.53,0.));
#2781 = VECTOR('',#2782,1.);
#2782 = DIRECTION('',(0.,0.,1.));
#2783 = ORIENTED_EDGE('',*,*,#2784,.F.);
#2784 = EDGE_CURVE('',#2785,#2777,#2787,.T.);
#2785 = VERTEX_POINT('',#2786);
#2786 = CARTESIAN_POINT('',(0.41,-0.74,5.E-02));
#2787 = LINE('',#2788,#2789);
#2788 = CARTESIAN_POINT('',(0.41,-1.02,5.E-02));
#2789 = VECTOR('',#2790,1.);
#2790 = DIRECTION('',(-0.,1.,0.));
#2791 = ORIENTED_EDGE('',*,*,#2792,.F.);
#2792 = EDGE_CURVE('',#2397,#2785,#2793,.T.);
#2793 = LINE('',#2794,#2795);
#2794 = CARTESIAN_POINT('',(0.41,-1.02,5.E-02));
#2795 = VECTOR('',#2796,1.);
#2796 = DIRECTION('',(-0.,1.,0.));
#2797 = ORIENTED_EDGE('',*,*,#2396,.T.);
#2798 = PLANE('',#2799);
#2799 = AXIS2_PLACEMENT_3D('',#2800,#2801,#2802);
#2800 = CARTESIAN_POINT('',(0.41,-0.663563829787,0.113563829787));
#2801 = DIRECTION('',(1.,0.,0.));
#2802 = DIRECTION('',(-0.,0.,1.));
#2803 = ADVANCED_FACE('',(#2804),#2822,.F.);
#2804 = FACE_BOUND('',#2805,.F.);
#2805 = EDGE_LOOP('',(#2806,#2807,#2815,#2821));
#2806 = ORIENTED_EDGE('',*,*,#320,.F.);
#2807 = ORIENTED_EDGE('',*,*,#2808,.T.);
#2808 = EDGE_CURVE('',#313,#2809,#2811,.T.);
#2809 = VERTEX_POINT('',#2810);
#2810 = CARTESIAN_POINT('',(0.29,-0.5,0.42));
#2811 = LINE('',#2812,#2813);
#2812 = CARTESIAN_POINT('',(0.29,-0.5,0.));
#2813 = VECTOR('',#2814,1.);
#2814 = DIRECTION('',(0.,0.,1.));
#2815 = ORIENTED_EDGE('',*,*,#2816,.T.);
#2816 = EDGE_CURVE('',#2809,#2761,#2817,.T.);
#2817 = LINE('',#2818,#2819);
#2818 = CARTESIAN_POINT('',(0.29,-0.5,0.42));
#2819 = VECTOR('',#2820,1.);
#2820 = DIRECTION('',(1.,0.,-0.));
#2821 = ORIENTED_EDGE('',*,*,#2760,.F.);
#2822 = PLANE('',#2823);
#2823 = AXIS2_PLACEMENT_3D('',#2824,#2825,#2826);
#2824 = CARTESIAN_POINT('',(0.29,-0.5,0.));
#2825 = DIRECTION('',(-0.,1.,0.));
#2826 = DIRECTION('',(0.,0.,1.));
#2827 = ADVANCED_FACE('',(#2828),#2863,.F.);
#2828 = FACE_BOUND('',#2829,.F.);
#2829 = EDGE_LOOP('',(#2830,#2831,#2832,#2840,#2848,#2856,#2862));
#2830 = ORIENTED_EDGE('',*,*,#312,.F.);
#2831 = ORIENTED_EDGE('',*,*,#2412,.T.);
#2832 = ORIENTED_EDGE('',*,*,#2833,.T.);
#2833 = EDGE_CURVE('',#2405,#2834,#2836,.T.);
#2834 = VERTEX_POINT('',#2835);
#2835 = CARTESIAN_POINT('',(0.29,-0.74,5.E-02));
#2836 = LINE('',#2837,#2838);
#2837 = CARTESIAN_POINT('',(0.29,-1.02,5.E-02));
#2838 = VECTOR('',#2839,1.);
#2839 = DIRECTION('',(-0.,1.,0.));
#2840 = ORIENTED_EDGE('',*,*,#2841,.T.);
#2841 = EDGE_CURVE('',#2834,#2842,#2844,.T.);
#2842 = VERTEX_POINT('',#2843);
#2843 = CARTESIAN_POINT('',(0.29,-0.53,5.E-02));
#2844 = LINE('',#2845,#2846);
#2845 = CARTESIAN_POINT('',(0.29,-1.02,5.E-02));
#2846 = VECTOR('',#2847,1.);
#2847 = DIRECTION('',(-0.,1.,0.));
#2848 = ORIENTED_EDGE('',*,*,#2849,.T.);
#2849 = EDGE_CURVE('',#2842,#2850,#2852,.T.);
#2850 = VERTEX_POINT('',#2851);
#2851 = CARTESIAN_POINT('',(0.29,-0.53,0.42));
#2852 = LINE('',#2853,#2854);
#2853 = CARTESIAN_POINT('',(0.29,-0.53,0.));
#2854 = VECTOR('',#2855,1.);
#2855 = DIRECTION('',(0.,0.,1.));
#2856 = ORIENTED_EDGE('',*,*,#2857,.T.);
#2857 = EDGE_CURVE('',#2850,#2809,#2858,.T.);
#2858 = LINE('',#2859,#2860);
#2859 = CARTESIAN_POINT('',(0.29,-0.53,0.42));
#2860 = VECTOR('',#2861,1.);
#2861 = DIRECTION('',(-0.,1.,0.));
#2862 = ORIENTED_EDGE('',*,*,#2808,.F.);
#2863 = PLANE('',#2864);
#2864 = AXIS2_PLACEMENT_3D('',#2865,#2866,#2867);
#2865 = CARTESIAN_POINT('',(0.29,-0.663563829787,0.113563829787));
#2866 = DIRECTION('',(-1.,-0.,-0.));
#2867 = DIRECTION('',(0.,0.,-1.));
#2868 = ADVANCED_FACE('',(#2869),#2911,.F.);
#2869 = FACE_BOUND('',#2870,.F.);
#2870 = EDGE_LOOP('',(#2871,#2872,#2880,#2888,#2896,#2904,#2910));
#2871 = ORIENTED_EDGE('',*,*,#296,.T.);
#2872 = ORIENTED_EDGE('',*,*,#2873,.T.);
#2873 = EDGE_CURVE('',#289,#2874,#2876,.T.);
#2874 = VERTEX_POINT('',#2875);
#2875 = CARTESIAN_POINT('',(6.E-02,-0.5,0.42));
#2876 = LINE('',#2877,#2878);
#2877 = CARTESIAN_POINT('',(6.E-02,-0.5,0.));
#2878 = VECTOR('',#2879,1.);
#2879 = DIRECTION('',(0.,0.,1.));
#2880 = ORIENTED_EDGE('',*,*,#2881,.F.);
#2881 = EDGE_CURVE('',#2882,#2874,#2884,.T.);
#2882 = VERTEX_POINT('',#2883);
#2883 = CARTESIAN_POINT('',(6.E-02,-0.53,0.42));
#2884 = LINE('',#2885,#2886);
#2885 = CARTESIAN_POINT('',(6.E-02,-0.53,0.42));
#2886 = VECTOR('',#2887,1.);
#2887 = DIRECTION('',(-0.,1.,0.));
#2888 = ORIENTED_EDGE('',*,*,#2889,.F.);
#2889 = EDGE_CURVE('',#2890,#2882,#2892,.T.);
#2890 = VERTEX_POINT('',#2891);
#2891 = CARTESIAN_POINT('',(6.E-02,-0.53,5.E-02));
#2892 = LINE('',#2893,#2894);
#2893 = CARTESIAN_POINT('',(6.E-02,-0.53,0.));
#2894 = VECTOR('',#2895,1.);
#2895 = DIRECTION('',(0.,0.,1.));
#2896 = ORIENTED_EDGE('',*,*,#2897,.F.);
#2897 = EDGE_CURVE('',#2898,#2890,#2900,.T.);
#2898 = VERTEX_POINT('',#2899);
#2899 = CARTESIAN_POINT('',(6.E-02,-0.74,5.E-02));
#2900 = LINE('',#2901,#2902);
#2901 = CARTESIAN_POINT('',(6.E-02,-1.02,5.E-02));
#2902 = VECTOR('',#2903,1.);
#2903 = DIRECTION('',(-0.,1.,0.));
#2904 = ORIENTED_EDGE('',*,*,#2905,.F.);
#2905 = EDGE_CURVE('',#2420,#2898,#2906,.T.);
#2906 = LINE('',#2907,#2908);
#2907 = CARTESIAN_POINT('',(6.E-02,-1.02,5.E-02));
#2908 = VECTOR('',#2909,1.);
#2909 = DIRECTION('',(-0.,1.,0.));
#2910 = ORIENTED_EDGE('',*,*,#2419,.T.);
#2911 = PLANE('',#2912);
#2912 = AXIS2_PLACEMENT_3D('',#2913,#2914,#2915);
#2913 = CARTESIAN_POINT('',(6.E-02,-0.663563829787,0.113563829787));
#2914 = DIRECTION('',(1.,0.,0.));
#2915 = DIRECTION('',(-0.,0.,1.));
#2916 = ADVANCED_FACE('',(#2917),#2935,.F.);
#2917 = FACE_BOUND('',#2918,.F.);
#2918 = EDGE_LOOP('',(#2919,#2920,#2928,#2934));
#2919 = ORIENTED_EDGE('',*,*,#288,.F.);
#2920 = ORIENTED_EDGE('',*,*,#2921,.T.);
#2921 = EDGE_CURVE('',#281,#2922,#2924,.T.);
#2922 = VERTEX_POINT('',#2923);
#2923 = CARTESIAN_POINT('',(-6.E-02,-0.5,0.42));
#2924 = LINE('',#2925,#2926);
#2925 = CARTESIAN_POINT('',(-6.E-02,-0.5,0.));
#2926 = VECTOR('',#2927,1.);
#2927 = DIRECTION('',(0.,0.,1.));
#2928 = ORIENTED_EDGE('',*,*,#2929,.T.);
#2929 = EDGE_CURVE('',#2922,#2874,#2930,.T.);
#2930 = LINE('',#2931,#2932);
#2931 = CARTESIAN_POINT('',(-6.E-02,-0.5,0.42));
#2932 = VECTOR('',#2933,1.);
#2933 = DIRECTION('',(1.,0.,-0.));
#2934 = ORIENTED_EDGE('',*,*,#2873,.F.);
#2935 = PLANE('',#2936);
#2936 = AXIS2_PLACEMENT_3D('',#2937,#2938,#2939);
#2937 = CARTESIAN_POINT('',(-6.E-02,-0.5,0.));
#2938 = DIRECTION('',(-0.,1.,0.));
#2939 = DIRECTION('',(0.,0.,1.));
#2940 = ADVANCED_FACE('',(#2941),#2976,.F.);
#2941 = FACE_BOUND('',#2942,.F.);
#2942 = EDGE_LOOP('',(#2943,#2944,#2945,#2953,#2961,#2969,#2975));
#2943 = ORIENTED_EDGE('',*,*,#280,.F.);
#2944 = ORIENTED_EDGE('',*,*,#2435,.T.);
#2945 = ORIENTED_EDGE('',*,*,#2946,.T.);
#2946 = EDGE_CURVE('',#2428,#2947,#2949,.T.);
#2947 = VERTEX_POINT('',#2948);
#2948 = CARTESIAN_POINT('',(-6.E-02,-0.74,5.E-02));
#2949 = LINE('',#2950,#2951);
#2950 = CARTESIAN_POINT('',(-6.E-02,-1.02,5.E-02));
#2951 = VECTOR('',#2952,1.);
#2952 = DIRECTION('',(-0.,1.,0.));
#2953 = ORIENTED_EDGE('',*,*,#2954,.T.);
#2954 = EDGE_CURVE('',#2947,#2955,#2957,.T.);
#2955 = VERTEX_POINT('',#2956);
#2956 = CARTESIAN_POINT('',(-6.E-02,-0.53,5.E-02));
#2957 = LINE('',#2958,#2959);
#2958 = CARTESIAN_POINT('',(-6.E-02,-1.02,5.E-02));
#2959 = VECTOR('',#2960,1.);
#2960 = DIRECTION('',(-0.,1.,0.));
#2961 = ORIENTED_EDGE('',*,*,#2962,.T.);
#2962 = EDGE_CURVE('',#2955,#2963,#2965,.T.);
#2963 = VERTEX_POINT('',#2964);
#2964 = CARTESIAN_POINT('',(-6.E-02,-0.53,0.42));
#2965 = LINE('',#2966,#2967);
#2966 = CARTESIAN_POINT('',(-6.E-02,-0.53,0.));
#2967 = VECTOR('',#2968,1.);
#2968 = DIRECTION('',(0.,0.,1.));
#2969 = ORIENTED_EDGE('',*,*,#2970,.T.);
#2970 = EDGE_CURVE('',#2963,#2922,#2971,.T.);
#2971 = LINE('',#2972,#2973);
#2972 = CARTESIAN_POINT('',(-6.E-02,-0.53,0.42));
#2973 = VECTOR('',#2974,1.);
#2974 = DIRECTION('',(-0.,1.,0.));
#2975 = ORIENTED_EDGE('',*,*,#2921,.F.);
#2976 = PLANE('',#2977);
#2977 = AXIS2_PLACEMENT_3D('',#2978,#2979,#2980);
#2978 = CARTESIAN_POINT('',(-6.E-02,-0.663563829787,0.113563829787));
#2979 = DIRECTION('',(-1.,-0.,-0.));
#2980 = DIRECTION('',(0.,0.,-1.));
#2981 = ADVANCED_FACE('',(#2982),#3024,.F.);
#2982 = FACE_BOUND('',#2983,.F.);
#2983 = EDGE_LOOP('',(#2984,#2985,#2993,#3001,#3009,#3017,#3023));
#2984 = ORIENTED_EDGE('',*,*,#264,.T.);
#2985 = ORIENTED_EDGE('',*,*,#2986,.T.);
#2986 = EDGE_CURVE('',#257,#2987,#2989,.T.);
#2987 = VERTEX_POINT('',#2988);
#2988 = CARTESIAN_POINT('',(-0.29,-0.5,0.42));
#2989 = LINE('',#2990,#2991);
#2990 = CARTESIAN_POINT('',(-0.29,-0.5,0.));
#2991 = VECTOR('',#2992,1.);
#2992 = DIRECTION('',(0.,0.,1.));
#2993 = ORIENTED_EDGE('',*,*,#2994,.F.);
#2994 = EDGE_CURVE('',#2995,#2987,#2997,.T.);
#2995 = VERTEX_POINT('',#2996);
#2996 = CARTESIAN_POINT('',(-0.29,-0.53,0.42));
#2997 = LINE('',#2998,#2999);
#2998 = CARTESIAN_POINT('',(-0.29,-0.53,0.42));
#2999 = VECTOR('',#3000,1.);
#3000 = DIRECTION('',(-0.,1.,0.));
#3001 = ORIENTED_EDGE('',*,*,#3002,.F.);
#3002 = EDGE_CURVE('',#3003,#2995,#3005,.T.);
#3003 = VERTEX_POINT('',#3004);
#3004 = CARTESIAN_POINT('',(-0.29,-0.53,5.E-02));
#3005 = LINE('',#3006,#3007);
#3006 = CARTESIAN_POINT('',(-0.29,-0.53,0.));
#3007 = VECTOR('',#3008,1.);
#3008 = DIRECTION('',(0.,0.,1.));
#3009 = ORIENTED_EDGE('',*,*,#3010,.F.);
#3010 = EDGE_CURVE('',#3011,#3003,#3013,.T.);
#3011 = VERTEX_POINT('',#3012);
#3012 = CARTESIAN_POINT('',(-0.29,-0.74,5.E-02));
#3013 = LINE('',#3014,#3015);
#3014 = CARTESIAN_POINT('',(-0.29,-1.02,5.E-02));
#3015 = VECTOR('',#3016,1.);
#3016 = DIRECTION('',(-0.,1.,0.));
#3017 = ORIENTED_EDGE('',*,*,#3018,.F.);
#3018 = EDGE_CURVE('',#2443,#3011,#3019,.T.);
#3019 = LINE('',#3020,#3021);
#3020 = CARTESIAN_POINT('',(-0.29,-1.02,5.E-02));
#3021 = VECTOR('',#3022,1.);
#3022 = DIRECTION('',(-0.,1.,0.));
#3023 = ORIENTED_EDGE('',*,*,#2442,.T.);
#3024 = PLANE('',#3025);
#3025 = AXIS2_PLACEMENT_3D('',#3026,#3027,#3028);
#3026 = CARTESIAN_POINT('',(-0.29,-0.663563829787,0.113563829787));
#3027 = DIRECTION('',(1.,0.,0.));
#3028 = DIRECTION('',(-0.,0.,1.));
#3029 = ADVANCED_FACE('',(#3030),#3048,.F.);
#3030 = FACE_BOUND('',#3031,.F.);
#3031 = EDGE_LOOP('',(#3032,#3033,#3041,#3047));
#3032 = ORIENTED_EDGE('',*,*,#256,.F.);
#3033 = ORIENTED_EDGE('',*,*,#3034,.T.);
#3034 = EDGE_CURVE('',#249,#3035,#3037,.T.);
#3035 = VERTEX_POINT('',#3036);
#3036 = CARTESIAN_POINT('',(-0.41,-0.5,0.42));
#3037 = LINE('',#3038,#3039);
#3038 = CARTESIAN_POINT('',(-0.41,-0.5,0.));
#3039 = VECTOR('',#3040,1.);
#3040 = DIRECTION('',(0.,0.,1.));
#3041 = ORIENTED_EDGE('',*,*,#3042,.T.);
#3042 = EDGE_CURVE('',#3035,#2987,#3043,.T.);
#3043 = LINE('',#3044,#3045);
#3044 = CARTESIAN_POINT('',(-0.41,-0.5,0.42));
#3045 = VECTOR('',#3046,1.);
#3046 = DIRECTION('',(1.,0.,-0.));
#3047 = ORIENTED_EDGE('',*,*,#2986,.F.);
#3048 = PLANE('',#3049);
#3049 = AXIS2_PLACEMENT_3D('',#3050,#3051,#3052);
#3050 = CARTESIAN_POINT('',(-0.41,-0.5,0.));
#3051 = DIRECTION('',(-0.,1.,0.));
#3052 = DIRECTION('',(0.,0.,1.));
#3053 = ADVANCED_FACE('',(#3054),#3089,.F.);
#3054 = FACE_BOUND('',#3055,.F.);
#3055 = EDGE_LOOP('',(#3056,#3057,#3058,#3066,#3074,#3082,#3088));
#3056 = ORIENTED_EDGE('',*,*,#248,.F.);
#3057 = ORIENTED_EDGE('',*,*,#2458,.T.);
#3058 = ORIENTED_EDGE('',*,*,#3059,.T.);
#3059 = EDGE_CURVE('',#2451,#3060,#3062,.T.);
#3060 = VERTEX_POINT('',#3061);
#3061 = CARTESIAN_POINT('',(-0.41,-0.74,5.E-02));
#3062 = LINE('',#3063,#3064);
#3063 = CARTESIAN_POINT('',(-0.41,-1.02,5.E-02));
#3064 = VECTOR('',#3065,1.);
#3065 = DIRECTION('',(-0.,1.,0.));
#3066 = ORIENTED_EDGE('',*,*,#3067,.T.);
#3067 = EDGE_CURVE('',#3060,#3068,#3070,.T.);
#3068 = VERTEX_POINT('',#3069);
#3069 = CARTESIAN_POINT('',(-0.41,-0.53,5.E-02));
#3070 = LINE('',#3071,#3072);
#3071 = CARTESIAN_POINT('',(-0.41,-1.02,5.E-02));
#3072 = VECTOR('',#3073,1.);
#3073 = DIRECTION('',(-0.,1.,0.));
#3074 = ORIENTED_EDGE('',*,*,#3075,.T.);
#3075 = EDGE_CURVE('',#3068,#3076,#3078,.T.);
#3076 = VERTEX_POINT('',#3077);
#3077 = CARTESIAN_POINT('',(-0.41,-0.53,0.42));
#3078 = LINE('',#3079,#3080);
#3079 = CARTESIAN_POINT('',(-0.41,-0.53,0.));
#3080 = VECTOR('',#3081,1.);
#3081 = DIRECTION('',(0.,0.,1.));
#3082 = ORIENTED_EDGE('',*,*,#3083,.T.);
#3083 = EDGE_CURVE('',#3076,#3035,#3084,.T.);
#3084 = LINE('',#3085,#3086);
#3085 = CARTESIAN_POINT('',(-0.41,-0.53,0.42));
#3086 = VECTOR('',#3087,1.);
#3087 = DIRECTION('',(-0.,1.,0.));
#3088 = ORIENTED_EDGE('',*,*,#3034,.F.);
#3089 = PLANE('',#3090);
#3090 = AXIS2_PLACEMENT_3D('',#3091,#3092,#3093);
#3091 = CARTESIAN_POINT('',(-0.41,-0.663563829787,0.113563829787));
#3092 = DIRECTION('',(-1.,-0.,-0.));
#3093 = DIRECTION('',(0.,0.,-1.));
#3094 = ADVANCED_FACE('',(#3095),#3137,.F.);
#3095 = FACE_BOUND('',#3096,.F.);
#3096 = EDGE_LOOP('',(#3097,#3098,#3106,#3114,#3122,#3130,#3136));
#3097 = ORIENTED_EDGE('',*,*,#232,.T.);
#3098 = ORIENTED_EDGE('',*,*,#3099,.T.);
#3099 = EDGE_CURVE('',#225,#3100,#3102,.T.);
#3100 = VERTEX_POINT('',#3101);
#3101 = CARTESIAN_POINT('',(-0.64,-0.5,0.42));
#3102 = LINE('',#3103,#3104);
#3103 = CARTESIAN_POINT('',(-0.64,-0.5,0.));
#3104 = VECTOR('',#3105,1.);
#3105 = DIRECTION('',(0.,0.,1.));
#3106 = ORIENTED_EDGE('',*,*,#3107,.F.);
#3107 = EDGE_CURVE('',#3108,#3100,#3110,.T.);
#3108 = VERTEX_POINT('',#3109);
#3109 = CARTESIAN_POINT('',(-0.64,-0.53,0.42));
#3110 = LINE('',#3111,#3112);
#3111 = CARTESIAN_POINT('',(-0.64,-0.53,0.42));
#3112 = VECTOR('',#3113,1.);
#3113 = DIRECTION('',(-0.,1.,0.));
#3114 = ORIENTED_EDGE('',*,*,#3115,.F.);
#3115 = EDGE_CURVE('',#3116,#3108,#3118,.T.);
#3116 = VERTEX_POINT('',#3117);
#3117 = CARTESIAN_POINT('',(-0.64,-0.53,5.E-02));
#3118 = LINE('',#3119,#3120);
#3119 = CARTESIAN_POINT('',(-0.64,-0.53,0.));
#3120 = VECTOR('',#3121,1.);
#3121 = DIRECTION('',(0.,0.,1.));
#3122 = ORIENTED_EDGE('',*,*,#3123,.F.);
#3123 = EDGE_CURVE('',#3124,#3116,#3126,.T.);
#3124 = VERTEX_POINT('',#3125);
#3125 = CARTESIAN_POINT('',(-0.64,-0.74,5.E-02));
#3126 = LINE('',#3127,#3128);
#3127 = CARTESIAN_POINT('',(-0.64,-1.02,5.E-02));
#3128 = VECTOR('',#3129,1.);
#3129 = DIRECTION('',(-0.,1.,0.));
#3130 = ORIENTED_EDGE('',*,*,#3131,.F.);
#3131 = EDGE_CURVE('',#2466,#3124,#3132,.T.);
#3132 = LINE('',#3133,#3134);
#3133 = CARTESIAN_POINT('',(-0.64,-1.02,5.E-02));
#3134 = VECTOR('',#3135,1.);
#3135 = DIRECTION('',(-0.,1.,0.));
#3136 = ORIENTED_EDGE('',*,*,#2465,.T.);
#3137 = PLANE('',#3138);
#3138 = AXIS2_PLACEMENT_3D('',#3139,#3140,#3141);
#3139 = CARTESIAN_POINT('',(-0.64,-0.663563829787,0.113563829787));
#3140 = DIRECTION('',(1.,0.,0.));
#3141 = DIRECTION('',(-0.,0.,1.));
#3142 = ADVANCED_FACE('',(#3143),#3161,.F.);
#3143 = FACE_BOUND('',#3144,.F.);
#3144 = EDGE_LOOP('',(#3145,#3146,#3154,#3160));
#3145 = ORIENTED_EDGE('',*,*,#224,.F.);
#3146 = ORIENTED_EDGE('',*,*,#3147,.T.);
#3147 = EDGE_CURVE('',#217,#3148,#3150,.T.);
#3148 = VERTEX_POINT('',#3149);
#3149 = CARTESIAN_POINT('',(-0.76,-0.5,0.42));
#3150 = LINE('',#3151,#3152);
#3151 = CARTESIAN_POINT('',(-0.76,-0.5,0.));
#3152 = VECTOR('',#3153,1.);
#3153 = DIRECTION('',(0.,0.,1.));
#3154 = ORIENTED_EDGE('',*,*,#3155,.T.);
#3155 = EDGE_CURVE('',#3148,#3100,#3156,.T.);
#3156 = LINE('',#3157,#3158);
#3157 = CARTESIAN_POINT('',(-0.76,-0.5,0.42));
#3158 = VECTOR('',#3159,1.);
#3159 = DIRECTION('',(1.,0.,-0.));
#3160 = ORIENTED_EDGE('',*,*,#3099,.F.);
#3161 = PLANE('',#3162);
#3162 = AXIS2_PLACEMENT_3D('',#3163,#3164,#3165);
#3163 = CARTESIAN_POINT('',(-0.76,-0.5,0.));
#3164 = DIRECTION('',(-0.,1.,0.));
#3165 = DIRECTION('',(0.,0.,1.));
#3166 = ADVANCED_FACE('',(#3167),#3202,.F.);
#3167 = FACE_BOUND('',#3168,.F.);
#3168 = EDGE_LOOP('',(#3169,#3170,#3171,#3179,#3187,#3195,#3201));
#3169 = ORIENTED_EDGE('',*,*,#216,.F.);
#3170 = ORIENTED_EDGE('',*,*,#2481,.T.);
#3171 = ORIENTED_EDGE('',*,*,#3172,.T.);
#3172 = EDGE_CURVE('',#2474,#3173,#3175,.T.);
#3173 = VERTEX_POINT('',#3174);
#3174 = CARTESIAN_POINT('',(-0.76,-0.74,5.E-02));
#3175 = LINE('',#3176,#3177);
#3176 = CARTESIAN_POINT('',(-0.76,-1.02,5.E-02));
#3177 = VECTOR('',#3178,1.);
#3178 = DIRECTION('',(-0.,1.,0.));
#3179 = ORIENTED_EDGE('',*,*,#3180,.T.);
#3180 = EDGE_CURVE('',#3173,#3181,#3183,.T.);
#3181 = VERTEX_POINT('',#3182);
#3182 = CARTESIAN_POINT('',(-0.76,-0.53,5.E-02));
#3183 = LINE('',#3184,#3185);
#3184 = CARTESIAN_POINT('',(-0.76,-1.02,5.E-02));
#3185 = VECTOR('',#3186,1.);
#3186 = DIRECTION('',(-0.,1.,0.));
#3187 = ORIENTED_EDGE('',*,*,#3188,.T.);
#3188 = EDGE_CURVE('',#3181,#3189,#3191,.T.);
#3189 = VERTEX_POINT('',#3190);
#3190 = CARTESIAN_POINT('',(-0.76,-0.53,0.42));
#3191 = LINE('',#3192,#3193);
#3192 = CARTESIAN_POINT('',(-0.76,-0.53,0.));
#3193 = VECTOR('',#3194,1.);
#3194 = DIRECTION('',(0.,0.,1.));
#3195 = ORIENTED_EDGE('',*,*,#3196,.T.);
#3196 = EDGE_CURVE('',#3189,#3148,#3197,.T.);
#3197 = LINE('',#3198,#3199);
#3198 = CARTESIAN_POINT('',(-0.76,-0.53,0.42));
#3199 = VECTOR('',#3200,1.);
#3200 = DIRECTION('',(-0.,1.,0.));
#3201 = ORIENTED_EDGE('',*,*,#3147,.F.);
#3202 = PLANE('',#3203);
#3203 = AXIS2_PLACEMENT_3D('',#3204,#3205,#3206);
#3204 = CARTESIAN_POINT('',(-0.76,-0.663563829787,0.113563829787));
#3205 = DIRECTION('',(-1.,-0.,-0.));
#3206 = DIRECTION('',(0.,0.,-1.));
#3207 = ADVANCED_FACE('',(#3208),#3250,.F.);
#3208 = FACE_BOUND('',#3209,.F.);
#3209 = EDGE_LOOP('',(#3210,#3211,#3219,#3227,#3235,#3243,#3249));
#3210 = ORIENTED_EDGE('',*,*,#200,.T.);
#3211 = ORIENTED_EDGE('',*,*,#3212,.T.);
#3212 = EDGE_CURVE('',#193,#3213,#3215,.T.);
#3213 = VERTEX_POINT('',#3214);
#3214 = CARTESIAN_POINT('',(-1.05,-0.5,0.42));
#3215 = LINE('',#3216,#3217);
#3216 = CARTESIAN_POINT('',(-1.05,-0.5,0.));
#3217 = VECTOR('',#3218,1.);
#3218 = DIRECTION('',(0.,0.,1.));
#3219 = ORIENTED_EDGE('',*,*,#3220,.F.);
#3220 = EDGE_CURVE('',#3221,#3213,#3223,.T.);
#3221 = VERTEX_POINT('',#3222);
#3222 = CARTESIAN_POINT('',(-1.05,-0.53,0.42));
#3223 = LINE('',#3224,#3225);
#3224 = CARTESIAN_POINT('',(-1.05,-0.53,0.42));
#3225 = VECTOR('',#3226,1.);
#3226 = DIRECTION('',(-0.,1.,0.));
#3227 = ORIENTED_EDGE('',*,*,#3228,.F.);
#3228 = EDGE_CURVE('',#3229,#3221,#3231,.T.);
#3229 = VERTEX_POINT('',#3230);
#3230 = CARTESIAN_POINT('',(-1.05,-0.53,5.E-02));
#3231 = LINE('',#3232,#3233);
#3232 = CARTESIAN_POINT('',(-1.05,-0.53,0.));
#3233 = VECTOR('',#3234,1.);
#3234 = DIRECTION('',(0.,0.,1.));
#3235 = ORIENTED_EDGE('',*,*,#3236,.F.);
#3236 = EDGE_CURVE('',#3237,#3229,#3239,.T.);
#3237 = VERTEX_POINT('',#3238);
#3238 = CARTESIAN_POINT('',(-1.05,-0.74,5.E-02));
#3239 = LINE('',#3240,#3241);
#3240 = CARTESIAN_POINT('',(-1.05,-1.02,5.E-02));
#3241 = VECTOR('',#3242,1.);
#3242 = DIRECTION('',(-0.,1.,0.));
#3243 = ORIENTED_EDGE('',*,*,#3244,.F.);
#3244 = EDGE_CURVE('',#2489,#3237,#3245,.T.);
#3245 = LINE('',#3246,#3247);
#3246 = CARTESIAN_POINT('',(-1.05,-1.02,5.E-02));
#3247 = VECTOR('',#3248,1.);
#3248 = DIRECTION('',(-0.,1.,0.));
#3249 = ORIENTED_EDGE('',*,*,#2488,.T.);
#3250 = PLANE('',#3251);
#3251 = AXIS2_PLACEMENT_3D('',#3252,#3253,#3254);
#3252 = CARTESIAN_POINT('',(-1.05,-0.663563829787,0.113563829787));
#3253 = DIRECTION('',(1.,0.,0.));
#3254 = DIRECTION('',(-0.,0.,1.));
#3255 = ADVANCED_FACE('',(#3256),#3274,.F.);
#3256 = FACE_BOUND('',#3257,.F.);
#3257 = EDGE_LOOP('',(#3258,#3259,#3267,#3273));
#3258 = ORIENTED_EDGE('',*,*,#192,.F.);
#3259 = ORIENTED_EDGE('',*,*,#3260,.T.);
#3260 = EDGE_CURVE('',#185,#3261,#3263,.T.);
#3261 = VERTEX_POINT('',#3262);
#3262 = CARTESIAN_POINT('',(-1.35,-0.5,0.42));
#3263 = LINE('',#3264,#3265);
#3264 = CARTESIAN_POINT('',(-1.35,-0.5,0.));
#3265 = VECTOR('',#3266,1.);
#3266 = DIRECTION('',(0.,0.,1.));
#3267 = ORIENTED_EDGE('',*,*,#3268,.T.);
#3268 = EDGE_CURVE('',#3261,#3213,#3269,.T.);
#3269 = LINE('',#3270,#3271);
#3270 = CARTESIAN_POINT('',(-1.35,-0.5,0.42));
#3271 = VECTOR('',#3272,1.);
#3272 = DIRECTION('',(1.,0.,-0.));
#3273 = ORIENTED_EDGE('',*,*,#3212,.F.);
#3274 = PLANE('',#3275);
#3275 = AXIS2_PLACEMENT_3D('',#3276,#3277,#3278);
#3276 = CARTESIAN_POINT('',(-1.35,-0.5,0.));
#3277 = DIRECTION('',(-0.,1.,0.));
#3278 = DIRECTION('',(0.,0.,1.));
#3279 = ADVANCED_FACE('',(#3280),#3315,.F.);
#3280 = FACE_BOUND('',#3281,.F.);
#3281 = EDGE_LOOP('',(#3282,#3283,#3284,#3292,#3300,#3308,#3314));
#3282 = ORIENTED_EDGE('',*,*,#184,.F.);
#3283 = ORIENTED_EDGE('',*,*,#2504,.T.);
#3284 = ORIENTED_EDGE('',*,*,#3285,.T.);
#3285 = EDGE_CURVE('',#2497,#3286,#3288,.T.);
#3286 = VERTEX_POINT('',#3287);
#3287 = CARTESIAN_POINT('',(-1.35,-0.74,5.E-02));
#3288 = LINE('',#3289,#3290);
#3289 = CARTESIAN_POINT('',(-1.35,-1.02,5.E-02));
#3290 = VECTOR('',#3291,1.);
#3291 = DIRECTION('',(-0.,1.,0.));
#3292 = ORIENTED_EDGE('',*,*,#3293,.T.);
#3293 = EDGE_CURVE('',#3286,#3294,#3296,.T.);
#3294 = VERTEX_POINT('',#3295);
#3295 = CARTESIAN_POINT('',(-1.35,-0.53,5.E-02));
#3296 = LINE('',#3297,#3298);
#3297 = CARTESIAN_POINT('',(-1.35,-1.02,5.E-02));
#3298 = VECTOR('',#3299,1.);
#3299 = DIRECTION('',(-0.,1.,0.));
#3300 = ORIENTED_EDGE('',*,*,#3301,.T.);
#3301 = EDGE_CURVE('',#3294,#3302,#3304,.T.);
#3302 = VERTEX_POINT('',#3303);
#3303 = CARTESIAN_POINT('',(-1.35,-0.53,0.42));
#3304 = LINE('',#3305,#3306);
#3305 = CARTESIAN_POINT('',(-1.35,-0.53,0.));
#3306 = VECTOR('',#3307,1.);
#3307 = DIRECTION('',(0.,0.,1.));
#3308 = ORIENTED_EDGE('',*,*,#3309,.T.);
#3309 = EDGE_CURVE('',#3302,#3261,#3310,.T.);
#3310 = LINE('',#3311,#3312);
#3311 = CARTESIAN_POINT('',(-1.35,-0.53,0.42));
#3312 = VECTOR('',#3313,1.);
#3313 = DIRECTION('',(-0.,1.,0.));
#3314 = ORIENTED_EDGE('',*,*,#3260,.F.);
#3315 = PLANE('',#3316);
#3316 = AXIS2_PLACEMENT_3D('',#3317,#3318,#3319);
#3317 = CARTESIAN_POINT('',(-1.35,-0.663563829787,0.113563829787));
#3318 = DIRECTION('',(-1.,-0.,-0.));
#3319 = DIRECTION('',(0.,0.,-1.));
#3320 = ADVANCED_FACE('',(#3321),#3339,.F.);
#3321 = FACE_BOUND('',#3322,.F.);
#3322 = EDGE_LOOP('',(#3323,#3331,#3332,#3333));
#3323 = ORIENTED_EDGE('',*,*,#3324,.F.);
#3324 = EDGE_CURVE('',#2512,#3325,#3327,.T.);
#3325 = VERTEX_POINT('',#3326);
#3326 = CARTESIAN_POINT('',(-1.96,-0.86,8.E-02));
#3327 = LINE('',#3328,#3329);
#3328 = CARTESIAN_POINT('',(-1.96,-1.04,8.E-02));
#3329 = VECTOR('',#3330,1.);
#3330 = DIRECTION('',(-0.,1.,0.));
#3331 = ORIENTED_EDGE('',*,*,#2511,.T.);
#3332 = ORIENTED_EDGE('',*,*,#168,.T.);
#3333 = ORIENTED_EDGE('',*,*,#3334,.T.);
#3334 = EDGE_CURVE('',#161,#3325,#3335,.T.);
#3335 = LINE('',#3336,#3337);
#3336 = CARTESIAN_POINT('',(-1.96,-0.86,0.));
#3337 = VECTOR('',#3338,1.);
#3338 = DIRECTION('',(0.,0.,1.));
#3339 = PLANE('',#3340);
#3340 = AXIS2_PLACEMENT_3D('',#3341,#3342,#3343);
#3341 = CARTESIAN_POINT('',(-1.96,-1.04,0.));
#3342 = DIRECTION('',(1.,0.,-0.));
#3343 = DIRECTION('',(0.,0.,1.));
#3344 = ADVANCED_FACE('',(#3345),#3390,.F.);
#3345 = FACE_BOUND('',#3346,.F.);
#3346 = EDGE_LOOP('',(#3347,#3348,#3349,#3357,#3365,#3373,#3381,#3387,
    #3388,#3389));
#3347 = ORIENTED_EDGE('',*,*,#774,.F.);
#3348 = ORIENTED_EDGE('',*,*,#832,.T.);
#3349 = ORIENTED_EDGE('',*,*,#3350,.F.);
#3350 = EDGE_CURVE('',#3351,#825,#3353,.T.);
#3351 = VERTEX_POINT('',#3352);
#3352 = CARTESIAN_POINT('',(-2.35,-0.86,0.45));
#3353 = LINE('',#3354,#3355);
#3354 = CARTESIAN_POINT('',(-2.73,-0.86,0.45));
#3355 = VECTOR('',#3356,1.);
#3356 = DIRECTION('',(-1.,-0.,0.));
#3357 = ORIENTED_EDGE('',*,*,#3358,.T.);
#3358 = EDGE_CURVE('',#3351,#3359,#3361,.T.);
#3359 = VERTEX_POINT('',#3360);
#3360 = CARTESIAN_POINT('',(-2.35,-0.86,0.53));
#3361 = LINE('',#3362,#3363);
#3362 = CARTESIAN_POINT('',(-2.35,-0.86,0.265));
#3363 = VECTOR('',#3364,1.);
#3364 = DIRECTION('',(0.,0.,1.));
#3365 = ORIENTED_EDGE('',*,*,#3366,.T.);
#3366 = EDGE_CURVE('',#3359,#3367,#3369,.T.);
#3367 = VERTEX_POINT('',#3368);
#3368 = CARTESIAN_POINT('',(-1.91,-0.86,0.53));
#3369 = LINE('',#3370,#3371);
#3370 = CARTESIAN_POINT('',(-2.73,-0.86,0.53));
#3371 = VECTOR('',#3372,1.);
#3372 = DIRECTION('',(1.,0.,-0.));
#3373 = ORIENTED_EDGE('',*,*,#3374,.F.);
#3374 = EDGE_CURVE('',#3375,#3367,#3377,.T.);
#3375 = VERTEX_POINT('',#3376);
#3376 = CARTESIAN_POINT('',(-1.91,-0.86,8.E-02));
#3377 = LINE('',#3378,#3379);
#3378 = CARTESIAN_POINT('',(-1.91,-0.86,8.E-02));
#3379 = VECTOR('',#3380,1.);
#3380 = DIRECTION('',(0.,0.,1.));
#3381 = ORIENTED_EDGE('',*,*,#3382,.F.);
#3382 = EDGE_CURVE('',#3325,#3375,#3383,.T.);
#3383 = LINE('',#3384,#3385);
#3384 = CARTESIAN_POINT('',(-2.73,-0.86,8.E-02));
#3385 = VECTOR('',#3386,1.);
#3386 = DIRECTION('',(1.,0.,-0.));
#3387 = ORIENTED_EDGE('',*,*,#3334,.F.);
#3388 = ORIENTED_EDGE('',*,*,#160,.F.);
#3389 = ORIENTED_EDGE('',*,*,#760,.T.);
#3390 = PLANE('',#3391);
#3391 = AXIS2_PLACEMENT_3D('',#3392,#3393,#3394);
#3392 = CARTESIAN_POINT('',(-2.269291338583,-0.86,0.259960629921));
#3393 = DIRECTION('',(0.,1.,0.));
#3394 = DIRECTION('',(0.,-0.,1.));
#3395 = ADVANCED_FACE('',(#3396),#3423,.T.);
#3396 = FACE_BOUND('',#3397,.T.);
#3397 = EDGE_LOOP('',(#3398,#3399,#3400,#3401,#3409,#3417));
#3398 = ORIENTED_EDGE('',*,*,#943,.T.);
#3399 = ORIENTED_EDGE('',*,*,#824,.T.);
#3400 = ORIENTED_EDGE('',*,*,#3350,.F.);
#3401 = ORIENTED_EDGE('',*,*,#3402,.T.);
#3402 = EDGE_CURVE('',#3351,#3403,#3405,.T.);
#3403 = VERTEX_POINT('',#3404);
#3404 = CARTESIAN_POINT('',(-2.35,-0.74,0.45));
#3405 = LINE('',#3406,#3407);
#3406 = CARTESIAN_POINT('',(-2.35,-0.94,0.45));
#3407 = VECTOR('',#3408,1.);
#3408 = DIRECTION('',(-0.,1.,0.));
#3409 = ORIENTED_EDGE('',*,*,#3410,.T.);
#3410 = EDGE_CURVE('',#3403,#3411,#3413,.T.);
#3411 = VERTEX_POINT('',#3412);
#3412 = CARTESIAN_POINT('',(-2.35,0.74,0.45));
#3413 = LINE('',#3414,#3415);
#3414 = CARTESIAN_POINT('',(-2.35,-0.94,0.45));
#3415 = VECTOR('',#3416,1.);
#3416 = DIRECTION('',(-0.,1.,0.));
#3417 = ORIENTED_EDGE('',*,*,#3418,.T.);
#3418 = EDGE_CURVE('',#3411,#936,#3419,.T.);
#3419 = LINE('',#3420,#3421);
#3420 = CARTESIAN_POINT('',(-2.35,-0.94,0.45));
#3421 = VECTOR('',#3422,1.);
#3422 = DIRECTION('',(-0.,1.,0.));
#3423 = PLANE('',#3424);
#3424 = AXIS2_PLACEMENT_3D('',#3425,#3426,#3427);
#3425 = CARTESIAN_POINT('',(-2.73,-0.94,0.45));
#3426 = DIRECTION('',(0.,0.,1.));
#3427 = DIRECTION('',(1.,0.,-0.));
#3428 = ADVANCED_FACE('',(#3429),#3435,.T.);
#3429 = FACE_BOUND('',#3430,.T.);
#3430 = EDGE_LOOP('',(#3431,#3432,#3433,#3434));
#3431 = ORIENTED_EDGE('',*,*,#849,.F.);
#3432 = ORIENTED_EDGE('',*,*,#808,.T.);
#3433 = ORIENTED_EDGE('',*,*,#895,.T.);
#3434 = ORIENTED_EDGE('',*,*,#881,.T.);
#3435 = PLANE('',#3436);
#3436 = AXIS2_PLACEMENT_3D('',#3437,#3438,#3439);
#3437 = CARTESIAN_POINT('',(-2.73,0.86,8.E-02));
#3438 = DIRECTION('',(0.,0.,1.));
#3439 = DIRECTION('',(1.,0.,-0.));
#3440 = ADVANCED_FACE('',(#3441),#3452,.T.);
#3441 = FACE_BOUND('',#3442,.T.);
#3442 = EDGE_LOOP('',(#3443,#3444,#3445,#3446));
#3443 = ORIENTED_EDGE('',*,*,#1185,.F.);
#3444 = ORIENTED_EDGE('',*,*,#968,.F.);
#3445 = ORIENTED_EDGE('',*,*,#911,.T.);
#3446 = ORIENTED_EDGE('',*,*,#3447,.T.);
#3447 = EDGE_CURVE('',#912,#983,#3448,.T.);
#3448 = LINE('',#3449,#3450);
#3449 = CARTESIAN_POINT('',(-1.91,0.86,8.E-02));
#3450 = VECTOR('',#3451,1.);
#3451 = DIRECTION('',(-0.,1.,0.));
#3452 = PLANE('',#3453);
#3453 = AXIS2_PLACEMENT_3D('',#3454,#3455,#3456);
#3454 = CARTESIAN_POINT('',(-2.73,0.86,8.E-02));
#3455 = DIRECTION('',(0.,0.,1.));
#3456 = DIRECTION('',(1.,0.,-0.));
#3457 = ADVANCED_FACE('',(#3458),#3469,.F.);
#3458 = FACE_BOUND('',#3459,.F.);
#3459 = EDGE_LOOP('',(#3460,#3461,#3462,#3463));
#3460 = ORIENTED_EDGE('',*,*,#919,.F.);
#3461 = ORIENTED_EDGE('',*,*,#3447,.T.);
#3462 = ORIENTED_EDGE('',*,*,#982,.T.);
#3463 = ORIENTED_EDGE('',*,*,#3464,.F.);
#3464 = EDGE_CURVE('',#920,#985,#3465,.T.);
#3465 = LINE('',#3466,#3467);
#3466 = CARTESIAN_POINT('',(-1.91,0.86,0.53));
#3467 = VECTOR('',#3468,1.);
#3468 = DIRECTION('',(-0.,1.,0.));
#3469 = PLANE('',#3470);
#3470 = AXIS2_PLACEMENT_3D('',#3471,#3472,#3473);
#3471 = CARTESIAN_POINT('',(-1.91,0.86,8.E-02));
#3472 = DIRECTION('',(1.,0.,-0.));
#3473 = DIRECTION('',(0.,0.,1.));
#3474 = ADVANCED_FACE('',(#3475),#3509,.T.);
#3475 = FACE_BOUND('',#3476,.T.);
#3476 = EDGE_LOOP('',(#3477,#3478,#3479,#3480,#3488,#3496,#3502,#3503));
#3477 = ORIENTED_EDGE('',*,*,#992,.F.);
#3478 = ORIENTED_EDGE('',*,*,#3464,.F.);
#3479 = ORIENTED_EDGE('',*,*,#927,.F.);
#3480 = ORIENTED_EDGE('',*,*,#3481,.F.);
#3481 = EDGE_CURVE('',#3482,#928,#3484,.T.);
#3482 = VERTEX_POINT('',#3483);
#3483 = CARTESIAN_POINT('',(-2.35,0.74,0.53));
#3484 = LINE('',#3485,#3486);
#3485 = CARTESIAN_POINT('',(-2.35,-0.94,0.53));
#3486 = VECTOR('',#3487,1.);
#3487 = DIRECTION('',(-0.,1.,0.));
#3488 = ORIENTED_EDGE('',*,*,#3489,.F.);
#3489 = EDGE_CURVE('',#3490,#3482,#3492,.T.);
#3490 = VERTEX_POINT('',#3491);
#3491 = CARTESIAN_POINT('',(2.35,0.74,0.53));
#3492 = LINE('',#3493,#3494);
#3493 = CARTESIAN_POINT('',(-2.54,0.74,0.53));
#3494 = VECTOR('',#3495,1.);
#3495 = DIRECTION('',(-1.,-0.,0.));
#3496 = ORIENTED_EDGE('',*,*,#3497,.T.);
#3497 = EDGE_CURVE('',#3490,#2057,#3498,.T.);
#3498 = LINE('',#3499,#3500);
#3499 = CARTESIAN_POINT('',(2.35,-0.94,0.53));
#3500 = VECTOR('',#3501,1.);
#3501 = DIRECTION('',(-0.,1.,0.));
#3502 = ORIENTED_EDGE('',*,*,#2064,.F.);
#3503 = ORIENTED_EDGE('',*,*,#3504,.T.);
#3504 = EDGE_CURVE('',#2065,#993,#3505,.T.);
#3505 = LINE('',#3506,#3507);
#3506 = CARTESIAN_POINT('',(1.91,0.86,0.53));
#3507 = VECTOR('',#3508,1.);
#3508 = DIRECTION('',(-0.,1.,0.));
#3509 = PLANE('',#3510);
#3510 = AXIS2_PLACEMENT_3D('',#3511,#3512,#3513);
#3511 = CARTESIAN_POINT('',(-2.73,-0.94,0.53));
#3512 = DIRECTION('',(0.,0.,1.));
#3513 = DIRECTION('',(1.,0.,-0.));
#3514 = ADVANCED_FACE('',(#3515),#3526,.F.);
#3515 = FACE_BOUND('',#3516,.F.);
#3516 = EDGE_LOOP('',(#3517,#3523,#3524,#3525));
#3517 = ORIENTED_EDGE('',*,*,#3518,.F.);
#3518 = EDGE_CURVE('',#3411,#3482,#3519,.T.);
#3519 = LINE('',#3520,#3521);
#3520 = CARTESIAN_POINT('',(-2.35,0.74,5.E-02));
#3521 = VECTOR('',#3522,1.);
#3522 = DIRECTION('',(0.,0.,1.));
#3523 = ORIENTED_EDGE('',*,*,#3418,.T.);
#3524 = ORIENTED_EDGE('',*,*,#935,.T.);
#3525 = ORIENTED_EDGE('',*,*,#3481,.F.);
#3526 = PLANE('',#3527);
#3527 = AXIS2_PLACEMENT_3D('',#3528,#3529,#3530);
#3528 = CARTESIAN_POINT('',(-2.35,-0.94,0.45));
#3529 = DIRECTION('',(1.,0.,-0.));
#3530 = DIRECTION('',(0.,0.,1.));
#3531 = ADVANCED_FACE('',(#3532),#3543,.F.);
#3532 = FACE_BOUND('',#3533,.F.);
#3533 = EDGE_LOOP('',(#3534,#3535,#3541,#3542));
#3534 = ORIENTED_EDGE('',*,*,#1232,.F.);
#3535 = ORIENTED_EDGE('',*,*,#3536,.T.);
#3536 = EDGE_CURVE('',#1225,#1275,#3537,.T.);
#3537 = LINE('',#3538,#3539);
#3538 = CARTESIAN_POINT('',(-2.35,0.74,5.E-02));
#3539 = VECTOR('',#3540,1.);
#3540 = DIRECTION('',(1.,0.,-0.));
#3541 = ORIENTED_EDGE('',*,*,#1274,.T.);
#3542 = ORIENTED_EDGE('',*,*,#1169,.F.);
#3543 = PLANE('',#3544);
#3544 = AXIS2_PLACEMENT_3D('',#3545,#3546,#3547);
#3545 = CARTESIAN_POINT('',(-1.35,0.5,5.E-02));
#3546 = DIRECTION('',(0.,0.,1.));
#3547 = DIRECTION('',(1.,0.,-0.));
#3548 = ADVANCED_FACE('',(#3549),#3560,.F.);
#3549 = FACE_BOUND('',#3550,.F.);
#3550 = EDGE_LOOP('',(#3551,#3552,#3558,#3559));
#3551 = ORIENTED_EDGE('',*,*,#1345,.F.);
#3552 = ORIENTED_EDGE('',*,*,#3553,.T.);
#3553 = EDGE_CURVE('',#1338,#1388,#3554,.T.);
#3554 = LINE('',#3555,#3556);
#3555 = CARTESIAN_POINT('',(-2.35,0.74,5.E-02));
#3556 = VECTOR('',#3557,1.);
#3557 = DIRECTION('',(1.,0.,-0.));
#3558 = ORIENTED_EDGE('',*,*,#1387,.T.);
#3559 = ORIENTED_EDGE('',*,*,#1146,.F.);
#3560 = PLANE('',#3561);
#3561 = AXIS2_PLACEMENT_3D('',#3562,#3563,#3564);
#3562 = CARTESIAN_POINT('',(-0.76,0.5,5.E-02));
#3563 = DIRECTION('',(0.,0.,1.));
#3564 = DIRECTION('',(1.,0.,-0.));
#3565 = ADVANCED_FACE('',(#3566),#3577,.F.);
#3566 = FACE_BOUND('',#3567,.F.);
#3567 = EDGE_LOOP('',(#3568,#3569,#3575,#3576));
#3568 = ORIENTED_EDGE('',*,*,#1458,.F.);
#3569 = ORIENTED_EDGE('',*,*,#3570,.T.);
#3570 = EDGE_CURVE('',#1451,#1501,#3571,.T.);
#3571 = LINE('',#3572,#3573);
#3572 = CARTESIAN_POINT('',(-2.35,0.74,5.E-02));
#3573 = VECTOR('',#3574,1.);
#3574 = DIRECTION('',(1.,0.,-0.));
#3575 = ORIENTED_EDGE('',*,*,#1500,.T.);
#3576 = ORIENTED_EDGE('',*,*,#1123,.F.);
#3577 = PLANE('',#3578);
#3578 = AXIS2_PLACEMENT_3D('',#3579,#3580,#3581);
#3579 = CARTESIAN_POINT('',(-0.41,0.5,5.E-02));
#3580 = DIRECTION('',(0.,0.,1.));
#3581 = DIRECTION('',(1.,0.,-0.));
#3582 = ADVANCED_FACE('',(#3583),#3594,.F.);
#3583 = FACE_BOUND('',#3584,.F.);
#3584 = EDGE_LOOP('',(#3585,#3586,#3592,#3593));
#3585 = ORIENTED_EDGE('',*,*,#1571,.F.);
#3586 = ORIENTED_EDGE('',*,*,#3587,.T.);
#3587 = EDGE_CURVE('',#1564,#1614,#3588,.T.);
#3588 = LINE('',#3589,#3590);
#3589 = CARTESIAN_POINT('',(-2.35,0.74,5.E-02));
#3590 = VECTOR('',#3591,1.);
#3591 = DIRECTION('',(1.,0.,-0.));
#3592 = ORIENTED_EDGE('',*,*,#1613,.T.);
#3593 = ORIENTED_EDGE('',*,*,#1100,.F.);
#3594 = PLANE('',#3595);
#3595 = AXIS2_PLACEMENT_3D('',#3596,#3597,#3598);
#3596 = CARTESIAN_POINT('',(-6.E-02,0.5,5.E-02));
#3597 = DIRECTION('',(0.,0.,1.));
#3598 = DIRECTION('',(1.,0.,-0.));
#3599 = ADVANCED_FACE('',(#3600),#3611,.F.);
#3600 = FACE_BOUND('',#3601,.F.);
#3601 = EDGE_LOOP('',(#3602,#3603,#3609,#3610));
#3602 = ORIENTED_EDGE('',*,*,#1684,.F.);
#3603 = ORIENTED_EDGE('',*,*,#3604,.T.);
#3604 = EDGE_CURVE('',#1677,#1727,#3605,.T.);
#3605 = LINE('',#3606,#3607);
#3606 = CARTESIAN_POINT('',(-2.35,0.74,5.E-02));
#3607 = VECTOR('',#3608,1.);
#3608 = DIRECTION('',(1.,0.,-0.));
#3609 = ORIENTED_EDGE('',*,*,#1726,.T.);
#3610 = ORIENTED_EDGE('',*,*,#1077,.F.);
#3611 = PLANE('',#3612);
#3612 = AXIS2_PLACEMENT_3D('',#3613,#3614,#3615);
#3613 = CARTESIAN_POINT('',(0.29,0.5,5.E-02));
#3614 = DIRECTION('',(0.,0.,1.));
#3615 = DIRECTION('',(1.,0.,-0.));
#3616 = ADVANCED_FACE('',(#3617),#3628,.F.);
#3617 = FACE_BOUND('',#3618,.F.);
#3618 = EDGE_LOOP('',(#3619,#3620,#3626,#3627));
#3619 = ORIENTED_EDGE('',*,*,#1797,.F.);
#3620 = ORIENTED_EDGE('',*,*,#3621,.T.);
#3621 = EDGE_CURVE('',#1790,#1840,#3622,.T.);
#3622 = LINE('',#3623,#3624);
#3623 = CARTESIAN_POINT('',(-2.35,0.74,5.E-02));
#3624 = VECTOR('',#3625,1.);
#3625 = DIRECTION('',(1.,0.,-0.));
#3626 = ORIENTED_EDGE('',*,*,#1839,.T.);
#3627 = ORIENTED_EDGE('',*,*,#1054,.F.);
#3628 = PLANE('',#3629);
#3629 = AXIS2_PLACEMENT_3D('',#3630,#3631,#3632);
#3630 = CARTESIAN_POINT('',(0.64,0.5,5.E-02));
#3631 = DIRECTION('',(0.,0.,1.));
#3632 = DIRECTION('',(1.,0.,-0.));
#3633 = ADVANCED_FACE('',(#3634),#3645,.F.);
#3634 = FACE_BOUND('',#3635,.F.);
#3635 = EDGE_LOOP('',(#3636,#3637,#3643,#3644));
#3636 = ORIENTED_EDGE('',*,*,#1910,.F.);
#3637 = ORIENTED_EDGE('',*,*,#3638,.T.);
#3638 = EDGE_CURVE('',#1903,#1953,#3639,.T.);
#3639 = LINE('',#3640,#3641);
#3640 = CARTESIAN_POINT('',(-2.35,0.74,5.E-02));
#3641 = VECTOR('',#3642,1.);
#3642 = DIRECTION('',(1.,0.,-0.));
#3643 = ORIENTED_EDGE('',*,*,#1952,.T.);
#3644 = ORIENTED_EDGE('',*,*,#1031,.F.);
#3645 = PLANE('',#3646);
#3646 = AXIS2_PLACEMENT_3D('',#3647,#3648,#3649);
#3647 = CARTESIAN_POINT('',(1.05,0.5,5.E-02));
#3648 = DIRECTION('',(0.,0.,1.));
#3649 = DIRECTION('',(1.,0.,-0.));
#3650 = ADVANCED_FACE('',(#3651),#3662,.T.);
#3651 = FACE_BOUND('',#3652,.T.);
#3652 = EDGE_LOOP('',(#3653,#3654,#3660,#3661));
#3653 = ORIENTED_EDGE('',*,*,#1008,.F.);
#3654 = ORIENTED_EDGE('',*,*,#3655,.F.);
#3655 = EDGE_CURVE('',#2015,#1001,#3656,.T.);
#3656 = LINE('',#3657,#3658);
#3657 = CARTESIAN_POINT('',(1.91,0.86,8.E-02));
#3658 = VECTOR('',#3659,1.);
#3659 = DIRECTION('',(-0.,1.,0.));
#3660 = ORIENTED_EDGE('',*,*,#2014,.T.);
#3661 = ORIENTED_EDGE('',*,*,#2000,.T.);
#3662 = PLANE('',#3663);
#3663 = AXIS2_PLACEMENT_3D('',#3664,#3665,#3666);
#3664 = CARTESIAN_POINT('',(1.91,0.86,8.E-02));
#3665 = DIRECTION('',(0.,0.,1.));
#3666 = DIRECTION('',(1.,0.,-0.));
#3667 = ADVANCED_FACE('',(#3668),#3674,.T.);
#3668 = FACE_BOUND('',#3669,.T.);
#3669 = EDGE_LOOP('',(#3670,#3671,#3672,#3673));
#3670 = ORIENTED_EDGE('',*,*,#2072,.F.);
#3671 = ORIENTED_EDGE('',*,*,#3655,.T.);
#3672 = ORIENTED_EDGE('',*,*,#1000,.T.);
#3673 = ORIENTED_EDGE('',*,*,#3504,.F.);
#3674 = PLANE('',#3675);
#3675 = AXIS2_PLACEMENT_3D('',#3676,#3677,#3678);
#3676 = CARTESIAN_POINT('',(1.91,0.86,8.E-02));
#3677 = DIRECTION('',(1.,0.,-0.));
#3678 = DIRECTION('',(0.,0.,1.));
#3679 = ADVANCED_FACE('',(#3680),#3728,.T.);
#3680 = FACE_BOUND('',#3681,.T.);
#3681 = EDGE_LOOP('',(#3682,#3690,#3698,#3704,#3705,#3713,#3721,#3727));
#3682 = ORIENTED_EDGE('',*,*,#3683,.F.);
#3683 = EDGE_CURVE('',#3684,#1225,#3686,.T.);
#3684 = VERTEX_POINT('',#3685);
#3685 = CARTESIAN_POINT('',(-2.35,0.74,5.E-02));
#3686 = LINE('',#3687,#3688);
#3687 = CARTESIAN_POINT('',(-2.35,0.74,5.E-02));
#3688 = VECTOR('',#3689,1.);
#3689 = DIRECTION('',(1.,0.,-0.));
#3690 = ORIENTED_EDGE('',*,*,#3691,.F.);
#3691 = EDGE_CURVE('',#3692,#3684,#3694,.T.);
#3692 = VERTEX_POINT('',#3693);
#3693 = CARTESIAN_POINT('',(-2.35,-0.74,5.E-02));
#3694 = LINE('',#3695,#3696);
#3695 = CARTESIAN_POINT('',(-2.35,-0.74,5.E-02));
#3696 = VECTOR('',#3697,1.);
#3697 = DIRECTION('',(-0.,1.,0.));
#3698 = ORIENTED_EDGE('',*,*,#3699,.T.);
#3699 = EDGE_CURVE('',#3692,#3286,#3700,.T.);
#3700 = LINE('',#3701,#3702);
#3701 = CARTESIAN_POINT('',(-2.35,-0.74,5.E-02));
#3702 = VECTOR('',#3703,1.);
#3703 = DIRECTION('',(1.,0.,-0.));
#3704 = ORIENTED_EDGE('',*,*,#3293,.T.);
#3705 = ORIENTED_EDGE('',*,*,#3706,.F.);
#3706 = EDGE_CURVE('',#3707,#3294,#3709,.T.);
#3707 = VERTEX_POINT('',#3708);
#3708 = CARTESIAN_POINT('',(-1.8,-0.53,5.E-02));
#3709 = LINE('',#3710,#3711);
#3710 = CARTESIAN_POINT('',(-1.8,-0.53,5.E-02));
#3711 = VECTOR('',#3712,1.);
#3712 = DIRECTION('',(1.,0.,-0.));
#3713 = ORIENTED_EDGE('',*,*,#3714,.T.);
#3714 = EDGE_CURVE('',#3707,#3715,#3717,.T.);
#3715 = VERTEX_POINT('',#3716);
#3716 = CARTESIAN_POINT('',(-1.8,0.53,5.E-02));
#3717 = LINE('',#3718,#3719);
#3718 = CARTESIAN_POINT('',(-1.8,-0.53,5.E-02));
#3719 = VECTOR('',#3720,1.);
#3720 = DIRECTION('',(-0.,1.,0.));
#3721 = ORIENTED_EDGE('',*,*,#3722,.T.);
#3722 = EDGE_CURVE('',#3715,#1217,#3723,.T.);
#3723 = LINE('',#3724,#3725);
#3724 = CARTESIAN_POINT('',(-1.8,0.53,5.E-02));
#3725 = VECTOR('',#3726,1.);
#3726 = DIRECTION('',(1.,0.,-0.));
#3727 = ORIENTED_EDGE('',*,*,#1224,.T.);
#3728 = PLANE('',#3729);
#3729 = AXIS2_PLACEMENT_3D('',#3730,#3731,#3732);
#3730 = CARTESIAN_POINT('',(-2.35,-0.74,5.E-02));
#3731 = DIRECTION('',(0.,0.,1.));
#3732 = DIRECTION('',(1.,0.,-0.));
#3733 = ADVANCED_FACE('',(#3734),#3859,.T.);
#3734 = FACE_BOUND('',#3735,.T.);
#3735 = EDGE_LOOP('',(#3736,#3737,#3745,#3753,#3761,#3767,#3768,#3774,
    #3775,#3781,#3782,#3788,#3789,#3795,#3796,#3802,#3803,#3809,#3810,
    #3816,#3817,#3823,#3824,#3830,#3831,#3837,#3838,#3844,#3845,#3851,
    #3852,#3858));
#3736 = ORIENTED_EDGE('',*,*,#3722,.F.);
#3737 = ORIENTED_EDGE('',*,*,#3738,.T.);
#3738 = EDGE_CURVE('',#3715,#3739,#3741,.T.);
#3739 = VERTEX_POINT('',#3740);
#3740 = CARTESIAN_POINT('',(-1.8,0.53,0.45));
#3741 = LINE('',#3742,#3743);
#3742 = CARTESIAN_POINT('',(-1.8,0.53,5.E-02));
#3743 = VECTOR('',#3744,1.);
#3744 = DIRECTION('',(0.,0.,1.));
#3745 = ORIENTED_EDGE('',*,*,#3746,.T.);
#3746 = EDGE_CURVE('',#3739,#3747,#3749,.T.);
#3747 = VERTEX_POINT('',#3748);
#3748 = CARTESIAN_POINT('',(1.8,0.53,0.45));
#3749 = LINE('',#3750,#3751);
#3750 = CARTESIAN_POINT('',(-1.8,0.53,0.45));
#3751 = VECTOR('',#3752,1.);
#3752 = DIRECTION('',(1.,0.,-0.));
#3753 = ORIENTED_EDGE('',*,*,#3754,.F.);
#3754 = EDGE_CURVE('',#3755,#3747,#3757,.T.);
#3755 = VERTEX_POINT('',#3756);
#3756 = CARTESIAN_POINT('',(1.8,0.53,5.E-02));
#3757 = LINE('',#3758,#3759);
#3758 = CARTESIAN_POINT('',(1.8,0.53,5.E-02));
#3759 = VECTOR('',#3760,1.);
#3760 = DIRECTION('',(0.,0.,1.));
#3761 = ORIENTED_EDGE('',*,*,#3762,.F.);
#3762 = EDGE_CURVE('',#1961,#3755,#3763,.T.);
#3763 = LINE('',#3764,#3765);
#3764 = CARTESIAN_POINT('',(-1.8,0.53,5.E-02));
#3765 = VECTOR('',#3766,1.);
#3766 = DIRECTION('',(1.,0.,-0.));
#3767 = ORIENTED_EDGE('',*,*,#1968,.T.);
#3768 = ORIENTED_EDGE('',*,*,#3769,.F.);
#3769 = EDGE_CURVE('',#1887,#1969,#3770,.T.);
#3770 = LINE('',#3771,#3772);
#3771 = CARTESIAN_POINT('',(1.05,0.53,0.42));
#3772 = VECTOR('',#3773,1.);
#3773 = DIRECTION('',(1.,0.,-0.));
#3774 = ORIENTED_EDGE('',*,*,#1894,.F.);
#3775 = ORIENTED_EDGE('',*,*,#3776,.F.);
#3776 = EDGE_CURVE('',#1848,#1895,#3777,.T.);
#3777 = LINE('',#3778,#3779);
#3778 = CARTESIAN_POINT('',(-1.8,0.53,5.E-02));
#3779 = VECTOR('',#3780,1.);
#3780 = DIRECTION('',(1.,0.,-0.));
#3781 = ORIENTED_EDGE('',*,*,#1855,.T.);
#3782 = ORIENTED_EDGE('',*,*,#3783,.F.);
#3783 = EDGE_CURVE('',#1774,#1856,#3784,.T.);
#3784 = LINE('',#3785,#3786);
#3785 = CARTESIAN_POINT('',(0.64,0.53,0.42));
#3786 = VECTOR('',#3787,1.);
#3787 = DIRECTION('',(1.,0.,-0.));
#3788 = ORIENTED_EDGE('',*,*,#1781,.F.);
#3789 = ORIENTED_EDGE('',*,*,#3790,.F.);
#3790 = EDGE_CURVE('',#1735,#1782,#3791,.T.);
#3791 = LINE('',#3792,#3793);
#3792 = CARTESIAN_POINT('',(-1.8,0.53,5.E-02));
#3793 = VECTOR('',#3794,1.);
#3794 = DIRECTION('',(1.,0.,-0.));
#3795 = ORIENTED_EDGE('',*,*,#1742,.T.);
#3796 = ORIENTED_EDGE('',*,*,#3797,.F.);
#3797 = EDGE_CURVE('',#1661,#1743,#3798,.T.);
#3798 = LINE('',#3799,#3800);
#3799 = CARTESIAN_POINT('',(0.29,0.53,0.42));
#3800 = VECTOR('',#3801,1.);
#3801 = DIRECTION('',(1.,0.,-0.));
#3802 = ORIENTED_EDGE('',*,*,#1668,.F.);
#3803 = ORIENTED_EDGE('',*,*,#3804,.F.);
#3804 = EDGE_CURVE('',#1622,#1669,#3805,.T.);
#3805 = LINE('',#3806,#3807);
#3806 = CARTESIAN_POINT('',(-1.8,0.53,5.E-02));
#3807 = VECTOR('',#3808,1.);
#3808 = DIRECTION('',(1.,0.,-0.));
#3809 = ORIENTED_EDGE('',*,*,#1629,.T.);
#3810 = ORIENTED_EDGE('',*,*,#3811,.F.);
#3811 = EDGE_CURVE('',#1548,#1630,#3812,.T.);
#3812 = LINE('',#3813,#3814);
#3813 = CARTESIAN_POINT('',(-6.E-02,0.53,0.42));
#3814 = VECTOR('',#3815,1.);
#3815 = DIRECTION('',(1.,0.,-0.));
#3816 = ORIENTED_EDGE('',*,*,#1555,.F.);
#3817 = ORIENTED_EDGE('',*,*,#3818,.F.);
#3818 = EDGE_CURVE('',#1509,#1556,#3819,.T.);
#3819 = LINE('',#3820,#3821);
#3820 = CARTESIAN_POINT('',(-1.8,0.53,5.E-02));
#3821 = VECTOR('',#3822,1.);
#3822 = DIRECTION('',(1.,0.,-0.));
#3823 = ORIENTED_EDGE('',*,*,#1516,.T.);
#3824 = ORIENTED_EDGE('',*,*,#3825,.F.);
#3825 = EDGE_CURVE('',#1435,#1517,#3826,.T.);
#3826 = LINE('',#3827,#3828);
#3827 = CARTESIAN_POINT('',(-0.41,0.53,0.42));
#3828 = VECTOR('',#3829,1.);
#3829 = DIRECTION('',(1.,0.,-0.));
#3830 = ORIENTED_EDGE('',*,*,#1442,.F.);
#3831 = ORIENTED_EDGE('',*,*,#3832,.F.);
#3832 = EDGE_CURVE('',#1396,#1443,#3833,.T.);
#3833 = LINE('',#3834,#3835);
#3834 = CARTESIAN_POINT('',(-1.8,0.53,5.E-02));
#3835 = VECTOR('',#3836,1.);
#3836 = DIRECTION('',(1.,0.,-0.));
#3837 = ORIENTED_EDGE('',*,*,#1403,.T.);
#3838 = ORIENTED_EDGE('',*,*,#3839,.F.);
#3839 = EDGE_CURVE('',#1322,#1404,#3840,.T.);
#3840 = LINE('',#3841,#3842);
#3841 = CARTESIAN_POINT('',(-0.76,0.53,0.42));
#3842 = VECTOR('',#3843,1.);
#3843 = DIRECTION('',(1.,0.,-0.));
#3844 = ORIENTED_EDGE('',*,*,#1329,.F.);
#3845 = ORIENTED_EDGE('',*,*,#3846,.F.);
#3846 = EDGE_CURVE('',#1283,#1330,#3847,.T.);
#3847 = LINE('',#3848,#3849);
#3848 = CARTESIAN_POINT('',(-1.8,0.53,5.E-02));
#3849 = VECTOR('',#3850,1.);
#3850 = DIRECTION('',(1.,0.,-0.));
#3851 = ORIENTED_EDGE('',*,*,#1290,.T.);
#3852 = ORIENTED_EDGE('',*,*,#3853,.F.);
#3853 = EDGE_CURVE('',#1209,#1291,#3854,.T.);
#3854 = LINE('',#3855,#3856);
#3855 = CARTESIAN_POINT('',(-1.35,0.53,0.42));
#3856 = VECTOR('',#3857,1.);
#3857 = DIRECTION('',(1.,0.,-0.));
#3858 = ORIENTED_EDGE('',*,*,#1216,.F.);
#3859 = PLANE('',#3860);
#3860 = AXIS2_PLACEMENT_3D('',#3861,#3862,#3863);
#3861 = CARTESIAN_POINT('',(-1.8,0.53,5.E-02));
#3862 = DIRECTION('',(-0.,1.,0.));
#3863 = DIRECTION('',(0.,0.,1.));
#3864 = ADVANCED_FACE('',(#3865),#3871,.F.);
#3865 = FACE_BOUND('',#3866,.F.);
#3866 = EDGE_LOOP('',(#3867,#3868,#3869,#3870));
#3867 = ORIENTED_EDGE('',*,*,#1208,.F.);
#3868 = ORIENTED_EDGE('',*,*,#1256,.T.);
#3869 = ORIENTED_EDGE('',*,*,#1298,.T.);
#3870 = ORIENTED_EDGE('',*,*,#3853,.F.);
#3871 = PLANE('',#3872);
#3872 = AXIS2_PLACEMENT_3D('',#3873,#3874,#3875);
#3873 = CARTESIAN_POINT('',(-1.35,0.5,0.42));
#3874 = DIRECTION('',(0.,0.,1.));
#3875 = DIRECTION('',(1.,0.,-0.));
#3876 = ADVANCED_FACE('',(#3877),#3888,.T.);
#3877 = FACE_BOUND('',#3878,.T.);
#3878 = EDGE_LOOP('',(#3879,#3885,#3886,#3887));
#3879 = ORIENTED_EDGE('',*,*,#3880,.F.);
#3880 = EDGE_CURVE('',#1275,#1338,#3881,.T.);
#3881 = LINE('',#3882,#3883);
#3882 = CARTESIAN_POINT('',(-2.35,0.74,5.E-02));
#3883 = VECTOR('',#3884,1.);
#3884 = DIRECTION('',(1.,0.,-0.));
#3885 = ORIENTED_EDGE('',*,*,#1282,.F.);
#3886 = ORIENTED_EDGE('',*,*,#3846,.T.);
#3887 = ORIENTED_EDGE('',*,*,#1337,.T.);
#3888 = PLANE('',#3889);
#3889 = AXIS2_PLACEMENT_3D('',#3890,#3891,#3892);
#3890 = CARTESIAN_POINT('',(-2.35,-0.74,5.E-02));
#3891 = DIRECTION('',(0.,0.,1.));
#3892 = DIRECTION('',(1.,0.,-0.));
#3893 = ADVANCED_FACE('',(#3894),#3900,.F.);
#3894 = FACE_BOUND('',#3895,.F.);
#3895 = EDGE_LOOP('',(#3896,#3897,#3898,#3899));
#3896 = ORIENTED_EDGE('',*,*,#1321,.F.);
#3897 = ORIENTED_EDGE('',*,*,#1369,.T.);
#3898 = ORIENTED_EDGE('',*,*,#1411,.T.);
#3899 = ORIENTED_EDGE('',*,*,#3839,.F.);
#3900 = PLANE('',#3901);
#3901 = AXIS2_PLACEMENT_3D('',#3902,#3903,#3904);
#3902 = CARTESIAN_POINT('',(-0.76,0.5,0.42));
#3903 = DIRECTION('',(0.,0.,1.));
#3904 = DIRECTION('',(1.,0.,-0.));
#3905 = ADVANCED_FACE('',(#3906),#3917,.T.);
#3906 = FACE_BOUND('',#3907,.T.);
#3907 = EDGE_LOOP('',(#3908,#3914,#3915,#3916));
#3908 = ORIENTED_EDGE('',*,*,#3909,.F.);
#3909 = EDGE_CURVE('',#1388,#1451,#3910,.T.);
#3910 = LINE('',#3911,#3912);
#3911 = CARTESIAN_POINT('',(-2.35,0.74,5.E-02));
#3912 = VECTOR('',#3913,1.);
#3913 = DIRECTION('',(1.,0.,-0.));
#3914 = ORIENTED_EDGE('',*,*,#1395,.F.);
#3915 = ORIENTED_EDGE('',*,*,#3832,.T.);
#3916 = ORIENTED_EDGE('',*,*,#1450,.T.);
#3917 = PLANE('',#3918);
#3918 = AXIS2_PLACEMENT_3D('',#3919,#3920,#3921);
#3919 = CARTESIAN_POINT('',(-2.35,-0.74,5.E-02));
#3920 = DIRECTION('',(0.,0.,1.));
#3921 = DIRECTION('',(1.,0.,-0.));
#3922 = ADVANCED_FACE('',(#3923),#3929,.F.);
#3923 = FACE_BOUND('',#3924,.F.);
#3924 = EDGE_LOOP('',(#3925,#3926,#3927,#3928));
#3925 = ORIENTED_EDGE('',*,*,#1434,.F.);
#3926 = ORIENTED_EDGE('',*,*,#1482,.T.);
#3927 = ORIENTED_EDGE('',*,*,#1524,.T.);
#3928 = ORIENTED_EDGE('',*,*,#3825,.F.);
#3929 = PLANE('',#3930);
#3930 = AXIS2_PLACEMENT_3D('',#3931,#3932,#3933);
#3931 = CARTESIAN_POINT('',(-0.41,0.5,0.42));
#3932 = DIRECTION('',(0.,0.,1.));
#3933 = DIRECTION('',(1.,0.,-0.));
#3934 = ADVANCED_FACE('',(#3935),#3946,.T.);
#3935 = FACE_BOUND('',#3936,.T.);
#3936 = EDGE_LOOP('',(#3937,#3943,#3944,#3945));
#3937 = ORIENTED_EDGE('',*,*,#3938,.F.);
#3938 = EDGE_CURVE('',#1501,#1564,#3939,.T.);
#3939 = LINE('',#3940,#3941);
#3940 = CARTESIAN_POINT('',(-2.35,0.74,5.E-02));
#3941 = VECTOR('',#3942,1.);
#3942 = DIRECTION('',(1.,0.,-0.));
#3943 = ORIENTED_EDGE('',*,*,#1508,.F.);
#3944 = ORIENTED_EDGE('',*,*,#3818,.T.);
#3945 = ORIENTED_EDGE('',*,*,#1563,.T.);
#3946 = PLANE('',#3947);
#3947 = AXIS2_PLACEMENT_3D('',#3948,#3949,#3950);
#3948 = CARTESIAN_POINT('',(-2.35,-0.74,5.E-02));
#3949 = DIRECTION('',(0.,0.,1.));
#3950 = DIRECTION('',(1.,0.,-0.));
#3951 = ADVANCED_FACE('',(#3952),#3958,.F.);
#3952 = FACE_BOUND('',#3953,.F.);
#3953 = EDGE_LOOP('',(#3954,#3955,#3956,#3957));
#3954 = ORIENTED_EDGE('',*,*,#1547,.F.);
#3955 = ORIENTED_EDGE('',*,*,#1595,.T.);
#3956 = ORIENTED_EDGE('',*,*,#1637,.T.);
#3957 = ORIENTED_EDGE('',*,*,#3811,.F.);
#3958 = PLANE('',#3959);
#3959 = AXIS2_PLACEMENT_3D('',#3960,#3961,#3962);
#3960 = CARTESIAN_POINT('',(-6.E-02,0.5,0.42));
#3961 = DIRECTION('',(0.,0.,1.));
#3962 = DIRECTION('',(1.,0.,-0.));
#3963 = ADVANCED_FACE('',(#3964),#3975,.T.);
#3964 = FACE_BOUND('',#3965,.T.);
#3965 = EDGE_LOOP('',(#3966,#3972,#3973,#3974));
#3966 = ORIENTED_EDGE('',*,*,#3967,.F.);
#3967 = EDGE_CURVE('',#1614,#1677,#3968,.T.);
#3968 = LINE('',#3969,#3970);
#3969 = CARTESIAN_POINT('',(-2.35,0.74,5.E-02));
#3970 = VECTOR('',#3971,1.);
#3971 = DIRECTION('',(1.,0.,-0.));
#3972 = ORIENTED_EDGE('',*,*,#1621,.F.);
#3973 = ORIENTED_EDGE('',*,*,#3804,.T.);
#3974 = ORIENTED_EDGE('',*,*,#1676,.T.);
#3975 = PLANE('',#3976);
#3976 = AXIS2_PLACEMENT_3D('',#3977,#3978,#3979);
#3977 = CARTESIAN_POINT('',(-2.35,-0.74,5.E-02));
#3978 = DIRECTION('',(0.,0.,1.));
#3979 = DIRECTION('',(1.,0.,-0.));
#3980 = ADVANCED_FACE('',(#3981),#3987,.F.);
#3981 = FACE_BOUND('',#3982,.F.);
#3982 = EDGE_LOOP('',(#3983,#3984,#3985,#3986));
#3983 = ORIENTED_EDGE('',*,*,#1660,.F.);
#3984 = ORIENTED_EDGE('',*,*,#1708,.T.);
#3985 = ORIENTED_EDGE('',*,*,#1750,.T.);
#3986 = ORIENTED_EDGE('',*,*,#3797,.F.);
#3987 = PLANE('',#3988);
#3988 = AXIS2_PLACEMENT_3D('',#3989,#3990,#3991);
#3989 = CARTESIAN_POINT('',(0.29,0.5,0.42));
#3990 = DIRECTION('',(0.,0.,1.));
#3991 = DIRECTION('',(1.,0.,-0.));
#3992 = ADVANCED_FACE('',(#3993),#4004,.T.);
#3993 = FACE_BOUND('',#3994,.T.);
#3994 = EDGE_LOOP('',(#3995,#4001,#4002,#4003));
#3995 = ORIENTED_EDGE('',*,*,#3996,.F.);
#3996 = EDGE_CURVE('',#1727,#1790,#3997,.T.);
#3997 = LINE('',#3998,#3999);
#3998 = CARTESIAN_POINT('',(-2.35,0.74,5.E-02));
#3999 = VECTOR('',#4000,1.);
#4000 = DIRECTION('',(1.,0.,-0.));
#4001 = ORIENTED_EDGE('',*,*,#1734,.F.);
#4002 = ORIENTED_EDGE('',*,*,#3790,.T.);
#4003 = ORIENTED_EDGE('',*,*,#1789,.T.);
#4004 = PLANE('',#4005);
#4005 = AXIS2_PLACEMENT_3D('',#4006,#4007,#4008);
#4006 = CARTESIAN_POINT('',(-2.35,-0.74,5.E-02));
#4007 = DIRECTION('',(0.,0.,1.));
#4008 = DIRECTION('',(1.,0.,-0.));
#4009 = ADVANCED_FACE('',(#4010),#4016,.F.);
#4010 = FACE_BOUND('',#4011,.F.);
#4011 = EDGE_LOOP('',(#4012,#4013,#4014,#4015));
#4012 = ORIENTED_EDGE('',*,*,#1773,.F.);
#4013 = ORIENTED_EDGE('',*,*,#1821,.T.);
#4014 = ORIENTED_EDGE('',*,*,#1863,.T.);
#4015 = ORIENTED_EDGE('',*,*,#3783,.F.);
#4016 = PLANE('',#4017);
#4017 = AXIS2_PLACEMENT_3D('',#4018,#4019,#4020);
#4018 = CARTESIAN_POINT('',(0.64,0.5,0.42));
#4019 = DIRECTION('',(0.,0.,1.));
#4020 = DIRECTION('',(1.,0.,-0.));
#4021 = ADVANCED_FACE('',(#4022),#4033,.T.);
#4022 = FACE_BOUND('',#4023,.T.);
#4023 = EDGE_LOOP('',(#4024,#4030,#4031,#4032));
#4024 = ORIENTED_EDGE('',*,*,#4025,.F.);
#4025 = EDGE_CURVE('',#1840,#1903,#4026,.T.);
#4026 = LINE('',#4027,#4028);
#4027 = CARTESIAN_POINT('',(-2.35,0.74,5.E-02));
#4028 = VECTOR('',#4029,1.);
#4029 = DIRECTION('',(1.,0.,-0.));
#4030 = ORIENTED_EDGE('',*,*,#1847,.F.);
#4031 = ORIENTED_EDGE('',*,*,#3776,.T.);
#4032 = ORIENTED_EDGE('',*,*,#1902,.T.);
#4033 = PLANE('',#4034);
#4034 = AXIS2_PLACEMENT_3D('',#4035,#4036,#4037);
#4035 = CARTESIAN_POINT('',(-2.35,-0.74,5.E-02));
#4036 = DIRECTION('',(0.,0.,1.));
#4037 = DIRECTION('',(1.,0.,-0.));
#4038 = ADVANCED_FACE('',(#4039),#4045,.F.);
#4039 = FACE_BOUND('',#4040,.F.);
#4040 = EDGE_LOOP('',(#4041,#4042,#4043,#4044));
#4041 = ORIENTED_EDGE('',*,*,#1886,.F.);
#4042 = ORIENTED_EDGE('',*,*,#1934,.T.);
#4043 = ORIENTED_EDGE('',*,*,#1976,.T.);
#4044 = ORIENTED_EDGE('',*,*,#3769,.F.);
#4045 = PLANE('',#4046);
#4046 = AXIS2_PLACEMENT_3D('',#4047,#4048,#4049);
#4047 = CARTESIAN_POINT('',(1.05,0.5,0.42));
#4048 = DIRECTION('',(0.,0.,1.));
#4049 = DIRECTION('',(1.,0.,-0.));
#4050 = ADVANCED_FACE('',(#4051),#4092,.T.);
#4051 = FACE_BOUND('',#4052,.T.);
#4052 = EDGE_LOOP('',(#4053,#4061,#4062,#4063,#4071,#4077,#4078,#4086));
#4053 = ORIENTED_EDGE('',*,*,#4054,.F.);
#4054 = EDGE_CURVE('',#1953,#4055,#4057,.T.);
#4055 = VERTEX_POINT('',#4056);
#4056 = CARTESIAN_POINT('',(2.35,0.74,5.E-02));
#4057 = LINE('',#4058,#4059);
#4058 = CARTESIAN_POINT('',(-2.35,0.74,5.E-02));
#4059 = VECTOR('',#4060,1.);
#4060 = DIRECTION('',(1.,0.,-0.));
#4061 = ORIENTED_EDGE('',*,*,#1960,.F.);
#4062 = ORIENTED_EDGE('',*,*,#3762,.T.);
#4063 = ORIENTED_EDGE('',*,*,#4064,.F.);
#4064 = EDGE_CURVE('',#4065,#3755,#4067,.T.);
#4065 = VERTEX_POINT('',#4066);
#4066 = CARTESIAN_POINT('',(1.8,-0.53,5.E-02));
#4067 = LINE('',#4068,#4069);
#4068 = CARTESIAN_POINT('',(1.8,-0.53,5.E-02));
#4069 = VECTOR('',#4070,1.);
#4070 = DIRECTION('',(-0.,1.,0.));
#4071 = ORIENTED_EDGE('',*,*,#4072,.F.);
#4072 = EDGE_CURVE('',#2551,#4065,#4073,.T.);
#4073 = LINE('',#4074,#4075);
#4074 = CARTESIAN_POINT('',(-1.8,-0.53,5.E-02));
#4075 = VECTOR('',#4076,1.);
#4076 = DIRECTION('',(1.,0.,-0.));
#4077 = ORIENTED_EDGE('',*,*,#2558,.F.);
#4078 = ORIENTED_EDGE('',*,*,#4079,.T.);
#4079 = EDGE_CURVE('',#2559,#4080,#4082,.T.);
#4080 = VERTEX_POINT('',#4081);
#4081 = CARTESIAN_POINT('',(2.35,-0.74,5.E-02));
#4082 = LINE('',#4083,#4084);
#4083 = CARTESIAN_POINT('',(-2.35,-0.74,5.E-02));
#4084 = VECTOR('',#4085,1.);
#4085 = DIRECTION('',(1.,0.,-0.));
#4086 = ORIENTED_EDGE('',*,*,#4087,.T.);
#4087 = EDGE_CURVE('',#4080,#4055,#4088,.T.);
#4088 = LINE('',#4089,#4090);
#4089 = CARTESIAN_POINT('',(2.35,-0.74,5.E-02));
#4090 = VECTOR('',#4091,1.);
#4091 = DIRECTION('',(-0.,1.,0.));
#4092 = PLANE('',#4093);
#4093 = AXIS2_PLACEMENT_3D('',#4094,#4095,#4096);
#4094 = CARTESIAN_POINT('',(-2.35,-0.74,5.E-02));
#4095 = DIRECTION('',(0.,0.,1.));
#4096 = DIRECTION('',(1.,0.,-0.));
#4097 = ADVANCED_FACE('',(#4098),#4104,.T.);
#4098 = FACE_BOUND('',#4099,.T.);
#4099 = EDGE_LOOP('',(#4100,#4101,#4102,#4103));
#4100 = ORIENTED_EDGE('',*,*,#2120,.F.);
#4101 = ORIENTED_EDGE('',*,*,#2096,.F.);
#4102 = ORIENTED_EDGE('',*,*,#2032,.T.);
#4103 = ORIENTED_EDGE('',*,*,#2144,.F.);
#4104 = PLANE('',#4105);
#4105 = AXIS2_PLACEMENT_3D('',#4106,#4107,#4108);
#4106 = CARTESIAN_POINT('',(1.91,0.86,8.E-02));
#4107 = DIRECTION('',(0.,0.,1.));
#4108 = DIRECTION('',(1.,0.,-0.));
#4109 = ADVANCED_FACE('',(#4110),#4137,.T.);
#4110 = FACE_BOUND('',#4111,.T.);
#4111 = EDGE_LOOP('',(#4112,#4113,#4121,#4129,#4135,#4136));
#4112 = ORIENTED_EDGE('',*,*,#2048,.T.);
#4113 = ORIENTED_EDGE('',*,*,#4114,.F.);
#4114 = EDGE_CURVE('',#4115,#2049,#4117,.T.);
#4115 = VERTEX_POINT('',#4116);
#4116 = CARTESIAN_POINT('',(2.35,0.74,0.45));
#4117 = LINE('',#4118,#4119);
#4118 = CARTESIAN_POINT('',(2.35,-0.94,0.45));
#4119 = VECTOR('',#4120,1.);
#4120 = DIRECTION('',(-0.,1.,0.));
#4121 = ORIENTED_EDGE('',*,*,#4122,.F.);
#4122 = EDGE_CURVE('',#4123,#4115,#4125,.T.);
#4123 = VERTEX_POINT('',#4124);
#4124 = CARTESIAN_POINT('',(2.35,-0.74,0.45));
#4125 = LINE('',#4126,#4127);
#4126 = CARTESIAN_POINT('',(2.35,-0.94,0.45));
#4127 = VECTOR('',#4128,1.);
#4128 = DIRECTION('',(-0.,1.,0.));
#4129 = ORIENTED_EDGE('',*,*,#4130,.F.);
#4130 = EDGE_CURVE('',#2256,#4123,#4131,.T.);
#4131 = LINE('',#4132,#4133);
#4132 = CARTESIAN_POINT('',(2.35,-0.94,0.45));
#4133 = VECTOR('',#4134,1.);
#4134 = DIRECTION('',(-0.,1.,0.));
#4135 = ORIENTED_EDGE('',*,*,#2263,.F.);
#4136 = ORIENTED_EDGE('',*,*,#2151,.F.);
#4137 = PLANE('',#4138);
#4138 = AXIS2_PLACEMENT_3D('',#4139,#4140,#4141);
#4139 = CARTESIAN_POINT('',(2.35,-0.94,0.45));
#4140 = DIRECTION('',(0.,0.,1.));
#4141 = DIRECTION('',(1.,0.,-0.));
#4142 = ADVANCED_FACE('',(#4143),#4154,.T.);
#4143 = FACE_BOUND('',#4144,.T.);
#4144 = EDGE_LOOP('',(#4145,#4151,#4152,#4153));
#4145 = ORIENTED_EDGE('',*,*,#4146,.F.);
#4146 = EDGE_CURVE('',#4115,#3490,#4147,.T.);
#4147 = LINE('',#4148,#4149);
#4148 = CARTESIAN_POINT('',(2.35,0.74,5.E-02));
#4149 = VECTOR('',#4150,1.);
#4150 = DIRECTION('',(0.,0.,1.));
#4151 = ORIENTED_EDGE('',*,*,#4114,.T.);
#4152 = ORIENTED_EDGE('',*,*,#2056,.T.);
#4153 = ORIENTED_EDGE('',*,*,#3497,.F.);
#4154 = PLANE('',#4155);
#4155 = AXIS2_PLACEMENT_3D('',#4156,#4157,#4158);
#4156 = CARTESIAN_POINT('',(2.35,-0.94,0.45));
#4157 = DIRECTION('',(1.,0.,-0.));
#4158 = DIRECTION('',(0.,0.,1.));
#4159 = ADVANCED_FACE('',(#4160),#4166,.T.);
#4160 = FACE_BOUND('',#4161,.T.);
#4161 = EDGE_LOOP('',(#4162,#4163,#4164,#4165));
#4162 = ORIENTED_EDGE('',*,*,#2270,.F.);
#4163 = ORIENTED_EDGE('',*,*,#2205,.F.);
#4164 = ORIENTED_EDGE('',*,*,#2191,.T.);
#4165 = ORIENTED_EDGE('',*,*,#2167,.F.);
#4166 = PLANE('',#4167);
#4167 = AXIS2_PLACEMENT_3D('',#4168,#4169,#4170);
#4168 = CARTESIAN_POINT('',(1.91,-0.94,8.E-02));
#4169 = DIRECTION('',(0.,0.,1.));
#4170 = DIRECTION('',(1.,0.,-0.));
#4171 = ADVANCED_FACE('',(#4172),#4183,.T.);
#4172 = FACE_BOUND('',#4173,.T.);
#4173 = EDGE_LOOP('',(#4174,#4175,#4181,#4182));
#4174 = ORIENTED_EDGE('',*,*,#2229,.F.);
#4175 = ORIENTED_EDGE('',*,*,#4176,.F.);
#4176 = EDGE_CURVE('',#2335,#2230,#4177,.T.);
#4177 = LINE('',#4178,#4179);
#4178 = CARTESIAN_POINT('',(1.91,-0.94,8.E-02));
#4179 = VECTOR('',#4180,1.);
#4180 = DIRECTION('',(-0.,1.,0.));
#4181 = ORIENTED_EDGE('',*,*,#2342,.T.);
#4182 = ORIENTED_EDGE('',*,*,#2292,.T.);
#4183 = PLANE('',#4184);
#4184 = AXIS2_PLACEMENT_3D('',#4185,#4186,#4187);
#4185 = CARTESIAN_POINT('',(1.91,-0.94,8.E-02));
#4186 = DIRECTION('',(0.,0.,1.));
#4187 = DIRECTION('',(1.,0.,-0.));
#4188 = ADVANCED_FACE('',(#4189),#4200,.T.);
#4189 = FACE_BOUND('',#4190,.T.);
#4190 = EDGE_LOOP('',(#4191,#4192,#4193,#4194));
#4191 = ORIENTED_EDGE('',*,*,#2334,.F.);
#4192 = ORIENTED_EDGE('',*,*,#4176,.T.);
#4193 = ORIENTED_EDGE('',*,*,#2239,.T.);
#4194 = ORIENTED_EDGE('',*,*,#4195,.F.);
#4195 = EDGE_CURVE('',#2327,#2240,#4196,.T.);
#4196 = LINE('',#4197,#4198);
#4197 = CARTESIAN_POINT('',(1.91,-0.94,0.53));
#4198 = VECTOR('',#4199,1.);
#4199 = DIRECTION('',(-0.,1.,0.));
#4200 = PLANE('',#4201);
#4201 = AXIS2_PLACEMENT_3D('',#4202,#4203,#4204);
#4202 = CARTESIAN_POINT('',(1.91,-0.94,8.E-02));
#4203 = DIRECTION('',(1.,0.,-0.));
#4204 = DIRECTION('',(0.,0.,1.));
#4205 = ADVANCED_FACE('',(#4206,#4240),#4251,.T.);
#4206 = FACE_BOUND('',#4207,.T.);
#4207 = EDGE_LOOP('',(#4208,#4214,#4215,#4216,#4217,#4225,#4233,#4239));
#4208 = ORIENTED_EDGE('',*,*,#4209,.F.);
#4209 = EDGE_CURVE('',#2319,#3367,#4210,.T.);
#4210 = LINE('',#4211,#4212);
#4211 = CARTESIAN_POINT('',(-1.91,-0.94,0.53));
#4212 = VECTOR('',#4213,1.);
#4213 = DIRECTION('',(-0.,1.,0.));
#4214 = ORIENTED_EDGE('',*,*,#2326,.T.);
#4215 = ORIENTED_EDGE('',*,*,#4195,.T.);
#4216 = ORIENTED_EDGE('',*,*,#2247,.T.);
#4217 = ORIENTED_EDGE('',*,*,#4218,.T.);
#4218 = EDGE_CURVE('',#2248,#4219,#4221,.T.);
#4219 = VERTEX_POINT('',#4220);
#4220 = CARTESIAN_POINT('',(2.35,-0.74,0.53));
#4221 = LINE('',#4222,#4223);
#4222 = CARTESIAN_POINT('',(2.35,-0.94,0.53));
#4223 = VECTOR('',#4224,1.);
#4224 = DIRECTION('',(-0.,1.,0.));
#4225 = ORIENTED_EDGE('',*,*,#4226,.T.);
#4226 = EDGE_CURVE('',#4219,#4227,#4229,.T.);
#4227 = VERTEX_POINT('',#4228);
#4228 = CARTESIAN_POINT('',(-2.35,-0.74,0.53));
#4229 = LINE('',#4230,#4231);
#4230 = CARTESIAN_POINT('',(-2.54,-0.74,0.53));
#4231 = VECTOR('',#4232,1.);
#4232 = DIRECTION('',(-1.,-0.,0.));
#4233 = ORIENTED_EDGE('',*,*,#4234,.F.);
#4234 = EDGE_CURVE('',#3359,#4227,#4235,.T.);
#4235 = LINE('',#4236,#4237);
#4236 = CARTESIAN_POINT('',(-2.35,-0.94,0.53));
#4237 = VECTOR('',#4238,1.);
#4238 = DIRECTION('',(-0.,1.,0.));
#4239 = ORIENTED_EDGE('',*,*,#3366,.T.);
#4240 = FACE_BOUND('',#4241,.T.);
#4241 = EDGE_LOOP('',(#4242));
#4242 = ORIENTED_EDGE('',*,*,#4243,.F.);
#4243 = EDGE_CURVE('',#4244,#4244,#4246,.T.);
#4244 = VERTEX_POINT('',#4245);
#4245 = CARTESIAN_POINT('',(-1.54,-0.84,0.53));
#4246 = CIRCLE('',#4247,6.E-02);
#4247 = AXIS2_PLACEMENT_3D('',#4248,#4249,#4250);
#4248 = CARTESIAN_POINT('',(-1.6,-0.84,0.53));
#4249 = DIRECTION('',(0.,0.,1.));
#4250 = DIRECTION('',(1.,0.,-0.));
#4251 = PLANE('',#4252);
#4252 = AXIS2_PLACEMENT_3D('',#4253,#4254,#4255);
#4253 = CARTESIAN_POINT('',(-2.73,-0.94,0.53));
#4254 = DIRECTION('',(0.,0.,1.));
#4255 = DIRECTION('',(1.,0.,-0.));
#4256 = ADVANCED_FACE('',(#4257),#4268,.T.);
#4257 = FACE_BOUND('',#4258,.T.);
#4258 = EDGE_LOOP('',(#4259,#4260,#4261,#4267));
#4259 = ORIENTED_EDGE('',*,*,#2255,.F.);
#4260 = ORIENTED_EDGE('',*,*,#4130,.T.);
#4261 = ORIENTED_EDGE('',*,*,#4262,.T.);
#4262 = EDGE_CURVE('',#4123,#4219,#4263,.T.);
#4263 = LINE('',#4264,#4265);
#4264 = CARTESIAN_POINT('',(2.35,-0.74,5.E-02));
#4265 = VECTOR('',#4266,1.);
#4266 = DIRECTION('',(0.,0.,1.));
#4267 = ORIENTED_EDGE('',*,*,#4218,.F.);
#4268 = PLANE('',#4269);
#4269 = AXIS2_PLACEMENT_3D('',#4270,#4271,#4272);
#4270 = CARTESIAN_POINT('',(2.35,-0.94,0.45));
#4271 = DIRECTION('',(1.,0.,-0.));
#4272 = DIRECTION('',(0.,0.,1.));
#4273 = ADVANCED_FACE('',(#4274),#4285,.F.);
#4274 = FACE_BOUND('',#4275,.F.);
#4275 = EDGE_LOOP('',(#4276,#4277,#4283,#4284));
#4276 = ORIENTED_EDGE('',*,*,#2316,.F.);
#4277 = ORIENTED_EDGE('',*,*,#4278,.T.);
#4278 = EDGE_CURVE('',#2317,#3375,#4279,.T.);
#4279 = LINE('',#4280,#4281);
#4280 = CARTESIAN_POINT('',(-1.91,-0.94,8.E-02));
#4281 = VECTOR('',#4282,1.);
#4282 = DIRECTION('',(-0.,1.,0.));
#4283 = ORIENTED_EDGE('',*,*,#3374,.T.);
#4284 = ORIENTED_EDGE('',*,*,#4209,.F.);
#4285 = PLANE('',#4286);
#4286 = AXIS2_PLACEMENT_3D('',#4287,#4288,#4289);
#4287 = CARTESIAN_POINT('',(-1.91,-0.94,8.E-02));
#4288 = DIRECTION('',(1.,0.,-0.));
#4289 = DIRECTION('',(0.,0.,1.));
#4290 = ADVANCED_FACE('',(#4291),#4297,.T.);
#4291 = FACE_BOUND('',#4292,.T.);
#4292 = EDGE_LOOP('',(#4293,#4294,#4295,#4296));
#4293 = ORIENTED_EDGE('',*,*,#3382,.F.);
#4294 = ORIENTED_EDGE('',*,*,#3324,.F.);
#4295 = ORIENTED_EDGE('',*,*,#2519,.T.);
#4296 = ORIENTED_EDGE('',*,*,#4278,.T.);
#4297 = PLANE('',#4298);
#4298 = AXIS2_PLACEMENT_3D('',#4299,#4300,#4301);
#4299 = CARTESIAN_POINT('',(-2.73,-0.94,8.E-02));
#4300 = DIRECTION('',(0.,0.,1.));
#4301 = DIRECTION('',(1.,0.,-0.));
#4302 = ADVANCED_FACE('',(#4303),#4314,.F.);
#4303 = FACE_BOUND('',#4304,.F.);
#4304 = EDGE_LOOP('',(#4305,#4311,#4312,#4313));
#4305 = ORIENTED_EDGE('',*,*,#4306,.F.);
#4306 = EDGE_CURVE('',#3286,#3237,#4307,.T.);
#4307 = LINE('',#4308,#4309);
#4308 = CARTESIAN_POINT('',(-2.35,-0.74,5.E-02));
#4309 = VECTOR('',#4310,1.);
#4310 = DIRECTION('',(1.,0.,-0.));
#4311 = ORIENTED_EDGE('',*,*,#3285,.F.);
#4312 = ORIENTED_EDGE('',*,*,#2496,.T.);
#4313 = ORIENTED_EDGE('',*,*,#3244,.T.);
#4314 = PLANE('',#4315);
#4315 = AXIS2_PLACEMENT_3D('',#4316,#4317,#4318);
#4316 = CARTESIAN_POINT('',(-1.35,-1.02,5.E-02));
#4317 = DIRECTION('',(0.,0.,1.));
#4318 = DIRECTION('',(1.,0.,-0.));
#4319 = ADVANCED_FACE('',(#4320),#4331,.F.);
#4320 = FACE_BOUND('',#4321,.F.);
#4321 = EDGE_LOOP('',(#4322,#4328,#4329,#4330));
#4322 = ORIENTED_EDGE('',*,*,#4323,.F.);
#4323 = EDGE_CURVE('',#3173,#3124,#4324,.T.);
#4324 = LINE('',#4325,#4326);
#4325 = CARTESIAN_POINT('',(-2.35,-0.74,5.E-02));
#4326 = VECTOR('',#4327,1.);
#4327 = DIRECTION('',(1.,0.,-0.));
#4328 = ORIENTED_EDGE('',*,*,#3172,.F.);
#4329 = ORIENTED_EDGE('',*,*,#2473,.T.);
#4330 = ORIENTED_EDGE('',*,*,#3131,.T.);
#4331 = PLANE('',#4332);
#4332 = AXIS2_PLACEMENT_3D('',#4333,#4334,#4335);
#4333 = CARTESIAN_POINT('',(-0.76,-1.02,5.E-02));
#4334 = DIRECTION('',(0.,0.,1.));
#4335 = DIRECTION('',(1.,0.,-0.));
#4336 = ADVANCED_FACE('',(#4337),#4348,.F.);
#4337 = FACE_BOUND('',#4338,.F.);
#4338 = EDGE_LOOP('',(#4339,#4345,#4346,#4347));
#4339 = ORIENTED_EDGE('',*,*,#4340,.F.);
#4340 = EDGE_CURVE('',#3060,#3011,#4341,.T.);
#4341 = LINE('',#4342,#4343);
#4342 = CARTESIAN_POINT('',(-2.35,-0.74,5.E-02));
#4343 = VECTOR('',#4344,1.);
#4344 = DIRECTION('',(1.,0.,-0.));
#4345 = ORIENTED_EDGE('',*,*,#3059,.F.);
#4346 = ORIENTED_EDGE('',*,*,#2450,.T.);
#4347 = ORIENTED_EDGE('',*,*,#3018,.T.);
#4348 = PLANE('',#4349);
#4349 = AXIS2_PLACEMENT_3D('',#4350,#4351,#4352);
#4350 = CARTESIAN_POINT('',(-0.41,-1.02,5.E-02));
#4351 = DIRECTION('',(0.,0.,1.));
#4352 = DIRECTION('',(1.,0.,-0.));
#4353 = ADVANCED_FACE('',(#4354),#4365,.F.);
#4354 = FACE_BOUND('',#4355,.F.);
#4355 = EDGE_LOOP('',(#4356,#4362,#4363,#4364));
#4356 = ORIENTED_EDGE('',*,*,#4357,.F.);
#4357 = EDGE_CURVE('',#2947,#2898,#4358,.T.);
#4358 = LINE('',#4359,#4360);
#4359 = CARTESIAN_POINT('',(-2.35,-0.74,5.E-02));
#4360 = VECTOR('',#4361,1.);
#4361 = DIRECTION('',(1.,0.,-0.));
#4362 = ORIENTED_EDGE('',*,*,#2946,.F.);
#4363 = ORIENTED_EDGE('',*,*,#2427,.T.);
#4364 = ORIENTED_EDGE('',*,*,#2905,.T.);
#4365 = PLANE('',#4366);
#4366 = AXIS2_PLACEMENT_3D('',#4367,#4368,#4369);
#4367 = CARTESIAN_POINT('',(-6.E-02,-1.02,5.E-02));
#4368 = DIRECTION('',(0.,0.,1.));
#4369 = DIRECTION('',(1.,0.,-0.));
#4370 = ADVANCED_FACE('',(#4371),#4382,.F.);
#4371 = FACE_BOUND('',#4372,.F.);
#4372 = EDGE_LOOP('',(#4373,#4379,#4380,#4381));
#4373 = ORIENTED_EDGE('',*,*,#4374,.F.);
#4374 = EDGE_CURVE('',#2834,#2785,#4375,.T.);
#4375 = LINE('',#4376,#4377);
#4376 = CARTESIAN_POINT('',(-2.35,-0.74,5.E-02));
#4377 = VECTOR('',#4378,1.);
#4378 = DIRECTION('',(1.,0.,-0.));
#4379 = ORIENTED_EDGE('',*,*,#2833,.F.);
#4380 = ORIENTED_EDGE('',*,*,#2404,.T.);
#4381 = ORIENTED_EDGE('',*,*,#2792,.T.);
#4382 = PLANE('',#4383);
#4383 = AXIS2_PLACEMENT_3D('',#4384,#4385,#4386);
#4384 = CARTESIAN_POINT('',(0.29,-1.02,5.E-02));
#4385 = DIRECTION('',(0.,0.,1.));
#4386 = DIRECTION('',(1.,0.,-0.));
#4387 = ADVANCED_FACE('',(#4388),#4399,.F.);
#4388 = FACE_BOUND('',#4389,.F.);
#4389 = EDGE_LOOP('',(#4390,#4396,#4397,#4398));
#4390 = ORIENTED_EDGE('',*,*,#4391,.F.);
#4391 = EDGE_CURVE('',#2721,#2672,#4392,.T.);
#4392 = LINE('',#4393,#4394);
#4393 = CARTESIAN_POINT('',(-2.35,-0.74,5.E-02));
#4394 = VECTOR('',#4395,1.);
#4395 = DIRECTION('',(1.,0.,-0.));
#4396 = ORIENTED_EDGE('',*,*,#2720,.F.);
#4397 = ORIENTED_EDGE('',*,*,#2381,.T.);
#4398 = ORIENTED_EDGE('',*,*,#2679,.T.);
#4399 = PLANE('',#4400);
#4400 = AXIS2_PLACEMENT_3D('',#4401,#4402,#4403);
#4401 = CARTESIAN_POINT('',(0.64,-1.02,5.E-02));
#4402 = DIRECTION('',(0.,0.,1.));
#4403 = DIRECTION('',(1.,0.,-0.));
#4404 = ADVANCED_FACE('',(#4405),#4416,.F.);
#4405 = FACE_BOUND('',#4406,.F.);
#4406 = EDGE_LOOP('',(#4407,#4413,#4414,#4415));
#4407 = ORIENTED_EDGE('',*,*,#4408,.F.);
#4408 = EDGE_CURVE('',#2608,#2559,#4409,.T.);
#4409 = LINE('',#4410,#4411);
#4410 = CARTESIAN_POINT('',(-2.35,-0.74,5.E-02));
#4411 = VECTOR('',#4412,1.);
#4412 = DIRECTION('',(1.,0.,-0.));
#4413 = ORIENTED_EDGE('',*,*,#2607,.F.);
#4414 = ORIENTED_EDGE('',*,*,#2358,.T.);
#4415 = ORIENTED_EDGE('',*,*,#2566,.T.);
#4416 = PLANE('',#4417);
#4417 = AXIS2_PLACEMENT_3D('',#4418,#4419,#4420);
#4418 = CARTESIAN_POINT('',(1.05,-1.02,5.E-02));
#4419 = DIRECTION('',(0.,0.,1.));
#4420 = DIRECTION('',(1.,0.,-0.));
#4421 = ADVANCED_FACE('',(#4422),#4540,.F.);
#4422 = FACE_BOUND('',#4423,.F.);
#4423 = EDGE_LOOP('',(#4424,#4425,#4433,#4441,#4447,#4448,#4449,#4455,
    #4456,#4462,#4463,#4469,#4470,#4476,#4477,#4483,#4484,#4490,#4491,
    #4497,#4498,#4504,#4505,#4511,#4512,#4518,#4519,#4525,#4526,#4532,
    #4533,#4539));
#4424 = ORIENTED_EDGE('',*,*,#3706,.F.);
#4425 = ORIENTED_EDGE('',*,*,#4426,.T.);
#4426 = EDGE_CURVE('',#3707,#4427,#4429,.T.);
#4427 = VERTEX_POINT('',#4428);
#4428 = CARTESIAN_POINT('',(-1.8,-0.53,0.45));
#4429 = LINE('',#4430,#4431);
#4430 = CARTESIAN_POINT('',(-1.8,-0.53,5.E-02));
#4431 = VECTOR('',#4432,1.);
#4432 = DIRECTION('',(0.,0.,1.));
#4433 = ORIENTED_EDGE('',*,*,#4434,.T.);
#4434 = EDGE_CURVE('',#4427,#4435,#4437,.T.);
#4435 = VERTEX_POINT('',#4436);
#4436 = CARTESIAN_POINT('',(1.8,-0.53,0.45));
#4437 = LINE('',#4438,#4439);
#4438 = CARTESIAN_POINT('',(-1.8,-0.53,0.45));
#4439 = VECTOR('',#4440,1.);
#4440 = DIRECTION('',(1.,0.,-0.));
#4441 = ORIENTED_EDGE('',*,*,#4442,.F.);
#4442 = EDGE_CURVE('',#4065,#4435,#4443,.T.);
#4443 = LINE('',#4444,#4445);
#4444 = CARTESIAN_POINT('',(1.8,-0.53,5.E-02));
#4445 = VECTOR('',#4446,1.);
#4446 = DIRECTION('',(0.,0.,1.));
#4447 = ORIENTED_EDGE('',*,*,#4072,.F.);
#4448 = ORIENTED_EDGE('',*,*,#2550,.T.);
#4449 = ORIENTED_EDGE('',*,*,#4450,.F.);
#4450 = EDGE_CURVE('',#2624,#2543,#4451,.T.);
#4451 = LINE('',#4452,#4453);
#4452 = CARTESIAN_POINT('',(1.05,-0.53,0.42));
#4453 = VECTOR('',#4454,1.);
#4454 = DIRECTION('',(1.,0.,-0.));
#4455 = ORIENTED_EDGE('',*,*,#2623,.F.);
#4456 = ORIENTED_EDGE('',*,*,#4457,.F.);
#4457 = EDGE_CURVE('',#2664,#2616,#4458,.T.);
#4458 = LINE('',#4459,#4460);
#4459 = CARTESIAN_POINT('',(-1.8,-0.53,5.E-02));
#4460 = VECTOR('',#4461,1.);
#4461 = DIRECTION('',(1.,0.,-0.));
#4462 = ORIENTED_EDGE('',*,*,#2663,.T.);
#4463 = ORIENTED_EDGE('',*,*,#4464,.F.);
#4464 = EDGE_CURVE('',#2737,#2656,#4465,.T.);
#4465 = LINE('',#4466,#4467);
#4466 = CARTESIAN_POINT('',(0.64,-0.53,0.42));
#4467 = VECTOR('',#4468,1.);
#4468 = DIRECTION('',(1.,0.,-0.));
#4469 = ORIENTED_EDGE('',*,*,#2736,.F.);
#4470 = ORIENTED_EDGE('',*,*,#4471,.F.);
#4471 = EDGE_CURVE('',#2777,#2729,#4472,.T.);
#4472 = LINE('',#4473,#4474);
#4473 = CARTESIAN_POINT('',(-1.8,-0.53,5.E-02));
#4474 = VECTOR('',#4475,1.);
#4475 = DIRECTION('',(1.,0.,-0.));
#4476 = ORIENTED_EDGE('',*,*,#2776,.T.);
#4477 = ORIENTED_EDGE('',*,*,#4478,.F.);
#4478 = EDGE_CURVE('',#2850,#2769,#4479,.T.);
#4479 = LINE('',#4480,#4481);
#4480 = CARTESIAN_POINT('',(0.29,-0.53,0.42));
#4481 = VECTOR('',#4482,1.);
#4482 = DIRECTION('',(1.,0.,-0.));
#4483 = ORIENTED_EDGE('',*,*,#2849,.F.);
#4484 = ORIENTED_EDGE('',*,*,#4485,.F.);
#4485 = EDGE_CURVE('',#2890,#2842,#4486,.T.);
#4486 = LINE('',#4487,#4488);
#4487 = CARTESIAN_POINT('',(-1.8,-0.53,5.E-02));
#4488 = VECTOR('',#4489,1.);
#4489 = DIRECTION('',(1.,0.,-0.));
#4490 = ORIENTED_EDGE('',*,*,#2889,.T.);
#4491 = ORIENTED_EDGE('',*,*,#4492,.F.);
#4492 = EDGE_CURVE('',#2963,#2882,#4493,.T.);
#4493 = LINE('',#4494,#4495);
#4494 = CARTESIAN_POINT('',(-6.E-02,-0.53,0.42));
#4495 = VECTOR('',#4496,1.);
#4496 = DIRECTION('',(1.,0.,-0.));
#4497 = ORIENTED_EDGE('',*,*,#2962,.F.);
#4498 = ORIENTED_EDGE('',*,*,#4499,.F.);
#4499 = EDGE_CURVE('',#3003,#2955,#4500,.T.);
#4500 = LINE('',#4501,#4502);
#4501 = CARTESIAN_POINT('',(-1.8,-0.53,5.E-02));
#4502 = VECTOR('',#4503,1.);
#4503 = DIRECTION('',(1.,0.,-0.));
#4504 = ORIENTED_EDGE('',*,*,#3002,.T.);
#4505 = ORIENTED_EDGE('',*,*,#4506,.F.);
#4506 = EDGE_CURVE('',#3076,#2995,#4507,.T.);
#4507 = LINE('',#4508,#4509);
#4508 = CARTESIAN_POINT('',(-0.41,-0.53,0.42));
#4509 = VECTOR('',#4510,1.);
#4510 = DIRECTION('',(1.,0.,-0.));
#4511 = ORIENTED_EDGE('',*,*,#3075,.F.);
#4512 = ORIENTED_EDGE('',*,*,#4513,.F.);
#4513 = EDGE_CURVE('',#3116,#3068,#4514,.T.);
#4514 = LINE('',#4515,#4516);
#4515 = CARTESIAN_POINT('',(-1.8,-0.53,5.E-02));
#4516 = VECTOR('',#4517,1.);
#4517 = DIRECTION('',(1.,0.,-0.));
#4518 = ORIENTED_EDGE('',*,*,#3115,.T.);
#4519 = ORIENTED_EDGE('',*,*,#4520,.F.);
#4520 = EDGE_CURVE('',#3189,#3108,#4521,.T.);
#4521 = LINE('',#4522,#4523);
#4522 = CARTESIAN_POINT('',(-0.76,-0.53,0.42));
#4523 = VECTOR('',#4524,1.);
#4524 = DIRECTION('',(1.,0.,-0.));
#4525 = ORIENTED_EDGE('',*,*,#3188,.F.);
#4526 = ORIENTED_EDGE('',*,*,#4527,.F.);
#4527 = EDGE_CURVE('',#3229,#3181,#4528,.T.);
#4528 = LINE('',#4529,#4530);
#4529 = CARTESIAN_POINT('',(-1.8,-0.53,5.E-02));
#4530 = VECTOR('',#4531,1.);
#4531 = DIRECTION('',(1.,0.,-0.));
#4532 = ORIENTED_EDGE('',*,*,#3228,.T.);
#4533 = ORIENTED_EDGE('',*,*,#4534,.F.);
#4534 = EDGE_CURVE('',#3302,#3221,#4535,.T.);
#4535 = LINE('',#4536,#4537);
#4536 = CARTESIAN_POINT('',(-1.35,-0.53,0.42));
#4537 = VECTOR('',#4538,1.);
#4538 = DIRECTION('',(1.,0.,-0.));
#4539 = ORIENTED_EDGE('',*,*,#3301,.F.);
#4540 = PLANE('',#4541);
#4541 = AXIS2_PLACEMENT_3D('',#4542,#4543,#4544);
#4542 = CARTESIAN_POINT('',(-1.8,-0.53,5.E-02));
#4543 = DIRECTION('',(-0.,1.,0.));
#4544 = DIRECTION('',(0.,0.,1.));
#4545 = ADVANCED_FACE('',(#4546),#4552,.F.);
#4546 = FACE_BOUND('',#4547,.F.);
#4547 = EDGE_LOOP('',(#4548,#4549,#4550,#4551));
#4548 = ORIENTED_EDGE('',*,*,#2631,.F.);
#4549 = ORIENTED_EDGE('',*,*,#4450,.T.);
#4550 = ORIENTED_EDGE('',*,*,#2542,.T.);
#4551 = ORIENTED_EDGE('',*,*,#2590,.F.);
#4552 = PLANE('',#4553);
#4553 = AXIS2_PLACEMENT_3D('',#4554,#4555,#4556);
#4554 = CARTESIAN_POINT('',(1.05,-0.53,0.42));
#4555 = DIRECTION('',(0.,0.,1.));
#4556 = DIRECTION('',(1.,0.,-0.));
#4557 = ADVANCED_FACE('',(#4558),#4569,.T.);
#4558 = FACE_BOUND('',#4559,.T.);
#4559 = EDGE_LOOP('',(#4560,#4561,#4567,#4568));
#4560 = ORIENTED_EDGE('',*,*,#2671,.F.);
#4561 = ORIENTED_EDGE('',*,*,#4562,.T.);
#4562 = EDGE_CURVE('',#2672,#2608,#4563,.T.);
#4563 = LINE('',#4564,#4565);
#4564 = CARTESIAN_POINT('',(-2.35,-0.74,5.E-02));
#4565 = VECTOR('',#4566,1.);
#4566 = DIRECTION('',(1.,0.,-0.));
#4567 = ORIENTED_EDGE('',*,*,#2615,.T.);
#4568 = ORIENTED_EDGE('',*,*,#4457,.F.);
#4569 = PLANE('',#4570);
#4570 = AXIS2_PLACEMENT_3D('',#4571,#4572,#4573);
#4571 = CARTESIAN_POINT('',(-2.35,-0.74,5.E-02));
#4572 = DIRECTION('',(0.,0.,1.));
#4573 = DIRECTION('',(1.,0.,-0.));
#4574 = ADVANCED_FACE('',(#4575),#4581,.F.);
#4575 = FACE_BOUND('',#4576,.F.);
#4576 = EDGE_LOOP('',(#4577,#4578,#4579,#4580));
#4577 = ORIENTED_EDGE('',*,*,#2744,.F.);
#4578 = ORIENTED_EDGE('',*,*,#4464,.T.);
#4579 = ORIENTED_EDGE('',*,*,#2655,.T.);
#4580 = ORIENTED_EDGE('',*,*,#2703,.F.);
#4581 = PLANE('',#4582);
#4582 = AXIS2_PLACEMENT_3D('',#4583,#4584,#4585);
#4583 = CARTESIAN_POINT('',(0.64,-0.53,0.42));
#4584 = DIRECTION('',(0.,0.,1.));
#4585 = DIRECTION('',(1.,0.,-0.));
#4586 = ADVANCED_FACE('',(#4587),#4598,.T.);
#4587 = FACE_BOUND('',#4588,.T.);
#4588 = EDGE_LOOP('',(#4589,#4590,#4596,#4597));
#4589 = ORIENTED_EDGE('',*,*,#2784,.F.);
#4590 = ORIENTED_EDGE('',*,*,#4591,.T.);
#4591 = EDGE_CURVE('',#2785,#2721,#4592,.T.);
#4592 = LINE('',#4593,#4594);
#4593 = CARTESIAN_POINT('',(-2.35,-0.74,5.E-02));
#4594 = VECTOR('',#4595,1.);
#4595 = DIRECTION('',(1.,0.,-0.));
#4596 = ORIENTED_EDGE('',*,*,#2728,.T.);
#4597 = ORIENTED_EDGE('',*,*,#4471,.F.);
#4598 = PLANE('',#4599);
#4599 = AXIS2_PLACEMENT_3D('',#4600,#4601,#4602);
#4600 = CARTESIAN_POINT('',(-2.35,-0.74,5.E-02));
#4601 = DIRECTION('',(0.,0.,1.));
#4602 = DIRECTION('',(1.,0.,-0.));
#4603 = ADVANCED_FACE('',(#4604),#4610,.F.);
#4604 = FACE_BOUND('',#4605,.F.);
#4605 = EDGE_LOOP('',(#4606,#4607,#4608,#4609));
#4606 = ORIENTED_EDGE('',*,*,#2857,.F.);
#4607 = ORIENTED_EDGE('',*,*,#4478,.T.);
#4608 = ORIENTED_EDGE('',*,*,#2768,.T.);
#4609 = ORIENTED_EDGE('',*,*,#2816,.F.);
#4610 = PLANE('',#4611);
#4611 = AXIS2_PLACEMENT_3D('',#4612,#4613,#4614);
#4612 = CARTESIAN_POINT('',(0.29,-0.53,0.42));
#4613 = DIRECTION('',(0.,0.,1.));
#4614 = DIRECTION('',(1.,0.,-0.));
#4615 = ADVANCED_FACE('',(#4616),#4627,.T.);
#4616 = FACE_BOUND('',#4617,.T.);
#4617 = EDGE_LOOP('',(#4618,#4619,#4625,#4626));
#4618 = ORIENTED_EDGE('',*,*,#2897,.F.);
#4619 = ORIENTED_EDGE('',*,*,#4620,.T.);
#4620 = EDGE_CURVE('',#2898,#2834,#4621,.T.);
#4621 = LINE('',#4622,#4623);
#4622 = CARTESIAN_POINT('',(-2.35,-0.74,5.E-02));
#4623 = VECTOR('',#4624,1.);
#4624 = DIRECTION('',(1.,0.,-0.));
#4625 = ORIENTED_EDGE('',*,*,#2841,.T.);
#4626 = ORIENTED_EDGE('',*,*,#4485,.F.);
#4627 = PLANE('',#4628);
#4628 = AXIS2_PLACEMENT_3D('',#4629,#4630,#4631);
#4629 = CARTESIAN_POINT('',(-2.35,-0.74,5.E-02));
#4630 = DIRECTION('',(0.,0.,1.));
#4631 = DIRECTION('',(1.,0.,-0.));
#4632 = ADVANCED_FACE('',(#4633),#4639,.F.);
#4633 = FACE_BOUND('',#4634,.F.);
#4634 = EDGE_LOOP('',(#4635,#4636,#4637,#4638));
#4635 = ORIENTED_EDGE('',*,*,#2970,.F.);
#4636 = ORIENTED_EDGE('',*,*,#4492,.T.);
#4637 = ORIENTED_EDGE('',*,*,#2881,.T.);
#4638 = ORIENTED_EDGE('',*,*,#2929,.F.);
#4639 = PLANE('',#4640);
#4640 = AXIS2_PLACEMENT_3D('',#4641,#4642,#4643);
#4641 = CARTESIAN_POINT('',(-6.E-02,-0.53,0.42));
#4642 = DIRECTION('',(0.,0.,1.));
#4643 = DIRECTION('',(1.,0.,-0.));
#4644 = ADVANCED_FACE('',(#4645),#4656,.T.);
#4645 = FACE_BOUND('',#4646,.T.);
#4646 = EDGE_LOOP('',(#4647,#4648,#4654,#4655));
#4647 = ORIENTED_EDGE('',*,*,#3010,.F.);
#4648 = ORIENTED_EDGE('',*,*,#4649,.T.);
#4649 = EDGE_CURVE('',#3011,#2947,#4650,.T.);
#4650 = LINE('',#4651,#4652);
#4651 = CARTESIAN_POINT('',(-2.35,-0.74,5.E-02));
#4652 = VECTOR('',#4653,1.);
#4653 = DIRECTION('',(1.,0.,-0.));
#4654 = ORIENTED_EDGE('',*,*,#2954,.T.);
#4655 = ORIENTED_EDGE('',*,*,#4499,.F.);
#4656 = PLANE('',#4657);
#4657 = AXIS2_PLACEMENT_3D('',#4658,#4659,#4660);
#4658 = CARTESIAN_POINT('',(-2.35,-0.74,5.E-02));
#4659 = DIRECTION('',(0.,0.,1.));
#4660 = DIRECTION('',(1.,0.,-0.));
#4661 = ADVANCED_FACE('',(#4662),#4668,.F.);
#4662 = FACE_BOUND('',#4663,.F.);
#4663 = EDGE_LOOP('',(#4664,#4665,#4666,#4667));
#4664 = ORIENTED_EDGE('',*,*,#3083,.F.);
#4665 = ORIENTED_EDGE('',*,*,#4506,.T.);
#4666 = ORIENTED_EDGE('',*,*,#2994,.T.);
#4667 = ORIENTED_EDGE('',*,*,#3042,.F.);
#4668 = PLANE('',#4669);
#4669 = AXIS2_PLACEMENT_3D('',#4670,#4671,#4672);
#4670 = CARTESIAN_POINT('',(-0.41,-0.53,0.42));
#4671 = DIRECTION('',(0.,0.,1.));
#4672 = DIRECTION('',(1.,0.,-0.));
#4673 = ADVANCED_FACE('',(#4674),#4685,.T.);
#4674 = FACE_BOUND('',#4675,.T.);
#4675 = EDGE_LOOP('',(#4676,#4677,#4683,#4684));
#4676 = ORIENTED_EDGE('',*,*,#3123,.F.);
#4677 = ORIENTED_EDGE('',*,*,#4678,.T.);
#4678 = EDGE_CURVE('',#3124,#3060,#4679,.T.);
#4679 = LINE('',#4680,#4681);
#4680 = CARTESIAN_POINT('',(-2.35,-0.74,5.E-02));
#4681 = VECTOR('',#4682,1.);
#4682 = DIRECTION('',(1.,0.,-0.));
#4683 = ORIENTED_EDGE('',*,*,#3067,.T.);
#4684 = ORIENTED_EDGE('',*,*,#4513,.F.);
#4685 = PLANE('',#4686);
#4686 = AXIS2_PLACEMENT_3D('',#4687,#4688,#4689);
#4687 = CARTESIAN_POINT('',(-2.35,-0.74,5.E-02));
#4688 = DIRECTION('',(0.,0.,1.));
#4689 = DIRECTION('',(1.,0.,-0.));
#4690 = ADVANCED_FACE('',(#4691),#4697,.F.);
#4691 = FACE_BOUND('',#4692,.F.);
#4692 = EDGE_LOOP('',(#4693,#4694,#4695,#4696));
#4693 = ORIENTED_EDGE('',*,*,#3196,.F.);
#4694 = ORIENTED_EDGE('',*,*,#4520,.T.);
#4695 = ORIENTED_EDGE('',*,*,#3107,.T.);
#4696 = ORIENTED_EDGE('',*,*,#3155,.F.);
#4697 = PLANE('',#4698);
#4698 = AXIS2_PLACEMENT_3D('',#4699,#4700,#4701);
#4699 = CARTESIAN_POINT('',(-0.76,-0.53,0.42));
#4700 = DIRECTION('',(0.,0.,1.));
#4701 = DIRECTION('',(1.,0.,-0.));
#4702 = ADVANCED_FACE('',(#4703),#4714,.T.);
#4703 = FACE_BOUND('',#4704,.T.);
#4704 = EDGE_LOOP('',(#4705,#4706,#4712,#4713));
#4705 = ORIENTED_EDGE('',*,*,#3236,.F.);
#4706 = ORIENTED_EDGE('',*,*,#4707,.T.);
#4707 = EDGE_CURVE('',#3237,#3173,#4708,.T.);
#4708 = LINE('',#4709,#4710);
#4709 = CARTESIAN_POINT('',(-2.35,-0.74,5.E-02));
#4710 = VECTOR('',#4711,1.);
#4711 = DIRECTION('',(1.,0.,-0.));
#4712 = ORIENTED_EDGE('',*,*,#3180,.T.);
#4713 = ORIENTED_EDGE('',*,*,#4527,.F.);
#4714 = PLANE('',#4715);
#4715 = AXIS2_PLACEMENT_3D('',#4716,#4717,#4718);
#4716 = CARTESIAN_POINT('',(-2.35,-0.74,5.E-02));
#4717 = DIRECTION('',(0.,0.,1.));
#4718 = DIRECTION('',(1.,0.,-0.));
#4719 = ADVANCED_FACE('',(#4720),#4726,.F.);
#4720 = FACE_BOUND('',#4721,.F.);
#4721 = EDGE_LOOP('',(#4722,#4723,#4724,#4725));
#4722 = ORIENTED_EDGE('',*,*,#3309,.F.);
#4723 = ORIENTED_EDGE('',*,*,#4534,.T.);
#4724 = ORIENTED_EDGE('',*,*,#3220,.T.);
#4725 = ORIENTED_EDGE('',*,*,#3268,.F.);
#4726 = PLANE('',#4727);
#4727 = AXIS2_PLACEMENT_3D('',#4728,#4729,#4730);
#4728 = CARTESIAN_POINT('',(-1.35,-0.53,0.42));
#4729 = DIRECTION('',(0.,0.,1.));
#4730 = DIRECTION('',(1.,0.,-0.));
#4731 = ADVANCED_FACE('',(#4732),#4743,.F.);
#4732 = FACE_BOUND('',#4733,.F.);
#4733 = EDGE_LOOP('',(#4734,#4735,#4736,#4742));
#4734 = ORIENTED_EDGE('',*,*,#3358,.F.);
#4735 = ORIENTED_EDGE('',*,*,#3402,.T.);
#4736 = ORIENTED_EDGE('',*,*,#4737,.T.);
#4737 = EDGE_CURVE('',#3403,#4227,#4738,.T.);
#4738 = LINE('',#4739,#4740);
#4739 = CARTESIAN_POINT('',(-2.35,-0.74,5.E-02));
#4740 = VECTOR('',#4741,1.);
#4741 = DIRECTION('',(0.,0.,1.));
#4742 = ORIENTED_EDGE('',*,*,#4234,.F.);
#4743 = PLANE('',#4744);
#4744 = AXIS2_PLACEMENT_3D('',#4745,#4746,#4747);
#4745 = CARTESIAN_POINT('',(-2.35,-0.94,0.45));
#4746 = DIRECTION('',(1.,0.,-0.));
#4747 = DIRECTION('',(0.,0.,1.));
#4748 = ADVANCED_FACE('',(#4749),#4765,.T.);
#4749 = FACE_BOUND('',#4750,.T.);
#4750 = EDGE_LOOP('',(#4751,#4757,#4758,#4764));
#4751 = ORIENTED_EDGE('',*,*,#4752,.F.);
#4752 = EDGE_CURVE('',#3692,#3403,#4753,.T.);
#4753 = LINE('',#4754,#4755);
#4754 = CARTESIAN_POINT('',(-2.35,-0.74,5.E-02));
#4755 = VECTOR('',#4756,1.);
#4756 = DIRECTION('',(0.,0.,1.));
#4757 = ORIENTED_EDGE('',*,*,#3691,.T.);
#4758 = ORIENTED_EDGE('',*,*,#4759,.T.);
#4759 = EDGE_CURVE('',#3684,#3411,#4760,.T.);
#4760 = LINE('',#4761,#4762);
#4761 = CARTESIAN_POINT('',(-2.35,0.74,5.E-02));
#4762 = VECTOR('',#4763,1.);
#4763 = DIRECTION('',(0.,0.,1.));
#4764 = ORIENTED_EDGE('',*,*,#3410,.F.);
#4765 = PLANE('',#4766);
#4766 = AXIS2_PLACEMENT_3D('',#4767,#4768,#4769);
#4767 = CARTESIAN_POINT('',(-2.35,-0.74,5.E-02));
#4768 = DIRECTION('',(1.,0.,-0.));
#4769 = DIRECTION('',(0.,0.,1.));
#4770 = ADVANCED_FACE('',(#4771),#4798,.F.);
#4771 = FACE_BOUND('',#4772,.F.);
#4772 = EDGE_LOOP('',(#4773,#4779,#4780,#4781,#4782,#4783,#4784,#4785,
    #4786,#4787,#4788,#4789,#4790,#4791,#4792,#4793,#4794,#4795,#4796,
    #4797));
#4773 = ORIENTED_EDGE('',*,*,#4774,.F.);
#4774 = EDGE_CURVE('',#4055,#4115,#4775,.T.);
#4775 = LINE('',#4776,#4777);
#4776 = CARTESIAN_POINT('',(2.35,0.74,5.E-02));
#4777 = VECTOR('',#4778,1.);
#4778 = DIRECTION('',(0.,0.,1.));
#4779 = ORIENTED_EDGE('',*,*,#4054,.F.);
#4780 = ORIENTED_EDGE('',*,*,#3638,.F.);
#4781 = ORIENTED_EDGE('',*,*,#4025,.F.);
#4782 = ORIENTED_EDGE('',*,*,#3621,.F.);
#4783 = ORIENTED_EDGE('',*,*,#3996,.F.);
#4784 = ORIENTED_EDGE('',*,*,#3604,.F.);
#4785 = ORIENTED_EDGE('',*,*,#3967,.F.);
#4786 = ORIENTED_EDGE('',*,*,#3587,.F.);
#4787 = ORIENTED_EDGE('',*,*,#3938,.F.);
#4788 = ORIENTED_EDGE('',*,*,#3570,.F.);
#4789 = ORIENTED_EDGE('',*,*,#3909,.F.);
#4790 = ORIENTED_EDGE('',*,*,#3553,.F.);
#4791 = ORIENTED_EDGE('',*,*,#3880,.F.);
#4792 = ORIENTED_EDGE('',*,*,#3536,.F.);
#4793 = ORIENTED_EDGE('',*,*,#3683,.F.);
#4794 = ORIENTED_EDGE('',*,*,#4759,.T.);
#4795 = ORIENTED_EDGE('',*,*,#3518,.T.);
#4796 = ORIENTED_EDGE('',*,*,#3489,.F.);
#4797 = ORIENTED_EDGE('',*,*,#4146,.F.);
#4798 = PLANE('',#4799);
#4799 = AXIS2_PLACEMENT_3D('',#4800,#4801,#4802);
#4800 = CARTESIAN_POINT('',(-2.35,0.74,5.E-02));
#4801 = DIRECTION('',(-0.,1.,0.));
#4802 = DIRECTION('',(0.,0.,1.));
#4803 = ADVANCED_FACE('',(#4804),#4815,.F.);
#4804 = FACE_BOUND('',#4805,.F.);
#4805 = EDGE_LOOP('',(#4806,#4807,#4808,#4809));
#4806 = ORIENTED_EDGE('',*,*,#4426,.F.);
#4807 = ORIENTED_EDGE('',*,*,#3714,.T.);
#4808 = ORIENTED_EDGE('',*,*,#3738,.T.);
#4809 = ORIENTED_EDGE('',*,*,#4810,.F.);
#4810 = EDGE_CURVE('',#4427,#3739,#4811,.T.);
#4811 = LINE('',#4812,#4813);
#4812 = CARTESIAN_POINT('',(-1.8,-0.53,0.45));
#4813 = VECTOR('',#4814,1.);
#4814 = DIRECTION('',(-0.,1.,0.));
#4815 = PLANE('',#4816);
#4816 = AXIS2_PLACEMENT_3D('',#4817,#4818,#4819);
#4817 = CARTESIAN_POINT('',(-1.8,-0.53,5.E-02));
#4818 = DIRECTION('',(1.,0.,-0.));
#4819 = DIRECTION('',(0.,0.,1.));
#4820 = ADVANCED_FACE('',(#4821),#4848,.T.);
#4821 = FACE_BOUND('',#4822,.T.);
#4822 = EDGE_LOOP('',(#4823,#4829,#4830,#4831,#4832,#4833,#4834,#4835,
    #4836,#4837,#4838,#4839,#4840,#4841,#4842,#4843,#4844,#4845,#4846,
    #4847));
#4823 = ORIENTED_EDGE('',*,*,#4824,.F.);
#4824 = EDGE_CURVE('',#4080,#4123,#4825,.T.);
#4825 = LINE('',#4826,#4827);
#4826 = CARTESIAN_POINT('',(2.35,-0.74,5.E-02));
#4827 = VECTOR('',#4828,1.);
#4828 = DIRECTION('',(0.,0.,1.));
#4829 = ORIENTED_EDGE('',*,*,#4079,.F.);
#4830 = ORIENTED_EDGE('',*,*,#4408,.F.);
#4831 = ORIENTED_EDGE('',*,*,#4562,.F.);
#4832 = ORIENTED_EDGE('',*,*,#4391,.F.);
#4833 = ORIENTED_EDGE('',*,*,#4591,.F.);
#4834 = ORIENTED_EDGE('',*,*,#4374,.F.);
#4835 = ORIENTED_EDGE('',*,*,#4620,.F.);
#4836 = ORIENTED_EDGE('',*,*,#4357,.F.);
#4837 = ORIENTED_EDGE('',*,*,#4649,.F.);
#4838 = ORIENTED_EDGE('',*,*,#4340,.F.);
#4839 = ORIENTED_EDGE('',*,*,#4678,.F.);
#4840 = ORIENTED_EDGE('',*,*,#4323,.F.);
#4841 = ORIENTED_EDGE('',*,*,#4707,.F.);
#4842 = ORIENTED_EDGE('',*,*,#4306,.F.);
#4843 = ORIENTED_EDGE('',*,*,#3699,.F.);
#4844 = ORIENTED_EDGE('',*,*,#4752,.T.);
#4845 = ORIENTED_EDGE('',*,*,#4737,.T.);
#4846 = ORIENTED_EDGE('',*,*,#4226,.F.);
#4847 = ORIENTED_EDGE('',*,*,#4262,.F.);
#4848 = PLANE('',#4849);
#4849 = AXIS2_PLACEMENT_3D('',#4850,#4851,#4852);
#4850 = CARTESIAN_POINT('',(-2.35,-0.74,5.E-02));
#4851 = DIRECTION('',(-0.,1.,0.));
#4852 = DIRECTION('',(0.,0.,1.));
#4853 = ADVANCED_FACE('',(#4854),#4865,.T.);
#4854 = FACE_BOUND('',#4855,.T.);
#4855 = EDGE_LOOP('',(#4856,#4857,#4858,#4859));
#4856 = ORIENTED_EDGE('',*,*,#4442,.F.);
#4857 = ORIENTED_EDGE('',*,*,#4064,.T.);
#4858 = ORIENTED_EDGE('',*,*,#3754,.T.);
#4859 = ORIENTED_EDGE('',*,*,#4860,.F.);
#4860 = EDGE_CURVE('',#4435,#3747,#4861,.T.);
#4861 = LINE('',#4862,#4863);
#4862 = CARTESIAN_POINT('',(1.8,-0.53,0.45));
#4863 = VECTOR('',#4864,1.);
#4864 = DIRECTION('',(-0.,1.,0.));
#4865 = PLANE('',#4866);
#4866 = AXIS2_PLACEMENT_3D('',#4867,#4868,#4869);
#4867 = CARTESIAN_POINT('',(1.8,-0.53,5.E-02));
#4868 = DIRECTION('',(1.,0.,-0.));
#4869 = DIRECTION('',(0.,0.,1.));
#4870 = ADVANCED_FACE('',(#4871),#4877,.T.);
#4871 = FACE_BOUND('',#4872,.T.);
#4872 = EDGE_LOOP('',(#4873,#4874,#4875,#4876));
#4873 = ORIENTED_EDGE('',*,*,#4810,.F.);
#4874 = ORIENTED_EDGE('',*,*,#4434,.T.);
#4875 = ORIENTED_EDGE('',*,*,#4860,.T.);
#4876 = ORIENTED_EDGE('',*,*,#3746,.F.);
#4877 = PLANE('',#4878);
#4878 = AXIS2_PLACEMENT_3D('',#4879,#4880,#4881);
#4879 = CARTESIAN_POINT('',(-1.8,-0.53,0.45));
#4880 = DIRECTION('',(0.,0.,1.));
#4881 = DIRECTION('',(1.,0.,-0.));
#4882 = ADVANCED_FACE('',(#4883),#4889,.F.);
#4883 = FACE_BOUND('',#4884,.F.);
#4884 = EDGE_LOOP('',(#4885,#4886,#4887,#4888));
#4885 = ORIENTED_EDGE('',*,*,#4824,.F.);
#4886 = ORIENTED_EDGE('',*,*,#4087,.T.);
#4887 = ORIENTED_EDGE('',*,*,#4774,.T.);
#4888 = ORIENTED_EDGE('',*,*,#4122,.F.);
#4889 = PLANE('',#4890);
#4890 = AXIS2_PLACEMENT_3D('',#4891,#4892,#4893);
#4891 = CARTESIAN_POINT('',(2.35,-0.74,5.E-02));
#4892 = DIRECTION('',(1.,0.,-0.));
#4893 = DIRECTION('',(0.,0.,1.));
#4894 = ADVANCED_FACE('',(#4895),#4914,.F.);
#4895 = FACE_BOUND('',#4896,.F.);
#4896 = EDGE_LOOP('',(#4897,#4898,#4906,#4913));
#4897 = ORIENTED_EDGE('',*,*,#4243,.F.);
#4898 = ORIENTED_EDGE('',*,*,#4899,.F.);
#4899 = EDGE_CURVE('',#4900,#4244,#4902,.T.);
#4900 = VERTEX_POINT('',#4901);
#4901 = CARTESIAN_POINT('',(-1.54,-0.84,0.5));
#4902 = LINE('',#4903,#4904);
#4903 = CARTESIAN_POINT('',(-1.54,-0.84,0.5));
#4904 = VECTOR('',#4905,1.);
#4905 = DIRECTION('',(0.,0.,1.));
#4906 = ORIENTED_EDGE('',*,*,#4907,.T.);
#4907 = EDGE_CURVE('',#4900,#4900,#4908,.T.);
#4908 = CIRCLE('',#4909,6.E-02);
#4909 = AXIS2_PLACEMENT_3D('',#4910,#4911,#4912);
#4910 = CARTESIAN_POINT('',(-1.6,-0.84,0.5));
#4911 = DIRECTION('',(0.,0.,1.));
#4912 = DIRECTION('',(1.,0.,-0.));
#4913 = ORIENTED_EDGE('',*,*,#4899,.T.);
#4914 = CYLINDRICAL_SURFACE('',#4915,6.E-02);
#4915 = AXIS2_PLACEMENT_3D('',#4916,#4917,#4918);
#4916 = CARTESIAN_POINT('',(-1.6,-0.84,0.5));
#4917 = DIRECTION('',(0.,0.,1.));
#4918 = DIRECTION('',(1.,0.,-0.));
#4919 = ADVANCED_FACE('',(#4920),#4923,.T.);
#4920 = FACE_BOUND('',#4921,.F.);
#4921 = EDGE_LOOP('',(#4922));
#4922 = ORIENTED_EDGE('',*,*,#4907,.F.);
#4923 = PLANE('',#4924);
#4924 = AXIS2_PLACEMENT_3D('',#4925,#4926,#4927);
#4925 = CARTESIAN_POINT('',(-1.6,-0.84,0.5));
#4926 = DIRECTION('',(0.,0.,1.));
#4927 = DIRECTION('',(1.,0.,-0.));
#4928 = ( GEOMETRIC_REPRESENTATION_CONTEXT(3) 
GLOBAL_UNCERTAINTY_ASSIGNED_CONTEXT((#4932)) 
GLOBAL_UNIT_ASSIGNED_CONTEXT((#4929,#4930,#4931)) REPRESENTATION_CONTEXT
('Context #1','3D Context with UNIT and UNCERTAINTY') );
#4929 = ( LENGTH_UNIT() NAMED_UNIT(*) SI_UNIT(.MILLI.,.METRE.) );
#4930 = ( NAMED_UNIT(*) PLANE_ANGLE_UNIT() SI_UNIT($,.RADIAN.) );
#4931 = ( NAMED_UNIT(*) SI_UNIT($,.STERADIAN.) SOLID_ANGLE_UNIT() );
#4932 = UNCERTAINTY_MEASURE_WITH_UNIT(LENGTH_MEASURE(1.E-07),#4929,
  'distance_accuracy_value','confusion accuracy');
#4933 = CONTEXT_DEPENDENT_SHAPE_REPRESENTATION(#4934,#4936);
#4934 = ( REPRESENTATION_RELATIONSHIP('','',#96,#10) 
REPRESENTATION_RELATIONSHIP_WITH_TRANSFORMATION(#4935) 
SHAPE_REPRESENTATION_RELATIONSHIP() );
#4935 = ITEM_DEFINED_TRANSFORMATION('','',#11,#15);
#4936 = PRODUCT_DEFINITION_SHAPE('Placement','Placement of an item',
  #4937);
#4937 = NEXT_ASSEMBLY_USAGE_OCCURRENCE('1','rec_housing','',#5,#91,$);
#4938 = PRODUCT_RELATED_PRODUCT_CATEGORY('part',$,(#93));
#4939 = SHAPE_DEFINITION_REPRESENTATION(#4940,#4946);
#4940 = PRODUCT_DEFINITION_SHAPE('','',#4941);
#4941 = PRODUCT_DEFINITION('design','',#4942,#4945);
#4942 = PRODUCT_DEFINITION_FORMATION('','',#4943);
#4943 = PRODUCT('rec_contact_01','rec_contact_01','',(#4944));
#4944 = PRODUCT_CONTEXT('',#2,'mechanical');
#4945 = PRODUCT_DEFINITION_CONTEXT('part definition',#2,'design');
#4946 = ADVANCED_BREP_SHAPE_REPRESENTATION('',(#11,#4947),#5163);
#4947 = MANIFOLD_SOLID_BREP('',#4948);
#4948 = CLOSED_SHELL('',(#4949,#4989,#5020,#5051,#5082,#5108,#5132,#5149
    ));
#4949 = ADVANCED_FACE('',(#4950),#4984,.T.);
#4950 = FACE_BOUND('',#4951,.T.);
#4951 = EDGE_LOOP('',(#4952,#4962,#4970,#4978));
#4952 = ORIENTED_EDGE('',*,*,#4953,.F.);
#4953 = EDGE_CURVE('',#4954,#4956,#4958,.T.);
#4954 = VERTEX_POINT('',#4955);
#4955 = CARTESIAN_POINT('',(-0.76,-1.02,5.E-02));
#4956 = VERTEX_POINT('',#4957);
#4957 = CARTESIAN_POINT('',(-0.76,-0.53,5.E-02));
#4958 = LINE('',#4959,#4960);
#4959 = CARTESIAN_POINT('',(-0.76,-1.02,5.E-02));
#4960 = VECTOR('',#4961,1.);
#4961 = DIRECTION('',(-0.,1.,0.));
#4962 = ORIENTED_EDGE('',*,*,#4963,.T.);
#4963 = EDGE_CURVE('',#4954,#4964,#4966,.T.);
#4964 = VERTEX_POINT('',#4965);
#4965 = CARTESIAN_POINT('',(-0.64,-1.02,5.E-02));
#4966 = LINE('',#4967,#4968);
#4967 = CARTESIAN_POINT('',(-0.76,-1.02,5.E-02));
#4968 = VECTOR('',#4969,1.);
#4969 = DIRECTION('',(1.,0.,-0.));
#4970 = ORIENTED_EDGE('',*,*,#4971,.T.);
#4971 = EDGE_CURVE('',#4964,#4972,#4974,.T.);
#4972 = VERTEX_POINT('',#4973);
#4973 = CARTESIAN_POINT('',(-0.64,-0.53,5.E-02));
#4974 = LINE('',#4975,#4976);
#4975 = CARTESIAN_POINT('',(-0.64,-1.02,5.E-02));
#4976 = VECTOR('',#4977,1.);
#4977 = DIRECTION('',(-0.,1.,0.));
#4978 = ORIENTED_EDGE('',*,*,#4979,.F.);
#4979 = EDGE_CURVE('',#4956,#4972,#4980,.T.);
#4980 = LINE('',#4981,#4982);
#4981 = CARTESIAN_POINT('',(-0.76,-0.53,5.E-02));
#4982 = VECTOR('',#4983,1.);
#4983 = DIRECTION('',(1.,0.,-0.));
#4984 = PLANE('',#4985);
#4985 = AXIS2_PLACEMENT_3D('',#4986,#4987,#4988);
#4986 = CARTESIAN_POINT('',(-0.76,-1.02,5.E-02));
#4987 = DIRECTION('',(0.,0.,1.));
#4988 = DIRECTION('',(1.,0.,-0.));
#4989 = ADVANCED_FACE('',(#4990),#5015,.F.);
#4990 = FACE_BOUND('',#4991,.F.);
#4991 = EDGE_LOOP('',(#4992,#5002,#5008,#5009));
#4992 = ORIENTED_EDGE('',*,*,#4993,.F.);
#4993 = EDGE_CURVE('',#4994,#4996,#4998,.T.);
#4994 = VERTEX_POINT('',#4995);
#4995 = CARTESIAN_POINT('',(-0.76,-1.02,0.));
#4996 = VERTEX_POINT('',#4997);
#4997 = CARTESIAN_POINT('',(-0.64,-1.02,0.));
#4998 = LINE('',#4999,#5000);
#4999 = CARTESIAN_POINT('',(-0.76,-1.02,0.));
#5000 = VECTOR('',#5001,1.);
#5001 = DIRECTION('',(1.,0.,-0.));
#5002 = ORIENTED_EDGE('',*,*,#5003,.T.);
#5003 = EDGE_CURVE('',#4994,#4954,#5004,.T.);
#5004 = LINE('',#5005,#5006);
#5005 = CARTESIAN_POINT('',(-0.76,-1.02,0.));
#5006 = VECTOR('',#5007,1.);
#5007 = DIRECTION('',(0.,0.,1.));
#5008 = ORIENTED_EDGE('',*,*,#4963,.T.);
#5009 = ORIENTED_EDGE('',*,*,#5010,.F.);
#5010 = EDGE_CURVE('',#4996,#4964,#5011,.T.);
#5011 = LINE('',#5012,#5013);
#5012 = CARTESIAN_POINT('',(-0.64,-1.02,0.));
#5013 = VECTOR('',#5014,1.);
#5014 = DIRECTION('',(0.,0.,1.));
#5015 = PLANE('',#5016);
#5016 = AXIS2_PLACEMENT_3D('',#5017,#5018,#5019);
#5017 = CARTESIAN_POINT('',(-0.76,-1.02,0.));
#5018 = DIRECTION('',(-0.,1.,0.));
#5019 = DIRECTION('',(0.,0.,1.));
#5020 = ADVANCED_FACE('',(#5021),#5046,.F.);
#5021 = FACE_BOUND('',#5022,.F.);
#5022 = EDGE_LOOP('',(#5023,#5024,#5032,#5040));
#5023 = ORIENTED_EDGE('',*,*,#4979,.F.);
#5024 = ORIENTED_EDGE('',*,*,#5025,.T.);
#5025 = EDGE_CURVE('',#4956,#5026,#5028,.T.);
#5026 = VERTEX_POINT('',#5027);
#5027 = CARTESIAN_POINT('',(-0.76,-0.53,0.42));
#5028 = LINE('',#5029,#5030);
#5029 = CARTESIAN_POINT('',(-0.76,-0.53,0.));
#5030 = VECTOR('',#5031,1.);
#5031 = DIRECTION('',(0.,0.,1.));
#5032 = ORIENTED_EDGE('',*,*,#5033,.T.);
#5033 = EDGE_CURVE('',#5026,#5034,#5036,.T.);
#5034 = VERTEX_POINT('',#5035);
#5035 = CARTESIAN_POINT('',(-0.64,-0.53,0.42));
#5036 = LINE('',#5037,#5038);
#5037 = CARTESIAN_POINT('',(-0.76,-0.53,0.42));
#5038 = VECTOR('',#5039,1.);
#5039 = DIRECTION('',(1.,0.,-0.));
#5040 = ORIENTED_EDGE('',*,*,#5041,.F.);
#5041 = EDGE_CURVE('',#4972,#5034,#5042,.T.);
#5042 = LINE('',#5043,#5044);
#5043 = CARTESIAN_POINT('',(-0.64,-0.53,0.));
#5044 = VECTOR('',#5045,1.);
#5045 = DIRECTION('',(0.,0.,1.));
#5046 = PLANE('',#5047);
#5047 = AXIS2_PLACEMENT_3D('',#5048,#5049,#5050);
#5048 = CARTESIAN_POINT('',(-0.76,-0.53,0.));
#5049 = DIRECTION('',(-0.,1.,0.));
#5050 = DIRECTION('',(0.,0.,1.));
#5051 = ADVANCED_FACE('',(#5052),#5077,.T.);
#5052 = FACE_BOUND('',#5053,.T.);
#5053 = EDGE_LOOP('',(#5054,#5062,#5063,#5071));
#5054 = ORIENTED_EDGE('',*,*,#5055,.F.);
#5055 = EDGE_CURVE('',#5026,#5056,#5058,.T.);
#5056 = VERTEX_POINT('',#5057);
#5057 = CARTESIAN_POINT('',(-0.76,-0.5,0.42));
#5058 = LINE('',#5059,#5060);
#5059 = CARTESIAN_POINT('',(-0.76,-0.53,0.42));
#5060 = VECTOR('',#5061,1.);
#5061 = DIRECTION('',(-0.,1.,0.));
#5062 = ORIENTED_EDGE('',*,*,#5033,.T.);
#5063 = ORIENTED_EDGE('',*,*,#5064,.T.);
#5064 = EDGE_CURVE('',#5034,#5065,#5067,.T.);
#5065 = VERTEX_POINT('',#5066);
#5066 = CARTESIAN_POINT('',(-0.64,-0.5,0.42));
#5067 = LINE('',#5068,#5069);
#5068 = CARTESIAN_POINT('',(-0.64,-0.53,0.42));
#5069 = VECTOR('',#5070,1.);
#5070 = DIRECTION('',(-0.,1.,0.));
#5071 = ORIENTED_EDGE('',*,*,#5072,.F.);
#5072 = EDGE_CURVE('',#5056,#5065,#5073,.T.);
#5073 = LINE('',#5074,#5075);
#5074 = CARTESIAN_POINT('',(-0.76,-0.5,0.42));
#5075 = VECTOR('',#5076,1.);
#5076 = DIRECTION('',(1.,0.,-0.));
#5077 = PLANE('',#5078);
#5078 = AXIS2_PLACEMENT_3D('',#5079,#5080,#5081);
#5079 = CARTESIAN_POINT('',(-0.76,-0.53,0.42));
#5080 = DIRECTION('',(0.,0.,1.));
#5081 = DIRECTION('',(1.,0.,-0.));
#5082 = ADVANCED_FACE('',(#5083),#5103,.T.);
#5083 = FACE_BOUND('',#5084,.T.);
#5084 = EDGE_LOOP('',(#5085,#5093,#5094,#5095,#5096,#5097));
#5085 = ORIENTED_EDGE('',*,*,#5086,.F.);
#5086 = EDGE_CURVE('',#4994,#5087,#5089,.T.);
#5087 = VERTEX_POINT('',#5088);
#5088 = CARTESIAN_POINT('',(-0.76,-0.5,0.));
#5089 = LINE('',#5090,#5091);
#5090 = CARTESIAN_POINT('',(-0.76,-0.53,0.));
#5091 = VECTOR('',#5092,1.);
#5092 = DIRECTION('',(-0.,1.,0.));
#5093 = ORIENTED_EDGE('',*,*,#5003,.T.);
#5094 = ORIENTED_EDGE('',*,*,#4953,.T.);
#5095 = ORIENTED_EDGE('',*,*,#5025,.T.);
#5096 = ORIENTED_EDGE('',*,*,#5055,.T.);
#5097 = ORIENTED_EDGE('',*,*,#5098,.F.);
#5098 = EDGE_CURVE('',#5087,#5056,#5099,.T.);
#5099 = LINE('',#5100,#5101);
#5100 = CARTESIAN_POINT('',(-0.76,-0.5,0.));
#5101 = VECTOR('',#5102,1.);
#5102 = DIRECTION('',(0.,0.,1.));
#5103 = PLANE('',#5104);
#5104 = AXIS2_PLACEMENT_3D('',#5105,#5106,#5107);
#5105 = CARTESIAN_POINT('',(-0.76,-0.663563829787,0.113563829787));
#5106 = DIRECTION('',(-1.,-0.,-0.));
#5107 = DIRECTION('',(0.,0.,-1.));
#5108 = ADVANCED_FACE('',(#5109),#5127,.T.);
#5109 = FACE_BOUND('',#5110,.T.);
#5110 = EDGE_LOOP('',(#5111,#5119,#5120,#5121));
#5111 = ORIENTED_EDGE('',*,*,#5112,.F.);
#5112 = EDGE_CURVE('',#5087,#5113,#5115,.T.);
#5113 = VERTEX_POINT('',#5114);
#5114 = CARTESIAN_POINT('',(-0.64,-0.5,0.));
#5115 = LINE('',#5116,#5117);
#5116 = CARTESIAN_POINT('',(-0.76,-0.5,0.));
#5117 = VECTOR('',#5118,1.);
#5118 = DIRECTION('',(1.,0.,-0.));
#5119 = ORIENTED_EDGE('',*,*,#5098,.T.);
#5120 = ORIENTED_EDGE('',*,*,#5072,.T.);
#5121 = ORIENTED_EDGE('',*,*,#5122,.F.);
#5122 = EDGE_CURVE('',#5113,#5065,#5123,.T.);
#5123 = LINE('',#5124,#5125);
#5124 = CARTESIAN_POINT('',(-0.64,-0.5,0.));
#5125 = VECTOR('',#5126,1.);
#5126 = DIRECTION('',(0.,0.,1.));
#5127 = PLANE('',#5128);
#5128 = AXIS2_PLACEMENT_3D('',#5129,#5130,#5131);
#5129 = CARTESIAN_POINT('',(-0.76,-0.5,0.));
#5130 = DIRECTION('',(-0.,1.,0.));
#5131 = DIRECTION('',(0.,0.,1.));
#5132 = ADVANCED_FACE('',(#5133),#5144,.T.);
#5133 = FACE_BOUND('',#5134,.T.);
#5134 = EDGE_LOOP('',(#5135,#5136,#5137,#5143));
#5135 = ORIENTED_EDGE('',*,*,#5086,.T.);
#5136 = ORIENTED_EDGE('',*,*,#5112,.T.);
#5137 = ORIENTED_EDGE('',*,*,#5138,.F.);
#5138 = EDGE_CURVE('',#4996,#5113,#5139,.T.);
#5139 = LINE('',#5140,#5141);
#5140 = CARTESIAN_POINT('',(-0.64,-0.53,0.));
#5141 = VECTOR('',#5142,1.);
#5142 = DIRECTION('',(-0.,1.,0.));
#5143 = ORIENTED_EDGE('',*,*,#4993,.F.);
#5144 = PLANE('',#5145);
#5145 = AXIS2_PLACEMENT_3D('',#5146,#5147,#5148);
#5146 = CARTESIAN_POINT('',(-0.7,-0.76,0.));
#5147 = DIRECTION('',(-0.,-0.,-1.));
#5148 = DIRECTION('',(-1.,0.,0.));
#5149 = ADVANCED_FACE('',(#5150),#5158,.T.);
#5150 = FACE_BOUND('',#5151,.T.);
#5151 = EDGE_LOOP('',(#5152,#5153,#5154,#5155,#5156,#5157));
#5152 = ORIENTED_EDGE('',*,*,#5122,.T.);
#5153 = ORIENTED_EDGE('',*,*,#5064,.F.);
#5154 = ORIENTED_EDGE('',*,*,#5041,.F.);
#5155 = ORIENTED_EDGE('',*,*,#4971,.F.);
#5156 = ORIENTED_EDGE('',*,*,#5010,.F.);
#5157 = ORIENTED_EDGE('',*,*,#5138,.T.);
#5158 = PLANE('',#5159);
#5159 = AXIS2_PLACEMENT_3D('',#5160,#5161,#5162);
#5160 = CARTESIAN_POINT('',(-0.64,-0.663563829787,0.113563829787));
#5161 = DIRECTION('',(1.,0.,0.));
#5162 = DIRECTION('',(-0.,0.,1.));
#5163 = ( GEOMETRIC_REPRESENTATION_CONTEXT(3) 
GLOBAL_UNCERTAINTY_ASSIGNED_CONTEXT((#5167)) 
GLOBAL_UNIT_ASSIGNED_CONTEXT((#5164,#5165,#5166)) REPRESENTATION_CONTEXT
('Context #1','3D Context with UNIT and UNCERTAINTY') );
#5164 = ( LENGTH_UNIT() NAMED_UNIT(*) SI_UNIT(.MILLI.,.METRE.) );
#5165 = ( NAMED_UNIT(*) PLANE_ANGLE_UNIT() SI_UNIT($,.RADIAN.) );
#5166 = ( NAMED_UNIT(*) SI_UNIT($,.STERADIAN.) SOLID_ANGLE_UNIT() );
#5167 = UNCERTAINTY_MEASURE_WITH_UNIT(LENGTH_MEASURE(1.E-07),#5164,
  'distance_accuracy_value','confusion accuracy');
#5168 = CONTEXT_DEPENDENT_SHAPE_REPRESENTATION(#5169,#5171);
#5169 = ( REPRESENTATION_RELATIONSHIP('','',#4946,#10) 
REPRESENTATION_RELATIONSHIP_WITH_TRANSFORMATION(#5170) 
SHAPE_REPRESENTATION_RELATIONSHIP() );
#5170 = ITEM_DEFINED_TRANSFORMATION('','',#11,#19);
#5171 = PRODUCT_DEFINITION_SHAPE('Placement','Placement of an item',
  #5172);
#5172 = NEXT_ASSEMBLY_USAGE_OCCURRENCE('2','rec_contact_01','',#5,#4941,
  $);
#5173 = PRODUCT_RELATED_PRODUCT_CATEGORY('part',$,(#4943));
#5174 = SHAPE_DEFINITION_REPRESENTATION(#5175,#5181);
#5175 = PRODUCT_DEFINITION_SHAPE('','',#5176);
#5176 = PRODUCT_DEFINITION('design','',#5177,#5180);
#5177 = PRODUCT_DEFINITION_FORMATION('','',#5178);
#5178 = PRODUCT('rec_contact_02','rec_contact_02','',(#5179));
#5179 = PRODUCT_CONTEXT('',#2,'mechanical');
#5180 = PRODUCT_DEFINITION_CONTEXT('part definition',#2,'design');
#5181 = ADVANCED_BREP_SHAPE_REPRESENTATION('',(#11,#5182),#5398);
#5182 = MANIFOLD_SOLID_BREP('',#5183);
#5183 = CLOSED_SHELL('',(#5184,#5224,#5255,#5286,#5317,#5343,#5367,#5384
    ));
#5184 = ADVANCED_FACE('',(#5185),#5219,.T.);
#5185 = FACE_BOUND('',#5186,.T.);
#5186 = EDGE_LOOP('',(#5187,#5197,#5205,#5213));
#5187 = ORIENTED_EDGE('',*,*,#5188,.F.);
#5188 = EDGE_CURVE('',#5189,#5191,#5193,.T.);
#5189 = VERTEX_POINT('',#5190);
#5190 = CARTESIAN_POINT('',(-0.76,0.5,0.42));
#5191 = VERTEX_POINT('',#5192);
#5192 = CARTESIAN_POINT('',(-0.76,0.53,0.42));
#5193 = LINE('',#5194,#5195);
#5194 = CARTESIAN_POINT('',(-0.76,0.5,0.42));
#5195 = VECTOR('',#5196,1.);
#5196 = DIRECTION('',(-0.,1.,0.));
#5197 = ORIENTED_EDGE('',*,*,#5198,.T.);
#5198 = EDGE_CURVE('',#5189,#5199,#5201,.T.);
#5199 = VERTEX_POINT('',#5200);
#5200 = CARTESIAN_POINT('',(-0.64,0.5,0.42));
#5201 = LINE('',#5202,#5203);
#5202 = CARTESIAN_POINT('',(-0.76,0.5,0.42));
#5203 = VECTOR('',#5204,1.);
#5204 = DIRECTION('',(1.,0.,-0.));
#5205 = ORIENTED_EDGE('',*,*,#5206,.T.);
#5206 = EDGE_CURVE('',#5199,#5207,#5209,.T.);
#5207 = VERTEX_POINT('',#5208);
#5208 = CARTESIAN_POINT('',(-0.64,0.53,0.42));
#5209 = LINE('',#5210,#5211);
#5210 = CARTESIAN_POINT('',(-0.64,0.5,0.42));
#5211 = VECTOR('',#5212,1.);
#5212 = DIRECTION('',(-0.,1.,0.));
#5213 = ORIENTED_EDGE('',*,*,#5214,.F.);
#5214 = EDGE_CURVE('',#5191,#5207,#5215,.T.);
#5215 = LINE('',#5216,#5217);
#5216 = CARTESIAN_POINT('',(-0.76,0.53,0.42));
#5217 = VECTOR('',#5218,1.);
#5218 = DIRECTION('',(1.,0.,-0.));
#5219 = PLANE('',#5220);
#5220 = AXIS2_PLACEMENT_3D('',#5221,#5222,#5223);
#5221 = CARTESIAN_POINT('',(-0.76,0.5,0.42));
#5222 = DIRECTION('',(0.,0.,1.));
#5223 = DIRECTION('',(1.,0.,-0.));
#5224 = ADVANCED_FACE('',(#5225),#5250,.T.);
#5225 = FACE_BOUND('',#5226,.T.);
#5226 = EDGE_LOOP('',(#5227,#5237,#5243,#5244));
#5227 = ORIENTED_EDGE('',*,*,#5228,.F.);
#5228 = EDGE_CURVE('',#5229,#5231,#5233,.T.);
#5229 = VERTEX_POINT('',#5230);
#5230 = CARTESIAN_POINT('',(-0.76,0.53,5.E-02));
#5231 = VERTEX_POINT('',#5232);
#5232 = CARTESIAN_POINT('',(-0.64,0.53,5.E-02));
#5233 = LINE('',#5234,#5235);
#5234 = CARTESIAN_POINT('',(-0.76,0.53,5.E-02));
#5235 = VECTOR('',#5236,1.);
#5236 = DIRECTION('',(1.,0.,-0.));
#5237 = ORIENTED_EDGE('',*,*,#5238,.T.);
#5238 = EDGE_CURVE('',#5229,#5191,#5239,.T.);
#5239 = LINE('',#5240,#5241);
#5240 = CARTESIAN_POINT('',(-0.76,0.53,0.));
#5241 = VECTOR('',#5242,1.);
#5242 = DIRECTION('',(0.,0.,1.));
#5243 = ORIENTED_EDGE('',*,*,#5214,.T.);
#5244 = ORIENTED_EDGE('',*,*,#5245,.F.);
#5245 = EDGE_CURVE('',#5231,#5207,#5246,.T.);
#5246 = LINE('',#5247,#5248);
#5247 = CARTESIAN_POINT('',(-0.64,0.53,0.));
#5248 = VECTOR('',#5249,1.);
#5249 = DIRECTION('',(0.,0.,1.));
#5250 = PLANE('',#5251);
#5251 = AXIS2_PLACEMENT_3D('',#5252,#5253,#5254);
#5252 = CARTESIAN_POINT('',(-0.76,0.53,0.));
#5253 = DIRECTION('',(-0.,1.,0.));
#5254 = DIRECTION('',(0.,0.,1.));
#5255 = ADVANCED_FACE('',(#5256),#5281,.T.);
#5256 = FACE_BOUND('',#5257,.T.);
#5257 = EDGE_LOOP('',(#5258,#5266,#5267,#5275));
#5258 = ORIENTED_EDGE('',*,*,#5259,.F.);
#5259 = EDGE_CURVE('',#5229,#5260,#5262,.T.);
#5260 = VERTEX_POINT('',#5261);
#5261 = CARTESIAN_POINT('',(-0.76,1.02,5.E-02));
#5262 = LINE('',#5263,#5264);
#5263 = CARTESIAN_POINT('',(-0.76,0.5,5.E-02));
#5264 = VECTOR('',#5265,1.);
#5265 = DIRECTION('',(-0.,1.,0.));
#5266 = ORIENTED_EDGE('',*,*,#5228,.T.);
#5267 = ORIENTED_EDGE('',*,*,#5268,.T.);
#5268 = EDGE_CURVE('',#5231,#5269,#5271,.T.);
#5269 = VERTEX_POINT('',#5270);
#5270 = CARTESIAN_POINT('',(-0.64,1.02,5.E-02));
#5271 = LINE('',#5272,#5273);
#5272 = CARTESIAN_POINT('',(-0.64,0.5,5.E-02));
#5273 = VECTOR('',#5274,1.);
#5274 = DIRECTION('',(-0.,1.,0.));
#5275 = ORIENTED_EDGE('',*,*,#5276,.F.);
#5276 = EDGE_CURVE('',#5260,#5269,#5277,.T.);
#5277 = LINE('',#5278,#5279);
#5278 = CARTESIAN_POINT('',(-0.76,1.02,5.E-02));
#5279 = VECTOR('',#5280,1.);
#5280 = DIRECTION('',(1.,0.,-0.));
#5281 = PLANE('',#5282);
#5282 = AXIS2_PLACEMENT_3D('',#5283,#5284,#5285);
#5283 = CARTESIAN_POINT('',(-0.76,0.5,5.E-02));
#5284 = DIRECTION('',(0.,0.,1.));
#5285 = DIRECTION('',(1.,0.,-0.));
#5286 = ADVANCED_FACE('',(#5287),#5312,.T.);
#5287 = FACE_BOUND('',#5288,.T.);
#5288 = EDGE_LOOP('',(#5289,#5299,#5305,#5306));
#5289 = ORIENTED_EDGE('',*,*,#5290,.F.);
#5290 = EDGE_CURVE('',#5291,#5293,#5295,.T.);
#5291 = VERTEX_POINT('',#5292);
#5292 = CARTESIAN_POINT('',(-0.76,1.02,0.));
#5293 = VERTEX_POINT('',#5294);
#5294 = CARTESIAN_POINT('',(-0.64,1.02,0.));
#5295 = LINE('',#5296,#5297);
#5296 = CARTESIAN_POINT('',(-0.76,1.02,0.));
#5297 = VECTOR('',#5298,1.);
#5298 = DIRECTION('',(1.,0.,-0.));
#5299 = ORIENTED_EDGE('',*,*,#5300,.T.);
#5300 = EDGE_CURVE('',#5291,#5260,#5301,.T.);
#5301 = LINE('',#5302,#5303);
#5302 = CARTESIAN_POINT('',(-0.76,1.02,0.));
#5303 = VECTOR('',#5304,1.);
#5304 = DIRECTION('',(0.,0.,1.));
#5305 = ORIENTED_EDGE('',*,*,#5276,.T.);
#5306 = ORIENTED_EDGE('',*,*,#5307,.F.);
#5307 = EDGE_CURVE('',#5293,#5269,#5308,.T.);
#5308 = LINE('',#5309,#5310);
#5309 = CARTESIAN_POINT('',(-0.64,1.02,0.));
#5310 = VECTOR('',#5311,1.);
#5311 = DIRECTION('',(0.,0.,1.));
#5312 = PLANE('',#5313);
#5313 = AXIS2_PLACEMENT_3D('',#5314,#5315,#5316);
#5314 = CARTESIAN_POINT('',(-0.76,1.02,0.));
#5315 = DIRECTION('',(-0.,1.,0.));
#5316 = DIRECTION('',(0.,0.,1.));
#5317 = ADVANCED_FACE('',(#5318),#5338,.T.);
#5318 = FACE_BOUND('',#5319,.T.);
#5319 = EDGE_LOOP('',(#5320,#5328,#5329,#5330,#5331,#5332));
#5320 = ORIENTED_EDGE('',*,*,#5321,.T.);
#5321 = EDGE_CURVE('',#5322,#5189,#5324,.T.);
#5322 = VERTEX_POINT('',#5323);
#5323 = CARTESIAN_POINT('',(-0.76,0.5,0.));
#5324 = LINE('',#5325,#5326);
#5325 = CARTESIAN_POINT('',(-0.76,0.5,0.));
#5326 = VECTOR('',#5327,1.);
#5327 = DIRECTION('',(0.,0.,1.));
#5328 = ORIENTED_EDGE('',*,*,#5188,.T.);
#5329 = ORIENTED_EDGE('',*,*,#5238,.F.);
#5330 = ORIENTED_EDGE('',*,*,#5259,.T.);
#5331 = ORIENTED_EDGE('',*,*,#5300,.F.);
#5332 = ORIENTED_EDGE('',*,*,#5333,.F.);
#5333 = EDGE_CURVE('',#5322,#5291,#5334,.T.);
#5334 = LINE('',#5335,#5336);
#5335 = CARTESIAN_POINT('',(-0.76,0.5,0.));
#5336 = VECTOR('',#5337,1.);
#5337 = DIRECTION('',(-0.,1.,0.));
#5338 = PLANE('',#5339);
#5339 = AXIS2_PLACEMENT_3D('',#5340,#5341,#5342);
#5340 = CARTESIAN_POINT('',(-0.76,0.663563829787,0.113563829787));
#5341 = DIRECTION('',(-1.,-0.,-0.));
#5342 = DIRECTION('',(0.,0.,-1.));
#5343 = ADVANCED_FACE('',(#5344),#5362,.F.);
#5344 = FACE_BOUND('',#5345,.T.);
#5345 = EDGE_LOOP('',(#5346,#5354,#5360,#5361));
#5346 = ORIENTED_EDGE('',*,*,#5347,.T.);
#5347 = EDGE_CURVE('',#5322,#5348,#5350,.T.);
#5348 = VERTEX_POINT('',#5349);
#5349 = CARTESIAN_POINT('',(-0.64,0.5,0.));
#5350 = LINE('',#5351,#5352);
#5351 = CARTESIAN_POINT('',(-0.76,0.5,0.));
#5352 = VECTOR('',#5353,1.);
#5353 = DIRECTION('',(1.,0.,-0.));
#5354 = ORIENTED_EDGE('',*,*,#5355,.T.);
#5355 = EDGE_CURVE('',#5348,#5199,#5356,.T.);
#5356 = LINE('',#5357,#5358);
#5357 = CARTESIAN_POINT('',(-0.64,0.5,0.));
#5358 = VECTOR('',#5359,1.);
#5359 = DIRECTION('',(0.,0.,1.));
#5360 = ORIENTED_EDGE('',*,*,#5198,.F.);
#5361 = ORIENTED_EDGE('',*,*,#5321,.F.);
#5362 = PLANE('',#5363);
#5363 = AXIS2_PLACEMENT_3D('',#5364,#5365,#5366);
#5364 = CARTESIAN_POINT('',(-0.76,0.5,0.));
#5365 = DIRECTION('',(-0.,1.,0.));
#5366 = DIRECTION('',(0.,0.,1.));
#5367 = ADVANCED_FACE('',(#5368),#5379,.T.);
#5368 = FACE_BOUND('',#5369,.T.);
#5369 = EDGE_LOOP('',(#5370,#5371,#5372,#5378));
#5370 = ORIENTED_EDGE('',*,*,#5333,.T.);
#5371 = ORIENTED_EDGE('',*,*,#5290,.T.);
#5372 = ORIENTED_EDGE('',*,*,#5373,.F.);
#5373 = EDGE_CURVE('',#5348,#5293,#5374,.T.);
#5374 = LINE('',#5375,#5376);
#5375 = CARTESIAN_POINT('',(-0.64,0.5,0.));
#5376 = VECTOR('',#5377,1.);
#5377 = DIRECTION('',(-0.,1.,0.));
#5378 = ORIENTED_EDGE('',*,*,#5347,.F.);
#5379 = PLANE('',#5380);
#5380 = AXIS2_PLACEMENT_3D('',#5381,#5382,#5383);
#5381 = CARTESIAN_POINT('',(-0.7,0.76,0.));
#5382 = DIRECTION('',(-0.,-0.,-1.));
#5383 = DIRECTION('',(-1.,0.,0.));
#5384 = ADVANCED_FACE('',(#5385),#5393,.T.);
#5385 = FACE_BOUND('',#5386,.T.);
#5386 = EDGE_LOOP('',(#5387,#5388,#5389,#5390,#5391,#5392));
#5387 = ORIENTED_EDGE('',*,*,#5355,.F.);
#5388 = ORIENTED_EDGE('',*,*,#5373,.T.);
#5389 = ORIENTED_EDGE('',*,*,#5307,.T.);
#5390 = ORIENTED_EDGE('',*,*,#5268,.F.);
#5391 = ORIENTED_EDGE('',*,*,#5245,.T.);
#5392 = ORIENTED_EDGE('',*,*,#5206,.F.);
#5393 = PLANE('',#5394);
#5394 = AXIS2_PLACEMENT_3D('',#5395,#5396,#5397);
#5395 = CARTESIAN_POINT('',(-0.64,0.663563829787,0.113563829787));
#5396 = DIRECTION('',(1.,0.,0.));
#5397 = DIRECTION('',(-0.,0.,1.));
#5398 = ( GEOMETRIC_REPRESENTATION_CONTEXT(3) 
GLOBAL_UNCERTAINTY_ASSIGNED_CONTEXT((#5402)) 
GLOBAL_UNIT_ASSIGNED_CONTEXT((#5399,#5400,#5401)) REPRESENTATION_CONTEXT
('Context #1','3D Context with UNIT and UNCERTAINTY') );
#5399 = ( LENGTH_UNIT() NAMED_UNIT(*) SI_UNIT(.MILLI.,.METRE.) );
#5400 = ( NAMED_UNIT(*) PLANE_ANGLE_UNIT() SI_UNIT($,.RADIAN.) );
#5401 = ( NAMED_UNIT(*) SI_UNIT($,.STERADIAN.) SOLID_ANGLE_UNIT() );
#5402 = UNCERTAINTY_MEASURE_WITH_UNIT(LENGTH_MEASURE(1.E-07),#5399,
  'distance_accuracy_value','confusion accuracy');
#5403 = CONTEXT_DEPENDENT_SHAPE_REPRESENTATION(#5404,#5406);
#5404 = ( REPRESENTATION_RELATIONSHIP('','',#5181,#10) 
REPRESENTATION_RELATIONSHIP_WITH_TRANSFORMATION(#5405) 
SHAPE_REPRESENTATION_RELATIONSHIP() );
#5405 = ITEM_DEFINED_TRANSFORMATION('','',#11,#23);
#5406 = PRODUCT_DEFINITION_SHAPE('Placement','Placement of an item',
  #5407);
#5407 = NEXT_ASSEMBLY_USAGE_OCCURRENCE('3','rec_contact_02','',#5,#5176,
  $);
#5408 = PRODUCT_RELATED_PRODUCT_CATEGORY('part',$,(#5178));
#5409 = SHAPE_DEFINITION_REPRESENTATION(#5410,#5416);
#5410 = PRODUCT_DEFINITION_SHAPE('','',#5411);
#5411 = PRODUCT_DEFINITION('design','',#5412,#5415);
#5412 = PRODUCT_DEFINITION_FORMATION('','',#5413);
#5413 = PRODUCT('rec_contact_03','rec_contact_03','',(#5414));
#5414 = PRODUCT_CONTEXT('',#2,'mechanical');
#5415 = PRODUCT_DEFINITION_CONTEXT('part definition',#2,'design');
#5416 = ADVANCED_BREP_SHAPE_REPRESENTATION('',(#11,#5417),#5633);
#5417 = MANIFOLD_SOLID_BREP('',#5418);
#5418 = CLOSED_SHELL('',(#5419,#5459,#5490,#5521,#5552,#5578,#5602,#5619
    ));
#5419 = ADVANCED_FACE('',(#5420),#5454,.T.);
#5420 = FACE_BOUND('',#5421,.T.);
#5421 = EDGE_LOOP('',(#5422,#5432,#5440,#5448));
#5422 = ORIENTED_EDGE('',*,*,#5423,.F.);
#5423 = EDGE_CURVE('',#5424,#5426,#5428,.T.);
#5424 = VERTEX_POINT('',#5425);
#5425 = CARTESIAN_POINT('',(-0.41,-1.02,5.E-02));
#5426 = VERTEX_POINT('',#5427);
#5427 = CARTESIAN_POINT('',(-0.41,-0.53,5.E-02));
#5428 = LINE('',#5429,#5430);
#5429 = CARTESIAN_POINT('',(-0.41,-1.02,5.E-02));
#5430 = VECTOR('',#5431,1.);
#5431 = DIRECTION('',(-0.,1.,0.));
#5432 = ORIENTED_EDGE('',*,*,#5433,.T.);
#5433 = EDGE_CURVE('',#5424,#5434,#5436,.T.);
#5434 = VERTEX_POINT('',#5435);
#5435 = CARTESIAN_POINT('',(-0.29,-1.02,5.E-02));
#5436 = LINE('',#5437,#5438);
#5437 = CARTESIAN_POINT('',(-0.41,-1.02,5.E-02));
#5438 = VECTOR('',#5439,1.);
#5439 = DIRECTION('',(1.,0.,-0.));
#5440 = ORIENTED_EDGE('',*,*,#5441,.T.);
#5441 = EDGE_CURVE('',#5434,#5442,#5444,.T.);
#5442 = VERTEX_POINT('',#5443);
#5443 = CARTESIAN_POINT('',(-0.29,-0.53,5.E-02));
#5444 = LINE('',#5445,#5446);
#5445 = CARTESIAN_POINT('',(-0.29,-1.02,5.E-02));
#5446 = VECTOR('',#5447,1.);
#5447 = DIRECTION('',(-0.,1.,0.));
#5448 = ORIENTED_EDGE('',*,*,#5449,.F.);
#5449 = EDGE_CURVE('',#5426,#5442,#5450,.T.);
#5450 = LINE('',#5451,#5452);
#5451 = CARTESIAN_POINT('',(-0.41,-0.53,5.E-02));
#5452 = VECTOR('',#5453,1.);
#5453 = DIRECTION('',(1.,0.,-0.));
#5454 = PLANE('',#5455);
#5455 = AXIS2_PLACEMENT_3D('',#5456,#5457,#5458);
#5456 = CARTESIAN_POINT('',(-0.41,-1.02,5.E-02));
#5457 = DIRECTION('',(0.,0.,1.));
#5458 = DIRECTION('',(1.,0.,-0.));
#5459 = ADVANCED_FACE('',(#5460),#5485,.F.);
#5460 = FACE_BOUND('',#5461,.F.);
#5461 = EDGE_LOOP('',(#5462,#5472,#5478,#5479));
#5462 = ORIENTED_EDGE('',*,*,#5463,.F.);
#5463 = EDGE_CURVE('',#5464,#5466,#5468,.T.);
#5464 = VERTEX_POINT('',#5465);
#5465 = CARTESIAN_POINT('',(-0.41,-1.02,0.));
#5466 = VERTEX_POINT('',#5467);
#5467 = CARTESIAN_POINT('',(-0.29,-1.02,0.));
#5468 = LINE('',#5469,#5470);
#5469 = CARTESIAN_POINT('',(-0.41,-1.02,0.));
#5470 = VECTOR('',#5471,1.);
#5471 = DIRECTION('',(1.,0.,-0.));
#5472 = ORIENTED_EDGE('',*,*,#5473,.T.);
#5473 = EDGE_CURVE('',#5464,#5424,#5474,.T.);
#5474 = LINE('',#5475,#5476);
#5475 = CARTESIAN_POINT('',(-0.41,-1.02,0.));
#5476 = VECTOR('',#5477,1.);
#5477 = DIRECTION('',(0.,0.,1.));
#5478 = ORIENTED_EDGE('',*,*,#5433,.T.);
#5479 = ORIENTED_EDGE('',*,*,#5480,.F.);
#5480 = EDGE_CURVE('',#5466,#5434,#5481,.T.);
#5481 = LINE('',#5482,#5483);
#5482 = CARTESIAN_POINT('',(-0.29,-1.02,0.));
#5483 = VECTOR('',#5484,1.);
#5484 = DIRECTION('',(0.,0.,1.));
#5485 = PLANE('',#5486);
#5486 = AXIS2_PLACEMENT_3D('',#5487,#5488,#5489);
#5487 = CARTESIAN_POINT('',(-0.41,-1.02,0.));
#5488 = DIRECTION('',(-0.,1.,0.));
#5489 = DIRECTION('',(0.,0.,1.));
#5490 = ADVANCED_FACE('',(#5491),#5516,.F.);
#5491 = FACE_BOUND('',#5492,.F.);
#5492 = EDGE_LOOP('',(#5493,#5494,#5502,#5510));
#5493 = ORIENTED_EDGE('',*,*,#5449,.F.);
#5494 = ORIENTED_EDGE('',*,*,#5495,.T.);
#5495 = EDGE_CURVE('',#5426,#5496,#5498,.T.);
#5496 = VERTEX_POINT('',#5497);
#5497 = CARTESIAN_POINT('',(-0.41,-0.53,0.42));
#5498 = LINE('',#5499,#5500);
#5499 = CARTESIAN_POINT('',(-0.41,-0.53,0.));
#5500 = VECTOR('',#5501,1.);
#5501 = DIRECTION('',(0.,0.,1.));
#5502 = ORIENTED_EDGE('',*,*,#5503,.T.);
#5503 = EDGE_CURVE('',#5496,#5504,#5506,.T.);
#5504 = VERTEX_POINT('',#5505);
#5505 = CARTESIAN_POINT('',(-0.29,-0.53,0.42));
#5506 = LINE('',#5507,#5508);
#5507 = CARTESIAN_POINT('',(-0.41,-0.53,0.42));
#5508 = VECTOR('',#5509,1.);
#5509 = DIRECTION('',(1.,0.,-0.));
#5510 = ORIENTED_EDGE('',*,*,#5511,.F.);
#5511 = EDGE_CURVE('',#5442,#5504,#5512,.T.);
#5512 = LINE('',#5513,#5514);
#5513 = CARTESIAN_POINT('',(-0.29,-0.53,0.));
#5514 = VECTOR('',#5515,1.);
#5515 = DIRECTION('',(0.,0.,1.));
#5516 = PLANE('',#5517);
#5517 = AXIS2_PLACEMENT_3D('',#5518,#5519,#5520);
#5518 = CARTESIAN_POINT('',(-0.41,-0.53,0.));
#5519 = DIRECTION('',(-0.,1.,0.));
#5520 = DIRECTION('',(0.,0.,1.));
#5521 = ADVANCED_FACE('',(#5522),#5547,.T.);
#5522 = FACE_BOUND('',#5523,.T.);
#5523 = EDGE_LOOP('',(#5524,#5532,#5533,#5541));
#5524 = ORIENTED_EDGE('',*,*,#5525,.F.);
#5525 = EDGE_CURVE('',#5496,#5526,#5528,.T.);
#5526 = VERTEX_POINT('',#5527);
#5527 = CARTESIAN_POINT('',(-0.41,-0.5,0.42));
#5528 = LINE('',#5529,#5530);
#5529 = CARTESIAN_POINT('',(-0.41,-0.53,0.42));
#5530 = VECTOR('',#5531,1.);
#5531 = DIRECTION('',(-0.,1.,0.));
#5532 = ORIENTED_EDGE('',*,*,#5503,.T.);
#5533 = ORIENTED_EDGE('',*,*,#5534,.T.);
#5534 = EDGE_CURVE('',#5504,#5535,#5537,.T.);
#5535 = VERTEX_POINT('',#5536);
#5536 = CARTESIAN_POINT('',(-0.29,-0.5,0.42));
#5537 = LINE('',#5538,#5539);
#5538 = CARTESIAN_POINT('',(-0.29,-0.53,0.42));
#5539 = VECTOR('',#5540,1.);
#5540 = DIRECTION('',(-0.,1.,0.));
#5541 = ORIENTED_EDGE('',*,*,#5542,.F.);
#5542 = EDGE_CURVE('',#5526,#5535,#5543,.T.);
#5543 = LINE('',#5544,#5545);
#5544 = CARTESIAN_POINT('',(-0.41,-0.5,0.42));
#5545 = VECTOR('',#5546,1.);
#5546 = DIRECTION('',(1.,0.,-0.));
#5547 = PLANE('',#5548);
#5548 = AXIS2_PLACEMENT_3D('',#5549,#5550,#5551);
#5549 = CARTESIAN_POINT('',(-0.41,-0.53,0.42));
#5550 = DIRECTION('',(0.,0.,1.));
#5551 = DIRECTION('',(1.,0.,-0.));
#5552 = ADVANCED_FACE('',(#5553),#5573,.T.);
#5553 = FACE_BOUND('',#5554,.T.);
#5554 = EDGE_LOOP('',(#5555,#5563,#5564,#5565,#5566,#5567));
#5555 = ORIENTED_EDGE('',*,*,#5556,.F.);
#5556 = EDGE_CURVE('',#5464,#5557,#5559,.T.);
#5557 = VERTEX_POINT('',#5558);
#5558 = CARTESIAN_POINT('',(-0.41,-0.5,0.));
#5559 = LINE('',#5560,#5561);
#5560 = CARTESIAN_POINT('',(-0.41,-0.53,0.));
#5561 = VECTOR('',#5562,1.);
#5562 = DIRECTION('',(-0.,1.,0.));
#5563 = ORIENTED_EDGE('',*,*,#5473,.T.);
#5564 = ORIENTED_EDGE('',*,*,#5423,.T.);
#5565 = ORIENTED_EDGE('',*,*,#5495,.T.);
#5566 = ORIENTED_EDGE('',*,*,#5525,.T.);
#5567 = ORIENTED_EDGE('',*,*,#5568,.F.);
#5568 = EDGE_CURVE('',#5557,#5526,#5569,.T.);
#5569 = LINE('',#5570,#5571);
#5570 = CARTESIAN_POINT('',(-0.41,-0.5,0.));
#5571 = VECTOR('',#5572,1.);
#5572 = DIRECTION('',(0.,0.,1.));
#5573 = PLANE('',#5574);
#5574 = AXIS2_PLACEMENT_3D('',#5575,#5576,#5577);
#5575 = CARTESIAN_POINT('',(-0.41,-0.663563829787,0.113563829787));
#5576 = DIRECTION('',(-1.,-0.,-0.));
#5577 = DIRECTION('',(0.,0.,-1.));
#5578 = ADVANCED_FACE('',(#5579),#5597,.T.);
#5579 = FACE_BOUND('',#5580,.T.);
#5580 = EDGE_LOOP('',(#5581,#5589,#5590,#5591));
#5581 = ORIENTED_EDGE('',*,*,#5582,.F.);
#5582 = EDGE_CURVE('',#5557,#5583,#5585,.T.);
#5583 = VERTEX_POINT('',#5584);
#5584 = CARTESIAN_POINT('',(-0.29,-0.5,0.));
#5585 = LINE('',#5586,#5587);
#5586 = CARTESIAN_POINT('',(-0.41,-0.5,0.));
#5587 = VECTOR('',#5588,1.);
#5588 = DIRECTION('',(1.,0.,-0.));
#5589 = ORIENTED_EDGE('',*,*,#5568,.T.);
#5590 = ORIENTED_EDGE('',*,*,#5542,.T.);
#5591 = ORIENTED_EDGE('',*,*,#5592,.F.);
#5592 = EDGE_CURVE('',#5583,#5535,#5593,.T.);
#5593 = LINE('',#5594,#5595);
#5594 = CARTESIAN_POINT('',(-0.29,-0.5,0.));
#5595 = VECTOR('',#5596,1.);
#5596 = DIRECTION('',(0.,0.,1.));
#5597 = PLANE('',#5598);
#5598 = AXIS2_PLACEMENT_3D('',#5599,#5600,#5601);
#5599 = CARTESIAN_POINT('',(-0.41,-0.5,0.));
#5600 = DIRECTION('',(-0.,1.,0.));
#5601 = DIRECTION('',(0.,0.,1.));
#5602 = ADVANCED_FACE('',(#5603),#5614,.T.);
#5603 = FACE_BOUND('',#5604,.T.);
#5604 = EDGE_LOOP('',(#5605,#5606,#5607,#5613));
#5605 = ORIENTED_EDGE('',*,*,#5556,.T.);
#5606 = ORIENTED_EDGE('',*,*,#5582,.T.);
#5607 = ORIENTED_EDGE('',*,*,#5608,.F.);
#5608 = EDGE_CURVE('',#5466,#5583,#5609,.T.);
#5609 = LINE('',#5610,#5611);
#5610 = CARTESIAN_POINT('',(-0.29,-0.53,0.));
#5611 = VECTOR('',#5612,1.);
#5612 = DIRECTION('',(-0.,1.,0.));
#5613 = ORIENTED_EDGE('',*,*,#5463,.F.);
#5614 = PLANE('',#5615);
#5615 = AXIS2_PLACEMENT_3D('',#5616,#5617,#5618);
#5616 = CARTESIAN_POINT('',(-0.35,-0.76,0.));
#5617 = DIRECTION('',(-0.,-0.,-1.));
#5618 = DIRECTION('',(-1.,0.,0.));
#5619 = ADVANCED_FACE('',(#5620),#5628,.T.);
#5620 = FACE_BOUND('',#5621,.T.);
#5621 = EDGE_LOOP('',(#5622,#5623,#5624,#5625,#5626,#5627));
#5622 = ORIENTED_EDGE('',*,*,#5592,.T.);
#5623 = ORIENTED_EDGE('',*,*,#5534,.F.);
#5624 = ORIENTED_EDGE('',*,*,#5511,.F.);
#5625 = ORIENTED_EDGE('',*,*,#5441,.F.);
#5626 = ORIENTED_EDGE('',*,*,#5480,.F.);
#5627 = ORIENTED_EDGE('',*,*,#5608,.T.);
#5628 = PLANE('',#5629);
#5629 = AXIS2_PLACEMENT_3D('',#5630,#5631,#5632);
#5630 = CARTESIAN_POINT('',(-0.29,-0.663563829787,0.113563829787));
#5631 = DIRECTION('',(1.,0.,0.));
#5632 = DIRECTION('',(-0.,0.,1.));
#5633 = ( GEOMETRIC_REPRESENTATION_CONTEXT(3) 
GLOBAL_UNCERTAINTY_ASSIGNED_CONTEXT((#5637)) 
GLOBAL_UNIT_ASSIGNED_CONTEXT((#5634,#5635,#5636)) REPRESENTATION_CONTEXT
('Context #1','3D Context with UNIT and UNCERTAINTY') );
#5634 = ( LENGTH_UNIT() NAMED_UNIT(*) SI_UNIT(.MILLI.,.METRE.) );
#5635 = ( NAMED_UNIT(*) PLANE_ANGLE_UNIT() SI_UNIT($,.RADIAN.) );
#5636 = ( NAMED_UNIT(*) SI_UNIT($,.STERADIAN.) SOLID_ANGLE_UNIT() );
#5637 = UNCERTAINTY_MEASURE_WITH_UNIT(LENGTH_MEASURE(1.E-07),#5634,
  'distance_accuracy_value','confusion accuracy');
#5638 = CONTEXT_DEPENDENT_SHAPE_REPRESENTATION(#5639,#5641);
#5639 = ( REPRESENTATION_RELATIONSHIP('','',#5416,#10) 
REPRESENTATION_RELATIONSHIP_WITH_TRANSFORMATION(#5640) 
SHAPE_REPRESENTATION_RELATIONSHIP() );
#5640 = ITEM_DEFINED_TRANSFORMATION('','',#11,#27);
#5641 = PRODUCT_DEFINITION_SHAPE('Placement','Placement of an item',
  #5642);
#5642 = NEXT_ASSEMBLY_USAGE_OCCURRENCE('4','rec_contact_03','',#5,#5411,
  $);
#5643 = PRODUCT_RELATED_PRODUCT_CATEGORY('part',$,(#5413));
#5644 = SHAPE_DEFINITION_REPRESENTATION(#5645,#5651);
#5645 = PRODUCT_DEFINITION_SHAPE('','',#5646);
#5646 = PRODUCT_DEFINITION('design','',#5647,#5650);
#5647 = PRODUCT_DEFINITION_FORMATION('','',#5648);
#5648 = PRODUCT('rec_contact_04','rec_contact_04','',(#5649));
#5649 = PRODUCT_CONTEXT('',#2,'mechanical');
#5650 = PRODUCT_DEFINITION_CONTEXT('part definition',#2,'design');
#5651 = ADVANCED_BREP_SHAPE_REPRESENTATION('',(#11,#5652),#5868);
#5652 = MANIFOLD_SOLID_BREP('',#5653);
#5653 = CLOSED_SHELL('',(#5654,#5694,#5725,#5756,#5787,#5813,#5837,#5854
    ));
#5654 = ADVANCED_FACE('',(#5655),#5689,.T.);
#5655 = FACE_BOUND('',#5656,.T.);
#5656 = EDGE_LOOP('',(#5657,#5667,#5675,#5683));
#5657 = ORIENTED_EDGE('',*,*,#5658,.F.);
#5658 = EDGE_CURVE('',#5659,#5661,#5663,.T.);
#5659 = VERTEX_POINT('',#5660);
#5660 = CARTESIAN_POINT('',(-0.41,0.5,0.42));
#5661 = VERTEX_POINT('',#5662);
#5662 = CARTESIAN_POINT('',(-0.41,0.53,0.42));
#5663 = LINE('',#5664,#5665);
#5664 = CARTESIAN_POINT('',(-0.41,0.5,0.42));
#5665 = VECTOR('',#5666,1.);
#5666 = DIRECTION('',(-0.,1.,0.));
#5667 = ORIENTED_EDGE('',*,*,#5668,.T.);
#5668 = EDGE_CURVE('',#5659,#5669,#5671,.T.);
#5669 = VERTEX_POINT('',#5670);
#5670 = CARTESIAN_POINT('',(-0.29,0.5,0.42));
#5671 = LINE('',#5672,#5673);
#5672 = CARTESIAN_POINT('',(-0.41,0.5,0.42));
#5673 = VECTOR('',#5674,1.);
#5674 = DIRECTION('',(1.,0.,-0.));
#5675 = ORIENTED_EDGE('',*,*,#5676,.T.);
#5676 = EDGE_CURVE('',#5669,#5677,#5679,.T.);
#5677 = VERTEX_POINT('',#5678);
#5678 = CARTESIAN_POINT('',(-0.29,0.53,0.42));
#5679 = LINE('',#5680,#5681);
#5680 = CARTESIAN_POINT('',(-0.29,0.5,0.42));
#5681 = VECTOR('',#5682,1.);
#5682 = DIRECTION('',(-0.,1.,0.));
#5683 = ORIENTED_EDGE('',*,*,#5684,.F.);
#5684 = EDGE_CURVE('',#5661,#5677,#5685,.T.);
#5685 = LINE('',#5686,#5687);
#5686 = CARTESIAN_POINT('',(-0.41,0.53,0.42));
#5687 = VECTOR('',#5688,1.);
#5688 = DIRECTION('',(1.,0.,-0.));
#5689 = PLANE('',#5690);
#5690 = AXIS2_PLACEMENT_3D('',#5691,#5692,#5693);
#5691 = CARTESIAN_POINT('',(-0.41,0.5,0.42));
#5692 = DIRECTION('',(0.,0.,1.));
#5693 = DIRECTION('',(1.,0.,-0.));
#5694 = ADVANCED_FACE('',(#5695),#5720,.T.);
#5695 = FACE_BOUND('',#5696,.T.);
#5696 = EDGE_LOOP('',(#5697,#5707,#5713,#5714));
#5697 = ORIENTED_EDGE('',*,*,#5698,.F.);
#5698 = EDGE_CURVE('',#5699,#5701,#5703,.T.);
#5699 = VERTEX_POINT('',#5700);
#5700 = CARTESIAN_POINT('',(-0.41,0.53,5.E-02));
#5701 = VERTEX_POINT('',#5702);
#5702 = CARTESIAN_POINT('',(-0.29,0.53,5.E-02));
#5703 = LINE('',#5704,#5705);
#5704 = CARTESIAN_POINT('',(-0.41,0.53,5.E-02));
#5705 = VECTOR('',#5706,1.);
#5706 = DIRECTION('',(1.,0.,-0.));
#5707 = ORIENTED_EDGE('',*,*,#5708,.T.);
#5708 = EDGE_CURVE('',#5699,#5661,#5709,.T.);
#5709 = LINE('',#5710,#5711);
#5710 = CARTESIAN_POINT('',(-0.41,0.53,0.));
#5711 = VECTOR('',#5712,1.);
#5712 = DIRECTION('',(0.,0.,1.));
#5713 = ORIENTED_EDGE('',*,*,#5684,.T.);
#5714 = ORIENTED_EDGE('',*,*,#5715,.F.);
#5715 = EDGE_CURVE('',#5701,#5677,#5716,.T.);
#5716 = LINE('',#5717,#5718);
#5717 = CARTESIAN_POINT('',(-0.29,0.53,0.));
#5718 = VECTOR('',#5719,1.);
#5719 = DIRECTION('',(0.,0.,1.));
#5720 = PLANE('',#5721);
#5721 = AXIS2_PLACEMENT_3D('',#5722,#5723,#5724);
#5722 = CARTESIAN_POINT('',(-0.41,0.53,0.));
#5723 = DIRECTION('',(-0.,1.,0.));
#5724 = DIRECTION('',(0.,0.,1.));
#5725 = ADVANCED_FACE('',(#5726),#5751,.T.);
#5726 = FACE_BOUND('',#5727,.T.);
#5727 = EDGE_LOOP('',(#5728,#5736,#5737,#5745));
#5728 = ORIENTED_EDGE('',*,*,#5729,.F.);
#5729 = EDGE_CURVE('',#5699,#5730,#5732,.T.);
#5730 = VERTEX_POINT('',#5731);
#5731 = CARTESIAN_POINT('',(-0.41,1.02,5.E-02));
#5732 = LINE('',#5733,#5734);
#5733 = CARTESIAN_POINT('',(-0.41,0.5,5.E-02));
#5734 = VECTOR('',#5735,1.);
#5735 = DIRECTION('',(-0.,1.,0.));
#5736 = ORIENTED_EDGE('',*,*,#5698,.T.);
#5737 = ORIENTED_EDGE('',*,*,#5738,.T.);
#5738 = EDGE_CURVE('',#5701,#5739,#5741,.T.);
#5739 = VERTEX_POINT('',#5740);
#5740 = CARTESIAN_POINT('',(-0.29,1.02,5.E-02));
#5741 = LINE('',#5742,#5743);
#5742 = CARTESIAN_POINT('',(-0.29,0.5,5.E-02));
#5743 = VECTOR('',#5744,1.);
#5744 = DIRECTION('',(-0.,1.,0.));
#5745 = ORIENTED_EDGE('',*,*,#5746,.F.);
#5746 = EDGE_CURVE('',#5730,#5739,#5747,.T.);
#5747 = LINE('',#5748,#5749);
#5748 = CARTESIAN_POINT('',(-0.41,1.02,5.E-02));
#5749 = VECTOR('',#5750,1.);
#5750 = DIRECTION('',(1.,0.,-0.));
#5751 = PLANE('',#5752);
#5752 = AXIS2_PLACEMENT_3D('',#5753,#5754,#5755);
#5753 = CARTESIAN_POINT('',(-0.41,0.5,5.E-02));
#5754 = DIRECTION('',(0.,0.,1.));
#5755 = DIRECTION('',(1.,0.,-0.));
#5756 = ADVANCED_FACE('',(#5757),#5782,.T.);
#5757 = FACE_BOUND('',#5758,.T.);
#5758 = EDGE_LOOP('',(#5759,#5769,#5775,#5776));
#5759 = ORIENTED_EDGE('',*,*,#5760,.F.);
#5760 = EDGE_CURVE('',#5761,#5763,#5765,.T.);
#5761 = VERTEX_POINT('',#5762);
#5762 = CARTESIAN_POINT('',(-0.41,1.02,0.));
#5763 = VERTEX_POINT('',#5764);
#5764 = CARTESIAN_POINT('',(-0.29,1.02,0.));
#5765 = LINE('',#5766,#5767);
#5766 = CARTESIAN_POINT('',(-0.41,1.02,0.));
#5767 = VECTOR('',#5768,1.);
#5768 = DIRECTION('',(1.,0.,-0.));
#5769 = ORIENTED_EDGE('',*,*,#5770,.T.);
#5770 = EDGE_CURVE('',#5761,#5730,#5771,.T.);
#5771 = LINE('',#5772,#5773);
#5772 = CARTESIAN_POINT('',(-0.41,1.02,0.));
#5773 = VECTOR('',#5774,1.);
#5774 = DIRECTION('',(0.,0.,1.));
#5775 = ORIENTED_EDGE('',*,*,#5746,.T.);
#5776 = ORIENTED_EDGE('',*,*,#5777,.F.);
#5777 = EDGE_CURVE('',#5763,#5739,#5778,.T.);
#5778 = LINE('',#5779,#5780);
#5779 = CARTESIAN_POINT('',(-0.29,1.02,0.));
#5780 = VECTOR('',#5781,1.);
#5781 = DIRECTION('',(0.,0.,1.));
#5782 = PLANE('',#5783);
#5783 = AXIS2_PLACEMENT_3D('',#5784,#5785,#5786);
#5784 = CARTESIAN_POINT('',(-0.41,1.02,0.));
#5785 = DIRECTION('',(-0.,1.,0.));
#5786 = DIRECTION('',(0.,0.,1.));
#5787 = ADVANCED_FACE('',(#5788),#5808,.T.);
#5788 = FACE_BOUND('',#5789,.T.);
#5789 = EDGE_LOOP('',(#5790,#5798,#5799,#5800,#5801,#5802));
#5790 = ORIENTED_EDGE('',*,*,#5791,.T.);
#5791 = EDGE_CURVE('',#5792,#5659,#5794,.T.);
#5792 = VERTEX_POINT('',#5793);
#5793 = CARTESIAN_POINT('',(-0.41,0.5,0.));
#5794 = LINE('',#5795,#5796);
#5795 = CARTESIAN_POINT('',(-0.41,0.5,0.));
#5796 = VECTOR('',#5797,1.);
#5797 = DIRECTION('',(0.,0.,1.));
#5798 = ORIENTED_EDGE('',*,*,#5658,.T.);
#5799 = ORIENTED_EDGE('',*,*,#5708,.F.);
#5800 = ORIENTED_EDGE('',*,*,#5729,.T.);
#5801 = ORIENTED_EDGE('',*,*,#5770,.F.);
#5802 = ORIENTED_EDGE('',*,*,#5803,.F.);
#5803 = EDGE_CURVE('',#5792,#5761,#5804,.T.);
#5804 = LINE('',#5805,#5806);
#5805 = CARTESIAN_POINT('',(-0.41,0.5,0.));
#5806 = VECTOR('',#5807,1.);
#5807 = DIRECTION('',(-0.,1.,0.));
#5808 = PLANE('',#5809);
#5809 = AXIS2_PLACEMENT_3D('',#5810,#5811,#5812);
#5810 = CARTESIAN_POINT('',(-0.41,0.663563829787,0.113563829787));
#5811 = DIRECTION('',(-1.,-0.,-0.));
#5812 = DIRECTION('',(0.,0.,-1.));
#5813 = ADVANCED_FACE('',(#5814),#5832,.F.);
#5814 = FACE_BOUND('',#5815,.T.);
#5815 = EDGE_LOOP('',(#5816,#5824,#5830,#5831));
#5816 = ORIENTED_EDGE('',*,*,#5817,.T.);
#5817 = EDGE_CURVE('',#5792,#5818,#5820,.T.);
#5818 = VERTEX_POINT('',#5819);
#5819 = CARTESIAN_POINT('',(-0.29,0.5,0.));
#5820 = LINE('',#5821,#5822);
#5821 = CARTESIAN_POINT('',(-0.41,0.5,0.));
#5822 = VECTOR('',#5823,1.);
#5823 = DIRECTION('',(1.,0.,-0.));
#5824 = ORIENTED_EDGE('',*,*,#5825,.T.);
#5825 = EDGE_CURVE('',#5818,#5669,#5826,.T.);
#5826 = LINE('',#5827,#5828);
#5827 = CARTESIAN_POINT('',(-0.29,0.5,0.));
#5828 = VECTOR('',#5829,1.);
#5829 = DIRECTION('',(0.,0.,1.));
#5830 = ORIENTED_EDGE('',*,*,#5668,.F.);
#5831 = ORIENTED_EDGE('',*,*,#5791,.F.);
#5832 = PLANE('',#5833);
#5833 = AXIS2_PLACEMENT_3D('',#5834,#5835,#5836);
#5834 = CARTESIAN_POINT('',(-0.41,0.5,0.));
#5835 = DIRECTION('',(-0.,1.,0.));
#5836 = DIRECTION('',(0.,0.,1.));
#5837 = ADVANCED_FACE('',(#5838),#5849,.T.);
#5838 = FACE_BOUND('',#5839,.T.);
#5839 = EDGE_LOOP('',(#5840,#5841,#5842,#5848));
#5840 = ORIENTED_EDGE('',*,*,#5803,.T.);
#5841 = ORIENTED_EDGE('',*,*,#5760,.T.);
#5842 = ORIENTED_EDGE('',*,*,#5843,.F.);
#5843 = EDGE_CURVE('',#5818,#5763,#5844,.T.);
#5844 = LINE('',#5845,#5846);
#5845 = CARTESIAN_POINT('',(-0.29,0.5,0.));
#5846 = VECTOR('',#5847,1.);
#5847 = DIRECTION('',(-0.,1.,0.));
#5848 = ORIENTED_EDGE('',*,*,#5817,.F.);
#5849 = PLANE('',#5850);
#5850 = AXIS2_PLACEMENT_3D('',#5851,#5852,#5853);
#5851 = CARTESIAN_POINT('',(-0.35,0.76,0.));
#5852 = DIRECTION('',(-0.,-0.,-1.));
#5853 = DIRECTION('',(-1.,0.,0.));
#5854 = ADVANCED_FACE('',(#5855),#5863,.T.);
#5855 = FACE_BOUND('',#5856,.T.);
#5856 = EDGE_LOOP('',(#5857,#5858,#5859,#5860,#5861,#5862));
#5857 = ORIENTED_EDGE('',*,*,#5825,.F.);
#5858 = ORIENTED_EDGE('',*,*,#5843,.T.);
#5859 = ORIENTED_EDGE('',*,*,#5777,.T.);
#5860 = ORIENTED_EDGE('',*,*,#5738,.F.);
#5861 = ORIENTED_EDGE('',*,*,#5715,.T.);
#5862 = ORIENTED_EDGE('',*,*,#5676,.F.);
#5863 = PLANE('',#5864);
#5864 = AXIS2_PLACEMENT_3D('',#5865,#5866,#5867);
#5865 = CARTESIAN_POINT('',(-0.29,0.663563829787,0.113563829787));
#5866 = DIRECTION('',(1.,0.,0.));
#5867 = DIRECTION('',(-0.,0.,1.));
#5868 = ( GEOMETRIC_REPRESENTATION_CONTEXT(3) 
GLOBAL_UNCERTAINTY_ASSIGNED_CONTEXT((#5872)) 
GLOBAL_UNIT_ASSIGNED_CONTEXT((#5869,#5870,#5871)) REPRESENTATION_CONTEXT
('Context #1','3D Context with UNIT and UNCERTAINTY') );
#5869 = ( LENGTH_UNIT() NAMED_UNIT(*) SI_UNIT(.MILLI.,.METRE.) );
#5870 = ( NAMED_UNIT(*) PLANE_ANGLE_UNIT() SI_UNIT($,.RADIAN.) );
#5871 = ( NAMED_UNIT(*) SI_UNIT($,.STERADIAN.) SOLID_ANGLE_UNIT() );
#5872 = UNCERTAINTY_MEASURE_WITH_UNIT(LENGTH_MEASURE(1.E-07),#5869,
  'distance_accuracy_value','confusion accuracy');
#5873 = CONTEXT_DEPENDENT_SHAPE_REPRESENTATION(#5874,#5876);
#5874 = ( REPRESENTATION_RELATIONSHIP('','',#5651,#10) 
REPRESENTATION_RELATIONSHIP_WITH_TRANSFORMATION(#5875) 
SHAPE_REPRESENTATION_RELATIONSHIP() );
#5875 = ITEM_DEFINED_TRANSFORMATION('','',#11,#31);
#5876 = PRODUCT_DEFINITION_SHAPE('Placement','Placement of an item',
  #5877);
#5877 = NEXT_ASSEMBLY_USAGE_OCCURRENCE('5','rec_contact_04','',#5,#5646,
  $);
#5878 = PRODUCT_RELATED_PRODUCT_CATEGORY('part',$,(#5648));
#5879 = SHAPE_DEFINITION_REPRESENTATION(#5880,#5886);
#5880 = PRODUCT_DEFINITION_SHAPE('','',#5881);
#5881 = PRODUCT_DEFINITION('design','',#5882,#5885);
#5882 = PRODUCT_DEFINITION_FORMATION('','',#5883);
#5883 = PRODUCT('rec_contact_05','rec_contact_05','',(#5884));
#5884 = PRODUCT_CONTEXT('',#2,'mechanical');
#5885 = PRODUCT_DEFINITION_CONTEXT('part definition',#2,'design');
#5886 = ADVANCED_BREP_SHAPE_REPRESENTATION('',(#11,#5887),#6103);
#5887 = MANIFOLD_SOLID_BREP('',#5888);
#5888 = CLOSED_SHELL('',(#5889,#5929,#5960,#5991,#6022,#6048,#6072,#6089
    ));
#5889 = ADVANCED_FACE('',(#5890),#5924,.T.);
#5890 = FACE_BOUND('',#5891,.T.);
#5891 = EDGE_LOOP('',(#5892,#5902,#5910,#5918));
#5892 = ORIENTED_EDGE('',*,*,#5893,.F.);
#5893 = EDGE_CURVE('',#5894,#5896,#5898,.T.);
#5894 = VERTEX_POINT('',#5895);
#5895 = CARTESIAN_POINT('',(-6.E-02,-1.02,5.E-02));
#5896 = VERTEX_POINT('',#5897);
#5897 = CARTESIAN_POINT('',(-6.E-02,-0.53,5.E-02));
#5898 = LINE('',#5899,#5900);
#5899 = CARTESIAN_POINT('',(-6.E-02,-1.02,5.E-02));
#5900 = VECTOR('',#5901,1.);
#5901 = DIRECTION('',(-0.,1.,0.));
#5902 = ORIENTED_EDGE('',*,*,#5903,.T.);
#5903 = EDGE_CURVE('',#5894,#5904,#5906,.T.);
#5904 = VERTEX_POINT('',#5905);
#5905 = CARTESIAN_POINT('',(6.E-02,-1.02,5.E-02));
#5906 = LINE('',#5907,#5908);
#5907 = CARTESIAN_POINT('',(-6.E-02,-1.02,5.E-02));
#5908 = VECTOR('',#5909,1.);
#5909 = DIRECTION('',(1.,0.,-0.));
#5910 = ORIENTED_EDGE('',*,*,#5911,.T.);
#5911 = EDGE_CURVE('',#5904,#5912,#5914,.T.);
#5912 = VERTEX_POINT('',#5913);
#5913 = CARTESIAN_POINT('',(6.E-02,-0.53,5.E-02));
#5914 = LINE('',#5915,#5916);
#5915 = CARTESIAN_POINT('',(6.E-02,-1.02,5.E-02));
#5916 = VECTOR('',#5917,1.);
#5917 = DIRECTION('',(-0.,1.,0.));
#5918 = ORIENTED_EDGE('',*,*,#5919,.F.);
#5919 = EDGE_CURVE('',#5896,#5912,#5920,.T.);
#5920 = LINE('',#5921,#5922);
#5921 = CARTESIAN_POINT('',(-6.E-02,-0.53,5.E-02));
#5922 = VECTOR('',#5923,1.);
#5923 = DIRECTION('',(1.,0.,-0.));
#5924 = PLANE('',#5925);
#5925 = AXIS2_PLACEMENT_3D('',#5926,#5927,#5928);
#5926 = CARTESIAN_POINT('',(-6.E-02,-1.02,5.E-02));
#5927 = DIRECTION('',(0.,0.,1.));
#5928 = DIRECTION('',(1.,0.,-0.));
#5929 = ADVANCED_FACE('',(#5930),#5955,.F.);
#5930 = FACE_BOUND('',#5931,.F.);
#5931 = EDGE_LOOP('',(#5932,#5942,#5948,#5949));
#5932 = ORIENTED_EDGE('',*,*,#5933,.F.);
#5933 = EDGE_CURVE('',#5934,#5936,#5938,.T.);
#5934 = VERTEX_POINT('',#5935);
#5935 = CARTESIAN_POINT('',(-6.E-02,-1.02,0.));
#5936 = VERTEX_POINT('',#5937);
#5937 = CARTESIAN_POINT('',(6.E-02,-1.02,0.));
#5938 = LINE('',#5939,#5940);
#5939 = CARTESIAN_POINT('',(-6.E-02,-1.02,0.));
#5940 = VECTOR('',#5941,1.);
#5941 = DIRECTION('',(1.,0.,-0.));
#5942 = ORIENTED_EDGE('',*,*,#5943,.T.);
#5943 = EDGE_CURVE('',#5934,#5894,#5944,.T.);
#5944 = LINE('',#5945,#5946);
#5945 = CARTESIAN_POINT('',(-6.E-02,-1.02,0.));
#5946 = VECTOR('',#5947,1.);
#5947 = DIRECTION('',(0.,0.,1.));
#5948 = ORIENTED_EDGE('',*,*,#5903,.T.);
#5949 = ORIENTED_EDGE('',*,*,#5950,.F.);
#5950 = EDGE_CURVE('',#5936,#5904,#5951,.T.);
#5951 = LINE('',#5952,#5953);
#5952 = CARTESIAN_POINT('',(6.E-02,-1.02,0.));
#5953 = VECTOR('',#5954,1.);
#5954 = DIRECTION('',(0.,0.,1.));
#5955 = PLANE('',#5956);
#5956 = AXIS2_PLACEMENT_3D('',#5957,#5958,#5959);
#5957 = CARTESIAN_POINT('',(-6.E-02,-1.02,0.));
#5958 = DIRECTION('',(-0.,1.,0.));
#5959 = DIRECTION('',(0.,0.,1.));
#5960 = ADVANCED_FACE('',(#5961),#5986,.F.);
#5961 = FACE_BOUND('',#5962,.F.);
#5962 = EDGE_LOOP('',(#5963,#5964,#5972,#5980));
#5963 = ORIENTED_EDGE('',*,*,#5919,.F.);
#5964 = ORIENTED_EDGE('',*,*,#5965,.T.);
#5965 = EDGE_CURVE('',#5896,#5966,#5968,.T.);
#5966 = VERTEX_POINT('',#5967);
#5967 = CARTESIAN_POINT('',(-6.E-02,-0.53,0.42));
#5968 = LINE('',#5969,#5970);
#5969 = CARTESIAN_POINT('',(-6.E-02,-0.53,0.));
#5970 = VECTOR('',#5971,1.);
#5971 = DIRECTION('',(0.,0.,1.));
#5972 = ORIENTED_EDGE('',*,*,#5973,.T.);
#5973 = EDGE_CURVE('',#5966,#5974,#5976,.T.);
#5974 = VERTEX_POINT('',#5975);
#5975 = CARTESIAN_POINT('',(6.E-02,-0.53,0.42));
#5976 = LINE('',#5977,#5978);
#5977 = CARTESIAN_POINT('',(-6.E-02,-0.53,0.42));
#5978 = VECTOR('',#5979,1.);
#5979 = DIRECTION('',(1.,0.,-0.));
#5980 = ORIENTED_EDGE('',*,*,#5981,.F.);
#5981 = EDGE_CURVE('',#5912,#5974,#5982,.T.);
#5982 = LINE('',#5983,#5984);
#5983 = CARTESIAN_POINT('',(6.E-02,-0.53,0.));
#5984 = VECTOR('',#5985,1.);
#5985 = DIRECTION('',(0.,0.,1.));
#5986 = PLANE('',#5987);
#5987 = AXIS2_PLACEMENT_3D('',#5988,#5989,#5990);
#5988 = CARTESIAN_POINT('',(-6.E-02,-0.53,0.));
#5989 = DIRECTION('',(-0.,1.,0.));
#5990 = DIRECTION('',(0.,0.,1.));
#5991 = ADVANCED_FACE('',(#5992),#6017,.T.);
#5992 = FACE_BOUND('',#5993,.T.);
#5993 = EDGE_LOOP('',(#5994,#6002,#6003,#6011));
#5994 = ORIENTED_EDGE('',*,*,#5995,.F.);
#5995 = EDGE_CURVE('',#5966,#5996,#5998,.T.);
#5996 = VERTEX_POINT('',#5997);
#5997 = CARTESIAN_POINT('',(-6.E-02,-0.5,0.42));
#5998 = LINE('',#5999,#6000);
#5999 = CARTESIAN_POINT('',(-6.E-02,-0.53,0.42));
#6000 = VECTOR('',#6001,1.);
#6001 = DIRECTION('',(-0.,1.,0.));
#6002 = ORIENTED_EDGE('',*,*,#5973,.T.);
#6003 = ORIENTED_EDGE('',*,*,#6004,.T.);
#6004 = EDGE_CURVE('',#5974,#6005,#6007,.T.);
#6005 = VERTEX_POINT('',#6006);
#6006 = CARTESIAN_POINT('',(6.E-02,-0.5,0.42));
#6007 = LINE('',#6008,#6009);
#6008 = CARTESIAN_POINT('',(6.E-02,-0.53,0.42));
#6009 = VECTOR('',#6010,1.);
#6010 = DIRECTION('',(-0.,1.,0.));
#6011 = ORIENTED_EDGE('',*,*,#6012,.F.);
#6012 = EDGE_CURVE('',#5996,#6005,#6013,.T.);
#6013 = LINE('',#6014,#6015);
#6014 = CARTESIAN_POINT('',(-6.E-02,-0.5,0.42));
#6015 = VECTOR('',#6016,1.);
#6016 = DIRECTION('',(1.,0.,-0.));
#6017 = PLANE('',#6018);
#6018 = AXIS2_PLACEMENT_3D('',#6019,#6020,#6021);
#6019 = CARTESIAN_POINT('',(-6.E-02,-0.53,0.42));
#6020 = DIRECTION('',(0.,0.,1.));
#6021 = DIRECTION('',(1.,0.,-0.));
#6022 = ADVANCED_FACE('',(#6023),#6043,.T.);
#6023 = FACE_BOUND('',#6024,.T.);
#6024 = EDGE_LOOP('',(#6025,#6033,#6034,#6035,#6036,#6037));
#6025 = ORIENTED_EDGE('',*,*,#6026,.F.);
#6026 = EDGE_CURVE('',#5934,#6027,#6029,.T.);
#6027 = VERTEX_POINT('',#6028);
#6028 = CARTESIAN_POINT('',(-6.E-02,-0.5,0.));
#6029 = LINE('',#6030,#6031);
#6030 = CARTESIAN_POINT('',(-6.E-02,-0.53,0.));
#6031 = VECTOR('',#6032,1.);
#6032 = DIRECTION('',(-0.,1.,0.));
#6033 = ORIENTED_EDGE('',*,*,#5943,.T.);
#6034 = ORIENTED_EDGE('',*,*,#5893,.T.);
#6035 = ORIENTED_EDGE('',*,*,#5965,.T.);
#6036 = ORIENTED_EDGE('',*,*,#5995,.T.);
#6037 = ORIENTED_EDGE('',*,*,#6038,.F.);
#6038 = EDGE_CURVE('',#6027,#5996,#6039,.T.);
#6039 = LINE('',#6040,#6041);
#6040 = CARTESIAN_POINT('',(-6.E-02,-0.5,0.));
#6041 = VECTOR('',#6042,1.);
#6042 = DIRECTION('',(0.,0.,1.));
#6043 = PLANE('',#6044);
#6044 = AXIS2_PLACEMENT_3D('',#6045,#6046,#6047);
#6045 = CARTESIAN_POINT('',(-6.E-02,-0.663563829787,0.113563829787));
#6046 = DIRECTION('',(-1.,-0.,-0.));
#6047 = DIRECTION('',(0.,0.,-1.));
#6048 = ADVANCED_FACE('',(#6049),#6067,.T.);
#6049 = FACE_BOUND('',#6050,.T.);
#6050 = EDGE_LOOP('',(#6051,#6059,#6060,#6061));
#6051 = ORIENTED_EDGE('',*,*,#6052,.F.);
#6052 = EDGE_CURVE('',#6027,#6053,#6055,.T.);
#6053 = VERTEX_POINT('',#6054);
#6054 = CARTESIAN_POINT('',(6.E-02,-0.5,0.));
#6055 = LINE('',#6056,#6057);
#6056 = CARTESIAN_POINT('',(-6.E-02,-0.5,0.));
#6057 = VECTOR('',#6058,1.);
#6058 = DIRECTION('',(1.,0.,-0.));
#6059 = ORIENTED_EDGE('',*,*,#6038,.T.);
#6060 = ORIENTED_EDGE('',*,*,#6012,.T.);
#6061 = ORIENTED_EDGE('',*,*,#6062,.F.);
#6062 = EDGE_CURVE('',#6053,#6005,#6063,.T.);
#6063 = LINE('',#6064,#6065);
#6064 = CARTESIAN_POINT('',(6.E-02,-0.5,0.));
#6065 = VECTOR('',#6066,1.);
#6066 = DIRECTION('',(0.,0.,1.));
#6067 = PLANE('',#6068);
#6068 = AXIS2_PLACEMENT_3D('',#6069,#6070,#6071);
#6069 = CARTESIAN_POINT('',(-6.E-02,-0.5,0.));
#6070 = DIRECTION('',(-0.,1.,0.));
#6071 = DIRECTION('',(0.,0.,1.));
#6072 = ADVANCED_FACE('',(#6073),#6084,.T.);
#6073 = FACE_BOUND('',#6074,.T.);
#6074 = EDGE_LOOP('',(#6075,#6076,#6077,#6083));
#6075 = ORIENTED_EDGE('',*,*,#6026,.T.);
#6076 = ORIENTED_EDGE('',*,*,#6052,.T.);
#6077 = ORIENTED_EDGE('',*,*,#6078,.F.);
#6078 = EDGE_CURVE('',#5936,#6053,#6079,.T.);
#6079 = LINE('',#6080,#6081);
#6080 = CARTESIAN_POINT('',(6.E-02,-0.53,0.));
#6081 = VECTOR('',#6082,1.);
#6082 = DIRECTION('',(-0.,1.,0.));
#6083 = ORIENTED_EDGE('',*,*,#5933,.F.);
#6084 = PLANE('',#6085);
#6085 = AXIS2_PLACEMENT_3D('',#6086,#6087,#6088);
#6086 = CARTESIAN_POINT('',(0.,-0.76,0.));
#6087 = DIRECTION('',(-0.,-0.,-1.));
#6088 = DIRECTION('',(-1.,0.,0.));
#6089 = ADVANCED_FACE('',(#6090),#6098,.T.);
#6090 = FACE_BOUND('',#6091,.T.);
#6091 = EDGE_LOOP('',(#6092,#6093,#6094,#6095,#6096,#6097));
#6092 = ORIENTED_EDGE('',*,*,#6062,.T.);
#6093 = ORIENTED_EDGE('',*,*,#6004,.F.);
#6094 = ORIENTED_EDGE('',*,*,#5981,.F.);
#6095 = ORIENTED_EDGE('',*,*,#5911,.F.);
#6096 = ORIENTED_EDGE('',*,*,#5950,.F.);
#6097 = ORIENTED_EDGE('',*,*,#6078,.T.);
#6098 = PLANE('',#6099);
#6099 = AXIS2_PLACEMENT_3D('',#6100,#6101,#6102);
#6100 = CARTESIAN_POINT('',(6.E-02,-0.663563829787,0.113563829787));
#6101 = DIRECTION('',(1.,0.,0.));
#6102 = DIRECTION('',(-0.,0.,1.));
#6103 = ( GEOMETRIC_REPRESENTATION_CONTEXT(3) 
GLOBAL_UNCERTAINTY_ASSIGNED_CONTEXT((#6107)) 
GLOBAL_UNIT_ASSIGNED_CONTEXT((#6104,#6105,#6106)) REPRESENTATION_CONTEXT
('Context #1','3D Context with UNIT and UNCERTAINTY') );
#6104 = ( LENGTH_UNIT() NAMED_UNIT(*) SI_UNIT(.MILLI.,.METRE.) );
#6105 = ( NAMED_UNIT(*) PLANE_ANGLE_UNIT() SI_UNIT($,.RADIAN.) );
#6106 = ( NAMED_UNIT(*) SI_UNIT($,.STERADIAN.) SOLID_ANGLE_UNIT() );
#6107 = UNCERTAINTY_MEASURE_WITH_UNIT(LENGTH_MEASURE(1.E-07),#6104,
  'distance_accuracy_value','confusion accuracy');
#6108 = CONTEXT_DEPENDENT_SHAPE_REPRESENTATION(#6109,#6111);
#6109 = ( REPRESENTATION_RELATIONSHIP('','',#5886,#10) 
REPRESENTATION_RELATIONSHIP_WITH_TRANSFORMATION(#6110) 
SHAPE_REPRESENTATION_RELATIONSHIP() );
#6110 = ITEM_DEFINED_TRANSFORMATION('','',#11,#35);
#6111 = PRODUCT_DEFINITION_SHAPE('Placement','Placement of an item',
  #6112);
#6112 = NEXT_ASSEMBLY_USAGE_OCCURRENCE('6','rec_contact_05','',#5,#5881,
  $);
#6113 = PRODUCT_RELATED_PRODUCT_CATEGORY('part',$,(#5883));
#6114 = SHAPE_DEFINITION_REPRESENTATION(#6115,#6121);
#6115 = PRODUCT_DEFINITION_SHAPE('','',#6116);
#6116 = PRODUCT_DEFINITION('design','',#6117,#6120);
#6117 = PRODUCT_DEFINITION_FORMATION('','',#6118);
#6118 = PRODUCT('rec_contact_06','rec_contact_06','',(#6119));
#6119 = PRODUCT_CONTEXT('',#2,'mechanical');
#6120 = PRODUCT_DEFINITION_CONTEXT('part definition',#2,'design');
#6121 = ADVANCED_BREP_SHAPE_REPRESENTATION('',(#11,#6122),#6338);
#6122 = MANIFOLD_SOLID_BREP('',#6123);
#6123 = CLOSED_SHELL('',(#6124,#6164,#6195,#6226,#6257,#6283,#6307,#6324
    ));
#6124 = ADVANCED_FACE('',(#6125),#6159,.T.);
#6125 = FACE_BOUND('',#6126,.T.);
#6126 = EDGE_LOOP('',(#6127,#6137,#6145,#6153));
#6127 = ORIENTED_EDGE('',*,*,#6128,.F.);
#6128 = EDGE_CURVE('',#6129,#6131,#6133,.T.);
#6129 = VERTEX_POINT('',#6130);
#6130 = CARTESIAN_POINT('',(-6.E-02,0.5,0.42));
#6131 = VERTEX_POINT('',#6132);
#6132 = CARTESIAN_POINT('',(-6.E-02,0.53,0.42));
#6133 = LINE('',#6134,#6135);
#6134 = CARTESIAN_POINT('',(-6.E-02,0.5,0.42));
#6135 = VECTOR('',#6136,1.);
#6136 = DIRECTION('',(-0.,1.,0.));
#6137 = ORIENTED_EDGE('',*,*,#6138,.T.);
#6138 = EDGE_CURVE('',#6129,#6139,#6141,.T.);
#6139 = VERTEX_POINT('',#6140);
#6140 = CARTESIAN_POINT('',(6.E-02,0.5,0.42));
#6141 = LINE('',#6142,#6143);
#6142 = CARTESIAN_POINT('',(-6.E-02,0.5,0.42));
#6143 = VECTOR('',#6144,1.);
#6144 = DIRECTION('',(1.,0.,-0.));
#6145 = ORIENTED_EDGE('',*,*,#6146,.T.);
#6146 = EDGE_CURVE('',#6139,#6147,#6149,.T.);
#6147 = VERTEX_POINT('',#6148);
#6148 = CARTESIAN_POINT('',(6.E-02,0.53,0.42));
#6149 = LINE('',#6150,#6151);
#6150 = CARTESIAN_POINT('',(6.E-02,0.5,0.42));
#6151 = VECTOR('',#6152,1.);
#6152 = DIRECTION('',(-0.,1.,0.));
#6153 = ORIENTED_EDGE('',*,*,#6154,.F.);
#6154 = EDGE_CURVE('',#6131,#6147,#6155,.T.);
#6155 = LINE('',#6156,#6157);
#6156 = CARTESIAN_POINT('',(-6.E-02,0.53,0.42));
#6157 = VECTOR('',#6158,1.);
#6158 = DIRECTION('',(1.,0.,-0.));
#6159 = PLANE('',#6160);
#6160 = AXIS2_PLACEMENT_3D('',#6161,#6162,#6163);
#6161 = CARTESIAN_POINT('',(-6.E-02,0.5,0.42));
#6162 = DIRECTION('',(0.,0.,1.));
#6163 = DIRECTION('',(1.,0.,-0.));
#6164 = ADVANCED_FACE('',(#6165),#6190,.T.);
#6165 = FACE_BOUND('',#6166,.T.);
#6166 = EDGE_LOOP('',(#6167,#6177,#6183,#6184));
#6167 = ORIENTED_EDGE('',*,*,#6168,.F.);
#6168 = EDGE_CURVE('',#6169,#6171,#6173,.T.);
#6169 = VERTEX_POINT('',#6170);
#6170 = CARTESIAN_POINT('',(-6.E-02,0.53,5.E-02));
#6171 = VERTEX_POINT('',#6172);
#6172 = CARTESIAN_POINT('',(6.E-02,0.53,5.E-02));
#6173 = LINE('',#6174,#6175);
#6174 = CARTESIAN_POINT('',(-6.E-02,0.53,5.E-02));
#6175 = VECTOR('',#6176,1.);
#6176 = DIRECTION('',(1.,0.,-0.));
#6177 = ORIENTED_EDGE('',*,*,#6178,.T.);
#6178 = EDGE_CURVE('',#6169,#6131,#6179,.T.);
#6179 = LINE('',#6180,#6181);
#6180 = CARTESIAN_POINT('',(-6.E-02,0.53,0.));
#6181 = VECTOR('',#6182,1.);
#6182 = DIRECTION('',(0.,0.,1.));
#6183 = ORIENTED_EDGE('',*,*,#6154,.T.);
#6184 = ORIENTED_EDGE('',*,*,#6185,.F.);
#6185 = EDGE_CURVE('',#6171,#6147,#6186,.T.);
#6186 = LINE('',#6187,#6188);
#6187 = CARTESIAN_POINT('',(6.E-02,0.53,0.));
#6188 = VECTOR('',#6189,1.);
#6189 = DIRECTION('',(0.,0.,1.));
#6190 = PLANE('',#6191);
#6191 = AXIS2_PLACEMENT_3D('',#6192,#6193,#6194);
#6192 = CARTESIAN_POINT('',(-6.E-02,0.53,0.));
#6193 = DIRECTION('',(-0.,1.,0.));
#6194 = DIRECTION('',(0.,0.,1.));
#6195 = ADVANCED_FACE('',(#6196),#6221,.T.);
#6196 = FACE_BOUND('',#6197,.T.);
#6197 = EDGE_LOOP('',(#6198,#6206,#6207,#6215));
#6198 = ORIENTED_EDGE('',*,*,#6199,.F.);
#6199 = EDGE_CURVE('',#6169,#6200,#6202,.T.);
#6200 = VERTEX_POINT('',#6201);
#6201 = CARTESIAN_POINT('',(-6.E-02,1.02,5.E-02));
#6202 = LINE('',#6203,#6204);
#6203 = CARTESIAN_POINT('',(-6.E-02,0.5,5.E-02));
#6204 = VECTOR('',#6205,1.);
#6205 = DIRECTION('',(-0.,1.,0.));
#6206 = ORIENTED_EDGE('',*,*,#6168,.T.);
#6207 = ORIENTED_EDGE('',*,*,#6208,.T.);
#6208 = EDGE_CURVE('',#6171,#6209,#6211,.T.);
#6209 = VERTEX_POINT('',#6210);
#6210 = CARTESIAN_POINT('',(6.E-02,1.02,5.E-02));
#6211 = LINE('',#6212,#6213);
#6212 = CARTESIAN_POINT('',(6.E-02,0.5,5.E-02));
#6213 = VECTOR('',#6214,1.);
#6214 = DIRECTION('',(-0.,1.,0.));
#6215 = ORIENTED_EDGE('',*,*,#6216,.F.);
#6216 = EDGE_CURVE('',#6200,#6209,#6217,.T.);
#6217 = LINE('',#6218,#6219);
#6218 = CARTESIAN_POINT('',(-6.E-02,1.02,5.E-02));
#6219 = VECTOR('',#6220,1.);
#6220 = DIRECTION('',(1.,0.,-0.));
#6221 = PLANE('',#6222);
#6222 = AXIS2_PLACEMENT_3D('',#6223,#6224,#6225);
#6223 = CARTESIAN_POINT('',(-6.E-02,0.5,5.E-02));
#6224 = DIRECTION('',(0.,0.,1.));
#6225 = DIRECTION('',(1.,0.,-0.));
#6226 = ADVANCED_FACE('',(#6227),#6252,.T.);
#6227 = FACE_BOUND('',#6228,.T.);
#6228 = EDGE_LOOP('',(#6229,#6239,#6245,#6246));
#6229 = ORIENTED_EDGE('',*,*,#6230,.F.);
#6230 = EDGE_CURVE('',#6231,#6233,#6235,.T.);
#6231 = VERTEX_POINT('',#6232);
#6232 = CARTESIAN_POINT('',(-6.E-02,1.02,0.));
#6233 = VERTEX_POINT('',#6234);
#6234 = CARTESIAN_POINT('',(6.E-02,1.02,0.));
#6235 = LINE('',#6236,#6237);
#6236 = CARTESIAN_POINT('',(-6.E-02,1.02,0.));
#6237 = VECTOR('',#6238,1.);
#6238 = DIRECTION('',(1.,0.,-0.));
#6239 = ORIENTED_EDGE('',*,*,#6240,.T.);
#6240 = EDGE_CURVE('',#6231,#6200,#6241,.T.);
#6241 = LINE('',#6242,#6243);
#6242 = CARTESIAN_POINT('',(-6.E-02,1.02,0.));
#6243 = VECTOR('',#6244,1.);
#6244 = DIRECTION('',(0.,0.,1.));
#6245 = ORIENTED_EDGE('',*,*,#6216,.T.);
#6246 = ORIENTED_EDGE('',*,*,#6247,.F.);
#6247 = EDGE_CURVE('',#6233,#6209,#6248,.T.);
#6248 = LINE('',#6249,#6250);
#6249 = CARTESIAN_POINT('',(6.E-02,1.02,0.));
#6250 = VECTOR('',#6251,1.);
#6251 = DIRECTION('',(0.,0.,1.));
#6252 = PLANE('',#6253);
#6253 = AXIS2_PLACEMENT_3D('',#6254,#6255,#6256);
#6254 = CARTESIAN_POINT('',(-6.E-02,1.02,0.));
#6255 = DIRECTION('',(-0.,1.,0.));
#6256 = DIRECTION('',(0.,0.,1.));
#6257 = ADVANCED_FACE('',(#6258),#6278,.T.);
#6258 = FACE_BOUND('',#6259,.T.);
#6259 = EDGE_LOOP('',(#6260,#6268,#6269,#6270,#6271,#6272));
#6260 = ORIENTED_EDGE('',*,*,#6261,.T.);
#6261 = EDGE_CURVE('',#6262,#6129,#6264,.T.);
#6262 = VERTEX_POINT('',#6263);
#6263 = CARTESIAN_POINT('',(-6.E-02,0.5,0.));
#6264 = LINE('',#6265,#6266);
#6265 = CARTESIAN_POINT('',(-6.E-02,0.5,0.));
#6266 = VECTOR('',#6267,1.);
#6267 = DIRECTION('',(0.,0.,1.));
#6268 = ORIENTED_EDGE('',*,*,#6128,.T.);
#6269 = ORIENTED_EDGE('',*,*,#6178,.F.);
#6270 = ORIENTED_EDGE('',*,*,#6199,.T.);
#6271 = ORIENTED_EDGE('',*,*,#6240,.F.);
#6272 = ORIENTED_EDGE('',*,*,#6273,.F.);
#6273 = EDGE_CURVE('',#6262,#6231,#6274,.T.);
#6274 = LINE('',#6275,#6276);
#6275 = CARTESIAN_POINT('',(-6.E-02,0.5,0.));
#6276 = VECTOR('',#6277,1.);
#6277 = DIRECTION('',(-0.,1.,0.));
#6278 = PLANE('',#6279);
#6279 = AXIS2_PLACEMENT_3D('',#6280,#6281,#6282);
#6280 = CARTESIAN_POINT('',(-6.E-02,0.663563829787,0.113563829787));
#6281 = DIRECTION('',(-1.,-0.,-0.));
#6282 = DIRECTION('',(0.,0.,-1.));
#6283 = ADVANCED_FACE('',(#6284),#6302,.F.);
#6284 = FACE_BOUND('',#6285,.T.);
#6285 = EDGE_LOOP('',(#6286,#6294,#6300,#6301));
#6286 = ORIENTED_EDGE('',*,*,#6287,.T.);
#6287 = EDGE_CURVE('',#6262,#6288,#6290,.T.);
#6288 = VERTEX_POINT('',#6289);
#6289 = CARTESIAN_POINT('',(6.E-02,0.5,0.));
#6290 = LINE('',#6291,#6292);
#6291 = CARTESIAN_POINT('',(-6.E-02,0.5,0.));
#6292 = VECTOR('',#6293,1.);
#6293 = DIRECTION('',(1.,0.,-0.));
#6294 = ORIENTED_EDGE('',*,*,#6295,.T.);
#6295 = EDGE_CURVE('',#6288,#6139,#6296,.T.);
#6296 = LINE('',#6297,#6298);
#6297 = CARTESIAN_POINT('',(6.E-02,0.5,0.));
#6298 = VECTOR('',#6299,1.);
#6299 = DIRECTION('',(0.,0.,1.));
#6300 = ORIENTED_EDGE('',*,*,#6138,.F.);
#6301 = ORIENTED_EDGE('',*,*,#6261,.F.);
#6302 = PLANE('',#6303);
#6303 = AXIS2_PLACEMENT_3D('',#6304,#6305,#6306);
#6304 = CARTESIAN_POINT('',(-6.E-02,0.5,0.));
#6305 = DIRECTION('',(-0.,1.,0.));
#6306 = DIRECTION('',(0.,0.,1.));
#6307 = ADVANCED_FACE('',(#6308),#6319,.T.);
#6308 = FACE_BOUND('',#6309,.T.);
#6309 = EDGE_LOOP('',(#6310,#6311,#6312,#6318));
#6310 = ORIENTED_EDGE('',*,*,#6273,.T.);
#6311 = ORIENTED_EDGE('',*,*,#6230,.T.);
#6312 = ORIENTED_EDGE('',*,*,#6313,.F.);
#6313 = EDGE_CURVE('',#6288,#6233,#6314,.T.);
#6314 = LINE('',#6315,#6316);
#6315 = CARTESIAN_POINT('',(6.E-02,0.5,0.));
#6316 = VECTOR('',#6317,1.);
#6317 = DIRECTION('',(-0.,1.,0.));
#6318 = ORIENTED_EDGE('',*,*,#6287,.F.);
#6319 = PLANE('',#6320);
#6320 = AXIS2_PLACEMENT_3D('',#6321,#6322,#6323);
#6321 = CARTESIAN_POINT('',(0.,0.76,0.));
#6322 = DIRECTION('',(-0.,-0.,-1.));
#6323 = DIRECTION('',(-1.,0.,0.));
#6324 = ADVANCED_FACE('',(#6325),#6333,.T.);
#6325 = FACE_BOUND('',#6326,.T.);
#6326 = EDGE_LOOP('',(#6327,#6328,#6329,#6330,#6331,#6332));
#6327 = ORIENTED_EDGE('',*,*,#6295,.F.);
#6328 = ORIENTED_EDGE('',*,*,#6313,.T.);
#6329 = ORIENTED_EDGE('',*,*,#6247,.T.);
#6330 = ORIENTED_EDGE('',*,*,#6208,.F.);
#6331 = ORIENTED_EDGE('',*,*,#6185,.T.);
#6332 = ORIENTED_EDGE('',*,*,#6146,.F.);
#6333 = PLANE('',#6334);
#6334 = AXIS2_PLACEMENT_3D('',#6335,#6336,#6337);
#6335 = CARTESIAN_POINT('',(6.E-02,0.663563829787,0.113563829787));
#6336 = DIRECTION('',(1.,0.,0.));
#6337 = DIRECTION('',(-0.,0.,1.));
#6338 = ( GEOMETRIC_REPRESENTATION_CONTEXT(3) 
GLOBAL_UNCERTAINTY_ASSIGNED_CONTEXT((#6342)) 
GLOBAL_UNIT_ASSIGNED_CONTEXT((#6339,#6340,#6341)) REPRESENTATION_CONTEXT
('Context #1','3D Context with UNIT and UNCERTAINTY') );
#6339 = ( LENGTH_UNIT() NAMED_UNIT(*) SI_UNIT(.MILLI.,.METRE.) );
#6340 = ( NAMED_UNIT(*) PLANE_ANGLE_UNIT() SI_UNIT($,.RADIAN.) );
#6341 = ( NAMED_UNIT(*) SI_UNIT($,.STERADIAN.) SOLID_ANGLE_UNIT() );
#6342 = UNCERTAINTY_MEASURE_WITH_UNIT(LENGTH_MEASURE(1.E-07),#6339,
  'distance_accuracy_value','confusion accuracy');
#6343 = CONTEXT_DEPENDENT_SHAPE_REPRESENTATION(#6344,#6346);
#6344 = ( REPRESENTATION_RELATIONSHIP('','',#6121,#10) 
REPRESENTATION_RELATIONSHIP_WITH_TRANSFORMATION(#6345) 
SHAPE_REPRESENTATION_RELATIONSHIP() );
#6345 = ITEM_DEFINED_TRANSFORMATION('','',#11,#39);
#6346 = PRODUCT_DEFINITION_SHAPE('Placement','Placement of an item',
  #6347);
#6347 = NEXT_ASSEMBLY_USAGE_OCCURRENCE('7','rec_contact_06','',#5,#6116,
  $);
#6348 = PRODUCT_RELATED_PRODUCT_CATEGORY('part',$,(#6118));
#6349 = SHAPE_DEFINITION_REPRESENTATION(#6350,#6356);
#6350 = PRODUCT_DEFINITION_SHAPE('','',#6351);
#6351 = PRODUCT_DEFINITION('design','',#6352,#6355);
#6352 = PRODUCT_DEFINITION_FORMATION('','',#6353);
#6353 = PRODUCT('rec_contact_07','rec_contact_07','',(#6354));
#6354 = PRODUCT_CONTEXT('',#2,'mechanical');
#6355 = PRODUCT_DEFINITION_CONTEXT('part definition',#2,'design');
#6356 = ADVANCED_BREP_SHAPE_REPRESENTATION('',(#11,#6357),#6573);
#6357 = MANIFOLD_SOLID_BREP('',#6358);
#6358 = CLOSED_SHELL('',(#6359,#6399,#6430,#6461,#6492,#6518,#6542,#6559
    ));
#6359 = ADVANCED_FACE('',(#6360),#6394,.T.);
#6360 = FACE_BOUND('',#6361,.T.);
#6361 = EDGE_LOOP('',(#6362,#6372,#6380,#6388));
#6362 = ORIENTED_EDGE('',*,*,#6363,.F.);
#6363 = EDGE_CURVE('',#6364,#6366,#6368,.T.);
#6364 = VERTEX_POINT('',#6365);
#6365 = CARTESIAN_POINT('',(0.29,-1.02,5.E-02));
#6366 = VERTEX_POINT('',#6367);
#6367 = CARTESIAN_POINT('',(0.29,-0.53,5.E-02));
#6368 = LINE('',#6369,#6370);
#6369 = CARTESIAN_POINT('',(0.29,-1.02,5.E-02));
#6370 = VECTOR('',#6371,1.);
#6371 = DIRECTION('',(-0.,1.,0.));
#6372 = ORIENTED_EDGE('',*,*,#6373,.T.);
#6373 = EDGE_CURVE('',#6364,#6374,#6376,.T.);
#6374 = VERTEX_POINT('',#6375);
#6375 = CARTESIAN_POINT('',(0.41,-1.02,5.E-02));
#6376 = LINE('',#6377,#6378);
#6377 = CARTESIAN_POINT('',(0.29,-1.02,5.E-02));
#6378 = VECTOR('',#6379,1.);
#6379 = DIRECTION('',(1.,0.,-0.));
#6380 = ORIENTED_EDGE('',*,*,#6381,.T.);
#6381 = EDGE_CURVE('',#6374,#6382,#6384,.T.);
#6382 = VERTEX_POINT('',#6383);
#6383 = CARTESIAN_POINT('',(0.41,-0.53,5.E-02));
#6384 = LINE('',#6385,#6386);
#6385 = CARTESIAN_POINT('',(0.41,-1.02,5.E-02));
#6386 = VECTOR('',#6387,1.);
#6387 = DIRECTION('',(-0.,1.,0.));
#6388 = ORIENTED_EDGE('',*,*,#6389,.F.);
#6389 = EDGE_CURVE('',#6366,#6382,#6390,.T.);
#6390 = LINE('',#6391,#6392);
#6391 = CARTESIAN_POINT('',(0.29,-0.53,5.E-02));
#6392 = VECTOR('',#6393,1.);
#6393 = DIRECTION('',(1.,0.,-0.));
#6394 = PLANE('',#6395);
#6395 = AXIS2_PLACEMENT_3D('',#6396,#6397,#6398);
#6396 = CARTESIAN_POINT('',(0.29,-1.02,5.E-02));
#6397 = DIRECTION('',(0.,0.,1.));
#6398 = DIRECTION('',(1.,0.,-0.));
#6399 = ADVANCED_FACE('',(#6400),#6425,.F.);
#6400 = FACE_BOUND('',#6401,.F.);
#6401 = EDGE_LOOP('',(#6402,#6412,#6418,#6419));
#6402 = ORIENTED_EDGE('',*,*,#6403,.F.);
#6403 = EDGE_CURVE('',#6404,#6406,#6408,.T.);
#6404 = VERTEX_POINT('',#6405);
#6405 = CARTESIAN_POINT('',(0.29,-1.02,0.));
#6406 = VERTEX_POINT('',#6407);
#6407 = CARTESIAN_POINT('',(0.41,-1.02,0.));
#6408 = LINE('',#6409,#6410);
#6409 = CARTESIAN_POINT('',(0.29,-1.02,0.));
#6410 = VECTOR('',#6411,1.);
#6411 = DIRECTION('',(1.,0.,-0.));
#6412 = ORIENTED_EDGE('',*,*,#6413,.T.);
#6413 = EDGE_CURVE('',#6404,#6364,#6414,.T.);
#6414 = LINE('',#6415,#6416);
#6415 = CARTESIAN_POINT('',(0.29,-1.02,0.));
#6416 = VECTOR('',#6417,1.);
#6417 = DIRECTION('',(0.,0.,1.));
#6418 = ORIENTED_EDGE('',*,*,#6373,.T.);
#6419 = ORIENTED_EDGE('',*,*,#6420,.F.);
#6420 = EDGE_CURVE('',#6406,#6374,#6421,.T.);
#6421 = LINE('',#6422,#6423);
#6422 = CARTESIAN_POINT('',(0.41,-1.02,0.));
#6423 = VECTOR('',#6424,1.);
#6424 = DIRECTION('',(0.,0.,1.));
#6425 = PLANE('',#6426);
#6426 = AXIS2_PLACEMENT_3D('',#6427,#6428,#6429);
#6427 = CARTESIAN_POINT('',(0.29,-1.02,0.));
#6428 = DIRECTION('',(-0.,1.,0.));
#6429 = DIRECTION('',(0.,0.,1.));
#6430 = ADVANCED_FACE('',(#6431),#6456,.F.);
#6431 = FACE_BOUND('',#6432,.F.);
#6432 = EDGE_LOOP('',(#6433,#6434,#6442,#6450));
#6433 = ORIENTED_EDGE('',*,*,#6389,.F.);
#6434 = ORIENTED_EDGE('',*,*,#6435,.T.);
#6435 = EDGE_CURVE('',#6366,#6436,#6438,.T.);
#6436 = VERTEX_POINT('',#6437);
#6437 = CARTESIAN_POINT('',(0.29,-0.53,0.42));
#6438 = LINE('',#6439,#6440);
#6439 = CARTESIAN_POINT('',(0.29,-0.53,0.));
#6440 = VECTOR('',#6441,1.);
#6441 = DIRECTION('',(0.,0.,1.));
#6442 = ORIENTED_EDGE('',*,*,#6443,.T.);
#6443 = EDGE_CURVE('',#6436,#6444,#6446,.T.);
#6444 = VERTEX_POINT('',#6445);
#6445 = CARTESIAN_POINT('',(0.41,-0.53,0.42));
#6446 = LINE('',#6447,#6448);
#6447 = CARTESIAN_POINT('',(0.29,-0.53,0.42));
#6448 = VECTOR('',#6449,1.);
#6449 = DIRECTION('',(1.,0.,-0.));
#6450 = ORIENTED_EDGE('',*,*,#6451,.F.);
#6451 = EDGE_CURVE('',#6382,#6444,#6452,.T.);
#6452 = LINE('',#6453,#6454);
#6453 = CARTESIAN_POINT('',(0.41,-0.53,0.));
#6454 = VECTOR('',#6455,1.);
#6455 = DIRECTION('',(0.,0.,1.));
#6456 = PLANE('',#6457);
#6457 = AXIS2_PLACEMENT_3D('',#6458,#6459,#6460);
#6458 = CARTESIAN_POINT('',(0.29,-0.53,0.));
#6459 = DIRECTION('',(-0.,1.,0.));
#6460 = DIRECTION('',(0.,0.,1.));
#6461 = ADVANCED_FACE('',(#6462),#6487,.T.);
#6462 = FACE_BOUND('',#6463,.T.);
#6463 = EDGE_LOOP('',(#6464,#6472,#6473,#6481));
#6464 = ORIENTED_EDGE('',*,*,#6465,.F.);
#6465 = EDGE_CURVE('',#6436,#6466,#6468,.T.);
#6466 = VERTEX_POINT('',#6467);
#6467 = CARTESIAN_POINT('',(0.29,-0.5,0.42));
#6468 = LINE('',#6469,#6470);
#6469 = CARTESIAN_POINT('',(0.29,-0.53,0.42));
#6470 = VECTOR('',#6471,1.);
#6471 = DIRECTION('',(-0.,1.,0.));
#6472 = ORIENTED_EDGE('',*,*,#6443,.T.);
#6473 = ORIENTED_EDGE('',*,*,#6474,.T.);
#6474 = EDGE_CURVE('',#6444,#6475,#6477,.T.);
#6475 = VERTEX_POINT('',#6476);
#6476 = CARTESIAN_POINT('',(0.41,-0.5,0.42));
#6477 = LINE('',#6478,#6479);
#6478 = CARTESIAN_POINT('',(0.41,-0.53,0.42));
#6479 = VECTOR('',#6480,1.);
#6480 = DIRECTION('',(-0.,1.,0.));
#6481 = ORIENTED_EDGE('',*,*,#6482,.F.);
#6482 = EDGE_CURVE('',#6466,#6475,#6483,.T.);
#6483 = LINE('',#6484,#6485);
#6484 = CARTESIAN_POINT('',(0.29,-0.5,0.42));
#6485 = VECTOR('',#6486,1.);
#6486 = DIRECTION('',(1.,0.,-0.));
#6487 = PLANE('',#6488);
#6488 = AXIS2_PLACEMENT_3D('',#6489,#6490,#6491);
#6489 = CARTESIAN_POINT('',(0.29,-0.53,0.42));
#6490 = DIRECTION('',(0.,0.,1.));
#6491 = DIRECTION('',(1.,0.,-0.));
#6492 = ADVANCED_FACE('',(#6493),#6513,.T.);
#6493 = FACE_BOUND('',#6494,.T.);
#6494 = EDGE_LOOP('',(#6495,#6503,#6504,#6505,#6506,#6507));
#6495 = ORIENTED_EDGE('',*,*,#6496,.F.);
#6496 = EDGE_CURVE('',#6404,#6497,#6499,.T.);
#6497 = VERTEX_POINT('',#6498);
#6498 = CARTESIAN_POINT('',(0.29,-0.5,0.));
#6499 = LINE('',#6500,#6501);
#6500 = CARTESIAN_POINT('',(0.29,-0.53,0.));
#6501 = VECTOR('',#6502,1.);
#6502 = DIRECTION('',(-0.,1.,0.));
#6503 = ORIENTED_EDGE('',*,*,#6413,.T.);
#6504 = ORIENTED_EDGE('',*,*,#6363,.T.);
#6505 = ORIENTED_EDGE('',*,*,#6435,.T.);
#6506 = ORIENTED_EDGE('',*,*,#6465,.T.);
#6507 = ORIENTED_EDGE('',*,*,#6508,.F.);
#6508 = EDGE_CURVE('',#6497,#6466,#6509,.T.);
#6509 = LINE('',#6510,#6511);
#6510 = CARTESIAN_POINT('',(0.29,-0.5,0.));
#6511 = VECTOR('',#6512,1.);
#6512 = DIRECTION('',(0.,0.,1.));
#6513 = PLANE('',#6514);
#6514 = AXIS2_PLACEMENT_3D('',#6515,#6516,#6517);
#6515 = CARTESIAN_POINT('',(0.29,-0.663563829787,0.113563829787));
#6516 = DIRECTION('',(-1.,-0.,-0.));
#6517 = DIRECTION('',(0.,0.,-1.));
#6518 = ADVANCED_FACE('',(#6519),#6537,.T.);
#6519 = FACE_BOUND('',#6520,.T.);
#6520 = EDGE_LOOP('',(#6521,#6529,#6530,#6531));
#6521 = ORIENTED_EDGE('',*,*,#6522,.F.);
#6522 = EDGE_CURVE('',#6497,#6523,#6525,.T.);
#6523 = VERTEX_POINT('',#6524);
#6524 = CARTESIAN_POINT('',(0.41,-0.5,0.));
#6525 = LINE('',#6526,#6527);
#6526 = CARTESIAN_POINT('',(0.29,-0.5,0.));
#6527 = VECTOR('',#6528,1.);
#6528 = DIRECTION('',(1.,0.,-0.));
#6529 = ORIENTED_EDGE('',*,*,#6508,.T.);
#6530 = ORIENTED_EDGE('',*,*,#6482,.T.);
#6531 = ORIENTED_EDGE('',*,*,#6532,.F.);
#6532 = EDGE_CURVE('',#6523,#6475,#6533,.T.);
#6533 = LINE('',#6534,#6535);
#6534 = CARTESIAN_POINT('',(0.41,-0.5,0.));
#6535 = VECTOR('',#6536,1.);
#6536 = DIRECTION('',(0.,0.,1.));
#6537 = PLANE('',#6538);
#6538 = AXIS2_PLACEMENT_3D('',#6539,#6540,#6541);
#6539 = CARTESIAN_POINT('',(0.29,-0.5,0.));
#6540 = DIRECTION('',(-0.,1.,0.));
#6541 = DIRECTION('',(0.,0.,1.));
#6542 = ADVANCED_FACE('',(#6543),#6554,.T.);
#6543 = FACE_BOUND('',#6544,.T.);
#6544 = EDGE_LOOP('',(#6545,#6546,#6547,#6553));
#6545 = ORIENTED_EDGE('',*,*,#6496,.T.);
#6546 = ORIENTED_EDGE('',*,*,#6522,.T.);
#6547 = ORIENTED_EDGE('',*,*,#6548,.F.);
#6548 = EDGE_CURVE('',#6406,#6523,#6549,.T.);
#6549 = LINE('',#6550,#6551);
#6550 = CARTESIAN_POINT('',(0.41,-0.53,0.));
#6551 = VECTOR('',#6552,1.);
#6552 = DIRECTION('',(-0.,1.,0.));
#6553 = ORIENTED_EDGE('',*,*,#6403,.F.);
#6554 = PLANE('',#6555);
#6555 = AXIS2_PLACEMENT_3D('',#6556,#6557,#6558);
#6556 = CARTESIAN_POINT('',(0.35,-0.76,0.));
#6557 = DIRECTION('',(-0.,-0.,-1.));
#6558 = DIRECTION('',(-1.,0.,0.));
#6559 = ADVANCED_FACE('',(#6560),#6568,.T.);
#6560 = FACE_BOUND('',#6561,.T.);
#6561 = EDGE_LOOP('',(#6562,#6563,#6564,#6565,#6566,#6567));
#6562 = ORIENTED_EDGE('',*,*,#6532,.T.);
#6563 = ORIENTED_EDGE('',*,*,#6474,.F.);
#6564 = ORIENTED_EDGE('',*,*,#6451,.F.);
#6565 = ORIENTED_EDGE('',*,*,#6381,.F.);
#6566 = ORIENTED_EDGE('',*,*,#6420,.F.);
#6567 = ORIENTED_EDGE('',*,*,#6548,.T.);
#6568 = PLANE('',#6569);
#6569 = AXIS2_PLACEMENT_3D('',#6570,#6571,#6572);
#6570 = CARTESIAN_POINT('',(0.41,-0.663563829787,0.113563829787));
#6571 = DIRECTION('',(1.,0.,0.));
#6572 = DIRECTION('',(-0.,0.,1.));
#6573 = ( GEOMETRIC_REPRESENTATION_CONTEXT(3) 
GLOBAL_UNCERTAINTY_ASSIGNED_CONTEXT((#6577)) 
GLOBAL_UNIT_ASSIGNED_CONTEXT((#6574,#6575,#6576)) REPRESENTATION_CONTEXT
('Context #1','3D Context with UNIT and UNCERTAINTY') );
#6574 = ( LENGTH_UNIT() NAMED_UNIT(*) SI_UNIT(.MILLI.,.METRE.) );
#6575 = ( NAMED_UNIT(*) PLANE_ANGLE_UNIT() SI_UNIT($,.RADIAN.) );
#6576 = ( NAMED_UNIT(*) SI_UNIT($,.STERADIAN.) SOLID_ANGLE_UNIT() );
#6577 = UNCERTAINTY_MEASURE_WITH_UNIT(LENGTH_MEASURE(1.E-07),#6574,
  'distance_accuracy_value','confusion accuracy');
#6578 = CONTEXT_DEPENDENT_SHAPE_REPRESENTATION(#6579,#6581);
#6579 = ( REPRESENTATION_RELATIONSHIP('','',#6356,#10) 
REPRESENTATION_RELATIONSHIP_WITH_TRANSFORMATION(#6580) 
SHAPE_REPRESENTATION_RELATIONSHIP() );
#6580 = ITEM_DEFINED_TRANSFORMATION('','',#11,#43);
#6581 = PRODUCT_DEFINITION_SHAPE('Placement','Placement of an item',
  #6582);
#6582 = NEXT_ASSEMBLY_USAGE_OCCURRENCE('8','rec_contact_07','',#5,#6351,
  $);
#6583 = PRODUCT_RELATED_PRODUCT_CATEGORY('part',$,(#6353));
#6584 = SHAPE_DEFINITION_REPRESENTATION(#6585,#6591);
#6585 = PRODUCT_DEFINITION_SHAPE('','',#6586);
#6586 = PRODUCT_DEFINITION('design','',#6587,#6590);
#6587 = PRODUCT_DEFINITION_FORMATION('','',#6588);
#6588 = PRODUCT('rec_contact_08','rec_contact_08','',(#6589));
#6589 = PRODUCT_CONTEXT('',#2,'mechanical');
#6590 = PRODUCT_DEFINITION_CONTEXT('part definition',#2,'design');
#6591 = ADVANCED_BREP_SHAPE_REPRESENTATION('',(#11,#6592),#6808);
#6592 = MANIFOLD_SOLID_BREP('',#6593);
#6593 = CLOSED_SHELL('',(#6594,#6634,#6665,#6696,#6727,#6753,#6777,#6794
    ));
#6594 = ADVANCED_FACE('',(#6595),#6629,.T.);
#6595 = FACE_BOUND('',#6596,.T.);
#6596 = EDGE_LOOP('',(#6597,#6607,#6615,#6623));
#6597 = ORIENTED_EDGE('',*,*,#6598,.F.);
#6598 = EDGE_CURVE('',#6599,#6601,#6603,.T.);
#6599 = VERTEX_POINT('',#6600);
#6600 = CARTESIAN_POINT('',(0.29,0.5,0.42));
#6601 = VERTEX_POINT('',#6602);
#6602 = CARTESIAN_POINT('',(0.29,0.53,0.42));
#6603 = LINE('',#6604,#6605);
#6604 = CARTESIAN_POINT('',(0.29,0.5,0.42));
#6605 = VECTOR('',#6606,1.);
#6606 = DIRECTION('',(-0.,1.,0.));
#6607 = ORIENTED_EDGE('',*,*,#6608,.T.);
#6608 = EDGE_CURVE('',#6599,#6609,#6611,.T.);
#6609 = VERTEX_POINT('',#6610);
#6610 = CARTESIAN_POINT('',(0.41,0.5,0.42));
#6611 = LINE('',#6612,#6613);
#6612 = CARTESIAN_POINT('',(0.29,0.5,0.42));
#6613 = VECTOR('',#6614,1.);
#6614 = DIRECTION('',(1.,0.,-0.));
#6615 = ORIENTED_EDGE('',*,*,#6616,.T.);
#6616 = EDGE_CURVE('',#6609,#6617,#6619,.T.);
#6617 = VERTEX_POINT('',#6618);
#6618 = CARTESIAN_POINT('',(0.41,0.53,0.42));
#6619 = LINE('',#6620,#6621);
#6620 = CARTESIAN_POINT('',(0.41,0.5,0.42));
#6621 = VECTOR('',#6622,1.);
#6622 = DIRECTION('',(-0.,1.,0.));
#6623 = ORIENTED_EDGE('',*,*,#6624,.F.);
#6624 = EDGE_CURVE('',#6601,#6617,#6625,.T.);
#6625 = LINE('',#6626,#6627);
#6626 = CARTESIAN_POINT('',(0.29,0.53,0.42));
#6627 = VECTOR('',#6628,1.);
#6628 = DIRECTION('',(1.,0.,-0.));
#6629 = PLANE('',#6630);
#6630 = AXIS2_PLACEMENT_3D('',#6631,#6632,#6633);
#6631 = CARTESIAN_POINT('',(0.29,0.5,0.42));
#6632 = DIRECTION('',(0.,0.,1.));
#6633 = DIRECTION('',(1.,0.,-0.));
#6634 = ADVANCED_FACE('',(#6635),#6660,.T.);
#6635 = FACE_BOUND('',#6636,.T.);
#6636 = EDGE_LOOP('',(#6637,#6647,#6653,#6654));
#6637 = ORIENTED_EDGE('',*,*,#6638,.F.);
#6638 = EDGE_CURVE('',#6639,#6641,#6643,.T.);
#6639 = VERTEX_POINT('',#6640);
#6640 = CARTESIAN_POINT('',(0.29,0.53,5.E-02));
#6641 = VERTEX_POINT('',#6642);
#6642 = CARTESIAN_POINT('',(0.41,0.53,5.E-02));
#6643 = LINE('',#6644,#6645);
#6644 = CARTESIAN_POINT('',(0.29,0.53,5.E-02));
#6645 = VECTOR('',#6646,1.);
#6646 = DIRECTION('',(1.,0.,-0.));
#6647 = ORIENTED_EDGE('',*,*,#6648,.T.);
#6648 = EDGE_CURVE('',#6639,#6601,#6649,.T.);
#6649 = LINE('',#6650,#6651);
#6650 = CARTESIAN_POINT('',(0.29,0.53,0.));
#6651 = VECTOR('',#6652,1.);
#6652 = DIRECTION('',(0.,0.,1.));
#6653 = ORIENTED_EDGE('',*,*,#6624,.T.);
#6654 = ORIENTED_EDGE('',*,*,#6655,.F.);
#6655 = EDGE_CURVE('',#6641,#6617,#6656,.T.);
#6656 = LINE('',#6657,#6658);
#6657 = CARTESIAN_POINT('',(0.41,0.53,0.));
#6658 = VECTOR('',#6659,1.);
#6659 = DIRECTION('',(0.,0.,1.));
#6660 = PLANE('',#6661);
#6661 = AXIS2_PLACEMENT_3D('',#6662,#6663,#6664);
#6662 = CARTESIAN_POINT('',(0.29,0.53,0.));
#6663 = DIRECTION('',(-0.,1.,0.));
#6664 = DIRECTION('',(0.,0.,1.));
#6665 = ADVANCED_FACE('',(#6666),#6691,.T.);
#6666 = FACE_BOUND('',#6667,.T.);
#6667 = EDGE_LOOP('',(#6668,#6676,#6677,#6685));
#6668 = ORIENTED_EDGE('',*,*,#6669,.F.);
#6669 = EDGE_CURVE('',#6639,#6670,#6672,.T.);
#6670 = VERTEX_POINT('',#6671);
#6671 = CARTESIAN_POINT('',(0.29,1.02,5.E-02));
#6672 = LINE('',#6673,#6674);
#6673 = CARTESIAN_POINT('',(0.29,0.5,5.E-02));
#6674 = VECTOR('',#6675,1.);
#6675 = DIRECTION('',(-0.,1.,0.));
#6676 = ORIENTED_EDGE('',*,*,#6638,.T.);
#6677 = ORIENTED_EDGE('',*,*,#6678,.T.);
#6678 = EDGE_CURVE('',#6641,#6679,#6681,.T.);
#6679 = VERTEX_POINT('',#6680);
#6680 = CARTESIAN_POINT('',(0.41,1.02,5.E-02));
#6681 = LINE('',#6682,#6683);
#6682 = CARTESIAN_POINT('',(0.41,0.5,5.E-02));
#6683 = VECTOR('',#6684,1.);
#6684 = DIRECTION('',(-0.,1.,0.));
#6685 = ORIENTED_EDGE('',*,*,#6686,.F.);
#6686 = EDGE_CURVE('',#6670,#6679,#6687,.T.);
#6687 = LINE('',#6688,#6689);
#6688 = CARTESIAN_POINT('',(0.29,1.02,5.E-02));
#6689 = VECTOR('',#6690,1.);
#6690 = DIRECTION('',(1.,0.,-0.));
#6691 = PLANE('',#6692);
#6692 = AXIS2_PLACEMENT_3D('',#6693,#6694,#6695);
#6693 = CARTESIAN_POINT('',(0.29,0.5,5.E-02));
#6694 = DIRECTION('',(0.,0.,1.));
#6695 = DIRECTION('',(1.,0.,-0.));
#6696 = ADVANCED_FACE('',(#6697),#6722,.T.);
#6697 = FACE_BOUND('',#6698,.T.);
#6698 = EDGE_LOOP('',(#6699,#6709,#6715,#6716));
#6699 = ORIENTED_EDGE('',*,*,#6700,.F.);
#6700 = EDGE_CURVE('',#6701,#6703,#6705,.T.);
#6701 = VERTEX_POINT('',#6702);
#6702 = CARTESIAN_POINT('',(0.29,1.02,0.));
#6703 = VERTEX_POINT('',#6704);
#6704 = CARTESIAN_POINT('',(0.41,1.02,0.));
#6705 = LINE('',#6706,#6707);
#6706 = CARTESIAN_POINT('',(0.29,1.02,0.));
#6707 = VECTOR('',#6708,1.);
#6708 = DIRECTION('',(1.,0.,-0.));
#6709 = ORIENTED_EDGE('',*,*,#6710,.T.);
#6710 = EDGE_CURVE('',#6701,#6670,#6711,.T.);
#6711 = LINE('',#6712,#6713);
#6712 = CARTESIAN_POINT('',(0.29,1.02,0.));
#6713 = VECTOR('',#6714,1.);
#6714 = DIRECTION('',(0.,0.,1.));
#6715 = ORIENTED_EDGE('',*,*,#6686,.T.);
#6716 = ORIENTED_EDGE('',*,*,#6717,.F.);
#6717 = EDGE_CURVE('',#6703,#6679,#6718,.T.);
#6718 = LINE('',#6719,#6720);
#6719 = CARTESIAN_POINT('',(0.41,1.02,0.));
#6720 = VECTOR('',#6721,1.);
#6721 = DIRECTION('',(0.,0.,1.));
#6722 = PLANE('',#6723);
#6723 = AXIS2_PLACEMENT_3D('',#6724,#6725,#6726);
#6724 = CARTESIAN_POINT('',(0.29,1.02,0.));
#6725 = DIRECTION('',(-0.,1.,0.));
#6726 = DIRECTION('',(0.,0.,1.));
#6727 = ADVANCED_FACE('',(#6728),#6748,.T.);
#6728 = FACE_BOUND('',#6729,.T.);
#6729 = EDGE_LOOP('',(#6730,#6738,#6739,#6740,#6741,#6742));
#6730 = ORIENTED_EDGE('',*,*,#6731,.T.);
#6731 = EDGE_CURVE('',#6732,#6599,#6734,.T.);
#6732 = VERTEX_POINT('',#6733);
#6733 = CARTESIAN_POINT('',(0.29,0.5,0.));
#6734 = LINE('',#6735,#6736);
#6735 = CARTESIAN_POINT('',(0.29,0.5,0.));
#6736 = VECTOR('',#6737,1.);
#6737 = DIRECTION('',(0.,0.,1.));
#6738 = ORIENTED_EDGE('',*,*,#6598,.T.);
#6739 = ORIENTED_EDGE('',*,*,#6648,.F.);
#6740 = ORIENTED_EDGE('',*,*,#6669,.T.);
#6741 = ORIENTED_EDGE('',*,*,#6710,.F.);
#6742 = ORIENTED_EDGE('',*,*,#6743,.F.);
#6743 = EDGE_CURVE('',#6732,#6701,#6744,.T.);
#6744 = LINE('',#6745,#6746);
#6745 = CARTESIAN_POINT('',(0.29,0.5,0.));
#6746 = VECTOR('',#6747,1.);
#6747 = DIRECTION('',(-0.,1.,0.));
#6748 = PLANE('',#6749);
#6749 = AXIS2_PLACEMENT_3D('',#6750,#6751,#6752);
#6750 = CARTESIAN_POINT('',(0.29,0.663563829787,0.113563829787));
#6751 = DIRECTION('',(-1.,-0.,-0.));
#6752 = DIRECTION('',(0.,0.,-1.));
#6753 = ADVANCED_FACE('',(#6754),#6772,.F.);
#6754 = FACE_BOUND('',#6755,.T.);
#6755 = EDGE_LOOP('',(#6756,#6764,#6770,#6771));
#6756 = ORIENTED_EDGE('',*,*,#6757,.T.);
#6757 = EDGE_CURVE('',#6732,#6758,#6760,.T.);
#6758 = VERTEX_POINT('',#6759);
#6759 = CARTESIAN_POINT('',(0.41,0.5,0.));
#6760 = LINE('',#6761,#6762);
#6761 = CARTESIAN_POINT('',(0.29,0.5,0.));
#6762 = VECTOR('',#6763,1.);
#6763 = DIRECTION('',(1.,0.,-0.));
#6764 = ORIENTED_EDGE('',*,*,#6765,.T.);
#6765 = EDGE_CURVE('',#6758,#6609,#6766,.T.);
#6766 = LINE('',#6767,#6768);
#6767 = CARTESIAN_POINT('',(0.41,0.5,0.));
#6768 = VECTOR('',#6769,1.);
#6769 = DIRECTION('',(0.,0.,1.));
#6770 = ORIENTED_EDGE('',*,*,#6608,.F.);
#6771 = ORIENTED_EDGE('',*,*,#6731,.F.);
#6772 = PLANE('',#6773);
#6773 = AXIS2_PLACEMENT_3D('',#6774,#6775,#6776);
#6774 = CARTESIAN_POINT('',(0.29,0.5,0.));
#6775 = DIRECTION('',(-0.,1.,0.));
#6776 = DIRECTION('',(0.,0.,1.));
#6777 = ADVANCED_FACE('',(#6778),#6789,.T.);
#6778 = FACE_BOUND('',#6779,.T.);
#6779 = EDGE_LOOP('',(#6780,#6781,#6782,#6788));
#6780 = ORIENTED_EDGE('',*,*,#6743,.T.);
#6781 = ORIENTED_EDGE('',*,*,#6700,.T.);
#6782 = ORIENTED_EDGE('',*,*,#6783,.F.);
#6783 = EDGE_CURVE('',#6758,#6703,#6784,.T.);
#6784 = LINE('',#6785,#6786);
#6785 = CARTESIAN_POINT('',(0.41,0.5,0.));
#6786 = VECTOR('',#6787,1.);
#6787 = DIRECTION('',(-0.,1.,0.));
#6788 = ORIENTED_EDGE('',*,*,#6757,.F.);
#6789 = PLANE('',#6790);
#6790 = AXIS2_PLACEMENT_3D('',#6791,#6792,#6793);
#6791 = CARTESIAN_POINT('',(0.35,0.76,0.));
#6792 = DIRECTION('',(-0.,-0.,-1.));
#6793 = DIRECTION('',(-1.,0.,0.));
#6794 = ADVANCED_FACE('',(#6795),#6803,.T.);
#6795 = FACE_BOUND('',#6796,.T.);
#6796 = EDGE_LOOP('',(#6797,#6798,#6799,#6800,#6801,#6802));
#6797 = ORIENTED_EDGE('',*,*,#6765,.F.);
#6798 = ORIENTED_EDGE('',*,*,#6783,.T.);
#6799 = ORIENTED_EDGE('',*,*,#6717,.T.);
#6800 = ORIENTED_EDGE('',*,*,#6678,.F.);
#6801 = ORIENTED_EDGE('',*,*,#6655,.T.);
#6802 = ORIENTED_EDGE('',*,*,#6616,.F.);
#6803 = PLANE('',#6804);
#6804 = AXIS2_PLACEMENT_3D('',#6805,#6806,#6807);
#6805 = CARTESIAN_POINT('',(0.41,0.663563829787,0.113563829787));
#6806 = DIRECTION('',(1.,0.,0.));
#6807 = DIRECTION('',(-0.,0.,1.));
#6808 = ( GEOMETRIC_REPRESENTATION_CONTEXT(3) 
GLOBAL_UNCERTAINTY_ASSIGNED_CONTEXT((#6812)) 
GLOBAL_UNIT_ASSIGNED_CONTEXT((#6809,#6810,#6811)) REPRESENTATION_CONTEXT
('Context #1','3D Context with UNIT and UNCERTAINTY') );
#6809 = ( LENGTH_UNIT() NAMED_UNIT(*) SI_UNIT(.MILLI.,.METRE.) );
#6810 = ( NAMED_UNIT(*) PLANE_ANGLE_UNIT() SI_UNIT($,.RADIAN.) );
#6811 = ( NAMED_UNIT(*) SI_UNIT($,.STERADIAN.) SOLID_ANGLE_UNIT() );
#6812 = UNCERTAINTY_MEASURE_WITH_UNIT(LENGTH_MEASURE(1.E-07),#6809,
  'distance_accuracy_value','confusion accuracy');
#6813 = CONTEXT_DEPENDENT_SHAPE_REPRESENTATION(#6814,#6816);
#6814 = ( REPRESENTATION_RELATIONSHIP('','',#6591,#10) 
REPRESENTATION_RELATIONSHIP_WITH_TRANSFORMATION(#6815) 
SHAPE_REPRESENTATION_RELATIONSHIP() );
#6815 = ITEM_DEFINED_TRANSFORMATION('','',#11,#47);
#6816 = PRODUCT_DEFINITION_SHAPE('Placement','Placement of an item',
  #6817);
#6817 = NEXT_ASSEMBLY_USAGE_OCCURRENCE('9','rec_contact_08','',#5,#6586,
  $);
#6818 = PRODUCT_RELATED_PRODUCT_CATEGORY('part',$,(#6588));
#6819 = SHAPE_DEFINITION_REPRESENTATION(#6820,#6826);
#6820 = PRODUCT_DEFINITION_SHAPE('','',#6821);
#6821 = PRODUCT_DEFINITION('design','',#6822,#6825);
#6822 = PRODUCT_DEFINITION_FORMATION('','',#6823);
#6823 = PRODUCT('rec_contact_09','rec_contact_09','',(#6824));
#6824 = PRODUCT_CONTEXT('',#2,'mechanical');
#6825 = PRODUCT_DEFINITION_CONTEXT('part definition',#2,'design');
#6826 = ADVANCED_BREP_SHAPE_REPRESENTATION('',(#11,#6827),#7043);
#6827 = MANIFOLD_SOLID_BREP('',#6828);
#6828 = CLOSED_SHELL('',(#6829,#6869,#6900,#6931,#6962,#6988,#7012,#7029
    ));
#6829 = ADVANCED_FACE('',(#6830),#6864,.T.);
#6830 = FACE_BOUND('',#6831,.T.);
#6831 = EDGE_LOOP('',(#6832,#6842,#6850,#6858));
#6832 = ORIENTED_EDGE('',*,*,#6833,.F.);
#6833 = EDGE_CURVE('',#6834,#6836,#6838,.T.);
#6834 = VERTEX_POINT('',#6835);
#6835 = CARTESIAN_POINT('',(0.64,-1.02,5.E-02));
#6836 = VERTEX_POINT('',#6837);
#6837 = CARTESIAN_POINT('',(0.64,-0.53,5.E-02));
#6838 = LINE('',#6839,#6840);
#6839 = CARTESIAN_POINT('',(0.64,-1.02,5.E-02));
#6840 = VECTOR('',#6841,1.);
#6841 = DIRECTION('',(-0.,1.,0.));
#6842 = ORIENTED_EDGE('',*,*,#6843,.T.);
#6843 = EDGE_CURVE('',#6834,#6844,#6846,.T.);
#6844 = VERTEX_POINT('',#6845);
#6845 = CARTESIAN_POINT('',(0.76,-1.02,5.E-02));
#6846 = LINE('',#6847,#6848);
#6847 = CARTESIAN_POINT('',(0.64,-1.02,5.E-02));
#6848 = VECTOR('',#6849,1.);
#6849 = DIRECTION('',(1.,0.,-0.));
#6850 = ORIENTED_EDGE('',*,*,#6851,.T.);
#6851 = EDGE_CURVE('',#6844,#6852,#6854,.T.);
#6852 = VERTEX_POINT('',#6853);
#6853 = CARTESIAN_POINT('',(0.76,-0.53,5.E-02));
#6854 = LINE('',#6855,#6856);
#6855 = CARTESIAN_POINT('',(0.76,-1.02,5.E-02));
#6856 = VECTOR('',#6857,1.);
#6857 = DIRECTION('',(-0.,1.,0.));
#6858 = ORIENTED_EDGE('',*,*,#6859,.F.);
#6859 = EDGE_CURVE('',#6836,#6852,#6860,.T.);
#6860 = LINE('',#6861,#6862);
#6861 = CARTESIAN_POINT('',(0.64,-0.53,5.E-02));
#6862 = VECTOR('',#6863,1.);
#6863 = DIRECTION('',(1.,0.,-0.));
#6864 = PLANE('',#6865);
#6865 = AXIS2_PLACEMENT_3D('',#6866,#6867,#6868);
#6866 = CARTESIAN_POINT('',(0.64,-1.02,5.E-02));
#6867 = DIRECTION('',(0.,0.,1.));
#6868 = DIRECTION('',(1.,0.,-0.));
#6869 = ADVANCED_FACE('',(#6870),#6895,.F.);
#6870 = FACE_BOUND('',#6871,.F.);
#6871 = EDGE_LOOP('',(#6872,#6882,#6888,#6889));
#6872 = ORIENTED_EDGE('',*,*,#6873,.F.);
#6873 = EDGE_CURVE('',#6874,#6876,#6878,.T.);
#6874 = VERTEX_POINT('',#6875);
#6875 = CARTESIAN_POINT('',(0.64,-1.02,0.));
#6876 = VERTEX_POINT('',#6877);
#6877 = CARTESIAN_POINT('',(0.76,-1.02,0.));
#6878 = LINE('',#6879,#6880);
#6879 = CARTESIAN_POINT('',(0.64,-1.02,0.));
#6880 = VECTOR('',#6881,1.);
#6881 = DIRECTION('',(1.,0.,-0.));
#6882 = ORIENTED_EDGE('',*,*,#6883,.T.);
#6883 = EDGE_CURVE('',#6874,#6834,#6884,.T.);
#6884 = LINE('',#6885,#6886);
#6885 = CARTESIAN_POINT('',(0.64,-1.02,0.));
#6886 = VECTOR('',#6887,1.);
#6887 = DIRECTION('',(0.,0.,1.));
#6888 = ORIENTED_EDGE('',*,*,#6843,.T.);
#6889 = ORIENTED_EDGE('',*,*,#6890,.F.);
#6890 = EDGE_CURVE('',#6876,#6844,#6891,.T.);
#6891 = LINE('',#6892,#6893);
#6892 = CARTESIAN_POINT('',(0.76,-1.02,0.));
#6893 = VECTOR('',#6894,1.);
#6894 = DIRECTION('',(0.,0.,1.));
#6895 = PLANE('',#6896);
#6896 = AXIS2_PLACEMENT_3D('',#6897,#6898,#6899);
#6897 = CARTESIAN_POINT('',(0.64,-1.02,0.));
#6898 = DIRECTION('',(-0.,1.,0.));
#6899 = DIRECTION('',(0.,0.,1.));
#6900 = ADVANCED_FACE('',(#6901),#6926,.F.);
#6901 = FACE_BOUND('',#6902,.F.);
#6902 = EDGE_LOOP('',(#6903,#6904,#6912,#6920));
#6903 = ORIENTED_EDGE('',*,*,#6859,.F.);
#6904 = ORIENTED_EDGE('',*,*,#6905,.T.);
#6905 = EDGE_CURVE('',#6836,#6906,#6908,.T.);
#6906 = VERTEX_POINT('',#6907);
#6907 = CARTESIAN_POINT('',(0.64,-0.53,0.42));
#6908 = LINE('',#6909,#6910);
#6909 = CARTESIAN_POINT('',(0.64,-0.53,0.));
#6910 = VECTOR('',#6911,1.);
#6911 = DIRECTION('',(0.,0.,1.));
#6912 = ORIENTED_EDGE('',*,*,#6913,.T.);
#6913 = EDGE_CURVE('',#6906,#6914,#6916,.T.);
#6914 = VERTEX_POINT('',#6915);
#6915 = CARTESIAN_POINT('',(0.76,-0.53,0.42));
#6916 = LINE('',#6917,#6918);
#6917 = CARTESIAN_POINT('',(0.64,-0.53,0.42));
#6918 = VECTOR('',#6919,1.);
#6919 = DIRECTION('',(1.,0.,-0.));
#6920 = ORIENTED_EDGE('',*,*,#6921,.F.);
#6921 = EDGE_CURVE('',#6852,#6914,#6922,.T.);
#6922 = LINE('',#6923,#6924);
#6923 = CARTESIAN_POINT('',(0.76,-0.53,0.));
#6924 = VECTOR('',#6925,1.);
#6925 = DIRECTION('',(0.,0.,1.));
#6926 = PLANE('',#6927);
#6927 = AXIS2_PLACEMENT_3D('',#6928,#6929,#6930);
#6928 = CARTESIAN_POINT('',(0.64,-0.53,0.));
#6929 = DIRECTION('',(-0.,1.,0.));
#6930 = DIRECTION('',(0.,0.,1.));
#6931 = ADVANCED_FACE('',(#6932),#6957,.T.);
#6932 = FACE_BOUND('',#6933,.T.);
#6933 = EDGE_LOOP('',(#6934,#6942,#6943,#6951));
#6934 = ORIENTED_EDGE('',*,*,#6935,.F.);
#6935 = EDGE_CURVE('',#6906,#6936,#6938,.T.);
#6936 = VERTEX_POINT('',#6937);
#6937 = CARTESIAN_POINT('',(0.64,-0.5,0.42));
#6938 = LINE('',#6939,#6940);
#6939 = CARTESIAN_POINT('',(0.64,-0.53,0.42));
#6940 = VECTOR('',#6941,1.);
#6941 = DIRECTION('',(-0.,1.,0.));
#6942 = ORIENTED_EDGE('',*,*,#6913,.T.);
#6943 = ORIENTED_EDGE('',*,*,#6944,.T.);
#6944 = EDGE_CURVE('',#6914,#6945,#6947,.T.);
#6945 = VERTEX_POINT('',#6946);
#6946 = CARTESIAN_POINT('',(0.76,-0.5,0.42));
#6947 = LINE('',#6948,#6949);
#6948 = CARTESIAN_POINT('',(0.76,-0.53,0.42));
#6949 = VECTOR('',#6950,1.);
#6950 = DIRECTION('',(-0.,1.,0.));
#6951 = ORIENTED_EDGE('',*,*,#6952,.F.);
#6952 = EDGE_CURVE('',#6936,#6945,#6953,.T.);
#6953 = LINE('',#6954,#6955);
#6954 = CARTESIAN_POINT('',(0.64,-0.5,0.42));
#6955 = VECTOR('',#6956,1.);
#6956 = DIRECTION('',(1.,0.,-0.));
#6957 = PLANE('',#6958);
#6958 = AXIS2_PLACEMENT_3D('',#6959,#6960,#6961);
#6959 = CARTESIAN_POINT('',(0.64,-0.53,0.42));
#6960 = DIRECTION('',(0.,0.,1.));
#6961 = DIRECTION('',(1.,0.,-0.));
#6962 = ADVANCED_FACE('',(#6963),#6983,.T.);
#6963 = FACE_BOUND('',#6964,.T.);
#6964 = EDGE_LOOP('',(#6965,#6973,#6974,#6975,#6976,#6977));
#6965 = ORIENTED_EDGE('',*,*,#6966,.F.);
#6966 = EDGE_CURVE('',#6874,#6967,#6969,.T.);
#6967 = VERTEX_POINT('',#6968);
#6968 = CARTESIAN_POINT('',(0.64,-0.5,0.));
#6969 = LINE('',#6970,#6971);
#6970 = CARTESIAN_POINT('',(0.64,-0.53,0.));
#6971 = VECTOR('',#6972,1.);
#6972 = DIRECTION('',(-0.,1.,0.));
#6973 = ORIENTED_EDGE('',*,*,#6883,.T.);
#6974 = ORIENTED_EDGE('',*,*,#6833,.T.);
#6975 = ORIENTED_EDGE('',*,*,#6905,.T.);
#6976 = ORIENTED_EDGE('',*,*,#6935,.T.);
#6977 = ORIENTED_EDGE('',*,*,#6978,.F.);
#6978 = EDGE_CURVE('',#6967,#6936,#6979,.T.);
#6979 = LINE('',#6980,#6981);
#6980 = CARTESIAN_POINT('',(0.64,-0.5,0.));
#6981 = VECTOR('',#6982,1.);
#6982 = DIRECTION('',(0.,0.,1.));
#6983 = PLANE('',#6984);
#6984 = AXIS2_PLACEMENT_3D('',#6985,#6986,#6987);
#6985 = CARTESIAN_POINT('',(0.64,-0.663563829787,0.113563829787));
#6986 = DIRECTION('',(-1.,-0.,-0.));
#6987 = DIRECTION('',(0.,0.,-1.));
#6988 = ADVANCED_FACE('',(#6989),#7007,.T.);
#6989 = FACE_BOUND('',#6990,.T.);
#6990 = EDGE_LOOP('',(#6991,#6999,#7000,#7001));
#6991 = ORIENTED_EDGE('',*,*,#6992,.F.);
#6992 = EDGE_CURVE('',#6967,#6993,#6995,.T.);
#6993 = VERTEX_POINT('',#6994);
#6994 = CARTESIAN_POINT('',(0.76,-0.5,0.));
#6995 = LINE('',#6996,#6997);
#6996 = CARTESIAN_POINT('',(0.64,-0.5,0.));
#6997 = VECTOR('',#6998,1.);
#6998 = DIRECTION('',(1.,0.,-0.));
#6999 = ORIENTED_EDGE('',*,*,#6978,.T.);
#7000 = ORIENTED_EDGE('',*,*,#6952,.T.);
#7001 = ORIENTED_EDGE('',*,*,#7002,.F.);
#7002 = EDGE_CURVE('',#6993,#6945,#7003,.T.);
#7003 = LINE('',#7004,#7005);
#7004 = CARTESIAN_POINT('',(0.76,-0.5,0.));
#7005 = VECTOR('',#7006,1.);
#7006 = DIRECTION('',(0.,0.,1.));
#7007 = PLANE('',#7008);
#7008 = AXIS2_PLACEMENT_3D('',#7009,#7010,#7011);
#7009 = CARTESIAN_POINT('',(0.64,-0.5,0.));
#7010 = DIRECTION('',(-0.,1.,0.));
#7011 = DIRECTION('',(0.,0.,1.));
#7012 = ADVANCED_FACE('',(#7013),#7024,.T.);
#7013 = FACE_BOUND('',#7014,.T.);
#7014 = EDGE_LOOP('',(#7015,#7016,#7017,#7023));
#7015 = ORIENTED_EDGE('',*,*,#6966,.T.);
#7016 = ORIENTED_EDGE('',*,*,#6992,.T.);
#7017 = ORIENTED_EDGE('',*,*,#7018,.F.);
#7018 = EDGE_CURVE('',#6876,#6993,#7019,.T.);
#7019 = LINE('',#7020,#7021);
#7020 = CARTESIAN_POINT('',(0.76,-0.53,0.));
#7021 = VECTOR('',#7022,1.);
#7022 = DIRECTION('',(-0.,1.,0.));
#7023 = ORIENTED_EDGE('',*,*,#6873,.F.);
#7024 = PLANE('',#7025);
#7025 = AXIS2_PLACEMENT_3D('',#7026,#7027,#7028);
#7026 = CARTESIAN_POINT('',(0.7,-0.76,0.));
#7027 = DIRECTION('',(-0.,-0.,-1.));
#7028 = DIRECTION('',(-1.,0.,0.));
#7029 = ADVANCED_FACE('',(#7030),#7038,.T.);
#7030 = FACE_BOUND('',#7031,.T.);
#7031 = EDGE_LOOP('',(#7032,#7033,#7034,#7035,#7036,#7037));
#7032 = ORIENTED_EDGE('',*,*,#7002,.T.);
#7033 = ORIENTED_EDGE('',*,*,#6944,.F.);
#7034 = ORIENTED_EDGE('',*,*,#6921,.F.);
#7035 = ORIENTED_EDGE('',*,*,#6851,.F.);
#7036 = ORIENTED_EDGE('',*,*,#6890,.F.);
#7037 = ORIENTED_EDGE('',*,*,#7018,.T.);
#7038 = PLANE('',#7039);
#7039 = AXIS2_PLACEMENT_3D('',#7040,#7041,#7042);
#7040 = CARTESIAN_POINT('',(0.76,-0.663563829787,0.113563829787));
#7041 = DIRECTION('',(1.,0.,0.));
#7042 = DIRECTION('',(-0.,0.,1.));
#7043 = ( GEOMETRIC_REPRESENTATION_CONTEXT(3) 
GLOBAL_UNCERTAINTY_ASSIGNED_CONTEXT((#7047)) 
GLOBAL_UNIT_ASSIGNED_CONTEXT((#7044,#7045,#7046)) REPRESENTATION_CONTEXT
('Context #1','3D Context with UNIT and UNCERTAINTY') );
#7044 = ( LENGTH_UNIT() NAMED_UNIT(*) SI_UNIT(.MILLI.,.METRE.) );
#7045 = ( NAMED_UNIT(*) PLANE_ANGLE_UNIT() SI_UNIT($,.RADIAN.) );
#7046 = ( NAMED_UNIT(*) SI_UNIT($,.STERADIAN.) SOLID_ANGLE_UNIT() );
#7047 = UNCERTAINTY_MEASURE_WITH_UNIT(LENGTH_MEASURE(1.E-07),#7044,
  'distance_accuracy_value','confusion accuracy');
#7048 = CONTEXT_DEPENDENT_SHAPE_REPRESENTATION(#7049,#7051);
#7049 = ( REPRESENTATION_RELATIONSHIP('','',#6826,#10) 
REPRESENTATION_RELATIONSHIP_WITH_TRANSFORMATION(#7050) 
SHAPE_REPRESENTATION_RELATIONSHIP() );
#7050 = ITEM_DEFINED_TRANSFORMATION('','',#11,#51);
#7051 = PRODUCT_DEFINITION_SHAPE('Placement','Placement of an item',
  #7052);
#7052 = NEXT_ASSEMBLY_USAGE_OCCURRENCE('10','rec_contact_09','',#5,#6821
  ,$);
#7053 = PRODUCT_RELATED_PRODUCT_CATEGORY('part',$,(#6823));
#7054 = SHAPE_DEFINITION_REPRESENTATION(#7055,#7061);
#7055 = PRODUCT_DEFINITION_SHAPE('','',#7056);
#7056 = PRODUCT_DEFINITION('design','',#7057,#7060);
#7057 = PRODUCT_DEFINITION_FORMATION('','',#7058);
#7058 = PRODUCT('rec_contact_10','rec_contact_10','',(#7059));
#7059 = PRODUCT_CONTEXT('',#2,'mechanical');
#7060 = PRODUCT_DEFINITION_CONTEXT('part definition',#2,'design');
#7061 = ADVANCED_BREP_SHAPE_REPRESENTATION('',(#11,#7062),#7278);
#7062 = MANIFOLD_SOLID_BREP('',#7063);
#7063 = CLOSED_SHELL('',(#7064,#7104,#7135,#7166,#7197,#7223,#7247,#7264
    ));
#7064 = ADVANCED_FACE('',(#7065),#7099,.T.);
#7065 = FACE_BOUND('',#7066,.T.);
#7066 = EDGE_LOOP('',(#7067,#7077,#7085,#7093));
#7067 = ORIENTED_EDGE('',*,*,#7068,.F.);
#7068 = EDGE_CURVE('',#7069,#7071,#7073,.T.);
#7069 = VERTEX_POINT('',#7070);
#7070 = CARTESIAN_POINT('',(0.64,0.5,0.42));
#7071 = VERTEX_POINT('',#7072);
#7072 = CARTESIAN_POINT('',(0.64,0.53,0.42));
#7073 = LINE('',#7074,#7075);
#7074 = CARTESIAN_POINT('',(0.64,0.5,0.42));
#7075 = VECTOR('',#7076,1.);
#7076 = DIRECTION('',(-0.,1.,0.));
#7077 = ORIENTED_EDGE('',*,*,#7078,.T.);
#7078 = EDGE_CURVE('',#7069,#7079,#7081,.T.);
#7079 = VERTEX_POINT('',#7080);
#7080 = CARTESIAN_POINT('',(0.76,0.5,0.42));
#7081 = LINE('',#7082,#7083);
#7082 = CARTESIAN_POINT('',(0.64,0.5,0.42));
#7083 = VECTOR('',#7084,1.);
#7084 = DIRECTION('',(1.,0.,-0.));
#7085 = ORIENTED_EDGE('',*,*,#7086,.T.);
#7086 = EDGE_CURVE('',#7079,#7087,#7089,.T.);
#7087 = VERTEX_POINT('',#7088);
#7088 = CARTESIAN_POINT('',(0.76,0.53,0.42));
#7089 = LINE('',#7090,#7091);
#7090 = CARTESIAN_POINT('',(0.76,0.5,0.42));
#7091 = VECTOR('',#7092,1.);
#7092 = DIRECTION('',(-0.,1.,0.));
#7093 = ORIENTED_EDGE('',*,*,#7094,.F.);
#7094 = EDGE_CURVE('',#7071,#7087,#7095,.T.);
#7095 = LINE('',#7096,#7097);
#7096 = CARTESIAN_POINT('',(0.64,0.53,0.42));
#7097 = VECTOR('',#7098,1.);
#7098 = DIRECTION('',(1.,0.,-0.));
#7099 = PLANE('',#7100);
#7100 = AXIS2_PLACEMENT_3D('',#7101,#7102,#7103);
#7101 = CARTESIAN_POINT('',(0.64,0.5,0.42));
#7102 = DIRECTION('',(0.,0.,1.));
#7103 = DIRECTION('',(1.,0.,-0.));
#7104 = ADVANCED_FACE('',(#7105),#7130,.T.);
#7105 = FACE_BOUND('',#7106,.T.);
#7106 = EDGE_LOOP('',(#7107,#7117,#7123,#7124));
#7107 = ORIENTED_EDGE('',*,*,#7108,.F.);
#7108 = EDGE_CURVE('',#7109,#7111,#7113,.T.);
#7109 = VERTEX_POINT('',#7110);
#7110 = CARTESIAN_POINT('',(0.64,0.53,5.E-02));
#7111 = VERTEX_POINT('',#7112);
#7112 = CARTESIAN_POINT('',(0.76,0.53,5.E-02));
#7113 = LINE('',#7114,#7115);
#7114 = CARTESIAN_POINT('',(0.64,0.53,5.E-02));
#7115 = VECTOR('',#7116,1.);
#7116 = DIRECTION('',(1.,0.,-0.));
#7117 = ORIENTED_EDGE('',*,*,#7118,.T.);
#7118 = EDGE_CURVE('',#7109,#7071,#7119,.T.);
#7119 = LINE('',#7120,#7121);
#7120 = CARTESIAN_POINT('',(0.64,0.53,0.));
#7121 = VECTOR('',#7122,1.);
#7122 = DIRECTION('',(0.,0.,1.));
#7123 = ORIENTED_EDGE('',*,*,#7094,.T.);
#7124 = ORIENTED_EDGE('',*,*,#7125,.F.);
#7125 = EDGE_CURVE('',#7111,#7087,#7126,.T.);
#7126 = LINE('',#7127,#7128);
#7127 = CARTESIAN_POINT('',(0.76,0.53,0.));
#7128 = VECTOR('',#7129,1.);
#7129 = DIRECTION('',(0.,0.,1.));
#7130 = PLANE('',#7131);
#7131 = AXIS2_PLACEMENT_3D('',#7132,#7133,#7134);
#7132 = CARTESIAN_POINT('',(0.64,0.53,0.));
#7133 = DIRECTION('',(-0.,1.,0.));
#7134 = DIRECTION('',(0.,0.,1.));
#7135 = ADVANCED_FACE('',(#7136),#7161,.T.);
#7136 = FACE_BOUND('',#7137,.T.);
#7137 = EDGE_LOOP('',(#7138,#7146,#7147,#7155));
#7138 = ORIENTED_EDGE('',*,*,#7139,.F.);
#7139 = EDGE_CURVE('',#7109,#7140,#7142,.T.);
#7140 = VERTEX_POINT('',#7141);
#7141 = CARTESIAN_POINT('',(0.64,1.02,5.E-02));
#7142 = LINE('',#7143,#7144);
#7143 = CARTESIAN_POINT('',(0.64,0.5,5.E-02));
#7144 = VECTOR('',#7145,1.);
#7145 = DIRECTION('',(-0.,1.,0.));
#7146 = ORIENTED_EDGE('',*,*,#7108,.T.);
#7147 = ORIENTED_EDGE('',*,*,#7148,.T.);
#7148 = EDGE_CURVE('',#7111,#7149,#7151,.T.);
#7149 = VERTEX_POINT('',#7150);
#7150 = CARTESIAN_POINT('',(0.76,1.02,5.E-02));
#7151 = LINE('',#7152,#7153);
#7152 = CARTESIAN_POINT('',(0.76,0.5,5.E-02));
#7153 = VECTOR('',#7154,1.);
#7154 = DIRECTION('',(-0.,1.,0.));
#7155 = ORIENTED_EDGE('',*,*,#7156,.F.);
#7156 = EDGE_CURVE('',#7140,#7149,#7157,.T.);
#7157 = LINE('',#7158,#7159);
#7158 = CARTESIAN_POINT('',(0.64,1.02,5.E-02));
#7159 = VECTOR('',#7160,1.);
#7160 = DIRECTION('',(1.,0.,-0.));
#7161 = PLANE('',#7162);
#7162 = AXIS2_PLACEMENT_3D('',#7163,#7164,#7165);
#7163 = CARTESIAN_POINT('',(0.64,0.5,5.E-02));
#7164 = DIRECTION('',(0.,0.,1.));
#7165 = DIRECTION('',(1.,0.,-0.));
#7166 = ADVANCED_FACE('',(#7167),#7192,.T.);
#7167 = FACE_BOUND('',#7168,.T.);
#7168 = EDGE_LOOP('',(#7169,#7179,#7185,#7186));
#7169 = ORIENTED_EDGE('',*,*,#7170,.F.);
#7170 = EDGE_CURVE('',#7171,#7173,#7175,.T.);
#7171 = VERTEX_POINT('',#7172);
#7172 = CARTESIAN_POINT('',(0.64,1.02,0.));
#7173 = VERTEX_POINT('',#7174);
#7174 = CARTESIAN_POINT('',(0.76,1.02,0.));
#7175 = LINE('',#7176,#7177);
#7176 = CARTESIAN_POINT('',(0.64,1.02,0.));
#7177 = VECTOR('',#7178,1.);
#7178 = DIRECTION('',(1.,0.,-0.));
#7179 = ORIENTED_EDGE('',*,*,#7180,.T.);
#7180 = EDGE_CURVE('',#7171,#7140,#7181,.T.);
#7181 = LINE('',#7182,#7183);
#7182 = CARTESIAN_POINT('',(0.64,1.02,0.));
#7183 = VECTOR('',#7184,1.);
#7184 = DIRECTION('',(0.,0.,1.));
#7185 = ORIENTED_EDGE('',*,*,#7156,.T.);
#7186 = ORIENTED_EDGE('',*,*,#7187,.F.);
#7187 = EDGE_CURVE('',#7173,#7149,#7188,.T.);
#7188 = LINE('',#7189,#7190);
#7189 = CARTESIAN_POINT('',(0.76,1.02,0.));
#7190 = VECTOR('',#7191,1.);
#7191 = DIRECTION('',(0.,0.,1.));
#7192 = PLANE('',#7193);
#7193 = AXIS2_PLACEMENT_3D('',#7194,#7195,#7196);
#7194 = CARTESIAN_POINT('',(0.64,1.02,0.));
#7195 = DIRECTION('',(-0.,1.,0.));
#7196 = DIRECTION('',(0.,0.,1.));
#7197 = ADVANCED_FACE('',(#7198),#7218,.T.);
#7198 = FACE_BOUND('',#7199,.T.);
#7199 = EDGE_LOOP('',(#7200,#7208,#7209,#7210,#7211,#7212));
#7200 = ORIENTED_EDGE('',*,*,#7201,.T.);
#7201 = EDGE_CURVE('',#7202,#7069,#7204,.T.);
#7202 = VERTEX_POINT('',#7203);
#7203 = CARTESIAN_POINT('',(0.64,0.5,0.));
#7204 = LINE('',#7205,#7206);
#7205 = CARTESIAN_POINT('',(0.64,0.5,0.));
#7206 = VECTOR('',#7207,1.);
#7207 = DIRECTION('',(0.,0.,1.));
#7208 = ORIENTED_EDGE('',*,*,#7068,.T.);
#7209 = ORIENTED_EDGE('',*,*,#7118,.F.);
#7210 = ORIENTED_EDGE('',*,*,#7139,.T.);
#7211 = ORIENTED_EDGE('',*,*,#7180,.F.);
#7212 = ORIENTED_EDGE('',*,*,#7213,.F.);
#7213 = EDGE_CURVE('',#7202,#7171,#7214,.T.);
#7214 = LINE('',#7215,#7216);
#7215 = CARTESIAN_POINT('',(0.64,0.5,0.));
#7216 = VECTOR('',#7217,1.);
#7217 = DIRECTION('',(-0.,1.,0.));
#7218 = PLANE('',#7219);
#7219 = AXIS2_PLACEMENT_3D('',#7220,#7221,#7222);
#7220 = CARTESIAN_POINT('',(0.64,0.663563829787,0.113563829787));
#7221 = DIRECTION('',(-1.,-0.,-0.));
#7222 = DIRECTION('',(0.,0.,-1.));
#7223 = ADVANCED_FACE('',(#7224),#7242,.F.);
#7224 = FACE_BOUND('',#7225,.T.);
#7225 = EDGE_LOOP('',(#7226,#7234,#7240,#7241));
#7226 = ORIENTED_EDGE('',*,*,#7227,.T.);
#7227 = EDGE_CURVE('',#7202,#7228,#7230,.T.);
#7228 = VERTEX_POINT('',#7229);
#7229 = CARTESIAN_POINT('',(0.76,0.5,0.));
#7230 = LINE('',#7231,#7232);
#7231 = CARTESIAN_POINT('',(0.64,0.5,0.));
#7232 = VECTOR('',#7233,1.);
#7233 = DIRECTION('',(1.,0.,-0.));
#7234 = ORIENTED_EDGE('',*,*,#7235,.T.);
#7235 = EDGE_CURVE('',#7228,#7079,#7236,.T.);
#7236 = LINE('',#7237,#7238);
#7237 = CARTESIAN_POINT('',(0.76,0.5,0.));
#7238 = VECTOR('',#7239,1.);
#7239 = DIRECTION('',(0.,0.,1.));
#7240 = ORIENTED_EDGE('',*,*,#7078,.F.);
#7241 = ORIENTED_EDGE('',*,*,#7201,.F.);
#7242 = PLANE('',#7243);
#7243 = AXIS2_PLACEMENT_3D('',#7244,#7245,#7246);
#7244 = CARTESIAN_POINT('',(0.64,0.5,0.));
#7245 = DIRECTION('',(-0.,1.,0.));
#7246 = DIRECTION('',(0.,0.,1.));
#7247 = ADVANCED_FACE('',(#7248),#7259,.T.);
#7248 = FACE_BOUND('',#7249,.T.);
#7249 = EDGE_LOOP('',(#7250,#7251,#7252,#7258));
#7250 = ORIENTED_EDGE('',*,*,#7213,.T.);
#7251 = ORIENTED_EDGE('',*,*,#7170,.T.);
#7252 = ORIENTED_EDGE('',*,*,#7253,.F.);
#7253 = EDGE_CURVE('',#7228,#7173,#7254,.T.);
#7254 = LINE('',#7255,#7256);
#7255 = CARTESIAN_POINT('',(0.76,0.5,0.));
#7256 = VECTOR('',#7257,1.);
#7257 = DIRECTION('',(-0.,1.,0.));
#7258 = ORIENTED_EDGE('',*,*,#7227,.F.);
#7259 = PLANE('',#7260);
#7260 = AXIS2_PLACEMENT_3D('',#7261,#7262,#7263);
#7261 = CARTESIAN_POINT('',(0.7,0.76,0.));
#7262 = DIRECTION('',(-0.,-0.,-1.));
#7263 = DIRECTION('',(-1.,0.,0.));
#7264 = ADVANCED_FACE('',(#7265),#7273,.T.);
#7265 = FACE_BOUND('',#7266,.T.);
#7266 = EDGE_LOOP('',(#7267,#7268,#7269,#7270,#7271,#7272));
#7267 = ORIENTED_EDGE('',*,*,#7235,.F.);
#7268 = ORIENTED_EDGE('',*,*,#7253,.T.);
#7269 = ORIENTED_EDGE('',*,*,#7187,.T.);
#7270 = ORIENTED_EDGE('',*,*,#7148,.F.);
#7271 = ORIENTED_EDGE('',*,*,#7125,.T.);
#7272 = ORIENTED_EDGE('',*,*,#7086,.F.);
#7273 = PLANE('',#7274);
#7274 = AXIS2_PLACEMENT_3D('',#7275,#7276,#7277);
#7275 = CARTESIAN_POINT('',(0.76,0.663563829787,0.113563829787));
#7276 = DIRECTION('',(1.,0.,0.));
#7277 = DIRECTION('',(-0.,0.,1.));
#7278 = ( GEOMETRIC_REPRESENTATION_CONTEXT(3) 
GLOBAL_UNCERTAINTY_ASSIGNED_CONTEXT((#7282)) 
GLOBAL_UNIT_ASSIGNED_CONTEXT((#7279,#7280,#7281)) REPRESENTATION_CONTEXT
('Context #1','3D Context with UNIT and UNCERTAINTY') );
#7279 = ( LENGTH_UNIT() NAMED_UNIT(*) SI_UNIT(.MILLI.,.METRE.) );
#7280 = ( NAMED_UNIT(*) PLANE_ANGLE_UNIT() SI_UNIT($,.RADIAN.) );
#7281 = ( NAMED_UNIT(*) SI_UNIT($,.STERADIAN.) SOLID_ANGLE_UNIT() );
#7282 = UNCERTAINTY_MEASURE_WITH_UNIT(LENGTH_MEASURE(1.E-07),#7279,
  'distance_accuracy_value','confusion accuracy');
#7283 = CONTEXT_DEPENDENT_SHAPE_REPRESENTATION(#7284,#7286);
#7284 = ( REPRESENTATION_RELATIONSHIP('','',#7061,#10) 
REPRESENTATION_RELATIONSHIP_WITH_TRANSFORMATION(#7285) 
SHAPE_REPRESENTATION_RELATIONSHIP() );
#7285 = ITEM_DEFINED_TRANSFORMATION('','',#11,#55);
#7286 = PRODUCT_DEFINITION_SHAPE('Placement','Placement of an item',
  #7287);
#7287 = NEXT_ASSEMBLY_USAGE_OCCURRENCE('11','rec_contact_10','',#5,#7056
  ,$);
#7288 = PRODUCT_RELATED_PRODUCT_CATEGORY('part',$,(#7058));
#7289 = SHAPE_DEFINITION_REPRESENTATION(#7290,#7296);
#7290 = PRODUCT_DEFINITION_SHAPE('','',#7291);
#7291 = PRODUCT_DEFINITION('design','',#7292,#7295);
#7292 = PRODUCT_DEFINITION_FORMATION('','',#7293);
#7293 = PRODUCT('rec_contact_11','rec_contact_11','',(#7294));
#7294 = PRODUCT_CONTEXT('',#2,'mechanical');
#7295 = PRODUCT_DEFINITION_CONTEXT('part definition',#2,'design');
#7296 = ADVANCED_BREP_SHAPE_REPRESENTATION('',(#11,#7297),#7513);
#7297 = MANIFOLD_SOLID_BREP('',#7298);
#7298 = CLOSED_SHELL('',(#7299,#7339,#7370,#7401,#7432,#7458,#7482,#7499
    ));
#7299 = ADVANCED_FACE('',(#7300),#7334,.T.);
#7300 = FACE_BOUND('',#7301,.T.);
#7301 = EDGE_LOOP('',(#7302,#7312,#7320,#7328));
#7302 = ORIENTED_EDGE('',*,*,#7303,.F.);
#7303 = EDGE_CURVE('',#7304,#7306,#7308,.T.);
#7304 = VERTEX_POINT('',#7305);
#7305 = CARTESIAN_POINT('',(-1.35,-1.02,5.E-02));
#7306 = VERTEX_POINT('',#7307);
#7307 = CARTESIAN_POINT('',(-1.35,-0.53,5.E-02));
#7308 = LINE('',#7309,#7310);
#7309 = CARTESIAN_POINT('',(-1.35,-1.02,5.E-02));
#7310 = VECTOR('',#7311,1.);
#7311 = DIRECTION('',(-0.,1.,0.));
#7312 = ORIENTED_EDGE('',*,*,#7313,.T.);
#7313 = EDGE_CURVE('',#7304,#7314,#7316,.T.);
#7314 = VERTEX_POINT('',#7315);
#7315 = CARTESIAN_POINT('',(-1.05,-1.02,5.E-02));
#7316 = LINE('',#7317,#7318);
#7317 = CARTESIAN_POINT('',(-1.35,-1.02,5.E-02));
#7318 = VECTOR('',#7319,1.);
#7319 = DIRECTION('',(1.,0.,-0.));
#7320 = ORIENTED_EDGE('',*,*,#7321,.T.);
#7321 = EDGE_CURVE('',#7314,#7322,#7324,.T.);
#7322 = VERTEX_POINT('',#7323);
#7323 = CARTESIAN_POINT('',(-1.05,-0.53,5.E-02));
#7324 = LINE('',#7325,#7326);
#7325 = CARTESIAN_POINT('',(-1.05,-1.02,5.E-02));
#7326 = VECTOR('',#7327,1.);
#7327 = DIRECTION('',(-0.,1.,0.));
#7328 = ORIENTED_EDGE('',*,*,#7329,.F.);
#7329 = EDGE_CURVE('',#7306,#7322,#7330,.T.);
#7330 = LINE('',#7331,#7332);
#7331 = CARTESIAN_POINT('',(-1.35,-0.53,5.E-02));
#7332 = VECTOR('',#7333,1.);
#7333 = DIRECTION('',(1.,0.,-0.));
#7334 = PLANE('',#7335);
#7335 = AXIS2_PLACEMENT_3D('',#7336,#7337,#7338);
#7336 = CARTESIAN_POINT('',(-1.35,-1.02,5.E-02));
#7337 = DIRECTION('',(0.,0.,1.));
#7338 = DIRECTION('',(1.,0.,-0.));
#7339 = ADVANCED_FACE('',(#7340),#7365,.F.);
#7340 = FACE_BOUND('',#7341,.F.);
#7341 = EDGE_LOOP('',(#7342,#7352,#7358,#7359));
#7342 = ORIENTED_EDGE('',*,*,#7343,.F.);
#7343 = EDGE_CURVE('',#7344,#7346,#7348,.T.);
#7344 = VERTEX_POINT('',#7345);
#7345 = CARTESIAN_POINT('',(-1.35,-1.02,0.));
#7346 = VERTEX_POINT('',#7347);
#7347 = CARTESIAN_POINT('',(-1.05,-1.02,0.));
#7348 = LINE('',#7349,#7350);
#7349 = CARTESIAN_POINT('',(-1.35,-1.02,0.));
#7350 = VECTOR('',#7351,1.);
#7351 = DIRECTION('',(1.,0.,-0.));
#7352 = ORIENTED_EDGE('',*,*,#7353,.T.);
#7353 = EDGE_CURVE('',#7344,#7304,#7354,.T.);
#7354 = LINE('',#7355,#7356);
#7355 = CARTESIAN_POINT('',(-1.35,-1.02,0.));
#7356 = VECTOR('',#7357,1.);
#7357 = DIRECTION('',(0.,0.,1.));
#7358 = ORIENTED_EDGE('',*,*,#7313,.T.);
#7359 = ORIENTED_EDGE('',*,*,#7360,.F.);
#7360 = EDGE_CURVE('',#7346,#7314,#7361,.T.);
#7361 = LINE('',#7362,#7363);
#7362 = CARTESIAN_POINT('',(-1.05,-1.02,0.));
#7363 = VECTOR('',#7364,1.);
#7364 = DIRECTION('',(0.,0.,1.));
#7365 = PLANE('',#7366);
#7366 = AXIS2_PLACEMENT_3D('',#7367,#7368,#7369);
#7367 = CARTESIAN_POINT('',(-1.35,-1.02,0.));
#7368 = DIRECTION('',(-0.,1.,0.));
#7369 = DIRECTION('',(0.,0.,1.));
#7370 = ADVANCED_FACE('',(#7371),#7396,.F.);
#7371 = FACE_BOUND('',#7372,.F.);
#7372 = EDGE_LOOP('',(#7373,#7374,#7382,#7390));
#7373 = ORIENTED_EDGE('',*,*,#7329,.F.);
#7374 = ORIENTED_EDGE('',*,*,#7375,.T.);
#7375 = EDGE_CURVE('',#7306,#7376,#7378,.T.);
#7376 = VERTEX_POINT('',#7377);
#7377 = CARTESIAN_POINT('',(-1.35,-0.53,0.42));
#7378 = LINE('',#7379,#7380);
#7379 = CARTESIAN_POINT('',(-1.35,-0.53,0.));
#7380 = VECTOR('',#7381,1.);
#7381 = DIRECTION('',(0.,0.,1.));
#7382 = ORIENTED_EDGE('',*,*,#7383,.T.);
#7383 = EDGE_CURVE('',#7376,#7384,#7386,.T.);
#7384 = VERTEX_POINT('',#7385);
#7385 = CARTESIAN_POINT('',(-1.05,-0.53,0.42));
#7386 = LINE('',#7387,#7388);
#7387 = CARTESIAN_POINT('',(-1.35,-0.53,0.42));
#7388 = VECTOR('',#7389,1.);
#7389 = DIRECTION('',(1.,0.,-0.));
#7390 = ORIENTED_EDGE('',*,*,#7391,.F.);
#7391 = EDGE_CURVE('',#7322,#7384,#7392,.T.);
#7392 = LINE('',#7393,#7394);
#7393 = CARTESIAN_POINT('',(-1.05,-0.53,0.));
#7394 = VECTOR('',#7395,1.);
#7395 = DIRECTION('',(0.,0.,1.));
#7396 = PLANE('',#7397);
#7397 = AXIS2_PLACEMENT_3D('',#7398,#7399,#7400);
#7398 = CARTESIAN_POINT('',(-1.35,-0.53,0.));
#7399 = DIRECTION('',(-0.,1.,0.));
#7400 = DIRECTION('',(0.,0.,1.));
#7401 = ADVANCED_FACE('',(#7402),#7427,.T.);
#7402 = FACE_BOUND('',#7403,.T.);
#7403 = EDGE_LOOP('',(#7404,#7412,#7413,#7421));
#7404 = ORIENTED_EDGE('',*,*,#7405,.F.);
#7405 = EDGE_CURVE('',#7376,#7406,#7408,.T.);
#7406 = VERTEX_POINT('',#7407);
#7407 = CARTESIAN_POINT('',(-1.35,-0.5,0.42));
#7408 = LINE('',#7409,#7410);
#7409 = CARTESIAN_POINT('',(-1.35,-0.53,0.42));
#7410 = VECTOR('',#7411,1.);
#7411 = DIRECTION('',(-0.,1.,0.));
#7412 = ORIENTED_EDGE('',*,*,#7383,.T.);
#7413 = ORIENTED_EDGE('',*,*,#7414,.T.);
#7414 = EDGE_CURVE('',#7384,#7415,#7417,.T.);
#7415 = VERTEX_POINT('',#7416);
#7416 = CARTESIAN_POINT('',(-1.05,-0.5,0.42));
#7417 = LINE('',#7418,#7419);
#7418 = CARTESIAN_POINT('',(-1.05,-0.53,0.42));
#7419 = VECTOR('',#7420,1.);
#7420 = DIRECTION('',(-0.,1.,0.));
#7421 = ORIENTED_EDGE('',*,*,#7422,.F.);
#7422 = EDGE_CURVE('',#7406,#7415,#7423,.T.);
#7423 = LINE('',#7424,#7425);
#7424 = CARTESIAN_POINT('',(-1.35,-0.5,0.42));
#7425 = VECTOR('',#7426,1.);
#7426 = DIRECTION('',(1.,0.,-0.));
#7427 = PLANE('',#7428);
#7428 = AXIS2_PLACEMENT_3D('',#7429,#7430,#7431);
#7429 = CARTESIAN_POINT('',(-1.35,-0.53,0.42));
#7430 = DIRECTION('',(0.,0.,1.));
#7431 = DIRECTION('',(1.,0.,-0.));
#7432 = ADVANCED_FACE('',(#7433),#7453,.T.);
#7433 = FACE_BOUND('',#7434,.T.);
#7434 = EDGE_LOOP('',(#7435,#7443,#7444,#7445,#7446,#7447));
#7435 = ORIENTED_EDGE('',*,*,#7436,.F.);
#7436 = EDGE_CURVE('',#7344,#7437,#7439,.T.);
#7437 = VERTEX_POINT('',#7438);
#7438 = CARTESIAN_POINT('',(-1.35,-0.5,0.));
#7439 = LINE('',#7440,#7441);
#7440 = CARTESIAN_POINT('',(-1.35,-0.53,0.));
#7441 = VECTOR('',#7442,1.);
#7442 = DIRECTION('',(-0.,1.,0.));
#7443 = ORIENTED_EDGE('',*,*,#7353,.T.);
#7444 = ORIENTED_EDGE('',*,*,#7303,.T.);
#7445 = ORIENTED_EDGE('',*,*,#7375,.T.);
#7446 = ORIENTED_EDGE('',*,*,#7405,.T.);
#7447 = ORIENTED_EDGE('',*,*,#7448,.F.);
#7448 = EDGE_CURVE('',#7437,#7406,#7449,.T.);
#7449 = LINE('',#7450,#7451);
#7450 = CARTESIAN_POINT('',(-1.35,-0.5,0.));
#7451 = VECTOR('',#7452,1.);
#7452 = DIRECTION('',(0.,0.,1.));
#7453 = PLANE('',#7454);
#7454 = AXIS2_PLACEMENT_3D('',#7455,#7456,#7457);
#7455 = CARTESIAN_POINT('',(-1.35,-0.663563829787,0.113563829787));
#7456 = DIRECTION('',(-1.,-0.,-0.));
#7457 = DIRECTION('',(0.,0.,-1.));
#7458 = ADVANCED_FACE('',(#7459),#7477,.T.);
#7459 = FACE_BOUND('',#7460,.T.);
#7460 = EDGE_LOOP('',(#7461,#7469,#7470,#7471));
#7461 = ORIENTED_EDGE('',*,*,#7462,.F.);
#7462 = EDGE_CURVE('',#7437,#7463,#7465,.T.);
#7463 = VERTEX_POINT('',#7464);
#7464 = CARTESIAN_POINT('',(-1.05,-0.5,0.));
#7465 = LINE('',#7466,#7467);
#7466 = CARTESIAN_POINT('',(-1.35,-0.5,0.));
#7467 = VECTOR('',#7468,1.);
#7468 = DIRECTION('',(1.,0.,-0.));
#7469 = ORIENTED_EDGE('',*,*,#7448,.T.);
#7470 = ORIENTED_EDGE('',*,*,#7422,.T.);
#7471 = ORIENTED_EDGE('',*,*,#7472,.F.);
#7472 = EDGE_CURVE('',#7463,#7415,#7473,.T.);
#7473 = LINE('',#7474,#7475);
#7474 = CARTESIAN_POINT('',(-1.05,-0.5,0.));
#7475 = VECTOR('',#7476,1.);
#7476 = DIRECTION('',(0.,0.,1.));
#7477 = PLANE('',#7478);
#7478 = AXIS2_PLACEMENT_3D('',#7479,#7480,#7481);
#7479 = CARTESIAN_POINT('',(-1.35,-0.5,0.));
#7480 = DIRECTION('',(-0.,1.,0.));
#7481 = DIRECTION('',(0.,0.,1.));
#7482 = ADVANCED_FACE('',(#7483),#7494,.T.);
#7483 = FACE_BOUND('',#7484,.T.);
#7484 = EDGE_LOOP('',(#7485,#7486,#7487,#7493));
#7485 = ORIENTED_EDGE('',*,*,#7436,.T.);
#7486 = ORIENTED_EDGE('',*,*,#7462,.T.);
#7487 = ORIENTED_EDGE('',*,*,#7488,.F.);
#7488 = EDGE_CURVE('',#7346,#7463,#7489,.T.);
#7489 = LINE('',#7490,#7491);
#7490 = CARTESIAN_POINT('',(-1.05,-0.53,0.));
#7491 = VECTOR('',#7492,1.);
#7492 = DIRECTION('',(-0.,1.,0.));
#7493 = ORIENTED_EDGE('',*,*,#7343,.F.);
#7494 = PLANE('',#7495);
#7495 = AXIS2_PLACEMENT_3D('',#7496,#7497,#7498);
#7496 = CARTESIAN_POINT('',(-1.2,-0.76,0.));
#7497 = DIRECTION('',(-0.,-0.,-1.));
#7498 = DIRECTION('',(-1.,0.,0.));
#7499 = ADVANCED_FACE('',(#7500),#7508,.T.);
#7500 = FACE_BOUND('',#7501,.T.);
#7501 = EDGE_LOOP('',(#7502,#7503,#7504,#7505,#7506,#7507));
#7502 = ORIENTED_EDGE('',*,*,#7472,.T.);
#7503 = ORIENTED_EDGE('',*,*,#7414,.F.);
#7504 = ORIENTED_EDGE('',*,*,#7391,.F.);
#7505 = ORIENTED_EDGE('',*,*,#7321,.F.);
#7506 = ORIENTED_EDGE('',*,*,#7360,.F.);
#7507 = ORIENTED_EDGE('',*,*,#7488,.T.);
#7508 = PLANE('',#7509);
#7509 = AXIS2_PLACEMENT_3D('',#7510,#7511,#7512);
#7510 = CARTESIAN_POINT('',(-1.05,-0.663563829787,0.113563829787));
#7511 = DIRECTION('',(1.,0.,0.));
#7512 = DIRECTION('',(-0.,0.,1.));
#7513 = ( GEOMETRIC_REPRESENTATION_CONTEXT(3) 
GLOBAL_UNCERTAINTY_ASSIGNED_CONTEXT((#7517)) 
GLOBAL_UNIT_ASSIGNED_CONTEXT((#7514,#7515,#7516)) REPRESENTATION_CONTEXT
('Context #1','3D Context with UNIT and UNCERTAINTY') );
#7514 = ( LENGTH_UNIT() NAMED_UNIT(*) SI_UNIT(.MILLI.,.METRE.) );
#7515 = ( NAMED_UNIT(*) PLANE_ANGLE_UNIT() SI_UNIT($,.RADIAN.) );
#7516 = ( NAMED_UNIT(*) SI_UNIT($,.STERADIAN.) SOLID_ANGLE_UNIT() );
#7517 = UNCERTAINTY_MEASURE_WITH_UNIT(LENGTH_MEASURE(1.E-07),#7514,
  'distance_accuracy_value','confusion accuracy');
#7518 = CONTEXT_DEPENDENT_SHAPE_REPRESENTATION(#7519,#7521);
#7519 = ( REPRESENTATION_RELATIONSHIP('','',#7296,#10) 
REPRESENTATION_RELATIONSHIP_WITH_TRANSFORMATION(#7520) 
SHAPE_REPRESENTATION_RELATIONSHIP() );
#7520 = ITEM_DEFINED_TRANSFORMATION('','',#11,#59);
#7521 = PRODUCT_DEFINITION_SHAPE('Placement','Placement of an item',
  #7522);
#7522 = NEXT_ASSEMBLY_USAGE_OCCURRENCE('12','rec_contact_11','',#5,#7291
  ,$);
#7523 = PRODUCT_RELATED_PRODUCT_CATEGORY('part',$,(#7293));
#7524 = SHAPE_DEFINITION_REPRESENTATION(#7525,#7531);
#7525 = PRODUCT_DEFINITION_SHAPE('','',#7526);
#7526 = PRODUCT_DEFINITION('design','',#7527,#7530);
#7527 = PRODUCT_DEFINITION_FORMATION('','',#7528);
#7528 = PRODUCT('rec_contact_12','rec_contact_12','',(#7529));
#7529 = PRODUCT_CONTEXT('',#2,'mechanical');
#7530 = PRODUCT_DEFINITION_CONTEXT('part definition',#2,'design');
#7531 = ADVANCED_BREP_SHAPE_REPRESENTATION('',(#11,#7532),#7748);
#7532 = MANIFOLD_SOLID_BREP('',#7533);
#7533 = CLOSED_SHELL('',(#7534,#7574,#7605,#7636,#7667,#7693,#7717,#7734
    ));
#7534 = ADVANCED_FACE('',(#7535),#7569,.T.);
#7535 = FACE_BOUND('',#7536,.T.);
#7536 = EDGE_LOOP('',(#7537,#7547,#7555,#7563));
#7537 = ORIENTED_EDGE('',*,*,#7538,.F.);
#7538 = EDGE_CURVE('',#7539,#7541,#7543,.T.);
#7539 = VERTEX_POINT('',#7540);
#7540 = CARTESIAN_POINT('',(-1.35,0.5,0.42));
#7541 = VERTEX_POINT('',#7542);
#7542 = CARTESIAN_POINT('',(-1.35,0.53,0.42));
#7543 = LINE('',#7544,#7545);
#7544 = CARTESIAN_POINT('',(-1.35,0.5,0.42));
#7545 = VECTOR('',#7546,1.);
#7546 = DIRECTION('',(-0.,1.,0.));
#7547 = ORIENTED_EDGE('',*,*,#7548,.T.);
#7548 = EDGE_CURVE('',#7539,#7549,#7551,.T.);
#7549 = VERTEX_POINT('',#7550);
#7550 = CARTESIAN_POINT('',(-1.05,0.5,0.42));
#7551 = LINE('',#7552,#7553);
#7552 = CARTESIAN_POINT('',(-1.35,0.5,0.42));
#7553 = VECTOR('',#7554,1.);
#7554 = DIRECTION('',(1.,0.,-0.));
#7555 = ORIENTED_EDGE('',*,*,#7556,.T.);
#7556 = EDGE_CURVE('',#7549,#7557,#7559,.T.);
#7557 = VERTEX_POINT('',#7558);
#7558 = CARTESIAN_POINT('',(-1.05,0.53,0.42));
#7559 = LINE('',#7560,#7561);
#7560 = CARTESIAN_POINT('',(-1.05,0.5,0.42));
#7561 = VECTOR('',#7562,1.);
#7562 = DIRECTION('',(-0.,1.,0.));
#7563 = ORIENTED_EDGE('',*,*,#7564,.F.);
#7564 = EDGE_CURVE('',#7541,#7557,#7565,.T.);
#7565 = LINE('',#7566,#7567);
#7566 = CARTESIAN_POINT('',(-1.35,0.53,0.42));
#7567 = VECTOR('',#7568,1.);
#7568 = DIRECTION('',(1.,0.,-0.));
#7569 = PLANE('',#7570);
#7570 = AXIS2_PLACEMENT_3D('',#7571,#7572,#7573);
#7571 = CARTESIAN_POINT('',(-1.35,0.5,0.42));
#7572 = DIRECTION('',(0.,0.,1.));
#7573 = DIRECTION('',(1.,0.,-0.));
#7574 = ADVANCED_FACE('',(#7575),#7600,.T.);
#7575 = FACE_BOUND('',#7576,.T.);
#7576 = EDGE_LOOP('',(#7577,#7587,#7593,#7594));
#7577 = ORIENTED_EDGE('',*,*,#7578,.F.);
#7578 = EDGE_CURVE('',#7579,#7581,#7583,.T.);
#7579 = VERTEX_POINT('',#7580);
#7580 = CARTESIAN_POINT('',(-1.35,0.53,5.E-02));
#7581 = VERTEX_POINT('',#7582);
#7582 = CARTESIAN_POINT('',(-1.05,0.53,5.E-02));
#7583 = LINE('',#7584,#7585);
#7584 = CARTESIAN_POINT('',(-1.35,0.53,5.E-02));
#7585 = VECTOR('',#7586,1.);
#7586 = DIRECTION('',(1.,0.,-0.));
#7587 = ORIENTED_EDGE('',*,*,#7588,.T.);
#7588 = EDGE_CURVE('',#7579,#7541,#7589,.T.);
#7589 = LINE('',#7590,#7591);
#7590 = CARTESIAN_POINT('',(-1.35,0.53,0.));
#7591 = VECTOR('',#7592,1.);
#7592 = DIRECTION('',(0.,0.,1.));
#7593 = ORIENTED_EDGE('',*,*,#7564,.T.);
#7594 = ORIENTED_EDGE('',*,*,#7595,.F.);
#7595 = EDGE_CURVE('',#7581,#7557,#7596,.T.);
#7596 = LINE('',#7597,#7598);
#7597 = CARTESIAN_POINT('',(-1.05,0.53,0.));
#7598 = VECTOR('',#7599,1.);
#7599 = DIRECTION('',(0.,0.,1.));
#7600 = PLANE('',#7601);
#7601 = AXIS2_PLACEMENT_3D('',#7602,#7603,#7604);
#7602 = CARTESIAN_POINT('',(-1.35,0.53,0.));
#7603 = DIRECTION('',(-0.,1.,0.));
#7604 = DIRECTION('',(0.,0.,1.));
#7605 = ADVANCED_FACE('',(#7606),#7631,.T.);
#7606 = FACE_BOUND('',#7607,.T.);
#7607 = EDGE_LOOP('',(#7608,#7616,#7617,#7625));
#7608 = ORIENTED_EDGE('',*,*,#7609,.F.);
#7609 = EDGE_CURVE('',#7579,#7610,#7612,.T.);
#7610 = VERTEX_POINT('',#7611);
#7611 = CARTESIAN_POINT('',(-1.35,1.02,5.E-02));
#7612 = LINE('',#7613,#7614);
#7613 = CARTESIAN_POINT('',(-1.35,0.5,5.E-02));
#7614 = VECTOR('',#7615,1.);
#7615 = DIRECTION('',(-0.,1.,0.));
#7616 = ORIENTED_EDGE('',*,*,#7578,.T.);
#7617 = ORIENTED_EDGE('',*,*,#7618,.T.);
#7618 = EDGE_CURVE('',#7581,#7619,#7621,.T.);
#7619 = VERTEX_POINT('',#7620);
#7620 = CARTESIAN_POINT('',(-1.05,1.02,5.E-02));
#7621 = LINE('',#7622,#7623);
#7622 = CARTESIAN_POINT('',(-1.05,0.5,5.E-02));
#7623 = VECTOR('',#7624,1.);
#7624 = DIRECTION('',(-0.,1.,0.));
#7625 = ORIENTED_EDGE('',*,*,#7626,.F.);
#7626 = EDGE_CURVE('',#7610,#7619,#7627,.T.);
#7627 = LINE('',#7628,#7629);
#7628 = CARTESIAN_POINT('',(-1.35,1.02,5.E-02));
#7629 = VECTOR('',#7630,1.);
#7630 = DIRECTION('',(1.,0.,-0.));
#7631 = PLANE('',#7632);
#7632 = AXIS2_PLACEMENT_3D('',#7633,#7634,#7635);
#7633 = CARTESIAN_POINT('',(-1.35,0.5,5.E-02));
#7634 = DIRECTION('',(0.,0.,1.));
#7635 = DIRECTION('',(1.,0.,-0.));
#7636 = ADVANCED_FACE('',(#7637),#7662,.T.);
#7637 = FACE_BOUND('',#7638,.T.);
#7638 = EDGE_LOOP('',(#7639,#7649,#7655,#7656));
#7639 = ORIENTED_EDGE('',*,*,#7640,.F.);
#7640 = EDGE_CURVE('',#7641,#7643,#7645,.T.);
#7641 = VERTEX_POINT('',#7642);
#7642 = CARTESIAN_POINT('',(-1.35,1.02,0.));
#7643 = VERTEX_POINT('',#7644);
#7644 = CARTESIAN_POINT('',(-1.05,1.02,0.));
#7645 = LINE('',#7646,#7647);
#7646 = CARTESIAN_POINT('',(-1.35,1.02,0.));
#7647 = VECTOR('',#7648,1.);
#7648 = DIRECTION('',(1.,0.,-0.));
#7649 = ORIENTED_EDGE('',*,*,#7650,.T.);
#7650 = EDGE_CURVE('',#7641,#7610,#7651,.T.);
#7651 = LINE('',#7652,#7653);
#7652 = CARTESIAN_POINT('',(-1.35,1.02,0.));
#7653 = VECTOR('',#7654,1.);
#7654 = DIRECTION('',(0.,0.,1.));
#7655 = ORIENTED_EDGE('',*,*,#7626,.T.);
#7656 = ORIENTED_EDGE('',*,*,#7657,.F.);
#7657 = EDGE_CURVE('',#7643,#7619,#7658,.T.);
#7658 = LINE('',#7659,#7660);
#7659 = CARTESIAN_POINT('',(-1.05,1.02,0.));
#7660 = VECTOR('',#7661,1.);
#7661 = DIRECTION('',(0.,0.,1.));
#7662 = PLANE('',#7663);
#7663 = AXIS2_PLACEMENT_3D('',#7664,#7665,#7666);
#7664 = CARTESIAN_POINT('',(-1.35,1.02,0.));
#7665 = DIRECTION('',(-0.,1.,0.));
#7666 = DIRECTION('',(0.,0.,1.));
#7667 = ADVANCED_FACE('',(#7668),#7688,.T.);
#7668 = FACE_BOUND('',#7669,.T.);
#7669 = EDGE_LOOP('',(#7670,#7678,#7679,#7680,#7681,#7682));
#7670 = ORIENTED_EDGE('',*,*,#7671,.T.);
#7671 = EDGE_CURVE('',#7672,#7539,#7674,.T.);
#7672 = VERTEX_POINT('',#7673);
#7673 = CARTESIAN_POINT('',(-1.35,0.5,0.));
#7674 = LINE('',#7675,#7676);
#7675 = CARTESIAN_POINT('',(-1.35,0.5,0.));
#7676 = VECTOR('',#7677,1.);
#7677 = DIRECTION('',(0.,0.,1.));
#7678 = ORIENTED_EDGE('',*,*,#7538,.T.);
#7679 = ORIENTED_EDGE('',*,*,#7588,.F.);
#7680 = ORIENTED_EDGE('',*,*,#7609,.T.);
#7681 = ORIENTED_EDGE('',*,*,#7650,.F.);
#7682 = ORIENTED_EDGE('',*,*,#7683,.F.);
#7683 = EDGE_CURVE('',#7672,#7641,#7684,.T.);
#7684 = LINE('',#7685,#7686);
#7685 = CARTESIAN_POINT('',(-1.35,0.5,0.));
#7686 = VECTOR('',#7687,1.);
#7687 = DIRECTION('',(-0.,1.,0.));
#7688 = PLANE('',#7689);
#7689 = AXIS2_PLACEMENT_3D('',#7690,#7691,#7692);
#7690 = CARTESIAN_POINT('',(-1.35,0.663563829787,0.113563829787));
#7691 = DIRECTION('',(-1.,-0.,-0.));
#7692 = DIRECTION('',(0.,0.,-1.));
#7693 = ADVANCED_FACE('',(#7694),#7712,.F.);
#7694 = FACE_BOUND('',#7695,.T.);
#7695 = EDGE_LOOP('',(#7696,#7704,#7710,#7711));
#7696 = ORIENTED_EDGE('',*,*,#7697,.T.);
#7697 = EDGE_CURVE('',#7672,#7698,#7700,.T.);
#7698 = VERTEX_POINT('',#7699);
#7699 = CARTESIAN_POINT('',(-1.05,0.5,0.));
#7700 = LINE('',#7701,#7702);
#7701 = CARTESIAN_POINT('',(-1.35,0.5,0.));
#7702 = VECTOR('',#7703,1.);
#7703 = DIRECTION('',(1.,0.,-0.));
#7704 = ORIENTED_EDGE('',*,*,#7705,.T.);
#7705 = EDGE_CURVE('',#7698,#7549,#7706,.T.);
#7706 = LINE('',#7707,#7708);
#7707 = CARTESIAN_POINT('',(-1.05,0.5,0.));
#7708 = VECTOR('',#7709,1.);
#7709 = DIRECTION('',(0.,0.,1.));
#7710 = ORIENTED_EDGE('',*,*,#7548,.F.);
#7711 = ORIENTED_EDGE('',*,*,#7671,.F.);
#7712 = PLANE('',#7713);
#7713 = AXIS2_PLACEMENT_3D('',#7714,#7715,#7716);
#7714 = CARTESIAN_POINT('',(-1.35,0.5,0.));
#7715 = DIRECTION('',(-0.,1.,0.));
#7716 = DIRECTION('',(0.,0.,1.));
#7717 = ADVANCED_FACE('',(#7718),#7729,.T.);
#7718 = FACE_BOUND('',#7719,.T.);
#7719 = EDGE_LOOP('',(#7720,#7721,#7722,#7728));
#7720 = ORIENTED_EDGE('',*,*,#7683,.T.);
#7721 = ORIENTED_EDGE('',*,*,#7640,.T.);
#7722 = ORIENTED_EDGE('',*,*,#7723,.F.);
#7723 = EDGE_CURVE('',#7698,#7643,#7724,.T.);
#7724 = LINE('',#7725,#7726);
#7725 = CARTESIAN_POINT('',(-1.05,0.5,0.));
#7726 = VECTOR('',#7727,1.);
#7727 = DIRECTION('',(-0.,1.,0.));
#7728 = ORIENTED_EDGE('',*,*,#7697,.F.);
#7729 = PLANE('',#7730);
#7730 = AXIS2_PLACEMENT_3D('',#7731,#7732,#7733);
#7731 = CARTESIAN_POINT('',(-1.2,0.76,0.));
#7732 = DIRECTION('',(-0.,-0.,-1.));
#7733 = DIRECTION('',(-1.,0.,0.));
#7734 = ADVANCED_FACE('',(#7735),#7743,.T.);
#7735 = FACE_BOUND('',#7736,.T.);
#7736 = EDGE_LOOP('',(#7737,#7738,#7739,#7740,#7741,#7742));
#7737 = ORIENTED_EDGE('',*,*,#7705,.F.);
#7738 = ORIENTED_EDGE('',*,*,#7723,.T.);
#7739 = ORIENTED_EDGE('',*,*,#7657,.T.);
#7740 = ORIENTED_EDGE('',*,*,#7618,.F.);
#7741 = ORIENTED_EDGE('',*,*,#7595,.T.);
#7742 = ORIENTED_EDGE('',*,*,#7556,.F.);
#7743 = PLANE('',#7744);
#7744 = AXIS2_PLACEMENT_3D('',#7745,#7746,#7747);
#7745 = CARTESIAN_POINT('',(-1.05,0.663563829787,0.113563829787));
#7746 = DIRECTION('',(1.,0.,0.));
#7747 = DIRECTION('',(-0.,0.,1.));
#7748 = ( GEOMETRIC_REPRESENTATION_CONTEXT(3) 
GLOBAL_UNCERTAINTY_ASSIGNED_CONTEXT((#7752)) 
GLOBAL_UNIT_ASSIGNED_CONTEXT((#7749,#7750,#7751)) REPRESENTATION_CONTEXT
('Context #1','3D Context with UNIT and UNCERTAINTY') );
#7749 = ( LENGTH_UNIT() NAMED_UNIT(*) SI_UNIT(.MILLI.,.METRE.) );
#7750 = ( NAMED_UNIT(*) PLANE_ANGLE_UNIT() SI_UNIT($,.RADIAN.) );
#7751 = ( NAMED_UNIT(*) SI_UNIT($,.STERADIAN.) SOLID_ANGLE_UNIT() );
#7752 = UNCERTAINTY_MEASURE_WITH_UNIT(LENGTH_MEASURE(1.E-07),#7749,
  'distance_accuracy_value','confusion accuracy');
#7753 = CONTEXT_DEPENDENT_SHAPE_REPRESENTATION(#7754,#7756);
#7754 = ( REPRESENTATION_RELATIONSHIP('','',#7531,#10) 
REPRESENTATION_RELATIONSHIP_WITH_TRANSFORMATION(#7755) 
SHAPE_REPRESENTATION_RELATIONSHIP() );
#7755 = ITEM_DEFINED_TRANSFORMATION('','',#11,#63);
#7756 = PRODUCT_DEFINITION_SHAPE('Placement','Placement of an item',
  #7757);
#7757 = NEXT_ASSEMBLY_USAGE_OCCURRENCE('13','rec_contact_12','',#5,#7526
  ,$);
#7758 = PRODUCT_RELATED_PRODUCT_CATEGORY('part',$,(#7528));
#7759 = SHAPE_DEFINITION_REPRESENTATION(#7760,#7766);
#7760 = PRODUCT_DEFINITION_SHAPE('','',#7761);
#7761 = PRODUCT_DEFINITION('design','',#7762,#7765);
#7762 = PRODUCT_DEFINITION_FORMATION('','',#7763);
#7763 = PRODUCT('rec_contact_13','rec_contact_13','',(#7764));
#7764 = PRODUCT_CONTEXT('',#2,'mechanical');
#7765 = PRODUCT_DEFINITION_CONTEXT('part definition',#2,'design');
#7766 = ADVANCED_BREP_SHAPE_REPRESENTATION('',(#11,#7767),#7983);
#7767 = MANIFOLD_SOLID_BREP('',#7768);
#7768 = CLOSED_SHELL('',(#7769,#7809,#7840,#7871,#7902,#7928,#7952,#7969
    ));
#7769 = ADVANCED_FACE('',(#7770),#7804,.T.);
#7770 = FACE_BOUND('',#7771,.T.);
#7771 = EDGE_LOOP('',(#7772,#7782,#7790,#7798));
#7772 = ORIENTED_EDGE('',*,*,#7773,.F.);
#7773 = EDGE_CURVE('',#7774,#7776,#7778,.T.);
#7774 = VERTEX_POINT('',#7775);
#7775 = CARTESIAN_POINT('',(1.05,-1.02,5.E-02));
#7776 = VERTEX_POINT('',#7777);
#7777 = CARTESIAN_POINT('',(1.05,-0.53,5.E-02));
#7778 = LINE('',#7779,#7780);
#7779 = CARTESIAN_POINT('',(1.05,-1.02,5.E-02));
#7780 = VECTOR('',#7781,1.);
#7781 = DIRECTION('',(-0.,1.,0.));
#7782 = ORIENTED_EDGE('',*,*,#7783,.T.);
#7783 = EDGE_CURVE('',#7774,#7784,#7786,.T.);
#7784 = VERTEX_POINT('',#7785);
#7785 = CARTESIAN_POINT('',(1.35,-1.02,5.E-02));
#7786 = LINE('',#7787,#7788);
#7787 = CARTESIAN_POINT('',(1.05,-1.02,5.E-02));
#7788 = VECTOR('',#7789,1.);
#7789 = DIRECTION('',(1.,0.,-0.));
#7790 = ORIENTED_EDGE('',*,*,#7791,.T.);
#7791 = EDGE_CURVE('',#7784,#7792,#7794,.T.);
#7792 = VERTEX_POINT('',#7793);
#7793 = CARTESIAN_POINT('',(1.35,-0.53,5.E-02));
#7794 = LINE('',#7795,#7796);
#7795 = CARTESIAN_POINT('',(1.35,-1.02,5.E-02));
#7796 = VECTOR('',#7797,1.);
#7797 = DIRECTION('',(-0.,1.,0.));
#7798 = ORIENTED_EDGE('',*,*,#7799,.F.);
#7799 = EDGE_CURVE('',#7776,#7792,#7800,.T.);
#7800 = LINE('',#7801,#7802);
#7801 = CARTESIAN_POINT('',(1.05,-0.53,5.E-02));
#7802 = VECTOR('',#7803,1.);
#7803 = DIRECTION('',(1.,0.,-0.));
#7804 = PLANE('',#7805);
#7805 = AXIS2_PLACEMENT_3D('',#7806,#7807,#7808);
#7806 = CARTESIAN_POINT('',(1.05,-1.02,5.E-02));
#7807 = DIRECTION('',(0.,0.,1.));
#7808 = DIRECTION('',(1.,0.,-0.));
#7809 = ADVANCED_FACE('',(#7810),#7835,.F.);
#7810 = FACE_BOUND('',#7811,.F.);
#7811 = EDGE_LOOP('',(#7812,#7822,#7828,#7829));
#7812 = ORIENTED_EDGE('',*,*,#7813,.F.);
#7813 = EDGE_CURVE('',#7814,#7816,#7818,.T.);
#7814 = VERTEX_POINT('',#7815);
#7815 = CARTESIAN_POINT('',(1.05,-1.02,0.));
#7816 = VERTEX_POINT('',#7817);
#7817 = CARTESIAN_POINT('',(1.35,-1.02,0.));
#7818 = LINE('',#7819,#7820);
#7819 = CARTESIAN_POINT('',(1.05,-1.02,0.));
#7820 = VECTOR('',#7821,1.);
#7821 = DIRECTION('',(1.,0.,-0.));
#7822 = ORIENTED_EDGE('',*,*,#7823,.T.);
#7823 = EDGE_CURVE('',#7814,#7774,#7824,.T.);
#7824 = LINE('',#7825,#7826);
#7825 = CARTESIAN_POINT('',(1.05,-1.02,0.));
#7826 = VECTOR('',#7827,1.);
#7827 = DIRECTION('',(0.,0.,1.));
#7828 = ORIENTED_EDGE('',*,*,#7783,.T.);
#7829 = ORIENTED_EDGE('',*,*,#7830,.F.);
#7830 = EDGE_CURVE('',#7816,#7784,#7831,.T.);
#7831 = LINE('',#7832,#7833);
#7832 = CARTESIAN_POINT('',(1.35,-1.02,0.));
#7833 = VECTOR('',#7834,1.);
#7834 = DIRECTION('',(0.,0.,1.));
#7835 = PLANE('',#7836);
#7836 = AXIS2_PLACEMENT_3D('',#7837,#7838,#7839);
#7837 = CARTESIAN_POINT('',(1.05,-1.02,0.));
#7838 = DIRECTION('',(-0.,1.,0.));
#7839 = DIRECTION('',(0.,0.,1.));
#7840 = ADVANCED_FACE('',(#7841),#7866,.F.);
#7841 = FACE_BOUND('',#7842,.F.);
#7842 = EDGE_LOOP('',(#7843,#7844,#7852,#7860));
#7843 = ORIENTED_EDGE('',*,*,#7799,.F.);
#7844 = ORIENTED_EDGE('',*,*,#7845,.T.);
#7845 = EDGE_CURVE('',#7776,#7846,#7848,.T.);
#7846 = VERTEX_POINT('',#7847);
#7847 = CARTESIAN_POINT('',(1.05,-0.53,0.42));
#7848 = LINE('',#7849,#7850);
#7849 = CARTESIAN_POINT('',(1.05,-0.53,0.));
#7850 = VECTOR('',#7851,1.);
#7851 = DIRECTION('',(0.,0.,1.));
#7852 = ORIENTED_EDGE('',*,*,#7853,.T.);
#7853 = EDGE_CURVE('',#7846,#7854,#7856,.T.);
#7854 = VERTEX_POINT('',#7855);
#7855 = CARTESIAN_POINT('',(1.35,-0.53,0.42));
#7856 = LINE('',#7857,#7858);
#7857 = CARTESIAN_POINT('',(1.05,-0.53,0.42));
#7858 = VECTOR('',#7859,1.);
#7859 = DIRECTION('',(1.,0.,-0.));
#7860 = ORIENTED_EDGE('',*,*,#7861,.F.);
#7861 = EDGE_CURVE('',#7792,#7854,#7862,.T.);
#7862 = LINE('',#7863,#7864);
#7863 = CARTESIAN_POINT('',(1.35,-0.53,0.));
#7864 = VECTOR('',#7865,1.);
#7865 = DIRECTION('',(0.,0.,1.));
#7866 = PLANE('',#7867);
#7867 = AXIS2_PLACEMENT_3D('',#7868,#7869,#7870);
#7868 = CARTESIAN_POINT('',(1.05,-0.53,0.));
#7869 = DIRECTION('',(-0.,1.,0.));
#7870 = DIRECTION('',(0.,0.,1.));
#7871 = ADVANCED_FACE('',(#7872),#7897,.T.);
#7872 = FACE_BOUND('',#7873,.T.);
#7873 = EDGE_LOOP('',(#7874,#7882,#7883,#7891));
#7874 = ORIENTED_EDGE('',*,*,#7875,.F.);
#7875 = EDGE_CURVE('',#7846,#7876,#7878,.T.);
#7876 = VERTEX_POINT('',#7877);
#7877 = CARTESIAN_POINT('',(1.05,-0.5,0.42));
#7878 = LINE('',#7879,#7880);
#7879 = CARTESIAN_POINT('',(1.05,-0.53,0.42));
#7880 = VECTOR('',#7881,1.);
#7881 = DIRECTION('',(-0.,1.,0.));
#7882 = ORIENTED_EDGE('',*,*,#7853,.T.);
#7883 = ORIENTED_EDGE('',*,*,#7884,.T.);
#7884 = EDGE_CURVE('',#7854,#7885,#7887,.T.);
#7885 = VERTEX_POINT('',#7886);
#7886 = CARTESIAN_POINT('',(1.35,-0.5,0.42));
#7887 = LINE('',#7888,#7889);
#7888 = CARTESIAN_POINT('',(1.35,-0.53,0.42));
#7889 = VECTOR('',#7890,1.);
#7890 = DIRECTION('',(-0.,1.,0.));
#7891 = ORIENTED_EDGE('',*,*,#7892,.F.);
#7892 = EDGE_CURVE('',#7876,#7885,#7893,.T.);
#7893 = LINE('',#7894,#7895);
#7894 = CARTESIAN_POINT('',(1.05,-0.5,0.42));
#7895 = VECTOR('',#7896,1.);
#7896 = DIRECTION('',(1.,0.,-0.));
#7897 = PLANE('',#7898);
#7898 = AXIS2_PLACEMENT_3D('',#7899,#7900,#7901);
#7899 = CARTESIAN_POINT('',(1.05,-0.53,0.42));
#7900 = DIRECTION('',(0.,0.,1.));
#7901 = DIRECTION('',(1.,0.,-0.));
#7902 = ADVANCED_FACE('',(#7903),#7923,.T.);
#7903 = FACE_BOUND('',#7904,.T.);
#7904 = EDGE_LOOP('',(#7905,#7913,#7914,#7915,#7916,#7917));
#7905 = ORIENTED_EDGE('',*,*,#7906,.F.);
#7906 = EDGE_CURVE('',#7814,#7907,#7909,.T.);
#7907 = VERTEX_POINT('',#7908);
#7908 = CARTESIAN_POINT('',(1.05,-0.5,0.));
#7909 = LINE('',#7910,#7911);
#7910 = CARTESIAN_POINT('',(1.05,-0.53,0.));
#7911 = VECTOR('',#7912,1.);
#7912 = DIRECTION('',(-0.,1.,0.));
#7913 = ORIENTED_EDGE('',*,*,#7823,.T.);
#7914 = ORIENTED_EDGE('',*,*,#7773,.T.);
#7915 = ORIENTED_EDGE('',*,*,#7845,.T.);
#7916 = ORIENTED_EDGE('',*,*,#7875,.T.);
#7917 = ORIENTED_EDGE('',*,*,#7918,.F.);
#7918 = EDGE_CURVE('',#7907,#7876,#7919,.T.);
#7919 = LINE('',#7920,#7921);
#7920 = CARTESIAN_POINT('',(1.05,-0.5,0.));
#7921 = VECTOR('',#7922,1.);
#7922 = DIRECTION('',(0.,0.,1.));
#7923 = PLANE('',#7924);
#7924 = AXIS2_PLACEMENT_3D('',#7925,#7926,#7927);
#7925 = CARTESIAN_POINT('',(1.05,-0.663563829787,0.113563829787));
#7926 = DIRECTION('',(-1.,-0.,-0.));
#7927 = DIRECTION('',(0.,0.,-1.));
#7928 = ADVANCED_FACE('',(#7929),#7947,.T.);
#7929 = FACE_BOUND('',#7930,.T.);
#7930 = EDGE_LOOP('',(#7931,#7939,#7940,#7941));
#7931 = ORIENTED_EDGE('',*,*,#7932,.F.);
#7932 = EDGE_CURVE('',#7907,#7933,#7935,.T.);
#7933 = VERTEX_POINT('',#7934);
#7934 = CARTESIAN_POINT('',(1.35,-0.5,0.));
#7935 = LINE('',#7936,#7937);
#7936 = CARTESIAN_POINT('',(1.05,-0.5,0.));
#7937 = VECTOR('',#7938,1.);
#7938 = DIRECTION('',(1.,0.,-0.));
#7939 = ORIENTED_EDGE('',*,*,#7918,.T.);
#7940 = ORIENTED_EDGE('',*,*,#7892,.T.);
#7941 = ORIENTED_EDGE('',*,*,#7942,.F.);
#7942 = EDGE_CURVE('',#7933,#7885,#7943,.T.);
#7943 = LINE('',#7944,#7945);
#7944 = CARTESIAN_POINT('',(1.35,-0.5,0.));
#7945 = VECTOR('',#7946,1.);
#7946 = DIRECTION('',(0.,0.,1.));
#7947 = PLANE('',#7948);
#7948 = AXIS2_PLACEMENT_3D('',#7949,#7950,#7951);
#7949 = CARTESIAN_POINT('',(1.05,-0.5,0.));
#7950 = DIRECTION('',(-0.,1.,0.));
#7951 = DIRECTION('',(0.,0.,1.));
#7952 = ADVANCED_FACE('',(#7953),#7964,.T.);
#7953 = FACE_BOUND('',#7954,.T.);
#7954 = EDGE_LOOP('',(#7955,#7956,#7957,#7963));
#7955 = ORIENTED_EDGE('',*,*,#7906,.T.);
#7956 = ORIENTED_EDGE('',*,*,#7932,.T.);
#7957 = ORIENTED_EDGE('',*,*,#7958,.F.);
#7958 = EDGE_CURVE('',#7816,#7933,#7959,.T.);
#7959 = LINE('',#7960,#7961);
#7960 = CARTESIAN_POINT('',(1.35,-0.53,0.));
#7961 = VECTOR('',#7962,1.);
#7962 = DIRECTION('',(-0.,1.,0.));
#7963 = ORIENTED_EDGE('',*,*,#7813,.F.);
#7964 = PLANE('',#7965);
#7965 = AXIS2_PLACEMENT_3D('',#7966,#7967,#7968);
#7966 = CARTESIAN_POINT('',(1.2,-0.76,0.));
#7967 = DIRECTION('',(-0.,-0.,-1.));
#7968 = DIRECTION('',(-1.,0.,0.));
#7969 = ADVANCED_FACE('',(#7970),#7978,.T.);
#7970 = FACE_BOUND('',#7971,.T.);
#7971 = EDGE_LOOP('',(#7972,#7973,#7974,#7975,#7976,#7977));
#7972 = ORIENTED_EDGE('',*,*,#7942,.T.);
#7973 = ORIENTED_EDGE('',*,*,#7884,.F.);
#7974 = ORIENTED_EDGE('',*,*,#7861,.F.);
#7975 = ORIENTED_EDGE('',*,*,#7791,.F.);
#7976 = ORIENTED_EDGE('',*,*,#7830,.F.);
#7977 = ORIENTED_EDGE('',*,*,#7958,.T.);
#7978 = PLANE('',#7979);
#7979 = AXIS2_PLACEMENT_3D('',#7980,#7981,#7982);
#7980 = CARTESIAN_POINT('',(1.35,-0.663563829787,0.113563829787));
#7981 = DIRECTION('',(1.,0.,0.));
#7982 = DIRECTION('',(-0.,0.,1.));
#7983 = ( GEOMETRIC_REPRESENTATION_CONTEXT(3) 
GLOBAL_UNCERTAINTY_ASSIGNED_CONTEXT((#7987)) 
GLOBAL_UNIT_ASSIGNED_CONTEXT((#7984,#7985,#7986)) REPRESENTATION_CONTEXT
('Context #1','3D Context with UNIT and UNCERTAINTY') );
#7984 = ( LENGTH_UNIT() NAMED_UNIT(*) SI_UNIT(.MILLI.,.METRE.) );
#7985 = ( NAMED_UNIT(*) PLANE_ANGLE_UNIT() SI_UNIT($,.RADIAN.) );
#7986 = ( NAMED_UNIT(*) SI_UNIT($,.STERADIAN.) SOLID_ANGLE_UNIT() );
#7987 = UNCERTAINTY_MEASURE_WITH_UNIT(LENGTH_MEASURE(1.E-07),#7984,
  'distance_accuracy_value','confusion accuracy');
#7988 = CONTEXT_DEPENDENT_SHAPE_REPRESENTATION(#7989,#7991);
#7989 = ( REPRESENTATION_RELATIONSHIP('','',#7766,#10) 
REPRESENTATION_RELATIONSHIP_WITH_TRANSFORMATION(#7990) 
SHAPE_REPRESENTATION_RELATIONSHIP() );
#7990 = ITEM_DEFINED_TRANSFORMATION('','',#11,#67);
#7991 = PRODUCT_DEFINITION_SHAPE('Placement','Placement of an item',
  #7992);
#7992 = NEXT_ASSEMBLY_USAGE_OCCURRENCE('14','rec_contact_13','',#5,#7761
  ,$);
#7993 = PRODUCT_RELATED_PRODUCT_CATEGORY('part',$,(#7763));
#7994 = SHAPE_DEFINITION_REPRESENTATION(#7995,#8001);
#7995 = PRODUCT_DEFINITION_SHAPE('','',#7996);
#7996 = PRODUCT_DEFINITION('design','',#7997,#8000);
#7997 = PRODUCT_DEFINITION_FORMATION('','',#7998);
#7998 = PRODUCT('rec_contact_14','rec_contact_14','',(#7999));
#7999 = PRODUCT_CONTEXT('',#2,'mechanical');
#8000 = PRODUCT_DEFINITION_CONTEXT('part definition',#2,'design');
#8001 = ADVANCED_BREP_SHAPE_REPRESENTATION('',(#11,#8002),#8218);
#8002 = MANIFOLD_SOLID_BREP('',#8003);
#8003 = CLOSED_SHELL('',(#8004,#8044,#8075,#8106,#8137,#8163,#8187,#8204
    ));
#8004 = ADVANCED_FACE('',(#8005),#8039,.T.);
#8005 = FACE_BOUND('',#8006,.T.);
#8006 = EDGE_LOOP('',(#8007,#8017,#8025,#8033));
#8007 = ORIENTED_EDGE('',*,*,#8008,.F.);
#8008 = EDGE_CURVE('',#8009,#8011,#8013,.T.);
#8009 = VERTEX_POINT('',#8010);
#8010 = CARTESIAN_POINT('',(1.05,0.5,0.42));
#8011 = VERTEX_POINT('',#8012);
#8012 = CARTESIAN_POINT('',(1.05,0.53,0.42));
#8013 = LINE('',#8014,#8015);
#8014 = CARTESIAN_POINT('',(1.05,0.5,0.42));
#8015 = VECTOR('',#8016,1.);
#8016 = DIRECTION('',(-0.,1.,0.));
#8017 = ORIENTED_EDGE('',*,*,#8018,.T.);
#8018 = EDGE_CURVE('',#8009,#8019,#8021,.T.);
#8019 = VERTEX_POINT('',#8020);
#8020 = CARTESIAN_POINT('',(1.35,0.5,0.42));
#8021 = LINE('',#8022,#8023);
#8022 = CARTESIAN_POINT('',(1.05,0.5,0.42));
#8023 = VECTOR('',#8024,1.);
#8024 = DIRECTION('',(1.,0.,-0.));
#8025 = ORIENTED_EDGE('',*,*,#8026,.T.);
#8026 = EDGE_CURVE('',#8019,#8027,#8029,.T.);
#8027 = VERTEX_POINT('',#8028);
#8028 = CARTESIAN_POINT('',(1.35,0.53,0.42));
#8029 = LINE('',#8030,#8031);
#8030 = CARTESIAN_POINT('',(1.35,0.5,0.42));
#8031 = VECTOR('',#8032,1.);
#8032 = DIRECTION('',(-0.,1.,0.));
#8033 = ORIENTED_EDGE('',*,*,#8034,.F.);
#8034 = EDGE_CURVE('',#8011,#8027,#8035,.T.);
#8035 = LINE('',#8036,#8037);
#8036 = CARTESIAN_POINT('',(1.05,0.53,0.42));
#8037 = VECTOR('',#8038,1.);
#8038 = DIRECTION('',(1.,0.,-0.));
#8039 = PLANE('',#8040);
#8040 = AXIS2_PLACEMENT_3D('',#8041,#8042,#8043);
#8041 = CARTESIAN_POINT('',(1.05,0.5,0.42));
#8042 = DIRECTION('',(0.,0.,1.));
#8043 = DIRECTION('',(1.,0.,-0.));
#8044 = ADVANCED_FACE('',(#8045),#8070,.T.);
#8045 = FACE_BOUND('',#8046,.T.);
#8046 = EDGE_LOOP('',(#8047,#8057,#8063,#8064));
#8047 = ORIENTED_EDGE('',*,*,#8048,.F.);
#8048 = EDGE_CURVE('',#8049,#8051,#8053,.T.);
#8049 = VERTEX_POINT('',#8050);
#8050 = CARTESIAN_POINT('',(1.05,0.53,5.E-02));
#8051 = VERTEX_POINT('',#8052);
#8052 = CARTESIAN_POINT('',(1.35,0.53,5.E-02));
#8053 = LINE('',#8054,#8055);
#8054 = CARTESIAN_POINT('',(1.05,0.53,5.E-02));
#8055 = VECTOR('',#8056,1.);
#8056 = DIRECTION('',(1.,0.,-0.));
#8057 = ORIENTED_EDGE('',*,*,#8058,.T.);
#8058 = EDGE_CURVE('',#8049,#8011,#8059,.T.);
#8059 = LINE('',#8060,#8061);
#8060 = CARTESIAN_POINT('',(1.05,0.53,0.));
#8061 = VECTOR('',#8062,1.);
#8062 = DIRECTION('',(0.,0.,1.));
#8063 = ORIENTED_EDGE('',*,*,#8034,.T.);
#8064 = ORIENTED_EDGE('',*,*,#8065,.F.);
#8065 = EDGE_CURVE('',#8051,#8027,#8066,.T.);
#8066 = LINE('',#8067,#8068);
#8067 = CARTESIAN_POINT('',(1.35,0.53,0.));
#8068 = VECTOR('',#8069,1.);
#8069 = DIRECTION('',(0.,0.,1.));
#8070 = PLANE('',#8071);
#8071 = AXIS2_PLACEMENT_3D('',#8072,#8073,#8074);
#8072 = CARTESIAN_POINT('',(1.05,0.53,0.));
#8073 = DIRECTION('',(-0.,1.,0.));
#8074 = DIRECTION('',(0.,0.,1.));
#8075 = ADVANCED_FACE('',(#8076),#8101,.T.);
#8076 = FACE_BOUND('',#8077,.T.);
#8077 = EDGE_LOOP('',(#8078,#8086,#8087,#8095));
#8078 = ORIENTED_EDGE('',*,*,#8079,.F.);
#8079 = EDGE_CURVE('',#8049,#8080,#8082,.T.);
#8080 = VERTEX_POINT('',#8081);
#8081 = CARTESIAN_POINT('',(1.05,1.02,5.E-02));
#8082 = LINE('',#8083,#8084);
#8083 = CARTESIAN_POINT('',(1.05,0.5,5.E-02));
#8084 = VECTOR('',#8085,1.);
#8085 = DIRECTION('',(-0.,1.,0.));
#8086 = ORIENTED_EDGE('',*,*,#8048,.T.);
#8087 = ORIENTED_EDGE('',*,*,#8088,.T.);
#8088 = EDGE_CURVE('',#8051,#8089,#8091,.T.);
#8089 = VERTEX_POINT('',#8090);
#8090 = CARTESIAN_POINT('',(1.35,1.02,5.E-02));
#8091 = LINE('',#8092,#8093);
#8092 = CARTESIAN_POINT('',(1.35,0.5,5.E-02));
#8093 = VECTOR('',#8094,1.);
#8094 = DIRECTION('',(-0.,1.,0.));
#8095 = ORIENTED_EDGE('',*,*,#8096,.F.);
#8096 = EDGE_CURVE('',#8080,#8089,#8097,.T.);
#8097 = LINE('',#8098,#8099);
#8098 = CARTESIAN_POINT('',(1.05,1.02,5.E-02));
#8099 = VECTOR('',#8100,1.);
#8100 = DIRECTION('',(1.,0.,-0.));
#8101 = PLANE('',#8102);
#8102 = AXIS2_PLACEMENT_3D('',#8103,#8104,#8105);
#8103 = CARTESIAN_POINT('',(1.05,0.5,5.E-02));
#8104 = DIRECTION('',(0.,0.,1.));
#8105 = DIRECTION('',(1.,0.,-0.));
#8106 = ADVANCED_FACE('',(#8107),#8132,.T.);
#8107 = FACE_BOUND('',#8108,.T.);
#8108 = EDGE_LOOP('',(#8109,#8119,#8125,#8126));
#8109 = ORIENTED_EDGE('',*,*,#8110,.F.);
#8110 = EDGE_CURVE('',#8111,#8113,#8115,.T.);
#8111 = VERTEX_POINT('',#8112);
#8112 = CARTESIAN_POINT('',(1.05,1.02,0.));
#8113 = VERTEX_POINT('',#8114);
#8114 = CARTESIAN_POINT('',(1.35,1.02,0.));
#8115 = LINE('',#8116,#8117);
#8116 = CARTESIAN_POINT('',(1.05,1.02,0.));
#8117 = VECTOR('',#8118,1.);
#8118 = DIRECTION('',(1.,0.,-0.));
#8119 = ORIENTED_EDGE('',*,*,#8120,.T.);
#8120 = EDGE_CURVE('',#8111,#8080,#8121,.T.);
#8121 = LINE('',#8122,#8123);
#8122 = CARTESIAN_POINT('',(1.05,1.02,0.));
#8123 = VECTOR('',#8124,1.);
#8124 = DIRECTION('',(0.,0.,1.));
#8125 = ORIENTED_EDGE('',*,*,#8096,.T.);
#8126 = ORIENTED_EDGE('',*,*,#8127,.F.);
#8127 = EDGE_CURVE('',#8113,#8089,#8128,.T.);
#8128 = LINE('',#8129,#8130);
#8129 = CARTESIAN_POINT('',(1.35,1.02,0.));
#8130 = VECTOR('',#8131,1.);
#8131 = DIRECTION('',(0.,0.,1.));
#8132 = PLANE('',#8133);
#8133 = AXIS2_PLACEMENT_3D('',#8134,#8135,#8136);
#8134 = CARTESIAN_POINT('',(1.05,1.02,0.));
#8135 = DIRECTION('',(-0.,1.,0.));
#8136 = DIRECTION('',(0.,0.,1.));
#8137 = ADVANCED_FACE('',(#8138),#8158,.T.);
#8138 = FACE_BOUND('',#8139,.T.);
#8139 = EDGE_LOOP('',(#8140,#8148,#8149,#8150,#8151,#8152));
#8140 = ORIENTED_EDGE('',*,*,#8141,.T.);
#8141 = EDGE_CURVE('',#8142,#8009,#8144,.T.);
#8142 = VERTEX_POINT('',#8143);
#8143 = CARTESIAN_POINT('',(1.05,0.5,0.));
#8144 = LINE('',#8145,#8146);
#8145 = CARTESIAN_POINT('',(1.05,0.5,0.));
#8146 = VECTOR('',#8147,1.);
#8147 = DIRECTION('',(0.,0.,1.));
#8148 = ORIENTED_EDGE('',*,*,#8008,.T.);
#8149 = ORIENTED_EDGE('',*,*,#8058,.F.);
#8150 = ORIENTED_EDGE('',*,*,#8079,.T.);
#8151 = ORIENTED_EDGE('',*,*,#8120,.F.);
#8152 = ORIENTED_EDGE('',*,*,#8153,.F.);
#8153 = EDGE_CURVE('',#8142,#8111,#8154,.T.);
#8154 = LINE('',#8155,#8156);
#8155 = CARTESIAN_POINT('',(1.05,0.5,0.));
#8156 = VECTOR('',#8157,1.);
#8157 = DIRECTION('',(-0.,1.,0.));
#8158 = PLANE('',#8159);
#8159 = AXIS2_PLACEMENT_3D('',#8160,#8161,#8162);
#8160 = CARTESIAN_POINT('',(1.05,0.663563829787,0.113563829787));
#8161 = DIRECTION('',(-1.,-0.,-0.));
#8162 = DIRECTION('',(0.,0.,-1.));
#8163 = ADVANCED_FACE('',(#8164),#8182,.F.);
#8164 = FACE_BOUND('',#8165,.T.);
#8165 = EDGE_LOOP('',(#8166,#8174,#8180,#8181));
#8166 = ORIENTED_EDGE('',*,*,#8167,.T.);
#8167 = EDGE_CURVE('',#8142,#8168,#8170,.T.);
#8168 = VERTEX_POINT('',#8169);
#8169 = CARTESIAN_POINT('',(1.35,0.5,0.));
#8170 = LINE('',#8171,#8172);
#8171 = CARTESIAN_POINT('',(1.05,0.5,0.));
#8172 = VECTOR('',#8173,1.);
#8173 = DIRECTION('',(1.,0.,-0.));
#8174 = ORIENTED_EDGE('',*,*,#8175,.T.);
#8175 = EDGE_CURVE('',#8168,#8019,#8176,.T.);
#8176 = LINE('',#8177,#8178);
#8177 = CARTESIAN_POINT('',(1.35,0.5,0.));
#8178 = VECTOR('',#8179,1.);
#8179 = DIRECTION('',(0.,0.,1.));
#8180 = ORIENTED_EDGE('',*,*,#8018,.F.);
#8181 = ORIENTED_EDGE('',*,*,#8141,.F.);
#8182 = PLANE('',#8183);
#8183 = AXIS2_PLACEMENT_3D('',#8184,#8185,#8186);
#8184 = CARTESIAN_POINT('',(1.05,0.5,0.));
#8185 = DIRECTION('',(-0.,1.,0.));
#8186 = DIRECTION('',(0.,0.,1.));
#8187 = ADVANCED_FACE('',(#8188),#8199,.T.);
#8188 = FACE_BOUND('',#8189,.T.);
#8189 = EDGE_LOOP('',(#8190,#8191,#8192,#8198));
#8190 = ORIENTED_EDGE('',*,*,#8153,.T.);
#8191 = ORIENTED_EDGE('',*,*,#8110,.T.);
#8192 = ORIENTED_EDGE('',*,*,#8193,.F.);
#8193 = EDGE_CURVE('',#8168,#8113,#8194,.T.);
#8194 = LINE('',#8195,#8196);
#8195 = CARTESIAN_POINT('',(1.35,0.5,0.));
#8196 = VECTOR('',#8197,1.);
#8197 = DIRECTION('',(-0.,1.,0.));
#8198 = ORIENTED_EDGE('',*,*,#8167,.F.);
#8199 = PLANE('',#8200);
#8200 = AXIS2_PLACEMENT_3D('',#8201,#8202,#8203);
#8201 = CARTESIAN_POINT('',(1.2,0.76,0.));
#8202 = DIRECTION('',(-0.,-0.,-1.));
#8203 = DIRECTION('',(-1.,0.,0.));
#8204 = ADVANCED_FACE('',(#8205),#8213,.T.);
#8205 = FACE_BOUND('',#8206,.T.);
#8206 = EDGE_LOOP('',(#8207,#8208,#8209,#8210,#8211,#8212));
#8207 = ORIENTED_EDGE('',*,*,#8175,.F.);
#8208 = ORIENTED_EDGE('',*,*,#8193,.T.);
#8209 = ORIENTED_EDGE('',*,*,#8127,.T.);
#8210 = ORIENTED_EDGE('',*,*,#8088,.F.);
#8211 = ORIENTED_EDGE('',*,*,#8065,.T.);
#8212 = ORIENTED_EDGE('',*,*,#8026,.F.);
#8213 = PLANE('',#8214);
#8214 = AXIS2_PLACEMENT_3D('',#8215,#8216,#8217);
#8215 = CARTESIAN_POINT('',(1.35,0.663563829787,0.113563829787));
#8216 = DIRECTION('',(1.,0.,0.));
#8217 = DIRECTION('',(-0.,0.,1.));
#8218 = ( GEOMETRIC_REPRESENTATION_CONTEXT(3) 
GLOBAL_UNCERTAINTY_ASSIGNED_CONTEXT((#8222)) 
GLOBAL_UNIT_ASSIGNED_CONTEXT((#8219,#8220,#8221)) REPRESENTATION_CONTEXT
('Context #1','3D Context with UNIT and UNCERTAINTY') );
#8219 = ( LENGTH_UNIT() NAMED_UNIT(*) SI_UNIT(.MILLI.,.METRE.) );
#8220 = ( NAMED_UNIT(*) PLANE_ANGLE_UNIT() SI_UNIT($,.RADIAN.) );
#8221 = ( NAMED_UNIT(*) SI_UNIT($,.STERADIAN.) SOLID_ANGLE_UNIT() );
#8222 = UNCERTAINTY_MEASURE_WITH_UNIT(LENGTH_MEASURE(1.E-07),#8219,
  'distance_accuracy_value','confusion accuracy');
#8223 = CONTEXT_DEPENDENT_SHAPE_REPRESENTATION(#8224,#8226);
#8224 = ( REPRESENTATION_RELATIONSHIP('','',#8001,#10) 
REPRESENTATION_RELATIONSHIP_WITH_TRANSFORMATION(#8225) 
SHAPE_REPRESENTATION_RELATIONSHIP() );
#8225 = ITEM_DEFINED_TRANSFORMATION('','',#11,#71);
#8226 = PRODUCT_DEFINITION_SHAPE('Placement','Placement of an item',
  #8227);
#8227 = NEXT_ASSEMBLY_USAGE_OCCURRENCE('15','rec_contact_14','',#5,#7996
  ,$);
#8228 = PRODUCT_RELATED_PRODUCT_CATEGORY('part',$,(#7998));
#8229 = SHAPE_DEFINITION_REPRESENTATION(#8230,#8236);
#8230 = PRODUCT_DEFINITION_SHAPE('','',#8231);
#8231 = PRODUCT_DEFINITION('design','',#8232,#8235);
#8232 = PRODUCT_DEFINITION_FORMATION('','',#8233);
#8233 = PRODUCT('rec_post_15','rec_post_15','',(#8234));
#8234 = PRODUCT_CONTEXT('',#2,'mechanical');
#8235 = PRODUCT_DEFINITION_CONTEXT('part definition',#2,'design');
#8236 = ADVANCED_BREP_SHAPE_REPRESENTATION('',(#11,#8237),#9011);
#8237 = MANIFOLD_SOLID_BREP('',#8238);
#8238 = CLOSED_SHELL('',(#8239,#8279,#8310,#8349,#8389,#8452,#8483,#8514
    ,#8545,#8584,#8615,#8654,#8685,#8707,#8731,#8755,#8780,#8811,#8842,
    #8864,#8876,#8907,#8928,#8949,#8975,#8993));
#8239 = ADVANCED_FACE('',(#8240),#8274,.F.);
#8240 = FACE_BOUND('',#8241,.F.);
#8241 = EDGE_LOOP('',(#8242,#8252,#8260,#8268));
#8242 = ORIENTED_EDGE('',*,*,#8243,.F.);
#8243 = EDGE_CURVE('',#8244,#8246,#8248,.T.);
#8244 = VERTEX_POINT('',#8245);
#8245 = CARTESIAN_POINT('',(-1.96,0.94,8.E-02));
#8246 = VERTEX_POINT('',#8247);
#8247 = CARTESIAN_POINT('',(-1.91,0.94,8.E-02));
#8248 = LINE('',#8249,#8250);
#8249 = CARTESIAN_POINT('',(-2.73,0.94,8.E-02));
#8250 = VECTOR('',#8251,1.);
#8251 = DIRECTION('',(1.,0.,-0.));
#8252 = ORIENTED_EDGE('',*,*,#8253,.F.);
#8253 = EDGE_CURVE('',#8254,#8244,#8256,.T.);
#8254 = VERTEX_POINT('',#8255);
#8255 = CARTESIAN_POINT('',(-1.96,0.86,8.E-02));
#8256 = LINE('',#8257,#8258);
#8257 = CARTESIAN_POINT('',(-1.96,0.86,8.E-02));
#8258 = VECTOR('',#8259,1.);
#8259 = DIRECTION('',(-0.,1.,0.));
#8260 = ORIENTED_EDGE('',*,*,#8261,.T.);
#8261 = EDGE_CURVE('',#8254,#8262,#8264,.T.);
#8262 = VERTEX_POINT('',#8263);
#8263 = CARTESIAN_POINT('',(-1.91,0.86,8.E-02));
#8264 = LINE('',#8265,#8266);
#8265 = CARTESIAN_POINT('',(-2.73,0.86,8.E-02));
#8266 = VECTOR('',#8267,1.);
#8267 = DIRECTION('',(1.,0.,-0.));
#8268 = ORIENTED_EDGE('',*,*,#8269,.T.);
#8269 = EDGE_CURVE('',#8262,#8246,#8270,.T.);
#8270 = LINE('',#8271,#8272);
#8271 = CARTESIAN_POINT('',(-1.91,0.86,8.E-02));
#8272 = VECTOR('',#8273,1.);
#8273 = DIRECTION('',(-0.,1.,0.));
#8274 = PLANE('',#8275);
#8275 = AXIS2_PLACEMENT_3D('',#8276,#8277,#8278);
#8276 = CARTESIAN_POINT('',(-2.73,0.86,8.E-02));
#8277 = DIRECTION('',(0.,0.,1.));
#8278 = DIRECTION('',(1.,0.,-0.));
#8279 = ADVANCED_FACE('',(#8280),#8305,.T.);
#8280 = FACE_BOUND('',#8281,.T.);
#8281 = EDGE_LOOP('',(#8282,#8290,#8291,#8299));
#8282 = ORIENTED_EDGE('',*,*,#8283,.F.);
#8283 = EDGE_CURVE('',#8262,#8284,#8286,.T.);
#8284 = VERTEX_POINT('',#8285);
#8285 = CARTESIAN_POINT('',(-1.91,0.86,0.53));
#8286 = LINE('',#8287,#8288);
#8287 = CARTESIAN_POINT('',(-1.91,0.86,8.E-02));
#8288 = VECTOR('',#8289,1.);
#8289 = DIRECTION('',(0.,0.,1.));
#8290 = ORIENTED_EDGE('',*,*,#8269,.T.);
#8291 = ORIENTED_EDGE('',*,*,#8292,.T.);
#8292 = EDGE_CURVE('',#8246,#8293,#8295,.T.);
#8293 = VERTEX_POINT('',#8294);
#8294 = CARTESIAN_POINT('',(-1.91,0.94,0.53));
#8295 = LINE('',#8296,#8297);
#8296 = CARTESIAN_POINT('',(-1.91,0.94,8.E-02));
#8297 = VECTOR('',#8298,1.);
#8298 = DIRECTION('',(0.,0.,1.));
#8299 = ORIENTED_EDGE('',*,*,#8300,.F.);
#8300 = EDGE_CURVE('',#8284,#8293,#8301,.T.);
#8301 = LINE('',#8302,#8303);
#8302 = CARTESIAN_POINT('',(-1.91,0.86,0.53));
#8303 = VECTOR('',#8304,1.);
#8304 = DIRECTION('',(-0.,1.,0.));
#8305 = PLANE('',#8306);
#8306 = AXIS2_PLACEMENT_3D('',#8307,#8308,#8309);
#8307 = CARTESIAN_POINT('',(-1.91,0.86,8.E-02));
#8308 = DIRECTION('',(1.,0.,-0.));
#8309 = DIRECTION('',(0.,0.,1.));
#8310 = ADVANCED_FACE('',(#8311),#8344,.T.);
#8311 = FACE_BOUND('',#8312,.T.);
#8312 = EDGE_LOOP('',(#8313,#8321,#8329,#8337,#8343));
#8313 = ORIENTED_EDGE('',*,*,#8314,.F.);
#8314 = EDGE_CURVE('',#8315,#8254,#8317,.T.);
#8315 = VERTEX_POINT('',#8316);
#8316 = CARTESIAN_POINT('',(-1.96,0.86,0.));
#8317 = LINE('',#8318,#8319);
#8318 = CARTESIAN_POINT('',(-1.96,0.86,0.));
#8319 = VECTOR('',#8320,1.);
#8320 = DIRECTION('',(0.,0.,1.));
#8321 = ORIENTED_EDGE('',*,*,#8322,.T.);
#8322 = EDGE_CURVE('',#8315,#8323,#8325,.T.);
#8323 = VERTEX_POINT('',#8324);
#8324 = CARTESIAN_POINT('',(-1.96,1.04,0.));
#8325 = LINE('',#8326,#8327);
#8326 = CARTESIAN_POINT('',(-1.96,0.86,0.));
#8327 = VECTOR('',#8328,1.);
#8328 = DIRECTION('',(-0.,1.,0.));
#8329 = ORIENTED_EDGE('',*,*,#8330,.T.);
#8330 = EDGE_CURVE('',#8323,#8331,#8333,.T.);
#8331 = VERTEX_POINT('',#8332);
#8332 = CARTESIAN_POINT('',(-1.96,1.04,8.E-02));
#8333 = LINE('',#8334,#8335);
#8334 = CARTESIAN_POINT('',(-1.96,1.04,0.));
#8335 = VECTOR('',#8336,1.);
#8336 = DIRECTION('',(0.,0.,1.));
#8337 = ORIENTED_EDGE('',*,*,#8338,.F.);
#8338 = EDGE_CURVE('',#8244,#8331,#8339,.T.);
#8339 = LINE('',#8340,#8341);
#8340 = CARTESIAN_POINT('',(-1.96,0.86,8.E-02));
#8341 = VECTOR('',#8342,1.);
#8342 = DIRECTION('',(-0.,1.,0.));
#8343 = ORIENTED_EDGE('',*,*,#8253,.F.);
#8344 = PLANE('',#8345);
#8345 = AXIS2_PLACEMENT_3D('',#8346,#8347,#8348);
#8346 = CARTESIAN_POINT('',(-1.96,0.86,0.));
#8347 = DIRECTION('',(1.,0.,-0.));
#8348 = DIRECTION('',(0.,0.,1.));
#8349 = ADVANCED_FACE('',(#8350),#8384,.F.);
#8350 = FACE_BOUND('',#8351,.F.);
#8351 = EDGE_LOOP('',(#8352,#8362,#8370,#8378));
#8352 = ORIENTED_EDGE('',*,*,#8353,.F.);
#8353 = EDGE_CURVE('',#8354,#8356,#8358,.T.);
#8354 = VERTEX_POINT('',#8355);
#8355 = CARTESIAN_POINT('',(-2.73,-0.94,0.));
#8356 = VERTEX_POINT('',#8357);
#8357 = CARTESIAN_POINT('',(-2.73,0.94,0.));
#8358 = LINE('',#8359,#8360);
#8359 = CARTESIAN_POINT('',(-2.73,-0.94,0.));
#8360 = VECTOR('',#8361,1.);
#8361 = DIRECTION('',(-0.,1.,0.));
#8362 = ORIENTED_EDGE('',*,*,#8363,.T.);
#8363 = EDGE_CURVE('',#8354,#8364,#8366,.T.);
#8364 = VERTEX_POINT('',#8365);
#8365 = CARTESIAN_POINT('',(-2.65,-0.94,0.));
#8366 = LINE('',#8367,#8368);
#8367 = CARTESIAN_POINT('',(-2.73,-0.94,0.));
#8368 = VECTOR('',#8369,1.);
#8369 = DIRECTION('',(1.,0.,-0.));
#8370 = ORIENTED_EDGE('',*,*,#8371,.T.);
#8371 = EDGE_CURVE('',#8364,#8372,#8374,.T.);
#8372 = VERTEX_POINT('',#8373);
#8373 = CARTESIAN_POINT('',(-2.65,0.94,0.));
#8374 = LINE('',#8375,#8376);
#8375 = CARTESIAN_POINT('',(-2.65,-0.94,0.));
#8376 = VECTOR('',#8377,1.);
#8377 = DIRECTION('',(-0.,1.,0.));
#8378 = ORIENTED_EDGE('',*,*,#8379,.F.);
#8379 = EDGE_CURVE('',#8356,#8372,#8380,.T.);
#8380 = LINE('',#8381,#8382);
#8381 = CARTESIAN_POINT('',(-2.73,0.94,0.));
#8382 = VECTOR('',#8383,1.);
#8383 = DIRECTION('',(1.,0.,-0.));
#8384 = PLANE('',#8385);
#8385 = AXIS2_PLACEMENT_3D('',#8386,#8387,#8388);
#8386 = CARTESIAN_POINT('',(-2.73,-0.94,0.));
#8387 = DIRECTION('',(0.,0.,1.));
#8388 = DIRECTION('',(1.,0.,-0.));
#8389 = ADVANCED_FACE('',(#8390),#8447,.T.);
#8390 = FACE_BOUND('',#8391,.T.);
#8391 = EDGE_LOOP('',(#8392,#8400,#8401,#8409,#8417,#8425,#8433,#8441));
#8392 = ORIENTED_EDGE('',*,*,#8393,.F.);
#8393 = EDGE_CURVE('',#8364,#8394,#8396,.T.);
#8394 = VERTEX_POINT('',#8395);
#8395 = CARTESIAN_POINT('',(-2.65,-0.94,8.E-02));
#8396 = LINE('',#8397,#8398);
#8397 = CARTESIAN_POINT('',(-2.65,-0.94,0.));
#8398 = VECTOR('',#8399,1.);
#8399 = DIRECTION('',(0.,0.,1.));
#8400 = ORIENTED_EDGE('',*,*,#8371,.T.);
#8401 = ORIENTED_EDGE('',*,*,#8402,.T.);
#8402 = EDGE_CURVE('',#8372,#8403,#8405,.T.);
#8403 = VERTEX_POINT('',#8404);
#8404 = CARTESIAN_POINT('',(-2.65,0.94,8.E-02));
#8405 = LINE('',#8406,#8407);
#8406 = CARTESIAN_POINT('',(-2.65,0.94,0.));
#8407 = VECTOR('',#8408,1.);
#8408 = DIRECTION('',(0.,0.,1.));
#8409 = ORIENTED_EDGE('',*,*,#8410,.T.);
#8410 = EDGE_CURVE('',#8403,#8411,#8413,.T.);
#8411 = VERTEX_POINT('',#8412);
#8412 = CARTESIAN_POINT('',(-2.65,0.86,8.E-02));
#8413 = LINE('',#8414,#8415);
#8414 = CARTESIAN_POINT('',(-2.65,-4.E-02,8.E-02));
#8415 = VECTOR('',#8416,1.);
#8416 = DIRECTION('',(0.,-1.,0.));
#8417 = ORIENTED_EDGE('',*,*,#8418,.T.);
#8418 = EDGE_CURVE('',#8411,#8419,#8421,.T.);
#8419 = VERTEX_POINT('',#8420);
#8420 = CARTESIAN_POINT('',(-2.65,0.86,0.45));
#8421 = LINE('',#8422,#8423);
#8422 = CARTESIAN_POINT('',(-2.65,0.86,4.E-02));
#8423 = VECTOR('',#8424,1.);
#8424 = DIRECTION('',(0.,0.,1.));
#8425 = ORIENTED_EDGE('',*,*,#8426,.T.);
#8426 = EDGE_CURVE('',#8419,#8427,#8429,.T.);
#8427 = VERTEX_POINT('',#8428);
#8428 = CARTESIAN_POINT('',(-2.65,-0.86,0.45));
#8429 = LINE('',#8430,#8431);
#8430 = CARTESIAN_POINT('',(-2.65,-0.94,0.45));
#8431 = VECTOR('',#8432,1.);
#8432 = DIRECTION('',(0.,-1.,0.));
#8433 = ORIENTED_EDGE('',*,*,#8434,.F.);
#8434 = EDGE_CURVE('',#8435,#8427,#8437,.T.);
#8435 = VERTEX_POINT('',#8436);
#8436 = CARTESIAN_POINT('',(-2.65,-0.86,8.E-02));
#8437 = LINE('',#8438,#8439);
#8438 = CARTESIAN_POINT('',(-2.65,-0.86,4.E-02));
#8439 = VECTOR('',#8440,1.);
#8440 = DIRECTION('',(0.,0.,1.));
#8441 = ORIENTED_EDGE('',*,*,#8442,.T.);
#8442 = EDGE_CURVE('',#8435,#8394,#8443,.T.);
#8443 = LINE('',#8444,#8445);
#8444 = CARTESIAN_POINT('',(-2.65,-0.94,8.E-02));
#8445 = VECTOR('',#8446,1.);
#8446 = DIRECTION('',(0.,-1.,0.));
#8447 = PLANE('',#8448);
#8448 = AXIS2_PLACEMENT_3D('',#8449,#8450,#8451);
#8449 = CARTESIAN_POINT('',(-2.65,-0.94,0.));
#8450 = DIRECTION('',(1.,0.,-0.));
#8451 = DIRECTION('',(0.,0.,1.));
#8452 = ADVANCED_FACE('',(#8453),#8478,.F.);
#8453 = FACE_BOUND('',#8454,.F.);
#8454 = EDGE_LOOP('',(#8455,#8463,#8464,#8472));
#8455 = ORIENTED_EDGE('',*,*,#8456,.F.);
#8456 = EDGE_CURVE('',#8435,#8457,#8459,.T.);
#8457 = VERTEX_POINT('',#8458);
#8458 = CARTESIAN_POINT('',(-2.56,-0.86,8.E-02));
#8459 = LINE('',#8460,#8461);
#8460 = CARTESIAN_POINT('',(-2.73,-0.86,8.E-02));
#8461 = VECTOR('',#8462,1.);
#8462 = DIRECTION('',(1.,0.,-0.));
#8463 = ORIENTED_EDGE('',*,*,#8442,.T.);
#8464 = ORIENTED_EDGE('',*,*,#8465,.T.);
#8465 = EDGE_CURVE('',#8394,#8466,#8468,.T.);
#8466 = VERTEX_POINT('',#8467);
#8467 = CARTESIAN_POINT('',(-2.56,-0.94,8.E-02));
#8468 = LINE('',#8469,#8470);
#8469 = CARTESIAN_POINT('',(-2.73,-0.94,8.E-02));
#8470 = VECTOR('',#8471,1.);
#8471 = DIRECTION('',(1.,0.,-0.));
#8472 = ORIENTED_EDGE('',*,*,#8473,.T.);
#8473 = EDGE_CURVE('',#8466,#8457,#8474,.T.);
#8474 = LINE('',#8475,#8476);
#8475 = CARTESIAN_POINT('',(-2.56,-1.04,8.E-02));
#8476 = VECTOR('',#8477,1.);
#8477 = DIRECTION('',(-0.,1.,0.));
#8478 = PLANE('',#8479);
#8479 = AXIS2_PLACEMENT_3D('',#8480,#8481,#8482);
#8480 = CARTESIAN_POINT('',(-2.73,-0.94,8.E-02));
#8481 = DIRECTION('',(0.,0.,1.));
#8482 = DIRECTION('',(1.,0.,-0.));
#8483 = ADVANCED_FACE('',(#8484),#8509,.F.);
#8484 = FACE_BOUND('',#8485,.F.);
#8485 = EDGE_LOOP('',(#8486,#8494,#8495,#8503));
#8486 = ORIENTED_EDGE('',*,*,#8487,.T.);
#8487 = EDGE_CURVE('',#8488,#8419,#8490,.T.);
#8488 = VERTEX_POINT('',#8489);
#8489 = CARTESIAN_POINT('',(-2.35,0.86,0.45));
#8490 = LINE('',#8491,#8492);
#8491 = CARTESIAN_POINT('',(-2.73,0.86,0.45));
#8492 = VECTOR('',#8493,1.);
#8493 = DIRECTION('',(-1.,-0.,0.));
#8494 = ORIENTED_EDGE('',*,*,#8426,.T.);
#8495 = ORIENTED_EDGE('',*,*,#8496,.F.);
#8496 = EDGE_CURVE('',#8497,#8427,#8499,.T.);
#8497 = VERTEX_POINT('',#8498);
#8498 = CARTESIAN_POINT('',(-2.35,-0.86,0.45));
#8499 = LINE('',#8500,#8501);
#8500 = CARTESIAN_POINT('',(-2.73,-0.86,0.45));
#8501 = VECTOR('',#8502,1.);
#8502 = DIRECTION('',(-1.,-0.,0.));
#8503 = ORIENTED_EDGE('',*,*,#8504,.T.);
#8504 = EDGE_CURVE('',#8497,#8488,#8505,.T.);
#8505 = LINE('',#8506,#8507);
#8506 = CARTESIAN_POINT('',(-2.35,-0.94,0.45));
#8507 = VECTOR('',#8508,1.);
#8508 = DIRECTION('',(-0.,1.,0.));
#8509 = PLANE('',#8510);
#8510 = AXIS2_PLACEMENT_3D('',#8511,#8512,#8513);
#8511 = CARTESIAN_POINT('',(-2.73,-0.94,0.45));
#8512 = DIRECTION('',(0.,0.,1.));
#8513 = DIRECTION('',(1.,0.,-0.));
#8514 = ADVANCED_FACE('',(#8515),#8540,.F.);
#8515 = FACE_BOUND('',#8516,.F.);
#8516 = EDGE_LOOP('',(#8517,#8525,#8526,#8534));
#8517 = ORIENTED_EDGE('',*,*,#8518,.F.);
#8518 = EDGE_CURVE('',#8403,#8519,#8521,.T.);
#8519 = VERTEX_POINT('',#8520);
#8520 = CARTESIAN_POINT('',(-2.56,0.94,8.E-02));
#8521 = LINE('',#8522,#8523);
#8522 = CARTESIAN_POINT('',(-2.73,0.94,8.E-02));
#8523 = VECTOR('',#8524,1.);
#8524 = DIRECTION('',(1.,0.,-0.));
#8525 = ORIENTED_EDGE('',*,*,#8410,.T.);
#8526 = ORIENTED_EDGE('',*,*,#8527,.T.);
#8527 = EDGE_CURVE('',#8411,#8528,#8530,.T.);
#8528 = VERTEX_POINT('',#8529);
#8529 = CARTESIAN_POINT('',(-2.56,0.86,8.E-02));
#8530 = LINE('',#8531,#8532);
#8531 = CARTESIAN_POINT('',(-2.73,0.86,8.E-02));
#8532 = VECTOR('',#8533,1.);
#8533 = DIRECTION('',(1.,0.,-0.));
#8534 = ORIENTED_EDGE('',*,*,#8535,.T.);
#8535 = EDGE_CURVE('',#8528,#8519,#8536,.T.);
#8536 = LINE('',#8537,#8538);
#8537 = CARTESIAN_POINT('',(-2.56,0.86,8.E-02));
#8538 = VECTOR('',#8539,1.);
#8539 = DIRECTION('',(-0.,1.,0.));
#8540 = PLANE('',#8541);
#8541 = AXIS2_PLACEMENT_3D('',#8542,#8543,#8544);
#8542 = CARTESIAN_POINT('',(-2.73,0.86,8.E-02));
#8543 = DIRECTION('',(0.,0.,1.));
#8544 = DIRECTION('',(1.,0.,-0.));
#8545 = ADVANCED_FACE('',(#8546),#8579,.F.);
#8546 = FACE_BOUND('',#8547,.F.);
#8547 = EDGE_LOOP('',(#8548,#8558,#8566,#8572,#8573));
#8548 = ORIENTED_EDGE('',*,*,#8549,.F.);
#8549 = EDGE_CURVE('',#8550,#8552,#8554,.T.);
#8550 = VERTEX_POINT('',#8551);
#8551 = CARTESIAN_POINT('',(-2.56,-1.04,0.));
#8552 = VERTEX_POINT('',#8553);
#8553 = CARTESIAN_POINT('',(-2.56,-1.04,8.E-02));
#8554 = LINE('',#8555,#8556);
#8555 = CARTESIAN_POINT('',(-2.56,-1.04,0.));
#8556 = VECTOR('',#8557,1.);
#8557 = DIRECTION('',(0.,0.,1.));
#8558 = ORIENTED_EDGE('',*,*,#8559,.T.);
#8559 = EDGE_CURVE('',#8550,#8560,#8562,.T.);
#8560 = VERTEX_POINT('',#8561);
#8561 = CARTESIAN_POINT('',(-2.56,-0.86,0.));
#8562 = LINE('',#8563,#8564);
#8563 = CARTESIAN_POINT('',(-2.56,-1.04,0.));
#8564 = VECTOR('',#8565,1.);
#8565 = DIRECTION('',(-0.,1.,0.));
#8566 = ORIENTED_EDGE('',*,*,#8567,.T.);
#8567 = EDGE_CURVE('',#8560,#8457,#8568,.T.);
#8568 = LINE('',#8569,#8570);
#8569 = CARTESIAN_POINT('',(-2.56,-0.86,0.));
#8570 = VECTOR('',#8571,1.);
#8571 = DIRECTION('',(0.,0.,1.));
#8572 = ORIENTED_EDGE('',*,*,#8473,.F.);
#8573 = ORIENTED_EDGE('',*,*,#8574,.F.);
#8574 = EDGE_CURVE('',#8552,#8466,#8575,.T.);
#8575 = LINE('',#8576,#8577);
#8576 = CARTESIAN_POINT('',(-2.56,-1.04,8.E-02));
#8577 = VECTOR('',#8578,1.);
#8578 = DIRECTION('',(-0.,1.,0.));
#8579 = PLANE('',#8580);
#8580 = AXIS2_PLACEMENT_3D('',#8581,#8582,#8583);
#8581 = CARTESIAN_POINT('',(-2.56,-1.04,0.));
#8582 = DIRECTION('',(1.,0.,-0.));
#8583 = DIRECTION('',(0.,0.,1.));
#8584 = ADVANCED_FACE('',(#8585),#8610,.T.);
#8585 = FACE_BOUND('',#8586,.T.);
#8586 = EDGE_LOOP('',(#8587,#8595,#8596,#8604));
#8587 = ORIENTED_EDGE('',*,*,#8588,.F.);
#8588 = EDGE_CURVE('',#8497,#8589,#8591,.T.);
#8589 = VERTEX_POINT('',#8590);
#8590 = CARTESIAN_POINT('',(-2.35,-0.86,0.53));
#8591 = LINE('',#8592,#8593);
#8592 = CARTESIAN_POINT('',(-2.35,-0.86,0.265));
#8593 = VECTOR('',#8594,1.);
#8594 = DIRECTION('',(0.,0.,1.));
#8595 = ORIENTED_EDGE('',*,*,#8504,.T.);
#8596 = ORIENTED_EDGE('',*,*,#8597,.T.);
#8597 = EDGE_CURVE('',#8488,#8598,#8600,.T.);
#8598 = VERTEX_POINT('',#8599);
#8599 = CARTESIAN_POINT('',(-2.35,0.86,0.53));
#8600 = LINE('',#8601,#8602);
#8601 = CARTESIAN_POINT('',(-2.35,0.86,0.265));
#8602 = VECTOR('',#8603,1.);
#8603 = DIRECTION('',(0.,0.,1.));
#8604 = ORIENTED_EDGE('',*,*,#8605,.F.);
#8605 = EDGE_CURVE('',#8589,#8598,#8606,.T.);
#8606 = LINE('',#8607,#8608);
#8607 = CARTESIAN_POINT('',(-2.35,-0.94,0.53));
#8608 = VECTOR('',#8609,1.);
#8609 = DIRECTION('',(-0.,1.,0.));
#8610 = PLANE('',#8611);
#8611 = AXIS2_PLACEMENT_3D('',#8612,#8613,#8614);
#8612 = CARTESIAN_POINT('',(-2.35,-0.94,0.45));
#8613 = DIRECTION('',(1.,0.,-0.));
#8614 = DIRECTION('',(0.,0.,1.));
#8615 = ADVANCED_FACE('',(#8616),#8649,.F.);
#8616 = FACE_BOUND('',#8617,.F.);
#8617 = EDGE_LOOP('',(#8618,#8626,#8634,#8642,#8648));
#8618 = ORIENTED_EDGE('',*,*,#8619,.F.);
#8619 = EDGE_CURVE('',#8620,#8528,#8622,.T.);
#8620 = VERTEX_POINT('',#8621);
#8621 = CARTESIAN_POINT('',(-2.56,0.86,0.));
#8622 = LINE('',#8623,#8624);
#8623 = CARTESIAN_POINT('',(-2.56,0.86,0.));
#8624 = VECTOR('',#8625,1.);
#8625 = DIRECTION('',(0.,0.,1.));
#8626 = ORIENTED_EDGE('',*,*,#8627,.T.);
#8627 = EDGE_CURVE('',#8620,#8628,#8630,.T.);
#8628 = VERTEX_POINT('',#8629);
#8629 = CARTESIAN_POINT('',(-2.56,1.04,0.));
#8630 = LINE('',#8631,#8632);
#8631 = CARTESIAN_POINT('',(-2.56,0.86,0.));
#8632 = VECTOR('',#8633,1.);
#8633 = DIRECTION('',(-0.,1.,0.));
#8634 = ORIENTED_EDGE('',*,*,#8635,.T.);
#8635 = EDGE_CURVE('',#8628,#8636,#8638,.T.);
#8636 = VERTEX_POINT('',#8637);
#8637 = CARTESIAN_POINT('',(-2.56,1.04,8.E-02));
#8638 = LINE('',#8639,#8640);
#8639 = CARTESIAN_POINT('',(-2.56,1.04,0.));
#8640 = VECTOR('',#8641,1.);
#8641 = DIRECTION('',(0.,0.,1.));
#8642 = ORIENTED_EDGE('',*,*,#8643,.F.);
#8643 = EDGE_CURVE('',#8519,#8636,#8644,.T.);
#8644 = LINE('',#8645,#8646);
#8645 = CARTESIAN_POINT('',(-2.56,0.86,8.E-02));
#8646 = VECTOR('',#8647,1.);
#8647 = DIRECTION('',(-0.,1.,0.));
#8648 = ORIENTED_EDGE('',*,*,#8535,.F.);
#8649 = PLANE('',#8650);
#8650 = AXIS2_PLACEMENT_3D('',#8651,#8652,#8653);
#8651 = CARTESIAN_POINT('',(-2.56,0.86,0.));
#8652 = DIRECTION('',(1.,0.,-0.));
#8653 = DIRECTION('',(0.,0.,1.));
#8654 = ADVANCED_FACE('',(#8655),#8680,.T.);
#8655 = FACE_BOUND('',#8656,.T.);
#8656 = EDGE_LOOP('',(#8657,#8658,#8666,#8674));
#8657 = ORIENTED_EDGE('',*,*,#8574,.F.);
#8658 = ORIENTED_EDGE('',*,*,#8659,.T.);
#8659 = EDGE_CURVE('',#8552,#8660,#8662,.T.);
#8660 = VERTEX_POINT('',#8661);
#8661 = CARTESIAN_POINT('',(-1.96,-1.04,8.E-02));
#8662 = LINE('',#8663,#8664);
#8663 = CARTESIAN_POINT('',(-2.56,-1.04,8.E-02));
#8664 = VECTOR('',#8665,1.);
#8665 = DIRECTION('',(1.,0.,-0.));
#8666 = ORIENTED_EDGE('',*,*,#8667,.T.);
#8667 = EDGE_CURVE('',#8660,#8668,#8670,.T.);
#8668 = VERTEX_POINT('',#8669);
#8669 = CARTESIAN_POINT('',(-1.96,-0.94,8.E-02));
#8670 = LINE('',#8671,#8672);
#8671 = CARTESIAN_POINT('',(-1.96,-1.04,8.E-02));
#8672 = VECTOR('',#8673,1.);
#8673 = DIRECTION('',(-0.,1.,0.));
#8674 = ORIENTED_EDGE('',*,*,#8675,.F.);
#8675 = EDGE_CURVE('',#8466,#8668,#8676,.T.);
#8676 = LINE('',#8677,#8678);
#8677 = CARTESIAN_POINT('',(-2.73,-0.94,8.E-02));
#8678 = VECTOR('',#8679,1.);
#8679 = DIRECTION('',(1.,0.,-0.));
#8680 = PLANE('',#8681);
#8681 = AXIS2_PLACEMENT_3D('',#8682,#8683,#8684);
#8682 = CARTESIAN_POINT('',(-2.56,-1.04,8.E-02));
#8683 = DIRECTION('',(0.,0.,1.));
#8684 = DIRECTION('',(1.,0.,-0.));
#8685 = ADVANCED_FACE('',(#8686),#8702,.T.);
#8686 = FACE_BOUND('',#8687,.T.);
#8687 = EDGE_LOOP('',(#8688,#8689,#8695,#8696));
#8688 = ORIENTED_EDGE('',*,*,#8643,.F.);
#8689 = ORIENTED_EDGE('',*,*,#8690,.T.);
#8690 = EDGE_CURVE('',#8519,#8244,#8691,.T.);
#8691 = LINE('',#8692,#8693);
#8692 = CARTESIAN_POINT('',(-2.73,0.94,8.E-02));
#8693 = VECTOR('',#8694,1.);
#8694 = DIRECTION('',(1.,0.,-0.));
#8695 = ORIENTED_EDGE('',*,*,#8338,.T.);
#8696 = ORIENTED_EDGE('',*,*,#8697,.F.);
#8697 = EDGE_CURVE('',#8636,#8331,#8698,.T.);
#8698 = LINE('',#8699,#8700);
#8699 = CARTESIAN_POINT('',(-2.56,1.04,8.E-02));
#8700 = VECTOR('',#8701,1.);
#8701 = DIRECTION('',(1.,0.,-0.));
#8702 = PLANE('',#8703);
#8703 = AXIS2_PLACEMENT_3D('',#8704,#8705,#8706);
#8704 = CARTESIAN_POINT('',(-2.56,0.86,8.E-02));
#8705 = DIRECTION('',(0.,0.,1.));
#8706 = DIRECTION('',(1.,0.,-0.));
#8707 = ADVANCED_FACE('',(#8708),#8726,.F.);
#8708 = FACE_BOUND('',#8709,.F.);
#8709 = EDGE_LOOP('',(#8710,#8718,#8719,#8720));
#8710 = ORIENTED_EDGE('',*,*,#8711,.F.);
#8711 = EDGE_CURVE('',#8550,#8712,#8714,.T.);
#8712 = VERTEX_POINT('',#8713);
#8713 = CARTESIAN_POINT('',(-1.96,-1.04,0.));
#8714 = LINE('',#8715,#8716);
#8715 = CARTESIAN_POINT('',(-2.56,-1.04,0.));
#8716 = VECTOR('',#8717,1.);
#8717 = DIRECTION('',(1.,0.,-0.));
#8718 = ORIENTED_EDGE('',*,*,#8549,.T.);
#8719 = ORIENTED_EDGE('',*,*,#8659,.T.);
#8720 = ORIENTED_EDGE('',*,*,#8721,.F.);
#8721 = EDGE_CURVE('',#8712,#8660,#8722,.T.);
#8722 = LINE('',#8723,#8724);
#8723 = CARTESIAN_POINT('',(-1.96,-1.04,0.));
#8724 = VECTOR('',#8725,1.);
#8725 = DIRECTION('',(0.,0.,1.));
#8726 = PLANE('',#8727);
#8727 = AXIS2_PLACEMENT_3D('',#8728,#8729,#8730);
#8728 = CARTESIAN_POINT('',(-2.56,-1.04,0.));
#8729 = DIRECTION('',(-0.,1.,0.));
#8730 = DIRECTION('',(0.,0.,1.));
#8731 = ADVANCED_FACE('',(#8732),#8750,.F.);
#8732 = FACE_BOUND('',#8733,.F.);
#8733 = EDGE_LOOP('',(#8734,#8735,#8736,#8744));
#8734 = ORIENTED_EDGE('',*,*,#8559,.F.);
#8735 = ORIENTED_EDGE('',*,*,#8711,.T.);
#8736 = ORIENTED_EDGE('',*,*,#8737,.T.);
#8737 = EDGE_CURVE('',#8712,#8738,#8740,.T.);
#8738 = VERTEX_POINT('',#8739);
#8739 = CARTESIAN_POINT('',(-1.96,-0.86,0.));
#8740 = LINE('',#8741,#8742);
#8741 = CARTESIAN_POINT('',(-1.96,-1.04,0.));
#8742 = VECTOR('',#8743,1.);
#8743 = DIRECTION('',(-0.,1.,0.));
#8744 = ORIENTED_EDGE('',*,*,#8745,.F.);
#8745 = EDGE_CURVE('',#8560,#8738,#8746,.T.);
#8746 = LINE('',#8747,#8748);
#8747 = CARTESIAN_POINT('',(-2.56,-0.86,0.));
#8748 = VECTOR('',#8749,1.);
#8749 = DIRECTION('',(1.,0.,-0.));
#8750 = PLANE('',#8751);
#8751 = AXIS2_PLACEMENT_3D('',#8752,#8753,#8754);
#8752 = CARTESIAN_POINT('',(-2.56,-1.04,0.));
#8753 = DIRECTION('',(0.,0.,1.));
#8754 = DIRECTION('',(1.,0.,-0.));
#8755 = ADVANCED_FACE('',(#8756),#8775,.T.);
#8756 = FACE_BOUND('',#8757,.T.);
#8757 = EDGE_LOOP('',(#8758,#8759,#8760,#8768,#8774));
#8758 = ORIENTED_EDGE('',*,*,#8721,.F.);
#8759 = ORIENTED_EDGE('',*,*,#8737,.T.);
#8760 = ORIENTED_EDGE('',*,*,#8761,.T.);
#8761 = EDGE_CURVE('',#8738,#8762,#8764,.T.);
#8762 = VERTEX_POINT('',#8763);
#8763 = CARTESIAN_POINT('',(-1.96,-0.86,8.E-02));
#8764 = LINE('',#8765,#8766);
#8765 = CARTESIAN_POINT('',(-1.96,-0.86,0.));
#8766 = VECTOR('',#8767,1.);
#8767 = DIRECTION('',(0.,0.,1.));
#8768 = ORIENTED_EDGE('',*,*,#8769,.F.);
#8769 = EDGE_CURVE('',#8668,#8762,#8770,.T.);
#8770 = LINE('',#8771,#8772);
#8771 = CARTESIAN_POINT('',(-1.96,-1.04,8.E-02));
#8772 = VECTOR('',#8773,1.);
#8773 = DIRECTION('',(-0.,1.,0.));
#8774 = ORIENTED_EDGE('',*,*,#8667,.F.);
#8775 = PLANE('',#8776);
#8776 = AXIS2_PLACEMENT_3D('',#8777,#8778,#8779);
#8777 = CARTESIAN_POINT('',(-1.96,-1.04,0.));
#8778 = DIRECTION('',(1.,0.,-0.));
#8779 = DIRECTION('',(0.,0.,1.));
#8780 = ADVANCED_FACE('',(#8781),#8806,.F.);
#8781 = FACE_BOUND('',#8782,.F.);
#8782 = EDGE_LOOP('',(#8783,#8791,#8792,#8800));
#8783 = ORIENTED_EDGE('',*,*,#8784,.F.);
#8784 = EDGE_CURVE('',#8762,#8785,#8787,.T.);
#8785 = VERTEX_POINT('',#8786);
#8786 = CARTESIAN_POINT('',(-1.91,-0.86,8.E-02));
#8787 = LINE('',#8788,#8789);
#8788 = CARTESIAN_POINT('',(-2.73,-0.86,8.E-02));
#8789 = VECTOR('',#8790,1.);
#8790 = DIRECTION('',(1.,0.,-0.));
#8791 = ORIENTED_EDGE('',*,*,#8769,.F.);
#8792 = ORIENTED_EDGE('',*,*,#8793,.T.);
#8793 = EDGE_CURVE('',#8668,#8794,#8796,.T.);
#8794 = VERTEX_POINT('',#8795);
#8795 = CARTESIAN_POINT('',(-1.91,-0.94,8.E-02));
#8796 = LINE('',#8797,#8798);
#8797 = CARTESIAN_POINT('',(-2.73,-0.94,8.E-02));
#8798 = VECTOR('',#8799,1.);
#8799 = DIRECTION('',(1.,0.,-0.));
#8800 = ORIENTED_EDGE('',*,*,#8801,.T.);
#8801 = EDGE_CURVE('',#8794,#8785,#8802,.T.);
#8802 = LINE('',#8803,#8804);
#8803 = CARTESIAN_POINT('',(-1.91,-0.94,8.E-02));
#8804 = VECTOR('',#8805,1.);
#8805 = DIRECTION('',(-0.,1.,0.));
#8806 = PLANE('',#8807);
#8807 = AXIS2_PLACEMENT_3D('',#8808,#8809,#8810);
#8808 = CARTESIAN_POINT('',(-2.73,-0.94,8.E-02));
#8809 = DIRECTION('',(0.,0.,1.));
#8810 = DIRECTION('',(1.,0.,-0.));
#8811 = ADVANCED_FACE('',(#8812),#8837,.T.);
#8812 = FACE_BOUND('',#8813,.T.);
#8813 = EDGE_LOOP('',(#8814,#8822,#8823,#8831));
#8814 = ORIENTED_EDGE('',*,*,#8815,.F.);
#8815 = EDGE_CURVE('',#8794,#8816,#8818,.T.);
#8816 = VERTEX_POINT('',#8817);
#8817 = CARTESIAN_POINT('',(-1.91,-0.94,0.53));
#8818 = LINE('',#8819,#8820);
#8819 = CARTESIAN_POINT('',(-1.91,-0.94,8.E-02));
#8820 = VECTOR('',#8821,1.);
#8821 = DIRECTION('',(0.,0.,1.));
#8822 = ORIENTED_EDGE('',*,*,#8801,.T.);
#8823 = ORIENTED_EDGE('',*,*,#8824,.T.);
#8824 = EDGE_CURVE('',#8785,#8825,#8827,.T.);
#8825 = VERTEX_POINT('',#8826);
#8826 = CARTESIAN_POINT('',(-1.91,-0.86,0.53));
#8827 = LINE('',#8828,#8829);
#8828 = CARTESIAN_POINT('',(-1.91,-0.86,8.E-02));
#8829 = VECTOR('',#8830,1.);
#8830 = DIRECTION('',(0.,0.,1.));
#8831 = ORIENTED_EDGE('',*,*,#8832,.F.);
#8832 = EDGE_CURVE('',#8816,#8825,#8833,.T.);
#8833 = LINE('',#8834,#8835);
#8834 = CARTESIAN_POINT('',(-1.91,-0.94,0.53));
#8835 = VECTOR('',#8836,1.);
#8836 = DIRECTION('',(-0.,1.,0.));
#8837 = PLANE('',#8838);
#8838 = AXIS2_PLACEMENT_3D('',#8839,#8840,#8841);
#8839 = CARTESIAN_POINT('',(-1.91,-0.94,8.E-02));
#8840 = DIRECTION('',(1.,0.,-0.));
#8841 = DIRECTION('',(0.,0.,1.));
#8842 = ADVANCED_FACE('',(#8843),#8859,.F.);
#8843 = FACE_BOUND('',#8844,.F.);
#8844 = EDGE_LOOP('',(#8845,#8846,#8852,#8853));
#8845 = ORIENTED_EDGE('',*,*,#8627,.F.);
#8846 = ORIENTED_EDGE('',*,*,#8847,.T.);
#8847 = EDGE_CURVE('',#8620,#8315,#8848,.T.);
#8848 = LINE('',#8849,#8850);
#8849 = CARTESIAN_POINT('',(-2.56,0.86,0.));
#8850 = VECTOR('',#8851,1.);
#8851 = DIRECTION('',(1.,0.,-0.));
#8852 = ORIENTED_EDGE('',*,*,#8322,.T.);
#8853 = ORIENTED_EDGE('',*,*,#8854,.F.);
#8854 = EDGE_CURVE('',#8628,#8323,#8855,.T.);
#8855 = LINE('',#8856,#8857);
#8856 = CARTESIAN_POINT('',(-2.56,1.04,0.));
#8857 = VECTOR('',#8858,1.);
#8858 = DIRECTION('',(1.,0.,-0.));
#8859 = PLANE('',#8860);
#8860 = AXIS2_PLACEMENT_3D('',#8861,#8862,#8863);
#8861 = CARTESIAN_POINT('',(-2.56,0.86,0.));
#8862 = DIRECTION('',(0.,0.,1.));
#8863 = DIRECTION('',(1.,0.,-0.));
#8864 = ADVANCED_FACE('',(#8865),#8871,.T.);
#8865 = FACE_BOUND('',#8866,.T.);
#8866 = EDGE_LOOP('',(#8867,#8868,#8869,#8870));
#8867 = ORIENTED_EDGE('',*,*,#8854,.F.);
#8868 = ORIENTED_EDGE('',*,*,#8635,.T.);
#8869 = ORIENTED_EDGE('',*,*,#8697,.T.);
#8870 = ORIENTED_EDGE('',*,*,#8330,.F.);
#8871 = PLANE('',#8872);
#8872 = AXIS2_PLACEMENT_3D('',#8873,#8874,#8875);
#8873 = CARTESIAN_POINT('',(-2.56,1.04,0.));
#8874 = DIRECTION('',(-0.,1.,0.));
#8875 = DIRECTION('',(0.,0.,1.));
#8876 = ADVANCED_FACE('',(#8877),#8902,.F.);
#8877 = FACE_BOUND('',#8878,.T.);
#8878 = EDGE_LOOP('',(#8879,#8887,#8895,#8901));
#8879 = ORIENTED_EDGE('',*,*,#8880,.T.);
#8880 = EDGE_CURVE('',#8354,#8881,#8883,.T.);
#8881 = VERTEX_POINT('',#8882);
#8882 = CARTESIAN_POINT('',(-2.73,-0.94,0.53));
#8883 = LINE('',#8884,#8885);
#8884 = CARTESIAN_POINT('',(-2.73,-0.94,0.));
#8885 = VECTOR('',#8886,1.);
#8886 = DIRECTION('',(0.,0.,1.));
#8887 = ORIENTED_EDGE('',*,*,#8888,.T.);
#8888 = EDGE_CURVE('',#8881,#8889,#8891,.T.);
#8889 = VERTEX_POINT('',#8890);
#8890 = CARTESIAN_POINT('',(-2.73,0.94,0.53));
#8891 = LINE('',#8892,#8893);
#8892 = CARTESIAN_POINT('',(-2.73,-0.94,0.53));
#8893 = VECTOR('',#8894,1.);
#8894 = DIRECTION('',(-0.,1.,0.));
#8895 = ORIENTED_EDGE('',*,*,#8896,.F.);
#8896 = EDGE_CURVE('',#8356,#8889,#8897,.T.);
#8897 = LINE('',#8898,#8899);
#8898 = CARTESIAN_POINT('',(-2.73,0.94,0.));
#8899 = VECTOR('',#8900,1.);
#8900 = DIRECTION('',(0.,0.,1.));
#8901 = ORIENTED_EDGE('',*,*,#8353,.F.);
#8902 = PLANE('',#8903);
#8903 = AXIS2_PLACEMENT_3D('',#8904,#8905,#8906);
#8904 = CARTESIAN_POINT('',(-2.73,-0.94,0.));
#8905 = DIRECTION('',(1.,0.,-0.));
#8906 = DIRECTION('',(0.,0.,1.));
#8907 = ADVANCED_FACE('',(#8908),#8923,.T.);
#8908 = FACE_BOUND('',#8909,.T.);
#8909 = EDGE_LOOP('',(#8910,#8911,#8912,#8913,#8914,#8915,#8921,#8922));
#8910 = ORIENTED_EDGE('',*,*,#8393,.T.);
#8911 = ORIENTED_EDGE('',*,*,#8465,.T.);
#8912 = ORIENTED_EDGE('',*,*,#8675,.T.);
#8913 = ORIENTED_EDGE('',*,*,#8793,.T.);
#8914 = ORIENTED_EDGE('',*,*,#8815,.T.);
#8915 = ORIENTED_EDGE('',*,*,#8916,.F.);
#8916 = EDGE_CURVE('',#8881,#8816,#8917,.T.);
#8917 = LINE('',#8918,#8919);
#8918 = CARTESIAN_POINT('',(-2.73,-0.94,0.53));
#8919 = VECTOR('',#8920,1.);
#8920 = DIRECTION('',(1.,0.,-0.));
#8921 = ORIENTED_EDGE('',*,*,#8880,.F.);
#8922 = ORIENTED_EDGE('',*,*,#8363,.T.);
#8923 = PLANE('',#8924);
#8924 = AXIS2_PLACEMENT_3D('',#8925,#8926,#8927);
#8925 = CARTESIAN_POINT('',(-2.341925925926,-0.94,0.286925925926));
#8926 = DIRECTION('',(-0.,-1.,-0.));
#8927 = DIRECTION('',(0.,0.,-1.));
#8928 = ADVANCED_FACE('',(#8929),#8944,.T.);
#8929 = FACE_BOUND('',#8930,.T.);
#8930 = EDGE_LOOP('',(#8931,#8932,#8933,#8934,#8940,#8941,#8942,#8943));
#8931 = ORIENTED_EDGE('',*,*,#8402,.F.);
#8932 = ORIENTED_EDGE('',*,*,#8379,.F.);
#8933 = ORIENTED_EDGE('',*,*,#8896,.T.);
#8934 = ORIENTED_EDGE('',*,*,#8935,.T.);
#8935 = EDGE_CURVE('',#8889,#8293,#8936,.T.);
#8936 = LINE('',#8937,#8938);
#8937 = CARTESIAN_POINT('',(-2.73,0.94,0.53));
#8938 = VECTOR('',#8939,1.);
#8939 = DIRECTION('',(1.,0.,-0.));
#8940 = ORIENTED_EDGE('',*,*,#8292,.F.);
#8941 = ORIENTED_EDGE('',*,*,#8243,.F.);
#8942 = ORIENTED_EDGE('',*,*,#8690,.F.);
#8943 = ORIENTED_EDGE('',*,*,#8518,.F.);
#8944 = PLANE('',#8945);
#8945 = AXIS2_PLACEMENT_3D('',#8946,#8947,#8948);
#8946 = CARTESIAN_POINT('',(-2.341925925926,0.94,0.286925925926));
#8947 = DIRECTION('',(0.,1.,0.));
#8948 = DIRECTION('',(0.,-0.,1.));
#8949 = ADVANCED_FACE('',(#8950),#8970,.T.);
#8950 = FACE_BOUND('',#8951,.T.);
#8951 = EDGE_LOOP('',(#8952,#8953,#8954,#8955,#8961,#8962,#8968,#8969));
#8952 = ORIENTED_EDGE('',*,*,#8888,.F.);
#8953 = ORIENTED_EDGE('',*,*,#8916,.T.);
#8954 = ORIENTED_EDGE('',*,*,#8832,.T.);
#8955 = ORIENTED_EDGE('',*,*,#8956,.F.);
#8956 = EDGE_CURVE('',#8589,#8825,#8957,.T.);
#8957 = LINE('',#8958,#8959);
#8958 = CARTESIAN_POINT('',(-2.73,-0.86,0.53));
#8959 = VECTOR('',#8960,1.);
#8960 = DIRECTION('',(1.,0.,-0.));
#8961 = ORIENTED_EDGE('',*,*,#8605,.T.);
#8962 = ORIENTED_EDGE('',*,*,#8963,.T.);
#8963 = EDGE_CURVE('',#8598,#8284,#8964,.T.);
#8964 = LINE('',#8965,#8966);
#8965 = CARTESIAN_POINT('',(-2.73,0.86,0.53));
#8966 = VECTOR('',#8967,1.);
#8967 = DIRECTION('',(1.,0.,-0.));
#8968 = ORIENTED_EDGE('',*,*,#8300,.T.);
#8969 = ORIENTED_EDGE('',*,*,#8935,.F.);
#8970 = PLANE('',#8971);
#8971 = AXIS2_PLACEMENT_3D('',#8972,#8973,#8974);
#8972 = CARTESIAN_POINT('',(-2.413885350318,-1.10491941145E-18,0.53));
#8973 = DIRECTION('',(0.,0.,1.));
#8974 = DIRECTION('',(1.,0.,-0.));
#8975 = ADVANCED_FACE('',(#8976),#8988,.T.);
#8976 = FACE_BOUND('',#8977,.T.);
#8977 = EDGE_LOOP('',(#8978,#8979,#8980,#8981,#8982,#8983,#8984,#8985,
    #8986,#8987));
#8978 = ORIENTED_EDGE('',*,*,#8456,.F.);
#8979 = ORIENTED_EDGE('',*,*,#8434,.T.);
#8980 = ORIENTED_EDGE('',*,*,#8496,.F.);
#8981 = ORIENTED_EDGE('',*,*,#8588,.T.);
#8982 = ORIENTED_EDGE('',*,*,#8956,.T.);
#8983 = ORIENTED_EDGE('',*,*,#8824,.F.);
#8984 = ORIENTED_EDGE('',*,*,#8784,.F.);
#8985 = ORIENTED_EDGE('',*,*,#8761,.F.);
#8986 = ORIENTED_EDGE('',*,*,#8745,.F.);
#8987 = ORIENTED_EDGE('',*,*,#8567,.T.);
#8988 = PLANE('',#8989);
#8989 = AXIS2_PLACEMENT_3D('',#8990,#8991,#8992);
#8990 = CARTESIAN_POINT('',(-2.269291338583,-0.86,0.259960629921));
#8991 = DIRECTION('',(0.,1.,0.));
#8992 = DIRECTION('',(0.,-0.,1.));
#8993 = ADVANCED_FACE('',(#8994),#9006,.T.);
#8994 = FACE_BOUND('',#8995,.T.);
#8995 = EDGE_LOOP('',(#8996,#8997,#8998,#8999,#9000,#9001,#9002,#9003,
    #9004,#9005));
#8996 = ORIENTED_EDGE('',*,*,#8527,.T.);
#8997 = ORIENTED_EDGE('',*,*,#8619,.F.);
#8998 = ORIENTED_EDGE('',*,*,#8847,.T.);
#8999 = ORIENTED_EDGE('',*,*,#8314,.T.);
#9000 = ORIENTED_EDGE('',*,*,#8261,.T.);
#9001 = ORIENTED_EDGE('',*,*,#8283,.T.);
#9002 = ORIENTED_EDGE('',*,*,#8963,.F.);
#9003 = ORIENTED_EDGE('',*,*,#8597,.F.);
#9004 = ORIENTED_EDGE('',*,*,#8487,.T.);
#9005 = ORIENTED_EDGE('',*,*,#8418,.F.);
#9006 = PLANE('',#9007);
#9007 = AXIS2_PLACEMENT_3D('',#9008,#9009,#9010);
#9008 = CARTESIAN_POINT('',(-2.269291338583,0.86,0.259960629921));
#9009 = DIRECTION('',(-0.,-1.,-0.));
#9010 = DIRECTION('',(0.,0.,-1.));
#9011 = ( GEOMETRIC_REPRESENTATION_CONTEXT(3) 
GLOBAL_UNCERTAINTY_ASSIGNED_CONTEXT((#9015)) 
GLOBAL_UNIT_ASSIGNED_CONTEXT((#9012,#9013,#9014)) REPRESENTATION_CONTEXT
('Context #1','3D Context with UNIT and UNCERTAINTY') );
#9012 = ( LENGTH_UNIT() NAMED_UNIT(*) SI_UNIT(.MILLI.,.METRE.) );
#9013 = ( NAMED_UNIT(*) PLANE_ANGLE_UNIT() SI_UNIT($,.RADIAN.) );
#9014 = ( NAMED_UNIT(*) SI_UNIT($,.STERADIAN.) SOLID_ANGLE_UNIT() );
#9015 = UNCERTAINTY_MEASURE_WITH_UNIT(LENGTH_MEASURE(1.E-07),#9012,
  'distance_accuracy_value','confusion accuracy');
#9016 = CONTEXT_DEPENDENT_SHAPE_REPRESENTATION(#9017,#9019);
#9017 = ( REPRESENTATION_RELATIONSHIP('','',#8236,#10) 
REPRESENTATION_RELATIONSHIP_WITH_TRANSFORMATION(#9018) 
SHAPE_REPRESENTATION_RELATIONSHIP() );
#9018 = ITEM_DEFINED_TRANSFORMATION('','',#11,#75);
#9019 = PRODUCT_DEFINITION_SHAPE('Placement','Placement of an item',
  #9020);
#9020 = NEXT_ASSEMBLY_USAGE_OCCURRENCE('16','rec_post_15','',#5,#8231,$
  );
#9021 = PRODUCT_RELATED_PRODUCT_CATEGORY('part',$,(#8233));
#9022 = SHAPE_DEFINITION_REPRESENTATION(#9023,#9029);
#9023 = PRODUCT_DEFINITION_SHAPE('','',#9024);
#9024 = PRODUCT_DEFINITION('design','',#9025,#9028);
#9025 = PRODUCT_DEFINITION_FORMATION('','',#9026);
#9026 = PRODUCT('rec_post_16','rec_post_16','',(#9027));
#9027 = PRODUCT_CONTEXT('',#2,'mechanical');
#9028 = PRODUCT_DEFINITION_CONTEXT('part definition',#2,'design');
#9029 = ADVANCED_BREP_SHAPE_REPRESENTATION('',(#11,#9030),#9804);
#9030 = MANIFOLD_SOLID_BREP('',#9031);
#9031 = CLOSED_SHELL('',(#9032,#9072,#9103,#9142,#9173,#9245,#9276,#9307
    ,#9338,#9369,#9408,#9439,#9469,#9500,#9524,#9548,#9573,#9604,#9635,
    #9657,#9669,#9697,#9720,#9743,#9771,#9788));
#9032 = ADVANCED_FACE('',(#9033),#9067,.F.);
#9033 = FACE_BOUND('',#9034,.F.);
#9034 = EDGE_LOOP('',(#9035,#9045,#9053,#9061));
#9035 = ORIENTED_EDGE('',*,*,#9036,.F.);
#9036 = EDGE_CURVE('',#9037,#9039,#9041,.T.);
#9037 = VERTEX_POINT('',#9038);
#9038 = CARTESIAN_POINT('',(1.91,0.94,8.E-02));
#9039 = VERTEX_POINT('',#9040);
#9040 = CARTESIAN_POINT('',(1.96,0.94,8.E-02));
#9041 = LINE('',#9042,#9043);
#9042 = CARTESIAN_POINT('',(1.91,0.94,8.E-02));
#9043 = VECTOR('',#9044,1.);
#9044 = DIRECTION('',(1.,0.,-0.));
#9045 = ORIENTED_EDGE('',*,*,#9046,.F.);
#9046 = EDGE_CURVE('',#9047,#9037,#9049,.T.);
#9047 = VERTEX_POINT('',#9048);
#9048 = CARTESIAN_POINT('',(1.91,0.86,8.E-02));
#9049 = LINE('',#9050,#9051);
#9050 = CARTESIAN_POINT('',(1.91,0.86,8.E-02));
#9051 = VECTOR('',#9052,1.);
#9052 = DIRECTION('',(-0.,1.,0.));
#9053 = ORIENTED_EDGE('',*,*,#9054,.T.);
#9054 = EDGE_CURVE('',#9047,#9055,#9057,.T.);
#9055 = VERTEX_POINT('',#9056);
#9056 = CARTESIAN_POINT('',(1.96,0.86,8.E-02));
#9057 = LINE('',#9058,#9059);
#9058 = CARTESIAN_POINT('',(1.91,0.86,8.E-02));
#9059 = VECTOR('',#9060,1.);
#9060 = DIRECTION('',(1.,0.,-0.));
#9061 = ORIENTED_EDGE('',*,*,#9062,.T.);
#9062 = EDGE_CURVE('',#9055,#9039,#9063,.T.);
#9063 = LINE('',#9064,#9065);
#9064 = CARTESIAN_POINT('',(1.96,0.86,8.E-02));
#9065 = VECTOR('',#9066,1.);
#9066 = DIRECTION('',(-0.,1.,0.));
#9067 = PLANE('',#9068);
#9068 = AXIS2_PLACEMENT_3D('',#9069,#9070,#9071);
#9069 = CARTESIAN_POINT('',(1.91,0.86,8.E-02));
#9070 = DIRECTION('',(0.,0.,1.));
#9071 = DIRECTION('',(1.,0.,-0.));
#9072 = ADVANCED_FACE('',(#9073),#9098,.F.);
#9073 = FACE_BOUND('',#9074,.F.);
#9074 = EDGE_LOOP('',(#9075,#9083,#9084,#9092));
#9075 = ORIENTED_EDGE('',*,*,#9076,.F.);
#9076 = EDGE_CURVE('',#9047,#9077,#9079,.T.);
#9077 = VERTEX_POINT('',#9078);
#9078 = CARTESIAN_POINT('',(1.91,0.86,0.53));
#9079 = LINE('',#9080,#9081);
#9080 = CARTESIAN_POINT('',(1.91,0.86,8.E-02));
#9081 = VECTOR('',#9082,1.);
#9082 = DIRECTION('',(0.,0.,1.));
#9083 = ORIENTED_EDGE('',*,*,#9046,.T.);
#9084 = ORIENTED_EDGE('',*,*,#9085,.T.);
#9085 = EDGE_CURVE('',#9037,#9086,#9088,.T.);
#9086 = VERTEX_POINT('',#9087);
#9087 = CARTESIAN_POINT('',(1.91,0.94,0.53));
#9088 = LINE('',#9089,#9090);
#9089 = CARTESIAN_POINT('',(1.91,0.94,8.E-02));
#9090 = VECTOR('',#9091,1.);
#9091 = DIRECTION('',(0.,0.,1.));
#9092 = ORIENTED_EDGE('',*,*,#9093,.F.);
#9093 = EDGE_CURVE('',#9077,#9086,#9094,.T.);
#9094 = LINE('',#9095,#9096);
#9095 = CARTESIAN_POINT('',(1.91,0.86,0.53));
#9096 = VECTOR('',#9097,1.);
#9097 = DIRECTION('',(-0.,1.,0.));
#9098 = PLANE('',#9099);
#9099 = AXIS2_PLACEMENT_3D('',#9100,#9101,#9102);
#9100 = CARTESIAN_POINT('',(1.91,0.86,8.E-02));
#9101 = DIRECTION('',(1.,0.,-0.));
#9102 = DIRECTION('',(0.,0.,1.));
#9103 = ADVANCED_FACE('',(#9104),#9137,.F.);
#9104 = FACE_BOUND('',#9105,.F.);
#9105 = EDGE_LOOP('',(#9106,#9114,#9122,#9130,#9136));
#9106 = ORIENTED_EDGE('',*,*,#9107,.F.);
#9107 = EDGE_CURVE('',#9108,#9055,#9110,.T.);
#9108 = VERTEX_POINT('',#9109);
#9109 = CARTESIAN_POINT('',(1.96,0.86,0.));
#9110 = LINE('',#9111,#9112);
#9111 = CARTESIAN_POINT('',(1.96,0.86,0.));
#9112 = VECTOR('',#9113,1.);
#9113 = DIRECTION('',(0.,0.,1.));
#9114 = ORIENTED_EDGE('',*,*,#9115,.T.);
#9115 = EDGE_CURVE('',#9108,#9116,#9118,.T.);
#9116 = VERTEX_POINT('',#9117);
#9117 = CARTESIAN_POINT('',(1.96,1.04,0.));
#9118 = LINE('',#9119,#9120);
#9119 = CARTESIAN_POINT('',(1.96,0.86,0.));
#9120 = VECTOR('',#9121,1.);
#9121 = DIRECTION('',(-0.,1.,0.));
#9122 = ORIENTED_EDGE('',*,*,#9123,.T.);
#9123 = EDGE_CURVE('',#9116,#9124,#9126,.T.);
#9124 = VERTEX_POINT('',#9125);
#9125 = CARTESIAN_POINT('',(1.96,1.04,8.E-02));
#9126 = LINE('',#9127,#9128);
#9127 = CARTESIAN_POINT('',(1.96,1.04,0.));
#9128 = VECTOR('',#9129,1.);
#9129 = DIRECTION('',(0.,0.,1.));
#9130 = ORIENTED_EDGE('',*,*,#9131,.F.);
#9131 = EDGE_CURVE('',#9039,#9124,#9132,.T.);
#9132 = LINE('',#9133,#9134);
#9133 = CARTESIAN_POINT('',(1.96,0.86,8.E-02));
#9134 = VECTOR('',#9135,1.);
#9135 = DIRECTION('',(-0.,1.,0.));
#9136 = ORIENTED_EDGE('',*,*,#9062,.F.);
#9137 = PLANE('',#9138);
#9138 = AXIS2_PLACEMENT_3D('',#9139,#9140,#9141);
#9139 = CARTESIAN_POINT('',(1.96,0.86,0.));
#9140 = DIRECTION('',(1.,0.,-0.));
#9141 = DIRECTION('',(0.,0.,1.));
#9142 = ADVANCED_FACE('',(#9143),#9168,.F.);
#9143 = FACE_BOUND('',#9144,.F.);
#9144 = EDGE_LOOP('',(#9145,#9146,#9154,#9162));
#9145 = ORIENTED_EDGE('',*,*,#9115,.F.);
#9146 = ORIENTED_EDGE('',*,*,#9147,.T.);
#9147 = EDGE_CURVE('',#9108,#9148,#9150,.T.);
#9148 = VERTEX_POINT('',#9149);
#9149 = CARTESIAN_POINT('',(2.56,0.86,0.));
#9150 = LINE('',#9151,#9152);
#9151 = CARTESIAN_POINT('',(1.96,0.86,0.));
#9152 = VECTOR('',#9153,1.);
#9153 = DIRECTION('',(1.,0.,-0.));
#9154 = ORIENTED_EDGE('',*,*,#9155,.T.);
#9155 = EDGE_CURVE('',#9148,#9156,#9158,.T.);
#9156 = VERTEX_POINT('',#9157);
#9157 = CARTESIAN_POINT('',(2.56,1.04,0.));
#9158 = LINE('',#9159,#9160);
#9159 = CARTESIAN_POINT('',(2.56,0.86,0.));
#9160 = VECTOR('',#9161,1.);
#9161 = DIRECTION('',(-0.,1.,0.));
#9162 = ORIENTED_EDGE('',*,*,#9163,.F.);
#9163 = EDGE_CURVE('',#9116,#9156,#9164,.T.);
#9164 = LINE('',#9165,#9166);
#9165 = CARTESIAN_POINT('',(1.96,1.04,0.));
#9166 = VECTOR('',#9167,1.);
#9167 = DIRECTION('',(1.,0.,-0.));
#9168 = PLANE('',#9169);
#9169 = AXIS2_PLACEMENT_3D('',#9170,#9171,#9172);
#9170 = CARTESIAN_POINT('',(1.96,0.86,0.));
#9171 = DIRECTION('',(0.,0.,1.));
#9172 = DIRECTION('',(1.,0.,-0.));
#9173 = ADVANCED_FACE('',(#9174),#9240,.F.);
#9174 = FACE_BOUND('',#9175,.F.);
#9175 = EDGE_LOOP('',(#9176,#9186,#9194,#9202,#9210,#9218,#9226,#9234));
#9176 = ORIENTED_EDGE('',*,*,#9177,.F.);
#9177 = EDGE_CURVE('',#9178,#9180,#9182,.T.);
#9178 = VERTEX_POINT('',#9179);
#9179 = CARTESIAN_POINT('',(2.65,-0.94,0.));
#9180 = VERTEX_POINT('',#9181);
#9181 = CARTESIAN_POINT('',(2.65,-0.94,8.E-02));
#9182 = LINE('',#9183,#9184);
#9183 = CARTESIAN_POINT('',(2.65,-0.94,0.));
#9184 = VECTOR('',#9185,1.);
#9185 = DIRECTION('',(0.,0.,1.));
#9186 = ORIENTED_EDGE('',*,*,#9187,.T.);
#9187 = EDGE_CURVE('',#9178,#9188,#9190,.T.);
#9188 = VERTEX_POINT('',#9189);
#9189 = CARTESIAN_POINT('',(2.65,0.94,0.));
#9190 = LINE('',#9191,#9192);
#9191 = CARTESIAN_POINT('',(2.65,-0.94,0.));
#9192 = VECTOR('',#9193,1.);
#9193 = DIRECTION('',(-0.,1.,0.));
#9194 = ORIENTED_EDGE('',*,*,#9195,.T.);
#9195 = EDGE_CURVE('',#9188,#9196,#9198,.T.);
#9196 = VERTEX_POINT('',#9197);
#9197 = CARTESIAN_POINT('',(2.65,0.94,8.E-02));
#9198 = LINE('',#9199,#9200);
#9199 = CARTESIAN_POINT('',(2.65,0.94,0.));
#9200 = VECTOR('',#9201,1.);
#9201 = DIRECTION('',(0.,0.,1.));
#9202 = ORIENTED_EDGE('',*,*,#9203,.T.);
#9203 = EDGE_CURVE('',#9196,#9204,#9206,.T.);
#9204 = VERTEX_POINT('',#9205);
#9205 = CARTESIAN_POINT('',(2.65,0.86,8.E-02));
#9206 = LINE('',#9207,#9208);
#9207 = CARTESIAN_POINT('',(2.65,-4.E-02,8.E-02));
#9208 = VECTOR('',#9209,1.);
#9209 = DIRECTION('',(0.,-1.,0.));
#9210 = ORIENTED_EDGE('',*,*,#9211,.T.);
#9211 = EDGE_CURVE('',#9204,#9212,#9214,.T.);
#9212 = VERTEX_POINT('',#9213);
#9213 = CARTESIAN_POINT('',(2.65,0.86,0.45));
#9214 = LINE('',#9215,#9216);
#9215 = CARTESIAN_POINT('',(2.65,0.86,4.E-02));
#9216 = VECTOR('',#9217,1.);
#9217 = DIRECTION('',(0.,0.,1.));
#9218 = ORIENTED_EDGE('',*,*,#9219,.T.);
#9219 = EDGE_CURVE('',#9212,#9220,#9222,.T.);
#9220 = VERTEX_POINT('',#9221);
#9221 = CARTESIAN_POINT('',(2.65,-0.86,0.45));
#9222 = LINE('',#9223,#9224);
#9223 = CARTESIAN_POINT('',(2.65,-0.94,0.45));
#9224 = VECTOR('',#9225,1.);
#9225 = DIRECTION('',(0.,-1.,0.));
#9226 = ORIENTED_EDGE('',*,*,#9227,.F.);
#9227 = EDGE_CURVE('',#9228,#9220,#9230,.T.);
#9228 = VERTEX_POINT('',#9229);
#9229 = CARTESIAN_POINT('',(2.65,-0.86,8.E-02));
#9230 = LINE('',#9231,#9232);
#9231 = CARTESIAN_POINT('',(2.65,-0.86,4.E-02));
#9232 = VECTOR('',#9233,1.);
#9233 = DIRECTION('',(0.,0.,1.));
#9234 = ORIENTED_EDGE('',*,*,#9235,.T.);
#9235 = EDGE_CURVE('',#9228,#9180,#9236,.T.);
#9236 = LINE('',#9237,#9238);
#9237 = CARTESIAN_POINT('',(2.65,-0.94,8.E-02));
#9238 = VECTOR('',#9239,1.);
#9239 = DIRECTION('',(0.,-1.,0.));
#9240 = PLANE('',#9241);
#9241 = AXIS2_PLACEMENT_3D('',#9242,#9243,#9244);
#9242 = CARTESIAN_POINT('',(2.65,-0.94,0.));
#9243 = DIRECTION('',(1.,0.,-0.));
#9244 = DIRECTION('',(0.,0.,1.));
#9245 = ADVANCED_FACE('',(#9246),#9271,.F.);
#9246 = FACE_BOUND('',#9247,.F.);
#9247 = EDGE_LOOP('',(#9248,#9256,#9264,#9270));
#9248 = ORIENTED_EDGE('',*,*,#9249,.F.);
#9249 = EDGE_CURVE('',#9250,#9228,#9252,.T.);
#9250 = VERTEX_POINT('',#9251);
#9251 = CARTESIAN_POINT('',(2.56,-0.86,8.E-02));
#9252 = LINE('',#9253,#9254);
#9253 = CARTESIAN_POINT('',(1.91,-0.86,8.E-02));
#9254 = VECTOR('',#9255,1.);
#9255 = DIRECTION('',(1.,0.,-0.));
#9256 = ORIENTED_EDGE('',*,*,#9257,.F.);
#9257 = EDGE_CURVE('',#9258,#9250,#9260,.T.);
#9258 = VERTEX_POINT('',#9259);
#9259 = CARTESIAN_POINT('',(2.56,-0.94,8.E-02));
#9260 = LINE('',#9261,#9262);
#9261 = CARTESIAN_POINT('',(2.56,-1.04,8.E-02));
#9262 = VECTOR('',#9263,1.);
#9263 = DIRECTION('',(-0.,1.,0.));
#9264 = ORIENTED_EDGE('',*,*,#9265,.T.);
#9265 = EDGE_CURVE('',#9258,#9180,#9266,.T.);
#9266 = LINE('',#9267,#9268);
#9267 = CARTESIAN_POINT('',(1.91,-0.94,8.E-02));
#9268 = VECTOR('',#9269,1.);
#9269 = DIRECTION('',(1.,0.,-0.));
#9270 = ORIENTED_EDGE('',*,*,#9235,.F.);
#9271 = PLANE('',#9272);
#9272 = AXIS2_PLACEMENT_3D('',#9273,#9274,#9275);
#9273 = CARTESIAN_POINT('',(1.91,-0.94,8.E-02));
#9274 = DIRECTION('',(0.,0.,1.));
#9275 = DIRECTION('',(1.,0.,-0.));
#9276 = ADVANCED_FACE('',(#9277),#9302,.F.);
#9277 = FACE_BOUND('',#9278,.F.);
#9278 = EDGE_LOOP('',(#9279,#9287,#9295,#9301));
#9279 = ORIENTED_EDGE('',*,*,#9280,.T.);
#9280 = EDGE_CURVE('',#9212,#9281,#9283,.T.);
#9281 = VERTEX_POINT('',#9282);
#9282 = CARTESIAN_POINT('',(2.35,0.86,0.45));
#9283 = LINE('',#9284,#9285);
#9284 = CARTESIAN_POINT('',(2.13,0.86,0.45));
#9285 = VECTOR('',#9286,1.);
#9286 = DIRECTION('',(-1.,-0.,0.));
#9287 = ORIENTED_EDGE('',*,*,#9288,.F.);
#9288 = EDGE_CURVE('',#9289,#9281,#9291,.T.);
#9289 = VERTEX_POINT('',#9290);
#9290 = CARTESIAN_POINT('',(2.35,-0.86,0.45));
#9291 = LINE('',#9292,#9293);
#9292 = CARTESIAN_POINT('',(2.35,-0.94,0.45));
#9293 = VECTOR('',#9294,1.);
#9294 = DIRECTION('',(-0.,1.,0.));
#9295 = ORIENTED_EDGE('',*,*,#9296,.F.);
#9296 = EDGE_CURVE('',#9220,#9289,#9297,.T.);
#9297 = LINE('',#9298,#9299);
#9298 = CARTESIAN_POINT('',(2.13,-0.86,0.45));
#9299 = VECTOR('',#9300,1.);
#9300 = DIRECTION('',(-1.,-0.,0.));
#9301 = ORIENTED_EDGE('',*,*,#9219,.F.);
#9302 = PLANE('',#9303);
#9303 = AXIS2_PLACEMENT_3D('',#9304,#9305,#9306);
#9304 = CARTESIAN_POINT('',(2.35,-0.94,0.45));
#9305 = DIRECTION('',(0.,0.,1.));
#9306 = DIRECTION('',(1.,0.,-0.));
#9307 = ADVANCED_FACE('',(#9308),#9333,.F.);
#9308 = FACE_BOUND('',#9309,.F.);
#9309 = EDGE_LOOP('',(#9310,#9318,#9326,#9332));
#9310 = ORIENTED_EDGE('',*,*,#9311,.F.);
#9311 = EDGE_CURVE('',#9312,#9196,#9314,.T.);
#9312 = VERTEX_POINT('',#9313);
#9313 = CARTESIAN_POINT('',(2.56,0.94,8.E-02));
#9314 = LINE('',#9315,#9316);
#9315 = CARTESIAN_POINT('',(1.91,0.94,8.E-02));
#9316 = VECTOR('',#9317,1.);
#9317 = DIRECTION('',(1.,0.,-0.));
#9318 = ORIENTED_EDGE('',*,*,#9319,.F.);
#9319 = EDGE_CURVE('',#9320,#9312,#9322,.T.);
#9320 = VERTEX_POINT('',#9321);
#9321 = CARTESIAN_POINT('',(2.56,0.86,8.E-02));
#9322 = LINE('',#9323,#9324);
#9323 = CARTESIAN_POINT('',(2.56,0.86,8.E-02));
#9324 = VECTOR('',#9325,1.);
#9325 = DIRECTION('',(-0.,1.,0.));
#9326 = ORIENTED_EDGE('',*,*,#9327,.T.);
#9327 = EDGE_CURVE('',#9320,#9204,#9328,.T.);
#9328 = LINE('',#9329,#9330);
#9329 = CARTESIAN_POINT('',(1.91,0.86,8.E-02));
#9330 = VECTOR('',#9331,1.);
#9331 = DIRECTION('',(1.,0.,-0.));
#9332 = ORIENTED_EDGE('',*,*,#9203,.F.);
#9333 = PLANE('',#9334);
#9334 = AXIS2_PLACEMENT_3D('',#9335,#9336,#9337);
#9335 = CARTESIAN_POINT('',(1.91,0.86,8.E-02));
#9336 = DIRECTION('',(0.,0.,1.));
#9337 = DIRECTION('',(1.,0.,-0.));
#9338 = ADVANCED_FACE('',(#9339),#9364,.F.);
#9339 = FACE_BOUND('',#9340,.F.);
#9340 = EDGE_LOOP('',(#9341,#9342,#9350,#9358));
#9341 = ORIENTED_EDGE('',*,*,#9187,.F.);
#9342 = ORIENTED_EDGE('',*,*,#9343,.T.);
#9343 = EDGE_CURVE('',#9178,#9344,#9346,.T.);
#9344 = VERTEX_POINT('',#9345);
#9345 = CARTESIAN_POINT('',(2.73,-0.94,0.));
#9346 = LINE('',#9347,#9348);
#9347 = CARTESIAN_POINT('',(2.65,-0.94,0.));
#9348 = VECTOR('',#9349,1.);
#9349 = DIRECTION('',(1.,0.,-0.));
#9350 = ORIENTED_EDGE('',*,*,#9351,.T.);
#9351 = EDGE_CURVE('',#9344,#9352,#9354,.T.);
#9352 = VERTEX_POINT('',#9353);
#9353 = CARTESIAN_POINT('',(2.73,0.94,0.));
#9354 = LINE('',#9355,#9356);
#9355 = CARTESIAN_POINT('',(2.73,-0.94,0.));
#9356 = VECTOR('',#9357,1.);
#9357 = DIRECTION('',(-0.,1.,0.));
#9358 = ORIENTED_EDGE('',*,*,#9359,.F.);
#9359 = EDGE_CURVE('',#9188,#9352,#9360,.T.);
#9360 = LINE('',#9361,#9362);
#9361 = CARTESIAN_POINT('',(2.65,0.94,0.));
#9362 = VECTOR('',#9363,1.);
#9363 = DIRECTION('',(1.,0.,-0.));
#9364 = PLANE('',#9365);
#9365 = AXIS2_PLACEMENT_3D('',#9366,#9367,#9368);
#9366 = CARTESIAN_POINT('',(2.65,-0.94,0.));
#9367 = DIRECTION('',(0.,0.,1.));
#9368 = DIRECTION('',(1.,0.,-0.));
#9369 = ADVANCED_FACE('',(#9370),#9403,.T.);
#9370 = FACE_BOUND('',#9371,.T.);
#9371 = EDGE_LOOP('',(#9372,#9382,#9390,#9396,#9397));
#9372 = ORIENTED_EDGE('',*,*,#9373,.F.);
#9373 = EDGE_CURVE('',#9374,#9376,#9378,.T.);
#9374 = VERTEX_POINT('',#9375);
#9375 = CARTESIAN_POINT('',(2.56,-1.04,0.));
#9376 = VERTEX_POINT('',#9377);
#9377 = CARTESIAN_POINT('',(2.56,-1.04,8.E-02));
#9378 = LINE('',#9379,#9380);
#9379 = CARTESIAN_POINT('',(2.56,-1.04,0.));
#9380 = VECTOR('',#9381,1.);
#9381 = DIRECTION('',(0.,0.,1.));
#9382 = ORIENTED_EDGE('',*,*,#9383,.T.);
#9383 = EDGE_CURVE('',#9374,#9384,#9386,.T.);
#9384 = VERTEX_POINT('',#9385);
#9385 = CARTESIAN_POINT('',(2.56,-0.86,0.));
#9386 = LINE('',#9387,#9388);
#9387 = CARTESIAN_POINT('',(2.56,-1.04,0.));
#9388 = VECTOR('',#9389,1.);
#9389 = DIRECTION('',(-0.,1.,0.));
#9390 = ORIENTED_EDGE('',*,*,#9391,.T.);
#9391 = EDGE_CURVE('',#9384,#9250,#9392,.T.);
#9392 = LINE('',#9393,#9394);
#9393 = CARTESIAN_POINT('',(2.56,-0.86,0.));
#9394 = VECTOR('',#9395,1.);
#9395 = DIRECTION('',(0.,0.,1.));
#9396 = ORIENTED_EDGE('',*,*,#9257,.F.);
#9397 = ORIENTED_EDGE('',*,*,#9398,.F.);
#9398 = EDGE_CURVE('',#9376,#9258,#9399,.T.);
#9399 = LINE('',#9400,#9401);
#9400 = CARTESIAN_POINT('',(2.56,-1.04,8.E-02));
#9401 = VECTOR('',#9402,1.);
#9402 = DIRECTION('',(-0.,1.,0.));
#9403 = PLANE('',#9404);
#9404 = AXIS2_PLACEMENT_3D('',#9405,#9406,#9407);
#9405 = CARTESIAN_POINT('',(2.56,-1.04,0.));
#9406 = DIRECTION('',(1.,0.,-0.));
#9407 = DIRECTION('',(0.,0.,1.));
#9408 = ADVANCED_FACE('',(#9409),#9434,.F.);
#9409 = FACE_BOUND('',#9410,.F.);
#9410 = EDGE_LOOP('',(#9411,#9419,#9420,#9428));
#9411 = ORIENTED_EDGE('',*,*,#9412,.F.);
#9412 = EDGE_CURVE('',#9289,#9413,#9415,.T.);
#9413 = VERTEX_POINT('',#9414);
#9414 = CARTESIAN_POINT('',(2.35,-0.86,0.53));
#9415 = LINE('',#9416,#9417);
#9416 = CARTESIAN_POINT('',(2.35,-0.86,0.265));
#9417 = VECTOR('',#9418,1.);
#9418 = DIRECTION('',(0.,0.,1.));
#9419 = ORIENTED_EDGE('',*,*,#9288,.T.);
#9420 = ORIENTED_EDGE('',*,*,#9421,.T.);
#9421 = EDGE_CURVE('',#9281,#9422,#9424,.T.);
#9422 = VERTEX_POINT('',#9423);
#9423 = CARTESIAN_POINT('',(2.35,0.86,0.53));
#9424 = LINE('',#9425,#9426);
#9425 = CARTESIAN_POINT('',(2.35,0.86,0.265));
#9426 = VECTOR('',#9427,1.);
#9427 = DIRECTION('',(0.,0.,1.));
#9428 = ORIENTED_EDGE('',*,*,#9429,.F.);
#9429 = EDGE_CURVE('',#9413,#9422,#9430,.T.);
#9430 = LINE('',#9431,#9432);
#9431 = CARTESIAN_POINT('',(2.35,-0.94,0.53));
#9432 = VECTOR('',#9433,1.);
#9433 = DIRECTION('',(-0.,1.,0.));
#9434 = PLANE('',#9435);
#9435 = AXIS2_PLACEMENT_3D('',#9436,#9437,#9438);
#9436 = CARTESIAN_POINT('',(2.35,-0.94,0.45));
#9437 = DIRECTION('',(1.,0.,-0.));
#9438 = DIRECTION('',(0.,0.,1.));
#9439 = ADVANCED_FACE('',(#9440),#9464,.T.);
#9440 = FACE_BOUND('',#9441,.T.);
#9441 = EDGE_LOOP('',(#9442,#9448,#9449,#9457,#9463));
#9442 = ORIENTED_EDGE('',*,*,#9443,.F.);
#9443 = EDGE_CURVE('',#9148,#9320,#9444,.T.);
#9444 = LINE('',#9445,#9446);
#9445 = CARTESIAN_POINT('',(2.56,0.86,0.));
#9446 = VECTOR('',#9447,1.);
#9447 = DIRECTION('',(0.,0.,1.));
#9448 = ORIENTED_EDGE('',*,*,#9155,.T.);
#9449 = ORIENTED_EDGE('',*,*,#9450,.T.);
#9450 = EDGE_CURVE('',#9156,#9451,#9453,.T.);
#9451 = VERTEX_POINT('',#9452);
#9452 = CARTESIAN_POINT('',(2.56,1.04,8.E-02));
#9453 = LINE('',#9454,#9455);
#9454 = CARTESIAN_POINT('',(2.56,1.04,0.));
#9455 = VECTOR('',#9456,1.);
#9456 = DIRECTION('',(0.,0.,1.));
#9457 = ORIENTED_EDGE('',*,*,#9458,.F.);
#9458 = EDGE_CURVE('',#9312,#9451,#9459,.T.);
#9459 = LINE('',#9460,#9461);
#9460 = CARTESIAN_POINT('',(2.56,0.86,8.E-02));
#9461 = VECTOR('',#9462,1.);
#9462 = DIRECTION('',(-0.,1.,0.));
#9463 = ORIENTED_EDGE('',*,*,#9319,.F.);
#9464 = PLANE('',#9465);
#9465 = AXIS2_PLACEMENT_3D('',#9466,#9467,#9468);
#9466 = CARTESIAN_POINT('',(2.56,0.86,0.));
#9467 = DIRECTION('',(1.,0.,-0.));
#9468 = DIRECTION('',(0.,0.,1.));
#9469 = ADVANCED_FACE('',(#9470),#9495,.T.);
#9470 = FACE_BOUND('',#9471,.T.);
#9471 = EDGE_LOOP('',(#9472,#9482,#9488,#9489));
#9472 = ORIENTED_EDGE('',*,*,#9473,.F.);
#9473 = EDGE_CURVE('',#9474,#9476,#9478,.T.);
#9474 = VERTEX_POINT('',#9475);
#9475 = CARTESIAN_POINT('',(1.96,-1.04,8.E-02));
#9476 = VERTEX_POINT('',#9477);
#9477 = CARTESIAN_POINT('',(1.96,-0.94,8.E-02));
#9478 = LINE('',#9479,#9480);
#9479 = CARTESIAN_POINT('',(1.96,-1.04,8.E-02));
#9480 = VECTOR('',#9481,1.);
#9481 = DIRECTION('',(-0.,1.,0.));
#9482 = ORIENTED_EDGE('',*,*,#9483,.T.);
#9483 = EDGE_CURVE('',#9474,#9376,#9484,.T.);
#9484 = LINE('',#9485,#9486);
#9485 = CARTESIAN_POINT('',(1.96,-1.04,8.E-02));
#9486 = VECTOR('',#9487,1.);
#9487 = DIRECTION('',(1.,0.,-0.));
#9488 = ORIENTED_EDGE('',*,*,#9398,.T.);
#9489 = ORIENTED_EDGE('',*,*,#9490,.F.);
#9490 = EDGE_CURVE('',#9476,#9258,#9491,.T.);
#9491 = LINE('',#9492,#9493);
#9492 = CARTESIAN_POINT('',(1.91,-0.94,8.E-02));
#9493 = VECTOR('',#9494,1.);
#9494 = DIRECTION('',(1.,0.,-0.));
#9495 = PLANE('',#9496);
#9496 = AXIS2_PLACEMENT_3D('',#9497,#9498,#9499);
#9497 = CARTESIAN_POINT('',(1.96,-1.04,8.E-02));
#9498 = DIRECTION('',(0.,0.,1.));
#9499 = DIRECTION('',(1.,0.,-0.));
#9500 = ADVANCED_FACE('',(#9501),#9519,.F.);
#9501 = FACE_BOUND('',#9502,.F.);
#9502 = EDGE_LOOP('',(#9503,#9511,#9517,#9518));
#9503 = ORIENTED_EDGE('',*,*,#9504,.F.);
#9504 = EDGE_CURVE('',#9505,#9374,#9507,.T.);
#9505 = VERTEX_POINT('',#9506);
#9506 = CARTESIAN_POINT('',(1.96,-1.04,0.));
#9507 = LINE('',#9508,#9509);
#9508 = CARTESIAN_POINT('',(1.96,-1.04,0.));
#9509 = VECTOR('',#9510,1.);
#9510 = DIRECTION('',(1.,0.,-0.));
#9511 = ORIENTED_EDGE('',*,*,#9512,.T.);
#9512 = EDGE_CURVE('',#9505,#9474,#9513,.T.);
#9513 = LINE('',#9514,#9515);
#9514 = CARTESIAN_POINT('',(1.96,-1.04,0.));
#9515 = VECTOR('',#9516,1.);
#9516 = DIRECTION('',(0.,0.,1.));
#9517 = ORIENTED_EDGE('',*,*,#9483,.T.);
#9518 = ORIENTED_EDGE('',*,*,#9373,.F.);
#9519 = PLANE('',#9520);
#9520 = AXIS2_PLACEMENT_3D('',#9521,#9522,#9523);
#9521 = CARTESIAN_POINT('',(1.96,-1.04,0.));
#9522 = DIRECTION('',(-0.,1.,0.));
#9523 = DIRECTION('',(0.,0.,1.));
#9524 = ADVANCED_FACE('',(#9525),#9543,.F.);
#9525 = FACE_BOUND('',#9526,.F.);
#9526 = EDGE_LOOP('',(#9527,#9535,#9536,#9537));
#9527 = ORIENTED_EDGE('',*,*,#9528,.F.);
#9528 = EDGE_CURVE('',#9505,#9529,#9531,.T.);
#9529 = VERTEX_POINT('',#9530);
#9530 = CARTESIAN_POINT('',(1.96,-0.86,0.));
#9531 = LINE('',#9532,#9533);
#9532 = CARTESIAN_POINT('',(1.96,-1.04,0.));
#9533 = VECTOR('',#9534,1.);
#9534 = DIRECTION('',(-0.,1.,0.));
#9535 = ORIENTED_EDGE('',*,*,#9504,.T.);
#9536 = ORIENTED_EDGE('',*,*,#9383,.T.);
#9537 = ORIENTED_EDGE('',*,*,#9538,.F.);
#9538 = EDGE_CURVE('',#9529,#9384,#9539,.T.);
#9539 = LINE('',#9540,#9541);
#9540 = CARTESIAN_POINT('',(1.96,-0.86,0.));
#9541 = VECTOR('',#9542,1.);
#9542 = DIRECTION('',(1.,0.,-0.));
#9543 = PLANE('',#9544);
#9544 = AXIS2_PLACEMENT_3D('',#9545,#9546,#9547);
#9545 = CARTESIAN_POINT('',(1.96,-1.04,0.));
#9546 = DIRECTION('',(0.,0.,1.));
#9547 = DIRECTION('',(1.,0.,-0.));
#9548 = ADVANCED_FACE('',(#9549),#9568,.F.);
#9549 = FACE_BOUND('',#9550,.F.);
#9550 = EDGE_LOOP('',(#9551,#9552,#9553,#9561,#9567));
#9551 = ORIENTED_EDGE('',*,*,#9512,.F.);
#9552 = ORIENTED_EDGE('',*,*,#9528,.T.);
#9553 = ORIENTED_EDGE('',*,*,#9554,.T.);
#9554 = EDGE_CURVE('',#9529,#9555,#9557,.T.);
#9555 = VERTEX_POINT('',#9556);
#9556 = CARTESIAN_POINT('',(1.96,-0.86,8.E-02));
#9557 = LINE('',#9558,#9559);
#9558 = CARTESIAN_POINT('',(1.96,-0.86,0.));
#9559 = VECTOR('',#9560,1.);
#9560 = DIRECTION('',(0.,0.,1.));
#9561 = ORIENTED_EDGE('',*,*,#9562,.F.);
#9562 = EDGE_CURVE('',#9476,#9555,#9563,.T.);
#9563 = LINE('',#9564,#9565);
#9564 = CARTESIAN_POINT('',(1.96,-1.04,8.E-02));
#9565 = VECTOR('',#9566,1.);
#9566 = DIRECTION('',(-0.,1.,0.));
#9567 = ORIENTED_EDGE('',*,*,#9473,.F.);
#9568 = PLANE('',#9569);
#9569 = AXIS2_PLACEMENT_3D('',#9570,#9571,#9572);
#9570 = CARTESIAN_POINT('',(1.96,-1.04,0.));
#9571 = DIRECTION('',(1.,0.,-0.));
#9572 = DIRECTION('',(0.,0.,1.));
#9573 = ADVANCED_FACE('',(#9574),#9599,.F.);
#9574 = FACE_BOUND('',#9575,.F.);
#9575 = EDGE_LOOP('',(#9576,#9584,#9592,#9598));
#9576 = ORIENTED_EDGE('',*,*,#9577,.F.);
#9577 = EDGE_CURVE('',#9578,#9555,#9580,.T.);
#9578 = VERTEX_POINT('',#9579);
#9579 = CARTESIAN_POINT('',(1.91,-0.86,8.E-02));
#9580 = LINE('',#9581,#9582);
#9581 = CARTESIAN_POINT('',(1.91,-0.86,8.E-02));
#9582 = VECTOR('',#9583,1.);
#9583 = DIRECTION('',(1.,0.,-0.));
#9584 = ORIENTED_EDGE('',*,*,#9585,.F.);
#9585 = EDGE_CURVE('',#9586,#9578,#9588,.T.);
#9586 = VERTEX_POINT('',#9587);
#9587 = CARTESIAN_POINT('',(1.91,-0.94,8.E-02));
#9588 = LINE('',#9589,#9590);
#9589 = CARTESIAN_POINT('',(1.91,-0.94,8.E-02));
#9590 = VECTOR('',#9591,1.);
#9591 = DIRECTION('',(-0.,1.,0.));
#9592 = ORIENTED_EDGE('',*,*,#9593,.T.);
#9593 = EDGE_CURVE('',#9586,#9476,#9594,.T.);
#9594 = LINE('',#9595,#9596);
#9595 = CARTESIAN_POINT('',(1.91,-0.94,8.E-02));
#9596 = VECTOR('',#9597,1.);
#9597 = DIRECTION('',(1.,0.,-0.));
#9598 = ORIENTED_EDGE('',*,*,#9562,.T.);
#9599 = PLANE('',#9600);
#9600 = AXIS2_PLACEMENT_3D('',#9601,#9602,#9603);
#9601 = CARTESIAN_POINT('',(1.91,-0.94,8.E-02));
#9602 = DIRECTION('',(0.,0.,1.));
#9603 = DIRECTION('',(1.,0.,-0.));
#9604 = ADVANCED_FACE('',(#9605),#9630,.F.);
#9605 = FACE_BOUND('',#9606,.F.);
#9606 = EDGE_LOOP('',(#9607,#9615,#9616,#9624));
#9607 = ORIENTED_EDGE('',*,*,#9608,.F.);
#9608 = EDGE_CURVE('',#9586,#9609,#9611,.T.);
#9609 = VERTEX_POINT('',#9610);
#9610 = CARTESIAN_POINT('',(1.91,-0.94,0.53));
#9611 = LINE('',#9612,#9613);
#9612 = CARTESIAN_POINT('',(1.91,-0.94,8.E-02));
#9613 = VECTOR('',#9614,1.);
#9614 = DIRECTION('',(0.,0.,1.));
#9615 = ORIENTED_EDGE('',*,*,#9585,.T.);
#9616 = ORIENTED_EDGE('',*,*,#9617,.T.);
#9617 = EDGE_CURVE('',#9578,#9618,#9620,.T.);
#9618 = VERTEX_POINT('',#9619);
#9619 = CARTESIAN_POINT('',(1.91,-0.86,0.53));
#9620 = LINE('',#9621,#9622);
#9621 = CARTESIAN_POINT('',(1.91,-0.86,8.E-02));
#9622 = VECTOR('',#9623,1.);
#9623 = DIRECTION('',(0.,0.,1.));
#9624 = ORIENTED_EDGE('',*,*,#9625,.F.);
#9625 = EDGE_CURVE('',#9609,#9618,#9626,.T.);
#9626 = LINE('',#9627,#9628);
#9627 = CARTESIAN_POINT('',(1.91,-0.94,0.53));
#9628 = VECTOR('',#9629,1.);
#9629 = DIRECTION('',(-0.,1.,0.));
#9630 = PLANE('',#9631);
#9631 = AXIS2_PLACEMENT_3D('',#9632,#9633,#9634);
#9632 = CARTESIAN_POINT('',(1.91,-0.94,8.E-02));
#9633 = DIRECTION('',(1.,0.,-0.));
#9634 = DIRECTION('',(0.,0.,1.));
#9635 = ADVANCED_FACE('',(#9636),#9652,.T.);
#9636 = FACE_BOUND('',#9637,.T.);
#9637 = EDGE_LOOP('',(#9638,#9639,#9645,#9646));
#9638 = ORIENTED_EDGE('',*,*,#9131,.F.);
#9639 = ORIENTED_EDGE('',*,*,#9640,.T.);
#9640 = EDGE_CURVE('',#9039,#9312,#9641,.T.);
#9641 = LINE('',#9642,#9643);
#9642 = CARTESIAN_POINT('',(1.91,0.94,8.E-02));
#9643 = VECTOR('',#9644,1.);
#9644 = DIRECTION('',(1.,0.,-0.));
#9645 = ORIENTED_EDGE('',*,*,#9458,.T.);
#9646 = ORIENTED_EDGE('',*,*,#9647,.F.);
#9647 = EDGE_CURVE('',#9124,#9451,#9648,.T.);
#9648 = LINE('',#9649,#9650);
#9649 = CARTESIAN_POINT('',(1.96,1.04,8.E-02));
#9650 = VECTOR('',#9651,1.);
#9651 = DIRECTION('',(1.,0.,-0.));
#9652 = PLANE('',#9653);
#9653 = AXIS2_PLACEMENT_3D('',#9654,#9655,#9656);
#9654 = CARTESIAN_POINT('',(1.96,0.86,8.E-02));
#9655 = DIRECTION('',(0.,0.,1.));
#9656 = DIRECTION('',(1.,0.,-0.));
#9657 = ADVANCED_FACE('',(#9658),#9664,.T.);
#9658 = FACE_BOUND('',#9659,.T.);
#9659 = EDGE_LOOP('',(#9660,#9661,#9662,#9663));
#9660 = ORIENTED_EDGE('',*,*,#9163,.F.);
#9661 = ORIENTED_EDGE('',*,*,#9123,.T.);
#9662 = ORIENTED_EDGE('',*,*,#9647,.T.);
#9663 = ORIENTED_EDGE('',*,*,#9450,.F.);
#9664 = PLANE('',#9665);
#9665 = AXIS2_PLACEMENT_3D('',#9666,#9667,#9668);
#9666 = CARTESIAN_POINT('',(1.96,1.04,0.));
#9667 = DIRECTION('',(-0.,1.,0.));
#9668 = DIRECTION('',(0.,0.,1.));
#9669 = ADVANCED_FACE('',(#9670),#9692,.T.);
#9670 = FACE_BOUND('',#9671,.T.);
#9671 = EDGE_LOOP('',(#9672,#9680,#9686,#9687,#9688,#9689,#9690,#9691));
#9672 = ORIENTED_EDGE('',*,*,#9673,.T.);
#9673 = EDGE_CURVE('',#9344,#9674,#9676,.T.);
#9674 = VERTEX_POINT('',#9675);
#9675 = CARTESIAN_POINT('',(2.73,-0.94,0.53));
#9676 = LINE('',#9677,#9678);
#9677 = CARTESIAN_POINT('',(2.73,-0.94,0.));
#9678 = VECTOR('',#9679,1.);
#9679 = DIRECTION('',(0.,0.,1.));
#9680 = ORIENTED_EDGE('',*,*,#9681,.F.);
#9681 = EDGE_CURVE('',#9609,#9674,#9682,.T.);
#9682 = LINE('',#9683,#9684);
#9683 = CARTESIAN_POINT('',(2.65,-0.94,0.53));
#9684 = VECTOR('',#9685,1.);
#9685 = DIRECTION('',(1.,0.,-0.));
#9686 = ORIENTED_EDGE('',*,*,#9608,.F.);
#9687 = ORIENTED_EDGE('',*,*,#9593,.T.);
#9688 = ORIENTED_EDGE('',*,*,#9490,.T.);
#9689 = ORIENTED_EDGE('',*,*,#9265,.T.);
#9690 = ORIENTED_EDGE('',*,*,#9177,.F.);
#9691 = ORIENTED_EDGE('',*,*,#9343,.T.);
#9692 = PLANE('',#9693);
#9693 = AXIS2_PLACEMENT_3D('',#9694,#9695,#9696);
#9694 = CARTESIAN_POINT('',(2.341925925926,-0.94,0.286925925926));
#9695 = DIRECTION('',(-0.,-1.,-0.));
#9696 = DIRECTION('',(0.,0.,-1.));
#9697 = ADVANCED_FACE('',(#9698),#9715,.T.);
#9698 = FACE_BOUND('',#9699,.T.);
#9699 = EDGE_LOOP('',(#9700,#9701,#9702,#9708,#9709,#9710,#9711,#9712,
    #9713,#9714));
#9700 = ORIENTED_EDGE('',*,*,#9577,.F.);
#9701 = ORIENTED_EDGE('',*,*,#9617,.T.);
#9702 = ORIENTED_EDGE('',*,*,#9703,.T.);
#9703 = EDGE_CURVE('',#9618,#9413,#9704,.T.);
#9704 = LINE('',#9705,#9706);
#9705 = CARTESIAN_POINT('',(1.91,-0.86,0.53));
#9706 = VECTOR('',#9707,1.);
#9707 = DIRECTION('',(1.,0.,-0.));
#9708 = ORIENTED_EDGE('',*,*,#9412,.F.);
#9709 = ORIENTED_EDGE('',*,*,#9296,.F.);
#9710 = ORIENTED_EDGE('',*,*,#9227,.F.);
#9711 = ORIENTED_EDGE('',*,*,#9249,.F.);
#9712 = ORIENTED_EDGE('',*,*,#9391,.F.);
#9713 = ORIENTED_EDGE('',*,*,#9538,.F.);
#9714 = ORIENTED_EDGE('',*,*,#9554,.T.);
#9715 = PLANE('',#9716);
#9716 = AXIS2_PLACEMENT_3D('',#9717,#9718,#9719);
#9717 = CARTESIAN_POINT('',(2.269291338583,-0.86,0.259960629921));
#9718 = DIRECTION('',(0.,1.,0.));
#9719 = DIRECTION('',(0.,-0.,1.));
#9720 = ADVANCED_FACE('',(#9721),#9738,.T.);
#9721 = FACE_BOUND('',#9722,.T.);
#9722 = EDGE_LOOP('',(#9723,#9724,#9725,#9726,#9727,#9728,#9729,#9730,
    #9731,#9737));
#9723 = ORIENTED_EDGE('',*,*,#9054,.T.);
#9724 = ORIENTED_EDGE('',*,*,#9107,.F.);
#9725 = ORIENTED_EDGE('',*,*,#9147,.T.);
#9726 = ORIENTED_EDGE('',*,*,#9443,.T.);
#9727 = ORIENTED_EDGE('',*,*,#9327,.T.);
#9728 = ORIENTED_EDGE('',*,*,#9211,.T.);
#9729 = ORIENTED_EDGE('',*,*,#9280,.T.);
#9730 = ORIENTED_EDGE('',*,*,#9421,.T.);
#9731 = ORIENTED_EDGE('',*,*,#9732,.F.);
#9732 = EDGE_CURVE('',#9077,#9422,#9733,.T.);
#9733 = LINE('',#9734,#9735);
#9734 = CARTESIAN_POINT('',(1.91,0.86,0.53));
#9735 = VECTOR('',#9736,1.);
#9736 = DIRECTION('',(1.,0.,-0.));
#9737 = ORIENTED_EDGE('',*,*,#9076,.F.);
#9738 = PLANE('',#9739);
#9739 = AXIS2_PLACEMENT_3D('',#9740,#9741,#9742);
#9740 = CARTESIAN_POINT('',(2.269291338583,0.86,0.259960629921));
#9741 = DIRECTION('',(-0.,-1.,-0.));
#9742 = DIRECTION('',(0.,0.,-1.));
#9743 = ADVANCED_FACE('',(#9744),#9766,.T.);
#9744 = FACE_BOUND('',#9745,.T.);
#9745 = EDGE_LOOP('',(#9746,#9747,#9748,#9749,#9750,#9751,#9752,#9760));
#9746 = ORIENTED_EDGE('',*,*,#9359,.F.);
#9747 = ORIENTED_EDGE('',*,*,#9195,.T.);
#9748 = ORIENTED_EDGE('',*,*,#9311,.F.);
#9749 = ORIENTED_EDGE('',*,*,#9640,.F.);
#9750 = ORIENTED_EDGE('',*,*,#9036,.F.);
#9751 = ORIENTED_EDGE('',*,*,#9085,.T.);
#9752 = ORIENTED_EDGE('',*,*,#9753,.T.);
#9753 = EDGE_CURVE('',#9086,#9754,#9756,.T.);
#9754 = VERTEX_POINT('',#9755);
#9755 = CARTESIAN_POINT('',(2.73,0.94,0.53));
#9756 = LINE('',#9757,#9758);
#9757 = CARTESIAN_POINT('',(1.91,0.94,0.53));
#9758 = VECTOR('',#9759,1.);
#9759 = DIRECTION('',(1.,0.,-0.));
#9760 = ORIENTED_EDGE('',*,*,#9761,.F.);
#9761 = EDGE_CURVE('',#9352,#9754,#9762,.T.);
#9762 = LINE('',#9763,#9764);
#9763 = CARTESIAN_POINT('',(2.73,0.94,0.));
#9764 = VECTOR('',#9765,1.);
#9765 = DIRECTION('',(0.,0.,1.));
#9766 = PLANE('',#9767);
#9767 = AXIS2_PLACEMENT_3D('',#9768,#9769,#9770);
#9768 = CARTESIAN_POINT('',(2.341925925926,0.94,0.286925925926));
#9769 = DIRECTION('',(0.,1.,0.));
#9770 = DIRECTION('',(0.,-0.,1.));
#9771 = ADVANCED_FACE('',(#9772),#9783,.T.);
#9772 = FACE_BOUND('',#9773,.T.);
#9773 = EDGE_LOOP('',(#9774,#9775,#9776,#9777));
#9774 = ORIENTED_EDGE('',*,*,#9673,.F.);
#9775 = ORIENTED_EDGE('',*,*,#9351,.T.);
#9776 = ORIENTED_EDGE('',*,*,#9761,.T.);
#9777 = ORIENTED_EDGE('',*,*,#9778,.F.);
#9778 = EDGE_CURVE('',#9674,#9754,#9779,.T.);
#9779 = LINE('',#9780,#9781);
#9780 = CARTESIAN_POINT('',(2.73,-0.94,0.53));
#9781 = VECTOR('',#9782,1.);
#9782 = DIRECTION('',(-0.,1.,0.));
#9783 = PLANE('',#9784);
#9784 = AXIS2_PLACEMENT_3D('',#9785,#9786,#9787);
#9785 = CARTESIAN_POINT('',(2.73,-0.94,0.));
#9786 = DIRECTION('',(1.,0.,-0.));
#9787 = DIRECTION('',(0.,0.,1.));
#9788 = ADVANCED_FACE('',(#9789),#9799,.T.);
#9789 = FACE_BOUND('',#9790,.T.);
#9790 = EDGE_LOOP('',(#9791,#9792,#9793,#9794,#9795,#9796,#9797,#9798));
#9791 = ORIENTED_EDGE('',*,*,#9703,.F.);
#9792 = ORIENTED_EDGE('',*,*,#9625,.F.);
#9793 = ORIENTED_EDGE('',*,*,#9681,.T.);
#9794 = ORIENTED_EDGE('',*,*,#9778,.T.);
#9795 = ORIENTED_EDGE('',*,*,#9753,.F.);
#9796 = ORIENTED_EDGE('',*,*,#9093,.F.);
#9797 = ORIENTED_EDGE('',*,*,#9732,.T.);
#9798 = ORIENTED_EDGE('',*,*,#9429,.F.);
#9799 = PLANE('',#9800);
#9800 = AXIS2_PLACEMENT_3D('',#9801,#9802,#9803);
#9801 = CARTESIAN_POINT('',(2.413885350318,3.535742116641E-17,0.53));
#9802 = DIRECTION('',(0.,0.,1.));
#9803 = DIRECTION('',(1.,0.,-0.));
#9804 = ( GEOMETRIC_REPRESENTATION_CONTEXT(3) 
GLOBAL_UNCERTAINTY_ASSIGNED_CONTEXT((#9808)) 
GLOBAL_UNIT_ASSIGNED_CONTEXT((#9805,#9806,#9807)) REPRESENTATION_CONTEXT
('Context #1','3D Context with UNIT and UNCERTAINTY') );
#9805 = ( LENGTH_UNIT() NAMED_UNIT(*) SI_UNIT(.MILLI.,.METRE.) );
#9806 = ( NAMED_UNIT(*) PLANE_ANGLE_UNIT() SI_UNIT($,.RADIAN.) );
#9807 = ( NAMED_UNIT(*) SI_UNIT($,.STERADIAN.) SOLID_ANGLE_UNIT() );
#9808 = UNCERTAINTY_MEASURE_WITH_UNIT(LENGTH_MEASURE(1.E-07),#9805,
  'distance_accuracy_value','confusion accuracy');
#9809 = CONTEXT_DEPENDENT_SHAPE_REPRESENTATION(#9810,#9812);
#9810 = ( REPRESENTATION_RELATIONSHIP('','',#9029,#10) 
REPRESENTATION_RELATIONSHIP_WITH_TRANSFORMATION(#9811) 
SHAPE_REPRESENTATION_RELATIONSHIP() );
#9811 = ITEM_DEFINED_TRANSFORMATION('','',#11,#79);
#9812 = PRODUCT_DEFINITION_SHAPE('Placement','Placement of an item',
  #9813);
#9813 = NEXT_ASSEMBLY_USAGE_OCCURRENCE('17','rec_post_16','',#5,#9024,$
  );
#9814 = PRODUCT_RELATED_PRODUCT_CATEGORY('part',$,(#9026));
#9815 = COLOUR_RGB('',0.0900,0.0900,0.1000);
#9816 = FILL_AREA_STYLE_COLOUR('',#9815);
#9817 = FILL_AREA_STYLE('',(#9816));
#9818 = SURFACE_STYLE_FILL_AREA(#9817);
#9819 = SURFACE_SIDE_STYLE('',(#9818));
#9820 = SURFACE_STYLE_USAGE(.BOTH.,#9819);
#9821 = PRESENTATION_STYLE_ASSIGNMENT((#9820));
#9822 = STYLED_ITEM('color',(#9821),#97);
#9823 = MECHANICAL_DESIGN_GEOMETRIC_PRESENTATION_REPRESENTATION('',(#9822),#4928);
#9824 = COLOUR_RGB('',0.8600,0.6900,0.2500);
#9825 = FILL_AREA_STYLE_COLOUR('',#9824);
#9826 = FILL_AREA_STYLE('',(#9825));
#9827 = SURFACE_STYLE_FILL_AREA(#9826);
#9828 = SURFACE_SIDE_STYLE('',(#9827));
#9829 = SURFACE_STYLE_USAGE(.BOTH.,#9828);
#9830 = PRESENTATION_STYLE_ASSIGNMENT((#9829));
#9831 = STYLED_ITEM('color',(#9830),#4947);
#9832 = MECHANICAL_DESIGN_GEOMETRIC_PRESENTATION_REPRESENTATION('',(#9831),#5163);
#9833 = COLOUR_RGB('',0.8600,0.6900,0.2500);
#9834 = FILL_AREA_STYLE_COLOUR('',#9833);
#9835 = FILL_AREA_STYLE('',(#9834));
#9836 = SURFACE_STYLE_FILL_AREA(#9835);
#9837 = SURFACE_SIDE_STYLE('',(#9836));
#9838 = SURFACE_STYLE_USAGE(.BOTH.,#9837);
#9839 = PRESENTATION_STYLE_ASSIGNMENT((#9838));
#9840 = STYLED_ITEM('color',(#9839),#5182);
#9841 = MECHANICAL_DESIGN_GEOMETRIC_PRESENTATION_REPRESENTATION('',(#9840),#5398);
#9842 = COLOUR_RGB('',0.8600,0.6900,0.2500);
#9843 = FILL_AREA_STYLE_COLOUR('',#9842);
#9844 = FILL_AREA_STYLE('',(#9843));
#9845 = SURFACE_STYLE_FILL_AREA(#9844);
#9846 = SURFACE_SIDE_STYLE('',(#9845));
#9847 = SURFACE_STYLE_USAGE(.BOTH.,#9846);
#9848 = PRESENTATION_STYLE_ASSIGNMENT((#9847));
#9849 = STYLED_ITEM('color',(#9848),#5417);
#9850 = MECHANICAL_DESIGN_GEOMETRIC_PRESENTATION_REPRESENTATION('',(#9849),#5633);
#9851 = COLOUR_RGB('',0.8600,0.6900,0.2500);
#9852 = FILL_AREA_STYLE_COLOUR('',#9851);
#9853 = FILL_AREA_STYLE('',(#9852));
#9854 = SURFACE_STYLE_FILL_AREA(#9853);
#9855 = SURFACE_SIDE_STYLE('',(#9854));
#9856 = SURFACE_STYLE_USAGE(.BOTH.,#9855);
#9857 = PRESENTATION_STYLE_ASSIGNMENT((#9856));
#9858 = STYLED_ITEM('color',(#9857),#5652);
#9859 = MECHANICAL_DESIGN_GEOMETRIC_PRESENTATION_REPRESENTATION('',(#9858),#5868);
#9860 = COLOUR_RGB('',0.8600,0.6900,0.2500);
#9861 = FILL_AREA_STYLE_COLOUR('',#9860);
#9862 = FILL_AREA_STYLE('',(#9861));
#9863 = SURFACE_STYLE_FILL_AREA(#9862);
#9864 = SURFACE_SIDE_STYLE('',(#9863));
#9865 = SURFACE_STYLE_USAGE(.BOTH.,#9864);
#9866 = PRESENTATION_STYLE_ASSIGNMENT((#9865));
#9867 = STYLED_ITEM('color',(#9866),#5887);
#9868 = MECHANICAL_DESIGN_GEOMETRIC_PRESENTATION_REPRESENTATION('',(#9867),#6103);
#9869 = COLOUR_RGB('',0.8600,0.6900,0.2500);
#9870 = FILL_AREA_STYLE_COLOUR('',#9869);
#9871 = FILL_AREA_STYLE('',(#9870));
#9872 = SURFACE_STYLE_FILL_AREA(#9871);
#9873 = SURFACE_SIDE_STYLE('',(#9872));
#9874 = SURFACE_STYLE_USAGE(.BOTH.,#9873);
#9875 = PRESENTATION_STYLE_ASSIGNMENT((#9874));
#9876 = STYLED_ITEM('color',(#9875),#6122);
#9877 = MECHANICAL_DESIGN_GEOMETRIC_PRESENTATION_REPRESENTATION('',(#9876),#6338);
#9878 = COLOUR_RGB('',0.8600,0.6900,0.2500);
#9879 = FILL_AREA_STYLE_COLOUR('',#9878);
#9880 = FILL_AREA_STYLE('',(#9879));
#9881 = SURFACE_STYLE_FILL_AREA(#9880);
#9882 = SURFACE_SIDE_STYLE('',(#9881));
#9883 = SURFACE_STYLE_USAGE(.BOTH.,#9882);
#9884 = PRESENTATION_STYLE_ASSIGNMENT((#9883));
#9885 = STYLED_ITEM('color',(#9884),#6357);
#9886 = MECHANICAL_DESIGN_GEOMETRIC_PRESENTATION_REPRESENTATION('',(#9885),#6573);
#9887 = COLOUR_RGB('',0.8600,0.6900,0.2500);
#9888 = FILL_AREA_STYLE_COLOUR('',#9887);
#9889 = FILL_AREA_STYLE('',(#9888));
#9890 = SURFACE_STYLE_FILL_AREA(#9889);
#9891 = SURFACE_SIDE_STYLE('',(#9890));
#9892 = SURFACE_STYLE_USAGE(.BOTH.,#9891);
#9893 = PRESENTATION_STYLE_ASSIGNMENT((#9892));
#9894 = STYLED_ITEM('color',(#9893),#6592);
#9895 = MECHANICAL_DESIGN_GEOMETRIC_PRESENTATION_REPRESENTATION('',(#9894),#6808);
#9896 = COLOUR_RGB('',0.8600,0.6900,0.2500);
#9897 = FILL_AREA_STYLE_COLOUR('',#9896);
#9898 = FILL_AREA_STYLE('',(#9897));
#9899 = SURFACE_STYLE_FILL_AREA(#9898);
#9900 = SURFACE_SIDE_STYLE('',(#9899));
#9901 = SURFACE_STYLE_USAGE(.BOTH.,#9900);
#9902 = PRESENTATION_STYLE_ASSIGNMENT((#9901));
#9903 = STYLED_ITEM('color',(#9902),#6827);
#9904 = MECHANICAL_DESIGN_GEOMETRIC_PRESENTATION_REPRESENTATION('',(#9903),#7043);
#9905 = COLOUR_RGB('',0.8600,0.6900,0.2500);
#9906 = FILL_AREA_STYLE_COLOUR('',#9905);
#9907 = FILL_AREA_STYLE('',(#9906));
#9908 = SURFACE_STYLE_FILL_AREA(#9907);
#9909 = SURFACE_SIDE_STYLE('',(#9908));
#9910 = SURFACE_STYLE_USAGE(.BOTH.,#9909);
#9911 = PRESENTATION_STYLE_ASSIGNMENT((#9910));
#9912 = STYLED_ITEM('color',(#9911),#7062);
#9913 = MECHANICAL_DESIGN_GEOMETRIC_PRESENTATION_REPRESENTATION('',(#9912),#7278);
#9914 = COLOUR_RGB('',0.8600,0.6900,0.2500);
#9915 = FILL_AREA_STYLE_COLOUR('',#9914);
#9916 = FILL_AREA_STYLE('',(#9915));
#9917 = SURFACE_STYLE_FILL_AREA(#9916);
#9918 = SURFACE_SIDE_STYLE('',(#9917));
#9919 = SURFACE_STYLE_USAGE(.BOTH.,#9918);
#9920 = PRESENTATION_STYLE_ASSIGNMENT((#9919));
#9921 = STYLED_ITEM('color',(#9920),#7297);
#9922 = MECHANICAL_DESIGN_GEOMETRIC_PRESENTATION_REPRESENTATION('',(#9921),#7513);
#9923 = COLOUR_RGB('',0.8600,0.6900,0.2500);
#9924 = FILL_AREA_STYLE_COLOUR('',#9923);
#9925 = FILL_AREA_STYLE('',(#9924));
#9926 = SURFACE_STYLE_FILL_AREA(#9925);
#9927 = SURFACE_SIDE_STYLE('',(#9926));
#9928 = SURFACE_STYLE_USAGE(.BOTH.,#9927);
#9929 = PRESENTATION_STYLE_ASSIGNMENT((#9928));
#9930 = STYLED_ITEM('color',(#9929),#7532);
#9931 = MECHANICAL_DESIGN_GEOMETRIC_PRESENTATION_REPRESENTATION('',(#9930),#7748);
#9932 = COLOUR_RGB('',0.8600,0.6900,0.2500);
#9933 = FILL_AREA_STYLE_COLOUR('',#9932);
#9934 = FILL_AREA_STYLE('',(#9933));
#9935 = SURFACE_STYLE_FILL_AREA(#9934);
#9936 = SURFACE_SIDE_STYLE('',(#9935));
#9937 = SURFACE_STYLE_USAGE(.BOTH.,#9936);
#9938 = PRESENTATION_STYLE_ASSIGNMENT((#9937));
#9939 = STYLED_ITEM('color',(#9938),#7767);
#9940 = MECHANICAL_DESIGN_GEOMETRIC_PRESENTATION_REPRESENTATION('',(#9939),#7983);
#9941 = COLOUR_RGB('',0.8600,0.6900,0.2500);
#9942 = FILL_AREA_STYLE_COLOUR('',#9941);
#9943 = FILL_AREA_STYLE('',(#9942));
#9944 = SURFACE_STYLE_FILL_AREA(#9943);
#9945 = SURFACE_SIDE_STYLE('',(#9944));
#9946 = SURFACE_STYLE_USAGE(.BOTH.,#9945);
#9947 = PRESENTATION_STYLE_ASSIGNMENT((#9946));
#9948 = STYLED_ITEM('color',(#9947),#8002);
#9949 = MECHANICAL_DESIGN_GEOMETRIC_PRESENTATION_REPRESENTATION('',(#9948),#8218);
#9950 = COLOUR_RGB('',0.7600,0.7700,0.7900);
#9951 = FILL_AREA_STYLE_COLOUR('',#9950);
#9952 = FILL_AREA_STYLE('',(#9951));
#9953 = SURFACE_STYLE_FILL_AREA(#9952);
#9954 = SURFACE_SIDE_STYLE('',(#9953));
#9955 = SURFACE_STYLE_USAGE(.BOTH.,#9954);
#9956 = PRESENTATION_STYLE_ASSIGNMENT((#9955));
#9957 = STYLED_ITEM('color',(#9956),#8237);
#9958 = MECHANICAL_DESIGN_GEOMETRIC_PRESENTATION_REPRESENTATION('',(#9957),#9011);
#9959 = COLOUR_RGB('',0.7600,0.7700,0.7900);
#9960 = FILL_AREA_STYLE_COLOUR('',#9959);
#9961 = FILL_AREA_STYLE('',(#9960));
#9962 = SURFACE_STYLE_FILL_AREA(#9961);
#9963 = SURFACE_SIDE_STYLE('',(#9962));
#9964 = SURFACE_STYLE_USAGE(.BOTH.,#9963);
#9965 = PRESENTATION_STYLE_ASSIGNMENT((#9964));
#9966 = STYLED_ITEM('color',(#9965),#9030);
#9967 = MECHANICAL_DESIGN_GEOMETRIC_PRESENTATION_REPRESENTATION('',(#9966),#9804);
ENDSEC;
END-ISO-10303-21;
