ISO-10303-21;
HEADER;
FILE_DESCRIPTION(('FreeCAD Model'),'2;1');
FILE_NAME('JUSHUO_AFA07-S15FCA-00_1x15-1MP_P1.0mm_Horizontal.step','2026-10-02T00:00:00',('Author'),(
    ''),'Open CASCADE STEP processor 7.9','FreeCAD','Unknown');
FILE_SCHEMA(('AUTOMOTIVE_DESIGN { 1 0 10303 214 1 1 1 1 }'));
ENDSEC;
DATA;
#1 = APPLICATION_PROTOCOL_DEFINITION('international standard',
  'automotive_design',2000,#2);
#2 = APPLICATION_CONTEXT(
  'core data for automotive mechanical design processes');
#3 = SHAPE_DEFINITION_REPRESENTATION(#4,#10);
#4 = PRODUCT_DEFINITION_SHAPE('','',#5);
#5 = PRODUCT_DEFINITION('design','',#6,#9);
#6 = PRODUCT_DEFINITION_FORMATION('','',#7);
#7 = PRODUCT('afa07','afa07','',(#8));
#8 = PRODUCT_CONTEXT('',#2,'mechanical');
#9 = PRODUCT_DEFINITION_CONTEXT('part definition',#2,'design');
#10 = SHAPE_REPRESENTATION('',(#11,#15,#19,#23,#27),#31);
#11 = AXIS2_PLACEMENT_3D('',#12,#13,#14);
#12 = CARTESIAN_POINT('',(0.,0.,0.));
#13 = DIRECTION('',(0.,0.,1.));
#14 = DIRECTION('',(1.,0.,-0.));
#15 = AXIS2_PLACEMENT_3D('',#16,#17,#18);
#16 = CARTESIAN_POINT('',(0.,0.,0.));
#17 = DIRECTION('',(0.,0.,1.));
#18 = DIRECTION('',(1.,0.,0.));
#19 = AXIS2_PLACEMENT_3D('',#20,#21,#22);
#20 = CARTESIAN_POINT('',(0.,0.,0.));
#21 = DIRECTION('',(0.,0.,1.));
#22 = DIRECTION('',(1.,0.,0.));
#23 = AXIS2_PLACEMENT_3D('',#24,#25,#26);
#24 = CARTESIAN_POINT('',(0.,0.,0.));
#25 = DIRECTION('',(0.,0.,1.));
#26 = DIRECTION('',(1.,0.,0.));
#27 = AXIS2_PLACEMENT_3D('',#28,#29,#30);
#28 = CARTESIAN_POINT('',(0.,0.,0.));
#29 = DIRECTION('',(0.,0.,1.));
#30 = DIRECTION('',(1.,0.,0.));
#31 = ( GEOMETRIC_REPRESENTATION_CONTEXT(3) 
GLOBAL_UNCERTAINTY_ASSIGNED_CONTEXT((#35)) GLOBAL_UNIT_ASSIGNED_CONTEXT(
(#32,#33,#34)) REPRESENTATION_CONTEXT('Context #1',
  '3D Context with UNIT and UNCERTAINTY') );
#32 = ( LENGTH_UNIT() NAMED_UNIT(*) SI_UNIT(.MILLI.,.METRE.) );
#33 = ( NAMED_UNIT(*) PLANE_ANGLE_UNIT() SI_UNIT($,.RADIAN.) );
#34 = ( NAMED_UNIT(*) SI_UNIT($,.STERADIAN.) SOLID_ANGLE_UNIT() );
#35 = UNCERTAINTY_MEASURE_WITH_UNIT(LENGTH_MEASURE(1.E-07),#32,
  'distance_accuracy_value','confusion accuracy');
#36 = PRODUCT_RELATED_PRODUCT_CATEGORY('part',$,(#7));
#37 = SHAPE_DEFINITION_REPRESENTATION(#38,#44);
#38 = PRODUCT_DEFINITION_SHAPE('','',#39);
#39 = PRODUCT_DEFINITION('design','',#40,#43);
#40 = PRODUCT_DEFINITION_FORMATION('','',#41);
#41 = PRODUCT('housing','housing','',(#42));
#42 = PRODUCT_CONTEXT('',#2,'mechanical');
#43 = PRODUCT_DEFINITION_CONTEXT('part definition',#2,'design');
#44 = ADVANCED_BREP_SHAPE_REPRESENTATION('',(#11,#45),#9829);
#45 = MANIFOLD_SOLID_BREP('',#46);
#46 = CLOSED_SHELL('',(#47,#103,#134,#181,#1193,#1240,#1271,#1309,#1356,
    #1387,#1425,#1472,#1503,#1541,#1588,#1619,#1657,#1704,#1735,#1773,
    #1820,#1851,#1889,#1936,#1967,#2005,#2052,#2083,#2121,#2168,#2199,
    #2237,#2284,#2315,#2353,#2400,#2431,#2469,#2516,#2547,#2585,#2632,
    #2663,#2701,#2748,#2779,#2817,#2953,#2984,#3621,#3667,#3684,#3709,
    #3731,#3748,#3765,#3795,#3812,#3853,#3884,#3901,#3925,#3949,#4004,
    #4028,#4076,#4116,#4171,#4195,#4243,#4283,#4338,#4362,#4410,#4450,
    #4505,#4529,#4577,#4617,#4672,#4696,#4744,#4784,#4839,#4863,#4911,
    #4951,#5006,#5030,#5078,#5118,#5173,#5197,#5245,#5285,#5340,#5364,
    #5412,#5452,#5507,#5531,#5579,#5619,#5674,#5698,#5746,#5786,#5841,
    #5865,#5913,#5953,#6008,#6032,#6080,#6120,#6175,#6199,#6247,#6287,
    #6342,#6366,#6414,#6454,#6471,#6493,#6515,#6532,#6556,#6578,#6600,
    #6617,#6639,#6663,#6680,#6697,#6721,#6743,#6765,#6782,#6804,#6828,
    #6845,#6862,#6886,#6908,#6930,#6947,#6969,#6993,#7010,#7027,#7051,
    #7073,#7095,#7112,#7134,#7158,#7175,#7192,#7216,#7238,#7260,#7277,
    #7299,#7323,#7340,#7357,#7381,#7403,#7425,#7442,#7464,#7488,#7505,
    #7522,#7546,#7568,#7590,#7607,#7629,#7653,#7670,#7687,#7711,#7733,
    #7755,#7772,#7794,#7818,#7835,#7852,#7876,#7898,#7920,#7937,#7959,
    #7983,#8000,#8017,#8041,#8063,#8085,#8102,#8124,#8148,#8165,#8182,
    #8206,#8228,#8250,#8267,#8289,#8313,#8330,#8347,#8371,#8393,#8415,
    #8432,#8454,#8478,#8495,#8512,#8536,#8558,#8580,#8597,#8619,#8643,
    #8660,#8677,#8701,#8723,#8745,#8762,#8784,#8808,#8825,#8842,#8866,
    #8888,#8910,#8927,#8949,#8973,#8990,#9007,#9021,#9035,#9049,#9063,
    #9077,#9091,#9105,#9119,#9133,#9147,#9161,#9175,#9189,#9203,#9217,
    #9231,#9245,#9259,#9273,#9287,#9301,#9315,#9329,#9343,#9357,#9371,
    #9385,#9399,#9413,#9427,#9441,#9455,#9469,#9483,#9497,#9511,#9525,
    #9539,#9553,#9567,#9581,#9595,#9609,#9623,#9637,#9670,#9701,#9730,
    #9815));
#47 = ADVANCED_FACE('',(#48),#98,.F.);
#48 = FACE_BOUND('',#49,.F.);
#49 = EDGE_LOOP('',(#50,#60,#68,#76,#84,#92));
#50 = ORIENTED_EDGE('',*,*,#51,.F.);
#51 = EDGE_CURVE('',#52,#54,#56,.T.);
#52 = VERTEX_POINT('',#53);
#53 = CARTESIAN_POINT('',(-7.15,-0.925,0.3));
#54 = VERTEX_POINT('',#55);
#55 = CARTESIAN_POINT('',(-7.15,2.275,0.3));
#56 = LINE('',#57,#58);
#57 = CARTESIAN_POINT('',(-7.15,-0.925,0.3));
#58 = VECTOR('',#59,1.);
#59 = DIRECTION('',(-0.,1.,0.));
#60 = ORIENTED_EDGE('',*,*,#61,.T.);
#61 = EDGE_CURVE('',#52,#62,#64,.T.);
#62 = VERTEX_POINT('',#63);
#63 = CARTESIAN_POINT('',(-7.15,-0.925,0.43));
#64 = LINE('',#65,#66);
#65 = CARTESIAN_POINT('',(-7.15,-0.925,0.3));
#66 = VECTOR('',#67,1.);
#67 = DIRECTION('',(0.,0.,1.));
#68 = ORIENTED_EDGE('',*,*,#69,.F.);
#69 = EDGE_CURVE('',#70,#62,#72,.T.);
#70 = VERTEX_POINT('',#71);
#71 = CARTESIAN_POINT('',(-7.15,1.,0.43));
#72 = LINE('',#73,#74);
#73 = CARTESIAN_POINT('',(-7.15,0.245540540541,0.43));
#74 = VECTOR('',#75,1.);
#75 = DIRECTION('',(0.,-1.,0.));
#76 = ORIENTED_EDGE('',*,*,#77,.T.);
#77 = EDGE_CURVE('',#70,#78,#80,.T.);
#78 = VERTEX_POINT('',#79);
#79 = CARTESIAN_POINT('',(-7.15,1.,0.49));
#80 = LINE('',#81,#82);
#81 = CARTESIAN_POINT('',(-7.15,1.,0.435540540541));
#82 = VECTOR('',#83,1.);
#83 = DIRECTION('',(0.,-0.,1.));
#84 = ORIENTED_EDGE('',*,*,#85,.T.);
#85 = EDGE_CURVE('',#78,#86,#88,.T.);
#86 = VERTEX_POINT('',#87);
#87 = CARTESIAN_POINT('',(-7.15,2.275,0.49));
#88 = LINE('',#89,#90);
#89 = CARTESIAN_POINT('',(-7.15,-0.925,0.49));
#90 = VECTOR('',#91,1.);
#91 = DIRECTION('',(-0.,1.,0.));
#92 = ORIENTED_EDGE('',*,*,#93,.F.);
#93 = EDGE_CURVE('',#54,#86,#94,.T.);
#94 = LINE('',#95,#96);
#95 = CARTESIAN_POINT('',(-7.15,2.275,0.3));
#96 = VECTOR('',#97,1.);
#97 = DIRECTION('',(0.,0.,1.));
#98 = PLANE('',#99);
#99 = AXIS2_PLACEMENT_3D('',#100,#101,#102);
#100 = CARTESIAN_POINT('',(-7.15,0.566081081081,0.441081081081));
#101 = DIRECTION('',(-1.,-0.,-0.));
#102 = DIRECTION('',(0.,0.,-1.));
#103 = ADVANCED_FACE('',(#104),#129,.F.);
#104 = FACE_BOUND('',#105,.F.);
#105 = EDGE_LOOP('',(#106,#114,#122,#128));
#106 = ORIENTED_EDGE('',*,*,#107,.T.);
#107 = EDGE_CURVE('',#52,#108,#110,.T.);
#108 = VERTEX_POINT('',#109);
#109 = CARTESIAN_POINT('',(-6.85,-0.925,0.3));
#110 = LINE('',#111,#112);
#111 = CARTESIAN_POINT('',(-7.15,-0.925,0.3));
#112 = VECTOR('',#113,1.);
#113 = DIRECTION('',(1.,0.,-0.));
#114 = ORIENTED_EDGE('',*,*,#115,.T.);
#115 = EDGE_CURVE('',#108,#116,#118,.T.);
#116 = VERTEX_POINT('',#117);
#117 = CARTESIAN_POINT('',(-6.85,-0.925,0.43));
#118 = LINE('',#119,#120);
#119 = CARTESIAN_POINT('',(-6.85,-0.925,0.49));
#120 = VECTOR('',#121,1.);
#121 = DIRECTION('',(0.,0.,1.));
#122 = ORIENTED_EDGE('',*,*,#123,.F.);
#123 = EDGE_CURVE('',#62,#116,#124,.T.);
#124 = LINE('',#125,#126);
#125 = CARTESIAN_POINT('',(-8.5125,-0.925,0.43));
#126 = VECTOR('',#127,1.);
#127 = DIRECTION('',(1.,0.,0.));
#128 = ORIENTED_EDGE('',*,*,#61,.F.);
#129 = PLANE('',#130);
#130 = AXIS2_PLACEMENT_3D('',#131,#132,#133);
#131 = CARTESIAN_POINT('',(-7.,-0.925,0.55));
#132 = DIRECTION('',(-0.,-1.,-0.));
#133 = DIRECTION('',(0.,0.,-1.));
#134 = ADVANCED_FACE('',(#135),#176,.F.);
#135 = FACE_BOUND('',#136,.F.);
#136 = EDGE_LOOP('',(#137,#145,#153,#161,#169,#175));
#137 = ORIENTED_EDGE('',*,*,#138,.T.);
#138 = EDGE_CURVE('',#108,#139,#141,.T.);
#139 = VERTEX_POINT('',#140);
#140 = CARTESIAN_POINT('',(-6.85,2.275,0.3));
#141 = LINE('',#142,#143);
#142 = CARTESIAN_POINT('',(-6.85,-0.925,0.3));
#143 = VECTOR('',#144,1.);
#144 = DIRECTION('',(-0.,1.,0.));
#145 = ORIENTED_EDGE('',*,*,#146,.T.);
#146 = EDGE_CURVE('',#139,#147,#149,.T.);
#147 = VERTEX_POINT('',#148);
#148 = CARTESIAN_POINT('',(-6.85,2.275,0.49));
#149 = LINE('',#150,#151);
#150 = CARTESIAN_POINT('',(-6.85,2.275,0.3));
#151 = VECTOR('',#152,1.);
#152 = DIRECTION('',(0.,0.,1.));
#153 = ORIENTED_EDGE('',*,*,#154,.F.);
#154 = EDGE_CURVE('',#155,#147,#157,.T.);
#155 = VERTEX_POINT('',#156);
#156 = CARTESIAN_POINT('',(-6.85,1.,0.49));
#157 = LINE('',#158,#159);
#158 = CARTESIAN_POINT('',(-6.85,-0.925,0.49));
#159 = VECTOR('',#160,1.);
#160 = DIRECTION('',(-0.,1.,0.));
#161 = ORIENTED_EDGE('',*,*,#162,.T.);
#162 = EDGE_CURVE('',#155,#163,#165,.T.);
#163 = VERTEX_POINT('',#164);
#164 = CARTESIAN_POINT('',(-6.85,1.,0.43));
#165 = LINE('',#166,#167);
#166 = CARTESIAN_POINT('',(-6.85,1.,0.435540540541));
#167 = VECTOR('',#168,1.);
#168 = DIRECTION('',(0.,0.,-1.));
#169 = ORIENTED_EDGE('',*,*,#170,.F.);
#170 = EDGE_CURVE('',#116,#163,#171,.T.);
#171 = LINE('',#172,#173);
#172 = CARTESIAN_POINT('',(-6.85,-0.479459459459,0.43));
#173 = VECTOR('',#174,1.);
#174 = DIRECTION('',(0.,1.,0.));
#175 = ORIENTED_EDGE('',*,*,#115,.F.);
#176 = PLANE('',#177);
#177 = AXIS2_PLACEMENT_3D('',#178,#179,#180);
#178 = CARTESIAN_POINT('',(-6.85,0.566081081081,0.441081081081));
#179 = DIRECTION('',(1.,0.,0.));
#180 = DIRECTION('',(-0.,0.,1.));
#181 = ADVANCED_FACE('',(#182,#678,#712,#746,#780,#814,#848,#882,#916,
    #950,#984,#1018,#1052,#1086,#1120,#1154),#1188,.F.);
#182 = FACE_BOUND('',#183,.F.);
#183 = EDGE_LOOP('',(#184,#192,#200,#208,#216,#224,#232,#240,#248,#256,
    #264,#272,#280,#288,#296,#304,#312,#320,#328,#336,#344,#352,#360,
    #368,#376,#384,#392,#400,#408,#416,#424,#432,#440,#448,#456,#464,
    #472,#480,#488,#496,#504,#512,#520,#528,#536,#544,#552,#560,#568,
    #576,#584,#592,#600,#608,#616,#624,#632,#640,#648,#656,#664,#670,
    #671,#677));
#184 = ORIENTED_EDGE('',*,*,#185,.F.);
#185 = EDGE_CURVE('',#186,#70,#188,.T.);
#186 = VERTEX_POINT('',#187);
#187 = CARTESIAN_POINT('',(-8.05,1.,0.43));
#188 = LINE('',#189,#190);
#189 = CARTESIAN_POINT('',(-8.05,1.,0.43));
#190 = VECTOR('',#191,1.);
#191 = DIRECTION('',(1.,0.,-0.));
#192 = ORIENTED_EDGE('',*,*,#193,.T.);
#193 = EDGE_CURVE('',#186,#194,#196,.T.);
#194 = VERTEX_POINT('',#195);
#195 = CARTESIAN_POINT('',(-8.05,1.,1.3));
#196 = LINE('',#197,#198);
#197 = CARTESIAN_POINT('',(-8.05,1.,0.43));
#198 = VECTOR('',#199,1.);
#199 = DIRECTION('',(0.,0.,1.));
#200 = ORIENTED_EDGE('',*,*,#201,.T.);
#201 = EDGE_CURVE('',#194,#202,#204,.T.);
#202 = VERTEX_POINT('',#203);
#203 = CARTESIAN_POINT('',(8.05,1.,1.3));
#204 = LINE('',#205,#206);
#205 = CARTESIAN_POINT('',(-8.05,1.,1.3));
#206 = VECTOR('',#207,1.);
#207 = DIRECTION('',(1.,0.,-0.));
#208 = ORIENTED_EDGE('',*,*,#209,.F.);
#209 = EDGE_CURVE('',#210,#202,#212,.T.);
#210 = VERTEX_POINT('',#211);
#211 = CARTESIAN_POINT('',(8.05,1.,0.43));
#212 = LINE('',#213,#214);
#213 = CARTESIAN_POINT('',(8.05,1.,0.43));
#214 = VECTOR('',#215,1.);
#215 = DIRECTION('',(0.,0.,1.));
#216 = ORIENTED_EDGE('',*,*,#217,.F.);
#217 = EDGE_CURVE('',#218,#210,#220,.T.);
#218 = VERTEX_POINT('',#219);
#219 = CARTESIAN_POINT('',(7.15,1.,0.43));
#220 = LINE('',#221,#222);
#221 = CARTESIAN_POINT('',(-8.05,1.,0.43));
#222 = VECTOR('',#223,1.);
#223 = DIRECTION('',(1.,0.,-0.));
#224 = ORIENTED_EDGE('',*,*,#225,.F.);
#225 = EDGE_CURVE('',#226,#218,#228,.T.);
#226 = VERTEX_POINT('',#227);
#227 = CARTESIAN_POINT('',(7.15,1.,0.49));
#228 = LINE('',#229,#230);
#229 = CARTESIAN_POINT('',(7.15,1.,0.435540540541));
#230 = VECTOR('',#231,1.);
#231 = DIRECTION('',(0.,0.,-1.));
#232 = ORIENTED_EDGE('',*,*,#233,.F.);
#233 = EDGE_CURVE('',#234,#226,#236,.T.);
#234 = VERTEX_POINT('',#235);
#235 = CARTESIAN_POINT('',(6.85,1.,0.49));
#236 = LINE('',#237,#238);
#237 = CARTESIAN_POINT('',(-0.6,1.,0.49));
#238 = VECTOR('',#239,1.);
#239 = DIRECTION('',(1.,0.,-0.));
#240 = ORIENTED_EDGE('',*,*,#241,.F.);
#241 = EDGE_CURVE('',#242,#234,#244,.T.);
#242 = VERTEX_POINT('',#243);
#243 = CARTESIAN_POINT('',(6.85,1.,0.43));
#244 = LINE('',#245,#246);
#245 = CARTESIAN_POINT('',(6.85,1.,0.435540540541));
#246 = VECTOR('',#247,1.);
#247 = DIRECTION('',(0.,-0.,1.));
#248 = ORIENTED_EDGE('',*,*,#249,.F.);
#249 = EDGE_CURVE('',#250,#242,#252,.T.);
#250 = VERTEX_POINT('',#251);
#251 = CARTESIAN_POINT('',(6.15,1.,0.43));
#252 = LINE('',#253,#254);
#253 = CARTESIAN_POINT('',(-8.05,1.,0.43));
#254 = VECTOR('',#255,1.);
#255 = DIRECTION('',(1.,0.,-0.));
#256 = ORIENTED_EDGE('',*,*,#257,.F.);
#257 = EDGE_CURVE('',#258,#250,#260,.T.);
#258 = VERTEX_POINT('',#259);
#259 = CARTESIAN_POINT('',(6.15,1.,0.49));
#260 = LINE('',#261,#262);
#261 = CARTESIAN_POINT('',(6.15,1.,0.435540540541));
#262 = VECTOR('',#263,1.);
#263 = DIRECTION('',(0.,0.,-1.));
#264 = ORIENTED_EDGE('',*,*,#265,.F.);
#265 = EDGE_CURVE('',#266,#258,#268,.T.);
#266 = VERTEX_POINT('',#267);
#267 = CARTESIAN_POINT('',(5.85,1.,0.49));
#268 = LINE('',#269,#270);
#269 = CARTESIAN_POINT('',(-1.1,1.,0.49));
#270 = VECTOR('',#271,1.);
#271 = DIRECTION('',(1.,0.,-0.));
#272 = ORIENTED_EDGE('',*,*,#273,.F.);
#273 = EDGE_CURVE('',#274,#266,#276,.T.);
#274 = VERTEX_POINT('',#275);
#275 = CARTESIAN_POINT('',(5.85,1.,0.43));
#276 = LINE('',#277,#278);
#277 = CARTESIAN_POINT('',(5.85,1.,0.435540540541));
#278 = VECTOR('',#279,1.);
#279 = DIRECTION('',(0.,-0.,1.));
#280 = ORIENTED_EDGE('',*,*,#281,.F.);
#281 = EDGE_CURVE('',#282,#274,#284,.T.);
#282 = VERTEX_POINT('',#283);
#283 = CARTESIAN_POINT('',(5.15,1.,0.43));
#284 = LINE('',#285,#286);
#285 = CARTESIAN_POINT('',(-8.05,1.,0.43));
#286 = VECTOR('',#287,1.);
#287 = DIRECTION('',(1.,0.,-0.));
#288 = ORIENTED_EDGE('',*,*,#289,.F.);
#289 = EDGE_CURVE('',#290,#282,#292,.T.);
#290 = VERTEX_POINT('',#291);
#291 = CARTESIAN_POINT('',(5.15,1.,0.49));
#292 = LINE('',#293,#294);
#293 = CARTESIAN_POINT('',(5.15,1.,0.435540540541));
#294 = VECTOR('',#295,1.);
#295 = DIRECTION('',(0.,0.,-1.));
#296 = ORIENTED_EDGE('',*,*,#297,.F.);
#297 = EDGE_CURVE('',#298,#290,#300,.T.);
#298 = VERTEX_POINT('',#299);
#299 = CARTESIAN_POINT('',(4.85,1.,0.49));
#300 = LINE('',#301,#302);
#301 = CARTESIAN_POINT('',(-1.6,1.,0.49));
#302 = VECTOR('',#303,1.);
#303 = DIRECTION('',(1.,0.,-0.));
#304 = ORIENTED_EDGE('',*,*,#305,.F.);
#305 = EDGE_CURVE('',#306,#298,#308,.T.);
#306 = VERTEX_POINT('',#307);
#307 = CARTESIAN_POINT('',(4.85,1.,0.43));
#308 = LINE('',#309,#310);
#309 = CARTESIAN_POINT('',(4.85,1.,0.435540540541));
#310 = VECTOR('',#311,1.);
#311 = DIRECTION('',(0.,-0.,1.));
#312 = ORIENTED_EDGE('',*,*,#313,.F.);
#313 = EDGE_CURVE('',#314,#306,#316,.T.);
#314 = VERTEX_POINT('',#315);
#315 = CARTESIAN_POINT('',(4.15,1.,0.43));
#316 = LINE('',#317,#318);
#317 = CARTESIAN_POINT('',(-8.05,1.,0.43));
#318 = VECTOR('',#319,1.);
#319 = DIRECTION('',(1.,0.,-0.));
#320 = ORIENTED_EDGE('',*,*,#321,.F.);
#321 = EDGE_CURVE('',#322,#314,#324,.T.);
#322 = VERTEX_POINT('',#323);
#323 = CARTESIAN_POINT('',(4.15,1.,0.49));
#324 = LINE('',#325,#326);
#325 = CARTESIAN_POINT('',(4.15,1.,0.435540540541));
#326 = VECTOR('',#327,1.);
#327 = DIRECTION('',(0.,0.,-1.));
#328 = ORIENTED_EDGE('',*,*,#329,.F.);
#329 = EDGE_CURVE('',#330,#322,#332,.T.);
#330 = VERTEX_POINT('',#331);
#331 = CARTESIAN_POINT('',(3.85,1.,0.49));
#332 = LINE('',#333,#334);
#333 = CARTESIAN_POINT('',(-2.1,1.,0.49));
#334 = VECTOR('',#335,1.);
#335 = DIRECTION('',(1.,0.,-0.));
#336 = ORIENTED_EDGE('',*,*,#337,.F.);
#337 = EDGE_CURVE('',#338,#330,#340,.T.);
#338 = VERTEX_POINT('',#339);
#339 = CARTESIAN_POINT('',(3.85,1.,0.43));
#340 = LINE('',#341,#342);
#341 = CARTESIAN_POINT('',(3.85,1.,0.435540540541));
#342 = VECTOR('',#343,1.);
#343 = DIRECTION('',(0.,-0.,1.));
#344 = ORIENTED_EDGE('',*,*,#345,.F.);
#345 = EDGE_CURVE('',#346,#338,#348,.T.);
#346 = VERTEX_POINT('',#347);
#347 = CARTESIAN_POINT('',(3.15,1.,0.43));
#348 = LINE('',#349,#350);
#349 = CARTESIAN_POINT('',(-8.05,1.,0.43));
#350 = VECTOR('',#351,1.);
#351 = DIRECTION('',(1.,0.,-0.));
#352 = ORIENTED_EDGE('',*,*,#353,.F.);
#353 = EDGE_CURVE('',#354,#346,#356,.T.);
#354 = VERTEX_POINT('',#355);
#355 = CARTESIAN_POINT('',(3.15,1.,0.49));
#356 = LINE('',#357,#358);
#357 = CARTESIAN_POINT('',(3.15,1.,0.435540540541));
#358 = VECTOR('',#359,1.);
#359 = DIRECTION('',(0.,0.,-1.));
#360 = ORIENTED_EDGE('',*,*,#361,.F.);
#361 = EDGE_CURVE('',#362,#354,#364,.T.);
#362 = VERTEX_POINT('',#363);
#363 = CARTESIAN_POINT('',(2.85,1.,0.49));
#364 = LINE('',#365,#366);
#365 = CARTESIAN_POINT('',(-2.6,1.,0.49));
#366 = VECTOR('',#367,1.);
#367 = DIRECTION('',(1.,0.,-0.));
#368 = ORIENTED_EDGE('',*,*,#369,.F.);
#369 = EDGE_CURVE('',#370,#362,#372,.T.);
#370 = VERTEX_POINT('',#371);
#371 = CARTESIAN_POINT('',(2.85,1.,0.43));
#372 = LINE('',#373,#374);
#373 = CARTESIAN_POINT('',(2.85,1.,0.435540540541));
#374 = VECTOR('',#375,1.);
#375 = DIRECTION('',(0.,-0.,1.));
#376 = ORIENTED_EDGE('',*,*,#377,.F.);
#377 = EDGE_CURVE('',#378,#370,#380,.T.);
#378 = VERTEX_POINT('',#379);
#379 = CARTESIAN_POINT('',(2.15,1.,0.43));
#380 = LINE('',#381,#382);
#381 = CARTESIAN_POINT('',(-8.05,1.,0.43));
#382 = VECTOR('',#383,1.);
#383 = DIRECTION('',(1.,0.,-0.));
#384 = ORIENTED_EDGE('',*,*,#385,.F.);
#385 = EDGE_CURVE('',#386,#378,#388,.T.);
#386 = VERTEX_POINT('',#387);
#387 = CARTESIAN_POINT('',(2.15,1.,0.49));
#388 = LINE('',#389,#390);
#389 = CARTESIAN_POINT('',(2.15,1.,0.435540540541));
#390 = VECTOR('',#391,1.);
#391 = DIRECTION('',(0.,0.,-1.));
#392 = ORIENTED_EDGE('',*,*,#393,.F.);
#393 = EDGE_CURVE('',#394,#386,#396,.T.);
#394 = VERTEX_POINT('',#395);
#395 = CARTESIAN_POINT('',(1.85,1.,0.49));
#396 = LINE('',#397,#398);
#397 = CARTESIAN_POINT('',(-3.1,1.,0.49));
#398 = VECTOR('',#399,1.);
#399 = DIRECTION('',(1.,0.,-0.));
#400 = ORIENTED_EDGE('',*,*,#401,.F.);
#401 = EDGE_CURVE('',#402,#394,#404,.T.);
#402 = VERTEX_POINT('',#403);
#403 = CARTESIAN_POINT('',(1.85,1.,0.43));
#404 = LINE('',#405,#406);
#405 = CARTESIAN_POINT('',(1.85,1.,0.435540540541));
#406 = VECTOR('',#407,1.);
#407 = DIRECTION('',(0.,-0.,1.));
#408 = ORIENTED_EDGE('',*,*,#409,.F.);
#409 = EDGE_CURVE('',#410,#402,#412,.T.);
#410 = VERTEX_POINT('',#411);
#411 = CARTESIAN_POINT('',(1.15,1.,0.43));
#412 = LINE('',#413,#414);
#413 = CARTESIAN_POINT('',(-8.05,1.,0.43));
#414 = VECTOR('',#415,1.);
#415 = DIRECTION('',(1.,0.,-0.));
#416 = ORIENTED_EDGE('',*,*,#417,.F.);
#417 = EDGE_CURVE('',#418,#410,#420,.T.);
#418 = VERTEX_POINT('',#419);
#419 = CARTESIAN_POINT('',(1.15,1.,0.49));
#420 = LINE('',#421,#422);
#421 = CARTESIAN_POINT('',(1.15,1.,0.435540540541));
#422 = VECTOR('',#423,1.);
#423 = DIRECTION('',(0.,0.,-1.));
#424 = ORIENTED_EDGE('',*,*,#425,.F.);
#425 = EDGE_CURVE('',#426,#418,#428,.T.);
#426 = VERTEX_POINT('',#427);
#427 = CARTESIAN_POINT('',(0.85,1.,0.49));
#428 = LINE('',#429,#430);
#429 = CARTESIAN_POINT('',(-3.6,1.,0.49));
#430 = VECTOR('',#431,1.);
#431 = DIRECTION('',(1.,0.,-0.));
#432 = ORIENTED_EDGE('',*,*,#433,.F.);
#433 = EDGE_CURVE('',#434,#426,#436,.T.);
#434 = VERTEX_POINT('',#435);
#435 = CARTESIAN_POINT('',(0.85,1.,0.43));
#436 = LINE('',#437,#438);
#437 = CARTESIAN_POINT('',(0.85,1.,0.435540540541));
#438 = VECTOR('',#439,1.);
#439 = DIRECTION('',(0.,-0.,1.));
#440 = ORIENTED_EDGE('',*,*,#441,.F.);
#441 = EDGE_CURVE('',#442,#434,#444,.T.);
#442 = VERTEX_POINT('',#443);
#443 = CARTESIAN_POINT('',(0.15,1.,0.43));
#444 = LINE('',#445,#446);
#445 = CARTESIAN_POINT('',(-8.05,1.,0.43));
#446 = VECTOR('',#447,1.);
#447 = DIRECTION('',(1.,0.,-0.));
#448 = ORIENTED_EDGE('',*,*,#449,.F.);
#449 = EDGE_CURVE('',#450,#442,#452,.T.);
#450 = VERTEX_POINT('',#451);
#451 = CARTESIAN_POINT('',(0.15,1.,0.49));
#452 = LINE('',#453,#454);
#453 = CARTESIAN_POINT('',(0.15,1.,0.435540540541));
#454 = VECTOR('',#455,1.);
#455 = DIRECTION('',(0.,0.,-1.));
#456 = ORIENTED_EDGE('',*,*,#457,.F.);
#457 = EDGE_CURVE('',#458,#450,#460,.T.);
#458 = VERTEX_POINT('',#459);
#459 = CARTESIAN_POINT('',(-0.15,1.,0.49));
#460 = LINE('',#461,#462);
#461 = CARTESIAN_POINT('',(-4.1,1.,0.49));
#462 = VECTOR('',#463,1.);
#463 = DIRECTION('',(1.,0.,-0.));
#464 = ORIENTED_EDGE('',*,*,#465,.F.);
#465 = EDGE_CURVE('',#466,#458,#468,.T.);
#466 = VERTEX_POINT('',#467);
#467 = CARTESIAN_POINT('',(-0.15,1.,0.43));
#468 = LINE('',#469,#470);
#469 = CARTESIAN_POINT('',(-0.15,1.,0.435540540541));
#470 = VECTOR('',#471,1.);
#471 = DIRECTION('',(0.,-0.,1.));
#472 = ORIENTED_EDGE('',*,*,#473,.F.);
#473 = EDGE_CURVE('',#474,#466,#476,.T.);
#474 = VERTEX_POINT('',#475);
#475 = CARTESIAN_POINT('',(-0.85,1.,0.43));
#476 = LINE('',#477,#478);
#477 = CARTESIAN_POINT('',(-8.05,1.,0.43));
#478 = VECTOR('',#479,1.);
#479 = DIRECTION('',(1.,0.,-0.));
#480 = ORIENTED_EDGE('',*,*,#481,.F.);
#481 = EDGE_CURVE('',#482,#474,#484,.T.);
#482 = VERTEX_POINT('',#483);
#483 = CARTESIAN_POINT('',(-0.85,1.,0.49));
#484 = LINE('',#485,#486);
#485 = CARTESIAN_POINT('',(-0.85,1.,0.435540540541));
#486 = VECTOR('',#487,1.);
#487 = DIRECTION('',(0.,0.,-1.));
#488 = ORIENTED_EDGE('',*,*,#489,.F.);
#489 = EDGE_CURVE('',#490,#482,#492,.T.);
#490 = VERTEX_POINT('',#491);
#491 = CARTESIAN_POINT('',(-1.15,1.,0.49));
#492 = LINE('',#493,#494);
#493 = CARTESIAN_POINT('',(-4.6,1.,0.49));
#494 = VECTOR('',#495,1.);
#495 = DIRECTION('',(1.,0.,-0.));
#496 = ORIENTED_EDGE('',*,*,#497,.F.);
#497 = EDGE_CURVE('',#498,#490,#500,.T.);
#498 = VERTEX_POINT('',#499);
#499 = CARTESIAN_POINT('',(-1.15,1.,0.43));
#500 = LINE('',#501,#502);
#501 = CARTESIAN_POINT('',(-1.15,1.,0.435540540541));
#502 = VECTOR('',#503,1.);
#503 = DIRECTION('',(0.,-0.,1.));
#504 = ORIENTED_EDGE('',*,*,#505,.F.);
#505 = EDGE_CURVE('',#506,#498,#508,.T.);
#506 = VERTEX_POINT('',#507);
#507 = CARTESIAN_POINT('',(-1.85,1.,0.43));
#508 = LINE('',#509,#510);
#509 = CARTESIAN_POINT('',(-8.05,1.,0.43));
#510 = VECTOR('',#511,1.);
#511 = DIRECTION('',(1.,0.,-0.));
#512 = ORIENTED_EDGE('',*,*,#513,.F.);
#513 = EDGE_CURVE('',#514,#506,#516,.T.);
#514 = VERTEX_POINT('',#515);
#515 = CARTESIAN_POINT('',(-1.85,1.,0.49));
#516 = LINE('',#517,#518);
#517 = CARTESIAN_POINT('',(-1.85,1.,0.435540540541));
#518 = VECTOR('',#519,1.);
#519 = DIRECTION('',(0.,0.,-1.));
#520 = ORIENTED_EDGE('',*,*,#521,.F.);
#521 = EDGE_CURVE('',#522,#514,#524,.T.);
#522 = VERTEX_POINT('',#523);
#523 = CARTESIAN_POINT('',(-2.15,1.,0.49));
#524 = LINE('',#525,#526);
#525 = CARTESIAN_POINT('',(-5.1,1.,0.49));
#526 = VECTOR('',#527,1.);
#527 = DIRECTION('',(1.,0.,-0.));
#528 = ORIENTED_EDGE('',*,*,#529,.F.);
#529 = EDGE_CURVE('',#530,#522,#532,.T.);
#530 = VERTEX_POINT('',#531);
#531 = CARTESIAN_POINT('',(-2.15,1.,0.43));
#532 = LINE('',#533,#534);
#533 = CARTESIAN_POINT('',(-2.15,1.,0.435540540541));
#534 = VECTOR('',#535,1.);
#535 = DIRECTION('',(0.,-0.,1.));
#536 = ORIENTED_EDGE('',*,*,#537,.F.);
#537 = EDGE_CURVE('',#538,#530,#540,.T.);
#538 = VERTEX_POINT('',#539);
#539 = CARTESIAN_POINT('',(-2.85,1.,0.43));
#540 = LINE('',#541,#542);
#541 = CARTESIAN_POINT('',(-8.05,1.,0.43));
#542 = VECTOR('',#543,1.);
#543 = DIRECTION('',(1.,0.,-0.));
#544 = ORIENTED_EDGE('',*,*,#545,.F.);
#545 = EDGE_CURVE('',#546,#538,#548,.T.);
#546 = VERTEX_POINT('',#547);
#547 = CARTESIAN_POINT('',(-2.85,1.,0.49));
#548 = LINE('',#549,#550);
#549 = CARTESIAN_POINT('',(-2.85,1.,0.435540540541));
#550 = VECTOR('',#551,1.);
#551 = DIRECTION('',(0.,0.,-1.));
#552 = ORIENTED_EDGE('',*,*,#553,.F.);
#553 = EDGE_CURVE('',#554,#546,#556,.T.);
#554 = VERTEX_POINT('',#555);
#555 = CARTESIAN_POINT('',(-3.15,1.,0.49));
#556 = LINE('',#557,#558);
#557 = CARTESIAN_POINT('',(-5.6,1.,0.49));
#558 = VECTOR('',#559,1.);
#559 = DIRECTION('',(1.,0.,-0.));
#560 = ORIENTED_EDGE('',*,*,#561,.F.);
#561 = EDGE_CURVE('',#562,#554,#564,.T.);
#562 = VERTEX_POINT('',#563);
#563 = CARTESIAN_POINT('',(-3.15,1.,0.43));
#564 = LINE('',#565,#566);
#565 = CARTESIAN_POINT('',(-3.15,1.,0.435540540541));
#566 = VECTOR('',#567,1.);
#567 = DIRECTION('',(0.,-0.,1.));
#568 = ORIENTED_EDGE('',*,*,#569,.F.);
#569 = EDGE_CURVE('',#570,#562,#572,.T.);
#570 = VERTEX_POINT('',#571);
#571 = CARTESIAN_POINT('',(-3.85,1.,0.43));
#572 = LINE('',#573,#574);
#573 = CARTESIAN_POINT('',(-8.05,1.,0.43));
#574 = VECTOR('',#575,1.);
#575 = DIRECTION('',(1.,0.,-0.));
#576 = ORIENTED_EDGE('',*,*,#577,.F.);
#577 = EDGE_CURVE('',#578,#570,#580,.T.);
#578 = VERTEX_POINT('',#579);
#579 = CARTESIAN_POINT('',(-3.85,1.,0.49));
#580 = LINE('',#581,#582);
#581 = CARTESIAN_POINT('',(-3.85,1.,0.435540540541));
#582 = VECTOR('',#583,1.);
#583 = DIRECTION('',(0.,0.,-1.));
#584 = ORIENTED_EDGE('',*,*,#585,.F.);
#585 = EDGE_CURVE('',#586,#578,#588,.T.);
#586 = VERTEX_POINT('',#587);
#587 = CARTESIAN_POINT('',(-4.15,1.,0.49));
#588 = LINE('',#589,#590);
#589 = CARTESIAN_POINT('',(-6.1,1.,0.49));
#590 = VECTOR('',#591,1.);
#591 = DIRECTION('',(1.,0.,-0.));
#592 = ORIENTED_EDGE('',*,*,#593,.F.);
#593 = EDGE_CURVE('',#594,#586,#596,.T.);
#594 = VERTEX_POINT('',#595);
#595 = CARTESIAN_POINT('',(-4.15,1.,0.43));
#596 = LINE('',#597,#598);
#597 = CARTESIAN_POINT('',(-4.15,1.,0.435540540541));
#598 = VECTOR('',#599,1.);
#599 = DIRECTION('',(0.,-0.,1.));
#600 = ORIENTED_EDGE('',*,*,#601,.F.);
#601 = EDGE_CURVE('',#602,#594,#604,.T.);
#602 = VERTEX_POINT('',#603);
#603 = CARTESIAN_POINT('',(-4.85,1.,0.43));
#604 = LINE('',#605,#606);
#605 = CARTESIAN_POINT('',(-8.05,1.,0.43));
#606 = VECTOR('',#607,1.);
#607 = DIRECTION('',(1.,0.,-0.));
#608 = ORIENTED_EDGE('',*,*,#609,.F.);
#609 = EDGE_CURVE('',#610,#602,#612,.T.);
#610 = VERTEX_POINT('',#611);
#611 = CARTESIAN_POINT('',(-4.85,1.,0.49));
#612 = LINE('',#613,#614);
#613 = CARTESIAN_POINT('',(-4.85,1.,0.435540540541));
#614 = VECTOR('',#615,1.);
#615 = DIRECTION('',(0.,0.,-1.));
#616 = ORIENTED_EDGE('',*,*,#617,.F.);
#617 = EDGE_CURVE('',#618,#610,#620,.T.);
#618 = VERTEX_POINT('',#619);
#619 = CARTESIAN_POINT('',(-5.15,1.,0.49));
#620 = LINE('',#621,#622);
#621 = CARTESIAN_POINT('',(-6.6,1.,0.49));
#622 = VECTOR('',#623,1.);
#623 = DIRECTION('',(1.,0.,-0.));
#624 = ORIENTED_EDGE('',*,*,#625,.F.);
#625 = EDGE_CURVE('',#626,#618,#628,.T.);
#626 = VERTEX_POINT('',#627);
#627 = CARTESIAN_POINT('',(-5.15,1.,0.43));
#628 = LINE('',#629,#630);
#629 = CARTESIAN_POINT('',(-5.15,1.,0.435540540541));
#630 = VECTOR('',#631,1.);
#631 = DIRECTION('',(0.,-0.,1.));
#632 = ORIENTED_EDGE('',*,*,#633,.F.);
#633 = EDGE_CURVE('',#634,#626,#636,.T.);
#634 = VERTEX_POINT('',#635);
#635 = CARTESIAN_POINT('',(-5.85,1.,0.43));
#636 = LINE('',#637,#638);
#637 = CARTESIAN_POINT('',(-8.05,1.,0.43));
#638 = VECTOR('',#639,1.);
#639 = DIRECTION('',(1.,0.,-0.));
#640 = ORIENTED_EDGE('',*,*,#641,.F.);
#641 = EDGE_CURVE('',#642,#634,#644,.T.);
#642 = VERTEX_POINT('',#643);
#643 = CARTESIAN_POINT('',(-5.85,1.,0.49));
#644 = LINE('',#645,#646);
#645 = CARTESIAN_POINT('',(-5.85,1.,0.435540540541));
#646 = VECTOR('',#647,1.);
#647 = DIRECTION('',(0.,0.,-1.));
#648 = ORIENTED_EDGE('',*,*,#649,.F.);
#649 = EDGE_CURVE('',#650,#642,#652,.T.);
#650 = VERTEX_POINT('',#651);
#651 = CARTESIAN_POINT('',(-6.15,1.,0.49));
#652 = LINE('',#653,#654);
#653 = CARTESIAN_POINT('',(-7.1,1.,0.49));
#654 = VECTOR('',#655,1.);
#655 = DIRECTION('',(1.,0.,-0.));
#656 = ORIENTED_EDGE('',*,*,#657,.F.);
#657 = EDGE_CURVE('',#658,#650,#660,.T.);
#658 = VERTEX_POINT('',#659);
#659 = CARTESIAN_POINT('',(-6.15,1.,0.43));
#660 = LINE('',#661,#662);
#661 = CARTESIAN_POINT('',(-6.15,1.,0.435540540541));
#662 = VECTOR('',#663,1.);
#663 = DIRECTION('',(0.,-0.,1.));
#664 = ORIENTED_EDGE('',*,*,#665,.F.);
#665 = EDGE_CURVE('',#163,#658,#666,.T.);
#666 = LINE('',#667,#668);
#667 = CARTESIAN_POINT('',(-8.05,1.,0.43));
#668 = VECTOR('',#669,1.);
#669 = DIRECTION('',(1.,0.,-0.));
#670 = ORIENTED_EDGE('',*,*,#162,.F.);
#671 = ORIENTED_EDGE('',*,*,#672,.F.);
#672 = EDGE_CURVE('',#78,#155,#673,.T.);
#673 = LINE('',#674,#675);
#674 = CARTESIAN_POINT('',(-7.6,1.,0.49));
#675 = VECTOR('',#676,1.);
#676 = DIRECTION('',(1.,0.,-0.));
#677 = ORIENTED_EDGE('',*,*,#77,.F.);
#678 = FACE_BOUND('',#679,.F.);
#679 = EDGE_LOOP('',(#680,#690,#698,#706));
#680 = ORIENTED_EDGE('',*,*,#681,.T.);
#681 = EDGE_CURVE('',#682,#684,#686,.T.);
#682 = VERTEX_POINT('',#683);
#683 = CARTESIAN_POINT('',(-7.15,1.,1.17));
#684 = VERTEX_POINT('',#685);
#685 = CARTESIAN_POINT('',(-7.15,1.,0.86));
#686 = LINE('',#687,#688);
#687 = CARTESIAN_POINT('',(-7.15,1.,0.645));
#688 = VECTOR('',#689,1.);
#689 = DIRECTION('',(-0.,0.,-1.));
#690 = ORIENTED_EDGE('',*,*,#691,.T.);
#691 = EDGE_CURVE('',#684,#692,#694,.T.);
#692 = VERTEX_POINT('',#693);
#693 = CARTESIAN_POINT('',(-6.85,1.,0.86));
#694 = LINE('',#695,#696);
#695 = CARTESIAN_POINT('',(-7.6,1.,0.86));
#696 = VECTOR('',#697,1.);
#697 = DIRECTION('',(1.,0.,-0.));
#698 = ORIENTED_EDGE('',*,*,#699,.F.);
#699 = EDGE_CURVE('',#700,#692,#702,.T.);
#700 = VERTEX_POINT('',#701);
#701 = CARTESIAN_POINT('',(-6.85,1.,1.17));
#702 = LINE('',#703,#704);
#703 = CARTESIAN_POINT('',(-6.85,1.,0.645));
#704 = VECTOR('',#705,1.);
#705 = DIRECTION('',(-0.,0.,-1.));
#706 = ORIENTED_EDGE('',*,*,#707,.F.);
#707 = EDGE_CURVE('',#682,#700,#708,.T.);
#708 = LINE('',#709,#710);
#709 = CARTESIAN_POINT('',(-7.525,1.,1.17));
#710 = VECTOR('',#711,1.);
#711 = DIRECTION('',(1.,0.,-0.));
#712 = FACE_BOUND('',#713,.F.);
#713 = EDGE_LOOP('',(#714,#724,#732,#740));
#714 = ORIENTED_EDGE('',*,*,#715,.T.);
#715 = EDGE_CURVE('',#716,#718,#720,.T.);
#716 = VERTEX_POINT('',#717);
#717 = CARTESIAN_POINT('',(-6.15,1.,1.17));
#718 = VERTEX_POINT('',#719);
#719 = CARTESIAN_POINT('',(-6.15,1.,0.86));
#720 = LINE('',#721,#722);
#721 = CARTESIAN_POINT('',(-6.15,1.,0.645));
#722 = VECTOR('',#723,1.);
#723 = DIRECTION('',(-0.,0.,-1.));
#724 = ORIENTED_EDGE('',*,*,#725,.T.);
#725 = EDGE_CURVE('',#718,#726,#728,.T.);
#726 = VERTEX_POINT('',#727);
#727 = CARTESIAN_POINT('',(-5.85,1.,0.86));
#728 = LINE('',#729,#730);
#729 = CARTESIAN_POINT('',(-7.1,1.,0.86));
#730 = VECTOR('',#731,1.);
#731 = DIRECTION('',(1.,0.,-0.));
#732 = ORIENTED_EDGE('',*,*,#733,.F.);
#733 = EDGE_CURVE('',#734,#726,#736,.T.);
#734 = VERTEX_POINT('',#735);
#735 = CARTESIAN_POINT('',(-5.85,1.,1.17));
#736 = LINE('',#737,#738);
#737 = CARTESIAN_POINT('',(-5.85,1.,0.645));
#738 = VECTOR('',#739,1.);
#739 = DIRECTION('',(-0.,0.,-1.));
#740 = ORIENTED_EDGE('',*,*,#741,.F.);
#741 = EDGE_CURVE('',#716,#734,#742,.T.);
#742 = LINE('',#743,#744);
#743 = CARTESIAN_POINT('',(-7.025,1.,1.17));
#744 = VECTOR('',#745,1.);
#745 = DIRECTION('',(1.,0.,-0.));
#746 = FACE_BOUND('',#747,.F.);
#747 = EDGE_LOOP('',(#748,#758,#766,#774));
#748 = ORIENTED_EDGE('',*,*,#749,.T.);
#749 = EDGE_CURVE('',#750,#752,#754,.T.);
#750 = VERTEX_POINT('',#751);
#751 = CARTESIAN_POINT('',(-5.15,1.,1.17));
#752 = VERTEX_POINT('',#753);
#753 = CARTESIAN_POINT('',(-5.15,1.,0.86));
#754 = LINE('',#755,#756);
#755 = CARTESIAN_POINT('',(-5.15,1.,0.645));
#756 = VECTOR('',#757,1.);
#757 = DIRECTION('',(-0.,0.,-1.));
#758 = ORIENTED_EDGE('',*,*,#759,.T.);
#759 = EDGE_CURVE('',#752,#760,#762,.T.);
#760 = VERTEX_POINT('',#761);
#761 = CARTESIAN_POINT('',(-4.85,1.,0.86));
#762 = LINE('',#763,#764);
#763 = CARTESIAN_POINT('',(-6.6,1.,0.86));
#764 = VECTOR('',#765,1.);
#765 = DIRECTION('',(1.,0.,-0.));
#766 = ORIENTED_EDGE('',*,*,#767,.F.);
#767 = EDGE_CURVE('',#768,#760,#770,.T.);
#768 = VERTEX_POINT('',#769);
#769 = CARTESIAN_POINT('',(-4.85,1.,1.17));
#770 = LINE('',#771,#772);
#771 = CARTESIAN_POINT('',(-4.85,1.,0.645));
#772 = VECTOR('',#773,1.);
#773 = DIRECTION('',(-0.,0.,-1.));
#774 = ORIENTED_EDGE('',*,*,#775,.F.);
#775 = EDGE_CURVE('',#750,#768,#776,.T.);
#776 = LINE('',#777,#778);
#777 = CARTESIAN_POINT('',(-6.525,1.,1.17));
#778 = VECTOR('',#779,1.);
#779 = DIRECTION('',(1.,0.,-0.));
#780 = FACE_BOUND('',#781,.F.);
#781 = EDGE_LOOP('',(#782,#792,#800,#808));
#782 = ORIENTED_EDGE('',*,*,#783,.T.);
#783 = EDGE_CURVE('',#784,#786,#788,.T.);
#784 = VERTEX_POINT('',#785);
#785 = CARTESIAN_POINT('',(-4.15,1.,1.17));
#786 = VERTEX_POINT('',#787);
#787 = CARTESIAN_POINT('',(-4.15,1.,0.86));
#788 = LINE('',#789,#790);
#789 = CARTESIAN_POINT('',(-4.15,1.,0.645));
#790 = VECTOR('',#791,1.);
#791 = DIRECTION('',(-0.,0.,-1.));
#792 = ORIENTED_EDGE('',*,*,#793,.T.);
#793 = EDGE_CURVE('',#786,#794,#796,.T.);
#794 = VERTEX_POINT('',#795);
#795 = CARTESIAN_POINT('',(-3.85,1.,0.86));
#796 = LINE('',#797,#798);
#797 = CARTESIAN_POINT('',(-6.1,1.,0.86));
#798 = VECTOR('',#799,1.);
#799 = DIRECTION('',(1.,0.,-0.));
#800 = ORIENTED_EDGE('',*,*,#801,.F.);
#801 = EDGE_CURVE('',#802,#794,#804,.T.);
#802 = VERTEX_POINT('',#803);
#803 = CARTESIAN_POINT('',(-3.85,1.,1.17));
#804 = LINE('',#805,#806);
#805 = CARTESIAN_POINT('',(-3.85,1.,0.645));
#806 = VECTOR('',#807,1.);
#807 = DIRECTION('',(-0.,0.,-1.));
#808 = ORIENTED_EDGE('',*,*,#809,.F.);
#809 = EDGE_CURVE('',#784,#802,#810,.T.);
#810 = LINE('',#811,#812);
#811 = CARTESIAN_POINT('',(-6.025,1.,1.17));
#812 = VECTOR('',#813,1.);
#813 = DIRECTION('',(1.,0.,-0.));
#814 = FACE_BOUND('',#815,.F.);
#815 = EDGE_LOOP('',(#816,#826,#834,#842));
#816 = ORIENTED_EDGE('',*,*,#817,.T.);
#817 = EDGE_CURVE('',#818,#820,#822,.T.);
#818 = VERTEX_POINT('',#819);
#819 = CARTESIAN_POINT('',(-3.15,1.,1.17));
#820 = VERTEX_POINT('',#821);
#821 = CARTESIAN_POINT('',(-3.15,1.,0.86));
#822 = LINE('',#823,#824);
#823 = CARTESIAN_POINT('',(-3.15,1.,0.645));
#824 = VECTOR('',#825,1.);
#825 = DIRECTION('',(-0.,0.,-1.));
#826 = ORIENTED_EDGE('',*,*,#827,.T.);
#827 = EDGE_CURVE('',#820,#828,#830,.T.);
#828 = VERTEX_POINT('',#829);
#829 = CARTESIAN_POINT('',(-2.85,1.,0.86));
#830 = LINE('',#831,#832);
#831 = CARTESIAN_POINT('',(-5.6,1.,0.86));
#832 = VECTOR('',#833,1.);
#833 = DIRECTION('',(1.,0.,-0.));
#834 = ORIENTED_EDGE('',*,*,#835,.F.);
#835 = EDGE_CURVE('',#836,#828,#838,.T.);
#836 = VERTEX_POINT('',#837);
#837 = CARTESIAN_POINT('',(-2.85,1.,1.17));
#838 = LINE('',#839,#840);
#839 = CARTESIAN_POINT('',(-2.85,1.,0.645));
#840 = VECTOR('',#841,1.);
#841 = DIRECTION('',(-0.,0.,-1.));
#842 = ORIENTED_EDGE('',*,*,#843,.F.);
#843 = EDGE_CURVE('',#818,#836,#844,.T.);
#844 = LINE('',#845,#846);
#845 = CARTESIAN_POINT('',(-5.525,1.,1.17));
#846 = VECTOR('',#847,1.);
#847 = DIRECTION('',(1.,0.,-0.));
#848 = FACE_BOUND('',#849,.F.);
#849 = EDGE_LOOP('',(#850,#860,#868,#876));
#850 = ORIENTED_EDGE('',*,*,#851,.T.);
#851 = EDGE_CURVE('',#852,#854,#856,.T.);
#852 = VERTEX_POINT('',#853);
#853 = CARTESIAN_POINT('',(-2.15,1.,1.17));
#854 = VERTEX_POINT('',#855);
#855 = CARTESIAN_POINT('',(-2.15,1.,0.86));
#856 = LINE('',#857,#858);
#857 = CARTESIAN_POINT('',(-2.15,1.,0.645));
#858 = VECTOR('',#859,1.);
#859 = DIRECTION('',(-0.,0.,-1.));
#860 = ORIENTED_EDGE('',*,*,#861,.T.);
#861 = EDGE_CURVE('',#854,#862,#864,.T.);
#862 = VERTEX_POINT('',#863);
#863 = CARTESIAN_POINT('',(-1.85,1.,0.86));
#864 = LINE('',#865,#866);
#865 = CARTESIAN_POINT('',(-5.1,1.,0.86));
#866 = VECTOR('',#867,1.);
#867 = DIRECTION('',(1.,0.,-0.));
#868 = ORIENTED_EDGE('',*,*,#869,.F.);
#869 = EDGE_CURVE('',#870,#862,#872,.T.);
#870 = VERTEX_POINT('',#871);
#871 = CARTESIAN_POINT('',(-1.85,1.,1.17));
#872 = LINE('',#873,#874);
#873 = CARTESIAN_POINT('',(-1.85,1.,0.645));
#874 = VECTOR('',#875,1.);
#875 = DIRECTION('',(-0.,0.,-1.));
#876 = ORIENTED_EDGE('',*,*,#877,.F.);
#877 = EDGE_CURVE('',#852,#870,#878,.T.);
#878 = LINE('',#879,#880);
#879 = CARTESIAN_POINT('',(-5.025,1.,1.17));
#880 = VECTOR('',#881,1.);
#881 = DIRECTION('',(1.,0.,-0.));
#882 = FACE_BOUND('',#883,.F.);
#883 = EDGE_LOOP('',(#884,#894,#902,#910));
#884 = ORIENTED_EDGE('',*,*,#885,.T.);
#885 = EDGE_CURVE('',#886,#888,#890,.T.);
#886 = VERTEX_POINT('',#887);
#887 = CARTESIAN_POINT('',(-1.15,1.,1.17));
#888 = VERTEX_POINT('',#889);
#889 = CARTESIAN_POINT('',(-1.15,1.,0.86));
#890 = LINE('',#891,#892);
#891 = CARTESIAN_POINT('',(-1.15,1.,0.645));
#892 = VECTOR('',#893,1.);
#893 = DIRECTION('',(-0.,0.,-1.));
#894 = ORIENTED_EDGE('',*,*,#895,.T.);
#895 = EDGE_CURVE('',#888,#896,#898,.T.);
#896 = VERTEX_POINT('',#897);
#897 = CARTESIAN_POINT('',(-0.85,1.,0.86));
#898 = LINE('',#899,#900);
#899 = CARTESIAN_POINT('',(-4.6,1.,0.86));
#900 = VECTOR('',#901,1.);
#901 = DIRECTION('',(1.,0.,-0.));
#902 = ORIENTED_EDGE('',*,*,#903,.F.);
#903 = EDGE_CURVE('',#904,#896,#906,.T.);
#904 = VERTEX_POINT('',#905);
#905 = CARTESIAN_POINT('',(-0.85,1.,1.17));
#906 = LINE('',#907,#908);
#907 = CARTESIAN_POINT('',(-0.85,1.,0.645));
#908 = VECTOR('',#909,1.);
#909 = DIRECTION('',(-0.,0.,-1.));
#910 = ORIENTED_EDGE('',*,*,#911,.F.);
#911 = EDGE_CURVE('',#886,#904,#912,.T.);
#912 = LINE('',#913,#914);
#913 = CARTESIAN_POINT('',(-4.525,1.,1.17));
#914 = VECTOR('',#915,1.);
#915 = DIRECTION('',(1.,0.,-0.));
#916 = FACE_BOUND('',#917,.F.);
#917 = EDGE_LOOP('',(#918,#928,#936,#944));
#918 = ORIENTED_EDGE('',*,*,#919,.T.);
#919 = EDGE_CURVE('',#920,#922,#924,.T.);
#920 = VERTEX_POINT('',#921);
#921 = CARTESIAN_POINT('',(-0.15,1.,1.17));
#922 = VERTEX_POINT('',#923);
#923 = CARTESIAN_POINT('',(-0.15,1.,0.86));
#924 = LINE('',#925,#926);
#925 = CARTESIAN_POINT('',(-0.15,1.,0.645));
#926 = VECTOR('',#927,1.);
#927 = DIRECTION('',(-0.,0.,-1.));
#928 = ORIENTED_EDGE('',*,*,#929,.T.);
#929 = EDGE_CURVE('',#922,#930,#932,.T.);
#930 = VERTEX_POINT('',#931);
#931 = CARTESIAN_POINT('',(0.15,1.,0.86));
#932 = LINE('',#933,#934);
#933 = CARTESIAN_POINT('',(-4.1,1.,0.86));
#934 = VECTOR('',#935,1.);
#935 = DIRECTION('',(1.,0.,-0.));
#936 = ORIENTED_EDGE('',*,*,#937,.F.);
#937 = EDGE_CURVE('',#938,#930,#940,.T.);
#938 = VERTEX_POINT('',#939);
#939 = CARTESIAN_POINT('',(0.15,1.,1.17));
#940 = LINE('',#941,#942);
#941 = CARTESIAN_POINT('',(0.15,1.,0.645));
#942 = VECTOR('',#943,1.);
#943 = DIRECTION('',(-0.,0.,-1.));
#944 = ORIENTED_EDGE('',*,*,#945,.F.);
#945 = EDGE_CURVE('',#920,#938,#946,.T.);
#946 = LINE('',#947,#948);
#947 = CARTESIAN_POINT('',(-4.025,1.,1.17));
#948 = VECTOR('',#949,1.);
#949 = DIRECTION('',(1.,0.,-0.));
#950 = FACE_BOUND('',#951,.F.);
#951 = EDGE_LOOP('',(#952,#962,#970,#978));
#952 = ORIENTED_EDGE('',*,*,#953,.T.);
#953 = EDGE_CURVE('',#954,#956,#958,.T.);
#954 = VERTEX_POINT('',#955);
#955 = CARTESIAN_POINT('',(0.85,1.,1.17));
#956 = VERTEX_POINT('',#957);
#957 = CARTESIAN_POINT('',(0.85,1.,0.86));
#958 = LINE('',#959,#960);
#959 = CARTESIAN_POINT('',(0.85,1.,0.645));
#960 = VECTOR('',#961,1.);
#961 = DIRECTION('',(-0.,0.,-1.));
#962 = ORIENTED_EDGE('',*,*,#963,.T.);
#963 = EDGE_CURVE('',#956,#964,#966,.T.);
#964 = VERTEX_POINT('',#965);
#965 = CARTESIAN_POINT('',(1.15,1.,0.86));
#966 = LINE('',#967,#968);
#967 = CARTESIAN_POINT('',(-3.6,1.,0.86));
#968 = VECTOR('',#969,1.);
#969 = DIRECTION('',(1.,0.,-0.));
#970 = ORIENTED_EDGE('',*,*,#971,.F.);
#971 = EDGE_CURVE('',#972,#964,#974,.T.);
#972 = VERTEX_POINT('',#973);
#973 = CARTESIAN_POINT('',(1.15,1.,1.17));
#974 = LINE('',#975,#976);
#975 = CARTESIAN_POINT('',(1.15,1.,0.645));
#976 = VECTOR('',#977,1.);
#977 = DIRECTION('',(-0.,0.,-1.));
#978 = ORIENTED_EDGE('',*,*,#979,.F.);
#979 = EDGE_CURVE('',#954,#972,#980,.T.);
#980 = LINE('',#981,#982);
#981 = CARTESIAN_POINT('',(-3.525,1.,1.17));
#982 = VECTOR('',#983,1.);
#983 = DIRECTION('',(1.,0.,-0.));
#984 = FACE_BOUND('',#985,.F.);
#985 = EDGE_LOOP('',(#986,#996,#1004,#1012));
#986 = ORIENTED_EDGE('',*,*,#987,.T.);
#987 = EDGE_CURVE('',#988,#990,#992,.T.);
#988 = VERTEX_POINT('',#989);
#989 = CARTESIAN_POINT('',(1.85,1.,1.17));
#990 = VERTEX_POINT('',#991);
#991 = CARTESIAN_POINT('',(1.85,1.,0.86));
#992 = LINE('',#993,#994);
#993 = CARTESIAN_POINT('',(1.85,1.,0.645));
#994 = VECTOR('',#995,1.);
#995 = DIRECTION('',(-0.,0.,-1.));
#996 = ORIENTED_EDGE('',*,*,#997,.T.);
#997 = EDGE_CURVE('',#990,#998,#1000,.T.);
#998 = VERTEX_POINT('',#999);
#999 = CARTESIAN_POINT('',(2.15,1.,0.86));
#1000 = LINE('',#1001,#1002);
#1001 = CARTESIAN_POINT('',(-3.1,1.,0.86));
#1002 = VECTOR('',#1003,1.);
#1003 = DIRECTION('',(1.,0.,-0.));
#1004 = ORIENTED_EDGE('',*,*,#1005,.F.);
#1005 = EDGE_CURVE('',#1006,#998,#1008,.T.);
#1006 = VERTEX_POINT('',#1007);
#1007 = CARTESIAN_POINT('',(2.15,1.,1.17));
#1008 = LINE('',#1009,#1010);
#1009 = CARTESIAN_POINT('',(2.15,1.,0.645));
#1010 = VECTOR('',#1011,1.);
#1011 = DIRECTION('',(-0.,0.,-1.));
#1012 = ORIENTED_EDGE('',*,*,#1013,.F.);
#1013 = EDGE_CURVE('',#988,#1006,#1014,.T.);
#1014 = LINE('',#1015,#1016);
#1015 = CARTESIAN_POINT('',(-3.025,1.,1.17));
#1016 = VECTOR('',#1017,1.);
#1017 = DIRECTION('',(1.,0.,-0.));
#1018 = FACE_BOUND('',#1019,.F.);
#1019 = EDGE_LOOP('',(#1020,#1030,#1038,#1046));
#1020 = ORIENTED_EDGE('',*,*,#1021,.T.);
#1021 = EDGE_CURVE('',#1022,#1024,#1026,.T.);
#1022 = VERTEX_POINT('',#1023);
#1023 = CARTESIAN_POINT('',(2.85,1.,1.17));
#1024 = VERTEX_POINT('',#1025);
#1025 = CARTESIAN_POINT('',(2.85,1.,0.86));
#1026 = LINE('',#1027,#1028);
#1027 = CARTESIAN_POINT('',(2.85,1.,0.645));
#1028 = VECTOR('',#1029,1.);
#1029 = DIRECTION('',(-0.,0.,-1.));
#1030 = ORIENTED_EDGE('',*,*,#1031,.T.);
#1031 = EDGE_CURVE('',#1024,#1032,#1034,.T.);
#1032 = VERTEX_POINT('',#1033);
#1033 = CARTESIAN_POINT('',(3.15,1.,0.86));
#1034 = LINE('',#1035,#1036);
#1035 = CARTESIAN_POINT('',(-2.6,1.,0.86));
#1036 = VECTOR('',#1037,1.);
#1037 = DIRECTION('',(1.,0.,-0.));
#1038 = ORIENTED_EDGE('',*,*,#1039,.F.);
#1039 = EDGE_CURVE('',#1040,#1032,#1042,.T.);
#1040 = VERTEX_POINT('',#1041);
#1041 = CARTESIAN_POINT('',(3.15,1.,1.17));
#1042 = LINE('',#1043,#1044);
#1043 = CARTESIAN_POINT('',(3.15,1.,0.645));
#1044 = VECTOR('',#1045,1.);
#1045 = DIRECTION('',(-0.,0.,-1.));
#1046 = ORIENTED_EDGE('',*,*,#1047,.F.);
#1047 = EDGE_CURVE('',#1022,#1040,#1048,.T.);
#1048 = LINE('',#1049,#1050);
#1049 = CARTESIAN_POINT('',(-2.525,1.,1.17));
#1050 = VECTOR('',#1051,1.);
#1051 = DIRECTION('',(1.,0.,-0.));
#1052 = FACE_BOUND('',#1053,.F.);
#1053 = EDGE_LOOP('',(#1054,#1064,#1072,#1080));
#1054 = ORIENTED_EDGE('',*,*,#1055,.T.);
#1055 = EDGE_CURVE('',#1056,#1058,#1060,.T.);
#1056 = VERTEX_POINT('',#1057);
#1057 = CARTESIAN_POINT('',(3.85,1.,1.17));
#1058 = VERTEX_POINT('',#1059);
#1059 = CARTESIAN_POINT('',(3.85,1.,0.86));
#1060 = LINE('',#1061,#1062);
#1061 = CARTESIAN_POINT('',(3.85,1.,0.645));
#1062 = VECTOR('',#1063,1.);
#1063 = DIRECTION('',(-0.,0.,-1.));
#1064 = ORIENTED_EDGE('',*,*,#1065,.T.);
#1065 = EDGE_CURVE('',#1058,#1066,#1068,.T.);
#1066 = VERTEX_POINT('',#1067);
#1067 = CARTESIAN_POINT('',(4.15,1.,0.86));
#1068 = LINE('',#1069,#1070);
#1069 = CARTESIAN_POINT('',(-2.1,1.,0.86));
#1070 = VECTOR('',#1071,1.);
#1071 = DIRECTION('',(1.,0.,-0.));
#1072 = ORIENTED_EDGE('',*,*,#1073,.F.);
#1073 = EDGE_CURVE('',#1074,#1066,#1076,.T.);
#1074 = VERTEX_POINT('',#1075);
#1075 = CARTESIAN_POINT('',(4.15,1.,1.17));
#1076 = LINE('',#1077,#1078);
#1077 = CARTESIAN_POINT('',(4.15,1.,0.645));
#1078 = VECTOR('',#1079,1.);
#1079 = DIRECTION('',(-0.,0.,-1.));
#1080 = ORIENTED_EDGE('',*,*,#1081,.F.);
#1081 = EDGE_CURVE('',#1056,#1074,#1082,.T.);
#1082 = LINE('',#1083,#1084);
#1083 = CARTESIAN_POINT('',(-2.025,1.,1.17));
#1084 = VECTOR('',#1085,1.);
#1085 = DIRECTION('',(1.,0.,-0.));
#1086 = FACE_BOUND('',#1087,.F.);
#1087 = EDGE_LOOP('',(#1088,#1098,#1106,#1114));
#1088 = ORIENTED_EDGE('',*,*,#1089,.T.);
#1089 = EDGE_CURVE('',#1090,#1092,#1094,.T.);
#1090 = VERTEX_POINT('',#1091);
#1091 = CARTESIAN_POINT('',(4.85,1.,1.17));
#1092 = VERTEX_POINT('',#1093);
#1093 = CARTESIAN_POINT('',(4.85,1.,0.86));
#1094 = LINE('',#1095,#1096);
#1095 = CARTESIAN_POINT('',(4.85,1.,0.645));
#1096 = VECTOR('',#1097,1.);
#1097 = DIRECTION('',(-0.,0.,-1.));
#1098 = ORIENTED_EDGE('',*,*,#1099,.T.);
#1099 = EDGE_CURVE('',#1092,#1100,#1102,.T.);
#1100 = VERTEX_POINT('',#1101);
#1101 = CARTESIAN_POINT('',(5.15,1.,0.86));
#1102 = LINE('',#1103,#1104);
#1103 = CARTESIAN_POINT('',(-1.6,1.,0.86));
#1104 = VECTOR('',#1105,1.);
#1105 = DIRECTION('',(1.,0.,-0.));
#1106 = ORIENTED_EDGE('',*,*,#1107,.F.);
#1107 = EDGE_CURVE('',#1108,#1100,#1110,.T.);
#1108 = VERTEX_POINT('',#1109);
#1109 = CARTESIAN_POINT('',(5.15,1.,1.17));
#1110 = LINE('',#1111,#1112);
#1111 = CARTESIAN_POINT('',(5.15,1.,0.645));
#1112 = VECTOR('',#1113,1.);
#1113 = DIRECTION('',(-0.,0.,-1.));
#1114 = ORIENTED_EDGE('',*,*,#1115,.F.);
#1115 = EDGE_CURVE('',#1090,#1108,#1116,.T.);
#1116 = LINE('',#1117,#1118);
#1117 = CARTESIAN_POINT('',(-1.525,1.,1.17));
#1118 = VECTOR('',#1119,1.);
#1119 = DIRECTION('',(1.,0.,-0.));
#1120 = FACE_BOUND('',#1121,.F.);
#1121 = EDGE_LOOP('',(#1122,#1132,#1140,#1148));
#1122 = ORIENTED_EDGE('',*,*,#1123,.T.);
#1123 = EDGE_CURVE('',#1124,#1126,#1128,.T.);
#1124 = VERTEX_POINT('',#1125);
#1125 = CARTESIAN_POINT('',(5.85,1.,1.17));
#1126 = VERTEX_POINT('',#1127);
#1127 = CARTESIAN_POINT('',(5.85,1.,0.86));
#1128 = LINE('',#1129,#1130);
#1129 = CARTESIAN_POINT('',(5.85,1.,0.645));
#1130 = VECTOR('',#1131,1.);
#1131 = DIRECTION('',(-0.,0.,-1.));
#1132 = ORIENTED_EDGE('',*,*,#1133,.T.);
#1133 = EDGE_CURVE('',#1126,#1134,#1136,.T.);
#1134 = VERTEX_POINT('',#1135);
#1135 = CARTESIAN_POINT('',(6.15,1.,0.86));
#1136 = LINE('',#1137,#1138);
#1137 = CARTESIAN_POINT('',(-1.1,1.,0.86));
#1138 = VECTOR('',#1139,1.);
#1139 = DIRECTION('',(1.,0.,-0.));
#1140 = ORIENTED_EDGE('',*,*,#1141,.F.);
#1141 = EDGE_CURVE('',#1142,#1134,#1144,.T.);
#1142 = VERTEX_POINT('',#1143);
#1143 = CARTESIAN_POINT('',(6.15,1.,1.17));
#1144 = LINE('',#1145,#1146);
#1145 = CARTESIAN_POINT('',(6.15,1.,0.645));
#1146 = VECTOR('',#1147,1.);
#1147 = DIRECTION('',(-0.,0.,-1.));
#1148 = ORIENTED_EDGE('',*,*,#1149,.F.);
#1149 = EDGE_CURVE('',#1124,#1142,#1150,.T.);
#1150 = LINE('',#1151,#1152);
#1151 = CARTESIAN_POINT('',(-1.025,1.,1.17));
#1152 = VECTOR('',#1153,1.);
#1153 = DIRECTION('',(1.,0.,-0.));
#1154 = FACE_BOUND('',#1155,.F.);
#1155 = EDGE_LOOP('',(#1156,#1166,#1174,#1182));
#1156 = ORIENTED_EDGE('',*,*,#1157,.T.);
#1157 = EDGE_CURVE('',#1158,#1160,#1162,.T.);
#1158 = VERTEX_POINT('',#1159);
#1159 = CARTESIAN_POINT('',(6.85,1.,1.17));
#1160 = VERTEX_POINT('',#1161);
#1161 = CARTESIAN_POINT('',(6.85,1.,0.86));
#1162 = LINE('',#1163,#1164);
#1163 = CARTESIAN_POINT('',(6.85,1.,0.645));
#1164 = VECTOR('',#1165,1.);
#1165 = DIRECTION('',(-0.,0.,-1.));
#1166 = ORIENTED_EDGE('',*,*,#1167,.T.);
#1167 = EDGE_CURVE('',#1160,#1168,#1170,.T.);
#1168 = VERTEX_POINT('',#1169);
#1169 = CARTESIAN_POINT('',(7.15,1.,0.86));
#1170 = LINE('',#1171,#1172);
#1171 = CARTESIAN_POINT('',(-0.6,1.,0.86));
#1172 = VECTOR('',#1173,1.);
#1173 = DIRECTION('',(1.,0.,-0.));
#1174 = ORIENTED_EDGE('',*,*,#1175,.F.);
#1175 = EDGE_CURVE('',#1176,#1168,#1178,.T.);
#1176 = VERTEX_POINT('',#1177);
#1177 = CARTESIAN_POINT('',(7.15,1.,1.17));
#1178 = LINE('',#1179,#1180);
#1179 = CARTESIAN_POINT('',(7.15,1.,0.645));
#1180 = VECTOR('',#1181,1.);
#1181 = DIRECTION('',(-0.,0.,-1.));
#1182 = ORIENTED_EDGE('',*,*,#1183,.F.);
#1183 = EDGE_CURVE('',#1158,#1176,#1184,.T.);
#1184 = LINE('',#1185,#1186);
#1185 = CARTESIAN_POINT('',(-0.525,1.,1.17));
#1186 = VECTOR('',#1187,1.);
#1187 = DIRECTION('',(1.,0.,-0.));
#1188 = PLANE('',#1189);
#1189 = AXIS2_PLACEMENT_3D('',#1190,#1191,#1192);
#1190 = CARTESIAN_POINT('',(-8.05,1.,0.43));
#1191 = DIRECTION('',(-0.,1.,0.));
#1192 = DIRECTION('',(0.,0.,1.));
#1193 = ADVANCED_FACE('',(#1194),#1235,.F.);
#1194 = FACE_BOUND('',#1195,.F.);
#1195 = EDGE_LOOP('',(#1196,#1206,#1214,#1220,#1221,#1229));
#1196 = ORIENTED_EDGE('',*,*,#1197,.F.);
#1197 = EDGE_CURVE('',#1198,#1200,#1202,.T.);
#1198 = VERTEX_POINT('',#1199);
#1199 = CARTESIAN_POINT('',(-6.15,-0.925,0.3));
#1200 = VERTEX_POINT('',#1201);
#1201 = CARTESIAN_POINT('',(-6.15,2.275,0.3));
#1202 = LINE('',#1203,#1204);
#1203 = CARTESIAN_POINT('',(-6.15,-0.925,0.3));
#1204 = VECTOR('',#1205,1.);
#1205 = DIRECTION('',(-0.,1.,0.));
#1206 = ORIENTED_EDGE('',*,*,#1207,.T.);
#1207 = EDGE_CURVE('',#1198,#1208,#1210,.T.);
#1208 = VERTEX_POINT('',#1209);
#1209 = CARTESIAN_POINT('',(-6.15,-0.925,0.43));
#1210 = LINE('',#1211,#1212);
#1211 = CARTESIAN_POINT('',(-6.15,-0.925,0.3));
#1212 = VECTOR('',#1213,1.);
#1213 = DIRECTION('',(0.,0.,1.));
#1214 = ORIENTED_EDGE('',*,*,#1215,.F.);
#1215 = EDGE_CURVE('',#658,#1208,#1216,.T.);
#1216 = LINE('',#1217,#1218);
#1217 = CARTESIAN_POINT('',(-6.15,0.245540540541,0.43));
#1218 = VECTOR('',#1219,1.);
#1219 = DIRECTION('',(0.,-1.,0.));
#1220 = ORIENTED_EDGE('',*,*,#657,.T.);
#1221 = ORIENTED_EDGE('',*,*,#1222,.T.);
#1222 = EDGE_CURVE('',#650,#1223,#1225,.T.);
#1223 = VERTEX_POINT('',#1224);
#1224 = CARTESIAN_POINT('',(-6.15,2.275,0.49));
#1225 = LINE('',#1226,#1227);
#1226 = CARTESIAN_POINT('',(-6.15,-0.925,0.49));
#1227 = VECTOR('',#1228,1.);
#1228 = DIRECTION('',(-0.,1.,0.));
#1229 = ORIENTED_EDGE('',*,*,#1230,.F.);
#1230 = EDGE_CURVE('',#1200,#1223,#1231,.T.);
#1231 = LINE('',#1232,#1233);
#1232 = CARTESIAN_POINT('',(-6.15,2.275,0.3));
#1233 = VECTOR('',#1234,1.);
#1234 = DIRECTION('',(0.,0.,1.));
#1235 = PLANE('',#1236);
#1236 = AXIS2_PLACEMENT_3D('',#1237,#1238,#1239);
#1237 = CARTESIAN_POINT('',(-6.15,0.566081081081,0.441081081081));
#1238 = DIRECTION('',(-1.,-0.,-0.));
#1239 = DIRECTION('',(0.,0.,-1.));
#1240 = ADVANCED_FACE('',(#1241),#1266,.F.);
#1241 = FACE_BOUND('',#1242,.F.);
#1242 = EDGE_LOOP('',(#1243,#1251,#1259,#1265));
#1243 = ORIENTED_EDGE('',*,*,#1244,.T.);
#1244 = EDGE_CURVE('',#1198,#1245,#1247,.T.);
#1245 = VERTEX_POINT('',#1246);
#1246 = CARTESIAN_POINT('',(-5.85,-0.925,0.3));
#1247 = LINE('',#1248,#1249);
#1248 = CARTESIAN_POINT('',(-6.15,-0.925,0.3));
#1249 = VECTOR('',#1250,1.);
#1250 = DIRECTION('',(1.,0.,-0.));
#1251 = ORIENTED_EDGE('',*,*,#1252,.T.);
#1252 = EDGE_CURVE('',#1245,#1253,#1255,.T.);
#1253 = VERTEX_POINT('',#1254);
#1254 = CARTESIAN_POINT('',(-5.85,-0.925,0.43));
#1255 = LINE('',#1256,#1257);
#1256 = CARTESIAN_POINT('',(-5.85,-0.925,0.49));
#1257 = VECTOR('',#1258,1.);
#1258 = DIRECTION('',(0.,0.,1.));
#1259 = ORIENTED_EDGE('',*,*,#1260,.F.);
#1260 = EDGE_CURVE('',#1208,#1253,#1261,.T.);
#1261 = LINE('',#1262,#1263);
#1262 = CARTESIAN_POINT('',(-8.0125,-0.925,0.43));
#1263 = VECTOR('',#1264,1.);
#1264 = DIRECTION('',(1.,0.,0.));
#1265 = ORIENTED_EDGE('',*,*,#1207,.F.);
#1266 = PLANE('',#1267);
#1267 = AXIS2_PLACEMENT_3D('',#1268,#1269,#1270);
#1268 = CARTESIAN_POINT('',(-6.,-0.925,0.55));
#1269 = DIRECTION('',(-0.,-1.,-0.));
#1270 = DIRECTION('',(0.,0.,-1.));
#1271 = ADVANCED_FACE('',(#1272),#1304,.F.);
#1272 = FACE_BOUND('',#1273,.F.);
#1273 = EDGE_LOOP('',(#1274,#1282,#1290,#1296,#1297,#1303));
#1274 = ORIENTED_EDGE('',*,*,#1275,.T.);
#1275 = EDGE_CURVE('',#1245,#1276,#1278,.T.);
#1276 = VERTEX_POINT('',#1277);
#1277 = CARTESIAN_POINT('',(-5.85,2.275,0.3));
#1278 = LINE('',#1279,#1280);
#1279 = CARTESIAN_POINT('',(-5.85,-0.925,0.3));
#1280 = VECTOR('',#1281,1.);
#1281 = DIRECTION('',(-0.,1.,0.));
#1282 = ORIENTED_EDGE('',*,*,#1283,.T.);
#1283 = EDGE_CURVE('',#1276,#1284,#1286,.T.);
#1284 = VERTEX_POINT('',#1285);
#1285 = CARTESIAN_POINT('',(-5.85,2.275,0.49));
#1286 = LINE('',#1287,#1288);
#1287 = CARTESIAN_POINT('',(-5.85,2.275,0.3));
#1288 = VECTOR('',#1289,1.);
#1289 = DIRECTION('',(0.,0.,1.));
#1290 = ORIENTED_EDGE('',*,*,#1291,.F.);
#1291 = EDGE_CURVE('',#642,#1284,#1292,.T.);
#1292 = LINE('',#1293,#1294);
#1293 = CARTESIAN_POINT('',(-5.85,-0.925,0.49));
#1294 = VECTOR('',#1295,1.);
#1295 = DIRECTION('',(-0.,1.,0.));
#1296 = ORIENTED_EDGE('',*,*,#641,.T.);
#1297 = ORIENTED_EDGE('',*,*,#1298,.F.);
#1298 = EDGE_CURVE('',#1253,#634,#1299,.T.);
#1299 = LINE('',#1300,#1301);
#1300 = CARTESIAN_POINT('',(-5.85,-0.479459459459,0.43));
#1301 = VECTOR('',#1302,1.);
#1302 = DIRECTION('',(0.,1.,0.));
#1303 = ORIENTED_EDGE('',*,*,#1252,.F.);
#1304 = PLANE('',#1305);
#1305 = AXIS2_PLACEMENT_3D('',#1306,#1307,#1308);
#1306 = CARTESIAN_POINT('',(-5.85,0.566081081081,0.441081081081));
#1307 = DIRECTION('',(1.,0.,0.));
#1308 = DIRECTION('',(-0.,0.,1.));
#1309 = ADVANCED_FACE('',(#1310),#1351,.F.);
#1310 = FACE_BOUND('',#1311,.F.);
#1311 = EDGE_LOOP('',(#1312,#1322,#1330,#1336,#1337,#1345));
#1312 = ORIENTED_EDGE('',*,*,#1313,.F.);
#1313 = EDGE_CURVE('',#1314,#1316,#1318,.T.);
#1314 = VERTEX_POINT('',#1315);
#1315 = CARTESIAN_POINT('',(-5.15,-0.925,0.3));
#1316 = VERTEX_POINT('',#1317);
#1317 = CARTESIAN_POINT('',(-5.15,2.275,0.3));
#1318 = LINE('',#1319,#1320);
#1319 = CARTESIAN_POINT('',(-5.15,-0.925,0.3));
#1320 = VECTOR('',#1321,1.);
#1321 = DIRECTION('',(-0.,1.,0.));
#1322 = ORIENTED_EDGE('',*,*,#1323,.T.);
#1323 = EDGE_CURVE('',#1314,#1324,#1326,.T.);
#1324 = VERTEX_POINT('',#1325);
#1325 = CARTESIAN_POINT('',(-5.15,-0.925,0.43));
#1326 = LINE('',#1327,#1328);
#1327 = CARTESIAN_POINT('',(-5.15,-0.925,0.3));
#1328 = VECTOR('',#1329,1.);
#1329 = DIRECTION('',(0.,0.,1.));
#1330 = ORIENTED_EDGE('',*,*,#1331,.F.);
#1331 = EDGE_CURVE('',#626,#1324,#1332,.T.);
#1332 = LINE('',#1333,#1334);
#1333 = CARTESIAN_POINT('',(-5.15,0.245540540541,0.43));
#1334 = VECTOR('',#1335,1.);
#1335 = DIRECTION('',(0.,-1.,0.));
#1336 = ORIENTED_EDGE('',*,*,#625,.T.);
#1337 = ORIENTED_EDGE('',*,*,#1338,.T.);
#1338 = EDGE_CURVE('',#618,#1339,#1341,.T.);
#1339 = VERTEX_POINT('',#1340);
#1340 = CARTESIAN_POINT('',(-5.15,2.275,0.49));
#1341 = LINE('',#1342,#1343);
#1342 = CARTESIAN_POINT('',(-5.15,-0.925,0.49));
#1343 = VECTOR('',#1344,1.);
#1344 = DIRECTION('',(-0.,1.,0.));
#1345 = ORIENTED_EDGE('',*,*,#1346,.F.);
#1346 = EDGE_CURVE('',#1316,#1339,#1347,.T.);
#1347 = LINE('',#1348,#1349);
#1348 = CARTESIAN_POINT('',(-5.15,2.275,0.3));
#1349 = VECTOR('',#1350,1.);
#1350 = DIRECTION('',(0.,0.,1.));
#1351 = PLANE('',#1352);
#1352 = AXIS2_PLACEMENT_3D('',#1353,#1354,#1355);
#1353 = CARTESIAN_POINT('',(-5.15,0.566081081081,0.441081081081));
#1354 = DIRECTION('',(-1.,-0.,-0.));
#1355 = DIRECTION('',(0.,0.,-1.));
#1356 = ADVANCED_FACE('',(#1357),#1382,.F.);
#1357 = FACE_BOUND('',#1358,.F.);
#1358 = EDGE_LOOP('',(#1359,#1367,#1375,#1381));
#1359 = ORIENTED_EDGE('',*,*,#1360,.T.);
#1360 = EDGE_CURVE('',#1314,#1361,#1363,.T.);
#1361 = VERTEX_POINT('',#1362);
#1362 = CARTESIAN_POINT('',(-4.85,-0.925,0.3));
#1363 = LINE('',#1364,#1365);
#1364 = CARTESIAN_POINT('',(-5.15,-0.925,0.3));
#1365 = VECTOR('',#1366,1.);
#1366 = DIRECTION('',(1.,0.,-0.));
#1367 = ORIENTED_EDGE('',*,*,#1368,.T.);
#1368 = EDGE_CURVE('',#1361,#1369,#1371,.T.);
#1369 = VERTEX_POINT('',#1370);
#1370 = CARTESIAN_POINT('',(-4.85,-0.925,0.43));
#1371 = LINE('',#1372,#1373);
#1372 = CARTESIAN_POINT('',(-4.85,-0.925,0.49));
#1373 = VECTOR('',#1374,1.);
#1374 = DIRECTION('',(0.,0.,1.));
#1375 = ORIENTED_EDGE('',*,*,#1376,.F.);
#1376 = EDGE_CURVE('',#1324,#1369,#1377,.T.);
#1377 = LINE('',#1378,#1379);
#1378 = CARTESIAN_POINT('',(-7.5125,-0.925,0.43));
#1379 = VECTOR('',#1380,1.);
#1380 = DIRECTION('',(1.,0.,0.));
#1381 = ORIENTED_EDGE('',*,*,#1323,.F.);
#1382 = PLANE('',#1383);
#1383 = AXIS2_PLACEMENT_3D('',#1384,#1385,#1386);
#1384 = CARTESIAN_POINT('',(-5.,-0.925,0.55));
#1385 = DIRECTION('',(-0.,-1.,-0.));
#1386 = DIRECTION('',(0.,0.,-1.));
#1387 = ADVANCED_FACE('',(#1388),#1420,.F.);
#1388 = FACE_BOUND('',#1389,.F.);
#1389 = EDGE_LOOP('',(#1390,#1398,#1406,#1412,#1413,#1419));
#1390 = ORIENTED_EDGE('',*,*,#1391,.T.);
#1391 = EDGE_CURVE('',#1361,#1392,#1394,.T.);
#1392 = VERTEX_POINT('',#1393);
#1393 = CARTESIAN_POINT('',(-4.85,2.275,0.3));
#1394 = LINE('',#1395,#1396);
#1395 = CARTESIAN_POINT('',(-4.85,-0.925,0.3));
#1396 = VECTOR('',#1397,1.);
#1397 = DIRECTION('',(-0.,1.,0.));
#1398 = ORIENTED_EDGE('',*,*,#1399,.T.);
#1399 = EDGE_CURVE('',#1392,#1400,#1402,.T.);
#1400 = VERTEX_POINT('',#1401);
#1401 = CARTESIAN_POINT('',(-4.85,2.275,0.49));
#1402 = LINE('',#1403,#1404);
#1403 = CARTESIAN_POINT('',(-4.85,2.275,0.3));
#1404 = VECTOR('',#1405,1.);
#1405 = DIRECTION('',(0.,0.,1.));
#1406 = ORIENTED_EDGE('',*,*,#1407,.F.);
#1407 = EDGE_CURVE('',#610,#1400,#1408,.T.);
#1408 = LINE('',#1409,#1410);
#1409 = CARTESIAN_POINT('',(-4.85,-0.925,0.49));
#1410 = VECTOR('',#1411,1.);
#1411 = DIRECTION('',(-0.,1.,0.));
#1412 = ORIENTED_EDGE('',*,*,#609,.T.);
#1413 = ORIENTED_EDGE('',*,*,#1414,.F.);
#1414 = EDGE_CURVE('',#1369,#602,#1415,.T.);
#1415 = LINE('',#1416,#1417);
#1416 = CARTESIAN_POINT('',(-4.85,-0.479459459459,0.43));
#1417 = VECTOR('',#1418,1.);
#1418 = DIRECTION('',(0.,1.,0.));
#1419 = ORIENTED_EDGE('',*,*,#1368,.F.);
#1420 = PLANE('',#1421);
#1421 = AXIS2_PLACEMENT_3D('',#1422,#1423,#1424);
#1422 = CARTESIAN_POINT('',(-4.85,0.566081081081,0.441081081081));
#1423 = DIRECTION('',(1.,0.,0.));
#1424 = DIRECTION('',(-0.,0.,1.));
#1425 = ADVANCED_FACE('',(#1426),#1467,.F.);
#1426 = FACE_BOUND('',#1427,.F.);
#1427 = EDGE_LOOP('',(#1428,#1438,#1446,#1452,#1453,#1461));
#1428 = ORIENTED_EDGE('',*,*,#1429,.F.);
#1429 = EDGE_CURVE('',#1430,#1432,#1434,.T.);
#1430 = VERTEX_POINT('',#1431);
#1431 = CARTESIAN_POINT('',(-4.15,-0.925,0.3));
#1432 = VERTEX_POINT('',#1433);
#1433 = CARTESIAN_POINT('',(-4.15,2.275,0.3));
#1434 = LINE('',#1435,#1436);
#1435 = CARTESIAN_POINT('',(-4.15,-0.925,0.3));
#1436 = VECTOR('',#1437,1.);
#1437 = DIRECTION('',(-0.,1.,0.));
#1438 = ORIENTED_EDGE('',*,*,#1439,.T.);
#1439 = EDGE_CURVE('',#1430,#1440,#1442,.T.);
#1440 = VERTEX_POINT('',#1441);
#1441 = CARTESIAN_POINT('',(-4.15,-0.925,0.43));
#1442 = LINE('',#1443,#1444);
#1443 = CARTESIAN_POINT('',(-4.15,-0.925,0.3));
#1444 = VECTOR('',#1445,1.);
#1445 = DIRECTION('',(0.,0.,1.));
#1446 = ORIENTED_EDGE('',*,*,#1447,.F.);
#1447 = EDGE_CURVE('',#594,#1440,#1448,.T.);
#1448 = LINE('',#1449,#1450);
#1449 = CARTESIAN_POINT('',(-4.15,0.245540540541,0.43));
#1450 = VECTOR('',#1451,1.);
#1451 = DIRECTION('',(0.,-1.,0.));
#1452 = ORIENTED_EDGE('',*,*,#593,.T.);
#1453 = ORIENTED_EDGE('',*,*,#1454,.T.);
#1454 = EDGE_CURVE('',#586,#1455,#1457,.T.);
#1455 = VERTEX_POINT('',#1456);
#1456 = CARTESIAN_POINT('',(-4.15,2.275,0.49));
#1457 = LINE('',#1458,#1459);
#1458 = CARTESIAN_POINT('',(-4.15,-0.925,0.49));
#1459 = VECTOR('',#1460,1.);
#1460 = DIRECTION('',(-0.,1.,0.));
#1461 = ORIENTED_EDGE('',*,*,#1462,.F.);
#1462 = EDGE_CURVE('',#1432,#1455,#1463,.T.);
#1463 = LINE('',#1464,#1465);
#1464 = CARTESIAN_POINT('',(-4.15,2.275,0.3));
#1465 = VECTOR('',#1466,1.);
#1466 = DIRECTION('',(0.,0.,1.));
#1467 = PLANE('',#1468);
#1468 = AXIS2_PLACEMENT_3D('',#1469,#1470,#1471);
#1469 = CARTESIAN_POINT('',(-4.15,0.566081081081,0.441081081081));
#1470 = DIRECTION('',(-1.,-0.,-0.));
#1471 = DIRECTION('',(0.,0.,-1.));
#1472 = ADVANCED_FACE('',(#1473),#1498,.F.);
#1473 = FACE_BOUND('',#1474,.F.);
#1474 = EDGE_LOOP('',(#1475,#1483,#1491,#1497));
#1475 = ORIENTED_EDGE('',*,*,#1476,.T.);
#1476 = EDGE_CURVE('',#1430,#1477,#1479,.T.);
#1477 = VERTEX_POINT('',#1478);
#1478 = CARTESIAN_POINT('',(-3.85,-0.925,0.3));
#1479 = LINE('',#1480,#1481);
#1480 = CARTESIAN_POINT('',(-4.15,-0.925,0.3));
#1481 = VECTOR('',#1482,1.);
#1482 = DIRECTION('',(1.,0.,-0.));
#1483 = ORIENTED_EDGE('',*,*,#1484,.T.);
#1484 = EDGE_CURVE('',#1477,#1485,#1487,.T.);
#1485 = VERTEX_POINT('',#1486);
#1486 = CARTESIAN_POINT('',(-3.85,-0.925,0.43));
#1487 = LINE('',#1488,#1489);
#1488 = CARTESIAN_POINT('',(-3.85,-0.925,0.49));
#1489 = VECTOR('',#1490,1.);
#1490 = DIRECTION('',(0.,0.,1.));
#1491 = ORIENTED_EDGE('',*,*,#1492,.F.);
#1492 = EDGE_CURVE('',#1440,#1485,#1493,.T.);
#1493 = LINE('',#1494,#1495);
#1494 = CARTESIAN_POINT('',(-7.0125,-0.925,0.43));
#1495 = VECTOR('',#1496,1.);
#1496 = DIRECTION('',(1.,0.,0.));
#1497 = ORIENTED_EDGE('',*,*,#1439,.F.);
#1498 = PLANE('',#1499);
#1499 = AXIS2_PLACEMENT_3D('',#1500,#1501,#1502);
#1500 = CARTESIAN_POINT('',(-4.,-0.925,0.55));
#1501 = DIRECTION('',(-0.,-1.,-0.));
#1502 = DIRECTION('',(0.,0.,-1.));
#1503 = ADVANCED_FACE('',(#1504),#1536,.F.);
#1504 = FACE_BOUND('',#1505,.F.);
#1505 = EDGE_LOOP('',(#1506,#1514,#1522,#1528,#1529,#1535));
#1506 = ORIENTED_EDGE('',*,*,#1507,.T.);
#1507 = EDGE_CURVE('',#1477,#1508,#1510,.T.);
#1508 = VERTEX_POINT('',#1509);
#1509 = CARTESIAN_POINT('',(-3.85,2.275,0.3));
#1510 = LINE('',#1511,#1512);
#1511 = CARTESIAN_POINT('',(-3.85,-0.925,0.3));
#1512 = VECTOR('',#1513,1.);
#1513 = DIRECTION('',(-0.,1.,0.));
#1514 = ORIENTED_EDGE('',*,*,#1515,.T.);
#1515 = EDGE_CURVE('',#1508,#1516,#1518,.T.);
#1516 = VERTEX_POINT('',#1517);
#1517 = CARTESIAN_POINT('',(-3.85,2.275,0.49));
#1518 = LINE('',#1519,#1520);
#1519 = CARTESIAN_POINT('',(-3.85,2.275,0.3));
#1520 = VECTOR('',#1521,1.);
#1521 = DIRECTION('',(0.,0.,1.));
#1522 = ORIENTED_EDGE('',*,*,#1523,.F.);
#1523 = EDGE_CURVE('',#578,#1516,#1524,.T.);
#1524 = LINE('',#1525,#1526);
#1525 = CARTESIAN_POINT('',(-3.85,-0.925,0.49));
#1526 = VECTOR('',#1527,1.);
#1527 = DIRECTION('',(-0.,1.,0.));
#1528 = ORIENTED_EDGE('',*,*,#577,.T.);
#1529 = ORIENTED_EDGE('',*,*,#1530,.F.);
#1530 = EDGE_CURVE('',#1485,#570,#1531,.T.);
#1531 = LINE('',#1532,#1533);
#1532 = CARTESIAN_POINT('',(-3.85,-0.479459459459,0.43));
#1533 = VECTOR('',#1534,1.);
#1534 = DIRECTION('',(0.,1.,0.));
#1535 = ORIENTED_EDGE('',*,*,#1484,.F.);
#1536 = PLANE('',#1537);
#1537 = AXIS2_PLACEMENT_3D('',#1538,#1539,#1540);
#1538 = CARTESIAN_POINT('',(-3.85,0.566081081081,0.441081081081));
#1539 = DIRECTION('',(1.,0.,0.));
#1540 = DIRECTION('',(-0.,0.,1.));
#1541 = ADVANCED_FACE('',(#1542),#1583,.F.);
#1542 = FACE_BOUND('',#1543,.F.);
#1543 = EDGE_LOOP('',(#1544,#1554,#1562,#1568,#1569,#1577));
#1544 = ORIENTED_EDGE('',*,*,#1545,.F.);
#1545 = EDGE_CURVE('',#1546,#1548,#1550,.T.);
#1546 = VERTEX_POINT('',#1547);
#1547 = CARTESIAN_POINT('',(-3.15,-0.925,0.3));
#1548 = VERTEX_POINT('',#1549);
#1549 = CARTESIAN_POINT('',(-3.15,2.275,0.3));
#1550 = LINE('',#1551,#1552);
#1551 = CARTESIAN_POINT('',(-3.15,-0.925,0.3));
#1552 = VECTOR('',#1553,1.);
#1553 = DIRECTION('',(-0.,1.,0.));
#1554 = ORIENTED_EDGE('',*,*,#1555,.T.);
#1555 = EDGE_CURVE('',#1546,#1556,#1558,.T.);
#1556 = VERTEX_POINT('',#1557);
#1557 = CARTESIAN_POINT('',(-3.15,-0.925,0.43));
#1558 = LINE('',#1559,#1560);
#1559 = CARTESIAN_POINT('',(-3.15,-0.925,0.3));
#1560 = VECTOR('',#1561,1.);
#1561 = DIRECTION('',(0.,0.,1.));
#1562 = ORIENTED_EDGE('',*,*,#1563,.F.);
#1563 = EDGE_CURVE('',#562,#1556,#1564,.T.);
#1564 = LINE('',#1565,#1566);
#1565 = CARTESIAN_POINT('',(-3.15,0.245540540541,0.43));
#1566 = VECTOR('',#1567,1.);
#1567 = DIRECTION('',(0.,-1.,0.));
#1568 = ORIENTED_EDGE('',*,*,#561,.T.);
#1569 = ORIENTED_EDGE('',*,*,#1570,.T.);
#1570 = EDGE_CURVE('',#554,#1571,#1573,.T.);
#1571 = VERTEX_POINT('',#1572);
#1572 = CARTESIAN_POINT('',(-3.15,2.275,0.49));
#1573 = LINE('',#1574,#1575);
#1574 = CARTESIAN_POINT('',(-3.15,-0.925,0.49));
#1575 = VECTOR('',#1576,1.);
#1576 = DIRECTION('',(-0.,1.,0.));
#1577 = ORIENTED_EDGE('',*,*,#1578,.F.);
#1578 = EDGE_CURVE('',#1548,#1571,#1579,.T.);
#1579 = LINE('',#1580,#1581);
#1580 = CARTESIAN_POINT('',(-3.15,2.275,0.3));
#1581 = VECTOR('',#1582,1.);
#1582 = DIRECTION('',(0.,0.,1.));
#1583 = PLANE('',#1584);
#1584 = AXIS2_PLACEMENT_3D('',#1585,#1586,#1587);
#1585 = CARTESIAN_POINT('',(-3.15,0.566081081081,0.441081081081));
#1586 = DIRECTION('',(-1.,-0.,-0.));
#1587 = DIRECTION('',(0.,0.,-1.));
#1588 = ADVANCED_FACE('',(#1589),#1614,.F.);
#1589 = FACE_BOUND('',#1590,.F.);
#1590 = EDGE_LOOP('',(#1591,#1599,#1607,#1613));
#1591 = ORIENTED_EDGE('',*,*,#1592,.T.);
#1592 = EDGE_CURVE('',#1546,#1593,#1595,.T.);
#1593 = VERTEX_POINT('',#1594);
#1594 = CARTESIAN_POINT('',(-2.85,-0.925,0.3));
#1595 = LINE('',#1596,#1597);
#1596 = CARTESIAN_POINT('',(-3.15,-0.925,0.3));
#1597 = VECTOR('',#1598,1.);
#1598 = DIRECTION('',(1.,0.,-0.));
#1599 = ORIENTED_EDGE('',*,*,#1600,.T.);
#1600 = EDGE_CURVE('',#1593,#1601,#1603,.T.);
#1601 = VERTEX_POINT('',#1602);
#1602 = CARTESIAN_POINT('',(-2.85,-0.925,0.43));
#1603 = LINE('',#1604,#1605);
#1604 = CARTESIAN_POINT('',(-2.85,-0.925,0.49));
#1605 = VECTOR('',#1606,1.);
#1606 = DIRECTION('',(0.,0.,1.));
#1607 = ORIENTED_EDGE('',*,*,#1608,.F.);
#1608 = EDGE_CURVE('',#1556,#1601,#1609,.T.);
#1609 = LINE('',#1610,#1611);
#1610 = CARTESIAN_POINT('',(-6.5125,-0.925,0.43));
#1611 = VECTOR('',#1612,1.);
#1612 = DIRECTION('',(1.,0.,0.));
#1613 = ORIENTED_EDGE('',*,*,#1555,.F.);
#1614 = PLANE('',#1615);
#1615 = AXIS2_PLACEMENT_3D('',#1616,#1617,#1618);
#1616 = CARTESIAN_POINT('',(-3.,-0.925,0.55));
#1617 = DIRECTION('',(-0.,-1.,-0.));
#1618 = DIRECTION('',(0.,0.,-1.));
#1619 = ADVANCED_FACE('',(#1620),#1652,.F.);
#1620 = FACE_BOUND('',#1621,.F.);
#1621 = EDGE_LOOP('',(#1622,#1630,#1638,#1644,#1645,#1651));
#1622 = ORIENTED_EDGE('',*,*,#1623,.T.);
#1623 = EDGE_CURVE('',#1593,#1624,#1626,.T.);
#1624 = VERTEX_POINT('',#1625);
#1625 = CARTESIAN_POINT('',(-2.85,2.275,0.3));
#1626 = LINE('',#1627,#1628);
#1627 = CARTESIAN_POINT('',(-2.85,-0.925,0.3));
#1628 = VECTOR('',#1629,1.);
#1629 = DIRECTION('',(-0.,1.,0.));
#1630 = ORIENTED_EDGE('',*,*,#1631,.T.);
#1631 = EDGE_CURVE('',#1624,#1632,#1634,.T.);
#1632 = VERTEX_POINT('',#1633);
#1633 = CARTESIAN_POINT('',(-2.85,2.275,0.49));
#1634 = LINE('',#1635,#1636);
#1635 = CARTESIAN_POINT('',(-2.85,2.275,0.3));
#1636 = VECTOR('',#1637,1.);
#1637 = DIRECTION('',(0.,0.,1.));
#1638 = ORIENTED_EDGE('',*,*,#1639,.F.);
#1639 = EDGE_CURVE('',#546,#1632,#1640,.T.);
#1640 = LINE('',#1641,#1642);
#1641 = CARTESIAN_POINT('',(-2.85,-0.925,0.49));
#1642 = VECTOR('',#1643,1.);
#1643 = DIRECTION('',(-0.,1.,0.));
#1644 = ORIENTED_EDGE('',*,*,#545,.T.);
#1645 = ORIENTED_EDGE('',*,*,#1646,.F.);
#1646 = EDGE_CURVE('',#1601,#538,#1647,.T.);
#1647 = LINE('',#1648,#1649);
#1648 = CARTESIAN_POINT('',(-2.85,-0.479459459459,0.43));
#1649 = VECTOR('',#1650,1.);
#1650 = DIRECTION('',(0.,1.,0.));
#1651 = ORIENTED_EDGE('',*,*,#1600,.F.);
#1652 = PLANE('',#1653);
#1653 = AXIS2_PLACEMENT_3D('',#1654,#1655,#1656);
#1654 = CARTESIAN_POINT('',(-2.85,0.566081081081,0.441081081081));
#1655 = DIRECTION('',(1.,0.,0.));
#1656 = DIRECTION('',(-0.,0.,1.));
#1657 = ADVANCED_FACE('',(#1658),#1699,.F.);
#1658 = FACE_BOUND('',#1659,.F.);
#1659 = EDGE_LOOP('',(#1660,#1670,#1678,#1684,#1685,#1693));
#1660 = ORIENTED_EDGE('',*,*,#1661,.F.);
#1661 = EDGE_CURVE('',#1662,#1664,#1666,.T.);
#1662 = VERTEX_POINT('',#1663);
#1663 = CARTESIAN_POINT('',(-2.15,-0.925,0.3));
#1664 = VERTEX_POINT('',#1665);
#1665 = CARTESIAN_POINT('',(-2.15,2.275,0.3));
#1666 = LINE('',#1667,#1668);
#1667 = CARTESIAN_POINT('',(-2.15,-0.925,0.3));
#1668 = VECTOR('',#1669,1.);
#1669 = DIRECTION('',(-0.,1.,0.));
#1670 = ORIENTED_EDGE('',*,*,#1671,.T.);
#1671 = EDGE_CURVE('',#1662,#1672,#1674,.T.);
#1672 = VERTEX_POINT('',#1673);
#1673 = CARTESIAN_POINT('',(-2.15,-0.925,0.43));
#1674 = LINE('',#1675,#1676);
#1675 = CARTESIAN_POINT('',(-2.15,-0.925,0.3));
#1676 = VECTOR('',#1677,1.);
#1677 = DIRECTION('',(0.,0.,1.));
#1678 = ORIENTED_EDGE('',*,*,#1679,.F.);
#1679 = EDGE_CURVE('',#530,#1672,#1680,.T.);
#1680 = LINE('',#1681,#1682);
#1681 = CARTESIAN_POINT('',(-2.15,0.245540540541,0.43));
#1682 = VECTOR('',#1683,1.);
#1683 = DIRECTION('',(0.,-1.,0.));
#1684 = ORIENTED_EDGE('',*,*,#529,.T.);
#1685 = ORIENTED_EDGE('',*,*,#1686,.T.);
#1686 = EDGE_CURVE('',#522,#1687,#1689,.T.);
#1687 = VERTEX_POINT('',#1688);
#1688 = CARTESIAN_POINT('',(-2.15,2.275,0.49));
#1689 = LINE('',#1690,#1691);
#1690 = CARTESIAN_POINT('',(-2.15,-0.925,0.49));
#1691 = VECTOR('',#1692,1.);
#1692 = DIRECTION('',(-0.,1.,0.));
#1693 = ORIENTED_EDGE('',*,*,#1694,.F.);
#1694 = EDGE_CURVE('',#1664,#1687,#1695,.T.);
#1695 = LINE('',#1696,#1697);
#1696 = CARTESIAN_POINT('',(-2.15,2.275,0.3));
#1697 = VECTOR('',#1698,1.);
#1698 = DIRECTION('',(0.,0.,1.));
#1699 = PLANE('',#1700);
#1700 = AXIS2_PLACEMENT_3D('',#1701,#1702,#1703);
#1701 = CARTESIAN_POINT('',(-2.15,0.566081081081,0.441081081081));
#1702 = DIRECTION('',(-1.,-0.,-0.));
#1703 = DIRECTION('',(0.,0.,-1.));
#1704 = ADVANCED_FACE('',(#1705),#1730,.F.);
#1705 = FACE_BOUND('',#1706,.F.);
#1706 = EDGE_LOOP('',(#1707,#1715,#1723,#1729));
#1707 = ORIENTED_EDGE('',*,*,#1708,.T.);
#1708 = EDGE_CURVE('',#1662,#1709,#1711,.T.);
#1709 = VERTEX_POINT('',#1710);
#1710 = CARTESIAN_POINT('',(-1.85,-0.925,0.3));
#1711 = LINE('',#1712,#1713);
#1712 = CARTESIAN_POINT('',(-2.15,-0.925,0.3));
#1713 = VECTOR('',#1714,1.);
#1714 = DIRECTION('',(1.,0.,-0.));
#1715 = ORIENTED_EDGE('',*,*,#1716,.T.);
#1716 = EDGE_CURVE('',#1709,#1717,#1719,.T.);
#1717 = VERTEX_POINT('',#1718);
#1718 = CARTESIAN_POINT('',(-1.85,-0.925,0.43));
#1719 = LINE('',#1720,#1721);
#1720 = CARTESIAN_POINT('',(-1.85,-0.925,0.49));
#1721 = VECTOR('',#1722,1.);
#1722 = DIRECTION('',(0.,0.,1.));
#1723 = ORIENTED_EDGE('',*,*,#1724,.F.);
#1724 = EDGE_CURVE('',#1672,#1717,#1725,.T.);
#1725 = LINE('',#1726,#1727);
#1726 = CARTESIAN_POINT('',(-6.0125,-0.925,0.43));
#1727 = VECTOR('',#1728,1.);
#1728 = DIRECTION('',(1.,0.,0.));
#1729 = ORIENTED_EDGE('',*,*,#1671,.F.);
#1730 = PLANE('',#1731);
#1731 = AXIS2_PLACEMENT_3D('',#1732,#1733,#1734);
#1732 = CARTESIAN_POINT('',(-2.,-0.925,0.55));
#1733 = DIRECTION('',(-0.,-1.,-0.));
#1734 = DIRECTION('',(0.,0.,-1.));
#1735 = ADVANCED_FACE('',(#1736),#1768,.F.);
#1736 = FACE_BOUND('',#1737,.F.);
#1737 = EDGE_LOOP('',(#1738,#1746,#1754,#1760,#1761,#1767));
#1738 = ORIENTED_EDGE('',*,*,#1739,.T.);
#1739 = EDGE_CURVE('',#1709,#1740,#1742,.T.);
#1740 = VERTEX_POINT('',#1741);
#1741 = CARTESIAN_POINT('',(-1.85,2.275,0.3));
#1742 = LINE('',#1743,#1744);
#1743 = CARTESIAN_POINT('',(-1.85,-0.925,0.3));
#1744 = VECTOR('',#1745,1.);
#1745 = DIRECTION('',(-0.,1.,0.));
#1746 = ORIENTED_EDGE('',*,*,#1747,.T.);
#1747 = EDGE_CURVE('',#1740,#1748,#1750,.T.);
#1748 = VERTEX_POINT('',#1749);
#1749 = CARTESIAN_POINT('',(-1.85,2.275,0.49));
#1750 = LINE('',#1751,#1752);
#1751 = CARTESIAN_POINT('',(-1.85,2.275,0.3));
#1752 = VECTOR('',#1753,1.);
#1753 = DIRECTION('',(0.,0.,1.));
#1754 = ORIENTED_EDGE('',*,*,#1755,.F.);
#1755 = EDGE_CURVE('',#514,#1748,#1756,.T.);
#1756 = LINE('',#1757,#1758);
#1757 = CARTESIAN_POINT('',(-1.85,-0.925,0.49));
#1758 = VECTOR('',#1759,1.);
#1759 = DIRECTION('',(-0.,1.,0.));
#1760 = ORIENTED_EDGE('',*,*,#513,.T.);
#1761 = ORIENTED_EDGE('',*,*,#1762,.F.);
#1762 = EDGE_CURVE('',#1717,#506,#1763,.T.);
#1763 = LINE('',#1764,#1765);
#1764 = CARTESIAN_POINT('',(-1.85,-0.479459459459,0.43));
#1765 = VECTOR('',#1766,1.);
#1766 = DIRECTION('',(0.,1.,0.));
#1767 = ORIENTED_EDGE('',*,*,#1716,.F.);
#1768 = PLANE('',#1769);
#1769 = AXIS2_PLACEMENT_3D('',#1770,#1771,#1772);
#1770 = CARTESIAN_POINT('',(-1.85,0.566081081081,0.441081081081));
#1771 = DIRECTION('',(1.,0.,0.));
#1772 = DIRECTION('',(-0.,0.,1.));
#1773 = ADVANCED_FACE('',(#1774),#1815,.F.);
#1774 = FACE_BOUND('',#1775,.F.);
#1775 = EDGE_LOOP('',(#1776,#1786,#1794,#1800,#1801,#1809));
#1776 = ORIENTED_EDGE('',*,*,#1777,.F.);
#1777 = EDGE_CURVE('',#1778,#1780,#1782,.T.);
#1778 = VERTEX_POINT('',#1779);
#1779 = CARTESIAN_POINT('',(-1.15,-0.925,0.3));
#1780 = VERTEX_POINT('',#1781);
#1781 = CARTESIAN_POINT('',(-1.15,2.275,0.3));
#1782 = LINE('',#1783,#1784);
#1783 = CARTESIAN_POINT('',(-1.15,-0.925,0.3));
#1784 = VECTOR('',#1785,1.);
#1785 = DIRECTION('',(-0.,1.,0.));
#1786 = ORIENTED_EDGE('',*,*,#1787,.T.);
#1787 = EDGE_CURVE('',#1778,#1788,#1790,.T.);
#1788 = VERTEX_POINT('',#1789);
#1789 = CARTESIAN_POINT('',(-1.15,-0.925,0.43));
#1790 = LINE('',#1791,#1792);
#1791 = CARTESIAN_POINT('',(-1.15,-0.925,0.3));
#1792 = VECTOR('',#1793,1.);
#1793 = DIRECTION('',(0.,0.,1.));
#1794 = ORIENTED_EDGE('',*,*,#1795,.F.);
#1795 = EDGE_CURVE('',#498,#1788,#1796,.T.);
#1796 = LINE('',#1797,#1798);
#1797 = CARTESIAN_POINT('',(-1.15,0.245540540541,0.43));
#1798 = VECTOR('',#1799,1.);
#1799 = DIRECTION('',(0.,-1.,0.));
#1800 = ORIENTED_EDGE('',*,*,#497,.T.);
#1801 = ORIENTED_EDGE('',*,*,#1802,.T.);
#1802 = EDGE_CURVE('',#490,#1803,#1805,.T.);
#1803 = VERTEX_POINT('',#1804);
#1804 = CARTESIAN_POINT('',(-1.15,2.275,0.49));
#1805 = LINE('',#1806,#1807);
#1806 = CARTESIAN_POINT('',(-1.15,-0.925,0.49));
#1807 = VECTOR('',#1808,1.);
#1808 = DIRECTION('',(-0.,1.,0.));
#1809 = ORIENTED_EDGE('',*,*,#1810,.F.);
#1810 = EDGE_CURVE('',#1780,#1803,#1811,.T.);
#1811 = LINE('',#1812,#1813);
#1812 = CARTESIAN_POINT('',(-1.15,2.275,0.3));
#1813 = VECTOR('',#1814,1.);
#1814 = DIRECTION('',(0.,0.,1.));
#1815 = PLANE('',#1816);
#1816 = AXIS2_PLACEMENT_3D('',#1817,#1818,#1819);
#1817 = CARTESIAN_POINT('',(-1.15,0.566081081081,0.441081081081));
#1818 = DIRECTION('',(-1.,-0.,-0.));
#1819 = DIRECTION('',(0.,0.,-1.));
#1820 = ADVANCED_FACE('',(#1821),#1846,.F.);
#1821 = FACE_BOUND('',#1822,.F.);
#1822 = EDGE_LOOP('',(#1823,#1831,#1839,#1845));
#1823 = ORIENTED_EDGE('',*,*,#1824,.T.);
#1824 = EDGE_CURVE('',#1778,#1825,#1827,.T.);
#1825 = VERTEX_POINT('',#1826);
#1826 = CARTESIAN_POINT('',(-0.85,-0.925,0.3));
#1827 = LINE('',#1828,#1829);
#1828 = CARTESIAN_POINT('',(-1.15,-0.925,0.3));
#1829 = VECTOR('',#1830,1.);
#1830 = DIRECTION('',(1.,0.,-0.));
#1831 = ORIENTED_EDGE('',*,*,#1832,.T.);
#1832 = EDGE_CURVE('',#1825,#1833,#1835,.T.);
#1833 = VERTEX_POINT('',#1834);
#1834 = CARTESIAN_POINT('',(-0.85,-0.925,0.43));
#1835 = LINE('',#1836,#1837);
#1836 = CARTESIAN_POINT('',(-0.85,-0.925,0.49));
#1837 = VECTOR('',#1838,1.);
#1838 = DIRECTION('',(0.,0.,1.));
#1839 = ORIENTED_EDGE('',*,*,#1840,.F.);
#1840 = EDGE_CURVE('',#1788,#1833,#1841,.T.);
#1841 = LINE('',#1842,#1843);
#1842 = CARTESIAN_POINT('',(-5.5125,-0.925,0.43));
#1843 = VECTOR('',#1844,1.);
#1844 = DIRECTION('',(1.,0.,0.));
#1845 = ORIENTED_EDGE('',*,*,#1787,.F.);
#1846 = PLANE('',#1847);
#1847 = AXIS2_PLACEMENT_3D('',#1848,#1849,#1850);
#1848 = CARTESIAN_POINT('',(-1.,-0.925,0.55));
#1849 = DIRECTION('',(-0.,-1.,-0.));
#1850 = DIRECTION('',(0.,0.,-1.));
#1851 = ADVANCED_FACE('',(#1852),#1884,.F.);
#1852 = FACE_BOUND('',#1853,.F.);
#1853 = EDGE_LOOP('',(#1854,#1862,#1870,#1876,#1877,#1883));
#1854 = ORIENTED_EDGE('',*,*,#1855,.T.);
#1855 = EDGE_CURVE('',#1825,#1856,#1858,.T.);
#1856 = VERTEX_POINT('',#1857);
#1857 = CARTESIAN_POINT('',(-0.85,2.275,0.3));
#1858 = LINE('',#1859,#1860);
#1859 = CARTESIAN_POINT('',(-0.85,-0.925,0.3));
#1860 = VECTOR('',#1861,1.);
#1861 = DIRECTION('',(-0.,1.,0.));
#1862 = ORIENTED_EDGE('',*,*,#1863,.T.);
#1863 = EDGE_CURVE('',#1856,#1864,#1866,.T.);
#1864 = VERTEX_POINT('',#1865);
#1865 = CARTESIAN_POINT('',(-0.85,2.275,0.49));
#1866 = LINE('',#1867,#1868);
#1867 = CARTESIAN_POINT('',(-0.85,2.275,0.3));
#1868 = VECTOR('',#1869,1.);
#1869 = DIRECTION('',(0.,0.,1.));
#1870 = ORIENTED_EDGE('',*,*,#1871,.F.);
#1871 = EDGE_CURVE('',#482,#1864,#1872,.T.);
#1872 = LINE('',#1873,#1874);
#1873 = CARTESIAN_POINT('',(-0.85,-0.925,0.49));
#1874 = VECTOR('',#1875,1.);
#1875 = DIRECTION('',(-0.,1.,0.));
#1876 = ORIENTED_EDGE('',*,*,#481,.T.);
#1877 = ORIENTED_EDGE('',*,*,#1878,.F.);
#1878 = EDGE_CURVE('',#1833,#474,#1879,.T.);
#1879 = LINE('',#1880,#1881);
#1880 = CARTESIAN_POINT('',(-0.85,-0.479459459459,0.43));
#1881 = VECTOR('',#1882,1.);
#1882 = DIRECTION('',(0.,1.,0.));
#1883 = ORIENTED_EDGE('',*,*,#1832,.F.);
#1884 = PLANE('',#1885);
#1885 = AXIS2_PLACEMENT_3D('',#1886,#1887,#1888);
#1886 = CARTESIAN_POINT('',(-0.85,0.566081081081,0.441081081081));
#1887 = DIRECTION('',(1.,0.,0.));
#1888 = DIRECTION('',(-0.,0.,1.));
#1889 = ADVANCED_FACE('',(#1890),#1931,.F.);
#1890 = FACE_BOUND('',#1891,.F.);
#1891 = EDGE_LOOP('',(#1892,#1902,#1910,#1916,#1917,#1925));
#1892 = ORIENTED_EDGE('',*,*,#1893,.F.);
#1893 = EDGE_CURVE('',#1894,#1896,#1898,.T.);
#1894 = VERTEX_POINT('',#1895);
#1895 = CARTESIAN_POINT('',(-0.15,-0.925,0.3));
#1896 = VERTEX_POINT('',#1897);
#1897 = CARTESIAN_POINT('',(-0.15,2.275,0.3));
#1898 = LINE('',#1899,#1900);
#1899 = CARTESIAN_POINT('',(-0.15,-0.925,0.3));
#1900 = VECTOR('',#1901,1.);
#1901 = DIRECTION('',(-0.,1.,0.));
#1902 = ORIENTED_EDGE('',*,*,#1903,.T.);
#1903 = EDGE_CURVE('',#1894,#1904,#1906,.T.);
#1904 = VERTEX_POINT('',#1905);
#1905 = CARTESIAN_POINT('',(-0.15,-0.925,0.43));
#1906 = LINE('',#1907,#1908);
#1907 = CARTESIAN_POINT('',(-0.15,-0.925,0.3));
#1908 = VECTOR('',#1909,1.);
#1909 = DIRECTION('',(0.,0.,1.));
#1910 = ORIENTED_EDGE('',*,*,#1911,.F.);
#1911 = EDGE_CURVE('',#466,#1904,#1912,.T.);
#1912 = LINE('',#1913,#1914);
#1913 = CARTESIAN_POINT('',(-0.15,0.245540540541,0.43));
#1914 = VECTOR('',#1915,1.);
#1915 = DIRECTION('',(0.,-1.,0.));
#1916 = ORIENTED_EDGE('',*,*,#465,.T.);
#1917 = ORIENTED_EDGE('',*,*,#1918,.T.);
#1918 = EDGE_CURVE('',#458,#1919,#1921,.T.);
#1919 = VERTEX_POINT('',#1920);
#1920 = CARTESIAN_POINT('',(-0.15,2.275,0.49));
#1921 = LINE('',#1922,#1923);
#1922 = CARTESIAN_POINT('',(-0.15,-0.925,0.49));
#1923 = VECTOR('',#1924,1.);
#1924 = DIRECTION('',(-0.,1.,0.));
#1925 = ORIENTED_EDGE('',*,*,#1926,.F.);
#1926 = EDGE_CURVE('',#1896,#1919,#1927,.T.);
#1927 = LINE('',#1928,#1929);
#1928 = CARTESIAN_POINT('',(-0.15,2.275,0.3));
#1929 = VECTOR('',#1930,1.);
#1930 = DIRECTION('',(0.,0.,1.));
#1931 = PLANE('',#1932);
#1932 = AXIS2_PLACEMENT_3D('',#1933,#1934,#1935);
#1933 = CARTESIAN_POINT('',(-0.15,0.566081081081,0.441081081081));
#1934 = DIRECTION('',(-1.,-0.,-0.));
#1935 = DIRECTION('',(0.,0.,-1.));
#1936 = ADVANCED_FACE('',(#1937),#1962,.F.);
#1937 = FACE_BOUND('',#1938,.F.);
#1938 = EDGE_LOOP('',(#1939,#1947,#1955,#1961));
#1939 = ORIENTED_EDGE('',*,*,#1940,.T.);
#1940 = EDGE_CURVE('',#1894,#1941,#1943,.T.);
#1941 = VERTEX_POINT('',#1942);
#1942 = CARTESIAN_POINT('',(0.15,-0.925,0.3));
#1943 = LINE('',#1944,#1945);
#1944 = CARTESIAN_POINT('',(-0.15,-0.925,0.3));
#1945 = VECTOR('',#1946,1.);
#1946 = DIRECTION('',(1.,0.,-0.));
#1947 = ORIENTED_EDGE('',*,*,#1948,.T.);
#1948 = EDGE_CURVE('',#1941,#1949,#1951,.T.);
#1949 = VERTEX_POINT('',#1950);
#1950 = CARTESIAN_POINT('',(0.15,-0.925,0.43));
#1951 = LINE('',#1952,#1953);
#1952 = CARTESIAN_POINT('',(0.15,-0.925,0.49));
#1953 = VECTOR('',#1954,1.);
#1954 = DIRECTION('',(0.,0.,1.));
#1955 = ORIENTED_EDGE('',*,*,#1956,.F.);
#1956 = EDGE_CURVE('',#1904,#1949,#1957,.T.);
#1957 = LINE('',#1958,#1959);
#1958 = CARTESIAN_POINT('',(-5.0125,-0.925,0.43));
#1959 = VECTOR('',#1960,1.);
#1960 = DIRECTION('',(1.,0.,0.));
#1961 = ORIENTED_EDGE('',*,*,#1903,.F.);
#1962 = PLANE('',#1963);
#1963 = AXIS2_PLACEMENT_3D('',#1964,#1965,#1966);
#1964 = CARTESIAN_POINT('',(2.168404344971E-18,-0.925,0.55));
#1965 = DIRECTION('',(-0.,-1.,-0.));
#1966 = DIRECTION('',(0.,0.,-1.));
#1967 = ADVANCED_FACE('',(#1968),#2000,.F.);
#1968 = FACE_BOUND('',#1969,.F.);
#1969 = EDGE_LOOP('',(#1970,#1978,#1986,#1992,#1993,#1999));
#1970 = ORIENTED_EDGE('',*,*,#1971,.T.);
#1971 = EDGE_CURVE('',#1941,#1972,#1974,.T.);
#1972 = VERTEX_POINT('',#1973);
#1973 = CARTESIAN_POINT('',(0.15,2.275,0.3));
#1974 = LINE('',#1975,#1976);
#1975 = CARTESIAN_POINT('',(0.15,-0.925,0.3));
#1976 = VECTOR('',#1977,1.);
#1977 = DIRECTION('',(-0.,1.,0.));
#1978 = ORIENTED_EDGE('',*,*,#1979,.T.);
#1979 = EDGE_CURVE('',#1972,#1980,#1982,.T.);
#1980 = VERTEX_POINT('',#1981);
#1981 = CARTESIAN_POINT('',(0.15,2.275,0.49));
#1982 = LINE('',#1983,#1984);
#1983 = CARTESIAN_POINT('',(0.15,2.275,0.3));
#1984 = VECTOR('',#1985,1.);
#1985 = DIRECTION('',(0.,0.,1.));
#1986 = ORIENTED_EDGE('',*,*,#1987,.F.);
#1987 = EDGE_CURVE('',#450,#1980,#1988,.T.);
#1988 = LINE('',#1989,#1990);
#1989 = CARTESIAN_POINT('',(0.15,-0.925,0.49));
#1990 = VECTOR('',#1991,1.);
#1991 = DIRECTION('',(-0.,1.,0.));
#1992 = ORIENTED_EDGE('',*,*,#449,.T.);
#1993 = ORIENTED_EDGE('',*,*,#1994,.F.);
#1994 = EDGE_CURVE('',#1949,#442,#1995,.T.);
#1995 = LINE('',#1996,#1997);
#1996 = CARTESIAN_POINT('',(0.15,-0.479459459459,0.43));
#1997 = VECTOR('',#1998,1.);
#1998 = DIRECTION('',(0.,1.,0.));
#1999 = ORIENTED_EDGE('',*,*,#1948,.F.);
#2000 = PLANE('',#2001);
#2001 = AXIS2_PLACEMENT_3D('',#2002,#2003,#2004);
#2002 = CARTESIAN_POINT('',(0.15,0.566081081081,0.441081081081));
#2003 = DIRECTION('',(1.,0.,0.));
#2004 = DIRECTION('',(-0.,0.,1.));
#2005 = ADVANCED_FACE('',(#2006),#2047,.F.);
#2006 = FACE_BOUND('',#2007,.F.);
#2007 = EDGE_LOOP('',(#2008,#2018,#2026,#2032,#2033,#2041));
#2008 = ORIENTED_EDGE('',*,*,#2009,.F.);
#2009 = EDGE_CURVE('',#2010,#2012,#2014,.T.);
#2010 = VERTEX_POINT('',#2011);
#2011 = CARTESIAN_POINT('',(0.85,-0.925,0.3));
#2012 = VERTEX_POINT('',#2013);
#2013 = CARTESIAN_POINT('',(0.85,2.275,0.3));
#2014 = LINE('',#2015,#2016);
#2015 = CARTESIAN_POINT('',(0.85,-0.925,0.3));
#2016 = VECTOR('',#2017,1.);
#2017 = DIRECTION('',(-0.,1.,0.));
#2018 = ORIENTED_EDGE('',*,*,#2019,.T.);
#2019 = EDGE_CURVE('',#2010,#2020,#2022,.T.);
#2020 = VERTEX_POINT('',#2021);
#2021 = CARTESIAN_POINT('',(0.85,-0.925,0.43));
#2022 = LINE('',#2023,#2024);
#2023 = CARTESIAN_POINT('',(0.85,-0.925,0.3));
#2024 = VECTOR('',#2025,1.);
#2025 = DIRECTION('',(0.,0.,1.));
#2026 = ORIENTED_EDGE('',*,*,#2027,.F.);
#2027 = EDGE_CURVE('',#434,#2020,#2028,.T.);
#2028 = LINE('',#2029,#2030);
#2029 = CARTESIAN_POINT('',(0.85,0.245540540541,0.43));
#2030 = VECTOR('',#2031,1.);
#2031 = DIRECTION('',(0.,-1.,0.));
#2032 = ORIENTED_EDGE('',*,*,#433,.T.);
#2033 = ORIENTED_EDGE('',*,*,#2034,.T.);
#2034 = EDGE_CURVE('',#426,#2035,#2037,.T.);
#2035 = VERTEX_POINT('',#2036);
#2036 = CARTESIAN_POINT('',(0.85,2.275,0.49));
#2037 = LINE('',#2038,#2039);
#2038 = CARTESIAN_POINT('',(0.85,-0.925,0.49));
#2039 = VECTOR('',#2040,1.);
#2040 = DIRECTION('',(-0.,1.,0.));
#2041 = ORIENTED_EDGE('',*,*,#2042,.F.);
#2042 = EDGE_CURVE('',#2012,#2035,#2043,.T.);
#2043 = LINE('',#2044,#2045);
#2044 = CARTESIAN_POINT('',(0.85,2.275,0.3));
#2045 = VECTOR('',#2046,1.);
#2046 = DIRECTION('',(0.,0.,1.));
#2047 = PLANE('',#2048);
#2048 = AXIS2_PLACEMENT_3D('',#2049,#2050,#2051);
#2049 = CARTESIAN_POINT('',(0.85,0.566081081081,0.441081081081));
#2050 = DIRECTION('',(-1.,-0.,-0.));
#2051 = DIRECTION('',(0.,0.,-1.));
#2052 = ADVANCED_FACE('',(#2053),#2078,.F.);
#2053 = FACE_BOUND('',#2054,.F.);
#2054 = EDGE_LOOP('',(#2055,#2063,#2071,#2077));
#2055 = ORIENTED_EDGE('',*,*,#2056,.T.);
#2056 = EDGE_CURVE('',#2010,#2057,#2059,.T.);
#2057 = VERTEX_POINT('',#2058);
#2058 = CARTESIAN_POINT('',(1.15,-0.925,0.3));
#2059 = LINE('',#2060,#2061);
#2060 = CARTESIAN_POINT('',(0.85,-0.925,0.3));
#2061 = VECTOR('',#2062,1.);
#2062 = DIRECTION('',(1.,0.,-0.));
#2063 = ORIENTED_EDGE('',*,*,#2064,.T.);
#2064 = EDGE_CURVE('',#2057,#2065,#2067,.T.);
#2065 = VERTEX_POINT('',#2066);
#2066 = CARTESIAN_POINT('',(1.15,-0.925,0.43));
#2067 = LINE('',#2068,#2069);
#2068 = CARTESIAN_POINT('',(1.15,-0.925,0.49));
#2069 = VECTOR('',#2070,1.);
#2070 = DIRECTION('',(0.,0.,1.));
#2071 = ORIENTED_EDGE('',*,*,#2072,.F.);
#2072 = EDGE_CURVE('',#2020,#2065,#2073,.T.);
#2073 = LINE('',#2074,#2075);
#2074 = CARTESIAN_POINT('',(-4.5125,-0.925,0.43));
#2075 = VECTOR('',#2076,1.);
#2076 = DIRECTION('',(1.,0.,0.));
#2077 = ORIENTED_EDGE('',*,*,#2019,.F.);
#2078 = PLANE('',#2079);
#2079 = AXIS2_PLACEMENT_3D('',#2080,#2081,#2082);
#2080 = CARTESIAN_POINT('',(1.,-0.925,0.55));
#2081 = DIRECTION('',(-0.,-1.,-0.));
#2082 = DIRECTION('',(0.,0.,-1.));
#2083 = ADVANCED_FACE('',(#2084),#2116,.F.);
#2084 = FACE_BOUND('',#2085,.F.);
#2085 = EDGE_LOOP('',(#2086,#2094,#2102,#2108,#2109,#2115));
#2086 = ORIENTED_EDGE('',*,*,#2087,.T.);
#2087 = EDGE_CURVE('',#2057,#2088,#2090,.T.);
#2088 = VERTEX_POINT('',#2089);
#2089 = CARTESIAN_POINT('',(1.15,2.275,0.3));
#2090 = LINE('',#2091,#2092);
#2091 = CARTESIAN_POINT('',(1.15,-0.925,0.3));
#2092 = VECTOR('',#2093,1.);
#2093 = DIRECTION('',(-0.,1.,0.));
#2094 = ORIENTED_EDGE('',*,*,#2095,.T.);
#2095 = EDGE_CURVE('',#2088,#2096,#2098,.T.);
#2096 = VERTEX_POINT('',#2097);
#2097 = CARTESIAN_POINT('',(1.15,2.275,0.49));
#2098 = LINE('',#2099,#2100);
#2099 = CARTESIAN_POINT('',(1.15,2.275,0.3));
#2100 = VECTOR('',#2101,1.);
#2101 = DIRECTION('',(0.,0.,1.));
#2102 = ORIENTED_EDGE('',*,*,#2103,.F.);
#2103 = EDGE_CURVE('',#418,#2096,#2104,.T.);
#2104 = LINE('',#2105,#2106);
#2105 = CARTESIAN_POINT('',(1.15,-0.925,0.49));
#2106 = VECTOR('',#2107,1.);
#2107 = DIRECTION('',(-0.,1.,0.));
#2108 = ORIENTED_EDGE('',*,*,#417,.T.);
#2109 = ORIENTED_EDGE('',*,*,#2110,.F.);
#2110 = EDGE_CURVE('',#2065,#410,#2111,.T.);
#2111 = LINE('',#2112,#2113);
#2112 = CARTESIAN_POINT('',(1.15,-0.479459459459,0.43));
#2113 = VECTOR('',#2114,1.);
#2114 = DIRECTION('',(0.,1.,0.));
#2115 = ORIENTED_EDGE('',*,*,#2064,.F.);
#2116 = PLANE('',#2117);
#2117 = AXIS2_PLACEMENT_3D('',#2118,#2119,#2120);
#2118 = CARTESIAN_POINT('',(1.15,0.566081081081,0.441081081081));
#2119 = DIRECTION('',(1.,0.,0.));
#2120 = DIRECTION('',(-0.,0.,1.));
#2121 = ADVANCED_FACE('',(#2122),#2163,.F.);
#2122 = FACE_BOUND('',#2123,.F.);
#2123 = EDGE_LOOP('',(#2124,#2134,#2142,#2148,#2149,#2157));
#2124 = ORIENTED_EDGE('',*,*,#2125,.F.);
#2125 = EDGE_CURVE('',#2126,#2128,#2130,.T.);
#2126 = VERTEX_POINT('',#2127);
#2127 = CARTESIAN_POINT('',(1.85,-0.925,0.3));
#2128 = VERTEX_POINT('',#2129);
#2129 = CARTESIAN_POINT('',(1.85,2.275,0.3));
#2130 = LINE('',#2131,#2132);
#2131 = CARTESIAN_POINT('',(1.85,-0.925,0.3));
#2132 = VECTOR('',#2133,1.);
#2133 = DIRECTION('',(-0.,1.,0.));
#2134 = ORIENTED_EDGE('',*,*,#2135,.T.);
#2135 = EDGE_CURVE('',#2126,#2136,#2138,.T.);
#2136 = VERTEX_POINT('',#2137);
#2137 = CARTESIAN_POINT('',(1.85,-0.925,0.43));
#2138 = LINE('',#2139,#2140);
#2139 = CARTESIAN_POINT('',(1.85,-0.925,0.3));
#2140 = VECTOR('',#2141,1.);
#2141 = DIRECTION('',(0.,0.,1.));
#2142 = ORIENTED_EDGE('',*,*,#2143,.F.);
#2143 = EDGE_CURVE('',#402,#2136,#2144,.T.);
#2144 = LINE('',#2145,#2146);
#2145 = CARTESIAN_POINT('',(1.85,0.245540540541,0.43));
#2146 = VECTOR('',#2147,1.);
#2147 = DIRECTION('',(0.,-1.,0.));
#2148 = ORIENTED_EDGE('',*,*,#401,.T.);
#2149 = ORIENTED_EDGE('',*,*,#2150,.T.);
#2150 = EDGE_CURVE('',#394,#2151,#2153,.T.);
#2151 = VERTEX_POINT('',#2152);
#2152 = CARTESIAN_POINT('',(1.85,2.275,0.49));
#2153 = LINE('',#2154,#2155);
#2154 = CARTESIAN_POINT('',(1.85,-0.925,0.49));
#2155 = VECTOR('',#2156,1.);
#2156 = DIRECTION('',(-0.,1.,0.));
#2157 = ORIENTED_EDGE('',*,*,#2158,.F.);
#2158 = EDGE_CURVE('',#2128,#2151,#2159,.T.);
#2159 = LINE('',#2160,#2161);
#2160 = CARTESIAN_POINT('',(1.85,2.275,0.3));
#2161 = VECTOR('',#2162,1.);
#2162 = DIRECTION('',(0.,0.,1.));
#2163 = PLANE('',#2164);
#2164 = AXIS2_PLACEMENT_3D('',#2165,#2166,#2167);
#2165 = CARTESIAN_POINT('',(1.85,0.566081081081,0.441081081081));
#2166 = DIRECTION('',(-1.,-0.,-0.));
#2167 = DIRECTION('',(0.,0.,-1.));
#2168 = ADVANCED_FACE('',(#2169),#2194,.F.);
#2169 = FACE_BOUND('',#2170,.F.);
#2170 = EDGE_LOOP('',(#2171,#2179,#2187,#2193));
#2171 = ORIENTED_EDGE('',*,*,#2172,.T.);
#2172 = EDGE_CURVE('',#2126,#2173,#2175,.T.);
#2173 = VERTEX_POINT('',#2174);
#2174 = CARTESIAN_POINT('',(2.15,-0.925,0.3));
#2175 = LINE('',#2176,#2177);
#2176 = CARTESIAN_POINT('',(1.85,-0.925,0.3));
#2177 = VECTOR('',#2178,1.);
#2178 = DIRECTION('',(1.,0.,-0.));
#2179 = ORIENTED_EDGE('',*,*,#2180,.T.);
#2180 = EDGE_CURVE('',#2173,#2181,#2183,.T.);
#2181 = VERTEX_POINT('',#2182);
#2182 = CARTESIAN_POINT('',(2.15,-0.925,0.43));
#2183 = LINE('',#2184,#2185);
#2184 = CARTESIAN_POINT('',(2.15,-0.925,0.49));
#2185 = VECTOR('',#2186,1.);
#2186 = DIRECTION('',(0.,0.,1.));
#2187 = ORIENTED_EDGE('',*,*,#2188,.F.);
#2188 = EDGE_CURVE('',#2136,#2181,#2189,.T.);
#2189 = LINE('',#2190,#2191);
#2190 = CARTESIAN_POINT('',(-4.0125,-0.925,0.43));
#2191 = VECTOR('',#2192,1.);
#2192 = DIRECTION('',(1.,0.,0.));
#2193 = ORIENTED_EDGE('',*,*,#2135,.F.);
#2194 = PLANE('',#2195);
#2195 = AXIS2_PLACEMENT_3D('',#2196,#2197,#2198);
#2196 = CARTESIAN_POINT('',(2.,-0.925,0.55));
#2197 = DIRECTION('',(-0.,-1.,-0.));
#2198 = DIRECTION('',(0.,0.,-1.));
#2199 = ADVANCED_FACE('',(#2200),#2232,.F.);
#2200 = FACE_BOUND('',#2201,.F.);
#2201 = EDGE_LOOP('',(#2202,#2210,#2218,#2224,#2225,#2231));
#2202 = ORIENTED_EDGE('',*,*,#2203,.T.);
#2203 = EDGE_CURVE('',#2173,#2204,#2206,.T.);
#2204 = VERTEX_POINT('',#2205);
#2205 = CARTESIAN_POINT('',(2.15,2.275,0.3));
#2206 = LINE('',#2207,#2208);
#2207 = CARTESIAN_POINT('',(2.15,-0.925,0.3));
#2208 = VECTOR('',#2209,1.);
#2209 = DIRECTION('',(-0.,1.,0.));
#2210 = ORIENTED_EDGE('',*,*,#2211,.T.);
#2211 = EDGE_CURVE('',#2204,#2212,#2214,.T.);
#2212 = VERTEX_POINT('',#2213);
#2213 = CARTESIAN_POINT('',(2.15,2.275,0.49));
#2214 = LINE('',#2215,#2216);
#2215 = CARTESIAN_POINT('',(2.15,2.275,0.3));
#2216 = VECTOR('',#2217,1.);
#2217 = DIRECTION('',(0.,0.,1.));
#2218 = ORIENTED_EDGE('',*,*,#2219,.F.);
#2219 = EDGE_CURVE('',#386,#2212,#2220,.T.);
#2220 = LINE('',#2221,#2222);
#2221 = CARTESIAN_POINT('',(2.15,-0.925,0.49));
#2222 = VECTOR('',#2223,1.);
#2223 = DIRECTION('',(-0.,1.,0.));
#2224 = ORIENTED_EDGE('',*,*,#385,.T.);
#2225 = ORIENTED_EDGE('',*,*,#2226,.F.);
#2226 = EDGE_CURVE('',#2181,#378,#2227,.T.);
#2227 = LINE('',#2228,#2229);
#2228 = CARTESIAN_POINT('',(2.15,-0.479459459459,0.43));
#2229 = VECTOR('',#2230,1.);
#2230 = DIRECTION('',(0.,1.,0.));
#2231 = ORIENTED_EDGE('',*,*,#2180,.F.);
#2232 = PLANE('',#2233);
#2233 = AXIS2_PLACEMENT_3D('',#2234,#2235,#2236);
#2234 = CARTESIAN_POINT('',(2.15,0.566081081081,0.441081081081));
#2235 = DIRECTION('',(1.,0.,0.));
#2236 = DIRECTION('',(-0.,0.,1.));
#2237 = ADVANCED_FACE('',(#2238),#2279,.F.);
#2238 = FACE_BOUND('',#2239,.F.);
#2239 = EDGE_LOOP('',(#2240,#2250,#2258,#2264,#2265,#2273));
#2240 = ORIENTED_EDGE('',*,*,#2241,.F.);
#2241 = EDGE_CURVE('',#2242,#2244,#2246,.T.);
#2242 = VERTEX_POINT('',#2243);
#2243 = CARTESIAN_POINT('',(2.85,-0.925,0.3));
#2244 = VERTEX_POINT('',#2245);
#2245 = CARTESIAN_POINT('',(2.85,2.275,0.3));
#2246 = LINE('',#2247,#2248);
#2247 = CARTESIAN_POINT('',(2.85,-0.925,0.3));
#2248 = VECTOR('',#2249,1.);
#2249 = DIRECTION('',(-0.,1.,0.));
#2250 = ORIENTED_EDGE('',*,*,#2251,.T.);
#2251 = EDGE_CURVE('',#2242,#2252,#2254,.T.);
#2252 = VERTEX_POINT('',#2253);
#2253 = CARTESIAN_POINT('',(2.85,-0.925,0.43));
#2254 = LINE('',#2255,#2256);
#2255 = CARTESIAN_POINT('',(2.85,-0.925,0.3));
#2256 = VECTOR('',#2257,1.);
#2257 = DIRECTION('',(0.,0.,1.));
#2258 = ORIENTED_EDGE('',*,*,#2259,.F.);
#2259 = EDGE_CURVE('',#370,#2252,#2260,.T.);
#2260 = LINE('',#2261,#2262);
#2261 = CARTESIAN_POINT('',(2.85,0.245540540541,0.43));
#2262 = VECTOR('',#2263,1.);
#2263 = DIRECTION('',(0.,-1.,0.));
#2264 = ORIENTED_EDGE('',*,*,#369,.T.);
#2265 = ORIENTED_EDGE('',*,*,#2266,.T.);
#2266 = EDGE_CURVE('',#362,#2267,#2269,.T.);
#2267 = VERTEX_POINT('',#2268);
#2268 = CARTESIAN_POINT('',(2.85,2.275,0.49));
#2269 = LINE('',#2270,#2271);
#2270 = CARTESIAN_POINT('',(2.85,-0.925,0.49));
#2271 = VECTOR('',#2272,1.);
#2272 = DIRECTION('',(-0.,1.,0.));
#2273 = ORIENTED_EDGE('',*,*,#2274,.F.);
#2274 = EDGE_CURVE('',#2244,#2267,#2275,.T.);
#2275 = LINE('',#2276,#2277);
#2276 = CARTESIAN_POINT('',(2.85,2.275,0.3));
#2277 = VECTOR('',#2278,1.);
#2278 = DIRECTION('',(0.,0.,1.));
#2279 = PLANE('',#2280);
#2280 = AXIS2_PLACEMENT_3D('',#2281,#2282,#2283);
#2281 = CARTESIAN_POINT('',(2.85,0.566081081081,0.441081081081));
#2282 = DIRECTION('',(-1.,-0.,-0.));
#2283 = DIRECTION('',(0.,0.,-1.));
#2284 = ADVANCED_FACE('',(#2285),#2310,.F.);
#2285 = FACE_BOUND('',#2286,.F.);
#2286 = EDGE_LOOP('',(#2287,#2295,#2303,#2309));
#2287 = ORIENTED_EDGE('',*,*,#2288,.T.);
#2288 = EDGE_CURVE('',#2242,#2289,#2291,.T.);
#2289 = VERTEX_POINT('',#2290);
#2290 = CARTESIAN_POINT('',(3.15,-0.925,0.3));
#2291 = LINE('',#2292,#2293);
#2292 = CARTESIAN_POINT('',(2.85,-0.925,0.3));
#2293 = VECTOR('',#2294,1.);
#2294 = DIRECTION('',(1.,0.,-0.));
#2295 = ORIENTED_EDGE('',*,*,#2296,.T.);
#2296 = EDGE_CURVE('',#2289,#2297,#2299,.T.);
#2297 = VERTEX_POINT('',#2298);
#2298 = CARTESIAN_POINT('',(3.15,-0.925,0.43));
#2299 = LINE('',#2300,#2301);
#2300 = CARTESIAN_POINT('',(3.15,-0.925,0.49));
#2301 = VECTOR('',#2302,1.);
#2302 = DIRECTION('',(0.,0.,1.));
#2303 = ORIENTED_EDGE('',*,*,#2304,.F.);
#2304 = EDGE_CURVE('',#2252,#2297,#2305,.T.);
#2305 = LINE('',#2306,#2307);
#2306 = CARTESIAN_POINT('',(-3.5125,-0.925,0.43));
#2307 = VECTOR('',#2308,1.);
#2308 = DIRECTION('',(1.,0.,0.));
#2309 = ORIENTED_EDGE('',*,*,#2251,.F.);
#2310 = PLANE('',#2311);
#2311 = AXIS2_PLACEMENT_3D('',#2312,#2313,#2314);
#2312 = CARTESIAN_POINT('',(3.,-0.925,0.55));
#2313 = DIRECTION('',(-0.,-1.,-0.));
#2314 = DIRECTION('',(0.,0.,-1.));
#2315 = ADVANCED_FACE('',(#2316),#2348,.F.);
#2316 = FACE_BOUND('',#2317,.F.);
#2317 = EDGE_LOOP('',(#2318,#2326,#2334,#2340,#2341,#2347));
#2318 = ORIENTED_EDGE('',*,*,#2319,.T.);
#2319 = EDGE_CURVE('',#2289,#2320,#2322,.T.);
#2320 = VERTEX_POINT('',#2321);
#2321 = CARTESIAN_POINT('',(3.15,2.275,0.3));
#2322 = LINE('',#2323,#2324);
#2323 = CARTESIAN_POINT('',(3.15,-0.925,0.3));
#2324 = VECTOR('',#2325,1.);
#2325 = DIRECTION('',(-0.,1.,0.));
#2326 = ORIENTED_EDGE('',*,*,#2327,.T.);
#2327 = EDGE_CURVE('',#2320,#2328,#2330,.T.);
#2328 = VERTEX_POINT('',#2329);
#2329 = CARTESIAN_POINT('',(3.15,2.275,0.49));
#2330 = LINE('',#2331,#2332);
#2331 = CARTESIAN_POINT('',(3.15,2.275,0.3));
#2332 = VECTOR('',#2333,1.);
#2333 = DIRECTION('',(0.,0.,1.));
#2334 = ORIENTED_EDGE('',*,*,#2335,.F.);
#2335 = EDGE_CURVE('',#354,#2328,#2336,.T.);
#2336 = LINE('',#2337,#2338);
#2337 = CARTESIAN_POINT('',(3.15,-0.925,0.49));
#2338 = VECTOR('',#2339,1.);
#2339 = DIRECTION('',(-0.,1.,0.));
#2340 = ORIENTED_EDGE('',*,*,#353,.T.);
#2341 = ORIENTED_EDGE('',*,*,#2342,.F.);
#2342 = EDGE_CURVE('',#2297,#346,#2343,.T.);
#2343 = LINE('',#2344,#2345);
#2344 = CARTESIAN_POINT('',(3.15,-0.479459459459,0.43));
#2345 = VECTOR('',#2346,1.);
#2346 = DIRECTION('',(0.,1.,0.));
#2347 = ORIENTED_EDGE('',*,*,#2296,.F.);
#2348 = PLANE('',#2349);
#2349 = AXIS2_PLACEMENT_3D('',#2350,#2351,#2352);
#2350 = CARTESIAN_POINT('',(3.15,0.566081081081,0.441081081081));
#2351 = DIRECTION('',(1.,0.,0.));
#2352 = DIRECTION('',(-0.,0.,1.));
#2353 = ADVANCED_FACE('',(#2354),#2395,.F.);
#2354 = FACE_BOUND('',#2355,.F.);
#2355 = EDGE_LOOP('',(#2356,#2366,#2374,#2380,#2381,#2389));
#2356 = ORIENTED_EDGE('',*,*,#2357,.F.);
#2357 = EDGE_CURVE('',#2358,#2360,#2362,.T.);
#2358 = VERTEX_POINT('',#2359);
#2359 = CARTESIAN_POINT('',(3.85,-0.925,0.3));
#2360 = VERTEX_POINT('',#2361);
#2361 = CARTESIAN_POINT('',(3.85,2.275,0.3));
#2362 = LINE('',#2363,#2364);
#2363 = CARTESIAN_POINT('',(3.85,-0.925,0.3));
#2364 = VECTOR('',#2365,1.);
#2365 = DIRECTION('',(-0.,1.,0.));
#2366 = ORIENTED_EDGE('',*,*,#2367,.T.);
#2367 = EDGE_CURVE('',#2358,#2368,#2370,.T.);
#2368 = VERTEX_POINT('',#2369);
#2369 = CARTESIAN_POINT('',(3.85,-0.925,0.43));
#2370 = LINE('',#2371,#2372);
#2371 = CARTESIAN_POINT('',(3.85,-0.925,0.3));
#2372 = VECTOR('',#2373,1.);
#2373 = DIRECTION('',(0.,0.,1.));
#2374 = ORIENTED_EDGE('',*,*,#2375,.F.);
#2375 = EDGE_CURVE('',#338,#2368,#2376,.T.);
#2376 = LINE('',#2377,#2378);
#2377 = CARTESIAN_POINT('',(3.85,0.245540540541,0.43));
#2378 = VECTOR('',#2379,1.);
#2379 = DIRECTION('',(0.,-1.,0.));
#2380 = ORIENTED_EDGE('',*,*,#337,.T.);
#2381 = ORIENTED_EDGE('',*,*,#2382,.T.);
#2382 = EDGE_CURVE('',#330,#2383,#2385,.T.);
#2383 = VERTEX_POINT('',#2384);
#2384 = CARTESIAN_POINT('',(3.85,2.275,0.49));
#2385 = LINE('',#2386,#2387);
#2386 = CARTESIAN_POINT('',(3.85,-0.925,0.49));
#2387 = VECTOR('',#2388,1.);
#2388 = DIRECTION('',(-0.,1.,0.));
#2389 = ORIENTED_EDGE('',*,*,#2390,.F.);
#2390 = EDGE_CURVE('',#2360,#2383,#2391,.T.);
#2391 = LINE('',#2392,#2393);
#2392 = CARTESIAN_POINT('',(3.85,2.275,0.3));
#2393 = VECTOR('',#2394,1.);
#2394 = DIRECTION('',(0.,0.,1.));
#2395 = PLANE('',#2396);
#2396 = AXIS2_PLACEMENT_3D('',#2397,#2398,#2399);
#2397 = CARTESIAN_POINT('',(3.85,0.566081081081,0.441081081081));
#2398 = DIRECTION('',(-1.,-0.,-0.));
#2399 = DIRECTION('',(0.,0.,-1.));
#2400 = ADVANCED_FACE('',(#2401),#2426,.F.);
#2401 = FACE_BOUND('',#2402,.F.);
#2402 = EDGE_LOOP('',(#2403,#2411,#2419,#2425));
#2403 = ORIENTED_EDGE('',*,*,#2404,.T.);
#2404 = EDGE_CURVE('',#2358,#2405,#2407,.T.);
#2405 = VERTEX_POINT('',#2406);
#2406 = CARTESIAN_POINT('',(4.15,-0.925,0.3));
#2407 = LINE('',#2408,#2409);
#2408 = CARTESIAN_POINT('',(3.85,-0.925,0.3));
#2409 = VECTOR('',#2410,1.);
#2410 = DIRECTION('',(1.,0.,-0.));
#2411 = ORIENTED_EDGE('',*,*,#2412,.T.);
#2412 = EDGE_CURVE('',#2405,#2413,#2415,.T.);
#2413 = VERTEX_POINT('',#2414);
#2414 = CARTESIAN_POINT('',(4.15,-0.925,0.43));
#2415 = LINE('',#2416,#2417);
#2416 = CARTESIAN_POINT('',(4.15,-0.925,0.49));
#2417 = VECTOR('',#2418,1.);
#2418 = DIRECTION('',(0.,0.,1.));
#2419 = ORIENTED_EDGE('',*,*,#2420,.F.);
#2420 = EDGE_CURVE('',#2368,#2413,#2421,.T.);
#2421 = LINE('',#2422,#2423);
#2422 = CARTESIAN_POINT('',(-3.0125,-0.925,0.43));
#2423 = VECTOR('',#2424,1.);
#2424 = DIRECTION('',(1.,0.,0.));
#2425 = ORIENTED_EDGE('',*,*,#2367,.F.);
#2426 = PLANE('',#2427);
#2427 = AXIS2_PLACEMENT_3D('',#2428,#2429,#2430);
#2428 = CARTESIAN_POINT('',(4.,-0.925,0.55));
#2429 = DIRECTION('',(-0.,-1.,-0.));
#2430 = DIRECTION('',(0.,0.,-1.));
#2431 = ADVANCED_FACE('',(#2432),#2464,.F.);
#2432 = FACE_BOUND('',#2433,.F.);
#2433 = EDGE_LOOP('',(#2434,#2442,#2450,#2456,#2457,#2463));
#2434 = ORIENTED_EDGE('',*,*,#2435,.T.);
#2435 = EDGE_CURVE('',#2405,#2436,#2438,.T.);
#2436 = VERTEX_POINT('',#2437);
#2437 = CARTESIAN_POINT('',(4.15,2.275,0.3));
#2438 = LINE('',#2439,#2440);
#2439 = CARTESIAN_POINT('',(4.15,-0.925,0.3));
#2440 = VECTOR('',#2441,1.);
#2441 = DIRECTION('',(-0.,1.,0.));
#2442 = ORIENTED_EDGE('',*,*,#2443,.T.);
#2443 = EDGE_CURVE('',#2436,#2444,#2446,.T.);
#2444 = VERTEX_POINT('',#2445);
#2445 = CARTESIAN_POINT('',(4.15,2.275,0.49));
#2446 = LINE('',#2447,#2448);
#2447 = CARTESIAN_POINT('',(4.15,2.275,0.3));
#2448 = VECTOR('',#2449,1.);
#2449 = DIRECTION('',(0.,0.,1.));
#2450 = ORIENTED_EDGE('',*,*,#2451,.F.);
#2451 = EDGE_CURVE('',#322,#2444,#2452,.T.);
#2452 = LINE('',#2453,#2454);
#2453 = CARTESIAN_POINT('',(4.15,-0.925,0.49));
#2454 = VECTOR('',#2455,1.);
#2455 = DIRECTION('',(-0.,1.,0.));
#2456 = ORIENTED_EDGE('',*,*,#321,.T.);
#2457 = ORIENTED_EDGE('',*,*,#2458,.F.);
#2458 = EDGE_CURVE('',#2413,#314,#2459,.T.);
#2459 = LINE('',#2460,#2461);
#2460 = CARTESIAN_POINT('',(4.15,-0.479459459459,0.43));
#2461 = VECTOR('',#2462,1.);
#2462 = DIRECTION('',(0.,1.,0.));
#2463 = ORIENTED_EDGE('',*,*,#2412,.F.);
#2464 = PLANE('',#2465);
#2465 = AXIS2_PLACEMENT_3D('',#2466,#2467,#2468);
#2466 = CARTESIAN_POINT('',(4.15,0.566081081081,0.441081081081));
#2467 = DIRECTION('',(1.,0.,0.));
#2468 = DIRECTION('',(-0.,0.,1.));
#2469 = ADVANCED_FACE('',(#2470),#2511,.F.);
#2470 = FACE_BOUND('',#2471,.F.);
#2471 = EDGE_LOOP('',(#2472,#2482,#2490,#2496,#2497,#2505));
#2472 = ORIENTED_EDGE('',*,*,#2473,.F.);
#2473 = EDGE_CURVE('',#2474,#2476,#2478,.T.);
#2474 = VERTEX_POINT('',#2475);
#2475 = CARTESIAN_POINT('',(4.85,-0.925,0.3));
#2476 = VERTEX_POINT('',#2477);
#2477 = CARTESIAN_POINT('',(4.85,2.275,0.3));
#2478 = LINE('',#2479,#2480);
#2479 = CARTESIAN_POINT('',(4.85,-0.925,0.3));
#2480 = VECTOR('',#2481,1.);
#2481 = DIRECTION('',(-0.,1.,0.));
#2482 = ORIENTED_EDGE('',*,*,#2483,.T.);
#2483 = EDGE_CURVE('',#2474,#2484,#2486,.T.);
#2484 = VERTEX_POINT('',#2485);
#2485 = CARTESIAN_POINT('',(4.85,-0.925,0.43));
#2486 = LINE('',#2487,#2488);
#2487 = CARTESIAN_POINT('',(4.85,-0.925,0.3));
#2488 = VECTOR('',#2489,1.);
#2489 = DIRECTION('',(0.,0.,1.));
#2490 = ORIENTED_EDGE('',*,*,#2491,.F.);
#2491 = EDGE_CURVE('',#306,#2484,#2492,.T.);
#2492 = LINE('',#2493,#2494);
#2493 = CARTESIAN_POINT('',(4.85,0.245540540541,0.43));
#2494 = VECTOR('',#2495,1.);
#2495 = DIRECTION('',(0.,-1.,0.));
#2496 = ORIENTED_EDGE('',*,*,#305,.T.);
#2497 = ORIENTED_EDGE('',*,*,#2498,.T.);
#2498 = EDGE_CURVE('',#298,#2499,#2501,.T.);
#2499 = VERTEX_POINT('',#2500);
#2500 = CARTESIAN_POINT('',(4.85,2.275,0.49));
#2501 = LINE('',#2502,#2503);
#2502 = CARTESIAN_POINT('',(4.85,-0.925,0.49));
#2503 = VECTOR('',#2504,1.);
#2504 = DIRECTION('',(-0.,1.,0.));
#2505 = ORIENTED_EDGE('',*,*,#2506,.F.);
#2506 = EDGE_CURVE('',#2476,#2499,#2507,.T.);
#2507 = LINE('',#2508,#2509);
#2508 = CARTESIAN_POINT('',(4.85,2.275,0.3));
#2509 = VECTOR('',#2510,1.);
#2510 = DIRECTION('',(0.,0.,1.));
#2511 = PLANE('',#2512);
#2512 = AXIS2_PLACEMENT_3D('',#2513,#2514,#2515);
#2513 = CARTESIAN_POINT('',(4.85,0.566081081081,0.441081081081));
#2514 = DIRECTION('',(-1.,-0.,-0.));
#2515 = DIRECTION('',(0.,0.,-1.));
#2516 = ADVANCED_FACE('',(#2517),#2542,.F.);
#2517 = FACE_BOUND('',#2518,.F.);
#2518 = EDGE_LOOP('',(#2519,#2527,#2535,#2541));
#2519 = ORIENTED_EDGE('',*,*,#2520,.T.);
#2520 = EDGE_CURVE('',#2474,#2521,#2523,.T.);
#2521 = VERTEX_POINT('',#2522);
#2522 = CARTESIAN_POINT('',(5.15,-0.925,0.3));
#2523 = LINE('',#2524,#2525);
#2524 = CARTESIAN_POINT('',(4.85,-0.925,0.3));
#2525 = VECTOR('',#2526,1.);
#2526 = DIRECTION('',(1.,0.,-0.));
#2527 = ORIENTED_EDGE('',*,*,#2528,.T.);
#2528 = EDGE_CURVE('',#2521,#2529,#2531,.T.);
#2529 = VERTEX_POINT('',#2530);
#2530 = CARTESIAN_POINT('',(5.15,-0.925,0.43));
#2531 = LINE('',#2532,#2533);
#2532 = CARTESIAN_POINT('',(5.15,-0.925,0.49));
#2533 = VECTOR('',#2534,1.);
#2534 = DIRECTION('',(0.,0.,1.));
#2535 = ORIENTED_EDGE('',*,*,#2536,.F.);
#2536 = EDGE_CURVE('',#2484,#2529,#2537,.T.);
#2537 = LINE('',#2538,#2539);
#2538 = CARTESIAN_POINT('',(-2.5125,-0.925,0.43));
#2539 = VECTOR('',#2540,1.);
#2540 = DIRECTION('',(1.,0.,0.));
#2541 = ORIENTED_EDGE('',*,*,#2483,.F.);
#2542 = PLANE('',#2543);
#2543 = AXIS2_PLACEMENT_3D('',#2544,#2545,#2546);
#2544 = CARTESIAN_POINT('',(5.,-0.925,0.55));
#2545 = DIRECTION('',(-0.,-1.,-0.));
#2546 = DIRECTION('',(0.,0.,-1.));
#2547 = ADVANCED_FACE('',(#2548),#2580,.F.);
#2548 = FACE_BOUND('',#2549,.F.);
#2549 = EDGE_LOOP('',(#2550,#2558,#2566,#2572,#2573,#2579));
#2550 = ORIENTED_EDGE('',*,*,#2551,.T.);
#2551 = EDGE_CURVE('',#2521,#2552,#2554,.T.);
#2552 = VERTEX_POINT('',#2553);
#2553 = CARTESIAN_POINT('',(5.15,2.275,0.3));
#2554 = LINE('',#2555,#2556);
#2555 = CARTESIAN_POINT('',(5.15,-0.925,0.3));
#2556 = VECTOR('',#2557,1.);
#2557 = DIRECTION('',(-0.,1.,0.));
#2558 = ORIENTED_EDGE('',*,*,#2559,.T.);
#2559 = EDGE_CURVE('',#2552,#2560,#2562,.T.);
#2560 = VERTEX_POINT('',#2561);
#2561 = CARTESIAN_POINT('',(5.15,2.275,0.49));
#2562 = LINE('',#2563,#2564);
#2563 = CARTESIAN_POINT('',(5.15,2.275,0.3));
#2564 = VECTOR('',#2565,1.);
#2565 = DIRECTION('',(0.,0.,1.));
#2566 = ORIENTED_EDGE('',*,*,#2567,.F.);
#2567 = EDGE_CURVE('',#290,#2560,#2568,.T.);
#2568 = LINE('',#2569,#2570);
#2569 = CARTESIAN_POINT('',(5.15,-0.925,0.49));
#2570 = VECTOR('',#2571,1.);
#2571 = DIRECTION('',(-0.,1.,0.));
#2572 = ORIENTED_EDGE('',*,*,#289,.T.);
#2573 = ORIENTED_EDGE('',*,*,#2574,.F.);
#2574 = EDGE_CURVE('',#2529,#282,#2575,.T.);
#2575 = LINE('',#2576,#2577);
#2576 = CARTESIAN_POINT('',(5.15,-0.479459459459,0.43));
#2577 = VECTOR('',#2578,1.);
#2578 = DIRECTION('',(0.,1.,0.));
#2579 = ORIENTED_EDGE('',*,*,#2528,.F.);
#2580 = PLANE('',#2581);
#2581 = AXIS2_PLACEMENT_3D('',#2582,#2583,#2584);
#2582 = CARTESIAN_POINT('',(5.15,0.566081081081,0.441081081081));
#2583 = DIRECTION('',(1.,0.,0.));
#2584 = DIRECTION('',(-0.,0.,1.));
#2585 = ADVANCED_FACE('',(#2586),#2627,.F.);
#2586 = FACE_BOUND('',#2587,.F.);
#2587 = EDGE_LOOP('',(#2588,#2598,#2606,#2612,#2613,#2621));
#2588 = ORIENTED_EDGE('',*,*,#2589,.F.);
#2589 = EDGE_CURVE('',#2590,#2592,#2594,.T.);
#2590 = VERTEX_POINT('',#2591);
#2591 = CARTESIAN_POINT('',(5.85,-0.925,0.3));
#2592 = VERTEX_POINT('',#2593);
#2593 = CARTESIAN_POINT('',(5.85,2.275,0.3));
#2594 = LINE('',#2595,#2596);
#2595 = CARTESIAN_POINT('',(5.85,-0.925,0.3));
#2596 = VECTOR('',#2597,1.);
#2597 = DIRECTION('',(-0.,1.,0.));
#2598 = ORIENTED_EDGE('',*,*,#2599,.T.);
#2599 = EDGE_CURVE('',#2590,#2600,#2602,.T.);
#2600 = VERTEX_POINT('',#2601);
#2601 = CARTESIAN_POINT('',(5.85,-0.925,0.43));
#2602 = LINE('',#2603,#2604);
#2603 = CARTESIAN_POINT('',(5.85,-0.925,0.3));
#2604 = VECTOR('',#2605,1.);
#2605 = DIRECTION('',(0.,0.,1.));
#2606 = ORIENTED_EDGE('',*,*,#2607,.F.);
#2607 = EDGE_CURVE('',#274,#2600,#2608,.T.);
#2608 = LINE('',#2609,#2610);
#2609 = CARTESIAN_POINT('',(5.85,0.245540540541,0.43));
#2610 = VECTOR('',#2611,1.);
#2611 = DIRECTION('',(0.,-1.,0.));
#2612 = ORIENTED_EDGE('',*,*,#273,.T.);
#2613 = ORIENTED_EDGE('',*,*,#2614,.T.);
#2614 = EDGE_CURVE('',#266,#2615,#2617,.T.);
#2615 = VERTEX_POINT('',#2616);
#2616 = CARTESIAN_POINT('',(5.85,2.275,0.49));
#2617 = LINE('',#2618,#2619);
#2618 = CARTESIAN_POINT('',(5.85,-0.925,0.49));
#2619 = VECTOR('',#2620,1.);
#2620 = DIRECTION('',(-0.,1.,0.));
#2621 = ORIENTED_EDGE('',*,*,#2622,.F.);
#2622 = EDGE_CURVE('',#2592,#2615,#2623,.T.);
#2623 = LINE('',#2624,#2625);
#2624 = CARTESIAN_POINT('',(5.85,2.275,0.3));
#2625 = VECTOR('',#2626,1.);
#2626 = DIRECTION('',(0.,0.,1.));
#2627 = PLANE('',#2628);
#2628 = AXIS2_PLACEMENT_3D('',#2629,#2630,#2631);
#2629 = CARTESIAN_POINT('',(5.85,0.566081081081,0.441081081081));
#2630 = DIRECTION('',(-1.,-0.,-0.));
#2631 = DIRECTION('',(0.,0.,-1.));
#2632 = ADVANCED_FACE('',(#2633),#2658,.F.);
#2633 = FACE_BOUND('',#2634,.F.);
#2634 = EDGE_LOOP('',(#2635,#2643,#2651,#2657));
#2635 = ORIENTED_EDGE('',*,*,#2636,.T.);
#2636 = EDGE_CURVE('',#2590,#2637,#2639,.T.);
#2637 = VERTEX_POINT('',#2638);
#2638 = CARTESIAN_POINT('',(6.15,-0.925,0.3));
#2639 = LINE('',#2640,#2641);
#2640 = CARTESIAN_POINT('',(5.85,-0.925,0.3));
#2641 = VECTOR('',#2642,1.);
#2642 = DIRECTION('',(1.,0.,-0.));
#2643 = ORIENTED_EDGE('',*,*,#2644,.T.);
#2644 = EDGE_CURVE('',#2637,#2645,#2647,.T.);
#2645 = VERTEX_POINT('',#2646);
#2646 = CARTESIAN_POINT('',(6.15,-0.925,0.43));
#2647 = LINE('',#2648,#2649);
#2648 = CARTESIAN_POINT('',(6.15,-0.925,0.49));
#2649 = VECTOR('',#2650,1.);
#2650 = DIRECTION('',(0.,0.,1.));
#2651 = ORIENTED_EDGE('',*,*,#2652,.F.);
#2652 = EDGE_CURVE('',#2600,#2645,#2653,.T.);
#2653 = LINE('',#2654,#2655);
#2654 = CARTESIAN_POINT('',(-2.0125,-0.925,0.43));
#2655 = VECTOR('',#2656,1.);
#2656 = DIRECTION('',(1.,0.,0.));
#2657 = ORIENTED_EDGE('',*,*,#2599,.F.);
#2658 = PLANE('',#2659);
#2659 = AXIS2_PLACEMENT_3D('',#2660,#2661,#2662);
#2660 = CARTESIAN_POINT('',(6.,-0.925,0.55));
#2661 = DIRECTION('',(-0.,-1.,-0.));
#2662 = DIRECTION('',(0.,0.,-1.));
#2663 = ADVANCED_FACE('',(#2664),#2696,.F.);
#2664 = FACE_BOUND('',#2665,.F.);
#2665 = EDGE_LOOP('',(#2666,#2674,#2682,#2688,#2689,#2695));
#2666 = ORIENTED_EDGE('',*,*,#2667,.T.);
#2667 = EDGE_CURVE('',#2637,#2668,#2670,.T.);
#2668 = VERTEX_POINT('',#2669);
#2669 = CARTESIAN_POINT('',(6.15,2.275,0.3));
#2670 = LINE('',#2671,#2672);
#2671 = CARTESIAN_POINT('',(6.15,-0.925,0.3));
#2672 = VECTOR('',#2673,1.);
#2673 = DIRECTION('',(-0.,1.,0.));
#2674 = ORIENTED_EDGE('',*,*,#2675,.T.);
#2675 = EDGE_CURVE('',#2668,#2676,#2678,.T.);
#2676 = VERTEX_POINT('',#2677);
#2677 = CARTESIAN_POINT('',(6.15,2.275,0.49));
#2678 = LINE('',#2679,#2680);
#2679 = CARTESIAN_POINT('',(6.15,2.275,0.3));
#2680 = VECTOR('',#2681,1.);
#2681 = DIRECTION('',(0.,0.,1.));
#2682 = ORIENTED_EDGE('',*,*,#2683,.F.);
#2683 = EDGE_CURVE('',#258,#2676,#2684,.T.);
#2684 = LINE('',#2685,#2686);
#2685 = CARTESIAN_POINT('',(6.15,-0.925,0.49));
#2686 = VECTOR('',#2687,1.);
#2687 = DIRECTION('',(-0.,1.,0.));
#2688 = ORIENTED_EDGE('',*,*,#257,.T.);
#2689 = ORIENTED_EDGE('',*,*,#2690,.F.);
#2690 = EDGE_CURVE('',#2645,#250,#2691,.T.);
#2691 = LINE('',#2692,#2693);
#2692 = CARTESIAN_POINT('',(6.15,-0.479459459459,0.43));
#2693 = VECTOR('',#2694,1.);
#2694 = DIRECTION('',(0.,1.,0.));
#2695 = ORIENTED_EDGE('',*,*,#2644,.F.);
#2696 = PLANE('',#2697);
#2697 = AXIS2_PLACEMENT_3D('',#2698,#2699,#2700);
#2698 = CARTESIAN_POINT('',(6.15,0.566081081081,0.441081081081));
#2699 = DIRECTION('',(1.,0.,0.));
#2700 = DIRECTION('',(-0.,0.,1.));
#2701 = ADVANCED_FACE('',(#2702),#2743,.F.);
#2702 = FACE_BOUND('',#2703,.F.);
#2703 = EDGE_LOOP('',(#2704,#2714,#2722,#2728,#2729,#2737));
#2704 = ORIENTED_EDGE('',*,*,#2705,.F.);
#2705 = EDGE_CURVE('',#2706,#2708,#2710,.T.);
#2706 = VERTEX_POINT('',#2707);
#2707 = CARTESIAN_POINT('',(6.85,-0.925,0.3));
#2708 = VERTEX_POINT('',#2709);
#2709 = CARTESIAN_POINT('',(6.85,2.275,0.3));
#2710 = LINE('',#2711,#2712);
#2711 = CARTESIAN_POINT('',(6.85,-0.925,0.3));
#2712 = VECTOR('',#2713,1.);
#2713 = DIRECTION('',(-0.,1.,0.));
#2714 = ORIENTED_EDGE('',*,*,#2715,.T.);
#2715 = EDGE_CURVE('',#2706,#2716,#2718,.T.);
#2716 = VERTEX_POINT('',#2717);
#2717 = CARTESIAN_POINT('',(6.85,-0.925,0.43));
#2718 = LINE('',#2719,#2720);
#2719 = CARTESIAN_POINT('',(6.85,-0.925,0.3));
#2720 = VECTOR('',#2721,1.);
#2721 = DIRECTION('',(0.,0.,1.));
#2722 = ORIENTED_EDGE('',*,*,#2723,.F.);
#2723 = EDGE_CURVE('',#242,#2716,#2724,.T.);
#2724 = LINE('',#2725,#2726);
#2725 = CARTESIAN_POINT('',(6.85,0.245540540541,0.43));
#2726 = VECTOR('',#2727,1.);
#2727 = DIRECTION('',(0.,-1.,0.));
#2728 = ORIENTED_EDGE('',*,*,#241,.T.);
#2729 = ORIENTED_EDGE('',*,*,#2730,.T.);
#2730 = EDGE_CURVE('',#234,#2731,#2733,.T.);
#2731 = VERTEX_POINT('',#2732);
#2732 = CARTESIAN_POINT('',(6.85,2.275,0.49));
#2733 = LINE('',#2734,#2735);
#2734 = CARTESIAN_POINT('',(6.85,-0.925,0.49));
#2735 = VECTOR('',#2736,1.);
#2736 = DIRECTION('',(-0.,1.,0.));
#2737 = ORIENTED_EDGE('',*,*,#2738,.F.);
#2738 = EDGE_CURVE('',#2708,#2731,#2739,.T.);
#2739 = LINE('',#2740,#2741);
#2740 = CARTESIAN_POINT('',(6.85,2.275,0.3));
#2741 = VECTOR('',#2742,1.);
#2742 = DIRECTION('',(0.,0.,1.));
#2743 = PLANE('',#2744);
#2744 = AXIS2_PLACEMENT_3D('',#2745,#2746,#2747);
#2745 = CARTESIAN_POINT('',(6.85,0.566081081081,0.441081081081));
#2746 = DIRECTION('',(-1.,-0.,-0.));
#2747 = DIRECTION('',(0.,0.,-1.));
#2748 = ADVANCED_FACE('',(#2749),#2774,.F.);
#2749 = FACE_BOUND('',#2750,.F.);
#2750 = EDGE_LOOP('',(#2751,#2759,#2767,#2773));
#2751 = ORIENTED_EDGE('',*,*,#2752,.T.);
#2752 = EDGE_CURVE('',#2706,#2753,#2755,.T.);
#2753 = VERTEX_POINT('',#2754);
#2754 = CARTESIAN_POINT('',(7.15,-0.925,0.3));
#2755 = LINE('',#2756,#2757);
#2756 = CARTESIAN_POINT('',(6.85,-0.925,0.3));
#2757 = VECTOR('',#2758,1.);
#2758 = DIRECTION('',(1.,0.,-0.));
#2759 = ORIENTED_EDGE('',*,*,#2760,.T.);
#2760 = EDGE_CURVE('',#2753,#2761,#2763,.T.);
#2761 = VERTEX_POINT('',#2762);
#2762 = CARTESIAN_POINT('',(7.15,-0.925,0.43));
#2763 = LINE('',#2764,#2765);
#2764 = CARTESIAN_POINT('',(7.15,-0.925,0.49));
#2765 = VECTOR('',#2766,1.);
#2766 = DIRECTION('',(0.,0.,1.));
#2767 = ORIENTED_EDGE('',*,*,#2768,.F.);
#2768 = EDGE_CURVE('',#2716,#2761,#2769,.T.);
#2769 = LINE('',#2770,#2771);
#2770 = CARTESIAN_POINT('',(-1.5125,-0.925,0.43));
#2771 = VECTOR('',#2772,1.);
#2772 = DIRECTION('',(1.,0.,0.));
#2773 = ORIENTED_EDGE('',*,*,#2715,.F.);
#2774 = PLANE('',#2775);
#2775 = AXIS2_PLACEMENT_3D('',#2776,#2777,#2778);
#2776 = CARTESIAN_POINT('',(7.,-0.925,0.55));
#2777 = DIRECTION('',(-0.,-1.,-0.));
#2778 = DIRECTION('',(0.,0.,-1.));
#2779 = ADVANCED_FACE('',(#2780),#2812,.F.);
#2780 = FACE_BOUND('',#2781,.F.);
#2781 = EDGE_LOOP('',(#2782,#2790,#2798,#2804,#2805,#2811));
#2782 = ORIENTED_EDGE('',*,*,#2783,.T.);
#2783 = EDGE_CURVE('',#2753,#2784,#2786,.T.);
#2784 = VERTEX_POINT('',#2785);
#2785 = CARTESIAN_POINT('',(7.15,2.275,0.3));
#2786 = LINE('',#2787,#2788);
#2787 = CARTESIAN_POINT('',(7.15,-0.925,0.3));
#2788 = VECTOR('',#2789,1.);
#2789 = DIRECTION('',(-0.,1.,0.));
#2790 = ORIENTED_EDGE('',*,*,#2791,.T.);
#2791 = EDGE_CURVE('',#2784,#2792,#2794,.T.);
#2792 = VERTEX_POINT('',#2793);
#2793 = CARTESIAN_POINT('',(7.15,2.275,0.49));
#2794 = LINE('',#2795,#2796);
#2795 = CARTESIAN_POINT('',(7.15,2.275,0.3));
#2796 = VECTOR('',#2797,1.);
#2797 = DIRECTION('',(0.,0.,1.));
#2798 = ORIENTED_EDGE('',*,*,#2799,.F.);
#2799 = EDGE_CURVE('',#226,#2792,#2800,.T.);
#2800 = LINE('',#2801,#2802);
#2801 = CARTESIAN_POINT('',(7.15,-0.925,0.49));
#2802 = VECTOR('',#2803,1.);
#2803 = DIRECTION('',(-0.,1.,0.));
#2804 = ORIENTED_EDGE('',*,*,#225,.T.);
#2805 = ORIENTED_EDGE('',*,*,#2806,.F.);
#2806 = EDGE_CURVE('',#2761,#218,#2807,.T.);
#2807 = LINE('',#2808,#2809);
#2808 = CARTESIAN_POINT('',(7.15,-0.479459459459,0.43));
#2809 = VECTOR('',#2810,1.);
#2810 = DIRECTION('',(0.,1.,0.));
#2811 = ORIENTED_EDGE('',*,*,#2760,.F.);
#2812 = PLANE('',#2813);
#2813 = AXIS2_PLACEMENT_3D('',#2814,#2815,#2816);
#2814 = CARTESIAN_POINT('',(7.15,0.566081081081,0.441081081081));
#2815 = DIRECTION('',(1.,0.,0.));
#2816 = DIRECTION('',(-0.,0.,1.));
#2817 = ADVANCED_FACE('',(#2818),#2948,.F.);
#2818 = FACE_BOUND('',#2819,.F.);
#2819 = EDGE_LOOP('',(#2820,#2830,#2838,#2846,#2854,#2862,#2870,#2878,
    #2886,#2894,#2902,#2910,#2918,#2926,#2934,#2942));
#2820 = ORIENTED_EDGE('',*,*,#2821,.F.);
#2821 = EDGE_CURVE('',#2822,#2824,#2826,.T.);
#2822 = VERTEX_POINT('',#2823);
#2823 = CARTESIAN_POINT('',(-10.025,-7.5E-02,0.43));
#2824 = VERTEX_POINT('',#2825);
#2825 = CARTESIAN_POINT('',(-8.6,-7.5E-02,0.43));
#2826 = LINE('',#2827,#2828);
#2827 = CARTESIAN_POINT('',(-10.025,-7.5E-02,0.43));
#2828 = VECTOR('',#2829,1.);
#2829 = DIRECTION('',(1.,0.,-0.));
#2830 = ORIENTED_EDGE('',*,*,#2831,.T.);
#2831 = EDGE_CURVE('',#2822,#2832,#2834,.T.);
#2832 = VERTEX_POINT('',#2833);
#2833 = CARTESIAN_POINT('',(-10.025,-7.5E-02,2.5));
#2834 = LINE('',#2835,#2836);
#2835 = CARTESIAN_POINT('',(-10.025,-7.5E-02,0.));
#2836 = VECTOR('',#2837,1.);
#2837 = DIRECTION('',(0.,0.,1.));
#2838 = ORIENTED_EDGE('',*,*,#2839,.T.);
#2839 = EDGE_CURVE('',#2832,#2840,#2842,.T.);
#2840 = VERTEX_POINT('',#2841);
#2841 = CARTESIAN_POINT('',(10.025,-7.5E-02,2.5));
#2842 = LINE('',#2843,#2844);
#2843 = CARTESIAN_POINT('',(-10.025,-7.5E-02,2.5));
#2844 = VECTOR('',#2845,1.);
#2845 = DIRECTION('',(1.,0.,-0.));
#2846 = ORIENTED_EDGE('',*,*,#2847,.F.);
#2847 = EDGE_CURVE('',#2848,#2840,#2850,.T.);
#2848 = VERTEX_POINT('',#2849);
#2849 = CARTESIAN_POINT('',(10.025,-7.5E-02,0.43));
#2850 = LINE('',#2851,#2852);
#2851 = CARTESIAN_POINT('',(10.025,-7.5E-02,0.));
#2852 = VECTOR('',#2853,1.);
#2853 = DIRECTION('',(0.,0.,1.));
#2854 = ORIENTED_EDGE('',*,*,#2855,.F.);
#2855 = EDGE_CURVE('',#2856,#2848,#2858,.T.);
#2856 = VERTEX_POINT('',#2857);
#2857 = CARTESIAN_POINT('',(8.6,-7.5E-02,0.43));
#2858 = LINE('',#2859,#2860);
#2859 = CARTESIAN_POINT('',(-10.025,-7.5E-02,0.43));
#2860 = VECTOR('',#2861,1.);
#2861 = DIRECTION('',(1.,0.,-0.));
#2862 = ORIENTED_EDGE('',*,*,#2863,.T.);
#2863 = EDGE_CURVE('',#2856,#2864,#2866,.T.);
#2864 = VERTEX_POINT('',#2865);
#2865 = CARTESIAN_POINT('',(8.6,-7.5E-02,2.2));
#2866 = LINE('',#2867,#2868);
#2867 = CARTESIAN_POINT('',(8.6,-7.5E-02,0.));
#2868 = VECTOR('',#2869,1.);
#2869 = DIRECTION('',(0.,0.,1.));
#2870 = ORIENTED_EDGE('',*,*,#2871,.F.);
#2871 = EDGE_CURVE('',#2872,#2864,#2874,.T.);
#2872 = VERTEX_POINT('',#2873);
#2873 = CARTESIAN_POINT('',(8.33,-7.5E-02,2.2));
#2874 = LINE('',#2875,#2876);
#2875 = CARTESIAN_POINT('',(8.33,-7.5E-02,2.2));
#2876 = VECTOR('',#2877,1.);
#2877 = DIRECTION('',(1.,0.,-0.));
#2878 = ORIENTED_EDGE('',*,*,#2879,.F.);
#2879 = EDGE_CURVE('',#2880,#2872,#2882,.T.);
#2880 = VERTEX_POINT('',#2881);
#2881 = CARTESIAN_POINT('',(8.33,-7.5E-02,0.43));
#2882 = LINE('',#2883,#2884);
#2883 = CARTESIAN_POINT('',(8.33,-7.5E-02,0.));
#2884 = VECTOR('',#2885,1.);
#2885 = DIRECTION('',(0.,0.,1.));
#2886 = ORIENTED_EDGE('',*,*,#2887,.F.);
#2887 = EDGE_CURVE('',#2888,#2880,#2890,.T.);
#2888 = VERTEX_POINT('',#2889);
#2889 = CARTESIAN_POINT('',(8.05,-7.5E-02,0.43));
#2890 = LINE('',#2891,#2892);
#2891 = CARTESIAN_POINT('',(-10.025,-7.5E-02,0.43));
#2892 = VECTOR('',#2893,1.);
#2893 = DIRECTION('',(1.,0.,-0.));
#2894 = ORIENTED_EDGE('',*,*,#2895,.T.);
#2895 = EDGE_CURVE('',#2888,#2896,#2898,.T.);
#2896 = VERTEX_POINT('',#2897);
#2897 = CARTESIAN_POINT('',(8.05,-7.5E-02,1.3));
#2898 = LINE('',#2899,#2900);
#2899 = CARTESIAN_POINT('',(8.05,-7.5E-02,0.43));
#2900 = VECTOR('',#2901,1.);
#2901 = DIRECTION('',(0.,0.,1.));
#2902 = ORIENTED_EDGE('',*,*,#2903,.F.);
#2903 = EDGE_CURVE('',#2904,#2896,#2906,.T.);
#2904 = VERTEX_POINT('',#2905);
#2905 = CARTESIAN_POINT('',(-8.05,-7.5E-02,1.3));
#2906 = LINE('',#2907,#2908);
#2907 = CARTESIAN_POINT('',(-8.05,-7.5E-02,1.3));
#2908 = VECTOR('',#2909,1.);
#2909 = DIRECTION('',(1.,0.,-0.));
#2910 = ORIENTED_EDGE('',*,*,#2911,.F.);
#2911 = EDGE_CURVE('',#2912,#2904,#2914,.T.);
#2912 = VERTEX_POINT('',#2913);
#2913 = CARTESIAN_POINT('',(-8.05,-7.5E-02,0.43));
#2914 = LINE('',#2915,#2916);
#2915 = CARTESIAN_POINT('',(-8.05,-7.5E-02,0.43));
#2916 = VECTOR('',#2917,1.);
#2917 = DIRECTION('',(0.,0.,1.));
#2918 = ORIENTED_EDGE('',*,*,#2919,.F.);
#2919 = EDGE_CURVE('',#2920,#2912,#2922,.T.);
#2920 = VERTEX_POINT('',#2921);
#2921 = CARTESIAN_POINT('',(-8.33,-7.5E-02,0.43));
#2922 = LINE('',#2923,#2924);
#2923 = CARTESIAN_POINT('',(-10.025,-7.5E-02,0.43));
#2924 = VECTOR('',#2925,1.);
#2925 = DIRECTION('',(1.,0.,-0.));
#2926 = ORIENTED_EDGE('',*,*,#2927,.T.);
#2927 = EDGE_CURVE('',#2920,#2928,#2930,.T.);
#2928 = VERTEX_POINT('',#2929);
#2929 = CARTESIAN_POINT('',(-8.33,-7.5E-02,2.2));
#2930 = LINE('',#2931,#2932);
#2931 = CARTESIAN_POINT('',(-8.33,-7.5E-02,0.));
#2932 = VECTOR('',#2933,1.);
#2933 = DIRECTION('',(0.,0.,1.));
#2934 = ORIENTED_EDGE('',*,*,#2935,.F.);
#2935 = EDGE_CURVE('',#2936,#2928,#2938,.T.);
#2936 = VERTEX_POINT('',#2937);
#2937 = CARTESIAN_POINT('',(-8.6,-7.5E-02,2.2));
#2938 = LINE('',#2939,#2940);
#2939 = CARTESIAN_POINT('',(-8.6,-7.5E-02,2.2));
#2940 = VECTOR('',#2941,1.);
#2941 = DIRECTION('',(1.,0.,-0.));
#2942 = ORIENTED_EDGE('',*,*,#2943,.F.);
#2943 = EDGE_CURVE('',#2824,#2936,#2944,.T.);
#2944 = LINE('',#2945,#2946);
#2945 = CARTESIAN_POINT('',(-8.6,-7.5E-02,0.));
#2946 = VECTOR('',#2947,1.);
#2947 = DIRECTION('',(0.,0.,1.));
#2948 = PLANE('',#2949);
#2949 = AXIS2_PLACEMENT_3D('',#2950,#2951,#2952);
#2950 = CARTESIAN_POINT('',(-10.025,-7.5E-02,0.));
#2951 = DIRECTION('',(-0.,1.,0.));
#2952 = DIRECTION('',(0.,0.,1.));
#2953 = ADVANCED_FACE('',(#2954),#2979,.T.);
#2954 = FACE_BOUND('',#2955,.T.);
#2955 = EDGE_LOOP('',(#2956,#2964,#2965,#2973));
#2956 = ORIENTED_EDGE('',*,*,#2957,.F.);
#2957 = EDGE_CURVE('',#2832,#2958,#2960,.T.);
#2958 = VERTEX_POINT('',#2959);
#2959 = CARTESIAN_POINT('',(-10.025,2.475,2.5));
#2960 = LINE('',#2961,#2962);
#2961 = CARTESIAN_POINT('',(-10.025,-7.5E-02,2.5));
#2962 = VECTOR('',#2963,1.);
#2963 = DIRECTION('',(-0.,1.,0.));
#2964 = ORIENTED_EDGE('',*,*,#2839,.T.);
#2965 = ORIENTED_EDGE('',*,*,#2966,.T.);
#2966 = EDGE_CURVE('',#2840,#2967,#2969,.T.);
#2967 = VERTEX_POINT('',#2968);
#2968 = CARTESIAN_POINT('',(10.025,2.475,2.5));
#2969 = LINE('',#2970,#2971);
#2970 = CARTESIAN_POINT('',(10.025,-7.5E-02,2.5));
#2971 = VECTOR('',#2972,1.);
#2972 = DIRECTION('',(-0.,1.,0.));
#2973 = ORIENTED_EDGE('',*,*,#2974,.F.);
#2974 = EDGE_CURVE('',#2958,#2967,#2975,.T.);
#2975 = LINE('',#2976,#2977);
#2976 = CARTESIAN_POINT('',(-10.025,2.475,2.5));
#2977 = VECTOR('',#2978,1.);
#2978 = DIRECTION('',(1.,0.,-0.));
#2979 = PLANE('',#2980);
#2980 = AXIS2_PLACEMENT_3D('',#2981,#2982,#2983);
#2981 = CARTESIAN_POINT('',(-10.025,-7.5E-02,2.5));
#2982 = DIRECTION('',(0.,0.,1.));
#2983 = DIRECTION('',(1.,0.,-0.));
#2984 = ADVANCED_FACE('',(#2985,#3106,#3140,#3174,#3208,#3242,#3276,
    #3310,#3344,#3378,#3412,#3446,#3480,#3514,#3548,#3582),#3616,.T.);
#2985 = FACE_BOUND('',#2986,.T.);
#2986 = EDGE_LOOP('',(#2987,#2997,#3003,#3004,#3012,#3020,#3028,#3036,
    #3044,#3052,#3060,#3068,#3076,#3084,#3092,#3100));
#2987 = ORIENTED_EDGE('',*,*,#2988,.F.);
#2988 = EDGE_CURVE('',#2989,#2991,#2993,.T.);
#2989 = VERTEX_POINT('',#2990);
#2990 = CARTESIAN_POINT('',(-10.025,2.475,0.));
#2991 = VERTEX_POINT('',#2992);
#2992 = CARTESIAN_POINT('',(-10.02,2.475,0.));
#2993 = LINE('',#2994,#2995);
#2994 = CARTESIAN_POINT('',(-10.025,2.475,0.));
#2995 = VECTOR('',#2996,1.);
#2996 = DIRECTION('',(1.,0.,-0.));
#2997 = ORIENTED_EDGE('',*,*,#2998,.T.);
#2998 = EDGE_CURVE('',#2989,#2958,#2999,.T.);
#2999 = LINE('',#3000,#3001);
#3000 = CARTESIAN_POINT('',(-10.025,2.475,0.));
#3001 = VECTOR('',#3002,1.);
#3002 = DIRECTION('',(0.,0.,1.));
#3003 = ORIENTED_EDGE('',*,*,#2974,.T.);
#3004 = ORIENTED_EDGE('',*,*,#3005,.F.);
#3005 = EDGE_CURVE('',#3006,#2967,#3008,.T.);
#3006 = VERTEX_POINT('',#3007);
#3007 = CARTESIAN_POINT('',(10.025,2.475,0.));
#3008 = LINE('',#3009,#3010);
#3009 = CARTESIAN_POINT('',(10.025,2.475,0.));
#3010 = VECTOR('',#3011,1.);
#3011 = DIRECTION('',(0.,0.,1.));
#3012 = ORIENTED_EDGE('',*,*,#3013,.F.);
#3013 = EDGE_CURVE('',#3014,#3006,#3016,.T.);
#3014 = VERTEX_POINT('',#3015);
#3015 = CARTESIAN_POINT('',(10.02,2.475,0.));
#3016 = LINE('',#3017,#3018);
#3017 = CARTESIAN_POINT('',(-10.025,2.475,0.));
#3018 = VECTOR('',#3019,1.);
#3019 = DIRECTION('',(1.,0.,-0.));
#3020 = ORIENTED_EDGE('',*,*,#3021,.F.);
#3021 = EDGE_CURVE('',#3022,#3014,#3024,.T.);
#3022 = VERTEX_POINT('',#3023);
#3023 = CARTESIAN_POINT('',(10.02,2.475,0.15));
#3024 = LINE('',#3025,#3026);
#3025 = CARTESIAN_POINT('',(10.02,2.475,0.));
#3026 = VECTOR('',#3027,1.);
#3027 = DIRECTION('',(-0.,0.,-1.));
#3028 = ORIENTED_EDGE('',*,*,#3029,.F.);
#3029 = EDGE_CURVE('',#3030,#3022,#3032,.T.);
#3030 = VERTEX_POINT('',#3031);
#3031 = CARTESIAN_POINT('',(8.6,2.475,0.15));
#3032 = LINE('',#3033,#3034);
#3033 = CARTESIAN_POINT('',(-0.8475,2.475,0.15));
#3034 = VECTOR('',#3035,1.);
#3035 = DIRECTION('',(1.,0.,-0.));
#3036 = ORIENTED_EDGE('',*,*,#3037,.T.);
#3037 = EDGE_CURVE('',#3030,#3038,#3040,.T.);
#3038 = VERTEX_POINT('',#3039);
#3039 = CARTESIAN_POINT('',(8.6,2.475,2.2));
#3040 = LINE('',#3041,#3042);
#3041 = CARTESIAN_POINT('',(8.6,2.475,0.));
#3042 = VECTOR('',#3043,1.);
#3043 = DIRECTION('',(0.,0.,1.));
#3044 = ORIENTED_EDGE('',*,*,#3045,.F.);
#3045 = EDGE_CURVE('',#3046,#3038,#3048,.T.);
#3046 = VERTEX_POINT('',#3047);
#3047 = CARTESIAN_POINT('',(8.33,2.475,2.2));
#3048 = LINE('',#3049,#3050);
#3049 = CARTESIAN_POINT('',(8.33,2.475,2.2));
#3050 = VECTOR('',#3051,1.);
#3051 = DIRECTION('',(1.,0.,-0.));
#3052 = ORIENTED_EDGE('',*,*,#3053,.F.);
#3053 = EDGE_CURVE('',#3054,#3046,#3056,.T.);
#3054 = VERTEX_POINT('',#3055);
#3055 = CARTESIAN_POINT('',(8.33,2.475,0.));
#3056 = LINE('',#3057,#3058);
#3057 = CARTESIAN_POINT('',(8.33,2.475,0.));
#3058 = VECTOR('',#3059,1.);
#3059 = DIRECTION('',(0.,0.,1.));
#3060 = ORIENTED_EDGE('',*,*,#3061,.F.);
#3061 = EDGE_CURVE('',#3062,#3054,#3064,.T.);
#3062 = VERTEX_POINT('',#3063);
#3063 = CARTESIAN_POINT('',(-8.33,2.475,0.));
#3064 = LINE('',#3065,#3066);
#3065 = CARTESIAN_POINT('',(-10.025,2.475,0.));
#3066 = VECTOR('',#3067,1.);
#3067 = DIRECTION('',(1.,0.,-0.));
#3068 = ORIENTED_EDGE('',*,*,#3069,.F.);
#3069 = EDGE_CURVE('',#3070,#3062,#3072,.T.);
#3070 = VERTEX_POINT('',#3071);
#3071 = CARTESIAN_POINT('',(-8.33,2.475,2.2));
#3072 = LINE('',#3073,#3074);
#3073 = CARTESIAN_POINT('',(-8.33,2.475,0.54785115304));
#3074 = VECTOR('',#3075,1.);
#3075 = DIRECTION('',(0.,0.,-1.));
#3076 = ORIENTED_EDGE('',*,*,#3077,.F.);
#3077 = EDGE_CURVE('',#3078,#3070,#3080,.T.);
#3078 = VERTEX_POINT('',#3079);
#3079 = CARTESIAN_POINT('',(-8.6,2.475,2.2));
#3080 = LINE('',#3081,#3082);
#3081 = CARTESIAN_POINT('',(-8.6,2.475,2.2));
#3082 = VECTOR('',#3083,1.);
#3083 = DIRECTION('',(1.,0.,-0.));
#3084 = ORIENTED_EDGE('',*,*,#3085,.F.);
#3085 = EDGE_CURVE('',#3086,#3078,#3088,.T.);
#3086 = VERTEX_POINT('',#3087);
#3087 = CARTESIAN_POINT('',(-8.6,2.475,0.15));
#3088 = LINE('',#3089,#3090);
#3089 = CARTESIAN_POINT('',(-8.6,2.475,0.));
#3090 = VECTOR('',#3091,1.);
#3091 = DIRECTION('',(0.,0.,1.));
#3092 = ORIENTED_EDGE('',*,*,#3093,.F.);
#3093 = EDGE_CURVE('',#3094,#3086,#3096,.T.);
#3094 = VERTEX_POINT('',#3095);
#3095 = CARTESIAN_POINT('',(-10.02,2.475,0.15));
#3096 = LINE('',#3097,#3098);
#3097 = CARTESIAN_POINT('',(-10.0225,2.475,0.15));
#3098 = VECTOR('',#3099,1.);
#3099 = DIRECTION('',(1.,0.,-0.));
#3100 = ORIENTED_EDGE('',*,*,#3101,.T.);
#3101 = EDGE_CURVE('',#3094,#2991,#3102,.T.);
#3102 = LINE('',#3103,#3104);
#3103 = CARTESIAN_POINT('',(-10.02,2.475,0.));
#3104 = VECTOR('',#3105,1.);
#3105 = DIRECTION('',(-0.,0.,-1.));
#3106 = FACE_BOUND('',#3107,.T.);
#3107 = EDGE_LOOP('',(#3108,#3118,#3126,#3134));
#3108 = ORIENTED_EDGE('',*,*,#3109,.T.);
#3109 = EDGE_CURVE('',#3110,#3112,#3114,.T.);
#3110 = VERTEX_POINT('',#3111);
#3111 = CARTESIAN_POINT('',(-7.125,2.475,0.12));
#3112 = VERTEX_POINT('',#3113);
#3113 = CARTESIAN_POINT('',(-6.875,2.475,0.12));
#3114 = LINE('',#3115,#3116);
#3115 = CARTESIAN_POINT('',(-7.125,2.475,0.12));
#3116 = VECTOR('',#3117,1.);
#3117 = DIRECTION('',(1.,0.,0.));
#3118 = ORIENTED_EDGE('',*,*,#3119,.F.);
#3119 = EDGE_CURVE('',#3120,#3112,#3122,.T.);
#3120 = VERTEX_POINT('',#3121);
#3121 = CARTESIAN_POINT('',(-6.875,2.475,1.17));
#3122 = LINE('',#3123,#3124);
#3123 = CARTESIAN_POINT('',(-6.875,2.475,0.203015720192));
#3124 = VECTOR('',#3125,1.);
#3125 = DIRECTION('',(0.,0.,-1.));
#3126 = ORIENTED_EDGE('',*,*,#3127,.F.);
#3127 = EDGE_CURVE('',#3128,#3120,#3130,.T.);
#3128 = VERTEX_POINT('',#3129);
#3129 = CARTESIAN_POINT('',(-7.125,2.475,1.17));
#3130 = LINE('',#3131,#3132);
#3131 = CARTESIAN_POINT('',(-7.125,2.475,1.17));
#3132 = VECTOR('',#3133,1.);
#3133 = DIRECTION('',(1.,0.,-0.));
#3134 = ORIENTED_EDGE('',*,*,#3135,.F.);
#3135 = EDGE_CURVE('',#3110,#3128,#3136,.T.);
#3136 = LINE('',#3137,#3138);
#3137 = CARTESIAN_POINT('',(-7.125,2.475,0.12));
#3138 = VECTOR('',#3139,1.);
#3139 = DIRECTION('',(0.,0.,1.));
#3140 = FACE_BOUND('',#3141,.T.);
#3141 = EDGE_LOOP('',(#3142,#3152,#3160,#3168));
#3142 = ORIENTED_EDGE('',*,*,#3143,.T.);
#3143 = EDGE_CURVE('',#3144,#3146,#3148,.T.);
#3144 = VERTEX_POINT('',#3145);
#3145 = CARTESIAN_POINT('',(-6.125,2.475,0.12));
#3146 = VERTEX_POINT('',#3147);
#3147 = CARTESIAN_POINT('',(-5.875,2.475,0.12));
#3148 = LINE('',#3149,#3150);
#3149 = CARTESIAN_POINT('',(-6.125,2.475,0.12));
#3150 = VECTOR('',#3151,1.);
#3151 = DIRECTION('',(1.,0.,0.));
#3152 = ORIENTED_EDGE('',*,*,#3153,.F.);
#3153 = EDGE_CURVE('',#3154,#3146,#3156,.T.);
#3154 = VERTEX_POINT('',#3155);
#3155 = CARTESIAN_POINT('',(-5.875,2.475,1.17));
#3156 = LINE('',#3157,#3158);
#3157 = CARTESIAN_POINT('',(-5.875,2.475,0.203015720192));
#3158 = VECTOR('',#3159,1.);
#3159 = DIRECTION('',(0.,0.,-1.));
#3160 = ORIENTED_EDGE('',*,*,#3161,.F.);
#3161 = EDGE_CURVE('',#3162,#3154,#3164,.T.);
#3162 = VERTEX_POINT('',#3163);
#3163 = CARTESIAN_POINT('',(-6.125,2.475,1.17));
#3164 = LINE('',#3165,#3166);
#3165 = CARTESIAN_POINT('',(-6.125,2.475,1.17));
#3166 = VECTOR('',#3167,1.);
#3167 = DIRECTION('',(1.,0.,-0.));
#3168 = ORIENTED_EDGE('',*,*,#3169,.F.);
#3169 = EDGE_CURVE('',#3144,#3162,#3170,.T.);
#3170 = LINE('',#3171,#3172);
#3171 = CARTESIAN_POINT('',(-6.125,2.475,0.12));
#3172 = VECTOR('',#3173,1.);
#3173 = DIRECTION('',(0.,0.,1.));
#3174 = FACE_BOUND('',#3175,.T.);
#3175 = EDGE_LOOP('',(#3176,#3186,#3194,#3202));
#3176 = ORIENTED_EDGE('',*,*,#3177,.T.);
#3177 = EDGE_CURVE('',#3178,#3180,#3182,.T.);
#3178 = VERTEX_POINT('',#3179);
#3179 = CARTESIAN_POINT('',(-5.125,2.475,0.12));
#3180 = VERTEX_POINT('',#3181);
#3181 = CARTESIAN_POINT('',(-4.875,2.475,0.12));
#3182 = LINE('',#3183,#3184);
#3183 = CARTESIAN_POINT('',(-5.125,2.475,0.12));
#3184 = VECTOR('',#3185,1.);
#3185 = DIRECTION('',(1.,0.,0.));
#3186 = ORIENTED_EDGE('',*,*,#3187,.F.);
#3187 = EDGE_CURVE('',#3188,#3180,#3190,.T.);
#3188 = VERTEX_POINT('',#3189);
#3189 = CARTESIAN_POINT('',(-4.875,2.475,1.17));
#3190 = LINE('',#3191,#3192);
#3191 = CARTESIAN_POINT('',(-4.875,2.475,0.203015720192));
#3192 = VECTOR('',#3193,1.);
#3193 = DIRECTION('',(0.,0.,-1.));
#3194 = ORIENTED_EDGE('',*,*,#3195,.F.);
#3195 = EDGE_CURVE('',#3196,#3188,#3198,.T.);
#3196 = VERTEX_POINT('',#3197);
#3197 = CARTESIAN_POINT('',(-5.125,2.475,1.17));
#3198 = LINE('',#3199,#3200);
#3199 = CARTESIAN_POINT('',(-5.125,2.475,1.17));
#3200 = VECTOR('',#3201,1.);
#3201 = DIRECTION('',(1.,0.,-0.));
#3202 = ORIENTED_EDGE('',*,*,#3203,.F.);
#3203 = EDGE_CURVE('',#3178,#3196,#3204,.T.);
#3204 = LINE('',#3205,#3206);
#3205 = CARTESIAN_POINT('',(-5.125,2.475,0.12));
#3206 = VECTOR('',#3207,1.);
#3207 = DIRECTION('',(0.,0.,1.));
#3208 = FACE_BOUND('',#3209,.T.);
#3209 = EDGE_LOOP('',(#3210,#3220,#3228,#3236));
#3210 = ORIENTED_EDGE('',*,*,#3211,.T.);
#3211 = EDGE_CURVE('',#3212,#3214,#3216,.T.);
#3212 = VERTEX_POINT('',#3213);
#3213 = CARTESIAN_POINT('',(-4.125,2.475,0.12));
#3214 = VERTEX_POINT('',#3215);
#3215 = CARTESIAN_POINT('',(-3.875,2.475,0.12));
#3216 = LINE('',#3217,#3218);
#3217 = CARTESIAN_POINT('',(-4.125,2.475,0.12));
#3218 = VECTOR('',#3219,1.);
#3219 = DIRECTION('',(1.,0.,0.));
#3220 = ORIENTED_EDGE('',*,*,#3221,.F.);
#3221 = EDGE_CURVE('',#3222,#3214,#3224,.T.);
#3222 = VERTEX_POINT('',#3223);
#3223 = CARTESIAN_POINT('',(-3.875,2.475,1.17));
#3224 = LINE('',#3225,#3226);
#3225 = CARTESIAN_POINT('',(-3.875,2.475,0.203015720192));
#3226 = VECTOR('',#3227,1.);
#3227 = DIRECTION('',(0.,0.,-1.));
#3228 = ORIENTED_EDGE('',*,*,#3229,.F.);
#3229 = EDGE_CURVE('',#3230,#3222,#3232,.T.);
#3230 = VERTEX_POINT('',#3231);
#3231 = CARTESIAN_POINT('',(-4.125,2.475,1.17));
#3232 = LINE('',#3233,#3234);
#3233 = CARTESIAN_POINT('',(-4.125,2.475,1.17));
#3234 = VECTOR('',#3235,1.);
#3235 = DIRECTION('',(1.,0.,-0.));
#3236 = ORIENTED_EDGE('',*,*,#3237,.F.);
#3237 = EDGE_CURVE('',#3212,#3230,#3238,.T.);
#3238 = LINE('',#3239,#3240);
#3239 = CARTESIAN_POINT('',(-4.125,2.475,0.12));
#3240 = VECTOR('',#3241,1.);
#3241 = DIRECTION('',(0.,0.,1.));
#3242 = FACE_BOUND('',#3243,.T.);
#3243 = EDGE_LOOP('',(#3244,#3254,#3262,#3270));
#3244 = ORIENTED_EDGE('',*,*,#3245,.T.);
#3245 = EDGE_CURVE('',#3246,#3248,#3250,.T.);
#3246 = VERTEX_POINT('',#3247);
#3247 = CARTESIAN_POINT('',(-3.125,2.475,0.12));
#3248 = VERTEX_POINT('',#3249);
#3249 = CARTESIAN_POINT('',(-2.875,2.475,0.12));
#3250 = LINE('',#3251,#3252);
#3251 = CARTESIAN_POINT('',(-3.125,2.475,0.12));
#3252 = VECTOR('',#3253,1.);
#3253 = DIRECTION('',(1.,0.,0.));
#3254 = ORIENTED_EDGE('',*,*,#3255,.F.);
#3255 = EDGE_CURVE('',#3256,#3248,#3258,.T.);
#3256 = VERTEX_POINT('',#3257);
#3257 = CARTESIAN_POINT('',(-2.875,2.475,1.17));
#3258 = LINE('',#3259,#3260);
#3259 = CARTESIAN_POINT('',(-2.875,2.475,0.203015720192));
#3260 = VECTOR('',#3261,1.);
#3261 = DIRECTION('',(0.,0.,-1.));
#3262 = ORIENTED_EDGE('',*,*,#3263,.F.);
#3263 = EDGE_CURVE('',#3264,#3256,#3266,.T.);
#3264 = VERTEX_POINT('',#3265);
#3265 = CARTESIAN_POINT('',(-3.125,2.475,1.17));
#3266 = LINE('',#3267,#3268);
#3267 = CARTESIAN_POINT('',(-3.125,2.475,1.17));
#3268 = VECTOR('',#3269,1.);
#3269 = DIRECTION('',(1.,0.,-0.));
#3270 = ORIENTED_EDGE('',*,*,#3271,.F.);
#3271 = EDGE_CURVE('',#3246,#3264,#3272,.T.);
#3272 = LINE('',#3273,#3274);
#3273 = CARTESIAN_POINT('',(-3.125,2.475,0.12));
#3274 = VECTOR('',#3275,1.);
#3275 = DIRECTION('',(0.,0.,1.));
#3276 = FACE_BOUND('',#3277,.T.);
#3277 = EDGE_LOOP('',(#3278,#3288,#3296,#3304));
#3278 = ORIENTED_EDGE('',*,*,#3279,.T.);
#3279 = EDGE_CURVE('',#3280,#3282,#3284,.T.);
#3280 = VERTEX_POINT('',#3281);
#3281 = CARTESIAN_POINT('',(-2.125,2.475,0.12));
#3282 = VERTEX_POINT('',#3283);
#3283 = CARTESIAN_POINT('',(-1.875,2.475,0.12));
#3284 = LINE('',#3285,#3286);
#3285 = CARTESIAN_POINT('',(-2.125,2.475,0.12));
#3286 = VECTOR('',#3287,1.);
#3287 = DIRECTION('',(1.,0.,0.));
#3288 = ORIENTED_EDGE('',*,*,#3289,.F.);
#3289 = EDGE_CURVE('',#3290,#3282,#3292,.T.);
#3290 = VERTEX_POINT('',#3291);
#3291 = CARTESIAN_POINT('',(-1.875,2.475,1.17));
#3292 = LINE('',#3293,#3294);
#3293 = CARTESIAN_POINT('',(-1.875,2.475,0.203015720192));
#3294 = VECTOR('',#3295,1.);
#3295 = DIRECTION('',(0.,0.,-1.));
#3296 = ORIENTED_EDGE('',*,*,#3297,.F.);
#3297 = EDGE_CURVE('',#3298,#3290,#3300,.T.);
#3298 = VERTEX_POINT('',#3299);
#3299 = CARTESIAN_POINT('',(-2.125,2.475,1.17));
#3300 = LINE('',#3301,#3302);
#3301 = CARTESIAN_POINT('',(-2.125,2.475,1.17));
#3302 = VECTOR('',#3303,1.);
#3303 = DIRECTION('',(1.,0.,-0.));
#3304 = ORIENTED_EDGE('',*,*,#3305,.F.);
#3305 = EDGE_CURVE('',#3280,#3298,#3306,.T.);
#3306 = LINE('',#3307,#3308);
#3307 = CARTESIAN_POINT('',(-2.125,2.475,0.12));
#3308 = VECTOR('',#3309,1.);
#3309 = DIRECTION('',(0.,0.,1.));
#3310 = FACE_BOUND('',#3311,.T.);
#3311 = EDGE_LOOP('',(#3312,#3322,#3330,#3338));
#3312 = ORIENTED_EDGE('',*,*,#3313,.T.);
#3313 = EDGE_CURVE('',#3314,#3316,#3318,.T.);
#3314 = VERTEX_POINT('',#3315);
#3315 = CARTESIAN_POINT('',(-1.125,2.475,0.12));
#3316 = VERTEX_POINT('',#3317);
#3317 = CARTESIAN_POINT('',(-0.875,2.475,0.12));
#3318 = LINE('',#3319,#3320);
#3319 = CARTESIAN_POINT('',(-1.125,2.475,0.12));
#3320 = VECTOR('',#3321,1.);
#3321 = DIRECTION('',(1.,0.,0.));
#3322 = ORIENTED_EDGE('',*,*,#3323,.F.);
#3323 = EDGE_CURVE('',#3324,#3316,#3326,.T.);
#3324 = VERTEX_POINT('',#3325);
#3325 = CARTESIAN_POINT('',(-0.875,2.475,1.17));
#3326 = LINE('',#3327,#3328);
#3327 = CARTESIAN_POINT('',(-0.875,2.475,0.203015720192));
#3328 = VECTOR('',#3329,1.);
#3329 = DIRECTION('',(0.,0.,-1.));
#3330 = ORIENTED_EDGE('',*,*,#3331,.F.);
#3331 = EDGE_CURVE('',#3332,#3324,#3334,.T.);
#3332 = VERTEX_POINT('',#3333);
#3333 = CARTESIAN_POINT('',(-1.125,2.475,1.17));
#3334 = LINE('',#3335,#3336);
#3335 = CARTESIAN_POINT('',(-1.125,2.475,1.17));
#3336 = VECTOR('',#3337,1.);
#3337 = DIRECTION('',(1.,0.,-0.));
#3338 = ORIENTED_EDGE('',*,*,#3339,.F.);
#3339 = EDGE_CURVE('',#3314,#3332,#3340,.T.);
#3340 = LINE('',#3341,#3342);
#3341 = CARTESIAN_POINT('',(-1.125,2.475,0.12));
#3342 = VECTOR('',#3343,1.);
#3343 = DIRECTION('',(0.,0.,1.));
#3344 = FACE_BOUND('',#3345,.T.);
#3345 = EDGE_LOOP('',(#3346,#3356,#3364,#3372));
#3346 = ORIENTED_EDGE('',*,*,#3347,.T.);
#3347 = EDGE_CURVE('',#3348,#3350,#3352,.T.);
#3348 = VERTEX_POINT('',#3349);
#3349 = CARTESIAN_POINT('',(-0.125,2.475,0.12));
#3350 = VERTEX_POINT('',#3351);
#3351 = CARTESIAN_POINT('',(0.125,2.475,0.12));
#3352 = LINE('',#3353,#3354);
#3353 = CARTESIAN_POINT('',(-0.125,2.475,0.12));
#3354 = VECTOR('',#3355,1.);
#3355 = DIRECTION('',(1.,0.,0.));
#3356 = ORIENTED_EDGE('',*,*,#3357,.F.);
#3357 = EDGE_CURVE('',#3358,#3350,#3360,.T.);
#3358 = VERTEX_POINT('',#3359);
#3359 = CARTESIAN_POINT('',(0.125,2.475,1.17));
#3360 = LINE('',#3361,#3362);
#3361 = CARTESIAN_POINT('',(0.125,2.475,0.203015720192));
#3362 = VECTOR('',#3363,1.);
#3363 = DIRECTION('',(0.,0.,-1.));
#3364 = ORIENTED_EDGE('',*,*,#3365,.F.);
#3365 = EDGE_CURVE('',#3366,#3358,#3368,.T.);
#3366 = VERTEX_POINT('',#3367);
#3367 = CARTESIAN_POINT('',(-0.125,2.475,1.17));
#3368 = LINE('',#3369,#3370);
#3369 = CARTESIAN_POINT('',(-0.125,2.475,1.17));
#3370 = VECTOR('',#3371,1.);
#3371 = DIRECTION('',(1.,0.,-0.));
#3372 = ORIENTED_EDGE('',*,*,#3373,.F.);
#3373 = EDGE_CURVE('',#3348,#3366,#3374,.T.);
#3374 = LINE('',#3375,#3376);
#3375 = CARTESIAN_POINT('',(-0.125,2.475,0.12));
#3376 = VECTOR('',#3377,1.);
#3377 = DIRECTION('',(0.,0.,1.));
#3378 = FACE_BOUND('',#3379,.T.);
#3379 = EDGE_LOOP('',(#3380,#3390,#3398,#3406));
#3380 = ORIENTED_EDGE('',*,*,#3381,.T.);
#3381 = EDGE_CURVE('',#3382,#3384,#3386,.T.);
#3382 = VERTEX_POINT('',#3383);
#3383 = CARTESIAN_POINT('',(0.875,2.475,0.12));
#3384 = VERTEX_POINT('',#3385);
#3385 = CARTESIAN_POINT('',(1.125,2.475,0.12));
#3386 = LINE('',#3387,#3388);
#3387 = CARTESIAN_POINT('',(0.875,2.475,0.12));
#3388 = VECTOR('',#3389,1.);
#3389 = DIRECTION('',(1.,0.,0.));
#3390 = ORIENTED_EDGE('',*,*,#3391,.F.);
#3391 = EDGE_CURVE('',#3392,#3384,#3394,.T.);
#3392 = VERTEX_POINT('',#3393);
#3393 = CARTESIAN_POINT('',(1.125,2.475,1.17));
#3394 = LINE('',#3395,#3396);
#3395 = CARTESIAN_POINT('',(1.125,2.475,0.203015720192));
#3396 = VECTOR('',#3397,1.);
#3397 = DIRECTION('',(0.,0.,-1.));
#3398 = ORIENTED_EDGE('',*,*,#3399,.F.);
#3399 = EDGE_CURVE('',#3400,#3392,#3402,.T.);
#3400 = VERTEX_POINT('',#3401);
#3401 = CARTESIAN_POINT('',(0.875,2.475,1.17));
#3402 = LINE('',#3403,#3404);
#3403 = CARTESIAN_POINT('',(0.875,2.475,1.17));
#3404 = VECTOR('',#3405,1.);
#3405 = DIRECTION('',(1.,0.,-0.));
#3406 = ORIENTED_EDGE('',*,*,#3407,.F.);
#3407 = EDGE_CURVE('',#3382,#3400,#3408,.T.);
#3408 = LINE('',#3409,#3410);
#3409 = CARTESIAN_POINT('',(0.875,2.475,0.12));
#3410 = VECTOR('',#3411,1.);
#3411 = DIRECTION('',(0.,0.,1.));
#3412 = FACE_BOUND('',#3413,.T.);
#3413 = EDGE_LOOP('',(#3414,#3424,#3432,#3440));
#3414 = ORIENTED_EDGE('',*,*,#3415,.T.);
#3415 = EDGE_CURVE('',#3416,#3418,#3420,.T.);
#3416 = VERTEX_POINT('',#3417);
#3417 = CARTESIAN_POINT('',(1.875,2.475,0.12));
#3418 = VERTEX_POINT('',#3419);
#3419 = CARTESIAN_POINT('',(2.125,2.475,0.12));
#3420 = LINE('',#3421,#3422);
#3421 = CARTESIAN_POINT('',(1.875,2.475,0.12));
#3422 = VECTOR('',#3423,1.);
#3423 = DIRECTION('',(1.,0.,0.));
#3424 = ORIENTED_EDGE('',*,*,#3425,.F.);
#3425 = EDGE_CURVE('',#3426,#3418,#3428,.T.);
#3426 = VERTEX_POINT('',#3427);
#3427 = CARTESIAN_POINT('',(2.125,2.475,1.17));
#3428 = LINE('',#3429,#3430);
#3429 = CARTESIAN_POINT('',(2.125,2.475,0.203015720192));
#3430 = VECTOR('',#3431,1.);
#3431 = DIRECTION('',(0.,0.,-1.));
#3432 = ORIENTED_EDGE('',*,*,#3433,.F.);
#3433 = EDGE_CURVE('',#3434,#3426,#3436,.T.);
#3434 = VERTEX_POINT('',#3435);
#3435 = CARTESIAN_POINT('',(1.875,2.475,1.17));
#3436 = LINE('',#3437,#3438);
#3437 = CARTESIAN_POINT('',(1.875,2.475,1.17));
#3438 = VECTOR('',#3439,1.);
#3439 = DIRECTION('',(1.,0.,-0.));
#3440 = ORIENTED_EDGE('',*,*,#3441,.F.);
#3441 = EDGE_CURVE('',#3416,#3434,#3442,.T.);
#3442 = LINE('',#3443,#3444);
#3443 = CARTESIAN_POINT('',(1.875,2.475,0.12));
#3444 = VECTOR('',#3445,1.);
#3445 = DIRECTION('',(0.,0.,1.));
#3446 = FACE_BOUND('',#3447,.T.);
#3447 = EDGE_LOOP('',(#3448,#3458,#3466,#3474));
#3448 = ORIENTED_EDGE('',*,*,#3449,.T.);
#3449 = EDGE_CURVE('',#3450,#3452,#3454,.T.);
#3450 = VERTEX_POINT('',#3451);
#3451 = CARTESIAN_POINT('',(2.875,2.475,0.12));
#3452 = VERTEX_POINT('',#3453);
#3453 = CARTESIAN_POINT('',(3.125,2.475,0.12));
#3454 = LINE('',#3455,#3456);
#3455 = CARTESIAN_POINT('',(2.875,2.475,0.12));
#3456 = VECTOR('',#3457,1.);
#3457 = DIRECTION('',(1.,0.,0.));
#3458 = ORIENTED_EDGE('',*,*,#3459,.F.);
#3459 = EDGE_CURVE('',#3460,#3452,#3462,.T.);
#3460 = VERTEX_POINT('',#3461);
#3461 = CARTESIAN_POINT('',(3.125,2.475,1.17));
#3462 = LINE('',#3463,#3464);
#3463 = CARTESIAN_POINT('',(3.125,2.475,0.203015720192));
#3464 = VECTOR('',#3465,1.);
#3465 = DIRECTION('',(0.,0.,-1.));
#3466 = ORIENTED_EDGE('',*,*,#3467,.F.);
#3467 = EDGE_CURVE('',#3468,#3460,#3470,.T.);
#3468 = VERTEX_POINT('',#3469);
#3469 = CARTESIAN_POINT('',(2.875,2.475,1.17));
#3470 = LINE('',#3471,#3472);
#3471 = CARTESIAN_POINT('',(2.875,2.475,1.17));
#3472 = VECTOR('',#3473,1.);
#3473 = DIRECTION('',(1.,0.,-0.));
#3474 = ORIENTED_EDGE('',*,*,#3475,.F.);
#3475 = EDGE_CURVE('',#3450,#3468,#3476,.T.);
#3476 = LINE('',#3477,#3478);
#3477 = CARTESIAN_POINT('',(2.875,2.475,0.12));
#3478 = VECTOR('',#3479,1.);
#3479 = DIRECTION('',(0.,0.,1.));
#3480 = FACE_BOUND('',#3481,.T.);
#3481 = EDGE_LOOP('',(#3482,#3492,#3500,#3508));
#3482 = ORIENTED_EDGE('',*,*,#3483,.T.);
#3483 = EDGE_CURVE('',#3484,#3486,#3488,.T.);
#3484 = VERTEX_POINT('',#3485);
#3485 = CARTESIAN_POINT('',(3.875,2.475,0.12));
#3486 = VERTEX_POINT('',#3487);
#3487 = CARTESIAN_POINT('',(4.125,2.475,0.12));
#3488 = LINE('',#3489,#3490);
#3489 = CARTESIAN_POINT('',(3.875,2.475,0.12));
#3490 = VECTOR('',#3491,1.);
#3491 = DIRECTION('',(1.,0.,0.));
#3492 = ORIENTED_EDGE('',*,*,#3493,.F.);
#3493 = EDGE_CURVE('',#3494,#3486,#3496,.T.);
#3494 = VERTEX_POINT('',#3495);
#3495 = CARTESIAN_POINT('',(4.125,2.475,1.17));
#3496 = LINE('',#3497,#3498);
#3497 = CARTESIAN_POINT('',(4.125,2.475,0.203015720192));
#3498 = VECTOR('',#3499,1.);
#3499 = DIRECTION('',(0.,0.,-1.));
#3500 = ORIENTED_EDGE('',*,*,#3501,.F.);
#3501 = EDGE_CURVE('',#3502,#3494,#3504,.T.);
#3502 = VERTEX_POINT('',#3503);
#3503 = CARTESIAN_POINT('',(3.875,2.475,1.17));
#3504 = LINE('',#3505,#3506);
#3505 = CARTESIAN_POINT('',(3.875,2.475,1.17));
#3506 = VECTOR('',#3507,1.);
#3507 = DIRECTION('',(1.,0.,-0.));
#3508 = ORIENTED_EDGE('',*,*,#3509,.F.);
#3509 = EDGE_CURVE('',#3484,#3502,#3510,.T.);
#3510 = LINE('',#3511,#3512);
#3511 = CARTESIAN_POINT('',(3.875,2.475,0.12));
#3512 = VECTOR('',#3513,1.);
#3513 = DIRECTION('',(0.,0.,1.));
#3514 = FACE_BOUND('',#3515,.T.);
#3515 = EDGE_LOOP('',(#3516,#3526,#3534,#3542));
#3516 = ORIENTED_EDGE('',*,*,#3517,.T.);
#3517 = EDGE_CURVE('',#3518,#3520,#3522,.T.);
#3518 = VERTEX_POINT('',#3519);
#3519 = CARTESIAN_POINT('',(4.875,2.475,0.12));
#3520 = VERTEX_POINT('',#3521);
#3521 = CARTESIAN_POINT('',(5.125,2.475,0.12));
#3522 = LINE('',#3523,#3524);
#3523 = CARTESIAN_POINT('',(4.875,2.475,0.12));
#3524 = VECTOR('',#3525,1.);
#3525 = DIRECTION('',(1.,0.,0.));
#3526 = ORIENTED_EDGE('',*,*,#3527,.F.);
#3527 = EDGE_CURVE('',#3528,#3520,#3530,.T.);
#3528 = VERTEX_POINT('',#3529);
#3529 = CARTESIAN_POINT('',(5.125,2.475,1.17));
#3530 = LINE('',#3531,#3532);
#3531 = CARTESIAN_POINT('',(5.125,2.475,0.203015720192));
#3532 = VECTOR('',#3533,1.);
#3533 = DIRECTION('',(0.,0.,-1.));
#3534 = ORIENTED_EDGE('',*,*,#3535,.F.);
#3535 = EDGE_CURVE('',#3536,#3528,#3538,.T.);
#3536 = VERTEX_POINT('',#3537);
#3537 = CARTESIAN_POINT('',(4.875,2.475,1.17));
#3538 = LINE('',#3539,#3540);
#3539 = CARTESIAN_POINT('',(4.875,2.475,1.17));
#3540 = VECTOR('',#3541,1.);
#3541 = DIRECTION('',(1.,0.,-0.));
#3542 = ORIENTED_EDGE('',*,*,#3543,.F.);
#3543 = EDGE_CURVE('',#3518,#3536,#3544,.T.);
#3544 = LINE('',#3545,#3546);
#3545 = CARTESIAN_POINT('',(4.875,2.475,0.12));
#3546 = VECTOR('',#3547,1.);
#3547 = DIRECTION('',(0.,0.,1.));
#3548 = FACE_BOUND('',#3549,.T.);
#3549 = EDGE_LOOP('',(#3550,#3560,#3568,#3576));
#3550 = ORIENTED_EDGE('',*,*,#3551,.T.);
#3551 = EDGE_CURVE('',#3552,#3554,#3556,.T.);
#3552 = VERTEX_POINT('',#3553);
#3553 = CARTESIAN_POINT('',(5.875,2.475,0.12));
#3554 = VERTEX_POINT('',#3555);
#3555 = CARTESIAN_POINT('',(6.125,2.475,0.12));
#3556 = LINE('',#3557,#3558);
#3557 = CARTESIAN_POINT('',(5.875,2.475,0.12));
#3558 = VECTOR('',#3559,1.);
#3559 = DIRECTION('',(1.,0.,0.));
#3560 = ORIENTED_EDGE('',*,*,#3561,.F.);
#3561 = EDGE_CURVE('',#3562,#3554,#3564,.T.);
#3562 = VERTEX_POINT('',#3563);
#3563 = CARTESIAN_POINT('',(6.125,2.475,1.17));
#3564 = LINE('',#3565,#3566);
#3565 = CARTESIAN_POINT('',(6.125,2.475,0.203015720192));
#3566 = VECTOR('',#3567,1.);
#3567 = DIRECTION('',(0.,0.,-1.));
#3568 = ORIENTED_EDGE('',*,*,#3569,.F.);
#3569 = EDGE_CURVE('',#3570,#3562,#3572,.T.);
#3570 = VERTEX_POINT('',#3571);
#3571 = CARTESIAN_POINT('',(5.875,2.475,1.17));
#3572 = LINE('',#3573,#3574);
#3573 = CARTESIAN_POINT('',(5.875,2.475,1.17));
#3574 = VECTOR('',#3575,1.);
#3575 = DIRECTION('',(1.,0.,-0.));
#3576 = ORIENTED_EDGE('',*,*,#3577,.F.);
#3577 = EDGE_CURVE('',#3552,#3570,#3578,.T.);
#3578 = LINE('',#3579,#3580);
#3579 = CARTESIAN_POINT('',(5.875,2.475,0.12));
#3580 = VECTOR('',#3581,1.);
#3581 = DIRECTION('',(0.,0.,1.));
#3582 = FACE_BOUND('',#3583,.T.);
#3583 = EDGE_LOOP('',(#3584,#3594,#3602,#3610));
#3584 = ORIENTED_EDGE('',*,*,#3585,.T.);
#3585 = EDGE_CURVE('',#3586,#3588,#3590,.T.);
#3586 = VERTEX_POINT('',#3587);
#3587 = CARTESIAN_POINT('',(6.875,2.475,0.12));
#3588 = VERTEX_POINT('',#3589);
#3589 = CARTESIAN_POINT('',(7.125,2.475,0.12));
#3590 = LINE('',#3591,#3592);
#3591 = CARTESIAN_POINT('',(6.875,2.475,0.12));
#3592 = VECTOR('',#3593,1.);
#3593 = DIRECTION('',(1.,0.,0.));
#3594 = ORIENTED_EDGE('',*,*,#3595,.F.);
#3595 = EDGE_CURVE('',#3596,#3588,#3598,.T.);
#3596 = VERTEX_POINT('',#3597);
#3597 = CARTESIAN_POINT('',(7.125,2.475,1.17));
#3598 = LINE('',#3599,#3600);
#3599 = CARTESIAN_POINT('',(7.125,2.475,0.203015720192));
#3600 = VECTOR('',#3601,1.);
#3601 = DIRECTION('',(0.,0.,-1.));
#3602 = ORIENTED_EDGE('',*,*,#3603,.F.);
#3603 = EDGE_CURVE('',#3604,#3596,#3606,.T.);
#3604 = VERTEX_POINT('',#3605);
#3605 = CARTESIAN_POINT('',(6.875,2.475,1.17));
#3606 = LINE('',#3607,#3608);
#3607 = CARTESIAN_POINT('',(6.875,2.475,1.17));
#3608 = VECTOR('',#3609,1.);
#3609 = DIRECTION('',(1.,0.,-0.));
#3610 = ORIENTED_EDGE('',*,*,#3611,.F.);
#3611 = EDGE_CURVE('',#3586,#3604,#3612,.T.);
#3612 = LINE('',#3613,#3614);
#3613 = CARTESIAN_POINT('',(6.875,2.475,0.12));
#3614 = VECTOR('',#3615,1.);
#3615 = DIRECTION('',(0.,0.,1.));
#3616 = PLANE('',#3617);
#3617 = AXIS2_PLACEMENT_3D('',#3618,#3619,#3620);
#3618 = CARTESIAN_POINT('',(-10.025,2.475,0.));
#3619 = DIRECTION('',(-0.,1.,0.));
#3620 = DIRECTION('',(0.,0.,1.));
#3621 = ADVANCED_FACE('',(#3622),#3662,.T.);
#3622 = FACE_BOUND('',#3623,.T.);
#3623 = EDGE_LOOP('',(#3624,#3630,#3631,#3639,#3647,#3655,#3661));
#3624 = ORIENTED_EDGE('',*,*,#3625,.F.);
#3625 = EDGE_CURVE('',#2936,#3078,#3626,.T.);
#3626 = LINE('',#3627,#3628);
#3627 = CARTESIAN_POINT('',(-8.6,-7.5E-02,2.2));
#3628 = VECTOR('',#3629,1.);
#3629 = DIRECTION('',(-0.,1.,0.));
#3630 = ORIENTED_EDGE('',*,*,#2943,.F.);
#3631 = ORIENTED_EDGE('',*,*,#3632,.F.);
#3632 = EDGE_CURVE('',#3633,#2824,#3635,.T.);
#3633 = VERTEX_POINT('',#3634);
#3634 = CARTESIAN_POINT('',(-8.6,-7.5E-02,0.));
#3635 = LINE('',#3636,#3637);
#3636 = CARTESIAN_POINT('',(-8.6,-7.5E-02,0.));
#3637 = VECTOR('',#3638,1.);
#3638 = DIRECTION('',(0.,0.,1.));
#3639 = ORIENTED_EDGE('',*,*,#3640,.T.);
#3640 = EDGE_CURVE('',#3633,#3641,#3643,.T.);
#3641 = VERTEX_POINT('',#3642);
#3642 = CARTESIAN_POINT('',(-8.6,-4.5E-02,0.));
#3643 = LINE('',#3644,#3645);
#3644 = CARTESIAN_POINT('',(-8.6,-7.5E-02,0.));
#3645 = VECTOR('',#3646,1.);
#3646 = DIRECTION('',(-0.,1.,0.));
#3647 = ORIENTED_EDGE('',*,*,#3648,.T.);
#3648 = EDGE_CURVE('',#3641,#3649,#3651,.T.);
#3649 = VERTEX_POINT('',#3650);
#3650 = CARTESIAN_POINT('',(-8.6,-4.5E-02,0.15));
#3651 = LINE('',#3652,#3653);
#3652 = CARTESIAN_POINT('',(-8.6,-4.5E-02,0.));
#3653 = VECTOR('',#3654,1.);
#3654 = DIRECTION('',(0.,0.,1.));
#3655 = ORIENTED_EDGE('',*,*,#3656,.F.);
#3656 = EDGE_CURVE('',#3086,#3649,#3657,.T.);
#3657 = LINE('',#3658,#3659);
#3658 = CARTESIAN_POINT('',(-8.6,-6.E-02,0.15));
#3659 = VECTOR('',#3660,1.);
#3660 = DIRECTION('',(0.,-1.,0.));
#3661 = ORIENTED_EDGE('',*,*,#3085,.T.);
#3662 = PLANE('',#3663);
#3663 = AXIS2_PLACEMENT_3D('',#3664,#3665,#3666);
#3664 = CARTESIAN_POINT('',(-8.6,-7.5E-02,0.));
#3665 = DIRECTION('',(1.,0.,-0.));
#3666 = DIRECTION('',(0.,0.,1.));
#3667 = ADVANCED_FACE('',(#3668),#3679,.F.);
#3668 = FACE_BOUND('',#3669,.F.);
#3669 = EDGE_LOOP('',(#3670,#3671,#3672,#3678));
#3670 = ORIENTED_EDGE('',*,*,#3625,.F.);
#3671 = ORIENTED_EDGE('',*,*,#2935,.T.);
#3672 = ORIENTED_EDGE('',*,*,#3673,.T.);
#3673 = EDGE_CURVE('',#2928,#3070,#3674,.T.);
#3674 = LINE('',#3675,#3676);
#3675 = CARTESIAN_POINT('',(-8.33,-7.5E-02,2.2));
#3676 = VECTOR('',#3677,1.);
#3677 = DIRECTION('',(-0.,1.,0.));
#3678 = ORIENTED_EDGE('',*,*,#3077,.F.);
#3679 = PLANE('',#3680);
#3680 = AXIS2_PLACEMENT_3D('',#3681,#3682,#3683);
#3681 = CARTESIAN_POINT('',(-8.6,-7.5E-02,2.2));
#3682 = DIRECTION('',(0.,0.,1.));
#3683 = DIRECTION('',(1.,0.,-0.));
#3684 = ADVANCED_FACE('',(#3685),#3704,.F.);
#3685 = FACE_BOUND('',#3686,.F.);
#3686 = EDGE_LOOP('',(#3687,#3688,#3689,#3697,#3703));
#3687 = ORIENTED_EDGE('',*,*,#3673,.F.);
#3688 = ORIENTED_EDGE('',*,*,#2927,.F.);
#3689 = ORIENTED_EDGE('',*,*,#3690,.F.);
#3690 = EDGE_CURVE('',#3691,#2920,#3693,.T.);
#3691 = VERTEX_POINT('',#3692);
#3692 = CARTESIAN_POINT('',(-8.33,-7.5E-02,0.));
#3693 = LINE('',#3694,#3695);
#3694 = CARTESIAN_POINT('',(-8.33,-7.5E-02,0.));
#3695 = VECTOR('',#3696,1.);
#3696 = DIRECTION('',(0.,0.,1.));
#3697 = ORIENTED_EDGE('',*,*,#3698,.T.);
#3698 = EDGE_CURVE('',#3691,#3062,#3699,.T.);
#3699 = LINE('',#3700,#3701);
#3700 = CARTESIAN_POINT('',(-8.33,-4.5E-02,0.));
#3701 = VECTOR('',#3702,1.);
#3702 = DIRECTION('',(-0.,1.,0.));
#3703 = ORIENTED_EDGE('',*,*,#3069,.F.);
#3704 = PLANE('',#3705);
#3705 = AXIS2_PLACEMENT_3D('',#3706,#3707,#3708);
#3706 = CARTESIAN_POINT('',(-8.33,1.20570230608,1.09570230608));
#3707 = DIRECTION('',(1.,0.,0.));
#3708 = DIRECTION('',(-0.,0.,1.));
#3709 = ADVANCED_FACE('',(#3710),#3726,.T.);
#3710 = FACE_BOUND('',#3711,.T.);
#3711 = EDGE_LOOP('',(#3712,#3713,#3719,#3720));
#3712 = ORIENTED_EDGE('',*,*,#2911,.F.);
#3713 = ORIENTED_EDGE('',*,*,#3714,.T.);
#3714 = EDGE_CURVE('',#2912,#186,#3715,.T.);
#3715 = LINE('',#3716,#3717);
#3716 = CARTESIAN_POINT('',(-8.05,-7.5E-02,0.43));
#3717 = VECTOR('',#3718,1.);
#3718 = DIRECTION('',(-0.,1.,0.));
#3719 = ORIENTED_EDGE('',*,*,#193,.T.);
#3720 = ORIENTED_EDGE('',*,*,#3721,.F.);
#3721 = EDGE_CURVE('',#2904,#194,#3722,.T.);
#3722 = LINE('',#3723,#3724);
#3723 = CARTESIAN_POINT('',(-8.05,-7.5E-02,1.3));
#3724 = VECTOR('',#3725,1.);
#3725 = DIRECTION('',(-0.,1.,0.));
#3726 = PLANE('',#3727);
#3727 = AXIS2_PLACEMENT_3D('',#3728,#3729,#3730);
#3728 = CARTESIAN_POINT('',(-8.05,-7.5E-02,0.43));
#3729 = DIRECTION('',(1.,0.,-0.));
#3730 = DIRECTION('',(0.,0.,1.));
#3731 = ADVANCED_FACE('',(#3732),#3743,.F.);
#3732 = FACE_BOUND('',#3733,.F.);
#3733 = EDGE_LOOP('',(#3734,#3735,#3736,#3742));
#3734 = ORIENTED_EDGE('',*,*,#3721,.F.);
#3735 = ORIENTED_EDGE('',*,*,#2903,.T.);
#3736 = ORIENTED_EDGE('',*,*,#3737,.T.);
#3737 = EDGE_CURVE('',#2896,#202,#3738,.T.);
#3738 = LINE('',#3739,#3740);
#3739 = CARTESIAN_POINT('',(8.05,-7.5E-02,1.3));
#3740 = VECTOR('',#3741,1.);
#3741 = DIRECTION('',(-0.,1.,0.));
#3742 = ORIENTED_EDGE('',*,*,#201,.F.);
#3743 = PLANE('',#3744);
#3744 = AXIS2_PLACEMENT_3D('',#3745,#3746,#3747);
#3745 = CARTESIAN_POINT('',(-8.05,-7.5E-02,1.3));
#3746 = DIRECTION('',(0.,0.,1.));
#3747 = DIRECTION('',(1.,0.,-0.));
#3748 = ADVANCED_FACE('',(#3749),#3760,.F.);
#3749 = FACE_BOUND('',#3750,.F.);
#3750 = EDGE_LOOP('',(#3751,#3752,#3758,#3759));
#3751 = ORIENTED_EDGE('',*,*,#2895,.F.);
#3752 = ORIENTED_EDGE('',*,*,#3753,.T.);
#3753 = EDGE_CURVE('',#2888,#210,#3754,.T.);
#3754 = LINE('',#3755,#3756);
#3755 = CARTESIAN_POINT('',(8.05,-7.5E-02,0.43));
#3756 = VECTOR('',#3757,1.);
#3757 = DIRECTION('',(-0.,1.,0.));
#3758 = ORIENTED_EDGE('',*,*,#209,.T.);
#3759 = ORIENTED_EDGE('',*,*,#3737,.F.);
#3760 = PLANE('',#3761);
#3761 = AXIS2_PLACEMENT_3D('',#3762,#3763,#3764);
#3762 = CARTESIAN_POINT('',(8.05,-7.5E-02,0.43));
#3763 = DIRECTION('',(1.,0.,-0.));
#3764 = DIRECTION('',(0.,0.,1.));
#3765 = ADVANCED_FACE('',(#3766),#3790,.F.);
#3766 = FACE_BOUND('',#3767,.F.);
#3767 = EDGE_LOOP('',(#3768,#3769,#3775,#3776,#3784));
#3768 = ORIENTED_EDGE('',*,*,#2879,.T.);
#3769 = ORIENTED_EDGE('',*,*,#3770,.T.);
#3770 = EDGE_CURVE('',#2872,#3046,#3771,.T.);
#3771 = LINE('',#3772,#3773);
#3772 = CARTESIAN_POINT('',(8.33,-7.5E-02,2.2));
#3773 = VECTOR('',#3774,1.);
#3774 = DIRECTION('',(-0.,1.,0.));
#3775 = ORIENTED_EDGE('',*,*,#3053,.F.);
#3776 = ORIENTED_EDGE('',*,*,#3777,.F.);
#3777 = EDGE_CURVE('',#3778,#3054,#3780,.T.);
#3778 = VERTEX_POINT('',#3779);
#3779 = CARTESIAN_POINT('',(8.33,-7.5E-02,0.));
#3780 = LINE('',#3781,#3782);
#3781 = CARTESIAN_POINT('',(8.33,-4.5E-02,0.));
#3782 = VECTOR('',#3783,1.);
#3783 = DIRECTION('',(-0.,1.,0.));
#3784 = ORIENTED_EDGE('',*,*,#3785,.T.);
#3785 = EDGE_CURVE('',#3778,#2880,#3786,.T.);
#3786 = LINE('',#3787,#3788);
#3787 = CARTESIAN_POINT('',(8.33,-7.5E-02,0.));
#3788 = VECTOR('',#3789,1.);
#3789 = DIRECTION('',(0.,0.,1.));
#3790 = PLANE('',#3791);
#3791 = AXIS2_PLACEMENT_3D('',#3792,#3793,#3794);
#3792 = CARTESIAN_POINT('',(8.33,1.20570230608,1.09570230608));
#3793 = DIRECTION('',(-1.,-0.,-0.));
#3794 = DIRECTION('',(0.,0.,-1.));
#3795 = ADVANCED_FACE('',(#3796),#3807,.F.);
#3796 = FACE_BOUND('',#3797,.F.);
#3797 = EDGE_LOOP('',(#3798,#3799,#3800,#3806));
#3798 = ORIENTED_EDGE('',*,*,#3770,.F.);
#3799 = ORIENTED_EDGE('',*,*,#2871,.T.);
#3800 = ORIENTED_EDGE('',*,*,#3801,.T.);
#3801 = EDGE_CURVE('',#2864,#3038,#3802,.T.);
#3802 = LINE('',#3803,#3804);
#3803 = CARTESIAN_POINT('',(8.6,-7.5E-02,2.2));
#3804 = VECTOR('',#3805,1.);
#3805 = DIRECTION('',(-0.,1.,0.));
#3806 = ORIENTED_EDGE('',*,*,#3045,.F.);
#3807 = PLANE('',#3808);
#3808 = AXIS2_PLACEMENT_3D('',#3809,#3810,#3811);
#3809 = CARTESIAN_POINT('',(8.33,-7.5E-02,2.2));
#3810 = DIRECTION('',(0.,0.,1.));
#3811 = DIRECTION('',(1.,0.,-0.));
#3812 = ADVANCED_FACE('',(#3813),#3848,.F.);
#3813 = FACE_BOUND('',#3814,.F.);
#3814 = EDGE_LOOP('',(#3815,#3816,#3817,#3825,#3833,#3841,#3847));
#3815 = ORIENTED_EDGE('',*,*,#3801,.F.);
#3816 = ORIENTED_EDGE('',*,*,#2863,.F.);
#3817 = ORIENTED_EDGE('',*,*,#3818,.F.);
#3818 = EDGE_CURVE('',#3819,#2856,#3821,.T.);
#3819 = VERTEX_POINT('',#3820);
#3820 = CARTESIAN_POINT('',(8.6,-7.5E-02,0.));
#3821 = LINE('',#3822,#3823);
#3822 = CARTESIAN_POINT('',(8.6,-7.5E-02,0.));
#3823 = VECTOR('',#3824,1.);
#3824 = DIRECTION('',(0.,0.,1.));
#3825 = ORIENTED_EDGE('',*,*,#3826,.T.);
#3826 = EDGE_CURVE('',#3819,#3827,#3829,.T.);
#3827 = VERTEX_POINT('',#3828);
#3828 = CARTESIAN_POINT('',(8.6,-4.5E-02,0.));
#3829 = LINE('',#3830,#3831);
#3830 = CARTESIAN_POINT('',(8.6,-7.5E-02,0.));
#3831 = VECTOR('',#3832,1.);
#3832 = DIRECTION('',(-0.,1.,0.));
#3833 = ORIENTED_EDGE('',*,*,#3834,.T.);
#3834 = EDGE_CURVE('',#3827,#3835,#3837,.T.);
#3835 = VERTEX_POINT('',#3836);
#3836 = CARTESIAN_POINT('',(8.6,-4.5E-02,0.15));
#3837 = LINE('',#3838,#3839);
#3838 = CARTESIAN_POINT('',(8.6,-4.5E-02,0.));
#3839 = VECTOR('',#3840,1.);
#3840 = DIRECTION('',(0.,0.,1.));
#3841 = ORIENTED_EDGE('',*,*,#3842,.F.);
#3842 = EDGE_CURVE('',#3030,#3835,#3843,.T.);
#3843 = LINE('',#3844,#3845);
#3844 = CARTESIAN_POINT('',(8.6,-6.E-02,0.15));
#3845 = VECTOR('',#3846,1.);
#3846 = DIRECTION('',(0.,-1.,0.));
#3847 = ORIENTED_EDGE('',*,*,#3037,.T.);
#3848 = PLANE('',#3849);
#3849 = AXIS2_PLACEMENT_3D('',#3850,#3851,#3852);
#3850 = CARTESIAN_POINT('',(8.6,-7.5E-02,0.));
#3851 = DIRECTION('',(1.,0.,-0.));
#3852 = DIRECTION('',(0.,0.,1.));
#3853 = ADVANCED_FACE('',(#3854),#3879,.T.);
#3854 = FACE_BOUND('',#3855,.T.);
#3855 = EDGE_LOOP('',(#3856,#3866,#3872,#3873));
#3856 = ORIENTED_EDGE('',*,*,#3857,.F.);
#3857 = EDGE_CURVE('',#3858,#3860,#3862,.T.);
#3858 = VERTEX_POINT('',#3859);
#3859 = CARTESIAN_POINT('',(-10.02,-4.5E-02,0.));
#3860 = VERTEX_POINT('',#3861);
#3861 = CARTESIAN_POINT('',(-10.02,-4.5E-02,0.15));
#3862 = LINE('',#3863,#3864);
#3863 = CARTESIAN_POINT('',(-10.02,-4.5E-02,0.));
#3864 = VECTOR('',#3865,1.);
#3865 = DIRECTION('',(0.,0.,1.));
#3866 = ORIENTED_EDGE('',*,*,#3867,.T.);
#3867 = EDGE_CURVE('',#3858,#2991,#3868,.T.);
#3868 = LINE('',#3869,#3870);
#3869 = CARTESIAN_POINT('',(-10.02,-4.5E-02,0.));
#3870 = VECTOR('',#3871,1.);
#3871 = DIRECTION('',(-0.,1.,0.));
#3872 = ORIENTED_EDGE('',*,*,#3101,.F.);
#3873 = ORIENTED_EDGE('',*,*,#3874,.F.);
#3874 = EDGE_CURVE('',#3860,#3094,#3875,.T.);
#3875 = LINE('',#3876,#3877);
#3876 = CARTESIAN_POINT('',(-10.02,-4.5E-02,0.15));
#3877 = VECTOR('',#3878,1.);
#3878 = DIRECTION('',(-0.,1.,0.));
#3879 = PLANE('',#3880);
#3880 = AXIS2_PLACEMENT_3D('',#3881,#3882,#3883);
#3881 = CARTESIAN_POINT('',(-10.02,-4.5E-02,0.));
#3882 = DIRECTION('',(1.,0.,-0.));
#3883 = DIRECTION('',(0.,0.,1.));
#3884 = ADVANCED_FACE('',(#3885),#3896,.F.);
#3885 = FACE_BOUND('',#3886,.F.);
#3886 = EDGE_LOOP('',(#3887,#3888,#3889,#3895));
#3887 = ORIENTED_EDGE('',*,*,#3093,.F.);
#3888 = ORIENTED_EDGE('',*,*,#3874,.F.);
#3889 = ORIENTED_EDGE('',*,*,#3890,.T.);
#3890 = EDGE_CURVE('',#3860,#3649,#3891,.T.);
#3891 = LINE('',#3892,#3893);
#3892 = CARTESIAN_POINT('',(-10.02,-4.5E-02,0.15));
#3893 = VECTOR('',#3894,1.);
#3894 = DIRECTION('',(1.,0.,-0.));
#3895 = ORIENTED_EDGE('',*,*,#3656,.F.);
#3896 = PLANE('',#3897);
#3897 = AXIS2_PLACEMENT_3D('',#3898,#3899,#3900);
#3898 = CARTESIAN_POINT('',(-10.02,-4.5E-02,0.15));
#3899 = DIRECTION('',(0.,0.,1.));
#3900 = DIRECTION('',(1.,0.,-0.));
#3901 = ADVANCED_FACE('',(#3902),#3920,.F.);
#3902 = FACE_BOUND('',#3903,.F.);
#3903 = EDGE_LOOP('',(#3904,#3905,#3906,#3914));
#3904 = ORIENTED_EDGE('',*,*,#3029,.F.);
#3905 = ORIENTED_EDGE('',*,*,#3842,.T.);
#3906 = ORIENTED_EDGE('',*,*,#3907,.T.);
#3907 = EDGE_CURVE('',#3835,#3908,#3910,.T.);
#3908 = VERTEX_POINT('',#3909);
#3909 = CARTESIAN_POINT('',(10.02,-4.5E-02,0.15));
#3910 = LINE('',#3911,#3912);
#3911 = CARTESIAN_POINT('',(8.33,-4.5E-02,0.15));
#3912 = VECTOR('',#3913,1.);
#3913 = DIRECTION('',(1.,0.,-0.));
#3914 = ORIENTED_EDGE('',*,*,#3915,.T.);
#3915 = EDGE_CURVE('',#3908,#3022,#3916,.T.);
#3916 = LINE('',#3917,#3918);
#3917 = CARTESIAN_POINT('',(10.02,-4.5E-02,0.15));
#3918 = VECTOR('',#3919,1.);
#3919 = DIRECTION('',(-0.,1.,0.));
#3920 = PLANE('',#3921);
#3921 = AXIS2_PLACEMENT_3D('',#3922,#3923,#3924);
#3922 = CARTESIAN_POINT('',(8.33,-4.5E-02,0.15));
#3923 = DIRECTION('',(0.,0.,1.));
#3924 = DIRECTION('',(1.,0.,-0.));
#3925 = ADVANCED_FACE('',(#3926),#3944,.F.);
#3926 = FACE_BOUND('',#3927,.F.);
#3927 = EDGE_LOOP('',(#3928,#3936,#3942,#3943));
#3928 = ORIENTED_EDGE('',*,*,#3929,.F.);
#3929 = EDGE_CURVE('',#3930,#3908,#3932,.T.);
#3930 = VERTEX_POINT('',#3931);
#3931 = CARTESIAN_POINT('',(10.02,-4.5E-02,0.));
#3932 = LINE('',#3933,#3934);
#3933 = CARTESIAN_POINT('',(10.02,-4.5E-02,0.));
#3934 = VECTOR('',#3935,1.);
#3935 = DIRECTION('',(0.,0.,1.));
#3936 = ORIENTED_EDGE('',*,*,#3937,.T.);
#3937 = EDGE_CURVE('',#3930,#3014,#3938,.T.);
#3938 = LINE('',#3939,#3940);
#3939 = CARTESIAN_POINT('',(10.02,-4.5E-02,0.));
#3940 = VECTOR('',#3941,1.);
#3941 = DIRECTION('',(-0.,1.,0.));
#3942 = ORIENTED_EDGE('',*,*,#3021,.F.);
#3943 = ORIENTED_EDGE('',*,*,#3915,.F.);
#3944 = PLANE('',#3945);
#3945 = AXIS2_PLACEMENT_3D('',#3946,#3947,#3948);
#3946 = CARTESIAN_POINT('',(10.02,-4.5E-02,0.));
#3947 = DIRECTION('',(1.,0.,-0.));
#3948 = DIRECTION('',(0.,0.,1.));
#3949 = ADVANCED_FACE('',(#3950),#3999,.F.);
#3950 = FACE_BOUND('',#3951,.F.);
#3951 = EDGE_LOOP('',(#3952,#3953,#3961,#3969,#3977,#3985,#3993));
#3952 = ORIENTED_EDGE('',*,*,#3135,.F.);
#3953 = ORIENTED_EDGE('',*,*,#3954,.F.);
#3954 = EDGE_CURVE('',#3955,#3110,#3957,.T.);
#3955 = VERTEX_POINT('',#3956);
#3956 = CARTESIAN_POINT('',(-7.125,2.275,0.12));
#3957 = LINE('',#3958,#3959);
#3958 = CARTESIAN_POINT('',(-7.125,2.275,0.12));
#3959 = VECTOR('',#3960,1.);
#3960 = DIRECTION('',(-0.,1.,0.));
#3961 = ORIENTED_EDGE('',*,*,#3962,.T.);
#3962 = EDGE_CURVE('',#3955,#3963,#3965,.T.);
#3963 = VERTEX_POINT('',#3964);
#3964 = CARTESIAN_POINT('',(-7.125,2.275,0.3));
#3965 = LINE('',#3966,#3967);
#3966 = CARTESIAN_POINT('',(-7.125,2.275,0.12));
#3967 = VECTOR('',#3968,1.);
#3968 = DIRECTION('',(0.,0.,1.));
#3969 = ORIENTED_EDGE('',*,*,#3970,.T.);
#3970 = EDGE_CURVE('',#3963,#3971,#3973,.T.);
#3971 = VERTEX_POINT('',#3972);
#3972 = CARTESIAN_POINT('',(-7.125,2.275,0.49));
#3973 = LINE('',#3974,#3975);
#3974 = CARTESIAN_POINT('',(-7.125,2.275,0.12));
#3975 = VECTOR('',#3976,1.);
#3976 = DIRECTION('',(0.,0.,1.));
#3977 = ORIENTED_EDGE('',*,*,#3978,.T.);
#3978 = EDGE_CURVE('',#3971,#3979,#3981,.T.);
#3979 = VERTEX_POINT('',#3980);
#3980 = CARTESIAN_POINT('',(-7.125,2.275,0.86));
#3981 = LINE('',#3982,#3983);
#3982 = CARTESIAN_POINT('',(-7.125,2.275,0.12));
#3983 = VECTOR('',#3984,1.);
#3984 = DIRECTION('',(0.,0.,1.));
#3985 = ORIENTED_EDGE('',*,*,#3986,.T.);
#3986 = EDGE_CURVE('',#3979,#3987,#3989,.T.);
#3987 = VERTEX_POINT('',#3988);
#3988 = CARTESIAN_POINT('',(-7.125,2.275,1.17));
#3989 = LINE('',#3990,#3991);
#3990 = CARTESIAN_POINT('',(-7.125,2.275,0.12));
#3991 = VECTOR('',#3992,1.);
#3992 = DIRECTION('',(0.,0.,1.));
#3993 = ORIENTED_EDGE('',*,*,#3994,.T.);
#3994 = EDGE_CURVE('',#3987,#3128,#3995,.T.);
#3995 = LINE('',#3996,#3997);
#3996 = CARTESIAN_POINT('',(-7.125,2.275,1.17));
#3997 = VECTOR('',#3998,1.);
#3998 = DIRECTION('',(-0.,1.,0.));
#3999 = PLANE('',#4000);
#4000 = AXIS2_PLACEMENT_3D('',#4001,#4002,#4003);
#4001 = CARTESIAN_POINT('',(-7.125,2.928538891724,0.406031440384));
#4002 = DIRECTION('',(-1.,-0.,-0.));
#4003 = DIRECTION('',(0.,0.,-1.));
#4004 = ADVANCED_FACE('',(#4005),#4023,.T.);
#4005 = FACE_BOUND('',#4006,.T.);
#4006 = EDGE_LOOP('',(#4007,#4008,#4016,#4022));
#4007 = ORIENTED_EDGE('',*,*,#3954,.F.);
#4008 = ORIENTED_EDGE('',*,*,#4009,.T.);
#4009 = EDGE_CURVE('',#3955,#4010,#4012,.T.);
#4010 = VERTEX_POINT('',#4011);
#4011 = CARTESIAN_POINT('',(-6.875,2.275,0.12));
#4012 = LINE('',#4013,#4014);
#4013 = CARTESIAN_POINT('',(-7.125,2.275,0.12));
#4014 = VECTOR('',#4015,1.);
#4015 = DIRECTION('',(1.,0.,-0.));
#4016 = ORIENTED_EDGE('',*,*,#4017,.T.);
#4017 = EDGE_CURVE('',#4010,#3112,#4018,.T.);
#4018 = LINE('',#4019,#4020);
#4019 = CARTESIAN_POINT('',(-6.875,2.275,0.12));
#4020 = VECTOR('',#4021,1.);
#4021 = DIRECTION('',(-0.,1.,0.));
#4022 = ORIENTED_EDGE('',*,*,#3109,.F.);
#4023 = PLANE('',#4024);
#4024 = AXIS2_PLACEMENT_3D('',#4025,#4026,#4027);
#4025 = CARTESIAN_POINT('',(-7.125,2.275,0.12));
#4026 = DIRECTION('',(0.,0.,1.));
#4027 = DIRECTION('',(1.,0.,-0.));
#4028 = ADVANCED_FACE('',(#4029),#4071,.F.);
#4029 = FACE_BOUND('',#4030,.F.);
#4030 = EDGE_LOOP('',(#4031,#4032,#4033,#4041,#4049,#4057,#4065));
#4031 = ORIENTED_EDGE('',*,*,#4017,.T.);
#4032 = ORIENTED_EDGE('',*,*,#3119,.F.);
#4033 = ORIENTED_EDGE('',*,*,#4034,.F.);
#4034 = EDGE_CURVE('',#4035,#3120,#4037,.T.);
#4035 = VERTEX_POINT('',#4036);
#4036 = CARTESIAN_POINT('',(-6.875,2.275,1.17));
#4037 = LINE('',#4038,#4039);
#4038 = CARTESIAN_POINT('',(-6.875,2.275,1.17));
#4039 = VECTOR('',#4040,1.);
#4040 = DIRECTION('',(-0.,1.,0.));
#4041 = ORIENTED_EDGE('',*,*,#4042,.F.);
#4042 = EDGE_CURVE('',#4043,#4035,#4045,.T.);
#4043 = VERTEX_POINT('',#4044);
#4044 = CARTESIAN_POINT('',(-6.875,2.275,0.86));
#4045 = LINE('',#4046,#4047);
#4046 = CARTESIAN_POINT('',(-6.875,2.275,0.12));
#4047 = VECTOR('',#4048,1.);
#4048 = DIRECTION('',(0.,0.,1.));
#4049 = ORIENTED_EDGE('',*,*,#4050,.F.);
#4050 = EDGE_CURVE('',#4051,#4043,#4053,.T.);
#4051 = VERTEX_POINT('',#4052);
#4052 = CARTESIAN_POINT('',(-6.875,2.275,0.49));
#4053 = LINE('',#4054,#4055);
#4054 = CARTESIAN_POINT('',(-6.875,2.275,0.12));
#4055 = VECTOR('',#4056,1.);
#4056 = DIRECTION('',(0.,0.,1.));
#4057 = ORIENTED_EDGE('',*,*,#4058,.F.);
#4058 = EDGE_CURVE('',#4059,#4051,#4061,.T.);
#4059 = VERTEX_POINT('',#4060);
#4060 = CARTESIAN_POINT('',(-6.875,2.275,0.3));
#4061 = LINE('',#4062,#4063);
#4062 = CARTESIAN_POINT('',(-6.875,2.275,0.12));
#4063 = VECTOR('',#4064,1.);
#4064 = DIRECTION('',(0.,0.,1.));
#4065 = ORIENTED_EDGE('',*,*,#4066,.F.);
#4066 = EDGE_CURVE('',#4010,#4059,#4067,.T.);
#4067 = LINE('',#4068,#4069);
#4068 = CARTESIAN_POINT('',(-6.875,2.275,0.12));
#4069 = VECTOR('',#4070,1.);
#4070 = DIRECTION('',(0.,0.,1.));
#4071 = PLANE('',#4072);
#4072 = AXIS2_PLACEMENT_3D('',#4073,#4074,#4075);
#4073 = CARTESIAN_POINT('',(-6.875,2.928538891724,0.406031440384));
#4074 = DIRECTION('',(1.,0.,0.));
#4075 = DIRECTION('',(-0.,0.,1.));
#4076 = ADVANCED_FACE('',(#4077),#4111,.F.);
#4077 = FACE_BOUND('',#4078,.F.);
#4078 = EDGE_LOOP('',(#4079,#4080,#4088,#4094,#4095,#4103,#4109,#4110));
#4079 = ORIENTED_EDGE('',*,*,#3994,.F.);
#4080 = ORIENTED_EDGE('',*,*,#4081,.F.);
#4081 = EDGE_CURVE('',#4082,#3987,#4084,.T.);
#4082 = VERTEX_POINT('',#4083);
#4083 = CARTESIAN_POINT('',(-7.15,2.275,1.17));
#4084 = LINE('',#4085,#4086);
#4085 = CARTESIAN_POINT('',(-7.15,2.275,1.17));
#4086 = VECTOR('',#4087,1.);
#4087 = DIRECTION('',(1.,0.,-0.));
#4088 = ORIENTED_EDGE('',*,*,#4089,.F.);
#4089 = EDGE_CURVE('',#682,#4082,#4090,.T.);
#4090 = LINE('',#4091,#4092);
#4091 = CARTESIAN_POINT('',(-7.15,-0.6,1.17));
#4092 = VECTOR('',#4093,1.);
#4093 = DIRECTION('',(-0.,1.,0.));
#4094 = ORIENTED_EDGE('',*,*,#707,.T.);
#4095 = ORIENTED_EDGE('',*,*,#4096,.T.);
#4096 = EDGE_CURVE('',#700,#4097,#4099,.T.);
#4097 = VERTEX_POINT('',#4098);
#4098 = CARTESIAN_POINT('',(-6.85,2.275,1.17));
#4099 = LINE('',#4100,#4101);
#4100 = CARTESIAN_POINT('',(-6.85,-0.6,1.17));
#4101 = VECTOR('',#4102,1.);
#4102 = DIRECTION('',(-0.,1.,0.));
#4103 = ORIENTED_EDGE('',*,*,#4104,.F.);
#4104 = EDGE_CURVE('',#4035,#4097,#4105,.T.);
#4105 = LINE('',#4106,#4107);
#4106 = CARTESIAN_POINT('',(-7.15,2.275,1.17));
#4107 = VECTOR('',#4108,1.);
#4108 = DIRECTION('',(1.,0.,-0.));
#4109 = ORIENTED_EDGE('',*,*,#4034,.T.);
#4110 = ORIENTED_EDGE('',*,*,#3127,.F.);
#4111 = PLANE('',#4112);
#4112 = AXIS2_PLACEMENT_3D('',#4113,#4114,#4115);
#4113 = CARTESIAN_POINT('',(-7.,0.936018518519,1.17));
#4114 = DIRECTION('',(0.,0.,1.));
#4115 = DIRECTION('',(1.,0.,-0.));
#4116 = ADVANCED_FACE('',(#4117),#4166,.F.);
#4117 = FACE_BOUND('',#4118,.F.);
#4118 = EDGE_LOOP('',(#4119,#4120,#4128,#4136,#4144,#4152,#4160));
#4119 = ORIENTED_EDGE('',*,*,#3169,.F.);
#4120 = ORIENTED_EDGE('',*,*,#4121,.F.);
#4121 = EDGE_CURVE('',#4122,#3144,#4124,.T.);
#4122 = VERTEX_POINT('',#4123);
#4123 = CARTESIAN_POINT('',(-6.125,2.275,0.12));
#4124 = LINE('',#4125,#4126);
#4125 = CARTESIAN_POINT('',(-6.125,2.275,0.12));
#4126 = VECTOR('',#4127,1.);
#4127 = DIRECTION('',(-0.,1.,0.));
#4128 = ORIENTED_EDGE('',*,*,#4129,.T.);
#4129 = EDGE_CURVE('',#4122,#4130,#4132,.T.);
#4130 = VERTEX_POINT('',#4131);
#4131 = CARTESIAN_POINT('',(-6.125,2.275,0.3));
#4132 = LINE('',#4133,#4134);
#4133 = CARTESIAN_POINT('',(-6.125,2.275,0.12));
#4134 = VECTOR('',#4135,1.);
#4135 = DIRECTION('',(0.,0.,1.));
#4136 = ORIENTED_EDGE('',*,*,#4137,.T.);
#4137 = EDGE_CURVE('',#4130,#4138,#4140,.T.);
#4138 = VERTEX_POINT('',#4139);
#4139 = CARTESIAN_POINT('',(-6.125,2.275,0.49));
#4140 = LINE('',#4141,#4142);
#4141 = CARTESIAN_POINT('',(-6.125,2.275,0.12));
#4142 = VECTOR('',#4143,1.);
#4143 = DIRECTION('',(0.,0.,1.));
#4144 = ORIENTED_EDGE('',*,*,#4145,.T.);
#4145 = EDGE_CURVE('',#4138,#4146,#4148,.T.);
#4146 = VERTEX_POINT('',#4147);
#4147 = CARTESIAN_POINT('',(-6.125,2.275,0.86));
#4148 = LINE('',#4149,#4150);
#4149 = CARTESIAN_POINT('',(-6.125,2.275,0.12));
#4150 = VECTOR('',#4151,1.);
#4151 = DIRECTION('',(0.,0.,1.));
#4152 = ORIENTED_EDGE('',*,*,#4153,.T.);
#4153 = EDGE_CURVE('',#4146,#4154,#4156,.T.);
#4154 = VERTEX_POINT('',#4155);
#4155 = CARTESIAN_POINT('',(-6.125,2.275,1.17));
#4156 = LINE('',#4157,#4158);
#4157 = CARTESIAN_POINT('',(-6.125,2.275,0.12));
#4158 = VECTOR('',#4159,1.);
#4159 = DIRECTION('',(0.,0.,1.));
#4160 = ORIENTED_EDGE('',*,*,#4161,.T.);
#4161 = EDGE_CURVE('',#4154,#3162,#4162,.T.);
#4162 = LINE('',#4163,#4164);
#4163 = CARTESIAN_POINT('',(-6.125,2.275,1.17));
#4164 = VECTOR('',#4165,1.);
#4165 = DIRECTION('',(-0.,1.,0.));
#4166 = PLANE('',#4167);
#4167 = AXIS2_PLACEMENT_3D('',#4168,#4169,#4170);
#4168 = CARTESIAN_POINT('',(-6.125,2.928538891724,0.406031440384));
#4169 = DIRECTION('',(-1.,-0.,-0.));
#4170 = DIRECTION('',(0.,0.,-1.));
#4171 = ADVANCED_FACE('',(#4172),#4190,.T.);
#4172 = FACE_BOUND('',#4173,.T.);
#4173 = EDGE_LOOP('',(#4174,#4175,#4183,#4189));
#4174 = ORIENTED_EDGE('',*,*,#4121,.F.);
#4175 = ORIENTED_EDGE('',*,*,#4176,.T.);
#4176 = EDGE_CURVE('',#4122,#4177,#4179,.T.);
#4177 = VERTEX_POINT('',#4178);
#4178 = CARTESIAN_POINT('',(-5.875,2.275,0.12));
#4179 = LINE('',#4180,#4181);
#4180 = CARTESIAN_POINT('',(-6.125,2.275,0.12));
#4181 = VECTOR('',#4182,1.);
#4182 = DIRECTION('',(1.,0.,-0.));
#4183 = ORIENTED_EDGE('',*,*,#4184,.T.);
#4184 = EDGE_CURVE('',#4177,#3146,#4185,.T.);
#4185 = LINE('',#4186,#4187);
#4186 = CARTESIAN_POINT('',(-5.875,2.275,0.12));
#4187 = VECTOR('',#4188,1.);
#4188 = DIRECTION('',(-0.,1.,0.));
#4189 = ORIENTED_EDGE('',*,*,#3143,.F.);
#4190 = PLANE('',#4191);
#4191 = AXIS2_PLACEMENT_3D('',#4192,#4193,#4194);
#4192 = CARTESIAN_POINT('',(-6.125,2.275,0.12));
#4193 = DIRECTION('',(0.,0.,1.));
#4194 = DIRECTION('',(1.,0.,-0.));
#4195 = ADVANCED_FACE('',(#4196),#4238,.F.);
#4196 = FACE_BOUND('',#4197,.F.);
#4197 = EDGE_LOOP('',(#4198,#4199,#4200,#4208,#4216,#4224,#4232));
#4198 = ORIENTED_EDGE('',*,*,#4184,.T.);
#4199 = ORIENTED_EDGE('',*,*,#3153,.F.);
#4200 = ORIENTED_EDGE('',*,*,#4201,.F.);
#4201 = EDGE_CURVE('',#4202,#3154,#4204,.T.);
#4202 = VERTEX_POINT('',#4203);
#4203 = CARTESIAN_POINT('',(-5.875,2.275,1.17));
#4204 = LINE('',#4205,#4206);
#4205 = CARTESIAN_POINT('',(-5.875,2.275,1.17));
#4206 = VECTOR('',#4207,1.);
#4207 = DIRECTION('',(-0.,1.,0.));
#4208 = ORIENTED_EDGE('',*,*,#4209,.F.);
#4209 = EDGE_CURVE('',#4210,#4202,#4212,.T.);
#4210 = VERTEX_POINT('',#4211);
#4211 = CARTESIAN_POINT('',(-5.875,2.275,0.86));
#4212 = LINE('',#4213,#4214);
#4213 = CARTESIAN_POINT('',(-5.875,2.275,0.12));
#4214 = VECTOR('',#4215,1.);
#4215 = DIRECTION('',(0.,0.,1.));
#4216 = ORIENTED_EDGE('',*,*,#4217,.F.);
#4217 = EDGE_CURVE('',#4218,#4210,#4220,.T.);
#4218 = VERTEX_POINT('',#4219);
#4219 = CARTESIAN_POINT('',(-5.875,2.275,0.49));
#4220 = LINE('',#4221,#4222);
#4221 = CARTESIAN_POINT('',(-5.875,2.275,0.12));
#4222 = VECTOR('',#4223,1.);
#4223 = DIRECTION('',(0.,0.,1.));
#4224 = ORIENTED_EDGE('',*,*,#4225,.F.);
#4225 = EDGE_CURVE('',#4226,#4218,#4228,.T.);
#4226 = VERTEX_POINT('',#4227);
#4227 = CARTESIAN_POINT('',(-5.875,2.275,0.3));
#4228 = LINE('',#4229,#4230);
#4229 = CARTESIAN_POINT('',(-5.875,2.275,0.12));
#4230 = VECTOR('',#4231,1.);
#4231 = DIRECTION('',(0.,0.,1.));
#4232 = ORIENTED_EDGE('',*,*,#4233,.F.);
#4233 = EDGE_CURVE('',#4177,#4226,#4234,.T.);
#4234 = LINE('',#4235,#4236);
#4235 = CARTESIAN_POINT('',(-5.875,2.275,0.12));
#4236 = VECTOR('',#4237,1.);
#4237 = DIRECTION('',(0.,0.,1.));
#4238 = PLANE('',#4239);
#4239 = AXIS2_PLACEMENT_3D('',#4240,#4241,#4242);
#4240 = CARTESIAN_POINT('',(-5.875,2.928538891724,0.406031440384));
#4241 = DIRECTION('',(1.,0.,0.));
#4242 = DIRECTION('',(-0.,0.,1.));
#4243 = ADVANCED_FACE('',(#4244),#4278,.F.);
#4244 = FACE_BOUND('',#4245,.F.);
#4245 = EDGE_LOOP('',(#4246,#4247,#4255,#4261,#4262,#4270,#4276,#4277));
#4246 = ORIENTED_EDGE('',*,*,#4161,.F.);
#4247 = ORIENTED_EDGE('',*,*,#4248,.F.);
#4248 = EDGE_CURVE('',#4249,#4154,#4251,.T.);
#4249 = VERTEX_POINT('',#4250);
#4250 = CARTESIAN_POINT('',(-6.15,2.275,1.17));
#4251 = LINE('',#4252,#4253);
#4252 = CARTESIAN_POINT('',(-6.15,2.275,1.17));
#4253 = VECTOR('',#4254,1.);
#4254 = DIRECTION('',(1.,0.,-0.));
#4255 = ORIENTED_EDGE('',*,*,#4256,.F.);
#4256 = EDGE_CURVE('',#716,#4249,#4257,.T.);
#4257 = LINE('',#4258,#4259);
#4258 = CARTESIAN_POINT('',(-6.15,-0.6,1.17));
#4259 = VECTOR('',#4260,1.);
#4260 = DIRECTION('',(-0.,1.,0.));
#4261 = ORIENTED_EDGE('',*,*,#741,.T.);
#4262 = ORIENTED_EDGE('',*,*,#4263,.T.);
#4263 = EDGE_CURVE('',#734,#4264,#4266,.T.);
#4264 = VERTEX_POINT('',#4265);
#4265 = CARTESIAN_POINT('',(-5.85,2.275,1.17));
#4266 = LINE('',#4267,#4268);
#4267 = CARTESIAN_POINT('',(-5.85,-0.6,1.17));
#4268 = VECTOR('',#4269,1.);
#4269 = DIRECTION('',(-0.,1.,0.));
#4270 = ORIENTED_EDGE('',*,*,#4271,.F.);
#4271 = EDGE_CURVE('',#4202,#4264,#4272,.T.);
#4272 = LINE('',#4273,#4274);
#4273 = CARTESIAN_POINT('',(-6.15,2.275,1.17));
#4274 = VECTOR('',#4275,1.);
#4275 = DIRECTION('',(1.,0.,-0.));
#4276 = ORIENTED_EDGE('',*,*,#4201,.T.);
#4277 = ORIENTED_EDGE('',*,*,#3161,.F.);
#4278 = PLANE('',#4279);
#4279 = AXIS2_PLACEMENT_3D('',#4280,#4281,#4282);
#4280 = CARTESIAN_POINT('',(-6.,0.936018518519,1.17));
#4281 = DIRECTION('',(0.,0.,1.));
#4282 = DIRECTION('',(1.,0.,-0.));
#4283 = ADVANCED_FACE('',(#4284),#4333,.F.);
#4284 = FACE_BOUND('',#4285,.F.);
#4285 = EDGE_LOOP('',(#4286,#4287,#4295,#4303,#4311,#4319,#4327));
#4286 = ORIENTED_EDGE('',*,*,#3203,.F.);
#4287 = ORIENTED_EDGE('',*,*,#4288,.F.);
#4288 = EDGE_CURVE('',#4289,#3178,#4291,.T.);
#4289 = VERTEX_POINT('',#4290);
#4290 = CARTESIAN_POINT('',(-5.125,2.275,0.12));
#4291 = LINE('',#4292,#4293);
#4292 = CARTESIAN_POINT('',(-5.125,2.275,0.12));
#4293 = VECTOR('',#4294,1.);
#4294 = DIRECTION('',(-0.,1.,0.));
#4295 = ORIENTED_EDGE('',*,*,#4296,.T.);
#4296 = EDGE_CURVE('',#4289,#4297,#4299,.T.);
#4297 = VERTEX_POINT('',#4298);
#4298 = CARTESIAN_POINT('',(-5.125,2.275,0.3));
#4299 = LINE('',#4300,#4301);
#4300 = CARTESIAN_POINT('',(-5.125,2.275,0.12));
#4301 = VECTOR('',#4302,1.);
#4302 = DIRECTION('',(0.,0.,1.));
#4303 = ORIENTED_EDGE('',*,*,#4304,.T.);
#4304 = EDGE_CURVE('',#4297,#4305,#4307,.T.);
#4305 = VERTEX_POINT('',#4306);
#4306 = CARTESIAN_POINT('',(-5.125,2.275,0.49));
#4307 = LINE('',#4308,#4309);
#4308 = CARTESIAN_POINT('',(-5.125,2.275,0.12));
#4309 = VECTOR('',#4310,1.);
#4310 = DIRECTION('',(0.,0.,1.));
#4311 = ORIENTED_EDGE('',*,*,#4312,.T.);
#4312 = EDGE_CURVE('',#4305,#4313,#4315,.T.);
#4313 = VERTEX_POINT('',#4314);
#4314 = CARTESIAN_POINT('',(-5.125,2.275,0.86));
#4315 = LINE('',#4316,#4317);
#4316 = CARTESIAN_POINT('',(-5.125,2.275,0.12));
#4317 = VECTOR('',#4318,1.);
#4318 = DIRECTION('',(0.,0.,1.));
#4319 = ORIENTED_EDGE('',*,*,#4320,.T.);
#4320 = EDGE_CURVE('',#4313,#4321,#4323,.T.);
#4321 = VERTEX_POINT('',#4322);
#4322 = CARTESIAN_POINT('',(-5.125,2.275,1.17));
#4323 = LINE('',#4324,#4325);
#4324 = CARTESIAN_POINT('',(-5.125,2.275,0.12));
#4325 = VECTOR('',#4326,1.);
#4326 = DIRECTION('',(0.,0.,1.));
#4327 = ORIENTED_EDGE('',*,*,#4328,.T.);
#4328 = EDGE_CURVE('',#4321,#3196,#4329,.T.);
#4329 = LINE('',#4330,#4331);
#4330 = CARTESIAN_POINT('',(-5.125,2.275,1.17));
#4331 = VECTOR('',#4332,1.);
#4332 = DIRECTION('',(-0.,1.,0.));
#4333 = PLANE('',#4334);
#4334 = AXIS2_PLACEMENT_3D('',#4335,#4336,#4337);
#4335 = CARTESIAN_POINT('',(-5.125,2.928538891724,0.406031440384));
#4336 = DIRECTION('',(-1.,-0.,-0.));
#4337 = DIRECTION('',(0.,0.,-1.));
#4338 = ADVANCED_FACE('',(#4339),#4357,.T.);
#4339 = FACE_BOUND('',#4340,.T.);
#4340 = EDGE_LOOP('',(#4341,#4342,#4350,#4356));
#4341 = ORIENTED_EDGE('',*,*,#4288,.F.);
#4342 = ORIENTED_EDGE('',*,*,#4343,.T.);
#4343 = EDGE_CURVE('',#4289,#4344,#4346,.T.);
#4344 = VERTEX_POINT('',#4345);
#4345 = CARTESIAN_POINT('',(-4.875,2.275,0.12));
#4346 = LINE('',#4347,#4348);
#4347 = CARTESIAN_POINT('',(-5.125,2.275,0.12));
#4348 = VECTOR('',#4349,1.);
#4349 = DIRECTION('',(1.,0.,-0.));
#4350 = ORIENTED_EDGE('',*,*,#4351,.T.);
#4351 = EDGE_CURVE('',#4344,#3180,#4352,.T.);
#4352 = LINE('',#4353,#4354);
#4353 = CARTESIAN_POINT('',(-4.875,2.275,0.12));
#4354 = VECTOR('',#4355,1.);
#4355 = DIRECTION('',(-0.,1.,0.));
#4356 = ORIENTED_EDGE('',*,*,#3177,.F.);
#4357 = PLANE('',#4358);
#4358 = AXIS2_PLACEMENT_3D('',#4359,#4360,#4361);
#4359 = CARTESIAN_POINT('',(-5.125,2.275,0.12));
#4360 = DIRECTION('',(0.,0.,1.));
#4361 = DIRECTION('',(1.,0.,-0.));
#4362 = ADVANCED_FACE('',(#4363),#4405,.F.);
#4363 = FACE_BOUND('',#4364,.F.);
#4364 = EDGE_LOOP('',(#4365,#4366,#4367,#4375,#4383,#4391,#4399));
#4365 = ORIENTED_EDGE('',*,*,#4351,.T.);
#4366 = ORIENTED_EDGE('',*,*,#3187,.F.);
#4367 = ORIENTED_EDGE('',*,*,#4368,.F.);
#4368 = EDGE_CURVE('',#4369,#3188,#4371,.T.);
#4369 = VERTEX_POINT('',#4370);
#4370 = CARTESIAN_POINT('',(-4.875,2.275,1.17));
#4371 = LINE('',#4372,#4373);
#4372 = CARTESIAN_POINT('',(-4.875,2.275,1.17));
#4373 = VECTOR('',#4374,1.);
#4374 = DIRECTION('',(-0.,1.,0.));
#4375 = ORIENTED_EDGE('',*,*,#4376,.F.);
#4376 = EDGE_CURVE('',#4377,#4369,#4379,.T.);
#4377 = VERTEX_POINT('',#4378);
#4378 = CARTESIAN_POINT('',(-4.875,2.275,0.86));
#4379 = LINE('',#4380,#4381);
#4380 = CARTESIAN_POINT('',(-4.875,2.275,0.12));
#4381 = VECTOR('',#4382,1.);
#4382 = DIRECTION('',(0.,0.,1.));
#4383 = ORIENTED_EDGE('',*,*,#4384,.F.);
#4384 = EDGE_CURVE('',#4385,#4377,#4387,.T.);
#4385 = VERTEX_POINT('',#4386);
#4386 = CARTESIAN_POINT('',(-4.875,2.275,0.49));
#4387 = LINE('',#4388,#4389);
#4388 = CARTESIAN_POINT('',(-4.875,2.275,0.12));
#4389 = VECTOR('',#4390,1.);
#4390 = DIRECTION('',(0.,0.,1.));
#4391 = ORIENTED_EDGE('',*,*,#4392,.F.);
#4392 = EDGE_CURVE('',#4393,#4385,#4395,.T.);
#4393 = VERTEX_POINT('',#4394);
#4394 = CARTESIAN_POINT('',(-4.875,2.275,0.3));
#4395 = LINE('',#4396,#4397);
#4396 = CARTESIAN_POINT('',(-4.875,2.275,0.12));
#4397 = VECTOR('',#4398,1.);
#4398 = DIRECTION('',(0.,0.,1.));
#4399 = ORIENTED_EDGE('',*,*,#4400,.F.);
#4400 = EDGE_CURVE('',#4344,#4393,#4401,.T.);
#4401 = LINE('',#4402,#4403);
#4402 = CARTESIAN_POINT('',(-4.875,2.275,0.12));
#4403 = VECTOR('',#4404,1.);
#4404 = DIRECTION('',(0.,0.,1.));
#4405 = PLANE('',#4406);
#4406 = AXIS2_PLACEMENT_3D('',#4407,#4408,#4409);
#4407 = CARTESIAN_POINT('',(-4.875,2.928538891724,0.406031440384));
#4408 = DIRECTION('',(1.,0.,0.));
#4409 = DIRECTION('',(-0.,0.,1.));
#4410 = ADVANCED_FACE('',(#4411),#4445,.F.);
#4411 = FACE_BOUND('',#4412,.F.);
#4412 = EDGE_LOOP('',(#4413,#4414,#4422,#4428,#4429,#4437,#4443,#4444));
#4413 = ORIENTED_EDGE('',*,*,#4328,.F.);
#4414 = ORIENTED_EDGE('',*,*,#4415,.F.);
#4415 = EDGE_CURVE('',#4416,#4321,#4418,.T.);
#4416 = VERTEX_POINT('',#4417);
#4417 = CARTESIAN_POINT('',(-5.15,2.275,1.17));
#4418 = LINE('',#4419,#4420);
#4419 = CARTESIAN_POINT('',(-5.15,2.275,1.17));
#4420 = VECTOR('',#4421,1.);
#4421 = DIRECTION('',(1.,0.,-0.));
#4422 = ORIENTED_EDGE('',*,*,#4423,.F.);
#4423 = EDGE_CURVE('',#750,#4416,#4424,.T.);
#4424 = LINE('',#4425,#4426);
#4425 = CARTESIAN_POINT('',(-5.15,-0.6,1.17));
#4426 = VECTOR('',#4427,1.);
#4427 = DIRECTION('',(-0.,1.,0.));
#4428 = ORIENTED_EDGE('',*,*,#775,.T.);
#4429 = ORIENTED_EDGE('',*,*,#4430,.T.);
#4430 = EDGE_CURVE('',#768,#4431,#4433,.T.);
#4431 = VERTEX_POINT('',#4432);
#4432 = CARTESIAN_POINT('',(-4.85,2.275,1.17));
#4433 = LINE('',#4434,#4435);
#4434 = CARTESIAN_POINT('',(-4.85,-0.6,1.17));
#4435 = VECTOR('',#4436,1.);
#4436 = DIRECTION('',(-0.,1.,0.));
#4437 = ORIENTED_EDGE('',*,*,#4438,.F.);
#4438 = EDGE_CURVE('',#4369,#4431,#4439,.T.);
#4439 = LINE('',#4440,#4441);
#4440 = CARTESIAN_POINT('',(-5.15,2.275,1.17));
#4441 = VECTOR('',#4442,1.);
#4442 = DIRECTION('',(1.,0.,-0.));
#4443 = ORIENTED_EDGE('',*,*,#4368,.T.);
#4444 = ORIENTED_EDGE('',*,*,#3195,.F.);
#4445 = PLANE('',#4446);
#4446 = AXIS2_PLACEMENT_3D('',#4447,#4448,#4449);
#4447 = CARTESIAN_POINT('',(-5.,0.936018518519,1.17));
#4448 = DIRECTION('',(0.,0.,1.));
#4449 = DIRECTION('',(1.,0.,-0.));
#4450 = ADVANCED_FACE('',(#4451),#4500,.F.);
#4451 = FACE_BOUND('',#4452,.F.);
#4452 = EDGE_LOOP('',(#4453,#4454,#4462,#4470,#4478,#4486,#4494));
#4453 = ORIENTED_EDGE('',*,*,#3237,.F.);
#4454 = ORIENTED_EDGE('',*,*,#4455,.F.);
#4455 = EDGE_CURVE('',#4456,#3212,#4458,.T.);
#4456 = VERTEX_POINT('',#4457);
#4457 = CARTESIAN_POINT('',(-4.125,2.275,0.12));
#4458 = LINE('',#4459,#4460);
#4459 = CARTESIAN_POINT('',(-4.125,2.275,0.12));
#4460 = VECTOR('',#4461,1.);
#4461 = DIRECTION('',(-0.,1.,0.));
#4462 = ORIENTED_EDGE('',*,*,#4463,.T.);
#4463 = EDGE_CURVE('',#4456,#4464,#4466,.T.);
#4464 = VERTEX_POINT('',#4465);
#4465 = CARTESIAN_POINT('',(-4.125,2.275,0.3));
#4466 = LINE('',#4467,#4468);
#4467 = CARTESIAN_POINT('',(-4.125,2.275,0.12));
#4468 = VECTOR('',#4469,1.);
#4469 = DIRECTION('',(0.,0.,1.));
#4470 = ORIENTED_EDGE('',*,*,#4471,.T.);
#4471 = EDGE_CURVE('',#4464,#4472,#4474,.T.);
#4472 = VERTEX_POINT('',#4473);
#4473 = CARTESIAN_POINT('',(-4.125,2.275,0.49));
#4474 = LINE('',#4475,#4476);
#4475 = CARTESIAN_POINT('',(-4.125,2.275,0.12));
#4476 = VECTOR('',#4477,1.);
#4477 = DIRECTION('',(0.,0.,1.));
#4478 = ORIENTED_EDGE('',*,*,#4479,.T.);
#4479 = EDGE_CURVE('',#4472,#4480,#4482,.T.);
#4480 = VERTEX_POINT('',#4481);
#4481 = CARTESIAN_POINT('',(-4.125,2.275,0.86));
#4482 = LINE('',#4483,#4484);
#4483 = CARTESIAN_POINT('',(-4.125,2.275,0.12));
#4484 = VECTOR('',#4485,1.);
#4485 = DIRECTION('',(0.,0.,1.));
#4486 = ORIENTED_EDGE('',*,*,#4487,.T.);
#4487 = EDGE_CURVE('',#4480,#4488,#4490,.T.);
#4488 = VERTEX_POINT('',#4489);
#4489 = CARTESIAN_POINT('',(-4.125,2.275,1.17));
#4490 = LINE('',#4491,#4492);
#4491 = CARTESIAN_POINT('',(-4.125,2.275,0.12));
#4492 = VECTOR('',#4493,1.);
#4493 = DIRECTION('',(0.,0.,1.));
#4494 = ORIENTED_EDGE('',*,*,#4495,.T.);
#4495 = EDGE_CURVE('',#4488,#3230,#4496,.T.);
#4496 = LINE('',#4497,#4498);
#4497 = CARTESIAN_POINT('',(-4.125,2.275,1.17));
#4498 = VECTOR('',#4499,1.);
#4499 = DIRECTION('',(-0.,1.,0.));
#4500 = PLANE('',#4501);
#4501 = AXIS2_PLACEMENT_3D('',#4502,#4503,#4504);
#4502 = CARTESIAN_POINT('',(-4.125,2.928538891724,0.406031440384));
#4503 = DIRECTION('',(-1.,-0.,-0.));
#4504 = DIRECTION('',(0.,0.,-1.));
#4505 = ADVANCED_FACE('',(#4506),#4524,.T.);
#4506 = FACE_BOUND('',#4507,.T.);
#4507 = EDGE_LOOP('',(#4508,#4509,#4517,#4523));
#4508 = ORIENTED_EDGE('',*,*,#4455,.F.);
#4509 = ORIENTED_EDGE('',*,*,#4510,.T.);
#4510 = EDGE_CURVE('',#4456,#4511,#4513,.T.);
#4511 = VERTEX_POINT('',#4512);
#4512 = CARTESIAN_POINT('',(-3.875,2.275,0.12));
#4513 = LINE('',#4514,#4515);
#4514 = CARTESIAN_POINT('',(-4.125,2.275,0.12));
#4515 = VECTOR('',#4516,1.);
#4516 = DIRECTION('',(1.,0.,-0.));
#4517 = ORIENTED_EDGE('',*,*,#4518,.T.);
#4518 = EDGE_CURVE('',#4511,#3214,#4519,.T.);
#4519 = LINE('',#4520,#4521);
#4520 = CARTESIAN_POINT('',(-3.875,2.275,0.12));
#4521 = VECTOR('',#4522,1.);
#4522 = DIRECTION('',(-0.,1.,0.));
#4523 = ORIENTED_EDGE('',*,*,#3211,.F.);
#4524 = PLANE('',#4525);
#4525 = AXIS2_PLACEMENT_3D('',#4526,#4527,#4528);
#4526 = CARTESIAN_POINT('',(-4.125,2.275,0.12));
#4527 = DIRECTION('',(0.,0.,1.));
#4528 = DIRECTION('',(1.,0.,-0.));
#4529 = ADVANCED_FACE('',(#4530),#4572,.F.);
#4530 = FACE_BOUND('',#4531,.F.);
#4531 = EDGE_LOOP('',(#4532,#4533,#4534,#4542,#4550,#4558,#4566));
#4532 = ORIENTED_EDGE('',*,*,#4518,.T.);
#4533 = ORIENTED_EDGE('',*,*,#3221,.F.);
#4534 = ORIENTED_EDGE('',*,*,#4535,.F.);
#4535 = EDGE_CURVE('',#4536,#3222,#4538,.T.);
#4536 = VERTEX_POINT('',#4537);
#4537 = CARTESIAN_POINT('',(-3.875,2.275,1.17));
#4538 = LINE('',#4539,#4540);
#4539 = CARTESIAN_POINT('',(-3.875,2.275,1.17));
#4540 = VECTOR('',#4541,1.);
#4541 = DIRECTION('',(-0.,1.,0.));
#4542 = ORIENTED_EDGE('',*,*,#4543,.F.);
#4543 = EDGE_CURVE('',#4544,#4536,#4546,.T.);
#4544 = VERTEX_POINT('',#4545);
#4545 = CARTESIAN_POINT('',(-3.875,2.275,0.86));
#4546 = LINE('',#4547,#4548);
#4547 = CARTESIAN_POINT('',(-3.875,2.275,0.12));
#4548 = VECTOR('',#4549,1.);
#4549 = DIRECTION('',(0.,0.,1.));
#4550 = ORIENTED_EDGE('',*,*,#4551,.F.);
#4551 = EDGE_CURVE('',#4552,#4544,#4554,.T.);
#4552 = VERTEX_POINT('',#4553);
#4553 = CARTESIAN_POINT('',(-3.875,2.275,0.49));
#4554 = LINE('',#4555,#4556);
#4555 = CARTESIAN_POINT('',(-3.875,2.275,0.12));
#4556 = VECTOR('',#4557,1.);
#4557 = DIRECTION('',(0.,0.,1.));
#4558 = ORIENTED_EDGE('',*,*,#4559,.F.);
#4559 = EDGE_CURVE('',#4560,#4552,#4562,.T.);
#4560 = VERTEX_POINT('',#4561);
#4561 = CARTESIAN_POINT('',(-3.875,2.275,0.3));
#4562 = LINE('',#4563,#4564);
#4563 = CARTESIAN_POINT('',(-3.875,2.275,0.12));
#4564 = VECTOR('',#4565,1.);
#4565 = DIRECTION('',(0.,0.,1.));
#4566 = ORIENTED_EDGE('',*,*,#4567,.F.);
#4567 = EDGE_CURVE('',#4511,#4560,#4568,.T.);
#4568 = LINE('',#4569,#4570);
#4569 = CARTESIAN_POINT('',(-3.875,2.275,0.12));
#4570 = VECTOR('',#4571,1.);
#4571 = DIRECTION('',(0.,0.,1.));
#4572 = PLANE('',#4573);
#4573 = AXIS2_PLACEMENT_3D('',#4574,#4575,#4576);
#4574 = CARTESIAN_POINT('',(-3.875,2.928538891724,0.406031440384));
#4575 = DIRECTION('',(1.,0.,0.));
#4576 = DIRECTION('',(-0.,0.,1.));
#4577 = ADVANCED_FACE('',(#4578),#4612,.F.);
#4578 = FACE_BOUND('',#4579,.F.);
#4579 = EDGE_LOOP('',(#4580,#4581,#4589,#4595,#4596,#4604,#4610,#4611));
#4580 = ORIENTED_EDGE('',*,*,#4495,.F.);
#4581 = ORIENTED_EDGE('',*,*,#4582,.F.);
#4582 = EDGE_CURVE('',#4583,#4488,#4585,.T.);
#4583 = VERTEX_POINT('',#4584);
#4584 = CARTESIAN_POINT('',(-4.15,2.275,1.17));
#4585 = LINE('',#4586,#4587);
#4586 = CARTESIAN_POINT('',(-4.15,2.275,1.17));
#4587 = VECTOR('',#4588,1.);
#4588 = DIRECTION('',(1.,0.,-0.));
#4589 = ORIENTED_EDGE('',*,*,#4590,.F.);
#4590 = EDGE_CURVE('',#784,#4583,#4591,.T.);
#4591 = LINE('',#4592,#4593);
#4592 = CARTESIAN_POINT('',(-4.15,-0.6,1.17));
#4593 = VECTOR('',#4594,1.);
#4594 = DIRECTION('',(-0.,1.,0.));
#4595 = ORIENTED_EDGE('',*,*,#809,.T.);
#4596 = ORIENTED_EDGE('',*,*,#4597,.T.);
#4597 = EDGE_CURVE('',#802,#4598,#4600,.T.);
#4598 = VERTEX_POINT('',#4599);
#4599 = CARTESIAN_POINT('',(-3.85,2.275,1.17));
#4600 = LINE('',#4601,#4602);
#4601 = CARTESIAN_POINT('',(-3.85,-0.6,1.17));
#4602 = VECTOR('',#4603,1.);
#4603 = DIRECTION('',(-0.,1.,0.));
#4604 = ORIENTED_EDGE('',*,*,#4605,.F.);
#4605 = EDGE_CURVE('',#4536,#4598,#4606,.T.);
#4606 = LINE('',#4607,#4608);
#4607 = CARTESIAN_POINT('',(-4.15,2.275,1.17));
#4608 = VECTOR('',#4609,1.);
#4609 = DIRECTION('',(1.,0.,-0.));
#4610 = ORIENTED_EDGE('',*,*,#4535,.T.);
#4611 = ORIENTED_EDGE('',*,*,#3229,.F.);
#4612 = PLANE('',#4613);
#4613 = AXIS2_PLACEMENT_3D('',#4614,#4615,#4616);
#4614 = CARTESIAN_POINT('',(-4.,0.936018518519,1.17));
#4615 = DIRECTION('',(0.,0.,1.));
#4616 = DIRECTION('',(1.,0.,-0.));
#4617 = ADVANCED_FACE('',(#4618),#4667,.F.);
#4618 = FACE_BOUND('',#4619,.F.);
#4619 = EDGE_LOOP('',(#4620,#4621,#4629,#4637,#4645,#4653,#4661));
#4620 = ORIENTED_EDGE('',*,*,#3271,.F.);
#4621 = ORIENTED_EDGE('',*,*,#4622,.F.);
#4622 = EDGE_CURVE('',#4623,#3246,#4625,.T.);
#4623 = VERTEX_POINT('',#4624);
#4624 = CARTESIAN_POINT('',(-3.125,2.275,0.12));
#4625 = LINE('',#4626,#4627);
#4626 = CARTESIAN_POINT('',(-3.125,2.275,0.12));
#4627 = VECTOR('',#4628,1.);
#4628 = DIRECTION('',(-0.,1.,0.));
#4629 = ORIENTED_EDGE('',*,*,#4630,.T.);
#4630 = EDGE_CURVE('',#4623,#4631,#4633,.T.);
#4631 = VERTEX_POINT('',#4632);
#4632 = CARTESIAN_POINT('',(-3.125,2.275,0.3));
#4633 = LINE('',#4634,#4635);
#4634 = CARTESIAN_POINT('',(-3.125,2.275,0.12));
#4635 = VECTOR('',#4636,1.);
#4636 = DIRECTION('',(0.,0.,1.));
#4637 = ORIENTED_EDGE('',*,*,#4638,.T.);
#4638 = EDGE_CURVE('',#4631,#4639,#4641,.T.);
#4639 = VERTEX_POINT('',#4640);
#4640 = CARTESIAN_POINT('',(-3.125,2.275,0.49));
#4641 = LINE('',#4642,#4643);
#4642 = CARTESIAN_POINT('',(-3.125,2.275,0.12));
#4643 = VECTOR('',#4644,1.);
#4644 = DIRECTION('',(0.,0.,1.));
#4645 = ORIENTED_EDGE('',*,*,#4646,.T.);
#4646 = EDGE_CURVE('',#4639,#4647,#4649,.T.);
#4647 = VERTEX_POINT('',#4648);
#4648 = CARTESIAN_POINT('',(-3.125,2.275,0.86));
#4649 = LINE('',#4650,#4651);
#4650 = CARTESIAN_POINT('',(-3.125,2.275,0.12));
#4651 = VECTOR('',#4652,1.);
#4652 = DIRECTION('',(0.,0.,1.));
#4653 = ORIENTED_EDGE('',*,*,#4654,.T.);
#4654 = EDGE_CURVE('',#4647,#4655,#4657,.T.);
#4655 = VERTEX_POINT('',#4656);
#4656 = CARTESIAN_POINT('',(-3.125,2.275,1.17));
#4657 = LINE('',#4658,#4659);
#4658 = CARTESIAN_POINT('',(-3.125,2.275,0.12));
#4659 = VECTOR('',#4660,1.);
#4660 = DIRECTION('',(0.,0.,1.));
#4661 = ORIENTED_EDGE('',*,*,#4662,.T.);
#4662 = EDGE_CURVE('',#4655,#3264,#4663,.T.);
#4663 = LINE('',#4664,#4665);
#4664 = CARTESIAN_POINT('',(-3.125,2.275,1.17));
#4665 = VECTOR('',#4666,1.);
#4666 = DIRECTION('',(-0.,1.,0.));
#4667 = PLANE('',#4668);
#4668 = AXIS2_PLACEMENT_3D('',#4669,#4670,#4671);
#4669 = CARTESIAN_POINT('',(-3.125,2.928538891724,0.406031440384));
#4670 = DIRECTION('',(-1.,-0.,-0.));
#4671 = DIRECTION('',(0.,0.,-1.));
#4672 = ADVANCED_FACE('',(#4673),#4691,.T.);
#4673 = FACE_BOUND('',#4674,.T.);
#4674 = EDGE_LOOP('',(#4675,#4676,#4684,#4690));
#4675 = ORIENTED_EDGE('',*,*,#4622,.F.);
#4676 = ORIENTED_EDGE('',*,*,#4677,.T.);
#4677 = EDGE_CURVE('',#4623,#4678,#4680,.T.);
#4678 = VERTEX_POINT('',#4679);
#4679 = CARTESIAN_POINT('',(-2.875,2.275,0.12));
#4680 = LINE('',#4681,#4682);
#4681 = CARTESIAN_POINT('',(-3.125,2.275,0.12));
#4682 = VECTOR('',#4683,1.);
#4683 = DIRECTION('',(1.,0.,-0.));
#4684 = ORIENTED_EDGE('',*,*,#4685,.T.);
#4685 = EDGE_CURVE('',#4678,#3248,#4686,.T.);
#4686 = LINE('',#4687,#4688);
#4687 = CARTESIAN_POINT('',(-2.875,2.275,0.12));
#4688 = VECTOR('',#4689,1.);
#4689 = DIRECTION('',(-0.,1.,0.));
#4690 = ORIENTED_EDGE('',*,*,#3245,.F.);
#4691 = PLANE('',#4692);
#4692 = AXIS2_PLACEMENT_3D('',#4693,#4694,#4695);
#4693 = CARTESIAN_POINT('',(-3.125,2.275,0.12));
#4694 = DIRECTION('',(0.,0.,1.));
#4695 = DIRECTION('',(1.,0.,-0.));
#4696 = ADVANCED_FACE('',(#4697),#4739,.F.);
#4697 = FACE_BOUND('',#4698,.F.);
#4698 = EDGE_LOOP('',(#4699,#4700,#4701,#4709,#4717,#4725,#4733));
#4699 = ORIENTED_EDGE('',*,*,#4685,.T.);
#4700 = ORIENTED_EDGE('',*,*,#3255,.F.);
#4701 = ORIENTED_EDGE('',*,*,#4702,.F.);
#4702 = EDGE_CURVE('',#4703,#3256,#4705,.T.);
#4703 = VERTEX_POINT('',#4704);
#4704 = CARTESIAN_POINT('',(-2.875,2.275,1.17));
#4705 = LINE('',#4706,#4707);
#4706 = CARTESIAN_POINT('',(-2.875,2.275,1.17));
#4707 = VECTOR('',#4708,1.);
#4708 = DIRECTION('',(-0.,1.,0.));
#4709 = ORIENTED_EDGE('',*,*,#4710,.F.);
#4710 = EDGE_CURVE('',#4711,#4703,#4713,.T.);
#4711 = VERTEX_POINT('',#4712);
#4712 = CARTESIAN_POINT('',(-2.875,2.275,0.86));
#4713 = LINE('',#4714,#4715);
#4714 = CARTESIAN_POINT('',(-2.875,2.275,0.12));
#4715 = VECTOR('',#4716,1.);
#4716 = DIRECTION('',(0.,0.,1.));
#4717 = ORIENTED_EDGE('',*,*,#4718,.F.);
#4718 = EDGE_CURVE('',#4719,#4711,#4721,.T.);
#4719 = VERTEX_POINT('',#4720);
#4720 = CARTESIAN_POINT('',(-2.875,2.275,0.49));
#4721 = LINE('',#4722,#4723);
#4722 = CARTESIAN_POINT('',(-2.875,2.275,0.12));
#4723 = VECTOR('',#4724,1.);
#4724 = DIRECTION('',(0.,0.,1.));
#4725 = ORIENTED_EDGE('',*,*,#4726,.F.);
#4726 = EDGE_CURVE('',#4727,#4719,#4729,.T.);
#4727 = VERTEX_POINT('',#4728);
#4728 = CARTESIAN_POINT('',(-2.875,2.275,0.3));
#4729 = LINE('',#4730,#4731);
#4730 = CARTESIAN_POINT('',(-2.875,2.275,0.12));
#4731 = VECTOR('',#4732,1.);
#4732 = DIRECTION('',(0.,0.,1.));
#4733 = ORIENTED_EDGE('',*,*,#4734,.F.);
#4734 = EDGE_CURVE('',#4678,#4727,#4735,.T.);
#4735 = LINE('',#4736,#4737);
#4736 = CARTESIAN_POINT('',(-2.875,2.275,0.12));
#4737 = VECTOR('',#4738,1.);
#4738 = DIRECTION('',(0.,0.,1.));
#4739 = PLANE('',#4740);
#4740 = AXIS2_PLACEMENT_3D('',#4741,#4742,#4743);
#4741 = CARTESIAN_POINT('',(-2.875,2.928538891724,0.406031440384));
#4742 = DIRECTION('',(1.,0.,0.));
#4743 = DIRECTION('',(-0.,0.,1.));
#4744 = ADVANCED_FACE('',(#4745),#4779,.F.);
#4745 = FACE_BOUND('',#4746,.F.);
#4746 = EDGE_LOOP('',(#4747,#4748,#4756,#4762,#4763,#4771,#4777,#4778));
#4747 = ORIENTED_EDGE('',*,*,#4662,.F.);
#4748 = ORIENTED_EDGE('',*,*,#4749,.F.);
#4749 = EDGE_CURVE('',#4750,#4655,#4752,.T.);
#4750 = VERTEX_POINT('',#4751);
#4751 = CARTESIAN_POINT('',(-3.15,2.275,1.17));
#4752 = LINE('',#4753,#4754);
#4753 = CARTESIAN_POINT('',(-3.15,2.275,1.17));
#4754 = VECTOR('',#4755,1.);
#4755 = DIRECTION('',(1.,0.,-0.));
#4756 = ORIENTED_EDGE('',*,*,#4757,.F.);
#4757 = EDGE_CURVE('',#818,#4750,#4758,.T.);
#4758 = LINE('',#4759,#4760);
#4759 = CARTESIAN_POINT('',(-3.15,-0.6,1.17));
#4760 = VECTOR('',#4761,1.);
#4761 = DIRECTION('',(-0.,1.,0.));
#4762 = ORIENTED_EDGE('',*,*,#843,.T.);
#4763 = ORIENTED_EDGE('',*,*,#4764,.T.);
#4764 = EDGE_CURVE('',#836,#4765,#4767,.T.);
#4765 = VERTEX_POINT('',#4766);
#4766 = CARTESIAN_POINT('',(-2.85,2.275,1.17));
#4767 = LINE('',#4768,#4769);
#4768 = CARTESIAN_POINT('',(-2.85,-0.6,1.17));
#4769 = VECTOR('',#4770,1.);
#4770 = DIRECTION('',(-0.,1.,0.));
#4771 = ORIENTED_EDGE('',*,*,#4772,.F.);
#4772 = EDGE_CURVE('',#4703,#4765,#4773,.T.);
#4773 = LINE('',#4774,#4775);
#4774 = CARTESIAN_POINT('',(-3.15,2.275,1.17));
#4775 = VECTOR('',#4776,1.);
#4776 = DIRECTION('',(1.,0.,-0.));
#4777 = ORIENTED_EDGE('',*,*,#4702,.T.);
#4778 = ORIENTED_EDGE('',*,*,#3263,.F.);
#4779 = PLANE('',#4780);
#4780 = AXIS2_PLACEMENT_3D('',#4781,#4782,#4783);
#4781 = CARTESIAN_POINT('',(-3.,0.936018518519,1.17));
#4782 = DIRECTION('',(0.,0.,1.));
#4783 = DIRECTION('',(1.,0.,-0.));
#4784 = ADVANCED_FACE('',(#4785),#4834,.F.);
#4785 = FACE_BOUND('',#4786,.F.);
#4786 = EDGE_LOOP('',(#4787,#4788,#4796,#4804,#4812,#4820,#4828));
#4787 = ORIENTED_EDGE('',*,*,#3305,.F.);
#4788 = ORIENTED_EDGE('',*,*,#4789,.F.);
#4789 = EDGE_CURVE('',#4790,#3280,#4792,.T.);
#4790 = VERTEX_POINT('',#4791);
#4791 = CARTESIAN_POINT('',(-2.125,2.275,0.12));
#4792 = LINE('',#4793,#4794);
#4793 = CARTESIAN_POINT('',(-2.125,2.275,0.12));
#4794 = VECTOR('',#4795,1.);
#4795 = DIRECTION('',(-0.,1.,0.));
#4796 = ORIENTED_EDGE('',*,*,#4797,.T.);
#4797 = EDGE_CURVE('',#4790,#4798,#4800,.T.);
#4798 = VERTEX_POINT('',#4799);
#4799 = CARTESIAN_POINT('',(-2.125,2.275,0.3));
#4800 = LINE('',#4801,#4802);
#4801 = CARTESIAN_POINT('',(-2.125,2.275,0.12));
#4802 = VECTOR('',#4803,1.);
#4803 = DIRECTION('',(0.,0.,1.));
#4804 = ORIENTED_EDGE('',*,*,#4805,.T.);
#4805 = EDGE_CURVE('',#4798,#4806,#4808,.T.);
#4806 = VERTEX_POINT('',#4807);
#4807 = CARTESIAN_POINT('',(-2.125,2.275,0.49));
#4808 = LINE('',#4809,#4810);
#4809 = CARTESIAN_POINT('',(-2.125,2.275,0.12));
#4810 = VECTOR('',#4811,1.);
#4811 = DIRECTION('',(0.,0.,1.));
#4812 = ORIENTED_EDGE('',*,*,#4813,.T.);
#4813 = EDGE_CURVE('',#4806,#4814,#4816,.T.);
#4814 = VERTEX_POINT('',#4815);
#4815 = CARTESIAN_POINT('',(-2.125,2.275,0.86));
#4816 = LINE('',#4817,#4818);
#4817 = CARTESIAN_POINT('',(-2.125,2.275,0.12));
#4818 = VECTOR('',#4819,1.);
#4819 = DIRECTION('',(0.,0.,1.));
#4820 = ORIENTED_EDGE('',*,*,#4821,.T.);
#4821 = EDGE_CURVE('',#4814,#4822,#4824,.T.);
#4822 = VERTEX_POINT('',#4823);
#4823 = CARTESIAN_POINT('',(-2.125,2.275,1.17));
#4824 = LINE('',#4825,#4826);
#4825 = CARTESIAN_POINT('',(-2.125,2.275,0.12));
#4826 = VECTOR('',#4827,1.);
#4827 = DIRECTION('',(0.,0.,1.));
#4828 = ORIENTED_EDGE('',*,*,#4829,.T.);
#4829 = EDGE_CURVE('',#4822,#3298,#4830,.T.);
#4830 = LINE('',#4831,#4832);
#4831 = CARTESIAN_POINT('',(-2.125,2.275,1.17));
#4832 = VECTOR('',#4833,1.);
#4833 = DIRECTION('',(-0.,1.,0.));
#4834 = PLANE('',#4835);
#4835 = AXIS2_PLACEMENT_3D('',#4836,#4837,#4838);
#4836 = CARTESIAN_POINT('',(-2.125,2.928538891724,0.406031440384));
#4837 = DIRECTION('',(-1.,-0.,-0.));
#4838 = DIRECTION('',(0.,0.,-1.));
#4839 = ADVANCED_FACE('',(#4840),#4858,.T.);
#4840 = FACE_BOUND('',#4841,.T.);
#4841 = EDGE_LOOP('',(#4842,#4843,#4851,#4857));
#4842 = ORIENTED_EDGE('',*,*,#4789,.F.);
#4843 = ORIENTED_EDGE('',*,*,#4844,.T.);
#4844 = EDGE_CURVE('',#4790,#4845,#4847,.T.);
#4845 = VERTEX_POINT('',#4846);
#4846 = CARTESIAN_POINT('',(-1.875,2.275,0.12));
#4847 = LINE('',#4848,#4849);
#4848 = CARTESIAN_POINT('',(-2.125,2.275,0.12));
#4849 = VECTOR('',#4850,1.);
#4850 = DIRECTION('',(1.,0.,-0.));
#4851 = ORIENTED_EDGE('',*,*,#4852,.T.);
#4852 = EDGE_CURVE('',#4845,#3282,#4853,.T.);
#4853 = LINE('',#4854,#4855);
#4854 = CARTESIAN_POINT('',(-1.875,2.275,0.12));
#4855 = VECTOR('',#4856,1.);
#4856 = DIRECTION('',(-0.,1.,0.));
#4857 = ORIENTED_EDGE('',*,*,#3279,.F.);
#4858 = PLANE('',#4859);
#4859 = AXIS2_PLACEMENT_3D('',#4860,#4861,#4862);
#4860 = CARTESIAN_POINT('',(-2.125,2.275,0.12));
#4861 = DIRECTION('',(0.,0.,1.));
#4862 = DIRECTION('',(1.,0.,-0.));
#4863 = ADVANCED_FACE('',(#4864),#4906,.F.);
#4864 = FACE_BOUND('',#4865,.F.);
#4865 = EDGE_LOOP('',(#4866,#4867,#4868,#4876,#4884,#4892,#4900));
#4866 = ORIENTED_EDGE('',*,*,#4852,.T.);
#4867 = ORIENTED_EDGE('',*,*,#3289,.F.);
#4868 = ORIENTED_EDGE('',*,*,#4869,.F.);
#4869 = EDGE_CURVE('',#4870,#3290,#4872,.T.);
#4870 = VERTEX_POINT('',#4871);
#4871 = CARTESIAN_POINT('',(-1.875,2.275,1.17));
#4872 = LINE('',#4873,#4874);
#4873 = CARTESIAN_POINT('',(-1.875,2.275,1.17));
#4874 = VECTOR('',#4875,1.);
#4875 = DIRECTION('',(-0.,1.,0.));
#4876 = ORIENTED_EDGE('',*,*,#4877,.F.);
#4877 = EDGE_CURVE('',#4878,#4870,#4880,.T.);
#4878 = VERTEX_POINT('',#4879);
#4879 = CARTESIAN_POINT('',(-1.875,2.275,0.86));
#4880 = LINE('',#4881,#4882);
#4881 = CARTESIAN_POINT('',(-1.875,2.275,0.12));
#4882 = VECTOR('',#4883,1.);
#4883 = DIRECTION('',(0.,0.,1.));
#4884 = ORIENTED_EDGE('',*,*,#4885,.F.);
#4885 = EDGE_CURVE('',#4886,#4878,#4888,.T.);
#4886 = VERTEX_POINT('',#4887);
#4887 = CARTESIAN_POINT('',(-1.875,2.275,0.49));
#4888 = LINE('',#4889,#4890);
#4889 = CARTESIAN_POINT('',(-1.875,2.275,0.12));
#4890 = VECTOR('',#4891,1.);
#4891 = DIRECTION('',(0.,0.,1.));
#4892 = ORIENTED_EDGE('',*,*,#4893,.F.);
#4893 = EDGE_CURVE('',#4894,#4886,#4896,.T.);
#4894 = VERTEX_POINT('',#4895);
#4895 = CARTESIAN_POINT('',(-1.875,2.275,0.3));
#4896 = LINE('',#4897,#4898);
#4897 = CARTESIAN_POINT('',(-1.875,2.275,0.12));
#4898 = VECTOR('',#4899,1.);
#4899 = DIRECTION('',(0.,0.,1.));
#4900 = ORIENTED_EDGE('',*,*,#4901,.F.);
#4901 = EDGE_CURVE('',#4845,#4894,#4902,.T.);
#4902 = LINE('',#4903,#4904);
#4903 = CARTESIAN_POINT('',(-1.875,2.275,0.12));
#4904 = VECTOR('',#4905,1.);
#4905 = DIRECTION('',(0.,0.,1.));
#4906 = PLANE('',#4907);
#4907 = AXIS2_PLACEMENT_3D('',#4908,#4909,#4910);
#4908 = CARTESIAN_POINT('',(-1.875,2.928538891724,0.406031440384));
#4909 = DIRECTION('',(1.,0.,0.));
#4910 = DIRECTION('',(-0.,0.,1.));
#4911 = ADVANCED_FACE('',(#4912),#4946,.F.);
#4912 = FACE_BOUND('',#4913,.F.);
#4913 = EDGE_LOOP('',(#4914,#4915,#4923,#4929,#4930,#4938,#4944,#4945));
#4914 = ORIENTED_EDGE('',*,*,#4829,.F.);
#4915 = ORIENTED_EDGE('',*,*,#4916,.F.);
#4916 = EDGE_CURVE('',#4917,#4822,#4919,.T.);
#4917 = VERTEX_POINT('',#4918);
#4918 = CARTESIAN_POINT('',(-2.15,2.275,1.17));
#4919 = LINE('',#4920,#4921);
#4920 = CARTESIAN_POINT('',(-2.15,2.275,1.17));
#4921 = VECTOR('',#4922,1.);
#4922 = DIRECTION('',(1.,0.,-0.));
#4923 = ORIENTED_EDGE('',*,*,#4924,.F.);
#4924 = EDGE_CURVE('',#852,#4917,#4925,.T.);
#4925 = LINE('',#4926,#4927);
#4926 = CARTESIAN_POINT('',(-2.15,-0.6,1.17));
#4927 = VECTOR('',#4928,1.);
#4928 = DIRECTION('',(-0.,1.,0.));
#4929 = ORIENTED_EDGE('',*,*,#877,.T.);
#4930 = ORIENTED_EDGE('',*,*,#4931,.T.);
#4931 = EDGE_CURVE('',#870,#4932,#4934,.T.);
#4932 = VERTEX_POINT('',#4933);
#4933 = CARTESIAN_POINT('',(-1.85,2.275,1.17));
#4934 = LINE('',#4935,#4936);
#4935 = CARTESIAN_POINT('',(-1.85,-0.6,1.17));
#4936 = VECTOR('',#4937,1.);
#4937 = DIRECTION('',(-0.,1.,0.));
#4938 = ORIENTED_EDGE('',*,*,#4939,.F.);
#4939 = EDGE_CURVE('',#4870,#4932,#4940,.T.);
#4940 = LINE('',#4941,#4942);
#4941 = CARTESIAN_POINT('',(-2.15,2.275,1.17));
#4942 = VECTOR('',#4943,1.);
#4943 = DIRECTION('',(1.,0.,-0.));
#4944 = ORIENTED_EDGE('',*,*,#4869,.T.);
#4945 = ORIENTED_EDGE('',*,*,#3297,.F.);
#4946 = PLANE('',#4947);
#4947 = AXIS2_PLACEMENT_3D('',#4948,#4949,#4950);
#4948 = CARTESIAN_POINT('',(-2.,0.936018518519,1.17));
#4949 = DIRECTION('',(0.,0.,1.));
#4950 = DIRECTION('',(1.,0.,-0.));
#4951 = ADVANCED_FACE('',(#4952),#5001,.F.);
#4952 = FACE_BOUND('',#4953,.F.);
#4953 = EDGE_LOOP('',(#4954,#4955,#4963,#4971,#4979,#4987,#4995));
#4954 = ORIENTED_EDGE('',*,*,#3339,.F.);
#4955 = ORIENTED_EDGE('',*,*,#4956,.F.);
#4956 = EDGE_CURVE('',#4957,#3314,#4959,.T.);
#4957 = VERTEX_POINT('',#4958);
#4958 = CARTESIAN_POINT('',(-1.125,2.275,0.12));
#4959 = LINE('',#4960,#4961);
#4960 = CARTESIAN_POINT('',(-1.125,2.275,0.12));
#4961 = VECTOR('',#4962,1.);
#4962 = DIRECTION('',(-0.,1.,0.));
#4963 = ORIENTED_EDGE('',*,*,#4964,.T.);
#4964 = EDGE_CURVE('',#4957,#4965,#4967,.T.);
#4965 = VERTEX_POINT('',#4966);
#4966 = CARTESIAN_POINT('',(-1.125,2.275,0.3));
#4967 = LINE('',#4968,#4969);
#4968 = CARTESIAN_POINT('',(-1.125,2.275,0.12));
#4969 = VECTOR('',#4970,1.);
#4970 = DIRECTION('',(0.,0.,1.));
#4971 = ORIENTED_EDGE('',*,*,#4972,.T.);
#4972 = EDGE_CURVE('',#4965,#4973,#4975,.T.);
#4973 = VERTEX_POINT('',#4974);
#4974 = CARTESIAN_POINT('',(-1.125,2.275,0.49));
#4975 = LINE('',#4976,#4977);
#4976 = CARTESIAN_POINT('',(-1.125,2.275,0.12));
#4977 = VECTOR('',#4978,1.);
#4978 = DIRECTION('',(0.,0.,1.));
#4979 = ORIENTED_EDGE('',*,*,#4980,.T.);
#4980 = EDGE_CURVE('',#4973,#4981,#4983,.T.);
#4981 = VERTEX_POINT('',#4982);
#4982 = CARTESIAN_POINT('',(-1.125,2.275,0.86));
#4983 = LINE('',#4984,#4985);
#4984 = CARTESIAN_POINT('',(-1.125,2.275,0.12));
#4985 = VECTOR('',#4986,1.);
#4986 = DIRECTION('',(0.,0.,1.));
#4987 = ORIENTED_EDGE('',*,*,#4988,.T.);
#4988 = EDGE_CURVE('',#4981,#4989,#4991,.T.);
#4989 = VERTEX_POINT('',#4990);
#4990 = CARTESIAN_POINT('',(-1.125,2.275,1.17));
#4991 = LINE('',#4992,#4993);
#4992 = CARTESIAN_POINT('',(-1.125,2.275,0.12));
#4993 = VECTOR('',#4994,1.);
#4994 = DIRECTION('',(0.,0.,1.));
#4995 = ORIENTED_EDGE('',*,*,#4996,.T.);
#4996 = EDGE_CURVE('',#4989,#3332,#4997,.T.);
#4997 = LINE('',#4998,#4999);
#4998 = CARTESIAN_POINT('',(-1.125,2.275,1.17));
#4999 = VECTOR('',#5000,1.);
#5000 = DIRECTION('',(-0.,1.,0.));
#5001 = PLANE('',#5002);
#5002 = AXIS2_PLACEMENT_3D('',#5003,#5004,#5005);
#5003 = CARTESIAN_POINT('',(-1.125,2.928538891724,0.406031440384));
#5004 = DIRECTION('',(-1.,-0.,-0.));
#5005 = DIRECTION('',(0.,0.,-1.));
#5006 = ADVANCED_FACE('',(#5007),#5025,.T.);
#5007 = FACE_BOUND('',#5008,.T.);
#5008 = EDGE_LOOP('',(#5009,#5010,#5018,#5024));
#5009 = ORIENTED_EDGE('',*,*,#4956,.F.);
#5010 = ORIENTED_EDGE('',*,*,#5011,.T.);
#5011 = EDGE_CURVE('',#4957,#5012,#5014,.T.);
#5012 = VERTEX_POINT('',#5013);
#5013 = CARTESIAN_POINT('',(-0.875,2.275,0.12));
#5014 = LINE('',#5015,#5016);
#5015 = CARTESIAN_POINT('',(-1.125,2.275,0.12));
#5016 = VECTOR('',#5017,1.);
#5017 = DIRECTION('',(1.,0.,-0.));
#5018 = ORIENTED_EDGE('',*,*,#5019,.T.);
#5019 = EDGE_CURVE('',#5012,#3316,#5020,.T.);
#5020 = LINE('',#5021,#5022);
#5021 = CARTESIAN_POINT('',(-0.875,2.275,0.12));
#5022 = VECTOR('',#5023,1.);
#5023 = DIRECTION('',(-0.,1.,0.));
#5024 = ORIENTED_EDGE('',*,*,#3313,.F.);
#5025 = PLANE('',#5026);
#5026 = AXIS2_PLACEMENT_3D('',#5027,#5028,#5029);
#5027 = CARTESIAN_POINT('',(-1.125,2.275,0.12));
#5028 = DIRECTION('',(0.,0.,1.));
#5029 = DIRECTION('',(1.,0.,-0.));
#5030 = ADVANCED_FACE('',(#5031),#5073,.F.);
#5031 = FACE_BOUND('',#5032,.F.);
#5032 = EDGE_LOOP('',(#5033,#5034,#5035,#5043,#5051,#5059,#5067));
#5033 = ORIENTED_EDGE('',*,*,#5019,.T.);
#5034 = ORIENTED_EDGE('',*,*,#3323,.F.);
#5035 = ORIENTED_EDGE('',*,*,#5036,.F.);
#5036 = EDGE_CURVE('',#5037,#3324,#5039,.T.);
#5037 = VERTEX_POINT('',#5038);
#5038 = CARTESIAN_POINT('',(-0.875,2.275,1.17));
#5039 = LINE('',#5040,#5041);
#5040 = CARTESIAN_POINT('',(-0.875,2.275,1.17));
#5041 = VECTOR('',#5042,1.);
#5042 = DIRECTION('',(-0.,1.,0.));
#5043 = ORIENTED_EDGE('',*,*,#5044,.F.);
#5044 = EDGE_CURVE('',#5045,#5037,#5047,.T.);
#5045 = VERTEX_POINT('',#5046);
#5046 = CARTESIAN_POINT('',(-0.875,2.275,0.86));
#5047 = LINE('',#5048,#5049);
#5048 = CARTESIAN_POINT('',(-0.875,2.275,0.12));
#5049 = VECTOR('',#5050,1.);
#5050 = DIRECTION('',(0.,0.,1.));
#5051 = ORIENTED_EDGE('',*,*,#5052,.F.);
#5052 = EDGE_CURVE('',#5053,#5045,#5055,.T.);
#5053 = VERTEX_POINT('',#5054);
#5054 = CARTESIAN_POINT('',(-0.875,2.275,0.49));
#5055 = LINE('',#5056,#5057);
#5056 = CARTESIAN_POINT('',(-0.875,2.275,0.12));
#5057 = VECTOR('',#5058,1.);
#5058 = DIRECTION('',(0.,0.,1.));
#5059 = ORIENTED_EDGE('',*,*,#5060,.F.);
#5060 = EDGE_CURVE('',#5061,#5053,#5063,.T.);
#5061 = VERTEX_POINT('',#5062);
#5062 = CARTESIAN_POINT('',(-0.875,2.275,0.3));
#5063 = LINE('',#5064,#5065);
#5064 = CARTESIAN_POINT('',(-0.875,2.275,0.12));
#5065 = VECTOR('',#5066,1.);
#5066 = DIRECTION('',(0.,0.,1.));
#5067 = ORIENTED_EDGE('',*,*,#5068,.F.);
#5068 = EDGE_CURVE('',#5012,#5061,#5069,.T.);
#5069 = LINE('',#5070,#5071);
#5070 = CARTESIAN_POINT('',(-0.875,2.275,0.12));
#5071 = VECTOR('',#5072,1.);
#5072 = DIRECTION('',(0.,0.,1.));
#5073 = PLANE('',#5074);
#5074 = AXIS2_PLACEMENT_3D('',#5075,#5076,#5077);
#5075 = CARTESIAN_POINT('',(-0.875,2.928538891724,0.406031440384));
#5076 = DIRECTION('',(1.,0.,0.));
#5077 = DIRECTION('',(-0.,0.,1.));
#5078 = ADVANCED_FACE('',(#5079),#5113,.F.);
#5079 = FACE_BOUND('',#5080,.F.);
#5080 = EDGE_LOOP('',(#5081,#5082,#5090,#5096,#5097,#5105,#5111,#5112));
#5081 = ORIENTED_EDGE('',*,*,#4996,.F.);
#5082 = ORIENTED_EDGE('',*,*,#5083,.F.);
#5083 = EDGE_CURVE('',#5084,#4989,#5086,.T.);
#5084 = VERTEX_POINT('',#5085);
#5085 = CARTESIAN_POINT('',(-1.15,2.275,1.17));
#5086 = LINE('',#5087,#5088);
#5087 = CARTESIAN_POINT('',(-1.15,2.275,1.17));
#5088 = VECTOR('',#5089,1.);
#5089 = DIRECTION('',(1.,0.,-0.));
#5090 = ORIENTED_EDGE('',*,*,#5091,.F.);
#5091 = EDGE_CURVE('',#886,#5084,#5092,.T.);
#5092 = LINE('',#5093,#5094);
#5093 = CARTESIAN_POINT('',(-1.15,-0.6,1.17));
#5094 = VECTOR('',#5095,1.);
#5095 = DIRECTION('',(-0.,1.,0.));
#5096 = ORIENTED_EDGE('',*,*,#911,.T.);
#5097 = ORIENTED_EDGE('',*,*,#5098,.T.);
#5098 = EDGE_CURVE('',#904,#5099,#5101,.T.);
#5099 = VERTEX_POINT('',#5100);
#5100 = CARTESIAN_POINT('',(-0.85,2.275,1.17));
#5101 = LINE('',#5102,#5103);
#5102 = CARTESIAN_POINT('',(-0.85,-0.6,1.17));
#5103 = VECTOR('',#5104,1.);
#5104 = DIRECTION('',(-0.,1.,0.));
#5105 = ORIENTED_EDGE('',*,*,#5106,.F.);
#5106 = EDGE_CURVE('',#5037,#5099,#5107,.T.);
#5107 = LINE('',#5108,#5109);
#5108 = CARTESIAN_POINT('',(-1.15,2.275,1.17));
#5109 = VECTOR('',#5110,1.);
#5110 = DIRECTION('',(1.,0.,-0.));
#5111 = ORIENTED_EDGE('',*,*,#5036,.T.);
#5112 = ORIENTED_EDGE('',*,*,#3331,.F.);
#5113 = PLANE('',#5114);
#5114 = AXIS2_PLACEMENT_3D('',#5115,#5116,#5117);
#5115 = CARTESIAN_POINT('',(-1.,0.936018518519,1.17));
#5116 = DIRECTION('',(0.,0.,1.));
#5117 = DIRECTION('',(1.,0.,-0.));
#5118 = ADVANCED_FACE('',(#5119),#5168,.F.);
#5119 = FACE_BOUND('',#5120,.F.);
#5120 = EDGE_LOOP('',(#5121,#5122,#5130,#5138,#5146,#5154,#5162));
#5121 = ORIENTED_EDGE('',*,*,#3373,.F.);
#5122 = ORIENTED_EDGE('',*,*,#5123,.F.);
#5123 = EDGE_CURVE('',#5124,#3348,#5126,.T.);
#5124 = VERTEX_POINT('',#5125);
#5125 = CARTESIAN_POINT('',(-0.125,2.275,0.12));
#5126 = LINE('',#5127,#5128);
#5127 = CARTESIAN_POINT('',(-0.125,2.275,0.12));
#5128 = VECTOR('',#5129,1.);
#5129 = DIRECTION('',(-0.,1.,0.));
#5130 = ORIENTED_EDGE('',*,*,#5131,.T.);
#5131 = EDGE_CURVE('',#5124,#5132,#5134,.T.);
#5132 = VERTEX_POINT('',#5133);
#5133 = CARTESIAN_POINT('',(-0.125,2.275,0.3));
#5134 = LINE('',#5135,#5136);
#5135 = CARTESIAN_POINT('',(-0.125,2.275,0.12));
#5136 = VECTOR('',#5137,1.);
#5137 = DIRECTION('',(0.,0.,1.));
#5138 = ORIENTED_EDGE('',*,*,#5139,.T.);
#5139 = EDGE_CURVE('',#5132,#5140,#5142,.T.);
#5140 = VERTEX_POINT('',#5141);
#5141 = CARTESIAN_POINT('',(-0.125,2.275,0.49));
#5142 = LINE('',#5143,#5144);
#5143 = CARTESIAN_POINT('',(-0.125,2.275,0.12));
#5144 = VECTOR('',#5145,1.);
#5145 = DIRECTION('',(0.,0.,1.));
#5146 = ORIENTED_EDGE('',*,*,#5147,.T.);
#5147 = EDGE_CURVE('',#5140,#5148,#5150,.T.);
#5148 = VERTEX_POINT('',#5149);
#5149 = CARTESIAN_POINT('',(-0.125,2.275,0.86));
#5150 = LINE('',#5151,#5152);
#5151 = CARTESIAN_POINT('',(-0.125,2.275,0.12));
#5152 = VECTOR('',#5153,1.);
#5153 = DIRECTION('',(0.,0.,1.));
#5154 = ORIENTED_EDGE('',*,*,#5155,.T.);
#5155 = EDGE_CURVE('',#5148,#5156,#5158,.T.);
#5156 = VERTEX_POINT('',#5157);
#5157 = CARTESIAN_POINT('',(-0.125,2.275,1.17));
#5158 = LINE('',#5159,#5160);
#5159 = CARTESIAN_POINT('',(-0.125,2.275,0.12));
#5160 = VECTOR('',#5161,1.);
#5161 = DIRECTION('',(0.,0.,1.));
#5162 = ORIENTED_EDGE('',*,*,#5163,.T.);
#5163 = EDGE_CURVE('',#5156,#3366,#5164,.T.);
#5164 = LINE('',#5165,#5166);
#5165 = CARTESIAN_POINT('',(-0.125,2.275,1.17));
#5166 = VECTOR('',#5167,1.);
#5167 = DIRECTION('',(-0.,1.,0.));
#5168 = PLANE('',#5169);
#5169 = AXIS2_PLACEMENT_3D('',#5170,#5171,#5172);
#5170 = CARTESIAN_POINT('',(-0.125,2.928538891724,0.406031440384));
#5171 = DIRECTION('',(-1.,-0.,-0.));
#5172 = DIRECTION('',(0.,0.,-1.));
#5173 = ADVANCED_FACE('',(#5174),#5192,.T.);
#5174 = FACE_BOUND('',#5175,.T.);
#5175 = EDGE_LOOP('',(#5176,#5177,#5185,#5191));
#5176 = ORIENTED_EDGE('',*,*,#5123,.F.);
#5177 = ORIENTED_EDGE('',*,*,#5178,.T.);
#5178 = EDGE_CURVE('',#5124,#5179,#5181,.T.);
#5179 = VERTEX_POINT('',#5180);
#5180 = CARTESIAN_POINT('',(0.125,2.275,0.12));
#5181 = LINE('',#5182,#5183);
#5182 = CARTESIAN_POINT('',(-0.125,2.275,0.12));
#5183 = VECTOR('',#5184,1.);
#5184 = DIRECTION('',(1.,0.,-0.));
#5185 = ORIENTED_EDGE('',*,*,#5186,.T.);
#5186 = EDGE_CURVE('',#5179,#3350,#5187,.T.);
#5187 = LINE('',#5188,#5189);
#5188 = CARTESIAN_POINT('',(0.125,2.275,0.12));
#5189 = VECTOR('',#5190,1.);
#5190 = DIRECTION('',(-0.,1.,0.));
#5191 = ORIENTED_EDGE('',*,*,#3347,.F.);
#5192 = PLANE('',#5193);
#5193 = AXIS2_PLACEMENT_3D('',#5194,#5195,#5196);
#5194 = CARTESIAN_POINT('',(-0.125,2.275,0.12));
#5195 = DIRECTION('',(0.,0.,1.));
#5196 = DIRECTION('',(1.,0.,-0.));
#5197 = ADVANCED_FACE('',(#5198),#5240,.F.);
#5198 = FACE_BOUND('',#5199,.F.);
#5199 = EDGE_LOOP('',(#5200,#5201,#5202,#5210,#5218,#5226,#5234));
#5200 = ORIENTED_EDGE('',*,*,#5186,.T.);
#5201 = ORIENTED_EDGE('',*,*,#3357,.F.);
#5202 = ORIENTED_EDGE('',*,*,#5203,.F.);
#5203 = EDGE_CURVE('',#5204,#3358,#5206,.T.);
#5204 = VERTEX_POINT('',#5205);
#5205 = CARTESIAN_POINT('',(0.125,2.275,1.17));
#5206 = LINE('',#5207,#5208);
#5207 = CARTESIAN_POINT('',(0.125,2.275,1.17));
#5208 = VECTOR('',#5209,1.);
#5209 = DIRECTION('',(-0.,1.,0.));
#5210 = ORIENTED_EDGE('',*,*,#5211,.F.);
#5211 = EDGE_CURVE('',#5212,#5204,#5214,.T.);
#5212 = VERTEX_POINT('',#5213);
#5213 = CARTESIAN_POINT('',(0.125,2.275,0.86));
#5214 = LINE('',#5215,#5216);
#5215 = CARTESIAN_POINT('',(0.125,2.275,0.12));
#5216 = VECTOR('',#5217,1.);
#5217 = DIRECTION('',(0.,0.,1.));
#5218 = ORIENTED_EDGE('',*,*,#5219,.F.);
#5219 = EDGE_CURVE('',#5220,#5212,#5222,.T.);
#5220 = VERTEX_POINT('',#5221);
#5221 = CARTESIAN_POINT('',(0.125,2.275,0.49));
#5222 = LINE('',#5223,#5224);
#5223 = CARTESIAN_POINT('',(0.125,2.275,0.12));
#5224 = VECTOR('',#5225,1.);
#5225 = DIRECTION('',(0.,0.,1.));
#5226 = ORIENTED_EDGE('',*,*,#5227,.F.);
#5227 = EDGE_CURVE('',#5228,#5220,#5230,.T.);
#5228 = VERTEX_POINT('',#5229);
#5229 = CARTESIAN_POINT('',(0.125,2.275,0.3));
#5230 = LINE('',#5231,#5232);
#5231 = CARTESIAN_POINT('',(0.125,2.275,0.12));
#5232 = VECTOR('',#5233,1.);
#5233 = DIRECTION('',(0.,0.,1.));
#5234 = ORIENTED_EDGE('',*,*,#5235,.F.);
#5235 = EDGE_CURVE('',#5179,#5228,#5236,.T.);
#5236 = LINE('',#5237,#5238);
#5237 = CARTESIAN_POINT('',(0.125,2.275,0.12));
#5238 = VECTOR('',#5239,1.);
#5239 = DIRECTION('',(0.,0.,1.));
#5240 = PLANE('',#5241);
#5241 = AXIS2_PLACEMENT_3D('',#5242,#5243,#5244);
#5242 = CARTESIAN_POINT('',(0.125,2.928538891724,0.406031440384));
#5243 = DIRECTION('',(1.,0.,0.));
#5244 = DIRECTION('',(-0.,0.,1.));
#5245 = ADVANCED_FACE('',(#5246),#5280,.F.);
#5246 = FACE_BOUND('',#5247,.F.);
#5247 = EDGE_LOOP('',(#5248,#5249,#5257,#5263,#5264,#5272,#5278,#5279));
#5248 = ORIENTED_EDGE('',*,*,#5163,.F.);
#5249 = ORIENTED_EDGE('',*,*,#5250,.F.);
#5250 = EDGE_CURVE('',#5251,#5156,#5253,.T.);
#5251 = VERTEX_POINT('',#5252);
#5252 = CARTESIAN_POINT('',(-0.15,2.275,1.17));
#5253 = LINE('',#5254,#5255);
#5254 = CARTESIAN_POINT('',(-0.15,2.275,1.17));
#5255 = VECTOR('',#5256,1.);
#5256 = DIRECTION('',(1.,0.,-0.));
#5257 = ORIENTED_EDGE('',*,*,#5258,.F.);
#5258 = EDGE_CURVE('',#920,#5251,#5259,.T.);
#5259 = LINE('',#5260,#5261);
#5260 = CARTESIAN_POINT('',(-0.15,-0.6,1.17));
#5261 = VECTOR('',#5262,1.);
#5262 = DIRECTION('',(-0.,1.,0.));
#5263 = ORIENTED_EDGE('',*,*,#945,.T.);
#5264 = ORIENTED_EDGE('',*,*,#5265,.T.);
#5265 = EDGE_CURVE('',#938,#5266,#5268,.T.);
#5266 = VERTEX_POINT('',#5267);
#5267 = CARTESIAN_POINT('',(0.15,2.275,1.17));
#5268 = LINE('',#5269,#5270);
#5269 = CARTESIAN_POINT('',(0.15,-0.6,1.17));
#5270 = VECTOR('',#5271,1.);
#5271 = DIRECTION('',(-0.,1.,0.));
#5272 = ORIENTED_EDGE('',*,*,#5273,.F.);
#5273 = EDGE_CURVE('',#5204,#5266,#5274,.T.);
#5274 = LINE('',#5275,#5276);
#5275 = CARTESIAN_POINT('',(-0.15,2.275,1.17));
#5276 = VECTOR('',#5277,1.);
#5277 = DIRECTION('',(1.,0.,-0.));
#5278 = ORIENTED_EDGE('',*,*,#5203,.T.);
#5279 = ORIENTED_EDGE('',*,*,#3365,.F.);
#5280 = PLANE('',#5281);
#5281 = AXIS2_PLACEMENT_3D('',#5282,#5283,#5284);
#5282 = CARTESIAN_POINT('',(-6.167905692362E-18,0.936018518519,1.17));
#5283 = DIRECTION('',(0.,0.,1.));
#5284 = DIRECTION('',(1.,0.,-0.));
#5285 = ADVANCED_FACE('',(#5286),#5335,.F.);
#5286 = FACE_BOUND('',#5287,.F.);
#5287 = EDGE_LOOP('',(#5288,#5289,#5297,#5305,#5313,#5321,#5329));
#5288 = ORIENTED_EDGE('',*,*,#3407,.F.);
#5289 = ORIENTED_EDGE('',*,*,#5290,.F.);
#5290 = EDGE_CURVE('',#5291,#3382,#5293,.T.);
#5291 = VERTEX_POINT('',#5292);
#5292 = CARTESIAN_POINT('',(0.875,2.275,0.12));
#5293 = LINE('',#5294,#5295);
#5294 = CARTESIAN_POINT('',(0.875,2.275,0.12));
#5295 = VECTOR('',#5296,1.);
#5296 = DIRECTION('',(-0.,1.,0.));
#5297 = ORIENTED_EDGE('',*,*,#5298,.T.);
#5298 = EDGE_CURVE('',#5291,#5299,#5301,.T.);
#5299 = VERTEX_POINT('',#5300);
#5300 = CARTESIAN_POINT('',(0.875,2.275,0.3));
#5301 = LINE('',#5302,#5303);
#5302 = CARTESIAN_POINT('',(0.875,2.275,0.12));
#5303 = VECTOR('',#5304,1.);
#5304 = DIRECTION('',(0.,0.,1.));
#5305 = ORIENTED_EDGE('',*,*,#5306,.T.);
#5306 = EDGE_CURVE('',#5299,#5307,#5309,.T.);
#5307 = VERTEX_POINT('',#5308);
#5308 = CARTESIAN_POINT('',(0.875,2.275,0.49));
#5309 = LINE('',#5310,#5311);
#5310 = CARTESIAN_POINT('',(0.875,2.275,0.12));
#5311 = VECTOR('',#5312,1.);
#5312 = DIRECTION('',(0.,0.,1.));
#5313 = ORIENTED_EDGE('',*,*,#5314,.T.);
#5314 = EDGE_CURVE('',#5307,#5315,#5317,.T.);
#5315 = VERTEX_POINT('',#5316);
#5316 = CARTESIAN_POINT('',(0.875,2.275,0.86));
#5317 = LINE('',#5318,#5319);
#5318 = CARTESIAN_POINT('',(0.875,2.275,0.12));
#5319 = VECTOR('',#5320,1.);
#5320 = DIRECTION('',(0.,0.,1.));
#5321 = ORIENTED_EDGE('',*,*,#5322,.T.);
#5322 = EDGE_CURVE('',#5315,#5323,#5325,.T.);
#5323 = VERTEX_POINT('',#5324);
#5324 = CARTESIAN_POINT('',(0.875,2.275,1.17));
#5325 = LINE('',#5326,#5327);
#5326 = CARTESIAN_POINT('',(0.875,2.275,0.12));
#5327 = VECTOR('',#5328,1.);
#5328 = DIRECTION('',(0.,0.,1.));
#5329 = ORIENTED_EDGE('',*,*,#5330,.T.);
#5330 = EDGE_CURVE('',#5323,#3400,#5331,.T.);
#5331 = LINE('',#5332,#5333);
#5332 = CARTESIAN_POINT('',(0.875,2.275,1.17));
#5333 = VECTOR('',#5334,1.);
#5334 = DIRECTION('',(-0.,1.,0.));
#5335 = PLANE('',#5336);
#5336 = AXIS2_PLACEMENT_3D('',#5337,#5338,#5339);
#5337 = CARTESIAN_POINT('',(0.875,2.928538891724,0.406031440384));
#5338 = DIRECTION('',(-1.,-0.,-0.));
#5339 = DIRECTION('',(0.,0.,-1.));
#5340 = ADVANCED_FACE('',(#5341),#5359,.T.);
#5341 = FACE_BOUND('',#5342,.T.);
#5342 = EDGE_LOOP('',(#5343,#5344,#5352,#5358));
#5343 = ORIENTED_EDGE('',*,*,#5290,.F.);
#5344 = ORIENTED_EDGE('',*,*,#5345,.T.);
#5345 = EDGE_CURVE('',#5291,#5346,#5348,.T.);
#5346 = VERTEX_POINT('',#5347);
#5347 = CARTESIAN_POINT('',(1.125,2.275,0.12));
#5348 = LINE('',#5349,#5350);
#5349 = CARTESIAN_POINT('',(0.875,2.275,0.12));
#5350 = VECTOR('',#5351,1.);
#5351 = DIRECTION('',(1.,0.,-0.));
#5352 = ORIENTED_EDGE('',*,*,#5353,.T.);
#5353 = EDGE_CURVE('',#5346,#3384,#5354,.T.);
#5354 = LINE('',#5355,#5356);
#5355 = CARTESIAN_POINT('',(1.125,2.275,0.12));
#5356 = VECTOR('',#5357,1.);
#5357 = DIRECTION('',(-0.,1.,0.));
#5358 = ORIENTED_EDGE('',*,*,#3381,.F.);
#5359 = PLANE('',#5360);
#5360 = AXIS2_PLACEMENT_3D('',#5361,#5362,#5363);
#5361 = CARTESIAN_POINT('',(0.875,2.275,0.12));
#5362 = DIRECTION('',(0.,0.,1.));
#5363 = DIRECTION('',(1.,0.,-0.));
#5364 = ADVANCED_FACE('',(#5365),#5407,.F.);
#5365 = FACE_BOUND('',#5366,.F.);
#5366 = EDGE_LOOP('',(#5367,#5368,#5369,#5377,#5385,#5393,#5401));
#5367 = ORIENTED_EDGE('',*,*,#5353,.T.);
#5368 = ORIENTED_EDGE('',*,*,#3391,.F.);
#5369 = ORIENTED_EDGE('',*,*,#5370,.F.);
#5370 = EDGE_CURVE('',#5371,#3392,#5373,.T.);
#5371 = VERTEX_POINT('',#5372);
#5372 = CARTESIAN_POINT('',(1.125,2.275,1.17));
#5373 = LINE('',#5374,#5375);
#5374 = CARTESIAN_POINT('',(1.125,2.275,1.17));
#5375 = VECTOR('',#5376,1.);
#5376 = DIRECTION('',(-0.,1.,0.));
#5377 = ORIENTED_EDGE('',*,*,#5378,.F.);
#5378 = EDGE_CURVE('',#5379,#5371,#5381,.T.);
#5379 = VERTEX_POINT('',#5380);
#5380 = CARTESIAN_POINT('',(1.125,2.275,0.86));
#5381 = LINE('',#5382,#5383);
#5382 = CARTESIAN_POINT('',(1.125,2.275,0.12));
#5383 = VECTOR('',#5384,1.);
#5384 = DIRECTION('',(0.,0.,1.));
#5385 = ORIENTED_EDGE('',*,*,#5386,.F.);
#5386 = EDGE_CURVE('',#5387,#5379,#5389,.T.);
#5387 = VERTEX_POINT('',#5388);
#5388 = CARTESIAN_POINT('',(1.125,2.275,0.49));
#5389 = LINE('',#5390,#5391);
#5390 = CARTESIAN_POINT('',(1.125,2.275,0.12));
#5391 = VECTOR('',#5392,1.);
#5392 = DIRECTION('',(0.,0.,1.));
#5393 = ORIENTED_EDGE('',*,*,#5394,.F.);
#5394 = EDGE_CURVE('',#5395,#5387,#5397,.T.);
#5395 = VERTEX_POINT('',#5396);
#5396 = CARTESIAN_POINT('',(1.125,2.275,0.3));
#5397 = LINE('',#5398,#5399);
#5398 = CARTESIAN_POINT('',(1.125,2.275,0.12));
#5399 = VECTOR('',#5400,1.);
#5400 = DIRECTION('',(0.,0.,1.));
#5401 = ORIENTED_EDGE('',*,*,#5402,.F.);
#5402 = EDGE_CURVE('',#5346,#5395,#5403,.T.);
#5403 = LINE('',#5404,#5405);
#5404 = CARTESIAN_POINT('',(1.125,2.275,0.12));
#5405 = VECTOR('',#5406,1.);
#5406 = DIRECTION('',(0.,0.,1.));
#5407 = PLANE('',#5408);
#5408 = AXIS2_PLACEMENT_3D('',#5409,#5410,#5411);
#5409 = CARTESIAN_POINT('',(1.125,2.928538891724,0.406031440384));
#5410 = DIRECTION('',(1.,0.,0.));
#5411 = DIRECTION('',(-0.,0.,1.));
#5412 = ADVANCED_FACE('',(#5413),#5447,.F.);
#5413 = FACE_BOUND('',#5414,.F.);
#5414 = EDGE_LOOP('',(#5415,#5416,#5424,#5430,#5431,#5439,#5445,#5446));
#5415 = ORIENTED_EDGE('',*,*,#5330,.F.);
#5416 = ORIENTED_EDGE('',*,*,#5417,.F.);
#5417 = EDGE_CURVE('',#5418,#5323,#5420,.T.);
#5418 = VERTEX_POINT('',#5419);
#5419 = CARTESIAN_POINT('',(0.85,2.275,1.17));
#5420 = LINE('',#5421,#5422);
#5421 = CARTESIAN_POINT('',(0.85,2.275,1.17));
#5422 = VECTOR('',#5423,1.);
#5423 = DIRECTION('',(1.,0.,-0.));
#5424 = ORIENTED_EDGE('',*,*,#5425,.F.);
#5425 = EDGE_CURVE('',#954,#5418,#5426,.T.);
#5426 = LINE('',#5427,#5428);
#5427 = CARTESIAN_POINT('',(0.85,-0.6,1.17));
#5428 = VECTOR('',#5429,1.);
#5429 = DIRECTION('',(-0.,1.,0.));
#5430 = ORIENTED_EDGE('',*,*,#979,.T.);
#5431 = ORIENTED_EDGE('',*,*,#5432,.T.);
#5432 = EDGE_CURVE('',#972,#5433,#5435,.T.);
#5433 = VERTEX_POINT('',#5434);
#5434 = CARTESIAN_POINT('',(1.15,2.275,1.17));
#5435 = LINE('',#5436,#5437);
#5436 = CARTESIAN_POINT('',(1.15,-0.6,1.17));
#5437 = VECTOR('',#5438,1.);
#5438 = DIRECTION('',(-0.,1.,0.));
#5439 = ORIENTED_EDGE('',*,*,#5440,.F.);
#5440 = EDGE_CURVE('',#5371,#5433,#5441,.T.);
#5441 = LINE('',#5442,#5443);
#5442 = CARTESIAN_POINT('',(0.85,2.275,1.17));
#5443 = VECTOR('',#5444,1.);
#5444 = DIRECTION('',(1.,0.,-0.));
#5445 = ORIENTED_EDGE('',*,*,#5370,.T.);
#5446 = ORIENTED_EDGE('',*,*,#3399,.F.);
#5447 = PLANE('',#5448);
#5448 = AXIS2_PLACEMENT_3D('',#5449,#5450,#5451);
#5449 = CARTESIAN_POINT('',(1.,0.936018518519,1.17));
#5450 = DIRECTION('',(0.,0.,1.));
#5451 = DIRECTION('',(1.,0.,-0.));
#5452 = ADVANCED_FACE('',(#5453),#5502,.F.);
#5453 = FACE_BOUND('',#5454,.F.);
#5454 = EDGE_LOOP('',(#5455,#5456,#5464,#5472,#5480,#5488,#5496));
#5455 = ORIENTED_EDGE('',*,*,#3441,.F.);
#5456 = ORIENTED_EDGE('',*,*,#5457,.F.);
#5457 = EDGE_CURVE('',#5458,#3416,#5460,.T.);
#5458 = VERTEX_POINT('',#5459);
#5459 = CARTESIAN_POINT('',(1.875,2.275,0.12));
#5460 = LINE('',#5461,#5462);
#5461 = CARTESIAN_POINT('',(1.875,2.275,0.12));
#5462 = VECTOR('',#5463,1.);
#5463 = DIRECTION('',(-0.,1.,0.));
#5464 = ORIENTED_EDGE('',*,*,#5465,.T.);
#5465 = EDGE_CURVE('',#5458,#5466,#5468,.T.);
#5466 = VERTEX_POINT('',#5467);
#5467 = CARTESIAN_POINT('',(1.875,2.275,0.3));
#5468 = LINE('',#5469,#5470);
#5469 = CARTESIAN_POINT('',(1.875,2.275,0.12));
#5470 = VECTOR('',#5471,1.);
#5471 = DIRECTION('',(0.,0.,1.));
#5472 = ORIENTED_EDGE('',*,*,#5473,.T.);
#5473 = EDGE_CURVE('',#5466,#5474,#5476,.T.);
#5474 = VERTEX_POINT('',#5475);
#5475 = CARTESIAN_POINT('',(1.875,2.275,0.49));
#5476 = LINE('',#5477,#5478);
#5477 = CARTESIAN_POINT('',(1.875,2.275,0.12));
#5478 = VECTOR('',#5479,1.);
#5479 = DIRECTION('',(0.,0.,1.));
#5480 = ORIENTED_EDGE('',*,*,#5481,.T.);
#5481 = EDGE_CURVE('',#5474,#5482,#5484,.T.);
#5482 = VERTEX_POINT('',#5483);
#5483 = CARTESIAN_POINT('',(1.875,2.275,0.86));
#5484 = LINE('',#5485,#5486);
#5485 = CARTESIAN_POINT('',(1.875,2.275,0.12));
#5486 = VECTOR('',#5487,1.);
#5487 = DIRECTION('',(0.,0.,1.));
#5488 = ORIENTED_EDGE('',*,*,#5489,.T.);
#5489 = EDGE_CURVE('',#5482,#5490,#5492,.T.);
#5490 = VERTEX_POINT('',#5491);
#5491 = CARTESIAN_POINT('',(1.875,2.275,1.17));
#5492 = LINE('',#5493,#5494);
#5493 = CARTESIAN_POINT('',(1.875,2.275,0.12));
#5494 = VECTOR('',#5495,1.);
#5495 = DIRECTION('',(0.,0.,1.));
#5496 = ORIENTED_EDGE('',*,*,#5497,.T.);
#5497 = EDGE_CURVE('',#5490,#3434,#5498,.T.);
#5498 = LINE('',#5499,#5500);
#5499 = CARTESIAN_POINT('',(1.875,2.275,1.17));
#5500 = VECTOR('',#5501,1.);
#5501 = DIRECTION('',(-0.,1.,0.));
#5502 = PLANE('',#5503);
#5503 = AXIS2_PLACEMENT_3D('',#5504,#5505,#5506);
#5504 = CARTESIAN_POINT('',(1.875,2.928538891724,0.406031440384));
#5505 = DIRECTION('',(-1.,-0.,-0.));
#5506 = DIRECTION('',(0.,0.,-1.));
#5507 = ADVANCED_FACE('',(#5508),#5526,.T.);
#5508 = FACE_BOUND('',#5509,.T.);
#5509 = EDGE_LOOP('',(#5510,#5511,#5519,#5525));
#5510 = ORIENTED_EDGE('',*,*,#5457,.F.);
#5511 = ORIENTED_EDGE('',*,*,#5512,.T.);
#5512 = EDGE_CURVE('',#5458,#5513,#5515,.T.);
#5513 = VERTEX_POINT('',#5514);
#5514 = CARTESIAN_POINT('',(2.125,2.275,0.12));
#5515 = LINE('',#5516,#5517);
#5516 = CARTESIAN_POINT('',(1.875,2.275,0.12));
#5517 = VECTOR('',#5518,1.);
#5518 = DIRECTION('',(1.,0.,-0.));
#5519 = ORIENTED_EDGE('',*,*,#5520,.T.);
#5520 = EDGE_CURVE('',#5513,#3418,#5521,.T.);
#5521 = LINE('',#5522,#5523);
#5522 = CARTESIAN_POINT('',(2.125,2.275,0.12));
#5523 = VECTOR('',#5524,1.);
#5524 = DIRECTION('',(-0.,1.,0.));
#5525 = ORIENTED_EDGE('',*,*,#3415,.F.);
#5526 = PLANE('',#5527);
#5527 = AXIS2_PLACEMENT_3D('',#5528,#5529,#5530);
#5528 = CARTESIAN_POINT('',(1.875,2.275,0.12));
#5529 = DIRECTION('',(0.,0.,1.));
#5530 = DIRECTION('',(1.,0.,-0.));
#5531 = ADVANCED_FACE('',(#5532),#5574,.F.);
#5532 = FACE_BOUND('',#5533,.F.);
#5533 = EDGE_LOOP('',(#5534,#5535,#5536,#5544,#5552,#5560,#5568));
#5534 = ORIENTED_EDGE('',*,*,#5520,.T.);
#5535 = ORIENTED_EDGE('',*,*,#3425,.F.);
#5536 = ORIENTED_EDGE('',*,*,#5537,.F.);
#5537 = EDGE_CURVE('',#5538,#3426,#5540,.T.);
#5538 = VERTEX_POINT('',#5539);
#5539 = CARTESIAN_POINT('',(2.125,2.275,1.17));
#5540 = LINE('',#5541,#5542);
#5541 = CARTESIAN_POINT('',(2.125,2.275,1.17));
#5542 = VECTOR('',#5543,1.);
#5543 = DIRECTION('',(-0.,1.,0.));
#5544 = ORIENTED_EDGE('',*,*,#5545,.F.);
#5545 = EDGE_CURVE('',#5546,#5538,#5548,.T.);
#5546 = VERTEX_POINT('',#5547);
#5547 = CARTESIAN_POINT('',(2.125,2.275,0.86));
#5548 = LINE('',#5549,#5550);
#5549 = CARTESIAN_POINT('',(2.125,2.275,0.12));
#5550 = VECTOR('',#5551,1.);
#5551 = DIRECTION('',(0.,0.,1.));
#5552 = ORIENTED_EDGE('',*,*,#5553,.F.);
#5553 = EDGE_CURVE('',#5554,#5546,#5556,.T.);
#5554 = VERTEX_POINT('',#5555);
#5555 = CARTESIAN_POINT('',(2.125,2.275,0.49));
#5556 = LINE('',#5557,#5558);
#5557 = CARTESIAN_POINT('',(2.125,2.275,0.12));
#5558 = VECTOR('',#5559,1.);
#5559 = DIRECTION('',(0.,0.,1.));
#5560 = ORIENTED_EDGE('',*,*,#5561,.F.);
#5561 = EDGE_CURVE('',#5562,#5554,#5564,.T.);
#5562 = VERTEX_POINT('',#5563);
#5563 = CARTESIAN_POINT('',(2.125,2.275,0.3));
#5564 = LINE('',#5565,#5566);
#5565 = CARTESIAN_POINT('',(2.125,2.275,0.12));
#5566 = VECTOR('',#5567,1.);
#5567 = DIRECTION('',(0.,0.,1.));
#5568 = ORIENTED_EDGE('',*,*,#5569,.F.);
#5569 = EDGE_CURVE('',#5513,#5562,#5570,.T.);
#5570 = LINE('',#5571,#5572);
#5571 = CARTESIAN_POINT('',(2.125,2.275,0.12));
#5572 = VECTOR('',#5573,1.);
#5573 = DIRECTION('',(0.,0.,1.));
#5574 = PLANE('',#5575);
#5575 = AXIS2_PLACEMENT_3D('',#5576,#5577,#5578);
#5576 = CARTESIAN_POINT('',(2.125,2.928538891724,0.406031440384));
#5577 = DIRECTION('',(1.,0.,0.));
#5578 = DIRECTION('',(-0.,0.,1.));
#5579 = ADVANCED_FACE('',(#5580),#5614,.F.);
#5580 = FACE_BOUND('',#5581,.F.);
#5581 = EDGE_LOOP('',(#5582,#5583,#5591,#5597,#5598,#5606,#5612,#5613));
#5582 = ORIENTED_EDGE('',*,*,#5497,.F.);
#5583 = ORIENTED_EDGE('',*,*,#5584,.F.);
#5584 = EDGE_CURVE('',#5585,#5490,#5587,.T.);
#5585 = VERTEX_POINT('',#5586);
#5586 = CARTESIAN_POINT('',(1.85,2.275,1.17));
#5587 = LINE('',#5588,#5589);
#5588 = CARTESIAN_POINT('',(1.85,2.275,1.17));
#5589 = VECTOR('',#5590,1.);
#5590 = DIRECTION('',(1.,0.,-0.));
#5591 = ORIENTED_EDGE('',*,*,#5592,.F.);
#5592 = EDGE_CURVE('',#988,#5585,#5593,.T.);
#5593 = LINE('',#5594,#5595);
#5594 = CARTESIAN_POINT('',(1.85,-0.6,1.17));
#5595 = VECTOR('',#5596,1.);
#5596 = DIRECTION('',(-0.,1.,0.));
#5597 = ORIENTED_EDGE('',*,*,#1013,.T.);
#5598 = ORIENTED_EDGE('',*,*,#5599,.T.);
#5599 = EDGE_CURVE('',#1006,#5600,#5602,.T.);
#5600 = VERTEX_POINT('',#5601);
#5601 = CARTESIAN_POINT('',(2.15,2.275,1.17));
#5602 = LINE('',#5603,#5604);
#5603 = CARTESIAN_POINT('',(2.15,-0.6,1.17));
#5604 = VECTOR('',#5605,1.);
#5605 = DIRECTION('',(-0.,1.,0.));
#5606 = ORIENTED_EDGE('',*,*,#5607,.F.);
#5607 = EDGE_CURVE('',#5538,#5600,#5608,.T.);
#5608 = LINE('',#5609,#5610);
#5609 = CARTESIAN_POINT('',(1.85,2.275,1.17));
#5610 = VECTOR('',#5611,1.);
#5611 = DIRECTION('',(1.,0.,-0.));
#5612 = ORIENTED_EDGE('',*,*,#5537,.T.);
#5613 = ORIENTED_EDGE('',*,*,#3433,.F.);
#5614 = PLANE('',#5615);
#5615 = AXIS2_PLACEMENT_3D('',#5616,#5617,#5618);
#5616 = CARTESIAN_POINT('',(2.,0.936018518519,1.17));
#5617 = DIRECTION('',(0.,0.,1.));
#5618 = DIRECTION('',(1.,0.,-0.));
#5619 = ADVANCED_FACE('',(#5620),#5669,.F.);
#5620 = FACE_BOUND('',#5621,.F.);
#5621 = EDGE_LOOP('',(#5622,#5623,#5631,#5639,#5647,#5655,#5663));
#5622 = ORIENTED_EDGE('',*,*,#3475,.F.);
#5623 = ORIENTED_EDGE('',*,*,#5624,.F.);
#5624 = EDGE_CURVE('',#5625,#3450,#5627,.T.);
#5625 = VERTEX_POINT('',#5626);
#5626 = CARTESIAN_POINT('',(2.875,2.275,0.12));
#5627 = LINE('',#5628,#5629);
#5628 = CARTESIAN_POINT('',(2.875,2.275,0.12));
#5629 = VECTOR('',#5630,1.);
#5630 = DIRECTION('',(-0.,1.,0.));
#5631 = ORIENTED_EDGE('',*,*,#5632,.T.);
#5632 = EDGE_CURVE('',#5625,#5633,#5635,.T.);
#5633 = VERTEX_POINT('',#5634);
#5634 = CARTESIAN_POINT('',(2.875,2.275,0.3));
#5635 = LINE('',#5636,#5637);
#5636 = CARTESIAN_POINT('',(2.875,2.275,0.12));
#5637 = VECTOR('',#5638,1.);
#5638 = DIRECTION('',(0.,0.,1.));
#5639 = ORIENTED_EDGE('',*,*,#5640,.T.);
#5640 = EDGE_CURVE('',#5633,#5641,#5643,.T.);
#5641 = VERTEX_POINT('',#5642);
#5642 = CARTESIAN_POINT('',(2.875,2.275,0.49));
#5643 = LINE('',#5644,#5645);
#5644 = CARTESIAN_POINT('',(2.875,2.275,0.12));
#5645 = VECTOR('',#5646,1.);
#5646 = DIRECTION('',(0.,0.,1.));
#5647 = ORIENTED_EDGE('',*,*,#5648,.T.);
#5648 = EDGE_CURVE('',#5641,#5649,#5651,.T.);
#5649 = VERTEX_POINT('',#5650);
#5650 = CARTESIAN_POINT('',(2.875,2.275,0.86));
#5651 = LINE('',#5652,#5653);
#5652 = CARTESIAN_POINT('',(2.875,2.275,0.12));
#5653 = VECTOR('',#5654,1.);
#5654 = DIRECTION('',(0.,0.,1.));
#5655 = ORIENTED_EDGE('',*,*,#5656,.T.);
#5656 = EDGE_CURVE('',#5649,#5657,#5659,.T.);
#5657 = VERTEX_POINT('',#5658);
#5658 = CARTESIAN_POINT('',(2.875,2.275,1.17));
#5659 = LINE('',#5660,#5661);
#5660 = CARTESIAN_POINT('',(2.875,2.275,0.12));
#5661 = VECTOR('',#5662,1.);
#5662 = DIRECTION('',(0.,0.,1.));
#5663 = ORIENTED_EDGE('',*,*,#5664,.T.);
#5664 = EDGE_CURVE('',#5657,#3468,#5665,.T.);
#5665 = LINE('',#5666,#5667);
#5666 = CARTESIAN_POINT('',(2.875,2.275,1.17));
#5667 = VECTOR('',#5668,1.);
#5668 = DIRECTION('',(-0.,1.,0.));
#5669 = PLANE('',#5670);
#5670 = AXIS2_PLACEMENT_3D('',#5671,#5672,#5673);
#5671 = CARTESIAN_POINT('',(2.875,2.928538891724,0.406031440384));
#5672 = DIRECTION('',(-1.,-0.,-0.));
#5673 = DIRECTION('',(0.,0.,-1.));
#5674 = ADVANCED_FACE('',(#5675),#5693,.T.);
#5675 = FACE_BOUND('',#5676,.T.);
#5676 = EDGE_LOOP('',(#5677,#5678,#5686,#5692));
#5677 = ORIENTED_EDGE('',*,*,#5624,.F.);
#5678 = ORIENTED_EDGE('',*,*,#5679,.T.);
#5679 = EDGE_CURVE('',#5625,#5680,#5682,.T.);
#5680 = VERTEX_POINT('',#5681);
#5681 = CARTESIAN_POINT('',(3.125,2.275,0.12));
#5682 = LINE('',#5683,#5684);
#5683 = CARTESIAN_POINT('',(2.875,2.275,0.12));
#5684 = VECTOR('',#5685,1.);
#5685 = DIRECTION('',(1.,0.,-0.));
#5686 = ORIENTED_EDGE('',*,*,#5687,.T.);
#5687 = EDGE_CURVE('',#5680,#3452,#5688,.T.);
#5688 = LINE('',#5689,#5690);
#5689 = CARTESIAN_POINT('',(3.125,2.275,0.12));
#5690 = VECTOR('',#5691,1.);
#5691 = DIRECTION('',(-0.,1.,0.));
#5692 = ORIENTED_EDGE('',*,*,#3449,.F.);
#5693 = PLANE('',#5694);
#5694 = AXIS2_PLACEMENT_3D('',#5695,#5696,#5697);
#5695 = CARTESIAN_POINT('',(2.875,2.275,0.12));
#5696 = DIRECTION('',(0.,0.,1.));
#5697 = DIRECTION('',(1.,0.,-0.));
#5698 = ADVANCED_FACE('',(#5699),#5741,.F.);
#5699 = FACE_BOUND('',#5700,.F.);
#5700 = EDGE_LOOP('',(#5701,#5702,#5703,#5711,#5719,#5727,#5735));
#5701 = ORIENTED_EDGE('',*,*,#5687,.T.);
#5702 = ORIENTED_EDGE('',*,*,#3459,.F.);
#5703 = ORIENTED_EDGE('',*,*,#5704,.F.);
#5704 = EDGE_CURVE('',#5705,#3460,#5707,.T.);
#5705 = VERTEX_POINT('',#5706);
#5706 = CARTESIAN_POINT('',(3.125,2.275,1.17));
#5707 = LINE('',#5708,#5709);
#5708 = CARTESIAN_POINT('',(3.125,2.275,1.17));
#5709 = VECTOR('',#5710,1.);
#5710 = DIRECTION('',(-0.,1.,0.));
#5711 = ORIENTED_EDGE('',*,*,#5712,.F.);
#5712 = EDGE_CURVE('',#5713,#5705,#5715,.T.);
#5713 = VERTEX_POINT('',#5714);
#5714 = CARTESIAN_POINT('',(3.125,2.275,0.86));
#5715 = LINE('',#5716,#5717);
#5716 = CARTESIAN_POINT('',(3.125,2.275,0.12));
#5717 = VECTOR('',#5718,1.);
#5718 = DIRECTION('',(0.,0.,1.));
#5719 = ORIENTED_EDGE('',*,*,#5720,.F.);
#5720 = EDGE_CURVE('',#5721,#5713,#5723,.T.);
#5721 = VERTEX_POINT('',#5722);
#5722 = CARTESIAN_POINT('',(3.125,2.275,0.49));
#5723 = LINE('',#5724,#5725);
#5724 = CARTESIAN_POINT('',(3.125,2.275,0.12));
#5725 = VECTOR('',#5726,1.);
#5726 = DIRECTION('',(0.,0.,1.));
#5727 = ORIENTED_EDGE('',*,*,#5728,.F.);
#5728 = EDGE_CURVE('',#5729,#5721,#5731,.T.);
#5729 = VERTEX_POINT('',#5730);
#5730 = CARTESIAN_POINT('',(3.125,2.275,0.3));
#5731 = LINE('',#5732,#5733);
#5732 = CARTESIAN_POINT('',(3.125,2.275,0.12));
#5733 = VECTOR('',#5734,1.);
#5734 = DIRECTION('',(0.,0.,1.));
#5735 = ORIENTED_EDGE('',*,*,#5736,.F.);
#5736 = EDGE_CURVE('',#5680,#5729,#5737,.T.);
#5737 = LINE('',#5738,#5739);
#5738 = CARTESIAN_POINT('',(3.125,2.275,0.12));
#5739 = VECTOR('',#5740,1.);
#5740 = DIRECTION('',(0.,0.,1.));
#5741 = PLANE('',#5742);
#5742 = AXIS2_PLACEMENT_3D('',#5743,#5744,#5745);
#5743 = CARTESIAN_POINT('',(3.125,2.928538891724,0.406031440384));
#5744 = DIRECTION('',(1.,0.,0.));
#5745 = DIRECTION('',(-0.,0.,1.));
#5746 = ADVANCED_FACE('',(#5747),#5781,.F.);
#5747 = FACE_BOUND('',#5748,.F.);
#5748 = EDGE_LOOP('',(#5749,#5750,#5758,#5764,#5765,#5773,#5779,#5780));
#5749 = ORIENTED_EDGE('',*,*,#5664,.F.);
#5750 = ORIENTED_EDGE('',*,*,#5751,.F.);
#5751 = EDGE_CURVE('',#5752,#5657,#5754,.T.);
#5752 = VERTEX_POINT('',#5753);
#5753 = CARTESIAN_POINT('',(2.85,2.275,1.17));
#5754 = LINE('',#5755,#5756);
#5755 = CARTESIAN_POINT('',(2.85,2.275,1.17));
#5756 = VECTOR('',#5757,1.);
#5757 = DIRECTION('',(1.,0.,-0.));
#5758 = ORIENTED_EDGE('',*,*,#5759,.F.);
#5759 = EDGE_CURVE('',#1022,#5752,#5760,.T.);
#5760 = LINE('',#5761,#5762);
#5761 = CARTESIAN_POINT('',(2.85,-0.6,1.17));
#5762 = VECTOR('',#5763,1.);
#5763 = DIRECTION('',(-0.,1.,0.));
#5764 = ORIENTED_EDGE('',*,*,#1047,.T.);
#5765 = ORIENTED_EDGE('',*,*,#5766,.T.);
#5766 = EDGE_CURVE('',#1040,#5767,#5769,.T.);
#5767 = VERTEX_POINT('',#5768);
#5768 = CARTESIAN_POINT('',(3.15,2.275,1.17));
#5769 = LINE('',#5770,#5771);
#5770 = CARTESIAN_POINT('',(3.15,-0.6,1.17));
#5771 = VECTOR('',#5772,1.);
#5772 = DIRECTION('',(-0.,1.,0.));
#5773 = ORIENTED_EDGE('',*,*,#5774,.F.);
#5774 = EDGE_CURVE('',#5705,#5767,#5775,.T.);
#5775 = LINE('',#5776,#5777);
#5776 = CARTESIAN_POINT('',(2.85,2.275,1.17));
#5777 = VECTOR('',#5778,1.);
#5778 = DIRECTION('',(1.,0.,-0.));
#5779 = ORIENTED_EDGE('',*,*,#5704,.T.);
#5780 = ORIENTED_EDGE('',*,*,#3467,.F.);
#5781 = PLANE('',#5782);
#5782 = AXIS2_PLACEMENT_3D('',#5783,#5784,#5785);
#5783 = CARTESIAN_POINT('',(3.,0.936018518519,1.17));
#5784 = DIRECTION('',(0.,0.,1.));
#5785 = DIRECTION('',(1.,0.,-0.));
#5786 = ADVANCED_FACE('',(#5787),#5836,.F.);
#5787 = FACE_BOUND('',#5788,.F.);
#5788 = EDGE_LOOP('',(#5789,#5790,#5798,#5806,#5814,#5822,#5830));
#5789 = ORIENTED_EDGE('',*,*,#3509,.F.);
#5790 = ORIENTED_EDGE('',*,*,#5791,.F.);
#5791 = EDGE_CURVE('',#5792,#3484,#5794,.T.);
#5792 = VERTEX_POINT('',#5793);
#5793 = CARTESIAN_POINT('',(3.875,2.275,0.12));
#5794 = LINE('',#5795,#5796);
#5795 = CARTESIAN_POINT('',(3.875,2.275,0.12));
#5796 = VECTOR('',#5797,1.);
#5797 = DIRECTION('',(-0.,1.,0.));
#5798 = ORIENTED_EDGE('',*,*,#5799,.T.);
#5799 = EDGE_CURVE('',#5792,#5800,#5802,.T.);
#5800 = VERTEX_POINT('',#5801);
#5801 = CARTESIAN_POINT('',(3.875,2.275,0.3));
#5802 = LINE('',#5803,#5804);
#5803 = CARTESIAN_POINT('',(3.875,2.275,0.12));
#5804 = VECTOR('',#5805,1.);
#5805 = DIRECTION('',(0.,0.,1.));
#5806 = ORIENTED_EDGE('',*,*,#5807,.T.);
#5807 = EDGE_CURVE('',#5800,#5808,#5810,.T.);
#5808 = VERTEX_POINT('',#5809);
#5809 = CARTESIAN_POINT('',(3.875,2.275,0.49));
#5810 = LINE('',#5811,#5812);
#5811 = CARTESIAN_POINT('',(3.875,2.275,0.12));
#5812 = VECTOR('',#5813,1.);
#5813 = DIRECTION('',(0.,0.,1.));
#5814 = ORIENTED_EDGE('',*,*,#5815,.T.);
#5815 = EDGE_CURVE('',#5808,#5816,#5818,.T.);
#5816 = VERTEX_POINT('',#5817);
#5817 = CARTESIAN_POINT('',(3.875,2.275,0.86));
#5818 = LINE('',#5819,#5820);
#5819 = CARTESIAN_POINT('',(3.875,2.275,0.12));
#5820 = VECTOR('',#5821,1.);
#5821 = DIRECTION('',(0.,0.,1.));
#5822 = ORIENTED_EDGE('',*,*,#5823,.T.);
#5823 = EDGE_CURVE('',#5816,#5824,#5826,.T.);
#5824 = VERTEX_POINT('',#5825);
#5825 = CARTESIAN_POINT('',(3.875,2.275,1.17));
#5826 = LINE('',#5827,#5828);
#5827 = CARTESIAN_POINT('',(3.875,2.275,0.12));
#5828 = VECTOR('',#5829,1.);
#5829 = DIRECTION('',(0.,0.,1.));
#5830 = ORIENTED_EDGE('',*,*,#5831,.T.);
#5831 = EDGE_CURVE('',#5824,#3502,#5832,.T.);
#5832 = LINE('',#5833,#5834);
#5833 = CARTESIAN_POINT('',(3.875,2.275,1.17));
#5834 = VECTOR('',#5835,1.);
#5835 = DIRECTION('',(-0.,1.,0.));
#5836 = PLANE('',#5837);
#5837 = AXIS2_PLACEMENT_3D('',#5838,#5839,#5840);
#5838 = CARTESIAN_POINT('',(3.875,2.928538891724,0.406031440384));
#5839 = DIRECTION('',(-1.,-0.,-0.));
#5840 = DIRECTION('',(0.,0.,-1.));
#5841 = ADVANCED_FACE('',(#5842),#5860,.T.);
#5842 = FACE_BOUND('',#5843,.T.);
#5843 = EDGE_LOOP('',(#5844,#5845,#5853,#5859));
#5844 = ORIENTED_EDGE('',*,*,#5791,.F.);
#5845 = ORIENTED_EDGE('',*,*,#5846,.T.);
#5846 = EDGE_CURVE('',#5792,#5847,#5849,.T.);
#5847 = VERTEX_POINT('',#5848);
#5848 = CARTESIAN_POINT('',(4.125,2.275,0.12));
#5849 = LINE('',#5850,#5851);
#5850 = CARTESIAN_POINT('',(3.875,2.275,0.12));
#5851 = VECTOR('',#5852,1.);
#5852 = DIRECTION('',(1.,0.,-0.));
#5853 = ORIENTED_EDGE('',*,*,#5854,.T.);
#5854 = EDGE_CURVE('',#5847,#3486,#5855,.T.);
#5855 = LINE('',#5856,#5857);
#5856 = CARTESIAN_POINT('',(4.125,2.275,0.12));
#5857 = VECTOR('',#5858,1.);
#5858 = DIRECTION('',(-0.,1.,0.));
#5859 = ORIENTED_EDGE('',*,*,#3483,.F.);
#5860 = PLANE('',#5861);
#5861 = AXIS2_PLACEMENT_3D('',#5862,#5863,#5864);
#5862 = CARTESIAN_POINT('',(3.875,2.275,0.12));
#5863 = DIRECTION('',(0.,0.,1.));
#5864 = DIRECTION('',(1.,0.,-0.));
#5865 = ADVANCED_FACE('',(#5866),#5908,.F.);
#5866 = FACE_BOUND('',#5867,.F.);
#5867 = EDGE_LOOP('',(#5868,#5869,#5870,#5878,#5886,#5894,#5902));
#5868 = ORIENTED_EDGE('',*,*,#5854,.T.);
#5869 = ORIENTED_EDGE('',*,*,#3493,.F.);
#5870 = ORIENTED_EDGE('',*,*,#5871,.F.);
#5871 = EDGE_CURVE('',#5872,#3494,#5874,.T.);
#5872 = VERTEX_POINT('',#5873);
#5873 = CARTESIAN_POINT('',(4.125,2.275,1.17));
#5874 = LINE('',#5875,#5876);
#5875 = CARTESIAN_POINT('',(4.125,2.275,1.17));
#5876 = VECTOR('',#5877,1.);
#5877 = DIRECTION('',(-0.,1.,0.));
#5878 = ORIENTED_EDGE('',*,*,#5879,.F.);
#5879 = EDGE_CURVE('',#5880,#5872,#5882,.T.);
#5880 = VERTEX_POINT('',#5881);
#5881 = CARTESIAN_POINT('',(4.125,2.275,0.86));
#5882 = LINE('',#5883,#5884);
#5883 = CARTESIAN_POINT('',(4.125,2.275,0.12));
#5884 = VECTOR('',#5885,1.);
#5885 = DIRECTION('',(0.,0.,1.));
#5886 = ORIENTED_EDGE('',*,*,#5887,.F.);
#5887 = EDGE_CURVE('',#5888,#5880,#5890,.T.);
#5888 = VERTEX_POINT('',#5889);
#5889 = CARTESIAN_POINT('',(4.125,2.275,0.49));
#5890 = LINE('',#5891,#5892);
#5891 = CARTESIAN_POINT('',(4.125,2.275,0.12));
#5892 = VECTOR('',#5893,1.);
#5893 = DIRECTION('',(0.,0.,1.));
#5894 = ORIENTED_EDGE('',*,*,#5895,.F.);
#5895 = EDGE_CURVE('',#5896,#5888,#5898,.T.);
#5896 = VERTEX_POINT('',#5897);
#5897 = CARTESIAN_POINT('',(4.125,2.275,0.3));
#5898 = LINE('',#5899,#5900);
#5899 = CARTESIAN_POINT('',(4.125,2.275,0.12));
#5900 = VECTOR('',#5901,1.);
#5901 = DIRECTION('',(0.,0.,1.));
#5902 = ORIENTED_EDGE('',*,*,#5903,.F.);
#5903 = EDGE_CURVE('',#5847,#5896,#5904,.T.);
#5904 = LINE('',#5905,#5906);
#5905 = CARTESIAN_POINT('',(4.125,2.275,0.12));
#5906 = VECTOR('',#5907,1.);
#5907 = DIRECTION('',(0.,0.,1.));
#5908 = PLANE('',#5909);
#5909 = AXIS2_PLACEMENT_3D('',#5910,#5911,#5912);
#5910 = CARTESIAN_POINT('',(4.125,2.928538891724,0.406031440384));
#5911 = DIRECTION('',(1.,0.,0.));
#5912 = DIRECTION('',(-0.,0.,1.));
#5913 = ADVANCED_FACE('',(#5914),#5948,.F.);
#5914 = FACE_BOUND('',#5915,.F.);
#5915 = EDGE_LOOP('',(#5916,#5917,#5925,#5931,#5932,#5940,#5946,#5947));
#5916 = ORIENTED_EDGE('',*,*,#5831,.F.);
#5917 = ORIENTED_EDGE('',*,*,#5918,.F.);
#5918 = EDGE_CURVE('',#5919,#5824,#5921,.T.);
#5919 = VERTEX_POINT('',#5920);
#5920 = CARTESIAN_POINT('',(3.85,2.275,1.17));
#5921 = LINE('',#5922,#5923);
#5922 = CARTESIAN_POINT('',(3.85,2.275,1.17));
#5923 = VECTOR('',#5924,1.);
#5924 = DIRECTION('',(1.,0.,-0.));
#5925 = ORIENTED_EDGE('',*,*,#5926,.F.);
#5926 = EDGE_CURVE('',#1056,#5919,#5927,.T.);
#5927 = LINE('',#5928,#5929);
#5928 = CARTESIAN_POINT('',(3.85,-0.6,1.17));
#5929 = VECTOR('',#5930,1.);
#5930 = DIRECTION('',(-0.,1.,0.));
#5931 = ORIENTED_EDGE('',*,*,#1081,.T.);
#5932 = ORIENTED_EDGE('',*,*,#5933,.T.);
#5933 = EDGE_CURVE('',#1074,#5934,#5936,.T.);
#5934 = VERTEX_POINT('',#5935);
#5935 = CARTESIAN_POINT('',(4.15,2.275,1.17));
#5936 = LINE('',#5937,#5938);
#5937 = CARTESIAN_POINT('',(4.15,-0.6,1.17));
#5938 = VECTOR('',#5939,1.);
#5939 = DIRECTION('',(-0.,1.,0.));
#5940 = ORIENTED_EDGE('',*,*,#5941,.F.);
#5941 = EDGE_CURVE('',#5872,#5934,#5942,.T.);
#5942 = LINE('',#5943,#5944);
#5943 = CARTESIAN_POINT('',(3.85,2.275,1.17));
#5944 = VECTOR('',#5945,1.);
#5945 = DIRECTION('',(1.,0.,-0.));
#5946 = ORIENTED_EDGE('',*,*,#5871,.T.);
#5947 = ORIENTED_EDGE('',*,*,#3501,.F.);
#5948 = PLANE('',#5949);
#5949 = AXIS2_PLACEMENT_3D('',#5950,#5951,#5952);
#5950 = CARTESIAN_POINT('',(4.,0.936018518519,1.17));
#5951 = DIRECTION('',(0.,0.,1.));
#5952 = DIRECTION('',(1.,0.,-0.));
#5953 = ADVANCED_FACE('',(#5954),#6003,.F.);
#5954 = FACE_BOUND('',#5955,.F.);
#5955 = EDGE_LOOP('',(#5956,#5957,#5965,#5973,#5981,#5989,#5997));
#5956 = ORIENTED_EDGE('',*,*,#3543,.F.);
#5957 = ORIENTED_EDGE('',*,*,#5958,.F.);
#5958 = EDGE_CURVE('',#5959,#3518,#5961,.T.);
#5959 = VERTEX_POINT('',#5960);
#5960 = CARTESIAN_POINT('',(4.875,2.275,0.12));
#5961 = LINE('',#5962,#5963);
#5962 = CARTESIAN_POINT('',(4.875,2.275,0.12));
#5963 = VECTOR('',#5964,1.);
#5964 = DIRECTION('',(-0.,1.,0.));
#5965 = ORIENTED_EDGE('',*,*,#5966,.T.);
#5966 = EDGE_CURVE('',#5959,#5967,#5969,.T.);
#5967 = VERTEX_POINT('',#5968);
#5968 = CARTESIAN_POINT('',(4.875,2.275,0.3));
#5969 = LINE('',#5970,#5971);
#5970 = CARTESIAN_POINT('',(4.875,2.275,0.12));
#5971 = VECTOR('',#5972,1.);
#5972 = DIRECTION('',(0.,0.,1.));
#5973 = ORIENTED_EDGE('',*,*,#5974,.T.);
#5974 = EDGE_CURVE('',#5967,#5975,#5977,.T.);
#5975 = VERTEX_POINT('',#5976);
#5976 = CARTESIAN_POINT('',(4.875,2.275,0.49));
#5977 = LINE('',#5978,#5979);
#5978 = CARTESIAN_POINT('',(4.875,2.275,0.12));
#5979 = VECTOR('',#5980,1.);
#5980 = DIRECTION('',(0.,0.,1.));
#5981 = ORIENTED_EDGE('',*,*,#5982,.T.);
#5982 = EDGE_CURVE('',#5975,#5983,#5985,.T.);
#5983 = VERTEX_POINT('',#5984);
#5984 = CARTESIAN_POINT('',(4.875,2.275,0.86));
#5985 = LINE('',#5986,#5987);
#5986 = CARTESIAN_POINT('',(4.875,2.275,0.12));
#5987 = VECTOR('',#5988,1.);
#5988 = DIRECTION('',(0.,0.,1.));
#5989 = ORIENTED_EDGE('',*,*,#5990,.T.);
#5990 = EDGE_CURVE('',#5983,#5991,#5993,.T.);
#5991 = VERTEX_POINT('',#5992);
#5992 = CARTESIAN_POINT('',(4.875,2.275,1.17));
#5993 = LINE('',#5994,#5995);
#5994 = CARTESIAN_POINT('',(4.875,2.275,0.12));
#5995 = VECTOR('',#5996,1.);
#5996 = DIRECTION('',(0.,0.,1.));
#5997 = ORIENTED_EDGE('',*,*,#5998,.T.);
#5998 = EDGE_CURVE('',#5991,#3536,#5999,.T.);
#5999 = LINE('',#6000,#6001);
#6000 = CARTESIAN_POINT('',(4.875,2.275,1.17));
#6001 = VECTOR('',#6002,1.);
#6002 = DIRECTION('',(-0.,1.,0.));
#6003 = PLANE('',#6004);
#6004 = AXIS2_PLACEMENT_3D('',#6005,#6006,#6007);
#6005 = CARTESIAN_POINT('',(4.875,2.928538891724,0.406031440384));
#6006 = DIRECTION('',(-1.,-0.,-0.));
#6007 = DIRECTION('',(0.,0.,-1.));
#6008 = ADVANCED_FACE('',(#6009),#6027,.T.);
#6009 = FACE_BOUND('',#6010,.T.);
#6010 = EDGE_LOOP('',(#6011,#6012,#6020,#6026));
#6011 = ORIENTED_EDGE('',*,*,#5958,.F.);
#6012 = ORIENTED_EDGE('',*,*,#6013,.T.);
#6013 = EDGE_CURVE('',#5959,#6014,#6016,.T.);
#6014 = VERTEX_POINT('',#6015);
#6015 = CARTESIAN_POINT('',(5.125,2.275,0.12));
#6016 = LINE('',#6017,#6018);
#6017 = CARTESIAN_POINT('',(4.875,2.275,0.12));
#6018 = VECTOR('',#6019,1.);
#6019 = DIRECTION('',(1.,0.,-0.));
#6020 = ORIENTED_EDGE('',*,*,#6021,.T.);
#6021 = EDGE_CURVE('',#6014,#3520,#6022,.T.);
#6022 = LINE('',#6023,#6024);
#6023 = CARTESIAN_POINT('',(5.125,2.275,0.12));
#6024 = VECTOR('',#6025,1.);
#6025 = DIRECTION('',(-0.,1.,0.));
#6026 = ORIENTED_EDGE('',*,*,#3517,.F.);
#6027 = PLANE('',#6028);
#6028 = AXIS2_PLACEMENT_3D('',#6029,#6030,#6031);
#6029 = CARTESIAN_POINT('',(4.875,2.275,0.12));
#6030 = DIRECTION('',(0.,0.,1.));
#6031 = DIRECTION('',(1.,0.,-0.));
#6032 = ADVANCED_FACE('',(#6033),#6075,.F.);
#6033 = FACE_BOUND('',#6034,.F.);
#6034 = EDGE_LOOP('',(#6035,#6036,#6037,#6045,#6053,#6061,#6069));
#6035 = ORIENTED_EDGE('',*,*,#6021,.T.);
#6036 = ORIENTED_EDGE('',*,*,#3527,.F.);
#6037 = ORIENTED_EDGE('',*,*,#6038,.F.);
#6038 = EDGE_CURVE('',#6039,#3528,#6041,.T.);
#6039 = VERTEX_POINT('',#6040);
#6040 = CARTESIAN_POINT('',(5.125,2.275,1.17));
#6041 = LINE('',#6042,#6043);
#6042 = CARTESIAN_POINT('',(5.125,2.275,1.17));
#6043 = VECTOR('',#6044,1.);
#6044 = DIRECTION('',(-0.,1.,0.));
#6045 = ORIENTED_EDGE('',*,*,#6046,.F.);
#6046 = EDGE_CURVE('',#6047,#6039,#6049,.T.);
#6047 = VERTEX_POINT('',#6048);
#6048 = CARTESIAN_POINT('',(5.125,2.275,0.86));
#6049 = LINE('',#6050,#6051);
#6050 = CARTESIAN_POINT('',(5.125,2.275,0.12));
#6051 = VECTOR('',#6052,1.);
#6052 = DIRECTION('',(0.,0.,1.));
#6053 = ORIENTED_EDGE('',*,*,#6054,.F.);
#6054 = EDGE_CURVE('',#6055,#6047,#6057,.T.);
#6055 = VERTEX_POINT('',#6056);
#6056 = CARTESIAN_POINT('',(5.125,2.275,0.49));
#6057 = LINE('',#6058,#6059);
#6058 = CARTESIAN_POINT('',(5.125,2.275,0.12));
#6059 = VECTOR('',#6060,1.);
#6060 = DIRECTION('',(0.,0.,1.));
#6061 = ORIENTED_EDGE('',*,*,#6062,.F.);
#6062 = EDGE_CURVE('',#6063,#6055,#6065,.T.);
#6063 = VERTEX_POINT('',#6064);
#6064 = CARTESIAN_POINT('',(5.125,2.275,0.3));
#6065 = LINE('',#6066,#6067);
#6066 = CARTESIAN_POINT('',(5.125,2.275,0.12));
#6067 = VECTOR('',#6068,1.);
#6068 = DIRECTION('',(0.,0.,1.));
#6069 = ORIENTED_EDGE('',*,*,#6070,.F.);
#6070 = EDGE_CURVE('',#6014,#6063,#6071,.T.);
#6071 = LINE('',#6072,#6073);
#6072 = CARTESIAN_POINT('',(5.125,2.275,0.12));
#6073 = VECTOR('',#6074,1.);
#6074 = DIRECTION('',(0.,0.,1.));
#6075 = PLANE('',#6076);
#6076 = AXIS2_PLACEMENT_3D('',#6077,#6078,#6079);
#6077 = CARTESIAN_POINT('',(5.125,2.928538891724,0.406031440384));
#6078 = DIRECTION('',(1.,0.,0.));
#6079 = DIRECTION('',(-0.,0.,1.));
#6080 = ADVANCED_FACE('',(#6081),#6115,.F.);
#6081 = FACE_BOUND('',#6082,.F.);
#6082 = EDGE_LOOP('',(#6083,#6084,#6092,#6098,#6099,#6107,#6113,#6114));
#6083 = ORIENTED_EDGE('',*,*,#5998,.F.);
#6084 = ORIENTED_EDGE('',*,*,#6085,.F.);
#6085 = EDGE_CURVE('',#6086,#5991,#6088,.T.);
#6086 = VERTEX_POINT('',#6087);
#6087 = CARTESIAN_POINT('',(4.85,2.275,1.17));
#6088 = LINE('',#6089,#6090);
#6089 = CARTESIAN_POINT('',(4.85,2.275,1.17));
#6090 = VECTOR('',#6091,1.);
#6091 = DIRECTION('',(1.,0.,-0.));
#6092 = ORIENTED_EDGE('',*,*,#6093,.F.);
#6093 = EDGE_CURVE('',#1090,#6086,#6094,.T.);
#6094 = LINE('',#6095,#6096);
#6095 = CARTESIAN_POINT('',(4.85,-0.6,1.17));
#6096 = VECTOR('',#6097,1.);
#6097 = DIRECTION('',(-0.,1.,0.));
#6098 = ORIENTED_EDGE('',*,*,#1115,.T.);
#6099 = ORIENTED_EDGE('',*,*,#6100,.T.);
#6100 = EDGE_CURVE('',#1108,#6101,#6103,.T.);
#6101 = VERTEX_POINT('',#6102);
#6102 = CARTESIAN_POINT('',(5.15,2.275,1.17));
#6103 = LINE('',#6104,#6105);
#6104 = CARTESIAN_POINT('',(5.15,-0.6,1.17));
#6105 = VECTOR('',#6106,1.);
#6106 = DIRECTION('',(-0.,1.,0.));
#6107 = ORIENTED_EDGE('',*,*,#6108,.F.);
#6108 = EDGE_CURVE('',#6039,#6101,#6109,.T.);
#6109 = LINE('',#6110,#6111);
#6110 = CARTESIAN_POINT('',(4.85,2.275,1.17));
#6111 = VECTOR('',#6112,1.);
#6112 = DIRECTION('',(1.,0.,-0.));
#6113 = ORIENTED_EDGE('',*,*,#6038,.T.);
#6114 = ORIENTED_EDGE('',*,*,#3535,.F.);
#6115 = PLANE('',#6116);
#6116 = AXIS2_PLACEMENT_3D('',#6117,#6118,#6119);
#6117 = CARTESIAN_POINT('',(5.,0.936018518519,1.17));
#6118 = DIRECTION('',(0.,0.,1.));
#6119 = DIRECTION('',(1.,0.,-0.));
#6120 = ADVANCED_FACE('',(#6121),#6170,.F.);
#6121 = FACE_BOUND('',#6122,.F.);
#6122 = EDGE_LOOP('',(#6123,#6124,#6132,#6140,#6148,#6156,#6164));
#6123 = ORIENTED_EDGE('',*,*,#3577,.F.);
#6124 = ORIENTED_EDGE('',*,*,#6125,.F.);
#6125 = EDGE_CURVE('',#6126,#3552,#6128,.T.);
#6126 = VERTEX_POINT('',#6127);
#6127 = CARTESIAN_POINT('',(5.875,2.275,0.12));
#6128 = LINE('',#6129,#6130);
#6129 = CARTESIAN_POINT('',(5.875,2.275,0.12));
#6130 = VECTOR('',#6131,1.);
#6131 = DIRECTION('',(-0.,1.,0.));
#6132 = ORIENTED_EDGE('',*,*,#6133,.T.);
#6133 = EDGE_CURVE('',#6126,#6134,#6136,.T.);
#6134 = VERTEX_POINT('',#6135);
#6135 = CARTESIAN_POINT('',(5.875,2.275,0.3));
#6136 = LINE('',#6137,#6138);
#6137 = CARTESIAN_POINT('',(5.875,2.275,0.12));
#6138 = VECTOR('',#6139,1.);
#6139 = DIRECTION('',(0.,0.,1.));
#6140 = ORIENTED_EDGE('',*,*,#6141,.T.);
#6141 = EDGE_CURVE('',#6134,#6142,#6144,.T.);
#6142 = VERTEX_POINT('',#6143);
#6143 = CARTESIAN_POINT('',(5.875,2.275,0.49));
#6144 = LINE('',#6145,#6146);
#6145 = CARTESIAN_POINT('',(5.875,2.275,0.12));
#6146 = VECTOR('',#6147,1.);
#6147 = DIRECTION('',(0.,0.,1.));
#6148 = ORIENTED_EDGE('',*,*,#6149,.T.);
#6149 = EDGE_CURVE('',#6142,#6150,#6152,.T.);
#6150 = VERTEX_POINT('',#6151);
#6151 = CARTESIAN_POINT('',(5.875,2.275,0.86));
#6152 = LINE('',#6153,#6154);
#6153 = CARTESIAN_POINT('',(5.875,2.275,0.12));
#6154 = VECTOR('',#6155,1.);
#6155 = DIRECTION('',(0.,0.,1.));
#6156 = ORIENTED_EDGE('',*,*,#6157,.T.);
#6157 = EDGE_CURVE('',#6150,#6158,#6160,.T.);
#6158 = VERTEX_POINT('',#6159);
#6159 = CARTESIAN_POINT('',(5.875,2.275,1.17));
#6160 = LINE('',#6161,#6162);
#6161 = CARTESIAN_POINT('',(5.875,2.275,0.12));
#6162 = VECTOR('',#6163,1.);
#6163 = DIRECTION('',(0.,0.,1.));
#6164 = ORIENTED_EDGE('',*,*,#6165,.T.);
#6165 = EDGE_CURVE('',#6158,#3570,#6166,.T.);
#6166 = LINE('',#6167,#6168);
#6167 = CARTESIAN_POINT('',(5.875,2.275,1.17));
#6168 = VECTOR('',#6169,1.);
#6169 = DIRECTION('',(-0.,1.,0.));
#6170 = PLANE('',#6171);
#6171 = AXIS2_PLACEMENT_3D('',#6172,#6173,#6174);
#6172 = CARTESIAN_POINT('',(5.875,2.928538891724,0.406031440384));
#6173 = DIRECTION('',(-1.,-0.,-0.));
#6174 = DIRECTION('',(0.,0.,-1.));
#6175 = ADVANCED_FACE('',(#6176),#6194,.T.);
#6176 = FACE_BOUND('',#6177,.T.);
#6177 = EDGE_LOOP('',(#6178,#6179,#6187,#6193));
#6178 = ORIENTED_EDGE('',*,*,#6125,.F.);
#6179 = ORIENTED_EDGE('',*,*,#6180,.T.);
#6180 = EDGE_CURVE('',#6126,#6181,#6183,.T.);
#6181 = VERTEX_POINT('',#6182);
#6182 = CARTESIAN_POINT('',(6.125,2.275,0.12));
#6183 = LINE('',#6184,#6185);
#6184 = CARTESIAN_POINT('',(5.875,2.275,0.12));
#6185 = VECTOR('',#6186,1.);
#6186 = DIRECTION('',(1.,0.,-0.));
#6187 = ORIENTED_EDGE('',*,*,#6188,.T.);
#6188 = EDGE_CURVE('',#6181,#3554,#6189,.T.);
#6189 = LINE('',#6190,#6191);
#6190 = CARTESIAN_POINT('',(6.125,2.275,0.12));
#6191 = VECTOR('',#6192,1.);
#6192 = DIRECTION('',(-0.,1.,0.));
#6193 = ORIENTED_EDGE('',*,*,#3551,.F.);
#6194 = PLANE('',#6195);
#6195 = AXIS2_PLACEMENT_3D('',#6196,#6197,#6198);
#6196 = CARTESIAN_POINT('',(5.875,2.275,0.12));
#6197 = DIRECTION('',(0.,0.,1.));
#6198 = DIRECTION('',(1.,0.,-0.));
#6199 = ADVANCED_FACE('',(#6200),#6242,.F.);
#6200 = FACE_BOUND('',#6201,.F.);
#6201 = EDGE_LOOP('',(#6202,#6203,#6204,#6212,#6220,#6228,#6236));
#6202 = ORIENTED_EDGE('',*,*,#6188,.T.);
#6203 = ORIENTED_EDGE('',*,*,#3561,.F.);
#6204 = ORIENTED_EDGE('',*,*,#6205,.F.);
#6205 = EDGE_CURVE('',#6206,#3562,#6208,.T.);
#6206 = VERTEX_POINT('',#6207);
#6207 = CARTESIAN_POINT('',(6.125,2.275,1.17));
#6208 = LINE('',#6209,#6210);
#6209 = CARTESIAN_POINT('',(6.125,2.275,1.17));
#6210 = VECTOR('',#6211,1.);
#6211 = DIRECTION('',(-0.,1.,0.));
#6212 = ORIENTED_EDGE('',*,*,#6213,.F.);
#6213 = EDGE_CURVE('',#6214,#6206,#6216,.T.);
#6214 = VERTEX_POINT('',#6215);
#6215 = CARTESIAN_POINT('',(6.125,2.275,0.86));
#6216 = LINE('',#6217,#6218);
#6217 = CARTESIAN_POINT('',(6.125,2.275,0.12));
#6218 = VECTOR('',#6219,1.);
#6219 = DIRECTION('',(0.,0.,1.));
#6220 = ORIENTED_EDGE('',*,*,#6221,.F.);
#6221 = EDGE_CURVE('',#6222,#6214,#6224,.T.);
#6222 = VERTEX_POINT('',#6223);
#6223 = CARTESIAN_POINT('',(6.125,2.275,0.49));
#6224 = LINE('',#6225,#6226);
#6225 = CARTESIAN_POINT('',(6.125,2.275,0.12));
#6226 = VECTOR('',#6227,1.);
#6227 = DIRECTION('',(0.,0.,1.));
#6228 = ORIENTED_EDGE('',*,*,#6229,.F.);
#6229 = EDGE_CURVE('',#6230,#6222,#6232,.T.);
#6230 = VERTEX_POINT('',#6231);
#6231 = CARTESIAN_POINT('',(6.125,2.275,0.3));
#6232 = LINE('',#6233,#6234);
#6233 = CARTESIAN_POINT('',(6.125,2.275,0.12));
#6234 = VECTOR('',#6235,1.);
#6235 = DIRECTION('',(0.,0.,1.));
#6236 = ORIENTED_EDGE('',*,*,#6237,.F.);
#6237 = EDGE_CURVE('',#6181,#6230,#6238,.T.);
#6238 = LINE('',#6239,#6240);
#6239 = CARTESIAN_POINT('',(6.125,2.275,0.12));
#6240 = VECTOR('',#6241,1.);
#6241 = DIRECTION('',(0.,0.,1.));
#6242 = PLANE('',#6243);
#6243 = AXIS2_PLACEMENT_3D('',#6244,#6245,#6246);
#6244 = CARTESIAN_POINT('',(6.125,2.928538891724,0.406031440384));
#6245 = DIRECTION('',(1.,0.,0.));
#6246 = DIRECTION('',(-0.,0.,1.));
#6247 = ADVANCED_FACE('',(#6248),#6282,.F.);
#6248 = FACE_BOUND('',#6249,.F.);
#6249 = EDGE_LOOP('',(#6250,#6251,#6259,#6265,#6266,#6274,#6280,#6281));
#6250 = ORIENTED_EDGE('',*,*,#6165,.F.);
#6251 = ORIENTED_EDGE('',*,*,#6252,.F.);
#6252 = EDGE_CURVE('',#6253,#6158,#6255,.T.);
#6253 = VERTEX_POINT('',#6254);
#6254 = CARTESIAN_POINT('',(5.85,2.275,1.17));
#6255 = LINE('',#6256,#6257);
#6256 = CARTESIAN_POINT('',(5.85,2.275,1.17));
#6257 = VECTOR('',#6258,1.);
#6258 = DIRECTION('',(1.,0.,-0.));
#6259 = ORIENTED_EDGE('',*,*,#6260,.F.);
#6260 = EDGE_CURVE('',#1124,#6253,#6261,.T.);
#6261 = LINE('',#6262,#6263);
#6262 = CARTESIAN_POINT('',(5.85,-0.6,1.17));
#6263 = VECTOR('',#6264,1.);
#6264 = DIRECTION('',(-0.,1.,0.));
#6265 = ORIENTED_EDGE('',*,*,#1149,.T.);
#6266 = ORIENTED_EDGE('',*,*,#6267,.T.);
#6267 = EDGE_CURVE('',#1142,#6268,#6270,.T.);
#6268 = VERTEX_POINT('',#6269);
#6269 = CARTESIAN_POINT('',(6.15,2.275,1.17));
#6270 = LINE('',#6271,#6272);
#6271 = CARTESIAN_POINT('',(6.15,-0.6,1.17));
#6272 = VECTOR('',#6273,1.);
#6273 = DIRECTION('',(-0.,1.,0.));
#6274 = ORIENTED_EDGE('',*,*,#6275,.F.);
#6275 = EDGE_CURVE('',#6206,#6268,#6276,.T.);
#6276 = LINE('',#6277,#6278);
#6277 = CARTESIAN_POINT('',(5.85,2.275,1.17));
#6278 = VECTOR('',#6279,1.);
#6279 = DIRECTION('',(1.,0.,-0.));
#6280 = ORIENTED_EDGE('',*,*,#6205,.T.);
#6281 = ORIENTED_EDGE('',*,*,#3569,.F.);
#6282 = PLANE('',#6283);
#6283 = AXIS2_PLACEMENT_3D('',#6284,#6285,#6286);
#6284 = CARTESIAN_POINT('',(6.,0.936018518519,1.17));
#6285 = DIRECTION('',(0.,0.,1.));
#6286 = DIRECTION('',(1.,0.,-0.));
#6287 = ADVANCED_FACE('',(#6288),#6337,.F.);
#6288 = FACE_BOUND('',#6289,.F.);
#6289 = EDGE_LOOP('',(#6290,#6291,#6299,#6307,#6315,#6323,#6331));
#6290 = ORIENTED_EDGE('',*,*,#3611,.F.);
#6291 = ORIENTED_EDGE('',*,*,#6292,.F.);
#6292 = EDGE_CURVE('',#6293,#3586,#6295,.T.);
#6293 = VERTEX_POINT('',#6294);
#6294 = CARTESIAN_POINT('',(6.875,2.275,0.12));
#6295 = LINE('',#6296,#6297);
#6296 = CARTESIAN_POINT('',(6.875,2.275,0.12));
#6297 = VECTOR('',#6298,1.);
#6298 = DIRECTION('',(-0.,1.,0.));
#6299 = ORIENTED_EDGE('',*,*,#6300,.T.);
#6300 = EDGE_CURVE('',#6293,#6301,#6303,.T.);
#6301 = VERTEX_POINT('',#6302);
#6302 = CARTESIAN_POINT('',(6.875,2.275,0.3));
#6303 = LINE('',#6304,#6305);
#6304 = CARTESIAN_POINT('',(6.875,2.275,0.12));
#6305 = VECTOR('',#6306,1.);
#6306 = DIRECTION('',(0.,0.,1.));
#6307 = ORIENTED_EDGE('',*,*,#6308,.T.);
#6308 = EDGE_CURVE('',#6301,#6309,#6311,.T.);
#6309 = VERTEX_POINT('',#6310);
#6310 = CARTESIAN_POINT('',(6.875,2.275,0.49));
#6311 = LINE('',#6312,#6313);
#6312 = CARTESIAN_POINT('',(6.875,2.275,0.12));
#6313 = VECTOR('',#6314,1.);
#6314 = DIRECTION('',(0.,0.,1.));
#6315 = ORIENTED_EDGE('',*,*,#6316,.T.);
#6316 = EDGE_CURVE('',#6309,#6317,#6319,.T.);
#6317 = VERTEX_POINT('',#6318);
#6318 = CARTESIAN_POINT('',(6.875,2.275,0.86));
#6319 = LINE('',#6320,#6321);
#6320 = CARTESIAN_POINT('',(6.875,2.275,0.12));
#6321 = VECTOR('',#6322,1.);
#6322 = DIRECTION('',(0.,0.,1.));
#6323 = ORIENTED_EDGE('',*,*,#6324,.T.);
#6324 = EDGE_CURVE('',#6317,#6325,#6327,.T.);
#6325 = VERTEX_POINT('',#6326);
#6326 = CARTESIAN_POINT('',(6.875,2.275,1.17));
#6327 = LINE('',#6328,#6329);
#6328 = CARTESIAN_POINT('',(6.875,2.275,0.12));
#6329 = VECTOR('',#6330,1.);
#6330 = DIRECTION('',(0.,0.,1.));
#6331 = ORIENTED_EDGE('',*,*,#6332,.T.);
#6332 = EDGE_CURVE('',#6325,#3604,#6333,.T.);
#6333 = LINE('',#6334,#6335);
#6334 = CARTESIAN_POINT('',(6.875,2.275,1.17));
#6335 = VECTOR('',#6336,1.);
#6336 = DIRECTION('',(-0.,1.,0.));
#6337 = PLANE('',#6338);
#6338 = AXIS2_PLACEMENT_3D('',#6339,#6340,#6341);
#6339 = CARTESIAN_POINT('',(6.875,2.928538891724,0.406031440384));
#6340 = DIRECTION('',(-1.,-0.,-0.));
#6341 = DIRECTION('',(0.,0.,-1.));
#6342 = ADVANCED_FACE('',(#6343),#6361,.T.);
#6343 = FACE_BOUND('',#6344,.T.);
#6344 = EDGE_LOOP('',(#6345,#6346,#6354,#6360));
#6345 = ORIENTED_EDGE('',*,*,#6292,.F.);
#6346 = ORIENTED_EDGE('',*,*,#6347,.T.);
#6347 = EDGE_CURVE('',#6293,#6348,#6350,.T.);
#6348 = VERTEX_POINT('',#6349);
#6349 = CARTESIAN_POINT('',(7.125,2.275,0.12));
#6350 = LINE('',#6351,#6352);
#6351 = CARTESIAN_POINT('',(6.875,2.275,0.12));
#6352 = VECTOR('',#6353,1.);
#6353 = DIRECTION('',(1.,0.,-0.));
#6354 = ORIENTED_EDGE('',*,*,#6355,.T.);
#6355 = EDGE_CURVE('',#6348,#3588,#6356,.T.);
#6356 = LINE('',#6357,#6358);
#6357 = CARTESIAN_POINT('',(7.125,2.275,0.12));
#6358 = VECTOR('',#6359,1.);
#6359 = DIRECTION('',(-0.,1.,0.));
#6360 = ORIENTED_EDGE('',*,*,#3585,.F.);
#6361 = PLANE('',#6362);
#6362 = AXIS2_PLACEMENT_3D('',#6363,#6364,#6365);
#6363 = CARTESIAN_POINT('',(6.875,2.275,0.12));
#6364 = DIRECTION('',(0.,0.,1.));
#6365 = DIRECTION('',(1.,0.,-0.));
#6366 = ADVANCED_FACE('',(#6367),#6409,.F.);
#6367 = FACE_BOUND('',#6368,.F.);
#6368 = EDGE_LOOP('',(#6369,#6370,#6371,#6379,#6387,#6395,#6403));
#6369 = ORIENTED_EDGE('',*,*,#6355,.T.);
#6370 = ORIENTED_EDGE('',*,*,#3595,.F.);
#6371 = ORIENTED_EDGE('',*,*,#6372,.F.);
#6372 = EDGE_CURVE('',#6373,#3596,#6375,.T.);
#6373 = VERTEX_POINT('',#6374);
#6374 = CARTESIAN_POINT('',(7.125,2.275,1.17));
#6375 = LINE('',#6376,#6377);
#6376 = CARTESIAN_POINT('',(7.125,2.275,1.17));
#6377 = VECTOR('',#6378,1.);
#6378 = DIRECTION('',(-0.,1.,0.));
#6379 = ORIENTED_EDGE('',*,*,#6380,.F.);
#6380 = EDGE_CURVE('',#6381,#6373,#6383,.T.);
#6381 = VERTEX_POINT('',#6382);
#6382 = CARTESIAN_POINT('',(7.125,2.275,0.86));
#6383 = LINE('',#6384,#6385);
#6384 = CARTESIAN_POINT('',(7.125,2.275,0.12));
#6385 = VECTOR('',#6386,1.);
#6386 = DIRECTION('',(0.,0.,1.));
#6387 = ORIENTED_EDGE('',*,*,#6388,.F.);
#6388 = EDGE_CURVE('',#6389,#6381,#6391,.T.);
#6389 = VERTEX_POINT('',#6390);
#6390 = CARTESIAN_POINT('',(7.125,2.275,0.49));
#6391 = LINE('',#6392,#6393);
#6392 = CARTESIAN_POINT('',(7.125,2.275,0.12));
#6393 = VECTOR('',#6394,1.);
#6394 = DIRECTION('',(0.,0.,1.));
#6395 = ORIENTED_EDGE('',*,*,#6396,.F.);
#6396 = EDGE_CURVE('',#6397,#6389,#6399,.T.);
#6397 = VERTEX_POINT('',#6398);
#6398 = CARTESIAN_POINT('',(7.125,2.275,0.3));
#6399 = LINE('',#6400,#6401);
#6400 = CARTESIAN_POINT('',(7.125,2.275,0.12));
#6401 = VECTOR('',#6402,1.);
#6402 = DIRECTION('',(0.,0.,1.));
#6403 = ORIENTED_EDGE('',*,*,#6404,.F.);
#6404 = EDGE_CURVE('',#6348,#6397,#6405,.T.);
#6405 = LINE('',#6406,#6407);
#6406 = CARTESIAN_POINT('',(7.125,2.275,0.12));
#6407 = VECTOR('',#6408,1.);
#6408 = DIRECTION('',(0.,0.,1.));
#6409 = PLANE('',#6410);
#6410 = AXIS2_PLACEMENT_3D('',#6411,#6412,#6413);
#6411 = CARTESIAN_POINT('',(7.125,2.928538891724,0.406031440384));
#6412 = DIRECTION('',(1.,0.,0.));
#6413 = DIRECTION('',(-0.,0.,1.));
#6414 = ADVANCED_FACE('',(#6415),#6449,.F.);
#6415 = FACE_BOUND('',#6416,.F.);
#6416 = EDGE_LOOP('',(#6417,#6418,#6426,#6432,#6433,#6441,#6447,#6448));
#6417 = ORIENTED_EDGE('',*,*,#6332,.F.);
#6418 = ORIENTED_EDGE('',*,*,#6419,.F.);
#6419 = EDGE_CURVE('',#6420,#6325,#6422,.T.);
#6420 = VERTEX_POINT('',#6421);
#6421 = CARTESIAN_POINT('',(6.85,2.275,1.17));
#6422 = LINE('',#6423,#6424);
#6423 = CARTESIAN_POINT('',(6.85,2.275,1.17));
#6424 = VECTOR('',#6425,1.);
#6425 = DIRECTION('',(1.,0.,-0.));
#6426 = ORIENTED_EDGE('',*,*,#6427,.F.);
#6427 = EDGE_CURVE('',#1158,#6420,#6428,.T.);
#6428 = LINE('',#6429,#6430);
#6429 = CARTESIAN_POINT('',(6.85,-0.6,1.17));
#6430 = VECTOR('',#6431,1.);
#6431 = DIRECTION('',(-0.,1.,0.));
#6432 = ORIENTED_EDGE('',*,*,#1183,.T.);
#6433 = ORIENTED_EDGE('',*,*,#6434,.T.);
#6434 = EDGE_CURVE('',#1176,#6435,#6437,.T.);
#6435 = VERTEX_POINT('',#6436);
#6436 = CARTESIAN_POINT('',(7.15,2.275,1.17));
#6437 = LINE('',#6438,#6439);
#6438 = CARTESIAN_POINT('',(7.15,-0.6,1.17));
#6439 = VECTOR('',#6440,1.);
#6440 = DIRECTION('',(-0.,1.,0.));
#6441 = ORIENTED_EDGE('',*,*,#6442,.F.);
#6442 = EDGE_CURVE('',#6373,#6435,#6443,.T.);
#6443 = LINE('',#6444,#6445);
#6444 = CARTESIAN_POINT('',(6.85,2.275,1.17));
#6445 = VECTOR('',#6446,1.);
#6446 = DIRECTION('',(1.,0.,-0.));
#6447 = ORIENTED_EDGE('',*,*,#6372,.T.);
#6448 = ORIENTED_EDGE('',*,*,#3603,.F.);
#6449 = PLANE('',#6450);
#6450 = AXIS2_PLACEMENT_3D('',#6451,#6452,#6453);
#6451 = CARTESIAN_POINT('',(7.,0.936018518519,1.17));
#6452 = DIRECTION('',(0.,0.,1.));
#6453 = DIRECTION('',(1.,0.,-0.));
#6454 = ADVANCED_FACE('',(#6455),#6466,.T.);
#6455 = FACE_BOUND('',#6456,.T.);
#6456 = EDGE_LOOP('',(#6457,#6463,#6464,#6465));
#6457 = ORIENTED_EDGE('',*,*,#6458,.F.);
#6458 = EDGE_CURVE('',#3858,#3641,#6459,.T.);
#6459 = LINE('',#6460,#6461);
#6460 = CARTESIAN_POINT('',(-10.02,-4.5E-02,0.));
#6461 = VECTOR('',#6462,1.);
#6462 = DIRECTION('',(1.,0.,-0.));
#6463 = ORIENTED_EDGE('',*,*,#3857,.T.);
#6464 = ORIENTED_EDGE('',*,*,#3890,.T.);
#6465 = ORIENTED_EDGE('',*,*,#3648,.F.);
#6466 = PLANE('',#6467);
#6467 = AXIS2_PLACEMENT_3D('',#6468,#6469,#6470);
#6468 = CARTESIAN_POINT('',(-10.02,-4.5E-02,0.));
#6469 = DIRECTION('',(-0.,1.,0.));
#6470 = DIRECTION('',(0.,0.,1.));
#6471 = ADVANCED_FACE('',(#6472),#6488,.T.);
#6472 = FACE_BOUND('',#6473,.T.);
#6473 = EDGE_LOOP('',(#6474,#6480,#6481,#6487));
#6474 = ORIENTED_EDGE('',*,*,#6475,.F.);
#6475 = EDGE_CURVE('',#3633,#3691,#6476,.T.);
#6476 = LINE('',#6477,#6478);
#6477 = CARTESIAN_POINT('',(-10.025,-7.5E-02,0.));
#6478 = VECTOR('',#6479,1.);
#6479 = DIRECTION('',(1.,0.,-0.));
#6480 = ORIENTED_EDGE('',*,*,#3632,.T.);
#6481 = ORIENTED_EDGE('',*,*,#6482,.T.);
#6482 = EDGE_CURVE('',#2824,#2920,#6483,.T.);
#6483 = LINE('',#6484,#6485);
#6484 = CARTESIAN_POINT('',(-10.025,-7.5E-02,0.43));
#6485 = VECTOR('',#6486,1.);
#6486 = DIRECTION('',(1.,0.,-0.));
#6487 = ORIENTED_EDGE('',*,*,#3690,.F.);
#6488 = PLANE('',#6489);
#6489 = AXIS2_PLACEMENT_3D('',#6490,#6491,#6492);
#6490 = CARTESIAN_POINT('',(-8.6,-7.5E-02,0.));
#6491 = DIRECTION('',(-0.,1.,0.));
#6492 = DIRECTION('',(0.,0.,1.));
#6493 = ADVANCED_FACE('',(#6494),#6510,.T.);
#6494 = FACE_BOUND('',#6495,.T.);
#6495 = EDGE_LOOP('',(#6496,#6502,#6503,#6509));
#6496 = ORIENTED_EDGE('',*,*,#6497,.F.);
#6497 = EDGE_CURVE('',#3778,#3819,#6498,.T.);
#6498 = LINE('',#6499,#6500);
#6499 = CARTESIAN_POINT('',(-10.025,-7.5E-02,0.));
#6500 = VECTOR('',#6501,1.);
#6501 = DIRECTION('',(1.,0.,-0.));
#6502 = ORIENTED_EDGE('',*,*,#3785,.T.);
#6503 = ORIENTED_EDGE('',*,*,#6504,.T.);
#6504 = EDGE_CURVE('',#2880,#2856,#6505,.T.);
#6505 = LINE('',#6506,#6507);
#6506 = CARTESIAN_POINT('',(-10.025,-7.5E-02,0.43));
#6507 = VECTOR('',#6508,1.);
#6508 = DIRECTION('',(1.,0.,-0.));
#6509 = ORIENTED_EDGE('',*,*,#3818,.F.);
#6510 = PLANE('',#6511);
#6511 = AXIS2_PLACEMENT_3D('',#6512,#6513,#6514);
#6512 = CARTESIAN_POINT('',(8.33,-7.5E-02,0.));
#6513 = DIRECTION('',(-0.,1.,0.));
#6514 = DIRECTION('',(0.,0.,1.));
#6515 = ADVANCED_FACE('',(#6516),#6527,.T.);
#6516 = FACE_BOUND('',#6517,.T.);
#6517 = EDGE_LOOP('',(#6518,#6524,#6525,#6526));
#6518 = ORIENTED_EDGE('',*,*,#6519,.F.);
#6519 = EDGE_CURVE('',#3827,#3930,#6520,.T.);
#6520 = LINE('',#6521,#6522);
#6521 = CARTESIAN_POINT('',(8.33,-4.5E-02,0.));
#6522 = VECTOR('',#6523,1.);
#6523 = DIRECTION('',(1.,0.,-0.));
#6524 = ORIENTED_EDGE('',*,*,#3834,.T.);
#6525 = ORIENTED_EDGE('',*,*,#3907,.T.);
#6526 = ORIENTED_EDGE('',*,*,#3929,.F.);
#6527 = PLANE('',#6528);
#6528 = AXIS2_PLACEMENT_3D('',#6529,#6530,#6531);
#6529 = CARTESIAN_POINT('',(8.33,-4.5E-02,0.));
#6530 = DIRECTION('',(-0.,1.,0.));
#6531 = DIRECTION('',(0.,0.,1.));
#6532 = ADVANCED_FACE('',(#6533),#6551,.F.);
#6533 = FACE_BOUND('',#6534,.F.);
#6534 = EDGE_LOOP('',(#6535,#6543,#6549,#6550));
#6535 = ORIENTED_EDGE('',*,*,#6536,.F.);
#6536 = EDGE_CURVE('',#6537,#3979,#6539,.T.);
#6537 = VERTEX_POINT('',#6538);
#6538 = CARTESIAN_POINT('',(-7.15,2.275,0.86));
#6539 = LINE('',#6540,#6541);
#6540 = CARTESIAN_POINT('',(-7.15,2.275,0.86));
#6541 = VECTOR('',#6542,1.);
#6542 = DIRECTION('',(1.,0.,-0.));
#6543 = ORIENTED_EDGE('',*,*,#6544,.T.);
#6544 = EDGE_CURVE('',#6537,#4082,#6545,.T.);
#6545 = LINE('',#6546,#6547);
#6546 = CARTESIAN_POINT('',(-7.15,2.275,0.86));
#6547 = VECTOR('',#6548,1.);
#6548 = DIRECTION('',(0.,0.,1.));
#6549 = ORIENTED_EDGE('',*,*,#4081,.T.);
#6550 = ORIENTED_EDGE('',*,*,#3986,.F.);
#6551 = PLANE('',#6552);
#6552 = AXIS2_PLACEMENT_3D('',#6553,#6554,#6555);
#6553 = CARTESIAN_POINT('',(-7.15,2.275,0.86));
#6554 = DIRECTION('',(-0.,1.,0.));
#6555 = DIRECTION('',(0.,0.,1.));
#6556 = ADVANCED_FACE('',(#6557),#6573,.T.);
#6557 = FACE_BOUND('',#6558,.T.);
#6558 = EDGE_LOOP('',(#6559,#6560,#6566,#6567));
#6559 = ORIENTED_EDGE('',*,*,#4050,.F.);
#6560 = ORIENTED_EDGE('',*,*,#6561,.F.);
#6561 = EDGE_CURVE('',#3971,#4051,#6562,.T.);
#6562 = LINE('',#6563,#6564);
#6563 = CARTESIAN_POINT('',(-7.15,2.275,0.49));
#6564 = VECTOR('',#6565,1.);
#6565 = DIRECTION('',(1.,0.,-0.));
#6566 = ORIENTED_EDGE('',*,*,#3978,.T.);
#6567 = ORIENTED_EDGE('',*,*,#6568,.T.);
#6568 = EDGE_CURVE('',#3979,#4043,#6569,.T.);
#6569 = LINE('',#6570,#6571);
#6570 = CARTESIAN_POINT('',(-7.15,2.275,0.86));
#6571 = VECTOR('',#6572,1.);
#6572 = DIRECTION('',(1.,0.,-0.));
#6573 = PLANE('',#6574);
#6574 = AXIS2_PLACEMENT_3D('',#6575,#6576,#6577);
#6575 = CARTESIAN_POINT('',(-7.125,2.275,0.12));
#6576 = DIRECTION('',(-0.,1.,0.));
#6577 = DIRECTION('',(0.,0.,1.));
#6578 = ADVANCED_FACE('',(#6579),#6595,.F.);
#6579 = FACE_BOUND('',#6580,.F.);
#6580 = EDGE_LOOP('',(#6581,#6587,#6588,#6594));
#6581 = ORIENTED_EDGE('',*,*,#6582,.F.);
#6582 = EDGE_CURVE('',#54,#3963,#6583,.T.);
#6583 = LINE('',#6584,#6585);
#6584 = CARTESIAN_POINT('',(-7.15,2.275,0.3));
#6585 = VECTOR('',#6586,1.);
#6586 = DIRECTION('',(1.,0.,-0.));
#6587 = ORIENTED_EDGE('',*,*,#93,.T.);
#6588 = ORIENTED_EDGE('',*,*,#6589,.T.);
#6589 = EDGE_CURVE('',#86,#3971,#6590,.T.);
#6590 = LINE('',#6591,#6592);
#6591 = CARTESIAN_POINT('',(-7.15,2.275,0.49));
#6592 = VECTOR('',#6593,1.);
#6593 = DIRECTION('',(1.,0.,-0.));
#6594 = ORIENTED_EDGE('',*,*,#3970,.F.);
#6595 = PLANE('',#6596);
#6596 = AXIS2_PLACEMENT_3D('',#6597,#6598,#6599);
#6597 = CARTESIAN_POINT('',(-7.15,2.275,0.3));
#6598 = DIRECTION('',(-0.,1.,0.));
#6599 = DIRECTION('',(0.,0.,1.));
#6600 = ADVANCED_FACE('',(#6601),#6612,.T.);
#6601 = FACE_BOUND('',#6602,.T.);
#6602 = EDGE_LOOP('',(#6603,#6604,#6605,#6606));
#6603 = ORIENTED_EDGE('',*,*,#4066,.F.);
#6604 = ORIENTED_EDGE('',*,*,#4009,.F.);
#6605 = ORIENTED_EDGE('',*,*,#3962,.T.);
#6606 = ORIENTED_EDGE('',*,*,#6607,.T.);
#6607 = EDGE_CURVE('',#3963,#4059,#6608,.T.);
#6608 = LINE('',#6609,#6610);
#6609 = CARTESIAN_POINT('',(-7.15,2.275,0.3));
#6610 = VECTOR('',#6611,1.);
#6611 = DIRECTION('',(1.,0.,-0.));
#6612 = PLANE('',#6613);
#6613 = AXIS2_PLACEMENT_3D('',#6614,#6615,#6616);
#6614 = CARTESIAN_POINT('',(-7.125,2.275,0.12));
#6615 = DIRECTION('',(-0.,1.,0.));
#6616 = DIRECTION('',(0.,0.,1.));
#6617 = ADVANCED_FACE('',(#6618),#6634,.F.);
#6618 = FACE_BOUND('',#6619,.F.);
#6619 = EDGE_LOOP('',(#6620,#6626,#6627,#6633));
#6620 = ORIENTED_EDGE('',*,*,#6621,.F.);
#6621 = EDGE_CURVE('',#4059,#139,#6622,.T.);
#6622 = LINE('',#6623,#6624);
#6623 = CARTESIAN_POINT('',(-7.15,2.275,0.3));
#6624 = VECTOR('',#6625,1.);
#6625 = DIRECTION('',(1.,0.,-0.));
#6626 = ORIENTED_EDGE('',*,*,#4058,.T.);
#6627 = ORIENTED_EDGE('',*,*,#6628,.T.);
#6628 = EDGE_CURVE('',#4051,#147,#6629,.T.);
#6629 = LINE('',#6630,#6631);
#6630 = CARTESIAN_POINT('',(-7.15,2.275,0.49));
#6631 = VECTOR('',#6632,1.);
#6632 = DIRECTION('',(1.,0.,-0.));
#6633 = ORIENTED_EDGE('',*,*,#146,.F.);
#6634 = PLANE('',#6635);
#6635 = AXIS2_PLACEMENT_3D('',#6636,#6637,#6638);
#6636 = CARTESIAN_POINT('',(-7.15,2.275,0.3));
#6637 = DIRECTION('',(-0.,1.,0.));
#6638 = DIRECTION('',(0.,0.,1.));
#6639 = ADVANCED_FACE('',(#6640),#6658,.F.);
#6640 = FACE_BOUND('',#6641,.F.);
#6641 = EDGE_LOOP('',(#6642,#6650,#6651,#6652));
#6642 = ORIENTED_EDGE('',*,*,#6643,.F.);
#6643 = EDGE_CURVE('',#4043,#6644,#6646,.T.);
#6644 = VERTEX_POINT('',#6645);
#6645 = CARTESIAN_POINT('',(-6.85,2.275,0.86));
#6646 = LINE('',#6647,#6648);
#6647 = CARTESIAN_POINT('',(-7.15,2.275,0.86));
#6648 = VECTOR('',#6649,1.);
#6649 = DIRECTION('',(1.,0.,-0.));
#6650 = ORIENTED_EDGE('',*,*,#4042,.T.);
#6651 = ORIENTED_EDGE('',*,*,#4104,.T.);
#6652 = ORIENTED_EDGE('',*,*,#6653,.F.);
#6653 = EDGE_CURVE('',#6644,#4097,#6654,.T.);
#6654 = LINE('',#6655,#6656);
#6655 = CARTESIAN_POINT('',(-6.85,2.275,0.86));
#6656 = VECTOR('',#6657,1.);
#6657 = DIRECTION('',(0.,0.,1.));
#6658 = PLANE('',#6659);
#6659 = AXIS2_PLACEMENT_3D('',#6660,#6661,#6662);
#6660 = CARTESIAN_POINT('',(-7.15,2.275,0.86));
#6661 = DIRECTION('',(-0.,1.,0.));
#6662 = DIRECTION('',(0.,0.,1.));
#6663 = ADVANCED_FACE('',(#6664),#6675,.F.);
#6664 = FACE_BOUND('',#6665,.F.);
#6665 = EDGE_LOOP('',(#6666,#6667,#6668,#6674));
#6666 = ORIENTED_EDGE('',*,*,#4096,.F.);
#6667 = ORIENTED_EDGE('',*,*,#699,.T.);
#6668 = ORIENTED_EDGE('',*,*,#6669,.T.);
#6669 = EDGE_CURVE('',#692,#6644,#6670,.T.);
#6670 = LINE('',#6671,#6672);
#6671 = CARTESIAN_POINT('',(-6.85,-0.6,0.86));
#6672 = VECTOR('',#6673,1.);
#6673 = DIRECTION('',(-0.,1.,0.));
#6674 = ORIENTED_EDGE('',*,*,#6653,.T.);
#6675 = PLANE('',#6676);
#6676 = AXIS2_PLACEMENT_3D('',#6677,#6678,#6679);
#6677 = CARTESIAN_POINT('',(-6.85,-0.6,0.86));
#6678 = DIRECTION('',(1.,0.,-0.));
#6679 = DIRECTION('',(0.,0.,1.));
#6680 = ADVANCED_FACE('',(#6681),#6692,.T.);
#6681 = FACE_BOUND('',#6682,.T.);
#6682 = EDGE_LOOP('',(#6683,#6684,#6685,#6691));
#6683 = ORIENTED_EDGE('',*,*,#4089,.F.);
#6684 = ORIENTED_EDGE('',*,*,#681,.T.);
#6685 = ORIENTED_EDGE('',*,*,#6686,.T.);
#6686 = EDGE_CURVE('',#684,#6537,#6687,.T.);
#6687 = LINE('',#6688,#6689);
#6688 = CARTESIAN_POINT('',(-7.15,-0.6,0.86));
#6689 = VECTOR('',#6690,1.);
#6690 = DIRECTION('',(-0.,1.,0.));
#6691 = ORIENTED_EDGE('',*,*,#6544,.T.);
#6692 = PLANE('',#6693);
#6693 = AXIS2_PLACEMENT_3D('',#6694,#6695,#6696);
#6694 = CARTESIAN_POINT('',(-7.15,-0.6,0.86));
#6695 = DIRECTION('',(1.,0.,-0.));
#6696 = DIRECTION('',(0.,0.,1.));
#6697 = ADVANCED_FACE('',(#6698),#6716,.F.);
#6698 = FACE_BOUND('',#6699,.F.);
#6699 = EDGE_LOOP('',(#6700,#6708,#6714,#6715));
#6700 = ORIENTED_EDGE('',*,*,#6701,.F.);
#6701 = EDGE_CURVE('',#6702,#4146,#6704,.T.);
#6702 = VERTEX_POINT('',#6703);
#6703 = CARTESIAN_POINT('',(-6.15,2.275,0.86));
#6704 = LINE('',#6705,#6706);
#6705 = CARTESIAN_POINT('',(-6.15,2.275,0.86));
#6706 = VECTOR('',#6707,1.);
#6707 = DIRECTION('',(1.,0.,-0.));
#6708 = ORIENTED_EDGE('',*,*,#6709,.T.);
#6709 = EDGE_CURVE('',#6702,#4249,#6710,.T.);
#6710 = LINE('',#6711,#6712);
#6711 = CARTESIAN_POINT('',(-6.15,2.275,0.86));
#6712 = VECTOR('',#6713,1.);
#6713 = DIRECTION('',(0.,0.,1.));
#6714 = ORIENTED_EDGE('',*,*,#4248,.T.);
#6715 = ORIENTED_EDGE('',*,*,#4153,.F.);
#6716 = PLANE('',#6717);
#6717 = AXIS2_PLACEMENT_3D('',#6718,#6719,#6720);
#6718 = CARTESIAN_POINT('',(-6.15,2.275,0.86));
#6719 = DIRECTION('',(-0.,1.,0.));
#6720 = DIRECTION('',(0.,0.,1.));
#6721 = ADVANCED_FACE('',(#6722),#6738,.T.);
#6722 = FACE_BOUND('',#6723,.T.);
#6723 = EDGE_LOOP('',(#6724,#6725,#6731,#6732));
#6724 = ORIENTED_EDGE('',*,*,#4217,.F.);
#6725 = ORIENTED_EDGE('',*,*,#6726,.F.);
#6726 = EDGE_CURVE('',#4138,#4218,#6727,.T.);
#6727 = LINE('',#6728,#6729);
#6728 = CARTESIAN_POINT('',(-6.15,2.275,0.49));
#6729 = VECTOR('',#6730,1.);
#6730 = DIRECTION('',(1.,0.,-0.));
#6731 = ORIENTED_EDGE('',*,*,#4145,.T.);
#6732 = ORIENTED_EDGE('',*,*,#6733,.T.);
#6733 = EDGE_CURVE('',#4146,#4210,#6734,.T.);
#6734 = LINE('',#6735,#6736);
#6735 = CARTESIAN_POINT('',(-6.15,2.275,0.86));
#6736 = VECTOR('',#6737,1.);
#6737 = DIRECTION('',(1.,0.,-0.));
#6738 = PLANE('',#6739);
#6739 = AXIS2_PLACEMENT_3D('',#6740,#6741,#6742);
#6740 = CARTESIAN_POINT('',(-6.125,2.275,0.12));
#6741 = DIRECTION('',(-0.,1.,0.));
#6742 = DIRECTION('',(0.,0.,1.));
#6743 = ADVANCED_FACE('',(#6744),#6760,.F.);
#6744 = FACE_BOUND('',#6745,.F.);
#6745 = EDGE_LOOP('',(#6746,#6752,#6753,#6759));
#6746 = ORIENTED_EDGE('',*,*,#6747,.F.);
#6747 = EDGE_CURVE('',#1200,#4130,#6748,.T.);
#6748 = LINE('',#6749,#6750);
#6749 = CARTESIAN_POINT('',(-6.15,2.275,0.3));
#6750 = VECTOR('',#6751,1.);
#6751 = DIRECTION('',(1.,0.,-0.));
#6752 = ORIENTED_EDGE('',*,*,#1230,.T.);
#6753 = ORIENTED_EDGE('',*,*,#6754,.T.);
#6754 = EDGE_CURVE('',#1223,#4138,#6755,.T.);
#6755 = LINE('',#6756,#6757);
#6756 = CARTESIAN_POINT('',(-6.15,2.275,0.49));
#6757 = VECTOR('',#6758,1.);
#6758 = DIRECTION('',(1.,0.,-0.));
#6759 = ORIENTED_EDGE('',*,*,#4137,.F.);
#6760 = PLANE('',#6761);
#6761 = AXIS2_PLACEMENT_3D('',#6762,#6763,#6764);
#6762 = CARTESIAN_POINT('',(-6.15,2.275,0.3));
#6763 = DIRECTION('',(-0.,1.,0.));
#6764 = DIRECTION('',(0.,0.,1.));
#6765 = ADVANCED_FACE('',(#6766),#6777,.T.);
#6766 = FACE_BOUND('',#6767,.T.);
#6767 = EDGE_LOOP('',(#6768,#6769,#6770,#6771));
#6768 = ORIENTED_EDGE('',*,*,#4233,.F.);
#6769 = ORIENTED_EDGE('',*,*,#4176,.F.);
#6770 = ORIENTED_EDGE('',*,*,#4129,.T.);
#6771 = ORIENTED_EDGE('',*,*,#6772,.T.);
#6772 = EDGE_CURVE('',#4130,#4226,#6773,.T.);
#6773 = LINE('',#6774,#6775);
#6774 = CARTESIAN_POINT('',(-6.15,2.275,0.3));
#6775 = VECTOR('',#6776,1.);
#6776 = DIRECTION('',(1.,0.,-0.));
#6777 = PLANE('',#6778);
#6778 = AXIS2_PLACEMENT_3D('',#6779,#6780,#6781);
#6779 = CARTESIAN_POINT('',(-6.125,2.275,0.12));
#6780 = DIRECTION('',(-0.,1.,0.));
#6781 = DIRECTION('',(0.,0.,1.));
#6782 = ADVANCED_FACE('',(#6783),#6799,.F.);
#6783 = FACE_BOUND('',#6784,.F.);
#6784 = EDGE_LOOP('',(#6785,#6791,#6792,#6798));
#6785 = ORIENTED_EDGE('',*,*,#6786,.F.);
#6786 = EDGE_CURVE('',#4226,#1276,#6787,.T.);
#6787 = LINE('',#6788,#6789);
#6788 = CARTESIAN_POINT('',(-6.15,2.275,0.3));
#6789 = VECTOR('',#6790,1.);
#6790 = DIRECTION('',(1.,0.,-0.));
#6791 = ORIENTED_EDGE('',*,*,#4225,.T.);
#6792 = ORIENTED_EDGE('',*,*,#6793,.T.);
#6793 = EDGE_CURVE('',#4218,#1284,#6794,.T.);
#6794 = LINE('',#6795,#6796);
#6795 = CARTESIAN_POINT('',(-6.15,2.275,0.49));
#6796 = VECTOR('',#6797,1.);
#6797 = DIRECTION('',(1.,0.,-0.));
#6798 = ORIENTED_EDGE('',*,*,#1283,.F.);
#6799 = PLANE('',#6800);
#6800 = AXIS2_PLACEMENT_3D('',#6801,#6802,#6803);
#6801 = CARTESIAN_POINT('',(-6.15,2.275,0.3));
#6802 = DIRECTION('',(-0.,1.,0.));
#6803 = DIRECTION('',(0.,0.,1.));
#6804 = ADVANCED_FACE('',(#6805),#6823,.F.);
#6805 = FACE_BOUND('',#6806,.F.);
#6806 = EDGE_LOOP('',(#6807,#6815,#6816,#6817));
#6807 = ORIENTED_EDGE('',*,*,#6808,.F.);
#6808 = EDGE_CURVE('',#4210,#6809,#6811,.T.);
#6809 = VERTEX_POINT('',#6810);
#6810 = CARTESIAN_POINT('',(-5.85,2.275,0.86));
#6811 = LINE('',#6812,#6813);
#6812 = CARTESIAN_POINT('',(-6.15,2.275,0.86));
#6813 = VECTOR('',#6814,1.);
#6814 = DIRECTION('',(1.,0.,-0.));
#6815 = ORIENTED_EDGE('',*,*,#4209,.T.);
#6816 = ORIENTED_EDGE('',*,*,#4271,.T.);
#6817 = ORIENTED_EDGE('',*,*,#6818,.F.);
#6818 = EDGE_CURVE('',#6809,#4264,#6819,.T.);
#6819 = LINE('',#6820,#6821);
#6820 = CARTESIAN_POINT('',(-5.85,2.275,0.86));
#6821 = VECTOR('',#6822,1.);
#6822 = DIRECTION('',(0.,0.,1.));
#6823 = PLANE('',#6824);
#6824 = AXIS2_PLACEMENT_3D('',#6825,#6826,#6827);
#6825 = CARTESIAN_POINT('',(-6.15,2.275,0.86));
#6826 = DIRECTION('',(-0.,1.,0.));
#6827 = DIRECTION('',(0.,0.,1.));
#6828 = ADVANCED_FACE('',(#6829),#6840,.F.);
#6829 = FACE_BOUND('',#6830,.F.);
#6830 = EDGE_LOOP('',(#6831,#6832,#6833,#6839));
#6831 = ORIENTED_EDGE('',*,*,#4263,.F.);
#6832 = ORIENTED_EDGE('',*,*,#733,.T.);
#6833 = ORIENTED_EDGE('',*,*,#6834,.T.);
#6834 = EDGE_CURVE('',#726,#6809,#6835,.T.);
#6835 = LINE('',#6836,#6837);
#6836 = CARTESIAN_POINT('',(-5.85,-0.6,0.86));
#6837 = VECTOR('',#6838,1.);
#6838 = DIRECTION('',(-0.,1.,0.));
#6839 = ORIENTED_EDGE('',*,*,#6818,.T.);
#6840 = PLANE('',#6841);
#6841 = AXIS2_PLACEMENT_3D('',#6842,#6843,#6844);
#6842 = CARTESIAN_POINT('',(-5.85,-0.6,0.86));
#6843 = DIRECTION('',(1.,0.,-0.));
#6844 = DIRECTION('',(0.,0.,1.));
#6845 = ADVANCED_FACE('',(#6846),#6857,.T.);
#6846 = FACE_BOUND('',#6847,.T.);
#6847 = EDGE_LOOP('',(#6848,#6849,#6850,#6856));
#6848 = ORIENTED_EDGE('',*,*,#4256,.F.);
#6849 = ORIENTED_EDGE('',*,*,#715,.T.);
#6850 = ORIENTED_EDGE('',*,*,#6851,.T.);
#6851 = EDGE_CURVE('',#718,#6702,#6852,.T.);
#6852 = LINE('',#6853,#6854);
#6853 = CARTESIAN_POINT('',(-6.15,-0.6,0.86));
#6854 = VECTOR('',#6855,1.);
#6855 = DIRECTION('',(-0.,1.,0.));
#6856 = ORIENTED_EDGE('',*,*,#6709,.T.);
#6857 = PLANE('',#6858);
#6858 = AXIS2_PLACEMENT_3D('',#6859,#6860,#6861);
#6859 = CARTESIAN_POINT('',(-6.15,-0.6,0.86));
#6860 = DIRECTION('',(1.,0.,-0.));
#6861 = DIRECTION('',(0.,0.,1.));
#6862 = ADVANCED_FACE('',(#6863),#6881,.F.);
#6863 = FACE_BOUND('',#6864,.F.);
#6864 = EDGE_LOOP('',(#6865,#6873,#6879,#6880));
#6865 = ORIENTED_EDGE('',*,*,#6866,.F.);
#6866 = EDGE_CURVE('',#6867,#4313,#6869,.T.);
#6867 = VERTEX_POINT('',#6868);
#6868 = CARTESIAN_POINT('',(-5.15,2.275,0.86));
#6869 = LINE('',#6870,#6871);
#6870 = CARTESIAN_POINT('',(-5.15,2.275,0.86));
#6871 = VECTOR('',#6872,1.);
#6872 = DIRECTION('',(1.,0.,-0.));
#6873 = ORIENTED_EDGE('',*,*,#6874,.T.);
#6874 = EDGE_CURVE('',#6867,#4416,#6875,.T.);
#6875 = LINE('',#6876,#6877);
#6876 = CARTESIAN_POINT('',(-5.15,2.275,0.86));
#6877 = VECTOR('',#6878,1.);
#6878 = DIRECTION('',(0.,0.,1.));
#6879 = ORIENTED_EDGE('',*,*,#4415,.T.);
#6880 = ORIENTED_EDGE('',*,*,#4320,.F.);
#6881 = PLANE('',#6882);
#6882 = AXIS2_PLACEMENT_3D('',#6883,#6884,#6885);
#6883 = CARTESIAN_POINT('',(-5.15,2.275,0.86));
#6884 = DIRECTION('',(-0.,1.,0.));
#6885 = DIRECTION('',(0.,0.,1.));
#6886 = ADVANCED_FACE('',(#6887),#6903,.T.);
#6887 = FACE_BOUND('',#6888,.T.);
#6888 = EDGE_LOOP('',(#6889,#6890,#6896,#6897));
#6889 = ORIENTED_EDGE('',*,*,#4384,.F.);
#6890 = ORIENTED_EDGE('',*,*,#6891,.F.);
#6891 = EDGE_CURVE('',#4305,#4385,#6892,.T.);
#6892 = LINE('',#6893,#6894);
#6893 = CARTESIAN_POINT('',(-5.15,2.275,0.49));
#6894 = VECTOR('',#6895,1.);
#6895 = DIRECTION('',(1.,0.,-0.));
#6896 = ORIENTED_EDGE('',*,*,#4312,.T.);
#6897 = ORIENTED_EDGE('',*,*,#6898,.T.);
#6898 = EDGE_CURVE('',#4313,#4377,#6899,.T.);
#6899 = LINE('',#6900,#6901);
#6900 = CARTESIAN_POINT('',(-5.15,2.275,0.86));
#6901 = VECTOR('',#6902,1.);
#6902 = DIRECTION('',(1.,0.,-0.));
#6903 = PLANE('',#6904);
#6904 = AXIS2_PLACEMENT_3D('',#6905,#6906,#6907);
#6905 = CARTESIAN_POINT('',(-5.125,2.275,0.12));
#6906 = DIRECTION('',(-0.,1.,0.));
#6907 = DIRECTION('',(0.,0.,1.));
#6908 = ADVANCED_FACE('',(#6909),#6925,.F.);
#6909 = FACE_BOUND('',#6910,.F.);
#6910 = EDGE_LOOP('',(#6911,#6917,#6918,#6924));
#6911 = ORIENTED_EDGE('',*,*,#6912,.F.);
#6912 = EDGE_CURVE('',#1316,#4297,#6913,.T.);
#6913 = LINE('',#6914,#6915);
#6914 = CARTESIAN_POINT('',(-5.15,2.275,0.3));
#6915 = VECTOR('',#6916,1.);
#6916 = DIRECTION('',(1.,0.,-0.));
#6917 = ORIENTED_EDGE('',*,*,#1346,.T.);
#6918 = ORIENTED_EDGE('',*,*,#6919,.T.);
#6919 = EDGE_CURVE('',#1339,#4305,#6920,.T.);
#6920 = LINE('',#6921,#6922);
#6921 = CARTESIAN_POINT('',(-5.15,2.275,0.49));
#6922 = VECTOR('',#6923,1.);
#6923 = DIRECTION('',(1.,0.,-0.));
#6924 = ORIENTED_EDGE('',*,*,#4304,.F.);
#6925 = PLANE('',#6926);
#6926 = AXIS2_PLACEMENT_3D('',#6927,#6928,#6929);
#6927 = CARTESIAN_POINT('',(-5.15,2.275,0.3));
#6928 = DIRECTION('',(-0.,1.,0.));
#6929 = DIRECTION('',(0.,0.,1.));
#6930 = ADVANCED_FACE('',(#6931),#6942,.T.);
#6931 = FACE_BOUND('',#6932,.T.);
#6932 = EDGE_LOOP('',(#6933,#6934,#6935,#6936));
#6933 = ORIENTED_EDGE('',*,*,#4400,.F.);
#6934 = ORIENTED_EDGE('',*,*,#4343,.F.);
#6935 = ORIENTED_EDGE('',*,*,#4296,.T.);
#6936 = ORIENTED_EDGE('',*,*,#6937,.T.);
#6937 = EDGE_CURVE('',#4297,#4393,#6938,.T.);
#6938 = LINE('',#6939,#6940);
#6939 = CARTESIAN_POINT('',(-5.15,2.275,0.3));
#6940 = VECTOR('',#6941,1.);
#6941 = DIRECTION('',(1.,0.,-0.));
#6942 = PLANE('',#6943);
#6943 = AXIS2_PLACEMENT_3D('',#6944,#6945,#6946);
#6944 = CARTESIAN_POINT('',(-5.125,2.275,0.12));
#6945 = DIRECTION('',(-0.,1.,0.));
#6946 = DIRECTION('',(0.,0.,1.));
#6947 = ADVANCED_FACE('',(#6948),#6964,.F.);
#6948 = FACE_BOUND('',#6949,.F.);
#6949 = EDGE_LOOP('',(#6950,#6956,#6957,#6963));
#6950 = ORIENTED_EDGE('',*,*,#6951,.F.);
#6951 = EDGE_CURVE('',#4393,#1392,#6952,.T.);
#6952 = LINE('',#6953,#6954);
#6953 = CARTESIAN_POINT('',(-5.15,2.275,0.3));
#6954 = VECTOR('',#6955,1.);
#6955 = DIRECTION('',(1.,0.,-0.));
#6956 = ORIENTED_EDGE('',*,*,#4392,.T.);
#6957 = ORIENTED_EDGE('',*,*,#6958,.T.);
#6958 = EDGE_CURVE('',#4385,#1400,#6959,.T.);
#6959 = LINE('',#6960,#6961);
#6960 = CARTESIAN_POINT('',(-5.15,2.275,0.49));
#6961 = VECTOR('',#6962,1.);
#6962 = DIRECTION('',(1.,0.,-0.));
#6963 = ORIENTED_EDGE('',*,*,#1399,.F.);
#6964 = PLANE('',#6965);
#6965 = AXIS2_PLACEMENT_3D('',#6966,#6967,#6968);
#6966 = CARTESIAN_POINT('',(-5.15,2.275,0.3));
#6967 = DIRECTION('',(-0.,1.,0.));
#6968 = DIRECTION('',(0.,0.,1.));
#6969 = ADVANCED_FACE('',(#6970),#6988,.F.);
#6970 = FACE_BOUND('',#6971,.F.);
#6971 = EDGE_LOOP('',(#6972,#6980,#6981,#6982));
#6972 = ORIENTED_EDGE('',*,*,#6973,.F.);
#6973 = EDGE_CURVE('',#4377,#6974,#6976,.T.);
#6974 = VERTEX_POINT('',#6975);
#6975 = CARTESIAN_POINT('',(-4.85,2.275,0.86));
#6976 = LINE('',#6977,#6978);
#6977 = CARTESIAN_POINT('',(-5.15,2.275,0.86));
#6978 = VECTOR('',#6979,1.);
#6979 = DIRECTION('',(1.,0.,-0.));
#6980 = ORIENTED_EDGE('',*,*,#4376,.T.);
#6981 = ORIENTED_EDGE('',*,*,#4438,.T.);
#6982 = ORIENTED_EDGE('',*,*,#6983,.F.);
#6983 = EDGE_CURVE('',#6974,#4431,#6984,.T.);
#6984 = LINE('',#6985,#6986);
#6985 = CARTESIAN_POINT('',(-4.85,2.275,0.86));
#6986 = VECTOR('',#6987,1.);
#6987 = DIRECTION('',(0.,0.,1.));
#6988 = PLANE('',#6989);
#6989 = AXIS2_PLACEMENT_3D('',#6990,#6991,#6992);
#6990 = CARTESIAN_POINT('',(-5.15,2.275,0.86));
#6991 = DIRECTION('',(-0.,1.,0.));
#6992 = DIRECTION('',(0.,0.,1.));
#6993 = ADVANCED_FACE('',(#6994),#7005,.F.);
#6994 = FACE_BOUND('',#6995,.F.);
#6995 = EDGE_LOOP('',(#6996,#6997,#6998,#7004));
#6996 = ORIENTED_EDGE('',*,*,#4430,.F.);
#6997 = ORIENTED_EDGE('',*,*,#767,.T.);
#6998 = ORIENTED_EDGE('',*,*,#6999,.T.);
#6999 = EDGE_CURVE('',#760,#6974,#7000,.T.);
#7000 = LINE('',#7001,#7002);
#7001 = CARTESIAN_POINT('',(-4.85,-0.6,0.86));
#7002 = VECTOR('',#7003,1.);
#7003 = DIRECTION('',(-0.,1.,0.));
#7004 = ORIENTED_EDGE('',*,*,#6983,.T.);
#7005 = PLANE('',#7006);
#7006 = AXIS2_PLACEMENT_3D('',#7007,#7008,#7009);
#7007 = CARTESIAN_POINT('',(-4.85,-0.6,0.86));
#7008 = DIRECTION('',(1.,0.,-0.));
#7009 = DIRECTION('',(0.,0.,1.));
#7010 = ADVANCED_FACE('',(#7011),#7022,.T.);
#7011 = FACE_BOUND('',#7012,.T.);
#7012 = EDGE_LOOP('',(#7013,#7014,#7015,#7021));
#7013 = ORIENTED_EDGE('',*,*,#4423,.F.);
#7014 = ORIENTED_EDGE('',*,*,#749,.T.);
#7015 = ORIENTED_EDGE('',*,*,#7016,.T.);
#7016 = EDGE_CURVE('',#752,#6867,#7017,.T.);
#7017 = LINE('',#7018,#7019);
#7018 = CARTESIAN_POINT('',(-5.15,-0.6,0.86));
#7019 = VECTOR('',#7020,1.);
#7020 = DIRECTION('',(-0.,1.,0.));
#7021 = ORIENTED_EDGE('',*,*,#6874,.T.);
#7022 = PLANE('',#7023);
#7023 = AXIS2_PLACEMENT_3D('',#7024,#7025,#7026);
#7024 = CARTESIAN_POINT('',(-5.15,-0.6,0.86));
#7025 = DIRECTION('',(1.,0.,-0.));
#7026 = DIRECTION('',(0.,0.,1.));
#7027 = ADVANCED_FACE('',(#7028),#7046,.F.);
#7028 = FACE_BOUND('',#7029,.F.);
#7029 = EDGE_LOOP('',(#7030,#7038,#7044,#7045));
#7030 = ORIENTED_EDGE('',*,*,#7031,.F.);
#7031 = EDGE_CURVE('',#7032,#4480,#7034,.T.);
#7032 = VERTEX_POINT('',#7033);
#7033 = CARTESIAN_POINT('',(-4.15,2.275,0.86));
#7034 = LINE('',#7035,#7036);
#7035 = CARTESIAN_POINT('',(-4.15,2.275,0.86));
#7036 = VECTOR('',#7037,1.);
#7037 = DIRECTION('',(1.,0.,-0.));
#7038 = ORIENTED_EDGE('',*,*,#7039,.T.);
#7039 = EDGE_CURVE('',#7032,#4583,#7040,.T.);
#7040 = LINE('',#7041,#7042);
#7041 = CARTESIAN_POINT('',(-4.15,2.275,0.86));
#7042 = VECTOR('',#7043,1.);
#7043 = DIRECTION('',(0.,0.,1.));
#7044 = ORIENTED_EDGE('',*,*,#4582,.T.);
#7045 = ORIENTED_EDGE('',*,*,#4487,.F.);
#7046 = PLANE('',#7047);
#7047 = AXIS2_PLACEMENT_3D('',#7048,#7049,#7050);
#7048 = CARTESIAN_POINT('',(-4.15,2.275,0.86));
#7049 = DIRECTION('',(-0.,1.,0.));
#7050 = DIRECTION('',(0.,0.,1.));
#7051 = ADVANCED_FACE('',(#7052),#7068,.T.);
#7052 = FACE_BOUND('',#7053,.T.);
#7053 = EDGE_LOOP('',(#7054,#7055,#7061,#7062));
#7054 = ORIENTED_EDGE('',*,*,#4551,.F.);
#7055 = ORIENTED_EDGE('',*,*,#7056,.F.);
#7056 = EDGE_CURVE('',#4472,#4552,#7057,.T.);
#7057 = LINE('',#7058,#7059);
#7058 = CARTESIAN_POINT('',(-4.15,2.275,0.49));
#7059 = VECTOR('',#7060,1.);
#7060 = DIRECTION('',(1.,0.,-0.));
#7061 = ORIENTED_EDGE('',*,*,#4479,.T.);
#7062 = ORIENTED_EDGE('',*,*,#7063,.T.);
#7063 = EDGE_CURVE('',#4480,#4544,#7064,.T.);
#7064 = LINE('',#7065,#7066);
#7065 = CARTESIAN_POINT('',(-4.15,2.275,0.86));
#7066 = VECTOR('',#7067,1.);
#7067 = DIRECTION('',(1.,0.,-0.));
#7068 = PLANE('',#7069);
#7069 = AXIS2_PLACEMENT_3D('',#7070,#7071,#7072);
#7070 = CARTESIAN_POINT('',(-4.125,2.275,0.12));
#7071 = DIRECTION('',(-0.,1.,0.));
#7072 = DIRECTION('',(0.,0.,1.));
#7073 = ADVANCED_FACE('',(#7074),#7090,.F.);
#7074 = FACE_BOUND('',#7075,.F.);
#7075 = EDGE_LOOP('',(#7076,#7082,#7083,#7089));
#7076 = ORIENTED_EDGE('',*,*,#7077,.F.);
#7077 = EDGE_CURVE('',#1432,#4464,#7078,.T.);
#7078 = LINE('',#7079,#7080);
#7079 = CARTESIAN_POINT('',(-4.15,2.275,0.3));
#7080 = VECTOR('',#7081,1.);
#7081 = DIRECTION('',(1.,0.,-0.));
#7082 = ORIENTED_EDGE('',*,*,#1462,.T.);
#7083 = ORIENTED_EDGE('',*,*,#7084,.T.);
#7084 = EDGE_CURVE('',#1455,#4472,#7085,.T.);
#7085 = LINE('',#7086,#7087);
#7086 = CARTESIAN_POINT('',(-4.15,2.275,0.49));
#7087 = VECTOR('',#7088,1.);
#7088 = DIRECTION('',(1.,0.,-0.));
#7089 = ORIENTED_EDGE('',*,*,#4471,.F.);
#7090 = PLANE('',#7091);
#7091 = AXIS2_PLACEMENT_3D('',#7092,#7093,#7094);
#7092 = CARTESIAN_POINT('',(-4.15,2.275,0.3));
#7093 = DIRECTION('',(-0.,1.,0.));
#7094 = DIRECTION('',(0.,0.,1.));
#7095 = ADVANCED_FACE('',(#7096),#7107,.T.);
#7096 = FACE_BOUND('',#7097,.T.);
#7097 = EDGE_LOOP('',(#7098,#7099,#7100,#7101));
#7098 = ORIENTED_EDGE('',*,*,#4567,.F.);
#7099 = ORIENTED_EDGE('',*,*,#4510,.F.);
#7100 = ORIENTED_EDGE('',*,*,#4463,.T.);
#7101 = ORIENTED_EDGE('',*,*,#7102,.T.);
#7102 = EDGE_CURVE('',#4464,#4560,#7103,.T.);
#7103 = LINE('',#7104,#7105);
#7104 = CARTESIAN_POINT('',(-4.15,2.275,0.3));
#7105 = VECTOR('',#7106,1.);
#7106 = DIRECTION('',(1.,0.,-0.));
#7107 = PLANE('',#7108);
#7108 = AXIS2_PLACEMENT_3D('',#7109,#7110,#7111);
#7109 = CARTESIAN_POINT('',(-4.125,2.275,0.12));
#7110 = DIRECTION('',(-0.,1.,0.));
#7111 = DIRECTION('',(0.,0.,1.));
#7112 = ADVANCED_FACE('',(#7113),#7129,.F.);
#7113 = FACE_BOUND('',#7114,.F.);
#7114 = EDGE_LOOP('',(#7115,#7121,#7122,#7128));
#7115 = ORIENTED_EDGE('',*,*,#7116,.F.);
#7116 = EDGE_CURVE('',#4560,#1508,#7117,.T.);
#7117 = LINE('',#7118,#7119);
#7118 = CARTESIAN_POINT('',(-4.15,2.275,0.3));
#7119 = VECTOR('',#7120,1.);
#7120 = DIRECTION('',(1.,0.,-0.));
#7121 = ORIENTED_EDGE('',*,*,#4559,.T.);
#7122 = ORIENTED_EDGE('',*,*,#7123,.T.);
#7123 = EDGE_CURVE('',#4552,#1516,#7124,.T.);
#7124 = LINE('',#7125,#7126);
#7125 = CARTESIAN_POINT('',(-4.15,2.275,0.49));
#7126 = VECTOR('',#7127,1.);
#7127 = DIRECTION('',(1.,0.,-0.));
#7128 = ORIENTED_EDGE('',*,*,#1515,.F.);
#7129 = PLANE('',#7130);
#7130 = AXIS2_PLACEMENT_3D('',#7131,#7132,#7133);
#7131 = CARTESIAN_POINT('',(-4.15,2.275,0.3));
#7132 = DIRECTION('',(-0.,1.,0.));
#7133 = DIRECTION('',(0.,0.,1.));
#7134 = ADVANCED_FACE('',(#7135),#7153,.F.);
#7135 = FACE_BOUND('',#7136,.F.);
#7136 = EDGE_LOOP('',(#7137,#7145,#7146,#7147));
#7137 = ORIENTED_EDGE('',*,*,#7138,.F.);
#7138 = EDGE_CURVE('',#4544,#7139,#7141,.T.);
#7139 = VERTEX_POINT('',#7140);
#7140 = CARTESIAN_POINT('',(-3.85,2.275,0.86));
#7141 = LINE('',#7142,#7143);
#7142 = CARTESIAN_POINT('',(-4.15,2.275,0.86));
#7143 = VECTOR('',#7144,1.);
#7144 = DIRECTION('',(1.,0.,-0.));
#7145 = ORIENTED_EDGE('',*,*,#4543,.T.);
#7146 = ORIENTED_EDGE('',*,*,#4605,.T.);
#7147 = ORIENTED_EDGE('',*,*,#7148,.F.);
#7148 = EDGE_CURVE('',#7139,#4598,#7149,.T.);
#7149 = LINE('',#7150,#7151);
#7150 = CARTESIAN_POINT('',(-3.85,2.275,0.86));
#7151 = VECTOR('',#7152,1.);
#7152 = DIRECTION('',(0.,0.,1.));
#7153 = PLANE('',#7154);
#7154 = AXIS2_PLACEMENT_3D('',#7155,#7156,#7157);
#7155 = CARTESIAN_POINT('',(-4.15,2.275,0.86));
#7156 = DIRECTION('',(-0.,1.,0.));
#7157 = DIRECTION('',(0.,0.,1.));
#7158 = ADVANCED_FACE('',(#7159),#7170,.F.);
#7159 = FACE_BOUND('',#7160,.F.);
#7160 = EDGE_LOOP('',(#7161,#7162,#7163,#7169));
#7161 = ORIENTED_EDGE('',*,*,#4597,.F.);
#7162 = ORIENTED_EDGE('',*,*,#801,.T.);
#7163 = ORIENTED_EDGE('',*,*,#7164,.T.);
#7164 = EDGE_CURVE('',#794,#7139,#7165,.T.);
#7165 = LINE('',#7166,#7167);
#7166 = CARTESIAN_POINT('',(-3.85,-0.6,0.86));
#7167 = VECTOR('',#7168,1.);
#7168 = DIRECTION('',(-0.,1.,0.));
#7169 = ORIENTED_EDGE('',*,*,#7148,.T.);
#7170 = PLANE('',#7171);
#7171 = AXIS2_PLACEMENT_3D('',#7172,#7173,#7174);
#7172 = CARTESIAN_POINT('',(-3.85,-0.6,0.86));
#7173 = DIRECTION('',(1.,0.,-0.));
#7174 = DIRECTION('',(0.,0.,1.));
#7175 = ADVANCED_FACE('',(#7176),#7187,.T.);
#7176 = FACE_BOUND('',#7177,.T.);
#7177 = EDGE_LOOP('',(#7178,#7179,#7180,#7186));
#7178 = ORIENTED_EDGE('',*,*,#4590,.F.);
#7179 = ORIENTED_EDGE('',*,*,#783,.T.);
#7180 = ORIENTED_EDGE('',*,*,#7181,.T.);
#7181 = EDGE_CURVE('',#786,#7032,#7182,.T.);
#7182 = LINE('',#7183,#7184);
#7183 = CARTESIAN_POINT('',(-4.15,-0.6,0.86));
#7184 = VECTOR('',#7185,1.);
#7185 = DIRECTION('',(-0.,1.,0.));
#7186 = ORIENTED_EDGE('',*,*,#7039,.T.);
#7187 = PLANE('',#7188);
#7188 = AXIS2_PLACEMENT_3D('',#7189,#7190,#7191);
#7189 = CARTESIAN_POINT('',(-4.15,-0.6,0.86));
#7190 = DIRECTION('',(1.,0.,-0.));
#7191 = DIRECTION('',(0.,0.,1.));
#7192 = ADVANCED_FACE('',(#7193),#7211,.F.);
#7193 = FACE_BOUND('',#7194,.F.);
#7194 = EDGE_LOOP('',(#7195,#7203,#7209,#7210));
#7195 = ORIENTED_EDGE('',*,*,#7196,.F.);
#7196 = EDGE_CURVE('',#7197,#4647,#7199,.T.);
#7197 = VERTEX_POINT('',#7198);
#7198 = CARTESIAN_POINT('',(-3.15,2.275,0.86));
#7199 = LINE('',#7200,#7201);
#7200 = CARTESIAN_POINT('',(-3.15,2.275,0.86));
#7201 = VECTOR('',#7202,1.);
#7202 = DIRECTION('',(1.,0.,-0.));
#7203 = ORIENTED_EDGE('',*,*,#7204,.T.);
#7204 = EDGE_CURVE('',#7197,#4750,#7205,.T.);
#7205 = LINE('',#7206,#7207);
#7206 = CARTESIAN_POINT('',(-3.15,2.275,0.86));
#7207 = VECTOR('',#7208,1.);
#7208 = DIRECTION('',(0.,0.,1.));
#7209 = ORIENTED_EDGE('',*,*,#4749,.T.);
#7210 = ORIENTED_EDGE('',*,*,#4654,.F.);
#7211 = PLANE('',#7212);
#7212 = AXIS2_PLACEMENT_3D('',#7213,#7214,#7215);
#7213 = CARTESIAN_POINT('',(-3.15,2.275,0.86));
#7214 = DIRECTION('',(-0.,1.,0.));
#7215 = DIRECTION('',(0.,0.,1.));
#7216 = ADVANCED_FACE('',(#7217),#7233,.T.);
#7217 = FACE_BOUND('',#7218,.T.);
#7218 = EDGE_LOOP('',(#7219,#7220,#7226,#7227));
#7219 = ORIENTED_EDGE('',*,*,#4718,.F.);
#7220 = ORIENTED_EDGE('',*,*,#7221,.F.);
#7221 = EDGE_CURVE('',#4639,#4719,#7222,.T.);
#7222 = LINE('',#7223,#7224);
#7223 = CARTESIAN_POINT('',(-3.15,2.275,0.49));
#7224 = VECTOR('',#7225,1.);
#7225 = DIRECTION('',(1.,0.,-0.));
#7226 = ORIENTED_EDGE('',*,*,#4646,.T.);
#7227 = ORIENTED_EDGE('',*,*,#7228,.T.);
#7228 = EDGE_CURVE('',#4647,#4711,#7229,.T.);
#7229 = LINE('',#7230,#7231);
#7230 = CARTESIAN_POINT('',(-3.15,2.275,0.86));
#7231 = VECTOR('',#7232,1.);
#7232 = DIRECTION('',(1.,0.,-0.));
#7233 = PLANE('',#7234);
#7234 = AXIS2_PLACEMENT_3D('',#7235,#7236,#7237);
#7235 = CARTESIAN_POINT('',(-3.125,2.275,0.12));
#7236 = DIRECTION('',(-0.,1.,0.));
#7237 = DIRECTION('',(0.,0.,1.));
#7238 = ADVANCED_FACE('',(#7239),#7255,.F.);
#7239 = FACE_BOUND('',#7240,.F.);
#7240 = EDGE_LOOP('',(#7241,#7247,#7248,#7254));
#7241 = ORIENTED_EDGE('',*,*,#7242,.F.);
#7242 = EDGE_CURVE('',#1548,#4631,#7243,.T.);
#7243 = LINE('',#7244,#7245);
#7244 = CARTESIAN_POINT('',(-3.15,2.275,0.3));
#7245 = VECTOR('',#7246,1.);
#7246 = DIRECTION('',(1.,0.,-0.));
#7247 = ORIENTED_EDGE('',*,*,#1578,.T.);
#7248 = ORIENTED_EDGE('',*,*,#7249,.T.);
#7249 = EDGE_CURVE('',#1571,#4639,#7250,.T.);
#7250 = LINE('',#7251,#7252);
#7251 = CARTESIAN_POINT('',(-3.15,2.275,0.49));
#7252 = VECTOR('',#7253,1.);
#7253 = DIRECTION('',(1.,0.,-0.));
#7254 = ORIENTED_EDGE('',*,*,#4638,.F.);
#7255 = PLANE('',#7256);
#7256 = AXIS2_PLACEMENT_3D('',#7257,#7258,#7259);
#7257 = CARTESIAN_POINT('',(-3.15,2.275,0.3));
#7258 = DIRECTION('',(-0.,1.,0.));
#7259 = DIRECTION('',(0.,0.,1.));
#7260 = ADVANCED_FACE('',(#7261),#7272,.T.);
#7261 = FACE_BOUND('',#7262,.T.);
#7262 = EDGE_LOOP('',(#7263,#7264,#7265,#7266));
#7263 = ORIENTED_EDGE('',*,*,#4734,.F.);
#7264 = ORIENTED_EDGE('',*,*,#4677,.F.);
#7265 = ORIENTED_EDGE('',*,*,#4630,.T.);
#7266 = ORIENTED_EDGE('',*,*,#7267,.T.);
#7267 = EDGE_CURVE('',#4631,#4727,#7268,.T.);
#7268 = LINE('',#7269,#7270);
#7269 = CARTESIAN_POINT('',(-3.15,2.275,0.3));
#7270 = VECTOR('',#7271,1.);
#7271 = DIRECTION('',(1.,0.,-0.));
#7272 = PLANE('',#7273);
#7273 = AXIS2_PLACEMENT_3D('',#7274,#7275,#7276);
#7274 = CARTESIAN_POINT('',(-3.125,2.275,0.12));
#7275 = DIRECTION('',(-0.,1.,0.));
#7276 = DIRECTION('',(0.,0.,1.));
#7277 = ADVANCED_FACE('',(#7278),#7294,.F.);
#7278 = FACE_BOUND('',#7279,.F.);
#7279 = EDGE_LOOP('',(#7280,#7286,#7287,#7293));
#7280 = ORIENTED_EDGE('',*,*,#7281,.F.);
#7281 = EDGE_CURVE('',#4727,#1624,#7282,.T.);
#7282 = LINE('',#7283,#7284);
#7283 = CARTESIAN_POINT('',(-3.15,2.275,0.3));
#7284 = VECTOR('',#7285,1.);
#7285 = DIRECTION('',(1.,0.,-0.));
#7286 = ORIENTED_EDGE('',*,*,#4726,.T.);
#7287 = ORIENTED_EDGE('',*,*,#7288,.T.);
#7288 = EDGE_CURVE('',#4719,#1632,#7289,.T.);
#7289 = LINE('',#7290,#7291);
#7290 = CARTESIAN_POINT('',(-3.15,2.275,0.49));
#7291 = VECTOR('',#7292,1.);
#7292 = DIRECTION('',(1.,0.,-0.));
#7293 = ORIENTED_EDGE('',*,*,#1631,.F.);
#7294 = PLANE('',#7295);
#7295 = AXIS2_PLACEMENT_3D('',#7296,#7297,#7298);
#7296 = CARTESIAN_POINT('',(-3.15,2.275,0.3));
#7297 = DIRECTION('',(-0.,1.,0.));
#7298 = DIRECTION('',(0.,0.,1.));
#7299 = ADVANCED_FACE('',(#7300),#7318,.F.);
#7300 = FACE_BOUND('',#7301,.F.);
#7301 = EDGE_LOOP('',(#7302,#7310,#7311,#7312));
#7302 = ORIENTED_EDGE('',*,*,#7303,.F.);
#7303 = EDGE_CURVE('',#4711,#7304,#7306,.T.);
#7304 = VERTEX_POINT('',#7305);
#7305 = CARTESIAN_POINT('',(-2.85,2.275,0.86));
#7306 = LINE('',#7307,#7308);
#7307 = CARTESIAN_POINT('',(-3.15,2.275,0.86));
#7308 = VECTOR('',#7309,1.);
#7309 = DIRECTION('',(1.,0.,-0.));
#7310 = ORIENTED_EDGE('',*,*,#4710,.T.);
#7311 = ORIENTED_EDGE('',*,*,#4772,.T.);
#7312 = ORIENTED_EDGE('',*,*,#7313,.F.);
#7313 = EDGE_CURVE('',#7304,#4765,#7314,.T.);
#7314 = LINE('',#7315,#7316);
#7315 = CARTESIAN_POINT('',(-2.85,2.275,0.86));
#7316 = VECTOR('',#7317,1.);
#7317 = DIRECTION('',(0.,0.,1.));
#7318 = PLANE('',#7319);
#7319 = AXIS2_PLACEMENT_3D('',#7320,#7321,#7322);
#7320 = CARTESIAN_POINT('',(-3.15,2.275,0.86));
#7321 = DIRECTION('',(-0.,1.,0.));
#7322 = DIRECTION('',(0.,0.,1.));
#7323 = ADVANCED_FACE('',(#7324),#7335,.F.);
#7324 = FACE_BOUND('',#7325,.F.);
#7325 = EDGE_LOOP('',(#7326,#7327,#7328,#7334));
#7326 = ORIENTED_EDGE('',*,*,#4764,.F.);
#7327 = ORIENTED_EDGE('',*,*,#835,.T.);
#7328 = ORIENTED_EDGE('',*,*,#7329,.T.);
#7329 = EDGE_CURVE('',#828,#7304,#7330,.T.);
#7330 = LINE('',#7331,#7332);
#7331 = CARTESIAN_POINT('',(-2.85,-0.6,0.86));
#7332 = VECTOR('',#7333,1.);
#7333 = DIRECTION('',(-0.,1.,0.));
#7334 = ORIENTED_EDGE('',*,*,#7313,.T.);
#7335 = PLANE('',#7336);
#7336 = AXIS2_PLACEMENT_3D('',#7337,#7338,#7339);
#7337 = CARTESIAN_POINT('',(-2.85,-0.6,0.86));
#7338 = DIRECTION('',(1.,0.,-0.));
#7339 = DIRECTION('',(0.,0.,1.));
#7340 = ADVANCED_FACE('',(#7341),#7352,.T.);
#7341 = FACE_BOUND('',#7342,.T.);
#7342 = EDGE_LOOP('',(#7343,#7344,#7345,#7351));
#7343 = ORIENTED_EDGE('',*,*,#4757,.F.);
#7344 = ORIENTED_EDGE('',*,*,#817,.T.);
#7345 = ORIENTED_EDGE('',*,*,#7346,.T.);
#7346 = EDGE_CURVE('',#820,#7197,#7347,.T.);
#7347 = LINE('',#7348,#7349);
#7348 = CARTESIAN_POINT('',(-3.15,-0.6,0.86));
#7349 = VECTOR('',#7350,1.);
#7350 = DIRECTION('',(-0.,1.,0.));
#7351 = ORIENTED_EDGE('',*,*,#7204,.T.);
#7352 = PLANE('',#7353);
#7353 = AXIS2_PLACEMENT_3D('',#7354,#7355,#7356);
#7354 = CARTESIAN_POINT('',(-3.15,-0.6,0.86));
#7355 = DIRECTION('',(1.,0.,-0.));
#7356 = DIRECTION('',(0.,0.,1.));
#7357 = ADVANCED_FACE('',(#7358),#7376,.F.);
#7358 = FACE_BOUND('',#7359,.F.);
#7359 = EDGE_LOOP('',(#7360,#7368,#7374,#7375));
#7360 = ORIENTED_EDGE('',*,*,#7361,.F.);
#7361 = EDGE_CURVE('',#7362,#4814,#7364,.T.);
#7362 = VERTEX_POINT('',#7363);
#7363 = CARTESIAN_POINT('',(-2.15,2.275,0.86));
#7364 = LINE('',#7365,#7366);
#7365 = CARTESIAN_POINT('',(-2.15,2.275,0.86));
#7366 = VECTOR('',#7367,1.);
#7367 = DIRECTION('',(1.,0.,-0.));
#7368 = ORIENTED_EDGE('',*,*,#7369,.T.);
#7369 = EDGE_CURVE('',#7362,#4917,#7370,.T.);
#7370 = LINE('',#7371,#7372);
#7371 = CARTESIAN_POINT('',(-2.15,2.275,0.86));
#7372 = VECTOR('',#7373,1.);
#7373 = DIRECTION('',(0.,0.,1.));
#7374 = ORIENTED_EDGE('',*,*,#4916,.T.);
#7375 = ORIENTED_EDGE('',*,*,#4821,.F.);
#7376 = PLANE('',#7377);
#7377 = AXIS2_PLACEMENT_3D('',#7378,#7379,#7380);
#7378 = CARTESIAN_POINT('',(-2.15,2.275,0.86));
#7379 = DIRECTION('',(-0.,1.,0.));
#7380 = DIRECTION('',(0.,0.,1.));
#7381 = ADVANCED_FACE('',(#7382),#7398,.T.);
#7382 = FACE_BOUND('',#7383,.T.);
#7383 = EDGE_LOOP('',(#7384,#7385,#7391,#7392));
#7384 = ORIENTED_EDGE('',*,*,#4885,.F.);
#7385 = ORIENTED_EDGE('',*,*,#7386,.F.);
#7386 = EDGE_CURVE('',#4806,#4886,#7387,.T.);
#7387 = LINE('',#7388,#7389);
#7388 = CARTESIAN_POINT('',(-2.15,2.275,0.49));
#7389 = VECTOR('',#7390,1.);
#7390 = DIRECTION('',(1.,0.,-0.));
#7391 = ORIENTED_EDGE('',*,*,#4813,.T.);
#7392 = ORIENTED_EDGE('',*,*,#7393,.T.);
#7393 = EDGE_CURVE('',#4814,#4878,#7394,.T.);
#7394 = LINE('',#7395,#7396);
#7395 = CARTESIAN_POINT('',(-2.15,2.275,0.86));
#7396 = VECTOR('',#7397,1.);
#7397 = DIRECTION('',(1.,0.,-0.));
#7398 = PLANE('',#7399);
#7399 = AXIS2_PLACEMENT_3D('',#7400,#7401,#7402);
#7400 = CARTESIAN_POINT('',(-2.125,2.275,0.12));
#7401 = DIRECTION('',(-0.,1.,0.));
#7402 = DIRECTION('',(0.,0.,1.));
#7403 = ADVANCED_FACE('',(#7404),#7420,.F.);
#7404 = FACE_BOUND('',#7405,.F.);
#7405 = EDGE_LOOP('',(#7406,#7412,#7413,#7419));
#7406 = ORIENTED_EDGE('',*,*,#7407,.F.);
#7407 = EDGE_CURVE('',#1664,#4798,#7408,.T.);
#7408 = LINE('',#7409,#7410);
#7409 = CARTESIAN_POINT('',(-2.15,2.275,0.3));
#7410 = VECTOR('',#7411,1.);
#7411 = DIRECTION('',(1.,0.,-0.));
#7412 = ORIENTED_EDGE('',*,*,#1694,.T.);
#7413 = ORIENTED_EDGE('',*,*,#7414,.T.);
#7414 = EDGE_CURVE('',#1687,#4806,#7415,.T.);
#7415 = LINE('',#7416,#7417);
#7416 = CARTESIAN_POINT('',(-2.15,2.275,0.49));
#7417 = VECTOR('',#7418,1.);
#7418 = DIRECTION('',(1.,0.,-0.));
#7419 = ORIENTED_EDGE('',*,*,#4805,.F.);
#7420 = PLANE('',#7421);
#7421 = AXIS2_PLACEMENT_3D('',#7422,#7423,#7424);
#7422 = CARTESIAN_POINT('',(-2.15,2.275,0.3));
#7423 = DIRECTION('',(-0.,1.,0.));
#7424 = DIRECTION('',(0.,0.,1.));
#7425 = ADVANCED_FACE('',(#7426),#7437,.T.);
#7426 = FACE_BOUND('',#7427,.T.);
#7427 = EDGE_LOOP('',(#7428,#7429,#7430,#7431));
#7428 = ORIENTED_EDGE('',*,*,#4901,.F.);
#7429 = ORIENTED_EDGE('',*,*,#4844,.F.);
#7430 = ORIENTED_EDGE('',*,*,#4797,.T.);
#7431 = ORIENTED_EDGE('',*,*,#7432,.T.);
#7432 = EDGE_CURVE('',#4798,#4894,#7433,.T.);
#7433 = LINE('',#7434,#7435);
#7434 = CARTESIAN_POINT('',(-2.15,2.275,0.3));
#7435 = VECTOR('',#7436,1.);
#7436 = DIRECTION('',(1.,0.,-0.));
#7437 = PLANE('',#7438);
#7438 = AXIS2_PLACEMENT_3D('',#7439,#7440,#7441);
#7439 = CARTESIAN_POINT('',(-2.125,2.275,0.12));
#7440 = DIRECTION('',(-0.,1.,0.));
#7441 = DIRECTION('',(0.,0.,1.));
#7442 = ADVANCED_FACE('',(#7443),#7459,.F.);
#7443 = FACE_BOUND('',#7444,.F.);
#7444 = EDGE_LOOP('',(#7445,#7451,#7452,#7458));
#7445 = ORIENTED_EDGE('',*,*,#7446,.F.);
#7446 = EDGE_CURVE('',#4894,#1740,#7447,.T.);
#7447 = LINE('',#7448,#7449);
#7448 = CARTESIAN_POINT('',(-2.15,2.275,0.3));
#7449 = VECTOR('',#7450,1.);
#7450 = DIRECTION('',(1.,0.,-0.));
#7451 = ORIENTED_EDGE('',*,*,#4893,.T.);
#7452 = ORIENTED_EDGE('',*,*,#7453,.T.);
#7453 = EDGE_CURVE('',#4886,#1748,#7454,.T.);
#7454 = LINE('',#7455,#7456);
#7455 = CARTESIAN_POINT('',(-2.15,2.275,0.49));
#7456 = VECTOR('',#7457,1.);
#7457 = DIRECTION('',(1.,0.,-0.));
#7458 = ORIENTED_EDGE('',*,*,#1747,.F.);
#7459 = PLANE('',#7460);
#7460 = AXIS2_PLACEMENT_3D('',#7461,#7462,#7463);
#7461 = CARTESIAN_POINT('',(-2.15,2.275,0.3));
#7462 = DIRECTION('',(-0.,1.,0.));
#7463 = DIRECTION('',(0.,0.,1.));
#7464 = ADVANCED_FACE('',(#7465),#7483,.F.);
#7465 = FACE_BOUND('',#7466,.F.);
#7466 = EDGE_LOOP('',(#7467,#7475,#7476,#7477));
#7467 = ORIENTED_EDGE('',*,*,#7468,.F.);
#7468 = EDGE_CURVE('',#4878,#7469,#7471,.T.);
#7469 = VERTEX_POINT('',#7470);
#7470 = CARTESIAN_POINT('',(-1.85,2.275,0.86));
#7471 = LINE('',#7472,#7473);
#7472 = CARTESIAN_POINT('',(-2.15,2.275,0.86));
#7473 = VECTOR('',#7474,1.);
#7474 = DIRECTION('',(1.,0.,-0.));
#7475 = ORIENTED_EDGE('',*,*,#4877,.T.);
#7476 = ORIENTED_EDGE('',*,*,#4939,.T.);
#7477 = ORIENTED_EDGE('',*,*,#7478,.F.);
#7478 = EDGE_CURVE('',#7469,#4932,#7479,.T.);
#7479 = LINE('',#7480,#7481);
#7480 = CARTESIAN_POINT('',(-1.85,2.275,0.86));
#7481 = VECTOR('',#7482,1.);
#7482 = DIRECTION('',(0.,0.,1.));
#7483 = PLANE('',#7484);
#7484 = AXIS2_PLACEMENT_3D('',#7485,#7486,#7487);
#7485 = CARTESIAN_POINT('',(-2.15,2.275,0.86));
#7486 = DIRECTION('',(-0.,1.,0.));
#7487 = DIRECTION('',(0.,0.,1.));
#7488 = ADVANCED_FACE('',(#7489),#7500,.F.);
#7489 = FACE_BOUND('',#7490,.F.);
#7490 = EDGE_LOOP('',(#7491,#7492,#7493,#7499));
#7491 = ORIENTED_EDGE('',*,*,#4931,.F.);
#7492 = ORIENTED_EDGE('',*,*,#869,.T.);
#7493 = ORIENTED_EDGE('',*,*,#7494,.T.);
#7494 = EDGE_CURVE('',#862,#7469,#7495,.T.);
#7495 = LINE('',#7496,#7497);
#7496 = CARTESIAN_POINT('',(-1.85,-0.6,0.86));
#7497 = VECTOR('',#7498,1.);
#7498 = DIRECTION('',(-0.,1.,0.));
#7499 = ORIENTED_EDGE('',*,*,#7478,.T.);
#7500 = PLANE('',#7501);
#7501 = AXIS2_PLACEMENT_3D('',#7502,#7503,#7504);
#7502 = CARTESIAN_POINT('',(-1.85,-0.6,0.86));
#7503 = DIRECTION('',(1.,0.,-0.));
#7504 = DIRECTION('',(0.,0.,1.));
#7505 = ADVANCED_FACE('',(#7506),#7517,.T.);
#7506 = FACE_BOUND('',#7507,.T.);
#7507 = EDGE_LOOP('',(#7508,#7509,#7510,#7516));
#7508 = ORIENTED_EDGE('',*,*,#4924,.F.);
#7509 = ORIENTED_EDGE('',*,*,#851,.T.);
#7510 = ORIENTED_EDGE('',*,*,#7511,.T.);
#7511 = EDGE_CURVE('',#854,#7362,#7512,.T.);
#7512 = LINE('',#7513,#7514);
#7513 = CARTESIAN_POINT('',(-2.15,-0.6,0.86));
#7514 = VECTOR('',#7515,1.);
#7515 = DIRECTION('',(-0.,1.,0.));
#7516 = ORIENTED_EDGE('',*,*,#7369,.T.);
#7517 = PLANE('',#7518);
#7518 = AXIS2_PLACEMENT_3D('',#7519,#7520,#7521);
#7519 = CARTESIAN_POINT('',(-2.15,-0.6,0.86));
#7520 = DIRECTION('',(1.,0.,-0.));
#7521 = DIRECTION('',(0.,0.,1.));
#7522 = ADVANCED_FACE('',(#7523),#7541,.F.);
#7523 = FACE_BOUND('',#7524,.F.);
#7524 = EDGE_LOOP('',(#7525,#7533,#7539,#7540));
#7525 = ORIENTED_EDGE('',*,*,#7526,.F.);
#7526 = EDGE_CURVE('',#7527,#4981,#7529,.T.);
#7527 = VERTEX_POINT('',#7528);
#7528 = CARTESIAN_POINT('',(-1.15,2.275,0.86));
#7529 = LINE('',#7530,#7531);
#7530 = CARTESIAN_POINT('',(-1.15,2.275,0.86));
#7531 = VECTOR('',#7532,1.);
#7532 = DIRECTION('',(1.,0.,-0.));
#7533 = ORIENTED_EDGE('',*,*,#7534,.T.);
#7534 = EDGE_CURVE('',#7527,#5084,#7535,.T.);
#7535 = LINE('',#7536,#7537);
#7536 = CARTESIAN_POINT('',(-1.15,2.275,0.86));
#7537 = VECTOR('',#7538,1.);
#7538 = DIRECTION('',(0.,0.,1.));
#7539 = ORIENTED_EDGE('',*,*,#5083,.T.);
#7540 = ORIENTED_EDGE('',*,*,#4988,.F.);
#7541 = PLANE('',#7542);
#7542 = AXIS2_PLACEMENT_3D('',#7543,#7544,#7545);
#7543 = CARTESIAN_POINT('',(-1.15,2.275,0.86));
#7544 = DIRECTION('',(-0.,1.,0.));
#7545 = DIRECTION('',(0.,0.,1.));
#7546 = ADVANCED_FACE('',(#7547),#7563,.T.);
#7547 = FACE_BOUND('',#7548,.T.);
#7548 = EDGE_LOOP('',(#7549,#7550,#7556,#7557));
#7549 = ORIENTED_EDGE('',*,*,#5052,.F.);
#7550 = ORIENTED_EDGE('',*,*,#7551,.F.);
#7551 = EDGE_CURVE('',#4973,#5053,#7552,.T.);
#7552 = LINE('',#7553,#7554);
#7553 = CARTESIAN_POINT('',(-1.15,2.275,0.49));
#7554 = VECTOR('',#7555,1.);
#7555 = DIRECTION('',(1.,0.,-0.));
#7556 = ORIENTED_EDGE('',*,*,#4980,.T.);
#7557 = ORIENTED_EDGE('',*,*,#7558,.T.);
#7558 = EDGE_CURVE('',#4981,#5045,#7559,.T.);
#7559 = LINE('',#7560,#7561);
#7560 = CARTESIAN_POINT('',(-1.15,2.275,0.86));
#7561 = VECTOR('',#7562,1.);
#7562 = DIRECTION('',(1.,0.,-0.));
#7563 = PLANE('',#7564);
#7564 = AXIS2_PLACEMENT_3D('',#7565,#7566,#7567);
#7565 = CARTESIAN_POINT('',(-1.125,2.275,0.12));
#7566 = DIRECTION('',(-0.,1.,0.));
#7567 = DIRECTION('',(0.,0.,1.));
#7568 = ADVANCED_FACE('',(#7569),#7585,.F.);
#7569 = FACE_BOUND('',#7570,.F.);
#7570 = EDGE_LOOP('',(#7571,#7577,#7578,#7584));
#7571 = ORIENTED_EDGE('',*,*,#7572,.F.);
#7572 = EDGE_CURVE('',#1780,#4965,#7573,.T.);
#7573 = LINE('',#7574,#7575);
#7574 = CARTESIAN_POINT('',(-1.15,2.275,0.3));
#7575 = VECTOR('',#7576,1.);
#7576 = DIRECTION('',(1.,0.,-0.));
#7577 = ORIENTED_EDGE('',*,*,#1810,.T.);
#7578 = ORIENTED_EDGE('',*,*,#7579,.T.);
#7579 = EDGE_CURVE('',#1803,#4973,#7580,.T.);
#7580 = LINE('',#7581,#7582);
#7581 = CARTESIAN_POINT('',(-1.15,2.275,0.49));
#7582 = VECTOR('',#7583,1.);
#7583 = DIRECTION('',(1.,0.,-0.));
#7584 = ORIENTED_EDGE('',*,*,#4972,.F.);
#7585 = PLANE('',#7586);
#7586 = AXIS2_PLACEMENT_3D('',#7587,#7588,#7589);
#7587 = CARTESIAN_POINT('',(-1.15,2.275,0.3));
#7588 = DIRECTION('',(-0.,1.,0.));
#7589 = DIRECTION('',(0.,0.,1.));
#7590 = ADVANCED_FACE('',(#7591),#7602,.T.);
#7591 = FACE_BOUND('',#7592,.T.);
#7592 = EDGE_LOOP('',(#7593,#7594,#7595,#7596));
#7593 = ORIENTED_EDGE('',*,*,#5068,.F.);
#7594 = ORIENTED_EDGE('',*,*,#5011,.F.);
#7595 = ORIENTED_EDGE('',*,*,#4964,.T.);
#7596 = ORIENTED_EDGE('',*,*,#7597,.T.);
#7597 = EDGE_CURVE('',#4965,#5061,#7598,.T.);
#7598 = LINE('',#7599,#7600);
#7599 = CARTESIAN_POINT('',(-1.15,2.275,0.3));
#7600 = VECTOR('',#7601,1.);
#7601 = DIRECTION('',(1.,0.,-0.));
#7602 = PLANE('',#7603);
#7603 = AXIS2_PLACEMENT_3D('',#7604,#7605,#7606);
#7604 = CARTESIAN_POINT('',(-1.125,2.275,0.12));
#7605 = DIRECTION('',(-0.,1.,0.));
#7606 = DIRECTION('',(0.,0.,1.));
#7607 = ADVANCED_FACE('',(#7608),#7624,.F.);
#7608 = FACE_BOUND('',#7609,.F.);
#7609 = EDGE_LOOP('',(#7610,#7616,#7617,#7623));
#7610 = ORIENTED_EDGE('',*,*,#7611,.F.);
#7611 = EDGE_CURVE('',#5061,#1856,#7612,.T.);
#7612 = LINE('',#7613,#7614);
#7613 = CARTESIAN_POINT('',(-1.15,2.275,0.3));
#7614 = VECTOR('',#7615,1.);
#7615 = DIRECTION('',(1.,0.,-0.));
#7616 = ORIENTED_EDGE('',*,*,#5060,.T.);
#7617 = ORIENTED_EDGE('',*,*,#7618,.T.);
#7618 = EDGE_CURVE('',#5053,#1864,#7619,.T.);
#7619 = LINE('',#7620,#7621);
#7620 = CARTESIAN_POINT('',(-1.15,2.275,0.49));
#7621 = VECTOR('',#7622,1.);
#7622 = DIRECTION('',(1.,0.,-0.));
#7623 = ORIENTED_EDGE('',*,*,#1863,.F.);
#7624 = PLANE('',#7625);
#7625 = AXIS2_PLACEMENT_3D('',#7626,#7627,#7628);
#7626 = CARTESIAN_POINT('',(-1.15,2.275,0.3));
#7627 = DIRECTION('',(-0.,1.,0.));
#7628 = DIRECTION('',(0.,0.,1.));
#7629 = ADVANCED_FACE('',(#7630),#7648,.F.);
#7630 = FACE_BOUND('',#7631,.F.);
#7631 = EDGE_LOOP('',(#7632,#7640,#7641,#7642));
#7632 = ORIENTED_EDGE('',*,*,#7633,.F.);
#7633 = EDGE_CURVE('',#5045,#7634,#7636,.T.);
#7634 = VERTEX_POINT('',#7635);
#7635 = CARTESIAN_POINT('',(-0.85,2.275,0.86));
#7636 = LINE('',#7637,#7638);
#7637 = CARTESIAN_POINT('',(-1.15,2.275,0.86));
#7638 = VECTOR('',#7639,1.);
#7639 = DIRECTION('',(1.,0.,-0.));
#7640 = ORIENTED_EDGE('',*,*,#5044,.T.);
#7641 = ORIENTED_EDGE('',*,*,#5106,.T.);
#7642 = ORIENTED_EDGE('',*,*,#7643,.F.);
#7643 = EDGE_CURVE('',#7634,#5099,#7644,.T.);
#7644 = LINE('',#7645,#7646);
#7645 = CARTESIAN_POINT('',(-0.85,2.275,0.86));
#7646 = VECTOR('',#7647,1.);
#7647 = DIRECTION('',(0.,0.,1.));
#7648 = PLANE('',#7649);
#7649 = AXIS2_PLACEMENT_3D('',#7650,#7651,#7652);
#7650 = CARTESIAN_POINT('',(-1.15,2.275,0.86));
#7651 = DIRECTION('',(-0.,1.,0.));
#7652 = DIRECTION('',(0.,0.,1.));
#7653 = ADVANCED_FACE('',(#7654),#7665,.F.);
#7654 = FACE_BOUND('',#7655,.F.);
#7655 = EDGE_LOOP('',(#7656,#7657,#7658,#7664));
#7656 = ORIENTED_EDGE('',*,*,#5098,.F.);
#7657 = ORIENTED_EDGE('',*,*,#903,.T.);
#7658 = ORIENTED_EDGE('',*,*,#7659,.T.);
#7659 = EDGE_CURVE('',#896,#7634,#7660,.T.);
#7660 = LINE('',#7661,#7662);
#7661 = CARTESIAN_POINT('',(-0.85,-0.6,0.86));
#7662 = VECTOR('',#7663,1.);
#7663 = DIRECTION('',(-0.,1.,0.));
#7664 = ORIENTED_EDGE('',*,*,#7643,.T.);
#7665 = PLANE('',#7666);
#7666 = AXIS2_PLACEMENT_3D('',#7667,#7668,#7669);
#7667 = CARTESIAN_POINT('',(-0.85,-0.6,0.86));
#7668 = DIRECTION('',(1.,0.,-0.));
#7669 = DIRECTION('',(0.,0.,1.));
#7670 = ADVANCED_FACE('',(#7671),#7682,.T.);
#7671 = FACE_BOUND('',#7672,.T.);
#7672 = EDGE_LOOP('',(#7673,#7674,#7675,#7681));
#7673 = ORIENTED_EDGE('',*,*,#5091,.F.);
#7674 = ORIENTED_EDGE('',*,*,#885,.T.);
#7675 = ORIENTED_EDGE('',*,*,#7676,.T.);
#7676 = EDGE_CURVE('',#888,#7527,#7677,.T.);
#7677 = LINE('',#7678,#7679);
#7678 = CARTESIAN_POINT('',(-1.15,-0.6,0.86));
#7679 = VECTOR('',#7680,1.);
#7680 = DIRECTION('',(-0.,1.,0.));
#7681 = ORIENTED_EDGE('',*,*,#7534,.T.);
#7682 = PLANE('',#7683);
#7683 = AXIS2_PLACEMENT_3D('',#7684,#7685,#7686);
#7684 = CARTESIAN_POINT('',(-1.15,-0.6,0.86));
#7685 = DIRECTION('',(1.,0.,-0.));
#7686 = DIRECTION('',(0.,0.,1.));
#7687 = ADVANCED_FACE('',(#7688),#7706,.F.);
#7688 = FACE_BOUND('',#7689,.F.);
#7689 = EDGE_LOOP('',(#7690,#7698,#7704,#7705));
#7690 = ORIENTED_EDGE('',*,*,#7691,.F.);
#7691 = EDGE_CURVE('',#7692,#5148,#7694,.T.);
#7692 = VERTEX_POINT('',#7693);
#7693 = CARTESIAN_POINT('',(-0.15,2.275,0.86));
#7694 = LINE('',#7695,#7696);
#7695 = CARTESIAN_POINT('',(-0.15,2.275,0.86));
#7696 = VECTOR('',#7697,1.);
#7697 = DIRECTION('',(1.,0.,-0.));
#7698 = ORIENTED_EDGE('',*,*,#7699,.T.);
#7699 = EDGE_CURVE('',#7692,#5251,#7700,.T.);
#7700 = LINE('',#7701,#7702);
#7701 = CARTESIAN_POINT('',(-0.15,2.275,0.86));
#7702 = VECTOR('',#7703,1.);
#7703 = DIRECTION('',(0.,0.,1.));
#7704 = ORIENTED_EDGE('',*,*,#5250,.T.);
#7705 = ORIENTED_EDGE('',*,*,#5155,.F.);
#7706 = PLANE('',#7707);
#7707 = AXIS2_PLACEMENT_3D('',#7708,#7709,#7710);
#7708 = CARTESIAN_POINT('',(-0.15,2.275,0.86));
#7709 = DIRECTION('',(-0.,1.,0.));
#7710 = DIRECTION('',(0.,0.,1.));
#7711 = ADVANCED_FACE('',(#7712),#7728,.T.);
#7712 = FACE_BOUND('',#7713,.T.);
#7713 = EDGE_LOOP('',(#7714,#7715,#7721,#7722));
#7714 = ORIENTED_EDGE('',*,*,#5219,.F.);
#7715 = ORIENTED_EDGE('',*,*,#7716,.F.);
#7716 = EDGE_CURVE('',#5140,#5220,#7717,.T.);
#7717 = LINE('',#7718,#7719);
#7718 = CARTESIAN_POINT('',(-0.15,2.275,0.49));
#7719 = VECTOR('',#7720,1.);
#7720 = DIRECTION('',(1.,0.,-0.));
#7721 = ORIENTED_EDGE('',*,*,#5147,.T.);
#7722 = ORIENTED_EDGE('',*,*,#7723,.T.);
#7723 = EDGE_CURVE('',#5148,#5212,#7724,.T.);
#7724 = LINE('',#7725,#7726);
#7725 = CARTESIAN_POINT('',(-0.15,2.275,0.86));
#7726 = VECTOR('',#7727,1.);
#7727 = DIRECTION('',(1.,0.,-0.));
#7728 = PLANE('',#7729);
#7729 = AXIS2_PLACEMENT_3D('',#7730,#7731,#7732);
#7730 = CARTESIAN_POINT('',(-0.125,2.275,0.12));
#7731 = DIRECTION('',(-0.,1.,0.));
#7732 = DIRECTION('',(0.,0.,1.));
#7733 = ADVANCED_FACE('',(#7734),#7750,.F.);
#7734 = FACE_BOUND('',#7735,.F.);
#7735 = EDGE_LOOP('',(#7736,#7742,#7743,#7749));
#7736 = ORIENTED_EDGE('',*,*,#7737,.F.);
#7737 = EDGE_CURVE('',#1896,#5132,#7738,.T.);
#7738 = LINE('',#7739,#7740);
#7739 = CARTESIAN_POINT('',(-0.15,2.275,0.3));
#7740 = VECTOR('',#7741,1.);
#7741 = DIRECTION('',(1.,0.,-0.));
#7742 = ORIENTED_EDGE('',*,*,#1926,.T.);
#7743 = ORIENTED_EDGE('',*,*,#7744,.T.);
#7744 = EDGE_CURVE('',#1919,#5140,#7745,.T.);
#7745 = LINE('',#7746,#7747);
#7746 = CARTESIAN_POINT('',(-0.15,2.275,0.49));
#7747 = VECTOR('',#7748,1.);
#7748 = DIRECTION('',(1.,0.,-0.));
#7749 = ORIENTED_EDGE('',*,*,#5139,.F.);
#7750 = PLANE('',#7751);
#7751 = AXIS2_PLACEMENT_3D('',#7752,#7753,#7754);
#7752 = CARTESIAN_POINT('',(-0.15,2.275,0.3));
#7753 = DIRECTION('',(-0.,1.,0.));
#7754 = DIRECTION('',(0.,0.,1.));
#7755 = ADVANCED_FACE('',(#7756),#7767,.T.);
#7756 = FACE_BOUND('',#7757,.T.);
#7757 = EDGE_LOOP('',(#7758,#7759,#7760,#7761));
#7758 = ORIENTED_EDGE('',*,*,#5235,.F.);
#7759 = ORIENTED_EDGE('',*,*,#5178,.F.);
#7760 = ORIENTED_EDGE('',*,*,#5131,.T.);
#7761 = ORIENTED_EDGE('',*,*,#7762,.T.);
#7762 = EDGE_CURVE('',#5132,#5228,#7763,.T.);
#7763 = LINE('',#7764,#7765);
#7764 = CARTESIAN_POINT('',(-0.15,2.275,0.3));
#7765 = VECTOR('',#7766,1.);
#7766 = DIRECTION('',(1.,0.,-0.));
#7767 = PLANE('',#7768);
#7768 = AXIS2_PLACEMENT_3D('',#7769,#7770,#7771);
#7769 = CARTESIAN_POINT('',(-0.125,2.275,0.12));
#7770 = DIRECTION('',(-0.,1.,0.));
#7771 = DIRECTION('',(0.,0.,1.));
#7772 = ADVANCED_FACE('',(#7773),#7789,.F.);
#7773 = FACE_BOUND('',#7774,.F.);
#7774 = EDGE_LOOP('',(#7775,#7781,#7782,#7788));
#7775 = ORIENTED_EDGE('',*,*,#7776,.F.);
#7776 = EDGE_CURVE('',#5228,#1972,#7777,.T.);
#7777 = LINE('',#7778,#7779);
#7778 = CARTESIAN_POINT('',(-0.15,2.275,0.3));
#7779 = VECTOR('',#7780,1.);
#7780 = DIRECTION('',(1.,0.,-0.));
#7781 = ORIENTED_EDGE('',*,*,#5227,.T.);
#7782 = ORIENTED_EDGE('',*,*,#7783,.T.);
#7783 = EDGE_CURVE('',#5220,#1980,#7784,.T.);
#7784 = LINE('',#7785,#7786);
#7785 = CARTESIAN_POINT('',(-0.15,2.275,0.49));
#7786 = VECTOR('',#7787,1.);
#7787 = DIRECTION('',(1.,0.,-0.));
#7788 = ORIENTED_EDGE('',*,*,#1979,.F.);
#7789 = PLANE('',#7790);
#7790 = AXIS2_PLACEMENT_3D('',#7791,#7792,#7793);
#7791 = CARTESIAN_POINT('',(-0.15,2.275,0.3));
#7792 = DIRECTION('',(-0.,1.,0.));
#7793 = DIRECTION('',(0.,0.,1.));
#7794 = ADVANCED_FACE('',(#7795),#7813,.F.);
#7795 = FACE_BOUND('',#7796,.F.);
#7796 = EDGE_LOOP('',(#7797,#7805,#7806,#7807));
#7797 = ORIENTED_EDGE('',*,*,#7798,.F.);
#7798 = EDGE_CURVE('',#5212,#7799,#7801,.T.);
#7799 = VERTEX_POINT('',#7800);
#7800 = CARTESIAN_POINT('',(0.15,2.275,0.86));
#7801 = LINE('',#7802,#7803);
#7802 = CARTESIAN_POINT('',(-0.15,2.275,0.86));
#7803 = VECTOR('',#7804,1.);
#7804 = DIRECTION('',(1.,0.,-0.));
#7805 = ORIENTED_EDGE('',*,*,#5211,.T.);
#7806 = ORIENTED_EDGE('',*,*,#5273,.T.);
#7807 = ORIENTED_EDGE('',*,*,#7808,.F.);
#7808 = EDGE_CURVE('',#7799,#5266,#7809,.T.);
#7809 = LINE('',#7810,#7811);
#7810 = CARTESIAN_POINT('',(0.15,2.275,0.86));
#7811 = VECTOR('',#7812,1.);
#7812 = DIRECTION('',(0.,0.,1.));
#7813 = PLANE('',#7814);
#7814 = AXIS2_PLACEMENT_3D('',#7815,#7816,#7817);
#7815 = CARTESIAN_POINT('',(-0.15,2.275,0.86));
#7816 = DIRECTION('',(-0.,1.,0.));
#7817 = DIRECTION('',(0.,0.,1.));
#7818 = ADVANCED_FACE('',(#7819),#7830,.F.);
#7819 = FACE_BOUND('',#7820,.F.);
#7820 = EDGE_LOOP('',(#7821,#7822,#7823,#7829));
#7821 = ORIENTED_EDGE('',*,*,#5265,.F.);
#7822 = ORIENTED_EDGE('',*,*,#937,.T.);
#7823 = ORIENTED_EDGE('',*,*,#7824,.T.);
#7824 = EDGE_CURVE('',#930,#7799,#7825,.T.);
#7825 = LINE('',#7826,#7827);
#7826 = CARTESIAN_POINT('',(0.15,-0.6,0.86));
#7827 = VECTOR('',#7828,1.);
#7828 = DIRECTION('',(-0.,1.,0.));
#7829 = ORIENTED_EDGE('',*,*,#7808,.T.);
#7830 = PLANE('',#7831);
#7831 = AXIS2_PLACEMENT_3D('',#7832,#7833,#7834);
#7832 = CARTESIAN_POINT('',(0.15,-0.6,0.86));
#7833 = DIRECTION('',(1.,0.,-0.));
#7834 = DIRECTION('',(0.,0.,1.));
#7835 = ADVANCED_FACE('',(#7836),#7847,.T.);
#7836 = FACE_BOUND('',#7837,.T.);
#7837 = EDGE_LOOP('',(#7838,#7839,#7840,#7846));
#7838 = ORIENTED_EDGE('',*,*,#5258,.F.);
#7839 = ORIENTED_EDGE('',*,*,#919,.T.);
#7840 = ORIENTED_EDGE('',*,*,#7841,.T.);
#7841 = EDGE_CURVE('',#922,#7692,#7842,.T.);
#7842 = LINE('',#7843,#7844);
#7843 = CARTESIAN_POINT('',(-0.15,-0.6,0.86));
#7844 = VECTOR('',#7845,1.);
#7845 = DIRECTION('',(-0.,1.,0.));
#7846 = ORIENTED_EDGE('',*,*,#7699,.T.);
#7847 = PLANE('',#7848);
#7848 = AXIS2_PLACEMENT_3D('',#7849,#7850,#7851);
#7849 = CARTESIAN_POINT('',(-0.15,-0.6,0.86));
#7850 = DIRECTION('',(1.,0.,-0.));
#7851 = DIRECTION('',(0.,0.,1.));
#7852 = ADVANCED_FACE('',(#7853),#7871,.F.);
#7853 = FACE_BOUND('',#7854,.F.);
#7854 = EDGE_LOOP('',(#7855,#7863,#7869,#7870));
#7855 = ORIENTED_EDGE('',*,*,#7856,.F.);
#7856 = EDGE_CURVE('',#7857,#5315,#7859,.T.);
#7857 = VERTEX_POINT('',#7858);
#7858 = CARTESIAN_POINT('',(0.85,2.275,0.86));
#7859 = LINE('',#7860,#7861);
#7860 = CARTESIAN_POINT('',(0.85,2.275,0.86));
#7861 = VECTOR('',#7862,1.);
#7862 = DIRECTION('',(1.,0.,-0.));
#7863 = ORIENTED_EDGE('',*,*,#7864,.T.);
#7864 = EDGE_CURVE('',#7857,#5418,#7865,.T.);
#7865 = LINE('',#7866,#7867);
#7866 = CARTESIAN_POINT('',(0.85,2.275,0.86));
#7867 = VECTOR('',#7868,1.);
#7868 = DIRECTION('',(0.,0.,1.));
#7869 = ORIENTED_EDGE('',*,*,#5417,.T.);
#7870 = ORIENTED_EDGE('',*,*,#5322,.F.);
#7871 = PLANE('',#7872);
#7872 = AXIS2_PLACEMENT_3D('',#7873,#7874,#7875);
#7873 = CARTESIAN_POINT('',(0.85,2.275,0.86));
#7874 = DIRECTION('',(-0.,1.,0.));
#7875 = DIRECTION('',(0.,0.,1.));
#7876 = ADVANCED_FACE('',(#7877),#7893,.T.);
#7877 = FACE_BOUND('',#7878,.T.);
#7878 = EDGE_LOOP('',(#7879,#7880,#7886,#7887));
#7879 = ORIENTED_EDGE('',*,*,#5386,.F.);
#7880 = ORIENTED_EDGE('',*,*,#7881,.F.);
#7881 = EDGE_CURVE('',#5307,#5387,#7882,.T.);
#7882 = LINE('',#7883,#7884);
#7883 = CARTESIAN_POINT('',(0.85,2.275,0.49));
#7884 = VECTOR('',#7885,1.);
#7885 = DIRECTION('',(1.,0.,-0.));
#7886 = ORIENTED_EDGE('',*,*,#5314,.T.);
#7887 = ORIENTED_EDGE('',*,*,#7888,.T.);
#7888 = EDGE_CURVE('',#5315,#5379,#7889,.T.);
#7889 = LINE('',#7890,#7891);
#7890 = CARTESIAN_POINT('',(0.85,2.275,0.86));
#7891 = VECTOR('',#7892,1.);
#7892 = DIRECTION('',(1.,0.,-0.));
#7893 = PLANE('',#7894);
#7894 = AXIS2_PLACEMENT_3D('',#7895,#7896,#7897);
#7895 = CARTESIAN_POINT('',(0.875,2.275,0.12));
#7896 = DIRECTION('',(-0.,1.,0.));
#7897 = DIRECTION('',(0.,0.,1.));
#7898 = ADVANCED_FACE('',(#7899),#7915,.F.);
#7899 = FACE_BOUND('',#7900,.F.);
#7900 = EDGE_LOOP('',(#7901,#7907,#7908,#7914));
#7901 = ORIENTED_EDGE('',*,*,#7902,.F.);
#7902 = EDGE_CURVE('',#2012,#5299,#7903,.T.);
#7903 = LINE('',#7904,#7905);
#7904 = CARTESIAN_POINT('',(0.85,2.275,0.3));
#7905 = VECTOR('',#7906,1.);
#7906 = DIRECTION('',(1.,0.,-0.));
#7907 = ORIENTED_EDGE('',*,*,#2042,.T.);
#7908 = ORIENTED_EDGE('',*,*,#7909,.T.);
#7909 = EDGE_CURVE('',#2035,#5307,#7910,.T.);
#7910 = LINE('',#7911,#7912);
#7911 = CARTESIAN_POINT('',(0.85,2.275,0.49));
#7912 = VECTOR('',#7913,1.);
#7913 = DIRECTION('',(1.,0.,-0.));
#7914 = ORIENTED_EDGE('',*,*,#5306,.F.);
#7915 = PLANE('',#7916);
#7916 = AXIS2_PLACEMENT_3D('',#7917,#7918,#7919);
#7917 = CARTESIAN_POINT('',(0.85,2.275,0.3));
#7918 = DIRECTION('',(-0.,1.,0.));
#7919 = DIRECTION('',(0.,0.,1.));
#7920 = ADVANCED_FACE('',(#7921),#7932,.T.);
#7921 = FACE_BOUND('',#7922,.T.);
#7922 = EDGE_LOOP('',(#7923,#7924,#7925,#7926));
#7923 = ORIENTED_EDGE('',*,*,#5402,.F.);
#7924 = ORIENTED_EDGE('',*,*,#5345,.F.);
#7925 = ORIENTED_EDGE('',*,*,#5298,.T.);
#7926 = ORIENTED_EDGE('',*,*,#7927,.T.);
#7927 = EDGE_CURVE('',#5299,#5395,#7928,.T.);
#7928 = LINE('',#7929,#7930);
#7929 = CARTESIAN_POINT('',(0.85,2.275,0.3));
#7930 = VECTOR('',#7931,1.);
#7931 = DIRECTION('',(1.,0.,-0.));
#7932 = PLANE('',#7933);
#7933 = AXIS2_PLACEMENT_3D('',#7934,#7935,#7936);
#7934 = CARTESIAN_POINT('',(0.875,2.275,0.12));
#7935 = DIRECTION('',(-0.,1.,0.));
#7936 = DIRECTION('',(0.,0.,1.));
#7937 = ADVANCED_FACE('',(#7938),#7954,.F.);
#7938 = FACE_BOUND('',#7939,.F.);
#7939 = EDGE_LOOP('',(#7940,#7946,#7947,#7953));
#7940 = ORIENTED_EDGE('',*,*,#7941,.F.);
#7941 = EDGE_CURVE('',#5395,#2088,#7942,.T.);
#7942 = LINE('',#7943,#7944);
#7943 = CARTESIAN_POINT('',(0.85,2.275,0.3));
#7944 = VECTOR('',#7945,1.);
#7945 = DIRECTION('',(1.,0.,-0.));
#7946 = ORIENTED_EDGE('',*,*,#5394,.T.);
#7947 = ORIENTED_EDGE('',*,*,#7948,.T.);
#7948 = EDGE_CURVE('',#5387,#2096,#7949,.T.);
#7949 = LINE('',#7950,#7951);
#7950 = CARTESIAN_POINT('',(0.85,2.275,0.49));
#7951 = VECTOR('',#7952,1.);
#7952 = DIRECTION('',(1.,0.,-0.));
#7953 = ORIENTED_EDGE('',*,*,#2095,.F.);
#7954 = PLANE('',#7955);
#7955 = AXIS2_PLACEMENT_3D('',#7956,#7957,#7958);
#7956 = CARTESIAN_POINT('',(0.85,2.275,0.3));
#7957 = DIRECTION('',(-0.,1.,0.));
#7958 = DIRECTION('',(0.,0.,1.));
#7959 = ADVANCED_FACE('',(#7960),#7978,.F.);
#7960 = FACE_BOUND('',#7961,.F.);
#7961 = EDGE_LOOP('',(#7962,#7970,#7971,#7972));
#7962 = ORIENTED_EDGE('',*,*,#7963,.F.);
#7963 = EDGE_CURVE('',#5379,#7964,#7966,.T.);
#7964 = VERTEX_POINT('',#7965);
#7965 = CARTESIAN_POINT('',(1.15,2.275,0.86));
#7966 = LINE('',#7967,#7968);
#7967 = CARTESIAN_POINT('',(0.85,2.275,0.86));
#7968 = VECTOR('',#7969,1.);
#7969 = DIRECTION('',(1.,0.,-0.));
#7970 = ORIENTED_EDGE('',*,*,#5378,.T.);
#7971 = ORIENTED_EDGE('',*,*,#5440,.T.);
#7972 = ORIENTED_EDGE('',*,*,#7973,.F.);
#7973 = EDGE_CURVE('',#7964,#5433,#7974,.T.);
#7974 = LINE('',#7975,#7976);
#7975 = CARTESIAN_POINT('',(1.15,2.275,0.86));
#7976 = VECTOR('',#7977,1.);
#7977 = DIRECTION('',(0.,0.,1.));
#7978 = PLANE('',#7979);
#7979 = AXIS2_PLACEMENT_3D('',#7980,#7981,#7982);
#7980 = CARTESIAN_POINT('',(0.85,2.275,0.86));
#7981 = DIRECTION('',(-0.,1.,0.));
#7982 = DIRECTION('',(0.,0.,1.));
#7983 = ADVANCED_FACE('',(#7984),#7995,.F.);
#7984 = FACE_BOUND('',#7985,.F.);
#7985 = EDGE_LOOP('',(#7986,#7987,#7988,#7994));
#7986 = ORIENTED_EDGE('',*,*,#5432,.F.);
#7987 = ORIENTED_EDGE('',*,*,#971,.T.);
#7988 = ORIENTED_EDGE('',*,*,#7989,.T.);
#7989 = EDGE_CURVE('',#964,#7964,#7990,.T.);
#7990 = LINE('',#7991,#7992);
#7991 = CARTESIAN_POINT('',(1.15,-0.6,0.86));
#7992 = VECTOR('',#7993,1.);
#7993 = DIRECTION('',(-0.,1.,0.));
#7994 = ORIENTED_EDGE('',*,*,#7973,.T.);
#7995 = PLANE('',#7996);
#7996 = AXIS2_PLACEMENT_3D('',#7997,#7998,#7999);
#7997 = CARTESIAN_POINT('',(1.15,-0.6,0.86));
#7998 = DIRECTION('',(1.,0.,-0.));
#7999 = DIRECTION('',(0.,0.,1.));
#8000 = ADVANCED_FACE('',(#8001),#8012,.T.);
#8001 = FACE_BOUND('',#8002,.T.);
#8002 = EDGE_LOOP('',(#8003,#8004,#8005,#8011));
#8003 = ORIENTED_EDGE('',*,*,#5425,.F.);
#8004 = ORIENTED_EDGE('',*,*,#953,.T.);
#8005 = ORIENTED_EDGE('',*,*,#8006,.T.);
#8006 = EDGE_CURVE('',#956,#7857,#8007,.T.);
#8007 = LINE('',#8008,#8009);
#8008 = CARTESIAN_POINT('',(0.85,-0.6,0.86));
#8009 = VECTOR('',#8010,1.);
#8010 = DIRECTION('',(-0.,1.,0.));
#8011 = ORIENTED_EDGE('',*,*,#7864,.T.);
#8012 = PLANE('',#8013);
#8013 = AXIS2_PLACEMENT_3D('',#8014,#8015,#8016);
#8014 = CARTESIAN_POINT('',(0.85,-0.6,0.86));
#8015 = DIRECTION('',(1.,0.,-0.));
#8016 = DIRECTION('',(0.,0.,1.));
#8017 = ADVANCED_FACE('',(#8018),#8036,.F.);
#8018 = FACE_BOUND('',#8019,.F.);
#8019 = EDGE_LOOP('',(#8020,#8028,#8034,#8035));
#8020 = ORIENTED_EDGE('',*,*,#8021,.F.);
#8021 = EDGE_CURVE('',#8022,#5482,#8024,.T.);
#8022 = VERTEX_POINT('',#8023);
#8023 = CARTESIAN_POINT('',(1.85,2.275,0.86));
#8024 = LINE('',#8025,#8026);
#8025 = CARTESIAN_POINT('',(1.85,2.275,0.86));
#8026 = VECTOR('',#8027,1.);
#8027 = DIRECTION('',(1.,0.,-0.));
#8028 = ORIENTED_EDGE('',*,*,#8029,.T.);
#8029 = EDGE_CURVE('',#8022,#5585,#8030,.T.);
#8030 = LINE('',#8031,#8032);
#8031 = CARTESIAN_POINT('',(1.85,2.275,0.86));
#8032 = VECTOR('',#8033,1.);
#8033 = DIRECTION('',(0.,0.,1.));
#8034 = ORIENTED_EDGE('',*,*,#5584,.T.);
#8035 = ORIENTED_EDGE('',*,*,#5489,.F.);
#8036 = PLANE('',#8037);
#8037 = AXIS2_PLACEMENT_3D('',#8038,#8039,#8040);
#8038 = CARTESIAN_POINT('',(1.85,2.275,0.86));
#8039 = DIRECTION('',(-0.,1.,0.));
#8040 = DIRECTION('',(0.,0.,1.));
#8041 = ADVANCED_FACE('',(#8042),#8058,.T.);
#8042 = FACE_BOUND('',#8043,.T.);
#8043 = EDGE_LOOP('',(#8044,#8045,#8051,#8052));
#8044 = ORIENTED_EDGE('',*,*,#5553,.F.);
#8045 = ORIENTED_EDGE('',*,*,#8046,.F.);
#8046 = EDGE_CURVE('',#5474,#5554,#8047,.T.);
#8047 = LINE('',#8048,#8049);
#8048 = CARTESIAN_POINT('',(1.85,2.275,0.49));
#8049 = VECTOR('',#8050,1.);
#8050 = DIRECTION('',(1.,0.,-0.));
#8051 = ORIENTED_EDGE('',*,*,#5481,.T.);
#8052 = ORIENTED_EDGE('',*,*,#8053,.T.);
#8053 = EDGE_CURVE('',#5482,#5546,#8054,.T.);
#8054 = LINE('',#8055,#8056);
#8055 = CARTESIAN_POINT('',(1.85,2.275,0.86));
#8056 = VECTOR('',#8057,1.);
#8057 = DIRECTION('',(1.,0.,-0.));
#8058 = PLANE('',#8059);
#8059 = AXIS2_PLACEMENT_3D('',#8060,#8061,#8062);
#8060 = CARTESIAN_POINT('',(1.875,2.275,0.12));
#8061 = DIRECTION('',(-0.,1.,0.));
#8062 = DIRECTION('',(0.,0.,1.));
#8063 = ADVANCED_FACE('',(#8064),#8080,.F.);
#8064 = FACE_BOUND('',#8065,.F.);
#8065 = EDGE_LOOP('',(#8066,#8072,#8073,#8079));
#8066 = ORIENTED_EDGE('',*,*,#8067,.F.);
#8067 = EDGE_CURVE('',#2128,#5466,#8068,.T.);
#8068 = LINE('',#8069,#8070);
#8069 = CARTESIAN_POINT('',(1.85,2.275,0.3));
#8070 = VECTOR('',#8071,1.);
#8071 = DIRECTION('',(1.,0.,-0.));
#8072 = ORIENTED_EDGE('',*,*,#2158,.T.);
#8073 = ORIENTED_EDGE('',*,*,#8074,.T.);
#8074 = EDGE_CURVE('',#2151,#5474,#8075,.T.);
#8075 = LINE('',#8076,#8077);
#8076 = CARTESIAN_POINT('',(1.85,2.275,0.49));
#8077 = VECTOR('',#8078,1.);
#8078 = DIRECTION('',(1.,0.,-0.));
#8079 = ORIENTED_EDGE('',*,*,#5473,.F.);
#8080 = PLANE('',#8081);
#8081 = AXIS2_PLACEMENT_3D('',#8082,#8083,#8084);
#8082 = CARTESIAN_POINT('',(1.85,2.275,0.3));
#8083 = DIRECTION('',(-0.,1.,0.));
#8084 = DIRECTION('',(0.,0.,1.));
#8085 = ADVANCED_FACE('',(#8086),#8097,.T.);
#8086 = FACE_BOUND('',#8087,.T.);
#8087 = EDGE_LOOP('',(#8088,#8089,#8090,#8091));
#8088 = ORIENTED_EDGE('',*,*,#5569,.F.);
#8089 = ORIENTED_EDGE('',*,*,#5512,.F.);
#8090 = ORIENTED_EDGE('',*,*,#5465,.T.);
#8091 = ORIENTED_EDGE('',*,*,#8092,.T.);
#8092 = EDGE_CURVE('',#5466,#5562,#8093,.T.);
#8093 = LINE('',#8094,#8095);
#8094 = CARTESIAN_POINT('',(1.85,2.275,0.3));
#8095 = VECTOR('',#8096,1.);
#8096 = DIRECTION('',(1.,0.,-0.));
#8097 = PLANE('',#8098);
#8098 = AXIS2_PLACEMENT_3D('',#8099,#8100,#8101);
#8099 = CARTESIAN_POINT('',(1.875,2.275,0.12));
#8100 = DIRECTION('',(-0.,1.,0.));
#8101 = DIRECTION('',(0.,0.,1.));
#8102 = ADVANCED_FACE('',(#8103),#8119,.F.);
#8103 = FACE_BOUND('',#8104,.F.);
#8104 = EDGE_LOOP('',(#8105,#8111,#8112,#8118));
#8105 = ORIENTED_EDGE('',*,*,#8106,.F.);
#8106 = EDGE_CURVE('',#5562,#2204,#8107,.T.);
#8107 = LINE('',#8108,#8109);
#8108 = CARTESIAN_POINT('',(1.85,2.275,0.3));
#8109 = VECTOR('',#8110,1.);
#8110 = DIRECTION('',(1.,0.,-0.));
#8111 = ORIENTED_EDGE('',*,*,#5561,.T.);
#8112 = ORIENTED_EDGE('',*,*,#8113,.T.);
#8113 = EDGE_CURVE('',#5554,#2212,#8114,.T.);
#8114 = LINE('',#8115,#8116);
#8115 = CARTESIAN_POINT('',(1.85,2.275,0.49));
#8116 = VECTOR('',#8117,1.);
#8117 = DIRECTION('',(1.,0.,-0.));
#8118 = ORIENTED_EDGE('',*,*,#2211,.F.);
#8119 = PLANE('',#8120);
#8120 = AXIS2_PLACEMENT_3D('',#8121,#8122,#8123);
#8121 = CARTESIAN_POINT('',(1.85,2.275,0.3));
#8122 = DIRECTION('',(-0.,1.,0.));
#8123 = DIRECTION('',(0.,0.,1.));
#8124 = ADVANCED_FACE('',(#8125),#8143,.F.);
#8125 = FACE_BOUND('',#8126,.F.);
#8126 = EDGE_LOOP('',(#8127,#8135,#8136,#8137));
#8127 = ORIENTED_EDGE('',*,*,#8128,.F.);
#8128 = EDGE_CURVE('',#5546,#8129,#8131,.T.);
#8129 = VERTEX_POINT('',#8130);
#8130 = CARTESIAN_POINT('',(2.15,2.275,0.86));
#8131 = LINE('',#8132,#8133);
#8132 = CARTESIAN_POINT('',(1.85,2.275,0.86));
#8133 = VECTOR('',#8134,1.);
#8134 = DIRECTION('',(1.,0.,-0.));
#8135 = ORIENTED_EDGE('',*,*,#5545,.T.);
#8136 = ORIENTED_EDGE('',*,*,#5607,.T.);
#8137 = ORIENTED_EDGE('',*,*,#8138,.F.);
#8138 = EDGE_CURVE('',#8129,#5600,#8139,.T.);
#8139 = LINE('',#8140,#8141);
#8140 = CARTESIAN_POINT('',(2.15,2.275,0.86));
#8141 = VECTOR('',#8142,1.);
#8142 = DIRECTION('',(0.,0.,1.));
#8143 = PLANE('',#8144);
#8144 = AXIS2_PLACEMENT_3D('',#8145,#8146,#8147);
#8145 = CARTESIAN_POINT('',(1.85,2.275,0.86));
#8146 = DIRECTION('',(-0.,1.,0.));
#8147 = DIRECTION('',(0.,0.,1.));
#8148 = ADVANCED_FACE('',(#8149),#8160,.F.);
#8149 = FACE_BOUND('',#8150,.F.);
#8150 = EDGE_LOOP('',(#8151,#8152,#8153,#8159));
#8151 = ORIENTED_EDGE('',*,*,#5599,.F.);
#8152 = ORIENTED_EDGE('',*,*,#1005,.T.);
#8153 = ORIENTED_EDGE('',*,*,#8154,.T.);
#8154 = EDGE_CURVE('',#998,#8129,#8155,.T.);
#8155 = LINE('',#8156,#8157);
#8156 = CARTESIAN_POINT('',(2.15,-0.6,0.86));
#8157 = VECTOR('',#8158,1.);
#8158 = DIRECTION('',(-0.,1.,0.));
#8159 = ORIENTED_EDGE('',*,*,#8138,.T.);
#8160 = PLANE('',#8161);
#8161 = AXIS2_PLACEMENT_3D('',#8162,#8163,#8164);
#8162 = CARTESIAN_POINT('',(2.15,-0.6,0.86));
#8163 = DIRECTION('',(1.,0.,-0.));
#8164 = DIRECTION('',(0.,0.,1.));
#8165 = ADVANCED_FACE('',(#8166),#8177,.T.);
#8166 = FACE_BOUND('',#8167,.T.);
#8167 = EDGE_LOOP('',(#8168,#8169,#8170,#8176));
#8168 = ORIENTED_EDGE('',*,*,#5592,.F.);
#8169 = ORIENTED_EDGE('',*,*,#987,.T.);
#8170 = ORIENTED_EDGE('',*,*,#8171,.T.);
#8171 = EDGE_CURVE('',#990,#8022,#8172,.T.);
#8172 = LINE('',#8173,#8174);
#8173 = CARTESIAN_POINT('',(1.85,-0.6,0.86));
#8174 = VECTOR('',#8175,1.);
#8175 = DIRECTION('',(-0.,1.,0.));
#8176 = ORIENTED_EDGE('',*,*,#8029,.T.);
#8177 = PLANE('',#8178);
#8178 = AXIS2_PLACEMENT_3D('',#8179,#8180,#8181);
#8179 = CARTESIAN_POINT('',(1.85,-0.6,0.86));
#8180 = DIRECTION('',(1.,0.,-0.));
#8181 = DIRECTION('',(0.,0.,1.));
#8182 = ADVANCED_FACE('',(#8183),#8201,.F.);
#8183 = FACE_BOUND('',#8184,.F.);
#8184 = EDGE_LOOP('',(#8185,#8193,#8199,#8200));
#8185 = ORIENTED_EDGE('',*,*,#8186,.F.);
#8186 = EDGE_CURVE('',#8187,#5649,#8189,.T.);
#8187 = VERTEX_POINT('',#8188);
#8188 = CARTESIAN_POINT('',(2.85,2.275,0.86));
#8189 = LINE('',#8190,#8191);
#8190 = CARTESIAN_POINT('',(2.85,2.275,0.86));
#8191 = VECTOR('',#8192,1.);
#8192 = DIRECTION('',(1.,0.,-0.));
#8193 = ORIENTED_EDGE('',*,*,#8194,.T.);
#8194 = EDGE_CURVE('',#8187,#5752,#8195,.T.);
#8195 = LINE('',#8196,#8197);
#8196 = CARTESIAN_POINT('',(2.85,2.275,0.86));
#8197 = VECTOR('',#8198,1.);
#8198 = DIRECTION('',(0.,0.,1.));
#8199 = ORIENTED_EDGE('',*,*,#5751,.T.);
#8200 = ORIENTED_EDGE('',*,*,#5656,.F.);
#8201 = PLANE('',#8202);
#8202 = AXIS2_PLACEMENT_3D('',#8203,#8204,#8205);
#8203 = CARTESIAN_POINT('',(2.85,2.275,0.86));
#8204 = DIRECTION('',(-0.,1.,0.));
#8205 = DIRECTION('',(0.,0.,1.));
#8206 = ADVANCED_FACE('',(#8207),#8223,.T.);
#8207 = FACE_BOUND('',#8208,.T.);
#8208 = EDGE_LOOP('',(#8209,#8210,#8216,#8217));
#8209 = ORIENTED_EDGE('',*,*,#5720,.F.);
#8210 = ORIENTED_EDGE('',*,*,#8211,.F.);
#8211 = EDGE_CURVE('',#5641,#5721,#8212,.T.);
#8212 = LINE('',#8213,#8214);
#8213 = CARTESIAN_POINT('',(2.85,2.275,0.49));
#8214 = VECTOR('',#8215,1.);
#8215 = DIRECTION('',(1.,0.,-0.));
#8216 = ORIENTED_EDGE('',*,*,#5648,.T.);
#8217 = ORIENTED_EDGE('',*,*,#8218,.T.);
#8218 = EDGE_CURVE('',#5649,#5713,#8219,.T.);
#8219 = LINE('',#8220,#8221);
#8220 = CARTESIAN_POINT('',(2.85,2.275,0.86));
#8221 = VECTOR('',#8222,1.);
#8222 = DIRECTION('',(1.,0.,-0.));
#8223 = PLANE('',#8224);
#8224 = AXIS2_PLACEMENT_3D('',#8225,#8226,#8227);
#8225 = CARTESIAN_POINT('',(2.875,2.275,0.12));
#8226 = DIRECTION('',(-0.,1.,0.));
#8227 = DIRECTION('',(0.,0.,1.));
#8228 = ADVANCED_FACE('',(#8229),#8245,.F.);
#8229 = FACE_BOUND('',#8230,.F.);
#8230 = EDGE_LOOP('',(#8231,#8237,#8238,#8244));
#8231 = ORIENTED_EDGE('',*,*,#8232,.F.);
#8232 = EDGE_CURVE('',#2244,#5633,#8233,.T.);
#8233 = LINE('',#8234,#8235);
#8234 = CARTESIAN_POINT('',(2.85,2.275,0.3));
#8235 = VECTOR('',#8236,1.);
#8236 = DIRECTION('',(1.,0.,-0.));
#8237 = ORIENTED_EDGE('',*,*,#2274,.T.);
#8238 = ORIENTED_EDGE('',*,*,#8239,.T.);
#8239 = EDGE_CURVE('',#2267,#5641,#8240,.T.);
#8240 = LINE('',#8241,#8242);
#8241 = CARTESIAN_POINT('',(2.85,2.275,0.49));
#8242 = VECTOR('',#8243,1.);
#8243 = DIRECTION('',(1.,0.,-0.));
#8244 = ORIENTED_EDGE('',*,*,#5640,.F.);
#8245 = PLANE('',#8246);
#8246 = AXIS2_PLACEMENT_3D('',#8247,#8248,#8249);
#8247 = CARTESIAN_POINT('',(2.85,2.275,0.3));
#8248 = DIRECTION('',(-0.,1.,0.));
#8249 = DIRECTION('',(0.,0.,1.));
#8250 = ADVANCED_FACE('',(#8251),#8262,.T.);
#8251 = FACE_BOUND('',#8252,.T.);
#8252 = EDGE_LOOP('',(#8253,#8254,#8255,#8256));
#8253 = ORIENTED_EDGE('',*,*,#5736,.F.);
#8254 = ORIENTED_EDGE('',*,*,#5679,.F.);
#8255 = ORIENTED_EDGE('',*,*,#5632,.T.);
#8256 = ORIENTED_EDGE('',*,*,#8257,.T.);
#8257 = EDGE_CURVE('',#5633,#5729,#8258,.T.);
#8258 = LINE('',#8259,#8260);
#8259 = CARTESIAN_POINT('',(2.85,2.275,0.3));
#8260 = VECTOR('',#8261,1.);
#8261 = DIRECTION('',(1.,0.,-0.));
#8262 = PLANE('',#8263);
#8263 = AXIS2_PLACEMENT_3D('',#8264,#8265,#8266);
#8264 = CARTESIAN_POINT('',(2.875,2.275,0.12));
#8265 = DIRECTION('',(-0.,1.,0.));
#8266 = DIRECTION('',(0.,0.,1.));
#8267 = ADVANCED_FACE('',(#8268),#8284,.F.);
#8268 = FACE_BOUND('',#8269,.F.);
#8269 = EDGE_LOOP('',(#8270,#8276,#8277,#8283));
#8270 = ORIENTED_EDGE('',*,*,#8271,.F.);
#8271 = EDGE_CURVE('',#5729,#2320,#8272,.T.);
#8272 = LINE('',#8273,#8274);
#8273 = CARTESIAN_POINT('',(2.85,2.275,0.3));
#8274 = VECTOR('',#8275,1.);
#8275 = DIRECTION('',(1.,0.,-0.));
#8276 = ORIENTED_EDGE('',*,*,#5728,.T.);
#8277 = ORIENTED_EDGE('',*,*,#8278,.T.);
#8278 = EDGE_CURVE('',#5721,#2328,#8279,.T.);
#8279 = LINE('',#8280,#8281);
#8280 = CARTESIAN_POINT('',(2.85,2.275,0.49));
#8281 = VECTOR('',#8282,1.);
#8282 = DIRECTION('',(1.,0.,-0.));
#8283 = ORIENTED_EDGE('',*,*,#2327,.F.);
#8284 = PLANE('',#8285);
#8285 = AXIS2_PLACEMENT_3D('',#8286,#8287,#8288);
#8286 = CARTESIAN_POINT('',(2.85,2.275,0.3));
#8287 = DIRECTION('',(-0.,1.,0.));
#8288 = DIRECTION('',(0.,0.,1.));
#8289 = ADVANCED_FACE('',(#8290),#8308,.F.);
#8290 = FACE_BOUND('',#8291,.F.);
#8291 = EDGE_LOOP('',(#8292,#8300,#8301,#8302));
#8292 = ORIENTED_EDGE('',*,*,#8293,.F.);
#8293 = EDGE_CURVE('',#5713,#8294,#8296,.T.);
#8294 = VERTEX_POINT('',#8295);
#8295 = CARTESIAN_POINT('',(3.15,2.275,0.86));
#8296 = LINE('',#8297,#8298);
#8297 = CARTESIAN_POINT('',(2.85,2.275,0.86));
#8298 = VECTOR('',#8299,1.);
#8299 = DIRECTION('',(1.,0.,-0.));
#8300 = ORIENTED_EDGE('',*,*,#5712,.T.);
#8301 = ORIENTED_EDGE('',*,*,#5774,.T.);
#8302 = ORIENTED_EDGE('',*,*,#8303,.F.);
#8303 = EDGE_CURVE('',#8294,#5767,#8304,.T.);
#8304 = LINE('',#8305,#8306);
#8305 = CARTESIAN_POINT('',(3.15,2.275,0.86));
#8306 = VECTOR('',#8307,1.);
#8307 = DIRECTION('',(0.,0.,1.));
#8308 = PLANE('',#8309);
#8309 = AXIS2_PLACEMENT_3D('',#8310,#8311,#8312);
#8310 = CARTESIAN_POINT('',(2.85,2.275,0.86));
#8311 = DIRECTION('',(-0.,1.,0.));
#8312 = DIRECTION('',(0.,0.,1.));
#8313 = ADVANCED_FACE('',(#8314),#8325,.F.);
#8314 = FACE_BOUND('',#8315,.F.);
#8315 = EDGE_LOOP('',(#8316,#8317,#8318,#8324));
#8316 = ORIENTED_EDGE('',*,*,#5766,.F.);
#8317 = ORIENTED_EDGE('',*,*,#1039,.T.);
#8318 = ORIENTED_EDGE('',*,*,#8319,.T.);
#8319 = EDGE_CURVE('',#1032,#8294,#8320,.T.);
#8320 = LINE('',#8321,#8322);
#8321 = CARTESIAN_POINT('',(3.15,-0.6,0.86));
#8322 = VECTOR('',#8323,1.);
#8323 = DIRECTION('',(-0.,1.,0.));
#8324 = ORIENTED_EDGE('',*,*,#8303,.T.);
#8325 = PLANE('',#8326);
#8326 = AXIS2_PLACEMENT_3D('',#8327,#8328,#8329);
#8327 = CARTESIAN_POINT('',(3.15,-0.6,0.86));
#8328 = DIRECTION('',(1.,0.,-0.));
#8329 = DIRECTION('',(0.,0.,1.));
#8330 = ADVANCED_FACE('',(#8331),#8342,.T.);
#8331 = FACE_BOUND('',#8332,.T.);
#8332 = EDGE_LOOP('',(#8333,#8334,#8335,#8341));
#8333 = ORIENTED_EDGE('',*,*,#5759,.F.);
#8334 = ORIENTED_EDGE('',*,*,#1021,.T.);
#8335 = ORIENTED_EDGE('',*,*,#8336,.T.);
#8336 = EDGE_CURVE('',#1024,#8187,#8337,.T.);
#8337 = LINE('',#8338,#8339);
#8338 = CARTESIAN_POINT('',(2.85,-0.6,0.86));
#8339 = VECTOR('',#8340,1.);
#8340 = DIRECTION('',(-0.,1.,0.));
#8341 = ORIENTED_EDGE('',*,*,#8194,.T.);
#8342 = PLANE('',#8343);
#8343 = AXIS2_PLACEMENT_3D('',#8344,#8345,#8346);
#8344 = CARTESIAN_POINT('',(2.85,-0.6,0.86));
#8345 = DIRECTION('',(1.,0.,-0.));
#8346 = DIRECTION('',(0.,0.,1.));
#8347 = ADVANCED_FACE('',(#8348),#8366,.F.);
#8348 = FACE_BOUND('',#8349,.F.);
#8349 = EDGE_LOOP('',(#8350,#8358,#8364,#8365));
#8350 = ORIENTED_EDGE('',*,*,#8351,.F.);
#8351 = EDGE_CURVE('',#8352,#5816,#8354,.T.);
#8352 = VERTEX_POINT('',#8353);
#8353 = CARTESIAN_POINT('',(3.85,2.275,0.86));
#8354 = LINE('',#8355,#8356);
#8355 = CARTESIAN_POINT('',(3.85,2.275,0.86));
#8356 = VECTOR('',#8357,1.);
#8357 = DIRECTION('',(1.,0.,-0.));
#8358 = ORIENTED_EDGE('',*,*,#8359,.T.);
#8359 = EDGE_CURVE('',#8352,#5919,#8360,.T.);
#8360 = LINE('',#8361,#8362);
#8361 = CARTESIAN_POINT('',(3.85,2.275,0.86));
#8362 = VECTOR('',#8363,1.);
#8363 = DIRECTION('',(0.,0.,1.));
#8364 = ORIENTED_EDGE('',*,*,#5918,.T.);
#8365 = ORIENTED_EDGE('',*,*,#5823,.F.);
#8366 = PLANE('',#8367);
#8367 = AXIS2_PLACEMENT_3D('',#8368,#8369,#8370);
#8368 = CARTESIAN_POINT('',(3.85,2.275,0.86));
#8369 = DIRECTION('',(-0.,1.,0.));
#8370 = DIRECTION('',(0.,0.,1.));
#8371 = ADVANCED_FACE('',(#8372),#8388,.T.);
#8372 = FACE_BOUND('',#8373,.T.);
#8373 = EDGE_LOOP('',(#8374,#8375,#8381,#8382));
#8374 = ORIENTED_EDGE('',*,*,#5887,.F.);
#8375 = ORIENTED_EDGE('',*,*,#8376,.F.);
#8376 = EDGE_CURVE('',#5808,#5888,#8377,.T.);
#8377 = LINE('',#8378,#8379);
#8378 = CARTESIAN_POINT('',(3.85,2.275,0.49));
#8379 = VECTOR('',#8380,1.);
#8380 = DIRECTION('',(1.,0.,-0.));
#8381 = ORIENTED_EDGE('',*,*,#5815,.T.);
#8382 = ORIENTED_EDGE('',*,*,#8383,.T.);
#8383 = EDGE_CURVE('',#5816,#5880,#8384,.T.);
#8384 = LINE('',#8385,#8386);
#8385 = CARTESIAN_POINT('',(3.85,2.275,0.86));
#8386 = VECTOR('',#8387,1.);
#8387 = DIRECTION('',(1.,0.,-0.));
#8388 = PLANE('',#8389);
#8389 = AXIS2_PLACEMENT_3D('',#8390,#8391,#8392);
#8390 = CARTESIAN_POINT('',(3.875,2.275,0.12));
#8391 = DIRECTION('',(-0.,1.,0.));
#8392 = DIRECTION('',(0.,0.,1.));
#8393 = ADVANCED_FACE('',(#8394),#8410,.F.);
#8394 = FACE_BOUND('',#8395,.F.);
#8395 = EDGE_LOOP('',(#8396,#8402,#8403,#8409));
#8396 = ORIENTED_EDGE('',*,*,#8397,.F.);
#8397 = EDGE_CURVE('',#2360,#5800,#8398,.T.);
#8398 = LINE('',#8399,#8400);
#8399 = CARTESIAN_POINT('',(3.85,2.275,0.3));
#8400 = VECTOR('',#8401,1.);
#8401 = DIRECTION('',(1.,0.,-0.));
#8402 = ORIENTED_EDGE('',*,*,#2390,.T.);
#8403 = ORIENTED_EDGE('',*,*,#8404,.T.);
#8404 = EDGE_CURVE('',#2383,#5808,#8405,.T.);
#8405 = LINE('',#8406,#8407);
#8406 = CARTESIAN_POINT('',(3.85,2.275,0.49));
#8407 = VECTOR('',#8408,1.);
#8408 = DIRECTION('',(1.,0.,-0.));
#8409 = ORIENTED_EDGE('',*,*,#5807,.F.);
#8410 = PLANE('',#8411);
#8411 = AXIS2_PLACEMENT_3D('',#8412,#8413,#8414);
#8412 = CARTESIAN_POINT('',(3.85,2.275,0.3));
#8413 = DIRECTION('',(-0.,1.,0.));
#8414 = DIRECTION('',(0.,0.,1.));
#8415 = ADVANCED_FACE('',(#8416),#8427,.T.);
#8416 = FACE_BOUND('',#8417,.T.);
#8417 = EDGE_LOOP('',(#8418,#8419,#8420,#8421));
#8418 = ORIENTED_EDGE('',*,*,#5903,.F.);
#8419 = ORIENTED_EDGE('',*,*,#5846,.F.);
#8420 = ORIENTED_EDGE('',*,*,#5799,.T.);
#8421 = ORIENTED_EDGE('',*,*,#8422,.T.);
#8422 = EDGE_CURVE('',#5800,#5896,#8423,.T.);
#8423 = LINE('',#8424,#8425);
#8424 = CARTESIAN_POINT('',(3.85,2.275,0.3));
#8425 = VECTOR('',#8426,1.);
#8426 = DIRECTION('',(1.,0.,-0.));
#8427 = PLANE('',#8428);
#8428 = AXIS2_PLACEMENT_3D('',#8429,#8430,#8431);
#8429 = CARTESIAN_POINT('',(3.875,2.275,0.12));
#8430 = DIRECTION('',(-0.,1.,0.));
#8431 = DIRECTION('',(0.,0.,1.));
#8432 = ADVANCED_FACE('',(#8433),#8449,.F.);
#8433 = FACE_BOUND('',#8434,.F.);
#8434 = EDGE_LOOP('',(#8435,#8441,#8442,#8448));
#8435 = ORIENTED_EDGE('',*,*,#8436,.F.);
#8436 = EDGE_CURVE('',#5896,#2436,#8437,.T.);
#8437 = LINE('',#8438,#8439);
#8438 = CARTESIAN_POINT('',(3.85,2.275,0.3));
#8439 = VECTOR('',#8440,1.);
#8440 = DIRECTION('',(1.,0.,-0.));
#8441 = ORIENTED_EDGE('',*,*,#5895,.T.);
#8442 = ORIENTED_EDGE('',*,*,#8443,.T.);
#8443 = EDGE_CURVE('',#5888,#2444,#8444,.T.);
#8444 = LINE('',#8445,#8446);
#8445 = CARTESIAN_POINT('',(3.85,2.275,0.49));
#8446 = VECTOR('',#8447,1.);
#8447 = DIRECTION('',(1.,0.,-0.));
#8448 = ORIENTED_EDGE('',*,*,#2443,.F.);
#8449 = PLANE('',#8450);
#8450 = AXIS2_PLACEMENT_3D('',#8451,#8452,#8453);
#8451 = CARTESIAN_POINT('',(3.85,2.275,0.3));
#8452 = DIRECTION('',(-0.,1.,0.));
#8453 = DIRECTION('',(0.,0.,1.));
#8454 = ADVANCED_FACE('',(#8455),#8473,.F.);
#8455 = FACE_BOUND('',#8456,.F.);
#8456 = EDGE_LOOP('',(#8457,#8465,#8466,#8467));
#8457 = ORIENTED_EDGE('',*,*,#8458,.F.);
#8458 = EDGE_CURVE('',#5880,#8459,#8461,.T.);
#8459 = VERTEX_POINT('',#8460);
#8460 = CARTESIAN_POINT('',(4.15,2.275,0.86));
#8461 = LINE('',#8462,#8463);
#8462 = CARTESIAN_POINT('',(3.85,2.275,0.86));
#8463 = VECTOR('',#8464,1.);
#8464 = DIRECTION('',(1.,0.,-0.));
#8465 = ORIENTED_EDGE('',*,*,#5879,.T.);
#8466 = ORIENTED_EDGE('',*,*,#5941,.T.);
#8467 = ORIENTED_EDGE('',*,*,#8468,.F.);
#8468 = EDGE_CURVE('',#8459,#5934,#8469,.T.);
#8469 = LINE('',#8470,#8471);
#8470 = CARTESIAN_POINT('',(4.15,2.275,0.86));
#8471 = VECTOR('',#8472,1.);
#8472 = DIRECTION('',(0.,0.,1.));
#8473 = PLANE('',#8474);
#8474 = AXIS2_PLACEMENT_3D('',#8475,#8476,#8477);
#8475 = CARTESIAN_POINT('',(3.85,2.275,0.86));
#8476 = DIRECTION('',(-0.,1.,0.));
#8477 = DIRECTION('',(0.,0.,1.));
#8478 = ADVANCED_FACE('',(#8479),#8490,.F.);
#8479 = FACE_BOUND('',#8480,.F.);
#8480 = EDGE_LOOP('',(#8481,#8482,#8483,#8489));
#8481 = ORIENTED_EDGE('',*,*,#5933,.F.);
#8482 = ORIENTED_EDGE('',*,*,#1073,.T.);
#8483 = ORIENTED_EDGE('',*,*,#8484,.T.);
#8484 = EDGE_CURVE('',#1066,#8459,#8485,.T.);
#8485 = LINE('',#8486,#8487);
#8486 = CARTESIAN_POINT('',(4.15,-0.6,0.86));
#8487 = VECTOR('',#8488,1.);
#8488 = DIRECTION('',(-0.,1.,0.));
#8489 = ORIENTED_EDGE('',*,*,#8468,.T.);
#8490 = PLANE('',#8491);
#8491 = AXIS2_PLACEMENT_3D('',#8492,#8493,#8494);
#8492 = CARTESIAN_POINT('',(4.15,-0.6,0.86));
#8493 = DIRECTION('',(1.,0.,-0.));
#8494 = DIRECTION('',(0.,0.,1.));
#8495 = ADVANCED_FACE('',(#8496),#8507,.T.);
#8496 = FACE_BOUND('',#8497,.T.);
#8497 = EDGE_LOOP('',(#8498,#8499,#8500,#8506));
#8498 = ORIENTED_EDGE('',*,*,#5926,.F.);
#8499 = ORIENTED_EDGE('',*,*,#1055,.T.);
#8500 = ORIENTED_EDGE('',*,*,#8501,.T.);
#8501 = EDGE_CURVE('',#1058,#8352,#8502,.T.);
#8502 = LINE('',#8503,#8504);
#8503 = CARTESIAN_POINT('',(3.85,-0.6,0.86));
#8504 = VECTOR('',#8505,1.);
#8505 = DIRECTION('',(-0.,1.,0.));
#8506 = ORIENTED_EDGE('',*,*,#8359,.T.);
#8507 = PLANE('',#8508);
#8508 = AXIS2_PLACEMENT_3D('',#8509,#8510,#8511);
#8509 = CARTESIAN_POINT('',(3.85,-0.6,0.86));
#8510 = DIRECTION('',(1.,0.,-0.));
#8511 = DIRECTION('',(0.,0.,1.));
#8512 = ADVANCED_FACE('',(#8513),#8531,.F.);
#8513 = FACE_BOUND('',#8514,.F.);
#8514 = EDGE_LOOP('',(#8515,#8523,#8529,#8530));
#8515 = ORIENTED_EDGE('',*,*,#8516,.F.);
#8516 = EDGE_CURVE('',#8517,#5983,#8519,.T.);
#8517 = VERTEX_POINT('',#8518);
#8518 = CARTESIAN_POINT('',(4.85,2.275,0.86));
#8519 = LINE('',#8520,#8521);
#8520 = CARTESIAN_POINT('',(4.85,2.275,0.86));
#8521 = VECTOR('',#8522,1.);
#8522 = DIRECTION('',(1.,0.,-0.));
#8523 = ORIENTED_EDGE('',*,*,#8524,.T.);
#8524 = EDGE_CURVE('',#8517,#6086,#8525,.T.);
#8525 = LINE('',#8526,#8527);
#8526 = CARTESIAN_POINT('',(4.85,2.275,0.86));
#8527 = VECTOR('',#8528,1.);
#8528 = DIRECTION('',(0.,0.,1.));
#8529 = ORIENTED_EDGE('',*,*,#6085,.T.);
#8530 = ORIENTED_EDGE('',*,*,#5990,.F.);
#8531 = PLANE('',#8532);
#8532 = AXIS2_PLACEMENT_3D('',#8533,#8534,#8535);
#8533 = CARTESIAN_POINT('',(4.85,2.275,0.86));
#8534 = DIRECTION('',(-0.,1.,0.));
#8535 = DIRECTION('',(0.,0.,1.));
#8536 = ADVANCED_FACE('',(#8537),#8553,.T.);
#8537 = FACE_BOUND('',#8538,.T.);
#8538 = EDGE_LOOP('',(#8539,#8540,#8546,#8547));
#8539 = ORIENTED_EDGE('',*,*,#6054,.F.);
#8540 = ORIENTED_EDGE('',*,*,#8541,.F.);
#8541 = EDGE_CURVE('',#5975,#6055,#8542,.T.);
#8542 = LINE('',#8543,#8544);
#8543 = CARTESIAN_POINT('',(4.85,2.275,0.49));
#8544 = VECTOR('',#8545,1.);
#8545 = DIRECTION('',(1.,0.,-0.));
#8546 = ORIENTED_EDGE('',*,*,#5982,.T.);
#8547 = ORIENTED_EDGE('',*,*,#8548,.T.);
#8548 = EDGE_CURVE('',#5983,#6047,#8549,.T.);
#8549 = LINE('',#8550,#8551);
#8550 = CARTESIAN_POINT('',(4.85,2.275,0.86));
#8551 = VECTOR('',#8552,1.);
#8552 = DIRECTION('',(1.,0.,-0.));
#8553 = PLANE('',#8554);
#8554 = AXIS2_PLACEMENT_3D('',#8555,#8556,#8557);
#8555 = CARTESIAN_POINT('',(4.875,2.275,0.12));
#8556 = DIRECTION('',(-0.,1.,0.));
#8557 = DIRECTION('',(0.,0.,1.));
#8558 = ADVANCED_FACE('',(#8559),#8575,.F.);
#8559 = FACE_BOUND('',#8560,.F.);
#8560 = EDGE_LOOP('',(#8561,#8567,#8568,#8574));
#8561 = ORIENTED_EDGE('',*,*,#8562,.F.);
#8562 = EDGE_CURVE('',#2476,#5967,#8563,.T.);
#8563 = LINE('',#8564,#8565);
#8564 = CARTESIAN_POINT('',(4.85,2.275,0.3));
#8565 = VECTOR('',#8566,1.);
#8566 = DIRECTION('',(1.,0.,-0.));
#8567 = ORIENTED_EDGE('',*,*,#2506,.T.);
#8568 = ORIENTED_EDGE('',*,*,#8569,.T.);
#8569 = EDGE_CURVE('',#2499,#5975,#8570,.T.);
#8570 = LINE('',#8571,#8572);
#8571 = CARTESIAN_POINT('',(4.85,2.275,0.49));
#8572 = VECTOR('',#8573,1.);
#8573 = DIRECTION('',(1.,0.,-0.));
#8574 = ORIENTED_EDGE('',*,*,#5974,.F.);
#8575 = PLANE('',#8576);
#8576 = AXIS2_PLACEMENT_3D('',#8577,#8578,#8579);
#8577 = CARTESIAN_POINT('',(4.85,2.275,0.3));
#8578 = DIRECTION('',(-0.,1.,0.));
#8579 = DIRECTION('',(0.,0.,1.));
#8580 = ADVANCED_FACE('',(#8581),#8592,.T.);
#8581 = FACE_BOUND('',#8582,.T.);
#8582 = EDGE_LOOP('',(#8583,#8584,#8585,#8586));
#8583 = ORIENTED_EDGE('',*,*,#6070,.F.);
#8584 = ORIENTED_EDGE('',*,*,#6013,.F.);
#8585 = ORIENTED_EDGE('',*,*,#5966,.T.);
#8586 = ORIENTED_EDGE('',*,*,#8587,.T.);
#8587 = EDGE_CURVE('',#5967,#6063,#8588,.T.);
#8588 = LINE('',#8589,#8590);
#8589 = CARTESIAN_POINT('',(4.85,2.275,0.3));
#8590 = VECTOR('',#8591,1.);
#8591 = DIRECTION('',(1.,0.,-0.));
#8592 = PLANE('',#8593);
#8593 = AXIS2_PLACEMENT_3D('',#8594,#8595,#8596);
#8594 = CARTESIAN_POINT('',(4.875,2.275,0.12));
#8595 = DIRECTION('',(-0.,1.,0.));
#8596 = DIRECTION('',(0.,0.,1.));
#8597 = ADVANCED_FACE('',(#8598),#8614,.F.);
#8598 = FACE_BOUND('',#8599,.F.);
#8599 = EDGE_LOOP('',(#8600,#8606,#8607,#8613));
#8600 = ORIENTED_EDGE('',*,*,#8601,.F.);
#8601 = EDGE_CURVE('',#6063,#2552,#8602,.T.);
#8602 = LINE('',#8603,#8604);
#8603 = CARTESIAN_POINT('',(4.85,2.275,0.3));
#8604 = VECTOR('',#8605,1.);
#8605 = DIRECTION('',(1.,0.,-0.));
#8606 = ORIENTED_EDGE('',*,*,#6062,.T.);
#8607 = ORIENTED_EDGE('',*,*,#8608,.T.);
#8608 = EDGE_CURVE('',#6055,#2560,#8609,.T.);
#8609 = LINE('',#8610,#8611);
#8610 = CARTESIAN_POINT('',(4.85,2.275,0.49));
#8611 = VECTOR('',#8612,1.);
#8612 = DIRECTION('',(1.,0.,-0.));
#8613 = ORIENTED_EDGE('',*,*,#2559,.F.);
#8614 = PLANE('',#8615);
#8615 = AXIS2_PLACEMENT_3D('',#8616,#8617,#8618);
#8616 = CARTESIAN_POINT('',(4.85,2.275,0.3));
#8617 = DIRECTION('',(-0.,1.,0.));
#8618 = DIRECTION('',(0.,0.,1.));
#8619 = ADVANCED_FACE('',(#8620),#8638,.F.);
#8620 = FACE_BOUND('',#8621,.F.);
#8621 = EDGE_LOOP('',(#8622,#8630,#8631,#8632));
#8622 = ORIENTED_EDGE('',*,*,#8623,.F.);
#8623 = EDGE_CURVE('',#6047,#8624,#8626,.T.);
#8624 = VERTEX_POINT('',#8625);
#8625 = CARTESIAN_POINT('',(5.15,2.275,0.86));
#8626 = LINE('',#8627,#8628);
#8627 = CARTESIAN_POINT('',(4.85,2.275,0.86));
#8628 = VECTOR('',#8629,1.);
#8629 = DIRECTION('',(1.,0.,-0.));
#8630 = ORIENTED_EDGE('',*,*,#6046,.T.);
#8631 = ORIENTED_EDGE('',*,*,#6108,.T.);
#8632 = ORIENTED_EDGE('',*,*,#8633,.F.);
#8633 = EDGE_CURVE('',#8624,#6101,#8634,.T.);
#8634 = LINE('',#8635,#8636);
#8635 = CARTESIAN_POINT('',(5.15,2.275,0.86));
#8636 = VECTOR('',#8637,1.);
#8637 = DIRECTION('',(0.,0.,1.));
#8638 = PLANE('',#8639);
#8639 = AXIS2_PLACEMENT_3D('',#8640,#8641,#8642);
#8640 = CARTESIAN_POINT('',(4.85,2.275,0.86));
#8641 = DIRECTION('',(-0.,1.,0.));
#8642 = DIRECTION('',(0.,0.,1.));
#8643 = ADVANCED_FACE('',(#8644),#8655,.F.);
#8644 = FACE_BOUND('',#8645,.F.);
#8645 = EDGE_LOOP('',(#8646,#8647,#8648,#8654));
#8646 = ORIENTED_EDGE('',*,*,#6100,.F.);
#8647 = ORIENTED_EDGE('',*,*,#1107,.T.);
#8648 = ORIENTED_EDGE('',*,*,#8649,.T.);
#8649 = EDGE_CURVE('',#1100,#8624,#8650,.T.);
#8650 = LINE('',#8651,#8652);
#8651 = CARTESIAN_POINT('',(5.15,-0.6,0.86));
#8652 = VECTOR('',#8653,1.);
#8653 = DIRECTION('',(-0.,1.,0.));
#8654 = ORIENTED_EDGE('',*,*,#8633,.T.);
#8655 = PLANE('',#8656);
#8656 = AXIS2_PLACEMENT_3D('',#8657,#8658,#8659);
#8657 = CARTESIAN_POINT('',(5.15,-0.6,0.86));
#8658 = DIRECTION('',(1.,0.,-0.));
#8659 = DIRECTION('',(0.,0.,1.));
#8660 = ADVANCED_FACE('',(#8661),#8672,.T.);
#8661 = FACE_BOUND('',#8662,.T.);
#8662 = EDGE_LOOP('',(#8663,#8664,#8665,#8671));
#8663 = ORIENTED_EDGE('',*,*,#6093,.F.);
#8664 = ORIENTED_EDGE('',*,*,#1089,.T.);
#8665 = ORIENTED_EDGE('',*,*,#8666,.T.);
#8666 = EDGE_CURVE('',#1092,#8517,#8667,.T.);
#8667 = LINE('',#8668,#8669);
#8668 = CARTESIAN_POINT('',(4.85,-0.6,0.86));
#8669 = VECTOR('',#8670,1.);
#8670 = DIRECTION('',(-0.,1.,0.));
#8671 = ORIENTED_EDGE('',*,*,#8524,.T.);
#8672 = PLANE('',#8673);
#8673 = AXIS2_PLACEMENT_3D('',#8674,#8675,#8676);
#8674 = CARTESIAN_POINT('',(4.85,-0.6,0.86));
#8675 = DIRECTION('',(1.,0.,-0.));
#8676 = DIRECTION('',(0.,0.,1.));
#8677 = ADVANCED_FACE('',(#8678),#8696,.F.);
#8678 = FACE_BOUND('',#8679,.F.);
#8679 = EDGE_LOOP('',(#8680,#8688,#8694,#8695));
#8680 = ORIENTED_EDGE('',*,*,#8681,.F.);
#8681 = EDGE_CURVE('',#8682,#6150,#8684,.T.);
#8682 = VERTEX_POINT('',#8683);
#8683 = CARTESIAN_POINT('',(5.85,2.275,0.86));
#8684 = LINE('',#8685,#8686);
#8685 = CARTESIAN_POINT('',(5.85,2.275,0.86));
#8686 = VECTOR('',#8687,1.);
#8687 = DIRECTION('',(1.,0.,-0.));
#8688 = ORIENTED_EDGE('',*,*,#8689,.T.);
#8689 = EDGE_CURVE('',#8682,#6253,#8690,.T.);
#8690 = LINE('',#8691,#8692);
#8691 = CARTESIAN_POINT('',(5.85,2.275,0.86));
#8692 = VECTOR('',#8693,1.);
#8693 = DIRECTION('',(0.,0.,1.));
#8694 = ORIENTED_EDGE('',*,*,#6252,.T.);
#8695 = ORIENTED_EDGE('',*,*,#6157,.F.);
#8696 = PLANE('',#8697);
#8697 = AXIS2_PLACEMENT_3D('',#8698,#8699,#8700);
#8698 = CARTESIAN_POINT('',(5.85,2.275,0.86));
#8699 = DIRECTION('',(-0.,1.,0.));
#8700 = DIRECTION('',(0.,0.,1.));
#8701 = ADVANCED_FACE('',(#8702),#8718,.T.);
#8702 = FACE_BOUND('',#8703,.T.);
#8703 = EDGE_LOOP('',(#8704,#8705,#8711,#8712));
#8704 = ORIENTED_EDGE('',*,*,#6221,.F.);
#8705 = ORIENTED_EDGE('',*,*,#8706,.F.);
#8706 = EDGE_CURVE('',#6142,#6222,#8707,.T.);
#8707 = LINE('',#8708,#8709);
#8708 = CARTESIAN_POINT('',(5.85,2.275,0.49));
#8709 = VECTOR('',#8710,1.);
#8710 = DIRECTION('',(1.,0.,-0.));
#8711 = ORIENTED_EDGE('',*,*,#6149,.T.);
#8712 = ORIENTED_EDGE('',*,*,#8713,.T.);
#8713 = EDGE_CURVE('',#6150,#6214,#8714,.T.);
#8714 = LINE('',#8715,#8716);
#8715 = CARTESIAN_POINT('',(5.85,2.275,0.86));
#8716 = VECTOR('',#8717,1.);
#8717 = DIRECTION('',(1.,0.,-0.));
#8718 = PLANE('',#8719);
#8719 = AXIS2_PLACEMENT_3D('',#8720,#8721,#8722);
#8720 = CARTESIAN_POINT('',(5.875,2.275,0.12));
#8721 = DIRECTION('',(-0.,1.,0.));
#8722 = DIRECTION('',(0.,0.,1.));
#8723 = ADVANCED_FACE('',(#8724),#8740,.F.);
#8724 = FACE_BOUND('',#8725,.F.);
#8725 = EDGE_LOOP('',(#8726,#8732,#8733,#8739));
#8726 = ORIENTED_EDGE('',*,*,#8727,.F.);
#8727 = EDGE_CURVE('',#2592,#6134,#8728,.T.);
#8728 = LINE('',#8729,#8730);
#8729 = CARTESIAN_POINT('',(5.85,2.275,0.3));
#8730 = VECTOR('',#8731,1.);
#8731 = DIRECTION('',(1.,0.,-0.));
#8732 = ORIENTED_EDGE('',*,*,#2622,.T.);
#8733 = ORIENTED_EDGE('',*,*,#8734,.T.);
#8734 = EDGE_CURVE('',#2615,#6142,#8735,.T.);
#8735 = LINE('',#8736,#8737);
#8736 = CARTESIAN_POINT('',(5.85,2.275,0.49));
#8737 = VECTOR('',#8738,1.);
#8738 = DIRECTION('',(1.,0.,-0.));
#8739 = ORIENTED_EDGE('',*,*,#6141,.F.);
#8740 = PLANE('',#8741);
#8741 = AXIS2_PLACEMENT_3D('',#8742,#8743,#8744);
#8742 = CARTESIAN_POINT('',(5.85,2.275,0.3));
#8743 = DIRECTION('',(-0.,1.,0.));
#8744 = DIRECTION('',(0.,0.,1.));
#8745 = ADVANCED_FACE('',(#8746),#8757,.T.);
#8746 = FACE_BOUND('',#8747,.T.);
#8747 = EDGE_LOOP('',(#8748,#8749,#8750,#8751));
#8748 = ORIENTED_EDGE('',*,*,#6237,.F.);
#8749 = ORIENTED_EDGE('',*,*,#6180,.F.);
#8750 = ORIENTED_EDGE('',*,*,#6133,.T.);
#8751 = ORIENTED_EDGE('',*,*,#8752,.T.);
#8752 = EDGE_CURVE('',#6134,#6230,#8753,.T.);
#8753 = LINE('',#8754,#8755);
#8754 = CARTESIAN_POINT('',(5.85,2.275,0.3));
#8755 = VECTOR('',#8756,1.);
#8756 = DIRECTION('',(1.,0.,-0.));
#8757 = PLANE('',#8758);
#8758 = AXIS2_PLACEMENT_3D('',#8759,#8760,#8761);
#8759 = CARTESIAN_POINT('',(5.875,2.275,0.12));
#8760 = DIRECTION('',(-0.,1.,0.));
#8761 = DIRECTION('',(0.,0.,1.));
#8762 = ADVANCED_FACE('',(#8763),#8779,.F.);
#8763 = FACE_BOUND('',#8764,.F.);
#8764 = EDGE_LOOP('',(#8765,#8771,#8772,#8778));
#8765 = ORIENTED_EDGE('',*,*,#8766,.F.);
#8766 = EDGE_CURVE('',#6230,#2668,#8767,.T.);
#8767 = LINE('',#8768,#8769);
#8768 = CARTESIAN_POINT('',(5.85,2.275,0.3));
#8769 = VECTOR('',#8770,1.);
#8770 = DIRECTION('',(1.,0.,-0.));
#8771 = ORIENTED_EDGE('',*,*,#6229,.T.);
#8772 = ORIENTED_EDGE('',*,*,#8773,.T.);
#8773 = EDGE_CURVE('',#6222,#2676,#8774,.T.);
#8774 = LINE('',#8775,#8776);
#8775 = CARTESIAN_POINT('',(5.85,2.275,0.49));
#8776 = VECTOR('',#8777,1.);
#8777 = DIRECTION('',(1.,0.,-0.));
#8778 = ORIENTED_EDGE('',*,*,#2675,.F.);
#8779 = PLANE('',#8780);
#8780 = AXIS2_PLACEMENT_3D('',#8781,#8782,#8783);
#8781 = CARTESIAN_POINT('',(5.85,2.275,0.3));
#8782 = DIRECTION('',(-0.,1.,0.));
#8783 = DIRECTION('',(0.,0.,1.));
#8784 = ADVANCED_FACE('',(#8785),#8803,.F.);
#8785 = FACE_BOUND('',#8786,.F.);
#8786 = EDGE_LOOP('',(#8787,#8795,#8796,#8797));
#8787 = ORIENTED_EDGE('',*,*,#8788,.F.);
#8788 = EDGE_CURVE('',#6214,#8789,#8791,.T.);
#8789 = VERTEX_POINT('',#8790);
#8790 = CARTESIAN_POINT('',(6.15,2.275,0.86));
#8791 = LINE('',#8792,#8793);
#8792 = CARTESIAN_POINT('',(5.85,2.275,0.86));
#8793 = VECTOR('',#8794,1.);
#8794 = DIRECTION('',(1.,0.,-0.));
#8795 = ORIENTED_EDGE('',*,*,#6213,.T.);
#8796 = ORIENTED_EDGE('',*,*,#6275,.T.);
#8797 = ORIENTED_EDGE('',*,*,#8798,.F.);
#8798 = EDGE_CURVE('',#8789,#6268,#8799,.T.);
#8799 = LINE('',#8800,#8801);
#8800 = CARTESIAN_POINT('',(6.15,2.275,0.86));
#8801 = VECTOR('',#8802,1.);
#8802 = DIRECTION('',(0.,0.,1.));
#8803 = PLANE('',#8804);
#8804 = AXIS2_PLACEMENT_3D('',#8805,#8806,#8807);
#8805 = CARTESIAN_POINT('',(5.85,2.275,0.86));
#8806 = DIRECTION('',(-0.,1.,0.));
#8807 = DIRECTION('',(0.,0.,1.));
#8808 = ADVANCED_FACE('',(#8809),#8820,.F.);
#8809 = FACE_BOUND('',#8810,.F.);
#8810 = EDGE_LOOP('',(#8811,#8812,#8813,#8819));
#8811 = ORIENTED_EDGE('',*,*,#6267,.F.);
#8812 = ORIENTED_EDGE('',*,*,#1141,.T.);
#8813 = ORIENTED_EDGE('',*,*,#8814,.T.);
#8814 = EDGE_CURVE('',#1134,#8789,#8815,.T.);
#8815 = LINE('',#8816,#8817);
#8816 = CARTESIAN_POINT('',(6.15,-0.6,0.86));
#8817 = VECTOR('',#8818,1.);
#8818 = DIRECTION('',(-0.,1.,0.));
#8819 = ORIENTED_EDGE('',*,*,#8798,.T.);
#8820 = PLANE('',#8821);
#8821 = AXIS2_PLACEMENT_3D('',#8822,#8823,#8824);
#8822 = CARTESIAN_POINT('',(6.15,-0.6,0.86));
#8823 = DIRECTION('',(1.,0.,-0.));
#8824 = DIRECTION('',(0.,0.,1.));
#8825 = ADVANCED_FACE('',(#8826),#8837,.T.);
#8826 = FACE_BOUND('',#8827,.T.);
#8827 = EDGE_LOOP('',(#8828,#8829,#8830,#8836));
#8828 = ORIENTED_EDGE('',*,*,#6260,.F.);
#8829 = ORIENTED_EDGE('',*,*,#1123,.T.);
#8830 = ORIENTED_EDGE('',*,*,#8831,.T.);
#8831 = EDGE_CURVE('',#1126,#8682,#8832,.T.);
#8832 = LINE('',#8833,#8834);
#8833 = CARTESIAN_POINT('',(5.85,-0.6,0.86));
#8834 = VECTOR('',#8835,1.);
#8835 = DIRECTION('',(-0.,1.,0.));
#8836 = ORIENTED_EDGE('',*,*,#8689,.T.);
#8837 = PLANE('',#8838);
#8838 = AXIS2_PLACEMENT_3D('',#8839,#8840,#8841);
#8839 = CARTESIAN_POINT('',(5.85,-0.6,0.86));
#8840 = DIRECTION('',(1.,0.,-0.));
#8841 = DIRECTION('',(0.,0.,1.));
#8842 = ADVANCED_FACE('',(#8843),#8861,.F.);
#8843 = FACE_BOUND('',#8844,.F.);
#8844 = EDGE_LOOP('',(#8845,#8853,#8859,#8860));
#8845 = ORIENTED_EDGE('',*,*,#8846,.F.);
#8846 = EDGE_CURVE('',#8847,#6317,#8849,.T.);
#8847 = VERTEX_POINT('',#8848);
#8848 = CARTESIAN_POINT('',(6.85,2.275,0.86));
#8849 = LINE('',#8850,#8851);
#8850 = CARTESIAN_POINT('',(6.85,2.275,0.86));
#8851 = VECTOR('',#8852,1.);
#8852 = DIRECTION('',(1.,0.,-0.));
#8853 = ORIENTED_EDGE('',*,*,#8854,.T.);
#8854 = EDGE_CURVE('',#8847,#6420,#8855,.T.);
#8855 = LINE('',#8856,#8857);
#8856 = CARTESIAN_POINT('',(6.85,2.275,0.86));
#8857 = VECTOR('',#8858,1.);
#8858 = DIRECTION('',(0.,0.,1.));
#8859 = ORIENTED_EDGE('',*,*,#6419,.T.);
#8860 = ORIENTED_EDGE('',*,*,#6324,.F.);
#8861 = PLANE('',#8862);
#8862 = AXIS2_PLACEMENT_3D('',#8863,#8864,#8865);
#8863 = CARTESIAN_POINT('',(6.85,2.275,0.86));
#8864 = DIRECTION('',(-0.,1.,0.));
#8865 = DIRECTION('',(0.,0.,1.));
#8866 = ADVANCED_FACE('',(#8867),#8883,.T.);
#8867 = FACE_BOUND('',#8868,.T.);
#8868 = EDGE_LOOP('',(#8869,#8870,#8876,#8877));
#8869 = ORIENTED_EDGE('',*,*,#6388,.F.);
#8870 = ORIENTED_EDGE('',*,*,#8871,.F.);
#8871 = EDGE_CURVE('',#6309,#6389,#8872,.T.);
#8872 = LINE('',#8873,#8874);
#8873 = CARTESIAN_POINT('',(6.85,2.275,0.49));
#8874 = VECTOR('',#8875,1.);
#8875 = DIRECTION('',(1.,0.,-0.));
#8876 = ORIENTED_EDGE('',*,*,#6316,.T.);
#8877 = ORIENTED_EDGE('',*,*,#8878,.T.);
#8878 = EDGE_CURVE('',#6317,#6381,#8879,.T.);
#8879 = LINE('',#8880,#8881);
#8880 = CARTESIAN_POINT('',(6.85,2.275,0.86));
#8881 = VECTOR('',#8882,1.);
#8882 = DIRECTION('',(1.,0.,-0.));
#8883 = PLANE('',#8884);
#8884 = AXIS2_PLACEMENT_3D('',#8885,#8886,#8887);
#8885 = CARTESIAN_POINT('',(6.875,2.275,0.12));
#8886 = DIRECTION('',(-0.,1.,0.));
#8887 = DIRECTION('',(0.,0.,1.));
#8888 = ADVANCED_FACE('',(#8889),#8905,.F.);
#8889 = FACE_BOUND('',#8890,.F.);
#8890 = EDGE_LOOP('',(#8891,#8897,#8898,#8904));
#8891 = ORIENTED_EDGE('',*,*,#8892,.F.);
#8892 = EDGE_CURVE('',#2708,#6301,#8893,.T.);
#8893 = LINE('',#8894,#8895);
#8894 = CARTESIAN_POINT('',(6.85,2.275,0.3));
#8895 = VECTOR('',#8896,1.);
#8896 = DIRECTION('',(1.,0.,-0.));
#8897 = ORIENTED_EDGE('',*,*,#2738,.T.);
#8898 = ORIENTED_EDGE('',*,*,#8899,.T.);
#8899 = EDGE_CURVE('',#2731,#6309,#8900,.T.);
#8900 = LINE('',#8901,#8902);
#8901 = CARTESIAN_POINT('',(6.85,2.275,0.49));
#8902 = VECTOR('',#8903,1.);
#8903 = DIRECTION('',(1.,0.,-0.));
#8904 = ORIENTED_EDGE('',*,*,#6308,.F.);
#8905 = PLANE('',#8906);
#8906 = AXIS2_PLACEMENT_3D('',#8907,#8908,#8909);
#8907 = CARTESIAN_POINT('',(6.85,2.275,0.3));
#8908 = DIRECTION('',(-0.,1.,0.));
#8909 = DIRECTION('',(0.,0.,1.));
#8910 = ADVANCED_FACE('',(#8911),#8922,.T.);
#8911 = FACE_BOUND('',#8912,.T.);
#8912 = EDGE_LOOP('',(#8913,#8914,#8915,#8916));
#8913 = ORIENTED_EDGE('',*,*,#6404,.F.);
#8914 = ORIENTED_EDGE('',*,*,#6347,.F.);
#8915 = ORIENTED_EDGE('',*,*,#6300,.T.);
#8916 = ORIENTED_EDGE('',*,*,#8917,.T.);
#8917 = EDGE_CURVE('',#6301,#6397,#8918,.T.);
#8918 = LINE('',#8919,#8920);
#8919 = CARTESIAN_POINT('',(6.85,2.275,0.3));
#8920 = VECTOR('',#8921,1.);
#8921 = DIRECTION('',(1.,0.,-0.));
#8922 = PLANE('',#8923);
#8923 = AXIS2_PLACEMENT_3D('',#8924,#8925,#8926);
#8924 = CARTESIAN_POINT('',(6.875,2.275,0.12));
#8925 = DIRECTION('',(-0.,1.,0.));
#8926 = DIRECTION('',(0.,0.,1.));
#8927 = ADVANCED_FACE('',(#8928),#8944,.F.);
#8928 = FACE_BOUND('',#8929,.F.);
#8929 = EDGE_LOOP('',(#8930,#8936,#8937,#8943));
#8930 = ORIENTED_EDGE('',*,*,#8931,.F.);
#8931 = EDGE_CURVE('',#6397,#2784,#8932,.T.);
#8932 = LINE('',#8933,#8934);
#8933 = CARTESIAN_POINT('',(6.85,2.275,0.3));
#8934 = VECTOR('',#8935,1.);
#8935 = DIRECTION('',(1.,0.,-0.));
#8936 = ORIENTED_EDGE('',*,*,#6396,.T.);
#8937 = ORIENTED_EDGE('',*,*,#8938,.T.);
#8938 = EDGE_CURVE('',#6389,#2792,#8939,.T.);
#8939 = LINE('',#8940,#8941);
#8940 = CARTESIAN_POINT('',(6.85,2.275,0.49));
#8941 = VECTOR('',#8942,1.);
#8942 = DIRECTION('',(1.,0.,-0.));
#8943 = ORIENTED_EDGE('',*,*,#2791,.F.);
#8944 = PLANE('',#8945);
#8945 = AXIS2_PLACEMENT_3D('',#8946,#8947,#8948);
#8946 = CARTESIAN_POINT('',(6.85,2.275,0.3));
#8947 = DIRECTION('',(-0.,1.,0.));
#8948 = DIRECTION('',(0.,0.,1.));
#8949 = ADVANCED_FACE('',(#8950),#8968,.F.);
#8950 = FACE_BOUND('',#8951,.F.);
#8951 = EDGE_LOOP('',(#8952,#8960,#8961,#8962));
#8952 = ORIENTED_EDGE('',*,*,#8953,.F.);
#8953 = EDGE_CURVE('',#6381,#8954,#8956,.T.);
#8954 = VERTEX_POINT('',#8955);
#8955 = CARTESIAN_POINT('',(7.15,2.275,0.86));
#8956 = LINE('',#8957,#8958);
#8957 = CARTESIAN_POINT('',(6.85,2.275,0.86));
#8958 = VECTOR('',#8959,1.);
#8959 = DIRECTION('',(1.,0.,-0.));
#8960 = ORIENTED_EDGE('',*,*,#6380,.T.);
#8961 = ORIENTED_EDGE('',*,*,#6442,.T.);
#8962 = ORIENTED_EDGE('',*,*,#8963,.F.);
#8963 = EDGE_CURVE('',#8954,#6435,#8964,.T.);
#8964 = LINE('',#8965,#8966);
#8965 = CARTESIAN_POINT('',(7.15,2.275,0.86));
#8966 = VECTOR('',#8967,1.);
#8967 = DIRECTION('',(0.,0.,1.));
#8968 = PLANE('',#8969);
#8969 = AXIS2_PLACEMENT_3D('',#8970,#8971,#8972);
#8970 = CARTESIAN_POINT('',(6.85,2.275,0.86));
#8971 = DIRECTION('',(-0.,1.,0.));
#8972 = DIRECTION('',(0.,0.,1.));
#8973 = ADVANCED_FACE('',(#8974),#8985,.F.);
#8974 = FACE_BOUND('',#8975,.F.);
#8975 = EDGE_LOOP('',(#8976,#8977,#8978,#8984));
#8976 = ORIENTED_EDGE('',*,*,#6434,.F.);
#8977 = ORIENTED_EDGE('',*,*,#1175,.T.);
#8978 = ORIENTED_EDGE('',*,*,#8979,.T.);
#8979 = EDGE_CURVE('',#1168,#8954,#8980,.T.);
#8980 = LINE('',#8981,#8982);
#8981 = CARTESIAN_POINT('',(7.15,-0.6,0.86));
#8982 = VECTOR('',#8983,1.);
#8983 = DIRECTION('',(-0.,1.,0.));
#8984 = ORIENTED_EDGE('',*,*,#8963,.T.);
#8985 = PLANE('',#8986);
#8986 = AXIS2_PLACEMENT_3D('',#8987,#8988,#8989);
#8987 = CARTESIAN_POINT('',(7.15,-0.6,0.86));
#8988 = DIRECTION('',(1.,0.,-0.));
#8989 = DIRECTION('',(0.,0.,1.));
#8990 = ADVANCED_FACE('',(#8991),#9002,.T.);
#8991 = FACE_BOUND('',#8992,.T.);
#8992 = EDGE_LOOP('',(#8993,#8994,#8995,#9001));
#8993 = ORIENTED_EDGE('',*,*,#6427,.F.);
#8994 = ORIENTED_EDGE('',*,*,#1157,.T.);
#8995 = ORIENTED_EDGE('',*,*,#8996,.T.);
#8996 = EDGE_CURVE('',#1160,#8847,#8997,.T.);
#8997 = LINE('',#8998,#8999);
#8998 = CARTESIAN_POINT('',(6.85,-0.6,0.86));
#8999 = VECTOR('',#9000,1.);
#9000 = DIRECTION('',(-0.,1.,0.));
#9001 = ORIENTED_EDGE('',*,*,#8854,.T.);
#9002 = PLANE('',#9003);
#9003 = AXIS2_PLACEMENT_3D('',#9004,#9005,#9006);
#9004 = CARTESIAN_POINT('',(6.85,-0.6,0.86));
#9005 = DIRECTION('',(1.,0.,-0.));
#9006 = DIRECTION('',(0.,0.,1.));
#9007 = ADVANCED_FACE('',(#9008),#9016,.T.);
#9008 = FACE_BOUND('',#9009,.T.);
#9009 = EDGE_LOOP('',(#9010,#9011,#9012,#9013,#9014,#9015));
#9010 = ORIENTED_EDGE('',*,*,#51,.F.);
#9011 = ORIENTED_EDGE('',*,*,#107,.T.);
#9012 = ORIENTED_EDGE('',*,*,#138,.T.);
#9013 = ORIENTED_EDGE('',*,*,#6621,.F.);
#9014 = ORIENTED_EDGE('',*,*,#6607,.F.);
#9015 = ORIENTED_EDGE('',*,*,#6582,.F.);
#9016 = PLANE('',#9017);
#9017 = AXIS2_PLACEMENT_3D('',#9018,#9019,#9020);
#9018 = CARTESIAN_POINT('',(-7.15,-0.925,0.3));
#9019 = DIRECTION('',(0.,0.,1.));
#9020 = DIRECTION('',(1.,0.,-0.));
#9021 = ADVANCED_FACE('',(#9022),#9030,.F.);
#9022 = FACE_BOUND('',#9023,.F.);
#9023 = EDGE_LOOP('',(#9024,#9025,#9026,#9027,#9028,#9029));
#9024 = ORIENTED_EDGE('',*,*,#85,.F.);
#9025 = ORIENTED_EDGE('',*,*,#672,.T.);
#9026 = ORIENTED_EDGE('',*,*,#154,.T.);
#9027 = ORIENTED_EDGE('',*,*,#6628,.F.);
#9028 = ORIENTED_EDGE('',*,*,#6561,.F.);
#9029 = ORIENTED_EDGE('',*,*,#6589,.F.);
#9030 = PLANE('',#9031);
#9031 = AXIS2_PLACEMENT_3D('',#9032,#9033,#9034);
#9032 = CARTESIAN_POINT('',(-7.15,-0.925,0.49));
#9033 = DIRECTION('',(0.,0.,1.));
#9034 = DIRECTION('',(1.,0.,-0.));
#9035 = ADVANCED_FACE('',(#9036),#9044,.T.);
#9036 = FACE_BOUND('',#9037,.T.);
#9037 = EDGE_LOOP('',(#9038,#9039,#9040,#9041,#9042,#9043));
#9038 = ORIENTED_EDGE('',*,*,#1197,.F.);
#9039 = ORIENTED_EDGE('',*,*,#1244,.T.);
#9040 = ORIENTED_EDGE('',*,*,#1275,.T.);
#9041 = ORIENTED_EDGE('',*,*,#6786,.F.);
#9042 = ORIENTED_EDGE('',*,*,#6772,.F.);
#9043 = ORIENTED_EDGE('',*,*,#6747,.F.);
#9044 = PLANE('',#9045);
#9045 = AXIS2_PLACEMENT_3D('',#9046,#9047,#9048);
#9046 = CARTESIAN_POINT('',(-6.15,-0.925,0.3));
#9047 = DIRECTION('',(0.,0.,1.));
#9048 = DIRECTION('',(1.,0.,-0.));
#9049 = ADVANCED_FACE('',(#9050),#9058,.F.);
#9050 = FACE_BOUND('',#9051,.F.);
#9051 = EDGE_LOOP('',(#9052,#9053,#9054,#9055,#9056,#9057));
#9052 = ORIENTED_EDGE('',*,*,#1222,.F.);
#9053 = ORIENTED_EDGE('',*,*,#649,.T.);
#9054 = ORIENTED_EDGE('',*,*,#1291,.T.);
#9055 = ORIENTED_EDGE('',*,*,#6793,.F.);
#9056 = ORIENTED_EDGE('',*,*,#6726,.F.);
#9057 = ORIENTED_EDGE('',*,*,#6754,.F.);
#9058 = PLANE('',#9059);
#9059 = AXIS2_PLACEMENT_3D('',#9060,#9061,#9062);
#9060 = CARTESIAN_POINT('',(-6.15,-0.925,0.49));
#9061 = DIRECTION('',(0.,0.,1.));
#9062 = DIRECTION('',(1.,0.,-0.));
#9063 = ADVANCED_FACE('',(#9064),#9072,.T.);
#9064 = FACE_BOUND('',#9065,.T.);
#9065 = EDGE_LOOP('',(#9066,#9067,#9068,#9069,#9070,#9071));
#9066 = ORIENTED_EDGE('',*,*,#1313,.F.);
#9067 = ORIENTED_EDGE('',*,*,#1360,.T.);
#9068 = ORIENTED_EDGE('',*,*,#1391,.T.);
#9069 = ORIENTED_EDGE('',*,*,#6951,.F.);
#9070 = ORIENTED_EDGE('',*,*,#6937,.F.);
#9071 = ORIENTED_EDGE('',*,*,#6912,.F.);
#9072 = PLANE('',#9073);
#9073 = AXIS2_PLACEMENT_3D('',#9074,#9075,#9076);
#9074 = CARTESIAN_POINT('',(-5.15,-0.925,0.3));
#9075 = DIRECTION('',(0.,0.,1.));
#9076 = DIRECTION('',(1.,0.,-0.));
#9077 = ADVANCED_FACE('',(#9078),#9086,.F.);
#9078 = FACE_BOUND('',#9079,.F.);
#9079 = EDGE_LOOP('',(#9080,#9081,#9082,#9083,#9084,#9085));
#9080 = ORIENTED_EDGE('',*,*,#1338,.F.);
#9081 = ORIENTED_EDGE('',*,*,#617,.T.);
#9082 = ORIENTED_EDGE('',*,*,#1407,.T.);
#9083 = ORIENTED_EDGE('',*,*,#6958,.F.);
#9084 = ORIENTED_EDGE('',*,*,#6891,.F.);
#9085 = ORIENTED_EDGE('',*,*,#6919,.F.);
#9086 = PLANE('',#9087);
#9087 = AXIS2_PLACEMENT_3D('',#9088,#9089,#9090);
#9088 = CARTESIAN_POINT('',(-5.15,-0.925,0.49));
#9089 = DIRECTION('',(0.,0.,1.));
#9090 = DIRECTION('',(1.,0.,-0.));
#9091 = ADVANCED_FACE('',(#9092),#9100,.T.);
#9092 = FACE_BOUND('',#9093,.T.);
#9093 = EDGE_LOOP('',(#9094,#9095,#9096,#9097,#9098,#9099));
#9094 = ORIENTED_EDGE('',*,*,#1429,.F.);
#9095 = ORIENTED_EDGE('',*,*,#1476,.T.);
#9096 = ORIENTED_EDGE('',*,*,#1507,.T.);
#9097 = ORIENTED_EDGE('',*,*,#7116,.F.);
#9098 = ORIENTED_EDGE('',*,*,#7102,.F.);
#9099 = ORIENTED_EDGE('',*,*,#7077,.F.);
#9100 = PLANE('',#9101);
#9101 = AXIS2_PLACEMENT_3D('',#9102,#9103,#9104);
#9102 = CARTESIAN_POINT('',(-4.15,-0.925,0.3));
#9103 = DIRECTION('',(0.,0.,1.));
#9104 = DIRECTION('',(1.,0.,-0.));
#9105 = ADVANCED_FACE('',(#9106),#9114,.F.);
#9106 = FACE_BOUND('',#9107,.F.);
#9107 = EDGE_LOOP('',(#9108,#9109,#9110,#9111,#9112,#9113));
#9108 = ORIENTED_EDGE('',*,*,#1454,.F.);
#9109 = ORIENTED_EDGE('',*,*,#585,.T.);
#9110 = ORIENTED_EDGE('',*,*,#1523,.T.);
#9111 = ORIENTED_EDGE('',*,*,#7123,.F.);
#9112 = ORIENTED_EDGE('',*,*,#7056,.F.);
#9113 = ORIENTED_EDGE('',*,*,#7084,.F.);
#9114 = PLANE('',#9115);
#9115 = AXIS2_PLACEMENT_3D('',#9116,#9117,#9118);
#9116 = CARTESIAN_POINT('',(-4.15,-0.925,0.49));
#9117 = DIRECTION('',(0.,0.,1.));
#9118 = DIRECTION('',(1.,0.,-0.));
#9119 = ADVANCED_FACE('',(#9120),#9128,.T.);
#9120 = FACE_BOUND('',#9121,.T.);
#9121 = EDGE_LOOP('',(#9122,#9123,#9124,#9125,#9126,#9127));
#9122 = ORIENTED_EDGE('',*,*,#1545,.F.);
#9123 = ORIENTED_EDGE('',*,*,#1592,.T.);
#9124 = ORIENTED_EDGE('',*,*,#1623,.T.);
#9125 = ORIENTED_EDGE('',*,*,#7281,.F.);
#9126 = ORIENTED_EDGE('',*,*,#7267,.F.);
#9127 = ORIENTED_EDGE('',*,*,#7242,.F.);
#9128 = PLANE('',#9129);
#9129 = AXIS2_PLACEMENT_3D('',#9130,#9131,#9132);
#9130 = CARTESIAN_POINT('',(-3.15,-0.925,0.3));
#9131 = DIRECTION('',(0.,0.,1.));
#9132 = DIRECTION('',(1.,0.,-0.));
#9133 = ADVANCED_FACE('',(#9134),#9142,.F.);
#9134 = FACE_BOUND('',#9135,.F.);
#9135 = EDGE_LOOP('',(#9136,#9137,#9138,#9139,#9140,#9141));
#9136 = ORIENTED_EDGE('',*,*,#1570,.F.);
#9137 = ORIENTED_EDGE('',*,*,#553,.T.);
#9138 = ORIENTED_EDGE('',*,*,#1639,.T.);
#9139 = ORIENTED_EDGE('',*,*,#7288,.F.);
#9140 = ORIENTED_EDGE('',*,*,#7221,.F.);
#9141 = ORIENTED_EDGE('',*,*,#7249,.F.);
#9142 = PLANE('',#9143);
#9143 = AXIS2_PLACEMENT_3D('',#9144,#9145,#9146);
#9144 = CARTESIAN_POINT('',(-3.15,-0.925,0.49));
#9145 = DIRECTION('',(0.,0.,1.));
#9146 = DIRECTION('',(1.,0.,-0.));
#9147 = ADVANCED_FACE('',(#9148),#9156,.T.);
#9148 = FACE_BOUND('',#9149,.T.);
#9149 = EDGE_LOOP('',(#9150,#9151,#9152,#9153,#9154,#9155));
#9150 = ORIENTED_EDGE('',*,*,#1661,.F.);
#9151 = ORIENTED_EDGE('',*,*,#1708,.T.);
#9152 = ORIENTED_EDGE('',*,*,#1739,.T.);
#9153 = ORIENTED_EDGE('',*,*,#7446,.F.);
#9154 = ORIENTED_EDGE('',*,*,#7432,.F.);
#9155 = ORIENTED_EDGE('',*,*,#7407,.F.);
#9156 = PLANE('',#9157);
#9157 = AXIS2_PLACEMENT_3D('',#9158,#9159,#9160);
#9158 = CARTESIAN_POINT('',(-2.15,-0.925,0.3));
#9159 = DIRECTION('',(0.,0.,1.));
#9160 = DIRECTION('',(1.,0.,-0.));
#9161 = ADVANCED_FACE('',(#9162),#9170,.F.);
#9162 = FACE_BOUND('',#9163,.F.);
#9163 = EDGE_LOOP('',(#9164,#9165,#9166,#9167,#9168,#9169));
#9164 = ORIENTED_EDGE('',*,*,#1686,.F.);
#9165 = ORIENTED_EDGE('',*,*,#521,.T.);
#9166 = ORIENTED_EDGE('',*,*,#1755,.T.);
#9167 = ORIENTED_EDGE('',*,*,#7453,.F.);
#9168 = ORIENTED_EDGE('',*,*,#7386,.F.);
#9169 = ORIENTED_EDGE('',*,*,#7414,.F.);
#9170 = PLANE('',#9171);
#9171 = AXIS2_PLACEMENT_3D('',#9172,#9173,#9174);
#9172 = CARTESIAN_POINT('',(-2.15,-0.925,0.49));
#9173 = DIRECTION('',(0.,0.,1.));
#9174 = DIRECTION('',(1.,0.,-0.));
#9175 = ADVANCED_FACE('',(#9176),#9184,.T.);
#9176 = FACE_BOUND('',#9177,.T.);
#9177 = EDGE_LOOP('',(#9178,#9179,#9180,#9181,#9182,#9183));
#9178 = ORIENTED_EDGE('',*,*,#1777,.F.);
#9179 = ORIENTED_EDGE('',*,*,#1824,.T.);
#9180 = ORIENTED_EDGE('',*,*,#1855,.T.);
#9181 = ORIENTED_EDGE('',*,*,#7611,.F.);
#9182 = ORIENTED_EDGE('',*,*,#7597,.F.);
#9183 = ORIENTED_EDGE('',*,*,#7572,.F.);
#9184 = PLANE('',#9185);
#9185 = AXIS2_PLACEMENT_3D('',#9186,#9187,#9188);
#9186 = CARTESIAN_POINT('',(-1.15,-0.925,0.3));
#9187 = DIRECTION('',(0.,0.,1.));
#9188 = DIRECTION('',(1.,0.,-0.));
#9189 = ADVANCED_FACE('',(#9190),#9198,.F.);
#9190 = FACE_BOUND('',#9191,.F.);
#9191 = EDGE_LOOP('',(#9192,#9193,#9194,#9195,#9196,#9197));
#9192 = ORIENTED_EDGE('',*,*,#1802,.F.);
#9193 = ORIENTED_EDGE('',*,*,#489,.T.);
#9194 = ORIENTED_EDGE('',*,*,#1871,.T.);
#9195 = ORIENTED_EDGE('',*,*,#7618,.F.);
#9196 = ORIENTED_EDGE('',*,*,#7551,.F.);
#9197 = ORIENTED_EDGE('',*,*,#7579,.F.);
#9198 = PLANE('',#9199);
#9199 = AXIS2_PLACEMENT_3D('',#9200,#9201,#9202);
#9200 = CARTESIAN_POINT('',(-1.15,-0.925,0.49));
#9201 = DIRECTION('',(0.,0.,1.));
#9202 = DIRECTION('',(1.,0.,-0.));
#9203 = ADVANCED_FACE('',(#9204),#9212,.T.);
#9204 = FACE_BOUND('',#9205,.T.);
#9205 = EDGE_LOOP('',(#9206,#9207,#9208,#9209,#9210,#9211));
#9206 = ORIENTED_EDGE('',*,*,#1893,.F.);
#9207 = ORIENTED_EDGE('',*,*,#1940,.T.);
#9208 = ORIENTED_EDGE('',*,*,#1971,.T.);
#9209 = ORIENTED_EDGE('',*,*,#7776,.F.);
#9210 = ORIENTED_EDGE('',*,*,#7762,.F.);
#9211 = ORIENTED_EDGE('',*,*,#7737,.F.);
#9212 = PLANE('',#9213);
#9213 = AXIS2_PLACEMENT_3D('',#9214,#9215,#9216);
#9214 = CARTESIAN_POINT('',(-0.15,-0.925,0.3));
#9215 = DIRECTION('',(0.,0.,1.));
#9216 = DIRECTION('',(1.,0.,-0.));
#9217 = ADVANCED_FACE('',(#9218),#9226,.F.);
#9218 = FACE_BOUND('',#9219,.F.);
#9219 = EDGE_LOOP('',(#9220,#9221,#9222,#9223,#9224,#9225));
#9220 = ORIENTED_EDGE('',*,*,#1918,.F.);
#9221 = ORIENTED_EDGE('',*,*,#457,.T.);
#9222 = ORIENTED_EDGE('',*,*,#1987,.T.);
#9223 = ORIENTED_EDGE('',*,*,#7783,.F.);
#9224 = ORIENTED_EDGE('',*,*,#7716,.F.);
#9225 = ORIENTED_EDGE('',*,*,#7744,.F.);
#9226 = PLANE('',#9227);
#9227 = AXIS2_PLACEMENT_3D('',#9228,#9229,#9230);
#9228 = CARTESIAN_POINT('',(-0.15,-0.925,0.49));
#9229 = DIRECTION('',(0.,0.,1.));
#9230 = DIRECTION('',(1.,0.,-0.));
#9231 = ADVANCED_FACE('',(#9232),#9240,.T.);
#9232 = FACE_BOUND('',#9233,.T.);
#9233 = EDGE_LOOP('',(#9234,#9235,#9236,#9237,#9238,#9239));
#9234 = ORIENTED_EDGE('',*,*,#2009,.F.);
#9235 = ORIENTED_EDGE('',*,*,#2056,.T.);
#9236 = ORIENTED_EDGE('',*,*,#2087,.T.);
#9237 = ORIENTED_EDGE('',*,*,#7941,.F.);
#9238 = ORIENTED_EDGE('',*,*,#7927,.F.);
#9239 = ORIENTED_EDGE('',*,*,#7902,.F.);
#9240 = PLANE('',#9241);
#9241 = AXIS2_PLACEMENT_3D('',#9242,#9243,#9244);
#9242 = CARTESIAN_POINT('',(0.85,-0.925,0.3));
#9243 = DIRECTION('',(0.,0.,1.));
#9244 = DIRECTION('',(1.,0.,-0.));
#9245 = ADVANCED_FACE('',(#9246),#9254,.F.);
#9246 = FACE_BOUND('',#9247,.F.);
#9247 = EDGE_LOOP('',(#9248,#9249,#9250,#9251,#9252,#9253));
#9248 = ORIENTED_EDGE('',*,*,#2034,.F.);
#9249 = ORIENTED_EDGE('',*,*,#425,.T.);
#9250 = ORIENTED_EDGE('',*,*,#2103,.T.);
#9251 = ORIENTED_EDGE('',*,*,#7948,.F.);
#9252 = ORIENTED_EDGE('',*,*,#7881,.F.);
#9253 = ORIENTED_EDGE('',*,*,#7909,.F.);
#9254 = PLANE('',#9255);
#9255 = AXIS2_PLACEMENT_3D('',#9256,#9257,#9258);
#9256 = CARTESIAN_POINT('',(0.85,-0.925,0.49));
#9257 = DIRECTION('',(0.,0.,1.));
#9258 = DIRECTION('',(1.,0.,-0.));
#9259 = ADVANCED_FACE('',(#9260),#9268,.T.);
#9260 = FACE_BOUND('',#9261,.T.);
#9261 = EDGE_LOOP('',(#9262,#9263,#9264,#9265,#9266,#9267));
#9262 = ORIENTED_EDGE('',*,*,#2125,.F.);
#9263 = ORIENTED_EDGE('',*,*,#2172,.T.);
#9264 = ORIENTED_EDGE('',*,*,#2203,.T.);
#9265 = ORIENTED_EDGE('',*,*,#8106,.F.);
#9266 = ORIENTED_EDGE('',*,*,#8092,.F.);
#9267 = ORIENTED_EDGE('',*,*,#8067,.F.);
#9268 = PLANE('',#9269);
#9269 = AXIS2_PLACEMENT_3D('',#9270,#9271,#9272);
#9270 = CARTESIAN_POINT('',(1.85,-0.925,0.3));
#9271 = DIRECTION('',(0.,0.,1.));
#9272 = DIRECTION('',(1.,0.,-0.));
#9273 = ADVANCED_FACE('',(#9274),#9282,.F.);
#9274 = FACE_BOUND('',#9275,.F.);
#9275 = EDGE_LOOP('',(#9276,#9277,#9278,#9279,#9280,#9281));
#9276 = ORIENTED_EDGE('',*,*,#2150,.F.);
#9277 = ORIENTED_EDGE('',*,*,#393,.T.);
#9278 = ORIENTED_EDGE('',*,*,#2219,.T.);
#9279 = ORIENTED_EDGE('',*,*,#8113,.F.);
#9280 = ORIENTED_EDGE('',*,*,#8046,.F.);
#9281 = ORIENTED_EDGE('',*,*,#8074,.F.);
#9282 = PLANE('',#9283);
#9283 = AXIS2_PLACEMENT_3D('',#9284,#9285,#9286);
#9284 = CARTESIAN_POINT('',(1.85,-0.925,0.49));
#9285 = DIRECTION('',(0.,0.,1.));
#9286 = DIRECTION('',(1.,0.,-0.));
#9287 = ADVANCED_FACE('',(#9288),#9296,.T.);
#9288 = FACE_BOUND('',#9289,.T.);
#9289 = EDGE_LOOP('',(#9290,#9291,#9292,#9293,#9294,#9295));
#9290 = ORIENTED_EDGE('',*,*,#2241,.F.);
#9291 = ORIENTED_EDGE('',*,*,#2288,.T.);
#9292 = ORIENTED_EDGE('',*,*,#2319,.T.);
#9293 = ORIENTED_EDGE('',*,*,#8271,.F.);
#9294 = ORIENTED_EDGE('',*,*,#8257,.F.);
#9295 = ORIENTED_EDGE('',*,*,#8232,.F.);
#9296 = PLANE('',#9297);
#9297 = AXIS2_PLACEMENT_3D('',#9298,#9299,#9300);
#9298 = CARTESIAN_POINT('',(2.85,-0.925,0.3));
#9299 = DIRECTION('',(0.,0.,1.));
#9300 = DIRECTION('',(1.,0.,-0.));
#9301 = ADVANCED_FACE('',(#9302),#9310,.F.);
#9302 = FACE_BOUND('',#9303,.F.);
#9303 = EDGE_LOOP('',(#9304,#9305,#9306,#9307,#9308,#9309));
#9304 = ORIENTED_EDGE('',*,*,#2266,.F.);
#9305 = ORIENTED_EDGE('',*,*,#361,.T.);
#9306 = ORIENTED_EDGE('',*,*,#2335,.T.);
#9307 = ORIENTED_EDGE('',*,*,#8278,.F.);
#9308 = ORIENTED_EDGE('',*,*,#8211,.F.);
#9309 = ORIENTED_EDGE('',*,*,#8239,.F.);
#9310 = PLANE('',#9311);
#9311 = AXIS2_PLACEMENT_3D('',#9312,#9313,#9314);
#9312 = CARTESIAN_POINT('',(2.85,-0.925,0.49));
#9313 = DIRECTION('',(0.,0.,1.));
#9314 = DIRECTION('',(1.,0.,-0.));
#9315 = ADVANCED_FACE('',(#9316),#9324,.T.);
#9316 = FACE_BOUND('',#9317,.T.);
#9317 = EDGE_LOOP('',(#9318,#9319,#9320,#9321,#9322,#9323));
#9318 = ORIENTED_EDGE('',*,*,#2357,.F.);
#9319 = ORIENTED_EDGE('',*,*,#2404,.T.);
#9320 = ORIENTED_EDGE('',*,*,#2435,.T.);
#9321 = ORIENTED_EDGE('',*,*,#8436,.F.);
#9322 = ORIENTED_EDGE('',*,*,#8422,.F.);
#9323 = ORIENTED_EDGE('',*,*,#8397,.F.);
#9324 = PLANE('',#9325);
#9325 = AXIS2_PLACEMENT_3D('',#9326,#9327,#9328);
#9326 = CARTESIAN_POINT('',(3.85,-0.925,0.3));
#9327 = DIRECTION('',(0.,0.,1.));
#9328 = DIRECTION('',(1.,0.,-0.));
#9329 = ADVANCED_FACE('',(#9330),#9338,.F.);
#9330 = FACE_BOUND('',#9331,.F.);
#9331 = EDGE_LOOP('',(#9332,#9333,#9334,#9335,#9336,#9337));
#9332 = ORIENTED_EDGE('',*,*,#2382,.F.);
#9333 = ORIENTED_EDGE('',*,*,#329,.T.);
#9334 = ORIENTED_EDGE('',*,*,#2451,.T.);
#9335 = ORIENTED_EDGE('',*,*,#8443,.F.);
#9336 = ORIENTED_EDGE('',*,*,#8376,.F.);
#9337 = ORIENTED_EDGE('',*,*,#8404,.F.);
#9338 = PLANE('',#9339);
#9339 = AXIS2_PLACEMENT_3D('',#9340,#9341,#9342);
#9340 = CARTESIAN_POINT('',(3.85,-0.925,0.49));
#9341 = DIRECTION('',(0.,0.,1.));
#9342 = DIRECTION('',(1.,0.,-0.));
#9343 = ADVANCED_FACE('',(#9344),#9352,.T.);
#9344 = FACE_BOUND('',#9345,.T.);
#9345 = EDGE_LOOP('',(#9346,#9347,#9348,#9349,#9350,#9351));
#9346 = ORIENTED_EDGE('',*,*,#2473,.F.);
#9347 = ORIENTED_EDGE('',*,*,#2520,.T.);
#9348 = ORIENTED_EDGE('',*,*,#2551,.T.);
#9349 = ORIENTED_EDGE('',*,*,#8601,.F.);
#9350 = ORIENTED_EDGE('',*,*,#8587,.F.);
#9351 = ORIENTED_EDGE('',*,*,#8562,.F.);
#9352 = PLANE('',#9353);
#9353 = AXIS2_PLACEMENT_3D('',#9354,#9355,#9356);
#9354 = CARTESIAN_POINT('',(4.85,-0.925,0.3));
#9355 = DIRECTION('',(0.,0.,1.));
#9356 = DIRECTION('',(1.,0.,-0.));
#9357 = ADVANCED_FACE('',(#9358),#9366,.F.);
#9358 = FACE_BOUND('',#9359,.F.);
#9359 = EDGE_LOOP('',(#9360,#9361,#9362,#9363,#9364,#9365));
#9360 = ORIENTED_EDGE('',*,*,#2498,.F.);
#9361 = ORIENTED_EDGE('',*,*,#297,.T.);
#9362 = ORIENTED_EDGE('',*,*,#2567,.T.);
#9363 = ORIENTED_EDGE('',*,*,#8608,.F.);
#9364 = ORIENTED_EDGE('',*,*,#8541,.F.);
#9365 = ORIENTED_EDGE('',*,*,#8569,.F.);
#9366 = PLANE('',#9367);
#9367 = AXIS2_PLACEMENT_3D('',#9368,#9369,#9370);
#9368 = CARTESIAN_POINT('',(4.85,-0.925,0.49));
#9369 = DIRECTION('',(0.,0.,1.));
#9370 = DIRECTION('',(1.,0.,-0.));
#9371 = ADVANCED_FACE('',(#9372),#9380,.T.);
#9372 = FACE_BOUND('',#9373,.T.);
#9373 = EDGE_LOOP('',(#9374,#9375,#9376,#9377,#9378,#9379));
#9374 = ORIENTED_EDGE('',*,*,#2589,.F.);
#9375 = ORIENTED_EDGE('',*,*,#2636,.T.);
#9376 = ORIENTED_EDGE('',*,*,#2667,.T.);
#9377 = ORIENTED_EDGE('',*,*,#8766,.F.);
#9378 = ORIENTED_EDGE('',*,*,#8752,.F.);
#9379 = ORIENTED_EDGE('',*,*,#8727,.F.);
#9380 = PLANE('',#9381);
#9381 = AXIS2_PLACEMENT_3D('',#9382,#9383,#9384);
#9382 = CARTESIAN_POINT('',(5.85,-0.925,0.3));
#9383 = DIRECTION('',(0.,0.,1.));
#9384 = DIRECTION('',(1.,0.,-0.));
#9385 = ADVANCED_FACE('',(#9386),#9394,.F.);
#9386 = FACE_BOUND('',#9387,.F.);
#9387 = EDGE_LOOP('',(#9388,#9389,#9390,#9391,#9392,#9393));
#9388 = ORIENTED_EDGE('',*,*,#2614,.F.);
#9389 = ORIENTED_EDGE('',*,*,#265,.T.);
#9390 = ORIENTED_EDGE('',*,*,#2683,.T.);
#9391 = ORIENTED_EDGE('',*,*,#8773,.F.);
#9392 = ORIENTED_EDGE('',*,*,#8706,.F.);
#9393 = ORIENTED_EDGE('',*,*,#8734,.F.);
#9394 = PLANE('',#9395);
#9395 = AXIS2_PLACEMENT_3D('',#9396,#9397,#9398);
#9396 = CARTESIAN_POINT('',(5.85,-0.925,0.49));
#9397 = DIRECTION('',(0.,0.,1.));
#9398 = DIRECTION('',(1.,0.,-0.));
#9399 = ADVANCED_FACE('',(#9400),#9408,.T.);
#9400 = FACE_BOUND('',#9401,.T.);
#9401 = EDGE_LOOP('',(#9402,#9403,#9404,#9405,#9406,#9407));
#9402 = ORIENTED_EDGE('',*,*,#2705,.F.);
#9403 = ORIENTED_EDGE('',*,*,#2752,.T.);
#9404 = ORIENTED_EDGE('',*,*,#2783,.T.);
#9405 = ORIENTED_EDGE('',*,*,#8931,.F.);
#9406 = ORIENTED_EDGE('',*,*,#8917,.F.);
#9407 = ORIENTED_EDGE('',*,*,#8892,.F.);
#9408 = PLANE('',#9409);
#9409 = AXIS2_PLACEMENT_3D('',#9410,#9411,#9412);
#9410 = CARTESIAN_POINT('',(6.85,-0.925,0.3));
#9411 = DIRECTION('',(0.,0.,1.));
#9412 = DIRECTION('',(1.,0.,-0.));
#9413 = ADVANCED_FACE('',(#9414),#9422,.F.);
#9414 = FACE_BOUND('',#9415,.F.);
#9415 = EDGE_LOOP('',(#9416,#9417,#9418,#9419,#9420,#9421));
#9416 = ORIENTED_EDGE('',*,*,#2730,.F.);
#9417 = ORIENTED_EDGE('',*,*,#233,.T.);
#9418 = ORIENTED_EDGE('',*,*,#2799,.T.);
#9419 = ORIENTED_EDGE('',*,*,#8938,.F.);
#9420 = ORIENTED_EDGE('',*,*,#8871,.F.);
#9421 = ORIENTED_EDGE('',*,*,#8899,.F.);
#9422 = PLANE('',#9423);
#9423 = AXIS2_PLACEMENT_3D('',#9424,#9425,#9426);
#9424 = CARTESIAN_POINT('',(6.85,-0.925,0.49));
#9425 = DIRECTION('',(0.,0.,1.));
#9426 = DIRECTION('',(1.,0.,-0.));
#9427 = ADVANCED_FACE('',(#9428),#9436,.T.);
#9428 = FACE_BOUND('',#9429,.T.);
#9429 = EDGE_LOOP('',(#9430,#9431,#9432,#9433,#9434,#9435));
#9430 = ORIENTED_EDGE('',*,*,#6686,.F.);
#9431 = ORIENTED_EDGE('',*,*,#691,.T.);
#9432 = ORIENTED_EDGE('',*,*,#6669,.T.);
#9433 = ORIENTED_EDGE('',*,*,#6643,.F.);
#9434 = ORIENTED_EDGE('',*,*,#6568,.F.);
#9435 = ORIENTED_EDGE('',*,*,#6536,.F.);
#9436 = PLANE('',#9437);
#9437 = AXIS2_PLACEMENT_3D('',#9438,#9439,#9440);
#9438 = CARTESIAN_POINT('',(-7.15,-0.6,0.86));
#9439 = DIRECTION('',(0.,0.,1.));
#9440 = DIRECTION('',(1.,0.,-0.));
#9441 = ADVANCED_FACE('',(#9442),#9450,.T.);
#9442 = FACE_BOUND('',#9443,.T.);
#9443 = EDGE_LOOP('',(#9444,#9445,#9446,#9447,#9448,#9449));
#9444 = ORIENTED_EDGE('',*,*,#6851,.F.);
#9445 = ORIENTED_EDGE('',*,*,#725,.T.);
#9446 = ORIENTED_EDGE('',*,*,#6834,.T.);
#9447 = ORIENTED_EDGE('',*,*,#6808,.F.);
#9448 = ORIENTED_EDGE('',*,*,#6733,.F.);
#9449 = ORIENTED_EDGE('',*,*,#6701,.F.);
#9450 = PLANE('',#9451);
#9451 = AXIS2_PLACEMENT_3D('',#9452,#9453,#9454);
#9452 = CARTESIAN_POINT('',(-6.15,-0.6,0.86));
#9453 = DIRECTION('',(0.,0.,1.));
#9454 = DIRECTION('',(1.,0.,-0.));
#9455 = ADVANCED_FACE('',(#9456),#9464,.T.);
#9456 = FACE_BOUND('',#9457,.T.);
#9457 = EDGE_LOOP('',(#9458,#9459,#9460,#9461,#9462,#9463));
#9458 = ORIENTED_EDGE('',*,*,#7016,.F.);
#9459 = ORIENTED_EDGE('',*,*,#759,.T.);
#9460 = ORIENTED_EDGE('',*,*,#6999,.T.);
#9461 = ORIENTED_EDGE('',*,*,#6973,.F.);
#9462 = ORIENTED_EDGE('',*,*,#6898,.F.);
#9463 = ORIENTED_EDGE('',*,*,#6866,.F.);
#9464 = PLANE('',#9465);
#9465 = AXIS2_PLACEMENT_3D('',#9466,#9467,#9468);
#9466 = CARTESIAN_POINT('',(-5.15,-0.6,0.86));
#9467 = DIRECTION('',(0.,0.,1.));
#9468 = DIRECTION('',(1.,0.,-0.));
#9469 = ADVANCED_FACE('',(#9470),#9478,.T.);
#9470 = FACE_BOUND('',#9471,.T.);
#9471 = EDGE_LOOP('',(#9472,#9473,#9474,#9475,#9476,#9477));
#9472 = ORIENTED_EDGE('',*,*,#7181,.F.);
#9473 = ORIENTED_EDGE('',*,*,#793,.T.);
#9474 = ORIENTED_EDGE('',*,*,#7164,.T.);
#9475 = ORIENTED_EDGE('',*,*,#7138,.F.);
#9476 = ORIENTED_EDGE('',*,*,#7063,.F.);
#9477 = ORIENTED_EDGE('',*,*,#7031,.F.);
#9478 = PLANE('',#9479);
#9479 = AXIS2_PLACEMENT_3D('',#9480,#9481,#9482);
#9480 = CARTESIAN_POINT('',(-4.15,-0.6,0.86));
#9481 = DIRECTION('',(0.,0.,1.));
#9482 = DIRECTION('',(1.,0.,-0.));
#9483 = ADVANCED_FACE('',(#9484),#9492,.T.);
#9484 = FACE_BOUND('',#9485,.T.);
#9485 = EDGE_LOOP('',(#9486,#9487,#9488,#9489,#9490,#9491));
#9486 = ORIENTED_EDGE('',*,*,#7346,.F.);
#9487 = ORIENTED_EDGE('',*,*,#827,.T.);
#9488 = ORIENTED_EDGE('',*,*,#7329,.T.);
#9489 = ORIENTED_EDGE('',*,*,#7303,.F.);
#9490 = ORIENTED_EDGE('',*,*,#7228,.F.);
#9491 = ORIENTED_EDGE('',*,*,#7196,.F.);
#9492 = PLANE('',#9493);
#9493 = AXIS2_PLACEMENT_3D('',#9494,#9495,#9496);
#9494 = CARTESIAN_POINT('',(-3.15,-0.6,0.86));
#9495 = DIRECTION('',(0.,0.,1.));
#9496 = DIRECTION('',(1.,0.,-0.));
#9497 = ADVANCED_FACE('',(#9498),#9506,.T.);
#9498 = FACE_BOUND('',#9499,.T.);
#9499 = EDGE_LOOP('',(#9500,#9501,#9502,#9503,#9504,#9505));
#9500 = ORIENTED_EDGE('',*,*,#7511,.F.);
#9501 = ORIENTED_EDGE('',*,*,#861,.T.);
#9502 = ORIENTED_EDGE('',*,*,#7494,.T.);
#9503 = ORIENTED_EDGE('',*,*,#7468,.F.);
#9504 = ORIENTED_EDGE('',*,*,#7393,.F.);
#9505 = ORIENTED_EDGE('',*,*,#7361,.F.);
#9506 = PLANE('',#9507);
#9507 = AXIS2_PLACEMENT_3D('',#9508,#9509,#9510);
#9508 = CARTESIAN_POINT('',(-2.15,-0.6,0.86));
#9509 = DIRECTION('',(0.,0.,1.));
#9510 = DIRECTION('',(1.,0.,-0.));
#9511 = ADVANCED_FACE('',(#9512),#9520,.T.);
#9512 = FACE_BOUND('',#9513,.T.);
#9513 = EDGE_LOOP('',(#9514,#9515,#9516,#9517,#9518,#9519));
#9514 = ORIENTED_EDGE('',*,*,#7676,.F.);
#9515 = ORIENTED_EDGE('',*,*,#895,.T.);
#9516 = ORIENTED_EDGE('',*,*,#7659,.T.);
#9517 = ORIENTED_EDGE('',*,*,#7633,.F.);
#9518 = ORIENTED_EDGE('',*,*,#7558,.F.);
#9519 = ORIENTED_EDGE('',*,*,#7526,.F.);
#9520 = PLANE('',#9521);
#9521 = AXIS2_PLACEMENT_3D('',#9522,#9523,#9524);
#9522 = CARTESIAN_POINT('',(-1.15,-0.6,0.86));
#9523 = DIRECTION('',(0.,0.,1.));
#9524 = DIRECTION('',(1.,0.,-0.));
#9525 = ADVANCED_FACE('',(#9526),#9534,.T.);
#9526 = FACE_BOUND('',#9527,.T.);
#9527 = EDGE_LOOP('',(#9528,#9529,#9530,#9531,#9532,#9533));
#9528 = ORIENTED_EDGE('',*,*,#7841,.F.);
#9529 = ORIENTED_EDGE('',*,*,#929,.T.);
#9530 = ORIENTED_EDGE('',*,*,#7824,.T.);
#9531 = ORIENTED_EDGE('',*,*,#7798,.F.);
#9532 = ORIENTED_EDGE('',*,*,#7723,.F.);
#9533 = ORIENTED_EDGE('',*,*,#7691,.F.);
#9534 = PLANE('',#9535);
#9535 = AXIS2_PLACEMENT_3D('',#9536,#9537,#9538);
#9536 = CARTESIAN_POINT('',(-0.15,-0.6,0.86));
#9537 = DIRECTION('',(0.,0.,1.));
#9538 = DIRECTION('',(1.,0.,-0.));
#9539 = ADVANCED_FACE('',(#9540),#9548,.T.);
#9540 = FACE_BOUND('',#9541,.T.);
#9541 = EDGE_LOOP('',(#9542,#9543,#9544,#9545,#9546,#9547));
#9542 = ORIENTED_EDGE('',*,*,#8006,.F.);
#9543 = ORIENTED_EDGE('',*,*,#963,.T.);
#9544 = ORIENTED_EDGE('',*,*,#7989,.T.);
#9545 = ORIENTED_EDGE('',*,*,#7963,.F.);
#9546 = ORIENTED_EDGE('',*,*,#7888,.F.);
#9547 = ORIENTED_EDGE('',*,*,#7856,.F.);
#9548 = PLANE('',#9549);
#9549 = AXIS2_PLACEMENT_3D('',#9550,#9551,#9552);
#9550 = CARTESIAN_POINT('',(0.85,-0.6,0.86));
#9551 = DIRECTION('',(0.,0.,1.));
#9552 = DIRECTION('',(1.,0.,-0.));
#9553 = ADVANCED_FACE('',(#9554),#9562,.T.);
#9554 = FACE_BOUND('',#9555,.T.);
#9555 = EDGE_LOOP('',(#9556,#9557,#9558,#9559,#9560,#9561));
#9556 = ORIENTED_EDGE('',*,*,#8171,.F.);
#9557 = ORIENTED_EDGE('',*,*,#997,.T.);
#9558 = ORIENTED_EDGE('',*,*,#8154,.T.);
#9559 = ORIENTED_EDGE('',*,*,#8128,.F.);
#9560 = ORIENTED_EDGE('',*,*,#8053,.F.);
#9561 = ORIENTED_EDGE('',*,*,#8021,.F.);
#9562 = PLANE('',#9563);
#9563 = AXIS2_PLACEMENT_3D('',#9564,#9565,#9566);
#9564 = CARTESIAN_POINT('',(1.85,-0.6,0.86));
#9565 = DIRECTION('',(0.,0.,1.));
#9566 = DIRECTION('',(1.,0.,-0.));
#9567 = ADVANCED_FACE('',(#9568),#9576,.T.);
#9568 = FACE_BOUND('',#9569,.T.);
#9569 = EDGE_LOOP('',(#9570,#9571,#9572,#9573,#9574,#9575));
#9570 = ORIENTED_EDGE('',*,*,#8336,.F.);
#9571 = ORIENTED_EDGE('',*,*,#1031,.T.);
#9572 = ORIENTED_EDGE('',*,*,#8319,.T.);
#9573 = ORIENTED_EDGE('',*,*,#8293,.F.);
#9574 = ORIENTED_EDGE('',*,*,#8218,.F.);
#9575 = ORIENTED_EDGE('',*,*,#8186,.F.);
#9576 = PLANE('',#9577);
#9577 = AXIS2_PLACEMENT_3D('',#9578,#9579,#9580);
#9578 = CARTESIAN_POINT('',(2.85,-0.6,0.86));
#9579 = DIRECTION('',(0.,0.,1.));
#9580 = DIRECTION('',(1.,0.,-0.));
#9581 = ADVANCED_FACE('',(#9582),#9590,.T.);
#9582 = FACE_BOUND('',#9583,.T.);
#9583 = EDGE_LOOP('',(#9584,#9585,#9586,#9587,#9588,#9589));
#9584 = ORIENTED_EDGE('',*,*,#8501,.F.);
#9585 = ORIENTED_EDGE('',*,*,#1065,.T.);
#9586 = ORIENTED_EDGE('',*,*,#8484,.T.);
#9587 = ORIENTED_EDGE('',*,*,#8458,.F.);
#9588 = ORIENTED_EDGE('',*,*,#8383,.F.);
#9589 = ORIENTED_EDGE('',*,*,#8351,.F.);
#9590 = PLANE('',#9591);
#9591 = AXIS2_PLACEMENT_3D('',#9592,#9593,#9594);
#9592 = CARTESIAN_POINT('',(3.85,-0.6,0.86));
#9593 = DIRECTION('',(0.,0.,1.));
#9594 = DIRECTION('',(1.,0.,-0.));
#9595 = ADVANCED_FACE('',(#9596),#9604,.T.);
#9596 = FACE_BOUND('',#9597,.T.);
#9597 = EDGE_LOOP('',(#9598,#9599,#9600,#9601,#9602,#9603));
#9598 = ORIENTED_EDGE('',*,*,#8666,.F.);
#9599 = ORIENTED_EDGE('',*,*,#1099,.T.);
#9600 = ORIENTED_EDGE('',*,*,#8649,.T.);
#9601 = ORIENTED_EDGE('',*,*,#8623,.F.);
#9602 = ORIENTED_EDGE('',*,*,#8548,.F.);
#9603 = ORIENTED_EDGE('',*,*,#8516,.F.);
#9604 = PLANE('',#9605);
#9605 = AXIS2_PLACEMENT_3D('',#9606,#9607,#9608);
#9606 = CARTESIAN_POINT('',(4.85,-0.6,0.86));
#9607 = DIRECTION('',(0.,0.,1.));
#9608 = DIRECTION('',(1.,0.,-0.));
#9609 = ADVANCED_FACE('',(#9610),#9618,.T.);
#9610 = FACE_BOUND('',#9611,.T.);
#9611 = EDGE_LOOP('',(#9612,#9613,#9614,#9615,#9616,#9617));
#9612 = ORIENTED_EDGE('',*,*,#8831,.F.);
#9613 = ORIENTED_EDGE('',*,*,#1133,.T.);
#9614 = ORIENTED_EDGE('',*,*,#8814,.T.);
#9615 = ORIENTED_EDGE('',*,*,#8788,.F.);
#9616 = ORIENTED_EDGE('',*,*,#8713,.F.);
#9617 = ORIENTED_EDGE('',*,*,#8681,.F.);
#9618 = PLANE('',#9619);
#9619 = AXIS2_PLACEMENT_3D('',#9620,#9621,#9622);
#9620 = CARTESIAN_POINT('',(5.85,-0.6,0.86));
#9621 = DIRECTION('',(0.,0.,1.));
#9622 = DIRECTION('',(1.,0.,-0.));
#9623 = ADVANCED_FACE('',(#9624),#9632,.T.);
#9624 = FACE_BOUND('',#9625,.T.);
#9625 = EDGE_LOOP('',(#9626,#9627,#9628,#9629,#9630,#9631));
#9626 = ORIENTED_EDGE('',*,*,#8996,.F.);
#9627 = ORIENTED_EDGE('',*,*,#1167,.T.);
#9628 = ORIENTED_EDGE('',*,*,#8979,.T.);
#9629 = ORIENTED_EDGE('',*,*,#8953,.F.);
#9630 = ORIENTED_EDGE('',*,*,#8878,.F.);
#9631 = ORIENTED_EDGE('',*,*,#8846,.F.);
#9632 = PLANE('',#9633);
#9633 = AXIS2_PLACEMENT_3D('',#9634,#9635,#9636);
#9634 = CARTESIAN_POINT('',(6.85,-0.6,0.86));
#9635 = DIRECTION('',(0.,0.,1.));
#9636 = DIRECTION('',(1.,0.,-0.));
#9637 = ADVANCED_FACE('',(#9638),#9665,.T.);
#9638 = FACE_BOUND('',#9639,.T.);
#9639 = EDGE_LOOP('',(#9640,#9641,#9642,#9643,#9651,#9659));
#9640 = ORIENTED_EDGE('',*,*,#2831,.T.);
#9641 = ORIENTED_EDGE('',*,*,#2957,.T.);
#9642 = ORIENTED_EDGE('',*,*,#2998,.F.);
#9643 = ORIENTED_EDGE('',*,*,#9644,.F.);
#9644 = EDGE_CURVE('',#9645,#2989,#9647,.T.);
#9645 = VERTEX_POINT('',#9646);
#9646 = CARTESIAN_POINT('',(-10.025,-1.525,0.));
#9647 = LINE('',#9648,#9649);
#9648 = CARTESIAN_POINT('',(-10.025,-7.5E-02,0.));
#9649 = VECTOR('',#9650,1.);
#9650 = DIRECTION('',(-0.,1.,0.));
#9651 = ORIENTED_EDGE('',*,*,#9652,.T.);
#9652 = EDGE_CURVE('',#9645,#9653,#9655,.T.);
#9653 = VERTEX_POINT('',#9654);
#9654 = CARTESIAN_POINT('',(-10.025,-1.525,0.43));
#9655 = LINE('',#9656,#9657);
#9656 = CARTESIAN_POINT('',(-10.025,-1.525,0.));
#9657 = VECTOR('',#9658,1.);
#9658 = DIRECTION('',(0.,0.,1.));
#9659 = ORIENTED_EDGE('',*,*,#9660,.T.);
#9660 = EDGE_CURVE('',#9653,#2822,#9661,.T.);
#9661 = LINE('',#9662,#9663);
#9662 = CARTESIAN_POINT('',(-10.025,-1.525,0.43));
#9663 = VECTOR('',#9664,1.);
#9664 = DIRECTION('',(-0.,1.,0.));
#9665 = PLANE('',#9666);
#9666 = AXIS2_PLACEMENT_3D('',#9667,#9668,#9669);
#9667 = CARTESIAN_POINT('',(-10.025,0.705884615385,1.019115384615));
#9668 = DIRECTION('',(-1.,-0.,-0.));
#9669 = DIRECTION('',(0.,0.,-1.));
#9670 = ADVANCED_FACE('',(#9671),#9696,.F.);
#9671 = FACE_BOUND('',#9672,.F.);
#9672 = EDGE_LOOP('',(#9673,#9681,#9682,#9690));
#9673 = ORIENTED_EDGE('',*,*,#9674,.F.);
#9674 = EDGE_CURVE('',#9645,#9675,#9677,.T.);
#9675 = VERTEX_POINT('',#9676);
#9676 = CARTESIAN_POINT('',(10.025,-1.525,0.));
#9677 = LINE('',#9678,#9679);
#9678 = CARTESIAN_POINT('',(-10.025,-1.525,0.));
#9679 = VECTOR('',#9680,1.);
#9680 = DIRECTION('',(1.,0.,-0.));
#9681 = ORIENTED_EDGE('',*,*,#9652,.T.);
#9682 = ORIENTED_EDGE('',*,*,#9683,.T.);
#9683 = EDGE_CURVE('',#9653,#9684,#9686,.T.);
#9684 = VERTEX_POINT('',#9685);
#9685 = CARTESIAN_POINT('',(10.025,-1.525,0.43));
#9686 = LINE('',#9687,#9688);
#9687 = CARTESIAN_POINT('',(-10.025,-1.525,0.43));
#9688 = VECTOR('',#9689,1.);
#9689 = DIRECTION('',(1.,0.,-0.));
#9690 = ORIENTED_EDGE('',*,*,#9691,.F.);
#9691 = EDGE_CURVE('',#9675,#9684,#9692,.T.);
#9692 = LINE('',#9693,#9694);
#9693 = CARTESIAN_POINT('',(10.025,-1.525,0.));
#9694 = VECTOR('',#9695,1.);
#9695 = DIRECTION('',(0.,0.,1.));
#9696 = PLANE('',#9697);
#9697 = AXIS2_PLACEMENT_3D('',#9698,#9699,#9700);
#9698 = CARTESIAN_POINT('',(-10.025,-1.525,0.));
#9699 = DIRECTION('',(-0.,1.,0.));
#9700 = DIRECTION('',(0.,0.,1.));
#9701 = ADVANCED_FACE('',(#9702),#9725,.T.);
#9702 = FACE_BOUND('',#9703,.T.);
#9703 = EDGE_LOOP('',(#9704,#9705,#9706,#9707,#9708,#9709,#9710,#9711,
    #9712,#9713,#9714,#9715,#9716,#9717,#9718,#9724));
#9704 = ORIENTED_EDGE('',*,*,#9644,.T.);
#9705 = ORIENTED_EDGE('',*,*,#2988,.T.);
#9706 = ORIENTED_EDGE('',*,*,#3867,.F.);
#9707 = ORIENTED_EDGE('',*,*,#6458,.T.);
#9708 = ORIENTED_EDGE('',*,*,#3640,.F.);
#9709 = ORIENTED_EDGE('',*,*,#6475,.T.);
#9710 = ORIENTED_EDGE('',*,*,#3698,.T.);
#9711 = ORIENTED_EDGE('',*,*,#3061,.T.);
#9712 = ORIENTED_EDGE('',*,*,#3777,.F.);
#9713 = ORIENTED_EDGE('',*,*,#6497,.T.);
#9714 = ORIENTED_EDGE('',*,*,#3826,.T.);
#9715 = ORIENTED_EDGE('',*,*,#6519,.T.);
#9716 = ORIENTED_EDGE('',*,*,#3937,.T.);
#9717 = ORIENTED_EDGE('',*,*,#3013,.T.);
#9718 = ORIENTED_EDGE('',*,*,#9719,.F.);
#9719 = EDGE_CURVE('',#9675,#3006,#9720,.T.);
#9720 = LINE('',#9721,#9722);
#9721 = CARTESIAN_POINT('',(10.025,-7.5E-02,0.));
#9722 = VECTOR('',#9723,1.);
#9723 = DIRECTION('',(-0.,1.,0.));
#9724 = ORIENTED_EDGE('',*,*,#9674,.F.);
#9725 = PLANE('',#9726);
#9726 = AXIS2_PLACEMENT_3D('',#9727,#9728,#9729);
#9727 = CARTESIAN_POINT('',(-3.351616678114E-16,0.455466552316,0.));
#9728 = DIRECTION('',(-0.,-0.,-1.));
#9729 = DIRECTION('',(-1.,0.,0.));
#9730 = ADVANCED_FACE('',(#9731),#9810,.T.);
#9731 = FACE_BOUND('',#9732,.T.);
#9732 = EDGE_LOOP('',(#9733,#9734,#9735,#9741,#9742,#9743,#9744,#9745,
    #9746,#9747,#9748,#9749,#9750,#9751,#9752,#9753,#9754,#9755,#9756,
    #9757,#9758,#9759,#9760,#9761,#9762,#9763,#9764,#9765,#9766,#9767,
    #9768,#9769,#9770,#9771,#9772,#9773,#9774,#9775,#9776,#9777,#9778,
    #9779,#9780,#9781,#9782,#9783,#9784,#9785,#9786,#9787,#9788,#9789,
    #9790,#9791,#9792,#9793,#9794,#9795,#9796,#9797,#9798,#9799,#9800,
    #9801,#9802,#9803,#9804,#9805,#9806,#9807,#9808,#9809));
#9733 = ORIENTED_EDGE('',*,*,#9660,.F.);
#9734 = ORIENTED_EDGE('',*,*,#9683,.T.);
#9735 = ORIENTED_EDGE('',*,*,#9736,.T.);
#9736 = EDGE_CURVE('',#9684,#2848,#9737,.T.);
#9737 = LINE('',#9738,#9739);
#9738 = CARTESIAN_POINT('',(10.025,-1.525,0.43));
#9739 = VECTOR('',#9740,1.);
#9740 = DIRECTION('',(-0.,1.,0.));
#9741 = ORIENTED_EDGE('',*,*,#2855,.F.);
#9742 = ORIENTED_EDGE('',*,*,#6504,.F.);
#9743 = ORIENTED_EDGE('',*,*,#2887,.F.);
#9744 = ORIENTED_EDGE('',*,*,#3753,.T.);
#9745 = ORIENTED_EDGE('',*,*,#217,.F.);
#9746 = ORIENTED_EDGE('',*,*,#2806,.F.);
#9747 = ORIENTED_EDGE('',*,*,#2768,.F.);
#9748 = ORIENTED_EDGE('',*,*,#2723,.F.);
#9749 = ORIENTED_EDGE('',*,*,#249,.F.);
#9750 = ORIENTED_EDGE('',*,*,#2690,.F.);
#9751 = ORIENTED_EDGE('',*,*,#2652,.F.);
#9752 = ORIENTED_EDGE('',*,*,#2607,.F.);
#9753 = ORIENTED_EDGE('',*,*,#281,.F.);
#9754 = ORIENTED_EDGE('',*,*,#2574,.F.);
#9755 = ORIENTED_EDGE('',*,*,#2536,.F.);
#9756 = ORIENTED_EDGE('',*,*,#2491,.F.);
#9757 = ORIENTED_EDGE('',*,*,#313,.F.);
#9758 = ORIENTED_EDGE('',*,*,#2458,.F.);
#9759 = ORIENTED_EDGE('',*,*,#2420,.F.);
#9760 = ORIENTED_EDGE('',*,*,#2375,.F.);
#9761 = ORIENTED_EDGE('',*,*,#345,.F.);
#9762 = ORIENTED_EDGE('',*,*,#2342,.F.);
#9763 = ORIENTED_EDGE('',*,*,#2304,.F.);
#9764 = ORIENTED_EDGE('',*,*,#2259,.F.);
#9765 = ORIENTED_EDGE('',*,*,#377,.F.);
#9766 = ORIENTED_EDGE('',*,*,#2226,.F.);
#9767 = ORIENTED_EDGE('',*,*,#2188,.F.);
#9768 = ORIENTED_EDGE('',*,*,#2143,.F.);
#9769 = ORIENTED_EDGE('',*,*,#409,.F.);
#9770 = ORIENTED_EDGE('',*,*,#2110,.F.);
#9771 = ORIENTED_EDGE('',*,*,#2072,.F.);
#9772 = ORIENTED_EDGE('',*,*,#2027,.F.);
#9773 = ORIENTED_EDGE('',*,*,#441,.F.);
#9774 = ORIENTED_EDGE('',*,*,#1994,.F.);
#9775 = ORIENTED_EDGE('',*,*,#1956,.F.);
#9776 = ORIENTED_EDGE('',*,*,#1911,.F.);
#9777 = ORIENTED_EDGE('',*,*,#473,.F.);
#9778 = ORIENTED_EDGE('',*,*,#1878,.F.);
#9779 = ORIENTED_EDGE('',*,*,#1840,.F.);
#9780 = ORIENTED_EDGE('',*,*,#1795,.F.);
#9781 = ORIENTED_EDGE('',*,*,#505,.F.);
#9782 = ORIENTED_EDGE('',*,*,#1762,.F.);
#9783 = ORIENTED_EDGE('',*,*,#1724,.F.);
#9784 = ORIENTED_EDGE('',*,*,#1679,.F.);
#9785 = ORIENTED_EDGE('',*,*,#537,.F.);
#9786 = ORIENTED_EDGE('',*,*,#1646,.F.);
#9787 = ORIENTED_EDGE('',*,*,#1608,.F.);
#9788 = ORIENTED_EDGE('',*,*,#1563,.F.);
#9789 = ORIENTED_EDGE('',*,*,#569,.F.);
#9790 = ORIENTED_EDGE('',*,*,#1530,.F.);
#9791 = ORIENTED_EDGE('',*,*,#1492,.F.);
#9792 = ORIENTED_EDGE('',*,*,#1447,.F.);
#9793 = ORIENTED_EDGE('',*,*,#601,.F.);
#9794 = ORIENTED_EDGE('',*,*,#1414,.F.);
#9795 = ORIENTED_EDGE('',*,*,#1376,.F.);
#9796 = ORIENTED_EDGE('',*,*,#1331,.F.);
#9797 = ORIENTED_EDGE('',*,*,#633,.F.);
#9798 = ORIENTED_EDGE('',*,*,#1298,.F.);
#9799 = ORIENTED_EDGE('',*,*,#1260,.F.);
#9800 = ORIENTED_EDGE('',*,*,#1215,.F.);
#9801 = ORIENTED_EDGE('',*,*,#665,.F.);
#9802 = ORIENTED_EDGE('',*,*,#170,.F.);
#9803 = ORIENTED_EDGE('',*,*,#123,.F.);
#9804 = ORIENTED_EDGE('',*,*,#69,.F.);
#9805 = ORIENTED_EDGE('',*,*,#185,.F.);
#9806 = ORIENTED_EDGE('',*,*,#3714,.F.);
#9807 = ORIENTED_EDGE('',*,*,#2919,.F.);
#9808 = ORIENTED_EDGE('',*,*,#6482,.F.);
#9809 = ORIENTED_EDGE('',*,*,#2821,.F.);
#9810 = PLANE('',#9811);
#9811 = AXIS2_PLACEMENT_3D('',#9812,#9813,#9814);
#9812 = CARTESIAN_POINT('',(-2.15786788071E-16,-0.219582118562,0.43));
#9813 = DIRECTION('',(0.,0.,1.));
#9814 = DIRECTION('',(1.,0.,-0.));
#9815 = ADVANCED_FACE('',(#9816),#9824,.T.);
#9816 = FACE_BOUND('',#9817,.T.);
#9817 = EDGE_LOOP('',(#9818,#9819,#9820,#9821,#9822,#9823));
#9818 = ORIENTED_EDGE('',*,*,#2847,.F.);
#9819 = ORIENTED_EDGE('',*,*,#9736,.F.);
#9820 = ORIENTED_EDGE('',*,*,#9691,.F.);
#9821 = ORIENTED_EDGE('',*,*,#9719,.T.);
#9822 = ORIENTED_EDGE('',*,*,#3005,.T.);
#9823 = ORIENTED_EDGE('',*,*,#2966,.F.);
#9824 = PLANE('',#9825);
#9825 = AXIS2_PLACEMENT_3D('',#9826,#9827,#9828);
#9826 = CARTESIAN_POINT('',(10.025,0.705884615385,1.019115384615));
#9827 = DIRECTION('',(1.,0.,0.));
#9828 = DIRECTION('',(-0.,0.,1.));
#9829 = ( GEOMETRIC_REPRESENTATION_CONTEXT(3) 
GLOBAL_UNCERTAINTY_ASSIGNED_CONTEXT((#9833)) 
GLOBAL_UNIT_ASSIGNED_CONTEXT((#9830,#9831,#9832)) REPRESENTATION_CONTEXT
('Context #1','3D Context with UNIT and UNCERTAINTY') );
#9830 = ( LENGTH_UNIT() NAMED_UNIT(*) SI_UNIT(.MILLI.,.METRE.) );
#9831 = ( NAMED_UNIT(*) PLANE_ANGLE_UNIT() SI_UNIT($,.RADIAN.) );
#9832 = ( NAMED_UNIT(*) SI_UNIT($,.STERADIAN.) SOLID_ANGLE_UNIT() );
#9833 = UNCERTAINTY_MEASURE_WITH_UNIT(LENGTH_MEASURE(1.E-07),#9830,
  'distance_accuracy_value','confusion accuracy');
#9834 = CONTEXT_DEPENDENT_SHAPE_REPRESENTATION(#9835,#9837);
#9835 = ( REPRESENTATION_RELATIONSHIP('','',#44,#10) 
REPRESENTATION_RELATIONSHIP_WITH_TRANSFORMATION(#9836) 
SHAPE_REPRESENTATION_RELATIONSHIP() );
#9836 = ITEM_DEFINED_TRANSFORMATION('','',#11,#15);
#9837 = PRODUCT_DEFINITION_SHAPE('Placement','Placement of an item',
  #9838);
#9838 = NEXT_ASSEMBLY_USAGE_OCCURRENCE('1','housing','',#5,#39,$);
#9839 = PRODUCT_RELATED_PRODUCT_CATEGORY('part',$,(#41));
#9840 = SHAPE_DEFINITION_REPRESENTATION(#9841,#9847);
#9841 = PRODUCT_DEFINITION_SHAPE('','',#9842);
#9842 = PRODUCT_DEFINITION('design','',#9843,#9846);
#9843 = PRODUCT_DEFINITION_FORMATION('','',#9844);
#9844 = PRODUCT('latch','latch','',(#9845));
#9845 = PRODUCT_CONTEXT('',#2,'mechanical');
#9846 = PRODUCT_DEFINITION_CONTEXT('part definition',#2,'design');
#9847 = ADVANCED_BREP_SHAPE_REPRESENTATION('',(#11,#9848),#10574);
#9848 = MANIFOLD_SOLID_BREP('',#9849);
#9849 = CLOSED_SHELL('',(#9850,#9890,#9953,#10016,#10033,#10064,#10088,
    #10144,#10175,#10207,#10231,#10262,#10294,#10318,#10342,#10366,
    #10397,#10414,#10435,#10468,#10492,#10518,#10537,#10556));
#9850 = ADVANCED_FACE('',(#9851),#9885,.F.);
#9851 = FACE_BOUND('',#9852,.F.);
#9852 = EDGE_LOOP('',(#9853,#9863,#9871,#9879));
#9853 = ORIENTED_EDGE('',*,*,#9854,.F.);
#9854 = EDGE_CURVE('',#9855,#9857,#9859,.T.);
#9855 = VERTEX_POINT('',#9856);
#9856 = CARTESIAN_POINT('',(-11.,-2.825,5.E-02));
#9857 = VERTEX_POINT('',#9858);
#9858 = CARTESIAN_POINT('',(-11.,-2.825,2.45));
#9859 = LINE('',#9860,#9861);
#9860 = CARTESIAN_POINT('',(-11.,-2.825,5.E-02));
#9861 = VECTOR('',#9862,1.);
#9862 = DIRECTION('',(0.,0.,1.));
#9863 = ORIENTED_EDGE('',*,*,#9864,.T.);
#9864 = EDGE_CURVE('',#9855,#9865,#9867,.T.);
#9865 = VERTEX_POINT('',#9866);
#9866 = CARTESIAN_POINT('',(-11.,-1.525,5.E-02));
#9867 = LINE('',#9868,#9869);
#9868 = CARTESIAN_POINT('',(-11.,-2.825,5.E-02));
#9869 = VECTOR('',#9870,1.);
#9870 = DIRECTION('',(-0.,1.,0.));
#9871 = ORIENTED_EDGE('',*,*,#9872,.T.);
#9872 = EDGE_CURVE('',#9865,#9873,#9875,.T.);
#9873 = VERTEX_POINT('',#9874);
#9874 = CARTESIAN_POINT('',(-11.,-1.525,2.45));
#9875 = LINE('',#9876,#9877);
#9876 = CARTESIAN_POINT('',(-11.,-1.525,5.E-02));
#9877 = VECTOR('',#9878,1.);
#9878 = DIRECTION('',(0.,0.,1.));
#9879 = ORIENTED_EDGE('',*,*,#9880,.F.);
#9880 = EDGE_CURVE('',#9857,#9873,#9881,.T.);
#9881 = LINE('',#9882,#9883);
#9882 = CARTESIAN_POINT('',(-11.,-2.825,2.45));
#9883 = VECTOR('',#9884,1.);
#9884 = DIRECTION('',(-0.,1.,0.));
#9885 = PLANE('',#9886);
#9886 = AXIS2_PLACEMENT_3D('',#9887,#9888,#9889);
#9887 = CARTESIAN_POINT('',(-11.,-2.825,5.E-02));
#9888 = DIRECTION('',(1.,0.,-0.));
#9889 = DIRECTION('',(0.,0.,1.));
#9890 = ADVANCED_FACE('',(#9891),#9948,.F.);
#9891 = FACE_BOUND('',#9892,.F.);
#9892 = EDGE_LOOP('',(#9893,#9901,#9902,#9910,#9918,#9926,#9934,#9942));
#9893 = ORIENTED_EDGE('',*,*,#9894,.F.);
#9894 = EDGE_CURVE('',#9855,#9895,#9897,.T.);
#9895 = VERTEX_POINT('',#9896);
#9896 = CARTESIAN_POINT('',(-8.635,-2.825,5.E-02));
#9897 = LINE('',#9898,#9899);
#9898 = CARTESIAN_POINT('',(-11.,-2.825,5.E-02));
#9899 = VECTOR('',#9900,1.);
#9900 = DIRECTION('',(1.,0.,-0.));
#9901 = ORIENTED_EDGE('',*,*,#9854,.T.);
#9902 = ORIENTED_EDGE('',*,*,#9903,.T.);
#9903 = EDGE_CURVE('',#9857,#9904,#9906,.T.);
#9904 = VERTEX_POINT('',#9905);
#9905 = CARTESIAN_POINT('',(11.,-2.825,2.45));
#9906 = LINE('',#9907,#9908);
#9907 = CARTESIAN_POINT('',(-11.,-2.825,2.45));
#9908 = VECTOR('',#9909,1.);
#9909 = DIRECTION('',(1.,0.,-0.));
#9910 = ORIENTED_EDGE('',*,*,#9911,.F.);
#9911 = EDGE_CURVE('',#9912,#9904,#9914,.T.);
#9912 = VERTEX_POINT('',#9913);
#9913 = CARTESIAN_POINT('',(11.,-2.825,5.E-02));
#9914 = LINE('',#9915,#9916);
#9915 = CARTESIAN_POINT('',(11.,-2.825,5.E-02));
#9916 = VECTOR('',#9917,1.);
#9917 = DIRECTION('',(0.,0.,1.));
#9918 = ORIENTED_EDGE('',*,*,#9919,.F.);
#9919 = EDGE_CURVE('',#9920,#9912,#9922,.T.);
#9920 = VERTEX_POINT('',#9921);
#9921 = CARTESIAN_POINT('',(8.635,-2.825,5.E-02));
#9922 = LINE('',#9923,#9924);
#9923 = CARTESIAN_POINT('',(-11.,-2.825,5.E-02));
#9924 = VECTOR('',#9925,1.);
#9925 = DIRECTION('',(1.,0.,-0.));
#9926 = ORIENTED_EDGE('',*,*,#9927,.F.);
#9927 = EDGE_CURVE('',#9928,#9920,#9930,.T.);
#9928 = VERTEX_POINT('',#9929);
#9929 = CARTESIAN_POINT('',(8.635,-2.825,1.3));
#9930 = LINE('',#9931,#9932);
#9931 = CARTESIAN_POINT('',(8.635,-2.825,2.5E-02));
#9932 = VECTOR('',#9933,1.);
#9933 = DIRECTION('',(-0.,0.,-1.));
#9934 = ORIENTED_EDGE('',*,*,#9935,.F.);
#9935 = EDGE_CURVE('',#9936,#9928,#9938,.T.);
#9936 = VERTEX_POINT('',#9937);
#9937 = CARTESIAN_POINT('',(-8.635,-2.825,1.3));
#9938 = LINE('',#9939,#9940);
#9939 = CARTESIAN_POINT('',(-9.8175,-2.825,1.3));
#9940 = VECTOR('',#9941,1.);
#9941 = DIRECTION('',(1.,0.,-0.));
#9942 = ORIENTED_EDGE('',*,*,#9943,.T.);
#9943 = EDGE_CURVE('',#9936,#9895,#9944,.T.);
#9944 = LINE('',#9945,#9946);
#9945 = CARTESIAN_POINT('',(-8.635,-2.825,2.5E-02));
#9946 = VECTOR('',#9947,1.);
#9947 = DIRECTION('',(-0.,0.,-1.));
#9948 = PLANE('',#9949);
#9949 = AXIS2_PLACEMENT_3D('',#9950,#9951,#9952);
#9950 = CARTESIAN_POINT('',(-11.,-2.825,5.E-02));
#9951 = DIRECTION('',(-0.,1.,0.));
#9952 = DIRECTION('',(0.,0.,1.));
#9953 = ADVANCED_FACE('',(#9954),#10011,.T.);
#9954 = FACE_BOUND('',#9955,.T.);
#9955 = EDGE_LOOP('',(#9956,#9964,#9965,#9973,#9981,#9989,#9997,#10005)
  );
#9956 = ORIENTED_EDGE('',*,*,#9957,.F.);
#9957 = EDGE_CURVE('',#9865,#9958,#9960,.T.);
#9958 = VERTEX_POINT('',#9959);
#9959 = CARTESIAN_POINT('',(-8.635,-1.525,5.E-02));
#9960 = LINE('',#9961,#9962);
#9961 = CARTESIAN_POINT('',(-11.,-1.525,5.E-02));
#9962 = VECTOR('',#9963,1.);
#9963 = DIRECTION('',(1.,0.,-0.));
#9964 = ORIENTED_EDGE('',*,*,#9872,.T.);
#9965 = ORIENTED_EDGE('',*,*,#9966,.T.);
#9966 = EDGE_CURVE('',#9873,#9967,#9969,.T.);
#9967 = VERTEX_POINT('',#9968);
#9968 = CARTESIAN_POINT('',(-10.025,-1.525,2.45));
#9969 = LINE('',#9970,#9971);
#9970 = CARTESIAN_POINT('',(-11.,-1.525,2.45));
#9971 = VECTOR('',#9972,1.);
#9972 = DIRECTION('',(1.,0.,-0.));
#9973 = ORIENTED_EDGE('',*,*,#9974,.F.);
#9974 = EDGE_CURVE('',#9975,#9967,#9977,.T.);
#9975 = VERTEX_POINT('',#9976);
#9976 = CARTESIAN_POINT('',(-10.025,-1.525,2.1));
#9977 = LINE('',#9978,#9979);
#9978 = CARTESIAN_POINT('',(-10.025,-1.525,1.3));
#9979 = VECTOR('',#9980,1.);
#9980 = DIRECTION('',(0.,0.,1.));
#9981 = ORIENTED_EDGE('',*,*,#9982,.T.);
#9982 = EDGE_CURVE('',#9975,#9983,#9985,.T.);
#9983 = VERTEX_POINT('',#9984);
#9984 = CARTESIAN_POINT('',(-10.56,-1.525,2.1));
#9985 = LINE('',#9986,#9987);
#9986 = CARTESIAN_POINT('',(-10.025,-1.525,2.1));
#9987 = VECTOR('',#9988,1.);
#9988 = DIRECTION('',(-1.,0.,0.));
#9989 = ORIENTED_EDGE('',*,*,#9990,.F.);
#9990 = EDGE_CURVE('',#9991,#9983,#9993,.T.);
#9991 = VERTEX_POINT('',#9992);
#9992 = CARTESIAN_POINT('',(-10.56,-1.525,0.43));
#9993 = LINE('',#9994,#9995);
#9994 = CARTESIAN_POINT('',(-10.56,-1.525,0.43));
#9995 = VECTOR('',#9996,1.);
#9996 = DIRECTION('',(0.,0.,1.));
#9997 = ORIENTED_EDGE('',*,*,#9998,.F.);
#9998 = EDGE_CURVE('',#9999,#9991,#10001,.T.);
#9999 = VERTEX_POINT('',#10000);
#10000 = CARTESIAN_POINT('',(-8.635,-1.525,0.43));
#10001 = LINE('',#10002,#10003);
#10002 = CARTESIAN_POINT('',(-10.025,-1.525,0.43));
#10003 = VECTOR('',#10004,1.);
#10004 = DIRECTION('',(-1.,0.,0.));
#10005 = ORIENTED_EDGE('',*,*,#10006,.T.);
#10006 = EDGE_CURVE('',#9999,#9958,#10007,.T.);
#10007 = LINE('',#10008,#10009);
#10008 = CARTESIAN_POINT('',(-8.635,-1.525,2.5E-02));
#10009 = VECTOR('',#10010,1.);
#10010 = DIRECTION('',(-0.,0.,-1.));
#10011 = PLANE('',#10012);
#10012 = AXIS2_PLACEMENT_3D('',#10013,#10014,#10015);
#10013 = CARTESIAN_POINT('',(-11.,-1.525,5.E-02));
#10014 = DIRECTION('',(-0.,1.,0.));
#10015 = DIRECTION('',(0.,0.,1.));
#10016 = ADVANCED_FACE('',(#10017),#10028,.F.);
#10017 = FACE_BOUND('',#10018,.F.);
#10018 = EDGE_LOOP('',(#10019,#10020,#10021,#10022));
#10019 = ORIENTED_EDGE('',*,*,#9957,.F.);
#10020 = ORIENTED_EDGE('',*,*,#9864,.F.);
#10021 = ORIENTED_EDGE('',*,*,#9894,.T.);
#10022 = ORIENTED_EDGE('',*,*,#10023,.T.);
#10023 = EDGE_CURVE('',#9895,#9958,#10024,.T.);
#10024 = LINE('',#10025,#10026);
#10025 = CARTESIAN_POINT('',(-8.635,-2.83,5.E-02));
#10026 = VECTOR('',#10027,1.);
#10027 = DIRECTION('',(-0.,1.,0.));
#10028 = PLANE('',#10029);
#10029 = AXIS2_PLACEMENT_3D('',#10030,#10031,#10032);
#10030 = CARTESIAN_POINT('',(-11.,-2.825,5.E-02));
#10031 = DIRECTION('',(0.,0.,1.));
#10032 = DIRECTION('',(1.,0.,-0.));
#10033 = ADVANCED_FACE('',(#10034),#10059,.F.);
#10034 = FACE_BOUND('',#10035,.F.);
#10035 = EDGE_LOOP('',(#10036,#10046,#10052,#10053));
#10036 = ORIENTED_EDGE('',*,*,#10037,.F.);
#10037 = EDGE_CURVE('',#10038,#10040,#10042,.T.);
#10038 = VERTEX_POINT('',#10039);
#10039 = CARTESIAN_POINT('',(8.635,-1.525,5.E-02));
#10040 = VERTEX_POINT('',#10041);
#10041 = CARTESIAN_POINT('',(11.,-1.525,5.E-02));
#10042 = LINE('',#10043,#10044);
#10043 = CARTESIAN_POINT('',(-11.,-1.525,5.E-02));
#10044 = VECTOR('',#10045,1.);
#10045 = DIRECTION('',(1.,0.,-0.));
#10046 = ORIENTED_EDGE('',*,*,#10047,.F.);
#10047 = EDGE_CURVE('',#9920,#10038,#10048,.T.);
#10048 = LINE('',#10049,#10050);
#10049 = CARTESIAN_POINT('',(8.635,-2.83,5.E-02));
#10050 = VECTOR('',#10051,1.);
#10051 = DIRECTION('',(-0.,1.,0.));
#10052 = ORIENTED_EDGE('',*,*,#9919,.T.);
#10053 = ORIENTED_EDGE('',*,*,#10054,.T.);
#10054 = EDGE_CURVE('',#9912,#10040,#10055,.T.);
#10055 = LINE('',#10056,#10057);
#10056 = CARTESIAN_POINT('',(11.,-2.825,5.E-02));
#10057 = VECTOR('',#10058,1.);
#10058 = DIRECTION('',(-0.,1.,0.));
#10059 = PLANE('',#10060);
#10060 = AXIS2_PLACEMENT_3D('',#10061,#10062,#10063);
#10061 = CARTESIAN_POINT('',(-11.,-2.825,5.E-02));
#10062 = DIRECTION('',(0.,0.,1.));
#10063 = DIRECTION('',(1.,0.,-0.));
#10064 = ADVANCED_FACE('',(#10065),#10083,.T.);
#10065 = FACE_BOUND('',#10066,.T.);
#10066 = EDGE_LOOP('',(#10067,#10068,#10069,#10077));
#10067 = ORIENTED_EDGE('',*,*,#9911,.F.);
#10068 = ORIENTED_EDGE('',*,*,#10054,.T.);
#10069 = ORIENTED_EDGE('',*,*,#10070,.T.);
#10070 = EDGE_CURVE('',#10040,#10071,#10073,.T.);
#10071 = VERTEX_POINT('',#10072);
#10072 = CARTESIAN_POINT('',(11.,-1.525,2.45));
#10073 = LINE('',#10074,#10075);
#10074 = CARTESIAN_POINT('',(11.,-1.525,5.E-02));
#10075 = VECTOR('',#10076,1.);
#10076 = DIRECTION('',(0.,0.,1.));
#10077 = ORIENTED_EDGE('',*,*,#10078,.F.);
#10078 = EDGE_CURVE('',#9904,#10071,#10079,.T.);
#10079 = LINE('',#10080,#10081);
#10080 = CARTESIAN_POINT('',(11.,-2.825,2.45));
#10081 = VECTOR('',#10082,1.);
#10082 = DIRECTION('',(-0.,1.,0.));
#10083 = PLANE('',#10084);
#10084 = AXIS2_PLACEMENT_3D('',#10085,#10086,#10087);
#10085 = CARTESIAN_POINT('',(11.,-2.825,5.E-02));
#10086 = DIRECTION('',(1.,0.,-0.));
#10087 = DIRECTION('',(0.,0.,1.));
#10088 = ADVANCED_FACE('',(#10089),#10139,.T.);
#10089 = FACE_BOUND('',#10090,.T.);
#10090 = EDGE_LOOP('',(#10091,#10099,#10107,#10115,#10123,#10131,#10137,
    #10138));
#10091 = ORIENTED_EDGE('',*,*,#10092,.F.);
#10092 = EDGE_CURVE('',#10093,#10038,#10095,.T.);
#10093 = VERTEX_POINT('',#10094);
#10094 = CARTESIAN_POINT('',(8.635,-1.525,0.43));
#10095 = LINE('',#10096,#10097);
#10096 = CARTESIAN_POINT('',(8.635,-1.525,2.5E-02));
#10097 = VECTOR('',#10098,1.);
#10098 = DIRECTION('',(-0.,0.,-1.));
#10099 = ORIENTED_EDGE('',*,*,#10100,.T.);
#10100 = EDGE_CURVE('',#10093,#10101,#10103,.T.);
#10101 = VERTEX_POINT('',#10102);
#10102 = CARTESIAN_POINT('',(10.56,-1.525,0.43));
#10103 = LINE('',#10104,#10105);
#10104 = CARTESIAN_POINT('',(8.635,-1.525,0.43));
#10105 = VECTOR('',#10106,1.);
#10106 = DIRECTION('',(1.,0.,-0.));
#10107 = ORIENTED_EDGE('',*,*,#10108,.T.);
#10108 = EDGE_CURVE('',#10101,#10109,#10111,.T.);
#10109 = VERTEX_POINT('',#10110);
#10110 = CARTESIAN_POINT('',(10.56,-1.525,2.1));
#10111 = LINE('',#10112,#10113);
#10112 = CARTESIAN_POINT('',(10.56,-1.525,0.43));
#10113 = VECTOR('',#10114,1.);
#10114 = DIRECTION('',(0.,0.,1.));
#10115 = ORIENTED_EDGE('',*,*,#10116,.T.);
#10116 = EDGE_CURVE('',#10109,#10117,#10119,.T.);
#10117 = VERTEX_POINT('',#10118);
#10118 = CARTESIAN_POINT('',(10.025,-1.525,2.1));
#10119 = LINE('',#10120,#10121);
#10120 = CARTESIAN_POINT('',(10.56,-1.525,2.1));
#10121 = VECTOR('',#10122,1.);
#10122 = DIRECTION('',(-1.,0.,0.));
#10123 = ORIENTED_EDGE('',*,*,#10124,.T.);
#10124 = EDGE_CURVE('',#10117,#10125,#10127,.T.);
#10125 = VERTEX_POINT('',#10126);
#10126 = CARTESIAN_POINT('',(10.025,-1.525,2.45));
#10127 = LINE('',#10128,#10129);
#10128 = CARTESIAN_POINT('',(10.025,-1.525,1.3));
#10129 = VECTOR('',#10130,1.);
#10130 = DIRECTION('',(0.,0.,1.));
#10131 = ORIENTED_EDGE('',*,*,#10132,.T.);
#10132 = EDGE_CURVE('',#10125,#10071,#10133,.T.);
#10133 = LINE('',#10134,#10135);
#10134 = CARTESIAN_POINT('',(-11.,-1.525,2.45));
#10135 = VECTOR('',#10136,1.);
#10136 = DIRECTION('',(1.,0.,-0.));
#10137 = ORIENTED_EDGE('',*,*,#10070,.F.);
#10138 = ORIENTED_EDGE('',*,*,#10037,.F.);
#10139 = PLANE('',#10140);
#10140 = AXIS2_PLACEMENT_3D('',#10141,#10142,#10143);
#10141 = CARTESIAN_POINT('',(-11.,-1.525,5.E-02));
#10142 = DIRECTION('',(-0.,1.,0.));
#10143 = DIRECTION('',(0.,0.,1.));
#10144 = ADVANCED_FACE('',(#10145),#10170,.T.);
#10145 = FACE_BOUND('',#10146,.T.);
#10146 = EDGE_LOOP('',(#10147,#10148,#10156,#10164));
#10147 = ORIENTED_EDGE('',*,*,#9990,.T.);
#10148 = ORIENTED_EDGE('',*,*,#10149,.T.);
#10149 = EDGE_CURVE('',#9983,#10150,#10152,.T.);
#10150 = VERTEX_POINT('',#10151);
#10151 = CARTESIAN_POINT('',(-10.23,2.07,2.1));
#10152 = LINE('',#10153,#10154);
#10153 = CARTESIAN_POINT('',(-10.56,-1.525,2.1));
#10154 = VECTOR('',#10155,1.);
#10155 = DIRECTION('',(9.140984906761E-02,0.995813355752,0.));
#10156 = ORIENTED_EDGE('',*,*,#10157,.F.);
#10157 = EDGE_CURVE('',#10158,#10150,#10160,.T.);
#10158 = VERTEX_POINT('',#10159);
#10159 = CARTESIAN_POINT('',(-10.23,2.07,0.43));
#10160 = LINE('',#10161,#10162);
#10161 = CARTESIAN_POINT('',(-10.23,2.07,0.43));
#10162 = VECTOR('',#10163,1.);
#10163 = DIRECTION('',(0.,0.,1.));
#10164 = ORIENTED_EDGE('',*,*,#10165,.F.);
#10165 = EDGE_CURVE('',#9991,#10158,#10166,.T.);
#10166 = LINE('',#10167,#10168);
#10167 = CARTESIAN_POINT('',(-10.56,-1.525,0.43));
#10168 = VECTOR('',#10169,1.);
#10169 = DIRECTION('',(9.140984906761E-02,0.995813355752,0.));
#10170 = PLANE('',#10171);
#10171 = AXIS2_PLACEMENT_3D('',#10172,#10173,#10174);
#10172 = CARTESIAN_POINT('',(-10.56,-1.525,0.43));
#10173 = DIRECTION('',(-0.995813355752,9.140984906761E-02,0.));
#10174 = DIRECTION('',(9.140984906761E-02,0.995813355752,0.));
#10175 = ADVANCED_FACE('',(#10176),#10202,.F.);
#10176 = FACE_BOUND('',#10177,.F.);
#10177 = EDGE_LOOP('',(#10178,#10179,#10180,#10188,#10196));
#10178 = ORIENTED_EDGE('',*,*,#9982,.T.);
#10179 = ORIENTED_EDGE('',*,*,#10149,.T.);
#10180 = ORIENTED_EDGE('',*,*,#10181,.T.);
#10181 = EDGE_CURVE('',#10150,#10182,#10184,.T.);
#10182 = VERTEX_POINT('',#10183);
#10183 = CARTESIAN_POINT('',(-10.025,2.07,2.1));
#10184 = LINE('',#10185,#10186);
#10185 = CARTESIAN_POINT('',(-10.23,2.07,2.1));
#10186 = VECTOR('',#10187,1.);
#10187 = DIRECTION('',(1.,0.,0.));
#10188 = ORIENTED_EDGE('',*,*,#10189,.T.);
#10189 = EDGE_CURVE('',#10182,#10190,#10192,.T.);
#10190 = VERTEX_POINT('',#10191);
#10191 = CARTESIAN_POINT('',(-10.025,-7.5E-02,2.1));
#10192 = LINE('',#10193,#10194);
#10193 = CARTESIAN_POINT('',(-10.025,2.07,2.1));
#10194 = VECTOR('',#10195,1.);
#10195 = DIRECTION('',(0.,-1.,0.));
#10196 = ORIENTED_EDGE('',*,*,#10197,.T.);
#10197 = EDGE_CURVE('',#10190,#9975,#10198,.T.);
#10198 = LINE('',#10199,#10200);
#10199 = CARTESIAN_POINT('',(-10.025,2.07,2.1));
#10200 = VECTOR('',#10201,1.);
#10201 = DIRECTION('',(0.,-1.,0.));
#10202 = PLANE('',#10203);
#10203 = AXIS2_PLACEMENT_3D('',#10204,#10205,#10206);
#10204 = CARTESIAN_POINT('',(-10.21377856603,0.197840910114,2.1));
#10205 = DIRECTION('',(-0.,-0.,-1.));
#10206 = DIRECTION('',(-1.,0.,0.));
#10207 = ADVANCED_FACE('',(#10208),#10226,.F.);
#10208 = FACE_BOUND('',#10209,.F.);
#10209 = EDGE_LOOP('',(#10210,#10211,#10212,#10220));
#10210 = ORIENTED_EDGE('',*,*,#9974,.F.);
#10211 = ORIENTED_EDGE('',*,*,#10197,.F.);
#10212 = ORIENTED_EDGE('',*,*,#10213,.T.);
#10213 = EDGE_CURVE('',#10190,#10214,#10216,.T.);
#10214 = VERTEX_POINT('',#10215);
#10215 = CARTESIAN_POINT('',(-10.025,-7.5E-02,2.45));
#10216 = LINE('',#10217,#10218);
#10217 = CARTESIAN_POINT('',(-10.025,-7.5E-02,1.3));
#10218 = VECTOR('',#10219,1.);
#10219 = DIRECTION('',(0.,0.,1.));
#10220 = ORIENTED_EDGE('',*,*,#10221,.F.);
#10221 = EDGE_CURVE('',#9967,#10214,#10222,.T.);
#10222 = LINE('',#10223,#10224);
#10223 = CARTESIAN_POINT('',(-10.025,-1.525,2.45));
#10224 = VECTOR('',#10225,1.);
#10225 = DIRECTION('',(-0.,1.,0.));
#10226 = PLANE('',#10227);
#10227 = AXIS2_PLACEMENT_3D('',#10228,#10229,#10230);
#10228 = CARTESIAN_POINT('',(-10.025,-1.525,1.3));
#10229 = DIRECTION('',(1.,0.,-0.));
#10230 = DIRECTION('',(0.,0.,1.));
#10231 = ADVANCED_FACE('',(#10232),#10257,.T.);
#10232 = FACE_BOUND('',#10233,.T.);
#10233 = EDGE_LOOP('',(#10234,#10235,#10243,#10251));
#10234 = ORIENTED_EDGE('',*,*,#10124,.F.);
#10235 = ORIENTED_EDGE('',*,*,#10236,.T.);
#10236 = EDGE_CURVE('',#10117,#10237,#10239,.T.);
#10237 = VERTEX_POINT('',#10238);
#10238 = CARTESIAN_POINT('',(10.025,-7.5E-02,2.1));
#10239 = LINE('',#10240,#10241);
#10240 = CARTESIAN_POINT('',(10.025,-1.525,2.1));
#10241 = VECTOR('',#10242,1.);
#10242 = DIRECTION('',(0.,1.,0.));
#10243 = ORIENTED_EDGE('',*,*,#10244,.T.);
#10244 = EDGE_CURVE('',#10237,#10245,#10247,.T.);
#10245 = VERTEX_POINT('',#10246);
#10246 = CARTESIAN_POINT('',(10.025,-7.5E-02,2.45));
#10247 = LINE('',#10248,#10249);
#10248 = CARTESIAN_POINT('',(10.025,-7.5E-02,1.3));
#10249 = VECTOR('',#10250,1.);
#10250 = DIRECTION('',(0.,0.,1.));
#10251 = ORIENTED_EDGE('',*,*,#10252,.F.);
#10252 = EDGE_CURVE('',#10125,#10245,#10253,.T.);
#10253 = LINE('',#10254,#10255);
#10254 = CARTESIAN_POINT('',(10.025,-1.525,2.45));
#10255 = VECTOR('',#10256,1.);
#10256 = DIRECTION('',(-0.,1.,0.));
#10257 = PLANE('',#10258);
#10258 = AXIS2_PLACEMENT_3D('',#10259,#10260,#10261);
#10259 = CARTESIAN_POINT('',(10.025,-1.525,1.3));
#10260 = DIRECTION('',(1.,0.,-0.));
#10261 = DIRECTION('',(0.,0.,1.));
#10262 = ADVANCED_FACE('',(#10263),#10289,.F.);
#10263 = FACE_BOUND('',#10264,.F.);
#10264 = EDGE_LOOP('',(#10265,#10275,#10281,#10282,#10283));
#10265 = ORIENTED_EDGE('',*,*,#10266,.T.);
#10266 = EDGE_CURVE('',#10267,#10269,#10271,.T.);
#10267 = VERTEX_POINT('',#10268);
#10268 = CARTESIAN_POINT('',(10.025,2.07,2.1));
#10269 = VERTEX_POINT('',#10270);
#10270 = CARTESIAN_POINT('',(10.23,2.07,2.1));
#10271 = LINE('',#10272,#10273);
#10272 = CARTESIAN_POINT('',(10.025,2.07,2.1));
#10273 = VECTOR('',#10274,1.);
#10274 = DIRECTION('',(1.,0.,0.));
#10275 = ORIENTED_EDGE('',*,*,#10276,.T.);
#10276 = EDGE_CURVE('',#10269,#10109,#10277,.T.);
#10277 = LINE('',#10278,#10279);
#10278 = CARTESIAN_POINT('',(10.23,2.07,2.1));
#10279 = VECTOR('',#10280,1.);
#10280 = DIRECTION('',(9.140984906761E-02,-0.995813355752,0.));
#10281 = ORIENTED_EDGE('',*,*,#10116,.T.);
#10282 = ORIENTED_EDGE('',*,*,#10236,.T.);
#10283 = ORIENTED_EDGE('',*,*,#10284,.T.);
#10284 = EDGE_CURVE('',#10237,#10267,#10285,.T.);
#10285 = LINE('',#10286,#10287);
#10286 = CARTESIAN_POINT('',(10.025,-1.525,2.1));
#10287 = VECTOR('',#10288,1.);
#10288 = DIRECTION('',(0.,1.,0.));
#10289 = PLANE('',#10290);
#10290 = AXIS2_PLACEMENT_3D('',#10291,#10292,#10293);
#10291 = CARTESIAN_POINT('',(10.21377856603,0.197840910114,2.1));
#10292 = DIRECTION('',(-0.,-0.,-1.));
#10293 = DIRECTION('',(-1.,0.,0.));
#10294 = ADVANCED_FACE('',(#10295),#10313,.T.);
#10295 = FACE_BOUND('',#10296,.T.);
#10296 = EDGE_LOOP('',(#10297,#10305,#10306,#10307));
#10297 = ORIENTED_EDGE('',*,*,#10298,.T.);
#10298 = EDGE_CURVE('',#10299,#10269,#10301,.T.);
#10299 = VERTEX_POINT('',#10300);
#10300 = CARTESIAN_POINT('',(10.23,2.07,0.43));
#10301 = LINE('',#10302,#10303);
#10302 = CARTESIAN_POINT('',(10.23,2.07,0.43));
#10303 = VECTOR('',#10304,1.);
#10304 = DIRECTION('',(0.,0.,1.));
#10305 = ORIENTED_EDGE('',*,*,#10276,.T.);
#10306 = ORIENTED_EDGE('',*,*,#10108,.F.);
#10307 = ORIENTED_EDGE('',*,*,#10308,.F.);
#10308 = EDGE_CURVE('',#10299,#10101,#10309,.T.);
#10309 = LINE('',#10310,#10311);
#10310 = CARTESIAN_POINT('',(10.23,2.07,0.43));
#10311 = VECTOR('',#10312,1.);
#10312 = DIRECTION('',(9.140984906761E-02,-0.995813355752,0.));
#10313 = PLANE('',#10314);
#10314 = AXIS2_PLACEMENT_3D('',#10315,#10316,#10317);
#10315 = CARTESIAN_POINT('',(10.23,2.07,0.43));
#10316 = DIRECTION('',(0.995813355752,9.140984906761E-02,-0.));
#10317 = DIRECTION('',(9.140984906761E-02,-0.995813355752,0.));
#10318 = ADVANCED_FACE('',(#10319),#10337,.T.);
#10319 = FACE_BOUND('',#10320,.T.);
#10320 = EDGE_LOOP('',(#10321,#10322,#10323,#10331));
#10321 = ORIENTED_EDGE('',*,*,#10157,.T.);
#10322 = ORIENTED_EDGE('',*,*,#10181,.T.);
#10323 = ORIENTED_EDGE('',*,*,#10324,.F.);
#10324 = EDGE_CURVE('',#10325,#10182,#10327,.T.);
#10325 = VERTEX_POINT('',#10326);
#10326 = CARTESIAN_POINT('',(-10.025,2.07,0.43));
#10327 = LINE('',#10328,#10329);
#10328 = CARTESIAN_POINT('',(-10.025,2.07,0.43));
#10329 = VECTOR('',#10330,1.);
#10330 = DIRECTION('',(0.,0.,1.));
#10331 = ORIENTED_EDGE('',*,*,#10332,.F.);
#10332 = EDGE_CURVE('',#10158,#10325,#10333,.T.);
#10333 = LINE('',#10334,#10335);
#10334 = CARTESIAN_POINT('',(-10.23,2.07,0.43));
#10335 = VECTOR('',#10336,1.);
#10336 = DIRECTION('',(1.,0.,0.));
#10337 = PLANE('',#10338);
#10338 = AXIS2_PLACEMENT_3D('',#10339,#10340,#10341);
#10339 = CARTESIAN_POINT('',(-10.23,2.07,0.43));
#10340 = DIRECTION('',(0.,1.,0.));
#10341 = DIRECTION('',(1.,0.,0.));
#10342 = ADVANCED_FACE('',(#10343),#10361,.T.);
#10343 = FACE_BOUND('',#10344,.T.);
#10344 = EDGE_LOOP('',(#10345,#10353,#10354,#10355));
#10345 = ORIENTED_EDGE('',*,*,#10346,.F.);
#10346 = EDGE_CURVE('',#10325,#10347,#10349,.T.);
#10347 = VERTEX_POINT('',#10348);
#10348 = CARTESIAN_POINT('',(-10.025,-7.5E-02,0.43));
#10349 = LINE('',#10350,#10351);
#10350 = CARTESIAN_POINT('',(-10.025,2.07,0.43));
#10351 = VECTOR('',#10352,1.);
#10352 = DIRECTION('',(0.,-1.,0.));
#10353 = ORIENTED_EDGE('',*,*,#10324,.T.);
#10354 = ORIENTED_EDGE('',*,*,#10189,.T.);
#10355 = ORIENTED_EDGE('',*,*,#10356,.F.);
#10356 = EDGE_CURVE('',#10347,#10190,#10357,.T.);
#10357 = LINE('',#10358,#10359);
#10358 = CARTESIAN_POINT('',(-10.025,-7.5E-02,1.3));
#10359 = VECTOR('',#10360,1.);
#10360 = DIRECTION('',(0.,0.,1.));
#10361 = PLANE('',#10362);
#10362 = AXIS2_PLACEMENT_3D('',#10363,#10364,#10365);
#10363 = CARTESIAN_POINT('',(-10.025,2.07,0.43));
#10364 = DIRECTION('',(1.,0.,-0.));
#10365 = DIRECTION('',(0.,-1.,0.));
#10366 = ADVANCED_FACE('',(#10367),#10392,.T.);
#10367 = FACE_BOUND('',#10368,.T.);
#10368 = EDGE_LOOP('',(#10369,#10379,#10385,#10386));
#10369 = ORIENTED_EDGE('',*,*,#10370,.F.);
#10370 = EDGE_CURVE('',#10371,#10373,#10375,.T.);
#10371 = VERTEX_POINT('',#10372);
#10372 = CARTESIAN_POINT('',(10.025,-7.5E-02,0.43));
#10373 = VERTEX_POINT('',#10374);
#10374 = CARTESIAN_POINT('',(10.025,2.07,0.43));
#10375 = LINE('',#10376,#10377);
#10376 = CARTESIAN_POINT('',(10.025,-1.525,0.43));
#10377 = VECTOR('',#10378,1.);
#10378 = DIRECTION('',(0.,1.,0.));
#10379 = ORIENTED_EDGE('',*,*,#10380,.T.);
#10380 = EDGE_CURVE('',#10371,#10237,#10381,.T.);
#10381 = LINE('',#10382,#10383);
#10382 = CARTESIAN_POINT('',(10.025,-7.5E-02,0.43));
#10383 = VECTOR('',#10384,1.);
#10384 = DIRECTION('',(0.,0.,1.));
#10385 = ORIENTED_EDGE('',*,*,#10284,.T.);
#10386 = ORIENTED_EDGE('',*,*,#10387,.F.);
#10387 = EDGE_CURVE('',#10373,#10267,#10388,.T.);
#10388 = LINE('',#10389,#10390);
#10389 = CARTESIAN_POINT('',(10.025,2.07,0.43));
#10390 = VECTOR('',#10391,1.);
#10391 = DIRECTION('',(0.,0.,1.));
#10392 = PLANE('',#10393);
#10393 = AXIS2_PLACEMENT_3D('',#10394,#10395,#10396);
#10394 = CARTESIAN_POINT('',(10.025,-1.525,0.43));
#10395 = DIRECTION('',(-1.,0.,0.));
#10396 = DIRECTION('',(0.,1.,0.));
#10397 = ADVANCED_FACE('',(#10398),#10409,.T.);
#10398 = FACE_BOUND('',#10399,.T.);
#10399 = EDGE_LOOP('',(#10400,#10401,#10402,#10403));
#10400 = ORIENTED_EDGE('',*,*,#10387,.T.);
#10401 = ORIENTED_EDGE('',*,*,#10266,.T.);
#10402 = ORIENTED_EDGE('',*,*,#10298,.F.);
#10403 = ORIENTED_EDGE('',*,*,#10404,.F.);
#10404 = EDGE_CURVE('',#10373,#10299,#10405,.T.);
#10405 = LINE('',#10406,#10407);
#10406 = CARTESIAN_POINT('',(10.025,2.07,0.43));
#10407 = VECTOR('',#10408,1.);
#10408 = DIRECTION('',(1.,0.,0.));
#10409 = PLANE('',#10410);
#10410 = AXIS2_PLACEMENT_3D('',#10411,#10412,#10413);
#10411 = CARTESIAN_POINT('',(10.025,2.07,0.43));
#10412 = DIRECTION('',(0.,1.,0.));
#10413 = DIRECTION('',(1.,0.,0.));
#10414 = ADVANCED_FACE('',(#10415),#10430,.T.);
#10415 = FACE_BOUND('',#10416,.T.);
#10416 = EDGE_LOOP('',(#10417,#10418,#10419,#10420,#10421,#10422,#10428,
    #10429));
#10417 = ORIENTED_EDGE('',*,*,#9880,.F.);
#10418 = ORIENTED_EDGE('',*,*,#9903,.T.);
#10419 = ORIENTED_EDGE('',*,*,#10078,.T.);
#10420 = ORIENTED_EDGE('',*,*,#10132,.F.);
#10421 = ORIENTED_EDGE('',*,*,#10252,.T.);
#10422 = ORIENTED_EDGE('',*,*,#10423,.F.);
#10423 = EDGE_CURVE('',#10214,#10245,#10424,.T.);
#10424 = LINE('',#10425,#10426);
#10425 = CARTESIAN_POINT('',(-10.025,-7.5E-02,2.45));
#10426 = VECTOR('',#10427,1.);
#10427 = DIRECTION('',(1.,0.,-0.));
#10428 = ORIENTED_EDGE('',*,*,#10221,.F.);
#10429 = ORIENTED_EDGE('',*,*,#9966,.F.);
#10430 = PLANE('',#10431);
#10431 = AXIS2_PLACEMENT_3D('',#10432,#10433,#10434);
#10432 = CARTESIAN_POINT('',(7.177199351112E-17,-1.507121212121,2.45));
#10433 = DIRECTION('',(0.,0.,1.));
#10434 = DIRECTION('',(1.,0.,-0.));
#10435 = ADVANCED_FACE('',(#10436),#10463,.T.);
#10436 = FACE_BOUND('',#10437,.T.);
#10437 = EDGE_LOOP('',(#10438,#10439,#10440,#10441,#10449,#10457));
#10438 = ORIENTED_EDGE('',*,*,#9943,.T.);
#10439 = ORIENTED_EDGE('',*,*,#10023,.T.);
#10440 = ORIENTED_EDGE('',*,*,#10006,.F.);
#10441 = ORIENTED_EDGE('',*,*,#10442,.T.);
#10442 = EDGE_CURVE('',#9999,#10443,#10445,.T.);
#10443 = VERTEX_POINT('',#10444);
#10444 = CARTESIAN_POINT('',(-8.635,-7.5E-02,0.43));
#10445 = LINE('',#10446,#10447);
#10446 = CARTESIAN_POINT('',(-8.635,-1.525,0.43));
#10447 = VECTOR('',#10448,1.);
#10448 = DIRECTION('',(-0.,1.,0.));
#10449 = ORIENTED_EDGE('',*,*,#10450,.T.);
#10450 = EDGE_CURVE('',#10443,#10451,#10453,.T.);
#10451 = VERTEX_POINT('',#10452);
#10452 = CARTESIAN_POINT('',(-8.635,-7.5E-02,1.3));
#10453 = LINE('',#10454,#10455);
#10454 = CARTESIAN_POINT('',(-8.635,-7.5E-02,0.43));
#10455 = VECTOR('',#10456,1.);
#10456 = DIRECTION('',(0.,0.,1.));
#10457 = ORIENTED_EDGE('',*,*,#10458,.F.);
#10458 = EDGE_CURVE('',#9936,#10451,#10459,.T.);
#10459 = LINE('',#10460,#10461);
#10460 = CARTESIAN_POINT('',(-8.635,-1.525,1.3));
#10461 = VECTOR('',#10462,1.);
#10462 = DIRECTION('',(-0.,1.,0.));
#10463 = PLANE('',#10464);
#10464 = AXIS2_PLACEMENT_3D('',#10465,#10466,#10467);
#10465 = CARTESIAN_POINT('',(-8.635,-1.518875,0.743875));
#10466 = DIRECTION('',(1.,0.,0.));
#10467 = DIRECTION('',(-0.,0.,1.));
#10468 = ADVANCED_FACE('',(#10469),#10487,.T.);
#10469 = FACE_BOUND('',#10470,.T.);
#10470 = EDGE_LOOP('',(#10471,#10472,#10480,#10486));
#10471 = ORIENTED_EDGE('',*,*,#10458,.T.);
#10472 = ORIENTED_EDGE('',*,*,#10473,.T.);
#10473 = EDGE_CURVE('',#10451,#10474,#10476,.T.);
#10474 = VERTEX_POINT('',#10475);
#10475 = CARTESIAN_POINT('',(8.635,-7.5E-02,1.3));
#10476 = LINE('',#10477,#10478);
#10477 = CARTESIAN_POINT('',(-10.025,-7.5E-02,1.3));
#10478 = VECTOR('',#10479,1.);
#10479 = DIRECTION('',(1.,0.,-0.));
#10480 = ORIENTED_EDGE('',*,*,#10481,.F.);
#10481 = EDGE_CURVE('',#9928,#10474,#10482,.T.);
#10482 = LINE('',#10483,#10484);
#10483 = CARTESIAN_POINT('',(8.635,-1.525,1.3));
#10484 = VECTOR('',#10485,1.);
#10485 = DIRECTION('',(-0.,1.,0.));
#10486 = ORIENTED_EDGE('',*,*,#9935,.F.);
#10487 = PLANE('',#10488);
#10488 = AXIS2_PLACEMENT_3D('',#10489,#10490,#10491);
#10489 = CARTESIAN_POINT('',(3.549164514286E-16,-1.45,1.3));
#10490 = DIRECTION('',(-0.,-0.,-1.));
#10491 = DIRECTION('',(-1.,0.,0.));
#10492 = ADVANCED_FACE('',(#10493),#10513,.T.);
#10493 = FACE_BOUND('',#10494,.T.);
#10494 = EDGE_LOOP('',(#10495,#10496,#10504,#10510,#10511,#10512));
#10495 = ORIENTED_EDGE('',*,*,#10481,.T.);
#10496 = ORIENTED_EDGE('',*,*,#10497,.F.);
#10497 = EDGE_CURVE('',#10498,#10474,#10500,.T.);
#10498 = VERTEX_POINT('',#10499);
#10499 = CARTESIAN_POINT('',(8.635,-7.5E-02,0.43));
#10500 = LINE('',#10501,#10502);
#10501 = CARTESIAN_POINT('',(8.635,-7.5E-02,0.43));
#10502 = VECTOR('',#10503,1.);
#10503 = DIRECTION('',(0.,0.,1.));
#10504 = ORIENTED_EDGE('',*,*,#10505,.F.);
#10505 = EDGE_CURVE('',#10093,#10498,#10506,.T.);
#10506 = LINE('',#10507,#10508);
#10507 = CARTESIAN_POINT('',(8.635,-1.525,0.43));
#10508 = VECTOR('',#10509,1.);
#10509 = DIRECTION('',(-0.,1.,0.));
#10510 = ORIENTED_EDGE('',*,*,#10092,.T.);
#10511 = ORIENTED_EDGE('',*,*,#10047,.F.);
#10512 = ORIENTED_EDGE('',*,*,#9927,.F.);
#10513 = PLANE('',#10514);
#10514 = AXIS2_PLACEMENT_3D('',#10515,#10516,#10517);
#10515 = CARTESIAN_POINT('',(8.635,-1.518875,0.743875));
#10516 = DIRECTION('',(-1.,4.28515634757E-16,7.59230179063E-16));
#10517 = DIRECTION('',(-7.59230179063E-16,0.,-1.));
#10518 = ADVANCED_FACE('',(#10519),#10532,.T.);
#10519 = FACE_BOUND('',#10520,.T.);
#10520 = EDGE_LOOP('',(#10521,#10527,#10528,#10529,#10530,#10531));
#10521 = ORIENTED_EDGE('',*,*,#10522,.T.);
#10522 = EDGE_CURVE('',#10347,#10443,#10523,.T.);
#10523 = LINE('',#10524,#10525);
#10524 = CARTESIAN_POINT('',(-10.025,-7.5E-02,0.43));
#10525 = VECTOR('',#10526,1.);
#10526 = DIRECTION('',(1.,0.,-0.));
#10527 = ORIENTED_EDGE('',*,*,#10442,.F.);
#10528 = ORIENTED_EDGE('',*,*,#9998,.T.);
#10529 = ORIENTED_EDGE('',*,*,#10165,.T.);
#10530 = ORIENTED_EDGE('',*,*,#10332,.T.);
#10531 = ORIENTED_EDGE('',*,*,#10346,.T.);
#10532 = PLANE('',#10533);
#10533 = AXIS2_PLACEMENT_3D('',#10534,#10535,#10536);
#10534 = CARTESIAN_POINT('',(-9.79677560425,-6.080414128631E-02,0.43));
#10535 = DIRECTION('',(-0.,-0.,-1.));
#10536 = DIRECTION('',(-1.,0.,0.));
#10537 = ADVANCED_FACE('',(#10538),#10551,.T.);
#10538 = FACE_BOUND('',#10539,.T.);
#10539 = EDGE_LOOP('',(#10540,#10541,#10542,#10543,#10544,#10550));
#10540 = ORIENTED_EDGE('',*,*,#10404,.T.);
#10541 = ORIENTED_EDGE('',*,*,#10308,.T.);
#10542 = ORIENTED_EDGE('',*,*,#10100,.F.);
#10543 = ORIENTED_EDGE('',*,*,#10505,.T.);
#10544 = ORIENTED_EDGE('',*,*,#10545,.T.);
#10545 = EDGE_CURVE('',#10498,#10371,#10546,.T.);
#10546 = LINE('',#10547,#10548);
#10547 = CARTESIAN_POINT('',(8.635,-7.5E-02,0.43));
#10548 = VECTOR('',#10549,1.);
#10549 = DIRECTION('',(1.,0.,-0.));
#10550 = ORIENTED_EDGE('',*,*,#10370,.T.);
#10551 = PLANE('',#10552);
#10552 = AXIS2_PLACEMENT_3D('',#10553,#10554,#10555);
#10553 = CARTESIAN_POINT('',(9.79677560425,-6.080414128631E-02,0.43));
#10554 = DIRECTION('',(-0.,-0.,-1.));
#10555 = DIRECTION('',(-1.,0.,0.));
#10556 = ADVANCED_FACE('',(#10557),#10569,.T.);
#10557 = FACE_BOUND('',#10558,.T.);
#10558 = EDGE_LOOP('',(#10559,#10560,#10561,#10562,#10563,#10564,#10565,
    #10566,#10567,#10568));
#10559 = ORIENTED_EDGE('',*,*,#10473,.F.);
#10560 = ORIENTED_EDGE('',*,*,#10450,.F.);
#10561 = ORIENTED_EDGE('',*,*,#10522,.F.);
#10562 = ORIENTED_EDGE('',*,*,#10356,.T.);
#10563 = ORIENTED_EDGE('',*,*,#10213,.T.);
#10564 = ORIENTED_EDGE('',*,*,#10423,.T.);
#10565 = ORIENTED_EDGE('',*,*,#10244,.F.);
#10566 = ORIENTED_EDGE('',*,*,#10380,.F.);
#10567 = ORIENTED_EDGE('',*,*,#10545,.F.);
#10568 = ORIENTED_EDGE('',*,*,#10497,.T.);
#10569 = PLANE('',#10570);
#10570 = AXIS2_PLACEMENT_3D('',#10571,#10572,#10573);
#10571 = CARTESIAN_POINT('',(1.935872754359E-16,-7.5E-02,1.745675675676)
  );
#10572 = DIRECTION('',(0.,1.,0.));
#10573 = DIRECTION('',(0.,-0.,1.));
#10574 = ( GEOMETRIC_REPRESENTATION_CONTEXT(3) 
GLOBAL_UNCERTAINTY_ASSIGNED_CONTEXT((#10578)) 
GLOBAL_UNIT_ASSIGNED_CONTEXT((#10575,#10576,#10577)) 
REPRESENTATION_CONTEXT('Context #1',
  '3D Context with UNIT and UNCERTAINTY') );
#10575 = ( LENGTH_UNIT() NAMED_UNIT(*) SI_UNIT(.MILLI.,.METRE.) );
#10576 = ( NAMED_UNIT(*) PLANE_ANGLE_UNIT() SI_UNIT($,.RADIAN.) );
#10577 = ( NAMED_UNIT(*) SI_UNIT($,.STERADIAN.) SOLID_ANGLE_UNIT() );
#10578 = UNCERTAINTY_MEASURE_WITH_UNIT(LENGTH_MEASURE(1.E-07),#10575,
  'distance_accuracy_value','confusion accuracy');
#10579 = CONTEXT_DEPENDENT_SHAPE_REPRESENTATION(#10580,#10582);
#10580 = ( REPRESENTATION_RELATIONSHIP('','',#9847,#10) 
REPRESENTATION_RELATIONSHIP_WITH_TRANSFORMATION(#10581) 
SHAPE_REPRESENTATION_RELATIONSHIP() );
#10581 = ITEM_DEFINED_TRANSFORMATION('','',#11,#19);
#10582 = PRODUCT_DEFINITION_SHAPE('Placement','Placement of an item',
  #10583);
#10583 = NEXT_ASSEMBLY_USAGE_OCCURRENCE('2','latch','',#5,#9842,$);
#10584 = PRODUCT_RELATED_PRODUCT_CATEGORY('part',$,(#9844));
#10585 = SHAPE_DEFINITION_REPRESENTATION(#10586,#10592);
#10586 = PRODUCT_DEFINITION_SHAPE('','',#10587);
#10587 = PRODUCT_DEFINITION('design','',#10588,#10591);
#10588 = PRODUCT_DEFINITION_FORMATION('','',#10589);
#10589 = PRODUCT('terminals','terminals','',(#10590));
#10590 = PRODUCT_CONTEXT('',#2,'mechanical');
#10591 = PRODUCT_DEFINITION_CONTEXT('part definition',#2,'design');
#10592 = SHAPE_REPRESENTATION('',(#11,#10593,#11382,#12171,#12960,#13749
    ,#14538,#15327,#16116,#16905,#17694,#18483,#19272,#20061,#20850,
    #21639),#22428);
#10593 = MANIFOLD_SOLID_BREP('',#10594);
#10594 = CLOSED_SHELL('',(#10595,#10635,#10682,#10722,#10769,#10809,
    #10840,#10871,#10893,#10924,#10955,#10986,#11017,#11048,#11086,
    #11108,#11139,#11163,#11187,#11218,#11235,#11266,#11291,#11316,
    #11332,#11351,#11370));
#10595 = ADVANCED_FACE('',(#10596),#10630,.T.);
#10596 = FACE_BOUND('',#10597,.T.);
#10597 = EDGE_LOOP('',(#10598,#10608,#10616,#10624));
#10598 = ORIENTED_EDGE('',*,*,#10599,.F.);
#10599 = EDGE_CURVE('',#10600,#10602,#10604,.T.);
#10600 = VERTEX_POINT('',#10601);
#10601 = CARTESIAN_POINT('',(-7.15,2.275,0.86));
#10602 = VERTEX_POINT('',#10603);
#10603 = CARTESIAN_POINT('',(-7.125,2.275,0.86));
#10604 = LINE('',#10605,#10606);
#10605 = CARTESIAN_POINT('',(-7.15,2.275,0.86));
#10606 = VECTOR('',#10607,1.);
#10607 = DIRECTION('',(1.,0.,-0.));
#10608 = ORIENTED_EDGE('',*,*,#10609,.T.);
#10609 = EDGE_CURVE('',#10600,#10610,#10612,.T.);
#10610 = VERTEX_POINT('',#10611);
#10611 = CARTESIAN_POINT('',(-7.15,2.275,1.17));
#10612 = LINE('',#10613,#10614);
#10613 = CARTESIAN_POINT('',(-7.15,2.275,0.86));
#10614 = VECTOR('',#10615,1.);
#10615 = DIRECTION('',(0.,0.,1.));
#10616 = ORIENTED_EDGE('',*,*,#10617,.T.);
#10617 = EDGE_CURVE('',#10610,#10618,#10620,.T.);
#10618 = VERTEX_POINT('',#10619);
#10619 = CARTESIAN_POINT('',(-7.125,2.275,1.17));
#10620 = LINE('',#10621,#10622);
#10621 = CARTESIAN_POINT('',(-7.15,2.275,1.17));
#10622 = VECTOR('',#10623,1.);
#10623 = DIRECTION('',(1.,0.,-0.));
#10624 = ORIENTED_EDGE('',*,*,#10625,.F.);
#10625 = EDGE_CURVE('',#10602,#10618,#10626,.T.);
#10626 = LINE('',#10627,#10628);
#10627 = CARTESIAN_POINT('',(-7.125,2.275,0.12));
#10628 = VECTOR('',#10629,1.);
#10629 = DIRECTION('',(0.,0.,1.));
#10630 = PLANE('',#10631);
#10631 = AXIS2_PLACEMENT_3D('',#10632,#10633,#10634);
#10632 = CARTESIAN_POINT('',(-7.15,2.275,0.86));
#10633 = DIRECTION('',(-0.,1.,0.));
#10634 = DIRECTION('',(0.,0.,1.));
#10635 = ADVANCED_FACE('',(#10636),#10677,.F.);
#10636 = FACE_BOUND('',#10637,.F.);
#10637 = EDGE_LOOP('',(#10638,#10646,#10654,#10662,#10670,#10676));
#10638 = ORIENTED_EDGE('',*,*,#10639,.F.);
#10639 = EDGE_CURVE('',#10640,#10600,#10642,.T.);
#10640 = VERTEX_POINT('',#10641);
#10641 = CARTESIAN_POINT('',(-7.15,-0.6,0.86));
#10642 = LINE('',#10643,#10644);
#10643 = CARTESIAN_POINT('',(-7.15,-0.6,0.86));
#10644 = VECTOR('',#10645,1.);
#10645 = DIRECTION('',(-0.,1.,0.));
#10646 = ORIENTED_EDGE('',*,*,#10647,.T.);
#10647 = EDGE_CURVE('',#10640,#10648,#10650,.T.);
#10648 = VERTEX_POINT('',#10649);
#10649 = CARTESIAN_POINT('',(-6.85,-0.6,0.86));
#10650 = LINE('',#10651,#10652);
#10651 = CARTESIAN_POINT('',(-7.15,-0.6,0.86));
#10652 = VECTOR('',#10653,1.);
#10653 = DIRECTION('',(1.,0.,-0.));
#10654 = ORIENTED_EDGE('',*,*,#10655,.T.);
#10655 = EDGE_CURVE('',#10648,#10656,#10658,.T.);
#10656 = VERTEX_POINT('',#10657);
#10657 = CARTESIAN_POINT('',(-6.85,2.275,0.86));
#10658 = LINE('',#10659,#10660);
#10659 = CARTESIAN_POINT('',(-6.85,-0.6,0.86));
#10660 = VECTOR('',#10661,1.);
#10661 = DIRECTION('',(-0.,1.,0.));
#10662 = ORIENTED_EDGE('',*,*,#10663,.F.);
#10663 = EDGE_CURVE('',#10664,#10656,#10666,.T.);
#10664 = VERTEX_POINT('',#10665);
#10665 = CARTESIAN_POINT('',(-6.875,2.275,0.86));
#10666 = LINE('',#10667,#10668);
#10667 = CARTESIAN_POINT('',(-7.15,2.275,0.86));
#10668 = VECTOR('',#10669,1.);
#10669 = DIRECTION('',(1.,0.,-0.));
#10670 = ORIENTED_EDGE('',*,*,#10671,.F.);
#10671 = EDGE_CURVE('',#10602,#10664,#10672,.T.);
#10672 = LINE('',#10673,#10674);
#10673 = CARTESIAN_POINT('',(-7.15,2.275,0.86));
#10674 = VECTOR('',#10675,1.);
#10675 = DIRECTION('',(1.,0.,-0.));
#10676 = ORIENTED_EDGE('',*,*,#10599,.F.);
#10677 = PLANE('',#10678);
#10678 = AXIS2_PLACEMENT_3D('',#10679,#10680,#10681);
#10679 = CARTESIAN_POINT('',(-7.15,-0.6,0.86));
#10680 = DIRECTION('',(0.,0.,1.));
#10681 = DIRECTION('',(1.,0.,-0.));
#10682 = ADVANCED_FACE('',(#10683),#10717,.T.);
#10683 = FACE_BOUND('',#10684,.T.);
#10684 = EDGE_LOOP('',(#10685,#10695,#10703,#10711));
#10685 = ORIENTED_EDGE('',*,*,#10686,.F.);
#10686 = EDGE_CURVE('',#10687,#10689,#10691,.T.);
#10687 = VERTEX_POINT('',#10688);
#10688 = CARTESIAN_POINT('',(-7.15,2.275,0.3));
#10689 = VERTEX_POINT('',#10690);
#10690 = CARTESIAN_POINT('',(-7.125,2.275,0.3));
#10691 = LINE('',#10692,#10693);
#10692 = CARTESIAN_POINT('',(-7.15,2.275,0.3));
#10693 = VECTOR('',#10694,1.);
#10694 = DIRECTION('',(1.,0.,-0.));
#10695 = ORIENTED_EDGE('',*,*,#10696,.T.);
#10696 = EDGE_CURVE('',#10687,#10697,#10699,.T.);
#10697 = VERTEX_POINT('',#10698);
#10698 = CARTESIAN_POINT('',(-7.15,2.275,0.49));
#10699 = LINE('',#10700,#10701);
#10700 = CARTESIAN_POINT('',(-7.15,2.275,0.3));
#10701 = VECTOR('',#10702,1.);
#10702 = DIRECTION('',(0.,0.,1.));
#10703 = ORIENTED_EDGE('',*,*,#10704,.T.);
#10704 = EDGE_CURVE('',#10697,#10705,#10707,.T.);
#10705 = VERTEX_POINT('',#10706);
#10706 = CARTESIAN_POINT('',(-7.125,2.275,0.49));
#10707 = LINE('',#10708,#10709);
#10708 = CARTESIAN_POINT('',(-7.15,2.275,0.49));
#10709 = VECTOR('',#10710,1.);
#10710 = DIRECTION('',(1.,0.,-0.));
#10711 = ORIENTED_EDGE('',*,*,#10712,.F.);
#10712 = EDGE_CURVE('',#10689,#10705,#10713,.T.);
#10713 = LINE('',#10714,#10715);
#10714 = CARTESIAN_POINT('',(-7.125,2.275,0.12));
#10715 = VECTOR('',#10716,1.);
#10716 = DIRECTION('',(0.,0.,1.));
#10717 = PLANE('',#10718);
#10718 = AXIS2_PLACEMENT_3D('',#10719,#10720,#10721);
#10719 = CARTESIAN_POINT('',(-7.15,2.275,0.3));
#10720 = DIRECTION('',(-0.,1.,0.));
#10721 = DIRECTION('',(0.,0.,1.));
#10722 = ADVANCED_FACE('',(#10723),#10764,.F.);
#10723 = FACE_BOUND('',#10724,.F.);
#10724 = EDGE_LOOP('',(#10725,#10733,#10741,#10749,#10757,#10763));
#10725 = ORIENTED_EDGE('',*,*,#10726,.F.);
#10726 = EDGE_CURVE('',#10727,#10687,#10729,.T.);
#10727 = VERTEX_POINT('',#10728);
#10728 = CARTESIAN_POINT('',(-7.15,-0.925,0.3));
#10729 = LINE('',#10730,#10731);
#10730 = CARTESIAN_POINT('',(-7.15,-0.925,0.3));
#10731 = VECTOR('',#10732,1.);
#10732 = DIRECTION('',(-0.,1.,0.));
#10733 = ORIENTED_EDGE('',*,*,#10734,.T.);
#10734 = EDGE_CURVE('',#10727,#10735,#10737,.T.);
#10735 = VERTEX_POINT('',#10736);
#10736 = CARTESIAN_POINT('',(-6.85,-0.925,0.3));
#10737 = LINE('',#10738,#10739);
#10738 = CARTESIAN_POINT('',(-7.15,-0.925,0.3));
#10739 = VECTOR('',#10740,1.);
#10740 = DIRECTION('',(1.,0.,-0.));
#10741 = ORIENTED_EDGE('',*,*,#10742,.T.);
#10742 = EDGE_CURVE('',#10735,#10743,#10745,.T.);
#10743 = VERTEX_POINT('',#10744);
#10744 = CARTESIAN_POINT('',(-6.85,2.275,0.3));
#10745 = LINE('',#10746,#10747);
#10746 = CARTESIAN_POINT('',(-6.85,-0.925,0.3));
#10747 = VECTOR('',#10748,1.);
#10748 = DIRECTION('',(-0.,1.,0.));
#10749 = ORIENTED_EDGE('',*,*,#10750,.F.);
#10750 = EDGE_CURVE('',#10751,#10743,#10753,.T.);
#10751 = VERTEX_POINT('',#10752);
#10752 = CARTESIAN_POINT('',(-6.875,2.275,0.3));
#10753 = LINE('',#10754,#10755);
#10754 = CARTESIAN_POINT('',(-7.15,2.275,0.3));
#10755 = VECTOR('',#10756,1.);
#10756 = DIRECTION('',(1.,0.,-0.));
#10757 = ORIENTED_EDGE('',*,*,#10758,.F.);
#10758 = EDGE_CURVE('',#10689,#10751,#10759,.T.);
#10759 = LINE('',#10760,#10761);
#10760 = CARTESIAN_POINT('',(-7.15,2.275,0.3));
#10761 = VECTOR('',#10762,1.);
#10762 = DIRECTION('',(1.,0.,-0.));
#10763 = ORIENTED_EDGE('',*,*,#10686,.F.);
#10764 = PLANE('',#10765);
#10765 = AXIS2_PLACEMENT_3D('',#10766,#10767,#10768);
#10766 = CARTESIAN_POINT('',(-7.15,-0.925,0.3));
#10767 = DIRECTION('',(0.,0.,1.));
#10768 = DIRECTION('',(1.,0.,-0.));
#10769 = ADVANCED_FACE('',(#10770),#10804,.F.);
#10770 = FACE_BOUND('',#10771,.F.);
#10771 = EDGE_LOOP('',(#10772,#10782,#10790,#10798));
#10772 = ORIENTED_EDGE('',*,*,#10773,.T.);
#10773 = EDGE_CURVE('',#10774,#10776,#10778,.T.);
#10774 = VERTEX_POINT('',#10775);
#10775 = CARTESIAN_POINT('',(-7.125,2.475,0.12));
#10776 = VERTEX_POINT('',#10777);
#10777 = CARTESIAN_POINT('',(-6.875,2.475,0.12));
#10778 = LINE('',#10779,#10780);
#10779 = CARTESIAN_POINT('',(-7.125,2.475,0.12));
#10780 = VECTOR('',#10781,1.);
#10781 = DIRECTION('',(1.,0.,0.));
#10782 = ORIENTED_EDGE('',*,*,#10783,.T.);
#10783 = EDGE_CURVE('',#10776,#10784,#10786,.T.);
#10784 = VERTEX_POINT('',#10785);
#10785 = CARTESIAN_POINT('',(-6.875,2.825,0.));
#10786 = LINE('',#10787,#10788);
#10787 = CARTESIAN_POINT('',(-6.875,2.475,0.12));
#10788 = VECTOR('',#10789,1.);
#10789 = DIRECTION('',(0.,0.945945945946,-0.324324324324));
#10790 = ORIENTED_EDGE('',*,*,#10791,.F.);
#10791 = EDGE_CURVE('',#10792,#10784,#10794,.T.);
#10792 = VERTEX_POINT('',#10793);
#10793 = CARTESIAN_POINT('',(-7.125,2.825,0.));
#10794 = LINE('',#10795,#10796);
#10795 = CARTESIAN_POINT('',(-7.125,2.825,0.));
#10796 = VECTOR('',#10797,1.);
#10797 = DIRECTION('',(1.,0.,0.));
#10798 = ORIENTED_EDGE('',*,*,#10799,.F.);
#10799 = EDGE_CURVE('',#10774,#10792,#10800,.T.);
#10800 = LINE('',#10801,#10802);
#10801 = CARTESIAN_POINT('',(-7.125,2.475,0.12));
#10802 = VECTOR('',#10803,1.);
#10803 = DIRECTION('',(0.,0.945945945946,-0.324324324324));
#10804 = PLANE('',#10805);
#10805 = AXIS2_PLACEMENT_3D('',#10806,#10807,#10808);
#10806 = CARTESIAN_POINT('',(-7.125,2.475,0.12));
#10807 = DIRECTION('',(-0.,0.324324324324,0.945945945946));
#10808 = DIRECTION('',(0.,0.945945945946,-0.324324324324));
#10809 = ADVANCED_FACE('',(#10810),#10835,.F.);
#10810 = FACE_BOUND('',#10811,.F.);
#10811 = EDGE_LOOP('',(#10812,#10820,#10828,#10834));
#10812 = ORIENTED_EDGE('',*,*,#10813,.F.);
#10813 = EDGE_CURVE('',#10814,#10774,#10816,.T.);
#10814 = VERTEX_POINT('',#10815);
#10815 = CARTESIAN_POINT('',(-7.125,2.275,0.12));
#10816 = LINE('',#10817,#10818);
#10817 = CARTESIAN_POINT('',(-7.125,2.275,0.12));
#10818 = VECTOR('',#10819,1.);
#10819 = DIRECTION('',(-0.,1.,0.));
#10820 = ORIENTED_EDGE('',*,*,#10821,.T.);
#10821 = EDGE_CURVE('',#10814,#10822,#10824,.T.);
#10822 = VERTEX_POINT('',#10823);
#10823 = CARTESIAN_POINT('',(-6.875,2.275,0.12));
#10824 = LINE('',#10825,#10826);
#10825 = CARTESIAN_POINT('',(-7.125,2.275,0.12));
#10826 = VECTOR('',#10827,1.);
#10827 = DIRECTION('',(1.,0.,-0.));
#10828 = ORIENTED_EDGE('',*,*,#10829,.T.);
#10829 = EDGE_CURVE('',#10822,#10776,#10830,.T.);
#10830 = LINE('',#10831,#10832);
#10831 = CARTESIAN_POINT('',(-6.875,2.275,0.12));
#10832 = VECTOR('',#10833,1.);
#10833 = DIRECTION('',(-0.,1.,0.));
#10834 = ORIENTED_EDGE('',*,*,#10773,.F.);
#10835 = PLANE('',#10836);
#10836 = AXIS2_PLACEMENT_3D('',#10837,#10838,#10839);
#10837 = CARTESIAN_POINT('',(-7.125,2.275,0.12));
#10838 = DIRECTION('',(0.,0.,1.));
#10839 = DIRECTION('',(1.,0.,-0.));
#10840 = ADVANCED_FACE('',(#10841),#10866,.F.);
#10841 = FACE_BOUND('',#10842,.F.);
#10842 = EDGE_LOOP('',(#10843,#10844,#10852,#10860));
#10843 = ORIENTED_EDGE('',*,*,#10791,.T.);
#10844 = ORIENTED_EDGE('',*,*,#10845,.T.);
#10845 = EDGE_CURVE('',#10784,#10846,#10848,.T.);
#10846 = VERTEX_POINT('',#10847);
#10847 = CARTESIAN_POINT('',(-6.875,3.925,0.));
#10848 = LINE('',#10849,#10850);
#10849 = CARTESIAN_POINT('',(-6.875,2.825,0.));
#10850 = VECTOR('',#10851,1.);
#10851 = DIRECTION('',(0.,1.,0.));
#10852 = ORIENTED_EDGE('',*,*,#10853,.F.);
#10853 = EDGE_CURVE('',#10854,#10846,#10856,.T.);
#10854 = VERTEX_POINT('',#10855);
#10855 = CARTESIAN_POINT('',(-7.125,3.925,0.));
#10856 = LINE('',#10857,#10858);
#10857 = CARTESIAN_POINT('',(-7.125,3.925,0.));
#10858 = VECTOR('',#10859,1.);
#10859 = DIRECTION('',(1.,0.,0.));
#10860 = ORIENTED_EDGE('',*,*,#10861,.F.);
#10861 = EDGE_CURVE('',#10792,#10854,#10862,.T.);
#10862 = LINE('',#10863,#10864);
#10863 = CARTESIAN_POINT('',(-7.125,2.825,0.));
#10864 = VECTOR('',#10865,1.);
#10865 = DIRECTION('',(0.,1.,0.));
#10866 = PLANE('',#10867);
#10867 = AXIS2_PLACEMENT_3D('',#10868,#10869,#10870);
#10868 = CARTESIAN_POINT('',(-7.125,2.825,0.));
#10869 = DIRECTION('',(0.,0.,1.));
#10870 = DIRECTION('',(0.,1.,0.));
#10871 = ADVANCED_FACE('',(#10872),#10888,.F.);
#10872 = FACE_BOUND('',#10873,.F.);
#10873 = EDGE_LOOP('',(#10874,#10880,#10881,#10887));
#10874 = ORIENTED_EDGE('',*,*,#10875,.F.);
#10875 = EDGE_CURVE('',#10822,#10751,#10876,.T.);
#10876 = LINE('',#10877,#10878);
#10877 = CARTESIAN_POINT('',(-6.875,2.275,0.12));
#10878 = VECTOR('',#10879,1.);
#10879 = DIRECTION('',(0.,0.,1.));
#10880 = ORIENTED_EDGE('',*,*,#10821,.F.);
#10881 = ORIENTED_EDGE('',*,*,#10882,.T.);
#10882 = EDGE_CURVE('',#10814,#10689,#10883,.T.);
#10883 = LINE('',#10884,#10885);
#10884 = CARTESIAN_POINT('',(-7.125,2.275,0.12));
#10885 = VECTOR('',#10886,1.);
#10886 = DIRECTION('',(0.,0.,1.));
#10887 = ORIENTED_EDGE('',*,*,#10758,.T.);
#10888 = PLANE('',#10889);
#10889 = AXIS2_PLACEMENT_3D('',#10890,#10891,#10892);
#10890 = CARTESIAN_POINT('',(-7.125,2.275,0.12));
#10891 = DIRECTION('',(-0.,1.,0.));
#10892 = DIRECTION('',(0.,0.,1.));
#10893 = ADVANCED_FACE('',(#10894),#10919,.F.);
#10894 = FACE_BOUND('',#10895,.F.);
#10895 = EDGE_LOOP('',(#10896,#10897,#10905,#10913));
#10896 = ORIENTED_EDGE('',*,*,#10853,.T.);
#10897 = ORIENTED_EDGE('',*,*,#10898,.T.);
#10898 = EDGE_CURVE('',#10846,#10899,#10901,.T.);
#10899 = VERTEX_POINT('',#10900);
#10900 = CARTESIAN_POINT('',(-6.875,3.925,0.4));
#10901 = LINE('',#10902,#10903);
#10902 = CARTESIAN_POINT('',(-6.875,3.925,0.));
#10903 = VECTOR('',#10904,1.);
#10904 = DIRECTION('',(0.,0.,1.));
#10905 = ORIENTED_EDGE('',*,*,#10906,.F.);
#10906 = EDGE_CURVE('',#10907,#10899,#10909,.T.);
#10907 = VERTEX_POINT('',#10908);
#10908 = CARTESIAN_POINT('',(-7.125,3.925,0.4));
#10909 = LINE('',#10910,#10911);
#10910 = CARTESIAN_POINT('',(-7.125,3.925,0.4));
#10911 = VECTOR('',#10912,1.);
#10912 = DIRECTION('',(1.,0.,0.));
#10913 = ORIENTED_EDGE('',*,*,#10914,.F.);
#10914 = EDGE_CURVE('',#10854,#10907,#10915,.T.);
#10915 = LINE('',#10916,#10917);
#10916 = CARTESIAN_POINT('',(-7.125,3.925,0.));
#10917 = VECTOR('',#10918,1.);
#10918 = DIRECTION('',(0.,0.,1.));
#10919 = PLANE('',#10920);
#10920 = AXIS2_PLACEMENT_3D('',#10921,#10922,#10923);
#10921 = CARTESIAN_POINT('',(-7.125,3.925,0.));
#10922 = DIRECTION('',(0.,-1.,0.));
#10923 = DIRECTION('',(0.,0.,1.));
#10924 = ADVANCED_FACE('',(#10925),#10950,.F.);
#10925 = FACE_BOUND('',#10926,.F.);
#10926 = EDGE_LOOP('',(#10927,#10928,#10936,#10944));
#10927 = ORIENTED_EDGE('',*,*,#10906,.T.);
#10928 = ORIENTED_EDGE('',*,*,#10929,.T.);
#10929 = EDGE_CURVE('',#10899,#10930,#10932,.T.);
#10930 = VERTEX_POINT('',#10931);
#10931 = CARTESIAN_POINT('',(-6.875,2.905,0.4));
#10932 = LINE('',#10933,#10934);
#10933 = CARTESIAN_POINT('',(-6.875,3.925,0.4));
#10934 = VECTOR('',#10935,1.);
#10935 = DIRECTION('',(0.,-1.,0.));
#10936 = ORIENTED_EDGE('',*,*,#10937,.F.);
#10937 = EDGE_CURVE('',#10938,#10930,#10940,.T.);
#10938 = VERTEX_POINT('',#10939);
#10939 = CARTESIAN_POINT('',(-7.125,2.905,0.4));
#10940 = LINE('',#10941,#10942);
#10941 = CARTESIAN_POINT('',(-7.125,2.905,0.4));
#10942 = VECTOR('',#10943,1.);
#10943 = DIRECTION('',(1.,0.,0.));
#10944 = ORIENTED_EDGE('',*,*,#10945,.F.);
#10945 = EDGE_CURVE('',#10907,#10938,#10946,.T.);
#10946 = LINE('',#10947,#10948);
#10947 = CARTESIAN_POINT('',(-7.125,3.925,0.4));
#10948 = VECTOR('',#10949,1.);
#10949 = DIRECTION('',(0.,-1.,0.));
#10950 = PLANE('',#10951);
#10951 = AXIS2_PLACEMENT_3D('',#10952,#10953,#10954);
#10952 = CARTESIAN_POINT('',(-7.125,3.925,0.4));
#10953 = DIRECTION('',(0.,0.,-1.));
#10954 = DIRECTION('',(0.,-1.,0.));
#10955 = ADVANCED_FACE('',(#10956),#10981,.F.);
#10956 = FACE_BOUND('',#10957,.F.);
#10957 = EDGE_LOOP('',(#10958,#10959,#10967,#10975));
#10958 = ORIENTED_EDGE('',*,*,#10937,.T.);
#10959 = ORIENTED_EDGE('',*,*,#10960,.T.);
#10960 = EDGE_CURVE('',#10930,#10961,#10963,.T.);
#10961 = VERTEX_POINT('',#10962);
#10962 = CARTESIAN_POINT('',(-6.875,2.475,0.59));
#10963 = LINE('',#10964,#10965);
#10964 = CARTESIAN_POINT('',(-6.875,2.905,0.4));
#10965 = VECTOR('',#10966,1.);
#10966 = DIRECTION('',(0.,-0.914686604095,0.404163848321));
#10967 = ORIENTED_EDGE('',*,*,#10968,.F.);
#10968 = EDGE_CURVE('',#10969,#10961,#10971,.T.);
#10969 = VERTEX_POINT('',#10970);
#10970 = CARTESIAN_POINT('',(-7.125,2.475,0.59));
#10971 = LINE('',#10972,#10973);
#10972 = CARTESIAN_POINT('',(-7.125,2.475,0.59));
#10973 = VECTOR('',#10974,1.);
#10974 = DIRECTION('',(1.,0.,0.));
#10975 = ORIENTED_EDGE('',*,*,#10976,.F.);
#10976 = EDGE_CURVE('',#10938,#10969,#10977,.T.);
#10977 = LINE('',#10978,#10979);
#10978 = CARTESIAN_POINT('',(-7.125,2.905,0.4));
#10979 = VECTOR('',#10980,1.);
#10980 = DIRECTION('',(0.,-0.914686604095,0.404163848321));
#10981 = PLANE('',#10982);
#10982 = AXIS2_PLACEMENT_3D('',#10983,#10984,#10985);
#10983 = CARTESIAN_POINT('',(-7.125,2.905,0.4));
#10984 = DIRECTION('',(0.,-0.404163848321,-0.914686604095));
#10985 = DIRECTION('',(0.,-0.914686604095,0.404163848321));
#10986 = ADVANCED_FACE('',(#10987),#11012,.T.);
#10987 = FACE_BOUND('',#10988,.T.);
#10988 = EDGE_LOOP('',(#10989,#10990,#10998,#11006));
#10989 = ORIENTED_EDGE('',*,*,#10968,.F.);
#10990 = ORIENTED_EDGE('',*,*,#10991,.T.);
#10991 = EDGE_CURVE('',#10969,#10992,#10994,.T.);
#10992 = VERTEX_POINT('',#10993);
#10993 = CARTESIAN_POINT('',(-7.125,2.475,1.17));
#10994 = LINE('',#10995,#10996);
#10995 = CARTESIAN_POINT('',(-7.125,2.475,0.12));
#10996 = VECTOR('',#10997,1.);
#10997 = DIRECTION('',(0.,0.,1.));
#10998 = ORIENTED_EDGE('',*,*,#10999,.T.);
#10999 = EDGE_CURVE('',#10992,#11000,#11002,.T.);
#11000 = VERTEX_POINT('',#11001);
#11001 = CARTESIAN_POINT('',(-6.875,2.475,1.17));
#11002 = LINE('',#11003,#11004);
#11003 = CARTESIAN_POINT('',(-7.125,2.475,1.17));
#11004 = VECTOR('',#11005,1.);
#11005 = DIRECTION('',(1.,0.,-0.));
#11006 = ORIENTED_EDGE('',*,*,#11007,.F.);
#11007 = EDGE_CURVE('',#10961,#11000,#11008,.T.);
#11008 = LINE('',#11009,#11010);
#11009 = CARTESIAN_POINT('',(-6.875,2.475,0.12));
#11010 = VECTOR('',#11011,1.);
#11011 = DIRECTION('',(0.,0.,1.));
#11012 = PLANE('',#11013);
#11013 = AXIS2_PLACEMENT_3D('',#11014,#11015,#11016);
#11014 = CARTESIAN_POINT('',(-7.125,2.475,0.12));
#11015 = DIRECTION('',(-0.,1.,0.));
#11016 = DIRECTION('',(0.,0.,1.));
#11017 = ADVANCED_FACE('',(#11018),#11043,.T.);
#11018 = FACE_BOUND('',#11019,.T.);
#11019 = EDGE_LOOP('',(#11020,#11021,#11029,#11037));
#11020 = ORIENTED_EDGE('',*,*,#10750,.F.);
#11021 = ORIENTED_EDGE('',*,*,#11022,.T.);
#11022 = EDGE_CURVE('',#10751,#11023,#11025,.T.);
#11023 = VERTEX_POINT('',#11024);
#11024 = CARTESIAN_POINT('',(-6.875,2.275,0.49));
#11025 = LINE('',#11026,#11027);
#11026 = CARTESIAN_POINT('',(-6.875,2.275,0.12));
#11027 = VECTOR('',#11028,1.);
#11028 = DIRECTION('',(0.,0.,1.));
#11029 = ORIENTED_EDGE('',*,*,#11030,.T.);
#11030 = EDGE_CURVE('',#11023,#11031,#11033,.T.);
#11031 = VERTEX_POINT('',#11032);
#11032 = CARTESIAN_POINT('',(-6.85,2.275,0.49));
#11033 = LINE('',#11034,#11035);
#11034 = CARTESIAN_POINT('',(-7.15,2.275,0.49));
#11035 = VECTOR('',#11036,1.);
#11036 = DIRECTION('',(1.,0.,-0.));
#11037 = ORIENTED_EDGE('',*,*,#11038,.F.);
#11038 = EDGE_CURVE('',#10743,#11031,#11039,.T.);
#11039 = LINE('',#11040,#11041);
#11040 = CARTESIAN_POINT('',(-6.85,2.275,0.3));
#11041 = VECTOR('',#11042,1.);
#11042 = DIRECTION('',(0.,0.,1.));
#11043 = PLANE('',#11044);
#11044 = AXIS2_PLACEMENT_3D('',#11045,#11046,#11047);
#11045 = CARTESIAN_POINT('',(-7.15,2.275,0.3));
#11046 = DIRECTION('',(-0.,1.,0.));
#11047 = DIRECTION('',(0.,0.,1.));
#11048 = ADVANCED_FACE('',(#11049),#11081,.T.);
#11049 = FACE_BOUND('',#11050,.T.);
#11050 = EDGE_LOOP('',(#11051,#11059,#11067,#11073,#11074,#11080));
#11051 = ORIENTED_EDGE('',*,*,#11052,.F.);
#11052 = EDGE_CURVE('',#11053,#10697,#11055,.T.);
#11053 = VERTEX_POINT('',#11054);
#11054 = CARTESIAN_POINT('',(-7.15,-0.325,0.49));
#11055 = LINE('',#11056,#11057);
#11056 = CARTESIAN_POINT('',(-7.15,-0.925,0.49));
#11057 = VECTOR('',#11058,1.);
#11058 = DIRECTION('',(-0.,1.,0.));
#11059 = ORIENTED_EDGE('',*,*,#11060,.T.);
#11060 = EDGE_CURVE('',#11053,#11061,#11063,.T.);
#11061 = VERTEX_POINT('',#11062);
#11062 = CARTESIAN_POINT('',(-6.85,-0.325,0.49));
#11063 = LINE('',#11064,#11065);
#11064 = CARTESIAN_POINT('',(-7.15,-0.325,0.49));
#11065 = VECTOR('',#11066,1.);
#11066 = DIRECTION('',(1.,0.,-0.));
#11067 = ORIENTED_EDGE('',*,*,#11068,.T.);
#11068 = EDGE_CURVE('',#11061,#11031,#11069,.T.);
#11069 = LINE('',#11070,#11071);
#11070 = CARTESIAN_POINT('',(-6.85,-0.925,0.49));
#11071 = VECTOR('',#11072,1.);
#11072 = DIRECTION('',(-0.,1.,0.));
#11073 = ORIENTED_EDGE('',*,*,#11030,.F.);
#11074 = ORIENTED_EDGE('',*,*,#11075,.F.);
#11075 = EDGE_CURVE('',#10705,#11023,#11076,.T.);
#11076 = LINE('',#11077,#11078);
#11077 = CARTESIAN_POINT('',(-7.15,2.275,0.49));
#11078 = VECTOR('',#11079,1.);
#11079 = DIRECTION('',(1.,0.,-0.));
#11080 = ORIENTED_EDGE('',*,*,#10704,.F.);
#11081 = PLANE('',#11082);
#11082 = AXIS2_PLACEMENT_3D('',#11083,#11084,#11085);
#11083 = CARTESIAN_POINT('',(-7.15,-0.925,0.49));
#11084 = DIRECTION('',(0.,0.,1.));
#11085 = DIRECTION('',(1.,0.,-0.));
#11086 = ADVANCED_FACE('',(#11087),#11103,.F.);
#11087 = FACE_BOUND('',#11088,.F.);
#11088 = EDGE_LOOP('',(#11089,#11095,#11096,#11102));
#11089 = ORIENTED_EDGE('',*,*,#11090,.F.);
#11090 = EDGE_CURVE('',#11023,#10664,#11091,.T.);
#11091 = LINE('',#11092,#11093);
#11092 = CARTESIAN_POINT('',(-6.875,2.275,0.12));
#11093 = VECTOR('',#11094,1.);
#11094 = DIRECTION('',(0.,0.,1.));
#11095 = ORIENTED_EDGE('',*,*,#11075,.F.);
#11096 = ORIENTED_EDGE('',*,*,#11097,.T.);
#11097 = EDGE_CURVE('',#10705,#10602,#11098,.T.);
#11098 = LINE('',#11099,#11100);
#11099 = CARTESIAN_POINT('',(-7.125,2.275,0.12));
#11100 = VECTOR('',#11101,1.);
#11101 = DIRECTION('',(0.,0.,1.));
#11102 = ORIENTED_EDGE('',*,*,#10671,.T.);
#11103 = PLANE('',#11104);
#11104 = AXIS2_PLACEMENT_3D('',#11105,#11106,#11107);
#11105 = CARTESIAN_POINT('',(-7.125,2.275,0.12));
#11106 = DIRECTION('',(-0.,1.,0.));
#11107 = DIRECTION('',(0.,0.,1.));
#11108 = ADVANCED_FACE('',(#11109),#11134,.T.);
#11109 = FACE_BOUND('',#11110,.T.);
#11110 = EDGE_LOOP('',(#11111,#11112,#11120,#11128));
#11111 = ORIENTED_EDGE('',*,*,#10663,.F.);
#11112 = ORIENTED_EDGE('',*,*,#11113,.T.);
#11113 = EDGE_CURVE('',#10664,#11114,#11116,.T.);
#11114 = VERTEX_POINT('',#11115);
#11115 = CARTESIAN_POINT('',(-6.875,2.275,1.17));
#11116 = LINE('',#11117,#11118);
#11117 = CARTESIAN_POINT('',(-6.875,2.275,0.12));
#11118 = VECTOR('',#11119,1.);
#11119 = DIRECTION('',(0.,0.,1.));
#11120 = ORIENTED_EDGE('',*,*,#11121,.T.);
#11121 = EDGE_CURVE('',#11114,#11122,#11124,.T.);
#11122 = VERTEX_POINT('',#11123);
#11123 = CARTESIAN_POINT('',(-6.85,2.275,1.17));
#11124 = LINE('',#11125,#11126);
#11125 = CARTESIAN_POINT('',(-7.15,2.275,1.17));
#11126 = VECTOR('',#11127,1.);
#11127 = DIRECTION('',(1.,0.,-0.));
#11128 = ORIENTED_EDGE('',*,*,#11129,.F.);
#11129 = EDGE_CURVE('',#10656,#11122,#11130,.T.);
#11130 = LINE('',#11131,#11132);
#11131 = CARTESIAN_POINT('',(-6.85,2.275,0.86));
#11132 = VECTOR('',#11133,1.);
#11133 = DIRECTION('',(0.,0.,1.));
#11134 = PLANE('',#11135);
#11135 = AXIS2_PLACEMENT_3D('',#11136,#11137,#11138);
#11136 = CARTESIAN_POINT('',(-7.15,2.275,0.86));
#11137 = DIRECTION('',(-0.,1.,0.));
#11138 = DIRECTION('',(0.,0.,1.));
#11139 = ADVANCED_FACE('',(#11140),#11158,.F.);
#11140 = FACE_BOUND('',#11141,.F.);
#11141 = EDGE_LOOP('',(#11142,#11150,#11151,#11152));
#11142 = ORIENTED_EDGE('',*,*,#11143,.F.);
#11143 = EDGE_CURVE('',#10640,#11144,#11146,.T.);
#11144 = VERTEX_POINT('',#11145);
#11145 = CARTESIAN_POINT('',(-7.15,-0.6,1.17));
#11146 = LINE('',#11147,#11148);
#11147 = CARTESIAN_POINT('',(-7.15,-0.6,0.86));
#11148 = VECTOR('',#11149,1.);
#11149 = DIRECTION('',(0.,0.,1.));
#11150 = ORIENTED_EDGE('',*,*,#10639,.T.);
#11151 = ORIENTED_EDGE('',*,*,#10609,.T.);
#11152 = ORIENTED_EDGE('',*,*,#11153,.F.);
#11153 = EDGE_CURVE('',#11144,#10610,#11154,.T.);
#11154 = LINE('',#11155,#11156);
#11155 = CARTESIAN_POINT('',(-7.15,-0.6,1.17));
#11156 = VECTOR('',#11157,1.);
#11157 = DIRECTION('',(-0.,1.,0.));
#11158 = PLANE('',#11159);
#11159 = AXIS2_PLACEMENT_3D('',#11160,#11161,#11162);
#11160 = CARTESIAN_POINT('',(-7.15,-0.6,0.86));
#11161 = DIRECTION('',(1.,0.,-0.));
#11162 = DIRECTION('',(0.,0.,1.));
#11163 = ADVANCED_FACE('',(#11164),#11182,.T.);
#11164 = FACE_BOUND('',#11165,.T.);
#11165 = EDGE_LOOP('',(#11166,#11174,#11175,#11176));
#11166 = ORIENTED_EDGE('',*,*,#11167,.F.);
#11167 = EDGE_CURVE('',#10648,#11168,#11170,.T.);
#11168 = VERTEX_POINT('',#11169);
#11169 = CARTESIAN_POINT('',(-6.85,-0.6,1.17));
#11170 = LINE('',#11171,#11172);
#11171 = CARTESIAN_POINT('',(-6.85,-0.6,0.86));
#11172 = VECTOR('',#11173,1.);
#11173 = DIRECTION('',(0.,0.,1.));
#11174 = ORIENTED_EDGE('',*,*,#10655,.T.);
#11175 = ORIENTED_EDGE('',*,*,#11129,.T.);
#11176 = ORIENTED_EDGE('',*,*,#11177,.F.);
#11177 = EDGE_CURVE('',#11168,#11122,#11178,.T.);
#11178 = LINE('',#11179,#11180);
#11179 = CARTESIAN_POINT('',(-6.85,-0.6,1.17));
#11180 = VECTOR('',#11181,1.);
#11181 = DIRECTION('',(-0.,1.,0.));
#11182 = PLANE('',#11183);
#11183 = AXIS2_PLACEMENT_3D('',#11184,#11185,#11186);
#11184 = CARTESIAN_POINT('',(-6.85,-0.6,0.86));
#11185 = DIRECTION('',(1.,0.,-0.));
#11186 = DIRECTION('',(0.,0.,1.));
#11187 = ADVANCED_FACE('',(#11188),#11213,.T.);
#11188 = FACE_BOUND('',#11189,.T.);
#11189 = EDGE_LOOP('',(#11190,#11191,#11199,#11207));
#11190 = ORIENTED_EDGE('',*,*,#11060,.F.);
#11191 = ORIENTED_EDGE('',*,*,#11192,.T.);
#11192 = EDGE_CURVE('',#11053,#11193,#11195,.T.);
#11193 = VERTEX_POINT('',#11194);
#11194 = CARTESIAN_POINT('',(-7.15,-0.325,0.8));
#11195 = LINE('',#11196,#11197);
#11196 = CARTESIAN_POINT('',(-7.15,-0.325,0.49));
#11197 = VECTOR('',#11198,1.);
#11198 = DIRECTION('',(0.,0.,1.));
#11199 = ORIENTED_EDGE('',*,*,#11200,.T.);
#11200 = EDGE_CURVE('',#11193,#11201,#11203,.T.);
#11201 = VERTEX_POINT('',#11202);
#11202 = CARTESIAN_POINT('',(-6.85,-0.325,0.8));
#11203 = LINE('',#11204,#11205);
#11204 = CARTESIAN_POINT('',(-7.15,-0.325,0.8));
#11205 = VECTOR('',#11206,1.);
#11206 = DIRECTION('',(1.,0.,-0.));
#11207 = ORIENTED_EDGE('',*,*,#11208,.F.);
#11208 = EDGE_CURVE('',#11061,#11201,#11209,.T.);
#11209 = LINE('',#11210,#11211);
#11210 = CARTESIAN_POINT('',(-6.85,-0.325,0.49));
#11211 = VECTOR('',#11212,1.);
#11212 = DIRECTION('',(0.,0.,1.));
#11213 = PLANE('',#11214);
#11214 = AXIS2_PLACEMENT_3D('',#11215,#11216,#11217);
#11215 = CARTESIAN_POINT('',(-7.15,-0.325,0.49));
#11216 = DIRECTION('',(-0.,1.,0.));
#11217 = DIRECTION('',(0.,0.,1.));
#11218 = ADVANCED_FACE('',(#11219),#11230,.F.);
#11219 = FACE_BOUND('',#11220,.F.);
#11220 = EDGE_LOOP('',(#11221,#11222,#11223,#11229));
#11221 = ORIENTED_EDGE('',*,*,#10647,.F.);
#11222 = ORIENTED_EDGE('',*,*,#11143,.T.);
#11223 = ORIENTED_EDGE('',*,*,#11224,.T.);
#11224 = EDGE_CURVE('',#11144,#11168,#11225,.T.);
#11225 = LINE('',#11226,#11227);
#11226 = CARTESIAN_POINT('',(-7.15,-0.6,1.17));
#11227 = VECTOR('',#11228,1.);
#11228 = DIRECTION('',(1.,0.,-0.));
#11229 = ORIENTED_EDGE('',*,*,#11167,.F.);
#11230 = PLANE('',#11231);
#11231 = AXIS2_PLACEMENT_3D('',#11232,#11233,#11234);
#11232 = CARTESIAN_POINT('',(-7.15,-0.6,0.86));
#11233 = DIRECTION('',(-0.,1.,0.));
#11234 = DIRECTION('',(0.,0.,1.));
#11235 = ADVANCED_FACE('',(#11236),#11261,.T.);
#11236 = FACE_BOUND('',#11237,.T.);
#11237 = EDGE_LOOP('',(#11238,#11246,#11254,#11260));
#11238 = ORIENTED_EDGE('',*,*,#11239,.F.);
#11239 = EDGE_CURVE('',#11240,#11193,#11242,.T.);
#11240 = VERTEX_POINT('',#11241);
#11241 = CARTESIAN_POINT('',(-7.15,-0.925,0.8));
#11242 = LINE('',#11243,#11244);
#11243 = CARTESIAN_POINT('',(-7.15,-0.925,0.8));
#11244 = VECTOR('',#11245,1.);
#11245 = DIRECTION('',(-0.,1.,0.));
#11246 = ORIENTED_EDGE('',*,*,#11247,.T.);
#11247 = EDGE_CURVE('',#11240,#11248,#11250,.T.);
#11248 = VERTEX_POINT('',#11249);
#11249 = CARTESIAN_POINT('',(-6.85,-0.925,0.8));
#11250 = LINE('',#11251,#11252);
#11251 = CARTESIAN_POINT('',(-7.15,-0.925,0.8));
#11252 = VECTOR('',#11253,1.);
#11253 = DIRECTION('',(1.,0.,-0.));
#11254 = ORIENTED_EDGE('',*,*,#11255,.T.);
#11255 = EDGE_CURVE('',#11248,#11201,#11256,.T.);
#11256 = LINE('',#11257,#11258);
#11257 = CARTESIAN_POINT('',(-6.85,-0.925,0.8));
#11258 = VECTOR('',#11259,1.);
#11259 = DIRECTION('',(-0.,1.,0.));
#11260 = ORIENTED_EDGE('',*,*,#11200,.F.);
#11261 = PLANE('',#11262);
#11262 = AXIS2_PLACEMENT_3D('',#11263,#11264,#11265);
#11263 = CARTESIAN_POINT('',(-7.15,-0.925,0.8));
#11264 = DIRECTION('',(0.,0.,1.));
#11265 = DIRECTION('',(1.,0.,-0.));
#11266 = ADVANCED_FACE('',(#11267),#11286,.T.);
#11267 = FACE_BOUND('',#11268,.T.);
#11268 = EDGE_LOOP('',(#11269,#11270,#11271,#11272,#11273,#11274,#11275,
    #11281,#11282,#11283,#11284,#11285));
#11269 = ORIENTED_EDGE('',*,*,#10799,.F.);
#11270 = ORIENTED_EDGE('',*,*,#10813,.F.);
#11271 = ORIENTED_EDGE('',*,*,#10882,.T.);
#11272 = ORIENTED_EDGE('',*,*,#10712,.T.);
#11273 = ORIENTED_EDGE('',*,*,#11097,.T.);
#11274 = ORIENTED_EDGE('',*,*,#10625,.T.);
#11275 = ORIENTED_EDGE('',*,*,#11276,.T.);
#11276 = EDGE_CURVE('',#10618,#10992,#11277,.T.);
#11277 = LINE('',#11278,#11279);
#11278 = CARTESIAN_POINT('',(-7.125,2.275,1.17));
#11279 = VECTOR('',#11280,1.);
#11280 = DIRECTION('',(-0.,1.,0.));
#11281 = ORIENTED_EDGE('',*,*,#10991,.F.);
#11282 = ORIENTED_EDGE('',*,*,#10976,.F.);
#11283 = ORIENTED_EDGE('',*,*,#10945,.F.);
#11284 = ORIENTED_EDGE('',*,*,#10914,.F.);
#11285 = ORIENTED_EDGE('',*,*,#10861,.F.);
#11286 = PLANE('',#11287);
#11287 = AXIS2_PLACEMENT_3D('',#11288,#11289,#11290);
#11288 = CARTESIAN_POINT('',(-7.125,2.928538891724,0.406031440384));
#11289 = DIRECTION('',(-1.,-0.,-0.));
#11290 = DIRECTION('',(0.,0.,-1.));
#11291 = ADVANCED_FACE('',(#11292),#11311,.T.);
#11292 = FACE_BOUND('',#11293,.T.);
#11293 = EDGE_LOOP('',(#11294,#11295,#11296,#11297,#11298,#11299,#11300,
    #11306,#11307,#11308,#11309,#11310));
#11294 = ORIENTED_EDGE('',*,*,#10783,.T.);
#11295 = ORIENTED_EDGE('',*,*,#10845,.T.);
#11296 = ORIENTED_EDGE('',*,*,#10898,.T.);
#11297 = ORIENTED_EDGE('',*,*,#10929,.T.);
#11298 = ORIENTED_EDGE('',*,*,#10960,.T.);
#11299 = ORIENTED_EDGE('',*,*,#11007,.T.);
#11300 = ORIENTED_EDGE('',*,*,#11301,.F.);
#11301 = EDGE_CURVE('',#11114,#11000,#11302,.T.);
#11302 = LINE('',#11303,#11304);
#11303 = CARTESIAN_POINT('',(-6.875,2.275,1.17));
#11304 = VECTOR('',#11305,1.);
#11305 = DIRECTION('',(-0.,1.,0.));
#11306 = ORIENTED_EDGE('',*,*,#11113,.F.);
#11307 = ORIENTED_EDGE('',*,*,#11090,.F.);
#11308 = ORIENTED_EDGE('',*,*,#11022,.F.);
#11309 = ORIENTED_EDGE('',*,*,#10875,.F.);
#11310 = ORIENTED_EDGE('',*,*,#10829,.T.);
#11311 = PLANE('',#11312);
#11312 = AXIS2_PLACEMENT_3D('',#11313,#11314,#11315);
#11313 = CARTESIAN_POINT('',(-6.875,2.928538891724,0.406031440384));
#11314 = DIRECTION('',(1.,0.,0.));
#11315 = DIRECTION('',(-0.,0.,1.));
#11316 = ADVANCED_FACE('',(#11317),#11327,.T.);
#11317 = FACE_BOUND('',#11318,.T.);
#11318 = EDGE_LOOP('',(#11319,#11320,#11321,#11322,#11323,#11324,#11325,
    #11326));
#11319 = ORIENTED_EDGE('',*,*,#11276,.F.);
#11320 = ORIENTED_EDGE('',*,*,#10617,.F.);
#11321 = ORIENTED_EDGE('',*,*,#11153,.F.);
#11322 = ORIENTED_EDGE('',*,*,#11224,.T.);
#11323 = ORIENTED_EDGE('',*,*,#11177,.T.);
#11324 = ORIENTED_EDGE('',*,*,#11121,.F.);
#11325 = ORIENTED_EDGE('',*,*,#11301,.T.);
#11326 = ORIENTED_EDGE('',*,*,#10999,.F.);
#11327 = PLANE('',#11328);
#11328 = AXIS2_PLACEMENT_3D('',#11329,#11330,#11331);
#11329 = CARTESIAN_POINT('',(-7.,0.936018518519,1.17));
#11330 = DIRECTION('',(0.,0.,1.));
#11331 = DIRECTION('',(1.,0.,-0.));
#11332 = ADVANCED_FACE('',(#11333),#11346,.T.);
#11333 = FACE_BOUND('',#11334,.T.);
#11334 = EDGE_LOOP('',(#11335,#11341,#11342,#11343,#11344,#11345));
#11335 = ORIENTED_EDGE('',*,*,#11336,.T.);
#11336 = EDGE_CURVE('',#10727,#11240,#11337,.T.);
#11337 = LINE('',#11338,#11339);
#11338 = CARTESIAN_POINT('',(-7.15,-0.925,0.3));
#11339 = VECTOR('',#11340,1.);
#11340 = DIRECTION('',(0.,0.,1.));
#11341 = ORIENTED_EDGE('',*,*,#11239,.T.);
#11342 = ORIENTED_EDGE('',*,*,#11192,.F.);
#11343 = ORIENTED_EDGE('',*,*,#11052,.T.);
#11344 = ORIENTED_EDGE('',*,*,#10696,.F.);
#11345 = ORIENTED_EDGE('',*,*,#10726,.F.);
#11346 = PLANE('',#11347);
#11347 = AXIS2_PLACEMENT_3D('',#11348,#11349,#11350);
#11348 = CARTESIAN_POINT('',(-7.15,0.566081081081,0.441081081081));
#11349 = DIRECTION('',(-1.,-0.,-0.));
#11350 = DIRECTION('',(0.,0.,-1.));
#11351 = ADVANCED_FACE('',(#11352),#11365,.T.);
#11352 = FACE_BOUND('',#11353,.T.);
#11353 = EDGE_LOOP('',(#11354,#11355,#11356,#11357,#11358,#11359));
#11354 = ORIENTED_EDGE('',*,*,#10742,.T.);
#11355 = ORIENTED_EDGE('',*,*,#11038,.T.);
#11356 = ORIENTED_EDGE('',*,*,#11068,.F.);
#11357 = ORIENTED_EDGE('',*,*,#11208,.T.);
#11358 = ORIENTED_EDGE('',*,*,#11255,.F.);
#11359 = ORIENTED_EDGE('',*,*,#11360,.F.);
#11360 = EDGE_CURVE('',#10735,#11248,#11361,.T.);
#11361 = LINE('',#11362,#11363);
#11362 = CARTESIAN_POINT('',(-6.85,-0.925,0.49));
#11363 = VECTOR('',#11364,1.);
#11364 = DIRECTION('',(0.,0.,1.));
#11365 = PLANE('',#11366);
#11366 = AXIS2_PLACEMENT_3D('',#11367,#11368,#11369);
#11367 = CARTESIAN_POINT('',(-6.85,0.566081081081,0.441081081081));
#11368 = DIRECTION('',(1.,0.,0.));
#11369 = DIRECTION('',(-0.,0.,1.));
#11370 = ADVANCED_FACE('',(#11371),#11377,.T.);
#11371 = FACE_BOUND('',#11372,.T.);
#11372 = EDGE_LOOP('',(#11373,#11374,#11375,#11376));
#11373 = ORIENTED_EDGE('',*,*,#10734,.T.);
#11374 = ORIENTED_EDGE('',*,*,#11360,.T.);
#11375 = ORIENTED_EDGE('',*,*,#11247,.F.);
#11376 = ORIENTED_EDGE('',*,*,#11336,.F.);
#11377 = PLANE('',#11378);
#11378 = AXIS2_PLACEMENT_3D('',#11379,#11380,#11381);
#11379 = CARTESIAN_POINT('',(-7.,-0.925,0.55));
#11380 = DIRECTION('',(-0.,-1.,-0.));
#11381 = DIRECTION('',(0.,0.,-1.));
#11382 = MANIFOLD_SOLID_BREP('',#11383);
#11383 = CLOSED_SHELL('',(#11384,#11424,#11471,#11511,#11558,#11598,
    #11629,#11660,#11682,#11713,#11744,#11775,#11806,#11837,#11875,
    #11897,#11928,#11952,#11976,#12007,#12024,#12055,#12080,#12105,
    #12121,#12140,#12159));
#11384 = ADVANCED_FACE('',(#11385),#11419,.T.);
#11385 = FACE_BOUND('',#11386,.T.);
#11386 = EDGE_LOOP('',(#11387,#11397,#11405,#11413));
#11387 = ORIENTED_EDGE('',*,*,#11388,.F.);
#11388 = EDGE_CURVE('',#11389,#11391,#11393,.T.);
#11389 = VERTEX_POINT('',#11390);
#11390 = CARTESIAN_POINT('',(-6.15,2.275,0.86));
#11391 = VERTEX_POINT('',#11392);
#11392 = CARTESIAN_POINT('',(-6.125,2.275,0.86));
#11393 = LINE('',#11394,#11395);
#11394 = CARTESIAN_POINT('',(-6.15,2.275,0.86));
#11395 = VECTOR('',#11396,1.);
#11396 = DIRECTION('',(1.,0.,-0.));
#11397 = ORIENTED_EDGE('',*,*,#11398,.T.);
#11398 = EDGE_CURVE('',#11389,#11399,#11401,.T.);
#11399 = VERTEX_POINT('',#11400);
#11400 = CARTESIAN_POINT('',(-6.15,2.275,1.17));
#11401 = LINE('',#11402,#11403);
#11402 = CARTESIAN_POINT('',(-6.15,2.275,0.86));
#11403 = VECTOR('',#11404,1.);
#11404 = DIRECTION('',(0.,0.,1.));
#11405 = ORIENTED_EDGE('',*,*,#11406,.T.);
#11406 = EDGE_CURVE('',#11399,#11407,#11409,.T.);
#11407 = VERTEX_POINT('',#11408);
#11408 = CARTESIAN_POINT('',(-6.125,2.275,1.17));
#11409 = LINE('',#11410,#11411);
#11410 = CARTESIAN_POINT('',(-6.15,2.275,1.17));
#11411 = VECTOR('',#11412,1.);
#11412 = DIRECTION('',(1.,0.,-0.));
#11413 = ORIENTED_EDGE('',*,*,#11414,.F.);
#11414 = EDGE_CURVE('',#11391,#11407,#11415,.T.);
#11415 = LINE('',#11416,#11417);
#11416 = CARTESIAN_POINT('',(-6.125,2.275,0.12));
#11417 = VECTOR('',#11418,1.);
#11418 = DIRECTION('',(0.,0.,1.));
#11419 = PLANE('',#11420);
#11420 = AXIS2_PLACEMENT_3D('',#11421,#11422,#11423);
#11421 = CARTESIAN_POINT('',(-6.15,2.275,0.86));
#11422 = DIRECTION('',(-0.,1.,0.));
#11423 = DIRECTION('',(0.,0.,1.));
#11424 = ADVANCED_FACE('',(#11425),#11466,.F.);
#11425 = FACE_BOUND('',#11426,.F.);
#11426 = EDGE_LOOP('',(#11427,#11435,#11443,#11451,#11459,#11465));
#11427 = ORIENTED_EDGE('',*,*,#11428,.F.);
#11428 = EDGE_CURVE('',#11429,#11389,#11431,.T.);
#11429 = VERTEX_POINT('',#11430);
#11430 = CARTESIAN_POINT('',(-6.15,-0.6,0.86));
#11431 = LINE('',#11432,#11433);
#11432 = CARTESIAN_POINT('',(-6.15,-0.6,0.86));
#11433 = VECTOR('',#11434,1.);
#11434 = DIRECTION('',(-0.,1.,0.));
#11435 = ORIENTED_EDGE('',*,*,#11436,.T.);
#11436 = EDGE_CURVE('',#11429,#11437,#11439,.T.);
#11437 = VERTEX_POINT('',#11438);
#11438 = CARTESIAN_POINT('',(-5.85,-0.6,0.86));
#11439 = LINE('',#11440,#11441);
#11440 = CARTESIAN_POINT('',(-6.15,-0.6,0.86));
#11441 = VECTOR('',#11442,1.);
#11442 = DIRECTION('',(1.,0.,-0.));
#11443 = ORIENTED_EDGE('',*,*,#11444,.T.);
#11444 = EDGE_CURVE('',#11437,#11445,#11447,.T.);
#11445 = VERTEX_POINT('',#11446);
#11446 = CARTESIAN_POINT('',(-5.85,2.275,0.86));
#11447 = LINE('',#11448,#11449);
#11448 = CARTESIAN_POINT('',(-5.85,-0.6,0.86));
#11449 = VECTOR('',#11450,1.);
#11450 = DIRECTION('',(-0.,1.,0.));
#11451 = ORIENTED_EDGE('',*,*,#11452,.F.);
#11452 = EDGE_CURVE('',#11453,#11445,#11455,.T.);
#11453 = VERTEX_POINT('',#11454);
#11454 = CARTESIAN_POINT('',(-5.875,2.275,0.86));
#11455 = LINE('',#11456,#11457);
#11456 = CARTESIAN_POINT('',(-6.15,2.275,0.86));
#11457 = VECTOR('',#11458,1.);
#11458 = DIRECTION('',(1.,0.,-0.));
#11459 = ORIENTED_EDGE('',*,*,#11460,.F.);
#11460 = EDGE_CURVE('',#11391,#11453,#11461,.T.);
#11461 = LINE('',#11462,#11463);
#11462 = CARTESIAN_POINT('',(-6.15,2.275,0.86));
#11463 = VECTOR('',#11464,1.);
#11464 = DIRECTION('',(1.,0.,-0.));
#11465 = ORIENTED_EDGE('',*,*,#11388,.F.);
#11466 = PLANE('',#11467);
#11467 = AXIS2_PLACEMENT_3D('',#11468,#11469,#11470);
#11468 = CARTESIAN_POINT('',(-6.15,-0.6,0.86));
#11469 = DIRECTION('',(0.,0.,1.));
#11470 = DIRECTION('',(1.,0.,-0.));
#11471 = ADVANCED_FACE('',(#11472),#11506,.T.);
#11472 = FACE_BOUND('',#11473,.T.);
#11473 = EDGE_LOOP('',(#11474,#11484,#11492,#11500));
#11474 = ORIENTED_EDGE('',*,*,#11475,.F.);
#11475 = EDGE_CURVE('',#11476,#11478,#11480,.T.);
#11476 = VERTEX_POINT('',#11477);
#11477 = CARTESIAN_POINT('',(-6.15,2.275,0.3));
#11478 = VERTEX_POINT('',#11479);
#11479 = CARTESIAN_POINT('',(-6.125,2.275,0.3));
#11480 = LINE('',#11481,#11482);
#11481 = CARTESIAN_POINT('',(-6.15,2.275,0.3));
#11482 = VECTOR('',#11483,1.);
#11483 = DIRECTION('',(1.,0.,-0.));
#11484 = ORIENTED_EDGE('',*,*,#11485,.T.);
#11485 = EDGE_CURVE('',#11476,#11486,#11488,.T.);
#11486 = VERTEX_POINT('',#11487);
#11487 = CARTESIAN_POINT('',(-6.15,2.275,0.49));
#11488 = LINE('',#11489,#11490);
#11489 = CARTESIAN_POINT('',(-6.15,2.275,0.3));
#11490 = VECTOR('',#11491,1.);
#11491 = DIRECTION('',(0.,0.,1.));
#11492 = ORIENTED_EDGE('',*,*,#11493,.T.);
#11493 = EDGE_CURVE('',#11486,#11494,#11496,.T.);
#11494 = VERTEX_POINT('',#11495);
#11495 = CARTESIAN_POINT('',(-6.125,2.275,0.49));
#11496 = LINE('',#11497,#11498);
#11497 = CARTESIAN_POINT('',(-6.15,2.275,0.49));
#11498 = VECTOR('',#11499,1.);
#11499 = DIRECTION('',(1.,0.,-0.));
#11500 = ORIENTED_EDGE('',*,*,#11501,.F.);
#11501 = EDGE_CURVE('',#11478,#11494,#11502,.T.);
#11502 = LINE('',#11503,#11504);
#11503 = CARTESIAN_POINT('',(-6.125,2.275,0.12));
#11504 = VECTOR('',#11505,1.);
#11505 = DIRECTION('',(0.,0.,1.));
#11506 = PLANE('',#11507);
#11507 = AXIS2_PLACEMENT_3D('',#11508,#11509,#11510);
#11508 = CARTESIAN_POINT('',(-6.15,2.275,0.3));
#11509 = DIRECTION('',(-0.,1.,0.));
#11510 = DIRECTION('',(0.,0.,1.));
#11511 = ADVANCED_FACE('',(#11512),#11553,.F.);
#11512 = FACE_BOUND('',#11513,.F.);
#11513 = EDGE_LOOP('',(#11514,#11522,#11530,#11538,#11546,#11552));
#11514 = ORIENTED_EDGE('',*,*,#11515,.F.);
#11515 = EDGE_CURVE('',#11516,#11476,#11518,.T.);
#11516 = VERTEX_POINT('',#11517);
#11517 = CARTESIAN_POINT('',(-6.15,-0.925,0.3));
#11518 = LINE('',#11519,#11520);
#11519 = CARTESIAN_POINT('',(-6.15,-0.925,0.3));
#11520 = VECTOR('',#11521,1.);
#11521 = DIRECTION('',(-0.,1.,0.));
#11522 = ORIENTED_EDGE('',*,*,#11523,.T.);
#11523 = EDGE_CURVE('',#11516,#11524,#11526,.T.);
#11524 = VERTEX_POINT('',#11525);
#11525 = CARTESIAN_POINT('',(-5.85,-0.925,0.3));
#11526 = LINE('',#11527,#11528);
#11527 = CARTESIAN_POINT('',(-6.15,-0.925,0.3));
#11528 = VECTOR('',#11529,1.);
#11529 = DIRECTION('',(1.,0.,-0.));
#11530 = ORIENTED_EDGE('',*,*,#11531,.T.);
#11531 = EDGE_CURVE('',#11524,#11532,#11534,.T.);
#11532 = VERTEX_POINT('',#11533);
#11533 = CARTESIAN_POINT('',(-5.85,2.275,0.3));
#11534 = LINE('',#11535,#11536);
#11535 = CARTESIAN_POINT('',(-5.85,-0.925,0.3));
#11536 = VECTOR('',#11537,1.);
#11537 = DIRECTION('',(-0.,1.,0.));
#11538 = ORIENTED_EDGE('',*,*,#11539,.F.);
#11539 = EDGE_CURVE('',#11540,#11532,#11542,.T.);
#11540 = VERTEX_POINT('',#11541);
#11541 = CARTESIAN_POINT('',(-5.875,2.275,0.3));
#11542 = LINE('',#11543,#11544);
#11543 = CARTESIAN_POINT('',(-6.15,2.275,0.3));
#11544 = VECTOR('',#11545,1.);
#11545 = DIRECTION('',(1.,0.,-0.));
#11546 = ORIENTED_EDGE('',*,*,#11547,.F.);
#11547 = EDGE_CURVE('',#11478,#11540,#11548,.T.);
#11548 = LINE('',#11549,#11550);
#11549 = CARTESIAN_POINT('',(-6.15,2.275,0.3));
#11550 = VECTOR('',#11551,1.);
#11551 = DIRECTION('',(1.,0.,-0.));
#11552 = ORIENTED_EDGE('',*,*,#11475,.F.);
#11553 = PLANE('',#11554);
#11554 = AXIS2_PLACEMENT_3D('',#11555,#11556,#11557);
#11555 = CARTESIAN_POINT('',(-6.15,-0.925,0.3));
#11556 = DIRECTION('',(0.,0.,1.));
#11557 = DIRECTION('',(1.,0.,-0.));
#11558 = ADVANCED_FACE('',(#11559),#11593,.F.);
#11559 = FACE_BOUND('',#11560,.F.);
#11560 = EDGE_LOOP('',(#11561,#11571,#11579,#11587));
#11561 = ORIENTED_EDGE('',*,*,#11562,.T.);
#11562 = EDGE_CURVE('',#11563,#11565,#11567,.T.);
#11563 = VERTEX_POINT('',#11564);
#11564 = CARTESIAN_POINT('',(-6.125,2.475,0.12));
#11565 = VERTEX_POINT('',#11566);
#11566 = CARTESIAN_POINT('',(-5.875,2.475,0.12));
#11567 = LINE('',#11568,#11569);
#11568 = CARTESIAN_POINT('',(-6.125,2.475,0.12));
#11569 = VECTOR('',#11570,1.);
#11570 = DIRECTION('',(1.,0.,0.));
#11571 = ORIENTED_EDGE('',*,*,#11572,.T.);
#11572 = EDGE_CURVE('',#11565,#11573,#11575,.T.);
#11573 = VERTEX_POINT('',#11574);
#11574 = CARTESIAN_POINT('',(-5.875,2.825,0.));
#11575 = LINE('',#11576,#11577);
#11576 = CARTESIAN_POINT('',(-5.875,2.475,0.12));
#11577 = VECTOR('',#11578,1.);
#11578 = DIRECTION('',(0.,0.945945945946,-0.324324324324));
#11579 = ORIENTED_EDGE('',*,*,#11580,.F.);
#11580 = EDGE_CURVE('',#11581,#11573,#11583,.T.);
#11581 = VERTEX_POINT('',#11582);
#11582 = CARTESIAN_POINT('',(-6.125,2.825,0.));
#11583 = LINE('',#11584,#11585);
#11584 = CARTESIAN_POINT('',(-6.125,2.825,0.));
#11585 = VECTOR('',#11586,1.);
#11586 = DIRECTION('',(1.,0.,0.));
#11587 = ORIENTED_EDGE('',*,*,#11588,.F.);
#11588 = EDGE_CURVE('',#11563,#11581,#11589,.T.);
#11589 = LINE('',#11590,#11591);
#11590 = CARTESIAN_POINT('',(-6.125,2.475,0.12));
#11591 = VECTOR('',#11592,1.);
#11592 = DIRECTION('',(0.,0.945945945946,-0.324324324324));
#11593 = PLANE('',#11594);
#11594 = AXIS2_PLACEMENT_3D('',#11595,#11596,#11597);
#11595 = CARTESIAN_POINT('',(-6.125,2.475,0.12));
#11596 = DIRECTION('',(-0.,0.324324324324,0.945945945946));
#11597 = DIRECTION('',(0.,0.945945945946,-0.324324324324));
#11598 = ADVANCED_FACE('',(#11599),#11624,.F.);
#11599 = FACE_BOUND('',#11600,.F.);
#11600 = EDGE_LOOP('',(#11601,#11609,#11617,#11623));
#11601 = ORIENTED_EDGE('',*,*,#11602,.F.);
#11602 = EDGE_CURVE('',#11603,#11563,#11605,.T.);
#11603 = VERTEX_POINT('',#11604);
#11604 = CARTESIAN_POINT('',(-6.125,2.275,0.12));
#11605 = LINE('',#11606,#11607);
#11606 = CARTESIAN_POINT('',(-6.125,2.275,0.12));
#11607 = VECTOR('',#11608,1.);
#11608 = DIRECTION('',(-0.,1.,0.));
#11609 = ORIENTED_EDGE('',*,*,#11610,.T.);
#11610 = EDGE_CURVE('',#11603,#11611,#11613,.T.);
#11611 = VERTEX_POINT('',#11612);
#11612 = CARTESIAN_POINT('',(-5.875,2.275,0.12));
#11613 = LINE('',#11614,#11615);
#11614 = CARTESIAN_POINT('',(-6.125,2.275,0.12));
#11615 = VECTOR('',#11616,1.);
#11616 = DIRECTION('',(1.,0.,-0.));
#11617 = ORIENTED_EDGE('',*,*,#11618,.T.);
#11618 = EDGE_CURVE('',#11611,#11565,#11619,.T.);
#11619 = LINE('',#11620,#11621);
#11620 = CARTESIAN_POINT('',(-5.875,2.275,0.12));
#11621 = VECTOR('',#11622,1.);
#11622 = DIRECTION('',(-0.,1.,0.));
#11623 = ORIENTED_EDGE('',*,*,#11562,.F.);
#11624 = PLANE('',#11625);
#11625 = AXIS2_PLACEMENT_3D('',#11626,#11627,#11628);
#11626 = CARTESIAN_POINT('',(-6.125,2.275,0.12));
#11627 = DIRECTION('',(0.,0.,1.));
#11628 = DIRECTION('',(1.,0.,-0.));
#11629 = ADVANCED_FACE('',(#11630),#11655,.F.);
#11630 = FACE_BOUND('',#11631,.F.);
#11631 = EDGE_LOOP('',(#11632,#11633,#11641,#11649));
#11632 = ORIENTED_EDGE('',*,*,#11580,.T.);
#11633 = ORIENTED_EDGE('',*,*,#11634,.T.);
#11634 = EDGE_CURVE('',#11573,#11635,#11637,.T.);
#11635 = VERTEX_POINT('',#11636);
#11636 = CARTESIAN_POINT('',(-5.875,3.925,0.));
#11637 = LINE('',#11638,#11639);
#11638 = CARTESIAN_POINT('',(-5.875,2.825,0.));
#11639 = VECTOR('',#11640,1.);
#11640 = DIRECTION('',(0.,1.,0.));
#11641 = ORIENTED_EDGE('',*,*,#11642,.F.);
#11642 = EDGE_CURVE('',#11643,#11635,#11645,.T.);
#11643 = VERTEX_POINT('',#11644);
#11644 = CARTESIAN_POINT('',(-6.125,3.925,0.));
#11645 = LINE('',#11646,#11647);
#11646 = CARTESIAN_POINT('',(-6.125,3.925,0.));
#11647 = VECTOR('',#11648,1.);
#11648 = DIRECTION('',(1.,0.,0.));
#11649 = ORIENTED_EDGE('',*,*,#11650,.F.);
#11650 = EDGE_CURVE('',#11581,#11643,#11651,.T.);
#11651 = LINE('',#11652,#11653);
#11652 = CARTESIAN_POINT('',(-6.125,2.825,0.));
#11653 = VECTOR('',#11654,1.);
#11654 = DIRECTION('',(0.,1.,0.));
#11655 = PLANE('',#11656);
#11656 = AXIS2_PLACEMENT_3D('',#11657,#11658,#11659);
#11657 = CARTESIAN_POINT('',(-6.125,2.825,0.));
#11658 = DIRECTION('',(0.,0.,1.));
#11659 = DIRECTION('',(0.,1.,0.));
#11660 = ADVANCED_FACE('',(#11661),#11677,.F.);
#11661 = FACE_BOUND('',#11662,.F.);
#11662 = EDGE_LOOP('',(#11663,#11669,#11670,#11676));
#11663 = ORIENTED_EDGE('',*,*,#11664,.F.);
#11664 = EDGE_CURVE('',#11611,#11540,#11665,.T.);
#11665 = LINE('',#11666,#11667);
#11666 = CARTESIAN_POINT('',(-5.875,2.275,0.12));
#11667 = VECTOR('',#11668,1.);
#11668 = DIRECTION('',(0.,0.,1.));
#11669 = ORIENTED_EDGE('',*,*,#11610,.F.);
#11670 = ORIENTED_EDGE('',*,*,#11671,.T.);
#11671 = EDGE_CURVE('',#11603,#11478,#11672,.T.);
#11672 = LINE('',#11673,#11674);
#11673 = CARTESIAN_POINT('',(-6.125,2.275,0.12));
#11674 = VECTOR('',#11675,1.);
#11675 = DIRECTION('',(0.,0.,1.));
#11676 = ORIENTED_EDGE('',*,*,#11547,.T.);
#11677 = PLANE('',#11678);
#11678 = AXIS2_PLACEMENT_3D('',#11679,#11680,#11681);
#11679 = CARTESIAN_POINT('',(-6.125,2.275,0.12));
#11680 = DIRECTION('',(-0.,1.,0.));
#11681 = DIRECTION('',(0.,0.,1.));
#11682 = ADVANCED_FACE('',(#11683),#11708,.F.);
#11683 = FACE_BOUND('',#11684,.F.);
#11684 = EDGE_LOOP('',(#11685,#11686,#11694,#11702));
#11685 = ORIENTED_EDGE('',*,*,#11642,.T.);
#11686 = ORIENTED_EDGE('',*,*,#11687,.T.);
#11687 = EDGE_CURVE('',#11635,#11688,#11690,.T.);
#11688 = VERTEX_POINT('',#11689);
#11689 = CARTESIAN_POINT('',(-5.875,3.925,0.4));
#11690 = LINE('',#11691,#11692);
#11691 = CARTESIAN_POINT('',(-5.875,3.925,0.));
#11692 = VECTOR('',#11693,1.);
#11693 = DIRECTION('',(0.,0.,1.));
#11694 = ORIENTED_EDGE('',*,*,#11695,.F.);
#11695 = EDGE_CURVE('',#11696,#11688,#11698,.T.);
#11696 = VERTEX_POINT('',#11697);
#11697 = CARTESIAN_POINT('',(-6.125,3.925,0.4));
#11698 = LINE('',#11699,#11700);
#11699 = CARTESIAN_POINT('',(-6.125,3.925,0.4));
#11700 = VECTOR('',#11701,1.);
#11701 = DIRECTION('',(1.,0.,0.));
#11702 = ORIENTED_EDGE('',*,*,#11703,.F.);
#11703 = EDGE_CURVE('',#11643,#11696,#11704,.T.);
#11704 = LINE('',#11705,#11706);
#11705 = CARTESIAN_POINT('',(-6.125,3.925,0.));
#11706 = VECTOR('',#11707,1.);
#11707 = DIRECTION('',(0.,0.,1.));
#11708 = PLANE('',#11709);
#11709 = AXIS2_PLACEMENT_3D('',#11710,#11711,#11712);
#11710 = CARTESIAN_POINT('',(-6.125,3.925,0.));
#11711 = DIRECTION('',(0.,-1.,0.));
#11712 = DIRECTION('',(0.,0.,1.));
#11713 = ADVANCED_FACE('',(#11714),#11739,.F.);
#11714 = FACE_BOUND('',#11715,.F.);
#11715 = EDGE_LOOP('',(#11716,#11717,#11725,#11733));
#11716 = ORIENTED_EDGE('',*,*,#11695,.T.);
#11717 = ORIENTED_EDGE('',*,*,#11718,.T.);
#11718 = EDGE_CURVE('',#11688,#11719,#11721,.T.);
#11719 = VERTEX_POINT('',#11720);
#11720 = CARTESIAN_POINT('',(-5.875,2.905,0.4));
#11721 = LINE('',#11722,#11723);
#11722 = CARTESIAN_POINT('',(-5.875,3.925,0.4));
#11723 = VECTOR('',#11724,1.);
#11724 = DIRECTION('',(0.,-1.,0.));
#11725 = ORIENTED_EDGE('',*,*,#11726,.F.);
#11726 = EDGE_CURVE('',#11727,#11719,#11729,.T.);
#11727 = VERTEX_POINT('',#11728);
#11728 = CARTESIAN_POINT('',(-6.125,2.905,0.4));
#11729 = LINE('',#11730,#11731);
#11730 = CARTESIAN_POINT('',(-6.125,2.905,0.4));
#11731 = VECTOR('',#11732,1.);
#11732 = DIRECTION('',(1.,0.,0.));
#11733 = ORIENTED_EDGE('',*,*,#11734,.F.);
#11734 = EDGE_CURVE('',#11696,#11727,#11735,.T.);
#11735 = LINE('',#11736,#11737);
#11736 = CARTESIAN_POINT('',(-6.125,3.925,0.4));
#11737 = VECTOR('',#11738,1.);
#11738 = DIRECTION('',(0.,-1.,0.));
#11739 = PLANE('',#11740);
#11740 = AXIS2_PLACEMENT_3D('',#11741,#11742,#11743);
#11741 = CARTESIAN_POINT('',(-6.125,3.925,0.4));
#11742 = DIRECTION('',(0.,0.,-1.));
#11743 = DIRECTION('',(0.,-1.,0.));
#11744 = ADVANCED_FACE('',(#11745),#11770,.F.);
#11745 = FACE_BOUND('',#11746,.F.);
#11746 = EDGE_LOOP('',(#11747,#11748,#11756,#11764));
#11747 = ORIENTED_EDGE('',*,*,#11726,.T.);
#11748 = ORIENTED_EDGE('',*,*,#11749,.T.);
#11749 = EDGE_CURVE('',#11719,#11750,#11752,.T.);
#11750 = VERTEX_POINT('',#11751);
#11751 = CARTESIAN_POINT('',(-5.875,2.475,0.59));
#11752 = LINE('',#11753,#11754);
#11753 = CARTESIAN_POINT('',(-5.875,2.905,0.4));
#11754 = VECTOR('',#11755,1.);
#11755 = DIRECTION('',(0.,-0.914686604095,0.404163848321));
#11756 = ORIENTED_EDGE('',*,*,#11757,.F.);
#11757 = EDGE_CURVE('',#11758,#11750,#11760,.T.);
#11758 = VERTEX_POINT('',#11759);
#11759 = CARTESIAN_POINT('',(-6.125,2.475,0.59));
#11760 = LINE('',#11761,#11762);
#11761 = CARTESIAN_POINT('',(-6.125,2.475,0.59));
#11762 = VECTOR('',#11763,1.);
#11763 = DIRECTION('',(1.,0.,0.));
#11764 = ORIENTED_EDGE('',*,*,#11765,.F.);
#11765 = EDGE_CURVE('',#11727,#11758,#11766,.T.);
#11766 = LINE('',#11767,#11768);
#11767 = CARTESIAN_POINT('',(-6.125,2.905,0.4));
#11768 = VECTOR('',#11769,1.);
#11769 = DIRECTION('',(0.,-0.914686604095,0.404163848321));
#11770 = PLANE('',#11771);
#11771 = AXIS2_PLACEMENT_3D('',#11772,#11773,#11774);
#11772 = CARTESIAN_POINT('',(-6.125,2.905,0.4));
#11773 = DIRECTION('',(0.,-0.404163848321,-0.914686604095));
#11774 = DIRECTION('',(0.,-0.914686604095,0.404163848321));
#11775 = ADVANCED_FACE('',(#11776),#11801,.T.);
#11776 = FACE_BOUND('',#11777,.T.);
#11777 = EDGE_LOOP('',(#11778,#11779,#11787,#11795));
#11778 = ORIENTED_EDGE('',*,*,#11757,.F.);
#11779 = ORIENTED_EDGE('',*,*,#11780,.T.);
#11780 = EDGE_CURVE('',#11758,#11781,#11783,.T.);
#11781 = VERTEX_POINT('',#11782);
#11782 = CARTESIAN_POINT('',(-6.125,2.475,1.17));
#11783 = LINE('',#11784,#11785);
#11784 = CARTESIAN_POINT('',(-6.125,2.475,0.12));
#11785 = VECTOR('',#11786,1.);
#11786 = DIRECTION('',(0.,0.,1.));
#11787 = ORIENTED_EDGE('',*,*,#11788,.T.);
#11788 = EDGE_CURVE('',#11781,#11789,#11791,.T.);
#11789 = VERTEX_POINT('',#11790);
#11790 = CARTESIAN_POINT('',(-5.875,2.475,1.17));
#11791 = LINE('',#11792,#11793);
#11792 = CARTESIAN_POINT('',(-6.125,2.475,1.17));
#11793 = VECTOR('',#11794,1.);
#11794 = DIRECTION('',(1.,0.,-0.));
#11795 = ORIENTED_EDGE('',*,*,#11796,.F.);
#11796 = EDGE_CURVE('',#11750,#11789,#11797,.T.);
#11797 = LINE('',#11798,#11799);
#11798 = CARTESIAN_POINT('',(-5.875,2.475,0.12));
#11799 = VECTOR('',#11800,1.);
#11800 = DIRECTION('',(0.,0.,1.));
#11801 = PLANE('',#11802);
#11802 = AXIS2_PLACEMENT_3D('',#11803,#11804,#11805);
#11803 = CARTESIAN_POINT('',(-6.125,2.475,0.12));
#11804 = DIRECTION('',(-0.,1.,0.));
#11805 = DIRECTION('',(0.,0.,1.));
#11806 = ADVANCED_FACE('',(#11807),#11832,.T.);
#11807 = FACE_BOUND('',#11808,.T.);
#11808 = EDGE_LOOP('',(#11809,#11810,#11818,#11826));
#11809 = ORIENTED_EDGE('',*,*,#11539,.F.);
#11810 = ORIENTED_EDGE('',*,*,#11811,.T.);
#11811 = EDGE_CURVE('',#11540,#11812,#11814,.T.);
#11812 = VERTEX_POINT('',#11813);
#11813 = CARTESIAN_POINT('',(-5.875,2.275,0.49));
#11814 = LINE('',#11815,#11816);
#11815 = CARTESIAN_POINT('',(-5.875,2.275,0.12));
#11816 = VECTOR('',#11817,1.);
#11817 = DIRECTION('',(0.,0.,1.));
#11818 = ORIENTED_EDGE('',*,*,#11819,.T.);
#11819 = EDGE_CURVE('',#11812,#11820,#11822,.T.);
#11820 = VERTEX_POINT('',#11821);
#11821 = CARTESIAN_POINT('',(-5.85,2.275,0.49));
#11822 = LINE('',#11823,#11824);
#11823 = CARTESIAN_POINT('',(-6.15,2.275,0.49));
#11824 = VECTOR('',#11825,1.);
#11825 = DIRECTION('',(1.,0.,-0.));
#11826 = ORIENTED_EDGE('',*,*,#11827,.F.);
#11827 = EDGE_CURVE('',#11532,#11820,#11828,.T.);
#11828 = LINE('',#11829,#11830);
#11829 = CARTESIAN_POINT('',(-5.85,2.275,0.3));
#11830 = VECTOR('',#11831,1.);
#11831 = DIRECTION('',(0.,0.,1.));
#11832 = PLANE('',#11833);
#11833 = AXIS2_PLACEMENT_3D('',#11834,#11835,#11836);
#11834 = CARTESIAN_POINT('',(-6.15,2.275,0.3));
#11835 = DIRECTION('',(-0.,1.,0.));
#11836 = DIRECTION('',(0.,0.,1.));
#11837 = ADVANCED_FACE('',(#11838),#11870,.T.);
#11838 = FACE_BOUND('',#11839,.T.);
#11839 = EDGE_LOOP('',(#11840,#11848,#11856,#11862,#11863,#11869));
#11840 = ORIENTED_EDGE('',*,*,#11841,.F.);
#11841 = EDGE_CURVE('',#11842,#11486,#11844,.T.);
#11842 = VERTEX_POINT('',#11843);
#11843 = CARTESIAN_POINT('',(-6.15,-0.325,0.49));
#11844 = LINE('',#11845,#11846);
#11845 = CARTESIAN_POINT('',(-6.15,-0.925,0.49));
#11846 = VECTOR('',#11847,1.);
#11847 = DIRECTION('',(-0.,1.,0.));
#11848 = ORIENTED_EDGE('',*,*,#11849,.T.);
#11849 = EDGE_CURVE('',#11842,#11850,#11852,.T.);
#11850 = VERTEX_POINT('',#11851);
#11851 = CARTESIAN_POINT('',(-5.85,-0.325,0.49));
#11852 = LINE('',#11853,#11854);
#11853 = CARTESIAN_POINT('',(-6.15,-0.325,0.49));
#11854 = VECTOR('',#11855,1.);
#11855 = DIRECTION('',(1.,0.,-0.));
#11856 = ORIENTED_EDGE('',*,*,#11857,.T.);
#11857 = EDGE_CURVE('',#11850,#11820,#11858,.T.);
#11858 = LINE('',#11859,#11860);
#11859 = CARTESIAN_POINT('',(-5.85,-0.925,0.49));
#11860 = VECTOR('',#11861,1.);
#11861 = DIRECTION('',(-0.,1.,0.));
#11862 = ORIENTED_EDGE('',*,*,#11819,.F.);
#11863 = ORIENTED_EDGE('',*,*,#11864,.F.);
#11864 = EDGE_CURVE('',#11494,#11812,#11865,.T.);
#11865 = LINE('',#11866,#11867);
#11866 = CARTESIAN_POINT('',(-6.15,2.275,0.49));
#11867 = VECTOR('',#11868,1.);
#11868 = DIRECTION('',(1.,0.,-0.));
#11869 = ORIENTED_EDGE('',*,*,#11493,.F.);
#11870 = PLANE('',#11871);
#11871 = AXIS2_PLACEMENT_3D('',#11872,#11873,#11874);
#11872 = CARTESIAN_POINT('',(-6.15,-0.925,0.49));
#11873 = DIRECTION('',(0.,0.,1.));
#11874 = DIRECTION('',(1.,0.,-0.));
#11875 = ADVANCED_FACE('',(#11876),#11892,.F.);
#11876 = FACE_BOUND('',#11877,.F.);
#11877 = EDGE_LOOP('',(#11878,#11884,#11885,#11891));
#11878 = ORIENTED_EDGE('',*,*,#11879,.F.);
#11879 = EDGE_CURVE('',#11812,#11453,#11880,.T.);
#11880 = LINE('',#11881,#11882);
#11881 = CARTESIAN_POINT('',(-5.875,2.275,0.12));
#11882 = VECTOR('',#11883,1.);
#11883 = DIRECTION('',(0.,0.,1.));
#11884 = ORIENTED_EDGE('',*,*,#11864,.F.);
#11885 = ORIENTED_EDGE('',*,*,#11886,.T.);
#11886 = EDGE_CURVE('',#11494,#11391,#11887,.T.);
#11887 = LINE('',#11888,#11889);
#11888 = CARTESIAN_POINT('',(-6.125,2.275,0.12));
#11889 = VECTOR('',#11890,1.);
#11890 = DIRECTION('',(0.,0.,1.));
#11891 = ORIENTED_EDGE('',*,*,#11460,.T.);
#11892 = PLANE('',#11893);
#11893 = AXIS2_PLACEMENT_3D('',#11894,#11895,#11896);
#11894 = CARTESIAN_POINT('',(-6.125,2.275,0.12));
#11895 = DIRECTION('',(-0.,1.,0.));
#11896 = DIRECTION('',(0.,0.,1.));
#11897 = ADVANCED_FACE('',(#11898),#11923,.T.);
#11898 = FACE_BOUND('',#11899,.T.);
#11899 = EDGE_LOOP('',(#11900,#11901,#11909,#11917));
#11900 = ORIENTED_EDGE('',*,*,#11452,.F.);
#11901 = ORIENTED_EDGE('',*,*,#11902,.T.);
#11902 = EDGE_CURVE('',#11453,#11903,#11905,.T.);
#11903 = VERTEX_POINT('',#11904);
#11904 = CARTESIAN_POINT('',(-5.875,2.275,1.17));
#11905 = LINE('',#11906,#11907);
#11906 = CARTESIAN_POINT('',(-5.875,2.275,0.12));
#11907 = VECTOR('',#11908,1.);
#11908 = DIRECTION('',(0.,0.,1.));
#11909 = ORIENTED_EDGE('',*,*,#11910,.T.);
#11910 = EDGE_CURVE('',#11903,#11911,#11913,.T.);
#11911 = VERTEX_POINT('',#11912);
#11912 = CARTESIAN_POINT('',(-5.85,2.275,1.17));
#11913 = LINE('',#11914,#11915);
#11914 = CARTESIAN_POINT('',(-6.15,2.275,1.17));
#11915 = VECTOR('',#11916,1.);
#11916 = DIRECTION('',(1.,0.,-0.));
#11917 = ORIENTED_EDGE('',*,*,#11918,.F.);
#11918 = EDGE_CURVE('',#11445,#11911,#11919,.T.);
#11919 = LINE('',#11920,#11921);
#11920 = CARTESIAN_POINT('',(-5.85,2.275,0.86));
#11921 = VECTOR('',#11922,1.);
#11922 = DIRECTION('',(0.,0.,1.));
#11923 = PLANE('',#11924);
#11924 = AXIS2_PLACEMENT_3D('',#11925,#11926,#11927);
#11925 = CARTESIAN_POINT('',(-6.15,2.275,0.86));
#11926 = DIRECTION('',(-0.,1.,0.));
#11927 = DIRECTION('',(0.,0.,1.));
#11928 = ADVANCED_FACE('',(#11929),#11947,.F.);
#11929 = FACE_BOUND('',#11930,.F.);
#11930 = EDGE_LOOP('',(#11931,#11939,#11940,#11941));
#11931 = ORIENTED_EDGE('',*,*,#11932,.F.);
#11932 = EDGE_CURVE('',#11429,#11933,#11935,.T.);
#11933 = VERTEX_POINT('',#11934);
#11934 = CARTESIAN_POINT('',(-6.15,-0.6,1.17));
#11935 = LINE('',#11936,#11937);
#11936 = CARTESIAN_POINT('',(-6.15,-0.6,0.86));
#11937 = VECTOR('',#11938,1.);
#11938 = DIRECTION('',(0.,0.,1.));
#11939 = ORIENTED_EDGE('',*,*,#11428,.T.);
#11940 = ORIENTED_EDGE('',*,*,#11398,.T.);
#11941 = ORIENTED_EDGE('',*,*,#11942,.F.);
#11942 = EDGE_CURVE('',#11933,#11399,#11943,.T.);
#11943 = LINE('',#11944,#11945);
#11944 = CARTESIAN_POINT('',(-6.15,-0.6,1.17));
#11945 = VECTOR('',#11946,1.);
#11946 = DIRECTION('',(-0.,1.,0.));
#11947 = PLANE('',#11948);
#11948 = AXIS2_PLACEMENT_3D('',#11949,#11950,#11951);
#11949 = CARTESIAN_POINT('',(-6.15,-0.6,0.86));
#11950 = DIRECTION('',(1.,0.,-0.));
#11951 = DIRECTION('',(0.,0.,1.));
#11952 = ADVANCED_FACE('',(#11953),#11971,.T.);
#11953 = FACE_BOUND('',#11954,.T.);
#11954 = EDGE_LOOP('',(#11955,#11963,#11964,#11965));
#11955 = ORIENTED_EDGE('',*,*,#11956,.F.);
#11956 = EDGE_CURVE('',#11437,#11957,#11959,.T.);
#11957 = VERTEX_POINT('',#11958);
#11958 = CARTESIAN_POINT('',(-5.85,-0.6,1.17));
#11959 = LINE('',#11960,#11961);
#11960 = CARTESIAN_POINT('',(-5.85,-0.6,0.86));
#11961 = VECTOR('',#11962,1.);
#11962 = DIRECTION('',(0.,0.,1.));
#11963 = ORIENTED_EDGE('',*,*,#11444,.T.);
#11964 = ORIENTED_EDGE('',*,*,#11918,.T.);
#11965 = ORIENTED_EDGE('',*,*,#11966,.F.);
#11966 = EDGE_CURVE('',#11957,#11911,#11967,.T.);
#11967 = LINE('',#11968,#11969);
#11968 = CARTESIAN_POINT('',(-5.85,-0.6,1.17));
#11969 = VECTOR('',#11970,1.);
#11970 = DIRECTION('',(-0.,1.,0.));
#11971 = PLANE('',#11972);
#11972 = AXIS2_PLACEMENT_3D('',#11973,#11974,#11975);
#11973 = CARTESIAN_POINT('',(-5.85,-0.6,0.86));
#11974 = DIRECTION('',(1.,0.,-0.));
#11975 = DIRECTION('',(0.,0.,1.));
#11976 = ADVANCED_FACE('',(#11977),#12002,.T.);
#11977 = FACE_BOUND('',#11978,.T.);
#11978 = EDGE_LOOP('',(#11979,#11980,#11988,#11996));
#11979 = ORIENTED_EDGE('',*,*,#11849,.F.);
#11980 = ORIENTED_EDGE('',*,*,#11981,.T.);
#11981 = EDGE_CURVE('',#11842,#11982,#11984,.T.);
#11982 = VERTEX_POINT('',#11983);
#11983 = CARTESIAN_POINT('',(-6.15,-0.325,0.8));
#11984 = LINE('',#11985,#11986);
#11985 = CARTESIAN_POINT('',(-6.15,-0.325,0.49));
#11986 = VECTOR('',#11987,1.);
#11987 = DIRECTION('',(0.,0.,1.));
#11988 = ORIENTED_EDGE('',*,*,#11989,.T.);
#11989 = EDGE_CURVE('',#11982,#11990,#11992,.T.);
#11990 = VERTEX_POINT('',#11991);
#11991 = CARTESIAN_POINT('',(-5.85,-0.325,0.8));
#11992 = LINE('',#11993,#11994);
#11993 = CARTESIAN_POINT('',(-6.15,-0.325,0.8));
#11994 = VECTOR('',#11995,1.);
#11995 = DIRECTION('',(1.,0.,-0.));
#11996 = ORIENTED_EDGE('',*,*,#11997,.F.);
#11997 = EDGE_CURVE('',#11850,#11990,#11998,.T.);
#11998 = LINE('',#11999,#12000);
#11999 = CARTESIAN_POINT('',(-5.85,-0.325,0.49));
#12000 = VECTOR('',#12001,1.);
#12001 = DIRECTION('',(0.,0.,1.));
#12002 = PLANE('',#12003);
#12003 = AXIS2_PLACEMENT_3D('',#12004,#12005,#12006);
#12004 = CARTESIAN_POINT('',(-6.15,-0.325,0.49));
#12005 = DIRECTION('',(-0.,1.,0.));
#12006 = DIRECTION('',(0.,0.,1.));
#12007 = ADVANCED_FACE('',(#12008),#12019,.F.);
#12008 = FACE_BOUND('',#12009,.F.);
#12009 = EDGE_LOOP('',(#12010,#12011,#12012,#12018));
#12010 = ORIENTED_EDGE('',*,*,#11436,.F.);
#12011 = ORIENTED_EDGE('',*,*,#11932,.T.);
#12012 = ORIENTED_EDGE('',*,*,#12013,.T.);
#12013 = EDGE_CURVE('',#11933,#11957,#12014,.T.);
#12014 = LINE('',#12015,#12016);
#12015 = CARTESIAN_POINT('',(-6.15,-0.6,1.17));
#12016 = VECTOR('',#12017,1.);
#12017 = DIRECTION('',(1.,0.,-0.));
#12018 = ORIENTED_EDGE('',*,*,#11956,.F.);
#12019 = PLANE('',#12020);
#12020 = AXIS2_PLACEMENT_3D('',#12021,#12022,#12023);
#12021 = CARTESIAN_POINT('',(-6.15,-0.6,0.86));
#12022 = DIRECTION('',(-0.,1.,0.));
#12023 = DIRECTION('',(0.,0.,1.));
#12024 = ADVANCED_FACE('',(#12025),#12050,.T.);
#12025 = FACE_BOUND('',#12026,.T.);
#12026 = EDGE_LOOP('',(#12027,#12035,#12043,#12049));
#12027 = ORIENTED_EDGE('',*,*,#12028,.F.);
#12028 = EDGE_CURVE('',#12029,#11982,#12031,.T.);
#12029 = VERTEX_POINT('',#12030);
#12030 = CARTESIAN_POINT('',(-6.15,-0.925,0.8));
#12031 = LINE('',#12032,#12033);
#12032 = CARTESIAN_POINT('',(-6.15,-0.925,0.8));
#12033 = VECTOR('',#12034,1.);
#12034 = DIRECTION('',(-0.,1.,0.));
#12035 = ORIENTED_EDGE('',*,*,#12036,.T.);
#12036 = EDGE_CURVE('',#12029,#12037,#12039,.T.);
#12037 = VERTEX_POINT('',#12038);
#12038 = CARTESIAN_POINT('',(-5.85,-0.925,0.8));
#12039 = LINE('',#12040,#12041);
#12040 = CARTESIAN_POINT('',(-6.15,-0.925,0.8));
#12041 = VECTOR('',#12042,1.);
#12042 = DIRECTION('',(1.,0.,-0.));
#12043 = ORIENTED_EDGE('',*,*,#12044,.T.);
#12044 = EDGE_CURVE('',#12037,#11990,#12045,.T.);
#12045 = LINE('',#12046,#12047);
#12046 = CARTESIAN_POINT('',(-5.85,-0.925,0.8));
#12047 = VECTOR('',#12048,1.);
#12048 = DIRECTION('',(-0.,1.,0.));
#12049 = ORIENTED_EDGE('',*,*,#11989,.F.);
#12050 = PLANE('',#12051);
#12051 = AXIS2_PLACEMENT_3D('',#12052,#12053,#12054);
#12052 = CARTESIAN_POINT('',(-6.15,-0.925,0.8));
#12053 = DIRECTION('',(0.,0.,1.));
#12054 = DIRECTION('',(1.,0.,-0.));
#12055 = ADVANCED_FACE('',(#12056),#12075,.T.);
#12056 = FACE_BOUND('',#12057,.T.);
#12057 = EDGE_LOOP('',(#12058,#12059,#12060,#12061,#12062,#12063,#12064,
    #12070,#12071,#12072,#12073,#12074));
#12058 = ORIENTED_EDGE('',*,*,#11588,.F.);
#12059 = ORIENTED_EDGE('',*,*,#11602,.F.);
#12060 = ORIENTED_EDGE('',*,*,#11671,.T.);
#12061 = ORIENTED_EDGE('',*,*,#11501,.T.);
#12062 = ORIENTED_EDGE('',*,*,#11886,.T.);
#12063 = ORIENTED_EDGE('',*,*,#11414,.T.);
#12064 = ORIENTED_EDGE('',*,*,#12065,.T.);
#12065 = EDGE_CURVE('',#11407,#11781,#12066,.T.);
#12066 = LINE('',#12067,#12068);
#12067 = CARTESIAN_POINT('',(-6.125,2.275,1.17));
#12068 = VECTOR('',#12069,1.);
#12069 = DIRECTION('',(-0.,1.,0.));
#12070 = ORIENTED_EDGE('',*,*,#11780,.F.);
#12071 = ORIENTED_EDGE('',*,*,#11765,.F.);
#12072 = ORIENTED_EDGE('',*,*,#11734,.F.);
#12073 = ORIENTED_EDGE('',*,*,#11703,.F.);
#12074 = ORIENTED_EDGE('',*,*,#11650,.F.);
#12075 = PLANE('',#12076);
#12076 = AXIS2_PLACEMENT_3D('',#12077,#12078,#12079);
#12077 = CARTESIAN_POINT('',(-6.125,2.928538891724,0.406031440384));
#12078 = DIRECTION('',(-1.,-0.,-0.));
#12079 = DIRECTION('',(0.,0.,-1.));
#12080 = ADVANCED_FACE('',(#12081),#12100,.T.);
#12081 = FACE_BOUND('',#12082,.T.);
#12082 = EDGE_LOOP('',(#12083,#12084,#12085,#12086,#12087,#12088,#12089,
    #12095,#12096,#12097,#12098,#12099));
#12083 = ORIENTED_EDGE('',*,*,#11572,.T.);
#12084 = ORIENTED_EDGE('',*,*,#11634,.T.);
#12085 = ORIENTED_EDGE('',*,*,#11687,.T.);
#12086 = ORIENTED_EDGE('',*,*,#11718,.T.);
#12087 = ORIENTED_EDGE('',*,*,#11749,.T.);
#12088 = ORIENTED_EDGE('',*,*,#11796,.T.);
#12089 = ORIENTED_EDGE('',*,*,#12090,.F.);
#12090 = EDGE_CURVE('',#11903,#11789,#12091,.T.);
#12091 = LINE('',#12092,#12093);
#12092 = CARTESIAN_POINT('',(-5.875,2.275,1.17));
#12093 = VECTOR('',#12094,1.);
#12094 = DIRECTION('',(-0.,1.,0.));
#12095 = ORIENTED_EDGE('',*,*,#11902,.F.);
#12096 = ORIENTED_EDGE('',*,*,#11879,.F.);
#12097 = ORIENTED_EDGE('',*,*,#11811,.F.);
#12098 = ORIENTED_EDGE('',*,*,#11664,.F.);
#12099 = ORIENTED_EDGE('',*,*,#11618,.T.);
#12100 = PLANE('',#12101);
#12101 = AXIS2_PLACEMENT_3D('',#12102,#12103,#12104);
#12102 = CARTESIAN_POINT('',(-5.875,2.928538891724,0.406031440384));
#12103 = DIRECTION('',(1.,0.,0.));
#12104 = DIRECTION('',(-0.,0.,1.));
#12105 = ADVANCED_FACE('',(#12106),#12116,.T.);
#12106 = FACE_BOUND('',#12107,.T.);
#12107 = EDGE_LOOP('',(#12108,#12109,#12110,#12111,#12112,#12113,#12114,
    #12115));
#12108 = ORIENTED_EDGE('',*,*,#12065,.F.);
#12109 = ORIENTED_EDGE('',*,*,#11406,.F.);
#12110 = ORIENTED_EDGE('',*,*,#11942,.F.);
#12111 = ORIENTED_EDGE('',*,*,#12013,.T.);
#12112 = ORIENTED_EDGE('',*,*,#11966,.T.);
#12113 = ORIENTED_EDGE('',*,*,#11910,.F.);
#12114 = ORIENTED_EDGE('',*,*,#12090,.T.);
#12115 = ORIENTED_EDGE('',*,*,#11788,.F.);
#12116 = PLANE('',#12117);
#12117 = AXIS2_PLACEMENT_3D('',#12118,#12119,#12120);
#12118 = CARTESIAN_POINT('',(-6.,0.936018518519,1.17));
#12119 = DIRECTION('',(0.,0.,1.));
#12120 = DIRECTION('',(1.,0.,-0.));
#12121 = ADVANCED_FACE('',(#12122),#12135,.T.);
#12122 = FACE_BOUND('',#12123,.T.);
#12123 = EDGE_LOOP('',(#12124,#12130,#12131,#12132,#12133,#12134));
#12124 = ORIENTED_EDGE('',*,*,#12125,.T.);
#12125 = EDGE_CURVE('',#11516,#12029,#12126,.T.);
#12126 = LINE('',#12127,#12128);
#12127 = CARTESIAN_POINT('',(-6.15,-0.925,0.3));
#12128 = VECTOR('',#12129,1.);
#12129 = DIRECTION('',(0.,0.,1.));
#12130 = ORIENTED_EDGE('',*,*,#12028,.T.);
#12131 = ORIENTED_EDGE('',*,*,#11981,.F.);
#12132 = ORIENTED_EDGE('',*,*,#11841,.T.);
#12133 = ORIENTED_EDGE('',*,*,#11485,.F.);
#12134 = ORIENTED_EDGE('',*,*,#11515,.F.);
#12135 = PLANE('',#12136);
#12136 = AXIS2_PLACEMENT_3D('',#12137,#12138,#12139);
#12137 = CARTESIAN_POINT('',(-6.15,0.566081081081,0.441081081081));
#12138 = DIRECTION('',(-1.,-0.,-0.));
#12139 = DIRECTION('',(0.,0.,-1.));
#12140 = ADVANCED_FACE('',(#12141),#12154,.T.);
#12141 = FACE_BOUND('',#12142,.T.);
#12142 = EDGE_LOOP('',(#12143,#12144,#12145,#12146,#12147,#12148));
#12143 = ORIENTED_EDGE('',*,*,#11531,.T.);
#12144 = ORIENTED_EDGE('',*,*,#11827,.T.);
#12145 = ORIENTED_EDGE('',*,*,#11857,.F.);
#12146 = ORIENTED_EDGE('',*,*,#11997,.T.);
#12147 = ORIENTED_EDGE('',*,*,#12044,.F.);
#12148 = ORIENTED_EDGE('',*,*,#12149,.F.);
#12149 = EDGE_CURVE('',#11524,#12037,#12150,.T.);
#12150 = LINE('',#12151,#12152);
#12151 = CARTESIAN_POINT('',(-5.85,-0.925,0.49));
#12152 = VECTOR('',#12153,1.);
#12153 = DIRECTION('',(0.,0.,1.));
#12154 = PLANE('',#12155);
#12155 = AXIS2_PLACEMENT_3D('',#12156,#12157,#12158);
#12156 = CARTESIAN_POINT('',(-5.85,0.566081081081,0.441081081081));
#12157 = DIRECTION('',(1.,0.,0.));
#12158 = DIRECTION('',(-0.,0.,1.));
#12159 = ADVANCED_FACE('',(#12160),#12166,.T.);
#12160 = FACE_BOUND('',#12161,.T.);
#12161 = EDGE_LOOP('',(#12162,#12163,#12164,#12165));
#12162 = ORIENTED_EDGE('',*,*,#11523,.T.);
#12163 = ORIENTED_EDGE('',*,*,#12149,.T.);
#12164 = ORIENTED_EDGE('',*,*,#12036,.F.);
#12165 = ORIENTED_EDGE('',*,*,#12125,.F.);
#12166 = PLANE('',#12167);
#12167 = AXIS2_PLACEMENT_3D('',#12168,#12169,#12170);
#12168 = CARTESIAN_POINT('',(-6.,-0.925,0.55));
#12169 = DIRECTION('',(-0.,-1.,-0.));
#12170 = DIRECTION('',(0.,0.,-1.));
#12171 = MANIFOLD_SOLID_BREP('',#12172);
#12172 = CLOSED_SHELL('',(#12173,#12213,#12260,#12300,#12347,#12387,
    #12418,#12449,#12471,#12502,#12533,#12564,#12595,#12626,#12664,
    #12686,#12717,#12741,#12765,#12796,#12813,#12844,#12869,#12894,
    #12910,#12929,#12948));
#12173 = ADVANCED_FACE('',(#12174),#12208,.T.);
#12174 = FACE_BOUND('',#12175,.T.);
#12175 = EDGE_LOOP('',(#12176,#12186,#12194,#12202));
#12176 = ORIENTED_EDGE('',*,*,#12177,.F.);
#12177 = EDGE_CURVE('',#12178,#12180,#12182,.T.);
#12178 = VERTEX_POINT('',#12179);
#12179 = CARTESIAN_POINT('',(-5.15,2.275,0.86));
#12180 = VERTEX_POINT('',#12181);
#12181 = CARTESIAN_POINT('',(-5.125,2.275,0.86));
#12182 = LINE('',#12183,#12184);
#12183 = CARTESIAN_POINT('',(-5.15,2.275,0.86));
#12184 = VECTOR('',#12185,1.);
#12185 = DIRECTION('',(1.,0.,-0.));
#12186 = ORIENTED_EDGE('',*,*,#12187,.T.);
#12187 = EDGE_CURVE('',#12178,#12188,#12190,.T.);
#12188 = VERTEX_POINT('',#12189);
#12189 = CARTESIAN_POINT('',(-5.15,2.275,1.17));
#12190 = LINE('',#12191,#12192);
#12191 = CARTESIAN_POINT('',(-5.15,2.275,0.86));
#12192 = VECTOR('',#12193,1.);
#12193 = DIRECTION('',(0.,0.,1.));
#12194 = ORIENTED_EDGE('',*,*,#12195,.T.);
#12195 = EDGE_CURVE('',#12188,#12196,#12198,.T.);
#12196 = VERTEX_POINT('',#12197);
#12197 = CARTESIAN_POINT('',(-5.125,2.275,1.17));
#12198 = LINE('',#12199,#12200);
#12199 = CARTESIAN_POINT('',(-5.15,2.275,1.17));
#12200 = VECTOR('',#12201,1.);
#12201 = DIRECTION('',(1.,0.,-0.));
#12202 = ORIENTED_EDGE('',*,*,#12203,.F.);
#12203 = EDGE_CURVE('',#12180,#12196,#12204,.T.);
#12204 = LINE('',#12205,#12206);
#12205 = CARTESIAN_POINT('',(-5.125,2.275,0.12));
#12206 = VECTOR('',#12207,1.);
#12207 = DIRECTION('',(0.,0.,1.));
#12208 = PLANE('',#12209);
#12209 = AXIS2_PLACEMENT_3D('',#12210,#12211,#12212);
#12210 = CARTESIAN_POINT('',(-5.15,2.275,0.86));
#12211 = DIRECTION('',(-0.,1.,0.));
#12212 = DIRECTION('',(0.,0.,1.));
#12213 = ADVANCED_FACE('',(#12214),#12255,.F.);
#12214 = FACE_BOUND('',#12215,.F.);
#12215 = EDGE_LOOP('',(#12216,#12224,#12232,#12240,#12248,#12254));
#12216 = ORIENTED_EDGE('',*,*,#12217,.F.);
#12217 = EDGE_CURVE('',#12218,#12178,#12220,.T.);
#12218 = VERTEX_POINT('',#12219);
#12219 = CARTESIAN_POINT('',(-5.15,-0.6,0.86));
#12220 = LINE('',#12221,#12222);
#12221 = CARTESIAN_POINT('',(-5.15,-0.6,0.86));
#12222 = VECTOR('',#12223,1.);
#12223 = DIRECTION('',(-0.,1.,0.));
#12224 = ORIENTED_EDGE('',*,*,#12225,.T.);
#12225 = EDGE_CURVE('',#12218,#12226,#12228,.T.);
#12226 = VERTEX_POINT('',#12227);
#12227 = CARTESIAN_POINT('',(-4.85,-0.6,0.86));
#12228 = LINE('',#12229,#12230);
#12229 = CARTESIAN_POINT('',(-5.15,-0.6,0.86));
#12230 = VECTOR('',#12231,1.);
#12231 = DIRECTION('',(1.,0.,-0.));
#12232 = ORIENTED_EDGE('',*,*,#12233,.T.);
#12233 = EDGE_CURVE('',#12226,#12234,#12236,.T.);
#12234 = VERTEX_POINT('',#12235);
#12235 = CARTESIAN_POINT('',(-4.85,2.275,0.86));
#12236 = LINE('',#12237,#12238);
#12237 = CARTESIAN_POINT('',(-4.85,-0.6,0.86));
#12238 = VECTOR('',#12239,1.);
#12239 = DIRECTION('',(-0.,1.,0.));
#12240 = ORIENTED_EDGE('',*,*,#12241,.F.);
#12241 = EDGE_CURVE('',#12242,#12234,#12244,.T.);
#12242 = VERTEX_POINT('',#12243);
#12243 = CARTESIAN_POINT('',(-4.875,2.275,0.86));
#12244 = LINE('',#12245,#12246);
#12245 = CARTESIAN_POINT('',(-5.15,2.275,0.86));
#12246 = VECTOR('',#12247,1.);
#12247 = DIRECTION('',(1.,0.,-0.));
#12248 = ORIENTED_EDGE('',*,*,#12249,.F.);
#12249 = EDGE_CURVE('',#12180,#12242,#12250,.T.);
#12250 = LINE('',#12251,#12252);
#12251 = CARTESIAN_POINT('',(-5.15,2.275,0.86));
#12252 = VECTOR('',#12253,1.);
#12253 = DIRECTION('',(1.,0.,-0.));
#12254 = ORIENTED_EDGE('',*,*,#12177,.F.);
#12255 = PLANE('',#12256);
#12256 = AXIS2_PLACEMENT_3D('',#12257,#12258,#12259);
#12257 = CARTESIAN_POINT('',(-5.15,-0.6,0.86));
#12258 = DIRECTION('',(0.,0.,1.));
#12259 = DIRECTION('',(1.,0.,-0.));
#12260 = ADVANCED_FACE('',(#12261),#12295,.T.);
#12261 = FACE_BOUND('',#12262,.T.);
#12262 = EDGE_LOOP('',(#12263,#12273,#12281,#12289));
#12263 = ORIENTED_EDGE('',*,*,#12264,.F.);
#12264 = EDGE_CURVE('',#12265,#12267,#12269,.T.);
#12265 = VERTEX_POINT('',#12266);
#12266 = CARTESIAN_POINT('',(-5.15,2.275,0.3));
#12267 = VERTEX_POINT('',#12268);
#12268 = CARTESIAN_POINT('',(-5.125,2.275,0.3));
#12269 = LINE('',#12270,#12271);
#12270 = CARTESIAN_POINT('',(-5.15,2.275,0.3));
#12271 = VECTOR('',#12272,1.);
#12272 = DIRECTION('',(1.,0.,-0.));
#12273 = ORIENTED_EDGE('',*,*,#12274,.T.);
#12274 = EDGE_CURVE('',#12265,#12275,#12277,.T.);
#12275 = VERTEX_POINT('',#12276);
#12276 = CARTESIAN_POINT('',(-5.15,2.275,0.49));
#12277 = LINE('',#12278,#12279);
#12278 = CARTESIAN_POINT('',(-5.15,2.275,0.3));
#12279 = VECTOR('',#12280,1.);
#12280 = DIRECTION('',(0.,0.,1.));
#12281 = ORIENTED_EDGE('',*,*,#12282,.T.);
#12282 = EDGE_CURVE('',#12275,#12283,#12285,.T.);
#12283 = VERTEX_POINT('',#12284);
#12284 = CARTESIAN_POINT('',(-5.125,2.275,0.49));
#12285 = LINE('',#12286,#12287);
#12286 = CARTESIAN_POINT('',(-5.15,2.275,0.49));
#12287 = VECTOR('',#12288,1.);
#12288 = DIRECTION('',(1.,0.,-0.));
#12289 = ORIENTED_EDGE('',*,*,#12290,.F.);
#12290 = EDGE_CURVE('',#12267,#12283,#12291,.T.);
#12291 = LINE('',#12292,#12293);
#12292 = CARTESIAN_POINT('',(-5.125,2.275,0.12));
#12293 = VECTOR('',#12294,1.);
#12294 = DIRECTION('',(0.,0.,1.));
#12295 = PLANE('',#12296);
#12296 = AXIS2_PLACEMENT_3D('',#12297,#12298,#12299);
#12297 = CARTESIAN_POINT('',(-5.15,2.275,0.3));
#12298 = DIRECTION('',(-0.,1.,0.));
#12299 = DIRECTION('',(0.,0.,1.));
#12300 = ADVANCED_FACE('',(#12301),#12342,.F.);
#12301 = FACE_BOUND('',#12302,.F.);
#12302 = EDGE_LOOP('',(#12303,#12311,#12319,#12327,#12335,#12341));
#12303 = ORIENTED_EDGE('',*,*,#12304,.F.);
#12304 = EDGE_CURVE('',#12305,#12265,#12307,.T.);
#12305 = VERTEX_POINT('',#12306);
#12306 = CARTESIAN_POINT('',(-5.15,-0.925,0.3));
#12307 = LINE('',#12308,#12309);
#12308 = CARTESIAN_POINT('',(-5.15,-0.925,0.3));
#12309 = VECTOR('',#12310,1.);
#12310 = DIRECTION('',(-0.,1.,0.));
#12311 = ORIENTED_EDGE('',*,*,#12312,.T.);
#12312 = EDGE_CURVE('',#12305,#12313,#12315,.T.);
#12313 = VERTEX_POINT('',#12314);
#12314 = CARTESIAN_POINT('',(-4.85,-0.925,0.3));
#12315 = LINE('',#12316,#12317);
#12316 = CARTESIAN_POINT('',(-5.15,-0.925,0.3));
#12317 = VECTOR('',#12318,1.);
#12318 = DIRECTION('',(1.,0.,-0.));
#12319 = ORIENTED_EDGE('',*,*,#12320,.T.);
#12320 = EDGE_CURVE('',#12313,#12321,#12323,.T.);
#12321 = VERTEX_POINT('',#12322);
#12322 = CARTESIAN_POINT('',(-4.85,2.275,0.3));
#12323 = LINE('',#12324,#12325);
#12324 = CARTESIAN_POINT('',(-4.85,-0.925,0.3));
#12325 = VECTOR('',#12326,1.);
#12326 = DIRECTION('',(-0.,1.,0.));
#12327 = ORIENTED_EDGE('',*,*,#12328,.F.);
#12328 = EDGE_CURVE('',#12329,#12321,#12331,.T.);
#12329 = VERTEX_POINT('',#12330);
#12330 = CARTESIAN_POINT('',(-4.875,2.275,0.3));
#12331 = LINE('',#12332,#12333);
#12332 = CARTESIAN_POINT('',(-5.15,2.275,0.3));
#12333 = VECTOR('',#12334,1.);
#12334 = DIRECTION('',(1.,0.,-0.));
#12335 = ORIENTED_EDGE('',*,*,#12336,.F.);
#12336 = EDGE_CURVE('',#12267,#12329,#12337,.T.);
#12337 = LINE('',#12338,#12339);
#12338 = CARTESIAN_POINT('',(-5.15,2.275,0.3));
#12339 = VECTOR('',#12340,1.);
#12340 = DIRECTION('',(1.,0.,-0.));
#12341 = ORIENTED_EDGE('',*,*,#12264,.F.);
#12342 = PLANE('',#12343);
#12343 = AXIS2_PLACEMENT_3D('',#12344,#12345,#12346);
#12344 = CARTESIAN_POINT('',(-5.15,-0.925,0.3));
#12345 = DIRECTION('',(0.,0.,1.));
#12346 = DIRECTION('',(1.,0.,-0.));
#12347 = ADVANCED_FACE('',(#12348),#12382,.F.);
#12348 = FACE_BOUND('',#12349,.F.);
#12349 = EDGE_LOOP('',(#12350,#12360,#12368,#12376));
#12350 = ORIENTED_EDGE('',*,*,#12351,.T.);
#12351 = EDGE_CURVE('',#12352,#12354,#12356,.T.);
#12352 = VERTEX_POINT('',#12353);
#12353 = CARTESIAN_POINT('',(-5.125,2.475,0.12));
#12354 = VERTEX_POINT('',#12355);
#12355 = CARTESIAN_POINT('',(-4.875,2.475,0.12));
#12356 = LINE('',#12357,#12358);
#12357 = CARTESIAN_POINT('',(-5.125,2.475,0.12));
#12358 = VECTOR('',#12359,1.);
#12359 = DIRECTION('',(1.,0.,0.));
#12360 = ORIENTED_EDGE('',*,*,#12361,.T.);
#12361 = EDGE_CURVE('',#12354,#12362,#12364,.T.);
#12362 = VERTEX_POINT('',#12363);
#12363 = CARTESIAN_POINT('',(-4.875,2.825,0.));
#12364 = LINE('',#12365,#12366);
#12365 = CARTESIAN_POINT('',(-4.875,2.475,0.12));
#12366 = VECTOR('',#12367,1.);
#12367 = DIRECTION('',(0.,0.945945945946,-0.324324324324));
#12368 = ORIENTED_EDGE('',*,*,#12369,.F.);
#12369 = EDGE_CURVE('',#12370,#12362,#12372,.T.);
#12370 = VERTEX_POINT('',#12371);
#12371 = CARTESIAN_POINT('',(-5.125,2.825,0.));
#12372 = LINE('',#12373,#12374);
#12373 = CARTESIAN_POINT('',(-5.125,2.825,0.));
#12374 = VECTOR('',#12375,1.);
#12375 = DIRECTION('',(1.,0.,0.));
#12376 = ORIENTED_EDGE('',*,*,#12377,.F.);
#12377 = EDGE_CURVE('',#12352,#12370,#12378,.T.);
#12378 = LINE('',#12379,#12380);
#12379 = CARTESIAN_POINT('',(-5.125,2.475,0.12));
#12380 = VECTOR('',#12381,1.);
#12381 = DIRECTION('',(0.,0.945945945946,-0.324324324324));
#12382 = PLANE('',#12383);
#12383 = AXIS2_PLACEMENT_3D('',#12384,#12385,#12386);
#12384 = CARTESIAN_POINT('',(-5.125,2.475,0.12));
#12385 = DIRECTION('',(-0.,0.324324324324,0.945945945946));
#12386 = DIRECTION('',(0.,0.945945945946,-0.324324324324));
#12387 = ADVANCED_FACE('',(#12388),#12413,.F.);
#12388 = FACE_BOUND('',#12389,.F.);
#12389 = EDGE_LOOP('',(#12390,#12398,#12406,#12412));
#12390 = ORIENTED_EDGE('',*,*,#12391,.F.);
#12391 = EDGE_CURVE('',#12392,#12352,#12394,.T.);
#12392 = VERTEX_POINT('',#12393);
#12393 = CARTESIAN_POINT('',(-5.125,2.275,0.12));
#12394 = LINE('',#12395,#12396);
#12395 = CARTESIAN_POINT('',(-5.125,2.275,0.12));
#12396 = VECTOR('',#12397,1.);
#12397 = DIRECTION('',(-0.,1.,0.));
#12398 = ORIENTED_EDGE('',*,*,#12399,.T.);
#12399 = EDGE_CURVE('',#12392,#12400,#12402,.T.);
#12400 = VERTEX_POINT('',#12401);
#12401 = CARTESIAN_POINT('',(-4.875,2.275,0.12));
#12402 = LINE('',#12403,#12404);
#12403 = CARTESIAN_POINT('',(-5.125,2.275,0.12));
#12404 = VECTOR('',#12405,1.);
#12405 = DIRECTION('',(1.,0.,-0.));
#12406 = ORIENTED_EDGE('',*,*,#12407,.T.);
#12407 = EDGE_CURVE('',#12400,#12354,#12408,.T.);
#12408 = LINE('',#12409,#12410);
#12409 = CARTESIAN_POINT('',(-4.875,2.275,0.12));
#12410 = VECTOR('',#12411,1.);
#12411 = DIRECTION('',(-0.,1.,0.));
#12412 = ORIENTED_EDGE('',*,*,#12351,.F.);
#12413 = PLANE('',#12414);
#12414 = AXIS2_PLACEMENT_3D('',#12415,#12416,#12417);
#12415 = CARTESIAN_POINT('',(-5.125,2.275,0.12));
#12416 = DIRECTION('',(0.,0.,1.));
#12417 = DIRECTION('',(1.,0.,-0.));
#12418 = ADVANCED_FACE('',(#12419),#12444,.F.);
#12419 = FACE_BOUND('',#12420,.F.);
#12420 = EDGE_LOOP('',(#12421,#12422,#12430,#12438));
#12421 = ORIENTED_EDGE('',*,*,#12369,.T.);
#12422 = ORIENTED_EDGE('',*,*,#12423,.T.);
#12423 = EDGE_CURVE('',#12362,#12424,#12426,.T.);
#12424 = VERTEX_POINT('',#12425);
#12425 = CARTESIAN_POINT('',(-4.875,3.925,0.));
#12426 = LINE('',#12427,#12428);
#12427 = CARTESIAN_POINT('',(-4.875,2.825,0.));
#12428 = VECTOR('',#12429,1.);
#12429 = DIRECTION('',(0.,1.,0.));
#12430 = ORIENTED_EDGE('',*,*,#12431,.F.);
#12431 = EDGE_CURVE('',#12432,#12424,#12434,.T.);
#12432 = VERTEX_POINT('',#12433);
#12433 = CARTESIAN_POINT('',(-5.125,3.925,0.));
#12434 = LINE('',#12435,#12436);
#12435 = CARTESIAN_POINT('',(-5.125,3.925,0.));
#12436 = VECTOR('',#12437,1.);
#12437 = DIRECTION('',(1.,0.,0.));
#12438 = ORIENTED_EDGE('',*,*,#12439,.F.);
#12439 = EDGE_CURVE('',#12370,#12432,#12440,.T.);
#12440 = LINE('',#12441,#12442);
#12441 = CARTESIAN_POINT('',(-5.125,2.825,0.));
#12442 = VECTOR('',#12443,1.);
#12443 = DIRECTION('',(0.,1.,0.));
#12444 = PLANE('',#12445);
#12445 = AXIS2_PLACEMENT_3D('',#12446,#12447,#12448);
#12446 = CARTESIAN_POINT('',(-5.125,2.825,0.));
#12447 = DIRECTION('',(0.,0.,1.));
#12448 = DIRECTION('',(0.,1.,0.));
#12449 = ADVANCED_FACE('',(#12450),#12466,.F.);
#12450 = FACE_BOUND('',#12451,.F.);
#12451 = EDGE_LOOP('',(#12452,#12458,#12459,#12465));
#12452 = ORIENTED_EDGE('',*,*,#12453,.F.);
#12453 = EDGE_CURVE('',#12400,#12329,#12454,.T.);
#12454 = LINE('',#12455,#12456);
#12455 = CARTESIAN_POINT('',(-4.875,2.275,0.12));
#12456 = VECTOR('',#12457,1.);
#12457 = DIRECTION('',(0.,0.,1.));
#12458 = ORIENTED_EDGE('',*,*,#12399,.F.);
#12459 = ORIENTED_EDGE('',*,*,#12460,.T.);
#12460 = EDGE_CURVE('',#12392,#12267,#12461,.T.);
#12461 = LINE('',#12462,#12463);
#12462 = CARTESIAN_POINT('',(-5.125,2.275,0.12));
#12463 = VECTOR('',#12464,1.);
#12464 = DIRECTION('',(0.,0.,1.));
#12465 = ORIENTED_EDGE('',*,*,#12336,.T.);
#12466 = PLANE('',#12467);
#12467 = AXIS2_PLACEMENT_3D('',#12468,#12469,#12470);
#12468 = CARTESIAN_POINT('',(-5.125,2.275,0.12));
#12469 = DIRECTION('',(-0.,1.,0.));
#12470 = DIRECTION('',(0.,0.,1.));
#12471 = ADVANCED_FACE('',(#12472),#12497,.F.);
#12472 = FACE_BOUND('',#12473,.F.);
#12473 = EDGE_LOOP('',(#12474,#12475,#12483,#12491));
#12474 = ORIENTED_EDGE('',*,*,#12431,.T.);
#12475 = ORIENTED_EDGE('',*,*,#12476,.T.);
#12476 = EDGE_CURVE('',#12424,#12477,#12479,.T.);
#12477 = VERTEX_POINT('',#12478);
#12478 = CARTESIAN_POINT('',(-4.875,3.925,0.4));
#12479 = LINE('',#12480,#12481);
#12480 = CARTESIAN_POINT('',(-4.875,3.925,0.));
#12481 = VECTOR('',#12482,1.);
#12482 = DIRECTION('',(0.,0.,1.));
#12483 = ORIENTED_EDGE('',*,*,#12484,.F.);
#12484 = EDGE_CURVE('',#12485,#12477,#12487,.T.);
#12485 = VERTEX_POINT('',#12486);
#12486 = CARTESIAN_POINT('',(-5.125,3.925,0.4));
#12487 = LINE('',#12488,#12489);
#12488 = CARTESIAN_POINT('',(-5.125,3.925,0.4));
#12489 = VECTOR('',#12490,1.);
#12490 = DIRECTION('',(1.,0.,0.));
#12491 = ORIENTED_EDGE('',*,*,#12492,.F.);
#12492 = EDGE_CURVE('',#12432,#12485,#12493,.T.);
#12493 = LINE('',#12494,#12495);
#12494 = CARTESIAN_POINT('',(-5.125,3.925,0.));
#12495 = VECTOR('',#12496,1.);
#12496 = DIRECTION('',(0.,0.,1.));
#12497 = PLANE('',#12498);
#12498 = AXIS2_PLACEMENT_3D('',#12499,#12500,#12501);
#12499 = CARTESIAN_POINT('',(-5.125,3.925,0.));
#12500 = DIRECTION('',(0.,-1.,0.));
#12501 = DIRECTION('',(0.,0.,1.));
#12502 = ADVANCED_FACE('',(#12503),#12528,.F.);
#12503 = FACE_BOUND('',#12504,.F.);
#12504 = EDGE_LOOP('',(#12505,#12506,#12514,#12522));
#12505 = ORIENTED_EDGE('',*,*,#12484,.T.);
#12506 = ORIENTED_EDGE('',*,*,#12507,.T.);
#12507 = EDGE_CURVE('',#12477,#12508,#12510,.T.);
#12508 = VERTEX_POINT('',#12509);
#12509 = CARTESIAN_POINT('',(-4.875,2.905,0.4));
#12510 = LINE('',#12511,#12512);
#12511 = CARTESIAN_POINT('',(-4.875,3.925,0.4));
#12512 = VECTOR('',#12513,1.);
#12513 = DIRECTION('',(0.,-1.,0.));
#12514 = ORIENTED_EDGE('',*,*,#12515,.F.);
#12515 = EDGE_CURVE('',#12516,#12508,#12518,.T.);
#12516 = VERTEX_POINT('',#12517);
#12517 = CARTESIAN_POINT('',(-5.125,2.905,0.4));
#12518 = LINE('',#12519,#12520);
#12519 = CARTESIAN_POINT('',(-5.125,2.905,0.4));
#12520 = VECTOR('',#12521,1.);
#12521 = DIRECTION('',(1.,0.,0.));
#12522 = ORIENTED_EDGE('',*,*,#12523,.F.);
#12523 = EDGE_CURVE('',#12485,#12516,#12524,.T.);
#12524 = LINE('',#12525,#12526);
#12525 = CARTESIAN_POINT('',(-5.125,3.925,0.4));
#12526 = VECTOR('',#12527,1.);
#12527 = DIRECTION('',(0.,-1.,0.));
#12528 = PLANE('',#12529);
#12529 = AXIS2_PLACEMENT_3D('',#12530,#12531,#12532);
#12530 = CARTESIAN_POINT('',(-5.125,3.925,0.4));
#12531 = DIRECTION('',(0.,0.,-1.));
#12532 = DIRECTION('',(0.,-1.,0.));
#12533 = ADVANCED_FACE('',(#12534),#12559,.F.);
#12534 = FACE_BOUND('',#12535,.F.);
#12535 = EDGE_LOOP('',(#12536,#12537,#12545,#12553));
#12536 = ORIENTED_EDGE('',*,*,#12515,.T.);
#12537 = ORIENTED_EDGE('',*,*,#12538,.T.);
#12538 = EDGE_CURVE('',#12508,#12539,#12541,.T.);
#12539 = VERTEX_POINT('',#12540);
#12540 = CARTESIAN_POINT('',(-4.875,2.475,0.59));
#12541 = LINE('',#12542,#12543);
#12542 = CARTESIAN_POINT('',(-4.875,2.905,0.4));
#12543 = VECTOR('',#12544,1.);
#12544 = DIRECTION('',(0.,-0.914686604095,0.404163848321));
#12545 = ORIENTED_EDGE('',*,*,#12546,.F.);
#12546 = EDGE_CURVE('',#12547,#12539,#12549,.T.);
#12547 = VERTEX_POINT('',#12548);
#12548 = CARTESIAN_POINT('',(-5.125,2.475,0.59));
#12549 = LINE('',#12550,#12551);
#12550 = CARTESIAN_POINT('',(-5.125,2.475,0.59));
#12551 = VECTOR('',#12552,1.);
#12552 = DIRECTION('',(1.,0.,0.));
#12553 = ORIENTED_EDGE('',*,*,#12554,.F.);
#12554 = EDGE_CURVE('',#12516,#12547,#12555,.T.);
#12555 = LINE('',#12556,#12557);
#12556 = CARTESIAN_POINT('',(-5.125,2.905,0.4));
#12557 = VECTOR('',#12558,1.);
#12558 = DIRECTION('',(0.,-0.914686604095,0.404163848321));
#12559 = PLANE('',#12560);
#12560 = AXIS2_PLACEMENT_3D('',#12561,#12562,#12563);
#12561 = CARTESIAN_POINT('',(-5.125,2.905,0.4));
#12562 = DIRECTION('',(0.,-0.404163848321,-0.914686604095));
#12563 = DIRECTION('',(0.,-0.914686604095,0.404163848321));
#12564 = ADVANCED_FACE('',(#12565),#12590,.T.);
#12565 = FACE_BOUND('',#12566,.T.);
#12566 = EDGE_LOOP('',(#12567,#12568,#12576,#12584));
#12567 = ORIENTED_EDGE('',*,*,#12546,.F.);
#12568 = ORIENTED_EDGE('',*,*,#12569,.T.);
#12569 = EDGE_CURVE('',#12547,#12570,#12572,.T.);
#12570 = VERTEX_POINT('',#12571);
#12571 = CARTESIAN_POINT('',(-5.125,2.475,1.17));
#12572 = LINE('',#12573,#12574);
#12573 = CARTESIAN_POINT('',(-5.125,2.475,0.12));
#12574 = VECTOR('',#12575,1.);
#12575 = DIRECTION('',(0.,0.,1.));
#12576 = ORIENTED_EDGE('',*,*,#12577,.T.);
#12577 = EDGE_CURVE('',#12570,#12578,#12580,.T.);
#12578 = VERTEX_POINT('',#12579);
#12579 = CARTESIAN_POINT('',(-4.875,2.475,1.17));
#12580 = LINE('',#12581,#12582);
#12581 = CARTESIAN_POINT('',(-5.125,2.475,1.17));
#12582 = VECTOR('',#12583,1.);
#12583 = DIRECTION('',(1.,0.,-0.));
#12584 = ORIENTED_EDGE('',*,*,#12585,.F.);
#12585 = EDGE_CURVE('',#12539,#12578,#12586,.T.);
#12586 = LINE('',#12587,#12588);
#12587 = CARTESIAN_POINT('',(-4.875,2.475,0.12));
#12588 = VECTOR('',#12589,1.);
#12589 = DIRECTION('',(0.,0.,1.));
#12590 = PLANE('',#12591);
#12591 = AXIS2_PLACEMENT_3D('',#12592,#12593,#12594);
#12592 = CARTESIAN_POINT('',(-5.125,2.475,0.12));
#12593 = DIRECTION('',(-0.,1.,0.));
#12594 = DIRECTION('',(0.,0.,1.));
#12595 = ADVANCED_FACE('',(#12596),#12621,.T.);
#12596 = FACE_BOUND('',#12597,.T.);
#12597 = EDGE_LOOP('',(#12598,#12599,#12607,#12615));
#12598 = ORIENTED_EDGE('',*,*,#12328,.F.);
#12599 = ORIENTED_EDGE('',*,*,#12600,.T.);
#12600 = EDGE_CURVE('',#12329,#12601,#12603,.T.);
#12601 = VERTEX_POINT('',#12602);
#12602 = CARTESIAN_POINT('',(-4.875,2.275,0.49));
#12603 = LINE('',#12604,#12605);
#12604 = CARTESIAN_POINT('',(-4.875,2.275,0.12));
#12605 = VECTOR('',#12606,1.);
#12606 = DIRECTION('',(0.,0.,1.));
#12607 = ORIENTED_EDGE('',*,*,#12608,.T.);
#12608 = EDGE_CURVE('',#12601,#12609,#12611,.T.);
#12609 = VERTEX_POINT('',#12610);
#12610 = CARTESIAN_POINT('',(-4.85,2.275,0.49));
#12611 = LINE('',#12612,#12613);
#12612 = CARTESIAN_POINT('',(-5.15,2.275,0.49));
#12613 = VECTOR('',#12614,1.);
#12614 = DIRECTION('',(1.,0.,-0.));
#12615 = ORIENTED_EDGE('',*,*,#12616,.F.);
#12616 = EDGE_CURVE('',#12321,#12609,#12617,.T.);
#12617 = LINE('',#12618,#12619);
#12618 = CARTESIAN_POINT('',(-4.85,2.275,0.3));
#12619 = VECTOR('',#12620,1.);
#12620 = DIRECTION('',(0.,0.,1.));
#12621 = PLANE('',#12622);
#12622 = AXIS2_PLACEMENT_3D('',#12623,#12624,#12625);
#12623 = CARTESIAN_POINT('',(-5.15,2.275,0.3));
#12624 = DIRECTION('',(-0.,1.,0.));
#12625 = DIRECTION('',(0.,0.,1.));
#12626 = ADVANCED_FACE('',(#12627),#12659,.T.);
#12627 = FACE_BOUND('',#12628,.T.);
#12628 = EDGE_LOOP('',(#12629,#12637,#12645,#12651,#12652,#12658));
#12629 = ORIENTED_EDGE('',*,*,#12630,.F.);
#12630 = EDGE_CURVE('',#12631,#12275,#12633,.T.);
#12631 = VERTEX_POINT('',#12632);
#12632 = CARTESIAN_POINT('',(-5.15,-0.325,0.49));
#12633 = LINE('',#12634,#12635);
#12634 = CARTESIAN_POINT('',(-5.15,-0.925,0.49));
#12635 = VECTOR('',#12636,1.);
#12636 = DIRECTION('',(-0.,1.,0.));
#12637 = ORIENTED_EDGE('',*,*,#12638,.T.);
#12638 = EDGE_CURVE('',#12631,#12639,#12641,.T.);
#12639 = VERTEX_POINT('',#12640);
#12640 = CARTESIAN_POINT('',(-4.85,-0.325,0.49));
#12641 = LINE('',#12642,#12643);
#12642 = CARTESIAN_POINT('',(-5.15,-0.325,0.49));
#12643 = VECTOR('',#12644,1.);
#12644 = DIRECTION('',(1.,0.,-0.));
#12645 = ORIENTED_EDGE('',*,*,#12646,.T.);
#12646 = EDGE_CURVE('',#12639,#12609,#12647,.T.);
#12647 = LINE('',#12648,#12649);
#12648 = CARTESIAN_POINT('',(-4.85,-0.925,0.49));
#12649 = VECTOR('',#12650,1.);
#12650 = DIRECTION('',(-0.,1.,0.));
#12651 = ORIENTED_EDGE('',*,*,#12608,.F.);
#12652 = ORIENTED_EDGE('',*,*,#12653,.F.);
#12653 = EDGE_CURVE('',#12283,#12601,#12654,.T.);
#12654 = LINE('',#12655,#12656);
#12655 = CARTESIAN_POINT('',(-5.15,2.275,0.49));
#12656 = VECTOR('',#12657,1.);
#12657 = DIRECTION('',(1.,0.,-0.));
#12658 = ORIENTED_EDGE('',*,*,#12282,.F.);
#12659 = PLANE('',#12660);
#12660 = AXIS2_PLACEMENT_3D('',#12661,#12662,#12663);
#12661 = CARTESIAN_POINT('',(-5.15,-0.925,0.49));
#12662 = DIRECTION('',(0.,0.,1.));
#12663 = DIRECTION('',(1.,0.,-0.));
#12664 = ADVANCED_FACE('',(#12665),#12681,.F.);
#12665 = FACE_BOUND('',#12666,.F.);
#12666 = EDGE_LOOP('',(#12667,#12673,#12674,#12680));
#12667 = ORIENTED_EDGE('',*,*,#12668,.F.);
#12668 = EDGE_CURVE('',#12601,#12242,#12669,.T.);
#12669 = LINE('',#12670,#12671);
#12670 = CARTESIAN_POINT('',(-4.875,2.275,0.12));
#12671 = VECTOR('',#12672,1.);
#12672 = DIRECTION('',(0.,0.,1.));
#12673 = ORIENTED_EDGE('',*,*,#12653,.F.);
#12674 = ORIENTED_EDGE('',*,*,#12675,.T.);
#12675 = EDGE_CURVE('',#12283,#12180,#12676,.T.);
#12676 = LINE('',#12677,#12678);
#12677 = CARTESIAN_POINT('',(-5.125,2.275,0.12));
#12678 = VECTOR('',#12679,1.);
#12679 = DIRECTION('',(0.,0.,1.));
#12680 = ORIENTED_EDGE('',*,*,#12249,.T.);
#12681 = PLANE('',#12682);
#12682 = AXIS2_PLACEMENT_3D('',#12683,#12684,#12685);
#12683 = CARTESIAN_POINT('',(-5.125,2.275,0.12));
#12684 = DIRECTION('',(-0.,1.,0.));
#12685 = DIRECTION('',(0.,0.,1.));
#12686 = ADVANCED_FACE('',(#12687),#12712,.T.);
#12687 = FACE_BOUND('',#12688,.T.);
#12688 = EDGE_LOOP('',(#12689,#12690,#12698,#12706));
#12689 = ORIENTED_EDGE('',*,*,#12241,.F.);
#12690 = ORIENTED_EDGE('',*,*,#12691,.T.);
#12691 = EDGE_CURVE('',#12242,#12692,#12694,.T.);
#12692 = VERTEX_POINT('',#12693);
#12693 = CARTESIAN_POINT('',(-4.875,2.275,1.17));
#12694 = LINE('',#12695,#12696);
#12695 = CARTESIAN_POINT('',(-4.875,2.275,0.12));
#12696 = VECTOR('',#12697,1.);
#12697 = DIRECTION('',(0.,0.,1.));
#12698 = ORIENTED_EDGE('',*,*,#12699,.T.);
#12699 = EDGE_CURVE('',#12692,#12700,#12702,.T.);
#12700 = VERTEX_POINT('',#12701);
#12701 = CARTESIAN_POINT('',(-4.85,2.275,1.17));
#12702 = LINE('',#12703,#12704);
#12703 = CARTESIAN_POINT('',(-5.15,2.275,1.17));
#12704 = VECTOR('',#12705,1.);
#12705 = DIRECTION('',(1.,0.,-0.));
#12706 = ORIENTED_EDGE('',*,*,#12707,.F.);
#12707 = EDGE_CURVE('',#12234,#12700,#12708,.T.);
#12708 = LINE('',#12709,#12710);
#12709 = CARTESIAN_POINT('',(-4.85,2.275,0.86));
#12710 = VECTOR('',#12711,1.);
#12711 = DIRECTION('',(0.,0.,1.));
#12712 = PLANE('',#12713);
#12713 = AXIS2_PLACEMENT_3D('',#12714,#12715,#12716);
#12714 = CARTESIAN_POINT('',(-5.15,2.275,0.86));
#12715 = DIRECTION('',(-0.,1.,0.));
#12716 = DIRECTION('',(0.,0.,1.));
#12717 = ADVANCED_FACE('',(#12718),#12736,.F.);
#12718 = FACE_BOUND('',#12719,.F.);
#12719 = EDGE_LOOP('',(#12720,#12728,#12729,#12730));
#12720 = ORIENTED_EDGE('',*,*,#12721,.F.);
#12721 = EDGE_CURVE('',#12218,#12722,#12724,.T.);
#12722 = VERTEX_POINT('',#12723);
#12723 = CARTESIAN_POINT('',(-5.15,-0.6,1.17));
#12724 = LINE('',#12725,#12726);
#12725 = CARTESIAN_POINT('',(-5.15,-0.6,0.86));
#12726 = VECTOR('',#12727,1.);
#12727 = DIRECTION('',(0.,0.,1.));
#12728 = ORIENTED_EDGE('',*,*,#12217,.T.);
#12729 = ORIENTED_EDGE('',*,*,#12187,.T.);
#12730 = ORIENTED_EDGE('',*,*,#12731,.F.);
#12731 = EDGE_CURVE('',#12722,#12188,#12732,.T.);
#12732 = LINE('',#12733,#12734);
#12733 = CARTESIAN_POINT('',(-5.15,-0.6,1.17));
#12734 = VECTOR('',#12735,1.);
#12735 = DIRECTION('',(-0.,1.,0.));
#12736 = PLANE('',#12737);
#12737 = AXIS2_PLACEMENT_3D('',#12738,#12739,#12740);
#12738 = CARTESIAN_POINT('',(-5.15,-0.6,0.86));
#12739 = DIRECTION('',(1.,0.,-0.));
#12740 = DIRECTION('',(0.,0.,1.));
#12741 = ADVANCED_FACE('',(#12742),#12760,.T.);
#12742 = FACE_BOUND('',#12743,.T.);
#12743 = EDGE_LOOP('',(#12744,#12752,#12753,#12754));
#12744 = ORIENTED_EDGE('',*,*,#12745,.F.);
#12745 = EDGE_CURVE('',#12226,#12746,#12748,.T.);
#12746 = VERTEX_POINT('',#12747);
#12747 = CARTESIAN_POINT('',(-4.85,-0.6,1.17));
#12748 = LINE('',#12749,#12750);
#12749 = CARTESIAN_POINT('',(-4.85,-0.6,0.86));
#12750 = VECTOR('',#12751,1.);
#12751 = DIRECTION('',(0.,0.,1.));
#12752 = ORIENTED_EDGE('',*,*,#12233,.T.);
#12753 = ORIENTED_EDGE('',*,*,#12707,.T.);
#12754 = ORIENTED_EDGE('',*,*,#12755,.F.);
#12755 = EDGE_CURVE('',#12746,#12700,#12756,.T.);
#12756 = LINE('',#12757,#12758);
#12757 = CARTESIAN_POINT('',(-4.85,-0.6,1.17));
#12758 = VECTOR('',#12759,1.);
#12759 = DIRECTION('',(-0.,1.,0.));
#12760 = PLANE('',#12761);
#12761 = AXIS2_PLACEMENT_3D('',#12762,#12763,#12764);
#12762 = CARTESIAN_POINT('',(-4.85,-0.6,0.86));
#12763 = DIRECTION('',(1.,0.,-0.));
#12764 = DIRECTION('',(0.,0.,1.));
#12765 = ADVANCED_FACE('',(#12766),#12791,.T.);
#12766 = FACE_BOUND('',#12767,.T.);
#12767 = EDGE_LOOP('',(#12768,#12769,#12777,#12785));
#12768 = ORIENTED_EDGE('',*,*,#12638,.F.);
#12769 = ORIENTED_EDGE('',*,*,#12770,.T.);
#12770 = EDGE_CURVE('',#12631,#12771,#12773,.T.);
#12771 = VERTEX_POINT('',#12772);
#12772 = CARTESIAN_POINT('',(-5.15,-0.325,0.8));
#12773 = LINE('',#12774,#12775);
#12774 = CARTESIAN_POINT('',(-5.15,-0.325,0.49));
#12775 = VECTOR('',#12776,1.);
#12776 = DIRECTION('',(0.,0.,1.));
#12777 = ORIENTED_EDGE('',*,*,#12778,.T.);
#12778 = EDGE_CURVE('',#12771,#12779,#12781,.T.);
#12779 = VERTEX_POINT('',#12780);
#12780 = CARTESIAN_POINT('',(-4.85,-0.325,0.8));
#12781 = LINE('',#12782,#12783);
#12782 = CARTESIAN_POINT('',(-5.15,-0.325,0.8));
#12783 = VECTOR('',#12784,1.);
#12784 = DIRECTION('',(1.,0.,-0.));
#12785 = ORIENTED_EDGE('',*,*,#12786,.F.);
#12786 = EDGE_CURVE('',#12639,#12779,#12787,.T.);
#12787 = LINE('',#12788,#12789);
#12788 = CARTESIAN_POINT('',(-4.85,-0.325,0.49));
#12789 = VECTOR('',#12790,1.);
#12790 = DIRECTION('',(0.,0.,1.));
#12791 = PLANE('',#12792);
#12792 = AXIS2_PLACEMENT_3D('',#12793,#12794,#12795);
#12793 = CARTESIAN_POINT('',(-5.15,-0.325,0.49));
#12794 = DIRECTION('',(-0.,1.,0.));
#12795 = DIRECTION('',(0.,0.,1.));
#12796 = ADVANCED_FACE('',(#12797),#12808,.F.);
#12797 = FACE_BOUND('',#12798,.F.);
#12798 = EDGE_LOOP('',(#12799,#12800,#12801,#12807));
#12799 = ORIENTED_EDGE('',*,*,#12225,.F.);
#12800 = ORIENTED_EDGE('',*,*,#12721,.T.);
#12801 = ORIENTED_EDGE('',*,*,#12802,.T.);
#12802 = EDGE_CURVE('',#12722,#12746,#12803,.T.);
#12803 = LINE('',#12804,#12805);
#12804 = CARTESIAN_POINT('',(-5.15,-0.6,1.17));
#12805 = VECTOR('',#12806,1.);
#12806 = DIRECTION('',(1.,0.,-0.));
#12807 = ORIENTED_EDGE('',*,*,#12745,.F.);
#12808 = PLANE('',#12809);
#12809 = AXIS2_PLACEMENT_3D('',#12810,#12811,#12812);
#12810 = CARTESIAN_POINT('',(-5.15,-0.6,0.86));
#12811 = DIRECTION('',(-0.,1.,0.));
#12812 = DIRECTION('',(0.,0.,1.));
#12813 = ADVANCED_FACE('',(#12814),#12839,.T.);
#12814 = FACE_BOUND('',#12815,.T.);
#12815 = EDGE_LOOP('',(#12816,#12824,#12832,#12838));
#12816 = ORIENTED_EDGE('',*,*,#12817,.F.);
#12817 = EDGE_CURVE('',#12818,#12771,#12820,.T.);
#12818 = VERTEX_POINT('',#12819);
#12819 = CARTESIAN_POINT('',(-5.15,-0.925,0.8));
#12820 = LINE('',#12821,#12822);
#12821 = CARTESIAN_POINT('',(-5.15,-0.925,0.8));
#12822 = VECTOR('',#12823,1.);
#12823 = DIRECTION('',(-0.,1.,0.));
#12824 = ORIENTED_EDGE('',*,*,#12825,.T.);
#12825 = EDGE_CURVE('',#12818,#12826,#12828,.T.);
#12826 = VERTEX_POINT('',#12827);
#12827 = CARTESIAN_POINT('',(-4.85,-0.925,0.8));
#12828 = LINE('',#12829,#12830);
#12829 = CARTESIAN_POINT('',(-5.15,-0.925,0.8));
#12830 = VECTOR('',#12831,1.);
#12831 = DIRECTION('',(1.,0.,-0.));
#12832 = ORIENTED_EDGE('',*,*,#12833,.T.);
#12833 = EDGE_CURVE('',#12826,#12779,#12834,.T.);
#12834 = LINE('',#12835,#12836);
#12835 = CARTESIAN_POINT('',(-4.85,-0.925,0.8));
#12836 = VECTOR('',#12837,1.);
#12837 = DIRECTION('',(-0.,1.,0.));
#12838 = ORIENTED_EDGE('',*,*,#12778,.F.);
#12839 = PLANE('',#12840);
#12840 = AXIS2_PLACEMENT_3D('',#12841,#12842,#12843);
#12841 = CARTESIAN_POINT('',(-5.15,-0.925,0.8));
#12842 = DIRECTION('',(0.,0.,1.));
#12843 = DIRECTION('',(1.,0.,-0.));
#12844 = ADVANCED_FACE('',(#12845),#12864,.T.);
#12845 = FACE_BOUND('',#12846,.T.);
#12846 = EDGE_LOOP('',(#12847,#12848,#12849,#12850,#12851,#12852,#12853,
    #12859,#12860,#12861,#12862,#12863));
#12847 = ORIENTED_EDGE('',*,*,#12377,.F.);
#12848 = ORIENTED_EDGE('',*,*,#12391,.F.);
#12849 = ORIENTED_EDGE('',*,*,#12460,.T.);
#12850 = ORIENTED_EDGE('',*,*,#12290,.T.);
#12851 = ORIENTED_EDGE('',*,*,#12675,.T.);
#12852 = ORIENTED_EDGE('',*,*,#12203,.T.);
#12853 = ORIENTED_EDGE('',*,*,#12854,.T.);
#12854 = EDGE_CURVE('',#12196,#12570,#12855,.T.);
#12855 = LINE('',#12856,#12857);
#12856 = CARTESIAN_POINT('',(-5.125,2.275,1.17));
#12857 = VECTOR('',#12858,1.);
#12858 = DIRECTION('',(-0.,1.,0.));
#12859 = ORIENTED_EDGE('',*,*,#12569,.F.);
#12860 = ORIENTED_EDGE('',*,*,#12554,.F.);
#12861 = ORIENTED_EDGE('',*,*,#12523,.F.);
#12862 = ORIENTED_EDGE('',*,*,#12492,.F.);
#12863 = ORIENTED_EDGE('',*,*,#12439,.F.);
#12864 = PLANE('',#12865);
#12865 = AXIS2_PLACEMENT_3D('',#12866,#12867,#12868);
#12866 = CARTESIAN_POINT('',(-5.125,2.928538891724,0.406031440384));
#12867 = DIRECTION('',(-1.,-0.,-0.));
#12868 = DIRECTION('',(0.,0.,-1.));
#12869 = ADVANCED_FACE('',(#12870),#12889,.T.);
#12870 = FACE_BOUND('',#12871,.T.);
#12871 = EDGE_LOOP('',(#12872,#12873,#12874,#12875,#12876,#12877,#12878,
    #12884,#12885,#12886,#12887,#12888));
#12872 = ORIENTED_EDGE('',*,*,#12361,.T.);
#12873 = ORIENTED_EDGE('',*,*,#12423,.T.);
#12874 = ORIENTED_EDGE('',*,*,#12476,.T.);
#12875 = ORIENTED_EDGE('',*,*,#12507,.T.);
#12876 = ORIENTED_EDGE('',*,*,#12538,.T.);
#12877 = ORIENTED_EDGE('',*,*,#12585,.T.);
#12878 = ORIENTED_EDGE('',*,*,#12879,.F.);
#12879 = EDGE_CURVE('',#12692,#12578,#12880,.T.);
#12880 = LINE('',#12881,#12882);
#12881 = CARTESIAN_POINT('',(-4.875,2.275,1.17));
#12882 = VECTOR('',#12883,1.);
#12883 = DIRECTION('',(-0.,1.,0.));
#12884 = ORIENTED_EDGE('',*,*,#12691,.F.);
#12885 = ORIENTED_EDGE('',*,*,#12668,.F.);
#12886 = ORIENTED_EDGE('',*,*,#12600,.F.);
#12887 = ORIENTED_EDGE('',*,*,#12453,.F.);
#12888 = ORIENTED_EDGE('',*,*,#12407,.T.);
#12889 = PLANE('',#12890);
#12890 = AXIS2_PLACEMENT_3D('',#12891,#12892,#12893);
#12891 = CARTESIAN_POINT('',(-4.875,2.928538891724,0.406031440384));
#12892 = DIRECTION('',(1.,0.,0.));
#12893 = DIRECTION('',(-0.,0.,1.));
#12894 = ADVANCED_FACE('',(#12895),#12905,.T.);
#12895 = FACE_BOUND('',#12896,.T.);
#12896 = EDGE_LOOP('',(#12897,#12898,#12899,#12900,#12901,#12902,#12903,
    #12904));
#12897 = ORIENTED_EDGE('',*,*,#12854,.F.);
#12898 = ORIENTED_EDGE('',*,*,#12195,.F.);
#12899 = ORIENTED_EDGE('',*,*,#12731,.F.);
#12900 = ORIENTED_EDGE('',*,*,#12802,.T.);
#12901 = ORIENTED_EDGE('',*,*,#12755,.T.);
#12902 = ORIENTED_EDGE('',*,*,#12699,.F.);
#12903 = ORIENTED_EDGE('',*,*,#12879,.T.);
#12904 = ORIENTED_EDGE('',*,*,#12577,.F.);
#12905 = PLANE('',#12906);
#12906 = AXIS2_PLACEMENT_3D('',#12907,#12908,#12909);
#12907 = CARTESIAN_POINT('',(-5.,0.936018518519,1.17));
#12908 = DIRECTION('',(0.,0.,1.));
#12909 = DIRECTION('',(1.,0.,-0.));
#12910 = ADVANCED_FACE('',(#12911),#12924,.T.);
#12911 = FACE_BOUND('',#12912,.T.);
#12912 = EDGE_LOOP('',(#12913,#12919,#12920,#12921,#12922,#12923));
#12913 = ORIENTED_EDGE('',*,*,#12914,.T.);
#12914 = EDGE_CURVE('',#12305,#12818,#12915,.T.);
#12915 = LINE('',#12916,#12917);
#12916 = CARTESIAN_POINT('',(-5.15,-0.925,0.3));
#12917 = VECTOR('',#12918,1.);
#12918 = DIRECTION('',(0.,0.,1.));
#12919 = ORIENTED_EDGE('',*,*,#12817,.T.);
#12920 = ORIENTED_EDGE('',*,*,#12770,.F.);
#12921 = ORIENTED_EDGE('',*,*,#12630,.T.);
#12922 = ORIENTED_EDGE('',*,*,#12274,.F.);
#12923 = ORIENTED_EDGE('',*,*,#12304,.F.);
#12924 = PLANE('',#12925);
#12925 = AXIS2_PLACEMENT_3D('',#12926,#12927,#12928);
#12926 = CARTESIAN_POINT('',(-5.15,0.566081081081,0.441081081081));
#12927 = DIRECTION('',(-1.,-0.,-0.));
#12928 = DIRECTION('',(0.,0.,-1.));
#12929 = ADVANCED_FACE('',(#12930),#12943,.T.);
#12930 = FACE_BOUND('',#12931,.T.);
#12931 = EDGE_LOOP('',(#12932,#12933,#12934,#12935,#12936,#12937));
#12932 = ORIENTED_EDGE('',*,*,#12320,.T.);
#12933 = ORIENTED_EDGE('',*,*,#12616,.T.);
#12934 = ORIENTED_EDGE('',*,*,#12646,.F.);
#12935 = ORIENTED_EDGE('',*,*,#12786,.T.);
#12936 = ORIENTED_EDGE('',*,*,#12833,.F.);
#12937 = ORIENTED_EDGE('',*,*,#12938,.F.);
#12938 = EDGE_CURVE('',#12313,#12826,#12939,.T.);
#12939 = LINE('',#12940,#12941);
#12940 = CARTESIAN_POINT('',(-4.85,-0.925,0.49));
#12941 = VECTOR('',#12942,1.);
#12942 = DIRECTION('',(0.,0.,1.));
#12943 = PLANE('',#12944);
#12944 = AXIS2_PLACEMENT_3D('',#12945,#12946,#12947);
#12945 = CARTESIAN_POINT('',(-4.85,0.566081081081,0.441081081081));
#12946 = DIRECTION('',(1.,0.,0.));
#12947 = DIRECTION('',(-0.,0.,1.));
#12948 = ADVANCED_FACE('',(#12949),#12955,.T.);
#12949 = FACE_BOUND('',#12950,.T.);
#12950 = EDGE_LOOP('',(#12951,#12952,#12953,#12954));
#12951 = ORIENTED_EDGE('',*,*,#12312,.T.);
#12952 = ORIENTED_EDGE('',*,*,#12938,.T.);
#12953 = ORIENTED_EDGE('',*,*,#12825,.F.);
#12954 = ORIENTED_EDGE('',*,*,#12914,.F.);
#12955 = PLANE('',#12956);
#12956 = AXIS2_PLACEMENT_3D('',#12957,#12958,#12959);
#12957 = CARTESIAN_POINT('',(-5.,-0.925,0.55));
#12958 = DIRECTION('',(-0.,-1.,-0.));
#12959 = DIRECTION('',(0.,0.,-1.));
#12960 = MANIFOLD_SOLID_BREP('',#12961);
#12961 = CLOSED_SHELL('',(#12962,#13002,#13049,#13089,#13136,#13176,
    #13207,#13238,#13260,#13291,#13322,#13353,#13384,#13415,#13453,
    #13475,#13506,#13530,#13554,#13585,#13602,#13633,#13658,#13683,
    #13699,#13718,#13737));
#12962 = ADVANCED_FACE('',(#12963),#12997,.T.);
#12963 = FACE_BOUND('',#12964,.T.);
#12964 = EDGE_LOOP('',(#12965,#12975,#12983,#12991));
#12965 = ORIENTED_EDGE('',*,*,#12966,.F.);
#12966 = EDGE_CURVE('',#12967,#12969,#12971,.T.);
#12967 = VERTEX_POINT('',#12968);
#12968 = CARTESIAN_POINT('',(-4.15,2.275,0.86));
#12969 = VERTEX_POINT('',#12970);
#12970 = CARTESIAN_POINT('',(-4.125,2.275,0.86));
#12971 = LINE('',#12972,#12973);
#12972 = CARTESIAN_POINT('',(-4.15,2.275,0.86));
#12973 = VECTOR('',#12974,1.);
#12974 = DIRECTION('',(1.,0.,-0.));
#12975 = ORIENTED_EDGE('',*,*,#12976,.T.);
#12976 = EDGE_CURVE('',#12967,#12977,#12979,.T.);
#12977 = VERTEX_POINT('',#12978);
#12978 = CARTESIAN_POINT('',(-4.15,2.275,1.17));
#12979 = LINE('',#12980,#12981);
#12980 = CARTESIAN_POINT('',(-4.15,2.275,0.86));
#12981 = VECTOR('',#12982,1.);
#12982 = DIRECTION('',(0.,0.,1.));
#12983 = ORIENTED_EDGE('',*,*,#12984,.T.);
#12984 = EDGE_CURVE('',#12977,#12985,#12987,.T.);
#12985 = VERTEX_POINT('',#12986);
#12986 = CARTESIAN_POINT('',(-4.125,2.275,1.17));
#12987 = LINE('',#12988,#12989);
#12988 = CARTESIAN_POINT('',(-4.15,2.275,1.17));
#12989 = VECTOR('',#12990,1.);
#12990 = DIRECTION('',(1.,0.,-0.));
#12991 = ORIENTED_EDGE('',*,*,#12992,.F.);
#12992 = EDGE_CURVE('',#12969,#12985,#12993,.T.);
#12993 = LINE('',#12994,#12995);
#12994 = CARTESIAN_POINT('',(-4.125,2.275,0.12));
#12995 = VECTOR('',#12996,1.);
#12996 = DIRECTION('',(0.,0.,1.));
#12997 = PLANE('',#12998);
#12998 = AXIS2_PLACEMENT_3D('',#12999,#13000,#13001);
#12999 = CARTESIAN_POINT('',(-4.15,2.275,0.86));
#13000 = DIRECTION('',(-0.,1.,0.));
#13001 = DIRECTION('',(0.,0.,1.));
#13002 = ADVANCED_FACE('',(#13003),#13044,.F.);
#13003 = FACE_BOUND('',#13004,.F.);
#13004 = EDGE_LOOP('',(#13005,#13013,#13021,#13029,#13037,#13043));
#13005 = ORIENTED_EDGE('',*,*,#13006,.F.);
#13006 = EDGE_CURVE('',#13007,#12967,#13009,.T.);
#13007 = VERTEX_POINT('',#13008);
#13008 = CARTESIAN_POINT('',(-4.15,-0.6,0.86));
#13009 = LINE('',#13010,#13011);
#13010 = CARTESIAN_POINT('',(-4.15,-0.6,0.86));
#13011 = VECTOR('',#13012,1.);
#13012 = DIRECTION('',(-0.,1.,0.));
#13013 = ORIENTED_EDGE('',*,*,#13014,.T.);
#13014 = EDGE_CURVE('',#13007,#13015,#13017,.T.);
#13015 = VERTEX_POINT('',#13016);
#13016 = CARTESIAN_POINT('',(-3.85,-0.6,0.86));
#13017 = LINE('',#13018,#13019);
#13018 = CARTESIAN_POINT('',(-4.15,-0.6,0.86));
#13019 = VECTOR('',#13020,1.);
#13020 = DIRECTION('',(1.,0.,-0.));
#13021 = ORIENTED_EDGE('',*,*,#13022,.T.);
#13022 = EDGE_CURVE('',#13015,#13023,#13025,.T.);
#13023 = VERTEX_POINT('',#13024);
#13024 = CARTESIAN_POINT('',(-3.85,2.275,0.86));
#13025 = LINE('',#13026,#13027);
#13026 = CARTESIAN_POINT('',(-3.85,-0.6,0.86));
#13027 = VECTOR('',#13028,1.);
#13028 = DIRECTION('',(-0.,1.,0.));
#13029 = ORIENTED_EDGE('',*,*,#13030,.F.);
#13030 = EDGE_CURVE('',#13031,#13023,#13033,.T.);
#13031 = VERTEX_POINT('',#13032);
#13032 = CARTESIAN_POINT('',(-3.875,2.275,0.86));
#13033 = LINE('',#13034,#13035);
#13034 = CARTESIAN_POINT('',(-4.15,2.275,0.86));
#13035 = VECTOR('',#13036,1.);
#13036 = DIRECTION('',(1.,0.,-0.));
#13037 = ORIENTED_EDGE('',*,*,#13038,.F.);
#13038 = EDGE_CURVE('',#12969,#13031,#13039,.T.);
#13039 = LINE('',#13040,#13041);
#13040 = CARTESIAN_POINT('',(-4.15,2.275,0.86));
#13041 = VECTOR('',#13042,1.);
#13042 = DIRECTION('',(1.,0.,-0.));
#13043 = ORIENTED_EDGE('',*,*,#12966,.F.);
#13044 = PLANE('',#13045);
#13045 = AXIS2_PLACEMENT_3D('',#13046,#13047,#13048);
#13046 = CARTESIAN_POINT('',(-4.15,-0.6,0.86));
#13047 = DIRECTION('',(0.,0.,1.));
#13048 = DIRECTION('',(1.,0.,-0.));
#13049 = ADVANCED_FACE('',(#13050),#13084,.T.);
#13050 = FACE_BOUND('',#13051,.T.);
#13051 = EDGE_LOOP('',(#13052,#13062,#13070,#13078));
#13052 = ORIENTED_EDGE('',*,*,#13053,.F.);
#13053 = EDGE_CURVE('',#13054,#13056,#13058,.T.);
#13054 = VERTEX_POINT('',#13055);
#13055 = CARTESIAN_POINT('',(-4.15,2.275,0.3));
#13056 = VERTEX_POINT('',#13057);
#13057 = CARTESIAN_POINT('',(-4.125,2.275,0.3));
#13058 = LINE('',#13059,#13060);
#13059 = CARTESIAN_POINT('',(-4.15,2.275,0.3));
#13060 = VECTOR('',#13061,1.);
#13061 = DIRECTION('',(1.,0.,-0.));
#13062 = ORIENTED_EDGE('',*,*,#13063,.T.);
#13063 = EDGE_CURVE('',#13054,#13064,#13066,.T.);
#13064 = VERTEX_POINT('',#13065);
#13065 = CARTESIAN_POINT('',(-4.15,2.275,0.49));
#13066 = LINE('',#13067,#13068);
#13067 = CARTESIAN_POINT('',(-4.15,2.275,0.3));
#13068 = VECTOR('',#13069,1.);
#13069 = DIRECTION('',(0.,0.,1.));
#13070 = ORIENTED_EDGE('',*,*,#13071,.T.);
#13071 = EDGE_CURVE('',#13064,#13072,#13074,.T.);
#13072 = VERTEX_POINT('',#13073);
#13073 = CARTESIAN_POINT('',(-4.125,2.275,0.49));
#13074 = LINE('',#13075,#13076);
#13075 = CARTESIAN_POINT('',(-4.15,2.275,0.49));
#13076 = VECTOR('',#13077,1.);
#13077 = DIRECTION('',(1.,0.,-0.));
#13078 = ORIENTED_EDGE('',*,*,#13079,.F.);
#13079 = EDGE_CURVE('',#13056,#13072,#13080,.T.);
#13080 = LINE('',#13081,#13082);
#13081 = CARTESIAN_POINT('',(-4.125,2.275,0.12));
#13082 = VECTOR('',#13083,1.);
#13083 = DIRECTION('',(0.,0.,1.));
#13084 = PLANE('',#13085);
#13085 = AXIS2_PLACEMENT_3D('',#13086,#13087,#13088);
#13086 = CARTESIAN_POINT('',(-4.15,2.275,0.3));
#13087 = DIRECTION('',(-0.,1.,0.));
#13088 = DIRECTION('',(0.,0.,1.));
#13089 = ADVANCED_FACE('',(#13090),#13131,.F.);
#13090 = FACE_BOUND('',#13091,.F.);
#13091 = EDGE_LOOP('',(#13092,#13100,#13108,#13116,#13124,#13130));
#13092 = ORIENTED_EDGE('',*,*,#13093,.F.);
#13093 = EDGE_CURVE('',#13094,#13054,#13096,.T.);
#13094 = VERTEX_POINT('',#13095);
#13095 = CARTESIAN_POINT('',(-4.15,-0.925,0.3));
#13096 = LINE('',#13097,#13098);
#13097 = CARTESIAN_POINT('',(-4.15,-0.925,0.3));
#13098 = VECTOR('',#13099,1.);
#13099 = DIRECTION('',(-0.,1.,0.));
#13100 = ORIENTED_EDGE('',*,*,#13101,.T.);
#13101 = EDGE_CURVE('',#13094,#13102,#13104,.T.);
#13102 = VERTEX_POINT('',#13103);
#13103 = CARTESIAN_POINT('',(-3.85,-0.925,0.3));
#13104 = LINE('',#13105,#13106);
#13105 = CARTESIAN_POINT('',(-4.15,-0.925,0.3));
#13106 = VECTOR('',#13107,1.);
#13107 = DIRECTION('',(1.,0.,-0.));
#13108 = ORIENTED_EDGE('',*,*,#13109,.T.);
#13109 = EDGE_CURVE('',#13102,#13110,#13112,.T.);
#13110 = VERTEX_POINT('',#13111);
#13111 = CARTESIAN_POINT('',(-3.85,2.275,0.3));
#13112 = LINE('',#13113,#13114);
#13113 = CARTESIAN_POINT('',(-3.85,-0.925,0.3));
#13114 = VECTOR('',#13115,1.);
#13115 = DIRECTION('',(-0.,1.,0.));
#13116 = ORIENTED_EDGE('',*,*,#13117,.F.);
#13117 = EDGE_CURVE('',#13118,#13110,#13120,.T.);
#13118 = VERTEX_POINT('',#13119);
#13119 = CARTESIAN_POINT('',(-3.875,2.275,0.3));
#13120 = LINE('',#13121,#13122);
#13121 = CARTESIAN_POINT('',(-4.15,2.275,0.3));
#13122 = VECTOR('',#13123,1.);
#13123 = DIRECTION('',(1.,0.,-0.));
#13124 = ORIENTED_EDGE('',*,*,#13125,.F.);
#13125 = EDGE_CURVE('',#13056,#13118,#13126,.T.);
#13126 = LINE('',#13127,#13128);
#13127 = CARTESIAN_POINT('',(-4.15,2.275,0.3));
#13128 = VECTOR('',#13129,1.);
#13129 = DIRECTION('',(1.,0.,-0.));
#13130 = ORIENTED_EDGE('',*,*,#13053,.F.);
#13131 = PLANE('',#13132);
#13132 = AXIS2_PLACEMENT_3D('',#13133,#13134,#13135);
#13133 = CARTESIAN_POINT('',(-4.15,-0.925,0.3));
#13134 = DIRECTION('',(0.,0.,1.));
#13135 = DIRECTION('',(1.,0.,-0.));
#13136 = ADVANCED_FACE('',(#13137),#13171,.F.);
#13137 = FACE_BOUND('',#13138,.F.);
#13138 = EDGE_LOOP('',(#13139,#13149,#13157,#13165));
#13139 = ORIENTED_EDGE('',*,*,#13140,.T.);
#13140 = EDGE_CURVE('',#13141,#13143,#13145,.T.);
#13141 = VERTEX_POINT('',#13142);
#13142 = CARTESIAN_POINT('',(-4.125,2.475,0.12));
#13143 = VERTEX_POINT('',#13144);
#13144 = CARTESIAN_POINT('',(-3.875,2.475,0.12));
#13145 = LINE('',#13146,#13147);
#13146 = CARTESIAN_POINT('',(-4.125,2.475,0.12));
#13147 = VECTOR('',#13148,1.);
#13148 = DIRECTION('',(1.,0.,0.));
#13149 = ORIENTED_EDGE('',*,*,#13150,.T.);
#13150 = EDGE_CURVE('',#13143,#13151,#13153,.T.);
#13151 = VERTEX_POINT('',#13152);
#13152 = CARTESIAN_POINT('',(-3.875,2.825,0.));
#13153 = LINE('',#13154,#13155);
#13154 = CARTESIAN_POINT('',(-3.875,2.475,0.12));
#13155 = VECTOR('',#13156,1.);
#13156 = DIRECTION('',(0.,0.945945945946,-0.324324324324));
#13157 = ORIENTED_EDGE('',*,*,#13158,.F.);
#13158 = EDGE_CURVE('',#13159,#13151,#13161,.T.);
#13159 = VERTEX_POINT('',#13160);
#13160 = CARTESIAN_POINT('',(-4.125,2.825,0.));
#13161 = LINE('',#13162,#13163);
#13162 = CARTESIAN_POINT('',(-4.125,2.825,0.));
#13163 = VECTOR('',#13164,1.);
#13164 = DIRECTION('',(1.,0.,0.));
#13165 = ORIENTED_EDGE('',*,*,#13166,.F.);
#13166 = EDGE_CURVE('',#13141,#13159,#13167,.T.);
#13167 = LINE('',#13168,#13169);
#13168 = CARTESIAN_POINT('',(-4.125,2.475,0.12));
#13169 = VECTOR('',#13170,1.);
#13170 = DIRECTION('',(0.,0.945945945946,-0.324324324324));
#13171 = PLANE('',#13172);
#13172 = AXIS2_PLACEMENT_3D('',#13173,#13174,#13175);
#13173 = CARTESIAN_POINT('',(-4.125,2.475,0.12));
#13174 = DIRECTION('',(-0.,0.324324324324,0.945945945946));
#13175 = DIRECTION('',(0.,0.945945945946,-0.324324324324));
#13176 = ADVANCED_FACE('',(#13177),#13202,.F.);
#13177 = FACE_BOUND('',#13178,.F.);
#13178 = EDGE_LOOP('',(#13179,#13187,#13195,#13201));
#13179 = ORIENTED_EDGE('',*,*,#13180,.F.);
#13180 = EDGE_CURVE('',#13181,#13141,#13183,.T.);
#13181 = VERTEX_POINT('',#13182);
#13182 = CARTESIAN_POINT('',(-4.125,2.275,0.12));
#13183 = LINE('',#13184,#13185);
#13184 = CARTESIAN_POINT('',(-4.125,2.275,0.12));
#13185 = VECTOR('',#13186,1.);
#13186 = DIRECTION('',(-0.,1.,0.));
#13187 = ORIENTED_EDGE('',*,*,#13188,.T.);
#13188 = EDGE_CURVE('',#13181,#13189,#13191,.T.);
#13189 = VERTEX_POINT('',#13190);
#13190 = CARTESIAN_POINT('',(-3.875,2.275,0.12));
#13191 = LINE('',#13192,#13193);
#13192 = CARTESIAN_POINT('',(-4.125,2.275,0.12));
#13193 = VECTOR('',#13194,1.);
#13194 = DIRECTION('',(1.,0.,-0.));
#13195 = ORIENTED_EDGE('',*,*,#13196,.T.);
#13196 = EDGE_CURVE('',#13189,#13143,#13197,.T.);
#13197 = LINE('',#13198,#13199);
#13198 = CARTESIAN_POINT('',(-3.875,2.275,0.12));
#13199 = VECTOR('',#13200,1.);
#13200 = DIRECTION('',(-0.,1.,0.));
#13201 = ORIENTED_EDGE('',*,*,#13140,.F.);
#13202 = PLANE('',#13203);
#13203 = AXIS2_PLACEMENT_3D('',#13204,#13205,#13206);
#13204 = CARTESIAN_POINT('',(-4.125,2.275,0.12));
#13205 = DIRECTION('',(0.,0.,1.));
#13206 = DIRECTION('',(1.,0.,-0.));
#13207 = ADVANCED_FACE('',(#13208),#13233,.F.);
#13208 = FACE_BOUND('',#13209,.F.);
#13209 = EDGE_LOOP('',(#13210,#13211,#13219,#13227));
#13210 = ORIENTED_EDGE('',*,*,#13158,.T.);
#13211 = ORIENTED_EDGE('',*,*,#13212,.T.);
#13212 = EDGE_CURVE('',#13151,#13213,#13215,.T.);
#13213 = VERTEX_POINT('',#13214);
#13214 = CARTESIAN_POINT('',(-3.875,3.925,0.));
#13215 = LINE('',#13216,#13217);
#13216 = CARTESIAN_POINT('',(-3.875,2.825,0.));
#13217 = VECTOR('',#13218,1.);
#13218 = DIRECTION('',(0.,1.,0.));
#13219 = ORIENTED_EDGE('',*,*,#13220,.F.);
#13220 = EDGE_CURVE('',#13221,#13213,#13223,.T.);
#13221 = VERTEX_POINT('',#13222);
#13222 = CARTESIAN_POINT('',(-4.125,3.925,0.));
#13223 = LINE('',#13224,#13225);
#13224 = CARTESIAN_POINT('',(-4.125,3.925,0.));
#13225 = VECTOR('',#13226,1.);
#13226 = DIRECTION('',(1.,0.,0.));
#13227 = ORIENTED_EDGE('',*,*,#13228,.F.);
#13228 = EDGE_CURVE('',#13159,#13221,#13229,.T.);
#13229 = LINE('',#13230,#13231);
#13230 = CARTESIAN_POINT('',(-4.125,2.825,0.));
#13231 = VECTOR('',#13232,1.);
#13232 = DIRECTION('',(0.,1.,0.));
#13233 = PLANE('',#13234);
#13234 = AXIS2_PLACEMENT_3D('',#13235,#13236,#13237);
#13235 = CARTESIAN_POINT('',(-4.125,2.825,0.));
#13236 = DIRECTION('',(0.,0.,1.));
#13237 = DIRECTION('',(0.,1.,0.));
#13238 = ADVANCED_FACE('',(#13239),#13255,.F.);
#13239 = FACE_BOUND('',#13240,.F.);
#13240 = EDGE_LOOP('',(#13241,#13247,#13248,#13254));
#13241 = ORIENTED_EDGE('',*,*,#13242,.F.);
#13242 = EDGE_CURVE('',#13189,#13118,#13243,.T.);
#13243 = LINE('',#13244,#13245);
#13244 = CARTESIAN_POINT('',(-3.875,2.275,0.12));
#13245 = VECTOR('',#13246,1.);
#13246 = DIRECTION('',(0.,0.,1.));
#13247 = ORIENTED_EDGE('',*,*,#13188,.F.);
#13248 = ORIENTED_EDGE('',*,*,#13249,.T.);
#13249 = EDGE_CURVE('',#13181,#13056,#13250,.T.);
#13250 = LINE('',#13251,#13252);
#13251 = CARTESIAN_POINT('',(-4.125,2.275,0.12));
#13252 = VECTOR('',#13253,1.);
#13253 = DIRECTION('',(0.,0.,1.));
#13254 = ORIENTED_EDGE('',*,*,#13125,.T.);
#13255 = PLANE('',#13256);
#13256 = AXIS2_PLACEMENT_3D('',#13257,#13258,#13259);
#13257 = CARTESIAN_POINT('',(-4.125,2.275,0.12));
#13258 = DIRECTION('',(-0.,1.,0.));
#13259 = DIRECTION('',(0.,0.,1.));
#13260 = ADVANCED_FACE('',(#13261),#13286,.F.);
#13261 = FACE_BOUND('',#13262,.F.);
#13262 = EDGE_LOOP('',(#13263,#13264,#13272,#13280));
#13263 = ORIENTED_EDGE('',*,*,#13220,.T.);
#13264 = ORIENTED_EDGE('',*,*,#13265,.T.);
#13265 = EDGE_CURVE('',#13213,#13266,#13268,.T.);
#13266 = VERTEX_POINT('',#13267);
#13267 = CARTESIAN_POINT('',(-3.875,3.925,0.4));
#13268 = LINE('',#13269,#13270);
#13269 = CARTESIAN_POINT('',(-3.875,3.925,0.));
#13270 = VECTOR('',#13271,1.);
#13271 = DIRECTION('',(0.,0.,1.));
#13272 = ORIENTED_EDGE('',*,*,#13273,.F.);
#13273 = EDGE_CURVE('',#13274,#13266,#13276,.T.);
#13274 = VERTEX_POINT('',#13275);
#13275 = CARTESIAN_POINT('',(-4.125,3.925,0.4));
#13276 = LINE('',#13277,#13278);
#13277 = CARTESIAN_POINT('',(-4.125,3.925,0.4));
#13278 = VECTOR('',#13279,1.);
#13279 = DIRECTION('',(1.,0.,0.));
#13280 = ORIENTED_EDGE('',*,*,#13281,.F.);
#13281 = EDGE_CURVE('',#13221,#13274,#13282,.T.);
#13282 = LINE('',#13283,#13284);
#13283 = CARTESIAN_POINT('',(-4.125,3.925,0.));
#13284 = VECTOR('',#13285,1.);
#13285 = DIRECTION('',(0.,0.,1.));
#13286 = PLANE('',#13287);
#13287 = AXIS2_PLACEMENT_3D('',#13288,#13289,#13290);
#13288 = CARTESIAN_POINT('',(-4.125,3.925,0.));
#13289 = DIRECTION('',(0.,-1.,0.));
#13290 = DIRECTION('',(0.,0.,1.));
#13291 = ADVANCED_FACE('',(#13292),#13317,.F.);
#13292 = FACE_BOUND('',#13293,.F.);
#13293 = EDGE_LOOP('',(#13294,#13295,#13303,#13311));
#13294 = ORIENTED_EDGE('',*,*,#13273,.T.);
#13295 = ORIENTED_EDGE('',*,*,#13296,.T.);
#13296 = EDGE_CURVE('',#13266,#13297,#13299,.T.);
#13297 = VERTEX_POINT('',#13298);
#13298 = CARTESIAN_POINT('',(-3.875,2.905,0.4));
#13299 = LINE('',#13300,#13301);
#13300 = CARTESIAN_POINT('',(-3.875,3.925,0.4));
#13301 = VECTOR('',#13302,1.);
#13302 = DIRECTION('',(0.,-1.,0.));
#13303 = ORIENTED_EDGE('',*,*,#13304,.F.);
#13304 = EDGE_CURVE('',#13305,#13297,#13307,.T.);
#13305 = VERTEX_POINT('',#13306);
#13306 = CARTESIAN_POINT('',(-4.125,2.905,0.4));
#13307 = LINE('',#13308,#13309);
#13308 = CARTESIAN_POINT('',(-4.125,2.905,0.4));
#13309 = VECTOR('',#13310,1.);
#13310 = DIRECTION('',(1.,0.,0.));
#13311 = ORIENTED_EDGE('',*,*,#13312,.F.);
#13312 = EDGE_CURVE('',#13274,#13305,#13313,.T.);
#13313 = LINE('',#13314,#13315);
#13314 = CARTESIAN_POINT('',(-4.125,3.925,0.4));
#13315 = VECTOR('',#13316,1.);
#13316 = DIRECTION('',(0.,-1.,0.));
#13317 = PLANE('',#13318);
#13318 = AXIS2_PLACEMENT_3D('',#13319,#13320,#13321);
#13319 = CARTESIAN_POINT('',(-4.125,3.925,0.4));
#13320 = DIRECTION('',(0.,0.,-1.));
#13321 = DIRECTION('',(0.,-1.,0.));
#13322 = ADVANCED_FACE('',(#13323),#13348,.F.);
#13323 = FACE_BOUND('',#13324,.F.);
#13324 = EDGE_LOOP('',(#13325,#13326,#13334,#13342));
#13325 = ORIENTED_EDGE('',*,*,#13304,.T.);
#13326 = ORIENTED_EDGE('',*,*,#13327,.T.);
#13327 = EDGE_CURVE('',#13297,#13328,#13330,.T.);
#13328 = VERTEX_POINT('',#13329);
#13329 = CARTESIAN_POINT('',(-3.875,2.475,0.59));
#13330 = LINE('',#13331,#13332);
#13331 = CARTESIAN_POINT('',(-3.875,2.905,0.4));
#13332 = VECTOR('',#13333,1.);
#13333 = DIRECTION('',(0.,-0.914686604095,0.404163848321));
#13334 = ORIENTED_EDGE('',*,*,#13335,.F.);
#13335 = EDGE_CURVE('',#13336,#13328,#13338,.T.);
#13336 = VERTEX_POINT('',#13337);
#13337 = CARTESIAN_POINT('',(-4.125,2.475,0.59));
#13338 = LINE('',#13339,#13340);
#13339 = CARTESIAN_POINT('',(-4.125,2.475,0.59));
#13340 = VECTOR('',#13341,1.);
#13341 = DIRECTION('',(1.,0.,0.));
#13342 = ORIENTED_EDGE('',*,*,#13343,.F.);
#13343 = EDGE_CURVE('',#13305,#13336,#13344,.T.);
#13344 = LINE('',#13345,#13346);
#13345 = CARTESIAN_POINT('',(-4.125,2.905,0.4));
#13346 = VECTOR('',#13347,1.);
#13347 = DIRECTION('',(0.,-0.914686604095,0.404163848321));
#13348 = PLANE('',#13349);
#13349 = AXIS2_PLACEMENT_3D('',#13350,#13351,#13352);
#13350 = CARTESIAN_POINT('',(-4.125,2.905,0.4));
#13351 = DIRECTION('',(0.,-0.404163848321,-0.914686604095));
#13352 = DIRECTION('',(0.,-0.914686604095,0.404163848321));
#13353 = ADVANCED_FACE('',(#13354),#13379,.T.);
#13354 = FACE_BOUND('',#13355,.T.);
#13355 = EDGE_LOOP('',(#13356,#13357,#13365,#13373));
#13356 = ORIENTED_EDGE('',*,*,#13335,.F.);
#13357 = ORIENTED_EDGE('',*,*,#13358,.T.);
#13358 = EDGE_CURVE('',#13336,#13359,#13361,.T.);
#13359 = VERTEX_POINT('',#13360);
#13360 = CARTESIAN_POINT('',(-4.125,2.475,1.17));
#13361 = LINE('',#13362,#13363);
#13362 = CARTESIAN_POINT('',(-4.125,2.475,0.12));
#13363 = VECTOR('',#13364,1.);
#13364 = DIRECTION('',(0.,0.,1.));
#13365 = ORIENTED_EDGE('',*,*,#13366,.T.);
#13366 = EDGE_CURVE('',#13359,#13367,#13369,.T.);
#13367 = VERTEX_POINT('',#13368);
#13368 = CARTESIAN_POINT('',(-3.875,2.475,1.17));
#13369 = LINE('',#13370,#13371);
#13370 = CARTESIAN_POINT('',(-4.125,2.475,1.17));
#13371 = VECTOR('',#13372,1.);
#13372 = DIRECTION('',(1.,0.,-0.));
#13373 = ORIENTED_EDGE('',*,*,#13374,.F.);
#13374 = EDGE_CURVE('',#13328,#13367,#13375,.T.);
#13375 = LINE('',#13376,#13377);
#13376 = CARTESIAN_POINT('',(-3.875,2.475,0.12));
#13377 = VECTOR('',#13378,1.);
#13378 = DIRECTION('',(0.,0.,1.));
#13379 = PLANE('',#13380);
#13380 = AXIS2_PLACEMENT_3D('',#13381,#13382,#13383);
#13381 = CARTESIAN_POINT('',(-4.125,2.475,0.12));
#13382 = DIRECTION('',(-0.,1.,0.));
#13383 = DIRECTION('',(0.,0.,1.));
#13384 = ADVANCED_FACE('',(#13385),#13410,.T.);
#13385 = FACE_BOUND('',#13386,.T.);
#13386 = EDGE_LOOP('',(#13387,#13388,#13396,#13404));
#13387 = ORIENTED_EDGE('',*,*,#13117,.F.);
#13388 = ORIENTED_EDGE('',*,*,#13389,.T.);
#13389 = EDGE_CURVE('',#13118,#13390,#13392,.T.);
#13390 = VERTEX_POINT('',#13391);
#13391 = CARTESIAN_POINT('',(-3.875,2.275,0.49));
#13392 = LINE('',#13393,#13394);
#13393 = CARTESIAN_POINT('',(-3.875,2.275,0.12));
#13394 = VECTOR('',#13395,1.);
#13395 = DIRECTION('',(0.,0.,1.));
#13396 = ORIENTED_EDGE('',*,*,#13397,.T.);
#13397 = EDGE_CURVE('',#13390,#13398,#13400,.T.);
#13398 = VERTEX_POINT('',#13399);
#13399 = CARTESIAN_POINT('',(-3.85,2.275,0.49));
#13400 = LINE('',#13401,#13402);
#13401 = CARTESIAN_POINT('',(-4.15,2.275,0.49));
#13402 = VECTOR('',#13403,1.);
#13403 = DIRECTION('',(1.,0.,-0.));
#13404 = ORIENTED_EDGE('',*,*,#13405,.F.);
#13405 = EDGE_CURVE('',#13110,#13398,#13406,.T.);
#13406 = LINE('',#13407,#13408);
#13407 = CARTESIAN_POINT('',(-3.85,2.275,0.3));
#13408 = VECTOR('',#13409,1.);
#13409 = DIRECTION('',(0.,0.,1.));
#13410 = PLANE('',#13411);
#13411 = AXIS2_PLACEMENT_3D('',#13412,#13413,#13414);
#13412 = CARTESIAN_POINT('',(-4.15,2.275,0.3));
#13413 = DIRECTION('',(-0.,1.,0.));
#13414 = DIRECTION('',(0.,0.,1.));
#13415 = ADVANCED_FACE('',(#13416),#13448,.T.);
#13416 = FACE_BOUND('',#13417,.T.);
#13417 = EDGE_LOOP('',(#13418,#13426,#13434,#13440,#13441,#13447));
#13418 = ORIENTED_EDGE('',*,*,#13419,.F.);
#13419 = EDGE_CURVE('',#13420,#13064,#13422,.T.);
#13420 = VERTEX_POINT('',#13421);
#13421 = CARTESIAN_POINT('',(-4.15,-0.325,0.49));
#13422 = LINE('',#13423,#13424);
#13423 = CARTESIAN_POINT('',(-4.15,-0.925,0.49));
#13424 = VECTOR('',#13425,1.);
#13425 = DIRECTION('',(-0.,1.,0.));
#13426 = ORIENTED_EDGE('',*,*,#13427,.T.);
#13427 = EDGE_CURVE('',#13420,#13428,#13430,.T.);
#13428 = VERTEX_POINT('',#13429);
#13429 = CARTESIAN_POINT('',(-3.85,-0.325,0.49));
#13430 = LINE('',#13431,#13432);
#13431 = CARTESIAN_POINT('',(-4.15,-0.325,0.49));
#13432 = VECTOR('',#13433,1.);
#13433 = DIRECTION('',(1.,0.,-0.));
#13434 = ORIENTED_EDGE('',*,*,#13435,.T.);
#13435 = EDGE_CURVE('',#13428,#13398,#13436,.T.);
#13436 = LINE('',#13437,#13438);
#13437 = CARTESIAN_POINT('',(-3.85,-0.925,0.49));
#13438 = VECTOR('',#13439,1.);
#13439 = DIRECTION('',(-0.,1.,0.));
#13440 = ORIENTED_EDGE('',*,*,#13397,.F.);
#13441 = ORIENTED_EDGE('',*,*,#13442,.F.);
#13442 = EDGE_CURVE('',#13072,#13390,#13443,.T.);
#13443 = LINE('',#13444,#13445);
#13444 = CARTESIAN_POINT('',(-4.15,2.275,0.49));
#13445 = VECTOR('',#13446,1.);
#13446 = DIRECTION('',(1.,0.,-0.));
#13447 = ORIENTED_EDGE('',*,*,#13071,.F.);
#13448 = PLANE('',#13449);
#13449 = AXIS2_PLACEMENT_3D('',#13450,#13451,#13452);
#13450 = CARTESIAN_POINT('',(-4.15,-0.925,0.49));
#13451 = DIRECTION('',(0.,0.,1.));
#13452 = DIRECTION('',(1.,0.,-0.));
#13453 = ADVANCED_FACE('',(#13454),#13470,.F.);
#13454 = FACE_BOUND('',#13455,.F.);
#13455 = EDGE_LOOP('',(#13456,#13462,#13463,#13469));
#13456 = ORIENTED_EDGE('',*,*,#13457,.F.);
#13457 = EDGE_CURVE('',#13390,#13031,#13458,.T.);
#13458 = LINE('',#13459,#13460);
#13459 = CARTESIAN_POINT('',(-3.875,2.275,0.12));
#13460 = VECTOR('',#13461,1.);
#13461 = DIRECTION('',(0.,0.,1.));
#13462 = ORIENTED_EDGE('',*,*,#13442,.F.);
#13463 = ORIENTED_EDGE('',*,*,#13464,.T.);
#13464 = EDGE_CURVE('',#13072,#12969,#13465,.T.);
#13465 = LINE('',#13466,#13467);
#13466 = CARTESIAN_POINT('',(-4.125,2.275,0.12));
#13467 = VECTOR('',#13468,1.);
#13468 = DIRECTION('',(0.,0.,1.));
#13469 = ORIENTED_EDGE('',*,*,#13038,.T.);
#13470 = PLANE('',#13471);
#13471 = AXIS2_PLACEMENT_3D('',#13472,#13473,#13474);
#13472 = CARTESIAN_POINT('',(-4.125,2.275,0.12));
#13473 = DIRECTION('',(-0.,1.,0.));
#13474 = DIRECTION('',(0.,0.,1.));
#13475 = ADVANCED_FACE('',(#13476),#13501,.T.);
#13476 = FACE_BOUND('',#13477,.T.);
#13477 = EDGE_LOOP('',(#13478,#13479,#13487,#13495));
#13478 = ORIENTED_EDGE('',*,*,#13030,.F.);
#13479 = ORIENTED_EDGE('',*,*,#13480,.T.);
#13480 = EDGE_CURVE('',#13031,#13481,#13483,.T.);
#13481 = VERTEX_POINT('',#13482);
#13482 = CARTESIAN_POINT('',(-3.875,2.275,1.17));
#13483 = LINE('',#13484,#13485);
#13484 = CARTESIAN_POINT('',(-3.875,2.275,0.12));
#13485 = VECTOR('',#13486,1.);
#13486 = DIRECTION('',(0.,0.,1.));
#13487 = ORIENTED_EDGE('',*,*,#13488,.T.);
#13488 = EDGE_CURVE('',#13481,#13489,#13491,.T.);
#13489 = VERTEX_POINT('',#13490);
#13490 = CARTESIAN_POINT('',(-3.85,2.275,1.17));
#13491 = LINE('',#13492,#13493);
#13492 = CARTESIAN_POINT('',(-4.15,2.275,1.17));
#13493 = VECTOR('',#13494,1.);
#13494 = DIRECTION('',(1.,0.,-0.));
#13495 = ORIENTED_EDGE('',*,*,#13496,.F.);
#13496 = EDGE_CURVE('',#13023,#13489,#13497,.T.);
#13497 = LINE('',#13498,#13499);
#13498 = CARTESIAN_POINT('',(-3.85,2.275,0.86));
#13499 = VECTOR('',#13500,1.);
#13500 = DIRECTION('',(0.,0.,1.));
#13501 = PLANE('',#13502);
#13502 = AXIS2_PLACEMENT_3D('',#13503,#13504,#13505);
#13503 = CARTESIAN_POINT('',(-4.15,2.275,0.86));
#13504 = DIRECTION('',(-0.,1.,0.));
#13505 = DIRECTION('',(0.,0.,1.));
#13506 = ADVANCED_FACE('',(#13507),#13525,.F.);
#13507 = FACE_BOUND('',#13508,.F.);
#13508 = EDGE_LOOP('',(#13509,#13517,#13518,#13519));
#13509 = ORIENTED_EDGE('',*,*,#13510,.F.);
#13510 = EDGE_CURVE('',#13007,#13511,#13513,.T.);
#13511 = VERTEX_POINT('',#13512);
#13512 = CARTESIAN_POINT('',(-4.15,-0.6,1.17));
#13513 = LINE('',#13514,#13515);
#13514 = CARTESIAN_POINT('',(-4.15,-0.6,0.86));
#13515 = VECTOR('',#13516,1.);
#13516 = DIRECTION('',(0.,0.,1.));
#13517 = ORIENTED_EDGE('',*,*,#13006,.T.);
#13518 = ORIENTED_EDGE('',*,*,#12976,.T.);
#13519 = ORIENTED_EDGE('',*,*,#13520,.F.);
#13520 = EDGE_CURVE('',#13511,#12977,#13521,.T.);
#13521 = LINE('',#13522,#13523);
#13522 = CARTESIAN_POINT('',(-4.15,-0.6,1.17));
#13523 = VECTOR('',#13524,1.);
#13524 = DIRECTION('',(-0.,1.,0.));
#13525 = PLANE('',#13526);
#13526 = AXIS2_PLACEMENT_3D('',#13527,#13528,#13529);
#13527 = CARTESIAN_POINT('',(-4.15,-0.6,0.86));
#13528 = DIRECTION('',(1.,0.,-0.));
#13529 = DIRECTION('',(0.,0.,1.));
#13530 = ADVANCED_FACE('',(#13531),#13549,.T.);
#13531 = FACE_BOUND('',#13532,.T.);
#13532 = EDGE_LOOP('',(#13533,#13541,#13542,#13543));
#13533 = ORIENTED_EDGE('',*,*,#13534,.F.);
#13534 = EDGE_CURVE('',#13015,#13535,#13537,.T.);
#13535 = VERTEX_POINT('',#13536);
#13536 = CARTESIAN_POINT('',(-3.85,-0.6,1.17));
#13537 = LINE('',#13538,#13539);
#13538 = CARTESIAN_POINT('',(-3.85,-0.6,0.86));
#13539 = VECTOR('',#13540,1.);
#13540 = DIRECTION('',(0.,0.,1.));
#13541 = ORIENTED_EDGE('',*,*,#13022,.T.);
#13542 = ORIENTED_EDGE('',*,*,#13496,.T.);
#13543 = ORIENTED_EDGE('',*,*,#13544,.F.);
#13544 = EDGE_CURVE('',#13535,#13489,#13545,.T.);
#13545 = LINE('',#13546,#13547);
#13546 = CARTESIAN_POINT('',(-3.85,-0.6,1.17));
#13547 = VECTOR('',#13548,1.);
#13548 = DIRECTION('',(-0.,1.,0.));
#13549 = PLANE('',#13550);
#13550 = AXIS2_PLACEMENT_3D('',#13551,#13552,#13553);
#13551 = CARTESIAN_POINT('',(-3.85,-0.6,0.86));
#13552 = DIRECTION('',(1.,0.,-0.));
#13553 = DIRECTION('',(0.,0.,1.));
#13554 = ADVANCED_FACE('',(#13555),#13580,.T.);
#13555 = FACE_BOUND('',#13556,.T.);
#13556 = EDGE_LOOP('',(#13557,#13558,#13566,#13574));
#13557 = ORIENTED_EDGE('',*,*,#13427,.F.);
#13558 = ORIENTED_EDGE('',*,*,#13559,.T.);
#13559 = EDGE_CURVE('',#13420,#13560,#13562,.T.);
#13560 = VERTEX_POINT('',#13561);
#13561 = CARTESIAN_POINT('',(-4.15,-0.325,0.8));
#13562 = LINE('',#13563,#13564);
#13563 = CARTESIAN_POINT('',(-4.15,-0.325,0.49));
#13564 = VECTOR('',#13565,1.);
#13565 = DIRECTION('',(0.,0.,1.));
#13566 = ORIENTED_EDGE('',*,*,#13567,.T.);
#13567 = EDGE_CURVE('',#13560,#13568,#13570,.T.);
#13568 = VERTEX_POINT('',#13569);
#13569 = CARTESIAN_POINT('',(-3.85,-0.325,0.8));
#13570 = LINE('',#13571,#13572);
#13571 = CARTESIAN_POINT('',(-4.15,-0.325,0.8));
#13572 = VECTOR('',#13573,1.);
#13573 = DIRECTION('',(1.,0.,-0.));
#13574 = ORIENTED_EDGE('',*,*,#13575,.F.);
#13575 = EDGE_CURVE('',#13428,#13568,#13576,.T.);
#13576 = LINE('',#13577,#13578);
#13577 = CARTESIAN_POINT('',(-3.85,-0.325,0.49));
#13578 = VECTOR('',#13579,1.);
#13579 = DIRECTION('',(0.,0.,1.));
#13580 = PLANE('',#13581);
#13581 = AXIS2_PLACEMENT_3D('',#13582,#13583,#13584);
#13582 = CARTESIAN_POINT('',(-4.15,-0.325,0.49));
#13583 = DIRECTION('',(-0.,1.,0.));
#13584 = DIRECTION('',(0.,0.,1.));
#13585 = ADVANCED_FACE('',(#13586),#13597,.F.);
#13586 = FACE_BOUND('',#13587,.F.);
#13587 = EDGE_LOOP('',(#13588,#13589,#13590,#13596));
#13588 = ORIENTED_EDGE('',*,*,#13014,.F.);
#13589 = ORIENTED_EDGE('',*,*,#13510,.T.);
#13590 = ORIENTED_EDGE('',*,*,#13591,.T.);
#13591 = EDGE_CURVE('',#13511,#13535,#13592,.T.);
#13592 = LINE('',#13593,#13594);
#13593 = CARTESIAN_POINT('',(-4.15,-0.6,1.17));
#13594 = VECTOR('',#13595,1.);
#13595 = DIRECTION('',(1.,0.,-0.));
#13596 = ORIENTED_EDGE('',*,*,#13534,.F.);
#13597 = PLANE('',#13598);
#13598 = AXIS2_PLACEMENT_3D('',#13599,#13600,#13601);
#13599 = CARTESIAN_POINT('',(-4.15,-0.6,0.86));
#13600 = DIRECTION('',(-0.,1.,0.));
#13601 = DIRECTION('',(0.,0.,1.));
#13602 = ADVANCED_FACE('',(#13603),#13628,.T.);
#13603 = FACE_BOUND('',#13604,.T.);
#13604 = EDGE_LOOP('',(#13605,#13613,#13621,#13627));
#13605 = ORIENTED_EDGE('',*,*,#13606,.F.);
#13606 = EDGE_CURVE('',#13607,#13560,#13609,.T.);
#13607 = VERTEX_POINT('',#13608);
#13608 = CARTESIAN_POINT('',(-4.15,-0.925,0.8));
#13609 = LINE('',#13610,#13611);
#13610 = CARTESIAN_POINT('',(-4.15,-0.925,0.8));
#13611 = VECTOR('',#13612,1.);
#13612 = DIRECTION('',(-0.,1.,0.));
#13613 = ORIENTED_EDGE('',*,*,#13614,.T.);
#13614 = EDGE_CURVE('',#13607,#13615,#13617,.T.);
#13615 = VERTEX_POINT('',#13616);
#13616 = CARTESIAN_POINT('',(-3.85,-0.925,0.8));
#13617 = LINE('',#13618,#13619);
#13618 = CARTESIAN_POINT('',(-4.15,-0.925,0.8));
#13619 = VECTOR('',#13620,1.);
#13620 = DIRECTION('',(1.,0.,-0.));
#13621 = ORIENTED_EDGE('',*,*,#13622,.T.);
#13622 = EDGE_CURVE('',#13615,#13568,#13623,.T.);
#13623 = LINE('',#13624,#13625);
#13624 = CARTESIAN_POINT('',(-3.85,-0.925,0.8));
#13625 = VECTOR('',#13626,1.);
#13626 = DIRECTION('',(-0.,1.,0.));
#13627 = ORIENTED_EDGE('',*,*,#13567,.F.);
#13628 = PLANE('',#13629);
#13629 = AXIS2_PLACEMENT_3D('',#13630,#13631,#13632);
#13630 = CARTESIAN_POINT('',(-4.15,-0.925,0.8));
#13631 = DIRECTION('',(0.,0.,1.));
#13632 = DIRECTION('',(1.,0.,-0.));
#13633 = ADVANCED_FACE('',(#13634),#13653,.T.);
#13634 = FACE_BOUND('',#13635,.T.);
#13635 = EDGE_LOOP('',(#13636,#13637,#13638,#13639,#13640,#13641,#13642,
    #13648,#13649,#13650,#13651,#13652));
#13636 = ORIENTED_EDGE('',*,*,#13166,.F.);
#13637 = ORIENTED_EDGE('',*,*,#13180,.F.);
#13638 = ORIENTED_EDGE('',*,*,#13249,.T.);
#13639 = ORIENTED_EDGE('',*,*,#13079,.T.);
#13640 = ORIENTED_EDGE('',*,*,#13464,.T.);
#13641 = ORIENTED_EDGE('',*,*,#12992,.T.);
#13642 = ORIENTED_EDGE('',*,*,#13643,.T.);
#13643 = EDGE_CURVE('',#12985,#13359,#13644,.T.);
#13644 = LINE('',#13645,#13646);
#13645 = CARTESIAN_POINT('',(-4.125,2.275,1.17));
#13646 = VECTOR('',#13647,1.);
#13647 = DIRECTION('',(-0.,1.,0.));
#13648 = ORIENTED_EDGE('',*,*,#13358,.F.);
#13649 = ORIENTED_EDGE('',*,*,#13343,.F.);
#13650 = ORIENTED_EDGE('',*,*,#13312,.F.);
#13651 = ORIENTED_EDGE('',*,*,#13281,.F.);
#13652 = ORIENTED_EDGE('',*,*,#13228,.F.);
#13653 = PLANE('',#13654);
#13654 = AXIS2_PLACEMENT_3D('',#13655,#13656,#13657);
#13655 = CARTESIAN_POINT('',(-4.125,2.928538891724,0.406031440384));
#13656 = DIRECTION('',(-1.,-0.,-0.));
#13657 = DIRECTION('',(0.,0.,-1.));
#13658 = ADVANCED_FACE('',(#13659),#13678,.T.);
#13659 = FACE_BOUND('',#13660,.T.);
#13660 = EDGE_LOOP('',(#13661,#13662,#13663,#13664,#13665,#13666,#13667,
    #13673,#13674,#13675,#13676,#13677));
#13661 = ORIENTED_EDGE('',*,*,#13150,.T.);
#13662 = ORIENTED_EDGE('',*,*,#13212,.T.);
#13663 = ORIENTED_EDGE('',*,*,#13265,.T.);
#13664 = ORIENTED_EDGE('',*,*,#13296,.T.);
#13665 = ORIENTED_EDGE('',*,*,#13327,.T.);
#13666 = ORIENTED_EDGE('',*,*,#13374,.T.);
#13667 = ORIENTED_EDGE('',*,*,#13668,.F.);
#13668 = EDGE_CURVE('',#13481,#13367,#13669,.T.);
#13669 = LINE('',#13670,#13671);
#13670 = CARTESIAN_POINT('',(-3.875,2.275,1.17));
#13671 = VECTOR('',#13672,1.);
#13672 = DIRECTION('',(-0.,1.,0.));
#13673 = ORIENTED_EDGE('',*,*,#13480,.F.);
#13674 = ORIENTED_EDGE('',*,*,#13457,.F.);
#13675 = ORIENTED_EDGE('',*,*,#13389,.F.);
#13676 = ORIENTED_EDGE('',*,*,#13242,.F.);
#13677 = ORIENTED_EDGE('',*,*,#13196,.T.);
#13678 = PLANE('',#13679);
#13679 = AXIS2_PLACEMENT_3D('',#13680,#13681,#13682);
#13680 = CARTESIAN_POINT('',(-3.875,2.928538891724,0.406031440384));
#13681 = DIRECTION('',(1.,0.,0.));
#13682 = DIRECTION('',(-0.,0.,1.));
#13683 = ADVANCED_FACE('',(#13684),#13694,.T.);
#13684 = FACE_BOUND('',#13685,.T.);
#13685 = EDGE_LOOP('',(#13686,#13687,#13688,#13689,#13690,#13691,#13692,
    #13693));
#13686 = ORIENTED_EDGE('',*,*,#13643,.F.);
#13687 = ORIENTED_EDGE('',*,*,#12984,.F.);
#13688 = ORIENTED_EDGE('',*,*,#13520,.F.);
#13689 = ORIENTED_EDGE('',*,*,#13591,.T.);
#13690 = ORIENTED_EDGE('',*,*,#13544,.T.);
#13691 = ORIENTED_EDGE('',*,*,#13488,.F.);
#13692 = ORIENTED_EDGE('',*,*,#13668,.T.);
#13693 = ORIENTED_EDGE('',*,*,#13366,.F.);
#13694 = PLANE('',#13695);
#13695 = AXIS2_PLACEMENT_3D('',#13696,#13697,#13698);
#13696 = CARTESIAN_POINT('',(-4.,0.936018518519,1.17));
#13697 = DIRECTION('',(0.,0.,1.));
#13698 = DIRECTION('',(1.,0.,-0.));
#13699 = ADVANCED_FACE('',(#13700),#13713,.T.);
#13700 = FACE_BOUND('',#13701,.T.);
#13701 = EDGE_LOOP('',(#13702,#13708,#13709,#13710,#13711,#13712));
#13702 = ORIENTED_EDGE('',*,*,#13703,.T.);
#13703 = EDGE_CURVE('',#13094,#13607,#13704,.T.);
#13704 = LINE('',#13705,#13706);
#13705 = CARTESIAN_POINT('',(-4.15,-0.925,0.3));
#13706 = VECTOR('',#13707,1.);
#13707 = DIRECTION('',(0.,0.,1.));
#13708 = ORIENTED_EDGE('',*,*,#13606,.T.);
#13709 = ORIENTED_EDGE('',*,*,#13559,.F.);
#13710 = ORIENTED_EDGE('',*,*,#13419,.T.);
#13711 = ORIENTED_EDGE('',*,*,#13063,.F.);
#13712 = ORIENTED_EDGE('',*,*,#13093,.F.);
#13713 = PLANE('',#13714);
#13714 = AXIS2_PLACEMENT_3D('',#13715,#13716,#13717);
#13715 = CARTESIAN_POINT('',(-4.15,0.566081081081,0.441081081081));
#13716 = DIRECTION('',(-1.,-0.,-0.));
#13717 = DIRECTION('',(0.,0.,-1.));
#13718 = ADVANCED_FACE('',(#13719),#13732,.T.);
#13719 = FACE_BOUND('',#13720,.T.);
#13720 = EDGE_LOOP('',(#13721,#13722,#13723,#13724,#13725,#13726));
#13721 = ORIENTED_EDGE('',*,*,#13109,.T.);
#13722 = ORIENTED_EDGE('',*,*,#13405,.T.);
#13723 = ORIENTED_EDGE('',*,*,#13435,.F.);
#13724 = ORIENTED_EDGE('',*,*,#13575,.T.);
#13725 = ORIENTED_EDGE('',*,*,#13622,.F.);
#13726 = ORIENTED_EDGE('',*,*,#13727,.F.);
#13727 = EDGE_CURVE('',#13102,#13615,#13728,.T.);
#13728 = LINE('',#13729,#13730);
#13729 = CARTESIAN_POINT('',(-3.85,-0.925,0.49));
#13730 = VECTOR('',#13731,1.);
#13731 = DIRECTION('',(0.,0.,1.));
#13732 = PLANE('',#13733);
#13733 = AXIS2_PLACEMENT_3D('',#13734,#13735,#13736);
#13734 = CARTESIAN_POINT('',(-3.85,0.566081081081,0.441081081081));
#13735 = DIRECTION('',(1.,0.,0.));
#13736 = DIRECTION('',(-0.,0.,1.));
#13737 = ADVANCED_FACE('',(#13738),#13744,.T.);
#13738 = FACE_BOUND('',#13739,.T.);
#13739 = EDGE_LOOP('',(#13740,#13741,#13742,#13743));
#13740 = ORIENTED_EDGE('',*,*,#13101,.T.);
#13741 = ORIENTED_EDGE('',*,*,#13727,.T.);
#13742 = ORIENTED_EDGE('',*,*,#13614,.F.);
#13743 = ORIENTED_EDGE('',*,*,#13703,.F.);
#13744 = PLANE('',#13745);
#13745 = AXIS2_PLACEMENT_3D('',#13746,#13747,#13748);
#13746 = CARTESIAN_POINT('',(-4.,-0.925,0.55));
#13747 = DIRECTION('',(-0.,-1.,-0.));
#13748 = DIRECTION('',(0.,0.,-1.));
#13749 = MANIFOLD_SOLID_BREP('',#13750);
#13750 = CLOSED_SHELL('',(#13751,#13791,#13838,#13878,#13925,#13965,
    #13996,#14027,#14049,#14080,#14111,#14142,#14173,#14204,#14242,
    #14264,#14295,#14319,#14343,#14374,#14391,#14422,#14447,#14472,
    #14488,#14507,#14526));
#13751 = ADVANCED_FACE('',(#13752),#13786,.T.);
#13752 = FACE_BOUND('',#13753,.T.);
#13753 = EDGE_LOOP('',(#13754,#13764,#13772,#13780));
#13754 = ORIENTED_EDGE('',*,*,#13755,.F.);
#13755 = EDGE_CURVE('',#13756,#13758,#13760,.T.);
#13756 = VERTEX_POINT('',#13757);
#13757 = CARTESIAN_POINT('',(-3.15,2.275,0.86));
#13758 = VERTEX_POINT('',#13759);
#13759 = CARTESIAN_POINT('',(-3.125,2.275,0.86));
#13760 = LINE('',#13761,#13762);
#13761 = CARTESIAN_POINT('',(-3.15,2.275,0.86));
#13762 = VECTOR('',#13763,1.);
#13763 = DIRECTION('',(1.,0.,-0.));
#13764 = ORIENTED_EDGE('',*,*,#13765,.T.);
#13765 = EDGE_CURVE('',#13756,#13766,#13768,.T.);
#13766 = VERTEX_POINT('',#13767);
#13767 = CARTESIAN_POINT('',(-3.15,2.275,1.17));
#13768 = LINE('',#13769,#13770);
#13769 = CARTESIAN_POINT('',(-3.15,2.275,0.86));
#13770 = VECTOR('',#13771,1.);
#13771 = DIRECTION('',(0.,0.,1.));
#13772 = ORIENTED_EDGE('',*,*,#13773,.T.);
#13773 = EDGE_CURVE('',#13766,#13774,#13776,.T.);
#13774 = VERTEX_POINT('',#13775);
#13775 = CARTESIAN_POINT('',(-3.125,2.275,1.17));
#13776 = LINE('',#13777,#13778);
#13777 = CARTESIAN_POINT('',(-3.15,2.275,1.17));
#13778 = VECTOR('',#13779,1.);
#13779 = DIRECTION('',(1.,0.,-0.));
#13780 = ORIENTED_EDGE('',*,*,#13781,.F.);
#13781 = EDGE_CURVE('',#13758,#13774,#13782,.T.);
#13782 = LINE('',#13783,#13784);
#13783 = CARTESIAN_POINT('',(-3.125,2.275,0.12));
#13784 = VECTOR('',#13785,1.);
#13785 = DIRECTION('',(0.,0.,1.));
#13786 = PLANE('',#13787);
#13787 = AXIS2_PLACEMENT_3D('',#13788,#13789,#13790);
#13788 = CARTESIAN_POINT('',(-3.15,2.275,0.86));
#13789 = DIRECTION('',(-0.,1.,0.));
#13790 = DIRECTION('',(0.,0.,1.));
#13791 = ADVANCED_FACE('',(#13792),#13833,.F.);
#13792 = FACE_BOUND('',#13793,.F.);
#13793 = EDGE_LOOP('',(#13794,#13802,#13810,#13818,#13826,#13832));
#13794 = ORIENTED_EDGE('',*,*,#13795,.F.);
#13795 = EDGE_CURVE('',#13796,#13756,#13798,.T.);
#13796 = VERTEX_POINT('',#13797);
#13797 = CARTESIAN_POINT('',(-3.15,-0.6,0.86));
#13798 = LINE('',#13799,#13800);
#13799 = CARTESIAN_POINT('',(-3.15,-0.6,0.86));
#13800 = VECTOR('',#13801,1.);
#13801 = DIRECTION('',(-0.,1.,0.));
#13802 = ORIENTED_EDGE('',*,*,#13803,.T.);
#13803 = EDGE_CURVE('',#13796,#13804,#13806,.T.);
#13804 = VERTEX_POINT('',#13805);
#13805 = CARTESIAN_POINT('',(-2.85,-0.6,0.86));
#13806 = LINE('',#13807,#13808);
#13807 = CARTESIAN_POINT('',(-3.15,-0.6,0.86));
#13808 = VECTOR('',#13809,1.);
#13809 = DIRECTION('',(1.,0.,-0.));
#13810 = ORIENTED_EDGE('',*,*,#13811,.T.);
#13811 = EDGE_CURVE('',#13804,#13812,#13814,.T.);
#13812 = VERTEX_POINT('',#13813);
#13813 = CARTESIAN_POINT('',(-2.85,2.275,0.86));
#13814 = LINE('',#13815,#13816);
#13815 = CARTESIAN_POINT('',(-2.85,-0.6,0.86));
#13816 = VECTOR('',#13817,1.);
#13817 = DIRECTION('',(-0.,1.,0.));
#13818 = ORIENTED_EDGE('',*,*,#13819,.F.);
#13819 = EDGE_CURVE('',#13820,#13812,#13822,.T.);
#13820 = VERTEX_POINT('',#13821);
#13821 = CARTESIAN_POINT('',(-2.875,2.275,0.86));
#13822 = LINE('',#13823,#13824);
#13823 = CARTESIAN_POINT('',(-3.15,2.275,0.86));
#13824 = VECTOR('',#13825,1.);
#13825 = DIRECTION('',(1.,0.,-0.));
#13826 = ORIENTED_EDGE('',*,*,#13827,.F.);
#13827 = EDGE_CURVE('',#13758,#13820,#13828,.T.);
#13828 = LINE('',#13829,#13830);
#13829 = CARTESIAN_POINT('',(-3.15,2.275,0.86));
#13830 = VECTOR('',#13831,1.);
#13831 = DIRECTION('',(1.,0.,-0.));
#13832 = ORIENTED_EDGE('',*,*,#13755,.F.);
#13833 = PLANE('',#13834);
#13834 = AXIS2_PLACEMENT_3D('',#13835,#13836,#13837);
#13835 = CARTESIAN_POINT('',(-3.15,-0.6,0.86));
#13836 = DIRECTION('',(0.,0.,1.));
#13837 = DIRECTION('',(1.,0.,-0.));
#13838 = ADVANCED_FACE('',(#13839),#13873,.T.);
#13839 = FACE_BOUND('',#13840,.T.);
#13840 = EDGE_LOOP('',(#13841,#13851,#13859,#13867));
#13841 = ORIENTED_EDGE('',*,*,#13842,.F.);
#13842 = EDGE_CURVE('',#13843,#13845,#13847,.T.);
#13843 = VERTEX_POINT('',#13844);
#13844 = CARTESIAN_POINT('',(-3.15,2.275,0.3));
#13845 = VERTEX_POINT('',#13846);
#13846 = CARTESIAN_POINT('',(-3.125,2.275,0.3));
#13847 = LINE('',#13848,#13849);
#13848 = CARTESIAN_POINT('',(-3.15,2.275,0.3));
#13849 = VECTOR('',#13850,1.);
#13850 = DIRECTION('',(1.,0.,-0.));
#13851 = ORIENTED_EDGE('',*,*,#13852,.T.);
#13852 = EDGE_CURVE('',#13843,#13853,#13855,.T.);
#13853 = VERTEX_POINT('',#13854);
#13854 = CARTESIAN_POINT('',(-3.15,2.275,0.49));
#13855 = LINE('',#13856,#13857);
#13856 = CARTESIAN_POINT('',(-3.15,2.275,0.3));
#13857 = VECTOR('',#13858,1.);
#13858 = DIRECTION('',(0.,0.,1.));
#13859 = ORIENTED_EDGE('',*,*,#13860,.T.);
#13860 = EDGE_CURVE('',#13853,#13861,#13863,.T.);
#13861 = VERTEX_POINT('',#13862);
#13862 = CARTESIAN_POINT('',(-3.125,2.275,0.49));
#13863 = LINE('',#13864,#13865);
#13864 = CARTESIAN_POINT('',(-3.15,2.275,0.49));
#13865 = VECTOR('',#13866,1.);
#13866 = DIRECTION('',(1.,0.,-0.));
#13867 = ORIENTED_EDGE('',*,*,#13868,.F.);
#13868 = EDGE_CURVE('',#13845,#13861,#13869,.T.);
#13869 = LINE('',#13870,#13871);
#13870 = CARTESIAN_POINT('',(-3.125,2.275,0.12));
#13871 = VECTOR('',#13872,1.);
#13872 = DIRECTION('',(0.,0.,1.));
#13873 = PLANE('',#13874);
#13874 = AXIS2_PLACEMENT_3D('',#13875,#13876,#13877);
#13875 = CARTESIAN_POINT('',(-3.15,2.275,0.3));
#13876 = DIRECTION('',(-0.,1.,0.));
#13877 = DIRECTION('',(0.,0.,1.));
#13878 = ADVANCED_FACE('',(#13879),#13920,.F.);
#13879 = FACE_BOUND('',#13880,.F.);
#13880 = EDGE_LOOP('',(#13881,#13889,#13897,#13905,#13913,#13919));
#13881 = ORIENTED_EDGE('',*,*,#13882,.F.);
#13882 = EDGE_CURVE('',#13883,#13843,#13885,.T.);
#13883 = VERTEX_POINT('',#13884);
#13884 = CARTESIAN_POINT('',(-3.15,-0.925,0.3));
#13885 = LINE('',#13886,#13887);
#13886 = CARTESIAN_POINT('',(-3.15,-0.925,0.3));
#13887 = VECTOR('',#13888,1.);
#13888 = DIRECTION('',(-0.,1.,0.));
#13889 = ORIENTED_EDGE('',*,*,#13890,.T.);
#13890 = EDGE_CURVE('',#13883,#13891,#13893,.T.);
#13891 = VERTEX_POINT('',#13892);
#13892 = CARTESIAN_POINT('',(-2.85,-0.925,0.3));
#13893 = LINE('',#13894,#13895);
#13894 = CARTESIAN_POINT('',(-3.15,-0.925,0.3));
#13895 = VECTOR('',#13896,1.);
#13896 = DIRECTION('',(1.,0.,-0.));
#13897 = ORIENTED_EDGE('',*,*,#13898,.T.);
#13898 = EDGE_CURVE('',#13891,#13899,#13901,.T.);
#13899 = VERTEX_POINT('',#13900);
#13900 = CARTESIAN_POINT('',(-2.85,2.275,0.3));
#13901 = LINE('',#13902,#13903);
#13902 = CARTESIAN_POINT('',(-2.85,-0.925,0.3));
#13903 = VECTOR('',#13904,1.);
#13904 = DIRECTION('',(-0.,1.,0.));
#13905 = ORIENTED_EDGE('',*,*,#13906,.F.);
#13906 = EDGE_CURVE('',#13907,#13899,#13909,.T.);
#13907 = VERTEX_POINT('',#13908);
#13908 = CARTESIAN_POINT('',(-2.875,2.275,0.3));
#13909 = LINE('',#13910,#13911);
#13910 = CARTESIAN_POINT('',(-3.15,2.275,0.3));
#13911 = VECTOR('',#13912,1.);
#13912 = DIRECTION('',(1.,0.,-0.));
#13913 = ORIENTED_EDGE('',*,*,#13914,.F.);
#13914 = EDGE_CURVE('',#13845,#13907,#13915,.T.);
#13915 = LINE('',#13916,#13917);
#13916 = CARTESIAN_POINT('',(-3.15,2.275,0.3));
#13917 = VECTOR('',#13918,1.);
#13918 = DIRECTION('',(1.,0.,-0.));
#13919 = ORIENTED_EDGE('',*,*,#13842,.F.);
#13920 = PLANE('',#13921);
#13921 = AXIS2_PLACEMENT_3D('',#13922,#13923,#13924);
#13922 = CARTESIAN_POINT('',(-3.15,-0.925,0.3));
#13923 = DIRECTION('',(0.,0.,1.));
#13924 = DIRECTION('',(1.,0.,-0.));
#13925 = ADVANCED_FACE('',(#13926),#13960,.F.);
#13926 = FACE_BOUND('',#13927,.F.);
#13927 = EDGE_LOOP('',(#13928,#13938,#13946,#13954));
#13928 = ORIENTED_EDGE('',*,*,#13929,.T.);
#13929 = EDGE_CURVE('',#13930,#13932,#13934,.T.);
#13930 = VERTEX_POINT('',#13931);
#13931 = CARTESIAN_POINT('',(-3.125,2.475,0.12));
#13932 = VERTEX_POINT('',#13933);
#13933 = CARTESIAN_POINT('',(-2.875,2.475,0.12));
#13934 = LINE('',#13935,#13936);
#13935 = CARTESIAN_POINT('',(-3.125,2.475,0.12));
#13936 = VECTOR('',#13937,1.);
#13937 = DIRECTION('',(1.,0.,0.));
#13938 = ORIENTED_EDGE('',*,*,#13939,.T.);
#13939 = EDGE_CURVE('',#13932,#13940,#13942,.T.);
#13940 = VERTEX_POINT('',#13941);
#13941 = CARTESIAN_POINT('',(-2.875,2.825,0.));
#13942 = LINE('',#13943,#13944);
#13943 = CARTESIAN_POINT('',(-2.875,2.475,0.12));
#13944 = VECTOR('',#13945,1.);
#13945 = DIRECTION('',(0.,0.945945945946,-0.324324324324));
#13946 = ORIENTED_EDGE('',*,*,#13947,.F.);
#13947 = EDGE_CURVE('',#13948,#13940,#13950,.T.);
#13948 = VERTEX_POINT('',#13949);
#13949 = CARTESIAN_POINT('',(-3.125,2.825,0.));
#13950 = LINE('',#13951,#13952);
#13951 = CARTESIAN_POINT('',(-3.125,2.825,0.));
#13952 = VECTOR('',#13953,1.);
#13953 = DIRECTION('',(1.,0.,0.));
#13954 = ORIENTED_EDGE('',*,*,#13955,.F.);
#13955 = EDGE_CURVE('',#13930,#13948,#13956,.T.);
#13956 = LINE('',#13957,#13958);
#13957 = CARTESIAN_POINT('',(-3.125,2.475,0.12));
#13958 = VECTOR('',#13959,1.);
#13959 = DIRECTION('',(0.,0.945945945946,-0.324324324324));
#13960 = PLANE('',#13961);
#13961 = AXIS2_PLACEMENT_3D('',#13962,#13963,#13964);
#13962 = CARTESIAN_POINT('',(-3.125,2.475,0.12));
#13963 = DIRECTION('',(-0.,0.324324324324,0.945945945946));
#13964 = DIRECTION('',(0.,0.945945945946,-0.324324324324));
#13965 = ADVANCED_FACE('',(#13966),#13991,.F.);
#13966 = FACE_BOUND('',#13967,.F.);
#13967 = EDGE_LOOP('',(#13968,#13976,#13984,#13990));
#13968 = ORIENTED_EDGE('',*,*,#13969,.F.);
#13969 = EDGE_CURVE('',#13970,#13930,#13972,.T.);
#13970 = VERTEX_POINT('',#13971);
#13971 = CARTESIAN_POINT('',(-3.125,2.275,0.12));
#13972 = LINE('',#13973,#13974);
#13973 = CARTESIAN_POINT('',(-3.125,2.275,0.12));
#13974 = VECTOR('',#13975,1.);
#13975 = DIRECTION('',(-0.,1.,0.));
#13976 = ORIENTED_EDGE('',*,*,#13977,.T.);
#13977 = EDGE_CURVE('',#13970,#13978,#13980,.T.);
#13978 = VERTEX_POINT('',#13979);
#13979 = CARTESIAN_POINT('',(-2.875,2.275,0.12));
#13980 = LINE('',#13981,#13982);
#13981 = CARTESIAN_POINT('',(-3.125,2.275,0.12));
#13982 = VECTOR('',#13983,1.);
#13983 = DIRECTION('',(1.,0.,-0.));
#13984 = ORIENTED_EDGE('',*,*,#13985,.T.);
#13985 = EDGE_CURVE('',#13978,#13932,#13986,.T.);
#13986 = LINE('',#13987,#13988);
#13987 = CARTESIAN_POINT('',(-2.875,2.275,0.12));
#13988 = VECTOR('',#13989,1.);
#13989 = DIRECTION('',(-0.,1.,0.));
#13990 = ORIENTED_EDGE('',*,*,#13929,.F.);
#13991 = PLANE('',#13992);
#13992 = AXIS2_PLACEMENT_3D('',#13993,#13994,#13995);
#13993 = CARTESIAN_POINT('',(-3.125,2.275,0.12));
#13994 = DIRECTION('',(0.,0.,1.));
#13995 = DIRECTION('',(1.,0.,-0.));
#13996 = ADVANCED_FACE('',(#13997),#14022,.F.);
#13997 = FACE_BOUND('',#13998,.F.);
#13998 = EDGE_LOOP('',(#13999,#14000,#14008,#14016));
#13999 = ORIENTED_EDGE('',*,*,#13947,.T.);
#14000 = ORIENTED_EDGE('',*,*,#14001,.T.);
#14001 = EDGE_CURVE('',#13940,#14002,#14004,.T.);
#14002 = VERTEX_POINT('',#14003);
#14003 = CARTESIAN_POINT('',(-2.875,3.925,0.));
#14004 = LINE('',#14005,#14006);
#14005 = CARTESIAN_POINT('',(-2.875,2.825,0.));
#14006 = VECTOR('',#14007,1.);
#14007 = DIRECTION('',(0.,1.,0.));
#14008 = ORIENTED_EDGE('',*,*,#14009,.F.);
#14009 = EDGE_CURVE('',#14010,#14002,#14012,.T.);
#14010 = VERTEX_POINT('',#14011);
#14011 = CARTESIAN_POINT('',(-3.125,3.925,0.));
#14012 = LINE('',#14013,#14014);
#14013 = CARTESIAN_POINT('',(-3.125,3.925,0.));
#14014 = VECTOR('',#14015,1.);
#14015 = DIRECTION('',(1.,0.,0.));
#14016 = ORIENTED_EDGE('',*,*,#14017,.F.);
#14017 = EDGE_CURVE('',#13948,#14010,#14018,.T.);
#14018 = LINE('',#14019,#14020);
#14019 = CARTESIAN_POINT('',(-3.125,2.825,0.));
#14020 = VECTOR('',#14021,1.);
#14021 = DIRECTION('',(0.,1.,0.));
#14022 = PLANE('',#14023);
#14023 = AXIS2_PLACEMENT_3D('',#14024,#14025,#14026);
#14024 = CARTESIAN_POINT('',(-3.125,2.825,0.));
#14025 = DIRECTION('',(0.,0.,1.));
#14026 = DIRECTION('',(0.,1.,0.));
#14027 = ADVANCED_FACE('',(#14028),#14044,.F.);
#14028 = FACE_BOUND('',#14029,.F.);
#14029 = EDGE_LOOP('',(#14030,#14036,#14037,#14043));
#14030 = ORIENTED_EDGE('',*,*,#14031,.F.);
#14031 = EDGE_CURVE('',#13978,#13907,#14032,.T.);
#14032 = LINE('',#14033,#14034);
#14033 = CARTESIAN_POINT('',(-2.875,2.275,0.12));
#14034 = VECTOR('',#14035,1.);
#14035 = DIRECTION('',(0.,0.,1.));
#14036 = ORIENTED_EDGE('',*,*,#13977,.F.);
#14037 = ORIENTED_EDGE('',*,*,#14038,.T.);
#14038 = EDGE_CURVE('',#13970,#13845,#14039,.T.);
#14039 = LINE('',#14040,#14041);
#14040 = CARTESIAN_POINT('',(-3.125,2.275,0.12));
#14041 = VECTOR('',#14042,1.);
#14042 = DIRECTION('',(0.,0.,1.));
#14043 = ORIENTED_EDGE('',*,*,#13914,.T.);
#14044 = PLANE('',#14045);
#14045 = AXIS2_PLACEMENT_3D('',#14046,#14047,#14048);
#14046 = CARTESIAN_POINT('',(-3.125,2.275,0.12));
#14047 = DIRECTION('',(-0.,1.,0.));
#14048 = DIRECTION('',(0.,0.,1.));
#14049 = ADVANCED_FACE('',(#14050),#14075,.F.);
#14050 = FACE_BOUND('',#14051,.F.);
#14051 = EDGE_LOOP('',(#14052,#14053,#14061,#14069));
#14052 = ORIENTED_EDGE('',*,*,#14009,.T.);
#14053 = ORIENTED_EDGE('',*,*,#14054,.T.);
#14054 = EDGE_CURVE('',#14002,#14055,#14057,.T.);
#14055 = VERTEX_POINT('',#14056);
#14056 = CARTESIAN_POINT('',(-2.875,3.925,0.4));
#14057 = LINE('',#14058,#14059);
#14058 = CARTESIAN_POINT('',(-2.875,3.925,0.));
#14059 = VECTOR('',#14060,1.);
#14060 = DIRECTION('',(0.,0.,1.));
#14061 = ORIENTED_EDGE('',*,*,#14062,.F.);
#14062 = EDGE_CURVE('',#14063,#14055,#14065,.T.);
#14063 = VERTEX_POINT('',#14064);
#14064 = CARTESIAN_POINT('',(-3.125,3.925,0.4));
#14065 = LINE('',#14066,#14067);
#14066 = CARTESIAN_POINT('',(-3.125,3.925,0.4));
#14067 = VECTOR('',#14068,1.);
#14068 = DIRECTION('',(1.,0.,0.));
#14069 = ORIENTED_EDGE('',*,*,#14070,.F.);
#14070 = EDGE_CURVE('',#14010,#14063,#14071,.T.);
#14071 = LINE('',#14072,#14073);
#14072 = CARTESIAN_POINT('',(-3.125,3.925,0.));
#14073 = VECTOR('',#14074,1.);
#14074 = DIRECTION('',(0.,0.,1.));
#14075 = PLANE('',#14076);
#14076 = AXIS2_PLACEMENT_3D('',#14077,#14078,#14079);
#14077 = CARTESIAN_POINT('',(-3.125,3.925,0.));
#14078 = DIRECTION('',(0.,-1.,0.));
#14079 = DIRECTION('',(0.,0.,1.));
#14080 = ADVANCED_FACE('',(#14081),#14106,.F.);
#14081 = FACE_BOUND('',#14082,.F.);
#14082 = EDGE_LOOP('',(#14083,#14084,#14092,#14100));
#14083 = ORIENTED_EDGE('',*,*,#14062,.T.);
#14084 = ORIENTED_EDGE('',*,*,#14085,.T.);
#14085 = EDGE_CURVE('',#14055,#14086,#14088,.T.);
#14086 = VERTEX_POINT('',#14087);
#14087 = CARTESIAN_POINT('',(-2.875,2.905,0.4));
#14088 = LINE('',#14089,#14090);
#14089 = CARTESIAN_POINT('',(-2.875,3.925,0.4));
#14090 = VECTOR('',#14091,1.);
#14091 = DIRECTION('',(0.,-1.,0.));
#14092 = ORIENTED_EDGE('',*,*,#14093,.F.);
#14093 = EDGE_CURVE('',#14094,#14086,#14096,.T.);
#14094 = VERTEX_POINT('',#14095);
#14095 = CARTESIAN_POINT('',(-3.125,2.905,0.4));
#14096 = LINE('',#14097,#14098);
#14097 = CARTESIAN_POINT('',(-3.125,2.905,0.4));
#14098 = VECTOR('',#14099,1.);
#14099 = DIRECTION('',(1.,0.,0.));
#14100 = ORIENTED_EDGE('',*,*,#14101,.F.);
#14101 = EDGE_CURVE('',#14063,#14094,#14102,.T.);
#14102 = LINE('',#14103,#14104);
#14103 = CARTESIAN_POINT('',(-3.125,3.925,0.4));
#14104 = VECTOR('',#14105,1.);
#14105 = DIRECTION('',(0.,-1.,0.));
#14106 = PLANE('',#14107);
#14107 = AXIS2_PLACEMENT_3D('',#14108,#14109,#14110);
#14108 = CARTESIAN_POINT('',(-3.125,3.925,0.4));
#14109 = DIRECTION('',(0.,0.,-1.));
#14110 = DIRECTION('',(0.,-1.,0.));
#14111 = ADVANCED_FACE('',(#14112),#14137,.F.);
#14112 = FACE_BOUND('',#14113,.F.);
#14113 = EDGE_LOOP('',(#14114,#14115,#14123,#14131));
#14114 = ORIENTED_EDGE('',*,*,#14093,.T.);
#14115 = ORIENTED_EDGE('',*,*,#14116,.T.);
#14116 = EDGE_CURVE('',#14086,#14117,#14119,.T.);
#14117 = VERTEX_POINT('',#14118);
#14118 = CARTESIAN_POINT('',(-2.875,2.475,0.59));
#14119 = LINE('',#14120,#14121);
#14120 = CARTESIAN_POINT('',(-2.875,2.905,0.4));
#14121 = VECTOR('',#14122,1.);
#14122 = DIRECTION('',(0.,-0.914686604095,0.404163848321));
#14123 = ORIENTED_EDGE('',*,*,#14124,.F.);
#14124 = EDGE_CURVE('',#14125,#14117,#14127,.T.);
#14125 = VERTEX_POINT('',#14126);
#14126 = CARTESIAN_POINT('',(-3.125,2.475,0.59));
#14127 = LINE('',#14128,#14129);
#14128 = CARTESIAN_POINT('',(-3.125,2.475,0.59));
#14129 = VECTOR('',#14130,1.);
#14130 = DIRECTION('',(1.,0.,0.));
#14131 = ORIENTED_EDGE('',*,*,#14132,.F.);
#14132 = EDGE_CURVE('',#14094,#14125,#14133,.T.);
#14133 = LINE('',#14134,#14135);
#14134 = CARTESIAN_POINT('',(-3.125,2.905,0.4));
#14135 = VECTOR('',#14136,1.);
#14136 = DIRECTION('',(0.,-0.914686604095,0.404163848321));
#14137 = PLANE('',#14138);
#14138 = AXIS2_PLACEMENT_3D('',#14139,#14140,#14141);
#14139 = CARTESIAN_POINT('',(-3.125,2.905,0.4));
#14140 = DIRECTION('',(0.,-0.404163848321,-0.914686604095));
#14141 = DIRECTION('',(0.,-0.914686604095,0.404163848321));
#14142 = ADVANCED_FACE('',(#14143),#14168,.T.);
#14143 = FACE_BOUND('',#14144,.T.);
#14144 = EDGE_LOOP('',(#14145,#14146,#14154,#14162));
#14145 = ORIENTED_EDGE('',*,*,#14124,.F.);
#14146 = ORIENTED_EDGE('',*,*,#14147,.T.);
#14147 = EDGE_CURVE('',#14125,#14148,#14150,.T.);
#14148 = VERTEX_POINT('',#14149);
#14149 = CARTESIAN_POINT('',(-3.125,2.475,1.17));
#14150 = LINE('',#14151,#14152);
#14151 = CARTESIAN_POINT('',(-3.125,2.475,0.12));
#14152 = VECTOR('',#14153,1.);
#14153 = DIRECTION('',(0.,0.,1.));
#14154 = ORIENTED_EDGE('',*,*,#14155,.T.);
#14155 = EDGE_CURVE('',#14148,#14156,#14158,.T.);
#14156 = VERTEX_POINT('',#14157);
#14157 = CARTESIAN_POINT('',(-2.875,2.475,1.17));
#14158 = LINE('',#14159,#14160);
#14159 = CARTESIAN_POINT('',(-3.125,2.475,1.17));
#14160 = VECTOR('',#14161,1.);
#14161 = DIRECTION('',(1.,0.,-0.));
#14162 = ORIENTED_EDGE('',*,*,#14163,.F.);
#14163 = EDGE_CURVE('',#14117,#14156,#14164,.T.);
#14164 = LINE('',#14165,#14166);
#14165 = CARTESIAN_POINT('',(-2.875,2.475,0.12));
#14166 = VECTOR('',#14167,1.);
#14167 = DIRECTION('',(0.,0.,1.));
#14168 = PLANE('',#14169);
#14169 = AXIS2_PLACEMENT_3D('',#14170,#14171,#14172);
#14170 = CARTESIAN_POINT('',(-3.125,2.475,0.12));
#14171 = DIRECTION('',(-0.,1.,0.));
#14172 = DIRECTION('',(0.,0.,1.));
#14173 = ADVANCED_FACE('',(#14174),#14199,.T.);
#14174 = FACE_BOUND('',#14175,.T.);
#14175 = EDGE_LOOP('',(#14176,#14177,#14185,#14193));
#14176 = ORIENTED_EDGE('',*,*,#13906,.F.);
#14177 = ORIENTED_EDGE('',*,*,#14178,.T.);
#14178 = EDGE_CURVE('',#13907,#14179,#14181,.T.);
#14179 = VERTEX_POINT('',#14180);
#14180 = CARTESIAN_POINT('',(-2.875,2.275,0.49));
#14181 = LINE('',#14182,#14183);
#14182 = CARTESIAN_POINT('',(-2.875,2.275,0.12));
#14183 = VECTOR('',#14184,1.);
#14184 = DIRECTION('',(0.,0.,1.));
#14185 = ORIENTED_EDGE('',*,*,#14186,.T.);
#14186 = EDGE_CURVE('',#14179,#14187,#14189,.T.);
#14187 = VERTEX_POINT('',#14188);
#14188 = CARTESIAN_POINT('',(-2.85,2.275,0.49));
#14189 = LINE('',#14190,#14191);
#14190 = CARTESIAN_POINT('',(-3.15,2.275,0.49));
#14191 = VECTOR('',#14192,1.);
#14192 = DIRECTION('',(1.,0.,-0.));
#14193 = ORIENTED_EDGE('',*,*,#14194,.F.);
#14194 = EDGE_CURVE('',#13899,#14187,#14195,.T.);
#14195 = LINE('',#14196,#14197);
#14196 = CARTESIAN_POINT('',(-2.85,2.275,0.3));
#14197 = VECTOR('',#14198,1.);
#14198 = DIRECTION('',(0.,0.,1.));
#14199 = PLANE('',#14200);
#14200 = AXIS2_PLACEMENT_3D('',#14201,#14202,#14203);
#14201 = CARTESIAN_POINT('',(-3.15,2.275,0.3));
#14202 = DIRECTION('',(-0.,1.,0.));
#14203 = DIRECTION('',(0.,0.,1.));
#14204 = ADVANCED_FACE('',(#14205),#14237,.T.);
#14205 = FACE_BOUND('',#14206,.T.);
#14206 = EDGE_LOOP('',(#14207,#14215,#14223,#14229,#14230,#14236));
#14207 = ORIENTED_EDGE('',*,*,#14208,.F.);
#14208 = EDGE_CURVE('',#14209,#13853,#14211,.T.);
#14209 = VERTEX_POINT('',#14210);
#14210 = CARTESIAN_POINT('',(-3.15,-0.325,0.49));
#14211 = LINE('',#14212,#14213);
#14212 = CARTESIAN_POINT('',(-3.15,-0.925,0.49));
#14213 = VECTOR('',#14214,1.);
#14214 = DIRECTION('',(-0.,1.,0.));
#14215 = ORIENTED_EDGE('',*,*,#14216,.T.);
#14216 = EDGE_CURVE('',#14209,#14217,#14219,.T.);
#14217 = VERTEX_POINT('',#14218);
#14218 = CARTESIAN_POINT('',(-2.85,-0.325,0.49));
#14219 = LINE('',#14220,#14221);
#14220 = CARTESIAN_POINT('',(-3.15,-0.325,0.49));
#14221 = VECTOR('',#14222,1.);
#14222 = DIRECTION('',(1.,0.,-0.));
#14223 = ORIENTED_EDGE('',*,*,#14224,.T.);
#14224 = EDGE_CURVE('',#14217,#14187,#14225,.T.);
#14225 = LINE('',#14226,#14227);
#14226 = CARTESIAN_POINT('',(-2.85,-0.925,0.49));
#14227 = VECTOR('',#14228,1.);
#14228 = DIRECTION('',(-0.,1.,0.));
#14229 = ORIENTED_EDGE('',*,*,#14186,.F.);
#14230 = ORIENTED_EDGE('',*,*,#14231,.F.);
#14231 = EDGE_CURVE('',#13861,#14179,#14232,.T.);
#14232 = LINE('',#14233,#14234);
#14233 = CARTESIAN_POINT('',(-3.15,2.275,0.49));
#14234 = VECTOR('',#14235,1.);
#14235 = DIRECTION('',(1.,0.,-0.));
#14236 = ORIENTED_EDGE('',*,*,#13860,.F.);
#14237 = PLANE('',#14238);
#14238 = AXIS2_PLACEMENT_3D('',#14239,#14240,#14241);
#14239 = CARTESIAN_POINT('',(-3.15,-0.925,0.49));
#14240 = DIRECTION('',(0.,0.,1.));
#14241 = DIRECTION('',(1.,0.,-0.));
#14242 = ADVANCED_FACE('',(#14243),#14259,.F.);
#14243 = FACE_BOUND('',#14244,.F.);
#14244 = EDGE_LOOP('',(#14245,#14251,#14252,#14258));
#14245 = ORIENTED_EDGE('',*,*,#14246,.F.);
#14246 = EDGE_CURVE('',#14179,#13820,#14247,.T.);
#14247 = LINE('',#14248,#14249);
#14248 = CARTESIAN_POINT('',(-2.875,2.275,0.12));
#14249 = VECTOR('',#14250,1.);
#14250 = DIRECTION('',(0.,0.,1.));
#14251 = ORIENTED_EDGE('',*,*,#14231,.F.);
#14252 = ORIENTED_EDGE('',*,*,#14253,.T.);
#14253 = EDGE_CURVE('',#13861,#13758,#14254,.T.);
#14254 = LINE('',#14255,#14256);
#14255 = CARTESIAN_POINT('',(-3.125,2.275,0.12));
#14256 = VECTOR('',#14257,1.);
#14257 = DIRECTION('',(0.,0.,1.));
#14258 = ORIENTED_EDGE('',*,*,#13827,.T.);
#14259 = PLANE('',#14260);
#14260 = AXIS2_PLACEMENT_3D('',#14261,#14262,#14263);
#14261 = CARTESIAN_POINT('',(-3.125,2.275,0.12));
#14262 = DIRECTION('',(-0.,1.,0.));
#14263 = DIRECTION('',(0.,0.,1.));
#14264 = ADVANCED_FACE('',(#14265),#14290,.T.);
#14265 = FACE_BOUND('',#14266,.T.);
#14266 = EDGE_LOOP('',(#14267,#14268,#14276,#14284));
#14267 = ORIENTED_EDGE('',*,*,#13819,.F.);
#14268 = ORIENTED_EDGE('',*,*,#14269,.T.);
#14269 = EDGE_CURVE('',#13820,#14270,#14272,.T.);
#14270 = VERTEX_POINT('',#14271);
#14271 = CARTESIAN_POINT('',(-2.875,2.275,1.17));
#14272 = LINE('',#14273,#14274);
#14273 = CARTESIAN_POINT('',(-2.875,2.275,0.12));
#14274 = VECTOR('',#14275,1.);
#14275 = DIRECTION('',(0.,0.,1.));
#14276 = ORIENTED_EDGE('',*,*,#14277,.T.);
#14277 = EDGE_CURVE('',#14270,#14278,#14280,.T.);
#14278 = VERTEX_POINT('',#14279);
#14279 = CARTESIAN_POINT('',(-2.85,2.275,1.17));
#14280 = LINE('',#14281,#14282);
#14281 = CARTESIAN_POINT('',(-3.15,2.275,1.17));
#14282 = VECTOR('',#14283,1.);
#14283 = DIRECTION('',(1.,0.,-0.));
#14284 = ORIENTED_EDGE('',*,*,#14285,.F.);
#14285 = EDGE_CURVE('',#13812,#14278,#14286,.T.);
#14286 = LINE('',#14287,#14288);
#14287 = CARTESIAN_POINT('',(-2.85,2.275,0.86));
#14288 = VECTOR('',#14289,1.);
#14289 = DIRECTION('',(0.,0.,1.));
#14290 = PLANE('',#14291);
#14291 = AXIS2_PLACEMENT_3D('',#14292,#14293,#14294);
#14292 = CARTESIAN_POINT('',(-3.15,2.275,0.86));
#14293 = DIRECTION('',(-0.,1.,0.));
#14294 = DIRECTION('',(0.,0.,1.));
#14295 = ADVANCED_FACE('',(#14296),#14314,.F.);
#14296 = FACE_BOUND('',#14297,.F.);
#14297 = EDGE_LOOP('',(#14298,#14306,#14307,#14308));
#14298 = ORIENTED_EDGE('',*,*,#14299,.F.);
#14299 = EDGE_CURVE('',#13796,#14300,#14302,.T.);
#14300 = VERTEX_POINT('',#14301);
#14301 = CARTESIAN_POINT('',(-3.15,-0.6,1.17));
#14302 = LINE('',#14303,#14304);
#14303 = CARTESIAN_POINT('',(-3.15,-0.6,0.86));
#14304 = VECTOR('',#14305,1.);
#14305 = DIRECTION('',(0.,0.,1.));
#14306 = ORIENTED_EDGE('',*,*,#13795,.T.);
#14307 = ORIENTED_EDGE('',*,*,#13765,.T.);
#14308 = ORIENTED_EDGE('',*,*,#14309,.F.);
#14309 = EDGE_CURVE('',#14300,#13766,#14310,.T.);
#14310 = LINE('',#14311,#14312);
#14311 = CARTESIAN_POINT('',(-3.15,-0.6,1.17));
#14312 = VECTOR('',#14313,1.);
#14313 = DIRECTION('',(-0.,1.,0.));
#14314 = PLANE('',#14315);
#14315 = AXIS2_PLACEMENT_3D('',#14316,#14317,#14318);
#14316 = CARTESIAN_POINT('',(-3.15,-0.6,0.86));
#14317 = DIRECTION('',(1.,0.,-0.));
#14318 = DIRECTION('',(0.,0.,1.));
#14319 = ADVANCED_FACE('',(#14320),#14338,.T.);
#14320 = FACE_BOUND('',#14321,.T.);
#14321 = EDGE_LOOP('',(#14322,#14330,#14331,#14332));
#14322 = ORIENTED_EDGE('',*,*,#14323,.F.);
#14323 = EDGE_CURVE('',#13804,#14324,#14326,.T.);
#14324 = VERTEX_POINT('',#14325);
#14325 = CARTESIAN_POINT('',(-2.85,-0.6,1.17));
#14326 = LINE('',#14327,#14328);
#14327 = CARTESIAN_POINT('',(-2.85,-0.6,0.86));
#14328 = VECTOR('',#14329,1.);
#14329 = DIRECTION('',(0.,0.,1.));
#14330 = ORIENTED_EDGE('',*,*,#13811,.T.);
#14331 = ORIENTED_EDGE('',*,*,#14285,.T.);
#14332 = ORIENTED_EDGE('',*,*,#14333,.F.);
#14333 = EDGE_CURVE('',#14324,#14278,#14334,.T.);
#14334 = LINE('',#14335,#14336);
#14335 = CARTESIAN_POINT('',(-2.85,-0.6,1.17));
#14336 = VECTOR('',#14337,1.);
#14337 = DIRECTION('',(-0.,1.,0.));
#14338 = PLANE('',#14339);
#14339 = AXIS2_PLACEMENT_3D('',#14340,#14341,#14342);
#14340 = CARTESIAN_POINT('',(-2.85,-0.6,0.86));
#14341 = DIRECTION('',(1.,0.,-0.));
#14342 = DIRECTION('',(0.,0.,1.));
#14343 = ADVANCED_FACE('',(#14344),#14369,.T.);
#14344 = FACE_BOUND('',#14345,.T.);
#14345 = EDGE_LOOP('',(#14346,#14347,#14355,#14363));
#14346 = ORIENTED_EDGE('',*,*,#14216,.F.);
#14347 = ORIENTED_EDGE('',*,*,#14348,.T.);
#14348 = EDGE_CURVE('',#14209,#14349,#14351,.T.);
#14349 = VERTEX_POINT('',#14350);
#14350 = CARTESIAN_POINT('',(-3.15,-0.325,0.8));
#14351 = LINE('',#14352,#14353);
#14352 = CARTESIAN_POINT('',(-3.15,-0.325,0.49));
#14353 = VECTOR('',#14354,1.);
#14354 = DIRECTION('',(0.,0.,1.));
#14355 = ORIENTED_EDGE('',*,*,#14356,.T.);
#14356 = EDGE_CURVE('',#14349,#14357,#14359,.T.);
#14357 = VERTEX_POINT('',#14358);
#14358 = CARTESIAN_POINT('',(-2.85,-0.325,0.8));
#14359 = LINE('',#14360,#14361);
#14360 = CARTESIAN_POINT('',(-3.15,-0.325,0.8));
#14361 = VECTOR('',#14362,1.);
#14362 = DIRECTION('',(1.,0.,-0.));
#14363 = ORIENTED_EDGE('',*,*,#14364,.F.);
#14364 = EDGE_CURVE('',#14217,#14357,#14365,.T.);
#14365 = LINE('',#14366,#14367);
#14366 = CARTESIAN_POINT('',(-2.85,-0.325,0.49));
#14367 = VECTOR('',#14368,1.);
#14368 = DIRECTION('',(0.,0.,1.));
#14369 = PLANE('',#14370);
#14370 = AXIS2_PLACEMENT_3D('',#14371,#14372,#14373);
#14371 = CARTESIAN_POINT('',(-3.15,-0.325,0.49));
#14372 = DIRECTION('',(-0.,1.,0.));
#14373 = DIRECTION('',(0.,0.,1.));
#14374 = ADVANCED_FACE('',(#14375),#14386,.F.);
#14375 = FACE_BOUND('',#14376,.F.);
#14376 = EDGE_LOOP('',(#14377,#14378,#14379,#14385));
#14377 = ORIENTED_EDGE('',*,*,#13803,.F.);
#14378 = ORIENTED_EDGE('',*,*,#14299,.T.);
#14379 = ORIENTED_EDGE('',*,*,#14380,.T.);
#14380 = EDGE_CURVE('',#14300,#14324,#14381,.T.);
#14381 = LINE('',#14382,#14383);
#14382 = CARTESIAN_POINT('',(-3.15,-0.6,1.17));
#14383 = VECTOR('',#14384,1.);
#14384 = DIRECTION('',(1.,0.,-0.));
#14385 = ORIENTED_EDGE('',*,*,#14323,.F.);
#14386 = PLANE('',#14387);
#14387 = AXIS2_PLACEMENT_3D('',#14388,#14389,#14390);
#14388 = CARTESIAN_POINT('',(-3.15,-0.6,0.86));
#14389 = DIRECTION('',(-0.,1.,0.));
#14390 = DIRECTION('',(0.,0.,1.));
#14391 = ADVANCED_FACE('',(#14392),#14417,.T.);
#14392 = FACE_BOUND('',#14393,.T.);
#14393 = EDGE_LOOP('',(#14394,#14402,#14410,#14416));
#14394 = ORIENTED_EDGE('',*,*,#14395,.F.);
#14395 = EDGE_CURVE('',#14396,#14349,#14398,.T.);
#14396 = VERTEX_POINT('',#14397);
#14397 = CARTESIAN_POINT('',(-3.15,-0.925,0.8));
#14398 = LINE('',#14399,#14400);
#14399 = CARTESIAN_POINT('',(-3.15,-0.925,0.8));
#14400 = VECTOR('',#14401,1.);
#14401 = DIRECTION('',(-0.,1.,0.));
#14402 = ORIENTED_EDGE('',*,*,#14403,.T.);
#14403 = EDGE_CURVE('',#14396,#14404,#14406,.T.);
#14404 = VERTEX_POINT('',#14405);
#14405 = CARTESIAN_POINT('',(-2.85,-0.925,0.8));
#14406 = LINE('',#14407,#14408);
#14407 = CARTESIAN_POINT('',(-3.15,-0.925,0.8));
#14408 = VECTOR('',#14409,1.);
#14409 = DIRECTION('',(1.,0.,-0.));
#14410 = ORIENTED_EDGE('',*,*,#14411,.T.);
#14411 = EDGE_CURVE('',#14404,#14357,#14412,.T.);
#14412 = LINE('',#14413,#14414);
#14413 = CARTESIAN_POINT('',(-2.85,-0.925,0.8));
#14414 = VECTOR('',#14415,1.);
#14415 = DIRECTION('',(-0.,1.,0.));
#14416 = ORIENTED_EDGE('',*,*,#14356,.F.);
#14417 = PLANE('',#14418);
#14418 = AXIS2_PLACEMENT_3D('',#14419,#14420,#14421);
#14419 = CARTESIAN_POINT('',(-3.15,-0.925,0.8));
#14420 = DIRECTION('',(0.,0.,1.));
#14421 = DIRECTION('',(1.,0.,-0.));
#14422 = ADVANCED_FACE('',(#14423),#14442,.T.);
#14423 = FACE_BOUND('',#14424,.T.);
#14424 = EDGE_LOOP('',(#14425,#14426,#14427,#14428,#14429,#14430,#14431,
    #14437,#14438,#14439,#14440,#14441));
#14425 = ORIENTED_EDGE('',*,*,#13955,.F.);
#14426 = ORIENTED_EDGE('',*,*,#13969,.F.);
#14427 = ORIENTED_EDGE('',*,*,#14038,.T.);
#14428 = ORIENTED_EDGE('',*,*,#13868,.T.);
#14429 = ORIENTED_EDGE('',*,*,#14253,.T.);
#14430 = ORIENTED_EDGE('',*,*,#13781,.T.);
#14431 = ORIENTED_EDGE('',*,*,#14432,.T.);
#14432 = EDGE_CURVE('',#13774,#14148,#14433,.T.);
#14433 = LINE('',#14434,#14435);
#14434 = CARTESIAN_POINT('',(-3.125,2.275,1.17));
#14435 = VECTOR('',#14436,1.);
#14436 = DIRECTION('',(-0.,1.,0.));
#14437 = ORIENTED_EDGE('',*,*,#14147,.F.);
#14438 = ORIENTED_EDGE('',*,*,#14132,.F.);
#14439 = ORIENTED_EDGE('',*,*,#14101,.F.);
#14440 = ORIENTED_EDGE('',*,*,#14070,.F.);
#14441 = ORIENTED_EDGE('',*,*,#14017,.F.);
#14442 = PLANE('',#14443);
#14443 = AXIS2_PLACEMENT_3D('',#14444,#14445,#14446);
#14444 = CARTESIAN_POINT('',(-3.125,2.928538891724,0.406031440384));
#14445 = DIRECTION('',(-1.,-0.,-0.));
#14446 = DIRECTION('',(0.,0.,-1.));
#14447 = ADVANCED_FACE('',(#14448),#14467,.T.);
#14448 = FACE_BOUND('',#14449,.T.);
#14449 = EDGE_LOOP('',(#14450,#14451,#14452,#14453,#14454,#14455,#14456,
    #14462,#14463,#14464,#14465,#14466));
#14450 = ORIENTED_EDGE('',*,*,#13939,.T.);
#14451 = ORIENTED_EDGE('',*,*,#14001,.T.);
#14452 = ORIENTED_EDGE('',*,*,#14054,.T.);
#14453 = ORIENTED_EDGE('',*,*,#14085,.T.);
#14454 = ORIENTED_EDGE('',*,*,#14116,.T.);
#14455 = ORIENTED_EDGE('',*,*,#14163,.T.);
#14456 = ORIENTED_EDGE('',*,*,#14457,.F.);
#14457 = EDGE_CURVE('',#14270,#14156,#14458,.T.);
#14458 = LINE('',#14459,#14460);
#14459 = CARTESIAN_POINT('',(-2.875,2.275,1.17));
#14460 = VECTOR('',#14461,1.);
#14461 = DIRECTION('',(-0.,1.,0.));
#14462 = ORIENTED_EDGE('',*,*,#14269,.F.);
#14463 = ORIENTED_EDGE('',*,*,#14246,.F.);
#14464 = ORIENTED_EDGE('',*,*,#14178,.F.);
#14465 = ORIENTED_EDGE('',*,*,#14031,.F.);
#14466 = ORIENTED_EDGE('',*,*,#13985,.T.);
#14467 = PLANE('',#14468);
#14468 = AXIS2_PLACEMENT_3D('',#14469,#14470,#14471);
#14469 = CARTESIAN_POINT('',(-2.875,2.928538891724,0.406031440384));
#14470 = DIRECTION('',(1.,0.,0.));
#14471 = DIRECTION('',(-0.,0.,1.));
#14472 = ADVANCED_FACE('',(#14473),#14483,.T.);
#14473 = FACE_BOUND('',#14474,.T.);
#14474 = EDGE_LOOP('',(#14475,#14476,#14477,#14478,#14479,#14480,#14481,
    #14482));
#14475 = ORIENTED_EDGE('',*,*,#14432,.F.);
#14476 = ORIENTED_EDGE('',*,*,#13773,.F.);
#14477 = ORIENTED_EDGE('',*,*,#14309,.F.);
#14478 = ORIENTED_EDGE('',*,*,#14380,.T.);
#14479 = ORIENTED_EDGE('',*,*,#14333,.T.);
#14480 = ORIENTED_EDGE('',*,*,#14277,.F.);
#14481 = ORIENTED_EDGE('',*,*,#14457,.T.);
#14482 = ORIENTED_EDGE('',*,*,#14155,.F.);
#14483 = PLANE('',#14484);
#14484 = AXIS2_PLACEMENT_3D('',#14485,#14486,#14487);
#14485 = CARTESIAN_POINT('',(-3.,0.936018518519,1.17));
#14486 = DIRECTION('',(0.,0.,1.));
#14487 = DIRECTION('',(1.,0.,-0.));
#14488 = ADVANCED_FACE('',(#14489),#14502,.T.);
#14489 = FACE_BOUND('',#14490,.T.);
#14490 = EDGE_LOOP('',(#14491,#14497,#14498,#14499,#14500,#14501));
#14491 = ORIENTED_EDGE('',*,*,#14492,.T.);
#14492 = EDGE_CURVE('',#13883,#14396,#14493,.T.);
#14493 = LINE('',#14494,#14495);
#14494 = CARTESIAN_POINT('',(-3.15,-0.925,0.3));
#14495 = VECTOR('',#14496,1.);
#14496 = DIRECTION('',(0.,0.,1.));
#14497 = ORIENTED_EDGE('',*,*,#14395,.T.);
#14498 = ORIENTED_EDGE('',*,*,#14348,.F.);
#14499 = ORIENTED_EDGE('',*,*,#14208,.T.);
#14500 = ORIENTED_EDGE('',*,*,#13852,.F.);
#14501 = ORIENTED_EDGE('',*,*,#13882,.F.);
#14502 = PLANE('',#14503);
#14503 = AXIS2_PLACEMENT_3D('',#14504,#14505,#14506);
#14504 = CARTESIAN_POINT('',(-3.15,0.566081081081,0.441081081081));
#14505 = DIRECTION('',(-1.,-0.,-0.));
#14506 = DIRECTION('',(0.,0.,-1.));
#14507 = ADVANCED_FACE('',(#14508),#14521,.T.);
#14508 = FACE_BOUND('',#14509,.T.);
#14509 = EDGE_LOOP('',(#14510,#14511,#14512,#14513,#14514,#14515));
#14510 = ORIENTED_EDGE('',*,*,#13898,.T.);
#14511 = ORIENTED_EDGE('',*,*,#14194,.T.);
#14512 = ORIENTED_EDGE('',*,*,#14224,.F.);
#14513 = ORIENTED_EDGE('',*,*,#14364,.T.);
#14514 = ORIENTED_EDGE('',*,*,#14411,.F.);
#14515 = ORIENTED_EDGE('',*,*,#14516,.F.);
#14516 = EDGE_CURVE('',#13891,#14404,#14517,.T.);
#14517 = LINE('',#14518,#14519);
#14518 = CARTESIAN_POINT('',(-2.85,-0.925,0.49));
#14519 = VECTOR('',#14520,1.);
#14520 = DIRECTION('',(0.,0.,1.));
#14521 = PLANE('',#14522);
#14522 = AXIS2_PLACEMENT_3D('',#14523,#14524,#14525);
#14523 = CARTESIAN_POINT('',(-2.85,0.566081081081,0.441081081081));
#14524 = DIRECTION('',(1.,0.,0.));
#14525 = DIRECTION('',(-0.,0.,1.));
#14526 = ADVANCED_FACE('',(#14527),#14533,.T.);
#14527 = FACE_BOUND('',#14528,.T.);
#14528 = EDGE_LOOP('',(#14529,#14530,#14531,#14532));
#14529 = ORIENTED_EDGE('',*,*,#13890,.T.);
#14530 = ORIENTED_EDGE('',*,*,#14516,.T.);
#14531 = ORIENTED_EDGE('',*,*,#14403,.F.);
#14532 = ORIENTED_EDGE('',*,*,#14492,.F.);
#14533 = PLANE('',#14534);
#14534 = AXIS2_PLACEMENT_3D('',#14535,#14536,#14537);
#14535 = CARTESIAN_POINT('',(-3.,-0.925,0.55));
#14536 = DIRECTION('',(-0.,-1.,-0.));
#14537 = DIRECTION('',(0.,0.,-1.));
#14538 = MANIFOLD_SOLID_BREP('',#14539);
#14539 = CLOSED_SHELL('',(#14540,#14580,#14627,#14667,#14714,#14754,
    #14785,#14816,#14838,#14869,#14900,#14931,#14962,#14993,#15031,
    #15053,#15084,#15108,#15132,#15163,#15180,#15211,#15236,#15261,
    #15277,#15296,#15315));
#14540 = ADVANCED_FACE('',(#14541),#14575,.T.);
#14541 = FACE_BOUND('',#14542,.T.);
#14542 = EDGE_LOOP('',(#14543,#14553,#14561,#14569));
#14543 = ORIENTED_EDGE('',*,*,#14544,.F.);
#14544 = EDGE_CURVE('',#14545,#14547,#14549,.T.);
#14545 = VERTEX_POINT('',#14546);
#14546 = CARTESIAN_POINT('',(-2.15,2.275,0.86));
#14547 = VERTEX_POINT('',#14548);
#14548 = CARTESIAN_POINT('',(-2.125,2.275,0.86));
#14549 = LINE('',#14550,#14551);
#14550 = CARTESIAN_POINT('',(-2.15,2.275,0.86));
#14551 = VECTOR('',#14552,1.);
#14552 = DIRECTION('',(1.,0.,-0.));
#14553 = ORIENTED_EDGE('',*,*,#14554,.T.);
#14554 = EDGE_CURVE('',#14545,#14555,#14557,.T.);
#14555 = VERTEX_POINT('',#14556);
#14556 = CARTESIAN_POINT('',(-2.15,2.275,1.17));
#14557 = LINE('',#14558,#14559);
#14558 = CARTESIAN_POINT('',(-2.15,2.275,0.86));
#14559 = VECTOR('',#14560,1.);
#14560 = DIRECTION('',(0.,0.,1.));
#14561 = ORIENTED_EDGE('',*,*,#14562,.T.);
#14562 = EDGE_CURVE('',#14555,#14563,#14565,.T.);
#14563 = VERTEX_POINT('',#14564);
#14564 = CARTESIAN_POINT('',(-2.125,2.275,1.17));
#14565 = LINE('',#14566,#14567);
#14566 = CARTESIAN_POINT('',(-2.15,2.275,1.17));
#14567 = VECTOR('',#14568,1.);
#14568 = DIRECTION('',(1.,0.,-0.));
#14569 = ORIENTED_EDGE('',*,*,#14570,.F.);
#14570 = EDGE_CURVE('',#14547,#14563,#14571,.T.);
#14571 = LINE('',#14572,#14573);
#14572 = CARTESIAN_POINT('',(-2.125,2.275,0.12));
#14573 = VECTOR('',#14574,1.);
#14574 = DIRECTION('',(0.,0.,1.));
#14575 = PLANE('',#14576);
#14576 = AXIS2_PLACEMENT_3D('',#14577,#14578,#14579);
#14577 = CARTESIAN_POINT('',(-2.15,2.275,0.86));
#14578 = DIRECTION('',(-0.,1.,0.));
#14579 = DIRECTION('',(0.,0.,1.));
#14580 = ADVANCED_FACE('',(#14581),#14622,.F.);
#14581 = FACE_BOUND('',#14582,.F.);
#14582 = EDGE_LOOP('',(#14583,#14591,#14599,#14607,#14615,#14621));
#14583 = ORIENTED_EDGE('',*,*,#14584,.F.);
#14584 = EDGE_CURVE('',#14585,#14545,#14587,.T.);
#14585 = VERTEX_POINT('',#14586);
#14586 = CARTESIAN_POINT('',(-2.15,-0.6,0.86));
#14587 = LINE('',#14588,#14589);
#14588 = CARTESIAN_POINT('',(-2.15,-0.6,0.86));
#14589 = VECTOR('',#14590,1.);
#14590 = DIRECTION('',(-0.,1.,0.));
#14591 = ORIENTED_EDGE('',*,*,#14592,.T.);
#14592 = EDGE_CURVE('',#14585,#14593,#14595,.T.);
#14593 = VERTEX_POINT('',#14594);
#14594 = CARTESIAN_POINT('',(-1.85,-0.6,0.86));
#14595 = LINE('',#14596,#14597);
#14596 = CARTESIAN_POINT('',(-2.15,-0.6,0.86));
#14597 = VECTOR('',#14598,1.);
#14598 = DIRECTION('',(1.,0.,-0.));
#14599 = ORIENTED_EDGE('',*,*,#14600,.T.);
#14600 = EDGE_CURVE('',#14593,#14601,#14603,.T.);
#14601 = VERTEX_POINT('',#14602);
#14602 = CARTESIAN_POINT('',(-1.85,2.275,0.86));
#14603 = LINE('',#14604,#14605);
#14604 = CARTESIAN_POINT('',(-1.85,-0.6,0.86));
#14605 = VECTOR('',#14606,1.);
#14606 = DIRECTION('',(-0.,1.,0.));
#14607 = ORIENTED_EDGE('',*,*,#14608,.F.);
#14608 = EDGE_CURVE('',#14609,#14601,#14611,.T.);
#14609 = VERTEX_POINT('',#14610);
#14610 = CARTESIAN_POINT('',(-1.875,2.275,0.86));
#14611 = LINE('',#14612,#14613);
#14612 = CARTESIAN_POINT('',(-2.15,2.275,0.86));
#14613 = VECTOR('',#14614,1.);
#14614 = DIRECTION('',(1.,0.,-0.));
#14615 = ORIENTED_EDGE('',*,*,#14616,.F.);
#14616 = EDGE_CURVE('',#14547,#14609,#14617,.T.);
#14617 = LINE('',#14618,#14619);
#14618 = CARTESIAN_POINT('',(-2.15,2.275,0.86));
#14619 = VECTOR('',#14620,1.);
#14620 = DIRECTION('',(1.,0.,-0.));
#14621 = ORIENTED_EDGE('',*,*,#14544,.F.);
#14622 = PLANE('',#14623);
#14623 = AXIS2_PLACEMENT_3D('',#14624,#14625,#14626);
#14624 = CARTESIAN_POINT('',(-2.15,-0.6,0.86));
#14625 = DIRECTION('',(0.,0.,1.));
#14626 = DIRECTION('',(1.,0.,-0.));
#14627 = ADVANCED_FACE('',(#14628),#14662,.T.);
#14628 = FACE_BOUND('',#14629,.T.);
#14629 = EDGE_LOOP('',(#14630,#14640,#14648,#14656));
#14630 = ORIENTED_EDGE('',*,*,#14631,.F.);
#14631 = EDGE_CURVE('',#14632,#14634,#14636,.T.);
#14632 = VERTEX_POINT('',#14633);
#14633 = CARTESIAN_POINT('',(-2.15,2.275,0.3));
#14634 = VERTEX_POINT('',#14635);
#14635 = CARTESIAN_POINT('',(-2.125,2.275,0.3));
#14636 = LINE('',#14637,#14638);
#14637 = CARTESIAN_POINT('',(-2.15,2.275,0.3));
#14638 = VECTOR('',#14639,1.);
#14639 = DIRECTION('',(1.,0.,-0.));
#14640 = ORIENTED_EDGE('',*,*,#14641,.T.);
#14641 = EDGE_CURVE('',#14632,#14642,#14644,.T.);
#14642 = VERTEX_POINT('',#14643);
#14643 = CARTESIAN_POINT('',(-2.15,2.275,0.49));
#14644 = LINE('',#14645,#14646);
#14645 = CARTESIAN_POINT('',(-2.15,2.275,0.3));
#14646 = VECTOR('',#14647,1.);
#14647 = DIRECTION('',(0.,0.,1.));
#14648 = ORIENTED_EDGE('',*,*,#14649,.T.);
#14649 = EDGE_CURVE('',#14642,#14650,#14652,.T.);
#14650 = VERTEX_POINT('',#14651);
#14651 = CARTESIAN_POINT('',(-2.125,2.275,0.49));
#14652 = LINE('',#14653,#14654);
#14653 = CARTESIAN_POINT('',(-2.15,2.275,0.49));
#14654 = VECTOR('',#14655,1.);
#14655 = DIRECTION('',(1.,0.,-0.));
#14656 = ORIENTED_EDGE('',*,*,#14657,.F.);
#14657 = EDGE_CURVE('',#14634,#14650,#14658,.T.);
#14658 = LINE('',#14659,#14660);
#14659 = CARTESIAN_POINT('',(-2.125,2.275,0.12));
#14660 = VECTOR('',#14661,1.);
#14661 = DIRECTION('',(0.,0.,1.));
#14662 = PLANE('',#14663);
#14663 = AXIS2_PLACEMENT_3D('',#14664,#14665,#14666);
#14664 = CARTESIAN_POINT('',(-2.15,2.275,0.3));
#14665 = DIRECTION('',(-0.,1.,0.));
#14666 = DIRECTION('',(0.,0.,1.));
#14667 = ADVANCED_FACE('',(#14668),#14709,.F.);
#14668 = FACE_BOUND('',#14669,.F.);
#14669 = EDGE_LOOP('',(#14670,#14678,#14686,#14694,#14702,#14708));
#14670 = ORIENTED_EDGE('',*,*,#14671,.F.);
#14671 = EDGE_CURVE('',#14672,#14632,#14674,.T.);
#14672 = VERTEX_POINT('',#14673);
#14673 = CARTESIAN_POINT('',(-2.15,-0.925,0.3));
#14674 = LINE('',#14675,#14676);
#14675 = CARTESIAN_POINT('',(-2.15,-0.925,0.3));
#14676 = VECTOR('',#14677,1.);
#14677 = DIRECTION('',(-0.,1.,0.));
#14678 = ORIENTED_EDGE('',*,*,#14679,.T.);
#14679 = EDGE_CURVE('',#14672,#14680,#14682,.T.);
#14680 = VERTEX_POINT('',#14681);
#14681 = CARTESIAN_POINT('',(-1.85,-0.925,0.3));
#14682 = LINE('',#14683,#14684);
#14683 = CARTESIAN_POINT('',(-2.15,-0.925,0.3));
#14684 = VECTOR('',#14685,1.);
#14685 = DIRECTION('',(1.,0.,-0.));
#14686 = ORIENTED_EDGE('',*,*,#14687,.T.);
#14687 = EDGE_CURVE('',#14680,#14688,#14690,.T.);
#14688 = VERTEX_POINT('',#14689);
#14689 = CARTESIAN_POINT('',(-1.85,2.275,0.3));
#14690 = LINE('',#14691,#14692);
#14691 = CARTESIAN_POINT('',(-1.85,-0.925,0.3));
#14692 = VECTOR('',#14693,1.);
#14693 = DIRECTION('',(-0.,1.,0.));
#14694 = ORIENTED_EDGE('',*,*,#14695,.F.);
#14695 = EDGE_CURVE('',#14696,#14688,#14698,.T.);
#14696 = VERTEX_POINT('',#14697);
#14697 = CARTESIAN_POINT('',(-1.875,2.275,0.3));
#14698 = LINE('',#14699,#14700);
#14699 = CARTESIAN_POINT('',(-2.15,2.275,0.3));
#14700 = VECTOR('',#14701,1.);
#14701 = DIRECTION('',(1.,0.,-0.));
#14702 = ORIENTED_EDGE('',*,*,#14703,.F.);
#14703 = EDGE_CURVE('',#14634,#14696,#14704,.T.);
#14704 = LINE('',#14705,#14706);
#14705 = CARTESIAN_POINT('',(-2.15,2.275,0.3));
#14706 = VECTOR('',#14707,1.);
#14707 = DIRECTION('',(1.,0.,-0.));
#14708 = ORIENTED_EDGE('',*,*,#14631,.F.);
#14709 = PLANE('',#14710);
#14710 = AXIS2_PLACEMENT_3D('',#14711,#14712,#14713);
#14711 = CARTESIAN_POINT('',(-2.15,-0.925,0.3));
#14712 = DIRECTION('',(0.,0.,1.));
#14713 = DIRECTION('',(1.,0.,-0.));
#14714 = ADVANCED_FACE('',(#14715),#14749,.F.);
#14715 = FACE_BOUND('',#14716,.F.);
#14716 = EDGE_LOOP('',(#14717,#14727,#14735,#14743));
#14717 = ORIENTED_EDGE('',*,*,#14718,.T.);
#14718 = EDGE_CURVE('',#14719,#14721,#14723,.T.);
#14719 = VERTEX_POINT('',#14720);
#14720 = CARTESIAN_POINT('',(-2.125,2.475,0.12));
#14721 = VERTEX_POINT('',#14722);
#14722 = CARTESIAN_POINT('',(-1.875,2.475,0.12));
#14723 = LINE('',#14724,#14725);
#14724 = CARTESIAN_POINT('',(-2.125,2.475,0.12));
#14725 = VECTOR('',#14726,1.);
#14726 = DIRECTION('',(1.,0.,0.));
#14727 = ORIENTED_EDGE('',*,*,#14728,.T.);
#14728 = EDGE_CURVE('',#14721,#14729,#14731,.T.);
#14729 = VERTEX_POINT('',#14730);
#14730 = CARTESIAN_POINT('',(-1.875,2.825,0.));
#14731 = LINE('',#14732,#14733);
#14732 = CARTESIAN_POINT('',(-1.875,2.475,0.12));
#14733 = VECTOR('',#14734,1.);
#14734 = DIRECTION('',(0.,0.945945945946,-0.324324324324));
#14735 = ORIENTED_EDGE('',*,*,#14736,.F.);
#14736 = EDGE_CURVE('',#14737,#14729,#14739,.T.);
#14737 = VERTEX_POINT('',#14738);
#14738 = CARTESIAN_POINT('',(-2.125,2.825,0.));
#14739 = LINE('',#14740,#14741);
#14740 = CARTESIAN_POINT('',(-2.125,2.825,0.));
#14741 = VECTOR('',#14742,1.);
#14742 = DIRECTION('',(1.,0.,0.));
#14743 = ORIENTED_EDGE('',*,*,#14744,.F.);
#14744 = EDGE_CURVE('',#14719,#14737,#14745,.T.);
#14745 = LINE('',#14746,#14747);
#14746 = CARTESIAN_POINT('',(-2.125,2.475,0.12));
#14747 = VECTOR('',#14748,1.);
#14748 = DIRECTION('',(0.,0.945945945946,-0.324324324324));
#14749 = PLANE('',#14750);
#14750 = AXIS2_PLACEMENT_3D('',#14751,#14752,#14753);
#14751 = CARTESIAN_POINT('',(-2.125,2.475,0.12));
#14752 = DIRECTION('',(-0.,0.324324324324,0.945945945946));
#14753 = DIRECTION('',(0.,0.945945945946,-0.324324324324));
#14754 = ADVANCED_FACE('',(#14755),#14780,.F.);
#14755 = FACE_BOUND('',#14756,.F.);
#14756 = EDGE_LOOP('',(#14757,#14765,#14773,#14779));
#14757 = ORIENTED_EDGE('',*,*,#14758,.F.);
#14758 = EDGE_CURVE('',#14759,#14719,#14761,.T.);
#14759 = VERTEX_POINT('',#14760);
#14760 = CARTESIAN_POINT('',(-2.125,2.275,0.12));
#14761 = LINE('',#14762,#14763);
#14762 = CARTESIAN_POINT('',(-2.125,2.275,0.12));
#14763 = VECTOR('',#14764,1.);
#14764 = DIRECTION('',(-0.,1.,0.));
#14765 = ORIENTED_EDGE('',*,*,#14766,.T.);
#14766 = EDGE_CURVE('',#14759,#14767,#14769,.T.);
#14767 = VERTEX_POINT('',#14768);
#14768 = CARTESIAN_POINT('',(-1.875,2.275,0.12));
#14769 = LINE('',#14770,#14771);
#14770 = CARTESIAN_POINT('',(-2.125,2.275,0.12));
#14771 = VECTOR('',#14772,1.);
#14772 = DIRECTION('',(1.,0.,-0.));
#14773 = ORIENTED_EDGE('',*,*,#14774,.T.);
#14774 = EDGE_CURVE('',#14767,#14721,#14775,.T.);
#14775 = LINE('',#14776,#14777);
#14776 = CARTESIAN_POINT('',(-1.875,2.275,0.12));
#14777 = VECTOR('',#14778,1.);
#14778 = DIRECTION('',(-0.,1.,0.));
#14779 = ORIENTED_EDGE('',*,*,#14718,.F.);
#14780 = PLANE('',#14781);
#14781 = AXIS2_PLACEMENT_3D('',#14782,#14783,#14784);
#14782 = CARTESIAN_POINT('',(-2.125,2.275,0.12));
#14783 = DIRECTION('',(0.,0.,1.));
#14784 = DIRECTION('',(1.,0.,-0.));
#14785 = ADVANCED_FACE('',(#14786),#14811,.F.);
#14786 = FACE_BOUND('',#14787,.F.);
#14787 = EDGE_LOOP('',(#14788,#14789,#14797,#14805));
#14788 = ORIENTED_EDGE('',*,*,#14736,.T.);
#14789 = ORIENTED_EDGE('',*,*,#14790,.T.);
#14790 = EDGE_CURVE('',#14729,#14791,#14793,.T.);
#14791 = VERTEX_POINT('',#14792);
#14792 = CARTESIAN_POINT('',(-1.875,3.925,0.));
#14793 = LINE('',#14794,#14795);
#14794 = CARTESIAN_POINT('',(-1.875,2.825,0.));
#14795 = VECTOR('',#14796,1.);
#14796 = DIRECTION('',(0.,1.,0.));
#14797 = ORIENTED_EDGE('',*,*,#14798,.F.);
#14798 = EDGE_CURVE('',#14799,#14791,#14801,.T.);
#14799 = VERTEX_POINT('',#14800);
#14800 = CARTESIAN_POINT('',(-2.125,3.925,0.));
#14801 = LINE('',#14802,#14803);
#14802 = CARTESIAN_POINT('',(-2.125,3.925,0.));
#14803 = VECTOR('',#14804,1.);
#14804 = DIRECTION('',(1.,0.,0.));
#14805 = ORIENTED_EDGE('',*,*,#14806,.F.);
#14806 = EDGE_CURVE('',#14737,#14799,#14807,.T.);
#14807 = LINE('',#14808,#14809);
#14808 = CARTESIAN_POINT('',(-2.125,2.825,0.));
#14809 = VECTOR('',#14810,1.);
#14810 = DIRECTION('',(0.,1.,0.));
#14811 = PLANE('',#14812);
#14812 = AXIS2_PLACEMENT_3D('',#14813,#14814,#14815);
#14813 = CARTESIAN_POINT('',(-2.125,2.825,0.));
#14814 = DIRECTION('',(0.,0.,1.));
#14815 = DIRECTION('',(0.,1.,0.));
#14816 = ADVANCED_FACE('',(#14817),#14833,.F.);
#14817 = FACE_BOUND('',#14818,.F.);
#14818 = EDGE_LOOP('',(#14819,#14825,#14826,#14832));
#14819 = ORIENTED_EDGE('',*,*,#14820,.F.);
#14820 = EDGE_CURVE('',#14767,#14696,#14821,.T.);
#14821 = LINE('',#14822,#14823);
#14822 = CARTESIAN_POINT('',(-1.875,2.275,0.12));
#14823 = VECTOR('',#14824,1.);
#14824 = DIRECTION('',(0.,0.,1.));
#14825 = ORIENTED_EDGE('',*,*,#14766,.F.);
#14826 = ORIENTED_EDGE('',*,*,#14827,.T.);
#14827 = EDGE_CURVE('',#14759,#14634,#14828,.T.);
#14828 = LINE('',#14829,#14830);
#14829 = CARTESIAN_POINT('',(-2.125,2.275,0.12));
#14830 = VECTOR('',#14831,1.);
#14831 = DIRECTION('',(0.,0.,1.));
#14832 = ORIENTED_EDGE('',*,*,#14703,.T.);
#14833 = PLANE('',#14834);
#14834 = AXIS2_PLACEMENT_3D('',#14835,#14836,#14837);
#14835 = CARTESIAN_POINT('',(-2.125,2.275,0.12));
#14836 = DIRECTION('',(-0.,1.,0.));
#14837 = DIRECTION('',(0.,0.,1.));
#14838 = ADVANCED_FACE('',(#14839),#14864,.F.);
#14839 = FACE_BOUND('',#14840,.F.);
#14840 = EDGE_LOOP('',(#14841,#14842,#14850,#14858));
#14841 = ORIENTED_EDGE('',*,*,#14798,.T.);
#14842 = ORIENTED_EDGE('',*,*,#14843,.T.);
#14843 = EDGE_CURVE('',#14791,#14844,#14846,.T.);
#14844 = VERTEX_POINT('',#14845);
#14845 = CARTESIAN_POINT('',(-1.875,3.925,0.4));
#14846 = LINE('',#14847,#14848);
#14847 = CARTESIAN_POINT('',(-1.875,3.925,0.));
#14848 = VECTOR('',#14849,1.);
#14849 = DIRECTION('',(0.,0.,1.));
#14850 = ORIENTED_EDGE('',*,*,#14851,.F.);
#14851 = EDGE_CURVE('',#14852,#14844,#14854,.T.);
#14852 = VERTEX_POINT('',#14853);
#14853 = CARTESIAN_POINT('',(-2.125,3.925,0.4));
#14854 = LINE('',#14855,#14856);
#14855 = CARTESIAN_POINT('',(-2.125,3.925,0.4));
#14856 = VECTOR('',#14857,1.);
#14857 = DIRECTION('',(1.,0.,0.));
#14858 = ORIENTED_EDGE('',*,*,#14859,.F.);
#14859 = EDGE_CURVE('',#14799,#14852,#14860,.T.);
#14860 = LINE('',#14861,#14862);
#14861 = CARTESIAN_POINT('',(-2.125,3.925,0.));
#14862 = VECTOR('',#14863,1.);
#14863 = DIRECTION('',(0.,0.,1.));
#14864 = PLANE('',#14865);
#14865 = AXIS2_PLACEMENT_3D('',#14866,#14867,#14868);
#14866 = CARTESIAN_POINT('',(-2.125,3.925,0.));
#14867 = DIRECTION('',(0.,-1.,0.));
#14868 = DIRECTION('',(0.,0.,1.));
#14869 = ADVANCED_FACE('',(#14870),#14895,.F.);
#14870 = FACE_BOUND('',#14871,.F.);
#14871 = EDGE_LOOP('',(#14872,#14873,#14881,#14889));
#14872 = ORIENTED_EDGE('',*,*,#14851,.T.);
#14873 = ORIENTED_EDGE('',*,*,#14874,.T.);
#14874 = EDGE_CURVE('',#14844,#14875,#14877,.T.);
#14875 = VERTEX_POINT('',#14876);
#14876 = CARTESIAN_POINT('',(-1.875,2.905,0.4));
#14877 = LINE('',#14878,#14879);
#14878 = CARTESIAN_POINT('',(-1.875,3.925,0.4));
#14879 = VECTOR('',#14880,1.);
#14880 = DIRECTION('',(0.,-1.,0.));
#14881 = ORIENTED_EDGE('',*,*,#14882,.F.);
#14882 = EDGE_CURVE('',#14883,#14875,#14885,.T.);
#14883 = VERTEX_POINT('',#14884);
#14884 = CARTESIAN_POINT('',(-2.125,2.905,0.4));
#14885 = LINE('',#14886,#14887);
#14886 = CARTESIAN_POINT('',(-2.125,2.905,0.4));
#14887 = VECTOR('',#14888,1.);
#14888 = DIRECTION('',(1.,0.,0.));
#14889 = ORIENTED_EDGE('',*,*,#14890,.F.);
#14890 = EDGE_CURVE('',#14852,#14883,#14891,.T.);
#14891 = LINE('',#14892,#14893);
#14892 = CARTESIAN_POINT('',(-2.125,3.925,0.4));
#14893 = VECTOR('',#14894,1.);
#14894 = DIRECTION('',(0.,-1.,0.));
#14895 = PLANE('',#14896);
#14896 = AXIS2_PLACEMENT_3D('',#14897,#14898,#14899);
#14897 = CARTESIAN_POINT('',(-2.125,3.925,0.4));
#14898 = DIRECTION('',(0.,0.,-1.));
#14899 = DIRECTION('',(0.,-1.,0.));
#14900 = ADVANCED_FACE('',(#14901),#14926,.F.);
#14901 = FACE_BOUND('',#14902,.F.);
#14902 = EDGE_LOOP('',(#14903,#14904,#14912,#14920));
#14903 = ORIENTED_EDGE('',*,*,#14882,.T.);
#14904 = ORIENTED_EDGE('',*,*,#14905,.T.);
#14905 = EDGE_CURVE('',#14875,#14906,#14908,.T.);
#14906 = VERTEX_POINT('',#14907);
#14907 = CARTESIAN_POINT('',(-1.875,2.475,0.59));
#14908 = LINE('',#14909,#14910);
#14909 = CARTESIAN_POINT('',(-1.875,2.905,0.4));
#14910 = VECTOR('',#14911,1.);
#14911 = DIRECTION('',(0.,-0.914686604095,0.404163848321));
#14912 = ORIENTED_EDGE('',*,*,#14913,.F.);
#14913 = EDGE_CURVE('',#14914,#14906,#14916,.T.);
#14914 = VERTEX_POINT('',#14915);
#14915 = CARTESIAN_POINT('',(-2.125,2.475,0.59));
#14916 = LINE('',#14917,#14918);
#14917 = CARTESIAN_POINT('',(-2.125,2.475,0.59));
#14918 = VECTOR('',#14919,1.);
#14919 = DIRECTION('',(1.,0.,0.));
#14920 = ORIENTED_EDGE('',*,*,#14921,.F.);
#14921 = EDGE_CURVE('',#14883,#14914,#14922,.T.);
#14922 = LINE('',#14923,#14924);
#14923 = CARTESIAN_POINT('',(-2.125,2.905,0.4));
#14924 = VECTOR('',#14925,1.);
#14925 = DIRECTION('',(0.,-0.914686604095,0.404163848321));
#14926 = PLANE('',#14927);
#14927 = AXIS2_PLACEMENT_3D('',#14928,#14929,#14930);
#14928 = CARTESIAN_POINT('',(-2.125,2.905,0.4));
#14929 = DIRECTION('',(0.,-0.404163848321,-0.914686604095));
#14930 = DIRECTION('',(0.,-0.914686604095,0.404163848321));
#14931 = ADVANCED_FACE('',(#14932),#14957,.T.);
#14932 = FACE_BOUND('',#14933,.T.);
#14933 = EDGE_LOOP('',(#14934,#14935,#14943,#14951));
#14934 = ORIENTED_EDGE('',*,*,#14913,.F.);
#14935 = ORIENTED_EDGE('',*,*,#14936,.T.);
#14936 = EDGE_CURVE('',#14914,#14937,#14939,.T.);
#14937 = VERTEX_POINT('',#14938);
#14938 = CARTESIAN_POINT('',(-2.125,2.475,1.17));
#14939 = LINE('',#14940,#14941);
#14940 = CARTESIAN_POINT('',(-2.125,2.475,0.12));
#14941 = VECTOR('',#14942,1.);
#14942 = DIRECTION('',(0.,0.,1.));
#14943 = ORIENTED_EDGE('',*,*,#14944,.T.);
#14944 = EDGE_CURVE('',#14937,#14945,#14947,.T.);
#14945 = VERTEX_POINT('',#14946);
#14946 = CARTESIAN_POINT('',(-1.875,2.475,1.17));
#14947 = LINE('',#14948,#14949);
#14948 = CARTESIAN_POINT('',(-2.125,2.475,1.17));
#14949 = VECTOR('',#14950,1.);
#14950 = DIRECTION('',(1.,0.,-0.));
#14951 = ORIENTED_EDGE('',*,*,#14952,.F.);
#14952 = EDGE_CURVE('',#14906,#14945,#14953,.T.);
#14953 = LINE('',#14954,#14955);
#14954 = CARTESIAN_POINT('',(-1.875,2.475,0.12));
#14955 = VECTOR('',#14956,1.);
#14956 = DIRECTION('',(0.,0.,1.));
#14957 = PLANE('',#14958);
#14958 = AXIS2_PLACEMENT_3D('',#14959,#14960,#14961);
#14959 = CARTESIAN_POINT('',(-2.125,2.475,0.12));
#14960 = DIRECTION('',(-0.,1.,0.));
#14961 = DIRECTION('',(0.,0.,1.));
#14962 = ADVANCED_FACE('',(#14963),#14988,.T.);
#14963 = FACE_BOUND('',#14964,.T.);
#14964 = EDGE_LOOP('',(#14965,#14966,#14974,#14982));
#14965 = ORIENTED_EDGE('',*,*,#14695,.F.);
#14966 = ORIENTED_EDGE('',*,*,#14967,.T.);
#14967 = EDGE_CURVE('',#14696,#14968,#14970,.T.);
#14968 = VERTEX_POINT('',#14969);
#14969 = CARTESIAN_POINT('',(-1.875,2.275,0.49));
#14970 = LINE('',#14971,#14972);
#14971 = CARTESIAN_POINT('',(-1.875,2.275,0.12));
#14972 = VECTOR('',#14973,1.);
#14973 = DIRECTION('',(0.,0.,1.));
#14974 = ORIENTED_EDGE('',*,*,#14975,.T.);
#14975 = EDGE_CURVE('',#14968,#14976,#14978,.T.);
#14976 = VERTEX_POINT('',#14977);
#14977 = CARTESIAN_POINT('',(-1.85,2.275,0.49));
#14978 = LINE('',#14979,#14980);
#14979 = CARTESIAN_POINT('',(-2.15,2.275,0.49));
#14980 = VECTOR('',#14981,1.);
#14981 = DIRECTION('',(1.,0.,-0.));
#14982 = ORIENTED_EDGE('',*,*,#14983,.F.);
#14983 = EDGE_CURVE('',#14688,#14976,#14984,.T.);
#14984 = LINE('',#14985,#14986);
#14985 = CARTESIAN_POINT('',(-1.85,2.275,0.3));
#14986 = VECTOR('',#14987,1.);
#14987 = DIRECTION('',(0.,0.,1.));
#14988 = PLANE('',#14989);
#14989 = AXIS2_PLACEMENT_3D('',#14990,#14991,#14992);
#14990 = CARTESIAN_POINT('',(-2.15,2.275,0.3));
#14991 = DIRECTION('',(-0.,1.,0.));
#14992 = DIRECTION('',(0.,0.,1.));
#14993 = ADVANCED_FACE('',(#14994),#15026,.T.);
#14994 = FACE_BOUND('',#14995,.T.);
#14995 = EDGE_LOOP('',(#14996,#15004,#15012,#15018,#15019,#15025));
#14996 = ORIENTED_EDGE('',*,*,#14997,.F.);
#14997 = EDGE_CURVE('',#14998,#14642,#15000,.T.);
#14998 = VERTEX_POINT('',#14999);
#14999 = CARTESIAN_POINT('',(-2.15,-0.325,0.49));
#15000 = LINE('',#15001,#15002);
#15001 = CARTESIAN_POINT('',(-2.15,-0.925,0.49));
#15002 = VECTOR('',#15003,1.);
#15003 = DIRECTION('',(-0.,1.,0.));
#15004 = ORIENTED_EDGE('',*,*,#15005,.T.);
#15005 = EDGE_CURVE('',#14998,#15006,#15008,.T.);
#15006 = VERTEX_POINT('',#15007);
#15007 = CARTESIAN_POINT('',(-1.85,-0.325,0.49));
#15008 = LINE('',#15009,#15010);
#15009 = CARTESIAN_POINT('',(-2.15,-0.325,0.49));
#15010 = VECTOR('',#15011,1.);
#15011 = DIRECTION('',(1.,0.,-0.));
#15012 = ORIENTED_EDGE('',*,*,#15013,.T.);
#15013 = EDGE_CURVE('',#15006,#14976,#15014,.T.);
#15014 = LINE('',#15015,#15016);
#15015 = CARTESIAN_POINT('',(-1.85,-0.925,0.49));
#15016 = VECTOR('',#15017,1.);
#15017 = DIRECTION('',(-0.,1.,0.));
#15018 = ORIENTED_EDGE('',*,*,#14975,.F.);
#15019 = ORIENTED_EDGE('',*,*,#15020,.F.);
#15020 = EDGE_CURVE('',#14650,#14968,#15021,.T.);
#15021 = LINE('',#15022,#15023);
#15022 = CARTESIAN_POINT('',(-2.15,2.275,0.49));
#15023 = VECTOR('',#15024,1.);
#15024 = DIRECTION('',(1.,0.,-0.));
#15025 = ORIENTED_EDGE('',*,*,#14649,.F.);
#15026 = PLANE('',#15027);
#15027 = AXIS2_PLACEMENT_3D('',#15028,#15029,#15030);
#15028 = CARTESIAN_POINT('',(-2.15,-0.925,0.49));
#15029 = DIRECTION('',(0.,0.,1.));
#15030 = DIRECTION('',(1.,0.,-0.));
#15031 = ADVANCED_FACE('',(#15032),#15048,.F.);
#15032 = FACE_BOUND('',#15033,.F.);
#15033 = EDGE_LOOP('',(#15034,#15040,#15041,#15047));
#15034 = ORIENTED_EDGE('',*,*,#15035,.F.);
#15035 = EDGE_CURVE('',#14968,#14609,#15036,.T.);
#15036 = LINE('',#15037,#15038);
#15037 = CARTESIAN_POINT('',(-1.875,2.275,0.12));
#15038 = VECTOR('',#15039,1.);
#15039 = DIRECTION('',(0.,0.,1.));
#15040 = ORIENTED_EDGE('',*,*,#15020,.F.);
#15041 = ORIENTED_EDGE('',*,*,#15042,.T.);
#15042 = EDGE_CURVE('',#14650,#14547,#15043,.T.);
#15043 = LINE('',#15044,#15045);
#15044 = CARTESIAN_POINT('',(-2.125,2.275,0.12));
#15045 = VECTOR('',#15046,1.);
#15046 = DIRECTION('',(0.,0.,1.));
#15047 = ORIENTED_EDGE('',*,*,#14616,.T.);
#15048 = PLANE('',#15049);
#15049 = AXIS2_PLACEMENT_3D('',#15050,#15051,#15052);
#15050 = CARTESIAN_POINT('',(-2.125,2.275,0.12));
#15051 = DIRECTION('',(-0.,1.,0.));
#15052 = DIRECTION('',(0.,0.,1.));
#15053 = ADVANCED_FACE('',(#15054),#15079,.T.);
#15054 = FACE_BOUND('',#15055,.T.);
#15055 = EDGE_LOOP('',(#15056,#15057,#15065,#15073));
#15056 = ORIENTED_EDGE('',*,*,#14608,.F.);
#15057 = ORIENTED_EDGE('',*,*,#15058,.T.);
#15058 = EDGE_CURVE('',#14609,#15059,#15061,.T.);
#15059 = VERTEX_POINT('',#15060);
#15060 = CARTESIAN_POINT('',(-1.875,2.275,1.17));
#15061 = LINE('',#15062,#15063);
#15062 = CARTESIAN_POINT('',(-1.875,2.275,0.12));
#15063 = VECTOR('',#15064,1.);
#15064 = DIRECTION('',(0.,0.,1.));
#15065 = ORIENTED_EDGE('',*,*,#15066,.T.);
#15066 = EDGE_CURVE('',#15059,#15067,#15069,.T.);
#15067 = VERTEX_POINT('',#15068);
#15068 = CARTESIAN_POINT('',(-1.85,2.275,1.17));
#15069 = LINE('',#15070,#15071);
#15070 = CARTESIAN_POINT('',(-2.15,2.275,1.17));
#15071 = VECTOR('',#15072,1.);
#15072 = DIRECTION('',(1.,0.,-0.));
#15073 = ORIENTED_EDGE('',*,*,#15074,.F.);
#15074 = EDGE_CURVE('',#14601,#15067,#15075,.T.);
#15075 = LINE('',#15076,#15077);
#15076 = CARTESIAN_POINT('',(-1.85,2.275,0.86));
#15077 = VECTOR('',#15078,1.);
#15078 = DIRECTION('',(0.,0.,1.));
#15079 = PLANE('',#15080);
#15080 = AXIS2_PLACEMENT_3D('',#15081,#15082,#15083);
#15081 = CARTESIAN_POINT('',(-2.15,2.275,0.86));
#15082 = DIRECTION('',(-0.,1.,0.));
#15083 = DIRECTION('',(0.,0.,1.));
#15084 = ADVANCED_FACE('',(#15085),#15103,.F.);
#15085 = FACE_BOUND('',#15086,.F.);
#15086 = EDGE_LOOP('',(#15087,#15095,#15096,#15097));
#15087 = ORIENTED_EDGE('',*,*,#15088,.F.);
#15088 = EDGE_CURVE('',#14585,#15089,#15091,.T.);
#15089 = VERTEX_POINT('',#15090);
#15090 = CARTESIAN_POINT('',(-2.15,-0.6,1.17));
#15091 = LINE('',#15092,#15093);
#15092 = CARTESIAN_POINT('',(-2.15,-0.6,0.86));
#15093 = VECTOR('',#15094,1.);
#15094 = DIRECTION('',(0.,0.,1.));
#15095 = ORIENTED_EDGE('',*,*,#14584,.T.);
#15096 = ORIENTED_EDGE('',*,*,#14554,.T.);
#15097 = ORIENTED_EDGE('',*,*,#15098,.F.);
#15098 = EDGE_CURVE('',#15089,#14555,#15099,.T.);
#15099 = LINE('',#15100,#15101);
#15100 = CARTESIAN_POINT('',(-2.15,-0.6,1.17));
#15101 = VECTOR('',#15102,1.);
#15102 = DIRECTION('',(-0.,1.,0.));
#15103 = PLANE('',#15104);
#15104 = AXIS2_PLACEMENT_3D('',#15105,#15106,#15107);
#15105 = CARTESIAN_POINT('',(-2.15,-0.6,0.86));
#15106 = DIRECTION('',(1.,0.,-0.));
#15107 = DIRECTION('',(0.,0.,1.));
#15108 = ADVANCED_FACE('',(#15109),#15127,.T.);
#15109 = FACE_BOUND('',#15110,.T.);
#15110 = EDGE_LOOP('',(#15111,#15119,#15120,#15121));
#15111 = ORIENTED_EDGE('',*,*,#15112,.F.);
#15112 = EDGE_CURVE('',#14593,#15113,#15115,.T.);
#15113 = VERTEX_POINT('',#15114);
#15114 = CARTESIAN_POINT('',(-1.85,-0.6,1.17));
#15115 = LINE('',#15116,#15117);
#15116 = CARTESIAN_POINT('',(-1.85,-0.6,0.86));
#15117 = VECTOR('',#15118,1.);
#15118 = DIRECTION('',(0.,0.,1.));
#15119 = ORIENTED_EDGE('',*,*,#14600,.T.);
#15120 = ORIENTED_EDGE('',*,*,#15074,.T.);
#15121 = ORIENTED_EDGE('',*,*,#15122,.F.);
#15122 = EDGE_CURVE('',#15113,#15067,#15123,.T.);
#15123 = LINE('',#15124,#15125);
#15124 = CARTESIAN_POINT('',(-1.85,-0.6,1.17));
#15125 = VECTOR('',#15126,1.);
#15126 = DIRECTION('',(-0.,1.,0.));
#15127 = PLANE('',#15128);
#15128 = AXIS2_PLACEMENT_3D('',#15129,#15130,#15131);
#15129 = CARTESIAN_POINT('',(-1.85,-0.6,0.86));
#15130 = DIRECTION('',(1.,0.,-0.));
#15131 = DIRECTION('',(0.,0.,1.));
#15132 = ADVANCED_FACE('',(#15133),#15158,.T.);
#15133 = FACE_BOUND('',#15134,.T.);
#15134 = EDGE_LOOP('',(#15135,#15136,#15144,#15152));
#15135 = ORIENTED_EDGE('',*,*,#15005,.F.);
#15136 = ORIENTED_EDGE('',*,*,#15137,.T.);
#15137 = EDGE_CURVE('',#14998,#15138,#15140,.T.);
#15138 = VERTEX_POINT('',#15139);
#15139 = CARTESIAN_POINT('',(-2.15,-0.325,0.8));
#15140 = LINE('',#15141,#15142);
#15141 = CARTESIAN_POINT('',(-2.15,-0.325,0.49));
#15142 = VECTOR('',#15143,1.);
#15143 = DIRECTION('',(0.,0.,1.));
#15144 = ORIENTED_EDGE('',*,*,#15145,.T.);
#15145 = EDGE_CURVE('',#15138,#15146,#15148,.T.);
#15146 = VERTEX_POINT('',#15147);
#15147 = CARTESIAN_POINT('',(-1.85,-0.325,0.8));
#15148 = LINE('',#15149,#15150);
#15149 = CARTESIAN_POINT('',(-2.15,-0.325,0.8));
#15150 = VECTOR('',#15151,1.);
#15151 = DIRECTION('',(1.,0.,-0.));
#15152 = ORIENTED_EDGE('',*,*,#15153,.F.);
#15153 = EDGE_CURVE('',#15006,#15146,#15154,.T.);
#15154 = LINE('',#15155,#15156);
#15155 = CARTESIAN_POINT('',(-1.85,-0.325,0.49));
#15156 = VECTOR('',#15157,1.);
#15157 = DIRECTION('',(0.,0.,1.));
#15158 = PLANE('',#15159);
#15159 = AXIS2_PLACEMENT_3D('',#15160,#15161,#15162);
#15160 = CARTESIAN_POINT('',(-2.15,-0.325,0.49));
#15161 = DIRECTION('',(-0.,1.,0.));
#15162 = DIRECTION('',(0.,0.,1.));
#15163 = ADVANCED_FACE('',(#15164),#15175,.F.);
#15164 = FACE_BOUND('',#15165,.F.);
#15165 = EDGE_LOOP('',(#15166,#15167,#15168,#15174));
#15166 = ORIENTED_EDGE('',*,*,#14592,.F.);
#15167 = ORIENTED_EDGE('',*,*,#15088,.T.);
#15168 = ORIENTED_EDGE('',*,*,#15169,.T.);
#15169 = EDGE_CURVE('',#15089,#15113,#15170,.T.);
#15170 = LINE('',#15171,#15172);
#15171 = CARTESIAN_POINT('',(-2.15,-0.6,1.17));
#15172 = VECTOR('',#15173,1.);
#15173 = DIRECTION('',(1.,0.,-0.));
#15174 = ORIENTED_EDGE('',*,*,#15112,.F.);
#15175 = PLANE('',#15176);
#15176 = AXIS2_PLACEMENT_3D('',#15177,#15178,#15179);
#15177 = CARTESIAN_POINT('',(-2.15,-0.6,0.86));
#15178 = DIRECTION('',(-0.,1.,0.));
#15179 = DIRECTION('',(0.,0.,1.));
#15180 = ADVANCED_FACE('',(#15181),#15206,.T.);
#15181 = FACE_BOUND('',#15182,.T.);
#15182 = EDGE_LOOP('',(#15183,#15191,#15199,#15205));
#15183 = ORIENTED_EDGE('',*,*,#15184,.F.);
#15184 = EDGE_CURVE('',#15185,#15138,#15187,.T.);
#15185 = VERTEX_POINT('',#15186);
#15186 = CARTESIAN_POINT('',(-2.15,-0.925,0.8));
#15187 = LINE('',#15188,#15189);
#15188 = CARTESIAN_POINT('',(-2.15,-0.925,0.8));
#15189 = VECTOR('',#15190,1.);
#15190 = DIRECTION('',(-0.,1.,0.));
#15191 = ORIENTED_EDGE('',*,*,#15192,.T.);
#15192 = EDGE_CURVE('',#15185,#15193,#15195,.T.);
#15193 = VERTEX_POINT('',#15194);
#15194 = CARTESIAN_POINT('',(-1.85,-0.925,0.8));
#15195 = LINE('',#15196,#15197);
#15196 = CARTESIAN_POINT('',(-2.15,-0.925,0.8));
#15197 = VECTOR('',#15198,1.);
#15198 = DIRECTION('',(1.,0.,-0.));
#15199 = ORIENTED_EDGE('',*,*,#15200,.T.);
#15200 = EDGE_CURVE('',#15193,#15146,#15201,.T.);
#15201 = LINE('',#15202,#15203);
#15202 = CARTESIAN_POINT('',(-1.85,-0.925,0.8));
#15203 = VECTOR('',#15204,1.);
#15204 = DIRECTION('',(-0.,1.,0.));
#15205 = ORIENTED_EDGE('',*,*,#15145,.F.);
#15206 = PLANE('',#15207);
#15207 = AXIS2_PLACEMENT_3D('',#15208,#15209,#15210);
#15208 = CARTESIAN_POINT('',(-2.15,-0.925,0.8));
#15209 = DIRECTION('',(0.,0.,1.));
#15210 = DIRECTION('',(1.,0.,-0.));
#15211 = ADVANCED_FACE('',(#15212),#15231,.T.);
#15212 = FACE_BOUND('',#15213,.T.);
#15213 = EDGE_LOOP('',(#15214,#15215,#15216,#15217,#15218,#15219,#15220,
    #15226,#15227,#15228,#15229,#15230));
#15214 = ORIENTED_EDGE('',*,*,#14744,.F.);
#15215 = ORIENTED_EDGE('',*,*,#14758,.F.);
#15216 = ORIENTED_EDGE('',*,*,#14827,.T.);
#15217 = ORIENTED_EDGE('',*,*,#14657,.T.);
#15218 = ORIENTED_EDGE('',*,*,#15042,.T.);
#15219 = ORIENTED_EDGE('',*,*,#14570,.T.);
#15220 = ORIENTED_EDGE('',*,*,#15221,.T.);
#15221 = EDGE_CURVE('',#14563,#14937,#15222,.T.);
#15222 = LINE('',#15223,#15224);
#15223 = CARTESIAN_POINT('',(-2.125,2.275,1.17));
#15224 = VECTOR('',#15225,1.);
#15225 = DIRECTION('',(-0.,1.,0.));
#15226 = ORIENTED_EDGE('',*,*,#14936,.F.);
#15227 = ORIENTED_EDGE('',*,*,#14921,.F.);
#15228 = ORIENTED_EDGE('',*,*,#14890,.F.);
#15229 = ORIENTED_EDGE('',*,*,#14859,.F.);
#15230 = ORIENTED_EDGE('',*,*,#14806,.F.);
#15231 = PLANE('',#15232);
#15232 = AXIS2_PLACEMENT_3D('',#15233,#15234,#15235);
#15233 = CARTESIAN_POINT('',(-2.125,2.928538891724,0.406031440384));
#15234 = DIRECTION('',(-1.,-0.,-0.));
#15235 = DIRECTION('',(0.,0.,-1.));
#15236 = ADVANCED_FACE('',(#15237),#15256,.T.);
#15237 = FACE_BOUND('',#15238,.T.);
#15238 = EDGE_LOOP('',(#15239,#15240,#15241,#15242,#15243,#15244,#15245,
    #15251,#15252,#15253,#15254,#15255));
#15239 = ORIENTED_EDGE('',*,*,#14728,.T.);
#15240 = ORIENTED_EDGE('',*,*,#14790,.T.);
#15241 = ORIENTED_EDGE('',*,*,#14843,.T.);
#15242 = ORIENTED_EDGE('',*,*,#14874,.T.);
#15243 = ORIENTED_EDGE('',*,*,#14905,.T.);
#15244 = ORIENTED_EDGE('',*,*,#14952,.T.);
#15245 = ORIENTED_EDGE('',*,*,#15246,.F.);
#15246 = EDGE_CURVE('',#15059,#14945,#15247,.T.);
#15247 = LINE('',#15248,#15249);
#15248 = CARTESIAN_POINT('',(-1.875,2.275,1.17));
#15249 = VECTOR('',#15250,1.);
#15250 = DIRECTION('',(-0.,1.,0.));
#15251 = ORIENTED_EDGE('',*,*,#15058,.F.);
#15252 = ORIENTED_EDGE('',*,*,#15035,.F.);
#15253 = ORIENTED_EDGE('',*,*,#14967,.F.);
#15254 = ORIENTED_EDGE('',*,*,#14820,.F.);
#15255 = ORIENTED_EDGE('',*,*,#14774,.T.);
#15256 = PLANE('',#15257);
#15257 = AXIS2_PLACEMENT_3D('',#15258,#15259,#15260);
#15258 = CARTESIAN_POINT('',(-1.875,2.928538891724,0.406031440384));
#15259 = DIRECTION('',(1.,0.,0.));
#15260 = DIRECTION('',(-0.,0.,1.));
#15261 = ADVANCED_FACE('',(#15262),#15272,.T.);
#15262 = FACE_BOUND('',#15263,.T.);
#15263 = EDGE_LOOP('',(#15264,#15265,#15266,#15267,#15268,#15269,#15270,
    #15271));
#15264 = ORIENTED_EDGE('',*,*,#15221,.F.);
#15265 = ORIENTED_EDGE('',*,*,#14562,.F.);
#15266 = ORIENTED_EDGE('',*,*,#15098,.F.);
#15267 = ORIENTED_EDGE('',*,*,#15169,.T.);
#15268 = ORIENTED_EDGE('',*,*,#15122,.T.);
#15269 = ORIENTED_EDGE('',*,*,#15066,.F.);
#15270 = ORIENTED_EDGE('',*,*,#15246,.T.);
#15271 = ORIENTED_EDGE('',*,*,#14944,.F.);
#15272 = PLANE('',#15273);
#15273 = AXIS2_PLACEMENT_3D('',#15274,#15275,#15276);
#15274 = CARTESIAN_POINT('',(-2.,0.936018518519,1.17));
#15275 = DIRECTION('',(0.,0.,1.));
#15276 = DIRECTION('',(1.,0.,-0.));
#15277 = ADVANCED_FACE('',(#15278),#15291,.T.);
#15278 = FACE_BOUND('',#15279,.T.);
#15279 = EDGE_LOOP('',(#15280,#15286,#15287,#15288,#15289,#15290));
#15280 = ORIENTED_EDGE('',*,*,#15281,.T.);
#15281 = EDGE_CURVE('',#14672,#15185,#15282,.T.);
#15282 = LINE('',#15283,#15284);
#15283 = CARTESIAN_POINT('',(-2.15,-0.925,0.3));
#15284 = VECTOR('',#15285,1.);
#15285 = DIRECTION('',(0.,0.,1.));
#15286 = ORIENTED_EDGE('',*,*,#15184,.T.);
#15287 = ORIENTED_EDGE('',*,*,#15137,.F.);
#15288 = ORIENTED_EDGE('',*,*,#14997,.T.);
#15289 = ORIENTED_EDGE('',*,*,#14641,.F.);
#15290 = ORIENTED_EDGE('',*,*,#14671,.F.);
#15291 = PLANE('',#15292);
#15292 = AXIS2_PLACEMENT_3D('',#15293,#15294,#15295);
#15293 = CARTESIAN_POINT('',(-2.15,0.566081081081,0.441081081081));
#15294 = DIRECTION('',(-1.,-0.,-0.));
#15295 = DIRECTION('',(0.,0.,-1.));
#15296 = ADVANCED_FACE('',(#15297),#15310,.T.);
#15297 = FACE_BOUND('',#15298,.T.);
#15298 = EDGE_LOOP('',(#15299,#15300,#15301,#15302,#15303,#15304));
#15299 = ORIENTED_EDGE('',*,*,#14687,.T.);
#15300 = ORIENTED_EDGE('',*,*,#14983,.T.);
#15301 = ORIENTED_EDGE('',*,*,#15013,.F.);
#15302 = ORIENTED_EDGE('',*,*,#15153,.T.);
#15303 = ORIENTED_EDGE('',*,*,#15200,.F.);
#15304 = ORIENTED_EDGE('',*,*,#15305,.F.);
#15305 = EDGE_CURVE('',#14680,#15193,#15306,.T.);
#15306 = LINE('',#15307,#15308);
#15307 = CARTESIAN_POINT('',(-1.85,-0.925,0.49));
#15308 = VECTOR('',#15309,1.);
#15309 = DIRECTION('',(0.,0.,1.));
#15310 = PLANE('',#15311);
#15311 = AXIS2_PLACEMENT_3D('',#15312,#15313,#15314);
#15312 = CARTESIAN_POINT('',(-1.85,0.566081081081,0.441081081081));
#15313 = DIRECTION('',(1.,0.,0.));
#15314 = DIRECTION('',(-0.,0.,1.));
#15315 = ADVANCED_FACE('',(#15316),#15322,.T.);
#15316 = FACE_BOUND('',#15317,.T.);
#15317 = EDGE_LOOP('',(#15318,#15319,#15320,#15321));
#15318 = ORIENTED_EDGE('',*,*,#14679,.T.);
#15319 = ORIENTED_EDGE('',*,*,#15305,.T.);
#15320 = ORIENTED_EDGE('',*,*,#15192,.F.);
#15321 = ORIENTED_EDGE('',*,*,#15281,.F.);
#15322 = PLANE('',#15323);
#15323 = AXIS2_PLACEMENT_3D('',#15324,#15325,#15326);
#15324 = CARTESIAN_POINT('',(-2.,-0.925,0.55));
#15325 = DIRECTION('',(-0.,-1.,-0.));
#15326 = DIRECTION('',(0.,0.,-1.));
#15327 = MANIFOLD_SOLID_BREP('',#15328);
#15328 = CLOSED_SHELL('',(#15329,#15369,#15416,#15456,#15503,#15543,
    #15574,#15605,#15627,#15658,#15689,#15720,#15751,#15782,#15820,
    #15842,#15873,#15897,#15921,#15952,#15969,#16000,#16025,#16050,
    #16066,#16085,#16104));
#15329 = ADVANCED_FACE('',(#15330),#15364,.T.);
#15330 = FACE_BOUND('',#15331,.T.);
#15331 = EDGE_LOOP('',(#15332,#15342,#15350,#15358));
#15332 = ORIENTED_EDGE('',*,*,#15333,.F.);
#15333 = EDGE_CURVE('',#15334,#15336,#15338,.T.);
#15334 = VERTEX_POINT('',#15335);
#15335 = CARTESIAN_POINT('',(-1.15,2.275,0.86));
#15336 = VERTEX_POINT('',#15337);
#15337 = CARTESIAN_POINT('',(-1.125,2.275,0.86));
#15338 = LINE('',#15339,#15340);
#15339 = CARTESIAN_POINT('',(-1.15,2.275,0.86));
#15340 = VECTOR('',#15341,1.);
#15341 = DIRECTION('',(1.,0.,-0.));
#15342 = ORIENTED_EDGE('',*,*,#15343,.T.);
#15343 = EDGE_CURVE('',#15334,#15344,#15346,.T.);
#15344 = VERTEX_POINT('',#15345);
#15345 = CARTESIAN_POINT('',(-1.15,2.275,1.17));
#15346 = LINE('',#15347,#15348);
#15347 = CARTESIAN_POINT('',(-1.15,2.275,0.86));
#15348 = VECTOR('',#15349,1.);
#15349 = DIRECTION('',(0.,0.,1.));
#15350 = ORIENTED_EDGE('',*,*,#15351,.T.);
#15351 = EDGE_CURVE('',#15344,#15352,#15354,.T.);
#15352 = VERTEX_POINT('',#15353);
#15353 = CARTESIAN_POINT('',(-1.125,2.275,1.17));
#15354 = LINE('',#15355,#15356);
#15355 = CARTESIAN_POINT('',(-1.15,2.275,1.17));
#15356 = VECTOR('',#15357,1.);
#15357 = DIRECTION('',(1.,0.,-0.));
#15358 = ORIENTED_EDGE('',*,*,#15359,.F.);
#15359 = EDGE_CURVE('',#15336,#15352,#15360,.T.);
#15360 = LINE('',#15361,#15362);
#15361 = CARTESIAN_POINT('',(-1.125,2.275,0.12));
#15362 = VECTOR('',#15363,1.);
#15363 = DIRECTION('',(0.,0.,1.));
#15364 = PLANE('',#15365);
#15365 = AXIS2_PLACEMENT_3D('',#15366,#15367,#15368);
#15366 = CARTESIAN_POINT('',(-1.15,2.275,0.86));
#15367 = DIRECTION('',(-0.,1.,0.));
#15368 = DIRECTION('',(0.,0.,1.));
#15369 = ADVANCED_FACE('',(#15370),#15411,.F.);
#15370 = FACE_BOUND('',#15371,.F.);
#15371 = EDGE_LOOP('',(#15372,#15380,#15388,#15396,#15404,#15410));
#15372 = ORIENTED_EDGE('',*,*,#15373,.F.);
#15373 = EDGE_CURVE('',#15374,#15334,#15376,.T.);
#15374 = VERTEX_POINT('',#15375);
#15375 = CARTESIAN_POINT('',(-1.15,-0.6,0.86));
#15376 = LINE('',#15377,#15378);
#15377 = CARTESIAN_POINT('',(-1.15,-0.6,0.86));
#15378 = VECTOR('',#15379,1.);
#15379 = DIRECTION('',(-0.,1.,0.));
#15380 = ORIENTED_EDGE('',*,*,#15381,.T.);
#15381 = EDGE_CURVE('',#15374,#15382,#15384,.T.);
#15382 = VERTEX_POINT('',#15383);
#15383 = CARTESIAN_POINT('',(-0.85,-0.6,0.86));
#15384 = LINE('',#15385,#15386);
#15385 = CARTESIAN_POINT('',(-1.15,-0.6,0.86));
#15386 = VECTOR('',#15387,1.);
#15387 = DIRECTION('',(1.,0.,-0.));
#15388 = ORIENTED_EDGE('',*,*,#15389,.T.);
#15389 = EDGE_CURVE('',#15382,#15390,#15392,.T.);
#15390 = VERTEX_POINT('',#15391);
#15391 = CARTESIAN_POINT('',(-0.85,2.275,0.86));
#15392 = LINE('',#15393,#15394);
#15393 = CARTESIAN_POINT('',(-0.85,-0.6,0.86));
#15394 = VECTOR('',#15395,1.);
#15395 = DIRECTION('',(-0.,1.,0.));
#15396 = ORIENTED_EDGE('',*,*,#15397,.F.);
#15397 = EDGE_CURVE('',#15398,#15390,#15400,.T.);
#15398 = VERTEX_POINT('',#15399);
#15399 = CARTESIAN_POINT('',(-0.875,2.275,0.86));
#15400 = LINE('',#15401,#15402);
#15401 = CARTESIAN_POINT('',(-1.15,2.275,0.86));
#15402 = VECTOR('',#15403,1.);
#15403 = DIRECTION('',(1.,0.,-0.));
#15404 = ORIENTED_EDGE('',*,*,#15405,.F.);
#15405 = EDGE_CURVE('',#15336,#15398,#15406,.T.);
#15406 = LINE('',#15407,#15408);
#15407 = CARTESIAN_POINT('',(-1.15,2.275,0.86));
#15408 = VECTOR('',#15409,1.);
#15409 = DIRECTION('',(1.,0.,-0.));
#15410 = ORIENTED_EDGE('',*,*,#15333,.F.);
#15411 = PLANE('',#15412);
#15412 = AXIS2_PLACEMENT_3D('',#15413,#15414,#15415);
#15413 = CARTESIAN_POINT('',(-1.15,-0.6,0.86));
#15414 = DIRECTION('',(0.,0.,1.));
#15415 = DIRECTION('',(1.,0.,-0.));
#15416 = ADVANCED_FACE('',(#15417),#15451,.T.);
#15417 = FACE_BOUND('',#15418,.T.);
#15418 = EDGE_LOOP('',(#15419,#15429,#15437,#15445));
#15419 = ORIENTED_EDGE('',*,*,#15420,.F.);
#15420 = EDGE_CURVE('',#15421,#15423,#15425,.T.);
#15421 = VERTEX_POINT('',#15422);
#15422 = CARTESIAN_POINT('',(-1.15,2.275,0.3));
#15423 = VERTEX_POINT('',#15424);
#15424 = CARTESIAN_POINT('',(-1.125,2.275,0.3));
#15425 = LINE('',#15426,#15427);
#15426 = CARTESIAN_POINT('',(-1.15,2.275,0.3));
#15427 = VECTOR('',#15428,1.);
#15428 = DIRECTION('',(1.,0.,-0.));
#15429 = ORIENTED_EDGE('',*,*,#15430,.T.);
#15430 = EDGE_CURVE('',#15421,#15431,#15433,.T.);
#15431 = VERTEX_POINT('',#15432);
#15432 = CARTESIAN_POINT('',(-1.15,2.275,0.49));
#15433 = LINE('',#15434,#15435);
#15434 = CARTESIAN_POINT('',(-1.15,2.275,0.3));
#15435 = VECTOR('',#15436,1.);
#15436 = DIRECTION('',(0.,0.,1.));
#15437 = ORIENTED_EDGE('',*,*,#15438,.T.);
#15438 = EDGE_CURVE('',#15431,#15439,#15441,.T.);
#15439 = VERTEX_POINT('',#15440);
#15440 = CARTESIAN_POINT('',(-1.125,2.275,0.49));
#15441 = LINE('',#15442,#15443);
#15442 = CARTESIAN_POINT('',(-1.15,2.275,0.49));
#15443 = VECTOR('',#15444,1.);
#15444 = DIRECTION('',(1.,0.,-0.));
#15445 = ORIENTED_EDGE('',*,*,#15446,.F.);
#15446 = EDGE_CURVE('',#15423,#15439,#15447,.T.);
#15447 = LINE('',#15448,#15449);
#15448 = CARTESIAN_POINT('',(-1.125,2.275,0.12));
#15449 = VECTOR('',#15450,1.);
#15450 = DIRECTION('',(0.,0.,1.));
#15451 = PLANE('',#15452);
#15452 = AXIS2_PLACEMENT_3D('',#15453,#15454,#15455);
#15453 = CARTESIAN_POINT('',(-1.15,2.275,0.3));
#15454 = DIRECTION('',(-0.,1.,0.));
#15455 = DIRECTION('',(0.,0.,1.));
#15456 = ADVANCED_FACE('',(#15457),#15498,.F.);
#15457 = FACE_BOUND('',#15458,.F.);
#15458 = EDGE_LOOP('',(#15459,#15467,#15475,#15483,#15491,#15497));
#15459 = ORIENTED_EDGE('',*,*,#15460,.F.);
#15460 = EDGE_CURVE('',#15461,#15421,#15463,.T.);
#15461 = VERTEX_POINT('',#15462);
#15462 = CARTESIAN_POINT('',(-1.15,-0.925,0.3));
#15463 = LINE('',#15464,#15465);
#15464 = CARTESIAN_POINT('',(-1.15,-0.925,0.3));
#15465 = VECTOR('',#15466,1.);
#15466 = DIRECTION('',(-0.,1.,0.));
#15467 = ORIENTED_EDGE('',*,*,#15468,.T.);
#15468 = EDGE_CURVE('',#15461,#15469,#15471,.T.);
#15469 = VERTEX_POINT('',#15470);
#15470 = CARTESIAN_POINT('',(-0.85,-0.925,0.3));
#15471 = LINE('',#15472,#15473);
#15472 = CARTESIAN_POINT('',(-1.15,-0.925,0.3));
#15473 = VECTOR('',#15474,1.);
#15474 = DIRECTION('',(1.,0.,-0.));
#15475 = ORIENTED_EDGE('',*,*,#15476,.T.);
#15476 = EDGE_CURVE('',#15469,#15477,#15479,.T.);
#15477 = VERTEX_POINT('',#15478);
#15478 = CARTESIAN_POINT('',(-0.85,2.275,0.3));
#15479 = LINE('',#15480,#15481);
#15480 = CARTESIAN_POINT('',(-0.85,-0.925,0.3));
#15481 = VECTOR('',#15482,1.);
#15482 = DIRECTION('',(-0.,1.,0.));
#15483 = ORIENTED_EDGE('',*,*,#15484,.F.);
#15484 = EDGE_CURVE('',#15485,#15477,#15487,.T.);
#15485 = VERTEX_POINT('',#15486);
#15486 = CARTESIAN_POINT('',(-0.875,2.275,0.3));
#15487 = LINE('',#15488,#15489);
#15488 = CARTESIAN_POINT('',(-1.15,2.275,0.3));
#15489 = VECTOR('',#15490,1.);
#15490 = DIRECTION('',(1.,0.,-0.));
#15491 = ORIENTED_EDGE('',*,*,#15492,.F.);
#15492 = EDGE_CURVE('',#15423,#15485,#15493,.T.);
#15493 = LINE('',#15494,#15495);
#15494 = CARTESIAN_POINT('',(-1.15,2.275,0.3));
#15495 = VECTOR('',#15496,1.);
#15496 = DIRECTION('',(1.,0.,-0.));
#15497 = ORIENTED_EDGE('',*,*,#15420,.F.);
#15498 = PLANE('',#15499);
#15499 = AXIS2_PLACEMENT_3D('',#15500,#15501,#15502);
#15500 = CARTESIAN_POINT('',(-1.15,-0.925,0.3));
#15501 = DIRECTION('',(0.,0.,1.));
#15502 = DIRECTION('',(1.,0.,-0.));
#15503 = ADVANCED_FACE('',(#15504),#15538,.F.);
#15504 = FACE_BOUND('',#15505,.F.);
#15505 = EDGE_LOOP('',(#15506,#15516,#15524,#15532));
#15506 = ORIENTED_EDGE('',*,*,#15507,.T.);
#15507 = EDGE_CURVE('',#15508,#15510,#15512,.T.);
#15508 = VERTEX_POINT('',#15509);
#15509 = CARTESIAN_POINT('',(-1.125,2.475,0.12));
#15510 = VERTEX_POINT('',#15511);
#15511 = CARTESIAN_POINT('',(-0.875,2.475,0.12));
#15512 = LINE('',#15513,#15514);
#15513 = CARTESIAN_POINT('',(-1.125,2.475,0.12));
#15514 = VECTOR('',#15515,1.);
#15515 = DIRECTION('',(1.,0.,0.));
#15516 = ORIENTED_EDGE('',*,*,#15517,.T.);
#15517 = EDGE_CURVE('',#15510,#15518,#15520,.T.);
#15518 = VERTEX_POINT('',#15519);
#15519 = CARTESIAN_POINT('',(-0.875,2.825,0.));
#15520 = LINE('',#15521,#15522);
#15521 = CARTESIAN_POINT('',(-0.875,2.475,0.12));
#15522 = VECTOR('',#15523,1.);
#15523 = DIRECTION('',(0.,0.945945945946,-0.324324324324));
#15524 = ORIENTED_EDGE('',*,*,#15525,.F.);
#15525 = EDGE_CURVE('',#15526,#15518,#15528,.T.);
#15526 = VERTEX_POINT('',#15527);
#15527 = CARTESIAN_POINT('',(-1.125,2.825,0.));
#15528 = LINE('',#15529,#15530);
#15529 = CARTESIAN_POINT('',(-1.125,2.825,0.));
#15530 = VECTOR('',#15531,1.);
#15531 = DIRECTION('',(1.,0.,0.));
#15532 = ORIENTED_EDGE('',*,*,#15533,.F.);
#15533 = EDGE_CURVE('',#15508,#15526,#15534,.T.);
#15534 = LINE('',#15535,#15536);
#15535 = CARTESIAN_POINT('',(-1.125,2.475,0.12));
#15536 = VECTOR('',#15537,1.);
#15537 = DIRECTION('',(0.,0.945945945946,-0.324324324324));
#15538 = PLANE('',#15539);
#15539 = AXIS2_PLACEMENT_3D('',#15540,#15541,#15542);
#15540 = CARTESIAN_POINT('',(-1.125,2.475,0.12));
#15541 = DIRECTION('',(-0.,0.324324324324,0.945945945946));
#15542 = DIRECTION('',(0.,0.945945945946,-0.324324324324));
#15543 = ADVANCED_FACE('',(#15544),#15569,.F.);
#15544 = FACE_BOUND('',#15545,.F.);
#15545 = EDGE_LOOP('',(#15546,#15554,#15562,#15568));
#15546 = ORIENTED_EDGE('',*,*,#15547,.F.);
#15547 = EDGE_CURVE('',#15548,#15508,#15550,.T.);
#15548 = VERTEX_POINT('',#15549);
#15549 = CARTESIAN_POINT('',(-1.125,2.275,0.12));
#15550 = LINE('',#15551,#15552);
#15551 = CARTESIAN_POINT('',(-1.125,2.275,0.12));
#15552 = VECTOR('',#15553,1.);
#15553 = DIRECTION('',(-0.,1.,0.));
#15554 = ORIENTED_EDGE('',*,*,#15555,.T.);
#15555 = EDGE_CURVE('',#15548,#15556,#15558,.T.);
#15556 = VERTEX_POINT('',#15557);
#15557 = CARTESIAN_POINT('',(-0.875,2.275,0.12));
#15558 = LINE('',#15559,#15560);
#15559 = CARTESIAN_POINT('',(-1.125,2.275,0.12));
#15560 = VECTOR('',#15561,1.);
#15561 = DIRECTION('',(1.,0.,-0.));
#15562 = ORIENTED_EDGE('',*,*,#15563,.T.);
#15563 = EDGE_CURVE('',#15556,#15510,#15564,.T.);
#15564 = LINE('',#15565,#15566);
#15565 = CARTESIAN_POINT('',(-0.875,2.275,0.12));
#15566 = VECTOR('',#15567,1.);
#15567 = DIRECTION('',(-0.,1.,0.));
#15568 = ORIENTED_EDGE('',*,*,#15507,.F.);
#15569 = PLANE('',#15570);
#15570 = AXIS2_PLACEMENT_3D('',#15571,#15572,#15573);
#15571 = CARTESIAN_POINT('',(-1.125,2.275,0.12));
#15572 = DIRECTION('',(0.,0.,1.));
#15573 = DIRECTION('',(1.,0.,-0.));
#15574 = ADVANCED_FACE('',(#15575),#15600,.F.);
#15575 = FACE_BOUND('',#15576,.F.);
#15576 = EDGE_LOOP('',(#15577,#15578,#15586,#15594));
#15577 = ORIENTED_EDGE('',*,*,#15525,.T.);
#15578 = ORIENTED_EDGE('',*,*,#15579,.T.);
#15579 = EDGE_CURVE('',#15518,#15580,#15582,.T.);
#15580 = VERTEX_POINT('',#15581);
#15581 = CARTESIAN_POINT('',(-0.875,3.925,0.));
#15582 = LINE('',#15583,#15584);
#15583 = CARTESIAN_POINT('',(-0.875,2.825,0.));
#15584 = VECTOR('',#15585,1.);
#15585 = DIRECTION('',(0.,1.,0.));
#15586 = ORIENTED_EDGE('',*,*,#15587,.F.);
#15587 = EDGE_CURVE('',#15588,#15580,#15590,.T.);
#15588 = VERTEX_POINT('',#15589);
#15589 = CARTESIAN_POINT('',(-1.125,3.925,0.));
#15590 = LINE('',#15591,#15592);
#15591 = CARTESIAN_POINT('',(-1.125,3.925,0.));
#15592 = VECTOR('',#15593,1.);
#15593 = DIRECTION('',(1.,0.,0.));
#15594 = ORIENTED_EDGE('',*,*,#15595,.F.);
#15595 = EDGE_CURVE('',#15526,#15588,#15596,.T.);
#15596 = LINE('',#15597,#15598);
#15597 = CARTESIAN_POINT('',(-1.125,2.825,0.));
#15598 = VECTOR('',#15599,1.);
#15599 = DIRECTION('',(0.,1.,0.));
#15600 = PLANE('',#15601);
#15601 = AXIS2_PLACEMENT_3D('',#15602,#15603,#15604);
#15602 = CARTESIAN_POINT('',(-1.125,2.825,0.));
#15603 = DIRECTION('',(0.,0.,1.));
#15604 = DIRECTION('',(0.,1.,0.));
#15605 = ADVANCED_FACE('',(#15606),#15622,.F.);
#15606 = FACE_BOUND('',#15607,.F.);
#15607 = EDGE_LOOP('',(#15608,#15614,#15615,#15621));
#15608 = ORIENTED_EDGE('',*,*,#15609,.F.);
#15609 = EDGE_CURVE('',#15556,#15485,#15610,.T.);
#15610 = LINE('',#15611,#15612);
#15611 = CARTESIAN_POINT('',(-0.875,2.275,0.12));
#15612 = VECTOR('',#15613,1.);
#15613 = DIRECTION('',(0.,0.,1.));
#15614 = ORIENTED_EDGE('',*,*,#15555,.F.);
#15615 = ORIENTED_EDGE('',*,*,#15616,.T.);
#15616 = EDGE_CURVE('',#15548,#15423,#15617,.T.);
#15617 = LINE('',#15618,#15619);
#15618 = CARTESIAN_POINT('',(-1.125,2.275,0.12));
#15619 = VECTOR('',#15620,1.);
#15620 = DIRECTION('',(0.,0.,1.));
#15621 = ORIENTED_EDGE('',*,*,#15492,.T.);
#15622 = PLANE('',#15623);
#15623 = AXIS2_PLACEMENT_3D('',#15624,#15625,#15626);
#15624 = CARTESIAN_POINT('',(-1.125,2.275,0.12));
#15625 = DIRECTION('',(-0.,1.,0.));
#15626 = DIRECTION('',(0.,0.,1.));
#15627 = ADVANCED_FACE('',(#15628),#15653,.F.);
#15628 = FACE_BOUND('',#15629,.F.);
#15629 = EDGE_LOOP('',(#15630,#15631,#15639,#15647));
#15630 = ORIENTED_EDGE('',*,*,#15587,.T.);
#15631 = ORIENTED_EDGE('',*,*,#15632,.T.);
#15632 = EDGE_CURVE('',#15580,#15633,#15635,.T.);
#15633 = VERTEX_POINT('',#15634);
#15634 = CARTESIAN_POINT('',(-0.875,3.925,0.4));
#15635 = LINE('',#15636,#15637);
#15636 = CARTESIAN_POINT('',(-0.875,3.925,0.));
#15637 = VECTOR('',#15638,1.);
#15638 = DIRECTION('',(0.,0.,1.));
#15639 = ORIENTED_EDGE('',*,*,#15640,.F.);
#15640 = EDGE_CURVE('',#15641,#15633,#15643,.T.);
#15641 = VERTEX_POINT('',#15642);
#15642 = CARTESIAN_POINT('',(-1.125,3.925,0.4));
#15643 = LINE('',#15644,#15645);
#15644 = CARTESIAN_POINT('',(-1.125,3.925,0.4));
#15645 = VECTOR('',#15646,1.);
#15646 = DIRECTION('',(1.,0.,0.));
#15647 = ORIENTED_EDGE('',*,*,#15648,.F.);
#15648 = EDGE_CURVE('',#15588,#15641,#15649,.T.);
#15649 = LINE('',#15650,#15651);
#15650 = CARTESIAN_POINT('',(-1.125,3.925,0.));
#15651 = VECTOR('',#15652,1.);
#15652 = DIRECTION('',(0.,0.,1.));
#15653 = PLANE('',#15654);
#15654 = AXIS2_PLACEMENT_3D('',#15655,#15656,#15657);
#15655 = CARTESIAN_POINT('',(-1.125,3.925,0.));
#15656 = DIRECTION('',(0.,-1.,0.));
#15657 = DIRECTION('',(0.,0.,1.));
#15658 = ADVANCED_FACE('',(#15659),#15684,.F.);
#15659 = FACE_BOUND('',#15660,.F.);
#15660 = EDGE_LOOP('',(#15661,#15662,#15670,#15678));
#15661 = ORIENTED_EDGE('',*,*,#15640,.T.);
#15662 = ORIENTED_EDGE('',*,*,#15663,.T.);
#15663 = EDGE_CURVE('',#15633,#15664,#15666,.T.);
#15664 = VERTEX_POINT('',#15665);
#15665 = CARTESIAN_POINT('',(-0.875,2.905,0.4));
#15666 = LINE('',#15667,#15668);
#15667 = CARTESIAN_POINT('',(-0.875,3.925,0.4));
#15668 = VECTOR('',#15669,1.);
#15669 = DIRECTION('',(0.,-1.,0.));
#15670 = ORIENTED_EDGE('',*,*,#15671,.F.);
#15671 = EDGE_CURVE('',#15672,#15664,#15674,.T.);
#15672 = VERTEX_POINT('',#15673);
#15673 = CARTESIAN_POINT('',(-1.125,2.905,0.4));
#15674 = LINE('',#15675,#15676);
#15675 = CARTESIAN_POINT('',(-1.125,2.905,0.4));
#15676 = VECTOR('',#15677,1.);
#15677 = DIRECTION('',(1.,0.,0.));
#15678 = ORIENTED_EDGE('',*,*,#15679,.F.);
#15679 = EDGE_CURVE('',#15641,#15672,#15680,.T.);
#15680 = LINE('',#15681,#15682);
#15681 = CARTESIAN_POINT('',(-1.125,3.925,0.4));
#15682 = VECTOR('',#15683,1.);
#15683 = DIRECTION('',(0.,-1.,0.));
#15684 = PLANE('',#15685);
#15685 = AXIS2_PLACEMENT_3D('',#15686,#15687,#15688);
#15686 = CARTESIAN_POINT('',(-1.125,3.925,0.4));
#15687 = DIRECTION('',(0.,0.,-1.));
#15688 = DIRECTION('',(0.,-1.,0.));
#15689 = ADVANCED_FACE('',(#15690),#15715,.F.);
#15690 = FACE_BOUND('',#15691,.F.);
#15691 = EDGE_LOOP('',(#15692,#15693,#15701,#15709));
#15692 = ORIENTED_EDGE('',*,*,#15671,.T.);
#15693 = ORIENTED_EDGE('',*,*,#15694,.T.);
#15694 = EDGE_CURVE('',#15664,#15695,#15697,.T.);
#15695 = VERTEX_POINT('',#15696);
#15696 = CARTESIAN_POINT('',(-0.875,2.475,0.59));
#15697 = LINE('',#15698,#15699);
#15698 = CARTESIAN_POINT('',(-0.875,2.905,0.4));
#15699 = VECTOR('',#15700,1.);
#15700 = DIRECTION('',(0.,-0.914686604095,0.404163848321));
#15701 = ORIENTED_EDGE('',*,*,#15702,.F.);
#15702 = EDGE_CURVE('',#15703,#15695,#15705,.T.);
#15703 = VERTEX_POINT('',#15704);
#15704 = CARTESIAN_POINT('',(-1.125,2.475,0.59));
#15705 = LINE('',#15706,#15707);
#15706 = CARTESIAN_POINT('',(-1.125,2.475,0.59));
#15707 = VECTOR('',#15708,1.);
#15708 = DIRECTION('',(1.,0.,0.));
#15709 = ORIENTED_EDGE('',*,*,#15710,.F.);
#15710 = EDGE_CURVE('',#15672,#15703,#15711,.T.);
#15711 = LINE('',#15712,#15713);
#15712 = CARTESIAN_POINT('',(-1.125,2.905,0.4));
#15713 = VECTOR('',#15714,1.);
#15714 = DIRECTION('',(0.,-0.914686604095,0.404163848321));
#15715 = PLANE('',#15716);
#15716 = AXIS2_PLACEMENT_3D('',#15717,#15718,#15719);
#15717 = CARTESIAN_POINT('',(-1.125,2.905,0.4));
#15718 = DIRECTION('',(0.,-0.404163848321,-0.914686604095));
#15719 = DIRECTION('',(0.,-0.914686604095,0.404163848321));
#15720 = ADVANCED_FACE('',(#15721),#15746,.T.);
#15721 = FACE_BOUND('',#15722,.T.);
#15722 = EDGE_LOOP('',(#15723,#15724,#15732,#15740));
#15723 = ORIENTED_EDGE('',*,*,#15702,.F.);
#15724 = ORIENTED_EDGE('',*,*,#15725,.T.);
#15725 = EDGE_CURVE('',#15703,#15726,#15728,.T.);
#15726 = VERTEX_POINT('',#15727);
#15727 = CARTESIAN_POINT('',(-1.125,2.475,1.17));
#15728 = LINE('',#15729,#15730);
#15729 = CARTESIAN_POINT('',(-1.125,2.475,0.12));
#15730 = VECTOR('',#15731,1.);
#15731 = DIRECTION('',(0.,0.,1.));
#15732 = ORIENTED_EDGE('',*,*,#15733,.T.);
#15733 = EDGE_CURVE('',#15726,#15734,#15736,.T.);
#15734 = VERTEX_POINT('',#15735);
#15735 = CARTESIAN_POINT('',(-0.875,2.475,1.17));
#15736 = LINE('',#15737,#15738);
#15737 = CARTESIAN_POINT('',(-1.125,2.475,1.17));
#15738 = VECTOR('',#15739,1.);
#15739 = DIRECTION('',(1.,0.,-0.));
#15740 = ORIENTED_EDGE('',*,*,#15741,.F.);
#15741 = EDGE_CURVE('',#15695,#15734,#15742,.T.);
#15742 = LINE('',#15743,#15744);
#15743 = CARTESIAN_POINT('',(-0.875,2.475,0.12));
#15744 = VECTOR('',#15745,1.);
#15745 = DIRECTION('',(0.,0.,1.));
#15746 = PLANE('',#15747);
#15747 = AXIS2_PLACEMENT_3D('',#15748,#15749,#15750);
#15748 = CARTESIAN_POINT('',(-1.125,2.475,0.12));
#15749 = DIRECTION('',(-0.,1.,0.));
#15750 = DIRECTION('',(0.,0.,1.));
#15751 = ADVANCED_FACE('',(#15752),#15777,.T.);
#15752 = FACE_BOUND('',#15753,.T.);
#15753 = EDGE_LOOP('',(#15754,#15755,#15763,#15771));
#15754 = ORIENTED_EDGE('',*,*,#15484,.F.);
#15755 = ORIENTED_EDGE('',*,*,#15756,.T.);
#15756 = EDGE_CURVE('',#15485,#15757,#15759,.T.);
#15757 = VERTEX_POINT('',#15758);
#15758 = CARTESIAN_POINT('',(-0.875,2.275,0.49));
#15759 = LINE('',#15760,#15761);
#15760 = CARTESIAN_POINT('',(-0.875,2.275,0.12));
#15761 = VECTOR('',#15762,1.);
#15762 = DIRECTION('',(0.,0.,1.));
#15763 = ORIENTED_EDGE('',*,*,#15764,.T.);
#15764 = EDGE_CURVE('',#15757,#15765,#15767,.T.);
#15765 = VERTEX_POINT('',#15766);
#15766 = CARTESIAN_POINT('',(-0.85,2.275,0.49));
#15767 = LINE('',#15768,#15769);
#15768 = CARTESIAN_POINT('',(-1.15,2.275,0.49));
#15769 = VECTOR('',#15770,1.);
#15770 = DIRECTION('',(1.,0.,-0.));
#15771 = ORIENTED_EDGE('',*,*,#15772,.F.);
#15772 = EDGE_CURVE('',#15477,#15765,#15773,.T.);
#15773 = LINE('',#15774,#15775);
#15774 = CARTESIAN_POINT('',(-0.85,2.275,0.3));
#15775 = VECTOR('',#15776,1.);
#15776 = DIRECTION('',(0.,0.,1.));
#15777 = PLANE('',#15778);
#15778 = AXIS2_PLACEMENT_3D('',#15779,#15780,#15781);
#15779 = CARTESIAN_POINT('',(-1.15,2.275,0.3));
#15780 = DIRECTION('',(-0.,1.,0.));
#15781 = DIRECTION('',(0.,0.,1.));
#15782 = ADVANCED_FACE('',(#15783),#15815,.T.);
#15783 = FACE_BOUND('',#15784,.T.);
#15784 = EDGE_LOOP('',(#15785,#15793,#15801,#15807,#15808,#15814));
#15785 = ORIENTED_EDGE('',*,*,#15786,.F.);
#15786 = EDGE_CURVE('',#15787,#15431,#15789,.T.);
#15787 = VERTEX_POINT('',#15788);
#15788 = CARTESIAN_POINT('',(-1.15,-0.325,0.49));
#15789 = LINE('',#15790,#15791);
#15790 = CARTESIAN_POINT('',(-1.15,-0.925,0.49));
#15791 = VECTOR('',#15792,1.);
#15792 = DIRECTION('',(-0.,1.,0.));
#15793 = ORIENTED_EDGE('',*,*,#15794,.T.);
#15794 = EDGE_CURVE('',#15787,#15795,#15797,.T.);
#15795 = VERTEX_POINT('',#15796);
#15796 = CARTESIAN_POINT('',(-0.85,-0.325,0.49));
#15797 = LINE('',#15798,#15799);
#15798 = CARTESIAN_POINT('',(-1.15,-0.325,0.49));
#15799 = VECTOR('',#15800,1.);
#15800 = DIRECTION('',(1.,0.,-0.));
#15801 = ORIENTED_EDGE('',*,*,#15802,.T.);
#15802 = EDGE_CURVE('',#15795,#15765,#15803,.T.);
#15803 = LINE('',#15804,#15805);
#15804 = CARTESIAN_POINT('',(-0.85,-0.925,0.49));
#15805 = VECTOR('',#15806,1.);
#15806 = DIRECTION('',(-0.,1.,0.));
#15807 = ORIENTED_EDGE('',*,*,#15764,.F.);
#15808 = ORIENTED_EDGE('',*,*,#15809,.F.);
#15809 = EDGE_CURVE('',#15439,#15757,#15810,.T.);
#15810 = LINE('',#15811,#15812);
#15811 = CARTESIAN_POINT('',(-1.15,2.275,0.49));
#15812 = VECTOR('',#15813,1.);
#15813 = DIRECTION('',(1.,0.,-0.));
#15814 = ORIENTED_EDGE('',*,*,#15438,.F.);
#15815 = PLANE('',#15816);
#15816 = AXIS2_PLACEMENT_3D('',#15817,#15818,#15819);
#15817 = CARTESIAN_POINT('',(-1.15,-0.925,0.49));
#15818 = DIRECTION('',(0.,0.,1.));
#15819 = DIRECTION('',(1.,0.,-0.));
#15820 = ADVANCED_FACE('',(#15821),#15837,.F.);
#15821 = FACE_BOUND('',#15822,.F.);
#15822 = EDGE_LOOP('',(#15823,#15829,#15830,#15836));
#15823 = ORIENTED_EDGE('',*,*,#15824,.F.);
#15824 = EDGE_CURVE('',#15757,#15398,#15825,.T.);
#15825 = LINE('',#15826,#15827);
#15826 = CARTESIAN_POINT('',(-0.875,2.275,0.12));
#15827 = VECTOR('',#15828,1.);
#15828 = DIRECTION('',(0.,0.,1.));
#15829 = ORIENTED_EDGE('',*,*,#15809,.F.);
#15830 = ORIENTED_EDGE('',*,*,#15831,.T.);
#15831 = EDGE_CURVE('',#15439,#15336,#15832,.T.);
#15832 = LINE('',#15833,#15834);
#15833 = CARTESIAN_POINT('',(-1.125,2.275,0.12));
#15834 = VECTOR('',#15835,1.);
#15835 = DIRECTION('',(0.,0.,1.));
#15836 = ORIENTED_EDGE('',*,*,#15405,.T.);
#15837 = PLANE('',#15838);
#15838 = AXIS2_PLACEMENT_3D('',#15839,#15840,#15841);
#15839 = CARTESIAN_POINT('',(-1.125,2.275,0.12));
#15840 = DIRECTION('',(-0.,1.,0.));
#15841 = DIRECTION('',(0.,0.,1.));
#15842 = ADVANCED_FACE('',(#15843),#15868,.T.);
#15843 = FACE_BOUND('',#15844,.T.);
#15844 = EDGE_LOOP('',(#15845,#15846,#15854,#15862));
#15845 = ORIENTED_EDGE('',*,*,#15397,.F.);
#15846 = ORIENTED_EDGE('',*,*,#15847,.T.);
#15847 = EDGE_CURVE('',#15398,#15848,#15850,.T.);
#15848 = VERTEX_POINT('',#15849);
#15849 = CARTESIAN_POINT('',(-0.875,2.275,1.17));
#15850 = LINE('',#15851,#15852);
#15851 = CARTESIAN_POINT('',(-0.875,2.275,0.12));
#15852 = VECTOR('',#15853,1.);
#15853 = DIRECTION('',(0.,0.,1.));
#15854 = ORIENTED_EDGE('',*,*,#15855,.T.);
#15855 = EDGE_CURVE('',#15848,#15856,#15858,.T.);
#15856 = VERTEX_POINT('',#15857);
#15857 = CARTESIAN_POINT('',(-0.85,2.275,1.17));
#15858 = LINE('',#15859,#15860);
#15859 = CARTESIAN_POINT('',(-1.15,2.275,1.17));
#15860 = VECTOR('',#15861,1.);
#15861 = DIRECTION('',(1.,0.,-0.));
#15862 = ORIENTED_EDGE('',*,*,#15863,.F.);
#15863 = EDGE_CURVE('',#15390,#15856,#15864,.T.);
#15864 = LINE('',#15865,#15866);
#15865 = CARTESIAN_POINT('',(-0.85,2.275,0.86));
#15866 = VECTOR('',#15867,1.);
#15867 = DIRECTION('',(0.,0.,1.));
#15868 = PLANE('',#15869);
#15869 = AXIS2_PLACEMENT_3D('',#15870,#15871,#15872);
#15870 = CARTESIAN_POINT('',(-1.15,2.275,0.86));
#15871 = DIRECTION('',(-0.,1.,0.));
#15872 = DIRECTION('',(0.,0.,1.));
#15873 = ADVANCED_FACE('',(#15874),#15892,.F.);
#15874 = FACE_BOUND('',#15875,.F.);
#15875 = EDGE_LOOP('',(#15876,#15884,#15885,#15886));
#15876 = ORIENTED_EDGE('',*,*,#15877,.F.);
#15877 = EDGE_CURVE('',#15374,#15878,#15880,.T.);
#15878 = VERTEX_POINT('',#15879);
#15879 = CARTESIAN_POINT('',(-1.15,-0.6,1.17));
#15880 = LINE('',#15881,#15882);
#15881 = CARTESIAN_POINT('',(-1.15,-0.6,0.86));
#15882 = VECTOR('',#15883,1.);
#15883 = DIRECTION('',(0.,0.,1.));
#15884 = ORIENTED_EDGE('',*,*,#15373,.T.);
#15885 = ORIENTED_EDGE('',*,*,#15343,.T.);
#15886 = ORIENTED_EDGE('',*,*,#15887,.F.);
#15887 = EDGE_CURVE('',#15878,#15344,#15888,.T.);
#15888 = LINE('',#15889,#15890);
#15889 = CARTESIAN_POINT('',(-1.15,-0.6,1.17));
#15890 = VECTOR('',#15891,1.);
#15891 = DIRECTION('',(-0.,1.,0.));
#15892 = PLANE('',#15893);
#15893 = AXIS2_PLACEMENT_3D('',#15894,#15895,#15896);
#15894 = CARTESIAN_POINT('',(-1.15,-0.6,0.86));
#15895 = DIRECTION('',(1.,0.,-0.));
#15896 = DIRECTION('',(0.,0.,1.));
#15897 = ADVANCED_FACE('',(#15898),#15916,.T.);
#15898 = FACE_BOUND('',#15899,.T.);
#15899 = EDGE_LOOP('',(#15900,#15908,#15909,#15910));
#15900 = ORIENTED_EDGE('',*,*,#15901,.F.);
#15901 = EDGE_CURVE('',#15382,#15902,#15904,.T.);
#15902 = VERTEX_POINT('',#15903);
#15903 = CARTESIAN_POINT('',(-0.85,-0.6,1.17));
#15904 = LINE('',#15905,#15906);
#15905 = CARTESIAN_POINT('',(-0.85,-0.6,0.86));
#15906 = VECTOR('',#15907,1.);
#15907 = DIRECTION('',(0.,0.,1.));
#15908 = ORIENTED_EDGE('',*,*,#15389,.T.);
#15909 = ORIENTED_EDGE('',*,*,#15863,.T.);
#15910 = ORIENTED_EDGE('',*,*,#15911,.F.);
#15911 = EDGE_CURVE('',#15902,#15856,#15912,.T.);
#15912 = LINE('',#15913,#15914);
#15913 = CARTESIAN_POINT('',(-0.85,-0.6,1.17));
#15914 = VECTOR('',#15915,1.);
#15915 = DIRECTION('',(-0.,1.,0.));
#15916 = PLANE('',#15917);
#15917 = AXIS2_PLACEMENT_3D('',#15918,#15919,#15920);
#15918 = CARTESIAN_POINT('',(-0.85,-0.6,0.86));
#15919 = DIRECTION('',(1.,0.,-0.));
#15920 = DIRECTION('',(0.,0.,1.));
#15921 = ADVANCED_FACE('',(#15922),#15947,.T.);
#15922 = FACE_BOUND('',#15923,.T.);
#15923 = EDGE_LOOP('',(#15924,#15925,#15933,#15941));
#15924 = ORIENTED_EDGE('',*,*,#15794,.F.);
#15925 = ORIENTED_EDGE('',*,*,#15926,.T.);
#15926 = EDGE_CURVE('',#15787,#15927,#15929,.T.);
#15927 = VERTEX_POINT('',#15928);
#15928 = CARTESIAN_POINT('',(-1.15,-0.325,0.8));
#15929 = LINE('',#15930,#15931);
#15930 = CARTESIAN_POINT('',(-1.15,-0.325,0.49));
#15931 = VECTOR('',#15932,1.);
#15932 = DIRECTION('',(0.,0.,1.));
#15933 = ORIENTED_EDGE('',*,*,#15934,.T.);
#15934 = EDGE_CURVE('',#15927,#15935,#15937,.T.);
#15935 = VERTEX_POINT('',#15936);
#15936 = CARTESIAN_POINT('',(-0.85,-0.325,0.8));
#15937 = LINE('',#15938,#15939);
#15938 = CARTESIAN_POINT('',(-1.15,-0.325,0.8));
#15939 = VECTOR('',#15940,1.);
#15940 = DIRECTION('',(1.,0.,-0.));
#15941 = ORIENTED_EDGE('',*,*,#15942,.F.);
#15942 = EDGE_CURVE('',#15795,#15935,#15943,.T.);
#15943 = LINE('',#15944,#15945);
#15944 = CARTESIAN_POINT('',(-0.85,-0.325,0.49));
#15945 = VECTOR('',#15946,1.);
#15946 = DIRECTION('',(0.,0.,1.));
#15947 = PLANE('',#15948);
#15948 = AXIS2_PLACEMENT_3D('',#15949,#15950,#15951);
#15949 = CARTESIAN_POINT('',(-1.15,-0.325,0.49));
#15950 = DIRECTION('',(-0.,1.,0.));
#15951 = DIRECTION('',(0.,0.,1.));
#15952 = ADVANCED_FACE('',(#15953),#15964,.F.);
#15953 = FACE_BOUND('',#15954,.F.);
#15954 = EDGE_LOOP('',(#15955,#15956,#15957,#15963));
#15955 = ORIENTED_EDGE('',*,*,#15381,.F.);
#15956 = ORIENTED_EDGE('',*,*,#15877,.T.);
#15957 = ORIENTED_EDGE('',*,*,#15958,.T.);
#15958 = EDGE_CURVE('',#15878,#15902,#15959,.T.);
#15959 = LINE('',#15960,#15961);
#15960 = CARTESIAN_POINT('',(-1.15,-0.6,1.17));
#15961 = VECTOR('',#15962,1.);
#15962 = DIRECTION('',(1.,0.,-0.));
#15963 = ORIENTED_EDGE('',*,*,#15901,.F.);
#15964 = PLANE('',#15965);
#15965 = AXIS2_PLACEMENT_3D('',#15966,#15967,#15968);
#15966 = CARTESIAN_POINT('',(-1.15,-0.6,0.86));
#15967 = DIRECTION('',(-0.,1.,0.));
#15968 = DIRECTION('',(0.,0.,1.));
#15969 = ADVANCED_FACE('',(#15970),#15995,.T.);
#15970 = FACE_BOUND('',#15971,.T.);
#15971 = EDGE_LOOP('',(#15972,#15980,#15988,#15994));
#15972 = ORIENTED_EDGE('',*,*,#15973,.F.);
#15973 = EDGE_CURVE('',#15974,#15927,#15976,.T.);
#15974 = VERTEX_POINT('',#15975);
#15975 = CARTESIAN_POINT('',(-1.15,-0.925,0.8));
#15976 = LINE('',#15977,#15978);
#15977 = CARTESIAN_POINT('',(-1.15,-0.925,0.8));
#15978 = VECTOR('',#15979,1.);
#15979 = DIRECTION('',(-0.,1.,0.));
#15980 = ORIENTED_EDGE('',*,*,#15981,.T.);
#15981 = EDGE_CURVE('',#15974,#15982,#15984,.T.);
#15982 = VERTEX_POINT('',#15983);
#15983 = CARTESIAN_POINT('',(-0.85,-0.925,0.8));
#15984 = LINE('',#15985,#15986);
#15985 = CARTESIAN_POINT('',(-1.15,-0.925,0.8));
#15986 = VECTOR('',#15987,1.);
#15987 = DIRECTION('',(1.,0.,-0.));
#15988 = ORIENTED_EDGE('',*,*,#15989,.T.);
#15989 = EDGE_CURVE('',#15982,#15935,#15990,.T.);
#15990 = LINE('',#15991,#15992);
#15991 = CARTESIAN_POINT('',(-0.85,-0.925,0.8));
#15992 = VECTOR('',#15993,1.);
#15993 = DIRECTION('',(-0.,1.,0.));
#15994 = ORIENTED_EDGE('',*,*,#15934,.F.);
#15995 = PLANE('',#15996);
#15996 = AXIS2_PLACEMENT_3D('',#15997,#15998,#15999);
#15997 = CARTESIAN_POINT('',(-1.15,-0.925,0.8));
#15998 = DIRECTION('',(0.,0.,1.));
#15999 = DIRECTION('',(1.,0.,-0.));
#16000 = ADVANCED_FACE('',(#16001),#16020,.T.);
#16001 = FACE_BOUND('',#16002,.T.);
#16002 = EDGE_LOOP('',(#16003,#16004,#16005,#16006,#16007,#16008,#16009,
    #16015,#16016,#16017,#16018,#16019));
#16003 = ORIENTED_EDGE('',*,*,#15533,.F.);
#16004 = ORIENTED_EDGE('',*,*,#15547,.F.);
#16005 = ORIENTED_EDGE('',*,*,#15616,.T.);
#16006 = ORIENTED_EDGE('',*,*,#15446,.T.);
#16007 = ORIENTED_EDGE('',*,*,#15831,.T.);
#16008 = ORIENTED_EDGE('',*,*,#15359,.T.);
#16009 = ORIENTED_EDGE('',*,*,#16010,.T.);
#16010 = EDGE_CURVE('',#15352,#15726,#16011,.T.);
#16011 = LINE('',#16012,#16013);
#16012 = CARTESIAN_POINT('',(-1.125,2.275,1.17));
#16013 = VECTOR('',#16014,1.);
#16014 = DIRECTION('',(-0.,1.,0.));
#16015 = ORIENTED_EDGE('',*,*,#15725,.F.);
#16016 = ORIENTED_EDGE('',*,*,#15710,.F.);
#16017 = ORIENTED_EDGE('',*,*,#15679,.F.);
#16018 = ORIENTED_EDGE('',*,*,#15648,.F.);
#16019 = ORIENTED_EDGE('',*,*,#15595,.F.);
#16020 = PLANE('',#16021);
#16021 = AXIS2_PLACEMENT_3D('',#16022,#16023,#16024);
#16022 = CARTESIAN_POINT('',(-1.125,2.928538891724,0.406031440384));
#16023 = DIRECTION('',(-1.,-0.,-0.));
#16024 = DIRECTION('',(0.,0.,-1.));
#16025 = ADVANCED_FACE('',(#16026),#16045,.T.);
#16026 = FACE_BOUND('',#16027,.T.);
#16027 = EDGE_LOOP('',(#16028,#16029,#16030,#16031,#16032,#16033,#16034,
    #16040,#16041,#16042,#16043,#16044));
#16028 = ORIENTED_EDGE('',*,*,#15517,.T.);
#16029 = ORIENTED_EDGE('',*,*,#15579,.T.);
#16030 = ORIENTED_EDGE('',*,*,#15632,.T.);
#16031 = ORIENTED_EDGE('',*,*,#15663,.T.);
#16032 = ORIENTED_EDGE('',*,*,#15694,.T.);
#16033 = ORIENTED_EDGE('',*,*,#15741,.T.);
#16034 = ORIENTED_EDGE('',*,*,#16035,.F.);
#16035 = EDGE_CURVE('',#15848,#15734,#16036,.T.);
#16036 = LINE('',#16037,#16038);
#16037 = CARTESIAN_POINT('',(-0.875,2.275,1.17));
#16038 = VECTOR('',#16039,1.);
#16039 = DIRECTION('',(-0.,1.,0.));
#16040 = ORIENTED_EDGE('',*,*,#15847,.F.);
#16041 = ORIENTED_EDGE('',*,*,#15824,.F.);
#16042 = ORIENTED_EDGE('',*,*,#15756,.F.);
#16043 = ORIENTED_EDGE('',*,*,#15609,.F.);
#16044 = ORIENTED_EDGE('',*,*,#15563,.T.);
#16045 = PLANE('',#16046);
#16046 = AXIS2_PLACEMENT_3D('',#16047,#16048,#16049);
#16047 = CARTESIAN_POINT('',(-0.875,2.928538891724,0.406031440384));
#16048 = DIRECTION('',(1.,0.,0.));
#16049 = DIRECTION('',(-0.,0.,1.));
#16050 = ADVANCED_FACE('',(#16051),#16061,.T.);
#16051 = FACE_BOUND('',#16052,.T.);
#16052 = EDGE_LOOP('',(#16053,#16054,#16055,#16056,#16057,#16058,#16059,
    #16060));
#16053 = ORIENTED_EDGE('',*,*,#16010,.F.);
#16054 = ORIENTED_EDGE('',*,*,#15351,.F.);
#16055 = ORIENTED_EDGE('',*,*,#15887,.F.);
#16056 = ORIENTED_EDGE('',*,*,#15958,.T.);
#16057 = ORIENTED_EDGE('',*,*,#15911,.T.);
#16058 = ORIENTED_EDGE('',*,*,#15855,.F.);
#16059 = ORIENTED_EDGE('',*,*,#16035,.T.);
#16060 = ORIENTED_EDGE('',*,*,#15733,.F.);
#16061 = PLANE('',#16062);
#16062 = AXIS2_PLACEMENT_3D('',#16063,#16064,#16065);
#16063 = CARTESIAN_POINT('',(-1.,0.936018518519,1.17));
#16064 = DIRECTION('',(0.,0.,1.));
#16065 = DIRECTION('',(1.,0.,-0.));
#16066 = ADVANCED_FACE('',(#16067),#16080,.T.);
#16067 = FACE_BOUND('',#16068,.T.);
#16068 = EDGE_LOOP('',(#16069,#16075,#16076,#16077,#16078,#16079));
#16069 = ORIENTED_EDGE('',*,*,#16070,.T.);
#16070 = EDGE_CURVE('',#15461,#15974,#16071,.T.);
#16071 = LINE('',#16072,#16073);
#16072 = CARTESIAN_POINT('',(-1.15,-0.925,0.3));
#16073 = VECTOR('',#16074,1.);
#16074 = DIRECTION('',(0.,0.,1.));
#16075 = ORIENTED_EDGE('',*,*,#15973,.T.);
#16076 = ORIENTED_EDGE('',*,*,#15926,.F.);
#16077 = ORIENTED_EDGE('',*,*,#15786,.T.);
#16078 = ORIENTED_EDGE('',*,*,#15430,.F.);
#16079 = ORIENTED_EDGE('',*,*,#15460,.F.);
#16080 = PLANE('',#16081);
#16081 = AXIS2_PLACEMENT_3D('',#16082,#16083,#16084);
#16082 = CARTESIAN_POINT('',(-1.15,0.566081081081,0.441081081081));
#16083 = DIRECTION('',(-1.,-0.,-0.));
#16084 = DIRECTION('',(0.,0.,-1.));
#16085 = ADVANCED_FACE('',(#16086),#16099,.T.);
#16086 = FACE_BOUND('',#16087,.T.);
#16087 = EDGE_LOOP('',(#16088,#16089,#16090,#16091,#16092,#16093));
#16088 = ORIENTED_EDGE('',*,*,#15476,.T.);
#16089 = ORIENTED_EDGE('',*,*,#15772,.T.);
#16090 = ORIENTED_EDGE('',*,*,#15802,.F.);
#16091 = ORIENTED_EDGE('',*,*,#15942,.T.);
#16092 = ORIENTED_EDGE('',*,*,#15989,.F.);
#16093 = ORIENTED_EDGE('',*,*,#16094,.F.);
#16094 = EDGE_CURVE('',#15469,#15982,#16095,.T.);
#16095 = LINE('',#16096,#16097);
#16096 = CARTESIAN_POINT('',(-0.85,-0.925,0.49));
#16097 = VECTOR('',#16098,1.);
#16098 = DIRECTION('',(0.,0.,1.));
#16099 = PLANE('',#16100);
#16100 = AXIS2_PLACEMENT_3D('',#16101,#16102,#16103);
#16101 = CARTESIAN_POINT('',(-0.85,0.566081081081,0.441081081081));
#16102 = DIRECTION('',(1.,0.,0.));
#16103 = DIRECTION('',(-0.,0.,1.));
#16104 = ADVANCED_FACE('',(#16105),#16111,.T.);
#16105 = FACE_BOUND('',#16106,.T.);
#16106 = EDGE_LOOP('',(#16107,#16108,#16109,#16110));
#16107 = ORIENTED_EDGE('',*,*,#15468,.T.);
#16108 = ORIENTED_EDGE('',*,*,#16094,.T.);
#16109 = ORIENTED_EDGE('',*,*,#15981,.F.);
#16110 = ORIENTED_EDGE('',*,*,#16070,.F.);
#16111 = PLANE('',#16112);
#16112 = AXIS2_PLACEMENT_3D('',#16113,#16114,#16115);
#16113 = CARTESIAN_POINT('',(-1.,-0.925,0.55));
#16114 = DIRECTION('',(-0.,-1.,-0.));
#16115 = DIRECTION('',(0.,0.,-1.));
#16116 = MANIFOLD_SOLID_BREP('',#16117);
#16117 = CLOSED_SHELL('',(#16118,#16158,#16205,#16245,#16292,#16332,
    #16363,#16394,#16416,#16447,#16478,#16509,#16540,#16571,#16609,
    #16631,#16662,#16686,#16710,#16741,#16758,#16789,#16814,#16839,
    #16855,#16874,#16893));
#16118 = ADVANCED_FACE('',(#16119),#16153,.T.);
#16119 = FACE_BOUND('',#16120,.T.);
#16120 = EDGE_LOOP('',(#16121,#16131,#16139,#16147));
#16121 = ORIENTED_EDGE('',*,*,#16122,.F.);
#16122 = EDGE_CURVE('',#16123,#16125,#16127,.T.);
#16123 = VERTEX_POINT('',#16124);
#16124 = CARTESIAN_POINT('',(-0.15,2.275,0.86));
#16125 = VERTEX_POINT('',#16126);
#16126 = CARTESIAN_POINT('',(-0.125,2.275,0.86));
#16127 = LINE('',#16128,#16129);
#16128 = CARTESIAN_POINT('',(-0.15,2.275,0.86));
#16129 = VECTOR('',#16130,1.);
#16130 = DIRECTION('',(1.,0.,-0.));
#16131 = ORIENTED_EDGE('',*,*,#16132,.T.);
#16132 = EDGE_CURVE('',#16123,#16133,#16135,.T.);
#16133 = VERTEX_POINT('',#16134);
#16134 = CARTESIAN_POINT('',(-0.15,2.275,1.17));
#16135 = LINE('',#16136,#16137);
#16136 = CARTESIAN_POINT('',(-0.15,2.275,0.86));
#16137 = VECTOR('',#16138,1.);
#16138 = DIRECTION('',(0.,0.,1.));
#16139 = ORIENTED_EDGE('',*,*,#16140,.T.);
#16140 = EDGE_CURVE('',#16133,#16141,#16143,.T.);
#16141 = VERTEX_POINT('',#16142);
#16142 = CARTESIAN_POINT('',(-0.125,2.275,1.17));
#16143 = LINE('',#16144,#16145);
#16144 = CARTESIAN_POINT('',(-0.15,2.275,1.17));
#16145 = VECTOR('',#16146,1.);
#16146 = DIRECTION('',(1.,0.,-0.));
#16147 = ORIENTED_EDGE('',*,*,#16148,.F.);
#16148 = EDGE_CURVE('',#16125,#16141,#16149,.T.);
#16149 = LINE('',#16150,#16151);
#16150 = CARTESIAN_POINT('',(-0.125,2.275,0.12));
#16151 = VECTOR('',#16152,1.);
#16152 = DIRECTION('',(0.,0.,1.));
#16153 = PLANE('',#16154);
#16154 = AXIS2_PLACEMENT_3D('',#16155,#16156,#16157);
#16155 = CARTESIAN_POINT('',(-0.15,2.275,0.86));
#16156 = DIRECTION('',(-0.,1.,0.));
#16157 = DIRECTION('',(0.,0.,1.));
#16158 = ADVANCED_FACE('',(#16159),#16200,.F.);
#16159 = FACE_BOUND('',#16160,.F.);
#16160 = EDGE_LOOP('',(#16161,#16169,#16177,#16185,#16193,#16199));
#16161 = ORIENTED_EDGE('',*,*,#16162,.F.);
#16162 = EDGE_CURVE('',#16163,#16123,#16165,.T.);
#16163 = VERTEX_POINT('',#16164);
#16164 = CARTESIAN_POINT('',(-0.15,-0.6,0.86));
#16165 = LINE('',#16166,#16167);
#16166 = CARTESIAN_POINT('',(-0.15,-0.6,0.86));
#16167 = VECTOR('',#16168,1.);
#16168 = DIRECTION('',(-0.,1.,0.));
#16169 = ORIENTED_EDGE('',*,*,#16170,.T.);
#16170 = EDGE_CURVE('',#16163,#16171,#16173,.T.);
#16171 = VERTEX_POINT('',#16172);
#16172 = CARTESIAN_POINT('',(0.15,-0.6,0.86));
#16173 = LINE('',#16174,#16175);
#16174 = CARTESIAN_POINT('',(-0.15,-0.6,0.86));
#16175 = VECTOR('',#16176,1.);
#16176 = DIRECTION('',(1.,0.,-0.));
#16177 = ORIENTED_EDGE('',*,*,#16178,.T.);
#16178 = EDGE_CURVE('',#16171,#16179,#16181,.T.);
#16179 = VERTEX_POINT('',#16180);
#16180 = CARTESIAN_POINT('',(0.15,2.275,0.86));
#16181 = LINE('',#16182,#16183);
#16182 = CARTESIAN_POINT('',(0.15,-0.6,0.86));
#16183 = VECTOR('',#16184,1.);
#16184 = DIRECTION('',(-0.,1.,0.));
#16185 = ORIENTED_EDGE('',*,*,#16186,.F.);
#16186 = EDGE_CURVE('',#16187,#16179,#16189,.T.);
#16187 = VERTEX_POINT('',#16188);
#16188 = CARTESIAN_POINT('',(0.125,2.275,0.86));
#16189 = LINE('',#16190,#16191);
#16190 = CARTESIAN_POINT('',(-0.15,2.275,0.86));
#16191 = VECTOR('',#16192,1.);
#16192 = DIRECTION('',(1.,0.,-0.));
#16193 = ORIENTED_EDGE('',*,*,#16194,.F.);
#16194 = EDGE_CURVE('',#16125,#16187,#16195,.T.);
#16195 = LINE('',#16196,#16197);
#16196 = CARTESIAN_POINT('',(-0.15,2.275,0.86));
#16197 = VECTOR('',#16198,1.);
#16198 = DIRECTION('',(1.,0.,-0.));
#16199 = ORIENTED_EDGE('',*,*,#16122,.F.);
#16200 = PLANE('',#16201);
#16201 = AXIS2_PLACEMENT_3D('',#16202,#16203,#16204);
#16202 = CARTESIAN_POINT('',(-0.15,-0.6,0.86));
#16203 = DIRECTION('',(0.,0.,1.));
#16204 = DIRECTION('',(1.,0.,-0.));
#16205 = ADVANCED_FACE('',(#16206),#16240,.T.);
#16206 = FACE_BOUND('',#16207,.T.);
#16207 = EDGE_LOOP('',(#16208,#16218,#16226,#16234));
#16208 = ORIENTED_EDGE('',*,*,#16209,.F.);
#16209 = EDGE_CURVE('',#16210,#16212,#16214,.T.);
#16210 = VERTEX_POINT('',#16211);
#16211 = CARTESIAN_POINT('',(-0.15,2.275,0.3));
#16212 = VERTEX_POINT('',#16213);
#16213 = CARTESIAN_POINT('',(-0.125,2.275,0.3));
#16214 = LINE('',#16215,#16216);
#16215 = CARTESIAN_POINT('',(-0.15,2.275,0.3));
#16216 = VECTOR('',#16217,1.);
#16217 = DIRECTION('',(1.,0.,-0.));
#16218 = ORIENTED_EDGE('',*,*,#16219,.T.);
#16219 = EDGE_CURVE('',#16210,#16220,#16222,.T.);
#16220 = VERTEX_POINT('',#16221);
#16221 = CARTESIAN_POINT('',(-0.15,2.275,0.49));
#16222 = LINE('',#16223,#16224);
#16223 = CARTESIAN_POINT('',(-0.15,2.275,0.3));
#16224 = VECTOR('',#16225,1.);
#16225 = DIRECTION('',(0.,0.,1.));
#16226 = ORIENTED_EDGE('',*,*,#16227,.T.);
#16227 = EDGE_CURVE('',#16220,#16228,#16230,.T.);
#16228 = VERTEX_POINT('',#16229);
#16229 = CARTESIAN_POINT('',(-0.125,2.275,0.49));
#16230 = LINE('',#16231,#16232);
#16231 = CARTESIAN_POINT('',(-0.15,2.275,0.49));
#16232 = VECTOR('',#16233,1.);
#16233 = DIRECTION('',(1.,0.,-0.));
#16234 = ORIENTED_EDGE('',*,*,#16235,.F.);
#16235 = EDGE_CURVE('',#16212,#16228,#16236,.T.);
#16236 = LINE('',#16237,#16238);
#16237 = CARTESIAN_POINT('',(-0.125,2.275,0.12));
#16238 = VECTOR('',#16239,1.);
#16239 = DIRECTION('',(0.,0.,1.));
#16240 = PLANE('',#16241);
#16241 = AXIS2_PLACEMENT_3D('',#16242,#16243,#16244);
#16242 = CARTESIAN_POINT('',(-0.15,2.275,0.3));
#16243 = DIRECTION('',(-0.,1.,0.));
#16244 = DIRECTION('',(0.,0.,1.));
#16245 = ADVANCED_FACE('',(#16246),#16287,.F.);
#16246 = FACE_BOUND('',#16247,.F.);
#16247 = EDGE_LOOP('',(#16248,#16256,#16264,#16272,#16280,#16286));
#16248 = ORIENTED_EDGE('',*,*,#16249,.F.);
#16249 = EDGE_CURVE('',#16250,#16210,#16252,.T.);
#16250 = VERTEX_POINT('',#16251);
#16251 = CARTESIAN_POINT('',(-0.15,-0.925,0.3));
#16252 = LINE('',#16253,#16254);
#16253 = CARTESIAN_POINT('',(-0.15,-0.925,0.3));
#16254 = VECTOR('',#16255,1.);
#16255 = DIRECTION('',(-0.,1.,0.));
#16256 = ORIENTED_EDGE('',*,*,#16257,.T.);
#16257 = EDGE_CURVE('',#16250,#16258,#16260,.T.);
#16258 = VERTEX_POINT('',#16259);
#16259 = CARTESIAN_POINT('',(0.15,-0.925,0.3));
#16260 = LINE('',#16261,#16262);
#16261 = CARTESIAN_POINT('',(-0.15,-0.925,0.3));
#16262 = VECTOR('',#16263,1.);
#16263 = DIRECTION('',(1.,0.,-0.));
#16264 = ORIENTED_EDGE('',*,*,#16265,.T.);
#16265 = EDGE_CURVE('',#16258,#16266,#16268,.T.);
#16266 = VERTEX_POINT('',#16267);
#16267 = CARTESIAN_POINT('',(0.15,2.275,0.3));
#16268 = LINE('',#16269,#16270);
#16269 = CARTESIAN_POINT('',(0.15,-0.925,0.3));
#16270 = VECTOR('',#16271,1.);
#16271 = DIRECTION('',(-0.,1.,0.));
#16272 = ORIENTED_EDGE('',*,*,#16273,.F.);
#16273 = EDGE_CURVE('',#16274,#16266,#16276,.T.);
#16274 = VERTEX_POINT('',#16275);
#16275 = CARTESIAN_POINT('',(0.125,2.275,0.3));
#16276 = LINE('',#16277,#16278);
#16277 = CARTESIAN_POINT('',(-0.15,2.275,0.3));
#16278 = VECTOR('',#16279,1.);
#16279 = DIRECTION('',(1.,0.,-0.));
#16280 = ORIENTED_EDGE('',*,*,#16281,.F.);
#16281 = EDGE_CURVE('',#16212,#16274,#16282,.T.);
#16282 = LINE('',#16283,#16284);
#16283 = CARTESIAN_POINT('',(-0.15,2.275,0.3));
#16284 = VECTOR('',#16285,1.);
#16285 = DIRECTION('',(1.,0.,-0.));
#16286 = ORIENTED_EDGE('',*,*,#16209,.F.);
#16287 = PLANE('',#16288);
#16288 = AXIS2_PLACEMENT_3D('',#16289,#16290,#16291);
#16289 = CARTESIAN_POINT('',(-0.15,-0.925,0.3));
#16290 = DIRECTION('',(0.,0.,1.));
#16291 = DIRECTION('',(1.,0.,-0.));
#16292 = ADVANCED_FACE('',(#16293),#16327,.F.);
#16293 = FACE_BOUND('',#16294,.F.);
#16294 = EDGE_LOOP('',(#16295,#16305,#16313,#16321));
#16295 = ORIENTED_EDGE('',*,*,#16296,.T.);
#16296 = EDGE_CURVE('',#16297,#16299,#16301,.T.);
#16297 = VERTEX_POINT('',#16298);
#16298 = CARTESIAN_POINT('',(-0.125,2.475,0.12));
#16299 = VERTEX_POINT('',#16300);
#16300 = CARTESIAN_POINT('',(0.125,2.475,0.12));
#16301 = LINE('',#16302,#16303);
#16302 = CARTESIAN_POINT('',(-0.125,2.475,0.12));
#16303 = VECTOR('',#16304,1.);
#16304 = DIRECTION('',(1.,0.,0.));
#16305 = ORIENTED_EDGE('',*,*,#16306,.T.);
#16306 = EDGE_CURVE('',#16299,#16307,#16309,.T.);
#16307 = VERTEX_POINT('',#16308);
#16308 = CARTESIAN_POINT('',(0.125,2.825,0.));
#16309 = LINE('',#16310,#16311);
#16310 = CARTESIAN_POINT('',(0.125,2.475,0.12));
#16311 = VECTOR('',#16312,1.);
#16312 = DIRECTION('',(0.,0.945945945946,-0.324324324324));
#16313 = ORIENTED_EDGE('',*,*,#16314,.F.);
#16314 = EDGE_CURVE('',#16315,#16307,#16317,.T.);
#16315 = VERTEX_POINT('',#16316);
#16316 = CARTESIAN_POINT('',(-0.125,2.825,0.));
#16317 = LINE('',#16318,#16319);
#16318 = CARTESIAN_POINT('',(-0.125,2.825,0.));
#16319 = VECTOR('',#16320,1.);
#16320 = DIRECTION('',(1.,0.,0.));
#16321 = ORIENTED_EDGE('',*,*,#16322,.F.);
#16322 = EDGE_CURVE('',#16297,#16315,#16323,.T.);
#16323 = LINE('',#16324,#16325);
#16324 = CARTESIAN_POINT('',(-0.125,2.475,0.12));
#16325 = VECTOR('',#16326,1.);
#16326 = DIRECTION('',(0.,0.945945945946,-0.324324324324));
#16327 = PLANE('',#16328);
#16328 = AXIS2_PLACEMENT_3D('',#16329,#16330,#16331);
#16329 = CARTESIAN_POINT('',(-0.125,2.475,0.12));
#16330 = DIRECTION('',(-0.,0.324324324324,0.945945945946));
#16331 = DIRECTION('',(0.,0.945945945946,-0.324324324324));
#16332 = ADVANCED_FACE('',(#16333),#16358,.F.);
#16333 = FACE_BOUND('',#16334,.F.);
#16334 = EDGE_LOOP('',(#16335,#16343,#16351,#16357));
#16335 = ORIENTED_EDGE('',*,*,#16336,.F.);
#16336 = EDGE_CURVE('',#16337,#16297,#16339,.T.);
#16337 = VERTEX_POINT('',#16338);
#16338 = CARTESIAN_POINT('',(-0.125,2.275,0.12));
#16339 = LINE('',#16340,#16341);
#16340 = CARTESIAN_POINT('',(-0.125,2.275,0.12));
#16341 = VECTOR('',#16342,1.);
#16342 = DIRECTION('',(-0.,1.,0.));
#16343 = ORIENTED_EDGE('',*,*,#16344,.T.);
#16344 = EDGE_CURVE('',#16337,#16345,#16347,.T.);
#16345 = VERTEX_POINT('',#16346);
#16346 = CARTESIAN_POINT('',(0.125,2.275,0.12));
#16347 = LINE('',#16348,#16349);
#16348 = CARTESIAN_POINT('',(-0.125,2.275,0.12));
#16349 = VECTOR('',#16350,1.);
#16350 = DIRECTION('',(1.,0.,-0.));
#16351 = ORIENTED_EDGE('',*,*,#16352,.T.);
#16352 = EDGE_CURVE('',#16345,#16299,#16353,.T.);
#16353 = LINE('',#16354,#16355);
#16354 = CARTESIAN_POINT('',(0.125,2.275,0.12));
#16355 = VECTOR('',#16356,1.);
#16356 = DIRECTION('',(-0.,1.,0.));
#16357 = ORIENTED_EDGE('',*,*,#16296,.F.);
#16358 = PLANE('',#16359);
#16359 = AXIS2_PLACEMENT_3D('',#16360,#16361,#16362);
#16360 = CARTESIAN_POINT('',(-0.125,2.275,0.12));
#16361 = DIRECTION('',(0.,0.,1.));
#16362 = DIRECTION('',(1.,0.,-0.));
#16363 = ADVANCED_FACE('',(#16364),#16389,.F.);
#16364 = FACE_BOUND('',#16365,.F.);
#16365 = EDGE_LOOP('',(#16366,#16367,#16375,#16383));
#16366 = ORIENTED_EDGE('',*,*,#16314,.T.);
#16367 = ORIENTED_EDGE('',*,*,#16368,.T.);
#16368 = EDGE_CURVE('',#16307,#16369,#16371,.T.);
#16369 = VERTEX_POINT('',#16370);
#16370 = CARTESIAN_POINT('',(0.125,3.925,0.));
#16371 = LINE('',#16372,#16373);
#16372 = CARTESIAN_POINT('',(0.125,2.825,0.));
#16373 = VECTOR('',#16374,1.);
#16374 = DIRECTION('',(0.,1.,0.));
#16375 = ORIENTED_EDGE('',*,*,#16376,.F.);
#16376 = EDGE_CURVE('',#16377,#16369,#16379,.T.);
#16377 = VERTEX_POINT('',#16378);
#16378 = CARTESIAN_POINT('',(-0.125,3.925,0.));
#16379 = LINE('',#16380,#16381);
#16380 = CARTESIAN_POINT('',(-0.125,3.925,0.));
#16381 = VECTOR('',#16382,1.);
#16382 = DIRECTION('',(1.,0.,0.));
#16383 = ORIENTED_EDGE('',*,*,#16384,.F.);
#16384 = EDGE_CURVE('',#16315,#16377,#16385,.T.);
#16385 = LINE('',#16386,#16387);
#16386 = CARTESIAN_POINT('',(-0.125,2.825,0.));
#16387 = VECTOR('',#16388,1.);
#16388 = DIRECTION('',(0.,1.,0.));
#16389 = PLANE('',#16390);
#16390 = AXIS2_PLACEMENT_3D('',#16391,#16392,#16393);
#16391 = CARTESIAN_POINT('',(-0.125,2.825,0.));
#16392 = DIRECTION('',(0.,0.,1.));
#16393 = DIRECTION('',(0.,1.,0.));
#16394 = ADVANCED_FACE('',(#16395),#16411,.F.);
#16395 = FACE_BOUND('',#16396,.F.);
#16396 = EDGE_LOOP('',(#16397,#16403,#16404,#16410));
#16397 = ORIENTED_EDGE('',*,*,#16398,.F.);
#16398 = EDGE_CURVE('',#16345,#16274,#16399,.T.);
#16399 = LINE('',#16400,#16401);
#16400 = CARTESIAN_POINT('',(0.125,2.275,0.12));
#16401 = VECTOR('',#16402,1.);
#16402 = DIRECTION('',(0.,0.,1.));
#16403 = ORIENTED_EDGE('',*,*,#16344,.F.);
#16404 = ORIENTED_EDGE('',*,*,#16405,.T.);
#16405 = EDGE_CURVE('',#16337,#16212,#16406,.T.);
#16406 = LINE('',#16407,#16408);
#16407 = CARTESIAN_POINT('',(-0.125,2.275,0.12));
#16408 = VECTOR('',#16409,1.);
#16409 = DIRECTION('',(0.,0.,1.));
#16410 = ORIENTED_EDGE('',*,*,#16281,.T.);
#16411 = PLANE('',#16412);
#16412 = AXIS2_PLACEMENT_3D('',#16413,#16414,#16415);
#16413 = CARTESIAN_POINT('',(-0.125,2.275,0.12));
#16414 = DIRECTION('',(-0.,1.,0.));
#16415 = DIRECTION('',(0.,0.,1.));
#16416 = ADVANCED_FACE('',(#16417),#16442,.F.);
#16417 = FACE_BOUND('',#16418,.F.);
#16418 = EDGE_LOOP('',(#16419,#16420,#16428,#16436));
#16419 = ORIENTED_EDGE('',*,*,#16376,.T.);
#16420 = ORIENTED_EDGE('',*,*,#16421,.T.);
#16421 = EDGE_CURVE('',#16369,#16422,#16424,.T.);
#16422 = VERTEX_POINT('',#16423);
#16423 = CARTESIAN_POINT('',(0.125,3.925,0.4));
#16424 = LINE('',#16425,#16426);
#16425 = CARTESIAN_POINT('',(0.125,3.925,0.));
#16426 = VECTOR('',#16427,1.);
#16427 = DIRECTION('',(0.,0.,1.));
#16428 = ORIENTED_EDGE('',*,*,#16429,.F.);
#16429 = EDGE_CURVE('',#16430,#16422,#16432,.T.);
#16430 = VERTEX_POINT('',#16431);
#16431 = CARTESIAN_POINT('',(-0.125,3.925,0.4));
#16432 = LINE('',#16433,#16434);
#16433 = CARTESIAN_POINT('',(-0.125,3.925,0.4));
#16434 = VECTOR('',#16435,1.);
#16435 = DIRECTION('',(1.,0.,0.));
#16436 = ORIENTED_EDGE('',*,*,#16437,.F.);
#16437 = EDGE_CURVE('',#16377,#16430,#16438,.T.);
#16438 = LINE('',#16439,#16440);
#16439 = CARTESIAN_POINT('',(-0.125,3.925,0.));
#16440 = VECTOR('',#16441,1.);
#16441 = DIRECTION('',(0.,0.,1.));
#16442 = PLANE('',#16443);
#16443 = AXIS2_PLACEMENT_3D('',#16444,#16445,#16446);
#16444 = CARTESIAN_POINT('',(-0.125,3.925,0.));
#16445 = DIRECTION('',(0.,-1.,0.));
#16446 = DIRECTION('',(0.,0.,1.));
#16447 = ADVANCED_FACE('',(#16448),#16473,.F.);
#16448 = FACE_BOUND('',#16449,.F.);
#16449 = EDGE_LOOP('',(#16450,#16451,#16459,#16467));
#16450 = ORIENTED_EDGE('',*,*,#16429,.T.);
#16451 = ORIENTED_EDGE('',*,*,#16452,.T.);
#16452 = EDGE_CURVE('',#16422,#16453,#16455,.T.);
#16453 = VERTEX_POINT('',#16454);
#16454 = CARTESIAN_POINT('',(0.125,2.905,0.4));
#16455 = LINE('',#16456,#16457);
#16456 = CARTESIAN_POINT('',(0.125,3.925,0.4));
#16457 = VECTOR('',#16458,1.);
#16458 = DIRECTION('',(0.,-1.,0.));
#16459 = ORIENTED_EDGE('',*,*,#16460,.F.);
#16460 = EDGE_CURVE('',#16461,#16453,#16463,.T.);
#16461 = VERTEX_POINT('',#16462);
#16462 = CARTESIAN_POINT('',(-0.125,2.905,0.4));
#16463 = LINE('',#16464,#16465);
#16464 = CARTESIAN_POINT('',(-0.125,2.905,0.4));
#16465 = VECTOR('',#16466,1.);
#16466 = DIRECTION('',(1.,0.,0.));
#16467 = ORIENTED_EDGE('',*,*,#16468,.F.);
#16468 = EDGE_CURVE('',#16430,#16461,#16469,.T.);
#16469 = LINE('',#16470,#16471);
#16470 = CARTESIAN_POINT('',(-0.125,3.925,0.4));
#16471 = VECTOR('',#16472,1.);
#16472 = DIRECTION('',(0.,-1.,0.));
#16473 = PLANE('',#16474);
#16474 = AXIS2_PLACEMENT_3D('',#16475,#16476,#16477);
#16475 = CARTESIAN_POINT('',(-0.125,3.925,0.4));
#16476 = DIRECTION('',(0.,0.,-1.));
#16477 = DIRECTION('',(0.,-1.,0.));
#16478 = ADVANCED_FACE('',(#16479),#16504,.F.);
#16479 = FACE_BOUND('',#16480,.F.);
#16480 = EDGE_LOOP('',(#16481,#16482,#16490,#16498));
#16481 = ORIENTED_EDGE('',*,*,#16460,.T.);
#16482 = ORIENTED_EDGE('',*,*,#16483,.T.);
#16483 = EDGE_CURVE('',#16453,#16484,#16486,.T.);
#16484 = VERTEX_POINT('',#16485);
#16485 = CARTESIAN_POINT('',(0.125,2.475,0.59));
#16486 = LINE('',#16487,#16488);
#16487 = CARTESIAN_POINT('',(0.125,2.905,0.4));
#16488 = VECTOR('',#16489,1.);
#16489 = DIRECTION('',(0.,-0.914686604095,0.404163848321));
#16490 = ORIENTED_EDGE('',*,*,#16491,.F.);
#16491 = EDGE_CURVE('',#16492,#16484,#16494,.T.);
#16492 = VERTEX_POINT('',#16493);
#16493 = CARTESIAN_POINT('',(-0.125,2.475,0.59));
#16494 = LINE('',#16495,#16496);
#16495 = CARTESIAN_POINT('',(-0.125,2.475,0.59));
#16496 = VECTOR('',#16497,1.);
#16497 = DIRECTION('',(1.,0.,0.));
#16498 = ORIENTED_EDGE('',*,*,#16499,.F.);
#16499 = EDGE_CURVE('',#16461,#16492,#16500,.T.);
#16500 = LINE('',#16501,#16502);
#16501 = CARTESIAN_POINT('',(-0.125,2.905,0.4));
#16502 = VECTOR('',#16503,1.);
#16503 = DIRECTION('',(0.,-0.914686604095,0.404163848321));
#16504 = PLANE('',#16505);
#16505 = AXIS2_PLACEMENT_3D('',#16506,#16507,#16508);
#16506 = CARTESIAN_POINT('',(-0.125,2.905,0.4));
#16507 = DIRECTION('',(0.,-0.404163848321,-0.914686604095));
#16508 = DIRECTION('',(0.,-0.914686604095,0.404163848321));
#16509 = ADVANCED_FACE('',(#16510),#16535,.T.);
#16510 = FACE_BOUND('',#16511,.T.);
#16511 = EDGE_LOOP('',(#16512,#16513,#16521,#16529));
#16512 = ORIENTED_EDGE('',*,*,#16491,.F.);
#16513 = ORIENTED_EDGE('',*,*,#16514,.T.);
#16514 = EDGE_CURVE('',#16492,#16515,#16517,.T.);
#16515 = VERTEX_POINT('',#16516);
#16516 = CARTESIAN_POINT('',(-0.125,2.475,1.17));
#16517 = LINE('',#16518,#16519);
#16518 = CARTESIAN_POINT('',(-0.125,2.475,0.12));
#16519 = VECTOR('',#16520,1.);
#16520 = DIRECTION('',(0.,0.,1.));
#16521 = ORIENTED_EDGE('',*,*,#16522,.T.);
#16522 = EDGE_CURVE('',#16515,#16523,#16525,.T.);
#16523 = VERTEX_POINT('',#16524);
#16524 = CARTESIAN_POINT('',(0.125,2.475,1.17));
#16525 = LINE('',#16526,#16527);
#16526 = CARTESIAN_POINT('',(-0.125,2.475,1.17));
#16527 = VECTOR('',#16528,1.);
#16528 = DIRECTION('',(1.,0.,-0.));
#16529 = ORIENTED_EDGE('',*,*,#16530,.F.);
#16530 = EDGE_CURVE('',#16484,#16523,#16531,.T.);
#16531 = LINE('',#16532,#16533);
#16532 = CARTESIAN_POINT('',(0.125,2.475,0.12));
#16533 = VECTOR('',#16534,1.);
#16534 = DIRECTION('',(0.,0.,1.));
#16535 = PLANE('',#16536);
#16536 = AXIS2_PLACEMENT_3D('',#16537,#16538,#16539);
#16537 = CARTESIAN_POINT('',(-0.125,2.475,0.12));
#16538 = DIRECTION('',(-0.,1.,0.));
#16539 = DIRECTION('',(0.,0.,1.));
#16540 = ADVANCED_FACE('',(#16541),#16566,.T.);
#16541 = FACE_BOUND('',#16542,.T.);
#16542 = EDGE_LOOP('',(#16543,#16544,#16552,#16560));
#16543 = ORIENTED_EDGE('',*,*,#16273,.F.);
#16544 = ORIENTED_EDGE('',*,*,#16545,.T.);
#16545 = EDGE_CURVE('',#16274,#16546,#16548,.T.);
#16546 = VERTEX_POINT('',#16547);
#16547 = CARTESIAN_POINT('',(0.125,2.275,0.49));
#16548 = LINE('',#16549,#16550);
#16549 = CARTESIAN_POINT('',(0.125,2.275,0.12));
#16550 = VECTOR('',#16551,1.);
#16551 = DIRECTION('',(0.,0.,1.));
#16552 = ORIENTED_EDGE('',*,*,#16553,.T.);
#16553 = EDGE_CURVE('',#16546,#16554,#16556,.T.);
#16554 = VERTEX_POINT('',#16555);
#16555 = CARTESIAN_POINT('',(0.15,2.275,0.49));
#16556 = LINE('',#16557,#16558);
#16557 = CARTESIAN_POINT('',(-0.15,2.275,0.49));
#16558 = VECTOR('',#16559,1.);
#16559 = DIRECTION('',(1.,0.,-0.));
#16560 = ORIENTED_EDGE('',*,*,#16561,.F.);
#16561 = EDGE_CURVE('',#16266,#16554,#16562,.T.);
#16562 = LINE('',#16563,#16564);
#16563 = CARTESIAN_POINT('',(0.15,2.275,0.3));
#16564 = VECTOR('',#16565,1.);
#16565 = DIRECTION('',(0.,0.,1.));
#16566 = PLANE('',#16567);
#16567 = AXIS2_PLACEMENT_3D('',#16568,#16569,#16570);
#16568 = CARTESIAN_POINT('',(-0.15,2.275,0.3));
#16569 = DIRECTION('',(-0.,1.,0.));
#16570 = DIRECTION('',(0.,0.,1.));
#16571 = ADVANCED_FACE('',(#16572),#16604,.T.);
#16572 = FACE_BOUND('',#16573,.T.);
#16573 = EDGE_LOOP('',(#16574,#16582,#16590,#16596,#16597,#16603));
#16574 = ORIENTED_EDGE('',*,*,#16575,.F.);
#16575 = EDGE_CURVE('',#16576,#16220,#16578,.T.);
#16576 = VERTEX_POINT('',#16577);
#16577 = CARTESIAN_POINT('',(-0.15,-0.325,0.49));
#16578 = LINE('',#16579,#16580);
#16579 = CARTESIAN_POINT('',(-0.15,-0.925,0.49));
#16580 = VECTOR('',#16581,1.);
#16581 = DIRECTION('',(-0.,1.,0.));
#16582 = ORIENTED_EDGE('',*,*,#16583,.T.);
#16583 = EDGE_CURVE('',#16576,#16584,#16586,.T.);
#16584 = VERTEX_POINT('',#16585);
#16585 = CARTESIAN_POINT('',(0.15,-0.325,0.49));
#16586 = LINE('',#16587,#16588);
#16587 = CARTESIAN_POINT('',(-0.15,-0.325,0.49));
#16588 = VECTOR('',#16589,1.);
#16589 = DIRECTION('',(1.,0.,-0.));
#16590 = ORIENTED_EDGE('',*,*,#16591,.T.);
#16591 = EDGE_CURVE('',#16584,#16554,#16592,.T.);
#16592 = LINE('',#16593,#16594);
#16593 = CARTESIAN_POINT('',(0.15,-0.925,0.49));
#16594 = VECTOR('',#16595,1.);
#16595 = DIRECTION('',(-0.,1.,0.));
#16596 = ORIENTED_EDGE('',*,*,#16553,.F.);
#16597 = ORIENTED_EDGE('',*,*,#16598,.F.);
#16598 = EDGE_CURVE('',#16228,#16546,#16599,.T.);
#16599 = LINE('',#16600,#16601);
#16600 = CARTESIAN_POINT('',(-0.15,2.275,0.49));
#16601 = VECTOR('',#16602,1.);
#16602 = DIRECTION('',(1.,0.,-0.));
#16603 = ORIENTED_EDGE('',*,*,#16227,.F.);
#16604 = PLANE('',#16605);
#16605 = AXIS2_PLACEMENT_3D('',#16606,#16607,#16608);
#16606 = CARTESIAN_POINT('',(-0.15,-0.925,0.49));
#16607 = DIRECTION('',(0.,0.,1.));
#16608 = DIRECTION('',(1.,0.,-0.));
#16609 = ADVANCED_FACE('',(#16610),#16626,.F.);
#16610 = FACE_BOUND('',#16611,.F.);
#16611 = EDGE_LOOP('',(#16612,#16618,#16619,#16625));
#16612 = ORIENTED_EDGE('',*,*,#16613,.F.);
#16613 = EDGE_CURVE('',#16546,#16187,#16614,.T.);
#16614 = LINE('',#16615,#16616);
#16615 = CARTESIAN_POINT('',(0.125,2.275,0.12));
#16616 = VECTOR('',#16617,1.);
#16617 = DIRECTION('',(0.,0.,1.));
#16618 = ORIENTED_EDGE('',*,*,#16598,.F.);
#16619 = ORIENTED_EDGE('',*,*,#16620,.T.);
#16620 = EDGE_CURVE('',#16228,#16125,#16621,.T.);
#16621 = LINE('',#16622,#16623);
#16622 = CARTESIAN_POINT('',(-0.125,2.275,0.12));
#16623 = VECTOR('',#16624,1.);
#16624 = DIRECTION('',(0.,0.,1.));
#16625 = ORIENTED_EDGE('',*,*,#16194,.T.);
#16626 = PLANE('',#16627);
#16627 = AXIS2_PLACEMENT_3D('',#16628,#16629,#16630);
#16628 = CARTESIAN_POINT('',(-0.125,2.275,0.12));
#16629 = DIRECTION('',(-0.,1.,0.));
#16630 = DIRECTION('',(0.,0.,1.));
#16631 = ADVANCED_FACE('',(#16632),#16657,.T.);
#16632 = FACE_BOUND('',#16633,.T.);
#16633 = EDGE_LOOP('',(#16634,#16635,#16643,#16651));
#16634 = ORIENTED_EDGE('',*,*,#16186,.F.);
#16635 = ORIENTED_EDGE('',*,*,#16636,.T.);
#16636 = EDGE_CURVE('',#16187,#16637,#16639,.T.);
#16637 = VERTEX_POINT('',#16638);
#16638 = CARTESIAN_POINT('',(0.125,2.275,1.17));
#16639 = LINE('',#16640,#16641);
#16640 = CARTESIAN_POINT('',(0.125,2.275,0.12));
#16641 = VECTOR('',#16642,1.);
#16642 = DIRECTION('',(0.,0.,1.));
#16643 = ORIENTED_EDGE('',*,*,#16644,.T.);
#16644 = EDGE_CURVE('',#16637,#16645,#16647,.T.);
#16645 = VERTEX_POINT('',#16646);
#16646 = CARTESIAN_POINT('',(0.15,2.275,1.17));
#16647 = LINE('',#16648,#16649);
#16648 = CARTESIAN_POINT('',(-0.15,2.275,1.17));
#16649 = VECTOR('',#16650,1.);
#16650 = DIRECTION('',(1.,0.,-0.));
#16651 = ORIENTED_EDGE('',*,*,#16652,.F.);
#16652 = EDGE_CURVE('',#16179,#16645,#16653,.T.);
#16653 = LINE('',#16654,#16655);
#16654 = CARTESIAN_POINT('',(0.15,2.275,0.86));
#16655 = VECTOR('',#16656,1.);
#16656 = DIRECTION('',(0.,0.,1.));
#16657 = PLANE('',#16658);
#16658 = AXIS2_PLACEMENT_3D('',#16659,#16660,#16661);
#16659 = CARTESIAN_POINT('',(-0.15,2.275,0.86));
#16660 = DIRECTION('',(-0.,1.,0.));
#16661 = DIRECTION('',(0.,0.,1.));
#16662 = ADVANCED_FACE('',(#16663),#16681,.F.);
#16663 = FACE_BOUND('',#16664,.F.);
#16664 = EDGE_LOOP('',(#16665,#16673,#16674,#16675));
#16665 = ORIENTED_EDGE('',*,*,#16666,.F.);
#16666 = EDGE_CURVE('',#16163,#16667,#16669,.T.);
#16667 = VERTEX_POINT('',#16668);
#16668 = CARTESIAN_POINT('',(-0.15,-0.6,1.17));
#16669 = LINE('',#16670,#16671);
#16670 = CARTESIAN_POINT('',(-0.15,-0.6,0.86));
#16671 = VECTOR('',#16672,1.);
#16672 = DIRECTION('',(0.,0.,1.));
#16673 = ORIENTED_EDGE('',*,*,#16162,.T.);
#16674 = ORIENTED_EDGE('',*,*,#16132,.T.);
#16675 = ORIENTED_EDGE('',*,*,#16676,.F.);
#16676 = EDGE_CURVE('',#16667,#16133,#16677,.T.);
#16677 = LINE('',#16678,#16679);
#16678 = CARTESIAN_POINT('',(-0.15,-0.6,1.17));
#16679 = VECTOR('',#16680,1.);
#16680 = DIRECTION('',(-0.,1.,0.));
#16681 = PLANE('',#16682);
#16682 = AXIS2_PLACEMENT_3D('',#16683,#16684,#16685);
#16683 = CARTESIAN_POINT('',(-0.15,-0.6,0.86));
#16684 = DIRECTION('',(1.,0.,-0.));
#16685 = DIRECTION('',(0.,0.,1.));
#16686 = ADVANCED_FACE('',(#16687),#16705,.T.);
#16687 = FACE_BOUND('',#16688,.T.);
#16688 = EDGE_LOOP('',(#16689,#16697,#16698,#16699));
#16689 = ORIENTED_EDGE('',*,*,#16690,.F.);
#16690 = EDGE_CURVE('',#16171,#16691,#16693,.T.);
#16691 = VERTEX_POINT('',#16692);
#16692 = CARTESIAN_POINT('',(0.15,-0.6,1.17));
#16693 = LINE('',#16694,#16695);
#16694 = CARTESIAN_POINT('',(0.15,-0.6,0.86));
#16695 = VECTOR('',#16696,1.);
#16696 = DIRECTION('',(0.,0.,1.));
#16697 = ORIENTED_EDGE('',*,*,#16178,.T.);
#16698 = ORIENTED_EDGE('',*,*,#16652,.T.);
#16699 = ORIENTED_EDGE('',*,*,#16700,.F.);
#16700 = EDGE_CURVE('',#16691,#16645,#16701,.T.);
#16701 = LINE('',#16702,#16703);
#16702 = CARTESIAN_POINT('',(0.15,-0.6,1.17));
#16703 = VECTOR('',#16704,1.);
#16704 = DIRECTION('',(-0.,1.,0.));
#16705 = PLANE('',#16706);
#16706 = AXIS2_PLACEMENT_3D('',#16707,#16708,#16709);
#16707 = CARTESIAN_POINT('',(0.15,-0.6,0.86));
#16708 = DIRECTION('',(1.,0.,-0.));
#16709 = DIRECTION('',(0.,0.,1.));
#16710 = ADVANCED_FACE('',(#16711),#16736,.T.);
#16711 = FACE_BOUND('',#16712,.T.);
#16712 = EDGE_LOOP('',(#16713,#16714,#16722,#16730));
#16713 = ORIENTED_EDGE('',*,*,#16583,.F.);
#16714 = ORIENTED_EDGE('',*,*,#16715,.T.);
#16715 = EDGE_CURVE('',#16576,#16716,#16718,.T.);
#16716 = VERTEX_POINT('',#16717);
#16717 = CARTESIAN_POINT('',(-0.15,-0.325,0.8));
#16718 = LINE('',#16719,#16720);
#16719 = CARTESIAN_POINT('',(-0.15,-0.325,0.49));
#16720 = VECTOR('',#16721,1.);
#16721 = DIRECTION('',(0.,0.,1.));
#16722 = ORIENTED_EDGE('',*,*,#16723,.T.);
#16723 = EDGE_CURVE('',#16716,#16724,#16726,.T.);
#16724 = VERTEX_POINT('',#16725);
#16725 = CARTESIAN_POINT('',(0.15,-0.325,0.8));
#16726 = LINE('',#16727,#16728);
#16727 = CARTESIAN_POINT('',(-0.15,-0.325,0.8));
#16728 = VECTOR('',#16729,1.);
#16729 = DIRECTION('',(1.,0.,-0.));
#16730 = ORIENTED_EDGE('',*,*,#16731,.F.);
#16731 = EDGE_CURVE('',#16584,#16724,#16732,.T.);
#16732 = LINE('',#16733,#16734);
#16733 = CARTESIAN_POINT('',(0.15,-0.325,0.49));
#16734 = VECTOR('',#16735,1.);
#16735 = DIRECTION('',(0.,0.,1.));
#16736 = PLANE('',#16737);
#16737 = AXIS2_PLACEMENT_3D('',#16738,#16739,#16740);
#16738 = CARTESIAN_POINT('',(-0.15,-0.325,0.49));
#16739 = DIRECTION('',(-0.,1.,0.));
#16740 = DIRECTION('',(0.,0.,1.));
#16741 = ADVANCED_FACE('',(#16742),#16753,.F.);
#16742 = FACE_BOUND('',#16743,.F.);
#16743 = EDGE_LOOP('',(#16744,#16745,#16746,#16752));
#16744 = ORIENTED_EDGE('',*,*,#16170,.F.);
#16745 = ORIENTED_EDGE('',*,*,#16666,.T.);
#16746 = ORIENTED_EDGE('',*,*,#16747,.T.);
#16747 = EDGE_CURVE('',#16667,#16691,#16748,.T.);
#16748 = LINE('',#16749,#16750);
#16749 = CARTESIAN_POINT('',(-0.15,-0.6,1.17));
#16750 = VECTOR('',#16751,1.);
#16751 = DIRECTION('',(1.,0.,-0.));
#16752 = ORIENTED_EDGE('',*,*,#16690,.F.);
#16753 = PLANE('',#16754);
#16754 = AXIS2_PLACEMENT_3D('',#16755,#16756,#16757);
#16755 = CARTESIAN_POINT('',(-0.15,-0.6,0.86));
#16756 = DIRECTION('',(-0.,1.,0.));
#16757 = DIRECTION('',(0.,0.,1.));
#16758 = ADVANCED_FACE('',(#16759),#16784,.T.);
#16759 = FACE_BOUND('',#16760,.T.);
#16760 = EDGE_LOOP('',(#16761,#16769,#16777,#16783));
#16761 = ORIENTED_EDGE('',*,*,#16762,.F.);
#16762 = EDGE_CURVE('',#16763,#16716,#16765,.T.);
#16763 = VERTEX_POINT('',#16764);
#16764 = CARTESIAN_POINT('',(-0.15,-0.925,0.8));
#16765 = LINE('',#16766,#16767);
#16766 = CARTESIAN_POINT('',(-0.15,-0.925,0.8));
#16767 = VECTOR('',#16768,1.);
#16768 = DIRECTION('',(-0.,1.,0.));
#16769 = ORIENTED_EDGE('',*,*,#16770,.T.);
#16770 = EDGE_CURVE('',#16763,#16771,#16773,.T.);
#16771 = VERTEX_POINT('',#16772);
#16772 = CARTESIAN_POINT('',(0.15,-0.925,0.8));
#16773 = LINE('',#16774,#16775);
#16774 = CARTESIAN_POINT('',(-0.15,-0.925,0.8));
#16775 = VECTOR('',#16776,1.);
#16776 = DIRECTION('',(1.,0.,-0.));
#16777 = ORIENTED_EDGE('',*,*,#16778,.T.);
#16778 = EDGE_CURVE('',#16771,#16724,#16779,.T.);
#16779 = LINE('',#16780,#16781);
#16780 = CARTESIAN_POINT('',(0.15,-0.925,0.8));
#16781 = VECTOR('',#16782,1.);
#16782 = DIRECTION('',(-0.,1.,0.));
#16783 = ORIENTED_EDGE('',*,*,#16723,.F.);
#16784 = PLANE('',#16785);
#16785 = AXIS2_PLACEMENT_3D('',#16786,#16787,#16788);
#16786 = CARTESIAN_POINT('',(-0.15,-0.925,0.8));
#16787 = DIRECTION('',(0.,0.,1.));
#16788 = DIRECTION('',(1.,0.,-0.));
#16789 = ADVANCED_FACE('',(#16790),#16809,.T.);
#16790 = FACE_BOUND('',#16791,.T.);
#16791 = EDGE_LOOP('',(#16792,#16793,#16794,#16795,#16796,#16797,#16798,
    #16804,#16805,#16806,#16807,#16808));
#16792 = ORIENTED_EDGE('',*,*,#16322,.F.);
#16793 = ORIENTED_EDGE('',*,*,#16336,.F.);
#16794 = ORIENTED_EDGE('',*,*,#16405,.T.);
#16795 = ORIENTED_EDGE('',*,*,#16235,.T.);
#16796 = ORIENTED_EDGE('',*,*,#16620,.T.);
#16797 = ORIENTED_EDGE('',*,*,#16148,.T.);
#16798 = ORIENTED_EDGE('',*,*,#16799,.T.);
#16799 = EDGE_CURVE('',#16141,#16515,#16800,.T.);
#16800 = LINE('',#16801,#16802);
#16801 = CARTESIAN_POINT('',(-0.125,2.275,1.17));
#16802 = VECTOR('',#16803,1.);
#16803 = DIRECTION('',(-0.,1.,0.));
#16804 = ORIENTED_EDGE('',*,*,#16514,.F.);
#16805 = ORIENTED_EDGE('',*,*,#16499,.F.);
#16806 = ORIENTED_EDGE('',*,*,#16468,.F.);
#16807 = ORIENTED_EDGE('',*,*,#16437,.F.);
#16808 = ORIENTED_EDGE('',*,*,#16384,.F.);
#16809 = PLANE('',#16810);
#16810 = AXIS2_PLACEMENT_3D('',#16811,#16812,#16813);
#16811 = CARTESIAN_POINT('',(-0.125,2.928538891724,0.406031440384));
#16812 = DIRECTION('',(-1.,-0.,-0.));
#16813 = DIRECTION('',(0.,0.,-1.));
#16814 = ADVANCED_FACE('',(#16815),#16834,.T.);
#16815 = FACE_BOUND('',#16816,.T.);
#16816 = EDGE_LOOP('',(#16817,#16818,#16819,#16820,#16821,#16822,#16823,
    #16829,#16830,#16831,#16832,#16833));
#16817 = ORIENTED_EDGE('',*,*,#16306,.T.);
#16818 = ORIENTED_EDGE('',*,*,#16368,.T.);
#16819 = ORIENTED_EDGE('',*,*,#16421,.T.);
#16820 = ORIENTED_EDGE('',*,*,#16452,.T.);
#16821 = ORIENTED_EDGE('',*,*,#16483,.T.);
#16822 = ORIENTED_EDGE('',*,*,#16530,.T.);
#16823 = ORIENTED_EDGE('',*,*,#16824,.F.);
#16824 = EDGE_CURVE('',#16637,#16523,#16825,.T.);
#16825 = LINE('',#16826,#16827);
#16826 = CARTESIAN_POINT('',(0.125,2.275,1.17));
#16827 = VECTOR('',#16828,1.);
#16828 = DIRECTION('',(-0.,1.,0.));
#16829 = ORIENTED_EDGE('',*,*,#16636,.F.);
#16830 = ORIENTED_EDGE('',*,*,#16613,.F.);
#16831 = ORIENTED_EDGE('',*,*,#16545,.F.);
#16832 = ORIENTED_EDGE('',*,*,#16398,.F.);
#16833 = ORIENTED_EDGE('',*,*,#16352,.T.);
#16834 = PLANE('',#16835);
#16835 = AXIS2_PLACEMENT_3D('',#16836,#16837,#16838);
#16836 = CARTESIAN_POINT('',(0.125,2.928538891724,0.406031440384));
#16837 = DIRECTION('',(1.,0.,0.));
#16838 = DIRECTION('',(-0.,0.,1.));
#16839 = ADVANCED_FACE('',(#16840),#16850,.T.);
#16840 = FACE_BOUND('',#16841,.T.);
#16841 = EDGE_LOOP('',(#16842,#16843,#16844,#16845,#16846,#16847,#16848,
    #16849));
#16842 = ORIENTED_EDGE('',*,*,#16799,.F.);
#16843 = ORIENTED_EDGE('',*,*,#16140,.F.);
#16844 = ORIENTED_EDGE('',*,*,#16676,.F.);
#16845 = ORIENTED_EDGE('',*,*,#16747,.T.);
#16846 = ORIENTED_EDGE('',*,*,#16700,.T.);
#16847 = ORIENTED_EDGE('',*,*,#16644,.F.);
#16848 = ORIENTED_EDGE('',*,*,#16824,.T.);
#16849 = ORIENTED_EDGE('',*,*,#16522,.F.);
#16850 = PLANE('',#16851);
#16851 = AXIS2_PLACEMENT_3D('',#16852,#16853,#16854);
#16852 = CARTESIAN_POINT('',(-6.167905692362E-18,0.936018518519,1.17));
#16853 = DIRECTION('',(0.,0.,1.));
#16854 = DIRECTION('',(1.,0.,-0.));
#16855 = ADVANCED_FACE('',(#16856),#16869,.T.);
#16856 = FACE_BOUND('',#16857,.T.);
#16857 = EDGE_LOOP('',(#16858,#16864,#16865,#16866,#16867,#16868));
#16858 = ORIENTED_EDGE('',*,*,#16859,.T.);
#16859 = EDGE_CURVE('',#16250,#16763,#16860,.T.);
#16860 = LINE('',#16861,#16862);
#16861 = CARTESIAN_POINT('',(-0.15,-0.925,0.3));
#16862 = VECTOR('',#16863,1.);
#16863 = DIRECTION('',(0.,0.,1.));
#16864 = ORIENTED_EDGE('',*,*,#16762,.T.);
#16865 = ORIENTED_EDGE('',*,*,#16715,.F.);
#16866 = ORIENTED_EDGE('',*,*,#16575,.T.);
#16867 = ORIENTED_EDGE('',*,*,#16219,.F.);
#16868 = ORIENTED_EDGE('',*,*,#16249,.F.);
#16869 = PLANE('',#16870);
#16870 = AXIS2_PLACEMENT_3D('',#16871,#16872,#16873);
#16871 = CARTESIAN_POINT('',(-0.15,0.566081081081,0.441081081081));
#16872 = DIRECTION('',(-1.,-0.,-0.));
#16873 = DIRECTION('',(0.,0.,-1.));
#16874 = ADVANCED_FACE('',(#16875),#16888,.T.);
#16875 = FACE_BOUND('',#16876,.T.);
#16876 = EDGE_LOOP('',(#16877,#16878,#16879,#16880,#16881,#16882));
#16877 = ORIENTED_EDGE('',*,*,#16265,.T.);
#16878 = ORIENTED_EDGE('',*,*,#16561,.T.);
#16879 = ORIENTED_EDGE('',*,*,#16591,.F.);
#16880 = ORIENTED_EDGE('',*,*,#16731,.T.);
#16881 = ORIENTED_EDGE('',*,*,#16778,.F.);
#16882 = ORIENTED_EDGE('',*,*,#16883,.F.);
#16883 = EDGE_CURVE('',#16258,#16771,#16884,.T.);
#16884 = LINE('',#16885,#16886);
#16885 = CARTESIAN_POINT('',(0.15,-0.925,0.49));
#16886 = VECTOR('',#16887,1.);
#16887 = DIRECTION('',(0.,0.,1.));
#16888 = PLANE('',#16889);
#16889 = AXIS2_PLACEMENT_3D('',#16890,#16891,#16892);
#16890 = CARTESIAN_POINT('',(0.15,0.566081081081,0.441081081081));
#16891 = DIRECTION('',(1.,0.,0.));
#16892 = DIRECTION('',(-0.,0.,1.));
#16893 = ADVANCED_FACE('',(#16894),#16900,.T.);
#16894 = FACE_BOUND('',#16895,.T.);
#16895 = EDGE_LOOP('',(#16896,#16897,#16898,#16899));
#16896 = ORIENTED_EDGE('',*,*,#16257,.T.);
#16897 = ORIENTED_EDGE('',*,*,#16883,.T.);
#16898 = ORIENTED_EDGE('',*,*,#16770,.F.);
#16899 = ORIENTED_EDGE('',*,*,#16859,.F.);
#16900 = PLANE('',#16901);
#16901 = AXIS2_PLACEMENT_3D('',#16902,#16903,#16904);
#16902 = CARTESIAN_POINT('',(2.168404344971E-18,-0.925,0.55));
#16903 = DIRECTION('',(-0.,-1.,-0.));
#16904 = DIRECTION('',(0.,0.,-1.));
#16905 = MANIFOLD_SOLID_BREP('',#16906);
#16906 = CLOSED_SHELL('',(#16907,#16947,#16994,#17034,#17081,#17121,
    #17152,#17183,#17205,#17236,#17267,#17298,#17329,#17360,#17398,
    #17420,#17451,#17475,#17499,#17530,#17547,#17578,#17603,#17628,
    #17644,#17663,#17682));
#16907 = ADVANCED_FACE('',(#16908),#16942,.T.);
#16908 = FACE_BOUND('',#16909,.T.);
#16909 = EDGE_LOOP('',(#16910,#16920,#16928,#16936));
#16910 = ORIENTED_EDGE('',*,*,#16911,.F.);
#16911 = EDGE_CURVE('',#16912,#16914,#16916,.T.);
#16912 = VERTEX_POINT('',#16913);
#16913 = CARTESIAN_POINT('',(0.85,2.275,0.86));
#16914 = VERTEX_POINT('',#16915);
#16915 = CARTESIAN_POINT('',(0.875,2.275,0.86));
#16916 = LINE('',#16917,#16918);
#16917 = CARTESIAN_POINT('',(0.85,2.275,0.86));
#16918 = VECTOR('',#16919,1.);
#16919 = DIRECTION('',(1.,0.,-0.));
#16920 = ORIENTED_EDGE('',*,*,#16921,.T.);
#16921 = EDGE_CURVE('',#16912,#16922,#16924,.T.);
#16922 = VERTEX_POINT('',#16923);
#16923 = CARTESIAN_POINT('',(0.85,2.275,1.17));
#16924 = LINE('',#16925,#16926);
#16925 = CARTESIAN_POINT('',(0.85,2.275,0.86));
#16926 = VECTOR('',#16927,1.);
#16927 = DIRECTION('',(0.,0.,1.));
#16928 = ORIENTED_EDGE('',*,*,#16929,.T.);
#16929 = EDGE_CURVE('',#16922,#16930,#16932,.T.);
#16930 = VERTEX_POINT('',#16931);
#16931 = CARTESIAN_POINT('',(0.875,2.275,1.17));
#16932 = LINE('',#16933,#16934);
#16933 = CARTESIAN_POINT('',(0.85,2.275,1.17));
#16934 = VECTOR('',#16935,1.);
#16935 = DIRECTION('',(1.,0.,-0.));
#16936 = ORIENTED_EDGE('',*,*,#16937,.F.);
#16937 = EDGE_CURVE('',#16914,#16930,#16938,.T.);
#16938 = LINE('',#16939,#16940);
#16939 = CARTESIAN_POINT('',(0.875,2.275,0.12));
#16940 = VECTOR('',#16941,1.);
#16941 = DIRECTION('',(0.,0.,1.));
#16942 = PLANE('',#16943);
#16943 = AXIS2_PLACEMENT_3D('',#16944,#16945,#16946);
#16944 = CARTESIAN_POINT('',(0.85,2.275,0.86));
#16945 = DIRECTION('',(-0.,1.,0.));
#16946 = DIRECTION('',(0.,0.,1.));
#16947 = ADVANCED_FACE('',(#16948),#16989,.F.);
#16948 = FACE_BOUND('',#16949,.F.);
#16949 = EDGE_LOOP('',(#16950,#16958,#16966,#16974,#16982,#16988));
#16950 = ORIENTED_EDGE('',*,*,#16951,.F.);
#16951 = EDGE_CURVE('',#16952,#16912,#16954,.T.);
#16952 = VERTEX_POINT('',#16953);
#16953 = CARTESIAN_POINT('',(0.85,-0.6,0.86));
#16954 = LINE('',#16955,#16956);
#16955 = CARTESIAN_POINT('',(0.85,-0.6,0.86));
#16956 = VECTOR('',#16957,1.);
#16957 = DIRECTION('',(-0.,1.,0.));
#16958 = ORIENTED_EDGE('',*,*,#16959,.T.);
#16959 = EDGE_CURVE('',#16952,#16960,#16962,.T.);
#16960 = VERTEX_POINT('',#16961);
#16961 = CARTESIAN_POINT('',(1.15,-0.6,0.86));
#16962 = LINE('',#16963,#16964);
#16963 = CARTESIAN_POINT('',(0.85,-0.6,0.86));
#16964 = VECTOR('',#16965,1.);
#16965 = DIRECTION('',(1.,0.,-0.));
#16966 = ORIENTED_EDGE('',*,*,#16967,.T.);
#16967 = EDGE_CURVE('',#16960,#16968,#16970,.T.);
#16968 = VERTEX_POINT('',#16969);
#16969 = CARTESIAN_POINT('',(1.15,2.275,0.86));
#16970 = LINE('',#16971,#16972);
#16971 = CARTESIAN_POINT('',(1.15,-0.6,0.86));
#16972 = VECTOR('',#16973,1.);
#16973 = DIRECTION('',(-0.,1.,0.));
#16974 = ORIENTED_EDGE('',*,*,#16975,.F.);
#16975 = EDGE_CURVE('',#16976,#16968,#16978,.T.);
#16976 = VERTEX_POINT('',#16977);
#16977 = CARTESIAN_POINT('',(1.125,2.275,0.86));
#16978 = LINE('',#16979,#16980);
#16979 = CARTESIAN_POINT('',(0.85,2.275,0.86));
#16980 = VECTOR('',#16981,1.);
#16981 = DIRECTION('',(1.,0.,-0.));
#16982 = ORIENTED_EDGE('',*,*,#16983,.F.);
#16983 = EDGE_CURVE('',#16914,#16976,#16984,.T.);
#16984 = LINE('',#16985,#16986);
#16985 = CARTESIAN_POINT('',(0.85,2.275,0.86));
#16986 = VECTOR('',#16987,1.);
#16987 = DIRECTION('',(1.,0.,-0.));
#16988 = ORIENTED_EDGE('',*,*,#16911,.F.);
#16989 = PLANE('',#16990);
#16990 = AXIS2_PLACEMENT_3D('',#16991,#16992,#16993);
#16991 = CARTESIAN_POINT('',(0.85,-0.6,0.86));
#16992 = DIRECTION('',(0.,0.,1.));
#16993 = DIRECTION('',(1.,0.,-0.));
#16994 = ADVANCED_FACE('',(#16995),#17029,.T.);
#16995 = FACE_BOUND('',#16996,.T.);
#16996 = EDGE_LOOP('',(#16997,#17007,#17015,#17023));
#16997 = ORIENTED_EDGE('',*,*,#16998,.F.);
#16998 = EDGE_CURVE('',#16999,#17001,#17003,.T.);
#16999 = VERTEX_POINT('',#17000);
#17000 = CARTESIAN_POINT('',(0.85,2.275,0.3));
#17001 = VERTEX_POINT('',#17002);
#17002 = CARTESIAN_POINT('',(0.875,2.275,0.3));
#17003 = LINE('',#17004,#17005);
#17004 = CARTESIAN_POINT('',(0.85,2.275,0.3));
#17005 = VECTOR('',#17006,1.);
#17006 = DIRECTION('',(1.,0.,-0.));
#17007 = ORIENTED_EDGE('',*,*,#17008,.T.);
#17008 = EDGE_CURVE('',#16999,#17009,#17011,.T.);
#17009 = VERTEX_POINT('',#17010);
#17010 = CARTESIAN_POINT('',(0.85,2.275,0.49));
#17011 = LINE('',#17012,#17013);
#17012 = CARTESIAN_POINT('',(0.85,2.275,0.3));
#17013 = VECTOR('',#17014,1.);
#17014 = DIRECTION('',(0.,0.,1.));
#17015 = ORIENTED_EDGE('',*,*,#17016,.T.);
#17016 = EDGE_CURVE('',#17009,#17017,#17019,.T.);
#17017 = VERTEX_POINT('',#17018);
#17018 = CARTESIAN_POINT('',(0.875,2.275,0.49));
#17019 = LINE('',#17020,#17021);
#17020 = CARTESIAN_POINT('',(0.85,2.275,0.49));
#17021 = VECTOR('',#17022,1.);
#17022 = DIRECTION('',(1.,0.,-0.));
#17023 = ORIENTED_EDGE('',*,*,#17024,.F.);
#17024 = EDGE_CURVE('',#17001,#17017,#17025,.T.);
#17025 = LINE('',#17026,#17027);
#17026 = CARTESIAN_POINT('',(0.875,2.275,0.12));
#17027 = VECTOR('',#17028,1.);
#17028 = DIRECTION('',(0.,0.,1.));
#17029 = PLANE('',#17030);
#17030 = AXIS2_PLACEMENT_3D('',#17031,#17032,#17033);
#17031 = CARTESIAN_POINT('',(0.85,2.275,0.3));
#17032 = DIRECTION('',(-0.,1.,0.));
#17033 = DIRECTION('',(0.,0.,1.));
#17034 = ADVANCED_FACE('',(#17035),#17076,.F.);
#17035 = FACE_BOUND('',#17036,.F.);
#17036 = EDGE_LOOP('',(#17037,#17045,#17053,#17061,#17069,#17075));
#17037 = ORIENTED_EDGE('',*,*,#17038,.F.);
#17038 = EDGE_CURVE('',#17039,#16999,#17041,.T.);
#17039 = VERTEX_POINT('',#17040);
#17040 = CARTESIAN_POINT('',(0.85,-0.925,0.3));
#17041 = LINE('',#17042,#17043);
#17042 = CARTESIAN_POINT('',(0.85,-0.925,0.3));
#17043 = VECTOR('',#17044,1.);
#17044 = DIRECTION('',(-0.,1.,0.));
#17045 = ORIENTED_EDGE('',*,*,#17046,.T.);
#17046 = EDGE_CURVE('',#17039,#17047,#17049,.T.);
#17047 = VERTEX_POINT('',#17048);
#17048 = CARTESIAN_POINT('',(1.15,-0.925,0.3));
#17049 = LINE('',#17050,#17051);
#17050 = CARTESIAN_POINT('',(0.85,-0.925,0.3));
#17051 = VECTOR('',#17052,1.);
#17052 = DIRECTION('',(1.,0.,-0.));
#17053 = ORIENTED_EDGE('',*,*,#17054,.T.);
#17054 = EDGE_CURVE('',#17047,#17055,#17057,.T.);
#17055 = VERTEX_POINT('',#17056);
#17056 = CARTESIAN_POINT('',(1.15,2.275,0.3));
#17057 = LINE('',#17058,#17059);
#17058 = CARTESIAN_POINT('',(1.15,-0.925,0.3));
#17059 = VECTOR('',#17060,1.);
#17060 = DIRECTION('',(-0.,1.,0.));
#17061 = ORIENTED_EDGE('',*,*,#17062,.F.);
#17062 = EDGE_CURVE('',#17063,#17055,#17065,.T.);
#17063 = VERTEX_POINT('',#17064);
#17064 = CARTESIAN_POINT('',(1.125,2.275,0.3));
#17065 = LINE('',#17066,#17067);
#17066 = CARTESIAN_POINT('',(0.85,2.275,0.3));
#17067 = VECTOR('',#17068,1.);
#17068 = DIRECTION('',(1.,0.,-0.));
#17069 = ORIENTED_EDGE('',*,*,#17070,.F.);
#17070 = EDGE_CURVE('',#17001,#17063,#17071,.T.);
#17071 = LINE('',#17072,#17073);
#17072 = CARTESIAN_POINT('',(0.85,2.275,0.3));
#17073 = VECTOR('',#17074,1.);
#17074 = DIRECTION('',(1.,0.,-0.));
#17075 = ORIENTED_EDGE('',*,*,#16998,.F.);
#17076 = PLANE('',#17077);
#17077 = AXIS2_PLACEMENT_3D('',#17078,#17079,#17080);
#17078 = CARTESIAN_POINT('',(0.85,-0.925,0.3));
#17079 = DIRECTION('',(0.,0.,1.));
#17080 = DIRECTION('',(1.,0.,-0.));
#17081 = ADVANCED_FACE('',(#17082),#17116,.F.);
#17082 = FACE_BOUND('',#17083,.F.);
#17083 = EDGE_LOOP('',(#17084,#17094,#17102,#17110));
#17084 = ORIENTED_EDGE('',*,*,#17085,.T.);
#17085 = EDGE_CURVE('',#17086,#17088,#17090,.T.);
#17086 = VERTEX_POINT('',#17087);
#17087 = CARTESIAN_POINT('',(0.875,2.475,0.12));
#17088 = VERTEX_POINT('',#17089);
#17089 = CARTESIAN_POINT('',(1.125,2.475,0.12));
#17090 = LINE('',#17091,#17092);
#17091 = CARTESIAN_POINT('',(0.875,2.475,0.12));
#17092 = VECTOR('',#17093,1.);
#17093 = DIRECTION('',(1.,0.,0.));
#17094 = ORIENTED_EDGE('',*,*,#17095,.T.);
#17095 = EDGE_CURVE('',#17088,#17096,#17098,.T.);
#17096 = VERTEX_POINT('',#17097);
#17097 = CARTESIAN_POINT('',(1.125,2.825,0.));
#17098 = LINE('',#17099,#17100);
#17099 = CARTESIAN_POINT('',(1.125,2.475,0.12));
#17100 = VECTOR('',#17101,1.);
#17101 = DIRECTION('',(0.,0.945945945946,-0.324324324324));
#17102 = ORIENTED_EDGE('',*,*,#17103,.F.);
#17103 = EDGE_CURVE('',#17104,#17096,#17106,.T.);
#17104 = VERTEX_POINT('',#17105);
#17105 = CARTESIAN_POINT('',(0.875,2.825,0.));
#17106 = LINE('',#17107,#17108);
#17107 = CARTESIAN_POINT('',(0.875,2.825,0.));
#17108 = VECTOR('',#17109,1.);
#17109 = DIRECTION('',(1.,0.,0.));
#17110 = ORIENTED_EDGE('',*,*,#17111,.F.);
#17111 = EDGE_CURVE('',#17086,#17104,#17112,.T.);
#17112 = LINE('',#17113,#17114);
#17113 = CARTESIAN_POINT('',(0.875,2.475,0.12));
#17114 = VECTOR('',#17115,1.);
#17115 = DIRECTION('',(0.,0.945945945946,-0.324324324324));
#17116 = PLANE('',#17117);
#17117 = AXIS2_PLACEMENT_3D('',#17118,#17119,#17120);
#17118 = CARTESIAN_POINT('',(0.875,2.475,0.12));
#17119 = DIRECTION('',(-0.,0.324324324324,0.945945945946));
#17120 = DIRECTION('',(0.,0.945945945946,-0.324324324324));
#17121 = ADVANCED_FACE('',(#17122),#17147,.F.);
#17122 = FACE_BOUND('',#17123,.F.);
#17123 = EDGE_LOOP('',(#17124,#17132,#17140,#17146));
#17124 = ORIENTED_EDGE('',*,*,#17125,.F.);
#17125 = EDGE_CURVE('',#17126,#17086,#17128,.T.);
#17126 = VERTEX_POINT('',#17127);
#17127 = CARTESIAN_POINT('',(0.875,2.275,0.12));
#17128 = LINE('',#17129,#17130);
#17129 = CARTESIAN_POINT('',(0.875,2.275,0.12));
#17130 = VECTOR('',#17131,1.);
#17131 = DIRECTION('',(-0.,1.,0.));
#17132 = ORIENTED_EDGE('',*,*,#17133,.T.);
#17133 = EDGE_CURVE('',#17126,#17134,#17136,.T.);
#17134 = VERTEX_POINT('',#17135);
#17135 = CARTESIAN_POINT('',(1.125,2.275,0.12));
#17136 = LINE('',#17137,#17138);
#17137 = CARTESIAN_POINT('',(0.875,2.275,0.12));
#17138 = VECTOR('',#17139,1.);
#17139 = DIRECTION('',(1.,0.,-0.));
#17140 = ORIENTED_EDGE('',*,*,#17141,.T.);
#17141 = EDGE_CURVE('',#17134,#17088,#17142,.T.);
#17142 = LINE('',#17143,#17144);
#17143 = CARTESIAN_POINT('',(1.125,2.275,0.12));
#17144 = VECTOR('',#17145,1.);
#17145 = DIRECTION('',(-0.,1.,0.));
#17146 = ORIENTED_EDGE('',*,*,#17085,.F.);
#17147 = PLANE('',#17148);
#17148 = AXIS2_PLACEMENT_3D('',#17149,#17150,#17151);
#17149 = CARTESIAN_POINT('',(0.875,2.275,0.12));
#17150 = DIRECTION('',(0.,0.,1.));
#17151 = DIRECTION('',(1.,0.,-0.));
#17152 = ADVANCED_FACE('',(#17153),#17178,.F.);
#17153 = FACE_BOUND('',#17154,.F.);
#17154 = EDGE_LOOP('',(#17155,#17156,#17164,#17172));
#17155 = ORIENTED_EDGE('',*,*,#17103,.T.);
#17156 = ORIENTED_EDGE('',*,*,#17157,.T.);
#17157 = EDGE_CURVE('',#17096,#17158,#17160,.T.);
#17158 = VERTEX_POINT('',#17159);
#17159 = CARTESIAN_POINT('',(1.125,3.925,0.));
#17160 = LINE('',#17161,#17162);
#17161 = CARTESIAN_POINT('',(1.125,2.825,0.));
#17162 = VECTOR('',#17163,1.);
#17163 = DIRECTION('',(0.,1.,0.));
#17164 = ORIENTED_EDGE('',*,*,#17165,.F.);
#17165 = EDGE_CURVE('',#17166,#17158,#17168,.T.);
#17166 = VERTEX_POINT('',#17167);
#17167 = CARTESIAN_POINT('',(0.875,3.925,0.));
#17168 = LINE('',#17169,#17170);
#17169 = CARTESIAN_POINT('',(0.875,3.925,0.));
#17170 = VECTOR('',#17171,1.);
#17171 = DIRECTION('',(1.,0.,0.));
#17172 = ORIENTED_EDGE('',*,*,#17173,.F.);
#17173 = EDGE_CURVE('',#17104,#17166,#17174,.T.);
#17174 = LINE('',#17175,#17176);
#17175 = CARTESIAN_POINT('',(0.875,2.825,0.));
#17176 = VECTOR('',#17177,1.);
#17177 = DIRECTION('',(0.,1.,0.));
#17178 = PLANE('',#17179);
#17179 = AXIS2_PLACEMENT_3D('',#17180,#17181,#17182);
#17180 = CARTESIAN_POINT('',(0.875,2.825,0.));
#17181 = DIRECTION('',(0.,0.,1.));
#17182 = DIRECTION('',(0.,1.,0.));
#17183 = ADVANCED_FACE('',(#17184),#17200,.F.);
#17184 = FACE_BOUND('',#17185,.F.);
#17185 = EDGE_LOOP('',(#17186,#17192,#17193,#17199));
#17186 = ORIENTED_EDGE('',*,*,#17187,.F.);
#17187 = EDGE_CURVE('',#17134,#17063,#17188,.T.);
#17188 = LINE('',#17189,#17190);
#17189 = CARTESIAN_POINT('',(1.125,2.275,0.12));
#17190 = VECTOR('',#17191,1.);
#17191 = DIRECTION('',(0.,0.,1.));
#17192 = ORIENTED_EDGE('',*,*,#17133,.F.);
#17193 = ORIENTED_EDGE('',*,*,#17194,.T.);
#17194 = EDGE_CURVE('',#17126,#17001,#17195,.T.);
#17195 = LINE('',#17196,#17197);
#17196 = CARTESIAN_POINT('',(0.875,2.275,0.12));
#17197 = VECTOR('',#17198,1.);
#17198 = DIRECTION('',(0.,0.,1.));
#17199 = ORIENTED_EDGE('',*,*,#17070,.T.);
#17200 = PLANE('',#17201);
#17201 = AXIS2_PLACEMENT_3D('',#17202,#17203,#17204);
#17202 = CARTESIAN_POINT('',(0.875,2.275,0.12));
#17203 = DIRECTION('',(-0.,1.,0.));
#17204 = DIRECTION('',(0.,0.,1.));
#17205 = ADVANCED_FACE('',(#17206),#17231,.F.);
#17206 = FACE_BOUND('',#17207,.F.);
#17207 = EDGE_LOOP('',(#17208,#17209,#17217,#17225));
#17208 = ORIENTED_EDGE('',*,*,#17165,.T.);
#17209 = ORIENTED_EDGE('',*,*,#17210,.T.);
#17210 = EDGE_CURVE('',#17158,#17211,#17213,.T.);
#17211 = VERTEX_POINT('',#17212);
#17212 = CARTESIAN_POINT('',(1.125,3.925,0.4));
#17213 = LINE('',#17214,#17215);
#17214 = CARTESIAN_POINT('',(1.125,3.925,0.));
#17215 = VECTOR('',#17216,1.);
#17216 = DIRECTION('',(0.,0.,1.));
#17217 = ORIENTED_EDGE('',*,*,#17218,.F.);
#17218 = EDGE_CURVE('',#17219,#17211,#17221,.T.);
#17219 = VERTEX_POINT('',#17220);
#17220 = CARTESIAN_POINT('',(0.875,3.925,0.4));
#17221 = LINE('',#17222,#17223);
#17222 = CARTESIAN_POINT('',(0.875,3.925,0.4));
#17223 = VECTOR('',#17224,1.);
#17224 = DIRECTION('',(1.,0.,0.));
#17225 = ORIENTED_EDGE('',*,*,#17226,.F.);
#17226 = EDGE_CURVE('',#17166,#17219,#17227,.T.);
#17227 = LINE('',#17228,#17229);
#17228 = CARTESIAN_POINT('',(0.875,3.925,0.));
#17229 = VECTOR('',#17230,1.);
#17230 = DIRECTION('',(0.,0.,1.));
#17231 = PLANE('',#17232);
#17232 = AXIS2_PLACEMENT_3D('',#17233,#17234,#17235);
#17233 = CARTESIAN_POINT('',(0.875,3.925,0.));
#17234 = DIRECTION('',(0.,-1.,0.));
#17235 = DIRECTION('',(0.,0.,1.));
#17236 = ADVANCED_FACE('',(#17237),#17262,.F.);
#17237 = FACE_BOUND('',#17238,.F.);
#17238 = EDGE_LOOP('',(#17239,#17240,#17248,#17256));
#17239 = ORIENTED_EDGE('',*,*,#17218,.T.);
#17240 = ORIENTED_EDGE('',*,*,#17241,.T.);
#17241 = EDGE_CURVE('',#17211,#17242,#17244,.T.);
#17242 = VERTEX_POINT('',#17243);
#17243 = CARTESIAN_POINT('',(1.125,2.905,0.4));
#17244 = LINE('',#17245,#17246);
#17245 = CARTESIAN_POINT('',(1.125,3.925,0.4));
#17246 = VECTOR('',#17247,1.);
#17247 = DIRECTION('',(0.,-1.,0.));
#17248 = ORIENTED_EDGE('',*,*,#17249,.F.);
#17249 = EDGE_CURVE('',#17250,#17242,#17252,.T.);
#17250 = VERTEX_POINT('',#17251);
#17251 = CARTESIAN_POINT('',(0.875,2.905,0.4));
#17252 = LINE('',#17253,#17254);
#17253 = CARTESIAN_POINT('',(0.875,2.905,0.4));
#17254 = VECTOR('',#17255,1.);
#17255 = DIRECTION('',(1.,0.,0.));
#17256 = ORIENTED_EDGE('',*,*,#17257,.F.);
#17257 = EDGE_CURVE('',#17219,#17250,#17258,.T.);
#17258 = LINE('',#17259,#17260);
#17259 = CARTESIAN_POINT('',(0.875,3.925,0.4));
#17260 = VECTOR('',#17261,1.);
#17261 = DIRECTION('',(0.,-1.,0.));
#17262 = PLANE('',#17263);
#17263 = AXIS2_PLACEMENT_3D('',#17264,#17265,#17266);
#17264 = CARTESIAN_POINT('',(0.875,3.925,0.4));
#17265 = DIRECTION('',(0.,0.,-1.));
#17266 = DIRECTION('',(0.,-1.,0.));
#17267 = ADVANCED_FACE('',(#17268),#17293,.F.);
#17268 = FACE_BOUND('',#17269,.F.);
#17269 = EDGE_LOOP('',(#17270,#17271,#17279,#17287));
#17270 = ORIENTED_EDGE('',*,*,#17249,.T.);
#17271 = ORIENTED_EDGE('',*,*,#17272,.T.);
#17272 = EDGE_CURVE('',#17242,#17273,#17275,.T.);
#17273 = VERTEX_POINT('',#17274);
#17274 = CARTESIAN_POINT('',(1.125,2.475,0.59));
#17275 = LINE('',#17276,#17277);
#17276 = CARTESIAN_POINT('',(1.125,2.905,0.4));
#17277 = VECTOR('',#17278,1.);
#17278 = DIRECTION('',(0.,-0.914686604095,0.404163848321));
#17279 = ORIENTED_EDGE('',*,*,#17280,.F.);
#17280 = EDGE_CURVE('',#17281,#17273,#17283,.T.);
#17281 = VERTEX_POINT('',#17282);
#17282 = CARTESIAN_POINT('',(0.875,2.475,0.59));
#17283 = LINE('',#17284,#17285);
#17284 = CARTESIAN_POINT('',(0.875,2.475,0.59));
#17285 = VECTOR('',#17286,1.);
#17286 = DIRECTION('',(1.,0.,0.));
#17287 = ORIENTED_EDGE('',*,*,#17288,.F.);
#17288 = EDGE_CURVE('',#17250,#17281,#17289,.T.);
#17289 = LINE('',#17290,#17291);
#17290 = CARTESIAN_POINT('',(0.875,2.905,0.4));
#17291 = VECTOR('',#17292,1.);
#17292 = DIRECTION('',(0.,-0.914686604095,0.404163848321));
#17293 = PLANE('',#17294);
#17294 = AXIS2_PLACEMENT_3D('',#17295,#17296,#17297);
#17295 = CARTESIAN_POINT('',(0.875,2.905,0.4));
#17296 = DIRECTION('',(0.,-0.404163848321,-0.914686604095));
#17297 = DIRECTION('',(0.,-0.914686604095,0.404163848321));
#17298 = ADVANCED_FACE('',(#17299),#17324,.T.);
#17299 = FACE_BOUND('',#17300,.T.);
#17300 = EDGE_LOOP('',(#17301,#17302,#17310,#17318));
#17301 = ORIENTED_EDGE('',*,*,#17280,.F.);
#17302 = ORIENTED_EDGE('',*,*,#17303,.T.);
#17303 = EDGE_CURVE('',#17281,#17304,#17306,.T.);
#17304 = VERTEX_POINT('',#17305);
#17305 = CARTESIAN_POINT('',(0.875,2.475,1.17));
#17306 = LINE('',#17307,#17308);
#17307 = CARTESIAN_POINT('',(0.875,2.475,0.12));
#17308 = VECTOR('',#17309,1.);
#17309 = DIRECTION('',(0.,0.,1.));
#17310 = ORIENTED_EDGE('',*,*,#17311,.T.);
#17311 = EDGE_CURVE('',#17304,#17312,#17314,.T.);
#17312 = VERTEX_POINT('',#17313);
#17313 = CARTESIAN_POINT('',(1.125,2.475,1.17));
#17314 = LINE('',#17315,#17316);
#17315 = CARTESIAN_POINT('',(0.875,2.475,1.17));
#17316 = VECTOR('',#17317,1.);
#17317 = DIRECTION('',(1.,0.,-0.));
#17318 = ORIENTED_EDGE('',*,*,#17319,.F.);
#17319 = EDGE_CURVE('',#17273,#17312,#17320,.T.);
#17320 = LINE('',#17321,#17322);
#17321 = CARTESIAN_POINT('',(1.125,2.475,0.12));
#17322 = VECTOR('',#17323,1.);
#17323 = DIRECTION('',(0.,0.,1.));
#17324 = PLANE('',#17325);
#17325 = AXIS2_PLACEMENT_3D('',#17326,#17327,#17328);
#17326 = CARTESIAN_POINT('',(0.875,2.475,0.12));
#17327 = DIRECTION('',(-0.,1.,0.));
#17328 = DIRECTION('',(0.,0.,1.));
#17329 = ADVANCED_FACE('',(#17330),#17355,.T.);
#17330 = FACE_BOUND('',#17331,.T.);
#17331 = EDGE_LOOP('',(#17332,#17333,#17341,#17349));
#17332 = ORIENTED_EDGE('',*,*,#17062,.F.);
#17333 = ORIENTED_EDGE('',*,*,#17334,.T.);
#17334 = EDGE_CURVE('',#17063,#17335,#17337,.T.);
#17335 = VERTEX_POINT('',#17336);
#17336 = CARTESIAN_POINT('',(1.125,2.275,0.49));
#17337 = LINE('',#17338,#17339);
#17338 = CARTESIAN_POINT('',(1.125,2.275,0.12));
#17339 = VECTOR('',#17340,1.);
#17340 = DIRECTION('',(0.,0.,1.));
#17341 = ORIENTED_EDGE('',*,*,#17342,.T.);
#17342 = EDGE_CURVE('',#17335,#17343,#17345,.T.);
#17343 = VERTEX_POINT('',#17344);
#17344 = CARTESIAN_POINT('',(1.15,2.275,0.49));
#17345 = LINE('',#17346,#17347);
#17346 = CARTESIAN_POINT('',(0.85,2.275,0.49));
#17347 = VECTOR('',#17348,1.);
#17348 = DIRECTION('',(1.,0.,-0.));
#17349 = ORIENTED_EDGE('',*,*,#17350,.F.);
#17350 = EDGE_CURVE('',#17055,#17343,#17351,.T.);
#17351 = LINE('',#17352,#17353);
#17352 = CARTESIAN_POINT('',(1.15,2.275,0.3));
#17353 = VECTOR('',#17354,1.);
#17354 = DIRECTION('',(0.,0.,1.));
#17355 = PLANE('',#17356);
#17356 = AXIS2_PLACEMENT_3D('',#17357,#17358,#17359);
#17357 = CARTESIAN_POINT('',(0.85,2.275,0.3));
#17358 = DIRECTION('',(-0.,1.,0.));
#17359 = DIRECTION('',(0.,0.,1.));
#17360 = ADVANCED_FACE('',(#17361),#17393,.T.);
#17361 = FACE_BOUND('',#17362,.T.);
#17362 = EDGE_LOOP('',(#17363,#17371,#17379,#17385,#17386,#17392));
#17363 = ORIENTED_EDGE('',*,*,#17364,.F.);
#17364 = EDGE_CURVE('',#17365,#17009,#17367,.T.);
#17365 = VERTEX_POINT('',#17366);
#17366 = CARTESIAN_POINT('',(0.85,-0.325,0.49));
#17367 = LINE('',#17368,#17369);
#17368 = CARTESIAN_POINT('',(0.85,-0.925,0.49));
#17369 = VECTOR('',#17370,1.);
#17370 = DIRECTION('',(-0.,1.,0.));
#17371 = ORIENTED_EDGE('',*,*,#17372,.T.);
#17372 = EDGE_CURVE('',#17365,#17373,#17375,.T.);
#17373 = VERTEX_POINT('',#17374);
#17374 = CARTESIAN_POINT('',(1.15,-0.325,0.49));
#17375 = LINE('',#17376,#17377);
#17376 = CARTESIAN_POINT('',(0.85,-0.325,0.49));
#17377 = VECTOR('',#17378,1.);
#17378 = DIRECTION('',(1.,0.,-0.));
#17379 = ORIENTED_EDGE('',*,*,#17380,.T.);
#17380 = EDGE_CURVE('',#17373,#17343,#17381,.T.);
#17381 = LINE('',#17382,#17383);
#17382 = CARTESIAN_POINT('',(1.15,-0.925,0.49));
#17383 = VECTOR('',#17384,1.);
#17384 = DIRECTION('',(-0.,1.,0.));
#17385 = ORIENTED_EDGE('',*,*,#17342,.F.);
#17386 = ORIENTED_EDGE('',*,*,#17387,.F.);
#17387 = EDGE_CURVE('',#17017,#17335,#17388,.T.);
#17388 = LINE('',#17389,#17390);
#17389 = CARTESIAN_POINT('',(0.85,2.275,0.49));
#17390 = VECTOR('',#17391,1.);
#17391 = DIRECTION('',(1.,0.,-0.));
#17392 = ORIENTED_EDGE('',*,*,#17016,.F.);
#17393 = PLANE('',#17394);
#17394 = AXIS2_PLACEMENT_3D('',#17395,#17396,#17397);
#17395 = CARTESIAN_POINT('',(0.85,-0.925,0.49));
#17396 = DIRECTION('',(0.,0.,1.));
#17397 = DIRECTION('',(1.,0.,-0.));
#17398 = ADVANCED_FACE('',(#17399),#17415,.F.);
#17399 = FACE_BOUND('',#17400,.F.);
#17400 = EDGE_LOOP('',(#17401,#17407,#17408,#17414));
#17401 = ORIENTED_EDGE('',*,*,#17402,.F.);
#17402 = EDGE_CURVE('',#17335,#16976,#17403,.T.);
#17403 = LINE('',#17404,#17405);
#17404 = CARTESIAN_POINT('',(1.125,2.275,0.12));
#17405 = VECTOR('',#17406,1.);
#17406 = DIRECTION('',(0.,0.,1.));
#17407 = ORIENTED_EDGE('',*,*,#17387,.F.);
#17408 = ORIENTED_EDGE('',*,*,#17409,.T.);
#17409 = EDGE_CURVE('',#17017,#16914,#17410,.T.);
#17410 = LINE('',#17411,#17412);
#17411 = CARTESIAN_POINT('',(0.875,2.275,0.12));
#17412 = VECTOR('',#17413,1.);
#17413 = DIRECTION('',(0.,0.,1.));
#17414 = ORIENTED_EDGE('',*,*,#16983,.T.);
#17415 = PLANE('',#17416);
#17416 = AXIS2_PLACEMENT_3D('',#17417,#17418,#17419);
#17417 = CARTESIAN_POINT('',(0.875,2.275,0.12));
#17418 = DIRECTION('',(-0.,1.,0.));
#17419 = DIRECTION('',(0.,0.,1.));
#17420 = ADVANCED_FACE('',(#17421),#17446,.T.);
#17421 = FACE_BOUND('',#17422,.T.);
#17422 = EDGE_LOOP('',(#17423,#17424,#17432,#17440));
#17423 = ORIENTED_EDGE('',*,*,#16975,.F.);
#17424 = ORIENTED_EDGE('',*,*,#17425,.T.);
#17425 = EDGE_CURVE('',#16976,#17426,#17428,.T.);
#17426 = VERTEX_POINT('',#17427);
#17427 = CARTESIAN_POINT('',(1.125,2.275,1.17));
#17428 = LINE('',#17429,#17430);
#17429 = CARTESIAN_POINT('',(1.125,2.275,0.12));
#17430 = VECTOR('',#17431,1.);
#17431 = DIRECTION('',(0.,0.,1.));
#17432 = ORIENTED_EDGE('',*,*,#17433,.T.);
#17433 = EDGE_CURVE('',#17426,#17434,#17436,.T.);
#17434 = VERTEX_POINT('',#17435);
#17435 = CARTESIAN_POINT('',(1.15,2.275,1.17));
#17436 = LINE('',#17437,#17438);
#17437 = CARTESIAN_POINT('',(0.85,2.275,1.17));
#17438 = VECTOR('',#17439,1.);
#17439 = DIRECTION('',(1.,0.,-0.));
#17440 = ORIENTED_EDGE('',*,*,#17441,.F.);
#17441 = EDGE_CURVE('',#16968,#17434,#17442,.T.);
#17442 = LINE('',#17443,#17444);
#17443 = CARTESIAN_POINT('',(1.15,2.275,0.86));
#17444 = VECTOR('',#17445,1.);
#17445 = DIRECTION('',(0.,0.,1.));
#17446 = PLANE('',#17447);
#17447 = AXIS2_PLACEMENT_3D('',#17448,#17449,#17450);
#17448 = CARTESIAN_POINT('',(0.85,2.275,0.86));
#17449 = DIRECTION('',(-0.,1.,0.));
#17450 = DIRECTION('',(0.,0.,1.));
#17451 = ADVANCED_FACE('',(#17452),#17470,.F.);
#17452 = FACE_BOUND('',#17453,.F.);
#17453 = EDGE_LOOP('',(#17454,#17462,#17463,#17464));
#17454 = ORIENTED_EDGE('',*,*,#17455,.F.);
#17455 = EDGE_CURVE('',#16952,#17456,#17458,.T.);
#17456 = VERTEX_POINT('',#17457);
#17457 = CARTESIAN_POINT('',(0.85,-0.6,1.17));
#17458 = LINE('',#17459,#17460);
#17459 = CARTESIAN_POINT('',(0.85,-0.6,0.86));
#17460 = VECTOR('',#17461,1.);
#17461 = DIRECTION('',(0.,0.,1.));
#17462 = ORIENTED_EDGE('',*,*,#16951,.T.);
#17463 = ORIENTED_EDGE('',*,*,#16921,.T.);
#17464 = ORIENTED_EDGE('',*,*,#17465,.F.);
#17465 = EDGE_CURVE('',#17456,#16922,#17466,.T.);
#17466 = LINE('',#17467,#17468);
#17467 = CARTESIAN_POINT('',(0.85,-0.6,1.17));
#17468 = VECTOR('',#17469,1.);
#17469 = DIRECTION('',(-0.,1.,0.));
#17470 = PLANE('',#17471);
#17471 = AXIS2_PLACEMENT_3D('',#17472,#17473,#17474);
#17472 = CARTESIAN_POINT('',(0.85,-0.6,0.86));
#17473 = DIRECTION('',(1.,0.,-0.));
#17474 = DIRECTION('',(0.,0.,1.));
#17475 = ADVANCED_FACE('',(#17476),#17494,.T.);
#17476 = FACE_BOUND('',#17477,.T.);
#17477 = EDGE_LOOP('',(#17478,#17486,#17487,#17488));
#17478 = ORIENTED_EDGE('',*,*,#17479,.F.);
#17479 = EDGE_CURVE('',#16960,#17480,#17482,.T.);
#17480 = VERTEX_POINT('',#17481);
#17481 = CARTESIAN_POINT('',(1.15,-0.6,1.17));
#17482 = LINE('',#17483,#17484);
#17483 = CARTESIAN_POINT('',(1.15,-0.6,0.86));
#17484 = VECTOR('',#17485,1.);
#17485 = DIRECTION('',(0.,0.,1.));
#17486 = ORIENTED_EDGE('',*,*,#16967,.T.);
#17487 = ORIENTED_EDGE('',*,*,#17441,.T.);
#17488 = ORIENTED_EDGE('',*,*,#17489,.F.);
#17489 = EDGE_CURVE('',#17480,#17434,#17490,.T.);
#17490 = LINE('',#17491,#17492);
#17491 = CARTESIAN_POINT('',(1.15,-0.6,1.17));
#17492 = VECTOR('',#17493,1.);
#17493 = DIRECTION('',(-0.,1.,0.));
#17494 = PLANE('',#17495);
#17495 = AXIS2_PLACEMENT_3D('',#17496,#17497,#17498);
#17496 = CARTESIAN_POINT('',(1.15,-0.6,0.86));
#17497 = DIRECTION('',(1.,0.,-0.));
#17498 = DIRECTION('',(0.,0.,1.));
#17499 = ADVANCED_FACE('',(#17500),#17525,.T.);
#17500 = FACE_BOUND('',#17501,.T.);
#17501 = EDGE_LOOP('',(#17502,#17503,#17511,#17519));
#17502 = ORIENTED_EDGE('',*,*,#17372,.F.);
#17503 = ORIENTED_EDGE('',*,*,#17504,.T.);
#17504 = EDGE_CURVE('',#17365,#17505,#17507,.T.);
#17505 = VERTEX_POINT('',#17506);
#17506 = CARTESIAN_POINT('',(0.85,-0.325,0.8));
#17507 = LINE('',#17508,#17509);
#17508 = CARTESIAN_POINT('',(0.85,-0.325,0.49));
#17509 = VECTOR('',#17510,1.);
#17510 = DIRECTION('',(0.,0.,1.));
#17511 = ORIENTED_EDGE('',*,*,#17512,.T.);
#17512 = EDGE_CURVE('',#17505,#17513,#17515,.T.);
#17513 = VERTEX_POINT('',#17514);
#17514 = CARTESIAN_POINT('',(1.15,-0.325,0.8));
#17515 = LINE('',#17516,#17517);
#17516 = CARTESIAN_POINT('',(0.85,-0.325,0.8));
#17517 = VECTOR('',#17518,1.);
#17518 = DIRECTION('',(1.,0.,-0.));
#17519 = ORIENTED_EDGE('',*,*,#17520,.F.);
#17520 = EDGE_CURVE('',#17373,#17513,#17521,.T.);
#17521 = LINE('',#17522,#17523);
#17522 = CARTESIAN_POINT('',(1.15,-0.325,0.49));
#17523 = VECTOR('',#17524,1.);
#17524 = DIRECTION('',(0.,0.,1.));
#17525 = PLANE('',#17526);
#17526 = AXIS2_PLACEMENT_3D('',#17527,#17528,#17529);
#17527 = CARTESIAN_POINT('',(0.85,-0.325,0.49));
#17528 = DIRECTION('',(-0.,1.,0.));
#17529 = DIRECTION('',(0.,0.,1.));
#17530 = ADVANCED_FACE('',(#17531),#17542,.F.);
#17531 = FACE_BOUND('',#17532,.F.);
#17532 = EDGE_LOOP('',(#17533,#17534,#17535,#17541));
#17533 = ORIENTED_EDGE('',*,*,#16959,.F.);
#17534 = ORIENTED_EDGE('',*,*,#17455,.T.);
#17535 = ORIENTED_EDGE('',*,*,#17536,.T.);
#17536 = EDGE_CURVE('',#17456,#17480,#17537,.T.);
#17537 = LINE('',#17538,#17539);
#17538 = CARTESIAN_POINT('',(0.85,-0.6,1.17));
#17539 = VECTOR('',#17540,1.);
#17540 = DIRECTION('',(1.,0.,-0.));
#17541 = ORIENTED_EDGE('',*,*,#17479,.F.);
#17542 = PLANE('',#17543);
#17543 = AXIS2_PLACEMENT_3D('',#17544,#17545,#17546);
#17544 = CARTESIAN_POINT('',(0.85,-0.6,0.86));
#17545 = DIRECTION('',(-0.,1.,0.));
#17546 = DIRECTION('',(0.,0.,1.));
#17547 = ADVANCED_FACE('',(#17548),#17573,.T.);
#17548 = FACE_BOUND('',#17549,.T.);
#17549 = EDGE_LOOP('',(#17550,#17558,#17566,#17572));
#17550 = ORIENTED_EDGE('',*,*,#17551,.F.);
#17551 = EDGE_CURVE('',#17552,#17505,#17554,.T.);
#17552 = VERTEX_POINT('',#17553);
#17553 = CARTESIAN_POINT('',(0.85,-0.925,0.8));
#17554 = LINE('',#17555,#17556);
#17555 = CARTESIAN_POINT('',(0.85,-0.925,0.8));
#17556 = VECTOR('',#17557,1.);
#17557 = DIRECTION('',(-0.,1.,0.));
#17558 = ORIENTED_EDGE('',*,*,#17559,.T.);
#17559 = EDGE_CURVE('',#17552,#17560,#17562,.T.);
#17560 = VERTEX_POINT('',#17561);
#17561 = CARTESIAN_POINT('',(1.15,-0.925,0.8));
#17562 = LINE('',#17563,#17564);
#17563 = CARTESIAN_POINT('',(0.85,-0.925,0.8));
#17564 = VECTOR('',#17565,1.);
#17565 = DIRECTION('',(1.,0.,-0.));
#17566 = ORIENTED_EDGE('',*,*,#17567,.T.);
#17567 = EDGE_CURVE('',#17560,#17513,#17568,.T.);
#17568 = LINE('',#17569,#17570);
#17569 = CARTESIAN_POINT('',(1.15,-0.925,0.8));
#17570 = VECTOR('',#17571,1.);
#17571 = DIRECTION('',(-0.,1.,0.));
#17572 = ORIENTED_EDGE('',*,*,#17512,.F.);
#17573 = PLANE('',#17574);
#17574 = AXIS2_PLACEMENT_3D('',#17575,#17576,#17577);
#17575 = CARTESIAN_POINT('',(0.85,-0.925,0.8));
#17576 = DIRECTION('',(0.,0.,1.));
#17577 = DIRECTION('',(1.,0.,-0.));
#17578 = ADVANCED_FACE('',(#17579),#17598,.T.);
#17579 = FACE_BOUND('',#17580,.T.);
#17580 = EDGE_LOOP('',(#17581,#17582,#17583,#17584,#17585,#17586,#17587,
    #17593,#17594,#17595,#17596,#17597));
#17581 = ORIENTED_EDGE('',*,*,#17111,.F.);
#17582 = ORIENTED_EDGE('',*,*,#17125,.F.);
#17583 = ORIENTED_EDGE('',*,*,#17194,.T.);
#17584 = ORIENTED_EDGE('',*,*,#17024,.T.);
#17585 = ORIENTED_EDGE('',*,*,#17409,.T.);
#17586 = ORIENTED_EDGE('',*,*,#16937,.T.);
#17587 = ORIENTED_EDGE('',*,*,#17588,.T.);
#17588 = EDGE_CURVE('',#16930,#17304,#17589,.T.);
#17589 = LINE('',#17590,#17591);
#17590 = CARTESIAN_POINT('',(0.875,2.275,1.17));
#17591 = VECTOR('',#17592,1.);
#17592 = DIRECTION('',(-0.,1.,0.));
#17593 = ORIENTED_EDGE('',*,*,#17303,.F.);
#17594 = ORIENTED_EDGE('',*,*,#17288,.F.);
#17595 = ORIENTED_EDGE('',*,*,#17257,.F.);
#17596 = ORIENTED_EDGE('',*,*,#17226,.F.);
#17597 = ORIENTED_EDGE('',*,*,#17173,.F.);
#17598 = PLANE('',#17599);
#17599 = AXIS2_PLACEMENT_3D('',#17600,#17601,#17602);
#17600 = CARTESIAN_POINT('',(0.875,2.928538891724,0.406031440384));
#17601 = DIRECTION('',(-1.,-0.,-0.));
#17602 = DIRECTION('',(0.,0.,-1.));
#17603 = ADVANCED_FACE('',(#17604),#17623,.T.);
#17604 = FACE_BOUND('',#17605,.T.);
#17605 = EDGE_LOOP('',(#17606,#17607,#17608,#17609,#17610,#17611,#17612,
    #17618,#17619,#17620,#17621,#17622));
#17606 = ORIENTED_EDGE('',*,*,#17095,.T.);
#17607 = ORIENTED_EDGE('',*,*,#17157,.T.);
#17608 = ORIENTED_EDGE('',*,*,#17210,.T.);
#17609 = ORIENTED_EDGE('',*,*,#17241,.T.);
#17610 = ORIENTED_EDGE('',*,*,#17272,.T.);
#17611 = ORIENTED_EDGE('',*,*,#17319,.T.);
#17612 = ORIENTED_EDGE('',*,*,#17613,.F.);
#17613 = EDGE_CURVE('',#17426,#17312,#17614,.T.);
#17614 = LINE('',#17615,#17616);
#17615 = CARTESIAN_POINT('',(1.125,2.275,1.17));
#17616 = VECTOR('',#17617,1.);
#17617 = DIRECTION('',(-0.,1.,0.));
#17618 = ORIENTED_EDGE('',*,*,#17425,.F.);
#17619 = ORIENTED_EDGE('',*,*,#17402,.F.);
#17620 = ORIENTED_EDGE('',*,*,#17334,.F.);
#17621 = ORIENTED_EDGE('',*,*,#17187,.F.);
#17622 = ORIENTED_EDGE('',*,*,#17141,.T.);
#17623 = PLANE('',#17624);
#17624 = AXIS2_PLACEMENT_3D('',#17625,#17626,#17627);
#17625 = CARTESIAN_POINT('',(1.125,2.928538891724,0.406031440384));
#17626 = DIRECTION('',(1.,0.,0.));
#17627 = DIRECTION('',(-0.,0.,1.));
#17628 = ADVANCED_FACE('',(#17629),#17639,.T.);
#17629 = FACE_BOUND('',#17630,.T.);
#17630 = EDGE_LOOP('',(#17631,#17632,#17633,#17634,#17635,#17636,#17637,
    #17638));
#17631 = ORIENTED_EDGE('',*,*,#17588,.F.);
#17632 = ORIENTED_EDGE('',*,*,#16929,.F.);
#17633 = ORIENTED_EDGE('',*,*,#17465,.F.);
#17634 = ORIENTED_EDGE('',*,*,#17536,.T.);
#17635 = ORIENTED_EDGE('',*,*,#17489,.T.);
#17636 = ORIENTED_EDGE('',*,*,#17433,.F.);
#17637 = ORIENTED_EDGE('',*,*,#17613,.T.);
#17638 = ORIENTED_EDGE('',*,*,#17311,.F.);
#17639 = PLANE('',#17640);
#17640 = AXIS2_PLACEMENT_3D('',#17641,#17642,#17643);
#17641 = CARTESIAN_POINT('',(1.,0.936018518519,1.17));
#17642 = DIRECTION('',(0.,0.,1.));
#17643 = DIRECTION('',(1.,0.,-0.));
#17644 = ADVANCED_FACE('',(#17645),#17658,.T.);
#17645 = FACE_BOUND('',#17646,.T.);
#17646 = EDGE_LOOP('',(#17647,#17653,#17654,#17655,#17656,#17657));
#17647 = ORIENTED_EDGE('',*,*,#17648,.T.);
#17648 = EDGE_CURVE('',#17039,#17552,#17649,.T.);
#17649 = LINE('',#17650,#17651);
#17650 = CARTESIAN_POINT('',(0.85,-0.925,0.3));
#17651 = VECTOR('',#17652,1.);
#17652 = DIRECTION('',(0.,0.,1.));
#17653 = ORIENTED_EDGE('',*,*,#17551,.T.);
#17654 = ORIENTED_EDGE('',*,*,#17504,.F.);
#17655 = ORIENTED_EDGE('',*,*,#17364,.T.);
#17656 = ORIENTED_EDGE('',*,*,#17008,.F.);
#17657 = ORIENTED_EDGE('',*,*,#17038,.F.);
#17658 = PLANE('',#17659);
#17659 = AXIS2_PLACEMENT_3D('',#17660,#17661,#17662);
#17660 = CARTESIAN_POINT('',(0.85,0.566081081081,0.441081081081));
#17661 = DIRECTION('',(-1.,-0.,-0.));
#17662 = DIRECTION('',(0.,0.,-1.));
#17663 = ADVANCED_FACE('',(#17664),#17677,.T.);
#17664 = FACE_BOUND('',#17665,.T.);
#17665 = EDGE_LOOP('',(#17666,#17667,#17668,#17669,#17670,#17671));
#17666 = ORIENTED_EDGE('',*,*,#17054,.T.);
#17667 = ORIENTED_EDGE('',*,*,#17350,.T.);
#17668 = ORIENTED_EDGE('',*,*,#17380,.F.);
#17669 = ORIENTED_EDGE('',*,*,#17520,.T.);
#17670 = ORIENTED_EDGE('',*,*,#17567,.F.);
#17671 = ORIENTED_EDGE('',*,*,#17672,.F.);
#17672 = EDGE_CURVE('',#17047,#17560,#17673,.T.);
#17673 = LINE('',#17674,#17675);
#17674 = CARTESIAN_POINT('',(1.15,-0.925,0.49));
#17675 = VECTOR('',#17676,1.);
#17676 = DIRECTION('',(0.,0.,1.));
#17677 = PLANE('',#17678);
#17678 = AXIS2_PLACEMENT_3D('',#17679,#17680,#17681);
#17679 = CARTESIAN_POINT('',(1.15,0.566081081081,0.441081081081));
#17680 = DIRECTION('',(1.,0.,0.));
#17681 = DIRECTION('',(-0.,0.,1.));
#17682 = ADVANCED_FACE('',(#17683),#17689,.T.);
#17683 = FACE_BOUND('',#17684,.T.);
#17684 = EDGE_LOOP('',(#17685,#17686,#17687,#17688));
#17685 = ORIENTED_EDGE('',*,*,#17046,.T.);
#17686 = ORIENTED_EDGE('',*,*,#17672,.T.);
#17687 = ORIENTED_EDGE('',*,*,#17559,.F.);
#17688 = ORIENTED_EDGE('',*,*,#17648,.F.);
#17689 = PLANE('',#17690);
#17690 = AXIS2_PLACEMENT_3D('',#17691,#17692,#17693);
#17691 = CARTESIAN_POINT('',(1.,-0.925,0.55));
#17692 = DIRECTION('',(-0.,-1.,-0.));
#17693 = DIRECTION('',(0.,0.,-1.));
#17694 = MANIFOLD_SOLID_BREP('',#17695);
#17695 = CLOSED_SHELL('',(#17696,#17736,#17783,#17823,#17870,#17910,
    #17941,#17972,#17994,#18025,#18056,#18087,#18118,#18149,#18187,
    #18209,#18240,#18264,#18288,#18319,#18336,#18367,#18392,#18417,
    #18433,#18452,#18471));
#17696 = ADVANCED_FACE('',(#17697),#17731,.T.);
#17697 = FACE_BOUND('',#17698,.T.);
#17698 = EDGE_LOOP('',(#17699,#17709,#17717,#17725));
#17699 = ORIENTED_EDGE('',*,*,#17700,.F.);
#17700 = EDGE_CURVE('',#17701,#17703,#17705,.T.);
#17701 = VERTEX_POINT('',#17702);
#17702 = CARTESIAN_POINT('',(1.85,2.275,0.86));
#17703 = VERTEX_POINT('',#17704);
#17704 = CARTESIAN_POINT('',(1.875,2.275,0.86));
#17705 = LINE('',#17706,#17707);
#17706 = CARTESIAN_POINT('',(1.85,2.275,0.86));
#17707 = VECTOR('',#17708,1.);
#17708 = DIRECTION('',(1.,0.,-0.));
#17709 = ORIENTED_EDGE('',*,*,#17710,.T.);
#17710 = EDGE_CURVE('',#17701,#17711,#17713,.T.);
#17711 = VERTEX_POINT('',#17712);
#17712 = CARTESIAN_POINT('',(1.85,2.275,1.17));
#17713 = LINE('',#17714,#17715);
#17714 = CARTESIAN_POINT('',(1.85,2.275,0.86));
#17715 = VECTOR('',#17716,1.);
#17716 = DIRECTION('',(0.,0.,1.));
#17717 = ORIENTED_EDGE('',*,*,#17718,.T.);
#17718 = EDGE_CURVE('',#17711,#17719,#17721,.T.);
#17719 = VERTEX_POINT('',#17720);
#17720 = CARTESIAN_POINT('',(1.875,2.275,1.17));
#17721 = LINE('',#17722,#17723);
#17722 = CARTESIAN_POINT('',(1.85,2.275,1.17));
#17723 = VECTOR('',#17724,1.);
#17724 = DIRECTION('',(1.,0.,-0.));
#17725 = ORIENTED_EDGE('',*,*,#17726,.F.);
#17726 = EDGE_CURVE('',#17703,#17719,#17727,.T.);
#17727 = LINE('',#17728,#17729);
#17728 = CARTESIAN_POINT('',(1.875,2.275,0.12));
#17729 = VECTOR('',#17730,1.);
#17730 = DIRECTION('',(0.,0.,1.));
#17731 = PLANE('',#17732);
#17732 = AXIS2_PLACEMENT_3D('',#17733,#17734,#17735);
#17733 = CARTESIAN_POINT('',(1.85,2.275,0.86));
#17734 = DIRECTION('',(-0.,1.,0.));
#17735 = DIRECTION('',(0.,0.,1.));
#17736 = ADVANCED_FACE('',(#17737),#17778,.F.);
#17737 = FACE_BOUND('',#17738,.F.);
#17738 = EDGE_LOOP('',(#17739,#17747,#17755,#17763,#17771,#17777));
#17739 = ORIENTED_EDGE('',*,*,#17740,.F.);
#17740 = EDGE_CURVE('',#17741,#17701,#17743,.T.);
#17741 = VERTEX_POINT('',#17742);
#17742 = CARTESIAN_POINT('',(1.85,-0.6,0.86));
#17743 = LINE('',#17744,#17745);
#17744 = CARTESIAN_POINT('',(1.85,-0.6,0.86));
#17745 = VECTOR('',#17746,1.);
#17746 = DIRECTION('',(-0.,1.,0.));
#17747 = ORIENTED_EDGE('',*,*,#17748,.T.);
#17748 = EDGE_CURVE('',#17741,#17749,#17751,.T.);
#17749 = VERTEX_POINT('',#17750);
#17750 = CARTESIAN_POINT('',(2.15,-0.6,0.86));
#17751 = LINE('',#17752,#17753);
#17752 = CARTESIAN_POINT('',(1.85,-0.6,0.86));
#17753 = VECTOR('',#17754,1.);
#17754 = DIRECTION('',(1.,0.,-0.));
#17755 = ORIENTED_EDGE('',*,*,#17756,.T.);
#17756 = EDGE_CURVE('',#17749,#17757,#17759,.T.);
#17757 = VERTEX_POINT('',#17758);
#17758 = CARTESIAN_POINT('',(2.15,2.275,0.86));
#17759 = LINE('',#17760,#17761);
#17760 = CARTESIAN_POINT('',(2.15,-0.6,0.86));
#17761 = VECTOR('',#17762,1.);
#17762 = DIRECTION('',(-0.,1.,0.));
#17763 = ORIENTED_EDGE('',*,*,#17764,.F.);
#17764 = EDGE_CURVE('',#17765,#17757,#17767,.T.);
#17765 = VERTEX_POINT('',#17766);
#17766 = CARTESIAN_POINT('',(2.125,2.275,0.86));
#17767 = LINE('',#17768,#17769);
#17768 = CARTESIAN_POINT('',(1.85,2.275,0.86));
#17769 = VECTOR('',#17770,1.);
#17770 = DIRECTION('',(1.,0.,-0.));
#17771 = ORIENTED_EDGE('',*,*,#17772,.F.);
#17772 = EDGE_CURVE('',#17703,#17765,#17773,.T.);
#17773 = LINE('',#17774,#17775);
#17774 = CARTESIAN_POINT('',(1.85,2.275,0.86));
#17775 = VECTOR('',#17776,1.);
#17776 = DIRECTION('',(1.,0.,-0.));
#17777 = ORIENTED_EDGE('',*,*,#17700,.F.);
#17778 = PLANE('',#17779);
#17779 = AXIS2_PLACEMENT_3D('',#17780,#17781,#17782);
#17780 = CARTESIAN_POINT('',(1.85,-0.6,0.86));
#17781 = DIRECTION('',(0.,0.,1.));
#17782 = DIRECTION('',(1.,0.,-0.));
#17783 = ADVANCED_FACE('',(#17784),#17818,.T.);
#17784 = FACE_BOUND('',#17785,.T.);
#17785 = EDGE_LOOP('',(#17786,#17796,#17804,#17812));
#17786 = ORIENTED_EDGE('',*,*,#17787,.F.);
#17787 = EDGE_CURVE('',#17788,#17790,#17792,.T.);
#17788 = VERTEX_POINT('',#17789);
#17789 = CARTESIAN_POINT('',(1.85,2.275,0.3));
#17790 = VERTEX_POINT('',#17791);
#17791 = CARTESIAN_POINT('',(1.875,2.275,0.3));
#17792 = LINE('',#17793,#17794);
#17793 = CARTESIAN_POINT('',(1.85,2.275,0.3));
#17794 = VECTOR('',#17795,1.);
#17795 = DIRECTION('',(1.,0.,-0.));
#17796 = ORIENTED_EDGE('',*,*,#17797,.T.);
#17797 = EDGE_CURVE('',#17788,#17798,#17800,.T.);
#17798 = VERTEX_POINT('',#17799);
#17799 = CARTESIAN_POINT('',(1.85,2.275,0.49));
#17800 = LINE('',#17801,#17802);
#17801 = CARTESIAN_POINT('',(1.85,2.275,0.3));
#17802 = VECTOR('',#17803,1.);
#17803 = DIRECTION('',(0.,0.,1.));
#17804 = ORIENTED_EDGE('',*,*,#17805,.T.);
#17805 = EDGE_CURVE('',#17798,#17806,#17808,.T.);
#17806 = VERTEX_POINT('',#17807);
#17807 = CARTESIAN_POINT('',(1.875,2.275,0.49));
#17808 = LINE('',#17809,#17810);
#17809 = CARTESIAN_POINT('',(1.85,2.275,0.49));
#17810 = VECTOR('',#17811,1.);
#17811 = DIRECTION('',(1.,0.,-0.));
#17812 = ORIENTED_EDGE('',*,*,#17813,.F.);
#17813 = EDGE_CURVE('',#17790,#17806,#17814,.T.);
#17814 = LINE('',#17815,#17816);
#17815 = CARTESIAN_POINT('',(1.875,2.275,0.12));
#17816 = VECTOR('',#17817,1.);
#17817 = DIRECTION('',(0.,0.,1.));
#17818 = PLANE('',#17819);
#17819 = AXIS2_PLACEMENT_3D('',#17820,#17821,#17822);
#17820 = CARTESIAN_POINT('',(1.85,2.275,0.3));
#17821 = DIRECTION('',(-0.,1.,0.));
#17822 = DIRECTION('',(0.,0.,1.));
#17823 = ADVANCED_FACE('',(#17824),#17865,.F.);
#17824 = FACE_BOUND('',#17825,.F.);
#17825 = EDGE_LOOP('',(#17826,#17834,#17842,#17850,#17858,#17864));
#17826 = ORIENTED_EDGE('',*,*,#17827,.F.);
#17827 = EDGE_CURVE('',#17828,#17788,#17830,.T.);
#17828 = VERTEX_POINT('',#17829);
#17829 = CARTESIAN_POINT('',(1.85,-0.925,0.3));
#17830 = LINE('',#17831,#17832);
#17831 = CARTESIAN_POINT('',(1.85,-0.925,0.3));
#17832 = VECTOR('',#17833,1.);
#17833 = DIRECTION('',(-0.,1.,0.));
#17834 = ORIENTED_EDGE('',*,*,#17835,.T.);
#17835 = EDGE_CURVE('',#17828,#17836,#17838,.T.);
#17836 = VERTEX_POINT('',#17837);
#17837 = CARTESIAN_POINT('',(2.15,-0.925,0.3));
#17838 = LINE('',#17839,#17840);
#17839 = CARTESIAN_POINT('',(1.85,-0.925,0.3));
#17840 = VECTOR('',#17841,1.);
#17841 = DIRECTION('',(1.,0.,-0.));
#17842 = ORIENTED_EDGE('',*,*,#17843,.T.);
#17843 = EDGE_CURVE('',#17836,#17844,#17846,.T.);
#17844 = VERTEX_POINT('',#17845);
#17845 = CARTESIAN_POINT('',(2.15,2.275,0.3));
#17846 = LINE('',#17847,#17848);
#17847 = CARTESIAN_POINT('',(2.15,-0.925,0.3));
#17848 = VECTOR('',#17849,1.);
#17849 = DIRECTION('',(-0.,1.,0.));
#17850 = ORIENTED_EDGE('',*,*,#17851,.F.);
#17851 = EDGE_CURVE('',#17852,#17844,#17854,.T.);
#17852 = VERTEX_POINT('',#17853);
#17853 = CARTESIAN_POINT('',(2.125,2.275,0.3));
#17854 = LINE('',#17855,#17856);
#17855 = CARTESIAN_POINT('',(1.85,2.275,0.3));
#17856 = VECTOR('',#17857,1.);
#17857 = DIRECTION('',(1.,0.,-0.));
#17858 = ORIENTED_EDGE('',*,*,#17859,.F.);
#17859 = EDGE_CURVE('',#17790,#17852,#17860,.T.);
#17860 = LINE('',#17861,#17862);
#17861 = CARTESIAN_POINT('',(1.85,2.275,0.3));
#17862 = VECTOR('',#17863,1.);
#17863 = DIRECTION('',(1.,0.,-0.));
#17864 = ORIENTED_EDGE('',*,*,#17787,.F.);
#17865 = PLANE('',#17866);
#17866 = AXIS2_PLACEMENT_3D('',#17867,#17868,#17869);
#17867 = CARTESIAN_POINT('',(1.85,-0.925,0.3));
#17868 = DIRECTION('',(0.,0.,1.));
#17869 = DIRECTION('',(1.,0.,-0.));
#17870 = ADVANCED_FACE('',(#17871),#17905,.F.);
#17871 = FACE_BOUND('',#17872,.F.);
#17872 = EDGE_LOOP('',(#17873,#17883,#17891,#17899));
#17873 = ORIENTED_EDGE('',*,*,#17874,.T.);
#17874 = EDGE_CURVE('',#17875,#17877,#17879,.T.);
#17875 = VERTEX_POINT('',#17876);
#17876 = CARTESIAN_POINT('',(1.875,2.475,0.12));
#17877 = VERTEX_POINT('',#17878);
#17878 = CARTESIAN_POINT('',(2.125,2.475,0.12));
#17879 = LINE('',#17880,#17881);
#17880 = CARTESIAN_POINT('',(1.875,2.475,0.12));
#17881 = VECTOR('',#17882,1.);
#17882 = DIRECTION('',(1.,0.,0.));
#17883 = ORIENTED_EDGE('',*,*,#17884,.T.);
#17884 = EDGE_CURVE('',#17877,#17885,#17887,.T.);
#17885 = VERTEX_POINT('',#17886);
#17886 = CARTESIAN_POINT('',(2.125,2.825,0.));
#17887 = LINE('',#17888,#17889);
#17888 = CARTESIAN_POINT('',(2.125,2.475,0.12));
#17889 = VECTOR('',#17890,1.);
#17890 = DIRECTION('',(0.,0.945945945946,-0.324324324324));
#17891 = ORIENTED_EDGE('',*,*,#17892,.F.);
#17892 = EDGE_CURVE('',#17893,#17885,#17895,.T.);
#17893 = VERTEX_POINT('',#17894);
#17894 = CARTESIAN_POINT('',(1.875,2.825,0.));
#17895 = LINE('',#17896,#17897);
#17896 = CARTESIAN_POINT('',(1.875,2.825,0.));
#17897 = VECTOR('',#17898,1.);
#17898 = DIRECTION('',(1.,0.,0.));
#17899 = ORIENTED_EDGE('',*,*,#17900,.F.);
#17900 = EDGE_CURVE('',#17875,#17893,#17901,.T.);
#17901 = LINE('',#17902,#17903);
#17902 = CARTESIAN_POINT('',(1.875,2.475,0.12));
#17903 = VECTOR('',#17904,1.);
#17904 = DIRECTION('',(0.,0.945945945946,-0.324324324324));
#17905 = PLANE('',#17906);
#17906 = AXIS2_PLACEMENT_3D('',#17907,#17908,#17909);
#17907 = CARTESIAN_POINT('',(1.875,2.475,0.12));
#17908 = DIRECTION('',(-0.,0.324324324324,0.945945945946));
#17909 = DIRECTION('',(0.,0.945945945946,-0.324324324324));
#17910 = ADVANCED_FACE('',(#17911),#17936,.F.);
#17911 = FACE_BOUND('',#17912,.F.);
#17912 = EDGE_LOOP('',(#17913,#17921,#17929,#17935));
#17913 = ORIENTED_EDGE('',*,*,#17914,.F.);
#17914 = EDGE_CURVE('',#17915,#17875,#17917,.T.);
#17915 = VERTEX_POINT('',#17916);
#17916 = CARTESIAN_POINT('',(1.875,2.275,0.12));
#17917 = LINE('',#17918,#17919);
#17918 = CARTESIAN_POINT('',(1.875,2.275,0.12));
#17919 = VECTOR('',#17920,1.);
#17920 = DIRECTION('',(-0.,1.,0.));
#17921 = ORIENTED_EDGE('',*,*,#17922,.T.);
#17922 = EDGE_CURVE('',#17915,#17923,#17925,.T.);
#17923 = VERTEX_POINT('',#17924);
#17924 = CARTESIAN_POINT('',(2.125,2.275,0.12));
#17925 = LINE('',#17926,#17927);
#17926 = CARTESIAN_POINT('',(1.875,2.275,0.12));
#17927 = VECTOR('',#17928,1.);
#17928 = DIRECTION('',(1.,0.,-0.));
#17929 = ORIENTED_EDGE('',*,*,#17930,.T.);
#17930 = EDGE_CURVE('',#17923,#17877,#17931,.T.);
#17931 = LINE('',#17932,#17933);
#17932 = CARTESIAN_POINT('',(2.125,2.275,0.12));
#17933 = VECTOR('',#17934,1.);
#17934 = DIRECTION('',(-0.,1.,0.));
#17935 = ORIENTED_EDGE('',*,*,#17874,.F.);
#17936 = PLANE('',#17937);
#17937 = AXIS2_PLACEMENT_3D('',#17938,#17939,#17940);
#17938 = CARTESIAN_POINT('',(1.875,2.275,0.12));
#17939 = DIRECTION('',(0.,0.,1.));
#17940 = DIRECTION('',(1.,0.,-0.));
#17941 = ADVANCED_FACE('',(#17942),#17967,.F.);
#17942 = FACE_BOUND('',#17943,.F.);
#17943 = EDGE_LOOP('',(#17944,#17945,#17953,#17961));
#17944 = ORIENTED_EDGE('',*,*,#17892,.T.);
#17945 = ORIENTED_EDGE('',*,*,#17946,.T.);
#17946 = EDGE_CURVE('',#17885,#17947,#17949,.T.);
#17947 = VERTEX_POINT('',#17948);
#17948 = CARTESIAN_POINT('',(2.125,3.925,0.));
#17949 = LINE('',#17950,#17951);
#17950 = CARTESIAN_POINT('',(2.125,2.825,0.));
#17951 = VECTOR('',#17952,1.);
#17952 = DIRECTION('',(0.,1.,0.));
#17953 = ORIENTED_EDGE('',*,*,#17954,.F.);
#17954 = EDGE_CURVE('',#17955,#17947,#17957,.T.);
#17955 = VERTEX_POINT('',#17956);
#17956 = CARTESIAN_POINT('',(1.875,3.925,0.));
#17957 = LINE('',#17958,#17959);
#17958 = CARTESIAN_POINT('',(1.875,3.925,0.));
#17959 = VECTOR('',#17960,1.);
#17960 = DIRECTION('',(1.,0.,0.));
#17961 = ORIENTED_EDGE('',*,*,#17962,.F.);
#17962 = EDGE_CURVE('',#17893,#17955,#17963,.T.);
#17963 = LINE('',#17964,#17965);
#17964 = CARTESIAN_POINT('',(1.875,2.825,0.));
#17965 = VECTOR('',#17966,1.);
#17966 = DIRECTION('',(0.,1.,0.));
#17967 = PLANE('',#17968);
#17968 = AXIS2_PLACEMENT_3D('',#17969,#17970,#17971);
#17969 = CARTESIAN_POINT('',(1.875,2.825,0.));
#17970 = DIRECTION('',(0.,0.,1.));
#17971 = DIRECTION('',(0.,1.,0.));
#17972 = ADVANCED_FACE('',(#17973),#17989,.F.);
#17973 = FACE_BOUND('',#17974,.F.);
#17974 = EDGE_LOOP('',(#17975,#17981,#17982,#17988));
#17975 = ORIENTED_EDGE('',*,*,#17976,.F.);
#17976 = EDGE_CURVE('',#17923,#17852,#17977,.T.);
#17977 = LINE('',#17978,#17979);
#17978 = CARTESIAN_POINT('',(2.125,2.275,0.12));
#17979 = VECTOR('',#17980,1.);
#17980 = DIRECTION('',(0.,0.,1.));
#17981 = ORIENTED_EDGE('',*,*,#17922,.F.);
#17982 = ORIENTED_EDGE('',*,*,#17983,.T.);
#17983 = EDGE_CURVE('',#17915,#17790,#17984,.T.);
#17984 = LINE('',#17985,#17986);
#17985 = CARTESIAN_POINT('',(1.875,2.275,0.12));
#17986 = VECTOR('',#17987,1.);
#17987 = DIRECTION('',(0.,0.,1.));
#17988 = ORIENTED_EDGE('',*,*,#17859,.T.);
#17989 = PLANE('',#17990);
#17990 = AXIS2_PLACEMENT_3D('',#17991,#17992,#17993);
#17991 = CARTESIAN_POINT('',(1.875,2.275,0.12));
#17992 = DIRECTION('',(-0.,1.,0.));
#17993 = DIRECTION('',(0.,0.,1.));
#17994 = ADVANCED_FACE('',(#17995),#18020,.F.);
#17995 = FACE_BOUND('',#17996,.F.);
#17996 = EDGE_LOOP('',(#17997,#17998,#18006,#18014));
#17997 = ORIENTED_EDGE('',*,*,#17954,.T.);
#17998 = ORIENTED_EDGE('',*,*,#17999,.T.);
#17999 = EDGE_CURVE('',#17947,#18000,#18002,.T.);
#18000 = VERTEX_POINT('',#18001);
#18001 = CARTESIAN_POINT('',(2.125,3.925,0.4));
#18002 = LINE('',#18003,#18004);
#18003 = CARTESIAN_POINT('',(2.125,3.925,0.));
#18004 = VECTOR('',#18005,1.);
#18005 = DIRECTION('',(0.,0.,1.));
#18006 = ORIENTED_EDGE('',*,*,#18007,.F.);
#18007 = EDGE_CURVE('',#18008,#18000,#18010,.T.);
#18008 = VERTEX_POINT('',#18009);
#18009 = CARTESIAN_POINT('',(1.875,3.925,0.4));
#18010 = LINE('',#18011,#18012);
#18011 = CARTESIAN_POINT('',(1.875,3.925,0.4));
#18012 = VECTOR('',#18013,1.);
#18013 = DIRECTION('',(1.,0.,0.));
#18014 = ORIENTED_EDGE('',*,*,#18015,.F.);
#18015 = EDGE_CURVE('',#17955,#18008,#18016,.T.);
#18016 = LINE('',#18017,#18018);
#18017 = CARTESIAN_POINT('',(1.875,3.925,0.));
#18018 = VECTOR('',#18019,1.);
#18019 = DIRECTION('',(0.,0.,1.));
#18020 = PLANE('',#18021);
#18021 = AXIS2_PLACEMENT_3D('',#18022,#18023,#18024);
#18022 = CARTESIAN_POINT('',(1.875,3.925,0.));
#18023 = DIRECTION('',(0.,-1.,0.));
#18024 = DIRECTION('',(0.,0.,1.));
#18025 = ADVANCED_FACE('',(#18026),#18051,.F.);
#18026 = FACE_BOUND('',#18027,.F.);
#18027 = EDGE_LOOP('',(#18028,#18029,#18037,#18045));
#18028 = ORIENTED_EDGE('',*,*,#18007,.T.);
#18029 = ORIENTED_EDGE('',*,*,#18030,.T.);
#18030 = EDGE_CURVE('',#18000,#18031,#18033,.T.);
#18031 = VERTEX_POINT('',#18032);
#18032 = CARTESIAN_POINT('',(2.125,2.905,0.4));
#18033 = LINE('',#18034,#18035);
#18034 = CARTESIAN_POINT('',(2.125,3.925,0.4));
#18035 = VECTOR('',#18036,1.);
#18036 = DIRECTION('',(0.,-1.,0.));
#18037 = ORIENTED_EDGE('',*,*,#18038,.F.);
#18038 = EDGE_CURVE('',#18039,#18031,#18041,.T.);
#18039 = VERTEX_POINT('',#18040);
#18040 = CARTESIAN_POINT('',(1.875,2.905,0.4));
#18041 = LINE('',#18042,#18043);
#18042 = CARTESIAN_POINT('',(1.875,2.905,0.4));
#18043 = VECTOR('',#18044,1.);
#18044 = DIRECTION('',(1.,0.,0.));
#18045 = ORIENTED_EDGE('',*,*,#18046,.F.);
#18046 = EDGE_CURVE('',#18008,#18039,#18047,.T.);
#18047 = LINE('',#18048,#18049);
#18048 = CARTESIAN_POINT('',(1.875,3.925,0.4));
#18049 = VECTOR('',#18050,1.);
#18050 = DIRECTION('',(0.,-1.,0.));
#18051 = PLANE('',#18052);
#18052 = AXIS2_PLACEMENT_3D('',#18053,#18054,#18055);
#18053 = CARTESIAN_POINT('',(1.875,3.925,0.4));
#18054 = DIRECTION('',(0.,0.,-1.));
#18055 = DIRECTION('',(0.,-1.,0.));
#18056 = ADVANCED_FACE('',(#18057),#18082,.F.);
#18057 = FACE_BOUND('',#18058,.F.);
#18058 = EDGE_LOOP('',(#18059,#18060,#18068,#18076));
#18059 = ORIENTED_EDGE('',*,*,#18038,.T.);
#18060 = ORIENTED_EDGE('',*,*,#18061,.T.);
#18061 = EDGE_CURVE('',#18031,#18062,#18064,.T.);
#18062 = VERTEX_POINT('',#18063);
#18063 = CARTESIAN_POINT('',(2.125,2.475,0.59));
#18064 = LINE('',#18065,#18066);
#18065 = CARTESIAN_POINT('',(2.125,2.905,0.4));
#18066 = VECTOR('',#18067,1.);
#18067 = DIRECTION('',(0.,-0.914686604095,0.404163848321));
#18068 = ORIENTED_EDGE('',*,*,#18069,.F.);
#18069 = EDGE_CURVE('',#18070,#18062,#18072,.T.);
#18070 = VERTEX_POINT('',#18071);
#18071 = CARTESIAN_POINT('',(1.875,2.475,0.59));
#18072 = LINE('',#18073,#18074);
#18073 = CARTESIAN_POINT('',(1.875,2.475,0.59));
#18074 = VECTOR('',#18075,1.);
#18075 = DIRECTION('',(1.,0.,0.));
#18076 = ORIENTED_EDGE('',*,*,#18077,.F.);
#18077 = EDGE_CURVE('',#18039,#18070,#18078,.T.);
#18078 = LINE('',#18079,#18080);
#18079 = CARTESIAN_POINT('',(1.875,2.905,0.4));
#18080 = VECTOR('',#18081,1.);
#18081 = DIRECTION('',(0.,-0.914686604095,0.404163848321));
#18082 = PLANE('',#18083);
#18083 = AXIS2_PLACEMENT_3D('',#18084,#18085,#18086);
#18084 = CARTESIAN_POINT('',(1.875,2.905,0.4));
#18085 = DIRECTION('',(0.,-0.404163848321,-0.914686604095));
#18086 = DIRECTION('',(0.,-0.914686604095,0.404163848321));
#18087 = ADVANCED_FACE('',(#18088),#18113,.T.);
#18088 = FACE_BOUND('',#18089,.T.);
#18089 = EDGE_LOOP('',(#18090,#18091,#18099,#18107));
#18090 = ORIENTED_EDGE('',*,*,#18069,.F.);
#18091 = ORIENTED_EDGE('',*,*,#18092,.T.);
#18092 = EDGE_CURVE('',#18070,#18093,#18095,.T.);
#18093 = VERTEX_POINT('',#18094);
#18094 = CARTESIAN_POINT('',(1.875,2.475,1.17));
#18095 = LINE('',#18096,#18097);
#18096 = CARTESIAN_POINT('',(1.875,2.475,0.12));
#18097 = VECTOR('',#18098,1.);
#18098 = DIRECTION('',(0.,0.,1.));
#18099 = ORIENTED_EDGE('',*,*,#18100,.T.);
#18100 = EDGE_CURVE('',#18093,#18101,#18103,.T.);
#18101 = VERTEX_POINT('',#18102);
#18102 = CARTESIAN_POINT('',(2.125,2.475,1.17));
#18103 = LINE('',#18104,#18105);
#18104 = CARTESIAN_POINT('',(1.875,2.475,1.17));
#18105 = VECTOR('',#18106,1.);
#18106 = DIRECTION('',(1.,0.,-0.));
#18107 = ORIENTED_EDGE('',*,*,#18108,.F.);
#18108 = EDGE_CURVE('',#18062,#18101,#18109,.T.);
#18109 = LINE('',#18110,#18111);
#18110 = CARTESIAN_POINT('',(2.125,2.475,0.12));
#18111 = VECTOR('',#18112,1.);
#18112 = DIRECTION('',(0.,0.,1.));
#18113 = PLANE('',#18114);
#18114 = AXIS2_PLACEMENT_3D('',#18115,#18116,#18117);
#18115 = CARTESIAN_POINT('',(1.875,2.475,0.12));
#18116 = DIRECTION('',(-0.,1.,0.));
#18117 = DIRECTION('',(0.,0.,1.));
#18118 = ADVANCED_FACE('',(#18119),#18144,.T.);
#18119 = FACE_BOUND('',#18120,.T.);
#18120 = EDGE_LOOP('',(#18121,#18122,#18130,#18138));
#18121 = ORIENTED_EDGE('',*,*,#17851,.F.);
#18122 = ORIENTED_EDGE('',*,*,#18123,.T.);
#18123 = EDGE_CURVE('',#17852,#18124,#18126,.T.);
#18124 = VERTEX_POINT('',#18125);
#18125 = CARTESIAN_POINT('',(2.125,2.275,0.49));
#18126 = LINE('',#18127,#18128);
#18127 = CARTESIAN_POINT('',(2.125,2.275,0.12));
#18128 = VECTOR('',#18129,1.);
#18129 = DIRECTION('',(0.,0.,1.));
#18130 = ORIENTED_EDGE('',*,*,#18131,.T.);
#18131 = EDGE_CURVE('',#18124,#18132,#18134,.T.);
#18132 = VERTEX_POINT('',#18133);
#18133 = CARTESIAN_POINT('',(2.15,2.275,0.49));
#18134 = LINE('',#18135,#18136);
#18135 = CARTESIAN_POINT('',(1.85,2.275,0.49));
#18136 = VECTOR('',#18137,1.);
#18137 = DIRECTION('',(1.,0.,-0.));
#18138 = ORIENTED_EDGE('',*,*,#18139,.F.);
#18139 = EDGE_CURVE('',#17844,#18132,#18140,.T.);
#18140 = LINE('',#18141,#18142);
#18141 = CARTESIAN_POINT('',(2.15,2.275,0.3));
#18142 = VECTOR('',#18143,1.);
#18143 = DIRECTION('',(0.,0.,1.));
#18144 = PLANE('',#18145);
#18145 = AXIS2_PLACEMENT_3D('',#18146,#18147,#18148);
#18146 = CARTESIAN_POINT('',(1.85,2.275,0.3));
#18147 = DIRECTION('',(-0.,1.,0.));
#18148 = DIRECTION('',(0.,0.,1.));
#18149 = ADVANCED_FACE('',(#18150),#18182,.T.);
#18150 = FACE_BOUND('',#18151,.T.);
#18151 = EDGE_LOOP('',(#18152,#18160,#18168,#18174,#18175,#18181));
#18152 = ORIENTED_EDGE('',*,*,#18153,.F.);
#18153 = EDGE_CURVE('',#18154,#17798,#18156,.T.);
#18154 = VERTEX_POINT('',#18155);
#18155 = CARTESIAN_POINT('',(1.85,-0.325,0.49));
#18156 = LINE('',#18157,#18158);
#18157 = CARTESIAN_POINT('',(1.85,-0.925,0.49));
#18158 = VECTOR('',#18159,1.);
#18159 = DIRECTION('',(-0.,1.,0.));
#18160 = ORIENTED_EDGE('',*,*,#18161,.T.);
#18161 = EDGE_CURVE('',#18154,#18162,#18164,.T.);
#18162 = VERTEX_POINT('',#18163);
#18163 = CARTESIAN_POINT('',(2.15,-0.325,0.49));
#18164 = LINE('',#18165,#18166);
#18165 = CARTESIAN_POINT('',(1.85,-0.325,0.49));
#18166 = VECTOR('',#18167,1.);
#18167 = DIRECTION('',(1.,0.,-0.));
#18168 = ORIENTED_EDGE('',*,*,#18169,.T.);
#18169 = EDGE_CURVE('',#18162,#18132,#18170,.T.);
#18170 = LINE('',#18171,#18172);
#18171 = CARTESIAN_POINT('',(2.15,-0.925,0.49));
#18172 = VECTOR('',#18173,1.);
#18173 = DIRECTION('',(-0.,1.,0.));
#18174 = ORIENTED_EDGE('',*,*,#18131,.F.);
#18175 = ORIENTED_EDGE('',*,*,#18176,.F.);
#18176 = EDGE_CURVE('',#17806,#18124,#18177,.T.);
#18177 = LINE('',#18178,#18179);
#18178 = CARTESIAN_POINT('',(1.85,2.275,0.49));
#18179 = VECTOR('',#18180,1.);
#18180 = DIRECTION('',(1.,0.,-0.));
#18181 = ORIENTED_EDGE('',*,*,#17805,.F.);
#18182 = PLANE('',#18183);
#18183 = AXIS2_PLACEMENT_3D('',#18184,#18185,#18186);
#18184 = CARTESIAN_POINT('',(1.85,-0.925,0.49));
#18185 = DIRECTION('',(0.,0.,1.));
#18186 = DIRECTION('',(1.,0.,-0.));
#18187 = ADVANCED_FACE('',(#18188),#18204,.F.);
#18188 = FACE_BOUND('',#18189,.F.);
#18189 = EDGE_LOOP('',(#18190,#18196,#18197,#18203));
#18190 = ORIENTED_EDGE('',*,*,#18191,.F.);
#18191 = EDGE_CURVE('',#18124,#17765,#18192,.T.);
#18192 = LINE('',#18193,#18194);
#18193 = CARTESIAN_POINT('',(2.125,2.275,0.12));
#18194 = VECTOR('',#18195,1.);
#18195 = DIRECTION('',(0.,0.,1.));
#18196 = ORIENTED_EDGE('',*,*,#18176,.F.);
#18197 = ORIENTED_EDGE('',*,*,#18198,.T.);
#18198 = EDGE_CURVE('',#17806,#17703,#18199,.T.);
#18199 = LINE('',#18200,#18201);
#18200 = CARTESIAN_POINT('',(1.875,2.275,0.12));
#18201 = VECTOR('',#18202,1.);
#18202 = DIRECTION('',(0.,0.,1.));
#18203 = ORIENTED_EDGE('',*,*,#17772,.T.);
#18204 = PLANE('',#18205);
#18205 = AXIS2_PLACEMENT_3D('',#18206,#18207,#18208);
#18206 = CARTESIAN_POINT('',(1.875,2.275,0.12));
#18207 = DIRECTION('',(-0.,1.,0.));
#18208 = DIRECTION('',(0.,0.,1.));
#18209 = ADVANCED_FACE('',(#18210),#18235,.T.);
#18210 = FACE_BOUND('',#18211,.T.);
#18211 = EDGE_LOOP('',(#18212,#18213,#18221,#18229));
#18212 = ORIENTED_EDGE('',*,*,#17764,.F.);
#18213 = ORIENTED_EDGE('',*,*,#18214,.T.);
#18214 = EDGE_CURVE('',#17765,#18215,#18217,.T.);
#18215 = VERTEX_POINT('',#18216);
#18216 = CARTESIAN_POINT('',(2.125,2.275,1.17));
#18217 = LINE('',#18218,#18219);
#18218 = CARTESIAN_POINT('',(2.125,2.275,0.12));
#18219 = VECTOR('',#18220,1.);
#18220 = DIRECTION('',(0.,0.,1.));
#18221 = ORIENTED_EDGE('',*,*,#18222,.T.);
#18222 = EDGE_CURVE('',#18215,#18223,#18225,.T.);
#18223 = VERTEX_POINT('',#18224);
#18224 = CARTESIAN_POINT('',(2.15,2.275,1.17));
#18225 = LINE('',#18226,#18227);
#18226 = CARTESIAN_POINT('',(1.85,2.275,1.17));
#18227 = VECTOR('',#18228,1.);
#18228 = DIRECTION('',(1.,0.,-0.));
#18229 = ORIENTED_EDGE('',*,*,#18230,.F.);
#18230 = EDGE_CURVE('',#17757,#18223,#18231,.T.);
#18231 = LINE('',#18232,#18233);
#18232 = CARTESIAN_POINT('',(2.15,2.275,0.86));
#18233 = VECTOR('',#18234,1.);
#18234 = DIRECTION('',(0.,0.,1.));
#18235 = PLANE('',#18236);
#18236 = AXIS2_PLACEMENT_3D('',#18237,#18238,#18239);
#18237 = CARTESIAN_POINT('',(1.85,2.275,0.86));
#18238 = DIRECTION('',(-0.,1.,0.));
#18239 = DIRECTION('',(0.,0.,1.));
#18240 = ADVANCED_FACE('',(#18241),#18259,.F.);
#18241 = FACE_BOUND('',#18242,.F.);
#18242 = EDGE_LOOP('',(#18243,#18251,#18252,#18253));
#18243 = ORIENTED_EDGE('',*,*,#18244,.F.);
#18244 = EDGE_CURVE('',#17741,#18245,#18247,.T.);
#18245 = VERTEX_POINT('',#18246);
#18246 = CARTESIAN_POINT('',(1.85,-0.6,1.17));
#18247 = LINE('',#18248,#18249);
#18248 = CARTESIAN_POINT('',(1.85,-0.6,0.86));
#18249 = VECTOR('',#18250,1.);
#18250 = DIRECTION('',(0.,0.,1.));
#18251 = ORIENTED_EDGE('',*,*,#17740,.T.);
#18252 = ORIENTED_EDGE('',*,*,#17710,.T.);
#18253 = ORIENTED_EDGE('',*,*,#18254,.F.);
#18254 = EDGE_CURVE('',#18245,#17711,#18255,.T.);
#18255 = LINE('',#18256,#18257);
#18256 = CARTESIAN_POINT('',(1.85,-0.6,1.17));
#18257 = VECTOR('',#18258,1.);
#18258 = DIRECTION('',(-0.,1.,0.));
#18259 = PLANE('',#18260);
#18260 = AXIS2_PLACEMENT_3D('',#18261,#18262,#18263);
#18261 = CARTESIAN_POINT('',(1.85,-0.6,0.86));
#18262 = DIRECTION('',(1.,0.,-0.));
#18263 = DIRECTION('',(0.,0.,1.));
#18264 = ADVANCED_FACE('',(#18265),#18283,.T.);
#18265 = FACE_BOUND('',#18266,.T.);
#18266 = EDGE_LOOP('',(#18267,#18275,#18276,#18277));
#18267 = ORIENTED_EDGE('',*,*,#18268,.F.);
#18268 = EDGE_CURVE('',#17749,#18269,#18271,.T.);
#18269 = VERTEX_POINT('',#18270);
#18270 = CARTESIAN_POINT('',(2.15,-0.6,1.17));
#18271 = LINE('',#18272,#18273);
#18272 = CARTESIAN_POINT('',(2.15,-0.6,0.86));
#18273 = VECTOR('',#18274,1.);
#18274 = DIRECTION('',(0.,0.,1.));
#18275 = ORIENTED_EDGE('',*,*,#17756,.T.);
#18276 = ORIENTED_EDGE('',*,*,#18230,.T.);
#18277 = ORIENTED_EDGE('',*,*,#18278,.F.);
#18278 = EDGE_CURVE('',#18269,#18223,#18279,.T.);
#18279 = LINE('',#18280,#18281);
#18280 = CARTESIAN_POINT('',(2.15,-0.6,1.17));
#18281 = VECTOR('',#18282,1.);
#18282 = DIRECTION('',(-0.,1.,0.));
#18283 = PLANE('',#18284);
#18284 = AXIS2_PLACEMENT_3D('',#18285,#18286,#18287);
#18285 = CARTESIAN_POINT('',(2.15,-0.6,0.86));
#18286 = DIRECTION('',(1.,0.,-0.));
#18287 = DIRECTION('',(0.,0.,1.));
#18288 = ADVANCED_FACE('',(#18289),#18314,.T.);
#18289 = FACE_BOUND('',#18290,.T.);
#18290 = EDGE_LOOP('',(#18291,#18292,#18300,#18308));
#18291 = ORIENTED_EDGE('',*,*,#18161,.F.);
#18292 = ORIENTED_EDGE('',*,*,#18293,.T.);
#18293 = EDGE_CURVE('',#18154,#18294,#18296,.T.);
#18294 = VERTEX_POINT('',#18295);
#18295 = CARTESIAN_POINT('',(1.85,-0.325,0.8));
#18296 = LINE('',#18297,#18298);
#18297 = CARTESIAN_POINT('',(1.85,-0.325,0.49));
#18298 = VECTOR('',#18299,1.);
#18299 = DIRECTION('',(0.,0.,1.));
#18300 = ORIENTED_EDGE('',*,*,#18301,.T.);
#18301 = EDGE_CURVE('',#18294,#18302,#18304,.T.);
#18302 = VERTEX_POINT('',#18303);
#18303 = CARTESIAN_POINT('',(2.15,-0.325,0.8));
#18304 = LINE('',#18305,#18306);
#18305 = CARTESIAN_POINT('',(1.85,-0.325,0.8));
#18306 = VECTOR('',#18307,1.);
#18307 = DIRECTION('',(1.,0.,-0.));
#18308 = ORIENTED_EDGE('',*,*,#18309,.F.);
#18309 = EDGE_CURVE('',#18162,#18302,#18310,.T.);
#18310 = LINE('',#18311,#18312);
#18311 = CARTESIAN_POINT('',(2.15,-0.325,0.49));
#18312 = VECTOR('',#18313,1.);
#18313 = DIRECTION('',(0.,0.,1.));
#18314 = PLANE('',#18315);
#18315 = AXIS2_PLACEMENT_3D('',#18316,#18317,#18318);
#18316 = CARTESIAN_POINT('',(1.85,-0.325,0.49));
#18317 = DIRECTION('',(-0.,1.,0.));
#18318 = DIRECTION('',(0.,0.,1.));
#18319 = ADVANCED_FACE('',(#18320),#18331,.F.);
#18320 = FACE_BOUND('',#18321,.F.);
#18321 = EDGE_LOOP('',(#18322,#18323,#18324,#18330));
#18322 = ORIENTED_EDGE('',*,*,#17748,.F.);
#18323 = ORIENTED_EDGE('',*,*,#18244,.T.);
#18324 = ORIENTED_EDGE('',*,*,#18325,.T.);
#18325 = EDGE_CURVE('',#18245,#18269,#18326,.T.);
#18326 = LINE('',#18327,#18328);
#18327 = CARTESIAN_POINT('',(1.85,-0.6,1.17));
#18328 = VECTOR('',#18329,1.);
#18329 = DIRECTION('',(1.,0.,-0.));
#18330 = ORIENTED_EDGE('',*,*,#18268,.F.);
#18331 = PLANE('',#18332);
#18332 = AXIS2_PLACEMENT_3D('',#18333,#18334,#18335);
#18333 = CARTESIAN_POINT('',(1.85,-0.6,0.86));
#18334 = DIRECTION('',(-0.,1.,0.));
#18335 = DIRECTION('',(0.,0.,1.));
#18336 = ADVANCED_FACE('',(#18337),#18362,.T.);
#18337 = FACE_BOUND('',#18338,.T.);
#18338 = EDGE_LOOP('',(#18339,#18347,#18355,#18361));
#18339 = ORIENTED_EDGE('',*,*,#18340,.F.);
#18340 = EDGE_CURVE('',#18341,#18294,#18343,.T.);
#18341 = VERTEX_POINT('',#18342);
#18342 = CARTESIAN_POINT('',(1.85,-0.925,0.8));
#18343 = LINE('',#18344,#18345);
#18344 = CARTESIAN_POINT('',(1.85,-0.925,0.8));
#18345 = VECTOR('',#18346,1.);
#18346 = DIRECTION('',(-0.,1.,0.));
#18347 = ORIENTED_EDGE('',*,*,#18348,.T.);
#18348 = EDGE_CURVE('',#18341,#18349,#18351,.T.);
#18349 = VERTEX_POINT('',#18350);
#18350 = CARTESIAN_POINT('',(2.15,-0.925,0.8));
#18351 = LINE('',#18352,#18353);
#18352 = CARTESIAN_POINT('',(1.85,-0.925,0.8));
#18353 = VECTOR('',#18354,1.);
#18354 = DIRECTION('',(1.,0.,-0.));
#18355 = ORIENTED_EDGE('',*,*,#18356,.T.);
#18356 = EDGE_CURVE('',#18349,#18302,#18357,.T.);
#18357 = LINE('',#18358,#18359);
#18358 = CARTESIAN_POINT('',(2.15,-0.925,0.8));
#18359 = VECTOR('',#18360,1.);
#18360 = DIRECTION('',(-0.,1.,0.));
#18361 = ORIENTED_EDGE('',*,*,#18301,.F.);
#18362 = PLANE('',#18363);
#18363 = AXIS2_PLACEMENT_3D('',#18364,#18365,#18366);
#18364 = CARTESIAN_POINT('',(1.85,-0.925,0.8));
#18365 = DIRECTION('',(0.,0.,1.));
#18366 = DIRECTION('',(1.,0.,-0.));
#18367 = ADVANCED_FACE('',(#18368),#18387,.T.);
#18368 = FACE_BOUND('',#18369,.T.);
#18369 = EDGE_LOOP('',(#18370,#18371,#18372,#18373,#18374,#18375,#18376,
    #18382,#18383,#18384,#18385,#18386));
#18370 = ORIENTED_EDGE('',*,*,#17900,.F.);
#18371 = ORIENTED_EDGE('',*,*,#17914,.F.);
#18372 = ORIENTED_EDGE('',*,*,#17983,.T.);
#18373 = ORIENTED_EDGE('',*,*,#17813,.T.);
#18374 = ORIENTED_EDGE('',*,*,#18198,.T.);
#18375 = ORIENTED_EDGE('',*,*,#17726,.T.);
#18376 = ORIENTED_EDGE('',*,*,#18377,.T.);
#18377 = EDGE_CURVE('',#17719,#18093,#18378,.T.);
#18378 = LINE('',#18379,#18380);
#18379 = CARTESIAN_POINT('',(1.875,2.275,1.17));
#18380 = VECTOR('',#18381,1.);
#18381 = DIRECTION('',(-0.,1.,0.));
#18382 = ORIENTED_EDGE('',*,*,#18092,.F.);
#18383 = ORIENTED_EDGE('',*,*,#18077,.F.);
#18384 = ORIENTED_EDGE('',*,*,#18046,.F.);
#18385 = ORIENTED_EDGE('',*,*,#18015,.F.);
#18386 = ORIENTED_EDGE('',*,*,#17962,.F.);
#18387 = PLANE('',#18388);
#18388 = AXIS2_PLACEMENT_3D('',#18389,#18390,#18391);
#18389 = CARTESIAN_POINT('',(1.875,2.928538891724,0.406031440384));
#18390 = DIRECTION('',(-1.,-0.,-0.));
#18391 = DIRECTION('',(0.,0.,-1.));
#18392 = ADVANCED_FACE('',(#18393),#18412,.T.);
#18393 = FACE_BOUND('',#18394,.T.);
#18394 = EDGE_LOOP('',(#18395,#18396,#18397,#18398,#18399,#18400,#18401,
    #18407,#18408,#18409,#18410,#18411));
#18395 = ORIENTED_EDGE('',*,*,#17884,.T.);
#18396 = ORIENTED_EDGE('',*,*,#17946,.T.);
#18397 = ORIENTED_EDGE('',*,*,#17999,.T.);
#18398 = ORIENTED_EDGE('',*,*,#18030,.T.);
#18399 = ORIENTED_EDGE('',*,*,#18061,.T.);
#18400 = ORIENTED_EDGE('',*,*,#18108,.T.);
#18401 = ORIENTED_EDGE('',*,*,#18402,.F.);
#18402 = EDGE_CURVE('',#18215,#18101,#18403,.T.);
#18403 = LINE('',#18404,#18405);
#18404 = CARTESIAN_POINT('',(2.125,2.275,1.17));
#18405 = VECTOR('',#18406,1.);
#18406 = DIRECTION('',(-0.,1.,0.));
#18407 = ORIENTED_EDGE('',*,*,#18214,.F.);
#18408 = ORIENTED_EDGE('',*,*,#18191,.F.);
#18409 = ORIENTED_EDGE('',*,*,#18123,.F.);
#18410 = ORIENTED_EDGE('',*,*,#17976,.F.);
#18411 = ORIENTED_EDGE('',*,*,#17930,.T.);
#18412 = PLANE('',#18413);
#18413 = AXIS2_PLACEMENT_3D('',#18414,#18415,#18416);
#18414 = CARTESIAN_POINT('',(2.125,2.928538891724,0.406031440384));
#18415 = DIRECTION('',(1.,0.,0.));
#18416 = DIRECTION('',(-0.,0.,1.));
#18417 = ADVANCED_FACE('',(#18418),#18428,.T.);
#18418 = FACE_BOUND('',#18419,.T.);
#18419 = EDGE_LOOP('',(#18420,#18421,#18422,#18423,#18424,#18425,#18426,
    #18427));
#18420 = ORIENTED_EDGE('',*,*,#18377,.F.);
#18421 = ORIENTED_EDGE('',*,*,#17718,.F.);
#18422 = ORIENTED_EDGE('',*,*,#18254,.F.);
#18423 = ORIENTED_EDGE('',*,*,#18325,.T.);
#18424 = ORIENTED_EDGE('',*,*,#18278,.T.);
#18425 = ORIENTED_EDGE('',*,*,#18222,.F.);
#18426 = ORIENTED_EDGE('',*,*,#18402,.T.);
#18427 = ORIENTED_EDGE('',*,*,#18100,.F.);
#18428 = PLANE('',#18429);
#18429 = AXIS2_PLACEMENT_3D('',#18430,#18431,#18432);
#18430 = CARTESIAN_POINT('',(2.,0.936018518519,1.17));
#18431 = DIRECTION('',(0.,0.,1.));
#18432 = DIRECTION('',(1.,0.,-0.));
#18433 = ADVANCED_FACE('',(#18434),#18447,.T.);
#18434 = FACE_BOUND('',#18435,.T.);
#18435 = EDGE_LOOP('',(#18436,#18442,#18443,#18444,#18445,#18446));
#18436 = ORIENTED_EDGE('',*,*,#18437,.T.);
#18437 = EDGE_CURVE('',#17828,#18341,#18438,.T.);
#18438 = LINE('',#18439,#18440);
#18439 = CARTESIAN_POINT('',(1.85,-0.925,0.3));
#18440 = VECTOR('',#18441,1.);
#18441 = DIRECTION('',(0.,0.,1.));
#18442 = ORIENTED_EDGE('',*,*,#18340,.T.);
#18443 = ORIENTED_EDGE('',*,*,#18293,.F.);
#18444 = ORIENTED_EDGE('',*,*,#18153,.T.);
#18445 = ORIENTED_EDGE('',*,*,#17797,.F.);
#18446 = ORIENTED_EDGE('',*,*,#17827,.F.);
#18447 = PLANE('',#18448);
#18448 = AXIS2_PLACEMENT_3D('',#18449,#18450,#18451);
#18449 = CARTESIAN_POINT('',(1.85,0.566081081081,0.441081081081));
#18450 = DIRECTION('',(-1.,-0.,-0.));
#18451 = DIRECTION('',(0.,0.,-1.));
#18452 = ADVANCED_FACE('',(#18453),#18466,.T.);
#18453 = FACE_BOUND('',#18454,.T.);
#18454 = EDGE_LOOP('',(#18455,#18456,#18457,#18458,#18459,#18460));
#18455 = ORIENTED_EDGE('',*,*,#17843,.T.);
#18456 = ORIENTED_EDGE('',*,*,#18139,.T.);
#18457 = ORIENTED_EDGE('',*,*,#18169,.F.);
#18458 = ORIENTED_EDGE('',*,*,#18309,.T.);
#18459 = ORIENTED_EDGE('',*,*,#18356,.F.);
#18460 = ORIENTED_EDGE('',*,*,#18461,.F.);
#18461 = EDGE_CURVE('',#17836,#18349,#18462,.T.);
#18462 = LINE('',#18463,#18464);
#18463 = CARTESIAN_POINT('',(2.15,-0.925,0.49));
#18464 = VECTOR('',#18465,1.);
#18465 = DIRECTION('',(0.,0.,1.));
#18466 = PLANE('',#18467);
#18467 = AXIS2_PLACEMENT_3D('',#18468,#18469,#18470);
#18468 = CARTESIAN_POINT('',(2.15,0.566081081081,0.441081081081));
#18469 = DIRECTION('',(1.,0.,0.));
#18470 = DIRECTION('',(-0.,0.,1.));
#18471 = ADVANCED_FACE('',(#18472),#18478,.T.);
#18472 = FACE_BOUND('',#18473,.T.);
#18473 = EDGE_LOOP('',(#18474,#18475,#18476,#18477));
#18474 = ORIENTED_EDGE('',*,*,#17835,.T.);
#18475 = ORIENTED_EDGE('',*,*,#18461,.T.);
#18476 = ORIENTED_EDGE('',*,*,#18348,.F.);
#18477 = ORIENTED_EDGE('',*,*,#18437,.F.);
#18478 = PLANE('',#18479);
#18479 = AXIS2_PLACEMENT_3D('',#18480,#18481,#18482);
#18480 = CARTESIAN_POINT('',(2.,-0.925,0.55));
#18481 = DIRECTION('',(-0.,-1.,-0.));
#18482 = DIRECTION('',(0.,0.,-1.));
#18483 = MANIFOLD_SOLID_BREP('',#18484);
#18484 = CLOSED_SHELL('',(#18485,#18525,#18572,#18612,#18659,#18699,
    #18730,#18761,#18783,#18814,#18845,#18876,#18907,#18938,#18976,
    #18998,#19029,#19053,#19077,#19108,#19125,#19156,#19181,#19206,
    #19222,#19241,#19260));
#18485 = ADVANCED_FACE('',(#18486),#18520,.T.);
#18486 = FACE_BOUND('',#18487,.T.);
#18487 = EDGE_LOOP('',(#18488,#18498,#18506,#18514));
#18488 = ORIENTED_EDGE('',*,*,#18489,.F.);
#18489 = EDGE_CURVE('',#18490,#18492,#18494,.T.);
#18490 = VERTEX_POINT('',#18491);
#18491 = CARTESIAN_POINT('',(2.85,2.275,0.86));
#18492 = VERTEX_POINT('',#18493);
#18493 = CARTESIAN_POINT('',(2.875,2.275,0.86));
#18494 = LINE('',#18495,#18496);
#18495 = CARTESIAN_POINT('',(2.85,2.275,0.86));
#18496 = VECTOR('',#18497,1.);
#18497 = DIRECTION('',(1.,0.,-0.));
#18498 = ORIENTED_EDGE('',*,*,#18499,.T.);
#18499 = EDGE_CURVE('',#18490,#18500,#18502,.T.);
#18500 = VERTEX_POINT('',#18501);
#18501 = CARTESIAN_POINT('',(2.85,2.275,1.17));
#18502 = LINE('',#18503,#18504);
#18503 = CARTESIAN_POINT('',(2.85,2.275,0.86));
#18504 = VECTOR('',#18505,1.);
#18505 = DIRECTION('',(0.,0.,1.));
#18506 = ORIENTED_EDGE('',*,*,#18507,.T.);
#18507 = EDGE_CURVE('',#18500,#18508,#18510,.T.);
#18508 = VERTEX_POINT('',#18509);
#18509 = CARTESIAN_POINT('',(2.875,2.275,1.17));
#18510 = LINE('',#18511,#18512);
#18511 = CARTESIAN_POINT('',(2.85,2.275,1.17));
#18512 = VECTOR('',#18513,1.);
#18513 = DIRECTION('',(1.,0.,-0.));
#18514 = ORIENTED_EDGE('',*,*,#18515,.F.);
#18515 = EDGE_CURVE('',#18492,#18508,#18516,.T.);
#18516 = LINE('',#18517,#18518);
#18517 = CARTESIAN_POINT('',(2.875,2.275,0.12));
#18518 = VECTOR('',#18519,1.);
#18519 = DIRECTION('',(0.,0.,1.));
#18520 = PLANE('',#18521);
#18521 = AXIS2_PLACEMENT_3D('',#18522,#18523,#18524);
#18522 = CARTESIAN_POINT('',(2.85,2.275,0.86));
#18523 = DIRECTION('',(-0.,1.,0.));
#18524 = DIRECTION('',(0.,0.,1.));
#18525 = ADVANCED_FACE('',(#18526),#18567,.F.);
#18526 = FACE_BOUND('',#18527,.F.);
#18527 = EDGE_LOOP('',(#18528,#18536,#18544,#18552,#18560,#18566));
#18528 = ORIENTED_EDGE('',*,*,#18529,.F.);
#18529 = EDGE_CURVE('',#18530,#18490,#18532,.T.);
#18530 = VERTEX_POINT('',#18531);
#18531 = CARTESIAN_POINT('',(2.85,-0.6,0.86));
#18532 = LINE('',#18533,#18534);
#18533 = CARTESIAN_POINT('',(2.85,-0.6,0.86));
#18534 = VECTOR('',#18535,1.);
#18535 = DIRECTION('',(-0.,1.,0.));
#18536 = ORIENTED_EDGE('',*,*,#18537,.T.);
#18537 = EDGE_CURVE('',#18530,#18538,#18540,.T.);
#18538 = VERTEX_POINT('',#18539);
#18539 = CARTESIAN_POINT('',(3.15,-0.6,0.86));
#18540 = LINE('',#18541,#18542);
#18541 = CARTESIAN_POINT('',(2.85,-0.6,0.86));
#18542 = VECTOR('',#18543,1.);
#18543 = DIRECTION('',(1.,0.,-0.));
#18544 = ORIENTED_EDGE('',*,*,#18545,.T.);
#18545 = EDGE_CURVE('',#18538,#18546,#18548,.T.);
#18546 = VERTEX_POINT('',#18547);
#18547 = CARTESIAN_POINT('',(3.15,2.275,0.86));
#18548 = LINE('',#18549,#18550);
#18549 = CARTESIAN_POINT('',(3.15,-0.6,0.86));
#18550 = VECTOR('',#18551,1.);
#18551 = DIRECTION('',(-0.,1.,0.));
#18552 = ORIENTED_EDGE('',*,*,#18553,.F.);
#18553 = EDGE_CURVE('',#18554,#18546,#18556,.T.);
#18554 = VERTEX_POINT('',#18555);
#18555 = CARTESIAN_POINT('',(3.125,2.275,0.86));
#18556 = LINE('',#18557,#18558);
#18557 = CARTESIAN_POINT('',(2.85,2.275,0.86));
#18558 = VECTOR('',#18559,1.);
#18559 = DIRECTION('',(1.,0.,-0.));
#18560 = ORIENTED_EDGE('',*,*,#18561,.F.);
#18561 = EDGE_CURVE('',#18492,#18554,#18562,.T.);
#18562 = LINE('',#18563,#18564);
#18563 = CARTESIAN_POINT('',(2.85,2.275,0.86));
#18564 = VECTOR('',#18565,1.);
#18565 = DIRECTION('',(1.,0.,-0.));
#18566 = ORIENTED_EDGE('',*,*,#18489,.F.);
#18567 = PLANE('',#18568);
#18568 = AXIS2_PLACEMENT_3D('',#18569,#18570,#18571);
#18569 = CARTESIAN_POINT('',(2.85,-0.6,0.86));
#18570 = DIRECTION('',(0.,0.,1.));
#18571 = DIRECTION('',(1.,0.,-0.));
#18572 = ADVANCED_FACE('',(#18573),#18607,.T.);
#18573 = FACE_BOUND('',#18574,.T.);
#18574 = EDGE_LOOP('',(#18575,#18585,#18593,#18601));
#18575 = ORIENTED_EDGE('',*,*,#18576,.F.);
#18576 = EDGE_CURVE('',#18577,#18579,#18581,.T.);
#18577 = VERTEX_POINT('',#18578);
#18578 = CARTESIAN_POINT('',(2.85,2.275,0.3));
#18579 = VERTEX_POINT('',#18580);
#18580 = CARTESIAN_POINT('',(2.875,2.275,0.3));
#18581 = LINE('',#18582,#18583);
#18582 = CARTESIAN_POINT('',(2.85,2.275,0.3));
#18583 = VECTOR('',#18584,1.);
#18584 = DIRECTION('',(1.,0.,-0.));
#18585 = ORIENTED_EDGE('',*,*,#18586,.T.);
#18586 = EDGE_CURVE('',#18577,#18587,#18589,.T.);
#18587 = VERTEX_POINT('',#18588);
#18588 = CARTESIAN_POINT('',(2.85,2.275,0.49));
#18589 = LINE('',#18590,#18591);
#18590 = CARTESIAN_POINT('',(2.85,2.275,0.3));
#18591 = VECTOR('',#18592,1.);
#18592 = DIRECTION('',(0.,0.,1.));
#18593 = ORIENTED_EDGE('',*,*,#18594,.T.);
#18594 = EDGE_CURVE('',#18587,#18595,#18597,.T.);
#18595 = VERTEX_POINT('',#18596);
#18596 = CARTESIAN_POINT('',(2.875,2.275,0.49));
#18597 = LINE('',#18598,#18599);
#18598 = CARTESIAN_POINT('',(2.85,2.275,0.49));
#18599 = VECTOR('',#18600,1.);
#18600 = DIRECTION('',(1.,0.,-0.));
#18601 = ORIENTED_EDGE('',*,*,#18602,.F.);
#18602 = EDGE_CURVE('',#18579,#18595,#18603,.T.);
#18603 = LINE('',#18604,#18605);
#18604 = CARTESIAN_POINT('',(2.875,2.275,0.12));
#18605 = VECTOR('',#18606,1.);
#18606 = DIRECTION('',(0.,0.,1.));
#18607 = PLANE('',#18608);
#18608 = AXIS2_PLACEMENT_3D('',#18609,#18610,#18611);
#18609 = CARTESIAN_POINT('',(2.85,2.275,0.3));
#18610 = DIRECTION('',(-0.,1.,0.));
#18611 = DIRECTION('',(0.,0.,1.));
#18612 = ADVANCED_FACE('',(#18613),#18654,.F.);
#18613 = FACE_BOUND('',#18614,.F.);
#18614 = EDGE_LOOP('',(#18615,#18623,#18631,#18639,#18647,#18653));
#18615 = ORIENTED_EDGE('',*,*,#18616,.F.);
#18616 = EDGE_CURVE('',#18617,#18577,#18619,.T.);
#18617 = VERTEX_POINT('',#18618);
#18618 = CARTESIAN_POINT('',(2.85,-0.925,0.3));
#18619 = LINE('',#18620,#18621);
#18620 = CARTESIAN_POINT('',(2.85,-0.925,0.3));
#18621 = VECTOR('',#18622,1.);
#18622 = DIRECTION('',(-0.,1.,0.));
#18623 = ORIENTED_EDGE('',*,*,#18624,.T.);
#18624 = EDGE_CURVE('',#18617,#18625,#18627,.T.);
#18625 = VERTEX_POINT('',#18626);
#18626 = CARTESIAN_POINT('',(3.15,-0.925,0.3));
#18627 = LINE('',#18628,#18629);
#18628 = CARTESIAN_POINT('',(2.85,-0.925,0.3));
#18629 = VECTOR('',#18630,1.);
#18630 = DIRECTION('',(1.,0.,-0.));
#18631 = ORIENTED_EDGE('',*,*,#18632,.T.);
#18632 = EDGE_CURVE('',#18625,#18633,#18635,.T.);
#18633 = VERTEX_POINT('',#18634);
#18634 = CARTESIAN_POINT('',(3.15,2.275,0.3));
#18635 = LINE('',#18636,#18637);
#18636 = CARTESIAN_POINT('',(3.15,-0.925,0.3));
#18637 = VECTOR('',#18638,1.);
#18638 = DIRECTION('',(-0.,1.,0.));
#18639 = ORIENTED_EDGE('',*,*,#18640,.F.);
#18640 = EDGE_CURVE('',#18641,#18633,#18643,.T.);
#18641 = VERTEX_POINT('',#18642);
#18642 = CARTESIAN_POINT('',(3.125,2.275,0.3));
#18643 = LINE('',#18644,#18645);
#18644 = CARTESIAN_POINT('',(2.85,2.275,0.3));
#18645 = VECTOR('',#18646,1.);
#18646 = DIRECTION('',(1.,0.,-0.));
#18647 = ORIENTED_EDGE('',*,*,#18648,.F.);
#18648 = EDGE_CURVE('',#18579,#18641,#18649,.T.);
#18649 = LINE('',#18650,#18651);
#18650 = CARTESIAN_POINT('',(2.85,2.275,0.3));
#18651 = VECTOR('',#18652,1.);
#18652 = DIRECTION('',(1.,0.,-0.));
#18653 = ORIENTED_EDGE('',*,*,#18576,.F.);
#18654 = PLANE('',#18655);
#18655 = AXIS2_PLACEMENT_3D('',#18656,#18657,#18658);
#18656 = CARTESIAN_POINT('',(2.85,-0.925,0.3));
#18657 = DIRECTION('',(0.,0.,1.));
#18658 = DIRECTION('',(1.,0.,-0.));
#18659 = ADVANCED_FACE('',(#18660),#18694,.F.);
#18660 = FACE_BOUND('',#18661,.F.);
#18661 = EDGE_LOOP('',(#18662,#18672,#18680,#18688));
#18662 = ORIENTED_EDGE('',*,*,#18663,.T.);
#18663 = EDGE_CURVE('',#18664,#18666,#18668,.T.);
#18664 = VERTEX_POINT('',#18665);
#18665 = CARTESIAN_POINT('',(2.875,2.475,0.12));
#18666 = VERTEX_POINT('',#18667);
#18667 = CARTESIAN_POINT('',(3.125,2.475,0.12));
#18668 = LINE('',#18669,#18670);
#18669 = CARTESIAN_POINT('',(2.875,2.475,0.12));
#18670 = VECTOR('',#18671,1.);
#18671 = DIRECTION('',(1.,0.,0.));
#18672 = ORIENTED_EDGE('',*,*,#18673,.T.);
#18673 = EDGE_CURVE('',#18666,#18674,#18676,.T.);
#18674 = VERTEX_POINT('',#18675);
#18675 = CARTESIAN_POINT('',(3.125,2.825,0.));
#18676 = LINE('',#18677,#18678);
#18677 = CARTESIAN_POINT('',(3.125,2.475,0.12));
#18678 = VECTOR('',#18679,1.);
#18679 = DIRECTION('',(0.,0.945945945946,-0.324324324324));
#18680 = ORIENTED_EDGE('',*,*,#18681,.F.);
#18681 = EDGE_CURVE('',#18682,#18674,#18684,.T.);
#18682 = VERTEX_POINT('',#18683);
#18683 = CARTESIAN_POINT('',(2.875,2.825,0.));
#18684 = LINE('',#18685,#18686);
#18685 = CARTESIAN_POINT('',(2.875,2.825,0.));
#18686 = VECTOR('',#18687,1.);
#18687 = DIRECTION('',(1.,0.,0.));
#18688 = ORIENTED_EDGE('',*,*,#18689,.F.);
#18689 = EDGE_CURVE('',#18664,#18682,#18690,.T.);
#18690 = LINE('',#18691,#18692);
#18691 = CARTESIAN_POINT('',(2.875,2.475,0.12));
#18692 = VECTOR('',#18693,1.);
#18693 = DIRECTION('',(0.,0.945945945946,-0.324324324324));
#18694 = PLANE('',#18695);
#18695 = AXIS2_PLACEMENT_3D('',#18696,#18697,#18698);
#18696 = CARTESIAN_POINT('',(2.875,2.475,0.12));
#18697 = DIRECTION('',(-0.,0.324324324324,0.945945945946));
#18698 = DIRECTION('',(0.,0.945945945946,-0.324324324324));
#18699 = ADVANCED_FACE('',(#18700),#18725,.F.);
#18700 = FACE_BOUND('',#18701,.F.);
#18701 = EDGE_LOOP('',(#18702,#18710,#18718,#18724));
#18702 = ORIENTED_EDGE('',*,*,#18703,.F.);
#18703 = EDGE_CURVE('',#18704,#18664,#18706,.T.);
#18704 = VERTEX_POINT('',#18705);
#18705 = CARTESIAN_POINT('',(2.875,2.275,0.12));
#18706 = LINE('',#18707,#18708);
#18707 = CARTESIAN_POINT('',(2.875,2.275,0.12));
#18708 = VECTOR('',#18709,1.);
#18709 = DIRECTION('',(-0.,1.,0.));
#18710 = ORIENTED_EDGE('',*,*,#18711,.T.);
#18711 = EDGE_CURVE('',#18704,#18712,#18714,.T.);
#18712 = VERTEX_POINT('',#18713);
#18713 = CARTESIAN_POINT('',(3.125,2.275,0.12));
#18714 = LINE('',#18715,#18716);
#18715 = CARTESIAN_POINT('',(2.875,2.275,0.12));
#18716 = VECTOR('',#18717,1.);
#18717 = DIRECTION('',(1.,0.,-0.));
#18718 = ORIENTED_EDGE('',*,*,#18719,.T.);
#18719 = EDGE_CURVE('',#18712,#18666,#18720,.T.);
#18720 = LINE('',#18721,#18722);
#18721 = CARTESIAN_POINT('',(3.125,2.275,0.12));
#18722 = VECTOR('',#18723,1.);
#18723 = DIRECTION('',(-0.,1.,0.));
#18724 = ORIENTED_EDGE('',*,*,#18663,.F.);
#18725 = PLANE('',#18726);
#18726 = AXIS2_PLACEMENT_3D('',#18727,#18728,#18729);
#18727 = CARTESIAN_POINT('',(2.875,2.275,0.12));
#18728 = DIRECTION('',(0.,0.,1.));
#18729 = DIRECTION('',(1.,0.,-0.));
#18730 = ADVANCED_FACE('',(#18731),#18756,.F.);
#18731 = FACE_BOUND('',#18732,.F.);
#18732 = EDGE_LOOP('',(#18733,#18734,#18742,#18750));
#18733 = ORIENTED_EDGE('',*,*,#18681,.T.);
#18734 = ORIENTED_EDGE('',*,*,#18735,.T.);
#18735 = EDGE_CURVE('',#18674,#18736,#18738,.T.);
#18736 = VERTEX_POINT('',#18737);
#18737 = CARTESIAN_POINT('',(3.125,3.925,0.));
#18738 = LINE('',#18739,#18740);
#18739 = CARTESIAN_POINT('',(3.125,2.825,0.));
#18740 = VECTOR('',#18741,1.);
#18741 = DIRECTION('',(0.,1.,0.));
#18742 = ORIENTED_EDGE('',*,*,#18743,.F.);
#18743 = EDGE_CURVE('',#18744,#18736,#18746,.T.);
#18744 = VERTEX_POINT('',#18745);
#18745 = CARTESIAN_POINT('',(2.875,3.925,0.));
#18746 = LINE('',#18747,#18748);
#18747 = CARTESIAN_POINT('',(2.875,3.925,0.));
#18748 = VECTOR('',#18749,1.);
#18749 = DIRECTION('',(1.,0.,0.));
#18750 = ORIENTED_EDGE('',*,*,#18751,.F.);
#18751 = EDGE_CURVE('',#18682,#18744,#18752,.T.);
#18752 = LINE('',#18753,#18754);
#18753 = CARTESIAN_POINT('',(2.875,2.825,0.));
#18754 = VECTOR('',#18755,1.);
#18755 = DIRECTION('',(0.,1.,0.));
#18756 = PLANE('',#18757);
#18757 = AXIS2_PLACEMENT_3D('',#18758,#18759,#18760);
#18758 = CARTESIAN_POINT('',(2.875,2.825,0.));
#18759 = DIRECTION('',(0.,0.,1.));
#18760 = DIRECTION('',(0.,1.,0.));
#18761 = ADVANCED_FACE('',(#18762),#18778,.F.);
#18762 = FACE_BOUND('',#18763,.F.);
#18763 = EDGE_LOOP('',(#18764,#18770,#18771,#18777));
#18764 = ORIENTED_EDGE('',*,*,#18765,.F.);
#18765 = EDGE_CURVE('',#18712,#18641,#18766,.T.);
#18766 = LINE('',#18767,#18768);
#18767 = CARTESIAN_POINT('',(3.125,2.275,0.12));
#18768 = VECTOR('',#18769,1.);
#18769 = DIRECTION('',(0.,0.,1.));
#18770 = ORIENTED_EDGE('',*,*,#18711,.F.);
#18771 = ORIENTED_EDGE('',*,*,#18772,.T.);
#18772 = EDGE_CURVE('',#18704,#18579,#18773,.T.);
#18773 = LINE('',#18774,#18775);
#18774 = CARTESIAN_POINT('',(2.875,2.275,0.12));
#18775 = VECTOR('',#18776,1.);
#18776 = DIRECTION('',(0.,0.,1.));
#18777 = ORIENTED_EDGE('',*,*,#18648,.T.);
#18778 = PLANE('',#18779);
#18779 = AXIS2_PLACEMENT_3D('',#18780,#18781,#18782);
#18780 = CARTESIAN_POINT('',(2.875,2.275,0.12));
#18781 = DIRECTION('',(-0.,1.,0.));
#18782 = DIRECTION('',(0.,0.,1.));
#18783 = ADVANCED_FACE('',(#18784),#18809,.F.);
#18784 = FACE_BOUND('',#18785,.F.);
#18785 = EDGE_LOOP('',(#18786,#18787,#18795,#18803));
#18786 = ORIENTED_EDGE('',*,*,#18743,.T.);
#18787 = ORIENTED_EDGE('',*,*,#18788,.T.);
#18788 = EDGE_CURVE('',#18736,#18789,#18791,.T.);
#18789 = VERTEX_POINT('',#18790);
#18790 = CARTESIAN_POINT('',(3.125,3.925,0.4));
#18791 = LINE('',#18792,#18793);
#18792 = CARTESIAN_POINT('',(3.125,3.925,0.));
#18793 = VECTOR('',#18794,1.);
#18794 = DIRECTION('',(0.,0.,1.));
#18795 = ORIENTED_EDGE('',*,*,#18796,.F.);
#18796 = EDGE_CURVE('',#18797,#18789,#18799,.T.);
#18797 = VERTEX_POINT('',#18798);
#18798 = CARTESIAN_POINT('',(2.875,3.925,0.4));
#18799 = LINE('',#18800,#18801);
#18800 = CARTESIAN_POINT('',(2.875,3.925,0.4));
#18801 = VECTOR('',#18802,1.);
#18802 = DIRECTION('',(1.,0.,0.));
#18803 = ORIENTED_EDGE('',*,*,#18804,.F.);
#18804 = EDGE_CURVE('',#18744,#18797,#18805,.T.);
#18805 = LINE('',#18806,#18807);
#18806 = CARTESIAN_POINT('',(2.875,3.925,0.));
#18807 = VECTOR('',#18808,1.);
#18808 = DIRECTION('',(0.,0.,1.));
#18809 = PLANE('',#18810);
#18810 = AXIS2_PLACEMENT_3D('',#18811,#18812,#18813);
#18811 = CARTESIAN_POINT('',(2.875,3.925,0.));
#18812 = DIRECTION('',(0.,-1.,0.));
#18813 = DIRECTION('',(0.,0.,1.));
#18814 = ADVANCED_FACE('',(#18815),#18840,.F.);
#18815 = FACE_BOUND('',#18816,.F.);
#18816 = EDGE_LOOP('',(#18817,#18818,#18826,#18834));
#18817 = ORIENTED_EDGE('',*,*,#18796,.T.);
#18818 = ORIENTED_EDGE('',*,*,#18819,.T.);
#18819 = EDGE_CURVE('',#18789,#18820,#18822,.T.);
#18820 = VERTEX_POINT('',#18821);
#18821 = CARTESIAN_POINT('',(3.125,2.905,0.4));
#18822 = LINE('',#18823,#18824);
#18823 = CARTESIAN_POINT('',(3.125,3.925,0.4));
#18824 = VECTOR('',#18825,1.);
#18825 = DIRECTION('',(0.,-1.,0.));
#18826 = ORIENTED_EDGE('',*,*,#18827,.F.);
#18827 = EDGE_CURVE('',#18828,#18820,#18830,.T.);
#18828 = VERTEX_POINT('',#18829);
#18829 = CARTESIAN_POINT('',(2.875,2.905,0.4));
#18830 = LINE('',#18831,#18832);
#18831 = CARTESIAN_POINT('',(2.875,2.905,0.4));
#18832 = VECTOR('',#18833,1.);
#18833 = DIRECTION('',(1.,0.,0.));
#18834 = ORIENTED_EDGE('',*,*,#18835,.F.);
#18835 = EDGE_CURVE('',#18797,#18828,#18836,.T.);
#18836 = LINE('',#18837,#18838);
#18837 = CARTESIAN_POINT('',(2.875,3.925,0.4));
#18838 = VECTOR('',#18839,1.);
#18839 = DIRECTION('',(0.,-1.,0.));
#18840 = PLANE('',#18841);
#18841 = AXIS2_PLACEMENT_3D('',#18842,#18843,#18844);
#18842 = CARTESIAN_POINT('',(2.875,3.925,0.4));
#18843 = DIRECTION('',(0.,0.,-1.));
#18844 = DIRECTION('',(0.,-1.,0.));
#18845 = ADVANCED_FACE('',(#18846),#18871,.F.);
#18846 = FACE_BOUND('',#18847,.F.);
#18847 = EDGE_LOOP('',(#18848,#18849,#18857,#18865));
#18848 = ORIENTED_EDGE('',*,*,#18827,.T.);
#18849 = ORIENTED_EDGE('',*,*,#18850,.T.);
#18850 = EDGE_CURVE('',#18820,#18851,#18853,.T.);
#18851 = VERTEX_POINT('',#18852);
#18852 = CARTESIAN_POINT('',(3.125,2.475,0.59));
#18853 = LINE('',#18854,#18855);
#18854 = CARTESIAN_POINT('',(3.125,2.905,0.4));
#18855 = VECTOR('',#18856,1.);
#18856 = DIRECTION('',(0.,-0.914686604095,0.404163848321));
#18857 = ORIENTED_EDGE('',*,*,#18858,.F.);
#18858 = EDGE_CURVE('',#18859,#18851,#18861,.T.);
#18859 = VERTEX_POINT('',#18860);
#18860 = CARTESIAN_POINT('',(2.875,2.475,0.59));
#18861 = LINE('',#18862,#18863);
#18862 = CARTESIAN_POINT('',(2.875,2.475,0.59));
#18863 = VECTOR('',#18864,1.);
#18864 = DIRECTION('',(1.,0.,0.));
#18865 = ORIENTED_EDGE('',*,*,#18866,.F.);
#18866 = EDGE_CURVE('',#18828,#18859,#18867,.T.);
#18867 = LINE('',#18868,#18869);
#18868 = CARTESIAN_POINT('',(2.875,2.905,0.4));
#18869 = VECTOR('',#18870,1.);
#18870 = DIRECTION('',(0.,-0.914686604095,0.404163848321));
#18871 = PLANE('',#18872);
#18872 = AXIS2_PLACEMENT_3D('',#18873,#18874,#18875);
#18873 = CARTESIAN_POINT('',(2.875,2.905,0.4));
#18874 = DIRECTION('',(0.,-0.404163848321,-0.914686604095));
#18875 = DIRECTION('',(0.,-0.914686604095,0.404163848321));
#18876 = ADVANCED_FACE('',(#18877),#18902,.T.);
#18877 = FACE_BOUND('',#18878,.T.);
#18878 = EDGE_LOOP('',(#18879,#18880,#18888,#18896));
#18879 = ORIENTED_EDGE('',*,*,#18858,.F.);
#18880 = ORIENTED_EDGE('',*,*,#18881,.T.);
#18881 = EDGE_CURVE('',#18859,#18882,#18884,.T.);
#18882 = VERTEX_POINT('',#18883);
#18883 = CARTESIAN_POINT('',(2.875,2.475,1.17));
#18884 = LINE('',#18885,#18886);
#18885 = CARTESIAN_POINT('',(2.875,2.475,0.12));
#18886 = VECTOR('',#18887,1.);
#18887 = DIRECTION('',(0.,0.,1.));
#18888 = ORIENTED_EDGE('',*,*,#18889,.T.);
#18889 = EDGE_CURVE('',#18882,#18890,#18892,.T.);
#18890 = VERTEX_POINT('',#18891);
#18891 = CARTESIAN_POINT('',(3.125,2.475,1.17));
#18892 = LINE('',#18893,#18894);
#18893 = CARTESIAN_POINT('',(2.875,2.475,1.17));
#18894 = VECTOR('',#18895,1.);
#18895 = DIRECTION('',(1.,0.,-0.));
#18896 = ORIENTED_EDGE('',*,*,#18897,.F.);
#18897 = EDGE_CURVE('',#18851,#18890,#18898,.T.);
#18898 = LINE('',#18899,#18900);
#18899 = CARTESIAN_POINT('',(3.125,2.475,0.12));
#18900 = VECTOR('',#18901,1.);
#18901 = DIRECTION('',(0.,0.,1.));
#18902 = PLANE('',#18903);
#18903 = AXIS2_PLACEMENT_3D('',#18904,#18905,#18906);
#18904 = CARTESIAN_POINT('',(2.875,2.475,0.12));
#18905 = DIRECTION('',(-0.,1.,0.));
#18906 = DIRECTION('',(0.,0.,1.));
#18907 = ADVANCED_FACE('',(#18908),#18933,.T.);
#18908 = FACE_BOUND('',#18909,.T.);
#18909 = EDGE_LOOP('',(#18910,#18911,#18919,#18927));
#18910 = ORIENTED_EDGE('',*,*,#18640,.F.);
#18911 = ORIENTED_EDGE('',*,*,#18912,.T.);
#18912 = EDGE_CURVE('',#18641,#18913,#18915,.T.);
#18913 = VERTEX_POINT('',#18914);
#18914 = CARTESIAN_POINT('',(3.125,2.275,0.49));
#18915 = LINE('',#18916,#18917);
#18916 = CARTESIAN_POINT('',(3.125,2.275,0.12));
#18917 = VECTOR('',#18918,1.);
#18918 = DIRECTION('',(0.,0.,1.));
#18919 = ORIENTED_EDGE('',*,*,#18920,.T.);
#18920 = EDGE_CURVE('',#18913,#18921,#18923,.T.);
#18921 = VERTEX_POINT('',#18922);
#18922 = CARTESIAN_POINT('',(3.15,2.275,0.49));
#18923 = LINE('',#18924,#18925);
#18924 = CARTESIAN_POINT('',(2.85,2.275,0.49));
#18925 = VECTOR('',#18926,1.);
#18926 = DIRECTION('',(1.,0.,-0.));
#18927 = ORIENTED_EDGE('',*,*,#18928,.F.);
#18928 = EDGE_CURVE('',#18633,#18921,#18929,.T.);
#18929 = LINE('',#18930,#18931);
#18930 = CARTESIAN_POINT('',(3.15,2.275,0.3));
#18931 = VECTOR('',#18932,1.);
#18932 = DIRECTION('',(0.,0.,1.));
#18933 = PLANE('',#18934);
#18934 = AXIS2_PLACEMENT_3D('',#18935,#18936,#18937);
#18935 = CARTESIAN_POINT('',(2.85,2.275,0.3));
#18936 = DIRECTION('',(-0.,1.,0.));
#18937 = DIRECTION('',(0.,0.,1.));
#18938 = ADVANCED_FACE('',(#18939),#18971,.T.);
#18939 = FACE_BOUND('',#18940,.T.);
#18940 = EDGE_LOOP('',(#18941,#18949,#18957,#18963,#18964,#18970));
#18941 = ORIENTED_EDGE('',*,*,#18942,.F.);
#18942 = EDGE_CURVE('',#18943,#18587,#18945,.T.);
#18943 = VERTEX_POINT('',#18944);
#18944 = CARTESIAN_POINT('',(2.85,-0.325,0.49));
#18945 = LINE('',#18946,#18947);
#18946 = CARTESIAN_POINT('',(2.85,-0.925,0.49));
#18947 = VECTOR('',#18948,1.);
#18948 = DIRECTION('',(-0.,1.,0.));
#18949 = ORIENTED_EDGE('',*,*,#18950,.T.);
#18950 = EDGE_CURVE('',#18943,#18951,#18953,.T.);
#18951 = VERTEX_POINT('',#18952);
#18952 = CARTESIAN_POINT('',(3.15,-0.325,0.49));
#18953 = LINE('',#18954,#18955);
#18954 = CARTESIAN_POINT('',(2.85,-0.325,0.49));
#18955 = VECTOR('',#18956,1.);
#18956 = DIRECTION('',(1.,0.,-0.));
#18957 = ORIENTED_EDGE('',*,*,#18958,.T.);
#18958 = EDGE_CURVE('',#18951,#18921,#18959,.T.);
#18959 = LINE('',#18960,#18961);
#18960 = CARTESIAN_POINT('',(3.15,-0.925,0.49));
#18961 = VECTOR('',#18962,1.);
#18962 = DIRECTION('',(-0.,1.,0.));
#18963 = ORIENTED_EDGE('',*,*,#18920,.F.);
#18964 = ORIENTED_EDGE('',*,*,#18965,.F.);
#18965 = EDGE_CURVE('',#18595,#18913,#18966,.T.);
#18966 = LINE('',#18967,#18968);
#18967 = CARTESIAN_POINT('',(2.85,2.275,0.49));
#18968 = VECTOR('',#18969,1.);
#18969 = DIRECTION('',(1.,0.,-0.));
#18970 = ORIENTED_EDGE('',*,*,#18594,.F.);
#18971 = PLANE('',#18972);
#18972 = AXIS2_PLACEMENT_3D('',#18973,#18974,#18975);
#18973 = CARTESIAN_POINT('',(2.85,-0.925,0.49));
#18974 = DIRECTION('',(0.,0.,1.));
#18975 = DIRECTION('',(1.,0.,-0.));
#18976 = ADVANCED_FACE('',(#18977),#18993,.F.);
#18977 = FACE_BOUND('',#18978,.F.);
#18978 = EDGE_LOOP('',(#18979,#18985,#18986,#18992));
#18979 = ORIENTED_EDGE('',*,*,#18980,.F.);
#18980 = EDGE_CURVE('',#18913,#18554,#18981,.T.);
#18981 = LINE('',#18982,#18983);
#18982 = CARTESIAN_POINT('',(3.125,2.275,0.12));
#18983 = VECTOR('',#18984,1.);
#18984 = DIRECTION('',(0.,0.,1.));
#18985 = ORIENTED_EDGE('',*,*,#18965,.F.);
#18986 = ORIENTED_EDGE('',*,*,#18987,.T.);
#18987 = EDGE_CURVE('',#18595,#18492,#18988,.T.);
#18988 = LINE('',#18989,#18990);
#18989 = CARTESIAN_POINT('',(2.875,2.275,0.12));
#18990 = VECTOR('',#18991,1.);
#18991 = DIRECTION('',(0.,0.,1.));
#18992 = ORIENTED_EDGE('',*,*,#18561,.T.);
#18993 = PLANE('',#18994);
#18994 = AXIS2_PLACEMENT_3D('',#18995,#18996,#18997);
#18995 = CARTESIAN_POINT('',(2.875,2.275,0.12));
#18996 = DIRECTION('',(-0.,1.,0.));
#18997 = DIRECTION('',(0.,0.,1.));
#18998 = ADVANCED_FACE('',(#18999),#19024,.T.);
#18999 = FACE_BOUND('',#19000,.T.);
#19000 = EDGE_LOOP('',(#19001,#19002,#19010,#19018));
#19001 = ORIENTED_EDGE('',*,*,#18553,.F.);
#19002 = ORIENTED_EDGE('',*,*,#19003,.T.);
#19003 = EDGE_CURVE('',#18554,#19004,#19006,.T.);
#19004 = VERTEX_POINT('',#19005);
#19005 = CARTESIAN_POINT('',(3.125,2.275,1.17));
#19006 = LINE('',#19007,#19008);
#19007 = CARTESIAN_POINT('',(3.125,2.275,0.12));
#19008 = VECTOR('',#19009,1.);
#19009 = DIRECTION('',(0.,0.,1.));
#19010 = ORIENTED_EDGE('',*,*,#19011,.T.);
#19011 = EDGE_CURVE('',#19004,#19012,#19014,.T.);
#19012 = VERTEX_POINT('',#19013);
#19013 = CARTESIAN_POINT('',(3.15,2.275,1.17));
#19014 = LINE('',#19015,#19016);
#19015 = CARTESIAN_POINT('',(2.85,2.275,1.17));
#19016 = VECTOR('',#19017,1.);
#19017 = DIRECTION('',(1.,0.,-0.));
#19018 = ORIENTED_EDGE('',*,*,#19019,.F.);
#19019 = EDGE_CURVE('',#18546,#19012,#19020,.T.);
#19020 = LINE('',#19021,#19022);
#19021 = CARTESIAN_POINT('',(3.15,2.275,0.86));
#19022 = VECTOR('',#19023,1.);
#19023 = DIRECTION('',(0.,0.,1.));
#19024 = PLANE('',#19025);
#19025 = AXIS2_PLACEMENT_3D('',#19026,#19027,#19028);
#19026 = CARTESIAN_POINT('',(2.85,2.275,0.86));
#19027 = DIRECTION('',(-0.,1.,0.));
#19028 = DIRECTION('',(0.,0.,1.));
#19029 = ADVANCED_FACE('',(#19030),#19048,.F.);
#19030 = FACE_BOUND('',#19031,.F.);
#19031 = EDGE_LOOP('',(#19032,#19040,#19041,#19042));
#19032 = ORIENTED_EDGE('',*,*,#19033,.F.);
#19033 = EDGE_CURVE('',#18530,#19034,#19036,.T.);
#19034 = VERTEX_POINT('',#19035);
#19035 = CARTESIAN_POINT('',(2.85,-0.6,1.17));
#19036 = LINE('',#19037,#19038);
#19037 = CARTESIAN_POINT('',(2.85,-0.6,0.86));
#19038 = VECTOR('',#19039,1.);
#19039 = DIRECTION('',(0.,0.,1.));
#19040 = ORIENTED_EDGE('',*,*,#18529,.T.);
#19041 = ORIENTED_EDGE('',*,*,#18499,.T.);
#19042 = ORIENTED_EDGE('',*,*,#19043,.F.);
#19043 = EDGE_CURVE('',#19034,#18500,#19044,.T.);
#19044 = LINE('',#19045,#19046);
#19045 = CARTESIAN_POINT('',(2.85,-0.6,1.17));
#19046 = VECTOR('',#19047,1.);
#19047 = DIRECTION('',(-0.,1.,0.));
#19048 = PLANE('',#19049);
#19049 = AXIS2_PLACEMENT_3D('',#19050,#19051,#19052);
#19050 = CARTESIAN_POINT('',(2.85,-0.6,0.86));
#19051 = DIRECTION('',(1.,0.,-0.));
#19052 = DIRECTION('',(0.,0.,1.));
#19053 = ADVANCED_FACE('',(#19054),#19072,.T.);
#19054 = FACE_BOUND('',#19055,.T.);
#19055 = EDGE_LOOP('',(#19056,#19064,#19065,#19066));
#19056 = ORIENTED_EDGE('',*,*,#19057,.F.);
#19057 = EDGE_CURVE('',#18538,#19058,#19060,.T.);
#19058 = VERTEX_POINT('',#19059);
#19059 = CARTESIAN_POINT('',(3.15,-0.6,1.17));
#19060 = LINE('',#19061,#19062);
#19061 = CARTESIAN_POINT('',(3.15,-0.6,0.86));
#19062 = VECTOR('',#19063,1.);
#19063 = DIRECTION('',(0.,0.,1.));
#19064 = ORIENTED_EDGE('',*,*,#18545,.T.);
#19065 = ORIENTED_EDGE('',*,*,#19019,.T.);
#19066 = ORIENTED_EDGE('',*,*,#19067,.F.);
#19067 = EDGE_CURVE('',#19058,#19012,#19068,.T.);
#19068 = LINE('',#19069,#19070);
#19069 = CARTESIAN_POINT('',(3.15,-0.6,1.17));
#19070 = VECTOR('',#19071,1.);
#19071 = DIRECTION('',(-0.,1.,0.));
#19072 = PLANE('',#19073);
#19073 = AXIS2_PLACEMENT_3D('',#19074,#19075,#19076);
#19074 = CARTESIAN_POINT('',(3.15,-0.6,0.86));
#19075 = DIRECTION('',(1.,0.,-0.));
#19076 = DIRECTION('',(0.,0.,1.));
#19077 = ADVANCED_FACE('',(#19078),#19103,.T.);
#19078 = FACE_BOUND('',#19079,.T.);
#19079 = EDGE_LOOP('',(#19080,#19081,#19089,#19097));
#19080 = ORIENTED_EDGE('',*,*,#18950,.F.);
#19081 = ORIENTED_EDGE('',*,*,#19082,.T.);
#19082 = EDGE_CURVE('',#18943,#19083,#19085,.T.);
#19083 = VERTEX_POINT('',#19084);
#19084 = CARTESIAN_POINT('',(2.85,-0.325,0.8));
#19085 = LINE('',#19086,#19087);
#19086 = CARTESIAN_POINT('',(2.85,-0.325,0.49));
#19087 = VECTOR('',#19088,1.);
#19088 = DIRECTION('',(0.,0.,1.));
#19089 = ORIENTED_EDGE('',*,*,#19090,.T.);
#19090 = EDGE_CURVE('',#19083,#19091,#19093,.T.);
#19091 = VERTEX_POINT('',#19092);
#19092 = CARTESIAN_POINT('',(3.15,-0.325,0.8));
#19093 = LINE('',#19094,#19095);
#19094 = CARTESIAN_POINT('',(2.85,-0.325,0.8));
#19095 = VECTOR('',#19096,1.);
#19096 = DIRECTION('',(1.,0.,-0.));
#19097 = ORIENTED_EDGE('',*,*,#19098,.F.);
#19098 = EDGE_CURVE('',#18951,#19091,#19099,.T.);
#19099 = LINE('',#19100,#19101);
#19100 = CARTESIAN_POINT('',(3.15,-0.325,0.49));
#19101 = VECTOR('',#19102,1.);
#19102 = DIRECTION('',(0.,0.,1.));
#19103 = PLANE('',#19104);
#19104 = AXIS2_PLACEMENT_3D('',#19105,#19106,#19107);
#19105 = CARTESIAN_POINT('',(2.85,-0.325,0.49));
#19106 = DIRECTION('',(-0.,1.,0.));
#19107 = DIRECTION('',(0.,0.,1.));
#19108 = ADVANCED_FACE('',(#19109),#19120,.F.);
#19109 = FACE_BOUND('',#19110,.F.);
#19110 = EDGE_LOOP('',(#19111,#19112,#19113,#19119));
#19111 = ORIENTED_EDGE('',*,*,#18537,.F.);
#19112 = ORIENTED_EDGE('',*,*,#19033,.T.);
#19113 = ORIENTED_EDGE('',*,*,#19114,.T.);
#19114 = EDGE_CURVE('',#19034,#19058,#19115,.T.);
#19115 = LINE('',#19116,#19117);
#19116 = CARTESIAN_POINT('',(2.85,-0.6,1.17));
#19117 = VECTOR('',#19118,1.);
#19118 = DIRECTION('',(1.,0.,-0.));
#19119 = ORIENTED_EDGE('',*,*,#19057,.F.);
#19120 = PLANE('',#19121);
#19121 = AXIS2_PLACEMENT_3D('',#19122,#19123,#19124);
#19122 = CARTESIAN_POINT('',(2.85,-0.6,0.86));
#19123 = DIRECTION('',(-0.,1.,0.));
#19124 = DIRECTION('',(0.,0.,1.));
#19125 = ADVANCED_FACE('',(#19126),#19151,.T.);
#19126 = FACE_BOUND('',#19127,.T.);
#19127 = EDGE_LOOP('',(#19128,#19136,#19144,#19150));
#19128 = ORIENTED_EDGE('',*,*,#19129,.F.);
#19129 = EDGE_CURVE('',#19130,#19083,#19132,.T.);
#19130 = VERTEX_POINT('',#19131);
#19131 = CARTESIAN_POINT('',(2.85,-0.925,0.8));
#19132 = LINE('',#19133,#19134);
#19133 = CARTESIAN_POINT('',(2.85,-0.925,0.8));
#19134 = VECTOR('',#19135,1.);
#19135 = DIRECTION('',(-0.,1.,0.));
#19136 = ORIENTED_EDGE('',*,*,#19137,.T.);
#19137 = EDGE_CURVE('',#19130,#19138,#19140,.T.);
#19138 = VERTEX_POINT('',#19139);
#19139 = CARTESIAN_POINT('',(3.15,-0.925,0.8));
#19140 = LINE('',#19141,#19142);
#19141 = CARTESIAN_POINT('',(2.85,-0.925,0.8));
#19142 = VECTOR('',#19143,1.);
#19143 = DIRECTION('',(1.,0.,-0.));
#19144 = ORIENTED_EDGE('',*,*,#19145,.T.);
#19145 = EDGE_CURVE('',#19138,#19091,#19146,.T.);
#19146 = LINE('',#19147,#19148);
#19147 = CARTESIAN_POINT('',(3.15,-0.925,0.8));
#19148 = VECTOR('',#19149,1.);
#19149 = DIRECTION('',(-0.,1.,0.));
#19150 = ORIENTED_EDGE('',*,*,#19090,.F.);
#19151 = PLANE('',#19152);
#19152 = AXIS2_PLACEMENT_3D('',#19153,#19154,#19155);
#19153 = CARTESIAN_POINT('',(2.85,-0.925,0.8));
#19154 = DIRECTION('',(0.,0.,1.));
#19155 = DIRECTION('',(1.,0.,-0.));
#19156 = ADVANCED_FACE('',(#19157),#19176,.T.);
#19157 = FACE_BOUND('',#19158,.T.);
#19158 = EDGE_LOOP('',(#19159,#19160,#19161,#19162,#19163,#19164,#19165,
    #19171,#19172,#19173,#19174,#19175));
#19159 = ORIENTED_EDGE('',*,*,#18689,.F.);
#19160 = ORIENTED_EDGE('',*,*,#18703,.F.);
#19161 = ORIENTED_EDGE('',*,*,#18772,.T.);
#19162 = ORIENTED_EDGE('',*,*,#18602,.T.);
#19163 = ORIENTED_EDGE('',*,*,#18987,.T.);
#19164 = ORIENTED_EDGE('',*,*,#18515,.T.);
#19165 = ORIENTED_EDGE('',*,*,#19166,.T.);
#19166 = EDGE_CURVE('',#18508,#18882,#19167,.T.);
#19167 = LINE('',#19168,#19169);
#19168 = CARTESIAN_POINT('',(2.875,2.275,1.17));
#19169 = VECTOR('',#19170,1.);
#19170 = DIRECTION('',(-0.,1.,0.));
#19171 = ORIENTED_EDGE('',*,*,#18881,.F.);
#19172 = ORIENTED_EDGE('',*,*,#18866,.F.);
#19173 = ORIENTED_EDGE('',*,*,#18835,.F.);
#19174 = ORIENTED_EDGE('',*,*,#18804,.F.);
#19175 = ORIENTED_EDGE('',*,*,#18751,.F.);
#19176 = PLANE('',#19177);
#19177 = AXIS2_PLACEMENT_3D('',#19178,#19179,#19180);
#19178 = CARTESIAN_POINT('',(2.875,2.928538891724,0.406031440384));
#19179 = DIRECTION('',(-1.,-0.,-0.));
#19180 = DIRECTION('',(0.,0.,-1.));
#19181 = ADVANCED_FACE('',(#19182),#19201,.T.);
#19182 = FACE_BOUND('',#19183,.T.);
#19183 = EDGE_LOOP('',(#19184,#19185,#19186,#19187,#19188,#19189,#19190,
    #19196,#19197,#19198,#19199,#19200));
#19184 = ORIENTED_EDGE('',*,*,#18673,.T.);
#19185 = ORIENTED_EDGE('',*,*,#18735,.T.);
#19186 = ORIENTED_EDGE('',*,*,#18788,.T.);
#19187 = ORIENTED_EDGE('',*,*,#18819,.T.);
#19188 = ORIENTED_EDGE('',*,*,#18850,.T.);
#19189 = ORIENTED_EDGE('',*,*,#18897,.T.);
#19190 = ORIENTED_EDGE('',*,*,#19191,.F.);
#19191 = EDGE_CURVE('',#19004,#18890,#19192,.T.);
#19192 = LINE('',#19193,#19194);
#19193 = CARTESIAN_POINT('',(3.125,2.275,1.17));
#19194 = VECTOR('',#19195,1.);
#19195 = DIRECTION('',(-0.,1.,0.));
#19196 = ORIENTED_EDGE('',*,*,#19003,.F.);
#19197 = ORIENTED_EDGE('',*,*,#18980,.F.);
#19198 = ORIENTED_EDGE('',*,*,#18912,.F.);
#19199 = ORIENTED_EDGE('',*,*,#18765,.F.);
#19200 = ORIENTED_EDGE('',*,*,#18719,.T.);
#19201 = PLANE('',#19202);
#19202 = AXIS2_PLACEMENT_3D('',#19203,#19204,#19205);
#19203 = CARTESIAN_POINT('',(3.125,2.928538891724,0.406031440384));
#19204 = DIRECTION('',(1.,0.,0.));
#19205 = DIRECTION('',(-0.,0.,1.));
#19206 = ADVANCED_FACE('',(#19207),#19217,.T.);
#19207 = FACE_BOUND('',#19208,.T.);
#19208 = EDGE_LOOP('',(#19209,#19210,#19211,#19212,#19213,#19214,#19215,
    #19216));
#19209 = ORIENTED_EDGE('',*,*,#19166,.F.);
#19210 = ORIENTED_EDGE('',*,*,#18507,.F.);
#19211 = ORIENTED_EDGE('',*,*,#19043,.F.);
#19212 = ORIENTED_EDGE('',*,*,#19114,.T.);
#19213 = ORIENTED_EDGE('',*,*,#19067,.T.);
#19214 = ORIENTED_EDGE('',*,*,#19011,.F.);
#19215 = ORIENTED_EDGE('',*,*,#19191,.T.);
#19216 = ORIENTED_EDGE('',*,*,#18889,.F.);
#19217 = PLANE('',#19218);
#19218 = AXIS2_PLACEMENT_3D('',#19219,#19220,#19221);
#19219 = CARTESIAN_POINT('',(3.,0.936018518519,1.17));
#19220 = DIRECTION('',(0.,0.,1.));
#19221 = DIRECTION('',(1.,0.,-0.));
#19222 = ADVANCED_FACE('',(#19223),#19236,.T.);
#19223 = FACE_BOUND('',#19224,.T.);
#19224 = EDGE_LOOP('',(#19225,#19231,#19232,#19233,#19234,#19235));
#19225 = ORIENTED_EDGE('',*,*,#19226,.T.);
#19226 = EDGE_CURVE('',#18617,#19130,#19227,.T.);
#19227 = LINE('',#19228,#19229);
#19228 = CARTESIAN_POINT('',(2.85,-0.925,0.3));
#19229 = VECTOR('',#19230,1.);
#19230 = DIRECTION('',(0.,0.,1.));
#19231 = ORIENTED_EDGE('',*,*,#19129,.T.);
#19232 = ORIENTED_EDGE('',*,*,#19082,.F.);
#19233 = ORIENTED_EDGE('',*,*,#18942,.T.);
#19234 = ORIENTED_EDGE('',*,*,#18586,.F.);
#19235 = ORIENTED_EDGE('',*,*,#18616,.F.);
#19236 = PLANE('',#19237);
#19237 = AXIS2_PLACEMENT_3D('',#19238,#19239,#19240);
#19238 = CARTESIAN_POINT('',(2.85,0.566081081081,0.441081081081));
#19239 = DIRECTION('',(-1.,-0.,-0.));
#19240 = DIRECTION('',(0.,0.,-1.));
#19241 = ADVANCED_FACE('',(#19242),#19255,.T.);
#19242 = FACE_BOUND('',#19243,.T.);
#19243 = EDGE_LOOP('',(#19244,#19245,#19246,#19247,#19248,#19249));
#19244 = ORIENTED_EDGE('',*,*,#18632,.T.);
#19245 = ORIENTED_EDGE('',*,*,#18928,.T.);
#19246 = ORIENTED_EDGE('',*,*,#18958,.F.);
#19247 = ORIENTED_EDGE('',*,*,#19098,.T.);
#19248 = ORIENTED_EDGE('',*,*,#19145,.F.);
#19249 = ORIENTED_EDGE('',*,*,#19250,.F.);
#19250 = EDGE_CURVE('',#18625,#19138,#19251,.T.);
#19251 = LINE('',#19252,#19253);
#19252 = CARTESIAN_POINT('',(3.15,-0.925,0.49));
#19253 = VECTOR('',#19254,1.);
#19254 = DIRECTION('',(0.,0.,1.));
#19255 = PLANE('',#19256);
#19256 = AXIS2_PLACEMENT_3D('',#19257,#19258,#19259);
#19257 = CARTESIAN_POINT('',(3.15,0.566081081081,0.441081081081));
#19258 = DIRECTION('',(1.,0.,0.));
#19259 = DIRECTION('',(-0.,0.,1.));
#19260 = ADVANCED_FACE('',(#19261),#19267,.T.);
#19261 = FACE_BOUND('',#19262,.T.);
#19262 = EDGE_LOOP('',(#19263,#19264,#19265,#19266));
#19263 = ORIENTED_EDGE('',*,*,#18624,.T.);
#19264 = ORIENTED_EDGE('',*,*,#19250,.T.);
#19265 = ORIENTED_EDGE('',*,*,#19137,.F.);
#19266 = ORIENTED_EDGE('',*,*,#19226,.F.);
#19267 = PLANE('',#19268);
#19268 = AXIS2_PLACEMENT_3D('',#19269,#19270,#19271);
#19269 = CARTESIAN_POINT('',(3.,-0.925,0.55));
#19270 = DIRECTION('',(-0.,-1.,-0.));
#19271 = DIRECTION('',(0.,0.,-1.));
#19272 = MANIFOLD_SOLID_BREP('',#19273);
#19273 = CLOSED_SHELL('',(#19274,#19314,#19361,#19401,#19448,#19488,
    #19519,#19550,#19572,#19603,#19634,#19665,#19696,#19727,#19765,
    #19787,#19818,#19842,#19866,#19897,#19914,#19945,#19970,#19995,
    #20011,#20030,#20049));
#19274 = ADVANCED_FACE('',(#19275),#19309,.T.);
#19275 = FACE_BOUND('',#19276,.T.);
#19276 = EDGE_LOOP('',(#19277,#19287,#19295,#19303));
#19277 = ORIENTED_EDGE('',*,*,#19278,.F.);
#19278 = EDGE_CURVE('',#19279,#19281,#19283,.T.);
#19279 = VERTEX_POINT('',#19280);
#19280 = CARTESIAN_POINT('',(3.85,2.275,0.86));
#19281 = VERTEX_POINT('',#19282);
#19282 = CARTESIAN_POINT('',(3.875,2.275,0.86));
#19283 = LINE('',#19284,#19285);
#19284 = CARTESIAN_POINT('',(3.85,2.275,0.86));
#19285 = VECTOR('',#19286,1.);
#19286 = DIRECTION('',(1.,0.,-0.));
#19287 = ORIENTED_EDGE('',*,*,#19288,.T.);
#19288 = EDGE_CURVE('',#19279,#19289,#19291,.T.);
#19289 = VERTEX_POINT('',#19290);
#19290 = CARTESIAN_POINT('',(3.85,2.275,1.17));
#19291 = LINE('',#19292,#19293);
#19292 = CARTESIAN_POINT('',(3.85,2.275,0.86));
#19293 = VECTOR('',#19294,1.);
#19294 = DIRECTION('',(0.,0.,1.));
#19295 = ORIENTED_EDGE('',*,*,#19296,.T.);
#19296 = EDGE_CURVE('',#19289,#19297,#19299,.T.);
#19297 = VERTEX_POINT('',#19298);
#19298 = CARTESIAN_POINT('',(3.875,2.275,1.17));
#19299 = LINE('',#19300,#19301);
#19300 = CARTESIAN_POINT('',(3.85,2.275,1.17));
#19301 = VECTOR('',#19302,1.);
#19302 = DIRECTION('',(1.,0.,-0.));
#19303 = ORIENTED_EDGE('',*,*,#19304,.F.);
#19304 = EDGE_CURVE('',#19281,#19297,#19305,.T.);
#19305 = LINE('',#19306,#19307);
#19306 = CARTESIAN_POINT('',(3.875,2.275,0.12));
#19307 = VECTOR('',#19308,1.);
#19308 = DIRECTION('',(0.,0.,1.));
#19309 = PLANE('',#19310);
#19310 = AXIS2_PLACEMENT_3D('',#19311,#19312,#19313);
#19311 = CARTESIAN_POINT('',(3.85,2.275,0.86));
#19312 = DIRECTION('',(-0.,1.,0.));
#19313 = DIRECTION('',(0.,0.,1.));
#19314 = ADVANCED_FACE('',(#19315),#19356,.F.);
#19315 = FACE_BOUND('',#19316,.F.);
#19316 = EDGE_LOOP('',(#19317,#19325,#19333,#19341,#19349,#19355));
#19317 = ORIENTED_EDGE('',*,*,#19318,.F.);
#19318 = EDGE_CURVE('',#19319,#19279,#19321,.T.);
#19319 = VERTEX_POINT('',#19320);
#19320 = CARTESIAN_POINT('',(3.85,-0.6,0.86));
#19321 = LINE('',#19322,#19323);
#19322 = CARTESIAN_POINT('',(3.85,-0.6,0.86));
#19323 = VECTOR('',#19324,1.);
#19324 = DIRECTION('',(-0.,1.,0.));
#19325 = ORIENTED_EDGE('',*,*,#19326,.T.);
#19326 = EDGE_CURVE('',#19319,#19327,#19329,.T.);
#19327 = VERTEX_POINT('',#19328);
#19328 = CARTESIAN_POINT('',(4.15,-0.6,0.86));
#19329 = LINE('',#19330,#19331);
#19330 = CARTESIAN_POINT('',(3.85,-0.6,0.86));
#19331 = VECTOR('',#19332,1.);
#19332 = DIRECTION('',(1.,0.,-0.));
#19333 = ORIENTED_EDGE('',*,*,#19334,.T.);
#19334 = EDGE_CURVE('',#19327,#19335,#19337,.T.);
#19335 = VERTEX_POINT('',#19336);
#19336 = CARTESIAN_POINT('',(4.15,2.275,0.86));
#19337 = LINE('',#19338,#19339);
#19338 = CARTESIAN_POINT('',(4.15,-0.6,0.86));
#19339 = VECTOR('',#19340,1.);
#19340 = DIRECTION('',(-0.,1.,0.));
#19341 = ORIENTED_EDGE('',*,*,#19342,.F.);
#19342 = EDGE_CURVE('',#19343,#19335,#19345,.T.);
#19343 = VERTEX_POINT('',#19344);
#19344 = CARTESIAN_POINT('',(4.125,2.275,0.86));
#19345 = LINE('',#19346,#19347);
#19346 = CARTESIAN_POINT('',(3.85,2.275,0.86));
#19347 = VECTOR('',#19348,1.);
#19348 = DIRECTION('',(1.,0.,-0.));
#19349 = ORIENTED_EDGE('',*,*,#19350,.F.);
#19350 = EDGE_CURVE('',#19281,#19343,#19351,.T.);
#19351 = LINE('',#19352,#19353);
#19352 = CARTESIAN_POINT('',(3.85,2.275,0.86));
#19353 = VECTOR('',#19354,1.);
#19354 = DIRECTION('',(1.,0.,-0.));
#19355 = ORIENTED_EDGE('',*,*,#19278,.F.);
#19356 = PLANE('',#19357);
#19357 = AXIS2_PLACEMENT_3D('',#19358,#19359,#19360);
#19358 = CARTESIAN_POINT('',(3.85,-0.6,0.86));
#19359 = DIRECTION('',(0.,0.,1.));
#19360 = DIRECTION('',(1.,0.,-0.));
#19361 = ADVANCED_FACE('',(#19362),#19396,.T.);
#19362 = FACE_BOUND('',#19363,.T.);
#19363 = EDGE_LOOP('',(#19364,#19374,#19382,#19390));
#19364 = ORIENTED_EDGE('',*,*,#19365,.F.);
#19365 = EDGE_CURVE('',#19366,#19368,#19370,.T.);
#19366 = VERTEX_POINT('',#19367);
#19367 = CARTESIAN_POINT('',(3.85,2.275,0.3));
#19368 = VERTEX_POINT('',#19369);
#19369 = CARTESIAN_POINT('',(3.875,2.275,0.3));
#19370 = LINE('',#19371,#19372);
#19371 = CARTESIAN_POINT('',(3.85,2.275,0.3));
#19372 = VECTOR('',#19373,1.);
#19373 = DIRECTION('',(1.,0.,-0.));
#19374 = ORIENTED_EDGE('',*,*,#19375,.T.);
#19375 = EDGE_CURVE('',#19366,#19376,#19378,.T.);
#19376 = VERTEX_POINT('',#19377);
#19377 = CARTESIAN_POINT('',(3.85,2.275,0.49));
#19378 = LINE('',#19379,#19380);
#19379 = CARTESIAN_POINT('',(3.85,2.275,0.3));
#19380 = VECTOR('',#19381,1.);
#19381 = DIRECTION('',(0.,0.,1.));
#19382 = ORIENTED_EDGE('',*,*,#19383,.T.);
#19383 = EDGE_CURVE('',#19376,#19384,#19386,.T.);
#19384 = VERTEX_POINT('',#19385);
#19385 = CARTESIAN_POINT('',(3.875,2.275,0.49));
#19386 = LINE('',#19387,#19388);
#19387 = CARTESIAN_POINT('',(3.85,2.275,0.49));
#19388 = VECTOR('',#19389,1.);
#19389 = DIRECTION('',(1.,0.,-0.));
#19390 = ORIENTED_EDGE('',*,*,#19391,.F.);
#19391 = EDGE_CURVE('',#19368,#19384,#19392,.T.);
#19392 = LINE('',#19393,#19394);
#19393 = CARTESIAN_POINT('',(3.875,2.275,0.12));
#19394 = VECTOR('',#19395,1.);
#19395 = DIRECTION('',(0.,0.,1.));
#19396 = PLANE('',#19397);
#19397 = AXIS2_PLACEMENT_3D('',#19398,#19399,#19400);
#19398 = CARTESIAN_POINT('',(3.85,2.275,0.3));
#19399 = DIRECTION('',(-0.,1.,0.));
#19400 = DIRECTION('',(0.,0.,1.));
#19401 = ADVANCED_FACE('',(#19402),#19443,.F.);
#19402 = FACE_BOUND('',#19403,.F.);
#19403 = EDGE_LOOP('',(#19404,#19412,#19420,#19428,#19436,#19442));
#19404 = ORIENTED_EDGE('',*,*,#19405,.F.);
#19405 = EDGE_CURVE('',#19406,#19366,#19408,.T.);
#19406 = VERTEX_POINT('',#19407);
#19407 = CARTESIAN_POINT('',(3.85,-0.925,0.3));
#19408 = LINE('',#19409,#19410);
#19409 = CARTESIAN_POINT('',(3.85,-0.925,0.3));
#19410 = VECTOR('',#19411,1.);
#19411 = DIRECTION('',(-0.,1.,0.));
#19412 = ORIENTED_EDGE('',*,*,#19413,.T.);
#19413 = EDGE_CURVE('',#19406,#19414,#19416,.T.);
#19414 = VERTEX_POINT('',#19415);
#19415 = CARTESIAN_POINT('',(4.15,-0.925,0.3));
#19416 = LINE('',#19417,#19418);
#19417 = CARTESIAN_POINT('',(3.85,-0.925,0.3));
#19418 = VECTOR('',#19419,1.);
#19419 = DIRECTION('',(1.,0.,-0.));
#19420 = ORIENTED_EDGE('',*,*,#19421,.T.);
#19421 = EDGE_CURVE('',#19414,#19422,#19424,.T.);
#19422 = VERTEX_POINT('',#19423);
#19423 = CARTESIAN_POINT('',(4.15,2.275,0.3));
#19424 = LINE('',#19425,#19426);
#19425 = CARTESIAN_POINT('',(4.15,-0.925,0.3));
#19426 = VECTOR('',#19427,1.);
#19427 = DIRECTION('',(-0.,1.,0.));
#19428 = ORIENTED_EDGE('',*,*,#19429,.F.);
#19429 = EDGE_CURVE('',#19430,#19422,#19432,.T.);
#19430 = VERTEX_POINT('',#19431);
#19431 = CARTESIAN_POINT('',(4.125,2.275,0.3));
#19432 = LINE('',#19433,#19434);
#19433 = CARTESIAN_POINT('',(3.85,2.275,0.3));
#19434 = VECTOR('',#19435,1.);
#19435 = DIRECTION('',(1.,0.,-0.));
#19436 = ORIENTED_EDGE('',*,*,#19437,.F.);
#19437 = EDGE_CURVE('',#19368,#19430,#19438,.T.);
#19438 = LINE('',#19439,#19440);
#19439 = CARTESIAN_POINT('',(3.85,2.275,0.3));
#19440 = VECTOR('',#19441,1.);
#19441 = DIRECTION('',(1.,0.,-0.));
#19442 = ORIENTED_EDGE('',*,*,#19365,.F.);
#19443 = PLANE('',#19444);
#19444 = AXIS2_PLACEMENT_3D('',#19445,#19446,#19447);
#19445 = CARTESIAN_POINT('',(3.85,-0.925,0.3));
#19446 = DIRECTION('',(0.,0.,1.));
#19447 = DIRECTION('',(1.,0.,-0.));
#19448 = ADVANCED_FACE('',(#19449),#19483,.F.);
#19449 = FACE_BOUND('',#19450,.F.);
#19450 = EDGE_LOOP('',(#19451,#19461,#19469,#19477));
#19451 = ORIENTED_EDGE('',*,*,#19452,.T.);
#19452 = EDGE_CURVE('',#19453,#19455,#19457,.T.);
#19453 = VERTEX_POINT('',#19454);
#19454 = CARTESIAN_POINT('',(3.875,2.475,0.12));
#19455 = VERTEX_POINT('',#19456);
#19456 = CARTESIAN_POINT('',(4.125,2.475,0.12));
#19457 = LINE('',#19458,#19459);
#19458 = CARTESIAN_POINT('',(3.875,2.475,0.12));
#19459 = VECTOR('',#19460,1.);
#19460 = DIRECTION('',(1.,0.,0.));
#19461 = ORIENTED_EDGE('',*,*,#19462,.T.);
#19462 = EDGE_CURVE('',#19455,#19463,#19465,.T.);
#19463 = VERTEX_POINT('',#19464);
#19464 = CARTESIAN_POINT('',(4.125,2.825,0.));
#19465 = LINE('',#19466,#19467);
#19466 = CARTESIAN_POINT('',(4.125,2.475,0.12));
#19467 = VECTOR('',#19468,1.);
#19468 = DIRECTION('',(0.,0.945945945946,-0.324324324324));
#19469 = ORIENTED_EDGE('',*,*,#19470,.F.);
#19470 = EDGE_CURVE('',#19471,#19463,#19473,.T.);
#19471 = VERTEX_POINT('',#19472);
#19472 = CARTESIAN_POINT('',(3.875,2.825,0.));
#19473 = LINE('',#19474,#19475);
#19474 = CARTESIAN_POINT('',(3.875,2.825,0.));
#19475 = VECTOR('',#19476,1.);
#19476 = DIRECTION('',(1.,0.,0.));
#19477 = ORIENTED_EDGE('',*,*,#19478,.F.);
#19478 = EDGE_CURVE('',#19453,#19471,#19479,.T.);
#19479 = LINE('',#19480,#19481);
#19480 = CARTESIAN_POINT('',(3.875,2.475,0.12));
#19481 = VECTOR('',#19482,1.);
#19482 = DIRECTION('',(0.,0.945945945946,-0.324324324324));
#19483 = PLANE('',#19484);
#19484 = AXIS2_PLACEMENT_3D('',#19485,#19486,#19487);
#19485 = CARTESIAN_POINT('',(3.875,2.475,0.12));
#19486 = DIRECTION('',(-0.,0.324324324324,0.945945945946));
#19487 = DIRECTION('',(0.,0.945945945946,-0.324324324324));
#19488 = ADVANCED_FACE('',(#19489),#19514,.F.);
#19489 = FACE_BOUND('',#19490,.F.);
#19490 = EDGE_LOOP('',(#19491,#19499,#19507,#19513));
#19491 = ORIENTED_EDGE('',*,*,#19492,.F.);
#19492 = EDGE_CURVE('',#19493,#19453,#19495,.T.);
#19493 = VERTEX_POINT('',#19494);
#19494 = CARTESIAN_POINT('',(3.875,2.275,0.12));
#19495 = LINE('',#19496,#19497);
#19496 = CARTESIAN_POINT('',(3.875,2.275,0.12));
#19497 = VECTOR('',#19498,1.);
#19498 = DIRECTION('',(-0.,1.,0.));
#19499 = ORIENTED_EDGE('',*,*,#19500,.T.);
#19500 = EDGE_CURVE('',#19493,#19501,#19503,.T.);
#19501 = VERTEX_POINT('',#19502);
#19502 = CARTESIAN_POINT('',(4.125,2.275,0.12));
#19503 = LINE('',#19504,#19505);
#19504 = CARTESIAN_POINT('',(3.875,2.275,0.12));
#19505 = VECTOR('',#19506,1.);
#19506 = DIRECTION('',(1.,0.,-0.));
#19507 = ORIENTED_EDGE('',*,*,#19508,.T.);
#19508 = EDGE_CURVE('',#19501,#19455,#19509,.T.);
#19509 = LINE('',#19510,#19511);
#19510 = CARTESIAN_POINT('',(4.125,2.275,0.12));
#19511 = VECTOR('',#19512,1.);
#19512 = DIRECTION('',(-0.,1.,0.));
#19513 = ORIENTED_EDGE('',*,*,#19452,.F.);
#19514 = PLANE('',#19515);
#19515 = AXIS2_PLACEMENT_3D('',#19516,#19517,#19518);
#19516 = CARTESIAN_POINT('',(3.875,2.275,0.12));
#19517 = DIRECTION('',(0.,0.,1.));
#19518 = DIRECTION('',(1.,0.,-0.));
#19519 = ADVANCED_FACE('',(#19520),#19545,.F.);
#19520 = FACE_BOUND('',#19521,.F.);
#19521 = EDGE_LOOP('',(#19522,#19523,#19531,#19539));
#19522 = ORIENTED_EDGE('',*,*,#19470,.T.);
#19523 = ORIENTED_EDGE('',*,*,#19524,.T.);
#19524 = EDGE_CURVE('',#19463,#19525,#19527,.T.);
#19525 = VERTEX_POINT('',#19526);
#19526 = CARTESIAN_POINT('',(4.125,3.925,0.));
#19527 = LINE('',#19528,#19529);
#19528 = CARTESIAN_POINT('',(4.125,2.825,0.));
#19529 = VECTOR('',#19530,1.);
#19530 = DIRECTION('',(0.,1.,0.));
#19531 = ORIENTED_EDGE('',*,*,#19532,.F.);
#19532 = EDGE_CURVE('',#19533,#19525,#19535,.T.);
#19533 = VERTEX_POINT('',#19534);
#19534 = CARTESIAN_POINT('',(3.875,3.925,0.));
#19535 = LINE('',#19536,#19537);
#19536 = CARTESIAN_POINT('',(3.875,3.925,0.));
#19537 = VECTOR('',#19538,1.);
#19538 = DIRECTION('',(1.,0.,0.));
#19539 = ORIENTED_EDGE('',*,*,#19540,.F.);
#19540 = EDGE_CURVE('',#19471,#19533,#19541,.T.);
#19541 = LINE('',#19542,#19543);
#19542 = CARTESIAN_POINT('',(3.875,2.825,0.));
#19543 = VECTOR('',#19544,1.);
#19544 = DIRECTION('',(0.,1.,0.));
#19545 = PLANE('',#19546);
#19546 = AXIS2_PLACEMENT_3D('',#19547,#19548,#19549);
#19547 = CARTESIAN_POINT('',(3.875,2.825,0.));
#19548 = DIRECTION('',(0.,0.,1.));
#19549 = DIRECTION('',(0.,1.,0.));
#19550 = ADVANCED_FACE('',(#19551),#19567,.F.);
#19551 = FACE_BOUND('',#19552,.F.);
#19552 = EDGE_LOOP('',(#19553,#19559,#19560,#19566));
#19553 = ORIENTED_EDGE('',*,*,#19554,.F.);
#19554 = EDGE_CURVE('',#19501,#19430,#19555,.T.);
#19555 = LINE('',#19556,#19557);
#19556 = CARTESIAN_POINT('',(4.125,2.275,0.12));
#19557 = VECTOR('',#19558,1.);
#19558 = DIRECTION('',(0.,0.,1.));
#19559 = ORIENTED_EDGE('',*,*,#19500,.F.);
#19560 = ORIENTED_EDGE('',*,*,#19561,.T.);
#19561 = EDGE_CURVE('',#19493,#19368,#19562,.T.);
#19562 = LINE('',#19563,#19564);
#19563 = CARTESIAN_POINT('',(3.875,2.275,0.12));
#19564 = VECTOR('',#19565,1.);
#19565 = DIRECTION('',(0.,0.,1.));
#19566 = ORIENTED_EDGE('',*,*,#19437,.T.);
#19567 = PLANE('',#19568);
#19568 = AXIS2_PLACEMENT_3D('',#19569,#19570,#19571);
#19569 = CARTESIAN_POINT('',(3.875,2.275,0.12));
#19570 = DIRECTION('',(-0.,1.,0.));
#19571 = DIRECTION('',(0.,0.,1.));
#19572 = ADVANCED_FACE('',(#19573),#19598,.F.);
#19573 = FACE_BOUND('',#19574,.F.);
#19574 = EDGE_LOOP('',(#19575,#19576,#19584,#19592));
#19575 = ORIENTED_EDGE('',*,*,#19532,.T.);
#19576 = ORIENTED_EDGE('',*,*,#19577,.T.);
#19577 = EDGE_CURVE('',#19525,#19578,#19580,.T.);
#19578 = VERTEX_POINT('',#19579);
#19579 = CARTESIAN_POINT('',(4.125,3.925,0.4));
#19580 = LINE('',#19581,#19582);
#19581 = CARTESIAN_POINT('',(4.125,3.925,0.));
#19582 = VECTOR('',#19583,1.);
#19583 = DIRECTION('',(0.,0.,1.));
#19584 = ORIENTED_EDGE('',*,*,#19585,.F.);
#19585 = EDGE_CURVE('',#19586,#19578,#19588,.T.);
#19586 = VERTEX_POINT('',#19587);
#19587 = CARTESIAN_POINT('',(3.875,3.925,0.4));
#19588 = LINE('',#19589,#19590);
#19589 = CARTESIAN_POINT('',(3.875,3.925,0.4));
#19590 = VECTOR('',#19591,1.);
#19591 = DIRECTION('',(1.,0.,0.));
#19592 = ORIENTED_EDGE('',*,*,#19593,.F.);
#19593 = EDGE_CURVE('',#19533,#19586,#19594,.T.);
#19594 = LINE('',#19595,#19596);
#19595 = CARTESIAN_POINT('',(3.875,3.925,0.));
#19596 = VECTOR('',#19597,1.);
#19597 = DIRECTION('',(0.,0.,1.));
#19598 = PLANE('',#19599);
#19599 = AXIS2_PLACEMENT_3D('',#19600,#19601,#19602);
#19600 = CARTESIAN_POINT('',(3.875,3.925,0.));
#19601 = DIRECTION('',(0.,-1.,0.));
#19602 = DIRECTION('',(0.,0.,1.));
#19603 = ADVANCED_FACE('',(#19604),#19629,.F.);
#19604 = FACE_BOUND('',#19605,.F.);
#19605 = EDGE_LOOP('',(#19606,#19607,#19615,#19623));
#19606 = ORIENTED_EDGE('',*,*,#19585,.T.);
#19607 = ORIENTED_EDGE('',*,*,#19608,.T.);
#19608 = EDGE_CURVE('',#19578,#19609,#19611,.T.);
#19609 = VERTEX_POINT('',#19610);
#19610 = CARTESIAN_POINT('',(4.125,2.905,0.4));
#19611 = LINE('',#19612,#19613);
#19612 = CARTESIAN_POINT('',(4.125,3.925,0.4));
#19613 = VECTOR('',#19614,1.);
#19614 = DIRECTION('',(0.,-1.,0.));
#19615 = ORIENTED_EDGE('',*,*,#19616,.F.);
#19616 = EDGE_CURVE('',#19617,#19609,#19619,.T.);
#19617 = VERTEX_POINT('',#19618);
#19618 = CARTESIAN_POINT('',(3.875,2.905,0.4));
#19619 = LINE('',#19620,#19621);
#19620 = CARTESIAN_POINT('',(3.875,2.905,0.4));
#19621 = VECTOR('',#19622,1.);
#19622 = DIRECTION('',(1.,0.,0.));
#19623 = ORIENTED_EDGE('',*,*,#19624,.F.);
#19624 = EDGE_CURVE('',#19586,#19617,#19625,.T.);
#19625 = LINE('',#19626,#19627);
#19626 = CARTESIAN_POINT('',(3.875,3.925,0.4));
#19627 = VECTOR('',#19628,1.);
#19628 = DIRECTION('',(0.,-1.,0.));
#19629 = PLANE('',#19630);
#19630 = AXIS2_PLACEMENT_3D('',#19631,#19632,#19633);
#19631 = CARTESIAN_POINT('',(3.875,3.925,0.4));
#19632 = DIRECTION('',(0.,0.,-1.));
#19633 = DIRECTION('',(0.,-1.,0.));
#19634 = ADVANCED_FACE('',(#19635),#19660,.F.);
#19635 = FACE_BOUND('',#19636,.F.);
#19636 = EDGE_LOOP('',(#19637,#19638,#19646,#19654));
#19637 = ORIENTED_EDGE('',*,*,#19616,.T.);
#19638 = ORIENTED_EDGE('',*,*,#19639,.T.);
#19639 = EDGE_CURVE('',#19609,#19640,#19642,.T.);
#19640 = VERTEX_POINT('',#19641);
#19641 = CARTESIAN_POINT('',(4.125,2.475,0.59));
#19642 = LINE('',#19643,#19644);
#19643 = CARTESIAN_POINT('',(4.125,2.905,0.4));
#19644 = VECTOR('',#19645,1.);
#19645 = DIRECTION('',(0.,-0.914686604095,0.404163848321));
#19646 = ORIENTED_EDGE('',*,*,#19647,.F.);
#19647 = EDGE_CURVE('',#19648,#19640,#19650,.T.);
#19648 = VERTEX_POINT('',#19649);
#19649 = CARTESIAN_POINT('',(3.875,2.475,0.59));
#19650 = LINE('',#19651,#19652);
#19651 = CARTESIAN_POINT('',(3.875,2.475,0.59));
#19652 = VECTOR('',#19653,1.);
#19653 = DIRECTION('',(1.,0.,0.));
#19654 = ORIENTED_EDGE('',*,*,#19655,.F.);
#19655 = EDGE_CURVE('',#19617,#19648,#19656,.T.);
#19656 = LINE('',#19657,#19658);
#19657 = CARTESIAN_POINT('',(3.875,2.905,0.4));
#19658 = VECTOR('',#19659,1.);
#19659 = DIRECTION('',(0.,-0.914686604095,0.404163848321));
#19660 = PLANE('',#19661);
#19661 = AXIS2_PLACEMENT_3D('',#19662,#19663,#19664);
#19662 = CARTESIAN_POINT('',(3.875,2.905,0.4));
#19663 = DIRECTION('',(0.,-0.404163848321,-0.914686604095));
#19664 = DIRECTION('',(0.,-0.914686604095,0.404163848321));
#19665 = ADVANCED_FACE('',(#19666),#19691,.T.);
#19666 = FACE_BOUND('',#19667,.T.);
#19667 = EDGE_LOOP('',(#19668,#19669,#19677,#19685));
#19668 = ORIENTED_EDGE('',*,*,#19647,.F.);
#19669 = ORIENTED_EDGE('',*,*,#19670,.T.);
#19670 = EDGE_CURVE('',#19648,#19671,#19673,.T.);
#19671 = VERTEX_POINT('',#19672);
#19672 = CARTESIAN_POINT('',(3.875,2.475,1.17));
#19673 = LINE('',#19674,#19675);
#19674 = CARTESIAN_POINT('',(3.875,2.475,0.12));
#19675 = VECTOR('',#19676,1.);
#19676 = DIRECTION('',(0.,0.,1.));
#19677 = ORIENTED_EDGE('',*,*,#19678,.T.);
#19678 = EDGE_CURVE('',#19671,#19679,#19681,.T.);
#19679 = VERTEX_POINT('',#19680);
#19680 = CARTESIAN_POINT('',(4.125,2.475,1.17));
#19681 = LINE('',#19682,#19683);
#19682 = CARTESIAN_POINT('',(3.875,2.475,1.17));
#19683 = VECTOR('',#19684,1.);
#19684 = DIRECTION('',(1.,0.,-0.));
#19685 = ORIENTED_EDGE('',*,*,#19686,.F.);
#19686 = EDGE_CURVE('',#19640,#19679,#19687,.T.);
#19687 = LINE('',#19688,#19689);
#19688 = CARTESIAN_POINT('',(4.125,2.475,0.12));
#19689 = VECTOR('',#19690,1.);
#19690 = DIRECTION('',(0.,0.,1.));
#19691 = PLANE('',#19692);
#19692 = AXIS2_PLACEMENT_3D('',#19693,#19694,#19695);
#19693 = CARTESIAN_POINT('',(3.875,2.475,0.12));
#19694 = DIRECTION('',(-0.,1.,0.));
#19695 = DIRECTION('',(0.,0.,1.));
#19696 = ADVANCED_FACE('',(#19697),#19722,.T.);
#19697 = FACE_BOUND('',#19698,.T.);
#19698 = EDGE_LOOP('',(#19699,#19700,#19708,#19716));
#19699 = ORIENTED_EDGE('',*,*,#19429,.F.);
#19700 = ORIENTED_EDGE('',*,*,#19701,.T.);
#19701 = EDGE_CURVE('',#19430,#19702,#19704,.T.);
#19702 = VERTEX_POINT('',#19703);
#19703 = CARTESIAN_POINT('',(4.125,2.275,0.49));
#19704 = LINE('',#19705,#19706);
#19705 = CARTESIAN_POINT('',(4.125,2.275,0.12));
#19706 = VECTOR('',#19707,1.);
#19707 = DIRECTION('',(0.,0.,1.));
#19708 = ORIENTED_EDGE('',*,*,#19709,.T.);
#19709 = EDGE_CURVE('',#19702,#19710,#19712,.T.);
#19710 = VERTEX_POINT('',#19711);
#19711 = CARTESIAN_POINT('',(4.15,2.275,0.49));
#19712 = LINE('',#19713,#19714);
#19713 = CARTESIAN_POINT('',(3.85,2.275,0.49));
#19714 = VECTOR('',#19715,1.);
#19715 = DIRECTION('',(1.,0.,-0.));
#19716 = ORIENTED_EDGE('',*,*,#19717,.F.);
#19717 = EDGE_CURVE('',#19422,#19710,#19718,.T.);
#19718 = LINE('',#19719,#19720);
#19719 = CARTESIAN_POINT('',(4.15,2.275,0.3));
#19720 = VECTOR('',#19721,1.);
#19721 = DIRECTION('',(0.,0.,1.));
#19722 = PLANE('',#19723);
#19723 = AXIS2_PLACEMENT_3D('',#19724,#19725,#19726);
#19724 = CARTESIAN_POINT('',(3.85,2.275,0.3));
#19725 = DIRECTION('',(-0.,1.,0.));
#19726 = DIRECTION('',(0.,0.,1.));
#19727 = ADVANCED_FACE('',(#19728),#19760,.T.);
#19728 = FACE_BOUND('',#19729,.T.);
#19729 = EDGE_LOOP('',(#19730,#19738,#19746,#19752,#19753,#19759));
#19730 = ORIENTED_EDGE('',*,*,#19731,.F.);
#19731 = EDGE_CURVE('',#19732,#19376,#19734,.T.);
#19732 = VERTEX_POINT('',#19733);
#19733 = CARTESIAN_POINT('',(3.85,-0.325,0.49));
#19734 = LINE('',#19735,#19736);
#19735 = CARTESIAN_POINT('',(3.85,-0.925,0.49));
#19736 = VECTOR('',#19737,1.);
#19737 = DIRECTION('',(-0.,1.,0.));
#19738 = ORIENTED_EDGE('',*,*,#19739,.T.);
#19739 = EDGE_CURVE('',#19732,#19740,#19742,.T.);
#19740 = VERTEX_POINT('',#19741);
#19741 = CARTESIAN_POINT('',(4.15,-0.325,0.49));
#19742 = LINE('',#19743,#19744);
#19743 = CARTESIAN_POINT('',(3.85,-0.325,0.49));
#19744 = VECTOR('',#19745,1.);
#19745 = DIRECTION('',(1.,0.,-0.));
#19746 = ORIENTED_EDGE('',*,*,#19747,.T.);
#19747 = EDGE_CURVE('',#19740,#19710,#19748,.T.);
#19748 = LINE('',#19749,#19750);
#19749 = CARTESIAN_POINT('',(4.15,-0.925,0.49));
#19750 = VECTOR('',#19751,1.);
#19751 = DIRECTION('',(-0.,1.,0.));
#19752 = ORIENTED_EDGE('',*,*,#19709,.F.);
#19753 = ORIENTED_EDGE('',*,*,#19754,.F.);
#19754 = EDGE_CURVE('',#19384,#19702,#19755,.T.);
#19755 = LINE('',#19756,#19757);
#19756 = CARTESIAN_POINT('',(3.85,2.275,0.49));
#19757 = VECTOR('',#19758,1.);
#19758 = DIRECTION('',(1.,0.,-0.));
#19759 = ORIENTED_EDGE('',*,*,#19383,.F.);
#19760 = PLANE('',#19761);
#19761 = AXIS2_PLACEMENT_3D('',#19762,#19763,#19764);
#19762 = CARTESIAN_POINT('',(3.85,-0.925,0.49));
#19763 = DIRECTION('',(0.,0.,1.));
#19764 = DIRECTION('',(1.,0.,-0.));
#19765 = ADVANCED_FACE('',(#19766),#19782,.F.);
#19766 = FACE_BOUND('',#19767,.F.);
#19767 = EDGE_LOOP('',(#19768,#19774,#19775,#19781));
#19768 = ORIENTED_EDGE('',*,*,#19769,.F.);
#19769 = EDGE_CURVE('',#19702,#19343,#19770,.T.);
#19770 = LINE('',#19771,#19772);
#19771 = CARTESIAN_POINT('',(4.125,2.275,0.12));
#19772 = VECTOR('',#19773,1.);
#19773 = DIRECTION('',(0.,0.,1.));
#19774 = ORIENTED_EDGE('',*,*,#19754,.F.);
#19775 = ORIENTED_EDGE('',*,*,#19776,.T.);
#19776 = EDGE_CURVE('',#19384,#19281,#19777,.T.);
#19777 = LINE('',#19778,#19779);
#19778 = CARTESIAN_POINT('',(3.875,2.275,0.12));
#19779 = VECTOR('',#19780,1.);
#19780 = DIRECTION('',(0.,0.,1.));
#19781 = ORIENTED_EDGE('',*,*,#19350,.T.);
#19782 = PLANE('',#19783);
#19783 = AXIS2_PLACEMENT_3D('',#19784,#19785,#19786);
#19784 = CARTESIAN_POINT('',(3.875,2.275,0.12));
#19785 = DIRECTION('',(-0.,1.,0.));
#19786 = DIRECTION('',(0.,0.,1.));
#19787 = ADVANCED_FACE('',(#19788),#19813,.T.);
#19788 = FACE_BOUND('',#19789,.T.);
#19789 = EDGE_LOOP('',(#19790,#19791,#19799,#19807));
#19790 = ORIENTED_EDGE('',*,*,#19342,.F.);
#19791 = ORIENTED_EDGE('',*,*,#19792,.T.);
#19792 = EDGE_CURVE('',#19343,#19793,#19795,.T.);
#19793 = VERTEX_POINT('',#19794);
#19794 = CARTESIAN_POINT('',(4.125,2.275,1.17));
#19795 = LINE('',#19796,#19797);
#19796 = CARTESIAN_POINT('',(4.125,2.275,0.12));
#19797 = VECTOR('',#19798,1.);
#19798 = DIRECTION('',(0.,0.,1.));
#19799 = ORIENTED_EDGE('',*,*,#19800,.T.);
#19800 = EDGE_CURVE('',#19793,#19801,#19803,.T.);
#19801 = VERTEX_POINT('',#19802);
#19802 = CARTESIAN_POINT('',(4.15,2.275,1.17));
#19803 = LINE('',#19804,#19805);
#19804 = CARTESIAN_POINT('',(3.85,2.275,1.17));
#19805 = VECTOR('',#19806,1.);
#19806 = DIRECTION('',(1.,0.,-0.));
#19807 = ORIENTED_EDGE('',*,*,#19808,.F.);
#19808 = EDGE_CURVE('',#19335,#19801,#19809,.T.);
#19809 = LINE('',#19810,#19811);
#19810 = CARTESIAN_POINT('',(4.15,2.275,0.86));
#19811 = VECTOR('',#19812,1.);
#19812 = DIRECTION('',(0.,0.,1.));
#19813 = PLANE('',#19814);
#19814 = AXIS2_PLACEMENT_3D('',#19815,#19816,#19817);
#19815 = CARTESIAN_POINT('',(3.85,2.275,0.86));
#19816 = DIRECTION('',(-0.,1.,0.));
#19817 = DIRECTION('',(0.,0.,1.));
#19818 = ADVANCED_FACE('',(#19819),#19837,.F.);
#19819 = FACE_BOUND('',#19820,.F.);
#19820 = EDGE_LOOP('',(#19821,#19829,#19830,#19831));
#19821 = ORIENTED_EDGE('',*,*,#19822,.F.);
#19822 = EDGE_CURVE('',#19319,#19823,#19825,.T.);
#19823 = VERTEX_POINT('',#19824);
#19824 = CARTESIAN_POINT('',(3.85,-0.6,1.17));
#19825 = LINE('',#19826,#19827);
#19826 = CARTESIAN_POINT('',(3.85,-0.6,0.86));
#19827 = VECTOR('',#19828,1.);
#19828 = DIRECTION('',(0.,0.,1.));
#19829 = ORIENTED_EDGE('',*,*,#19318,.T.);
#19830 = ORIENTED_EDGE('',*,*,#19288,.T.);
#19831 = ORIENTED_EDGE('',*,*,#19832,.F.);
#19832 = EDGE_CURVE('',#19823,#19289,#19833,.T.);
#19833 = LINE('',#19834,#19835);
#19834 = CARTESIAN_POINT('',(3.85,-0.6,1.17));
#19835 = VECTOR('',#19836,1.);
#19836 = DIRECTION('',(-0.,1.,0.));
#19837 = PLANE('',#19838);
#19838 = AXIS2_PLACEMENT_3D('',#19839,#19840,#19841);
#19839 = CARTESIAN_POINT('',(3.85,-0.6,0.86));
#19840 = DIRECTION('',(1.,0.,-0.));
#19841 = DIRECTION('',(0.,0.,1.));
#19842 = ADVANCED_FACE('',(#19843),#19861,.T.);
#19843 = FACE_BOUND('',#19844,.T.);
#19844 = EDGE_LOOP('',(#19845,#19853,#19854,#19855));
#19845 = ORIENTED_EDGE('',*,*,#19846,.F.);
#19846 = EDGE_CURVE('',#19327,#19847,#19849,.T.);
#19847 = VERTEX_POINT('',#19848);
#19848 = CARTESIAN_POINT('',(4.15,-0.6,1.17));
#19849 = LINE('',#19850,#19851);
#19850 = CARTESIAN_POINT('',(4.15,-0.6,0.86));
#19851 = VECTOR('',#19852,1.);
#19852 = DIRECTION('',(0.,0.,1.));
#19853 = ORIENTED_EDGE('',*,*,#19334,.T.);
#19854 = ORIENTED_EDGE('',*,*,#19808,.T.);
#19855 = ORIENTED_EDGE('',*,*,#19856,.F.);
#19856 = EDGE_CURVE('',#19847,#19801,#19857,.T.);
#19857 = LINE('',#19858,#19859);
#19858 = CARTESIAN_POINT('',(4.15,-0.6,1.17));
#19859 = VECTOR('',#19860,1.);
#19860 = DIRECTION('',(-0.,1.,0.));
#19861 = PLANE('',#19862);
#19862 = AXIS2_PLACEMENT_3D('',#19863,#19864,#19865);
#19863 = CARTESIAN_POINT('',(4.15,-0.6,0.86));
#19864 = DIRECTION('',(1.,0.,-0.));
#19865 = DIRECTION('',(0.,0.,1.));
#19866 = ADVANCED_FACE('',(#19867),#19892,.T.);
#19867 = FACE_BOUND('',#19868,.T.);
#19868 = EDGE_LOOP('',(#19869,#19870,#19878,#19886));
#19869 = ORIENTED_EDGE('',*,*,#19739,.F.);
#19870 = ORIENTED_EDGE('',*,*,#19871,.T.);
#19871 = EDGE_CURVE('',#19732,#19872,#19874,.T.);
#19872 = VERTEX_POINT('',#19873);
#19873 = CARTESIAN_POINT('',(3.85,-0.325,0.8));
#19874 = LINE('',#19875,#19876);
#19875 = CARTESIAN_POINT('',(3.85,-0.325,0.49));
#19876 = VECTOR('',#19877,1.);
#19877 = DIRECTION('',(0.,0.,1.));
#19878 = ORIENTED_EDGE('',*,*,#19879,.T.);
#19879 = EDGE_CURVE('',#19872,#19880,#19882,.T.);
#19880 = VERTEX_POINT('',#19881);
#19881 = CARTESIAN_POINT('',(4.15,-0.325,0.8));
#19882 = LINE('',#19883,#19884);
#19883 = CARTESIAN_POINT('',(3.85,-0.325,0.8));
#19884 = VECTOR('',#19885,1.);
#19885 = DIRECTION('',(1.,0.,-0.));
#19886 = ORIENTED_EDGE('',*,*,#19887,.F.);
#19887 = EDGE_CURVE('',#19740,#19880,#19888,.T.);
#19888 = LINE('',#19889,#19890);
#19889 = CARTESIAN_POINT('',(4.15,-0.325,0.49));
#19890 = VECTOR('',#19891,1.);
#19891 = DIRECTION('',(0.,0.,1.));
#19892 = PLANE('',#19893);
#19893 = AXIS2_PLACEMENT_3D('',#19894,#19895,#19896);
#19894 = CARTESIAN_POINT('',(3.85,-0.325,0.49));
#19895 = DIRECTION('',(-0.,1.,0.));
#19896 = DIRECTION('',(0.,0.,1.));
#19897 = ADVANCED_FACE('',(#19898),#19909,.F.);
#19898 = FACE_BOUND('',#19899,.F.);
#19899 = EDGE_LOOP('',(#19900,#19901,#19902,#19908));
#19900 = ORIENTED_EDGE('',*,*,#19326,.F.);
#19901 = ORIENTED_EDGE('',*,*,#19822,.T.);
#19902 = ORIENTED_EDGE('',*,*,#19903,.T.);
#19903 = EDGE_CURVE('',#19823,#19847,#19904,.T.);
#19904 = LINE('',#19905,#19906);
#19905 = CARTESIAN_POINT('',(3.85,-0.6,1.17));
#19906 = VECTOR('',#19907,1.);
#19907 = DIRECTION('',(1.,0.,-0.));
#19908 = ORIENTED_EDGE('',*,*,#19846,.F.);
#19909 = PLANE('',#19910);
#19910 = AXIS2_PLACEMENT_3D('',#19911,#19912,#19913);
#19911 = CARTESIAN_POINT('',(3.85,-0.6,0.86));
#19912 = DIRECTION('',(-0.,1.,0.));
#19913 = DIRECTION('',(0.,0.,1.));
#19914 = ADVANCED_FACE('',(#19915),#19940,.T.);
#19915 = FACE_BOUND('',#19916,.T.);
#19916 = EDGE_LOOP('',(#19917,#19925,#19933,#19939));
#19917 = ORIENTED_EDGE('',*,*,#19918,.F.);
#19918 = EDGE_CURVE('',#19919,#19872,#19921,.T.);
#19919 = VERTEX_POINT('',#19920);
#19920 = CARTESIAN_POINT('',(3.85,-0.925,0.8));
#19921 = LINE('',#19922,#19923);
#19922 = CARTESIAN_POINT('',(3.85,-0.925,0.8));
#19923 = VECTOR('',#19924,1.);
#19924 = DIRECTION('',(-0.,1.,0.));
#19925 = ORIENTED_EDGE('',*,*,#19926,.T.);
#19926 = EDGE_CURVE('',#19919,#19927,#19929,.T.);
#19927 = VERTEX_POINT('',#19928);
#19928 = CARTESIAN_POINT('',(4.15,-0.925,0.8));
#19929 = LINE('',#19930,#19931);
#19930 = CARTESIAN_POINT('',(3.85,-0.925,0.8));
#19931 = VECTOR('',#19932,1.);
#19932 = DIRECTION('',(1.,0.,-0.));
#19933 = ORIENTED_EDGE('',*,*,#19934,.T.);
#19934 = EDGE_CURVE('',#19927,#19880,#19935,.T.);
#19935 = LINE('',#19936,#19937);
#19936 = CARTESIAN_POINT('',(4.15,-0.925,0.8));
#19937 = VECTOR('',#19938,1.);
#19938 = DIRECTION('',(-0.,1.,0.));
#19939 = ORIENTED_EDGE('',*,*,#19879,.F.);
#19940 = PLANE('',#19941);
#19941 = AXIS2_PLACEMENT_3D('',#19942,#19943,#19944);
#19942 = CARTESIAN_POINT('',(3.85,-0.925,0.8));
#19943 = DIRECTION('',(0.,0.,1.));
#19944 = DIRECTION('',(1.,0.,-0.));
#19945 = ADVANCED_FACE('',(#19946),#19965,.T.);
#19946 = FACE_BOUND('',#19947,.T.);
#19947 = EDGE_LOOP('',(#19948,#19949,#19950,#19951,#19952,#19953,#19954,
    #19960,#19961,#19962,#19963,#19964));
#19948 = ORIENTED_EDGE('',*,*,#19478,.F.);
#19949 = ORIENTED_EDGE('',*,*,#19492,.F.);
#19950 = ORIENTED_EDGE('',*,*,#19561,.T.);
#19951 = ORIENTED_EDGE('',*,*,#19391,.T.);
#19952 = ORIENTED_EDGE('',*,*,#19776,.T.);
#19953 = ORIENTED_EDGE('',*,*,#19304,.T.);
#19954 = ORIENTED_EDGE('',*,*,#19955,.T.);
#19955 = EDGE_CURVE('',#19297,#19671,#19956,.T.);
#19956 = LINE('',#19957,#19958);
#19957 = CARTESIAN_POINT('',(3.875,2.275,1.17));
#19958 = VECTOR('',#19959,1.);
#19959 = DIRECTION('',(-0.,1.,0.));
#19960 = ORIENTED_EDGE('',*,*,#19670,.F.);
#19961 = ORIENTED_EDGE('',*,*,#19655,.F.);
#19962 = ORIENTED_EDGE('',*,*,#19624,.F.);
#19963 = ORIENTED_EDGE('',*,*,#19593,.F.);
#19964 = ORIENTED_EDGE('',*,*,#19540,.F.);
#19965 = PLANE('',#19966);
#19966 = AXIS2_PLACEMENT_3D('',#19967,#19968,#19969);
#19967 = CARTESIAN_POINT('',(3.875,2.928538891724,0.406031440384));
#19968 = DIRECTION('',(-1.,-0.,-0.));
#19969 = DIRECTION('',(0.,0.,-1.));
#19970 = ADVANCED_FACE('',(#19971),#19990,.T.);
#19971 = FACE_BOUND('',#19972,.T.);
#19972 = EDGE_LOOP('',(#19973,#19974,#19975,#19976,#19977,#19978,#19979,
    #19985,#19986,#19987,#19988,#19989));
#19973 = ORIENTED_EDGE('',*,*,#19462,.T.);
#19974 = ORIENTED_EDGE('',*,*,#19524,.T.);
#19975 = ORIENTED_EDGE('',*,*,#19577,.T.);
#19976 = ORIENTED_EDGE('',*,*,#19608,.T.);
#19977 = ORIENTED_EDGE('',*,*,#19639,.T.);
#19978 = ORIENTED_EDGE('',*,*,#19686,.T.);
#19979 = ORIENTED_EDGE('',*,*,#19980,.F.);
#19980 = EDGE_CURVE('',#19793,#19679,#19981,.T.);
#19981 = LINE('',#19982,#19983);
#19982 = CARTESIAN_POINT('',(4.125,2.275,1.17));
#19983 = VECTOR('',#19984,1.);
#19984 = DIRECTION('',(-0.,1.,0.));
#19985 = ORIENTED_EDGE('',*,*,#19792,.F.);
#19986 = ORIENTED_EDGE('',*,*,#19769,.F.);
#19987 = ORIENTED_EDGE('',*,*,#19701,.F.);
#19988 = ORIENTED_EDGE('',*,*,#19554,.F.);
#19989 = ORIENTED_EDGE('',*,*,#19508,.T.);
#19990 = PLANE('',#19991);
#19991 = AXIS2_PLACEMENT_3D('',#19992,#19993,#19994);
#19992 = CARTESIAN_POINT('',(4.125,2.928538891724,0.406031440384));
#19993 = DIRECTION('',(1.,0.,0.));
#19994 = DIRECTION('',(-0.,0.,1.));
#19995 = ADVANCED_FACE('',(#19996),#20006,.T.);
#19996 = FACE_BOUND('',#19997,.T.);
#19997 = EDGE_LOOP('',(#19998,#19999,#20000,#20001,#20002,#20003,#20004,
    #20005));
#19998 = ORIENTED_EDGE('',*,*,#19955,.F.);
#19999 = ORIENTED_EDGE('',*,*,#19296,.F.);
#20000 = ORIENTED_EDGE('',*,*,#19832,.F.);
#20001 = ORIENTED_EDGE('',*,*,#19903,.T.);
#20002 = ORIENTED_EDGE('',*,*,#19856,.T.);
#20003 = ORIENTED_EDGE('',*,*,#19800,.F.);
#20004 = ORIENTED_EDGE('',*,*,#19980,.T.);
#20005 = ORIENTED_EDGE('',*,*,#19678,.F.);
#20006 = PLANE('',#20007);
#20007 = AXIS2_PLACEMENT_3D('',#20008,#20009,#20010);
#20008 = CARTESIAN_POINT('',(4.,0.936018518519,1.17));
#20009 = DIRECTION('',(0.,0.,1.));
#20010 = DIRECTION('',(1.,0.,-0.));
#20011 = ADVANCED_FACE('',(#20012),#20025,.T.);
#20012 = FACE_BOUND('',#20013,.T.);
#20013 = EDGE_LOOP('',(#20014,#20020,#20021,#20022,#20023,#20024));
#20014 = ORIENTED_EDGE('',*,*,#20015,.T.);
#20015 = EDGE_CURVE('',#19406,#19919,#20016,.T.);
#20016 = LINE('',#20017,#20018);
#20017 = CARTESIAN_POINT('',(3.85,-0.925,0.3));
#20018 = VECTOR('',#20019,1.);
#20019 = DIRECTION('',(0.,0.,1.));
#20020 = ORIENTED_EDGE('',*,*,#19918,.T.);
#20021 = ORIENTED_EDGE('',*,*,#19871,.F.);
#20022 = ORIENTED_EDGE('',*,*,#19731,.T.);
#20023 = ORIENTED_EDGE('',*,*,#19375,.F.);
#20024 = ORIENTED_EDGE('',*,*,#19405,.F.);
#20025 = PLANE('',#20026);
#20026 = AXIS2_PLACEMENT_3D('',#20027,#20028,#20029);
#20027 = CARTESIAN_POINT('',(3.85,0.566081081081,0.441081081081));
#20028 = DIRECTION('',(-1.,-0.,-0.));
#20029 = DIRECTION('',(0.,0.,-1.));
#20030 = ADVANCED_FACE('',(#20031),#20044,.T.);
#20031 = FACE_BOUND('',#20032,.T.);
#20032 = EDGE_LOOP('',(#20033,#20034,#20035,#20036,#20037,#20038));
#20033 = ORIENTED_EDGE('',*,*,#19421,.T.);
#20034 = ORIENTED_EDGE('',*,*,#19717,.T.);
#20035 = ORIENTED_EDGE('',*,*,#19747,.F.);
#20036 = ORIENTED_EDGE('',*,*,#19887,.T.);
#20037 = ORIENTED_EDGE('',*,*,#19934,.F.);
#20038 = ORIENTED_EDGE('',*,*,#20039,.F.);
#20039 = EDGE_CURVE('',#19414,#19927,#20040,.T.);
#20040 = LINE('',#20041,#20042);
#20041 = CARTESIAN_POINT('',(4.15,-0.925,0.49));
#20042 = VECTOR('',#20043,1.);
#20043 = DIRECTION('',(0.,0.,1.));
#20044 = PLANE('',#20045);
#20045 = AXIS2_PLACEMENT_3D('',#20046,#20047,#20048);
#20046 = CARTESIAN_POINT('',(4.15,0.566081081081,0.441081081081));
#20047 = DIRECTION('',(1.,0.,0.));
#20048 = DIRECTION('',(-0.,0.,1.));
#20049 = ADVANCED_FACE('',(#20050),#20056,.T.);
#20050 = FACE_BOUND('',#20051,.T.);
#20051 = EDGE_LOOP('',(#20052,#20053,#20054,#20055));
#20052 = ORIENTED_EDGE('',*,*,#19413,.T.);
#20053 = ORIENTED_EDGE('',*,*,#20039,.T.);
#20054 = ORIENTED_EDGE('',*,*,#19926,.F.);
#20055 = ORIENTED_EDGE('',*,*,#20015,.F.);
#20056 = PLANE('',#20057);
#20057 = AXIS2_PLACEMENT_3D('',#20058,#20059,#20060);
#20058 = CARTESIAN_POINT('',(4.,-0.925,0.55));
#20059 = DIRECTION('',(-0.,-1.,-0.));
#20060 = DIRECTION('',(0.,0.,-1.));
#20061 = MANIFOLD_SOLID_BREP('',#20062);
#20062 = CLOSED_SHELL('',(#20063,#20103,#20150,#20190,#20237,#20277,
    #20308,#20339,#20361,#20392,#20423,#20454,#20485,#20516,#20554,
    #20576,#20607,#20631,#20655,#20686,#20703,#20734,#20759,#20784,
    #20800,#20819,#20838));
#20063 = ADVANCED_FACE('',(#20064),#20098,.T.);
#20064 = FACE_BOUND('',#20065,.T.);
#20065 = EDGE_LOOP('',(#20066,#20076,#20084,#20092));
#20066 = ORIENTED_EDGE('',*,*,#20067,.F.);
#20067 = EDGE_CURVE('',#20068,#20070,#20072,.T.);
#20068 = VERTEX_POINT('',#20069);
#20069 = CARTESIAN_POINT('',(4.85,2.275,0.86));
#20070 = VERTEX_POINT('',#20071);
#20071 = CARTESIAN_POINT('',(4.875,2.275,0.86));
#20072 = LINE('',#20073,#20074);
#20073 = CARTESIAN_POINT('',(4.85,2.275,0.86));
#20074 = VECTOR('',#20075,1.);
#20075 = DIRECTION('',(1.,0.,-0.));
#20076 = ORIENTED_EDGE('',*,*,#20077,.T.);
#20077 = EDGE_CURVE('',#20068,#20078,#20080,.T.);
#20078 = VERTEX_POINT('',#20079);
#20079 = CARTESIAN_POINT('',(4.85,2.275,1.17));
#20080 = LINE('',#20081,#20082);
#20081 = CARTESIAN_POINT('',(4.85,2.275,0.86));
#20082 = VECTOR('',#20083,1.);
#20083 = DIRECTION('',(0.,0.,1.));
#20084 = ORIENTED_EDGE('',*,*,#20085,.T.);
#20085 = EDGE_CURVE('',#20078,#20086,#20088,.T.);
#20086 = VERTEX_POINT('',#20087);
#20087 = CARTESIAN_POINT('',(4.875,2.275,1.17));
#20088 = LINE('',#20089,#20090);
#20089 = CARTESIAN_POINT('',(4.85,2.275,1.17));
#20090 = VECTOR('',#20091,1.);
#20091 = DIRECTION('',(1.,0.,-0.));
#20092 = ORIENTED_EDGE('',*,*,#20093,.F.);
#20093 = EDGE_CURVE('',#20070,#20086,#20094,.T.);
#20094 = LINE('',#20095,#20096);
#20095 = CARTESIAN_POINT('',(4.875,2.275,0.12));
#20096 = VECTOR('',#20097,1.);
#20097 = DIRECTION('',(0.,0.,1.));
#20098 = PLANE('',#20099);
#20099 = AXIS2_PLACEMENT_3D('',#20100,#20101,#20102);
#20100 = CARTESIAN_POINT('',(4.85,2.275,0.86));
#20101 = DIRECTION('',(-0.,1.,0.));
#20102 = DIRECTION('',(0.,0.,1.));
#20103 = ADVANCED_FACE('',(#20104),#20145,.F.);
#20104 = FACE_BOUND('',#20105,.F.);
#20105 = EDGE_LOOP('',(#20106,#20114,#20122,#20130,#20138,#20144));
#20106 = ORIENTED_EDGE('',*,*,#20107,.F.);
#20107 = EDGE_CURVE('',#20108,#20068,#20110,.T.);
#20108 = VERTEX_POINT('',#20109);
#20109 = CARTESIAN_POINT('',(4.85,-0.6,0.86));
#20110 = LINE('',#20111,#20112);
#20111 = CARTESIAN_POINT('',(4.85,-0.6,0.86));
#20112 = VECTOR('',#20113,1.);
#20113 = DIRECTION('',(-0.,1.,0.));
#20114 = ORIENTED_EDGE('',*,*,#20115,.T.);
#20115 = EDGE_CURVE('',#20108,#20116,#20118,.T.);
#20116 = VERTEX_POINT('',#20117);
#20117 = CARTESIAN_POINT('',(5.15,-0.6,0.86));
#20118 = LINE('',#20119,#20120);
#20119 = CARTESIAN_POINT('',(4.85,-0.6,0.86));
#20120 = VECTOR('',#20121,1.);
#20121 = DIRECTION('',(1.,0.,-0.));
#20122 = ORIENTED_EDGE('',*,*,#20123,.T.);
#20123 = EDGE_CURVE('',#20116,#20124,#20126,.T.);
#20124 = VERTEX_POINT('',#20125);
#20125 = CARTESIAN_POINT('',(5.15,2.275,0.86));
#20126 = LINE('',#20127,#20128);
#20127 = CARTESIAN_POINT('',(5.15,-0.6,0.86));
#20128 = VECTOR('',#20129,1.);
#20129 = DIRECTION('',(-0.,1.,0.));
#20130 = ORIENTED_EDGE('',*,*,#20131,.F.);
#20131 = EDGE_CURVE('',#20132,#20124,#20134,.T.);
#20132 = VERTEX_POINT('',#20133);
#20133 = CARTESIAN_POINT('',(5.125,2.275,0.86));
#20134 = LINE('',#20135,#20136);
#20135 = CARTESIAN_POINT('',(4.85,2.275,0.86));
#20136 = VECTOR('',#20137,1.);
#20137 = DIRECTION('',(1.,0.,-0.));
#20138 = ORIENTED_EDGE('',*,*,#20139,.F.);
#20139 = EDGE_CURVE('',#20070,#20132,#20140,.T.);
#20140 = LINE('',#20141,#20142);
#20141 = CARTESIAN_POINT('',(4.85,2.275,0.86));
#20142 = VECTOR('',#20143,1.);
#20143 = DIRECTION('',(1.,0.,-0.));
#20144 = ORIENTED_EDGE('',*,*,#20067,.F.);
#20145 = PLANE('',#20146);
#20146 = AXIS2_PLACEMENT_3D('',#20147,#20148,#20149);
#20147 = CARTESIAN_POINT('',(4.85,-0.6,0.86));
#20148 = DIRECTION('',(0.,0.,1.));
#20149 = DIRECTION('',(1.,0.,-0.));
#20150 = ADVANCED_FACE('',(#20151),#20185,.T.);
#20151 = FACE_BOUND('',#20152,.T.);
#20152 = EDGE_LOOP('',(#20153,#20163,#20171,#20179));
#20153 = ORIENTED_EDGE('',*,*,#20154,.F.);
#20154 = EDGE_CURVE('',#20155,#20157,#20159,.T.);
#20155 = VERTEX_POINT('',#20156);
#20156 = CARTESIAN_POINT('',(4.85,2.275,0.3));
#20157 = VERTEX_POINT('',#20158);
#20158 = CARTESIAN_POINT('',(4.875,2.275,0.3));
#20159 = LINE('',#20160,#20161);
#20160 = CARTESIAN_POINT('',(4.85,2.275,0.3));
#20161 = VECTOR('',#20162,1.);
#20162 = DIRECTION('',(1.,0.,-0.));
#20163 = ORIENTED_EDGE('',*,*,#20164,.T.);
#20164 = EDGE_CURVE('',#20155,#20165,#20167,.T.);
#20165 = VERTEX_POINT('',#20166);
#20166 = CARTESIAN_POINT('',(4.85,2.275,0.49));
#20167 = LINE('',#20168,#20169);
#20168 = CARTESIAN_POINT('',(4.85,2.275,0.3));
#20169 = VECTOR('',#20170,1.);
#20170 = DIRECTION('',(0.,0.,1.));
#20171 = ORIENTED_EDGE('',*,*,#20172,.T.);
#20172 = EDGE_CURVE('',#20165,#20173,#20175,.T.);
#20173 = VERTEX_POINT('',#20174);
#20174 = CARTESIAN_POINT('',(4.875,2.275,0.49));
#20175 = LINE('',#20176,#20177);
#20176 = CARTESIAN_POINT('',(4.85,2.275,0.49));
#20177 = VECTOR('',#20178,1.);
#20178 = DIRECTION('',(1.,0.,-0.));
#20179 = ORIENTED_EDGE('',*,*,#20180,.F.);
#20180 = EDGE_CURVE('',#20157,#20173,#20181,.T.);
#20181 = LINE('',#20182,#20183);
#20182 = CARTESIAN_POINT('',(4.875,2.275,0.12));
#20183 = VECTOR('',#20184,1.);
#20184 = DIRECTION('',(0.,0.,1.));
#20185 = PLANE('',#20186);
#20186 = AXIS2_PLACEMENT_3D('',#20187,#20188,#20189);
#20187 = CARTESIAN_POINT('',(4.85,2.275,0.3));
#20188 = DIRECTION('',(-0.,1.,0.));
#20189 = DIRECTION('',(0.,0.,1.));
#20190 = ADVANCED_FACE('',(#20191),#20232,.F.);
#20191 = FACE_BOUND('',#20192,.F.);
#20192 = EDGE_LOOP('',(#20193,#20201,#20209,#20217,#20225,#20231));
#20193 = ORIENTED_EDGE('',*,*,#20194,.F.);
#20194 = EDGE_CURVE('',#20195,#20155,#20197,.T.);
#20195 = VERTEX_POINT('',#20196);
#20196 = CARTESIAN_POINT('',(4.85,-0.925,0.3));
#20197 = LINE('',#20198,#20199);
#20198 = CARTESIAN_POINT('',(4.85,-0.925,0.3));
#20199 = VECTOR('',#20200,1.);
#20200 = DIRECTION('',(-0.,1.,0.));
#20201 = ORIENTED_EDGE('',*,*,#20202,.T.);
#20202 = EDGE_CURVE('',#20195,#20203,#20205,.T.);
#20203 = VERTEX_POINT('',#20204);
#20204 = CARTESIAN_POINT('',(5.15,-0.925,0.3));
#20205 = LINE('',#20206,#20207);
#20206 = CARTESIAN_POINT('',(4.85,-0.925,0.3));
#20207 = VECTOR('',#20208,1.);
#20208 = DIRECTION('',(1.,0.,-0.));
#20209 = ORIENTED_EDGE('',*,*,#20210,.T.);
#20210 = EDGE_CURVE('',#20203,#20211,#20213,.T.);
#20211 = VERTEX_POINT('',#20212);
#20212 = CARTESIAN_POINT('',(5.15,2.275,0.3));
#20213 = LINE('',#20214,#20215);
#20214 = CARTESIAN_POINT('',(5.15,-0.925,0.3));
#20215 = VECTOR('',#20216,1.);
#20216 = DIRECTION('',(-0.,1.,0.));
#20217 = ORIENTED_EDGE('',*,*,#20218,.F.);
#20218 = EDGE_CURVE('',#20219,#20211,#20221,.T.);
#20219 = VERTEX_POINT('',#20220);
#20220 = CARTESIAN_POINT('',(5.125,2.275,0.3));
#20221 = LINE('',#20222,#20223);
#20222 = CARTESIAN_POINT('',(4.85,2.275,0.3));
#20223 = VECTOR('',#20224,1.);
#20224 = DIRECTION('',(1.,0.,-0.));
#20225 = ORIENTED_EDGE('',*,*,#20226,.F.);
#20226 = EDGE_CURVE('',#20157,#20219,#20227,.T.);
#20227 = LINE('',#20228,#20229);
#20228 = CARTESIAN_POINT('',(4.85,2.275,0.3));
#20229 = VECTOR('',#20230,1.);
#20230 = DIRECTION('',(1.,0.,-0.));
#20231 = ORIENTED_EDGE('',*,*,#20154,.F.);
#20232 = PLANE('',#20233);
#20233 = AXIS2_PLACEMENT_3D('',#20234,#20235,#20236);
#20234 = CARTESIAN_POINT('',(4.85,-0.925,0.3));
#20235 = DIRECTION('',(0.,0.,1.));
#20236 = DIRECTION('',(1.,0.,-0.));
#20237 = ADVANCED_FACE('',(#20238),#20272,.F.);
#20238 = FACE_BOUND('',#20239,.F.);
#20239 = EDGE_LOOP('',(#20240,#20250,#20258,#20266));
#20240 = ORIENTED_EDGE('',*,*,#20241,.T.);
#20241 = EDGE_CURVE('',#20242,#20244,#20246,.T.);
#20242 = VERTEX_POINT('',#20243);
#20243 = CARTESIAN_POINT('',(4.875,2.475,0.12));
#20244 = VERTEX_POINT('',#20245);
#20245 = CARTESIAN_POINT('',(5.125,2.475,0.12));
#20246 = LINE('',#20247,#20248);
#20247 = CARTESIAN_POINT('',(4.875,2.475,0.12));
#20248 = VECTOR('',#20249,1.);
#20249 = DIRECTION('',(1.,0.,0.));
#20250 = ORIENTED_EDGE('',*,*,#20251,.T.);
#20251 = EDGE_CURVE('',#20244,#20252,#20254,.T.);
#20252 = VERTEX_POINT('',#20253);
#20253 = CARTESIAN_POINT('',(5.125,2.825,0.));
#20254 = LINE('',#20255,#20256);
#20255 = CARTESIAN_POINT('',(5.125,2.475,0.12));
#20256 = VECTOR('',#20257,1.);
#20257 = DIRECTION('',(0.,0.945945945946,-0.324324324324));
#20258 = ORIENTED_EDGE('',*,*,#20259,.F.);
#20259 = EDGE_CURVE('',#20260,#20252,#20262,.T.);
#20260 = VERTEX_POINT('',#20261);
#20261 = CARTESIAN_POINT('',(4.875,2.825,0.));
#20262 = LINE('',#20263,#20264);
#20263 = CARTESIAN_POINT('',(4.875,2.825,0.));
#20264 = VECTOR('',#20265,1.);
#20265 = DIRECTION('',(1.,0.,0.));
#20266 = ORIENTED_EDGE('',*,*,#20267,.F.);
#20267 = EDGE_CURVE('',#20242,#20260,#20268,.T.);
#20268 = LINE('',#20269,#20270);
#20269 = CARTESIAN_POINT('',(4.875,2.475,0.12));
#20270 = VECTOR('',#20271,1.);
#20271 = DIRECTION('',(0.,0.945945945946,-0.324324324324));
#20272 = PLANE('',#20273);
#20273 = AXIS2_PLACEMENT_3D('',#20274,#20275,#20276);
#20274 = CARTESIAN_POINT('',(4.875,2.475,0.12));
#20275 = DIRECTION('',(-0.,0.324324324324,0.945945945946));
#20276 = DIRECTION('',(0.,0.945945945946,-0.324324324324));
#20277 = ADVANCED_FACE('',(#20278),#20303,.F.);
#20278 = FACE_BOUND('',#20279,.F.);
#20279 = EDGE_LOOP('',(#20280,#20288,#20296,#20302));
#20280 = ORIENTED_EDGE('',*,*,#20281,.F.);
#20281 = EDGE_CURVE('',#20282,#20242,#20284,.T.);
#20282 = VERTEX_POINT('',#20283);
#20283 = CARTESIAN_POINT('',(4.875,2.275,0.12));
#20284 = LINE('',#20285,#20286);
#20285 = CARTESIAN_POINT('',(4.875,2.275,0.12));
#20286 = VECTOR('',#20287,1.);
#20287 = DIRECTION('',(-0.,1.,0.));
#20288 = ORIENTED_EDGE('',*,*,#20289,.T.);
#20289 = EDGE_CURVE('',#20282,#20290,#20292,.T.);
#20290 = VERTEX_POINT('',#20291);
#20291 = CARTESIAN_POINT('',(5.125,2.275,0.12));
#20292 = LINE('',#20293,#20294);
#20293 = CARTESIAN_POINT('',(4.875,2.275,0.12));
#20294 = VECTOR('',#20295,1.);
#20295 = DIRECTION('',(1.,0.,-0.));
#20296 = ORIENTED_EDGE('',*,*,#20297,.T.);
#20297 = EDGE_CURVE('',#20290,#20244,#20298,.T.);
#20298 = LINE('',#20299,#20300);
#20299 = CARTESIAN_POINT('',(5.125,2.275,0.12));
#20300 = VECTOR('',#20301,1.);
#20301 = DIRECTION('',(-0.,1.,0.));
#20302 = ORIENTED_EDGE('',*,*,#20241,.F.);
#20303 = PLANE('',#20304);
#20304 = AXIS2_PLACEMENT_3D('',#20305,#20306,#20307);
#20305 = CARTESIAN_POINT('',(4.875,2.275,0.12));
#20306 = DIRECTION('',(0.,0.,1.));
#20307 = DIRECTION('',(1.,0.,-0.));
#20308 = ADVANCED_FACE('',(#20309),#20334,.F.);
#20309 = FACE_BOUND('',#20310,.F.);
#20310 = EDGE_LOOP('',(#20311,#20312,#20320,#20328));
#20311 = ORIENTED_EDGE('',*,*,#20259,.T.);
#20312 = ORIENTED_EDGE('',*,*,#20313,.T.);
#20313 = EDGE_CURVE('',#20252,#20314,#20316,.T.);
#20314 = VERTEX_POINT('',#20315);
#20315 = CARTESIAN_POINT('',(5.125,3.925,0.));
#20316 = LINE('',#20317,#20318);
#20317 = CARTESIAN_POINT('',(5.125,2.825,0.));
#20318 = VECTOR('',#20319,1.);
#20319 = DIRECTION('',(0.,1.,0.));
#20320 = ORIENTED_EDGE('',*,*,#20321,.F.);
#20321 = EDGE_CURVE('',#20322,#20314,#20324,.T.);
#20322 = VERTEX_POINT('',#20323);
#20323 = CARTESIAN_POINT('',(4.875,3.925,0.));
#20324 = LINE('',#20325,#20326);
#20325 = CARTESIAN_POINT('',(4.875,3.925,0.));
#20326 = VECTOR('',#20327,1.);
#20327 = DIRECTION('',(1.,0.,0.));
#20328 = ORIENTED_EDGE('',*,*,#20329,.F.);
#20329 = EDGE_CURVE('',#20260,#20322,#20330,.T.);
#20330 = LINE('',#20331,#20332);
#20331 = CARTESIAN_POINT('',(4.875,2.825,0.));
#20332 = VECTOR('',#20333,1.);
#20333 = DIRECTION('',(0.,1.,0.));
#20334 = PLANE('',#20335);
#20335 = AXIS2_PLACEMENT_3D('',#20336,#20337,#20338);
#20336 = CARTESIAN_POINT('',(4.875,2.825,0.));
#20337 = DIRECTION('',(0.,0.,1.));
#20338 = DIRECTION('',(0.,1.,0.));
#20339 = ADVANCED_FACE('',(#20340),#20356,.F.);
#20340 = FACE_BOUND('',#20341,.F.);
#20341 = EDGE_LOOP('',(#20342,#20348,#20349,#20355));
#20342 = ORIENTED_EDGE('',*,*,#20343,.F.);
#20343 = EDGE_CURVE('',#20290,#20219,#20344,.T.);
#20344 = LINE('',#20345,#20346);
#20345 = CARTESIAN_POINT('',(5.125,2.275,0.12));
#20346 = VECTOR('',#20347,1.);
#20347 = DIRECTION('',(0.,0.,1.));
#20348 = ORIENTED_EDGE('',*,*,#20289,.F.);
#20349 = ORIENTED_EDGE('',*,*,#20350,.T.);
#20350 = EDGE_CURVE('',#20282,#20157,#20351,.T.);
#20351 = LINE('',#20352,#20353);
#20352 = CARTESIAN_POINT('',(4.875,2.275,0.12));
#20353 = VECTOR('',#20354,1.);
#20354 = DIRECTION('',(0.,0.,1.));
#20355 = ORIENTED_EDGE('',*,*,#20226,.T.);
#20356 = PLANE('',#20357);
#20357 = AXIS2_PLACEMENT_3D('',#20358,#20359,#20360);
#20358 = CARTESIAN_POINT('',(4.875,2.275,0.12));
#20359 = DIRECTION('',(-0.,1.,0.));
#20360 = DIRECTION('',(0.,0.,1.));
#20361 = ADVANCED_FACE('',(#20362),#20387,.F.);
#20362 = FACE_BOUND('',#20363,.F.);
#20363 = EDGE_LOOP('',(#20364,#20365,#20373,#20381));
#20364 = ORIENTED_EDGE('',*,*,#20321,.T.);
#20365 = ORIENTED_EDGE('',*,*,#20366,.T.);
#20366 = EDGE_CURVE('',#20314,#20367,#20369,.T.);
#20367 = VERTEX_POINT('',#20368);
#20368 = CARTESIAN_POINT('',(5.125,3.925,0.4));
#20369 = LINE('',#20370,#20371);
#20370 = CARTESIAN_POINT('',(5.125,3.925,0.));
#20371 = VECTOR('',#20372,1.);
#20372 = DIRECTION('',(0.,0.,1.));
#20373 = ORIENTED_EDGE('',*,*,#20374,.F.);
#20374 = EDGE_CURVE('',#20375,#20367,#20377,.T.);
#20375 = VERTEX_POINT('',#20376);
#20376 = CARTESIAN_POINT('',(4.875,3.925,0.4));
#20377 = LINE('',#20378,#20379);
#20378 = CARTESIAN_POINT('',(4.875,3.925,0.4));
#20379 = VECTOR('',#20380,1.);
#20380 = DIRECTION('',(1.,0.,0.));
#20381 = ORIENTED_EDGE('',*,*,#20382,.F.);
#20382 = EDGE_CURVE('',#20322,#20375,#20383,.T.);
#20383 = LINE('',#20384,#20385);
#20384 = CARTESIAN_POINT('',(4.875,3.925,0.));
#20385 = VECTOR('',#20386,1.);
#20386 = DIRECTION('',(0.,0.,1.));
#20387 = PLANE('',#20388);
#20388 = AXIS2_PLACEMENT_3D('',#20389,#20390,#20391);
#20389 = CARTESIAN_POINT('',(4.875,3.925,0.));
#20390 = DIRECTION('',(0.,-1.,0.));
#20391 = DIRECTION('',(0.,0.,1.));
#20392 = ADVANCED_FACE('',(#20393),#20418,.F.);
#20393 = FACE_BOUND('',#20394,.F.);
#20394 = EDGE_LOOP('',(#20395,#20396,#20404,#20412));
#20395 = ORIENTED_EDGE('',*,*,#20374,.T.);
#20396 = ORIENTED_EDGE('',*,*,#20397,.T.);
#20397 = EDGE_CURVE('',#20367,#20398,#20400,.T.);
#20398 = VERTEX_POINT('',#20399);
#20399 = CARTESIAN_POINT('',(5.125,2.905,0.4));
#20400 = LINE('',#20401,#20402);
#20401 = CARTESIAN_POINT('',(5.125,3.925,0.4));
#20402 = VECTOR('',#20403,1.);
#20403 = DIRECTION('',(0.,-1.,0.));
#20404 = ORIENTED_EDGE('',*,*,#20405,.F.);
#20405 = EDGE_CURVE('',#20406,#20398,#20408,.T.);
#20406 = VERTEX_POINT('',#20407);
#20407 = CARTESIAN_POINT('',(4.875,2.905,0.4));
#20408 = LINE('',#20409,#20410);
#20409 = CARTESIAN_POINT('',(4.875,2.905,0.4));
#20410 = VECTOR('',#20411,1.);
#20411 = DIRECTION('',(1.,0.,0.));
#20412 = ORIENTED_EDGE('',*,*,#20413,.F.);
#20413 = EDGE_CURVE('',#20375,#20406,#20414,.T.);
#20414 = LINE('',#20415,#20416);
#20415 = CARTESIAN_POINT('',(4.875,3.925,0.4));
#20416 = VECTOR('',#20417,1.);
#20417 = DIRECTION('',(0.,-1.,0.));
#20418 = PLANE('',#20419);
#20419 = AXIS2_PLACEMENT_3D('',#20420,#20421,#20422);
#20420 = CARTESIAN_POINT('',(4.875,3.925,0.4));
#20421 = DIRECTION('',(0.,0.,-1.));
#20422 = DIRECTION('',(0.,-1.,0.));
#20423 = ADVANCED_FACE('',(#20424),#20449,.F.);
#20424 = FACE_BOUND('',#20425,.F.);
#20425 = EDGE_LOOP('',(#20426,#20427,#20435,#20443));
#20426 = ORIENTED_EDGE('',*,*,#20405,.T.);
#20427 = ORIENTED_EDGE('',*,*,#20428,.T.);
#20428 = EDGE_CURVE('',#20398,#20429,#20431,.T.);
#20429 = VERTEX_POINT('',#20430);
#20430 = CARTESIAN_POINT('',(5.125,2.475,0.59));
#20431 = LINE('',#20432,#20433);
#20432 = CARTESIAN_POINT('',(5.125,2.905,0.4));
#20433 = VECTOR('',#20434,1.);
#20434 = DIRECTION('',(0.,-0.914686604095,0.404163848321));
#20435 = ORIENTED_EDGE('',*,*,#20436,.F.);
#20436 = EDGE_CURVE('',#20437,#20429,#20439,.T.);
#20437 = VERTEX_POINT('',#20438);
#20438 = CARTESIAN_POINT('',(4.875,2.475,0.59));
#20439 = LINE('',#20440,#20441);
#20440 = CARTESIAN_POINT('',(4.875,2.475,0.59));
#20441 = VECTOR('',#20442,1.);
#20442 = DIRECTION('',(1.,0.,0.));
#20443 = ORIENTED_EDGE('',*,*,#20444,.F.);
#20444 = EDGE_CURVE('',#20406,#20437,#20445,.T.);
#20445 = LINE('',#20446,#20447);
#20446 = CARTESIAN_POINT('',(4.875,2.905,0.4));
#20447 = VECTOR('',#20448,1.);
#20448 = DIRECTION('',(0.,-0.914686604095,0.404163848321));
#20449 = PLANE('',#20450);
#20450 = AXIS2_PLACEMENT_3D('',#20451,#20452,#20453);
#20451 = CARTESIAN_POINT('',(4.875,2.905,0.4));
#20452 = DIRECTION('',(0.,-0.404163848321,-0.914686604095));
#20453 = DIRECTION('',(0.,-0.914686604095,0.404163848321));
#20454 = ADVANCED_FACE('',(#20455),#20480,.T.);
#20455 = FACE_BOUND('',#20456,.T.);
#20456 = EDGE_LOOP('',(#20457,#20458,#20466,#20474));
#20457 = ORIENTED_EDGE('',*,*,#20436,.F.);
#20458 = ORIENTED_EDGE('',*,*,#20459,.T.);
#20459 = EDGE_CURVE('',#20437,#20460,#20462,.T.);
#20460 = VERTEX_POINT('',#20461);
#20461 = CARTESIAN_POINT('',(4.875,2.475,1.17));
#20462 = LINE('',#20463,#20464);
#20463 = CARTESIAN_POINT('',(4.875,2.475,0.12));
#20464 = VECTOR('',#20465,1.);
#20465 = DIRECTION('',(0.,0.,1.));
#20466 = ORIENTED_EDGE('',*,*,#20467,.T.);
#20467 = EDGE_CURVE('',#20460,#20468,#20470,.T.);
#20468 = VERTEX_POINT('',#20469);
#20469 = CARTESIAN_POINT('',(5.125,2.475,1.17));
#20470 = LINE('',#20471,#20472);
#20471 = CARTESIAN_POINT('',(4.875,2.475,1.17));
#20472 = VECTOR('',#20473,1.);
#20473 = DIRECTION('',(1.,0.,-0.));
#20474 = ORIENTED_EDGE('',*,*,#20475,.F.);
#20475 = EDGE_CURVE('',#20429,#20468,#20476,.T.);
#20476 = LINE('',#20477,#20478);
#20477 = CARTESIAN_POINT('',(5.125,2.475,0.12));
#20478 = VECTOR('',#20479,1.);
#20479 = DIRECTION('',(0.,0.,1.));
#20480 = PLANE('',#20481);
#20481 = AXIS2_PLACEMENT_3D('',#20482,#20483,#20484);
#20482 = CARTESIAN_POINT('',(4.875,2.475,0.12));
#20483 = DIRECTION('',(-0.,1.,0.));
#20484 = DIRECTION('',(0.,0.,1.));
#20485 = ADVANCED_FACE('',(#20486),#20511,.T.);
#20486 = FACE_BOUND('',#20487,.T.);
#20487 = EDGE_LOOP('',(#20488,#20489,#20497,#20505));
#20488 = ORIENTED_EDGE('',*,*,#20218,.F.);
#20489 = ORIENTED_EDGE('',*,*,#20490,.T.);
#20490 = EDGE_CURVE('',#20219,#20491,#20493,.T.);
#20491 = VERTEX_POINT('',#20492);
#20492 = CARTESIAN_POINT('',(5.125,2.275,0.49));
#20493 = LINE('',#20494,#20495);
#20494 = CARTESIAN_POINT('',(5.125,2.275,0.12));
#20495 = VECTOR('',#20496,1.);
#20496 = DIRECTION('',(0.,0.,1.));
#20497 = ORIENTED_EDGE('',*,*,#20498,.T.);
#20498 = EDGE_CURVE('',#20491,#20499,#20501,.T.);
#20499 = VERTEX_POINT('',#20500);
#20500 = CARTESIAN_POINT('',(5.15,2.275,0.49));
#20501 = LINE('',#20502,#20503);
#20502 = CARTESIAN_POINT('',(4.85,2.275,0.49));
#20503 = VECTOR('',#20504,1.);
#20504 = DIRECTION('',(1.,0.,-0.));
#20505 = ORIENTED_EDGE('',*,*,#20506,.F.);
#20506 = EDGE_CURVE('',#20211,#20499,#20507,.T.);
#20507 = LINE('',#20508,#20509);
#20508 = CARTESIAN_POINT('',(5.15,2.275,0.3));
#20509 = VECTOR('',#20510,1.);
#20510 = DIRECTION('',(0.,0.,1.));
#20511 = PLANE('',#20512);
#20512 = AXIS2_PLACEMENT_3D('',#20513,#20514,#20515);
#20513 = CARTESIAN_POINT('',(4.85,2.275,0.3));
#20514 = DIRECTION('',(-0.,1.,0.));
#20515 = DIRECTION('',(0.,0.,1.));
#20516 = ADVANCED_FACE('',(#20517),#20549,.T.);
#20517 = FACE_BOUND('',#20518,.T.);
#20518 = EDGE_LOOP('',(#20519,#20527,#20535,#20541,#20542,#20548));
#20519 = ORIENTED_EDGE('',*,*,#20520,.F.);
#20520 = EDGE_CURVE('',#20521,#20165,#20523,.T.);
#20521 = VERTEX_POINT('',#20522);
#20522 = CARTESIAN_POINT('',(4.85,-0.325,0.49));
#20523 = LINE('',#20524,#20525);
#20524 = CARTESIAN_POINT('',(4.85,-0.925,0.49));
#20525 = VECTOR('',#20526,1.);
#20526 = DIRECTION('',(-0.,1.,0.));
#20527 = ORIENTED_EDGE('',*,*,#20528,.T.);
#20528 = EDGE_CURVE('',#20521,#20529,#20531,.T.);
#20529 = VERTEX_POINT('',#20530);
#20530 = CARTESIAN_POINT('',(5.15,-0.325,0.49));
#20531 = LINE('',#20532,#20533);
#20532 = CARTESIAN_POINT('',(4.85,-0.325,0.49));
#20533 = VECTOR('',#20534,1.);
#20534 = DIRECTION('',(1.,0.,-0.));
#20535 = ORIENTED_EDGE('',*,*,#20536,.T.);
#20536 = EDGE_CURVE('',#20529,#20499,#20537,.T.);
#20537 = LINE('',#20538,#20539);
#20538 = CARTESIAN_POINT('',(5.15,-0.925,0.49));
#20539 = VECTOR('',#20540,1.);
#20540 = DIRECTION('',(-0.,1.,0.));
#20541 = ORIENTED_EDGE('',*,*,#20498,.F.);
#20542 = ORIENTED_EDGE('',*,*,#20543,.F.);
#20543 = EDGE_CURVE('',#20173,#20491,#20544,.T.);
#20544 = LINE('',#20545,#20546);
#20545 = CARTESIAN_POINT('',(4.85,2.275,0.49));
#20546 = VECTOR('',#20547,1.);
#20547 = DIRECTION('',(1.,0.,-0.));
#20548 = ORIENTED_EDGE('',*,*,#20172,.F.);
#20549 = PLANE('',#20550);
#20550 = AXIS2_PLACEMENT_3D('',#20551,#20552,#20553);
#20551 = CARTESIAN_POINT('',(4.85,-0.925,0.49));
#20552 = DIRECTION('',(0.,0.,1.));
#20553 = DIRECTION('',(1.,0.,-0.));
#20554 = ADVANCED_FACE('',(#20555),#20571,.F.);
#20555 = FACE_BOUND('',#20556,.F.);
#20556 = EDGE_LOOP('',(#20557,#20563,#20564,#20570));
#20557 = ORIENTED_EDGE('',*,*,#20558,.F.);
#20558 = EDGE_CURVE('',#20491,#20132,#20559,.T.);
#20559 = LINE('',#20560,#20561);
#20560 = CARTESIAN_POINT('',(5.125,2.275,0.12));
#20561 = VECTOR('',#20562,1.);
#20562 = DIRECTION('',(0.,0.,1.));
#20563 = ORIENTED_EDGE('',*,*,#20543,.F.);
#20564 = ORIENTED_EDGE('',*,*,#20565,.T.);
#20565 = EDGE_CURVE('',#20173,#20070,#20566,.T.);
#20566 = LINE('',#20567,#20568);
#20567 = CARTESIAN_POINT('',(4.875,2.275,0.12));
#20568 = VECTOR('',#20569,1.);
#20569 = DIRECTION('',(0.,0.,1.));
#20570 = ORIENTED_EDGE('',*,*,#20139,.T.);
#20571 = PLANE('',#20572);
#20572 = AXIS2_PLACEMENT_3D('',#20573,#20574,#20575);
#20573 = CARTESIAN_POINT('',(4.875,2.275,0.12));
#20574 = DIRECTION('',(-0.,1.,0.));
#20575 = DIRECTION('',(0.,0.,1.));
#20576 = ADVANCED_FACE('',(#20577),#20602,.T.);
#20577 = FACE_BOUND('',#20578,.T.);
#20578 = EDGE_LOOP('',(#20579,#20580,#20588,#20596));
#20579 = ORIENTED_EDGE('',*,*,#20131,.F.);
#20580 = ORIENTED_EDGE('',*,*,#20581,.T.);
#20581 = EDGE_CURVE('',#20132,#20582,#20584,.T.);
#20582 = VERTEX_POINT('',#20583);
#20583 = CARTESIAN_POINT('',(5.125,2.275,1.17));
#20584 = LINE('',#20585,#20586);
#20585 = CARTESIAN_POINT('',(5.125,2.275,0.12));
#20586 = VECTOR('',#20587,1.);
#20587 = DIRECTION('',(0.,0.,1.));
#20588 = ORIENTED_EDGE('',*,*,#20589,.T.);
#20589 = EDGE_CURVE('',#20582,#20590,#20592,.T.);
#20590 = VERTEX_POINT('',#20591);
#20591 = CARTESIAN_POINT('',(5.15,2.275,1.17));
#20592 = LINE('',#20593,#20594);
#20593 = CARTESIAN_POINT('',(4.85,2.275,1.17));
#20594 = VECTOR('',#20595,1.);
#20595 = DIRECTION('',(1.,0.,-0.));
#20596 = ORIENTED_EDGE('',*,*,#20597,.F.);
#20597 = EDGE_CURVE('',#20124,#20590,#20598,.T.);
#20598 = LINE('',#20599,#20600);
#20599 = CARTESIAN_POINT('',(5.15,2.275,0.86));
#20600 = VECTOR('',#20601,1.);
#20601 = DIRECTION('',(0.,0.,1.));
#20602 = PLANE('',#20603);
#20603 = AXIS2_PLACEMENT_3D('',#20604,#20605,#20606);
#20604 = CARTESIAN_POINT('',(4.85,2.275,0.86));
#20605 = DIRECTION('',(-0.,1.,0.));
#20606 = DIRECTION('',(0.,0.,1.));
#20607 = ADVANCED_FACE('',(#20608),#20626,.F.);
#20608 = FACE_BOUND('',#20609,.F.);
#20609 = EDGE_LOOP('',(#20610,#20618,#20619,#20620));
#20610 = ORIENTED_EDGE('',*,*,#20611,.F.);
#20611 = EDGE_CURVE('',#20108,#20612,#20614,.T.);
#20612 = VERTEX_POINT('',#20613);
#20613 = CARTESIAN_POINT('',(4.85,-0.6,1.17));
#20614 = LINE('',#20615,#20616);
#20615 = CARTESIAN_POINT('',(4.85,-0.6,0.86));
#20616 = VECTOR('',#20617,1.);
#20617 = DIRECTION('',(0.,0.,1.));
#20618 = ORIENTED_EDGE('',*,*,#20107,.T.);
#20619 = ORIENTED_EDGE('',*,*,#20077,.T.);
#20620 = ORIENTED_EDGE('',*,*,#20621,.F.);
#20621 = EDGE_CURVE('',#20612,#20078,#20622,.T.);
#20622 = LINE('',#20623,#20624);
#20623 = CARTESIAN_POINT('',(4.85,-0.6,1.17));
#20624 = VECTOR('',#20625,1.);
#20625 = DIRECTION('',(-0.,1.,0.));
#20626 = PLANE('',#20627);
#20627 = AXIS2_PLACEMENT_3D('',#20628,#20629,#20630);
#20628 = CARTESIAN_POINT('',(4.85,-0.6,0.86));
#20629 = DIRECTION('',(1.,0.,-0.));
#20630 = DIRECTION('',(0.,0.,1.));
#20631 = ADVANCED_FACE('',(#20632),#20650,.T.);
#20632 = FACE_BOUND('',#20633,.T.);
#20633 = EDGE_LOOP('',(#20634,#20642,#20643,#20644));
#20634 = ORIENTED_EDGE('',*,*,#20635,.F.);
#20635 = EDGE_CURVE('',#20116,#20636,#20638,.T.);
#20636 = VERTEX_POINT('',#20637);
#20637 = CARTESIAN_POINT('',(5.15,-0.6,1.17));
#20638 = LINE('',#20639,#20640);
#20639 = CARTESIAN_POINT('',(5.15,-0.6,0.86));
#20640 = VECTOR('',#20641,1.);
#20641 = DIRECTION('',(0.,0.,1.));
#20642 = ORIENTED_EDGE('',*,*,#20123,.T.);
#20643 = ORIENTED_EDGE('',*,*,#20597,.T.);
#20644 = ORIENTED_EDGE('',*,*,#20645,.F.);
#20645 = EDGE_CURVE('',#20636,#20590,#20646,.T.);
#20646 = LINE('',#20647,#20648);
#20647 = CARTESIAN_POINT('',(5.15,-0.6,1.17));
#20648 = VECTOR('',#20649,1.);
#20649 = DIRECTION('',(-0.,1.,0.));
#20650 = PLANE('',#20651);
#20651 = AXIS2_PLACEMENT_3D('',#20652,#20653,#20654);
#20652 = CARTESIAN_POINT('',(5.15,-0.6,0.86));
#20653 = DIRECTION('',(1.,0.,-0.));
#20654 = DIRECTION('',(0.,0.,1.));
#20655 = ADVANCED_FACE('',(#20656),#20681,.T.);
#20656 = FACE_BOUND('',#20657,.T.);
#20657 = EDGE_LOOP('',(#20658,#20659,#20667,#20675));
#20658 = ORIENTED_EDGE('',*,*,#20528,.F.);
#20659 = ORIENTED_EDGE('',*,*,#20660,.T.);
#20660 = EDGE_CURVE('',#20521,#20661,#20663,.T.);
#20661 = VERTEX_POINT('',#20662);
#20662 = CARTESIAN_POINT('',(4.85,-0.325,0.8));
#20663 = LINE('',#20664,#20665);
#20664 = CARTESIAN_POINT('',(4.85,-0.325,0.49));
#20665 = VECTOR('',#20666,1.);
#20666 = DIRECTION('',(0.,0.,1.));
#20667 = ORIENTED_EDGE('',*,*,#20668,.T.);
#20668 = EDGE_CURVE('',#20661,#20669,#20671,.T.);
#20669 = VERTEX_POINT('',#20670);
#20670 = CARTESIAN_POINT('',(5.15,-0.325,0.8));
#20671 = LINE('',#20672,#20673);
#20672 = CARTESIAN_POINT('',(4.85,-0.325,0.8));
#20673 = VECTOR('',#20674,1.);
#20674 = DIRECTION('',(1.,0.,-0.));
#20675 = ORIENTED_EDGE('',*,*,#20676,.F.);
#20676 = EDGE_CURVE('',#20529,#20669,#20677,.T.);
#20677 = LINE('',#20678,#20679);
#20678 = CARTESIAN_POINT('',(5.15,-0.325,0.49));
#20679 = VECTOR('',#20680,1.);
#20680 = DIRECTION('',(0.,0.,1.));
#20681 = PLANE('',#20682);
#20682 = AXIS2_PLACEMENT_3D('',#20683,#20684,#20685);
#20683 = CARTESIAN_POINT('',(4.85,-0.325,0.49));
#20684 = DIRECTION('',(-0.,1.,0.));
#20685 = DIRECTION('',(0.,0.,1.));
#20686 = ADVANCED_FACE('',(#20687),#20698,.F.);
#20687 = FACE_BOUND('',#20688,.F.);
#20688 = EDGE_LOOP('',(#20689,#20690,#20691,#20697));
#20689 = ORIENTED_EDGE('',*,*,#20115,.F.);
#20690 = ORIENTED_EDGE('',*,*,#20611,.T.);
#20691 = ORIENTED_EDGE('',*,*,#20692,.T.);
#20692 = EDGE_CURVE('',#20612,#20636,#20693,.T.);
#20693 = LINE('',#20694,#20695);
#20694 = CARTESIAN_POINT('',(4.85,-0.6,1.17));
#20695 = VECTOR('',#20696,1.);
#20696 = DIRECTION('',(1.,0.,-0.));
#20697 = ORIENTED_EDGE('',*,*,#20635,.F.);
#20698 = PLANE('',#20699);
#20699 = AXIS2_PLACEMENT_3D('',#20700,#20701,#20702);
#20700 = CARTESIAN_POINT('',(4.85,-0.6,0.86));
#20701 = DIRECTION('',(-0.,1.,0.));
#20702 = DIRECTION('',(0.,0.,1.));
#20703 = ADVANCED_FACE('',(#20704),#20729,.T.);
#20704 = FACE_BOUND('',#20705,.T.);
#20705 = EDGE_LOOP('',(#20706,#20714,#20722,#20728));
#20706 = ORIENTED_EDGE('',*,*,#20707,.F.);
#20707 = EDGE_CURVE('',#20708,#20661,#20710,.T.);
#20708 = VERTEX_POINT('',#20709);
#20709 = CARTESIAN_POINT('',(4.85,-0.925,0.8));
#20710 = LINE('',#20711,#20712);
#20711 = CARTESIAN_POINT('',(4.85,-0.925,0.8));
#20712 = VECTOR('',#20713,1.);
#20713 = DIRECTION('',(-0.,1.,0.));
#20714 = ORIENTED_EDGE('',*,*,#20715,.T.);
#20715 = EDGE_CURVE('',#20708,#20716,#20718,.T.);
#20716 = VERTEX_POINT('',#20717);
#20717 = CARTESIAN_POINT('',(5.15,-0.925,0.8));
#20718 = LINE('',#20719,#20720);
#20719 = CARTESIAN_POINT('',(4.85,-0.925,0.8));
#20720 = VECTOR('',#20721,1.);
#20721 = DIRECTION('',(1.,0.,-0.));
#20722 = ORIENTED_EDGE('',*,*,#20723,.T.);
#20723 = EDGE_CURVE('',#20716,#20669,#20724,.T.);
#20724 = LINE('',#20725,#20726);
#20725 = CARTESIAN_POINT('',(5.15,-0.925,0.8));
#20726 = VECTOR('',#20727,1.);
#20727 = DIRECTION('',(-0.,1.,0.));
#20728 = ORIENTED_EDGE('',*,*,#20668,.F.);
#20729 = PLANE('',#20730);
#20730 = AXIS2_PLACEMENT_3D('',#20731,#20732,#20733);
#20731 = CARTESIAN_POINT('',(4.85,-0.925,0.8));
#20732 = DIRECTION('',(0.,0.,1.));
#20733 = DIRECTION('',(1.,0.,-0.));
#20734 = ADVANCED_FACE('',(#20735),#20754,.T.);
#20735 = FACE_BOUND('',#20736,.T.);
#20736 = EDGE_LOOP('',(#20737,#20738,#20739,#20740,#20741,#20742,#20743,
    #20749,#20750,#20751,#20752,#20753));
#20737 = ORIENTED_EDGE('',*,*,#20267,.F.);
#20738 = ORIENTED_EDGE('',*,*,#20281,.F.);
#20739 = ORIENTED_EDGE('',*,*,#20350,.T.);
#20740 = ORIENTED_EDGE('',*,*,#20180,.T.);
#20741 = ORIENTED_EDGE('',*,*,#20565,.T.);
#20742 = ORIENTED_EDGE('',*,*,#20093,.T.);
#20743 = ORIENTED_EDGE('',*,*,#20744,.T.);
#20744 = EDGE_CURVE('',#20086,#20460,#20745,.T.);
#20745 = LINE('',#20746,#20747);
#20746 = CARTESIAN_POINT('',(4.875,2.275,1.17));
#20747 = VECTOR('',#20748,1.);
#20748 = DIRECTION('',(-0.,1.,0.));
#20749 = ORIENTED_EDGE('',*,*,#20459,.F.);
#20750 = ORIENTED_EDGE('',*,*,#20444,.F.);
#20751 = ORIENTED_EDGE('',*,*,#20413,.F.);
#20752 = ORIENTED_EDGE('',*,*,#20382,.F.);
#20753 = ORIENTED_EDGE('',*,*,#20329,.F.);
#20754 = PLANE('',#20755);
#20755 = AXIS2_PLACEMENT_3D('',#20756,#20757,#20758);
#20756 = CARTESIAN_POINT('',(4.875,2.928538891724,0.406031440384));
#20757 = DIRECTION('',(-1.,-0.,-0.));
#20758 = DIRECTION('',(0.,0.,-1.));
#20759 = ADVANCED_FACE('',(#20760),#20779,.T.);
#20760 = FACE_BOUND('',#20761,.T.);
#20761 = EDGE_LOOP('',(#20762,#20763,#20764,#20765,#20766,#20767,#20768,
    #20774,#20775,#20776,#20777,#20778));
#20762 = ORIENTED_EDGE('',*,*,#20251,.T.);
#20763 = ORIENTED_EDGE('',*,*,#20313,.T.);
#20764 = ORIENTED_EDGE('',*,*,#20366,.T.);
#20765 = ORIENTED_EDGE('',*,*,#20397,.T.);
#20766 = ORIENTED_EDGE('',*,*,#20428,.T.);
#20767 = ORIENTED_EDGE('',*,*,#20475,.T.);
#20768 = ORIENTED_EDGE('',*,*,#20769,.F.);
#20769 = EDGE_CURVE('',#20582,#20468,#20770,.T.);
#20770 = LINE('',#20771,#20772);
#20771 = CARTESIAN_POINT('',(5.125,2.275,1.17));
#20772 = VECTOR('',#20773,1.);
#20773 = DIRECTION('',(-0.,1.,0.));
#20774 = ORIENTED_EDGE('',*,*,#20581,.F.);
#20775 = ORIENTED_EDGE('',*,*,#20558,.F.);
#20776 = ORIENTED_EDGE('',*,*,#20490,.F.);
#20777 = ORIENTED_EDGE('',*,*,#20343,.F.);
#20778 = ORIENTED_EDGE('',*,*,#20297,.T.);
#20779 = PLANE('',#20780);
#20780 = AXIS2_PLACEMENT_3D('',#20781,#20782,#20783);
#20781 = CARTESIAN_POINT('',(5.125,2.928538891724,0.406031440384));
#20782 = DIRECTION('',(1.,0.,0.));
#20783 = DIRECTION('',(-0.,0.,1.));
#20784 = ADVANCED_FACE('',(#20785),#20795,.T.);
#20785 = FACE_BOUND('',#20786,.T.);
#20786 = EDGE_LOOP('',(#20787,#20788,#20789,#20790,#20791,#20792,#20793,
    #20794));
#20787 = ORIENTED_EDGE('',*,*,#20744,.F.);
#20788 = ORIENTED_EDGE('',*,*,#20085,.F.);
#20789 = ORIENTED_EDGE('',*,*,#20621,.F.);
#20790 = ORIENTED_EDGE('',*,*,#20692,.T.);
#20791 = ORIENTED_EDGE('',*,*,#20645,.T.);
#20792 = ORIENTED_EDGE('',*,*,#20589,.F.);
#20793 = ORIENTED_EDGE('',*,*,#20769,.T.);
#20794 = ORIENTED_EDGE('',*,*,#20467,.F.);
#20795 = PLANE('',#20796);
#20796 = AXIS2_PLACEMENT_3D('',#20797,#20798,#20799);
#20797 = CARTESIAN_POINT('',(5.,0.936018518519,1.17));
#20798 = DIRECTION('',(0.,0.,1.));
#20799 = DIRECTION('',(1.,0.,-0.));
#20800 = ADVANCED_FACE('',(#20801),#20814,.T.);
#20801 = FACE_BOUND('',#20802,.T.);
#20802 = EDGE_LOOP('',(#20803,#20809,#20810,#20811,#20812,#20813));
#20803 = ORIENTED_EDGE('',*,*,#20804,.T.);
#20804 = EDGE_CURVE('',#20195,#20708,#20805,.T.);
#20805 = LINE('',#20806,#20807);
#20806 = CARTESIAN_POINT('',(4.85,-0.925,0.3));
#20807 = VECTOR('',#20808,1.);
#20808 = DIRECTION('',(0.,0.,1.));
#20809 = ORIENTED_EDGE('',*,*,#20707,.T.);
#20810 = ORIENTED_EDGE('',*,*,#20660,.F.);
#20811 = ORIENTED_EDGE('',*,*,#20520,.T.);
#20812 = ORIENTED_EDGE('',*,*,#20164,.F.);
#20813 = ORIENTED_EDGE('',*,*,#20194,.F.);
#20814 = PLANE('',#20815);
#20815 = AXIS2_PLACEMENT_3D('',#20816,#20817,#20818);
#20816 = CARTESIAN_POINT('',(4.85,0.566081081081,0.441081081081));
#20817 = DIRECTION('',(-1.,-0.,-0.));
#20818 = DIRECTION('',(0.,0.,-1.));
#20819 = ADVANCED_FACE('',(#20820),#20833,.T.);
#20820 = FACE_BOUND('',#20821,.T.);
#20821 = EDGE_LOOP('',(#20822,#20823,#20824,#20825,#20826,#20827));
#20822 = ORIENTED_EDGE('',*,*,#20210,.T.);
#20823 = ORIENTED_EDGE('',*,*,#20506,.T.);
#20824 = ORIENTED_EDGE('',*,*,#20536,.F.);
#20825 = ORIENTED_EDGE('',*,*,#20676,.T.);
#20826 = ORIENTED_EDGE('',*,*,#20723,.F.);
#20827 = ORIENTED_EDGE('',*,*,#20828,.F.);
#20828 = EDGE_CURVE('',#20203,#20716,#20829,.T.);
#20829 = LINE('',#20830,#20831);
#20830 = CARTESIAN_POINT('',(5.15,-0.925,0.49));
#20831 = VECTOR('',#20832,1.);
#20832 = DIRECTION('',(0.,0.,1.));
#20833 = PLANE('',#20834);
#20834 = AXIS2_PLACEMENT_3D('',#20835,#20836,#20837);
#20835 = CARTESIAN_POINT('',(5.15,0.566081081081,0.441081081081));
#20836 = DIRECTION('',(1.,0.,0.));
#20837 = DIRECTION('',(-0.,0.,1.));
#20838 = ADVANCED_FACE('',(#20839),#20845,.T.);
#20839 = FACE_BOUND('',#20840,.T.);
#20840 = EDGE_LOOP('',(#20841,#20842,#20843,#20844));
#20841 = ORIENTED_EDGE('',*,*,#20202,.T.);
#20842 = ORIENTED_EDGE('',*,*,#20828,.T.);
#20843 = ORIENTED_EDGE('',*,*,#20715,.F.);
#20844 = ORIENTED_EDGE('',*,*,#20804,.F.);
#20845 = PLANE('',#20846);
#20846 = AXIS2_PLACEMENT_3D('',#20847,#20848,#20849);
#20847 = CARTESIAN_POINT('',(5.,-0.925,0.55));
#20848 = DIRECTION('',(-0.,-1.,-0.));
#20849 = DIRECTION('',(0.,0.,-1.));
#20850 = MANIFOLD_SOLID_BREP('',#20851);
#20851 = CLOSED_SHELL('',(#20852,#20892,#20939,#20979,#21026,#21066,
    #21097,#21128,#21150,#21181,#21212,#21243,#21274,#21305,#21343,
    #21365,#21396,#21420,#21444,#21475,#21492,#21523,#21548,#21573,
    #21589,#21608,#21627));
#20852 = ADVANCED_FACE('',(#20853),#20887,.T.);
#20853 = FACE_BOUND('',#20854,.T.);
#20854 = EDGE_LOOP('',(#20855,#20865,#20873,#20881));
#20855 = ORIENTED_EDGE('',*,*,#20856,.F.);
#20856 = EDGE_CURVE('',#20857,#20859,#20861,.T.);
#20857 = VERTEX_POINT('',#20858);
#20858 = CARTESIAN_POINT('',(5.85,2.275,0.86));
#20859 = VERTEX_POINT('',#20860);
#20860 = CARTESIAN_POINT('',(5.875,2.275,0.86));
#20861 = LINE('',#20862,#20863);
#20862 = CARTESIAN_POINT('',(5.85,2.275,0.86));
#20863 = VECTOR('',#20864,1.);
#20864 = DIRECTION('',(1.,0.,-0.));
#20865 = ORIENTED_EDGE('',*,*,#20866,.T.);
#20866 = EDGE_CURVE('',#20857,#20867,#20869,.T.);
#20867 = VERTEX_POINT('',#20868);
#20868 = CARTESIAN_POINT('',(5.85,2.275,1.17));
#20869 = LINE('',#20870,#20871);
#20870 = CARTESIAN_POINT('',(5.85,2.275,0.86));
#20871 = VECTOR('',#20872,1.);
#20872 = DIRECTION('',(0.,0.,1.));
#20873 = ORIENTED_EDGE('',*,*,#20874,.T.);
#20874 = EDGE_CURVE('',#20867,#20875,#20877,.T.);
#20875 = VERTEX_POINT('',#20876);
#20876 = CARTESIAN_POINT('',(5.875,2.275,1.17));
#20877 = LINE('',#20878,#20879);
#20878 = CARTESIAN_POINT('',(5.85,2.275,1.17));
#20879 = VECTOR('',#20880,1.);
#20880 = DIRECTION('',(1.,0.,-0.));
#20881 = ORIENTED_EDGE('',*,*,#20882,.F.);
#20882 = EDGE_CURVE('',#20859,#20875,#20883,.T.);
#20883 = LINE('',#20884,#20885);
#20884 = CARTESIAN_POINT('',(5.875,2.275,0.12));
#20885 = VECTOR('',#20886,1.);
#20886 = DIRECTION('',(0.,0.,1.));
#20887 = PLANE('',#20888);
#20888 = AXIS2_PLACEMENT_3D('',#20889,#20890,#20891);
#20889 = CARTESIAN_POINT('',(5.85,2.275,0.86));
#20890 = DIRECTION('',(-0.,1.,0.));
#20891 = DIRECTION('',(0.,0.,1.));
#20892 = ADVANCED_FACE('',(#20893),#20934,.F.);
#20893 = FACE_BOUND('',#20894,.F.);
#20894 = EDGE_LOOP('',(#20895,#20903,#20911,#20919,#20927,#20933));
#20895 = ORIENTED_EDGE('',*,*,#20896,.F.);
#20896 = EDGE_CURVE('',#20897,#20857,#20899,.T.);
#20897 = VERTEX_POINT('',#20898);
#20898 = CARTESIAN_POINT('',(5.85,-0.6,0.86));
#20899 = LINE('',#20900,#20901);
#20900 = CARTESIAN_POINT('',(5.85,-0.6,0.86));
#20901 = VECTOR('',#20902,1.);
#20902 = DIRECTION('',(-0.,1.,0.));
#20903 = ORIENTED_EDGE('',*,*,#20904,.T.);
#20904 = EDGE_CURVE('',#20897,#20905,#20907,.T.);
#20905 = VERTEX_POINT('',#20906);
#20906 = CARTESIAN_POINT('',(6.15,-0.6,0.86));
#20907 = LINE('',#20908,#20909);
#20908 = CARTESIAN_POINT('',(5.85,-0.6,0.86));
#20909 = VECTOR('',#20910,1.);
#20910 = DIRECTION('',(1.,0.,-0.));
#20911 = ORIENTED_EDGE('',*,*,#20912,.T.);
#20912 = EDGE_CURVE('',#20905,#20913,#20915,.T.);
#20913 = VERTEX_POINT('',#20914);
#20914 = CARTESIAN_POINT('',(6.15,2.275,0.86));
#20915 = LINE('',#20916,#20917);
#20916 = CARTESIAN_POINT('',(6.15,-0.6,0.86));
#20917 = VECTOR('',#20918,1.);
#20918 = DIRECTION('',(-0.,1.,0.));
#20919 = ORIENTED_EDGE('',*,*,#20920,.F.);
#20920 = EDGE_CURVE('',#20921,#20913,#20923,.T.);
#20921 = VERTEX_POINT('',#20922);
#20922 = CARTESIAN_POINT('',(6.125,2.275,0.86));
#20923 = LINE('',#20924,#20925);
#20924 = CARTESIAN_POINT('',(5.85,2.275,0.86));
#20925 = VECTOR('',#20926,1.);
#20926 = DIRECTION('',(1.,0.,-0.));
#20927 = ORIENTED_EDGE('',*,*,#20928,.F.);
#20928 = EDGE_CURVE('',#20859,#20921,#20929,.T.);
#20929 = LINE('',#20930,#20931);
#20930 = CARTESIAN_POINT('',(5.85,2.275,0.86));
#20931 = VECTOR('',#20932,1.);
#20932 = DIRECTION('',(1.,0.,-0.));
#20933 = ORIENTED_EDGE('',*,*,#20856,.F.);
#20934 = PLANE('',#20935);
#20935 = AXIS2_PLACEMENT_3D('',#20936,#20937,#20938);
#20936 = CARTESIAN_POINT('',(5.85,-0.6,0.86));
#20937 = DIRECTION('',(0.,0.,1.));
#20938 = DIRECTION('',(1.,0.,-0.));
#20939 = ADVANCED_FACE('',(#20940),#20974,.T.);
#20940 = FACE_BOUND('',#20941,.T.);
#20941 = EDGE_LOOP('',(#20942,#20952,#20960,#20968));
#20942 = ORIENTED_EDGE('',*,*,#20943,.F.);
#20943 = EDGE_CURVE('',#20944,#20946,#20948,.T.);
#20944 = VERTEX_POINT('',#20945);
#20945 = CARTESIAN_POINT('',(5.85,2.275,0.3));
#20946 = VERTEX_POINT('',#20947);
#20947 = CARTESIAN_POINT('',(5.875,2.275,0.3));
#20948 = LINE('',#20949,#20950);
#20949 = CARTESIAN_POINT('',(5.85,2.275,0.3));
#20950 = VECTOR('',#20951,1.);
#20951 = DIRECTION('',(1.,0.,-0.));
#20952 = ORIENTED_EDGE('',*,*,#20953,.T.);
#20953 = EDGE_CURVE('',#20944,#20954,#20956,.T.);
#20954 = VERTEX_POINT('',#20955);
#20955 = CARTESIAN_POINT('',(5.85,2.275,0.49));
#20956 = LINE('',#20957,#20958);
#20957 = CARTESIAN_POINT('',(5.85,2.275,0.3));
#20958 = VECTOR('',#20959,1.);
#20959 = DIRECTION('',(0.,0.,1.));
#20960 = ORIENTED_EDGE('',*,*,#20961,.T.);
#20961 = EDGE_CURVE('',#20954,#20962,#20964,.T.);
#20962 = VERTEX_POINT('',#20963);
#20963 = CARTESIAN_POINT('',(5.875,2.275,0.49));
#20964 = LINE('',#20965,#20966);
#20965 = CARTESIAN_POINT('',(5.85,2.275,0.49));
#20966 = VECTOR('',#20967,1.);
#20967 = DIRECTION('',(1.,0.,-0.));
#20968 = ORIENTED_EDGE('',*,*,#20969,.F.);
#20969 = EDGE_CURVE('',#20946,#20962,#20970,.T.);
#20970 = LINE('',#20971,#20972);
#20971 = CARTESIAN_POINT('',(5.875,2.275,0.12));
#20972 = VECTOR('',#20973,1.);
#20973 = DIRECTION('',(0.,0.,1.));
#20974 = PLANE('',#20975);
#20975 = AXIS2_PLACEMENT_3D('',#20976,#20977,#20978);
#20976 = CARTESIAN_POINT('',(5.85,2.275,0.3));
#20977 = DIRECTION('',(-0.,1.,0.));
#20978 = DIRECTION('',(0.,0.,1.));
#20979 = ADVANCED_FACE('',(#20980),#21021,.F.);
#20980 = FACE_BOUND('',#20981,.F.);
#20981 = EDGE_LOOP('',(#20982,#20990,#20998,#21006,#21014,#21020));
#20982 = ORIENTED_EDGE('',*,*,#20983,.F.);
#20983 = EDGE_CURVE('',#20984,#20944,#20986,.T.);
#20984 = VERTEX_POINT('',#20985);
#20985 = CARTESIAN_POINT('',(5.85,-0.925,0.3));
#20986 = LINE('',#20987,#20988);
#20987 = CARTESIAN_POINT('',(5.85,-0.925,0.3));
#20988 = VECTOR('',#20989,1.);
#20989 = DIRECTION('',(-0.,1.,0.));
#20990 = ORIENTED_EDGE('',*,*,#20991,.T.);
#20991 = EDGE_CURVE('',#20984,#20992,#20994,.T.);
#20992 = VERTEX_POINT('',#20993);
#20993 = CARTESIAN_POINT('',(6.15,-0.925,0.3));
#20994 = LINE('',#20995,#20996);
#20995 = CARTESIAN_POINT('',(5.85,-0.925,0.3));
#20996 = VECTOR('',#20997,1.);
#20997 = DIRECTION('',(1.,0.,-0.));
#20998 = ORIENTED_EDGE('',*,*,#20999,.T.);
#20999 = EDGE_CURVE('',#20992,#21000,#21002,.T.);
#21000 = VERTEX_POINT('',#21001);
#21001 = CARTESIAN_POINT('',(6.15,2.275,0.3));
#21002 = LINE('',#21003,#21004);
#21003 = CARTESIAN_POINT('',(6.15,-0.925,0.3));
#21004 = VECTOR('',#21005,1.);
#21005 = DIRECTION('',(-0.,1.,0.));
#21006 = ORIENTED_EDGE('',*,*,#21007,.F.);
#21007 = EDGE_CURVE('',#21008,#21000,#21010,.T.);
#21008 = VERTEX_POINT('',#21009);
#21009 = CARTESIAN_POINT('',(6.125,2.275,0.3));
#21010 = LINE('',#21011,#21012);
#21011 = CARTESIAN_POINT('',(5.85,2.275,0.3));
#21012 = VECTOR('',#21013,1.);
#21013 = DIRECTION('',(1.,0.,-0.));
#21014 = ORIENTED_EDGE('',*,*,#21015,.F.);
#21015 = EDGE_CURVE('',#20946,#21008,#21016,.T.);
#21016 = LINE('',#21017,#21018);
#21017 = CARTESIAN_POINT('',(5.85,2.275,0.3));
#21018 = VECTOR('',#21019,1.);
#21019 = DIRECTION('',(1.,0.,-0.));
#21020 = ORIENTED_EDGE('',*,*,#20943,.F.);
#21021 = PLANE('',#21022);
#21022 = AXIS2_PLACEMENT_3D('',#21023,#21024,#21025);
#21023 = CARTESIAN_POINT('',(5.85,-0.925,0.3));
#21024 = DIRECTION('',(0.,0.,1.));
#21025 = DIRECTION('',(1.,0.,-0.));
#21026 = ADVANCED_FACE('',(#21027),#21061,.F.);
#21027 = FACE_BOUND('',#21028,.F.);
#21028 = EDGE_LOOP('',(#21029,#21039,#21047,#21055));
#21029 = ORIENTED_EDGE('',*,*,#21030,.T.);
#21030 = EDGE_CURVE('',#21031,#21033,#21035,.T.);
#21031 = VERTEX_POINT('',#21032);
#21032 = CARTESIAN_POINT('',(5.875,2.475,0.12));
#21033 = VERTEX_POINT('',#21034);
#21034 = CARTESIAN_POINT('',(6.125,2.475,0.12));
#21035 = LINE('',#21036,#21037);
#21036 = CARTESIAN_POINT('',(5.875,2.475,0.12));
#21037 = VECTOR('',#21038,1.);
#21038 = DIRECTION('',(1.,0.,0.));
#21039 = ORIENTED_EDGE('',*,*,#21040,.T.);
#21040 = EDGE_CURVE('',#21033,#21041,#21043,.T.);
#21041 = VERTEX_POINT('',#21042);
#21042 = CARTESIAN_POINT('',(6.125,2.825,0.));
#21043 = LINE('',#21044,#21045);
#21044 = CARTESIAN_POINT('',(6.125,2.475,0.12));
#21045 = VECTOR('',#21046,1.);
#21046 = DIRECTION('',(0.,0.945945945946,-0.324324324324));
#21047 = ORIENTED_EDGE('',*,*,#21048,.F.);
#21048 = EDGE_CURVE('',#21049,#21041,#21051,.T.);
#21049 = VERTEX_POINT('',#21050);
#21050 = CARTESIAN_POINT('',(5.875,2.825,0.));
#21051 = LINE('',#21052,#21053);
#21052 = CARTESIAN_POINT('',(5.875,2.825,0.));
#21053 = VECTOR('',#21054,1.);
#21054 = DIRECTION('',(1.,0.,0.));
#21055 = ORIENTED_EDGE('',*,*,#21056,.F.);
#21056 = EDGE_CURVE('',#21031,#21049,#21057,.T.);
#21057 = LINE('',#21058,#21059);
#21058 = CARTESIAN_POINT('',(5.875,2.475,0.12));
#21059 = VECTOR('',#21060,1.);
#21060 = DIRECTION('',(0.,0.945945945946,-0.324324324324));
#21061 = PLANE('',#21062);
#21062 = AXIS2_PLACEMENT_3D('',#21063,#21064,#21065);
#21063 = CARTESIAN_POINT('',(5.875,2.475,0.12));
#21064 = DIRECTION('',(-0.,0.324324324324,0.945945945946));
#21065 = DIRECTION('',(0.,0.945945945946,-0.324324324324));
#21066 = ADVANCED_FACE('',(#21067),#21092,.F.);
#21067 = FACE_BOUND('',#21068,.F.);
#21068 = EDGE_LOOP('',(#21069,#21077,#21085,#21091));
#21069 = ORIENTED_EDGE('',*,*,#21070,.F.);
#21070 = EDGE_CURVE('',#21071,#21031,#21073,.T.);
#21071 = VERTEX_POINT('',#21072);
#21072 = CARTESIAN_POINT('',(5.875,2.275,0.12));
#21073 = LINE('',#21074,#21075);
#21074 = CARTESIAN_POINT('',(5.875,2.275,0.12));
#21075 = VECTOR('',#21076,1.);
#21076 = DIRECTION('',(-0.,1.,0.));
#21077 = ORIENTED_EDGE('',*,*,#21078,.T.);
#21078 = EDGE_CURVE('',#21071,#21079,#21081,.T.);
#21079 = VERTEX_POINT('',#21080);
#21080 = CARTESIAN_POINT('',(6.125,2.275,0.12));
#21081 = LINE('',#21082,#21083);
#21082 = CARTESIAN_POINT('',(5.875,2.275,0.12));
#21083 = VECTOR('',#21084,1.);
#21084 = DIRECTION('',(1.,0.,-0.));
#21085 = ORIENTED_EDGE('',*,*,#21086,.T.);
#21086 = EDGE_CURVE('',#21079,#21033,#21087,.T.);
#21087 = LINE('',#21088,#21089);
#21088 = CARTESIAN_POINT('',(6.125,2.275,0.12));
#21089 = VECTOR('',#21090,1.);
#21090 = DIRECTION('',(-0.,1.,0.));
#21091 = ORIENTED_EDGE('',*,*,#21030,.F.);
#21092 = PLANE('',#21093);
#21093 = AXIS2_PLACEMENT_3D('',#21094,#21095,#21096);
#21094 = CARTESIAN_POINT('',(5.875,2.275,0.12));
#21095 = DIRECTION('',(0.,0.,1.));
#21096 = DIRECTION('',(1.,0.,-0.));
#21097 = ADVANCED_FACE('',(#21098),#21123,.F.);
#21098 = FACE_BOUND('',#21099,.F.);
#21099 = EDGE_LOOP('',(#21100,#21101,#21109,#21117));
#21100 = ORIENTED_EDGE('',*,*,#21048,.T.);
#21101 = ORIENTED_EDGE('',*,*,#21102,.T.);
#21102 = EDGE_CURVE('',#21041,#21103,#21105,.T.);
#21103 = VERTEX_POINT('',#21104);
#21104 = CARTESIAN_POINT('',(6.125,3.925,0.));
#21105 = LINE('',#21106,#21107);
#21106 = CARTESIAN_POINT('',(6.125,2.825,0.));
#21107 = VECTOR('',#21108,1.);
#21108 = DIRECTION('',(0.,1.,0.));
#21109 = ORIENTED_EDGE('',*,*,#21110,.F.);
#21110 = EDGE_CURVE('',#21111,#21103,#21113,.T.);
#21111 = VERTEX_POINT('',#21112);
#21112 = CARTESIAN_POINT('',(5.875,3.925,0.));
#21113 = LINE('',#21114,#21115);
#21114 = CARTESIAN_POINT('',(5.875,3.925,0.));
#21115 = VECTOR('',#21116,1.);
#21116 = DIRECTION('',(1.,0.,0.));
#21117 = ORIENTED_EDGE('',*,*,#21118,.F.);
#21118 = EDGE_CURVE('',#21049,#21111,#21119,.T.);
#21119 = LINE('',#21120,#21121);
#21120 = CARTESIAN_POINT('',(5.875,2.825,0.));
#21121 = VECTOR('',#21122,1.);
#21122 = DIRECTION('',(0.,1.,0.));
#21123 = PLANE('',#21124);
#21124 = AXIS2_PLACEMENT_3D('',#21125,#21126,#21127);
#21125 = CARTESIAN_POINT('',(5.875,2.825,0.));
#21126 = DIRECTION('',(0.,0.,1.));
#21127 = DIRECTION('',(0.,1.,0.));
#21128 = ADVANCED_FACE('',(#21129),#21145,.F.);
#21129 = FACE_BOUND('',#21130,.F.);
#21130 = EDGE_LOOP('',(#21131,#21137,#21138,#21144));
#21131 = ORIENTED_EDGE('',*,*,#21132,.F.);
#21132 = EDGE_CURVE('',#21079,#21008,#21133,.T.);
#21133 = LINE('',#21134,#21135);
#21134 = CARTESIAN_POINT('',(6.125,2.275,0.12));
#21135 = VECTOR('',#21136,1.);
#21136 = DIRECTION('',(0.,0.,1.));
#21137 = ORIENTED_EDGE('',*,*,#21078,.F.);
#21138 = ORIENTED_EDGE('',*,*,#21139,.T.);
#21139 = EDGE_CURVE('',#21071,#20946,#21140,.T.);
#21140 = LINE('',#21141,#21142);
#21141 = CARTESIAN_POINT('',(5.875,2.275,0.12));
#21142 = VECTOR('',#21143,1.);
#21143 = DIRECTION('',(0.,0.,1.));
#21144 = ORIENTED_EDGE('',*,*,#21015,.T.);
#21145 = PLANE('',#21146);
#21146 = AXIS2_PLACEMENT_3D('',#21147,#21148,#21149);
#21147 = CARTESIAN_POINT('',(5.875,2.275,0.12));
#21148 = DIRECTION('',(-0.,1.,0.));
#21149 = DIRECTION('',(0.,0.,1.));
#21150 = ADVANCED_FACE('',(#21151),#21176,.F.);
#21151 = FACE_BOUND('',#21152,.F.);
#21152 = EDGE_LOOP('',(#21153,#21154,#21162,#21170));
#21153 = ORIENTED_EDGE('',*,*,#21110,.T.);
#21154 = ORIENTED_EDGE('',*,*,#21155,.T.);
#21155 = EDGE_CURVE('',#21103,#21156,#21158,.T.);
#21156 = VERTEX_POINT('',#21157);
#21157 = CARTESIAN_POINT('',(6.125,3.925,0.4));
#21158 = LINE('',#21159,#21160);
#21159 = CARTESIAN_POINT('',(6.125,3.925,0.));
#21160 = VECTOR('',#21161,1.);
#21161 = DIRECTION('',(0.,0.,1.));
#21162 = ORIENTED_EDGE('',*,*,#21163,.F.);
#21163 = EDGE_CURVE('',#21164,#21156,#21166,.T.);
#21164 = VERTEX_POINT('',#21165);
#21165 = CARTESIAN_POINT('',(5.875,3.925,0.4));
#21166 = LINE('',#21167,#21168);
#21167 = CARTESIAN_POINT('',(5.875,3.925,0.4));
#21168 = VECTOR('',#21169,1.);
#21169 = DIRECTION('',(1.,0.,0.));
#21170 = ORIENTED_EDGE('',*,*,#21171,.F.);
#21171 = EDGE_CURVE('',#21111,#21164,#21172,.T.);
#21172 = LINE('',#21173,#21174);
#21173 = CARTESIAN_POINT('',(5.875,3.925,0.));
#21174 = VECTOR('',#21175,1.);
#21175 = DIRECTION('',(0.,0.,1.));
#21176 = PLANE('',#21177);
#21177 = AXIS2_PLACEMENT_3D('',#21178,#21179,#21180);
#21178 = CARTESIAN_POINT('',(5.875,3.925,0.));
#21179 = DIRECTION('',(0.,-1.,0.));
#21180 = DIRECTION('',(0.,0.,1.));
#21181 = ADVANCED_FACE('',(#21182),#21207,.F.);
#21182 = FACE_BOUND('',#21183,.F.);
#21183 = EDGE_LOOP('',(#21184,#21185,#21193,#21201));
#21184 = ORIENTED_EDGE('',*,*,#21163,.T.);
#21185 = ORIENTED_EDGE('',*,*,#21186,.T.);
#21186 = EDGE_CURVE('',#21156,#21187,#21189,.T.);
#21187 = VERTEX_POINT('',#21188);
#21188 = CARTESIAN_POINT('',(6.125,2.905,0.4));
#21189 = LINE('',#21190,#21191);
#21190 = CARTESIAN_POINT('',(6.125,3.925,0.4));
#21191 = VECTOR('',#21192,1.);
#21192 = DIRECTION('',(0.,-1.,0.));
#21193 = ORIENTED_EDGE('',*,*,#21194,.F.);
#21194 = EDGE_CURVE('',#21195,#21187,#21197,.T.);
#21195 = VERTEX_POINT('',#21196);
#21196 = CARTESIAN_POINT('',(5.875,2.905,0.4));
#21197 = LINE('',#21198,#21199);
#21198 = CARTESIAN_POINT('',(5.875,2.905,0.4));
#21199 = VECTOR('',#21200,1.);
#21200 = DIRECTION('',(1.,0.,0.));
#21201 = ORIENTED_EDGE('',*,*,#21202,.F.);
#21202 = EDGE_CURVE('',#21164,#21195,#21203,.T.);
#21203 = LINE('',#21204,#21205);
#21204 = CARTESIAN_POINT('',(5.875,3.925,0.4));
#21205 = VECTOR('',#21206,1.);
#21206 = DIRECTION('',(0.,-1.,0.));
#21207 = PLANE('',#21208);
#21208 = AXIS2_PLACEMENT_3D('',#21209,#21210,#21211);
#21209 = CARTESIAN_POINT('',(5.875,3.925,0.4));
#21210 = DIRECTION('',(0.,0.,-1.));
#21211 = DIRECTION('',(0.,-1.,0.));
#21212 = ADVANCED_FACE('',(#21213),#21238,.F.);
#21213 = FACE_BOUND('',#21214,.F.);
#21214 = EDGE_LOOP('',(#21215,#21216,#21224,#21232));
#21215 = ORIENTED_EDGE('',*,*,#21194,.T.);
#21216 = ORIENTED_EDGE('',*,*,#21217,.T.);
#21217 = EDGE_CURVE('',#21187,#21218,#21220,.T.);
#21218 = VERTEX_POINT('',#21219);
#21219 = CARTESIAN_POINT('',(6.125,2.475,0.59));
#21220 = LINE('',#21221,#21222);
#21221 = CARTESIAN_POINT('',(6.125,2.905,0.4));
#21222 = VECTOR('',#21223,1.);
#21223 = DIRECTION('',(0.,-0.914686604095,0.404163848321));
#21224 = ORIENTED_EDGE('',*,*,#21225,.F.);
#21225 = EDGE_CURVE('',#21226,#21218,#21228,.T.);
#21226 = VERTEX_POINT('',#21227);
#21227 = CARTESIAN_POINT('',(5.875,2.475,0.59));
#21228 = LINE('',#21229,#21230);
#21229 = CARTESIAN_POINT('',(5.875,2.475,0.59));
#21230 = VECTOR('',#21231,1.);
#21231 = DIRECTION('',(1.,0.,0.));
#21232 = ORIENTED_EDGE('',*,*,#21233,.F.);
#21233 = EDGE_CURVE('',#21195,#21226,#21234,.T.);
#21234 = LINE('',#21235,#21236);
#21235 = CARTESIAN_POINT('',(5.875,2.905,0.4));
#21236 = VECTOR('',#21237,1.);
#21237 = DIRECTION('',(0.,-0.914686604095,0.404163848321));
#21238 = PLANE('',#21239);
#21239 = AXIS2_PLACEMENT_3D('',#21240,#21241,#21242);
#21240 = CARTESIAN_POINT('',(5.875,2.905,0.4));
#21241 = DIRECTION('',(0.,-0.404163848321,-0.914686604095));
#21242 = DIRECTION('',(0.,-0.914686604095,0.404163848321));
#21243 = ADVANCED_FACE('',(#21244),#21269,.T.);
#21244 = FACE_BOUND('',#21245,.T.);
#21245 = EDGE_LOOP('',(#21246,#21247,#21255,#21263));
#21246 = ORIENTED_EDGE('',*,*,#21225,.F.);
#21247 = ORIENTED_EDGE('',*,*,#21248,.T.);
#21248 = EDGE_CURVE('',#21226,#21249,#21251,.T.);
#21249 = VERTEX_POINT('',#21250);
#21250 = CARTESIAN_POINT('',(5.875,2.475,1.17));
#21251 = LINE('',#21252,#21253);
#21252 = CARTESIAN_POINT('',(5.875,2.475,0.12));
#21253 = VECTOR('',#21254,1.);
#21254 = DIRECTION('',(0.,0.,1.));
#21255 = ORIENTED_EDGE('',*,*,#21256,.T.);
#21256 = EDGE_CURVE('',#21249,#21257,#21259,.T.);
#21257 = VERTEX_POINT('',#21258);
#21258 = CARTESIAN_POINT('',(6.125,2.475,1.17));
#21259 = LINE('',#21260,#21261);
#21260 = CARTESIAN_POINT('',(5.875,2.475,1.17));
#21261 = VECTOR('',#21262,1.);
#21262 = DIRECTION('',(1.,0.,-0.));
#21263 = ORIENTED_EDGE('',*,*,#21264,.F.);
#21264 = EDGE_CURVE('',#21218,#21257,#21265,.T.);
#21265 = LINE('',#21266,#21267);
#21266 = CARTESIAN_POINT('',(6.125,2.475,0.12));
#21267 = VECTOR('',#21268,1.);
#21268 = DIRECTION('',(0.,0.,1.));
#21269 = PLANE('',#21270);
#21270 = AXIS2_PLACEMENT_3D('',#21271,#21272,#21273);
#21271 = CARTESIAN_POINT('',(5.875,2.475,0.12));
#21272 = DIRECTION('',(-0.,1.,0.));
#21273 = DIRECTION('',(0.,0.,1.));
#21274 = ADVANCED_FACE('',(#21275),#21300,.T.);
#21275 = FACE_BOUND('',#21276,.T.);
#21276 = EDGE_LOOP('',(#21277,#21278,#21286,#21294));
#21277 = ORIENTED_EDGE('',*,*,#21007,.F.);
#21278 = ORIENTED_EDGE('',*,*,#21279,.T.);
#21279 = EDGE_CURVE('',#21008,#21280,#21282,.T.);
#21280 = VERTEX_POINT('',#21281);
#21281 = CARTESIAN_POINT('',(6.125,2.275,0.49));
#21282 = LINE('',#21283,#21284);
#21283 = CARTESIAN_POINT('',(6.125,2.275,0.12));
#21284 = VECTOR('',#21285,1.);
#21285 = DIRECTION('',(0.,0.,1.));
#21286 = ORIENTED_EDGE('',*,*,#21287,.T.);
#21287 = EDGE_CURVE('',#21280,#21288,#21290,.T.);
#21288 = VERTEX_POINT('',#21289);
#21289 = CARTESIAN_POINT('',(6.15,2.275,0.49));
#21290 = LINE('',#21291,#21292);
#21291 = CARTESIAN_POINT('',(5.85,2.275,0.49));
#21292 = VECTOR('',#21293,1.);
#21293 = DIRECTION('',(1.,0.,-0.));
#21294 = ORIENTED_EDGE('',*,*,#21295,.F.);
#21295 = EDGE_CURVE('',#21000,#21288,#21296,.T.);
#21296 = LINE('',#21297,#21298);
#21297 = CARTESIAN_POINT('',(6.15,2.275,0.3));
#21298 = VECTOR('',#21299,1.);
#21299 = DIRECTION('',(0.,0.,1.));
#21300 = PLANE('',#21301);
#21301 = AXIS2_PLACEMENT_3D('',#21302,#21303,#21304);
#21302 = CARTESIAN_POINT('',(5.85,2.275,0.3));
#21303 = DIRECTION('',(-0.,1.,0.));
#21304 = DIRECTION('',(0.,0.,1.));
#21305 = ADVANCED_FACE('',(#21306),#21338,.T.);
#21306 = FACE_BOUND('',#21307,.T.);
#21307 = EDGE_LOOP('',(#21308,#21316,#21324,#21330,#21331,#21337));
#21308 = ORIENTED_EDGE('',*,*,#21309,.F.);
#21309 = EDGE_CURVE('',#21310,#20954,#21312,.T.);
#21310 = VERTEX_POINT('',#21311);
#21311 = CARTESIAN_POINT('',(5.85,-0.325,0.49));
#21312 = LINE('',#21313,#21314);
#21313 = CARTESIAN_POINT('',(5.85,-0.925,0.49));
#21314 = VECTOR('',#21315,1.);
#21315 = DIRECTION('',(-0.,1.,0.));
#21316 = ORIENTED_EDGE('',*,*,#21317,.T.);
#21317 = EDGE_CURVE('',#21310,#21318,#21320,.T.);
#21318 = VERTEX_POINT('',#21319);
#21319 = CARTESIAN_POINT('',(6.15,-0.325,0.49));
#21320 = LINE('',#21321,#21322);
#21321 = CARTESIAN_POINT('',(5.85,-0.325,0.49));
#21322 = VECTOR('',#21323,1.);
#21323 = DIRECTION('',(1.,0.,-0.));
#21324 = ORIENTED_EDGE('',*,*,#21325,.T.);
#21325 = EDGE_CURVE('',#21318,#21288,#21326,.T.);
#21326 = LINE('',#21327,#21328);
#21327 = CARTESIAN_POINT('',(6.15,-0.925,0.49));
#21328 = VECTOR('',#21329,1.);
#21329 = DIRECTION('',(-0.,1.,0.));
#21330 = ORIENTED_EDGE('',*,*,#21287,.F.);
#21331 = ORIENTED_EDGE('',*,*,#21332,.F.);
#21332 = EDGE_CURVE('',#20962,#21280,#21333,.T.);
#21333 = LINE('',#21334,#21335);
#21334 = CARTESIAN_POINT('',(5.85,2.275,0.49));
#21335 = VECTOR('',#21336,1.);
#21336 = DIRECTION('',(1.,0.,-0.));
#21337 = ORIENTED_EDGE('',*,*,#20961,.F.);
#21338 = PLANE('',#21339);
#21339 = AXIS2_PLACEMENT_3D('',#21340,#21341,#21342);
#21340 = CARTESIAN_POINT('',(5.85,-0.925,0.49));
#21341 = DIRECTION('',(0.,0.,1.));
#21342 = DIRECTION('',(1.,0.,-0.));
#21343 = ADVANCED_FACE('',(#21344),#21360,.F.);
#21344 = FACE_BOUND('',#21345,.F.);
#21345 = EDGE_LOOP('',(#21346,#21352,#21353,#21359));
#21346 = ORIENTED_EDGE('',*,*,#21347,.F.);
#21347 = EDGE_CURVE('',#21280,#20921,#21348,.T.);
#21348 = LINE('',#21349,#21350);
#21349 = CARTESIAN_POINT('',(6.125,2.275,0.12));
#21350 = VECTOR('',#21351,1.);
#21351 = DIRECTION('',(0.,0.,1.));
#21352 = ORIENTED_EDGE('',*,*,#21332,.F.);
#21353 = ORIENTED_EDGE('',*,*,#21354,.T.);
#21354 = EDGE_CURVE('',#20962,#20859,#21355,.T.);
#21355 = LINE('',#21356,#21357);
#21356 = CARTESIAN_POINT('',(5.875,2.275,0.12));
#21357 = VECTOR('',#21358,1.);
#21358 = DIRECTION('',(0.,0.,1.));
#21359 = ORIENTED_EDGE('',*,*,#20928,.T.);
#21360 = PLANE('',#21361);
#21361 = AXIS2_PLACEMENT_3D('',#21362,#21363,#21364);
#21362 = CARTESIAN_POINT('',(5.875,2.275,0.12));
#21363 = DIRECTION('',(-0.,1.,0.));
#21364 = DIRECTION('',(0.,0.,1.));
#21365 = ADVANCED_FACE('',(#21366),#21391,.T.);
#21366 = FACE_BOUND('',#21367,.T.);
#21367 = EDGE_LOOP('',(#21368,#21369,#21377,#21385));
#21368 = ORIENTED_EDGE('',*,*,#20920,.F.);
#21369 = ORIENTED_EDGE('',*,*,#21370,.T.);
#21370 = EDGE_CURVE('',#20921,#21371,#21373,.T.);
#21371 = VERTEX_POINT('',#21372);
#21372 = CARTESIAN_POINT('',(6.125,2.275,1.17));
#21373 = LINE('',#21374,#21375);
#21374 = CARTESIAN_POINT('',(6.125,2.275,0.12));
#21375 = VECTOR('',#21376,1.);
#21376 = DIRECTION('',(0.,0.,1.));
#21377 = ORIENTED_EDGE('',*,*,#21378,.T.);
#21378 = EDGE_CURVE('',#21371,#21379,#21381,.T.);
#21379 = VERTEX_POINT('',#21380);
#21380 = CARTESIAN_POINT('',(6.15,2.275,1.17));
#21381 = LINE('',#21382,#21383);
#21382 = CARTESIAN_POINT('',(5.85,2.275,1.17));
#21383 = VECTOR('',#21384,1.);
#21384 = DIRECTION('',(1.,0.,-0.));
#21385 = ORIENTED_EDGE('',*,*,#21386,.F.);
#21386 = EDGE_CURVE('',#20913,#21379,#21387,.T.);
#21387 = LINE('',#21388,#21389);
#21388 = CARTESIAN_POINT('',(6.15,2.275,0.86));
#21389 = VECTOR('',#21390,1.);
#21390 = DIRECTION('',(0.,0.,1.));
#21391 = PLANE('',#21392);
#21392 = AXIS2_PLACEMENT_3D('',#21393,#21394,#21395);
#21393 = CARTESIAN_POINT('',(5.85,2.275,0.86));
#21394 = DIRECTION('',(-0.,1.,0.));
#21395 = DIRECTION('',(0.,0.,1.));
#21396 = ADVANCED_FACE('',(#21397),#21415,.F.);
#21397 = FACE_BOUND('',#21398,.F.);
#21398 = EDGE_LOOP('',(#21399,#21407,#21408,#21409));
#21399 = ORIENTED_EDGE('',*,*,#21400,.F.);
#21400 = EDGE_CURVE('',#20897,#21401,#21403,.T.);
#21401 = VERTEX_POINT('',#21402);
#21402 = CARTESIAN_POINT('',(5.85,-0.6,1.17));
#21403 = LINE('',#21404,#21405);
#21404 = CARTESIAN_POINT('',(5.85,-0.6,0.86));
#21405 = VECTOR('',#21406,1.);
#21406 = DIRECTION('',(0.,0.,1.));
#21407 = ORIENTED_EDGE('',*,*,#20896,.T.);
#21408 = ORIENTED_EDGE('',*,*,#20866,.T.);
#21409 = ORIENTED_EDGE('',*,*,#21410,.F.);
#21410 = EDGE_CURVE('',#21401,#20867,#21411,.T.);
#21411 = LINE('',#21412,#21413);
#21412 = CARTESIAN_POINT('',(5.85,-0.6,1.17));
#21413 = VECTOR('',#21414,1.);
#21414 = DIRECTION('',(-0.,1.,0.));
#21415 = PLANE('',#21416);
#21416 = AXIS2_PLACEMENT_3D('',#21417,#21418,#21419);
#21417 = CARTESIAN_POINT('',(5.85,-0.6,0.86));
#21418 = DIRECTION('',(1.,0.,-0.));
#21419 = DIRECTION('',(0.,0.,1.));
#21420 = ADVANCED_FACE('',(#21421),#21439,.T.);
#21421 = FACE_BOUND('',#21422,.T.);
#21422 = EDGE_LOOP('',(#21423,#21431,#21432,#21433));
#21423 = ORIENTED_EDGE('',*,*,#21424,.F.);
#21424 = EDGE_CURVE('',#20905,#21425,#21427,.T.);
#21425 = VERTEX_POINT('',#21426);
#21426 = CARTESIAN_POINT('',(6.15,-0.6,1.17));
#21427 = LINE('',#21428,#21429);
#21428 = CARTESIAN_POINT('',(6.15,-0.6,0.86));
#21429 = VECTOR('',#21430,1.);
#21430 = DIRECTION('',(0.,0.,1.));
#21431 = ORIENTED_EDGE('',*,*,#20912,.T.);
#21432 = ORIENTED_EDGE('',*,*,#21386,.T.);
#21433 = ORIENTED_EDGE('',*,*,#21434,.F.);
#21434 = EDGE_CURVE('',#21425,#21379,#21435,.T.);
#21435 = LINE('',#21436,#21437);
#21436 = CARTESIAN_POINT('',(6.15,-0.6,1.17));
#21437 = VECTOR('',#21438,1.);
#21438 = DIRECTION('',(-0.,1.,0.));
#21439 = PLANE('',#21440);
#21440 = AXIS2_PLACEMENT_3D('',#21441,#21442,#21443);
#21441 = CARTESIAN_POINT('',(6.15,-0.6,0.86));
#21442 = DIRECTION('',(1.,0.,-0.));
#21443 = DIRECTION('',(0.,0.,1.));
#21444 = ADVANCED_FACE('',(#21445),#21470,.T.);
#21445 = FACE_BOUND('',#21446,.T.);
#21446 = EDGE_LOOP('',(#21447,#21448,#21456,#21464));
#21447 = ORIENTED_EDGE('',*,*,#21317,.F.);
#21448 = ORIENTED_EDGE('',*,*,#21449,.T.);
#21449 = EDGE_CURVE('',#21310,#21450,#21452,.T.);
#21450 = VERTEX_POINT('',#21451);
#21451 = CARTESIAN_POINT('',(5.85,-0.325,0.8));
#21452 = LINE('',#21453,#21454);
#21453 = CARTESIAN_POINT('',(5.85,-0.325,0.49));
#21454 = VECTOR('',#21455,1.);
#21455 = DIRECTION('',(0.,0.,1.));
#21456 = ORIENTED_EDGE('',*,*,#21457,.T.);
#21457 = EDGE_CURVE('',#21450,#21458,#21460,.T.);
#21458 = VERTEX_POINT('',#21459);
#21459 = CARTESIAN_POINT('',(6.15,-0.325,0.8));
#21460 = LINE('',#21461,#21462);
#21461 = CARTESIAN_POINT('',(5.85,-0.325,0.8));
#21462 = VECTOR('',#21463,1.);
#21463 = DIRECTION('',(1.,0.,-0.));
#21464 = ORIENTED_EDGE('',*,*,#21465,.F.);
#21465 = EDGE_CURVE('',#21318,#21458,#21466,.T.);
#21466 = LINE('',#21467,#21468);
#21467 = CARTESIAN_POINT('',(6.15,-0.325,0.49));
#21468 = VECTOR('',#21469,1.);
#21469 = DIRECTION('',(0.,0.,1.));
#21470 = PLANE('',#21471);
#21471 = AXIS2_PLACEMENT_3D('',#21472,#21473,#21474);
#21472 = CARTESIAN_POINT('',(5.85,-0.325,0.49));
#21473 = DIRECTION('',(-0.,1.,0.));
#21474 = DIRECTION('',(0.,0.,1.));
#21475 = ADVANCED_FACE('',(#21476),#21487,.F.);
#21476 = FACE_BOUND('',#21477,.F.);
#21477 = EDGE_LOOP('',(#21478,#21479,#21480,#21486));
#21478 = ORIENTED_EDGE('',*,*,#20904,.F.);
#21479 = ORIENTED_EDGE('',*,*,#21400,.T.);
#21480 = ORIENTED_EDGE('',*,*,#21481,.T.);
#21481 = EDGE_CURVE('',#21401,#21425,#21482,.T.);
#21482 = LINE('',#21483,#21484);
#21483 = CARTESIAN_POINT('',(5.85,-0.6,1.17));
#21484 = VECTOR('',#21485,1.);
#21485 = DIRECTION('',(1.,0.,-0.));
#21486 = ORIENTED_EDGE('',*,*,#21424,.F.);
#21487 = PLANE('',#21488);
#21488 = AXIS2_PLACEMENT_3D('',#21489,#21490,#21491);
#21489 = CARTESIAN_POINT('',(5.85,-0.6,0.86));
#21490 = DIRECTION('',(-0.,1.,0.));
#21491 = DIRECTION('',(0.,0.,1.));
#21492 = ADVANCED_FACE('',(#21493),#21518,.T.);
#21493 = FACE_BOUND('',#21494,.T.);
#21494 = EDGE_LOOP('',(#21495,#21503,#21511,#21517));
#21495 = ORIENTED_EDGE('',*,*,#21496,.F.);
#21496 = EDGE_CURVE('',#21497,#21450,#21499,.T.);
#21497 = VERTEX_POINT('',#21498);
#21498 = CARTESIAN_POINT('',(5.85,-0.925,0.8));
#21499 = LINE('',#21500,#21501);
#21500 = CARTESIAN_POINT('',(5.85,-0.925,0.8));
#21501 = VECTOR('',#21502,1.);
#21502 = DIRECTION('',(-0.,1.,0.));
#21503 = ORIENTED_EDGE('',*,*,#21504,.T.);
#21504 = EDGE_CURVE('',#21497,#21505,#21507,.T.);
#21505 = VERTEX_POINT('',#21506);
#21506 = CARTESIAN_POINT('',(6.15,-0.925,0.8));
#21507 = LINE('',#21508,#21509);
#21508 = CARTESIAN_POINT('',(5.85,-0.925,0.8));
#21509 = VECTOR('',#21510,1.);
#21510 = DIRECTION('',(1.,0.,-0.));
#21511 = ORIENTED_EDGE('',*,*,#21512,.T.);
#21512 = EDGE_CURVE('',#21505,#21458,#21513,.T.);
#21513 = LINE('',#21514,#21515);
#21514 = CARTESIAN_POINT('',(6.15,-0.925,0.8));
#21515 = VECTOR('',#21516,1.);
#21516 = DIRECTION('',(-0.,1.,0.));
#21517 = ORIENTED_EDGE('',*,*,#21457,.F.);
#21518 = PLANE('',#21519);
#21519 = AXIS2_PLACEMENT_3D('',#21520,#21521,#21522);
#21520 = CARTESIAN_POINT('',(5.85,-0.925,0.8));
#21521 = DIRECTION('',(0.,0.,1.));
#21522 = DIRECTION('',(1.,0.,-0.));
#21523 = ADVANCED_FACE('',(#21524),#21543,.T.);
#21524 = FACE_BOUND('',#21525,.T.);
#21525 = EDGE_LOOP('',(#21526,#21527,#21528,#21529,#21530,#21531,#21532,
    #21538,#21539,#21540,#21541,#21542));
#21526 = ORIENTED_EDGE('',*,*,#21056,.F.);
#21527 = ORIENTED_EDGE('',*,*,#21070,.F.);
#21528 = ORIENTED_EDGE('',*,*,#21139,.T.);
#21529 = ORIENTED_EDGE('',*,*,#20969,.T.);
#21530 = ORIENTED_EDGE('',*,*,#21354,.T.);
#21531 = ORIENTED_EDGE('',*,*,#20882,.T.);
#21532 = ORIENTED_EDGE('',*,*,#21533,.T.);
#21533 = EDGE_CURVE('',#20875,#21249,#21534,.T.);
#21534 = LINE('',#21535,#21536);
#21535 = CARTESIAN_POINT('',(5.875,2.275,1.17));
#21536 = VECTOR('',#21537,1.);
#21537 = DIRECTION('',(-0.,1.,0.));
#21538 = ORIENTED_EDGE('',*,*,#21248,.F.);
#21539 = ORIENTED_EDGE('',*,*,#21233,.F.);
#21540 = ORIENTED_EDGE('',*,*,#21202,.F.);
#21541 = ORIENTED_EDGE('',*,*,#21171,.F.);
#21542 = ORIENTED_EDGE('',*,*,#21118,.F.);
#21543 = PLANE('',#21544);
#21544 = AXIS2_PLACEMENT_3D('',#21545,#21546,#21547);
#21545 = CARTESIAN_POINT('',(5.875,2.928538891724,0.406031440384));
#21546 = DIRECTION('',(-1.,-0.,-0.));
#21547 = DIRECTION('',(0.,0.,-1.));
#21548 = ADVANCED_FACE('',(#21549),#21568,.T.);
#21549 = FACE_BOUND('',#21550,.T.);
#21550 = EDGE_LOOP('',(#21551,#21552,#21553,#21554,#21555,#21556,#21557,
    #21563,#21564,#21565,#21566,#21567));
#21551 = ORIENTED_EDGE('',*,*,#21040,.T.);
#21552 = ORIENTED_EDGE('',*,*,#21102,.T.);
#21553 = ORIENTED_EDGE('',*,*,#21155,.T.);
#21554 = ORIENTED_EDGE('',*,*,#21186,.T.);
#21555 = ORIENTED_EDGE('',*,*,#21217,.T.);
#21556 = ORIENTED_EDGE('',*,*,#21264,.T.);
#21557 = ORIENTED_EDGE('',*,*,#21558,.F.);
#21558 = EDGE_CURVE('',#21371,#21257,#21559,.T.);
#21559 = LINE('',#21560,#21561);
#21560 = CARTESIAN_POINT('',(6.125,2.275,1.17));
#21561 = VECTOR('',#21562,1.);
#21562 = DIRECTION('',(-0.,1.,0.));
#21563 = ORIENTED_EDGE('',*,*,#21370,.F.);
#21564 = ORIENTED_EDGE('',*,*,#21347,.F.);
#21565 = ORIENTED_EDGE('',*,*,#21279,.F.);
#21566 = ORIENTED_EDGE('',*,*,#21132,.F.);
#21567 = ORIENTED_EDGE('',*,*,#21086,.T.);
#21568 = PLANE('',#21569);
#21569 = AXIS2_PLACEMENT_3D('',#21570,#21571,#21572);
#21570 = CARTESIAN_POINT('',(6.125,2.928538891724,0.406031440384));
#21571 = DIRECTION('',(1.,0.,0.));
#21572 = DIRECTION('',(-0.,0.,1.));
#21573 = ADVANCED_FACE('',(#21574),#21584,.T.);
#21574 = FACE_BOUND('',#21575,.T.);
#21575 = EDGE_LOOP('',(#21576,#21577,#21578,#21579,#21580,#21581,#21582,
    #21583));
#21576 = ORIENTED_EDGE('',*,*,#21533,.F.);
#21577 = ORIENTED_EDGE('',*,*,#20874,.F.);
#21578 = ORIENTED_EDGE('',*,*,#21410,.F.);
#21579 = ORIENTED_EDGE('',*,*,#21481,.T.);
#21580 = ORIENTED_EDGE('',*,*,#21434,.T.);
#21581 = ORIENTED_EDGE('',*,*,#21378,.F.);
#21582 = ORIENTED_EDGE('',*,*,#21558,.T.);
#21583 = ORIENTED_EDGE('',*,*,#21256,.F.);
#21584 = PLANE('',#21585);
#21585 = AXIS2_PLACEMENT_3D('',#21586,#21587,#21588);
#21586 = CARTESIAN_POINT('',(6.,0.936018518519,1.17));
#21587 = DIRECTION('',(0.,0.,1.));
#21588 = DIRECTION('',(1.,0.,-0.));
#21589 = ADVANCED_FACE('',(#21590),#21603,.T.);
#21590 = FACE_BOUND('',#21591,.T.);
#21591 = EDGE_LOOP('',(#21592,#21598,#21599,#21600,#21601,#21602));
#21592 = ORIENTED_EDGE('',*,*,#21593,.T.);
#21593 = EDGE_CURVE('',#20984,#21497,#21594,.T.);
#21594 = LINE('',#21595,#21596);
#21595 = CARTESIAN_POINT('',(5.85,-0.925,0.3));
#21596 = VECTOR('',#21597,1.);
#21597 = DIRECTION('',(0.,0.,1.));
#21598 = ORIENTED_EDGE('',*,*,#21496,.T.);
#21599 = ORIENTED_EDGE('',*,*,#21449,.F.);
#21600 = ORIENTED_EDGE('',*,*,#21309,.T.);
#21601 = ORIENTED_EDGE('',*,*,#20953,.F.);
#21602 = ORIENTED_EDGE('',*,*,#20983,.F.);
#21603 = PLANE('',#21604);
#21604 = AXIS2_PLACEMENT_3D('',#21605,#21606,#21607);
#21605 = CARTESIAN_POINT('',(5.85,0.566081081081,0.441081081081));
#21606 = DIRECTION('',(-1.,-0.,-0.));
#21607 = DIRECTION('',(0.,0.,-1.));
#21608 = ADVANCED_FACE('',(#21609),#21622,.T.);
#21609 = FACE_BOUND('',#21610,.T.);
#21610 = EDGE_LOOP('',(#21611,#21612,#21613,#21614,#21615,#21616));
#21611 = ORIENTED_EDGE('',*,*,#20999,.T.);
#21612 = ORIENTED_EDGE('',*,*,#21295,.T.);
#21613 = ORIENTED_EDGE('',*,*,#21325,.F.);
#21614 = ORIENTED_EDGE('',*,*,#21465,.T.);
#21615 = ORIENTED_EDGE('',*,*,#21512,.F.);
#21616 = ORIENTED_EDGE('',*,*,#21617,.F.);
#21617 = EDGE_CURVE('',#20992,#21505,#21618,.T.);
#21618 = LINE('',#21619,#21620);
#21619 = CARTESIAN_POINT('',(6.15,-0.925,0.49));
#21620 = VECTOR('',#21621,1.);
#21621 = DIRECTION('',(0.,0.,1.));
#21622 = PLANE('',#21623);
#21623 = AXIS2_PLACEMENT_3D('',#21624,#21625,#21626);
#21624 = CARTESIAN_POINT('',(6.15,0.566081081081,0.441081081081));
#21625 = DIRECTION('',(1.,0.,0.));
#21626 = DIRECTION('',(-0.,0.,1.));
#21627 = ADVANCED_FACE('',(#21628),#21634,.T.);
#21628 = FACE_BOUND('',#21629,.T.);
#21629 = EDGE_LOOP('',(#21630,#21631,#21632,#21633));
#21630 = ORIENTED_EDGE('',*,*,#20991,.T.);
#21631 = ORIENTED_EDGE('',*,*,#21617,.T.);
#21632 = ORIENTED_EDGE('',*,*,#21504,.F.);
#21633 = ORIENTED_EDGE('',*,*,#21593,.F.);
#21634 = PLANE('',#21635);
#21635 = AXIS2_PLACEMENT_3D('',#21636,#21637,#21638);
#21636 = CARTESIAN_POINT('',(6.,-0.925,0.55));
#21637 = DIRECTION('',(-0.,-1.,-0.));
#21638 = DIRECTION('',(0.,0.,-1.));
#21639 = MANIFOLD_SOLID_BREP('',#21640);
#21640 = CLOSED_SHELL('',(#21641,#21681,#21728,#21768,#21815,#21855,
    #21886,#21917,#21939,#21970,#22001,#22032,#22063,#22094,#22132,
    #22154,#22185,#22209,#22233,#22264,#22281,#22312,#22337,#22362,
    #22378,#22397,#22416));
#21641 = ADVANCED_FACE('',(#21642),#21676,.T.);
#21642 = FACE_BOUND('',#21643,.T.);
#21643 = EDGE_LOOP('',(#21644,#21654,#21662,#21670));
#21644 = ORIENTED_EDGE('',*,*,#21645,.F.);
#21645 = EDGE_CURVE('',#21646,#21648,#21650,.T.);
#21646 = VERTEX_POINT('',#21647);
#21647 = CARTESIAN_POINT('',(6.85,2.275,0.86));
#21648 = VERTEX_POINT('',#21649);
#21649 = CARTESIAN_POINT('',(6.875,2.275,0.86));
#21650 = LINE('',#21651,#21652);
#21651 = CARTESIAN_POINT('',(6.85,2.275,0.86));
#21652 = VECTOR('',#21653,1.);
#21653 = DIRECTION('',(1.,0.,-0.));
#21654 = ORIENTED_EDGE('',*,*,#21655,.T.);
#21655 = EDGE_CURVE('',#21646,#21656,#21658,.T.);
#21656 = VERTEX_POINT('',#21657);
#21657 = CARTESIAN_POINT('',(6.85,2.275,1.17));
#21658 = LINE('',#21659,#21660);
#21659 = CARTESIAN_POINT('',(6.85,2.275,0.86));
#21660 = VECTOR('',#21661,1.);
#21661 = DIRECTION('',(0.,0.,1.));
#21662 = ORIENTED_EDGE('',*,*,#21663,.T.);
#21663 = EDGE_CURVE('',#21656,#21664,#21666,.T.);
#21664 = VERTEX_POINT('',#21665);
#21665 = CARTESIAN_POINT('',(6.875,2.275,1.17));
#21666 = LINE('',#21667,#21668);
#21667 = CARTESIAN_POINT('',(6.85,2.275,1.17));
#21668 = VECTOR('',#21669,1.);
#21669 = DIRECTION('',(1.,0.,-0.));
#21670 = ORIENTED_EDGE('',*,*,#21671,.F.);
#21671 = EDGE_CURVE('',#21648,#21664,#21672,.T.);
#21672 = LINE('',#21673,#21674);
#21673 = CARTESIAN_POINT('',(6.875,2.275,0.12));
#21674 = VECTOR('',#21675,1.);
#21675 = DIRECTION('',(0.,0.,1.));
#21676 = PLANE('',#21677);
#21677 = AXIS2_PLACEMENT_3D('',#21678,#21679,#21680);
#21678 = CARTESIAN_POINT('',(6.85,2.275,0.86));
#21679 = DIRECTION('',(-0.,1.,0.));
#21680 = DIRECTION('',(0.,0.,1.));
#21681 = ADVANCED_FACE('',(#21682),#21723,.F.);
#21682 = FACE_BOUND('',#21683,.F.);
#21683 = EDGE_LOOP('',(#21684,#21692,#21700,#21708,#21716,#21722));
#21684 = ORIENTED_EDGE('',*,*,#21685,.F.);
#21685 = EDGE_CURVE('',#21686,#21646,#21688,.T.);
#21686 = VERTEX_POINT('',#21687);
#21687 = CARTESIAN_POINT('',(6.85,-0.6,0.86));
#21688 = LINE('',#21689,#21690);
#21689 = CARTESIAN_POINT('',(6.85,-0.6,0.86));
#21690 = VECTOR('',#21691,1.);
#21691 = DIRECTION('',(-0.,1.,0.));
#21692 = ORIENTED_EDGE('',*,*,#21693,.T.);
#21693 = EDGE_CURVE('',#21686,#21694,#21696,.T.);
#21694 = VERTEX_POINT('',#21695);
#21695 = CARTESIAN_POINT('',(7.15,-0.6,0.86));
#21696 = LINE('',#21697,#21698);
#21697 = CARTESIAN_POINT('',(6.85,-0.6,0.86));
#21698 = VECTOR('',#21699,1.);
#21699 = DIRECTION('',(1.,0.,-0.));
#21700 = ORIENTED_EDGE('',*,*,#21701,.T.);
#21701 = EDGE_CURVE('',#21694,#21702,#21704,.T.);
#21702 = VERTEX_POINT('',#21703);
#21703 = CARTESIAN_POINT('',(7.15,2.275,0.86));
#21704 = LINE('',#21705,#21706);
#21705 = CARTESIAN_POINT('',(7.15,-0.6,0.86));
#21706 = VECTOR('',#21707,1.);
#21707 = DIRECTION('',(-0.,1.,0.));
#21708 = ORIENTED_EDGE('',*,*,#21709,.F.);
#21709 = EDGE_CURVE('',#21710,#21702,#21712,.T.);
#21710 = VERTEX_POINT('',#21711);
#21711 = CARTESIAN_POINT('',(7.125,2.275,0.86));
#21712 = LINE('',#21713,#21714);
#21713 = CARTESIAN_POINT('',(6.85,2.275,0.86));
#21714 = VECTOR('',#21715,1.);
#21715 = DIRECTION('',(1.,0.,-0.));
#21716 = ORIENTED_EDGE('',*,*,#21717,.F.);
#21717 = EDGE_CURVE('',#21648,#21710,#21718,.T.);
#21718 = LINE('',#21719,#21720);
#21719 = CARTESIAN_POINT('',(6.85,2.275,0.86));
#21720 = VECTOR('',#21721,1.);
#21721 = DIRECTION('',(1.,0.,-0.));
#21722 = ORIENTED_EDGE('',*,*,#21645,.F.);
#21723 = PLANE('',#21724);
#21724 = AXIS2_PLACEMENT_3D('',#21725,#21726,#21727);
#21725 = CARTESIAN_POINT('',(6.85,-0.6,0.86));
#21726 = DIRECTION('',(0.,0.,1.));
#21727 = DIRECTION('',(1.,0.,-0.));
#21728 = ADVANCED_FACE('',(#21729),#21763,.T.);
#21729 = FACE_BOUND('',#21730,.T.);
#21730 = EDGE_LOOP('',(#21731,#21741,#21749,#21757));
#21731 = ORIENTED_EDGE('',*,*,#21732,.F.);
#21732 = EDGE_CURVE('',#21733,#21735,#21737,.T.);
#21733 = VERTEX_POINT('',#21734);
#21734 = CARTESIAN_POINT('',(6.85,2.275,0.3));
#21735 = VERTEX_POINT('',#21736);
#21736 = CARTESIAN_POINT('',(6.875,2.275,0.3));
#21737 = LINE('',#21738,#21739);
#21738 = CARTESIAN_POINT('',(6.85,2.275,0.3));
#21739 = VECTOR('',#21740,1.);
#21740 = DIRECTION('',(1.,0.,-0.));
#21741 = ORIENTED_EDGE('',*,*,#21742,.T.);
#21742 = EDGE_CURVE('',#21733,#21743,#21745,.T.);
#21743 = VERTEX_POINT('',#21744);
#21744 = CARTESIAN_POINT('',(6.85,2.275,0.49));
#21745 = LINE('',#21746,#21747);
#21746 = CARTESIAN_POINT('',(6.85,2.275,0.3));
#21747 = VECTOR('',#21748,1.);
#21748 = DIRECTION('',(0.,0.,1.));
#21749 = ORIENTED_EDGE('',*,*,#21750,.T.);
#21750 = EDGE_CURVE('',#21743,#21751,#21753,.T.);
#21751 = VERTEX_POINT('',#21752);
#21752 = CARTESIAN_POINT('',(6.875,2.275,0.49));
#21753 = LINE('',#21754,#21755);
#21754 = CARTESIAN_POINT('',(6.85,2.275,0.49));
#21755 = VECTOR('',#21756,1.);
#21756 = DIRECTION('',(1.,0.,-0.));
#21757 = ORIENTED_EDGE('',*,*,#21758,.F.);
#21758 = EDGE_CURVE('',#21735,#21751,#21759,.T.);
#21759 = LINE('',#21760,#21761);
#21760 = CARTESIAN_POINT('',(6.875,2.275,0.12));
#21761 = VECTOR('',#21762,1.);
#21762 = DIRECTION('',(0.,0.,1.));
#21763 = PLANE('',#21764);
#21764 = AXIS2_PLACEMENT_3D('',#21765,#21766,#21767);
#21765 = CARTESIAN_POINT('',(6.85,2.275,0.3));
#21766 = DIRECTION('',(-0.,1.,0.));
#21767 = DIRECTION('',(0.,0.,1.));
#21768 = ADVANCED_FACE('',(#21769),#21810,.F.);
#21769 = FACE_BOUND('',#21770,.F.);
#21770 = EDGE_LOOP('',(#21771,#21779,#21787,#21795,#21803,#21809));
#21771 = ORIENTED_EDGE('',*,*,#21772,.F.);
#21772 = EDGE_CURVE('',#21773,#21733,#21775,.T.);
#21773 = VERTEX_POINT('',#21774);
#21774 = CARTESIAN_POINT('',(6.85,-0.925,0.3));
#21775 = LINE('',#21776,#21777);
#21776 = CARTESIAN_POINT('',(6.85,-0.925,0.3));
#21777 = VECTOR('',#21778,1.);
#21778 = DIRECTION('',(-0.,1.,0.));
#21779 = ORIENTED_EDGE('',*,*,#21780,.T.);
#21780 = EDGE_CURVE('',#21773,#21781,#21783,.T.);
#21781 = VERTEX_POINT('',#21782);
#21782 = CARTESIAN_POINT('',(7.15,-0.925,0.3));
#21783 = LINE('',#21784,#21785);
#21784 = CARTESIAN_POINT('',(6.85,-0.925,0.3));
#21785 = VECTOR('',#21786,1.);
#21786 = DIRECTION('',(1.,0.,-0.));
#21787 = ORIENTED_EDGE('',*,*,#21788,.T.);
#21788 = EDGE_CURVE('',#21781,#21789,#21791,.T.);
#21789 = VERTEX_POINT('',#21790);
#21790 = CARTESIAN_POINT('',(7.15,2.275,0.3));
#21791 = LINE('',#21792,#21793);
#21792 = CARTESIAN_POINT('',(7.15,-0.925,0.3));
#21793 = VECTOR('',#21794,1.);
#21794 = DIRECTION('',(-0.,1.,0.));
#21795 = ORIENTED_EDGE('',*,*,#21796,.F.);
#21796 = EDGE_CURVE('',#21797,#21789,#21799,.T.);
#21797 = VERTEX_POINT('',#21798);
#21798 = CARTESIAN_POINT('',(7.125,2.275,0.3));
#21799 = LINE('',#21800,#21801);
#21800 = CARTESIAN_POINT('',(6.85,2.275,0.3));
#21801 = VECTOR('',#21802,1.);
#21802 = DIRECTION('',(1.,0.,-0.));
#21803 = ORIENTED_EDGE('',*,*,#21804,.F.);
#21804 = EDGE_CURVE('',#21735,#21797,#21805,.T.);
#21805 = LINE('',#21806,#21807);
#21806 = CARTESIAN_POINT('',(6.85,2.275,0.3));
#21807 = VECTOR('',#21808,1.);
#21808 = DIRECTION('',(1.,0.,-0.));
#21809 = ORIENTED_EDGE('',*,*,#21732,.F.);
#21810 = PLANE('',#21811);
#21811 = AXIS2_PLACEMENT_3D('',#21812,#21813,#21814);
#21812 = CARTESIAN_POINT('',(6.85,-0.925,0.3));
#21813 = DIRECTION('',(0.,0.,1.));
#21814 = DIRECTION('',(1.,0.,-0.));
#21815 = ADVANCED_FACE('',(#21816),#21850,.F.);
#21816 = FACE_BOUND('',#21817,.F.);
#21817 = EDGE_LOOP('',(#21818,#21828,#21836,#21844));
#21818 = ORIENTED_EDGE('',*,*,#21819,.T.);
#21819 = EDGE_CURVE('',#21820,#21822,#21824,.T.);
#21820 = VERTEX_POINT('',#21821);
#21821 = CARTESIAN_POINT('',(6.875,2.475,0.12));
#21822 = VERTEX_POINT('',#21823);
#21823 = CARTESIAN_POINT('',(7.125,2.475,0.12));
#21824 = LINE('',#21825,#21826);
#21825 = CARTESIAN_POINT('',(6.875,2.475,0.12));
#21826 = VECTOR('',#21827,1.);
#21827 = DIRECTION('',(1.,0.,0.));
#21828 = ORIENTED_EDGE('',*,*,#21829,.T.);
#21829 = EDGE_CURVE('',#21822,#21830,#21832,.T.);
#21830 = VERTEX_POINT('',#21831);
#21831 = CARTESIAN_POINT('',(7.125,2.825,0.));
#21832 = LINE('',#21833,#21834);
#21833 = CARTESIAN_POINT('',(7.125,2.475,0.12));
#21834 = VECTOR('',#21835,1.);
#21835 = DIRECTION('',(0.,0.945945945946,-0.324324324324));
#21836 = ORIENTED_EDGE('',*,*,#21837,.F.);
#21837 = EDGE_CURVE('',#21838,#21830,#21840,.T.);
#21838 = VERTEX_POINT('',#21839);
#21839 = CARTESIAN_POINT('',(6.875,2.825,0.));
#21840 = LINE('',#21841,#21842);
#21841 = CARTESIAN_POINT('',(6.875,2.825,0.));
#21842 = VECTOR('',#21843,1.);
#21843 = DIRECTION('',(1.,0.,0.));
#21844 = ORIENTED_EDGE('',*,*,#21845,.F.);
#21845 = EDGE_CURVE('',#21820,#21838,#21846,.T.);
#21846 = LINE('',#21847,#21848);
#21847 = CARTESIAN_POINT('',(6.875,2.475,0.12));
#21848 = VECTOR('',#21849,1.);
#21849 = DIRECTION('',(0.,0.945945945946,-0.324324324324));
#21850 = PLANE('',#21851);
#21851 = AXIS2_PLACEMENT_3D('',#21852,#21853,#21854);
#21852 = CARTESIAN_POINT('',(6.875,2.475,0.12));
#21853 = DIRECTION('',(-0.,0.324324324324,0.945945945946));
#21854 = DIRECTION('',(0.,0.945945945946,-0.324324324324));
#21855 = ADVANCED_FACE('',(#21856),#21881,.F.);
#21856 = FACE_BOUND('',#21857,.F.);
#21857 = EDGE_LOOP('',(#21858,#21866,#21874,#21880));
#21858 = ORIENTED_EDGE('',*,*,#21859,.F.);
#21859 = EDGE_CURVE('',#21860,#21820,#21862,.T.);
#21860 = VERTEX_POINT('',#21861);
#21861 = CARTESIAN_POINT('',(6.875,2.275,0.12));
#21862 = LINE('',#21863,#21864);
#21863 = CARTESIAN_POINT('',(6.875,2.275,0.12));
#21864 = VECTOR('',#21865,1.);
#21865 = DIRECTION('',(-0.,1.,0.));
#21866 = ORIENTED_EDGE('',*,*,#21867,.T.);
#21867 = EDGE_CURVE('',#21860,#21868,#21870,.T.);
#21868 = VERTEX_POINT('',#21869);
#21869 = CARTESIAN_POINT('',(7.125,2.275,0.12));
#21870 = LINE('',#21871,#21872);
#21871 = CARTESIAN_POINT('',(6.875,2.275,0.12));
#21872 = VECTOR('',#21873,1.);
#21873 = DIRECTION('',(1.,0.,-0.));
#21874 = ORIENTED_EDGE('',*,*,#21875,.T.);
#21875 = EDGE_CURVE('',#21868,#21822,#21876,.T.);
#21876 = LINE('',#21877,#21878);
#21877 = CARTESIAN_POINT('',(7.125,2.275,0.12));
#21878 = VECTOR('',#21879,1.);
#21879 = DIRECTION('',(-0.,1.,0.));
#21880 = ORIENTED_EDGE('',*,*,#21819,.F.);
#21881 = PLANE('',#21882);
#21882 = AXIS2_PLACEMENT_3D('',#21883,#21884,#21885);
#21883 = CARTESIAN_POINT('',(6.875,2.275,0.12));
#21884 = DIRECTION('',(0.,0.,1.));
#21885 = DIRECTION('',(1.,0.,-0.));
#21886 = ADVANCED_FACE('',(#21887),#21912,.F.);
#21887 = FACE_BOUND('',#21888,.F.);
#21888 = EDGE_LOOP('',(#21889,#21890,#21898,#21906));
#21889 = ORIENTED_EDGE('',*,*,#21837,.T.);
#21890 = ORIENTED_EDGE('',*,*,#21891,.T.);
#21891 = EDGE_CURVE('',#21830,#21892,#21894,.T.);
#21892 = VERTEX_POINT('',#21893);
#21893 = CARTESIAN_POINT('',(7.125,3.925,0.));
#21894 = LINE('',#21895,#21896);
#21895 = CARTESIAN_POINT('',(7.125,2.825,0.));
#21896 = VECTOR('',#21897,1.);
#21897 = DIRECTION('',(0.,1.,0.));
#21898 = ORIENTED_EDGE('',*,*,#21899,.F.);
#21899 = EDGE_CURVE('',#21900,#21892,#21902,.T.);
#21900 = VERTEX_POINT('',#21901);
#21901 = CARTESIAN_POINT('',(6.875,3.925,0.));
#21902 = LINE('',#21903,#21904);
#21903 = CARTESIAN_POINT('',(6.875,3.925,0.));
#21904 = VECTOR('',#21905,1.);
#21905 = DIRECTION('',(1.,0.,0.));
#21906 = ORIENTED_EDGE('',*,*,#21907,.F.);
#21907 = EDGE_CURVE('',#21838,#21900,#21908,.T.);
#21908 = LINE('',#21909,#21910);
#21909 = CARTESIAN_POINT('',(6.875,2.825,0.));
#21910 = VECTOR('',#21911,1.);
#21911 = DIRECTION('',(0.,1.,0.));
#21912 = PLANE('',#21913);
#21913 = AXIS2_PLACEMENT_3D('',#21914,#21915,#21916);
#21914 = CARTESIAN_POINT('',(6.875,2.825,0.));
#21915 = DIRECTION('',(0.,0.,1.));
#21916 = DIRECTION('',(0.,1.,0.));
#21917 = ADVANCED_FACE('',(#21918),#21934,.F.);
#21918 = FACE_BOUND('',#21919,.F.);
#21919 = EDGE_LOOP('',(#21920,#21926,#21927,#21933));
#21920 = ORIENTED_EDGE('',*,*,#21921,.F.);
#21921 = EDGE_CURVE('',#21868,#21797,#21922,.T.);
#21922 = LINE('',#21923,#21924);
#21923 = CARTESIAN_POINT('',(7.125,2.275,0.12));
#21924 = VECTOR('',#21925,1.);
#21925 = DIRECTION('',(0.,0.,1.));
#21926 = ORIENTED_EDGE('',*,*,#21867,.F.);
#21927 = ORIENTED_EDGE('',*,*,#21928,.T.);
#21928 = EDGE_CURVE('',#21860,#21735,#21929,.T.);
#21929 = LINE('',#21930,#21931);
#21930 = CARTESIAN_POINT('',(6.875,2.275,0.12));
#21931 = VECTOR('',#21932,1.);
#21932 = DIRECTION('',(0.,0.,1.));
#21933 = ORIENTED_EDGE('',*,*,#21804,.T.);
#21934 = PLANE('',#21935);
#21935 = AXIS2_PLACEMENT_3D('',#21936,#21937,#21938);
#21936 = CARTESIAN_POINT('',(6.875,2.275,0.12));
#21937 = DIRECTION('',(-0.,1.,0.));
#21938 = DIRECTION('',(0.,0.,1.));
#21939 = ADVANCED_FACE('',(#21940),#21965,.F.);
#21940 = FACE_BOUND('',#21941,.F.);
#21941 = EDGE_LOOP('',(#21942,#21943,#21951,#21959));
#21942 = ORIENTED_EDGE('',*,*,#21899,.T.);
#21943 = ORIENTED_EDGE('',*,*,#21944,.T.);
#21944 = EDGE_CURVE('',#21892,#21945,#21947,.T.);
#21945 = VERTEX_POINT('',#21946);
#21946 = CARTESIAN_POINT('',(7.125,3.925,0.4));
#21947 = LINE('',#21948,#21949);
#21948 = CARTESIAN_POINT('',(7.125,3.925,0.));
#21949 = VECTOR('',#21950,1.);
#21950 = DIRECTION('',(0.,0.,1.));
#21951 = ORIENTED_EDGE('',*,*,#21952,.F.);
#21952 = EDGE_CURVE('',#21953,#21945,#21955,.T.);
#21953 = VERTEX_POINT('',#21954);
#21954 = CARTESIAN_POINT('',(6.875,3.925,0.4));
#21955 = LINE('',#21956,#21957);
#21956 = CARTESIAN_POINT('',(6.875,3.925,0.4));
#21957 = VECTOR('',#21958,1.);
#21958 = DIRECTION('',(1.,0.,0.));
#21959 = ORIENTED_EDGE('',*,*,#21960,.F.);
#21960 = EDGE_CURVE('',#21900,#21953,#21961,.T.);
#21961 = LINE('',#21962,#21963);
#21962 = CARTESIAN_POINT('',(6.875,3.925,0.));
#21963 = VECTOR('',#21964,1.);
#21964 = DIRECTION('',(0.,0.,1.));
#21965 = PLANE('',#21966);
#21966 = AXIS2_PLACEMENT_3D('',#21967,#21968,#21969);
#21967 = CARTESIAN_POINT('',(6.875,3.925,0.));
#21968 = DIRECTION('',(0.,-1.,0.));
#21969 = DIRECTION('',(0.,0.,1.));
#21970 = ADVANCED_FACE('',(#21971),#21996,.F.);
#21971 = FACE_BOUND('',#21972,.F.);
#21972 = EDGE_LOOP('',(#21973,#21974,#21982,#21990));
#21973 = ORIENTED_EDGE('',*,*,#21952,.T.);
#21974 = ORIENTED_EDGE('',*,*,#21975,.T.);
#21975 = EDGE_CURVE('',#21945,#21976,#21978,.T.);
#21976 = VERTEX_POINT('',#21977);
#21977 = CARTESIAN_POINT('',(7.125,2.905,0.4));
#21978 = LINE('',#21979,#21980);
#21979 = CARTESIAN_POINT('',(7.125,3.925,0.4));
#21980 = VECTOR('',#21981,1.);
#21981 = DIRECTION('',(0.,-1.,0.));
#21982 = ORIENTED_EDGE('',*,*,#21983,.F.);
#21983 = EDGE_CURVE('',#21984,#21976,#21986,.T.);
#21984 = VERTEX_POINT('',#21985);
#21985 = CARTESIAN_POINT('',(6.875,2.905,0.4));
#21986 = LINE('',#21987,#21988);
#21987 = CARTESIAN_POINT('',(6.875,2.905,0.4));
#21988 = VECTOR('',#21989,1.);
#21989 = DIRECTION('',(1.,0.,0.));
#21990 = ORIENTED_EDGE('',*,*,#21991,.F.);
#21991 = EDGE_CURVE('',#21953,#21984,#21992,.T.);
#21992 = LINE('',#21993,#21994);
#21993 = CARTESIAN_POINT('',(6.875,3.925,0.4));
#21994 = VECTOR('',#21995,1.);
#21995 = DIRECTION('',(0.,-1.,0.));
#21996 = PLANE('',#21997);
#21997 = AXIS2_PLACEMENT_3D('',#21998,#21999,#22000);
#21998 = CARTESIAN_POINT('',(6.875,3.925,0.4));
#21999 = DIRECTION('',(0.,0.,-1.));
#22000 = DIRECTION('',(0.,-1.,0.));
#22001 = ADVANCED_FACE('',(#22002),#22027,.F.);
#22002 = FACE_BOUND('',#22003,.F.);
#22003 = EDGE_LOOP('',(#22004,#22005,#22013,#22021));
#22004 = ORIENTED_EDGE('',*,*,#21983,.T.);
#22005 = ORIENTED_EDGE('',*,*,#22006,.T.);
#22006 = EDGE_CURVE('',#21976,#22007,#22009,.T.);
#22007 = VERTEX_POINT('',#22008);
#22008 = CARTESIAN_POINT('',(7.125,2.475,0.59));
#22009 = LINE('',#22010,#22011);
#22010 = CARTESIAN_POINT('',(7.125,2.905,0.4));
#22011 = VECTOR('',#22012,1.);
#22012 = DIRECTION('',(0.,-0.914686604095,0.404163848321));
#22013 = ORIENTED_EDGE('',*,*,#22014,.F.);
#22014 = EDGE_CURVE('',#22015,#22007,#22017,.T.);
#22015 = VERTEX_POINT('',#22016);
#22016 = CARTESIAN_POINT('',(6.875,2.475,0.59));
#22017 = LINE('',#22018,#22019);
#22018 = CARTESIAN_POINT('',(6.875,2.475,0.59));
#22019 = VECTOR('',#22020,1.);
#22020 = DIRECTION('',(1.,0.,0.));
#22021 = ORIENTED_EDGE('',*,*,#22022,.F.);
#22022 = EDGE_CURVE('',#21984,#22015,#22023,.T.);
#22023 = LINE('',#22024,#22025);
#22024 = CARTESIAN_POINT('',(6.875,2.905,0.4));
#22025 = VECTOR('',#22026,1.);
#22026 = DIRECTION('',(0.,-0.914686604095,0.404163848321));
#22027 = PLANE('',#22028);
#22028 = AXIS2_PLACEMENT_3D('',#22029,#22030,#22031);
#22029 = CARTESIAN_POINT('',(6.875,2.905,0.4));
#22030 = DIRECTION('',(0.,-0.404163848321,-0.914686604095));
#22031 = DIRECTION('',(0.,-0.914686604095,0.404163848321));
#22032 = ADVANCED_FACE('',(#22033),#22058,.T.);
#22033 = FACE_BOUND('',#22034,.T.);
#22034 = EDGE_LOOP('',(#22035,#22036,#22044,#22052));
#22035 = ORIENTED_EDGE('',*,*,#22014,.F.);
#22036 = ORIENTED_EDGE('',*,*,#22037,.T.);
#22037 = EDGE_CURVE('',#22015,#22038,#22040,.T.);
#22038 = VERTEX_POINT('',#22039);
#22039 = CARTESIAN_POINT('',(6.875,2.475,1.17));
#22040 = LINE('',#22041,#22042);
#22041 = CARTESIAN_POINT('',(6.875,2.475,0.12));
#22042 = VECTOR('',#22043,1.);
#22043 = DIRECTION('',(0.,0.,1.));
#22044 = ORIENTED_EDGE('',*,*,#22045,.T.);
#22045 = EDGE_CURVE('',#22038,#22046,#22048,.T.);
#22046 = VERTEX_POINT('',#22047);
#22047 = CARTESIAN_POINT('',(7.125,2.475,1.17));
#22048 = LINE('',#22049,#22050);
#22049 = CARTESIAN_POINT('',(6.875,2.475,1.17));
#22050 = VECTOR('',#22051,1.);
#22051 = DIRECTION('',(1.,0.,-0.));
#22052 = ORIENTED_EDGE('',*,*,#22053,.F.);
#22053 = EDGE_CURVE('',#22007,#22046,#22054,.T.);
#22054 = LINE('',#22055,#22056);
#22055 = CARTESIAN_POINT('',(7.125,2.475,0.12));
#22056 = VECTOR('',#22057,1.);
#22057 = DIRECTION('',(0.,0.,1.));
#22058 = PLANE('',#22059);
#22059 = AXIS2_PLACEMENT_3D('',#22060,#22061,#22062);
#22060 = CARTESIAN_POINT('',(6.875,2.475,0.12));
#22061 = DIRECTION('',(-0.,1.,0.));
#22062 = DIRECTION('',(0.,0.,1.));
#22063 = ADVANCED_FACE('',(#22064),#22089,.T.);
#22064 = FACE_BOUND('',#22065,.T.);
#22065 = EDGE_LOOP('',(#22066,#22067,#22075,#22083));
#22066 = ORIENTED_EDGE('',*,*,#21796,.F.);
#22067 = ORIENTED_EDGE('',*,*,#22068,.T.);
#22068 = EDGE_CURVE('',#21797,#22069,#22071,.T.);
#22069 = VERTEX_POINT('',#22070);
#22070 = CARTESIAN_POINT('',(7.125,2.275,0.49));
#22071 = LINE('',#22072,#22073);
#22072 = CARTESIAN_POINT('',(7.125,2.275,0.12));
#22073 = VECTOR('',#22074,1.);
#22074 = DIRECTION('',(0.,0.,1.));
#22075 = ORIENTED_EDGE('',*,*,#22076,.T.);
#22076 = EDGE_CURVE('',#22069,#22077,#22079,.T.);
#22077 = VERTEX_POINT('',#22078);
#22078 = CARTESIAN_POINT('',(7.15,2.275,0.49));
#22079 = LINE('',#22080,#22081);
#22080 = CARTESIAN_POINT('',(6.85,2.275,0.49));
#22081 = VECTOR('',#22082,1.);
#22082 = DIRECTION('',(1.,0.,-0.));
#22083 = ORIENTED_EDGE('',*,*,#22084,.F.);
#22084 = EDGE_CURVE('',#21789,#22077,#22085,.T.);
#22085 = LINE('',#22086,#22087);
#22086 = CARTESIAN_POINT('',(7.15,2.275,0.3));
#22087 = VECTOR('',#22088,1.);
#22088 = DIRECTION('',(0.,0.,1.));
#22089 = PLANE('',#22090);
#22090 = AXIS2_PLACEMENT_3D('',#22091,#22092,#22093);
#22091 = CARTESIAN_POINT('',(6.85,2.275,0.3));
#22092 = DIRECTION('',(-0.,1.,0.));
#22093 = DIRECTION('',(0.,0.,1.));
#22094 = ADVANCED_FACE('',(#22095),#22127,.T.);
#22095 = FACE_BOUND('',#22096,.T.);
#22096 = EDGE_LOOP('',(#22097,#22105,#22113,#22119,#22120,#22126));
#22097 = ORIENTED_EDGE('',*,*,#22098,.F.);
#22098 = EDGE_CURVE('',#22099,#21743,#22101,.T.);
#22099 = VERTEX_POINT('',#22100);
#22100 = CARTESIAN_POINT('',(6.85,-0.325,0.49));
#22101 = LINE('',#22102,#22103);
#22102 = CARTESIAN_POINT('',(6.85,-0.925,0.49));
#22103 = VECTOR('',#22104,1.);
#22104 = DIRECTION('',(-0.,1.,0.));
#22105 = ORIENTED_EDGE('',*,*,#22106,.T.);
#22106 = EDGE_CURVE('',#22099,#22107,#22109,.T.);
#22107 = VERTEX_POINT('',#22108);
#22108 = CARTESIAN_POINT('',(7.15,-0.325,0.49));
#22109 = LINE('',#22110,#22111);
#22110 = CARTESIAN_POINT('',(6.85,-0.325,0.49));
#22111 = VECTOR('',#22112,1.);
#22112 = DIRECTION('',(1.,0.,-0.));
#22113 = ORIENTED_EDGE('',*,*,#22114,.T.);
#22114 = EDGE_CURVE('',#22107,#22077,#22115,.T.);
#22115 = LINE('',#22116,#22117);
#22116 = CARTESIAN_POINT('',(7.15,-0.925,0.49));
#22117 = VECTOR('',#22118,1.);
#22118 = DIRECTION('',(-0.,1.,0.));
#22119 = ORIENTED_EDGE('',*,*,#22076,.F.);
#22120 = ORIENTED_EDGE('',*,*,#22121,.F.);
#22121 = EDGE_CURVE('',#21751,#22069,#22122,.T.);
#22122 = LINE('',#22123,#22124);
#22123 = CARTESIAN_POINT('',(6.85,2.275,0.49));
#22124 = VECTOR('',#22125,1.);
#22125 = DIRECTION('',(1.,0.,-0.));
#22126 = ORIENTED_EDGE('',*,*,#21750,.F.);
#22127 = PLANE('',#22128);
#22128 = AXIS2_PLACEMENT_3D('',#22129,#22130,#22131);
#22129 = CARTESIAN_POINT('',(6.85,-0.925,0.49));
#22130 = DIRECTION('',(0.,0.,1.));
#22131 = DIRECTION('',(1.,0.,-0.));
#22132 = ADVANCED_FACE('',(#22133),#22149,.F.);
#22133 = FACE_BOUND('',#22134,.F.);
#22134 = EDGE_LOOP('',(#22135,#22141,#22142,#22148));
#22135 = ORIENTED_EDGE('',*,*,#22136,.F.);
#22136 = EDGE_CURVE('',#22069,#21710,#22137,.T.);
#22137 = LINE('',#22138,#22139);
#22138 = CARTESIAN_POINT('',(7.125,2.275,0.12));
#22139 = VECTOR('',#22140,1.);
#22140 = DIRECTION('',(0.,0.,1.));
#22141 = ORIENTED_EDGE('',*,*,#22121,.F.);
#22142 = ORIENTED_EDGE('',*,*,#22143,.T.);
#22143 = EDGE_CURVE('',#21751,#21648,#22144,.T.);
#22144 = LINE('',#22145,#22146);
#22145 = CARTESIAN_POINT('',(6.875,2.275,0.12));
#22146 = VECTOR('',#22147,1.);
#22147 = DIRECTION('',(0.,0.,1.));
#22148 = ORIENTED_EDGE('',*,*,#21717,.T.);
#22149 = PLANE('',#22150);
#22150 = AXIS2_PLACEMENT_3D('',#22151,#22152,#22153);
#22151 = CARTESIAN_POINT('',(6.875,2.275,0.12));
#22152 = DIRECTION('',(-0.,1.,0.));
#22153 = DIRECTION('',(0.,0.,1.));
#22154 = ADVANCED_FACE('',(#22155),#22180,.T.);
#22155 = FACE_BOUND('',#22156,.T.);
#22156 = EDGE_LOOP('',(#22157,#22158,#22166,#22174));
#22157 = ORIENTED_EDGE('',*,*,#21709,.F.);
#22158 = ORIENTED_EDGE('',*,*,#22159,.T.);
#22159 = EDGE_CURVE('',#21710,#22160,#22162,.T.);
#22160 = VERTEX_POINT('',#22161);
#22161 = CARTESIAN_POINT('',(7.125,2.275,1.17));
#22162 = LINE('',#22163,#22164);
#22163 = CARTESIAN_POINT('',(7.125,2.275,0.12));
#22164 = VECTOR('',#22165,1.);
#22165 = DIRECTION('',(0.,0.,1.));
#22166 = ORIENTED_EDGE('',*,*,#22167,.T.);
#22167 = EDGE_CURVE('',#22160,#22168,#22170,.T.);
#22168 = VERTEX_POINT('',#22169);
#22169 = CARTESIAN_POINT('',(7.15,2.275,1.17));
#22170 = LINE('',#22171,#22172);
#22171 = CARTESIAN_POINT('',(6.85,2.275,1.17));
#22172 = VECTOR('',#22173,1.);
#22173 = DIRECTION('',(1.,0.,-0.));
#22174 = ORIENTED_EDGE('',*,*,#22175,.F.);
#22175 = EDGE_CURVE('',#21702,#22168,#22176,.T.);
#22176 = LINE('',#22177,#22178);
#22177 = CARTESIAN_POINT('',(7.15,2.275,0.86));
#22178 = VECTOR('',#22179,1.);
#22179 = DIRECTION('',(0.,0.,1.));
#22180 = PLANE('',#22181);
#22181 = AXIS2_PLACEMENT_3D('',#22182,#22183,#22184);
#22182 = CARTESIAN_POINT('',(6.85,2.275,0.86));
#22183 = DIRECTION('',(-0.,1.,0.));
#22184 = DIRECTION('',(0.,0.,1.));
#22185 = ADVANCED_FACE('',(#22186),#22204,.F.);
#22186 = FACE_BOUND('',#22187,.F.);
#22187 = EDGE_LOOP('',(#22188,#22196,#22197,#22198));
#22188 = ORIENTED_EDGE('',*,*,#22189,.F.);
#22189 = EDGE_CURVE('',#21686,#22190,#22192,.T.);
#22190 = VERTEX_POINT('',#22191);
#22191 = CARTESIAN_POINT('',(6.85,-0.6,1.17));
#22192 = LINE('',#22193,#22194);
#22193 = CARTESIAN_POINT('',(6.85,-0.6,0.86));
#22194 = VECTOR('',#22195,1.);
#22195 = DIRECTION('',(0.,0.,1.));
#22196 = ORIENTED_EDGE('',*,*,#21685,.T.);
#22197 = ORIENTED_EDGE('',*,*,#21655,.T.);
#22198 = ORIENTED_EDGE('',*,*,#22199,.F.);
#22199 = EDGE_CURVE('',#22190,#21656,#22200,.T.);
#22200 = LINE('',#22201,#22202);
#22201 = CARTESIAN_POINT('',(6.85,-0.6,1.17));
#22202 = VECTOR('',#22203,1.);
#22203 = DIRECTION('',(-0.,1.,0.));
#22204 = PLANE('',#22205);
#22205 = AXIS2_PLACEMENT_3D('',#22206,#22207,#22208);
#22206 = CARTESIAN_POINT('',(6.85,-0.6,0.86));
#22207 = DIRECTION('',(1.,0.,-0.));
#22208 = DIRECTION('',(0.,0.,1.));
#22209 = ADVANCED_FACE('',(#22210),#22228,.T.);
#22210 = FACE_BOUND('',#22211,.T.);
#22211 = EDGE_LOOP('',(#22212,#22220,#22221,#22222));
#22212 = ORIENTED_EDGE('',*,*,#22213,.F.);
#22213 = EDGE_CURVE('',#21694,#22214,#22216,.T.);
#22214 = VERTEX_POINT('',#22215);
#22215 = CARTESIAN_POINT('',(7.15,-0.6,1.17));
#22216 = LINE('',#22217,#22218);
#22217 = CARTESIAN_POINT('',(7.15,-0.6,0.86));
#22218 = VECTOR('',#22219,1.);
#22219 = DIRECTION('',(0.,0.,1.));
#22220 = ORIENTED_EDGE('',*,*,#21701,.T.);
#22221 = ORIENTED_EDGE('',*,*,#22175,.T.);
#22222 = ORIENTED_EDGE('',*,*,#22223,.F.);
#22223 = EDGE_CURVE('',#22214,#22168,#22224,.T.);
#22224 = LINE('',#22225,#22226);
#22225 = CARTESIAN_POINT('',(7.15,-0.6,1.17));
#22226 = VECTOR('',#22227,1.);
#22227 = DIRECTION('',(-0.,1.,0.));
#22228 = PLANE('',#22229);
#22229 = AXIS2_PLACEMENT_3D('',#22230,#22231,#22232);
#22230 = CARTESIAN_POINT('',(7.15,-0.6,0.86));
#22231 = DIRECTION('',(1.,0.,-0.));
#22232 = DIRECTION('',(0.,0.,1.));
#22233 = ADVANCED_FACE('',(#22234),#22259,.T.);
#22234 = FACE_BOUND('',#22235,.T.);
#22235 = EDGE_LOOP('',(#22236,#22237,#22245,#22253));
#22236 = ORIENTED_EDGE('',*,*,#22106,.F.);
#22237 = ORIENTED_EDGE('',*,*,#22238,.T.);
#22238 = EDGE_CURVE('',#22099,#22239,#22241,.T.);
#22239 = VERTEX_POINT('',#22240);
#22240 = CARTESIAN_POINT('',(6.85,-0.325,0.8));
#22241 = LINE('',#22242,#22243);
#22242 = CARTESIAN_POINT('',(6.85,-0.325,0.49));
#22243 = VECTOR('',#22244,1.);
#22244 = DIRECTION('',(0.,0.,1.));
#22245 = ORIENTED_EDGE('',*,*,#22246,.T.);
#22246 = EDGE_CURVE('',#22239,#22247,#22249,.T.);
#22247 = VERTEX_POINT('',#22248);
#22248 = CARTESIAN_POINT('',(7.15,-0.325,0.8));
#22249 = LINE('',#22250,#22251);
#22250 = CARTESIAN_POINT('',(6.85,-0.325,0.8));
#22251 = VECTOR('',#22252,1.);
#22252 = DIRECTION('',(1.,0.,-0.));
#22253 = ORIENTED_EDGE('',*,*,#22254,.F.);
#22254 = EDGE_CURVE('',#22107,#22247,#22255,.T.);
#22255 = LINE('',#22256,#22257);
#22256 = CARTESIAN_POINT('',(7.15,-0.325,0.49));
#22257 = VECTOR('',#22258,1.);
#22258 = DIRECTION('',(0.,0.,1.));
#22259 = PLANE('',#22260);
#22260 = AXIS2_PLACEMENT_3D('',#22261,#22262,#22263);
#22261 = CARTESIAN_POINT('',(6.85,-0.325,0.49));
#22262 = DIRECTION('',(-0.,1.,0.));
#22263 = DIRECTION('',(0.,0.,1.));
#22264 = ADVANCED_FACE('',(#22265),#22276,.F.);
#22265 = FACE_BOUND('',#22266,.F.);
#22266 = EDGE_LOOP('',(#22267,#22268,#22269,#22275));
#22267 = ORIENTED_EDGE('',*,*,#21693,.F.);
#22268 = ORIENTED_EDGE('',*,*,#22189,.T.);
#22269 = ORIENTED_EDGE('',*,*,#22270,.T.);
#22270 = EDGE_CURVE('',#22190,#22214,#22271,.T.);
#22271 = LINE('',#22272,#22273);
#22272 = CARTESIAN_POINT('',(6.85,-0.6,1.17));
#22273 = VECTOR('',#22274,1.);
#22274 = DIRECTION('',(1.,0.,-0.));
#22275 = ORIENTED_EDGE('',*,*,#22213,.F.);
#22276 = PLANE('',#22277);
#22277 = AXIS2_PLACEMENT_3D('',#22278,#22279,#22280);
#22278 = CARTESIAN_POINT('',(6.85,-0.6,0.86));
#22279 = DIRECTION('',(-0.,1.,0.));
#22280 = DIRECTION('',(0.,0.,1.));
#22281 = ADVANCED_FACE('',(#22282),#22307,.T.);
#22282 = FACE_BOUND('',#22283,.T.);
#22283 = EDGE_LOOP('',(#22284,#22292,#22300,#22306));
#22284 = ORIENTED_EDGE('',*,*,#22285,.F.);
#22285 = EDGE_CURVE('',#22286,#22239,#22288,.T.);
#22286 = VERTEX_POINT('',#22287);
#22287 = CARTESIAN_POINT('',(6.85,-0.925,0.8));
#22288 = LINE('',#22289,#22290);
#22289 = CARTESIAN_POINT('',(6.85,-0.925,0.8));
#22290 = VECTOR('',#22291,1.);
#22291 = DIRECTION('',(-0.,1.,0.));
#22292 = ORIENTED_EDGE('',*,*,#22293,.T.);
#22293 = EDGE_CURVE('',#22286,#22294,#22296,.T.);
#22294 = VERTEX_POINT('',#22295);
#22295 = CARTESIAN_POINT('',(7.15,-0.925,0.8));
#22296 = LINE('',#22297,#22298);
#22297 = CARTESIAN_POINT('',(6.85,-0.925,0.8));
#22298 = VECTOR('',#22299,1.);
#22299 = DIRECTION('',(1.,0.,-0.));
#22300 = ORIENTED_EDGE('',*,*,#22301,.T.);
#22301 = EDGE_CURVE('',#22294,#22247,#22302,.T.);
#22302 = LINE('',#22303,#22304);
#22303 = CARTESIAN_POINT('',(7.15,-0.925,0.8));
#22304 = VECTOR('',#22305,1.);
#22305 = DIRECTION('',(-0.,1.,0.));
#22306 = ORIENTED_EDGE('',*,*,#22246,.F.);
#22307 = PLANE('',#22308);
#22308 = AXIS2_PLACEMENT_3D('',#22309,#22310,#22311);
#22309 = CARTESIAN_POINT('',(6.85,-0.925,0.8));
#22310 = DIRECTION('',(0.,0.,1.));
#22311 = DIRECTION('',(1.,0.,-0.));
#22312 = ADVANCED_FACE('',(#22313),#22332,.T.);
#22313 = FACE_BOUND('',#22314,.T.);
#22314 = EDGE_LOOP('',(#22315,#22316,#22317,#22318,#22319,#22320,#22321,
    #22327,#22328,#22329,#22330,#22331));
#22315 = ORIENTED_EDGE('',*,*,#21845,.F.);
#22316 = ORIENTED_EDGE('',*,*,#21859,.F.);
#22317 = ORIENTED_EDGE('',*,*,#21928,.T.);
#22318 = ORIENTED_EDGE('',*,*,#21758,.T.);
#22319 = ORIENTED_EDGE('',*,*,#22143,.T.);
#22320 = ORIENTED_EDGE('',*,*,#21671,.T.);
#22321 = ORIENTED_EDGE('',*,*,#22322,.T.);
#22322 = EDGE_CURVE('',#21664,#22038,#22323,.T.);
#22323 = LINE('',#22324,#22325);
#22324 = CARTESIAN_POINT('',(6.875,2.275,1.17));
#22325 = VECTOR('',#22326,1.);
#22326 = DIRECTION('',(-0.,1.,0.));
#22327 = ORIENTED_EDGE('',*,*,#22037,.F.);
#22328 = ORIENTED_EDGE('',*,*,#22022,.F.);
#22329 = ORIENTED_EDGE('',*,*,#21991,.F.);
#22330 = ORIENTED_EDGE('',*,*,#21960,.F.);
#22331 = ORIENTED_EDGE('',*,*,#21907,.F.);
#22332 = PLANE('',#22333);
#22333 = AXIS2_PLACEMENT_3D('',#22334,#22335,#22336);
#22334 = CARTESIAN_POINT('',(6.875,2.928538891724,0.406031440384));
#22335 = DIRECTION('',(-1.,-0.,-0.));
#22336 = DIRECTION('',(0.,0.,-1.));
#22337 = ADVANCED_FACE('',(#22338),#22357,.T.);
#22338 = FACE_BOUND('',#22339,.T.);
#22339 = EDGE_LOOP('',(#22340,#22341,#22342,#22343,#22344,#22345,#22346,
    #22352,#22353,#22354,#22355,#22356));
#22340 = ORIENTED_EDGE('',*,*,#21829,.T.);
#22341 = ORIENTED_EDGE('',*,*,#21891,.T.);
#22342 = ORIENTED_EDGE('',*,*,#21944,.T.);
#22343 = ORIENTED_EDGE('',*,*,#21975,.T.);
#22344 = ORIENTED_EDGE('',*,*,#22006,.T.);
#22345 = ORIENTED_EDGE('',*,*,#22053,.T.);
#22346 = ORIENTED_EDGE('',*,*,#22347,.F.);
#22347 = EDGE_CURVE('',#22160,#22046,#22348,.T.);
#22348 = LINE('',#22349,#22350);
#22349 = CARTESIAN_POINT('',(7.125,2.275,1.17));
#22350 = VECTOR('',#22351,1.);
#22351 = DIRECTION('',(-0.,1.,0.));
#22352 = ORIENTED_EDGE('',*,*,#22159,.F.);
#22353 = ORIENTED_EDGE('',*,*,#22136,.F.);
#22354 = ORIENTED_EDGE('',*,*,#22068,.F.);
#22355 = ORIENTED_EDGE('',*,*,#21921,.F.);
#22356 = ORIENTED_EDGE('',*,*,#21875,.T.);
#22357 = PLANE('',#22358);
#22358 = AXIS2_PLACEMENT_3D('',#22359,#22360,#22361);
#22359 = CARTESIAN_POINT('',(7.125,2.928538891724,0.406031440384));
#22360 = DIRECTION('',(1.,0.,0.));
#22361 = DIRECTION('',(-0.,0.,1.));
#22362 = ADVANCED_FACE('',(#22363),#22373,.T.);
#22363 = FACE_BOUND('',#22364,.T.);
#22364 = EDGE_LOOP('',(#22365,#22366,#22367,#22368,#22369,#22370,#22371,
    #22372));
#22365 = ORIENTED_EDGE('',*,*,#22322,.F.);
#22366 = ORIENTED_EDGE('',*,*,#21663,.F.);
#22367 = ORIENTED_EDGE('',*,*,#22199,.F.);
#22368 = ORIENTED_EDGE('',*,*,#22270,.T.);
#22369 = ORIENTED_EDGE('',*,*,#22223,.T.);
#22370 = ORIENTED_EDGE('',*,*,#22167,.F.);
#22371 = ORIENTED_EDGE('',*,*,#22347,.T.);
#22372 = ORIENTED_EDGE('',*,*,#22045,.F.);
#22373 = PLANE('',#22374);
#22374 = AXIS2_PLACEMENT_3D('',#22375,#22376,#22377);
#22375 = CARTESIAN_POINT('',(7.,0.936018518519,1.17));
#22376 = DIRECTION('',(0.,0.,1.));
#22377 = DIRECTION('',(1.,0.,-0.));
#22378 = ADVANCED_FACE('',(#22379),#22392,.T.);
#22379 = FACE_BOUND('',#22380,.T.);
#22380 = EDGE_LOOP('',(#22381,#22387,#22388,#22389,#22390,#22391));
#22381 = ORIENTED_EDGE('',*,*,#22382,.T.);
#22382 = EDGE_CURVE('',#21773,#22286,#22383,.T.);
#22383 = LINE('',#22384,#22385);
#22384 = CARTESIAN_POINT('',(6.85,-0.925,0.3));
#22385 = VECTOR('',#22386,1.);
#22386 = DIRECTION('',(0.,0.,1.));
#22387 = ORIENTED_EDGE('',*,*,#22285,.T.);
#22388 = ORIENTED_EDGE('',*,*,#22238,.F.);
#22389 = ORIENTED_EDGE('',*,*,#22098,.T.);
#22390 = ORIENTED_EDGE('',*,*,#21742,.F.);
#22391 = ORIENTED_EDGE('',*,*,#21772,.F.);
#22392 = PLANE('',#22393);
#22393 = AXIS2_PLACEMENT_3D('',#22394,#22395,#22396);
#22394 = CARTESIAN_POINT('',(6.85,0.566081081081,0.441081081081));
#22395 = DIRECTION('',(-1.,-0.,-0.));
#22396 = DIRECTION('',(0.,0.,-1.));
#22397 = ADVANCED_FACE('',(#22398),#22411,.T.);
#22398 = FACE_BOUND('',#22399,.T.);
#22399 = EDGE_LOOP('',(#22400,#22401,#22402,#22403,#22404,#22405));
#22400 = ORIENTED_EDGE('',*,*,#21788,.T.);
#22401 = ORIENTED_EDGE('',*,*,#22084,.T.);
#22402 = ORIENTED_EDGE('',*,*,#22114,.F.);
#22403 = ORIENTED_EDGE('',*,*,#22254,.T.);
#22404 = ORIENTED_EDGE('',*,*,#22301,.F.);
#22405 = ORIENTED_EDGE('',*,*,#22406,.F.);
#22406 = EDGE_CURVE('',#21781,#22294,#22407,.T.);
#22407 = LINE('',#22408,#22409);
#22408 = CARTESIAN_POINT('',(7.15,-0.925,0.49));
#22409 = VECTOR('',#22410,1.);
#22410 = DIRECTION('',(0.,0.,1.));
#22411 = PLANE('',#22412);
#22412 = AXIS2_PLACEMENT_3D('',#22413,#22414,#22415);
#22413 = CARTESIAN_POINT('',(7.15,0.566081081081,0.441081081081));
#22414 = DIRECTION('',(1.,0.,0.));
#22415 = DIRECTION('',(-0.,0.,1.));
#22416 = ADVANCED_FACE('',(#22417),#22423,.T.);
#22417 = FACE_BOUND('',#22418,.T.);
#22418 = EDGE_LOOP('',(#22419,#22420,#22421,#22422));
#22419 = ORIENTED_EDGE('',*,*,#21780,.T.);
#22420 = ORIENTED_EDGE('',*,*,#22406,.T.);
#22421 = ORIENTED_EDGE('',*,*,#22293,.F.);
#22422 = ORIENTED_EDGE('',*,*,#22382,.F.);
#22423 = PLANE('',#22424);
#22424 = AXIS2_PLACEMENT_3D('',#22425,#22426,#22427);
#22425 = CARTESIAN_POINT('',(7.,-0.925,0.55));
#22426 = DIRECTION('',(-0.,-1.,-0.));
#22427 = DIRECTION('',(0.,0.,-1.));
#22428 = ( GEOMETRIC_REPRESENTATION_CONTEXT(3) 
GLOBAL_UNCERTAINTY_ASSIGNED_CONTEXT((#22432)) 
GLOBAL_UNIT_ASSIGNED_CONTEXT((#22429,#22430,#22431)) 
REPRESENTATION_CONTEXT('Context #1',
  '3D Context with UNIT and UNCERTAINTY') );
#22429 = ( LENGTH_UNIT() NAMED_UNIT(*) SI_UNIT(.MILLI.,.METRE.) );
#22430 = ( NAMED_UNIT(*) PLANE_ANGLE_UNIT() SI_UNIT($,.RADIAN.) );
#22431 = ( NAMED_UNIT(*) SI_UNIT($,.STERADIAN.) SOLID_ANGLE_UNIT() );
#22432 = UNCERTAINTY_MEASURE_WITH_UNIT(LENGTH_MEASURE(1.E-07),#22429,
  'distance_accuracy_value','confusion accuracy');
#22433 = CONTEXT_DEPENDENT_SHAPE_REPRESENTATION(#22434,#22436);
#22434 = ( REPRESENTATION_RELATIONSHIP('','',#10592,#10) 
REPRESENTATION_RELATIONSHIP_WITH_TRANSFORMATION(#22435) 
SHAPE_REPRESENTATION_RELATIONSHIP() );
#22435 = ITEM_DEFINED_TRANSFORMATION('','',#11,#23);
#22436 = PRODUCT_DEFINITION_SHAPE('Placement','Placement of an item',
  #22437);
#22437 = NEXT_ASSEMBLY_USAGE_OCCURRENCE('3','terminals','',#5,#10587,$);
#22438 = PRODUCT_RELATED_PRODUCT_CATEGORY('part',$,(#10589));
#22439 = SHAPE_DEFINITION_REPRESENTATION(#22440,#22446);
#22440 = PRODUCT_DEFINITION_SHAPE('','',#22441);
#22441 = PRODUCT_DEFINITION('design','',#22442,#22445);
#22442 = PRODUCT_DEFINITION_FORMATION('','',#22443);
#22443 = PRODUCT('nails','nails','',(#22444));
#22444 = PRODUCT_CONTEXT('',#2,'mechanical');
#22445 = PRODUCT_DEFINITION_CONTEXT('part definition',#2,'design');
#22446 = SHAPE_REPRESENTATION('',(#11,#22447,#22729),#23011);
#22447 = MANIFOLD_SOLID_BREP('',#22448);
#22448 = CLOSED_SHELL('',(#22449,#22505,#22536,#22560,#22600,#22624,
    #22648,#22679,#22696,#22715));
#22449 = ADVANCED_FACE('',(#22450),#22500,.F.);
#22450 = FACE_BOUND('',#22451,.F.);
#22451 = EDGE_LOOP('',(#22452,#22462,#22470,#22478,#22486,#22494));
#22452 = ORIENTED_EDGE('',*,*,#22453,.F.);
#22453 = EDGE_CURVE('',#22454,#22456,#22458,.T.);
#22454 = VERTEX_POINT('',#22455);
#22455 = CARTESIAN_POINT('',(-8.6,-7.5E-02,2.2));
#22456 = VERTEX_POINT('',#22457);
#22457 = CARTESIAN_POINT('',(-8.6,2.475,2.2));
#22458 = LINE('',#22459,#22460);
#22459 = CARTESIAN_POINT('',(-8.6,-7.5E-02,2.2));
#22460 = VECTOR('',#22461,1.);
#22461 = DIRECTION('',(-0.,1.,0.));
#22462 = ORIENTED_EDGE('',*,*,#22463,.F.);
#22463 = EDGE_CURVE('',#22464,#22454,#22466,.T.);
#22464 = VERTEX_POINT('',#22465);
#22465 = CARTESIAN_POINT('',(-8.6,-7.5E-02,0.));
#22466 = LINE('',#22467,#22468);
#22467 = CARTESIAN_POINT('',(-8.6,-7.5E-02,0.));
#22468 = VECTOR('',#22469,1.);
#22469 = DIRECTION('',(0.,0.,1.));
#22470 = ORIENTED_EDGE('',*,*,#22471,.T.);
#22471 = EDGE_CURVE('',#22464,#22472,#22474,.T.);
#22472 = VERTEX_POINT('',#22473);
#22473 = CARTESIAN_POINT('',(-8.6,-4.5E-02,0.));
#22474 = LINE('',#22475,#22476);
#22475 = CARTESIAN_POINT('',(-8.6,-7.5E-02,0.));
#22476 = VECTOR('',#22477,1.);
#22477 = DIRECTION('',(-0.,1.,0.));
#22478 = ORIENTED_EDGE('',*,*,#22479,.T.);
#22479 = EDGE_CURVE('',#22472,#22480,#22482,.T.);
#22480 = VERTEX_POINT('',#22481);
#22481 = CARTESIAN_POINT('',(-8.6,-4.5E-02,0.15));
#22482 = LINE('',#22483,#22484);
#22483 = CARTESIAN_POINT('',(-8.6,-4.5E-02,0.));
#22484 = VECTOR('',#22485,1.);
#22485 = DIRECTION('',(0.,0.,1.));
#22486 = ORIENTED_EDGE('',*,*,#22487,.F.);
#22487 = EDGE_CURVE('',#22488,#22480,#22490,.T.);
#22488 = VERTEX_POINT('',#22489);
#22489 = CARTESIAN_POINT('',(-8.6,2.475,0.15));
#22490 = LINE('',#22491,#22492);
#22491 = CARTESIAN_POINT('',(-8.6,-6.E-02,0.15));
#22492 = VECTOR('',#22493,1.);
#22493 = DIRECTION('',(0.,-1.,0.));
#22494 = ORIENTED_EDGE('',*,*,#22495,.T.);
#22495 = EDGE_CURVE('',#22488,#22456,#22496,.T.);
#22496 = LINE('',#22497,#22498);
#22497 = CARTESIAN_POINT('',(-8.6,2.475,0.));
#22498 = VECTOR('',#22499,1.);
#22499 = DIRECTION('',(0.,0.,1.));
#22500 = PLANE('',#22501);
#22501 = AXIS2_PLACEMENT_3D('',#22502,#22503,#22504);
#22502 = CARTESIAN_POINT('',(-8.6,-7.5E-02,0.));
#22503 = DIRECTION('',(1.,0.,-0.));
#22504 = DIRECTION('',(0.,0.,1.));
#22505 = ADVANCED_FACE('',(#22506),#22531,.T.);
#22506 = FACE_BOUND('',#22507,.T.);
#22507 = EDGE_LOOP('',(#22508,#22509,#22517,#22525));
#22508 = ORIENTED_EDGE('',*,*,#22453,.F.);
#22509 = ORIENTED_EDGE('',*,*,#22510,.T.);
#22510 = EDGE_CURVE('',#22454,#22511,#22513,.T.);
#22511 = VERTEX_POINT('',#22512);
#22512 = CARTESIAN_POINT('',(-8.33,-7.5E-02,2.2));
#22513 = LINE('',#22514,#22515);
#22514 = CARTESIAN_POINT('',(-8.6,-7.5E-02,2.2));
#22515 = VECTOR('',#22516,1.);
#22516 = DIRECTION('',(1.,0.,-0.));
#22517 = ORIENTED_EDGE('',*,*,#22518,.T.);
#22518 = EDGE_CURVE('',#22511,#22519,#22521,.T.);
#22519 = VERTEX_POINT('',#22520);
#22520 = CARTESIAN_POINT('',(-8.33,2.475,2.2));
#22521 = LINE('',#22522,#22523);
#22522 = CARTESIAN_POINT('',(-8.33,-7.5E-02,2.2));
#22523 = VECTOR('',#22524,1.);
#22524 = DIRECTION('',(-0.,1.,0.));
#22525 = ORIENTED_EDGE('',*,*,#22526,.F.);
#22526 = EDGE_CURVE('',#22456,#22519,#22527,.T.);
#22527 = LINE('',#22528,#22529);
#22528 = CARTESIAN_POINT('',(-8.6,2.475,2.2));
#22529 = VECTOR('',#22530,1.);
#22530 = DIRECTION('',(1.,0.,-0.));
#22531 = PLANE('',#22532);
#22532 = AXIS2_PLACEMENT_3D('',#22533,#22534,#22535);
#22533 = CARTESIAN_POINT('',(-8.6,-7.5E-02,2.2));
#22534 = DIRECTION('',(0.,0.,1.));
#22535 = DIRECTION('',(1.,0.,-0.));
#22536 = ADVANCED_FACE('',(#22537),#22555,.T.);
#22537 = FACE_BOUND('',#22538,.T.);
#22538 = EDGE_LOOP('',(#22539,#22547,#22548,#22549));
#22539 = ORIENTED_EDGE('',*,*,#22540,.F.);
#22540 = EDGE_CURVE('',#22488,#22541,#22543,.T.);
#22541 = VERTEX_POINT('',#22542);
#22542 = CARTESIAN_POINT('',(-8.33,2.475,0.15));
#22543 = LINE('',#22544,#22545);
#22544 = CARTESIAN_POINT('',(-9.31,2.475,0.15));
#22545 = VECTOR('',#22546,1.);
#22546 = DIRECTION('',(1.,0.,-0.));
#22547 = ORIENTED_EDGE('',*,*,#22495,.T.);
#22548 = ORIENTED_EDGE('',*,*,#22526,.T.);
#22549 = ORIENTED_EDGE('',*,*,#22550,.F.);
#22550 = EDGE_CURVE('',#22541,#22519,#22551,.T.);
#22551 = LINE('',#22552,#22553);
#22552 = CARTESIAN_POINT('',(-8.33,2.475,0.));
#22553 = VECTOR('',#22554,1.);
#22554 = DIRECTION('',(0.,0.,1.));
#22555 = PLANE('',#22556);
#22556 = AXIS2_PLACEMENT_3D('',#22557,#22558,#22559);
#22557 = CARTESIAN_POINT('',(-8.6,2.475,0.));
#22558 = DIRECTION('',(-0.,1.,0.));
#22559 = DIRECTION('',(0.,0.,1.));
#22560 = ADVANCED_FACE('',(#22561),#22595,.T.);
#22561 = FACE_BOUND('',#22562,.T.);
#22562 = EDGE_LOOP('',(#22563,#22573,#22581,#22587,#22588,#22589));
#22563 = ORIENTED_EDGE('',*,*,#22564,.F.);
#22564 = EDGE_CURVE('',#22565,#22567,#22569,.T.);
#22565 = VERTEX_POINT('',#22566);
#22566 = CARTESIAN_POINT('',(-10.02,2.495,0.15));
#22567 = VERTEX_POINT('',#22568);
#22568 = CARTESIAN_POINT('',(-8.33,2.495,0.15));
#22569 = LINE('',#22570,#22571);
#22570 = CARTESIAN_POINT('',(-10.02,2.495,0.15));
#22571 = VECTOR('',#22572,1.);
#22572 = DIRECTION('',(1.,0.,-0.));
#22573 = ORIENTED_EDGE('',*,*,#22574,.F.);
#22574 = EDGE_CURVE('',#22575,#22565,#22577,.T.);
#22575 = VERTEX_POINT('',#22576);
#22576 = CARTESIAN_POINT('',(-10.02,-4.5E-02,0.15));
#22577 = LINE('',#22578,#22579);
#22578 = CARTESIAN_POINT('',(-10.02,-4.5E-02,0.15));
#22579 = VECTOR('',#22580,1.);
#22580 = DIRECTION('',(-0.,1.,0.));
#22581 = ORIENTED_EDGE('',*,*,#22582,.T.);
#22582 = EDGE_CURVE('',#22575,#22480,#22583,.T.);
#22583 = LINE('',#22584,#22585);
#22584 = CARTESIAN_POINT('',(-10.02,-4.5E-02,0.15));
#22585 = VECTOR('',#22586,1.);
#22586 = DIRECTION('',(1.,0.,-0.));
#22587 = ORIENTED_EDGE('',*,*,#22487,.F.);
#22588 = ORIENTED_EDGE('',*,*,#22540,.T.);
#22589 = ORIENTED_EDGE('',*,*,#22590,.T.);
#22590 = EDGE_CURVE('',#22541,#22567,#22591,.T.);
#22591 = LINE('',#22592,#22593);
#22592 = CARTESIAN_POINT('',(-8.33,-4.5E-02,0.15));
#22593 = VECTOR('',#22594,1.);
#22594 = DIRECTION('',(-0.,1.,0.));
#22595 = PLANE('',#22596);
#22596 = AXIS2_PLACEMENT_3D('',#22597,#22598,#22599);
#22597 = CARTESIAN_POINT('',(-10.02,-4.5E-02,0.15));
#22598 = DIRECTION('',(0.,0.,1.));
#22599 = DIRECTION('',(1.,0.,-0.));
#22600 = ADVANCED_FACE('',(#22601),#22619,.F.);
#22601 = FACE_BOUND('',#22602,.F.);
#22602 = EDGE_LOOP('',(#22603,#22611,#22617,#22618));
#22603 = ORIENTED_EDGE('',*,*,#22604,.F.);
#22604 = EDGE_CURVE('',#22605,#22472,#22607,.T.);
#22605 = VERTEX_POINT('',#22606);
#22606 = CARTESIAN_POINT('',(-10.02,-4.5E-02,0.));
#22607 = LINE('',#22608,#22609);
#22608 = CARTESIAN_POINT('',(-10.02,-4.5E-02,0.));
#22609 = VECTOR('',#22610,1.);
#22610 = DIRECTION('',(1.,0.,-0.));
#22611 = ORIENTED_EDGE('',*,*,#22612,.T.);
#22612 = EDGE_CURVE('',#22605,#22575,#22613,.T.);
#22613 = LINE('',#22614,#22615);
#22614 = CARTESIAN_POINT('',(-10.02,-4.5E-02,0.));
#22615 = VECTOR('',#22616,1.);
#22616 = DIRECTION('',(0.,0.,1.));
#22617 = ORIENTED_EDGE('',*,*,#22582,.T.);
#22618 = ORIENTED_EDGE('',*,*,#22479,.F.);
#22619 = PLANE('',#22620);
#22620 = AXIS2_PLACEMENT_3D('',#22621,#22622,#22623);
#22621 = CARTESIAN_POINT('',(-10.02,-4.5E-02,0.));
#22622 = DIRECTION('',(-0.,1.,0.));
#22623 = DIRECTION('',(0.,0.,1.));
#22624 = ADVANCED_FACE('',(#22625),#22643,.F.);
#22625 = FACE_BOUND('',#22626,.F.);
#22626 = EDGE_LOOP('',(#22627,#22635,#22636,#22637));
#22627 = ORIENTED_EDGE('',*,*,#22628,.F.);
#22628 = EDGE_CURVE('',#22464,#22629,#22631,.T.);
#22629 = VERTEX_POINT('',#22630);
#22630 = CARTESIAN_POINT('',(-8.33,-7.5E-02,0.));
#22631 = LINE('',#22632,#22633);
#22632 = CARTESIAN_POINT('',(-8.6,-7.5E-02,0.));
#22633 = VECTOR('',#22634,1.);
#22634 = DIRECTION('',(1.,0.,-0.));
#22635 = ORIENTED_EDGE('',*,*,#22463,.T.);
#22636 = ORIENTED_EDGE('',*,*,#22510,.T.);
#22637 = ORIENTED_EDGE('',*,*,#22638,.F.);
#22638 = EDGE_CURVE('',#22629,#22511,#22639,.T.);
#22639 = LINE('',#22640,#22641);
#22640 = CARTESIAN_POINT('',(-8.33,-7.5E-02,0.));
#22641 = VECTOR('',#22642,1.);
#22642 = DIRECTION('',(0.,0.,1.));
#22643 = PLANE('',#22644);
#22644 = AXIS2_PLACEMENT_3D('',#22645,#22646,#22647);
#22645 = CARTESIAN_POINT('',(-8.6,-7.5E-02,0.));
#22646 = DIRECTION('',(-0.,1.,0.));
#22647 = DIRECTION('',(0.,0.,1.));
#22648 = ADVANCED_FACE('',(#22649),#22674,.T.);
#22649 = FACE_BOUND('',#22650,.T.);
#22650 = EDGE_LOOP('',(#22651,#22661,#22667,#22668));
#22651 = ORIENTED_EDGE('',*,*,#22652,.F.);
#22652 = EDGE_CURVE('',#22653,#22655,#22657,.T.);
#22653 = VERTEX_POINT('',#22654);
#22654 = CARTESIAN_POINT('',(-10.02,2.495,0.));
#22655 = VERTEX_POINT('',#22656);
#22656 = CARTESIAN_POINT('',(-8.33,2.495,0.));
#22657 = LINE('',#22658,#22659);
#22658 = CARTESIAN_POINT('',(-10.02,2.495,0.));
#22659 = VECTOR('',#22660,1.);
#22660 = DIRECTION('',(1.,0.,-0.));
#22661 = ORIENTED_EDGE('',*,*,#22662,.T.);
#22662 = EDGE_CURVE('',#22653,#22565,#22663,.T.);
#22663 = LINE('',#22664,#22665);
#22664 = CARTESIAN_POINT('',(-10.02,2.495,0.));
#22665 = VECTOR('',#22666,1.);
#22666 = DIRECTION('',(0.,0.,1.));
#22667 = ORIENTED_EDGE('',*,*,#22564,.T.);
#22668 = ORIENTED_EDGE('',*,*,#22669,.F.);
#22669 = EDGE_CURVE('',#22655,#22567,#22670,.T.);
#22670 = LINE('',#22671,#22672);
#22671 = CARTESIAN_POINT('',(-8.33,2.495,0.));
#22672 = VECTOR('',#22673,1.);
#22673 = DIRECTION('',(0.,0.,1.));
#22674 = PLANE('',#22675);
#22675 = AXIS2_PLACEMENT_3D('',#22676,#22677,#22678);
#22676 = CARTESIAN_POINT('',(-10.02,2.495,0.));
#22677 = DIRECTION('',(-0.,1.,0.));
#22678 = DIRECTION('',(0.,0.,1.));
#22679 = ADVANCED_FACE('',(#22680),#22691,.F.);
#22680 = FACE_BOUND('',#22681,.F.);
#22681 = EDGE_LOOP('',(#22682,#22683,#22689,#22690));
#22682 = ORIENTED_EDGE('',*,*,#22612,.F.);
#22683 = ORIENTED_EDGE('',*,*,#22684,.T.);
#22684 = EDGE_CURVE('',#22605,#22653,#22685,.T.);
#22685 = LINE('',#22686,#22687);
#22686 = CARTESIAN_POINT('',(-10.02,-4.5E-02,0.));
#22687 = VECTOR('',#22688,1.);
#22688 = DIRECTION('',(-0.,1.,0.));
#22689 = ORIENTED_EDGE('',*,*,#22662,.T.);
#22690 = ORIENTED_EDGE('',*,*,#22574,.F.);
#22691 = PLANE('',#22692);
#22692 = AXIS2_PLACEMENT_3D('',#22693,#22694,#22695);
#22693 = CARTESIAN_POINT('',(-10.02,-4.5E-02,0.));
#22694 = DIRECTION('',(1.,0.,-0.));
#22695 = DIRECTION('',(0.,0.,1.));
#22696 = ADVANCED_FACE('',(#22697),#22710,.T.);
#22697 = FACE_BOUND('',#22698,.T.);
#22698 = EDGE_LOOP('',(#22699,#22700,#22701,#22702,#22703,#22709));
#22699 = ORIENTED_EDGE('',*,*,#22471,.T.);
#22700 = ORIENTED_EDGE('',*,*,#22604,.F.);
#22701 = ORIENTED_EDGE('',*,*,#22684,.T.);
#22702 = ORIENTED_EDGE('',*,*,#22652,.T.);
#22703 = ORIENTED_EDGE('',*,*,#22704,.F.);
#22704 = EDGE_CURVE('',#22629,#22655,#22705,.T.);
#22705 = LINE('',#22706,#22707);
#22706 = CARTESIAN_POINT('',(-8.33,-4.5E-02,0.));
#22707 = VECTOR('',#22708,1.);
#22708 = DIRECTION('',(-0.,1.,0.));
#22709 = ORIENTED_EDGE('',*,*,#22628,.F.);
#22710 = PLANE('',#22711);
#22711 = AXIS2_PLACEMENT_3D('',#22712,#22713,#22714);
#22712 = CARTESIAN_POINT('',(-9.17,1.215,0.));
#22713 = DIRECTION('',(-0.,-0.,-1.));
#22714 = DIRECTION('',(-1.,0.,0.));
#22715 = ADVANCED_FACE('',(#22716),#22724,.T.);
#22716 = FACE_BOUND('',#22717,.T.);
#22717 = EDGE_LOOP('',(#22718,#22719,#22720,#22721,#22722,#22723));
#22718 = ORIENTED_EDGE('',*,*,#22518,.F.);
#22719 = ORIENTED_EDGE('',*,*,#22638,.F.);
#22720 = ORIENTED_EDGE('',*,*,#22704,.T.);
#22721 = ORIENTED_EDGE('',*,*,#22669,.T.);
#22722 = ORIENTED_EDGE('',*,*,#22590,.F.);
#22723 = ORIENTED_EDGE('',*,*,#22550,.T.);
#22724 = PLANE('',#22725);
#22725 = AXIS2_PLACEMENT_3D('',#22726,#22727,#22728);
#22726 = CARTESIAN_POINT('',(-8.33,1.20570230608,1.09570230608));
#22727 = DIRECTION('',(1.,0.,0.));
#22728 = DIRECTION('',(-0.,0.,1.));
#22729 = MANIFOLD_SOLID_BREP('',#22730);
#22730 = CLOSED_SHELL('',(#22731,#22771,#22802,#22833,#22866,#22906,
    #22930,#22961,#22978,#22997));
#22731 = ADVANCED_FACE('',(#22732),#22766,.T.);
#22732 = FACE_BOUND('',#22733,.T.);
#22733 = EDGE_LOOP('',(#22734,#22744,#22752,#22760));
#22734 = ORIENTED_EDGE('',*,*,#22735,.F.);
#22735 = EDGE_CURVE('',#22736,#22738,#22740,.T.);
#22736 = VERTEX_POINT('',#22737);
#22737 = CARTESIAN_POINT('',(8.33,-7.5E-02,2.2));
#22738 = VERTEX_POINT('',#22739);
#22739 = CARTESIAN_POINT('',(8.33,2.475,2.2));
#22740 = LINE('',#22741,#22742);
#22741 = CARTESIAN_POINT('',(8.33,-7.5E-02,2.2));
#22742 = VECTOR('',#22743,1.);
#22743 = DIRECTION('',(-0.,1.,0.));
#22744 = ORIENTED_EDGE('',*,*,#22745,.T.);
#22745 = EDGE_CURVE('',#22736,#22746,#22748,.T.);
#22746 = VERTEX_POINT('',#22747);
#22747 = CARTESIAN_POINT('',(8.6,-7.5E-02,2.2));
#22748 = LINE('',#22749,#22750);
#22749 = CARTESIAN_POINT('',(8.33,-7.5E-02,2.2));
#22750 = VECTOR('',#22751,1.);
#22751 = DIRECTION('',(1.,0.,-0.));
#22752 = ORIENTED_EDGE('',*,*,#22753,.T.);
#22753 = EDGE_CURVE('',#22746,#22754,#22756,.T.);
#22754 = VERTEX_POINT('',#22755);
#22755 = CARTESIAN_POINT('',(8.6,2.475,2.2));
#22756 = LINE('',#22757,#22758);
#22757 = CARTESIAN_POINT('',(8.6,-7.5E-02,2.2));
#22758 = VECTOR('',#22759,1.);
#22759 = DIRECTION('',(-0.,1.,0.));
#22760 = ORIENTED_EDGE('',*,*,#22761,.F.);
#22761 = EDGE_CURVE('',#22738,#22754,#22762,.T.);
#22762 = LINE('',#22763,#22764);
#22763 = CARTESIAN_POINT('',(8.33,2.475,2.2));
#22764 = VECTOR('',#22765,1.);
#22765 = DIRECTION('',(1.,0.,-0.));
#22766 = PLANE('',#22767);
#22767 = AXIS2_PLACEMENT_3D('',#22768,#22769,#22770);
#22768 = CARTESIAN_POINT('',(8.33,-7.5E-02,2.2));
#22769 = DIRECTION('',(0.,0.,1.));
#22770 = DIRECTION('',(1.,0.,-0.));
#22771 = ADVANCED_FACE('',(#22772),#22797,.T.);
#22772 = FACE_BOUND('',#22773,.T.);
#22773 = EDGE_LOOP('',(#22774,#22784,#22790,#22791));
#22774 = ORIENTED_EDGE('',*,*,#22775,.F.);
#22775 = EDGE_CURVE('',#22776,#22778,#22780,.T.);
#22776 = VERTEX_POINT('',#22777);
#22777 = CARTESIAN_POINT('',(8.33,2.475,0.15));
#22778 = VERTEX_POINT('',#22779);
#22779 = CARTESIAN_POINT('',(8.6,2.475,0.15));
#22780 = LINE('',#22781,#22782);
#22781 = CARTESIAN_POINT('',(8.33,2.475,0.15));
#22782 = VECTOR('',#22783,1.);
#22783 = DIRECTION('',(1.,0.,-0.));
#22784 = ORIENTED_EDGE('',*,*,#22785,.T.);
#22785 = EDGE_CURVE('',#22776,#22738,#22786,.T.);
#22786 = LINE('',#22787,#22788);
#22787 = CARTESIAN_POINT('',(8.33,2.475,0.));
#22788 = VECTOR('',#22789,1.);
#22789 = DIRECTION('',(0.,0.,1.));
#22790 = ORIENTED_EDGE('',*,*,#22761,.T.);
#22791 = ORIENTED_EDGE('',*,*,#22792,.F.);
#22792 = EDGE_CURVE('',#22778,#22754,#22793,.T.);
#22793 = LINE('',#22794,#22795);
#22794 = CARTESIAN_POINT('',(8.6,2.475,0.));
#22795 = VECTOR('',#22796,1.);
#22796 = DIRECTION('',(0.,0.,1.));
#22797 = PLANE('',#22798);
#22798 = AXIS2_PLACEMENT_3D('',#22799,#22800,#22801);
#22799 = CARTESIAN_POINT('',(8.33,2.475,0.));
#22800 = DIRECTION('',(-0.,1.,0.));
#22801 = DIRECTION('',(0.,0.,1.));
#22802 = ADVANCED_FACE('',(#22803),#22828,.F.);
#22803 = FACE_BOUND('',#22804,.F.);
#22804 = EDGE_LOOP('',(#22805,#22815,#22821,#22822));
#22805 = ORIENTED_EDGE('',*,*,#22806,.F.);
#22806 = EDGE_CURVE('',#22807,#22809,#22811,.T.);
#22807 = VERTEX_POINT('',#22808);
#22808 = CARTESIAN_POINT('',(8.33,-7.5E-02,0.));
#22809 = VERTEX_POINT('',#22810);
#22810 = CARTESIAN_POINT('',(8.6,-7.5E-02,0.));
#22811 = LINE('',#22812,#22813);
#22812 = CARTESIAN_POINT('',(8.33,-7.5E-02,0.));
#22813 = VECTOR('',#22814,1.);
#22814 = DIRECTION('',(1.,0.,-0.));
#22815 = ORIENTED_EDGE('',*,*,#22816,.T.);
#22816 = EDGE_CURVE('',#22807,#22736,#22817,.T.);
#22817 = LINE('',#22818,#22819);
#22818 = CARTESIAN_POINT('',(8.33,-7.5E-02,0.));
#22819 = VECTOR('',#22820,1.);
#22820 = DIRECTION('',(0.,0.,1.));
#22821 = ORIENTED_EDGE('',*,*,#22745,.T.);
#22822 = ORIENTED_EDGE('',*,*,#22823,.F.);
#22823 = EDGE_CURVE('',#22809,#22746,#22824,.T.);
#22824 = LINE('',#22825,#22826);
#22825 = CARTESIAN_POINT('',(8.6,-7.5E-02,0.));
#22826 = VECTOR('',#22827,1.);
#22827 = DIRECTION('',(0.,0.,1.));
#22828 = PLANE('',#22829);
#22829 = AXIS2_PLACEMENT_3D('',#22830,#22831,#22832);
#22830 = CARTESIAN_POINT('',(8.33,-7.5E-02,0.));
#22831 = DIRECTION('',(-0.,1.,0.));
#22832 = DIRECTION('',(0.,0.,1.));
#22833 = ADVANCED_FACE('',(#22834),#22861,.T.);
#22834 = FACE_BOUND('',#22835,.T.);
#22835 = EDGE_LOOP('',(#22836,#22837,#22838,#22846,#22854,#22860));
#22836 = ORIENTED_EDGE('',*,*,#22753,.F.);
#22837 = ORIENTED_EDGE('',*,*,#22823,.F.);
#22838 = ORIENTED_EDGE('',*,*,#22839,.T.);
#22839 = EDGE_CURVE('',#22809,#22840,#22842,.T.);
#22840 = VERTEX_POINT('',#22841);
#22841 = CARTESIAN_POINT('',(8.6,-4.5E-02,0.));
#22842 = LINE('',#22843,#22844);
#22843 = CARTESIAN_POINT('',(8.6,-7.5E-02,0.));
#22844 = VECTOR('',#22845,1.);
#22845 = DIRECTION('',(-0.,1.,0.));
#22846 = ORIENTED_EDGE('',*,*,#22847,.T.);
#22847 = EDGE_CURVE('',#22840,#22848,#22850,.T.);
#22848 = VERTEX_POINT('',#22849);
#22849 = CARTESIAN_POINT('',(8.6,-4.5E-02,0.15));
#22850 = LINE('',#22851,#22852);
#22851 = CARTESIAN_POINT('',(8.6,-4.5E-02,0.));
#22852 = VECTOR('',#22853,1.);
#22853 = DIRECTION('',(0.,0.,1.));
#22854 = ORIENTED_EDGE('',*,*,#22855,.F.);
#22855 = EDGE_CURVE('',#22778,#22848,#22856,.T.);
#22856 = LINE('',#22857,#22858);
#22857 = CARTESIAN_POINT('',(8.6,-6.E-02,0.15));
#22858 = VECTOR('',#22859,1.);
#22859 = DIRECTION('',(0.,-1.,0.));
#22860 = ORIENTED_EDGE('',*,*,#22792,.T.);
#22861 = PLANE('',#22862);
#22862 = AXIS2_PLACEMENT_3D('',#22863,#22864,#22865);
#22863 = CARTESIAN_POINT('',(8.6,-7.5E-02,0.));
#22864 = DIRECTION('',(1.,0.,-0.));
#22865 = DIRECTION('',(0.,0.,1.));
#22866 = ADVANCED_FACE('',(#22867),#22901,.T.);
#22867 = FACE_BOUND('',#22868,.T.);
#22868 = EDGE_LOOP('',(#22869,#22877,#22878,#22879,#22887,#22895));
#22869 = ORIENTED_EDGE('',*,*,#22870,.F.);
#22870 = EDGE_CURVE('',#22776,#22871,#22873,.T.);
#22871 = VERTEX_POINT('',#22872);
#22872 = CARTESIAN_POINT('',(8.33,2.495,0.15));
#22873 = LINE('',#22874,#22875);
#22874 = CARTESIAN_POINT('',(8.33,-4.5E-02,0.15));
#22875 = VECTOR('',#22876,1.);
#22876 = DIRECTION('',(-0.,1.,0.));
#22877 = ORIENTED_EDGE('',*,*,#22775,.T.);
#22878 = ORIENTED_EDGE('',*,*,#22855,.T.);
#22879 = ORIENTED_EDGE('',*,*,#22880,.T.);
#22880 = EDGE_CURVE('',#22848,#22881,#22883,.T.);
#22881 = VERTEX_POINT('',#22882);
#22882 = CARTESIAN_POINT('',(10.02,-4.5E-02,0.15));
#22883 = LINE('',#22884,#22885);
#22884 = CARTESIAN_POINT('',(8.33,-4.5E-02,0.15));
#22885 = VECTOR('',#22886,1.);
#22886 = DIRECTION('',(1.,0.,-0.));
#22887 = ORIENTED_EDGE('',*,*,#22888,.T.);
#22888 = EDGE_CURVE('',#22881,#22889,#22891,.T.);
#22889 = VERTEX_POINT('',#22890);
#22890 = CARTESIAN_POINT('',(10.02,2.495,0.15));
#22891 = LINE('',#22892,#22893);
#22892 = CARTESIAN_POINT('',(10.02,-4.5E-02,0.15));
#22893 = VECTOR('',#22894,1.);
#22894 = DIRECTION('',(-0.,1.,0.));
#22895 = ORIENTED_EDGE('',*,*,#22896,.F.);
#22896 = EDGE_CURVE('',#22871,#22889,#22897,.T.);
#22897 = LINE('',#22898,#22899);
#22898 = CARTESIAN_POINT('',(8.33,2.495,0.15));
#22899 = VECTOR('',#22900,1.);
#22900 = DIRECTION('',(1.,0.,-0.));
#22901 = PLANE('',#22902);
#22902 = AXIS2_PLACEMENT_3D('',#22903,#22904,#22905);
#22903 = CARTESIAN_POINT('',(8.33,-4.5E-02,0.15));
#22904 = DIRECTION('',(0.,0.,1.));
#22905 = DIRECTION('',(1.,0.,-0.));
#22906 = ADVANCED_FACE('',(#22907),#22925,.F.);
#22907 = FACE_BOUND('',#22908,.F.);
#22908 = EDGE_LOOP('',(#22909,#22917,#22918,#22919));
#22909 = ORIENTED_EDGE('',*,*,#22910,.F.);
#22910 = EDGE_CURVE('',#22840,#22911,#22913,.T.);
#22911 = VERTEX_POINT('',#22912);
#22912 = CARTESIAN_POINT('',(10.02,-4.5E-02,0.));
#22913 = LINE('',#22914,#22915);
#22914 = CARTESIAN_POINT('',(8.33,-4.5E-02,0.));
#22915 = VECTOR('',#22916,1.);
#22916 = DIRECTION('',(1.,0.,-0.));
#22917 = ORIENTED_EDGE('',*,*,#22847,.T.);
#22918 = ORIENTED_EDGE('',*,*,#22880,.T.);
#22919 = ORIENTED_EDGE('',*,*,#22920,.F.);
#22920 = EDGE_CURVE('',#22911,#22881,#22921,.T.);
#22921 = LINE('',#22922,#22923);
#22922 = CARTESIAN_POINT('',(10.02,-4.5E-02,0.));
#22923 = VECTOR('',#22924,1.);
#22924 = DIRECTION('',(0.,0.,1.));
#22925 = PLANE('',#22926);
#22926 = AXIS2_PLACEMENT_3D('',#22927,#22928,#22929);
#22927 = CARTESIAN_POINT('',(8.33,-4.5E-02,0.));
#22928 = DIRECTION('',(-0.,1.,0.));
#22929 = DIRECTION('',(0.,0.,1.));
#22930 = ADVANCED_FACE('',(#22931),#22956,.T.);
#22931 = FACE_BOUND('',#22932,.T.);
#22932 = EDGE_LOOP('',(#22933,#22943,#22949,#22950));
#22933 = ORIENTED_EDGE('',*,*,#22934,.F.);
#22934 = EDGE_CURVE('',#22935,#22937,#22939,.T.);
#22935 = VERTEX_POINT('',#22936);
#22936 = CARTESIAN_POINT('',(8.33,2.495,0.));
#22937 = VERTEX_POINT('',#22938);
#22938 = CARTESIAN_POINT('',(10.02,2.495,0.));
#22939 = LINE('',#22940,#22941);
#22940 = CARTESIAN_POINT('',(8.33,2.495,0.));
#22941 = VECTOR('',#22942,1.);
#22942 = DIRECTION('',(1.,0.,-0.));
#22943 = ORIENTED_EDGE('',*,*,#22944,.T.);
#22944 = EDGE_CURVE('',#22935,#22871,#22945,.T.);
#22945 = LINE('',#22946,#22947);
#22946 = CARTESIAN_POINT('',(8.33,2.495,0.));
#22947 = VECTOR('',#22948,1.);
#22948 = DIRECTION('',(0.,0.,1.));
#22949 = ORIENTED_EDGE('',*,*,#22896,.T.);
#22950 = ORIENTED_EDGE('',*,*,#22951,.F.);
#22951 = EDGE_CURVE('',#22937,#22889,#22952,.T.);
#22952 = LINE('',#22953,#22954);
#22953 = CARTESIAN_POINT('',(10.02,2.495,0.));
#22954 = VECTOR('',#22955,1.);
#22955 = DIRECTION('',(0.,0.,1.));
#22956 = PLANE('',#22957);
#22957 = AXIS2_PLACEMENT_3D('',#22958,#22959,#22960);
#22958 = CARTESIAN_POINT('',(8.33,2.495,0.));
#22959 = DIRECTION('',(-0.,1.,0.));
#22960 = DIRECTION('',(0.,0.,1.));
#22961 = ADVANCED_FACE('',(#22962),#22973,.T.);
#22962 = FACE_BOUND('',#22963,.T.);
#22963 = EDGE_LOOP('',(#22964,#22965,#22971,#22972));
#22964 = ORIENTED_EDGE('',*,*,#22920,.F.);
#22965 = ORIENTED_EDGE('',*,*,#22966,.T.);
#22966 = EDGE_CURVE('',#22911,#22937,#22967,.T.);
#22967 = LINE('',#22968,#22969);
#22968 = CARTESIAN_POINT('',(10.02,-4.5E-02,0.));
#22969 = VECTOR('',#22970,1.);
#22970 = DIRECTION('',(-0.,1.,0.));
#22971 = ORIENTED_EDGE('',*,*,#22951,.T.);
#22972 = ORIENTED_EDGE('',*,*,#22888,.F.);
#22973 = PLANE('',#22974);
#22974 = AXIS2_PLACEMENT_3D('',#22975,#22976,#22977);
#22975 = CARTESIAN_POINT('',(10.02,-4.5E-02,0.));
#22976 = DIRECTION('',(1.,0.,-0.));
#22977 = DIRECTION('',(0.,0.,1.));
#22978 = ADVANCED_FACE('',(#22979),#22992,.T.);
#22979 = FACE_BOUND('',#22980,.T.);
#22980 = EDGE_LOOP('',(#22981,#22982,#22983,#22984,#22985,#22991));
#22981 = ORIENTED_EDGE('',*,*,#22735,.T.);
#22982 = ORIENTED_EDGE('',*,*,#22785,.F.);
#22983 = ORIENTED_EDGE('',*,*,#22870,.T.);
#22984 = ORIENTED_EDGE('',*,*,#22944,.F.);
#22985 = ORIENTED_EDGE('',*,*,#22986,.F.);
#22986 = EDGE_CURVE('',#22807,#22935,#22987,.T.);
#22987 = LINE('',#22988,#22989);
#22988 = CARTESIAN_POINT('',(8.33,-4.5E-02,0.));
#22989 = VECTOR('',#22990,1.);
#22990 = DIRECTION('',(-0.,1.,0.));
#22991 = ORIENTED_EDGE('',*,*,#22816,.T.);
#22992 = PLANE('',#22993);
#22993 = AXIS2_PLACEMENT_3D('',#22994,#22995,#22996);
#22994 = CARTESIAN_POINT('',(8.33,1.20570230608,1.09570230608));
#22995 = DIRECTION('',(-1.,-0.,-0.));
#22996 = DIRECTION('',(0.,0.,-1.));
#22997 = ADVANCED_FACE('',(#22998),#23006,.T.);
#22998 = FACE_BOUND('',#22999,.T.);
#22999 = EDGE_LOOP('',(#23000,#23001,#23002,#23003,#23004,#23005));
#23000 = ORIENTED_EDGE('',*,*,#22986,.T.);
#23001 = ORIENTED_EDGE('',*,*,#22934,.T.);
#23002 = ORIENTED_EDGE('',*,*,#22966,.F.);
#23003 = ORIENTED_EDGE('',*,*,#22910,.F.);
#23004 = ORIENTED_EDGE('',*,*,#22839,.F.);
#23005 = ORIENTED_EDGE('',*,*,#22806,.F.);
#23006 = PLANE('',#23007);
#23007 = AXIS2_PLACEMENT_3D('',#23008,#23009,#23010);
#23008 = CARTESIAN_POINT('',(9.17,1.215,0.));
#23009 = DIRECTION('',(-0.,-0.,-1.));
#23010 = DIRECTION('',(-1.,0.,0.));
#23011 = ( GEOMETRIC_REPRESENTATION_CONTEXT(3) 
GLOBAL_UNCERTAINTY_ASSIGNED_CONTEXT((#23015)) 
GLOBAL_UNIT_ASSIGNED_CONTEXT((#23012,#23013,#23014)) 
REPRESENTATION_CONTEXT('Context #1',
  '3D Context with UNIT and UNCERTAINTY') );
#23012 = ( LENGTH_UNIT() NAMED_UNIT(*) SI_UNIT(.MILLI.,.METRE.) );
#23013 = ( NAMED_UNIT(*) PLANE_ANGLE_UNIT() SI_UNIT($,.RADIAN.) );
#23014 = ( NAMED_UNIT(*) SI_UNIT($,.STERADIAN.) SOLID_ANGLE_UNIT() );
#23015 = UNCERTAINTY_MEASURE_WITH_UNIT(LENGTH_MEASURE(1.E-07),#23012,
  'distance_accuracy_value','confusion accuracy');
#23016 = CONTEXT_DEPENDENT_SHAPE_REPRESENTATION(#23017,#23019);
#23017 = ( REPRESENTATION_RELATIONSHIP('','',#22446,#10) 
REPRESENTATION_RELATIONSHIP_WITH_TRANSFORMATION(#23018) 
SHAPE_REPRESENTATION_RELATIONSHIP() );
#23018 = ITEM_DEFINED_TRANSFORMATION('','',#11,#27);
#23019 = PRODUCT_DEFINITION_SHAPE('Placement','Placement of an item',
  #23020);
#23020 = NEXT_ASSEMBLY_USAGE_OCCURRENCE('4','nails','',#5,#22441,$);
#23021 = PRODUCT_RELATED_PRODUCT_CATEGORY('part',$,(#22443));
#23022 = COLOUR_RGB('',0.8900,0.8500,0.7400);
#23023 = FILL_AREA_STYLE_COLOUR('',#23022);
#23024 = FILL_AREA_STYLE('',(#23023));
#23025 = SURFACE_STYLE_FILL_AREA(#23024);
#23026 = SURFACE_SIDE_STYLE('',(#23025));
#23027 = SURFACE_STYLE_USAGE(.BOTH.,#23026);
#23028 = PRESENTATION_STYLE_ASSIGNMENT((#23027));
#23029 = STYLED_ITEM('color',(#23028),#45);
#23030 = MECHANICAL_DESIGN_GEOMETRIC_PRESENTATION_REPRESENTATION('',(#23029),#9829);
#23031 = COLOUR_RGB('',0.0600,0.0600,0.0600);
#23032 = FILL_AREA_STYLE_COLOUR('',#23031);
#23033 = FILL_AREA_STYLE('',(#23032));
#23034 = SURFACE_STYLE_FILL_AREA(#23033);
#23035 = SURFACE_SIDE_STYLE('',(#23034));
#23036 = SURFACE_STYLE_USAGE(.BOTH.,#23035);
#23037 = PRESENTATION_STYLE_ASSIGNMENT((#23036));
#23038 = STYLED_ITEM('color',(#23037),#9848);
#23039 = MECHANICAL_DESIGN_GEOMETRIC_PRESENTATION_REPRESENTATION('',(#23038),#10574);
#23040 = COLOUR_RGB('',0.8000,0.8000,0.7800);
#23041 = FILL_AREA_STYLE_COLOUR('',#23040);
#23042 = FILL_AREA_STYLE('',(#23041));
#23043 = SURFACE_STYLE_FILL_AREA(#23042);
#23044 = SURFACE_SIDE_STYLE('',(#23043));
#23045 = SURFACE_STYLE_USAGE(.BOTH.,#23044);
#23046 = PRESENTATION_STYLE_ASSIGNMENT((#23045));
#23047 = STYLED_ITEM('color',(#23046),#10593);
#23048 = COLOUR_RGB('',0.8000,0.8000,0.7800);
#23049 = FILL_AREA_STYLE_COLOUR('',#23048);
#23050 = FILL_AREA_STYLE('',(#23049));
#23051 = SURFACE_STYLE_FILL_AREA(#23050);
#23052 = SURFACE_SIDE_STYLE('',(#23051));
#23053 = SURFACE_STYLE_USAGE(.BOTH.,#23052);
#23054 = PRESENTATION_STYLE_ASSIGNMENT((#23053));
#23055 = STYLED_ITEM('color',(#23054),#11382);
#23056 = COLOUR_RGB('',0.8000,0.8000,0.7800);
#23057 = FILL_AREA_STYLE_COLOUR('',#23056);
#23058 = FILL_AREA_STYLE('',(#23057));
#23059 = SURFACE_STYLE_FILL_AREA(#23058);
#23060 = SURFACE_SIDE_STYLE('',(#23059));
#23061 = SURFACE_STYLE_USAGE(.BOTH.,#23060);
#23062 = PRESENTATION_STYLE_ASSIGNMENT((#23061));
#23063 = STYLED_ITEM('color',(#23062),#12171);
#23064 = COLOUR_RGB('',0.8000,0.8000,0.7800);
#23065 = FILL_AREA_STYLE_COLOUR('',#23064);
#23066 = FILL_AREA_STYLE('',(#23065));
#23067 = SURFACE_STYLE_FILL_AREA(#23066);
#23068 = SURFACE_SIDE_STYLE('',(#23067));
#23069 = SURFACE_STYLE_USAGE(.BOTH.,#23068);
#23070 = PRESENTATION_STYLE_ASSIGNMENT((#23069));
#23071 = STYLED_ITEM('color',(#23070),#12960);
#23072 = COLOUR_RGB('',0.8000,0.8000,0.7800);
#23073 = FILL_AREA_STYLE_COLOUR('',#23072);
#23074 = FILL_AREA_STYLE('',(#23073));
#23075 = SURFACE_STYLE_FILL_AREA(#23074);
#23076 = SURFACE_SIDE_STYLE('',(#23075));
#23077 = SURFACE_STYLE_USAGE(.BOTH.,#23076);
#23078 = PRESENTATION_STYLE_ASSIGNMENT((#23077));
#23079 = STYLED_ITEM('color',(#23078),#13749);
#23080 = COLOUR_RGB('',0.8000,0.8000,0.7800);
#23081 = FILL_AREA_STYLE_COLOUR('',#23080);
#23082 = FILL_AREA_STYLE('',(#23081));
#23083 = SURFACE_STYLE_FILL_AREA(#23082);
#23084 = SURFACE_SIDE_STYLE('',(#23083));
#23085 = SURFACE_STYLE_USAGE(.BOTH.,#23084);
#23086 = PRESENTATION_STYLE_ASSIGNMENT((#23085));
#23087 = STYLED_ITEM('color',(#23086),#14538);
#23088 = COLOUR_RGB('',0.8000,0.8000,0.7800);
#23089 = FILL_AREA_STYLE_COLOUR('',#23088);
#23090 = FILL_AREA_STYLE('',(#23089));
#23091 = SURFACE_STYLE_FILL_AREA(#23090);
#23092 = SURFACE_SIDE_STYLE('',(#23091));
#23093 = SURFACE_STYLE_USAGE(.BOTH.,#23092);
#23094 = PRESENTATION_STYLE_ASSIGNMENT((#23093));
#23095 = STYLED_ITEM('color',(#23094),#15327);
#23096 = COLOUR_RGB('',0.8000,0.8000,0.7800);
#23097 = FILL_AREA_STYLE_COLOUR('',#23096);
#23098 = FILL_AREA_STYLE('',(#23097));
#23099 = SURFACE_STYLE_FILL_AREA(#23098);
#23100 = SURFACE_SIDE_STYLE('',(#23099));
#23101 = SURFACE_STYLE_USAGE(.BOTH.,#23100);
#23102 = PRESENTATION_STYLE_ASSIGNMENT((#23101));
#23103 = STYLED_ITEM('color',(#23102),#16116);
#23104 = COLOUR_RGB('',0.8000,0.8000,0.7800);
#23105 = FILL_AREA_STYLE_COLOUR('',#23104);
#23106 = FILL_AREA_STYLE('',(#23105));
#23107 = SURFACE_STYLE_FILL_AREA(#23106);
#23108 = SURFACE_SIDE_STYLE('',(#23107));
#23109 = SURFACE_STYLE_USAGE(.BOTH.,#23108);
#23110 = PRESENTATION_STYLE_ASSIGNMENT((#23109));
#23111 = STYLED_ITEM('color',(#23110),#16905);
#23112 = COLOUR_RGB('',0.8000,0.8000,0.7800);
#23113 = FILL_AREA_STYLE_COLOUR('',#23112);
#23114 = FILL_AREA_STYLE('',(#23113));
#23115 = SURFACE_STYLE_FILL_AREA(#23114);
#23116 = SURFACE_SIDE_STYLE('',(#23115));
#23117 = SURFACE_STYLE_USAGE(.BOTH.,#23116);
#23118 = PRESENTATION_STYLE_ASSIGNMENT((#23117));
#23119 = STYLED_ITEM('color',(#23118),#17694);
#23120 = COLOUR_RGB('',0.8000,0.8000,0.7800);
#23121 = FILL_AREA_STYLE_COLOUR('',#23120);
#23122 = FILL_AREA_STYLE('',(#23121));
#23123 = SURFACE_STYLE_FILL_AREA(#23122);
#23124 = SURFACE_SIDE_STYLE('',(#23123));
#23125 = SURFACE_STYLE_USAGE(.BOTH.,#23124);
#23126 = PRESENTATION_STYLE_ASSIGNMENT((#23125));
#23127 = STYLED_ITEM('color',(#23126),#18483);
#23128 = COLOUR_RGB('',0.8000,0.8000,0.7800);
#23129 = FILL_AREA_STYLE_COLOUR('',#23128);
#23130 = FILL_AREA_STYLE('',(#23129));
#23131 = SURFACE_STYLE_FILL_AREA(#23130);
#23132 = SURFACE_SIDE_STYLE('',(#23131));
#23133 = SURFACE_STYLE_USAGE(.BOTH.,#23132);
#23134 = PRESENTATION_STYLE_ASSIGNMENT((#23133));
#23135 = STYLED_ITEM('color',(#23134),#19272);
#23136 = COLOUR_RGB('',0.8000,0.8000,0.7800);
#23137 = FILL_AREA_STYLE_COLOUR('',#23136);
#23138 = FILL_AREA_STYLE('',(#23137));
#23139 = SURFACE_STYLE_FILL_AREA(#23138);
#23140 = SURFACE_SIDE_STYLE('',(#23139));
#23141 = SURFACE_STYLE_USAGE(.BOTH.,#23140);
#23142 = PRESENTATION_STYLE_ASSIGNMENT((#23141));
#23143 = STYLED_ITEM('color',(#23142),#20061);
#23144 = COLOUR_RGB('',0.8000,0.8000,0.7800);
#23145 = FILL_AREA_STYLE_COLOUR('',#23144);
#23146 = FILL_AREA_STYLE('',(#23145));
#23147 = SURFACE_STYLE_FILL_AREA(#23146);
#23148 = SURFACE_SIDE_STYLE('',(#23147));
#23149 = SURFACE_STYLE_USAGE(.BOTH.,#23148);
#23150 = PRESENTATION_STYLE_ASSIGNMENT((#23149));
#23151 = STYLED_ITEM('color',(#23150),#20850);
#23152 = COLOUR_RGB('',0.8000,0.8000,0.7800);
#23153 = FILL_AREA_STYLE_COLOUR('',#23152);
#23154 = FILL_AREA_STYLE('',(#23153));
#23155 = SURFACE_STYLE_FILL_AREA(#23154);
#23156 = SURFACE_SIDE_STYLE('',(#23155));
#23157 = SURFACE_STYLE_USAGE(.BOTH.,#23156);
#23158 = PRESENTATION_STYLE_ASSIGNMENT((#23157));
#23159 = STYLED_ITEM('color',(#23158),#21639);
#23160 = MECHANICAL_DESIGN_GEOMETRIC_PRESENTATION_REPRESENTATION('',(#23047,#23055,#23063,#23071,#23079,#23087,#23095,#23103,#23111,#23119,#23127,#23135,#23143,#23151,#23159),#22428);
#23161 = COLOUR_RGB('',0.8000,0.8000,0.7800);
#23162 = FILL_AREA_STYLE_COLOUR('',#23161);
#23163 = FILL_AREA_STYLE('',(#23162));
#23164 = SURFACE_STYLE_FILL_AREA(#23163);
#23165 = SURFACE_SIDE_STYLE('',(#23164));
#23166 = SURFACE_STYLE_USAGE(.BOTH.,#23165);
#23167 = PRESENTATION_STYLE_ASSIGNMENT((#23166));
#23168 = STYLED_ITEM('color',(#23167),#22447);
#23169 = COLOUR_RGB('',0.8000,0.8000,0.7800);
#23170 = FILL_AREA_STYLE_COLOUR('',#23169);
#23171 = FILL_AREA_STYLE('',(#23170));
#23172 = SURFACE_STYLE_FILL_AREA(#23171);
#23173 = SURFACE_SIDE_STYLE('',(#23172));
#23174 = SURFACE_STYLE_USAGE(.BOTH.,#23173);
#23175 = PRESENTATION_STYLE_ASSIGNMENT((#23174));
#23176 = STYLED_ITEM('color',(#23175),#22729);
#23177 = MECHANICAL_DESIGN_GEOMETRIC_PRESENTATION_REPRESENTATION('',(#23168,#23176),#23011);
ENDSEC;
END-ISO-10303-21;
