ISO-10303-21;
HEADER;
FILE_DESCRIPTION(('FreeCAD Model'),'2;1');
FILE_NAME('SOIC-8-1EP_3.9x4.9mm_P1.27mm_EP2.41x3.3mm.step','2026-10-08T00:00:00',('Author'),(
    ''),'Open CASCADE STEP processor 7.9','FreeCAD','Unknown');
FILE_SCHEMA(('AUTOMOTIVE_DESIGN { 1 0 10303 214 1 1 1 1 }'));
ENDSEC;
DATA;
#1 = APPLICATION_PROTOCOL_DEFINITION('international standard',
  'automotive_design',2000,#2);
#2 = APPLICATION_CONTEXT(
  'core data for automotive mechanical design processes');
#3 = SHAPE_DEFINITION_REPRESENTATION(#4,#10);
#4 = PRODUCT_DEFINITION_SHAPE('','',#5);
#5 = PRODUCT_DEFINITION('design','',#6,#9);
#6 = PRODUCT_DEFINITION_FORMATION('','',#7);
#7 = PRODUCT('esop8','esop8','',(#8));
#8 = PRODUCT_CONTEXT('',#2,'mechanical');
#9 = PRODUCT_DEFINITION_CONTEXT('part definition',#2,'design');
#10 = SHAPE_REPRESENTATION('',(#11,#15,#19,#23),#27);
#11 = AXIS2_PLACEMENT_3D('',#12,#13,#14);
#12 = CARTESIAN_POINT('',(0.,0.,0.));
#13 = DIRECTION('',(0.,0.,1.));
#14 = DIRECTION('',(1.,0.,-0.));
#15 = AXIS2_PLACEMENT_3D('',#16,#17,#18);
#16 = CARTESIAN_POINT('',(0.,0.,0.));
#17 = DIRECTION('',(0.,0.,1.));
#18 = DIRECTION('',(1.,0.,0.));
#19 = AXIS2_PLACEMENT_3D('',#20,#21,#22);
#20 = CARTESIAN_POINT('',(0.,0.,0.));
#21 = DIRECTION('',(0.,0.,1.));
#22 = DIRECTION('',(1.,0.,0.));
#23 = AXIS2_PLACEMENT_3D('',#24,#25,#26);
#24 = CARTESIAN_POINT('',(0.,0.,0.));
#25 = DIRECTION('',(0.,0.,1.));
#26 = DIRECTION('',(1.,0.,0.));
#27 = ( GEOMETRIC_REPRESENTATION_CONTEXT(3) 
GLOBAL_UNCERTAINTY_ASSIGNED_CONTEXT((#31)) GLOBAL_UNIT_ASSIGNED_CONTEXT(
(#28,#29,#30)) REPRESENTATION_CONTEXT('Context #1',
  '3D Context with UNIT and UNCERTAINTY') );
#28 = ( LENGTH_UNIT() NAMED_UNIT(*) SI_UNIT(.MILLI.,.METRE.) );
#29 = ( NAMED_UNIT(*) PLANE_ANGLE_UNIT() SI_UNIT($,.RADIAN.) );
#30 = ( NAMED_UNIT(*) SI_UNIT($,.STERADIAN.) SOLID_ANGLE_UNIT() );
#31 = UNCERTAINTY_MEASURE_WITH_UNIT(LENGTH_MEASURE(1.E-07),#28,
  'distance_accuracy_value','confusion accuracy');
#32 = PRODUCT_RELATED_PRODUCT_CATEGORY('part',$,(#7));
#33 = SHAPE_DEFINITION_REPRESENTATION(#34,#40);
#34 = PRODUCT_DEFINITION_SHAPE('','',#35);
#35 = PRODUCT_DEFINITION('design','',#36,#39);
#36 = PRODUCT_DEFINITION_FORMATION('','',#37);
#37 = PRODUCT('body','body','',(#38));
#38 = PRODUCT_CONTEXT('',#2,'mechanical');
#39 = PRODUCT_DEFINITION_CONTEXT('part definition',#2,'design');
#40 = ADVANCED_BREP_SHAPE_REPRESENTATION('',(#11,#41),#1372);
#41 = MANIFOLD_SOLID_BREP('',#42);
#42 = CLOSED_SHELL('',(#43,#219,#250,#285,#309,#326,#357,#381,#405,#422,
    #453,#477,#501,#518,#549,#573,#597,#614,#645,#669,#693,#710,#858,
    #883,#895,#907,#919,#931,#962,#986,#1010,#1027,#1058,#1082,#1106,
    #1123,#1154,#1178,#1202,#1219,#1250,#1274,#1298,#1315,#1324,#1336,
    #1348,#1360));
#43 = ADVANCED_FACE('',(#44,#78,#112,#146,#180),#214,.F.);
#44 = FACE_BOUND('',#45,.F.);
#45 = EDGE_LOOP('',(#46,#56,#64,#72));
#46 = ORIENTED_EDGE('',*,*,#47,.F.);
#47 = EDGE_CURVE('',#48,#50,#52,.T.);
#48 = VERTEX_POINT('',#49);
#49 = CARTESIAN_POINT('',(-1.95,-2.45,0.1));
#50 = VERTEX_POINT('',#51);
#51 = CARTESIAN_POINT('',(-1.95,-2.45,1.55));
#52 = LINE('',#53,#54);
#53 = CARTESIAN_POINT('',(-1.95,-2.45,0.1));
#54 = VECTOR('',#55,1.);
#55 = DIRECTION('',(0.,0.,1.));
#56 = ORIENTED_EDGE('',*,*,#57,.T.);
#57 = EDGE_CURVE('',#48,#58,#60,.T.);
#58 = VERTEX_POINT('',#59);
#59 = CARTESIAN_POINT('',(-1.95,2.45,0.1));
#60 = LINE('',#61,#62);
#61 = CARTESIAN_POINT('',(-1.95,-2.45,0.1));
#62 = VECTOR('',#63,1.);
#63 = DIRECTION('',(-0.,1.,0.));
#64 = ORIENTED_EDGE('',*,*,#65,.T.);
#65 = EDGE_CURVE('',#58,#66,#68,.T.);
#66 = VERTEX_POINT('',#67);
#67 = CARTESIAN_POINT('',(-1.95,2.45,1.55));
#68 = LINE('',#69,#70);
#69 = CARTESIAN_POINT('',(-1.95,2.45,0.1));
#70 = VECTOR('',#71,1.);
#71 = DIRECTION('',(0.,0.,1.));
#72 = ORIENTED_EDGE('',*,*,#73,.F.);
#73 = EDGE_CURVE('',#50,#66,#74,.T.);
#74 = LINE('',#75,#76);
#75 = CARTESIAN_POINT('',(-1.95,-2.45,1.55));
#76 = VECTOR('',#77,1.);
#77 = DIRECTION('',(-0.,1.,0.));
#78 = FACE_BOUND('',#79,.F.);
#79 = EDGE_LOOP('',(#80,#90,#98,#106));
#80 = ORIENTED_EDGE('',*,*,#81,.F.);
#81 = EDGE_CURVE('',#82,#84,#86,.T.);
#82 = VERTEX_POINT('',#83);
#83 = CARTESIAN_POINT('',(-1.95,2.115,0.93));
#84 = VERTEX_POINT('',#85);
#85 = CARTESIAN_POINT('',(-1.95,1.695,0.93));
#86 = LINE('',#87,#88);
#87 = CARTESIAN_POINT('',(-1.95,-0.3775,0.93));
#88 = VECTOR('',#89,1.);
#89 = DIRECTION('',(0.,-1.,-0.));
#90 = ORIENTED_EDGE('',*,*,#91,.T.);
#91 = EDGE_CURVE('',#82,#92,#94,.T.);
#92 = VERTEX_POINT('',#93);
#93 = CARTESIAN_POINT('',(-1.95,2.115,0.72));
#94 = LINE('',#95,#96);
#95 = CARTESIAN_POINT('',(-1.95,2.115,0.24736685924));
#96 = VECTOR('',#97,1.);
#97 = DIRECTION('',(-0.,0.,-1.));
#98 = ORIENTED_EDGE('',*,*,#99,.F.);
#99 = EDGE_CURVE('',#100,#92,#102,.T.);
#100 = VERTEX_POINT('',#101);
#101 = CARTESIAN_POINT('',(-1.95,1.695,0.72));
#102 = LINE('',#103,#104);
#103 = CARTESIAN_POINT('',(-1.95,-0.3775,0.72));
#104 = VECTOR('',#105,1.);
#105 = DIRECTION('',(0.,1.,0.));
#106 = ORIENTED_EDGE('',*,*,#107,.F.);
#107 = EDGE_CURVE('',#84,#100,#108,.T.);
#108 = LINE('',#109,#110);
#109 = CARTESIAN_POINT('',(-1.95,1.695,0.24736685924));
#110 = VECTOR('',#111,1.);
#111 = DIRECTION('',(-0.,0.,-1.));
#112 = FACE_BOUND('',#113,.F.);
#113 = EDGE_LOOP('',(#114,#124,#132,#140));
#114 = ORIENTED_EDGE('',*,*,#115,.F.);
#115 = EDGE_CURVE('',#116,#118,#120,.T.);
#116 = VERTEX_POINT('',#117);
#117 = CARTESIAN_POINT('',(-1.95,0.845,0.93));
#118 = VERTEX_POINT('',#119);
#119 = CARTESIAN_POINT('',(-1.95,0.425,0.93));
#120 = LINE('',#121,#122);
#121 = CARTESIAN_POINT('',(-1.95,-1.0125,0.93));
#122 = VECTOR('',#123,1.);
#123 = DIRECTION('',(0.,-1.,-0.));
#124 = ORIENTED_EDGE('',*,*,#125,.T.);
#125 = EDGE_CURVE('',#116,#126,#128,.T.);
#126 = VERTEX_POINT('',#127);
#127 = CARTESIAN_POINT('',(-1.95,0.845,0.72));
#128 = LINE('',#129,#130);
#129 = CARTESIAN_POINT('',(-1.95,0.845,0.24736685924));
#130 = VECTOR('',#131,1.);
#131 = DIRECTION('',(-0.,0.,-1.));
#132 = ORIENTED_EDGE('',*,*,#133,.F.);
#133 = EDGE_CURVE('',#134,#126,#136,.T.);
#134 = VERTEX_POINT('',#135);
#135 = CARTESIAN_POINT('',(-1.95,0.425,0.72));
#136 = LINE('',#137,#138);
#137 = CARTESIAN_POINT('',(-1.95,-1.0125,0.72));
#138 = VECTOR('',#139,1.);
#139 = DIRECTION('',(0.,1.,0.));
#140 = ORIENTED_EDGE('',*,*,#141,.F.);
#141 = EDGE_CURVE('',#118,#134,#142,.T.);
#142 = LINE('',#143,#144);
#143 = CARTESIAN_POINT('',(-1.95,0.425,0.24736685924));
#144 = VECTOR('',#145,1.);
#145 = DIRECTION('',(-0.,0.,-1.));
#146 = FACE_BOUND('',#147,.F.);
#147 = EDGE_LOOP('',(#148,#158,#166,#174));
#148 = ORIENTED_EDGE('',*,*,#149,.F.);
#149 = EDGE_CURVE('',#150,#152,#154,.T.);
#150 = VERTEX_POINT('',#151);
#151 = CARTESIAN_POINT('',(-1.95,-0.425,0.93));
#152 = VERTEX_POINT('',#153);
#153 = CARTESIAN_POINT('',(-1.95,-0.845,0.93));
#154 = LINE('',#155,#156);
#155 = CARTESIAN_POINT('',(-1.95,-1.6475,0.93));
#156 = VECTOR('',#157,1.);
#157 = DIRECTION('',(0.,-1.,-0.));
#158 = ORIENTED_EDGE('',*,*,#159,.T.);
#159 = EDGE_CURVE('',#150,#160,#162,.T.);
#160 = VERTEX_POINT('',#161);
#161 = CARTESIAN_POINT('',(-1.95,-0.425,0.72));
#162 = LINE('',#163,#164);
#163 = CARTESIAN_POINT('',(-1.95,-0.425,0.24736685924));
#164 = VECTOR('',#165,1.);
#165 = DIRECTION('',(-0.,0.,-1.));
#166 = ORIENTED_EDGE('',*,*,#167,.F.);
#167 = EDGE_CURVE('',#168,#160,#170,.T.);
#168 = VERTEX_POINT('',#169);
#169 = CARTESIAN_POINT('',(-1.95,-0.845,0.72));
#170 = LINE('',#171,#172);
#171 = CARTESIAN_POINT('',(-1.95,-1.6475,0.72));
#172 = VECTOR('',#173,1.);
#173 = DIRECTION('',(0.,1.,0.));
#174 = ORIENTED_EDGE('',*,*,#175,.F.);
#175 = EDGE_CURVE('',#152,#168,#176,.T.);
#176 = LINE('',#177,#178);
#177 = CARTESIAN_POINT('',(-1.95,-0.845,0.24736685924));
#178 = VECTOR('',#179,1.);
#179 = DIRECTION('',(-0.,0.,-1.));
#180 = FACE_BOUND('',#181,.F.);
#181 = EDGE_LOOP('',(#182,#192,#200,#208));
#182 = ORIENTED_EDGE('',*,*,#183,.F.);
#183 = EDGE_CURVE('',#184,#186,#188,.T.);
#184 = VERTEX_POINT('',#185);
#185 = CARTESIAN_POINT('',(-1.95,-1.695,0.93));
#186 = VERTEX_POINT('',#187);
#187 = CARTESIAN_POINT('',(-1.95,-2.115,0.93));
#188 = LINE('',#189,#190);
#189 = CARTESIAN_POINT('',(-1.95,-2.2825,0.93));
#190 = VECTOR('',#191,1.);
#191 = DIRECTION('',(0.,-1.,-0.));
#192 = ORIENTED_EDGE('',*,*,#193,.T.);
#193 = EDGE_CURVE('',#184,#194,#196,.T.);
#194 = VERTEX_POINT('',#195);
#195 = CARTESIAN_POINT('',(-1.95,-1.695,0.72));
#196 = LINE('',#197,#198);
#197 = CARTESIAN_POINT('',(-1.95,-1.695,0.24736685924));
#198 = VECTOR('',#199,1.);
#199 = DIRECTION('',(-0.,0.,-1.));
#200 = ORIENTED_EDGE('',*,*,#201,.F.);
#201 = EDGE_CURVE('',#202,#194,#204,.T.);
#202 = VERTEX_POINT('',#203);
#203 = CARTESIAN_POINT('',(-1.95,-2.115,0.72));
#204 = LINE('',#205,#206);
#205 = CARTESIAN_POINT('',(-1.95,-2.2825,0.72));
#206 = VECTOR('',#207,1.);
#207 = DIRECTION('',(0.,1.,0.));
#208 = ORIENTED_EDGE('',*,*,#209,.F.);
#209 = EDGE_CURVE('',#186,#202,#210,.T.);
#210 = LINE('',#211,#212);
#211 = CARTESIAN_POINT('',(-1.95,-2.115,0.24736685924));
#212 = VECTOR('',#213,1.);
#213 = DIRECTION('',(-0.,0.,-1.));
#214 = PLANE('',#215);
#215 = AXIS2_PLACEMENT_3D('',#216,#217,#218);
#216 = CARTESIAN_POINT('',(-1.95,-2.45,0.1));
#217 = DIRECTION('',(1.,0.,-0.));
#218 = DIRECTION('',(0.,0.,1.));
#219 = ADVANCED_FACE('',(#220),#245,.F.);
#220 = FACE_BOUND('',#221,.F.);
#221 = EDGE_LOOP('',(#222,#230,#231,#239));
#222 = ORIENTED_EDGE('',*,*,#223,.F.);
#223 = EDGE_CURVE('',#48,#224,#226,.T.);
#224 = VERTEX_POINT('',#225);
#225 = CARTESIAN_POINT('',(1.95,-2.45,0.1));
#226 = LINE('',#227,#228);
#227 = CARTESIAN_POINT('',(-1.95,-2.45,0.1));
#228 = VECTOR('',#229,1.);
#229 = DIRECTION('',(1.,0.,-0.));
#230 = ORIENTED_EDGE('',*,*,#47,.T.);
#231 = ORIENTED_EDGE('',*,*,#232,.T.);
#232 = EDGE_CURVE('',#50,#233,#235,.T.);
#233 = VERTEX_POINT('',#234);
#234 = CARTESIAN_POINT('',(1.95,-2.45,1.55));
#235 = LINE('',#236,#237);
#236 = CARTESIAN_POINT('',(-1.95,-2.45,1.55));
#237 = VECTOR('',#238,1.);
#238 = DIRECTION('',(1.,0.,-0.));
#239 = ORIENTED_EDGE('',*,*,#240,.F.);
#240 = EDGE_CURVE('',#224,#233,#241,.T.);
#241 = LINE('',#242,#243);
#242 = CARTESIAN_POINT('',(1.95,-2.45,0.1));
#243 = VECTOR('',#244,1.);
#244 = DIRECTION('',(0.,0.,1.));
#245 = PLANE('',#246);
#246 = AXIS2_PLACEMENT_3D('',#247,#248,#249);
#247 = CARTESIAN_POINT('',(-1.95,-2.45,0.1));
#248 = DIRECTION('',(-0.,1.,0.));
#249 = DIRECTION('',(0.,0.,1.));
#250 = ADVANCED_FACE('',(#251,#269),#280,.T.);
#251 = FACE_BOUND('',#252,.T.);
#252 = EDGE_LOOP('',(#253,#254,#255,#263));
#253 = ORIENTED_EDGE('',*,*,#73,.F.);
#254 = ORIENTED_EDGE('',*,*,#232,.T.);
#255 = ORIENTED_EDGE('',*,*,#256,.T.);
#256 = EDGE_CURVE('',#233,#257,#259,.T.);
#257 = VERTEX_POINT('',#258);
#258 = CARTESIAN_POINT('',(1.95,2.45,1.55));
#259 = LINE('',#260,#261);
#260 = CARTESIAN_POINT('',(1.95,-2.45,1.55));
#261 = VECTOR('',#262,1.);
#262 = DIRECTION('',(-0.,1.,0.));
#263 = ORIENTED_EDGE('',*,*,#264,.F.);
#264 = EDGE_CURVE('',#66,#257,#265,.T.);
#265 = LINE('',#266,#267);
#266 = CARTESIAN_POINT('',(-1.95,2.45,1.55));
#267 = VECTOR('',#268,1.);
#268 = DIRECTION('',(1.,0.,-0.));
#269 = FACE_BOUND('',#270,.T.);
#270 = EDGE_LOOP('',(#271));
#271 = ORIENTED_EDGE('',*,*,#272,.F.);
#272 = EDGE_CURVE('',#273,#273,#275,.T.);
#273 = VERTEX_POINT('',#274);
#274 = CARTESIAN_POINT('',(-0.95,1.75,1.55));
#275 = CIRCLE('',#276,0.3);
#276 = AXIS2_PLACEMENT_3D('',#277,#278,#279);
#277 = CARTESIAN_POINT('',(-1.25,1.75,1.55));
#278 = DIRECTION('',(0.,0.,1.));
#279 = DIRECTION('',(1.,0.,-0.));
#280 = PLANE('',#281);
#281 = AXIS2_PLACEMENT_3D('',#282,#283,#284);
#282 = CARTESIAN_POINT('',(-1.95,-2.45,1.55));
#283 = DIRECTION('',(0.,0.,1.));
#284 = DIRECTION('',(1.,0.,-0.));
#285 = ADVANCED_FACE('',(#286),#304,.F.);
#286 = FACE_BOUND('',#287,.F.);
#287 = EDGE_LOOP('',(#288,#289,#290,#298));
#288 = ORIENTED_EDGE('',*,*,#57,.F.);
#289 = ORIENTED_EDGE('',*,*,#223,.T.);
#290 = ORIENTED_EDGE('',*,*,#291,.T.);
#291 = EDGE_CURVE('',#224,#292,#294,.T.);
#292 = VERTEX_POINT('',#293);
#293 = CARTESIAN_POINT('',(1.95,2.45,0.1));
#294 = LINE('',#295,#296);
#295 = CARTESIAN_POINT('',(1.95,-2.45,0.1));
#296 = VECTOR('',#297,1.);
#297 = DIRECTION('',(-0.,1.,0.));
#298 = ORIENTED_EDGE('',*,*,#299,.F.);
#299 = EDGE_CURVE('',#58,#292,#300,.T.);
#300 = LINE('',#301,#302);
#301 = CARTESIAN_POINT('',(-1.95,2.45,0.1));
#302 = VECTOR('',#303,1.);
#303 = DIRECTION('',(1.,0.,-0.));
#304 = PLANE('',#305);
#305 = AXIS2_PLACEMENT_3D('',#306,#307,#308);
#306 = CARTESIAN_POINT('',(-1.95,-2.45,0.1));
#307 = DIRECTION('',(0.,0.,1.));
#308 = DIRECTION('',(1.,0.,-0.));
#309 = ADVANCED_FACE('',(#310),#321,.T.);
#310 = FACE_BOUND('',#311,.T.);
#311 = EDGE_LOOP('',(#312,#313,#314,#315));
#312 = ORIENTED_EDGE('',*,*,#299,.F.);
#313 = ORIENTED_EDGE('',*,*,#65,.T.);
#314 = ORIENTED_EDGE('',*,*,#264,.T.);
#315 = ORIENTED_EDGE('',*,*,#316,.F.);
#316 = EDGE_CURVE('',#292,#257,#317,.T.);
#317 = LINE('',#318,#319);
#318 = CARTESIAN_POINT('',(1.95,2.45,0.1));
#319 = VECTOR('',#320,1.);
#320 = DIRECTION('',(0.,0.,1.));
#321 = PLANE('',#322);
#322 = AXIS2_PLACEMENT_3D('',#323,#324,#325);
#323 = CARTESIAN_POINT('',(-1.95,2.45,0.1));
#324 = DIRECTION('',(-0.,1.,0.));
#325 = DIRECTION('',(0.,0.,1.));
#326 = ADVANCED_FACE('',(#327),#352,.F.);
#327 = FACE_BOUND('',#328,.F.);
#328 = EDGE_LOOP('',(#329,#337,#345,#351));
#329 = ORIENTED_EDGE('',*,*,#330,.F.);
#330 = EDGE_CURVE('',#331,#84,#333,.T.);
#331 = VERTEX_POINT('',#332);
#332 = CARTESIAN_POINT('',(-1.75,1.695,0.93));
#333 = LINE('',#334,#335);
#334 = CARTESIAN_POINT('',(-1.75,1.695,0.93));
#335 = VECTOR('',#336,1.);
#336 = DIRECTION('',(-1.,0.,0.));
#337 = ORIENTED_EDGE('',*,*,#338,.T.);
#338 = EDGE_CURVE('',#331,#339,#341,.T.);
#339 = VERTEX_POINT('',#340);
#340 = CARTESIAN_POINT('',(-1.75,2.115,0.93));
#341 = LINE('',#342,#343);
#342 = CARTESIAN_POINT('',(-1.75,1.695,0.93));
#343 = VECTOR('',#344,1.);
#344 = DIRECTION('',(0.,1.,0.));
#345 = ORIENTED_EDGE('',*,*,#346,.T.);
#346 = EDGE_CURVE('',#339,#82,#347,.T.);
#347 = LINE('',#348,#349);
#348 = CARTESIAN_POINT('',(-1.75,2.115,0.93));
#349 = VECTOR('',#350,1.);
#350 = DIRECTION('',(-1.,0.,0.));
#351 = ORIENTED_EDGE('',*,*,#81,.T.);
#352 = PLANE('',#353);
#353 = AXIS2_PLACEMENT_3D('',#354,#355,#356);
#354 = CARTESIAN_POINT('',(-1.75,1.695,0.93));
#355 = DIRECTION('',(0.,-0.,1.));
#356 = DIRECTION('',(-1.,0.,0.));
#357 = ADVANCED_FACE('',(#358),#376,.F.);
#358 = FACE_BOUND('',#359,.F.);
#359 = EDGE_LOOP('',(#360,#368,#369,#370));
#360 = ORIENTED_EDGE('',*,*,#361,.T.);
#361 = EDGE_CURVE('',#362,#331,#364,.T.);
#362 = VERTEX_POINT('',#363);
#363 = CARTESIAN_POINT('',(-1.75,1.695,0.72));
#364 = LINE('',#365,#366);
#365 = CARTESIAN_POINT('',(-1.75,1.695,0.72));
#366 = VECTOR('',#367,1.);
#367 = DIRECTION('',(0.,0.,1.));
#368 = ORIENTED_EDGE('',*,*,#330,.T.);
#369 = ORIENTED_EDGE('',*,*,#107,.T.);
#370 = ORIENTED_EDGE('',*,*,#371,.T.);
#371 = EDGE_CURVE('',#100,#362,#372,.T.);
#372 = LINE('',#373,#374);
#373 = CARTESIAN_POINT('',(-2.015,1.695,0.72));
#374 = VECTOR('',#375,1.);
#375 = DIRECTION('',(1.,0.,0.));
#376 = PLANE('',#377);
#377 = AXIS2_PLACEMENT_3D('',#378,#379,#380);
#378 = CARTESIAN_POINT('',(-2.317863847575,1.695,0.39473371848));
#379 = DIRECTION('',(-0.,-1.,-0.));
#380 = DIRECTION('',(0.,0.,-1.));
#381 = ADVANCED_FACE('',(#382),#400,.F.);
#382 = FACE_BOUND('',#383,.F.);
#383 = EDGE_LOOP('',(#384,#385,#386,#394));
#384 = ORIENTED_EDGE('',*,*,#371,.F.);
#385 = ORIENTED_EDGE('',*,*,#99,.T.);
#386 = ORIENTED_EDGE('',*,*,#387,.T.);
#387 = EDGE_CURVE('',#92,#388,#390,.T.);
#388 = VERTEX_POINT('',#389);
#389 = CARTESIAN_POINT('',(-1.75,2.115,0.72));
#390 = LINE('',#391,#392);
#391 = CARTESIAN_POINT('',(-2.015,2.115,0.72));
#392 = VECTOR('',#393,1.);
#393 = DIRECTION('',(1.,0.,0.));
#394 = ORIENTED_EDGE('',*,*,#395,.F.);
#395 = EDGE_CURVE('',#362,#388,#396,.T.);
#396 = LINE('',#397,#398);
#397 = CARTESIAN_POINT('',(-1.75,1.695,0.72));
#398 = VECTOR('',#399,1.);
#399 = DIRECTION('',(0.,1.,0.));
#400 = PLANE('',#401);
#401 = AXIS2_PLACEMENT_3D('',#402,#403,#404);
#402 = CARTESIAN_POINT('',(-2.015,1.695,0.72));
#403 = DIRECTION('',(0.,0.,-1.));
#404 = DIRECTION('',(1.,0.,0.));
#405 = ADVANCED_FACE('',(#406),#417,.T.);
#406 = FACE_BOUND('',#407,.T.);
#407 = EDGE_LOOP('',(#408,#414,#415,#416));
#408 = ORIENTED_EDGE('',*,*,#409,.T.);
#409 = EDGE_CURVE('',#388,#339,#410,.T.);
#410 = LINE('',#411,#412);
#411 = CARTESIAN_POINT('',(-1.75,2.115,0.72));
#412 = VECTOR('',#413,1.);
#413 = DIRECTION('',(0.,0.,1.));
#414 = ORIENTED_EDGE('',*,*,#346,.T.);
#415 = ORIENTED_EDGE('',*,*,#91,.T.);
#416 = ORIENTED_EDGE('',*,*,#387,.T.);
#417 = PLANE('',#418);
#418 = AXIS2_PLACEMENT_3D('',#419,#420,#421);
#419 = CARTESIAN_POINT('',(-2.317863847575,2.115,0.39473371848));
#420 = DIRECTION('',(-0.,-1.,-0.));
#421 = DIRECTION('',(0.,0.,-1.));
#422 = ADVANCED_FACE('',(#423),#448,.F.);
#423 = FACE_BOUND('',#424,.F.);
#424 = EDGE_LOOP('',(#425,#433,#441,#447));
#425 = ORIENTED_EDGE('',*,*,#426,.F.);
#426 = EDGE_CURVE('',#427,#118,#429,.T.);
#427 = VERTEX_POINT('',#428);
#428 = CARTESIAN_POINT('',(-1.75,0.425,0.93));
#429 = LINE('',#430,#431);
#430 = CARTESIAN_POINT('',(-1.75,0.425,0.93));
#431 = VECTOR('',#432,1.);
#432 = DIRECTION('',(-1.,0.,0.));
#433 = ORIENTED_EDGE('',*,*,#434,.T.);
#434 = EDGE_CURVE('',#427,#435,#437,.T.);
#435 = VERTEX_POINT('',#436);
#436 = CARTESIAN_POINT('',(-1.75,0.845,0.93));
#437 = LINE('',#438,#439);
#438 = CARTESIAN_POINT('',(-1.75,0.425,0.93));
#439 = VECTOR('',#440,1.);
#440 = DIRECTION('',(0.,1.,0.));
#441 = ORIENTED_EDGE('',*,*,#442,.T.);
#442 = EDGE_CURVE('',#435,#116,#443,.T.);
#443 = LINE('',#444,#445);
#444 = CARTESIAN_POINT('',(-1.75,0.845,0.93));
#445 = VECTOR('',#446,1.);
#446 = DIRECTION('',(-1.,0.,0.));
#447 = ORIENTED_EDGE('',*,*,#115,.T.);
#448 = PLANE('',#449);
#449 = AXIS2_PLACEMENT_3D('',#450,#451,#452);
#450 = CARTESIAN_POINT('',(-1.75,0.425,0.93));
#451 = DIRECTION('',(0.,-0.,1.));
#452 = DIRECTION('',(-1.,0.,0.));
#453 = ADVANCED_FACE('',(#454),#472,.F.);
#454 = FACE_BOUND('',#455,.F.);
#455 = EDGE_LOOP('',(#456,#464,#465,#466));
#456 = ORIENTED_EDGE('',*,*,#457,.T.);
#457 = EDGE_CURVE('',#458,#427,#460,.T.);
#458 = VERTEX_POINT('',#459);
#459 = CARTESIAN_POINT('',(-1.75,0.425,0.72));
#460 = LINE('',#461,#462);
#461 = CARTESIAN_POINT('',(-1.75,0.425,0.72));
#462 = VECTOR('',#463,1.);
#463 = DIRECTION('',(0.,0.,1.));
#464 = ORIENTED_EDGE('',*,*,#426,.T.);
#465 = ORIENTED_EDGE('',*,*,#141,.T.);
#466 = ORIENTED_EDGE('',*,*,#467,.T.);
#467 = EDGE_CURVE('',#134,#458,#468,.T.);
#468 = LINE('',#469,#470);
#469 = CARTESIAN_POINT('',(-2.015,0.425,0.72));
#470 = VECTOR('',#471,1.);
#471 = DIRECTION('',(1.,0.,0.));
#472 = PLANE('',#473);
#473 = AXIS2_PLACEMENT_3D('',#474,#475,#476);
#474 = CARTESIAN_POINT('',(-2.317863847575,0.425,0.39473371848));
#475 = DIRECTION('',(-0.,-1.,-0.));
#476 = DIRECTION('',(0.,0.,-1.));
#477 = ADVANCED_FACE('',(#478),#496,.F.);
#478 = FACE_BOUND('',#479,.F.);
#479 = EDGE_LOOP('',(#480,#481,#482,#490));
#480 = ORIENTED_EDGE('',*,*,#467,.F.);
#481 = ORIENTED_EDGE('',*,*,#133,.T.);
#482 = ORIENTED_EDGE('',*,*,#483,.T.);
#483 = EDGE_CURVE('',#126,#484,#486,.T.);
#484 = VERTEX_POINT('',#485);
#485 = CARTESIAN_POINT('',(-1.75,0.845,0.72));
#486 = LINE('',#487,#488);
#487 = CARTESIAN_POINT('',(-2.015,0.845,0.72));
#488 = VECTOR('',#489,1.);
#489 = DIRECTION('',(1.,0.,0.));
#490 = ORIENTED_EDGE('',*,*,#491,.F.);
#491 = EDGE_CURVE('',#458,#484,#492,.T.);
#492 = LINE('',#493,#494);
#493 = CARTESIAN_POINT('',(-1.75,0.425,0.72));
#494 = VECTOR('',#495,1.);
#495 = DIRECTION('',(0.,1.,0.));
#496 = PLANE('',#497);
#497 = AXIS2_PLACEMENT_3D('',#498,#499,#500);
#498 = CARTESIAN_POINT('',(-2.015,0.425,0.72));
#499 = DIRECTION('',(0.,0.,-1.));
#500 = DIRECTION('',(1.,0.,0.));
#501 = ADVANCED_FACE('',(#502),#513,.T.);
#502 = FACE_BOUND('',#503,.T.);
#503 = EDGE_LOOP('',(#504,#510,#511,#512));
#504 = ORIENTED_EDGE('',*,*,#505,.T.);
#505 = EDGE_CURVE('',#484,#435,#506,.T.);
#506 = LINE('',#507,#508);
#507 = CARTESIAN_POINT('',(-1.75,0.845,0.72));
#508 = VECTOR('',#509,1.);
#509 = DIRECTION('',(0.,0.,1.));
#510 = ORIENTED_EDGE('',*,*,#442,.T.);
#511 = ORIENTED_EDGE('',*,*,#125,.T.);
#512 = ORIENTED_EDGE('',*,*,#483,.T.);
#513 = PLANE('',#514);
#514 = AXIS2_PLACEMENT_3D('',#515,#516,#517);
#515 = CARTESIAN_POINT('',(-2.317863847575,0.845,0.39473371848));
#516 = DIRECTION('',(-0.,-1.,-0.));
#517 = DIRECTION('',(0.,0.,-1.));
#518 = ADVANCED_FACE('',(#519),#544,.F.);
#519 = FACE_BOUND('',#520,.F.);
#520 = EDGE_LOOP('',(#521,#529,#537,#543));
#521 = ORIENTED_EDGE('',*,*,#522,.F.);
#522 = EDGE_CURVE('',#523,#152,#525,.T.);
#523 = VERTEX_POINT('',#524);
#524 = CARTESIAN_POINT('',(-1.75,-0.845,0.93));
#525 = LINE('',#526,#527);
#526 = CARTESIAN_POINT('',(-1.75,-0.845,0.93));
#527 = VECTOR('',#528,1.);
#528 = DIRECTION('',(-1.,0.,0.));
#529 = ORIENTED_EDGE('',*,*,#530,.T.);
#530 = EDGE_CURVE('',#523,#531,#533,.T.);
#531 = VERTEX_POINT('',#532);
#532 = CARTESIAN_POINT('',(-1.75,-0.425,0.93));
#533 = LINE('',#534,#535);
#534 = CARTESIAN_POINT('',(-1.75,-0.845,0.93));
#535 = VECTOR('',#536,1.);
#536 = DIRECTION('',(0.,1.,0.));
#537 = ORIENTED_EDGE('',*,*,#538,.T.);
#538 = EDGE_CURVE('',#531,#150,#539,.T.);
#539 = LINE('',#540,#541);
#540 = CARTESIAN_POINT('',(-1.75,-0.425,0.93));
#541 = VECTOR('',#542,1.);
#542 = DIRECTION('',(-1.,0.,0.));
#543 = ORIENTED_EDGE('',*,*,#149,.T.);
#544 = PLANE('',#545);
#545 = AXIS2_PLACEMENT_3D('',#546,#547,#548);
#546 = CARTESIAN_POINT('',(-1.75,-0.845,0.93));
#547 = DIRECTION('',(0.,-0.,1.));
#548 = DIRECTION('',(-1.,0.,0.));
#549 = ADVANCED_FACE('',(#550),#568,.F.);
#550 = FACE_BOUND('',#551,.F.);
#551 = EDGE_LOOP('',(#552,#560,#561,#562));
#552 = ORIENTED_EDGE('',*,*,#553,.T.);
#553 = EDGE_CURVE('',#554,#523,#556,.T.);
#554 = VERTEX_POINT('',#555);
#555 = CARTESIAN_POINT('',(-1.75,-0.845,0.72));
#556 = LINE('',#557,#558);
#557 = CARTESIAN_POINT('',(-1.75,-0.845,0.72));
#558 = VECTOR('',#559,1.);
#559 = DIRECTION('',(0.,0.,1.));
#560 = ORIENTED_EDGE('',*,*,#522,.T.);
#561 = ORIENTED_EDGE('',*,*,#175,.T.);
#562 = ORIENTED_EDGE('',*,*,#563,.T.);
#563 = EDGE_CURVE('',#168,#554,#564,.T.);
#564 = LINE('',#565,#566);
#565 = CARTESIAN_POINT('',(-2.015,-0.845,0.72));
#566 = VECTOR('',#567,1.);
#567 = DIRECTION('',(1.,0.,0.));
#568 = PLANE('',#569);
#569 = AXIS2_PLACEMENT_3D('',#570,#571,#572);
#570 = CARTESIAN_POINT('',(-2.317863847575,-0.845,0.39473371848));
#571 = DIRECTION('',(-0.,-1.,-0.));
#572 = DIRECTION('',(0.,0.,-1.));
#573 = ADVANCED_FACE('',(#574),#592,.F.);
#574 = FACE_BOUND('',#575,.F.);
#575 = EDGE_LOOP('',(#576,#577,#578,#586));
#576 = ORIENTED_EDGE('',*,*,#563,.F.);
#577 = ORIENTED_EDGE('',*,*,#167,.T.);
#578 = ORIENTED_EDGE('',*,*,#579,.T.);
#579 = EDGE_CURVE('',#160,#580,#582,.T.);
#580 = VERTEX_POINT('',#581);
#581 = CARTESIAN_POINT('',(-1.75,-0.425,0.72));
#582 = LINE('',#583,#584);
#583 = CARTESIAN_POINT('',(-2.015,-0.425,0.72));
#584 = VECTOR('',#585,1.);
#585 = DIRECTION('',(1.,0.,0.));
#586 = ORIENTED_EDGE('',*,*,#587,.F.);
#587 = EDGE_CURVE('',#554,#580,#588,.T.);
#588 = LINE('',#589,#590);
#589 = CARTESIAN_POINT('',(-1.75,-0.845,0.72));
#590 = VECTOR('',#591,1.);
#591 = DIRECTION('',(0.,1.,0.));
#592 = PLANE('',#593);
#593 = AXIS2_PLACEMENT_3D('',#594,#595,#596);
#594 = CARTESIAN_POINT('',(-2.015,-0.845,0.72));
#595 = DIRECTION('',(0.,0.,-1.));
#596 = DIRECTION('',(1.,0.,0.));
#597 = ADVANCED_FACE('',(#598),#609,.T.);
#598 = FACE_BOUND('',#599,.T.);
#599 = EDGE_LOOP('',(#600,#606,#607,#608));
#600 = ORIENTED_EDGE('',*,*,#601,.T.);
#601 = EDGE_CURVE('',#580,#531,#602,.T.);
#602 = LINE('',#603,#604);
#603 = CARTESIAN_POINT('',(-1.75,-0.425,0.72));
#604 = VECTOR('',#605,1.);
#605 = DIRECTION('',(0.,0.,1.));
#606 = ORIENTED_EDGE('',*,*,#538,.T.);
#607 = ORIENTED_EDGE('',*,*,#159,.T.);
#608 = ORIENTED_EDGE('',*,*,#579,.T.);
#609 = PLANE('',#610);
#610 = AXIS2_PLACEMENT_3D('',#611,#612,#613);
#611 = CARTESIAN_POINT('',(-2.317863847575,-0.425,0.39473371848));
#612 = DIRECTION('',(-0.,-1.,-0.));
#613 = DIRECTION('',(0.,0.,-1.));
#614 = ADVANCED_FACE('',(#615),#640,.F.);
#615 = FACE_BOUND('',#616,.F.);
#616 = EDGE_LOOP('',(#617,#625,#633,#639));
#617 = ORIENTED_EDGE('',*,*,#618,.F.);
#618 = EDGE_CURVE('',#619,#186,#621,.T.);
#619 = VERTEX_POINT('',#620);
#620 = CARTESIAN_POINT('',(-1.75,-2.115,0.93));
#621 = LINE('',#622,#623);
#622 = CARTESIAN_POINT('',(-1.75,-2.115,0.93));
#623 = VECTOR('',#624,1.);
#624 = DIRECTION('',(-1.,0.,0.));
#625 = ORIENTED_EDGE('',*,*,#626,.T.);
#626 = EDGE_CURVE('',#619,#627,#629,.T.);
#627 = VERTEX_POINT('',#628);
#628 = CARTESIAN_POINT('',(-1.75,-1.695,0.93));
#629 = LINE('',#630,#631);
#630 = CARTESIAN_POINT('',(-1.75,-2.115,0.93));
#631 = VECTOR('',#632,1.);
#632 = DIRECTION('',(0.,1.,0.));
#633 = ORIENTED_EDGE('',*,*,#634,.T.);
#634 = EDGE_CURVE('',#627,#184,#635,.T.);
#635 = LINE('',#636,#637);
#636 = CARTESIAN_POINT('',(-1.75,-1.695,0.93));
#637 = VECTOR('',#638,1.);
#638 = DIRECTION('',(-1.,0.,0.));
#639 = ORIENTED_EDGE('',*,*,#183,.T.);
#640 = PLANE('',#641);
#641 = AXIS2_PLACEMENT_3D('',#642,#643,#644);
#642 = CARTESIAN_POINT('',(-1.75,-2.115,0.93));
#643 = DIRECTION('',(0.,-0.,1.));
#644 = DIRECTION('',(-1.,0.,0.));
#645 = ADVANCED_FACE('',(#646),#664,.F.);
#646 = FACE_BOUND('',#647,.F.);
#647 = EDGE_LOOP('',(#648,#656,#657,#658));
#648 = ORIENTED_EDGE('',*,*,#649,.T.);
#649 = EDGE_CURVE('',#650,#619,#652,.T.);
#650 = VERTEX_POINT('',#651);
#651 = CARTESIAN_POINT('',(-1.75,-2.115,0.72));
#652 = LINE('',#653,#654);
#653 = CARTESIAN_POINT('',(-1.75,-2.115,0.72));
#654 = VECTOR('',#655,1.);
#655 = DIRECTION('',(0.,0.,1.));
#656 = ORIENTED_EDGE('',*,*,#618,.T.);
#657 = ORIENTED_EDGE('',*,*,#209,.T.);
#658 = ORIENTED_EDGE('',*,*,#659,.T.);
#659 = EDGE_CURVE('',#202,#650,#660,.T.);
#660 = LINE('',#661,#662);
#661 = CARTESIAN_POINT('',(-2.015,-2.115,0.72));
#662 = VECTOR('',#663,1.);
#663 = DIRECTION('',(1.,0.,0.));
#664 = PLANE('',#665);
#665 = AXIS2_PLACEMENT_3D('',#666,#667,#668);
#666 = CARTESIAN_POINT('',(-2.317863847575,-2.115,0.39473371848));
#667 = DIRECTION('',(-0.,-1.,-0.));
#668 = DIRECTION('',(0.,0.,-1.));
#669 = ADVANCED_FACE('',(#670),#688,.F.);
#670 = FACE_BOUND('',#671,.F.);
#671 = EDGE_LOOP('',(#672,#673,#674,#682));
#672 = ORIENTED_EDGE('',*,*,#659,.F.);
#673 = ORIENTED_EDGE('',*,*,#201,.T.);
#674 = ORIENTED_EDGE('',*,*,#675,.T.);
#675 = EDGE_CURVE('',#194,#676,#678,.T.);
#676 = VERTEX_POINT('',#677);
#677 = CARTESIAN_POINT('',(-1.75,-1.695,0.72));
#678 = LINE('',#679,#680);
#679 = CARTESIAN_POINT('',(-2.015,-1.695,0.72));
#680 = VECTOR('',#681,1.);
#681 = DIRECTION('',(1.,0.,0.));
#682 = ORIENTED_EDGE('',*,*,#683,.F.);
#683 = EDGE_CURVE('',#650,#676,#684,.T.);
#684 = LINE('',#685,#686);
#685 = CARTESIAN_POINT('',(-1.75,-2.115,0.72));
#686 = VECTOR('',#687,1.);
#687 = DIRECTION('',(0.,1.,0.));
#688 = PLANE('',#689);
#689 = AXIS2_PLACEMENT_3D('',#690,#691,#692);
#690 = CARTESIAN_POINT('',(-2.015,-2.115,0.72));
#691 = DIRECTION('',(0.,0.,-1.));
#692 = DIRECTION('',(1.,0.,0.));
#693 = ADVANCED_FACE('',(#694),#705,.T.);
#694 = FACE_BOUND('',#695,.T.);
#695 = EDGE_LOOP('',(#696,#702,#703,#704));
#696 = ORIENTED_EDGE('',*,*,#697,.T.);
#697 = EDGE_CURVE('',#676,#627,#698,.T.);
#698 = LINE('',#699,#700);
#699 = CARTESIAN_POINT('',(-1.75,-1.695,0.72));
#700 = VECTOR('',#701,1.);
#701 = DIRECTION('',(0.,0.,1.));
#702 = ORIENTED_EDGE('',*,*,#634,.T.);
#703 = ORIENTED_EDGE('',*,*,#193,.T.);
#704 = ORIENTED_EDGE('',*,*,#675,.T.);
#705 = PLANE('',#706);
#706 = AXIS2_PLACEMENT_3D('',#707,#708,#709);
#707 = CARTESIAN_POINT('',(-2.317863847575,-1.695,0.39473371848));
#708 = DIRECTION('',(-0.,-1.,-0.));
#709 = DIRECTION('',(0.,0.,-1.));
#710 = ADVANCED_FACE('',(#711,#717,#751,#785,#819),#853,.T.);
#711 = FACE_BOUND('',#712,.T.);
#712 = EDGE_LOOP('',(#713,#714,#715,#716));
#713 = ORIENTED_EDGE('',*,*,#240,.F.);
#714 = ORIENTED_EDGE('',*,*,#291,.T.);
#715 = ORIENTED_EDGE('',*,*,#316,.T.);
#716 = ORIENTED_EDGE('',*,*,#256,.F.);
#717 = FACE_BOUND('',#718,.T.);
#718 = EDGE_LOOP('',(#719,#729,#737,#745));
#719 = ORIENTED_EDGE('',*,*,#720,.T.);
#720 = EDGE_CURVE('',#721,#723,#725,.T.);
#721 = VERTEX_POINT('',#722);
#722 = CARTESIAN_POINT('',(1.95,1.695,0.72));
#723 = VERTEX_POINT('',#724);
#724 = CARTESIAN_POINT('',(1.95,1.695,0.93));
#725 = LINE('',#726,#727);
#726 = CARTESIAN_POINT('',(1.95,1.695,0.24736685924));
#727 = VECTOR('',#728,1.);
#728 = DIRECTION('',(0.,-0.,1.));
#729 = ORIENTED_EDGE('',*,*,#730,.T.);
#730 = EDGE_CURVE('',#723,#731,#733,.T.);
#731 = VERTEX_POINT('',#732);
#732 = CARTESIAN_POINT('',(1.95,2.115,0.93));
#733 = LINE('',#734,#735);
#734 = CARTESIAN_POINT('',(1.95,-0.3775,0.93));
#735 = VECTOR('',#736,1.);
#736 = DIRECTION('',(0.,1.,0.));
#737 = ORIENTED_EDGE('',*,*,#738,.F.);
#738 = EDGE_CURVE('',#739,#731,#741,.T.);
#739 = VERTEX_POINT('',#740);
#740 = CARTESIAN_POINT('',(1.95,2.115,0.72));
#741 = LINE('',#742,#743);
#742 = CARTESIAN_POINT('',(1.95,2.115,0.24736685924));
#743 = VECTOR('',#744,1.);
#744 = DIRECTION('',(0.,-0.,1.));
#745 = ORIENTED_EDGE('',*,*,#746,.T.);
#746 = EDGE_CURVE('',#739,#721,#747,.T.);
#747 = LINE('',#748,#749);
#748 = CARTESIAN_POINT('',(1.95,-0.3775,0.72));
#749 = VECTOR('',#750,1.);
#750 = DIRECTION('',(0.,-1.,-0.));
#751 = FACE_BOUND('',#752,.T.);
#752 = EDGE_LOOP('',(#753,#763,#771,#779));
#753 = ORIENTED_EDGE('',*,*,#754,.T.);
#754 = EDGE_CURVE('',#755,#757,#759,.T.);
#755 = VERTEX_POINT('',#756);
#756 = CARTESIAN_POINT('',(1.95,0.425,0.72));
#757 = VERTEX_POINT('',#758);
#758 = CARTESIAN_POINT('',(1.95,0.425,0.93));
#759 = LINE('',#760,#761);
#760 = CARTESIAN_POINT('',(1.95,0.425,0.24736685924));
#761 = VECTOR('',#762,1.);
#762 = DIRECTION('',(0.,-0.,1.));
#763 = ORIENTED_EDGE('',*,*,#764,.T.);
#764 = EDGE_CURVE('',#757,#765,#767,.T.);
#765 = VERTEX_POINT('',#766);
#766 = CARTESIAN_POINT('',(1.95,0.845,0.93));
#767 = LINE('',#768,#769);
#768 = CARTESIAN_POINT('',(1.95,-1.0125,0.93));
#769 = VECTOR('',#770,1.);
#770 = DIRECTION('',(0.,1.,0.));
#771 = ORIENTED_EDGE('',*,*,#772,.F.);
#772 = EDGE_CURVE('',#773,#765,#775,.T.);
#773 = VERTEX_POINT('',#774);
#774 = CARTESIAN_POINT('',(1.95,0.845,0.72));
#775 = LINE('',#776,#777);
#776 = CARTESIAN_POINT('',(1.95,0.845,0.24736685924));
#777 = VECTOR('',#778,1.);
#778 = DIRECTION('',(0.,-0.,1.));
#779 = ORIENTED_EDGE('',*,*,#780,.T.);
#780 = EDGE_CURVE('',#773,#755,#781,.T.);
#781 = LINE('',#782,#783);
#782 = CARTESIAN_POINT('',(1.95,-1.0125,0.72));
#783 = VECTOR('',#784,1.);
#784 = DIRECTION('',(0.,-1.,-0.));
#785 = FACE_BOUND('',#786,.T.);
#786 = EDGE_LOOP('',(#787,#797,#805,#813));
#787 = ORIENTED_EDGE('',*,*,#788,.T.);
#788 = EDGE_CURVE('',#789,#791,#793,.T.);
#789 = VERTEX_POINT('',#790);
#790 = CARTESIAN_POINT('',(1.95,-0.845,0.72));
#791 = VERTEX_POINT('',#792);
#792 = CARTESIAN_POINT('',(1.95,-0.845,0.93));
#793 = LINE('',#794,#795);
#794 = CARTESIAN_POINT('',(1.95,-0.845,0.24736685924));
#795 = VECTOR('',#796,1.);
#796 = DIRECTION('',(0.,-0.,1.));
#797 = ORIENTED_EDGE('',*,*,#798,.T.);
#798 = EDGE_CURVE('',#791,#799,#801,.T.);
#799 = VERTEX_POINT('',#800);
#800 = CARTESIAN_POINT('',(1.95,-0.425,0.93));
#801 = LINE('',#802,#803);
#802 = CARTESIAN_POINT('',(1.95,-1.6475,0.93));
#803 = VECTOR('',#804,1.);
#804 = DIRECTION('',(0.,1.,0.));
#805 = ORIENTED_EDGE('',*,*,#806,.F.);
#806 = EDGE_CURVE('',#807,#799,#809,.T.);
#807 = VERTEX_POINT('',#808);
#808 = CARTESIAN_POINT('',(1.95,-0.425,0.72));
#809 = LINE('',#810,#811);
#810 = CARTESIAN_POINT('',(1.95,-0.425,0.24736685924));
#811 = VECTOR('',#812,1.);
#812 = DIRECTION('',(0.,-0.,1.));
#813 = ORIENTED_EDGE('',*,*,#814,.T.);
#814 = EDGE_CURVE('',#807,#789,#815,.T.);
#815 = LINE('',#816,#817);
#816 = CARTESIAN_POINT('',(1.95,-1.6475,0.72));
#817 = VECTOR('',#818,1.);
#818 = DIRECTION('',(0.,-1.,-0.));
#819 = FACE_BOUND('',#820,.T.);
#820 = EDGE_LOOP('',(#821,#831,#839,#847));
#821 = ORIENTED_EDGE('',*,*,#822,.T.);
#822 = EDGE_CURVE('',#823,#825,#827,.T.);
#823 = VERTEX_POINT('',#824);
#824 = CARTESIAN_POINT('',(1.95,-2.115,0.72));
#825 = VERTEX_POINT('',#826);
#826 = CARTESIAN_POINT('',(1.95,-2.115,0.93));
#827 = LINE('',#828,#829);
#828 = CARTESIAN_POINT('',(1.95,-2.115,0.24736685924));
#829 = VECTOR('',#830,1.);
#830 = DIRECTION('',(0.,-0.,1.));
#831 = ORIENTED_EDGE('',*,*,#832,.T.);
#832 = EDGE_CURVE('',#825,#833,#835,.T.);
#833 = VERTEX_POINT('',#834);
#834 = CARTESIAN_POINT('',(1.95,-1.695,0.93));
#835 = LINE('',#836,#837);
#836 = CARTESIAN_POINT('',(1.95,-2.2825,0.93));
#837 = VECTOR('',#838,1.);
#838 = DIRECTION('',(0.,1.,0.));
#839 = ORIENTED_EDGE('',*,*,#840,.F.);
#840 = EDGE_CURVE('',#841,#833,#843,.T.);
#841 = VERTEX_POINT('',#842);
#842 = CARTESIAN_POINT('',(1.95,-1.695,0.72));
#843 = LINE('',#844,#845);
#844 = CARTESIAN_POINT('',(1.95,-1.695,0.24736685924));
#845 = VECTOR('',#846,1.);
#846 = DIRECTION('',(0.,-0.,1.));
#847 = ORIENTED_EDGE('',*,*,#848,.T.);
#848 = EDGE_CURVE('',#841,#823,#849,.T.);
#849 = LINE('',#850,#851);
#850 = CARTESIAN_POINT('',(1.95,-2.2825,0.72));
#851 = VECTOR('',#852,1.);
#852 = DIRECTION('',(0.,-1.,-0.));
#853 = PLANE('',#854);
#854 = AXIS2_PLACEMENT_3D('',#855,#856,#857);
#855 = CARTESIAN_POINT('',(1.95,-2.45,0.1));
#856 = DIRECTION('',(1.,0.,-0.));
#857 = DIRECTION('',(0.,0.,1.));
#858 = ADVANCED_FACE('',(#859),#878,.F.);
#859 = FACE_BOUND('',#860,.F.);
#860 = EDGE_LOOP('',(#861,#862,#870,#877));
#861 = ORIENTED_EDGE('',*,*,#272,.F.);
#862 = ORIENTED_EDGE('',*,*,#863,.F.);
#863 = EDGE_CURVE('',#864,#273,#866,.T.);
#864 = VERTEX_POINT('',#865);
#865 = CARTESIAN_POINT('',(-0.95,1.75,1.5));
#866 = LINE('',#867,#868);
#867 = CARTESIAN_POINT('',(-0.95,1.75,1.5));
#868 = VECTOR('',#869,1.);
#869 = DIRECTION('',(0.,0.,1.));
#870 = ORIENTED_EDGE('',*,*,#871,.T.);
#871 = EDGE_CURVE('',#864,#864,#872,.T.);
#872 = CIRCLE('',#873,0.3);
#873 = AXIS2_PLACEMENT_3D('',#874,#875,#876);
#874 = CARTESIAN_POINT('',(-1.25,1.75,1.5));
#875 = DIRECTION('',(0.,0.,1.));
#876 = DIRECTION('',(1.,0.,-0.));
#877 = ORIENTED_EDGE('',*,*,#863,.T.);
#878 = CYLINDRICAL_SURFACE('',#879,0.3);
#879 = AXIS2_PLACEMENT_3D('',#880,#881,#882);
#880 = CARTESIAN_POINT('',(-1.25,1.75,1.5));
#881 = DIRECTION('',(0.,0.,1.));
#882 = DIRECTION('',(1.,0.,-0.));
#883 = ADVANCED_FACE('',(#884),#890,.F.);
#884 = FACE_BOUND('',#885,.F.);
#885 = EDGE_LOOP('',(#886,#887,#888,#889));
#886 = ORIENTED_EDGE('',*,*,#395,.T.);
#887 = ORIENTED_EDGE('',*,*,#409,.T.);
#888 = ORIENTED_EDGE('',*,*,#338,.F.);
#889 = ORIENTED_EDGE('',*,*,#361,.F.);
#890 = PLANE('',#891);
#891 = AXIS2_PLACEMENT_3D('',#892,#893,#894);
#892 = CARTESIAN_POINT('',(-1.75,1.695,0.72));
#893 = DIRECTION('',(1.,0.,0.));
#894 = DIRECTION('',(0.,0.,1.));
#895 = ADVANCED_FACE('',(#896),#902,.F.);
#896 = FACE_BOUND('',#897,.F.);
#897 = EDGE_LOOP('',(#898,#899,#900,#901));
#898 = ORIENTED_EDGE('',*,*,#491,.T.);
#899 = ORIENTED_EDGE('',*,*,#505,.T.);
#900 = ORIENTED_EDGE('',*,*,#434,.F.);
#901 = ORIENTED_EDGE('',*,*,#457,.F.);
#902 = PLANE('',#903);
#903 = AXIS2_PLACEMENT_3D('',#904,#905,#906);
#904 = CARTESIAN_POINT('',(-1.75,0.425,0.72));
#905 = DIRECTION('',(1.,0.,0.));
#906 = DIRECTION('',(0.,0.,1.));
#907 = ADVANCED_FACE('',(#908),#914,.F.);
#908 = FACE_BOUND('',#909,.F.);
#909 = EDGE_LOOP('',(#910,#911,#912,#913));
#910 = ORIENTED_EDGE('',*,*,#587,.T.);
#911 = ORIENTED_EDGE('',*,*,#601,.T.);
#912 = ORIENTED_EDGE('',*,*,#530,.F.);
#913 = ORIENTED_EDGE('',*,*,#553,.F.);
#914 = PLANE('',#915);
#915 = AXIS2_PLACEMENT_3D('',#916,#917,#918);
#916 = CARTESIAN_POINT('',(-1.75,-0.845,0.72));
#917 = DIRECTION('',(1.,0.,0.));
#918 = DIRECTION('',(0.,0.,1.));
#919 = ADVANCED_FACE('',(#920),#926,.F.);
#920 = FACE_BOUND('',#921,.F.);
#921 = EDGE_LOOP('',(#922,#923,#924,#925));
#922 = ORIENTED_EDGE('',*,*,#683,.T.);
#923 = ORIENTED_EDGE('',*,*,#697,.T.);
#924 = ORIENTED_EDGE('',*,*,#626,.F.);
#925 = ORIENTED_EDGE('',*,*,#649,.F.);
#926 = PLANE('',#927);
#927 = AXIS2_PLACEMENT_3D('',#928,#929,#930);
#928 = CARTESIAN_POINT('',(-1.75,-2.115,0.72));
#929 = DIRECTION('',(1.,0.,0.));
#930 = DIRECTION('',(0.,0.,1.));
#931 = ADVANCED_FACE('',(#932),#957,.T.);
#932 = FACE_BOUND('',#933,.T.);
#933 = EDGE_LOOP('',(#934,#944,#950,#951));
#934 = ORIENTED_EDGE('',*,*,#935,.T.);
#935 = EDGE_CURVE('',#936,#938,#940,.T.);
#936 = VERTEX_POINT('',#937);
#937 = CARTESIAN_POINT('',(1.75,1.695,0.72));
#938 = VERTEX_POINT('',#939);
#939 = CARTESIAN_POINT('',(1.75,1.695,0.93));
#940 = LINE('',#941,#942);
#941 = CARTESIAN_POINT('',(1.75,1.695,0.72));
#942 = VECTOR('',#943,1.);
#943 = DIRECTION('',(0.,0.,1.));
#944 = ORIENTED_EDGE('',*,*,#945,.T.);
#945 = EDGE_CURVE('',#938,#723,#946,.T.);
#946 = LINE('',#947,#948);
#947 = CARTESIAN_POINT('',(1.75,1.695,0.93));
#948 = VECTOR('',#949,1.);
#949 = DIRECTION('',(1.,0.,0.));
#950 = ORIENTED_EDGE('',*,*,#720,.F.);
#951 = ORIENTED_EDGE('',*,*,#952,.T.);
#952 = EDGE_CURVE('',#721,#936,#953,.T.);
#953 = LINE('',#954,#955);
#954 = CARTESIAN_POINT('',(2.015,1.695,0.72));
#955 = VECTOR('',#956,1.);
#956 = DIRECTION('',(-1.,0.,0.));
#957 = PLANE('',#958);
#958 = AXIS2_PLACEMENT_3D('',#959,#960,#961);
#959 = CARTESIAN_POINT('',(2.317863847575,1.695,0.39473371848));
#960 = DIRECTION('',(0.,1.,0.));
#961 = DIRECTION('',(0.,-0.,1.));
#962 = ADVANCED_FACE('',(#963),#981,.T.);
#963 = FACE_BOUND('',#964,.T.);
#964 = EDGE_LOOP('',(#965,#966,#967,#975));
#965 = ORIENTED_EDGE('',*,*,#952,.F.);
#966 = ORIENTED_EDGE('',*,*,#746,.F.);
#967 = ORIENTED_EDGE('',*,*,#968,.T.);
#968 = EDGE_CURVE('',#739,#969,#971,.T.);
#969 = VERTEX_POINT('',#970);
#970 = CARTESIAN_POINT('',(1.75,2.115,0.72));
#971 = LINE('',#972,#973);
#972 = CARTESIAN_POINT('',(2.015,2.115,0.72));
#973 = VECTOR('',#974,1.);
#974 = DIRECTION('',(-1.,0.,0.));
#975 = ORIENTED_EDGE('',*,*,#976,.F.);
#976 = EDGE_CURVE('',#936,#969,#977,.T.);
#977 = LINE('',#978,#979);
#978 = CARTESIAN_POINT('',(1.75,1.695,0.72));
#979 = VECTOR('',#980,1.);
#980 = DIRECTION('',(0.,1.,0.));
#981 = PLANE('',#982);
#982 = AXIS2_PLACEMENT_3D('',#983,#984,#985);
#983 = CARTESIAN_POINT('',(2.015,1.695,0.72));
#984 = DIRECTION('',(0.,-0.,1.));
#985 = DIRECTION('',(-1.,0.,0.));
#986 = ADVANCED_FACE('',(#987),#1005,.F.);
#987 = FACE_BOUND('',#988,.F.);
#988 = EDGE_LOOP('',(#989,#997,#1003,#1004));
#989 = ORIENTED_EDGE('',*,*,#990,.T.);
#990 = EDGE_CURVE('',#969,#991,#993,.T.);
#991 = VERTEX_POINT('',#992);
#992 = CARTESIAN_POINT('',(1.75,2.115,0.93));
#993 = LINE('',#994,#995);
#994 = CARTESIAN_POINT('',(1.75,2.115,0.72));
#995 = VECTOR('',#996,1.);
#996 = DIRECTION('',(0.,0.,1.));
#997 = ORIENTED_EDGE('',*,*,#998,.T.);
#998 = EDGE_CURVE('',#991,#731,#999,.T.);
#999 = LINE('',#1000,#1001);
#1000 = CARTESIAN_POINT('',(1.75,2.115,0.93));
#1001 = VECTOR('',#1002,1.);
#1002 = DIRECTION('',(1.,0.,0.));
#1003 = ORIENTED_EDGE('',*,*,#738,.F.);
#1004 = ORIENTED_EDGE('',*,*,#968,.T.);
#1005 = PLANE('',#1006);
#1006 = AXIS2_PLACEMENT_3D('',#1007,#1008,#1009);
#1007 = CARTESIAN_POINT('',(2.317863847575,2.115,0.39473371848));
#1008 = DIRECTION('',(0.,1.,0.));
#1009 = DIRECTION('',(0.,-0.,1.));
#1010 = ADVANCED_FACE('',(#1011),#1022,.T.);
#1011 = FACE_BOUND('',#1012,.T.);
#1012 = EDGE_LOOP('',(#1013,#1014,#1020,#1021));
#1013 = ORIENTED_EDGE('',*,*,#945,.F.);
#1014 = ORIENTED_EDGE('',*,*,#1015,.T.);
#1015 = EDGE_CURVE('',#938,#991,#1016,.T.);
#1016 = LINE('',#1017,#1018);
#1017 = CARTESIAN_POINT('',(1.75,1.695,0.93));
#1018 = VECTOR('',#1019,1.);
#1019 = DIRECTION('',(0.,1.,0.));
#1020 = ORIENTED_EDGE('',*,*,#998,.T.);
#1021 = ORIENTED_EDGE('',*,*,#730,.F.);
#1022 = PLANE('',#1023);
#1023 = AXIS2_PLACEMENT_3D('',#1024,#1025,#1026);
#1024 = CARTESIAN_POINT('',(1.75,1.695,0.93));
#1025 = DIRECTION('',(0.,0.,-1.));
#1026 = DIRECTION('',(1.,0.,0.));
#1027 = ADVANCED_FACE('',(#1028),#1053,.T.);
#1028 = FACE_BOUND('',#1029,.T.);
#1029 = EDGE_LOOP('',(#1030,#1040,#1046,#1047));
#1030 = ORIENTED_EDGE('',*,*,#1031,.T.);
#1031 = EDGE_CURVE('',#1032,#1034,#1036,.T.);
#1032 = VERTEX_POINT('',#1033);
#1033 = CARTESIAN_POINT('',(1.75,0.425,0.72));
#1034 = VERTEX_POINT('',#1035);
#1035 = CARTESIAN_POINT('',(1.75,0.425,0.93));
#1036 = LINE('',#1037,#1038);
#1037 = CARTESIAN_POINT('',(1.75,0.425,0.72));
#1038 = VECTOR('',#1039,1.);
#1039 = DIRECTION('',(0.,0.,1.));
#1040 = ORIENTED_EDGE('',*,*,#1041,.T.);
#1041 = EDGE_CURVE('',#1034,#757,#1042,.T.);
#1042 = LINE('',#1043,#1044);
#1043 = CARTESIAN_POINT('',(1.75,0.425,0.93));
#1044 = VECTOR('',#1045,1.);
#1045 = DIRECTION('',(1.,0.,0.));
#1046 = ORIENTED_EDGE('',*,*,#754,.F.);
#1047 = ORIENTED_EDGE('',*,*,#1048,.T.);
#1048 = EDGE_CURVE('',#755,#1032,#1049,.T.);
#1049 = LINE('',#1050,#1051);
#1050 = CARTESIAN_POINT('',(2.015,0.425,0.72));
#1051 = VECTOR('',#1052,1.);
#1052 = DIRECTION('',(-1.,0.,0.));
#1053 = PLANE('',#1054);
#1054 = AXIS2_PLACEMENT_3D('',#1055,#1056,#1057);
#1055 = CARTESIAN_POINT('',(2.317863847575,0.425,0.39473371848));
#1056 = DIRECTION('',(0.,1.,0.));
#1057 = DIRECTION('',(0.,-0.,1.));
#1058 = ADVANCED_FACE('',(#1059),#1077,.T.);
#1059 = FACE_BOUND('',#1060,.T.);
#1060 = EDGE_LOOP('',(#1061,#1062,#1063,#1071));
#1061 = ORIENTED_EDGE('',*,*,#1048,.F.);
#1062 = ORIENTED_EDGE('',*,*,#780,.F.);
#1063 = ORIENTED_EDGE('',*,*,#1064,.T.);
#1064 = EDGE_CURVE('',#773,#1065,#1067,.T.);
#1065 = VERTEX_POINT('',#1066);
#1066 = CARTESIAN_POINT('',(1.75,0.845,0.72));
#1067 = LINE('',#1068,#1069);
#1068 = CARTESIAN_POINT('',(2.015,0.845,0.72));
#1069 = VECTOR('',#1070,1.);
#1070 = DIRECTION('',(-1.,0.,0.));
#1071 = ORIENTED_EDGE('',*,*,#1072,.F.);
#1072 = EDGE_CURVE('',#1032,#1065,#1073,.T.);
#1073 = LINE('',#1074,#1075);
#1074 = CARTESIAN_POINT('',(1.75,0.425,0.72));
#1075 = VECTOR('',#1076,1.);
#1076 = DIRECTION('',(0.,1.,0.));
#1077 = PLANE('',#1078);
#1078 = AXIS2_PLACEMENT_3D('',#1079,#1080,#1081);
#1079 = CARTESIAN_POINT('',(2.015,0.425,0.72));
#1080 = DIRECTION('',(0.,-0.,1.));
#1081 = DIRECTION('',(-1.,0.,0.));
#1082 = ADVANCED_FACE('',(#1083),#1101,.F.);
#1083 = FACE_BOUND('',#1084,.F.);
#1084 = EDGE_LOOP('',(#1085,#1093,#1099,#1100));
#1085 = ORIENTED_EDGE('',*,*,#1086,.T.);
#1086 = EDGE_CURVE('',#1065,#1087,#1089,.T.);
#1087 = VERTEX_POINT('',#1088);
#1088 = CARTESIAN_POINT('',(1.75,0.845,0.93));
#1089 = LINE('',#1090,#1091);
#1090 = CARTESIAN_POINT('',(1.75,0.845,0.72));
#1091 = VECTOR('',#1092,1.);
#1092 = DIRECTION('',(0.,0.,1.));
#1093 = ORIENTED_EDGE('',*,*,#1094,.T.);
#1094 = EDGE_CURVE('',#1087,#765,#1095,.T.);
#1095 = LINE('',#1096,#1097);
#1096 = CARTESIAN_POINT('',(1.75,0.845,0.93));
#1097 = VECTOR('',#1098,1.);
#1098 = DIRECTION('',(1.,0.,0.));
#1099 = ORIENTED_EDGE('',*,*,#772,.F.);
#1100 = ORIENTED_EDGE('',*,*,#1064,.T.);
#1101 = PLANE('',#1102);
#1102 = AXIS2_PLACEMENT_3D('',#1103,#1104,#1105);
#1103 = CARTESIAN_POINT('',(2.317863847575,0.845,0.39473371848));
#1104 = DIRECTION('',(0.,1.,0.));
#1105 = DIRECTION('',(0.,-0.,1.));
#1106 = ADVANCED_FACE('',(#1107),#1118,.T.);
#1107 = FACE_BOUND('',#1108,.T.);
#1108 = EDGE_LOOP('',(#1109,#1110,#1116,#1117));
#1109 = ORIENTED_EDGE('',*,*,#1041,.F.);
#1110 = ORIENTED_EDGE('',*,*,#1111,.T.);
#1111 = EDGE_CURVE('',#1034,#1087,#1112,.T.);
#1112 = LINE('',#1113,#1114);
#1113 = CARTESIAN_POINT('',(1.75,0.425,0.93));
#1114 = VECTOR('',#1115,1.);
#1115 = DIRECTION('',(0.,1.,0.));
#1116 = ORIENTED_EDGE('',*,*,#1094,.T.);
#1117 = ORIENTED_EDGE('',*,*,#764,.F.);
#1118 = PLANE('',#1119);
#1119 = AXIS2_PLACEMENT_3D('',#1120,#1121,#1122);
#1120 = CARTESIAN_POINT('',(1.75,0.425,0.93));
#1121 = DIRECTION('',(0.,0.,-1.));
#1122 = DIRECTION('',(1.,0.,0.));
#1123 = ADVANCED_FACE('',(#1124),#1149,.T.);
#1124 = FACE_BOUND('',#1125,.T.);
#1125 = EDGE_LOOP('',(#1126,#1136,#1142,#1143));
#1126 = ORIENTED_EDGE('',*,*,#1127,.T.);
#1127 = EDGE_CURVE('',#1128,#1130,#1132,.T.);
#1128 = VERTEX_POINT('',#1129);
#1129 = CARTESIAN_POINT('',(1.75,-0.845,0.72));
#1130 = VERTEX_POINT('',#1131);
#1131 = CARTESIAN_POINT('',(1.75,-0.845,0.93));
#1132 = LINE('',#1133,#1134);
#1133 = CARTESIAN_POINT('',(1.75,-0.845,0.72));
#1134 = VECTOR('',#1135,1.);
#1135 = DIRECTION('',(0.,0.,1.));
#1136 = ORIENTED_EDGE('',*,*,#1137,.T.);
#1137 = EDGE_CURVE('',#1130,#791,#1138,.T.);
#1138 = LINE('',#1139,#1140);
#1139 = CARTESIAN_POINT('',(1.75,-0.845,0.93));
#1140 = VECTOR('',#1141,1.);
#1141 = DIRECTION('',(1.,0.,0.));
#1142 = ORIENTED_EDGE('',*,*,#788,.F.);
#1143 = ORIENTED_EDGE('',*,*,#1144,.T.);
#1144 = EDGE_CURVE('',#789,#1128,#1145,.T.);
#1145 = LINE('',#1146,#1147);
#1146 = CARTESIAN_POINT('',(2.015,-0.845,0.72));
#1147 = VECTOR('',#1148,1.);
#1148 = DIRECTION('',(-1.,0.,0.));
#1149 = PLANE('',#1150);
#1150 = AXIS2_PLACEMENT_3D('',#1151,#1152,#1153);
#1151 = CARTESIAN_POINT('',(2.317863847575,-0.845,0.39473371848));
#1152 = DIRECTION('',(0.,1.,0.));
#1153 = DIRECTION('',(0.,-0.,1.));
#1154 = ADVANCED_FACE('',(#1155),#1173,.T.);
#1155 = FACE_BOUND('',#1156,.T.);
#1156 = EDGE_LOOP('',(#1157,#1158,#1159,#1167));
#1157 = ORIENTED_EDGE('',*,*,#1144,.F.);
#1158 = ORIENTED_EDGE('',*,*,#814,.F.);
#1159 = ORIENTED_EDGE('',*,*,#1160,.T.);
#1160 = EDGE_CURVE('',#807,#1161,#1163,.T.);
#1161 = VERTEX_POINT('',#1162);
#1162 = CARTESIAN_POINT('',(1.75,-0.425,0.72));
#1163 = LINE('',#1164,#1165);
#1164 = CARTESIAN_POINT('',(2.015,-0.425,0.72));
#1165 = VECTOR('',#1166,1.);
#1166 = DIRECTION('',(-1.,0.,0.));
#1167 = ORIENTED_EDGE('',*,*,#1168,.F.);
#1168 = EDGE_CURVE('',#1128,#1161,#1169,.T.);
#1169 = LINE('',#1170,#1171);
#1170 = CARTESIAN_POINT('',(1.75,-0.845,0.72));
#1171 = VECTOR('',#1172,1.);
#1172 = DIRECTION('',(0.,1.,0.));
#1173 = PLANE('',#1174);
#1174 = AXIS2_PLACEMENT_3D('',#1175,#1176,#1177);
#1175 = CARTESIAN_POINT('',(2.015,-0.845,0.72));
#1176 = DIRECTION('',(0.,-0.,1.));
#1177 = DIRECTION('',(-1.,0.,0.));
#1178 = ADVANCED_FACE('',(#1179),#1197,.F.);
#1179 = FACE_BOUND('',#1180,.F.);
#1180 = EDGE_LOOP('',(#1181,#1189,#1195,#1196));
#1181 = ORIENTED_EDGE('',*,*,#1182,.T.);
#1182 = EDGE_CURVE('',#1161,#1183,#1185,.T.);
#1183 = VERTEX_POINT('',#1184);
#1184 = CARTESIAN_POINT('',(1.75,-0.425,0.93));
#1185 = LINE('',#1186,#1187);
#1186 = CARTESIAN_POINT('',(1.75,-0.425,0.72));
#1187 = VECTOR('',#1188,1.);
#1188 = DIRECTION('',(0.,0.,1.));
#1189 = ORIENTED_EDGE('',*,*,#1190,.T.);
#1190 = EDGE_CURVE('',#1183,#799,#1191,.T.);
#1191 = LINE('',#1192,#1193);
#1192 = CARTESIAN_POINT('',(1.75,-0.425,0.93));
#1193 = VECTOR('',#1194,1.);
#1194 = DIRECTION('',(1.,0.,0.));
#1195 = ORIENTED_EDGE('',*,*,#806,.F.);
#1196 = ORIENTED_EDGE('',*,*,#1160,.T.);
#1197 = PLANE('',#1198);
#1198 = AXIS2_PLACEMENT_3D('',#1199,#1200,#1201);
#1199 = CARTESIAN_POINT('',(2.317863847575,-0.425,0.39473371848));
#1200 = DIRECTION('',(0.,1.,0.));
#1201 = DIRECTION('',(0.,-0.,1.));
#1202 = ADVANCED_FACE('',(#1203),#1214,.T.);
#1203 = FACE_BOUND('',#1204,.T.);
#1204 = EDGE_LOOP('',(#1205,#1206,#1212,#1213));
#1205 = ORIENTED_EDGE('',*,*,#1137,.F.);
#1206 = ORIENTED_EDGE('',*,*,#1207,.T.);
#1207 = EDGE_CURVE('',#1130,#1183,#1208,.T.);
#1208 = LINE('',#1209,#1210);
#1209 = CARTESIAN_POINT('',(1.75,-0.845,0.93));
#1210 = VECTOR('',#1211,1.);
#1211 = DIRECTION('',(0.,1.,0.));
#1212 = ORIENTED_EDGE('',*,*,#1190,.T.);
#1213 = ORIENTED_EDGE('',*,*,#798,.F.);
#1214 = PLANE('',#1215);
#1215 = AXIS2_PLACEMENT_3D('',#1216,#1217,#1218);
#1216 = CARTESIAN_POINT('',(1.75,-0.845,0.93));
#1217 = DIRECTION('',(0.,0.,-1.));
#1218 = DIRECTION('',(1.,0.,0.));
#1219 = ADVANCED_FACE('',(#1220),#1245,.T.);
#1220 = FACE_BOUND('',#1221,.T.);
#1221 = EDGE_LOOP('',(#1222,#1232,#1238,#1239));
#1222 = ORIENTED_EDGE('',*,*,#1223,.T.);
#1223 = EDGE_CURVE('',#1224,#1226,#1228,.T.);
#1224 = VERTEX_POINT('',#1225);
#1225 = CARTESIAN_POINT('',(1.75,-2.115,0.72));
#1226 = VERTEX_POINT('',#1227);
#1227 = CARTESIAN_POINT('',(1.75,-2.115,0.93));
#1228 = LINE('',#1229,#1230);
#1229 = CARTESIAN_POINT('',(1.75,-2.115,0.72));
#1230 = VECTOR('',#1231,1.);
#1231 = DIRECTION('',(0.,0.,1.));
#1232 = ORIENTED_EDGE('',*,*,#1233,.T.);
#1233 = EDGE_CURVE('',#1226,#825,#1234,.T.);
#1234 = LINE('',#1235,#1236);
#1235 = CARTESIAN_POINT('',(1.75,-2.115,0.93));
#1236 = VECTOR('',#1237,1.);
#1237 = DIRECTION('',(1.,0.,0.));
#1238 = ORIENTED_EDGE('',*,*,#822,.F.);
#1239 = ORIENTED_EDGE('',*,*,#1240,.T.);
#1240 = EDGE_CURVE('',#823,#1224,#1241,.T.);
#1241 = LINE('',#1242,#1243);
#1242 = CARTESIAN_POINT('',(2.015,-2.115,0.72));
#1243 = VECTOR('',#1244,1.);
#1244 = DIRECTION('',(-1.,0.,0.));
#1245 = PLANE('',#1246);
#1246 = AXIS2_PLACEMENT_3D('',#1247,#1248,#1249);
#1247 = CARTESIAN_POINT('',(2.317863847575,-2.115,0.39473371848));
#1248 = DIRECTION('',(0.,1.,0.));
#1249 = DIRECTION('',(0.,-0.,1.));
#1250 = ADVANCED_FACE('',(#1251),#1269,.T.);
#1251 = FACE_BOUND('',#1252,.T.);
#1252 = EDGE_LOOP('',(#1253,#1254,#1255,#1263));
#1253 = ORIENTED_EDGE('',*,*,#1240,.F.);
#1254 = ORIENTED_EDGE('',*,*,#848,.F.);
#1255 = ORIENTED_EDGE('',*,*,#1256,.T.);
#1256 = EDGE_CURVE('',#841,#1257,#1259,.T.);
#1257 = VERTEX_POINT('',#1258);
#1258 = CARTESIAN_POINT('',(1.75,-1.695,0.72));
#1259 = LINE('',#1260,#1261);
#1260 = CARTESIAN_POINT('',(2.015,-1.695,0.72));
#1261 = VECTOR('',#1262,1.);
#1262 = DIRECTION('',(-1.,0.,0.));
#1263 = ORIENTED_EDGE('',*,*,#1264,.F.);
#1264 = EDGE_CURVE('',#1224,#1257,#1265,.T.);
#1265 = LINE('',#1266,#1267);
#1266 = CARTESIAN_POINT('',(1.75,-2.115,0.72));
#1267 = VECTOR('',#1268,1.);
#1268 = DIRECTION('',(0.,1.,0.));
#1269 = PLANE('',#1270);
#1270 = AXIS2_PLACEMENT_3D('',#1271,#1272,#1273);
#1271 = CARTESIAN_POINT('',(2.015,-2.115,0.72));
#1272 = DIRECTION('',(0.,-0.,1.));
#1273 = DIRECTION('',(-1.,0.,0.));
#1274 = ADVANCED_FACE('',(#1275),#1293,.F.);
#1275 = FACE_BOUND('',#1276,.F.);
#1276 = EDGE_LOOP('',(#1277,#1285,#1291,#1292));
#1277 = ORIENTED_EDGE('',*,*,#1278,.T.);
#1278 = EDGE_CURVE('',#1257,#1279,#1281,.T.);
#1279 = VERTEX_POINT('',#1280);
#1280 = CARTESIAN_POINT('',(1.75,-1.695,0.93));
#1281 = LINE('',#1282,#1283);
#1282 = CARTESIAN_POINT('',(1.75,-1.695,0.72));
#1283 = VECTOR('',#1284,1.);
#1284 = DIRECTION('',(0.,0.,1.));
#1285 = ORIENTED_EDGE('',*,*,#1286,.T.);
#1286 = EDGE_CURVE('',#1279,#833,#1287,.T.);
#1287 = LINE('',#1288,#1289);
#1288 = CARTESIAN_POINT('',(1.75,-1.695,0.93));
#1289 = VECTOR('',#1290,1.);
#1290 = DIRECTION('',(1.,0.,0.));
#1291 = ORIENTED_EDGE('',*,*,#840,.F.);
#1292 = ORIENTED_EDGE('',*,*,#1256,.T.);
#1293 = PLANE('',#1294);
#1294 = AXIS2_PLACEMENT_3D('',#1295,#1296,#1297);
#1295 = CARTESIAN_POINT('',(2.317863847575,-1.695,0.39473371848));
#1296 = DIRECTION('',(0.,1.,0.));
#1297 = DIRECTION('',(0.,-0.,1.));
#1298 = ADVANCED_FACE('',(#1299),#1310,.T.);
#1299 = FACE_BOUND('',#1300,.T.);
#1300 = EDGE_LOOP('',(#1301,#1302,#1308,#1309));
#1301 = ORIENTED_EDGE('',*,*,#1233,.F.);
#1302 = ORIENTED_EDGE('',*,*,#1303,.T.);
#1303 = EDGE_CURVE('',#1226,#1279,#1304,.T.);
#1304 = LINE('',#1305,#1306);
#1305 = CARTESIAN_POINT('',(1.75,-2.115,0.93));
#1306 = VECTOR('',#1307,1.);
#1307 = DIRECTION('',(0.,1.,0.));
#1308 = ORIENTED_EDGE('',*,*,#1286,.T.);
#1309 = ORIENTED_EDGE('',*,*,#832,.F.);
#1310 = PLANE('',#1311);
#1311 = AXIS2_PLACEMENT_3D('',#1312,#1313,#1314);
#1312 = CARTESIAN_POINT('',(1.75,-2.115,0.93));
#1313 = DIRECTION('',(0.,0.,-1.));
#1314 = DIRECTION('',(1.,0.,0.));
#1315 = ADVANCED_FACE('',(#1316),#1319,.T.);
#1316 = FACE_BOUND('',#1317,.F.);
#1317 = EDGE_LOOP('',(#1318));
#1318 = ORIENTED_EDGE('',*,*,#871,.F.);
#1319 = PLANE('',#1320);
#1320 = AXIS2_PLACEMENT_3D('',#1321,#1322,#1323);
#1321 = CARTESIAN_POINT('',(-1.25,1.75,1.5));
#1322 = DIRECTION('',(0.,0.,1.));
#1323 = DIRECTION('',(1.,0.,-0.));
#1324 = ADVANCED_FACE('',(#1325),#1331,.T.);
#1325 = FACE_BOUND('',#1326,.T.);
#1326 = EDGE_LOOP('',(#1327,#1328,#1329,#1330));
#1327 = ORIENTED_EDGE('',*,*,#976,.T.);
#1328 = ORIENTED_EDGE('',*,*,#990,.T.);
#1329 = ORIENTED_EDGE('',*,*,#1015,.F.);
#1330 = ORIENTED_EDGE('',*,*,#935,.F.);
#1331 = PLANE('',#1332);
#1332 = AXIS2_PLACEMENT_3D('',#1333,#1334,#1335);
#1333 = CARTESIAN_POINT('',(1.75,1.695,0.72));
#1334 = DIRECTION('',(1.,0.,0.));
#1335 = DIRECTION('',(0.,0.,1.));
#1336 = ADVANCED_FACE('',(#1337),#1343,.T.);
#1337 = FACE_BOUND('',#1338,.T.);
#1338 = EDGE_LOOP('',(#1339,#1340,#1341,#1342));
#1339 = ORIENTED_EDGE('',*,*,#1072,.T.);
#1340 = ORIENTED_EDGE('',*,*,#1086,.T.);
#1341 = ORIENTED_EDGE('',*,*,#1111,.F.);
#1342 = ORIENTED_EDGE('',*,*,#1031,.F.);
#1343 = PLANE('',#1344);
#1344 = AXIS2_PLACEMENT_3D('',#1345,#1346,#1347);
#1345 = CARTESIAN_POINT('',(1.75,0.425,0.72));
#1346 = DIRECTION('',(1.,0.,0.));
#1347 = DIRECTION('',(0.,0.,1.));
#1348 = ADVANCED_FACE('',(#1349),#1355,.T.);
#1349 = FACE_BOUND('',#1350,.T.);
#1350 = EDGE_LOOP('',(#1351,#1352,#1353,#1354));
#1351 = ORIENTED_EDGE('',*,*,#1168,.T.);
#1352 = ORIENTED_EDGE('',*,*,#1182,.T.);
#1353 = ORIENTED_EDGE('',*,*,#1207,.F.);
#1354 = ORIENTED_EDGE('',*,*,#1127,.F.);
#1355 = PLANE('',#1356);
#1356 = AXIS2_PLACEMENT_3D('',#1357,#1358,#1359);
#1357 = CARTESIAN_POINT('',(1.75,-0.845,0.72));
#1358 = DIRECTION('',(1.,0.,0.));
#1359 = DIRECTION('',(0.,0.,1.));
#1360 = ADVANCED_FACE('',(#1361),#1367,.T.);
#1361 = FACE_BOUND('',#1362,.T.);
#1362 = EDGE_LOOP('',(#1363,#1364,#1365,#1366));
#1363 = ORIENTED_EDGE('',*,*,#1264,.T.);
#1364 = ORIENTED_EDGE('',*,*,#1278,.T.);
#1365 = ORIENTED_EDGE('',*,*,#1303,.F.);
#1366 = ORIENTED_EDGE('',*,*,#1223,.F.);
#1367 = PLANE('',#1368);
#1368 = AXIS2_PLACEMENT_3D('',#1369,#1370,#1371);
#1369 = CARTESIAN_POINT('',(1.75,-2.115,0.72));
#1370 = DIRECTION('',(1.,0.,0.));
#1371 = DIRECTION('',(0.,0.,1.));
#1372 = ( GEOMETRIC_REPRESENTATION_CONTEXT(3) 
GLOBAL_UNCERTAINTY_ASSIGNED_CONTEXT((#1376)) 
GLOBAL_UNIT_ASSIGNED_CONTEXT((#1373,#1374,#1375)) REPRESENTATION_CONTEXT
('Context #1','3D Context with UNIT and UNCERTAINTY') );
#1373 = ( LENGTH_UNIT() NAMED_UNIT(*) SI_UNIT(.MILLI.,.METRE.) );
#1374 = ( NAMED_UNIT(*) PLANE_ANGLE_UNIT() SI_UNIT($,.RADIAN.) );
#1375 = ( NAMED_UNIT(*) SI_UNIT($,.STERADIAN.) SOLID_ANGLE_UNIT() );
#1376 = UNCERTAINTY_MEASURE_WITH_UNIT(LENGTH_MEASURE(1.E-07),#1373,
  'distance_accuracy_value','confusion accuracy');
#1377 = CONTEXT_DEPENDENT_SHAPE_REPRESENTATION(#1378,#1380);
#1378 = ( REPRESENTATION_RELATIONSHIP('','',#40,#10) 
REPRESENTATION_RELATIONSHIP_WITH_TRANSFORMATION(#1379) 
SHAPE_REPRESENTATION_RELATIONSHIP() );
#1379 = ITEM_DEFINED_TRANSFORMATION('','',#11,#15);
#1380 = PRODUCT_DEFINITION_SHAPE('Placement','Placement of an item',
  #1381);
#1381 = NEXT_ASSEMBLY_USAGE_OCCURRENCE('1','body','',#5,#35,$);
#1382 = PRODUCT_RELATED_PRODUCT_CATEGORY('part',$,(#37));
#1383 = SHAPE_DEFINITION_REPRESENTATION(#1384,#1390);
#1384 = PRODUCT_DEFINITION_SHAPE('','',#1385);
#1385 = PRODUCT_DEFINITION('design','',#1386,#1389);
#1386 = PRODUCT_DEFINITION_FORMATION('','',#1387);
#1387 = PRODUCT('leads','leads','',(#1388));
#1388 = PRODUCT_CONTEXT('',#2,'mechanical');
#1389 = PRODUCT_DEFINITION_CONTEXT('part definition',#2,'design');
#1390 = SHAPE_REPRESENTATION('',(#11,#1391,#1673,#1955,#2237,#2519,#2801
    ,#3083,#3365),#3647);
#1391 = MANIFOLD_SOLID_BREP('',#1392);
#1392 = CLOSED_SHELL('',(#1393,#1433,#1464,#1495,#1526,#1557,#1588,#1619
    ,#1641,#1657));
#1393 = ADVANCED_FACE('',(#1394),#1428,.T.);
#1394 = FACE_BOUND('',#1395,.T.);
#1395 = EDGE_LOOP('',(#1396,#1406,#1414,#1422));
#1396 = ORIENTED_EDGE('',*,*,#1397,.T.);
#1397 = EDGE_CURVE('',#1398,#1400,#1402,.T.);
#1398 = VERTEX_POINT('',#1399);
#1399 = CARTESIAN_POINT('',(-1.75,1.695,0.93));
#1400 = VERTEX_POINT('',#1401);
#1401 = CARTESIAN_POINT('',(-1.75,2.115,0.93));
#1402 = LINE('',#1403,#1404);
#1403 = CARTESIAN_POINT('',(-1.75,1.695,0.93));
#1404 = VECTOR('',#1405,1.);
#1405 = DIRECTION('',(0.,1.,0.));
#1406 = ORIENTED_EDGE('',*,*,#1407,.T.);
#1407 = EDGE_CURVE('',#1400,#1408,#1410,.T.);
#1408 = VERTEX_POINT('',#1409);
#1409 = CARTESIAN_POINT('',(-2.185758886762,2.115,0.93));
#1410 = LINE('',#1411,#1412);
#1411 = CARTESIAN_POINT('',(-1.75,2.115,0.93));
#1412 = VECTOR('',#1413,1.);
#1413 = DIRECTION('',(-1.,0.,0.));
#1414 = ORIENTED_EDGE('',*,*,#1415,.F.);
#1415 = EDGE_CURVE('',#1416,#1408,#1418,.T.);
#1416 = VERTEX_POINT('',#1417);
#1417 = CARTESIAN_POINT('',(-2.185758886762,1.695,0.93));
#1418 = LINE('',#1419,#1420);
#1419 = CARTESIAN_POINT('',(-2.185758886762,1.695,0.93));
#1420 = VECTOR('',#1421,1.);
#1421 = DIRECTION('',(0.,1.,0.));
#1422 = ORIENTED_EDGE('',*,*,#1423,.F.);
#1423 = EDGE_CURVE('',#1398,#1416,#1424,.T.);
#1424 = LINE('',#1425,#1426);
#1425 = CARTESIAN_POINT('',(-1.75,1.695,0.93));
#1426 = VECTOR('',#1427,1.);
#1427 = DIRECTION('',(-1.,0.,0.));
#1428 = PLANE('',#1429);
#1429 = AXIS2_PLACEMENT_3D('',#1430,#1431,#1432);
#1430 = CARTESIAN_POINT('',(-1.75,1.695,0.93));
#1431 = DIRECTION('',(0.,-0.,1.));
#1432 = DIRECTION('',(-1.,0.,0.));
#1433 = ADVANCED_FACE('',(#1434),#1459,.T.);
#1434 = FACE_BOUND('',#1435,.T.);
#1435 = EDGE_LOOP('',(#1436,#1437,#1445,#1453));
#1436 = ORIENTED_EDGE('',*,*,#1415,.T.);
#1437 = ORIENTED_EDGE('',*,*,#1438,.T.);
#1438 = EDGE_CURVE('',#1408,#1439,#1441,.T.);
#1439 = VERTEX_POINT('',#1440);
#1440 = CARTESIAN_POINT('',(-2.335758886762,2.115,0.21));
#1441 = LINE('',#1442,#1443);
#1442 = CARTESIAN_POINT('',(-2.185758886762,2.115,0.93));
#1443 = VECTOR('',#1444,1.);
#1444 = DIRECTION('',(-0.203954254112,0.,-0.978980419738));
#1445 = ORIENTED_EDGE('',*,*,#1446,.F.);
#1446 = EDGE_CURVE('',#1447,#1439,#1449,.T.);
#1447 = VERTEX_POINT('',#1448);
#1448 = CARTESIAN_POINT('',(-2.335758886762,1.695,0.21));
#1449 = LINE('',#1450,#1451);
#1450 = CARTESIAN_POINT('',(-2.335758886762,1.695,0.21));
#1451 = VECTOR('',#1452,1.);
#1452 = DIRECTION('',(0.,1.,0.));
#1453 = ORIENTED_EDGE('',*,*,#1454,.F.);
#1454 = EDGE_CURVE('',#1416,#1447,#1455,.T.);
#1455 = LINE('',#1456,#1457);
#1456 = CARTESIAN_POINT('',(-2.185758886762,1.695,0.93));
#1457 = VECTOR('',#1458,1.);
#1458 = DIRECTION('',(-0.203954254112,0.,-0.978980419738));
#1459 = PLANE('',#1460);
#1460 = AXIS2_PLACEMENT_3D('',#1461,#1462,#1463);
#1461 = CARTESIAN_POINT('',(-2.185758886762,1.695,0.93));
#1462 = DIRECTION('',(-0.978980419738,0.,0.203954254112));
#1463 = DIRECTION('',(-0.203954254112,0.,-0.978980419738));
#1464 = ADVANCED_FACE('',(#1465),#1490,.T.);
#1465 = FACE_BOUND('',#1466,.T.);
#1466 = EDGE_LOOP('',(#1467,#1468,#1476,#1484));
#1467 = ORIENTED_EDGE('',*,*,#1446,.T.);
#1468 = ORIENTED_EDGE('',*,*,#1469,.T.);
#1469 = EDGE_CURVE('',#1439,#1470,#1472,.T.);
#1470 = VERTEX_POINT('',#1471);
#1471 = CARTESIAN_POINT('',(-3.,2.115,0.21));
#1472 = LINE('',#1473,#1474);
#1473 = CARTESIAN_POINT('',(-2.335758886762,2.115,0.21));
#1474 = VECTOR('',#1475,1.);
#1475 = DIRECTION('',(-1.,0.,0.));
#1476 = ORIENTED_EDGE('',*,*,#1477,.F.);
#1477 = EDGE_CURVE('',#1478,#1470,#1480,.T.);
#1478 = VERTEX_POINT('',#1479);
#1479 = CARTESIAN_POINT('',(-3.,1.695,0.21));
#1480 = LINE('',#1481,#1482);
#1481 = CARTESIAN_POINT('',(-3.,1.695,0.21));
#1482 = VECTOR('',#1483,1.);
#1483 = DIRECTION('',(0.,1.,0.));
#1484 = ORIENTED_EDGE('',*,*,#1485,.F.);
#1485 = EDGE_CURVE('',#1447,#1478,#1486,.T.);
#1486 = LINE('',#1487,#1488);
#1487 = CARTESIAN_POINT('',(-2.335758886762,1.695,0.21));
#1488 = VECTOR('',#1489,1.);
#1489 = DIRECTION('',(-1.,0.,0.));
#1490 = PLANE('',#1491);
#1491 = AXIS2_PLACEMENT_3D('',#1492,#1493,#1494);
#1492 = CARTESIAN_POINT('',(-2.335758886762,1.695,0.21));
#1493 = DIRECTION('',(0.,-0.,1.));
#1494 = DIRECTION('',(-1.,0.,0.));
#1495 = ADVANCED_FACE('',(#1496),#1521,.T.);
#1496 = FACE_BOUND('',#1497,.T.);
#1497 = EDGE_LOOP('',(#1498,#1499,#1507,#1515));
#1498 = ORIENTED_EDGE('',*,*,#1477,.T.);
#1499 = ORIENTED_EDGE('',*,*,#1500,.T.);
#1500 = EDGE_CURVE('',#1470,#1501,#1503,.T.);
#1501 = VERTEX_POINT('',#1502);
#1502 = CARTESIAN_POINT('',(-3.,2.115,0.));
#1503 = LINE('',#1504,#1505);
#1504 = CARTESIAN_POINT('',(-3.,2.115,0.21));
#1505 = VECTOR('',#1506,1.);
#1506 = DIRECTION('',(0.,0.,-1.));
#1507 = ORIENTED_EDGE('',*,*,#1508,.F.);
#1508 = EDGE_CURVE('',#1509,#1501,#1511,.T.);
#1509 = VERTEX_POINT('',#1510);
#1510 = CARTESIAN_POINT('',(-3.,1.695,0.));
#1511 = LINE('',#1512,#1513);
#1512 = CARTESIAN_POINT('',(-3.,1.695,0.));
#1513 = VECTOR('',#1514,1.);
#1514 = DIRECTION('',(0.,1.,0.));
#1515 = ORIENTED_EDGE('',*,*,#1516,.F.);
#1516 = EDGE_CURVE('',#1478,#1509,#1517,.T.);
#1517 = LINE('',#1518,#1519);
#1518 = CARTESIAN_POINT('',(-3.,1.695,0.21));
#1519 = VECTOR('',#1520,1.);
#1520 = DIRECTION('',(0.,0.,-1.));
#1521 = PLANE('',#1522);
#1522 = AXIS2_PLACEMENT_3D('',#1523,#1524,#1525);
#1523 = CARTESIAN_POINT('',(-3.,1.695,0.21));
#1524 = DIRECTION('',(-1.,0.,0.));
#1525 = DIRECTION('',(0.,0.,-1.));
#1526 = ADVANCED_FACE('',(#1527),#1552,.T.);
#1527 = FACE_BOUND('',#1528,.T.);
#1528 = EDGE_LOOP('',(#1529,#1530,#1538,#1546));
#1529 = ORIENTED_EDGE('',*,*,#1508,.T.);
#1530 = ORIENTED_EDGE('',*,*,#1531,.T.);
#1531 = EDGE_CURVE('',#1501,#1532,#1534,.T.);
#1532 = VERTEX_POINT('',#1533);
#1533 = CARTESIAN_POINT('',(-2.165,2.115,0.));
#1534 = LINE('',#1535,#1536);
#1535 = CARTESIAN_POINT('',(-3.,2.115,0.));
#1536 = VECTOR('',#1537,1.);
#1537 = DIRECTION('',(1.,0.,0.));
#1538 = ORIENTED_EDGE('',*,*,#1539,.F.);
#1539 = EDGE_CURVE('',#1540,#1532,#1542,.T.);
#1540 = VERTEX_POINT('',#1541);
#1541 = CARTESIAN_POINT('',(-2.165,1.695,0.));
#1542 = LINE('',#1543,#1544);
#1543 = CARTESIAN_POINT('',(-2.165,1.695,0.));
#1544 = VECTOR('',#1545,1.);
#1545 = DIRECTION('',(0.,1.,0.));
#1546 = ORIENTED_EDGE('',*,*,#1547,.F.);
#1547 = EDGE_CURVE('',#1509,#1540,#1548,.T.);
#1548 = LINE('',#1549,#1550);
#1549 = CARTESIAN_POINT('',(-3.,1.695,0.));
#1550 = VECTOR('',#1551,1.);
#1551 = DIRECTION('',(1.,0.,0.));
#1552 = PLANE('',#1553);
#1553 = AXIS2_PLACEMENT_3D('',#1554,#1555,#1556);
#1554 = CARTESIAN_POINT('',(-3.,1.695,0.));
#1555 = DIRECTION('',(0.,0.,-1.));
#1556 = DIRECTION('',(1.,0.,0.));
#1557 = ADVANCED_FACE('',(#1558),#1583,.T.);
#1558 = FACE_BOUND('',#1559,.T.);
#1559 = EDGE_LOOP('',(#1560,#1561,#1569,#1577));
#1560 = ORIENTED_EDGE('',*,*,#1539,.T.);
#1561 = ORIENTED_EDGE('',*,*,#1562,.T.);
#1562 = EDGE_CURVE('',#1532,#1563,#1565,.T.);
#1563 = VERTEX_POINT('',#1564);
#1564 = CARTESIAN_POINT('',(-2.015,2.115,0.72));
#1565 = LINE('',#1566,#1567);
#1566 = CARTESIAN_POINT('',(-2.165,2.115,0.));
#1567 = VECTOR('',#1568,1.);
#1568 = DIRECTION('',(0.203954254112,0.,0.978980419738));
#1569 = ORIENTED_EDGE('',*,*,#1570,.F.);
#1570 = EDGE_CURVE('',#1571,#1563,#1573,.T.);
#1571 = VERTEX_POINT('',#1572);
#1572 = CARTESIAN_POINT('',(-2.015,1.695,0.72));
#1573 = LINE('',#1574,#1575);
#1574 = CARTESIAN_POINT('',(-2.015,1.695,0.72));
#1575 = VECTOR('',#1576,1.);
#1576 = DIRECTION('',(0.,1.,0.));
#1577 = ORIENTED_EDGE('',*,*,#1578,.F.);
#1578 = EDGE_CURVE('',#1540,#1571,#1579,.T.);
#1579 = LINE('',#1580,#1581);
#1580 = CARTESIAN_POINT('',(-2.165,1.695,0.));
#1581 = VECTOR('',#1582,1.);
#1582 = DIRECTION('',(0.203954254112,0.,0.978980419738));
#1583 = PLANE('',#1584);
#1584 = AXIS2_PLACEMENT_3D('',#1585,#1586,#1587);
#1585 = CARTESIAN_POINT('',(-2.165,1.695,0.));
#1586 = DIRECTION('',(0.978980419738,0.,-0.203954254112));
#1587 = DIRECTION('',(0.203954254112,0.,0.978980419738));
#1588 = ADVANCED_FACE('',(#1589),#1614,.T.);
#1589 = FACE_BOUND('',#1590,.T.);
#1590 = EDGE_LOOP('',(#1591,#1592,#1600,#1608));
#1591 = ORIENTED_EDGE('',*,*,#1570,.T.);
#1592 = ORIENTED_EDGE('',*,*,#1593,.T.);
#1593 = EDGE_CURVE('',#1563,#1594,#1596,.T.);
#1594 = VERTEX_POINT('',#1595);
#1595 = CARTESIAN_POINT('',(-1.75,2.115,0.72));
#1596 = LINE('',#1597,#1598);
#1597 = CARTESIAN_POINT('',(-2.015,2.115,0.72));
#1598 = VECTOR('',#1599,1.);
#1599 = DIRECTION('',(1.,0.,0.));
#1600 = ORIENTED_EDGE('',*,*,#1601,.F.);
#1601 = EDGE_CURVE('',#1602,#1594,#1604,.T.);
#1602 = VERTEX_POINT('',#1603);
#1603 = CARTESIAN_POINT('',(-1.75,1.695,0.72));
#1604 = LINE('',#1605,#1606);
#1605 = CARTESIAN_POINT('',(-1.75,1.695,0.72));
#1606 = VECTOR('',#1607,1.);
#1607 = DIRECTION('',(0.,1.,0.));
#1608 = ORIENTED_EDGE('',*,*,#1609,.F.);
#1609 = EDGE_CURVE('',#1571,#1602,#1610,.T.);
#1610 = LINE('',#1611,#1612);
#1611 = CARTESIAN_POINT('',(-2.015,1.695,0.72));
#1612 = VECTOR('',#1613,1.);
#1613 = DIRECTION('',(1.,0.,0.));
#1614 = PLANE('',#1615);
#1615 = AXIS2_PLACEMENT_3D('',#1616,#1617,#1618);
#1616 = CARTESIAN_POINT('',(-2.015,1.695,0.72));
#1617 = DIRECTION('',(0.,0.,-1.));
#1618 = DIRECTION('',(1.,0.,0.));
#1619 = ADVANCED_FACE('',(#1620),#1636,.T.);
#1620 = FACE_BOUND('',#1621,.T.);
#1621 = EDGE_LOOP('',(#1622,#1623,#1629,#1630));
#1622 = ORIENTED_EDGE('',*,*,#1601,.T.);
#1623 = ORIENTED_EDGE('',*,*,#1624,.T.);
#1624 = EDGE_CURVE('',#1594,#1400,#1625,.T.);
#1625 = LINE('',#1626,#1627);
#1626 = CARTESIAN_POINT('',(-1.75,2.115,0.72));
#1627 = VECTOR('',#1628,1.);
#1628 = DIRECTION('',(0.,0.,1.));
#1629 = ORIENTED_EDGE('',*,*,#1397,.F.);
#1630 = ORIENTED_EDGE('',*,*,#1631,.F.);
#1631 = EDGE_CURVE('',#1602,#1398,#1632,.T.);
#1632 = LINE('',#1633,#1634);
#1633 = CARTESIAN_POINT('',(-1.75,1.695,0.72));
#1634 = VECTOR('',#1635,1.);
#1635 = DIRECTION('',(0.,0.,1.));
#1636 = PLANE('',#1637);
#1637 = AXIS2_PLACEMENT_3D('',#1638,#1639,#1640);
#1638 = CARTESIAN_POINT('',(-1.75,1.695,0.72));
#1639 = DIRECTION('',(1.,0.,0.));
#1640 = DIRECTION('',(0.,0.,1.));
#1641 = ADVANCED_FACE('',(#1642),#1652,.T.);
#1642 = FACE_BOUND('',#1643,.T.);
#1643 = EDGE_LOOP('',(#1644,#1645,#1646,#1647,#1648,#1649,#1650,#1651));
#1644 = ORIENTED_EDGE('',*,*,#1423,.T.);
#1645 = ORIENTED_EDGE('',*,*,#1454,.T.);
#1646 = ORIENTED_EDGE('',*,*,#1485,.T.);
#1647 = ORIENTED_EDGE('',*,*,#1516,.T.);
#1648 = ORIENTED_EDGE('',*,*,#1547,.T.);
#1649 = ORIENTED_EDGE('',*,*,#1578,.T.);
#1650 = ORIENTED_EDGE('',*,*,#1609,.T.);
#1651 = ORIENTED_EDGE('',*,*,#1631,.T.);
#1652 = PLANE('',#1653);
#1653 = AXIS2_PLACEMENT_3D('',#1654,#1655,#1656);
#1654 = CARTESIAN_POINT('',(-2.317863847575,1.695,0.39473371848));
#1655 = DIRECTION('',(-0.,-1.,-0.));
#1656 = DIRECTION('',(0.,0.,-1.));
#1657 = ADVANCED_FACE('',(#1658),#1668,.F.);
#1658 = FACE_BOUND('',#1659,.F.);
#1659 = EDGE_LOOP('',(#1660,#1661,#1662,#1663,#1664,#1665,#1666,#1667));
#1660 = ORIENTED_EDGE('',*,*,#1407,.T.);
#1661 = ORIENTED_EDGE('',*,*,#1438,.T.);
#1662 = ORIENTED_EDGE('',*,*,#1469,.T.);
#1663 = ORIENTED_EDGE('',*,*,#1500,.T.);
#1664 = ORIENTED_EDGE('',*,*,#1531,.T.);
#1665 = ORIENTED_EDGE('',*,*,#1562,.T.);
#1666 = ORIENTED_EDGE('',*,*,#1593,.T.);
#1667 = ORIENTED_EDGE('',*,*,#1624,.T.);
#1668 = PLANE('',#1669);
#1669 = AXIS2_PLACEMENT_3D('',#1670,#1671,#1672);
#1670 = CARTESIAN_POINT('',(-2.317863847575,2.115,0.39473371848));
#1671 = DIRECTION('',(-0.,-1.,-0.));
#1672 = DIRECTION('',(0.,0.,-1.));
#1673 = MANIFOLD_SOLID_BREP('',#1674);
#1674 = CLOSED_SHELL('',(#1675,#1715,#1746,#1777,#1808,#1839,#1870,#1901
    ,#1923,#1939));
#1675 = ADVANCED_FACE('',(#1676),#1710,.T.);
#1676 = FACE_BOUND('',#1677,.T.);
#1677 = EDGE_LOOP('',(#1678,#1688,#1696,#1704));
#1678 = ORIENTED_EDGE('',*,*,#1679,.T.);
#1679 = EDGE_CURVE('',#1680,#1682,#1684,.T.);
#1680 = VERTEX_POINT('',#1681);
#1681 = CARTESIAN_POINT('',(-1.75,0.425,0.93));
#1682 = VERTEX_POINT('',#1683);
#1683 = CARTESIAN_POINT('',(-1.75,0.845,0.93));
#1684 = LINE('',#1685,#1686);
#1685 = CARTESIAN_POINT('',(-1.75,0.425,0.93));
#1686 = VECTOR('',#1687,1.);
#1687 = DIRECTION('',(0.,1.,0.));
#1688 = ORIENTED_EDGE('',*,*,#1689,.T.);
#1689 = EDGE_CURVE('',#1682,#1690,#1692,.T.);
#1690 = VERTEX_POINT('',#1691);
#1691 = CARTESIAN_POINT('',(-2.185758886762,0.845,0.93));
#1692 = LINE('',#1693,#1694);
#1693 = CARTESIAN_POINT('',(-1.75,0.845,0.93));
#1694 = VECTOR('',#1695,1.);
#1695 = DIRECTION('',(-1.,0.,0.));
#1696 = ORIENTED_EDGE('',*,*,#1697,.F.);
#1697 = EDGE_CURVE('',#1698,#1690,#1700,.T.);
#1698 = VERTEX_POINT('',#1699);
#1699 = CARTESIAN_POINT('',(-2.185758886762,0.425,0.93));
#1700 = LINE('',#1701,#1702);
#1701 = CARTESIAN_POINT('',(-2.185758886762,0.425,0.93));
#1702 = VECTOR('',#1703,1.);
#1703 = DIRECTION('',(0.,1.,0.));
#1704 = ORIENTED_EDGE('',*,*,#1705,.F.);
#1705 = EDGE_CURVE('',#1680,#1698,#1706,.T.);
#1706 = LINE('',#1707,#1708);
#1707 = CARTESIAN_POINT('',(-1.75,0.425,0.93));
#1708 = VECTOR('',#1709,1.);
#1709 = DIRECTION('',(-1.,0.,0.));
#1710 = PLANE('',#1711);
#1711 = AXIS2_PLACEMENT_3D('',#1712,#1713,#1714);
#1712 = CARTESIAN_POINT('',(-1.75,0.425,0.93));
#1713 = DIRECTION('',(0.,-0.,1.));
#1714 = DIRECTION('',(-1.,0.,0.));
#1715 = ADVANCED_FACE('',(#1716),#1741,.T.);
#1716 = FACE_BOUND('',#1717,.T.);
#1717 = EDGE_LOOP('',(#1718,#1719,#1727,#1735));
#1718 = ORIENTED_EDGE('',*,*,#1697,.T.);
#1719 = ORIENTED_EDGE('',*,*,#1720,.T.);
#1720 = EDGE_CURVE('',#1690,#1721,#1723,.T.);
#1721 = VERTEX_POINT('',#1722);
#1722 = CARTESIAN_POINT('',(-2.335758886762,0.845,0.21));
#1723 = LINE('',#1724,#1725);
#1724 = CARTESIAN_POINT('',(-2.185758886762,0.845,0.93));
#1725 = VECTOR('',#1726,1.);
#1726 = DIRECTION('',(-0.203954254112,0.,-0.978980419738));
#1727 = ORIENTED_EDGE('',*,*,#1728,.F.);
#1728 = EDGE_CURVE('',#1729,#1721,#1731,.T.);
#1729 = VERTEX_POINT('',#1730);
#1730 = CARTESIAN_POINT('',(-2.335758886762,0.425,0.21));
#1731 = LINE('',#1732,#1733);
#1732 = CARTESIAN_POINT('',(-2.335758886762,0.425,0.21));
#1733 = VECTOR('',#1734,1.);
#1734 = DIRECTION('',(0.,1.,0.));
#1735 = ORIENTED_EDGE('',*,*,#1736,.F.);
#1736 = EDGE_CURVE('',#1698,#1729,#1737,.T.);
#1737 = LINE('',#1738,#1739);
#1738 = CARTESIAN_POINT('',(-2.185758886762,0.425,0.93));
#1739 = VECTOR('',#1740,1.);
#1740 = DIRECTION('',(-0.203954254112,0.,-0.978980419738));
#1741 = PLANE('',#1742);
#1742 = AXIS2_PLACEMENT_3D('',#1743,#1744,#1745);
#1743 = CARTESIAN_POINT('',(-2.185758886762,0.425,0.93));
#1744 = DIRECTION('',(-0.978980419738,0.,0.203954254112));
#1745 = DIRECTION('',(-0.203954254112,0.,-0.978980419738));
#1746 = ADVANCED_FACE('',(#1747),#1772,.T.);
#1747 = FACE_BOUND('',#1748,.T.);
#1748 = EDGE_LOOP('',(#1749,#1750,#1758,#1766));
#1749 = ORIENTED_EDGE('',*,*,#1728,.T.);
#1750 = ORIENTED_EDGE('',*,*,#1751,.T.);
#1751 = EDGE_CURVE('',#1721,#1752,#1754,.T.);
#1752 = VERTEX_POINT('',#1753);
#1753 = CARTESIAN_POINT('',(-3.,0.845,0.21));
#1754 = LINE('',#1755,#1756);
#1755 = CARTESIAN_POINT('',(-2.335758886762,0.845,0.21));
#1756 = VECTOR('',#1757,1.);
#1757 = DIRECTION('',(-1.,0.,0.));
#1758 = ORIENTED_EDGE('',*,*,#1759,.F.);
#1759 = EDGE_CURVE('',#1760,#1752,#1762,.T.);
#1760 = VERTEX_POINT('',#1761);
#1761 = CARTESIAN_POINT('',(-3.,0.425,0.21));
#1762 = LINE('',#1763,#1764);
#1763 = CARTESIAN_POINT('',(-3.,0.425,0.21));
#1764 = VECTOR('',#1765,1.);
#1765 = DIRECTION('',(0.,1.,0.));
#1766 = ORIENTED_EDGE('',*,*,#1767,.F.);
#1767 = EDGE_CURVE('',#1729,#1760,#1768,.T.);
#1768 = LINE('',#1769,#1770);
#1769 = CARTESIAN_POINT('',(-2.335758886762,0.425,0.21));
#1770 = VECTOR('',#1771,1.);
#1771 = DIRECTION('',(-1.,0.,0.));
#1772 = PLANE('',#1773);
#1773 = AXIS2_PLACEMENT_3D('',#1774,#1775,#1776);
#1774 = CARTESIAN_POINT('',(-2.335758886762,0.425,0.21));
#1775 = DIRECTION('',(0.,-0.,1.));
#1776 = DIRECTION('',(-1.,0.,0.));
#1777 = ADVANCED_FACE('',(#1778),#1803,.T.);
#1778 = FACE_BOUND('',#1779,.T.);
#1779 = EDGE_LOOP('',(#1780,#1781,#1789,#1797));
#1780 = ORIENTED_EDGE('',*,*,#1759,.T.);
#1781 = ORIENTED_EDGE('',*,*,#1782,.T.);
#1782 = EDGE_CURVE('',#1752,#1783,#1785,.T.);
#1783 = VERTEX_POINT('',#1784);
#1784 = CARTESIAN_POINT('',(-3.,0.845,0.));
#1785 = LINE('',#1786,#1787);
#1786 = CARTESIAN_POINT('',(-3.,0.845,0.21));
#1787 = VECTOR('',#1788,1.);
#1788 = DIRECTION('',(0.,0.,-1.));
#1789 = ORIENTED_EDGE('',*,*,#1790,.F.);
#1790 = EDGE_CURVE('',#1791,#1783,#1793,.T.);
#1791 = VERTEX_POINT('',#1792);
#1792 = CARTESIAN_POINT('',(-3.,0.425,0.));
#1793 = LINE('',#1794,#1795);
#1794 = CARTESIAN_POINT('',(-3.,0.425,0.));
#1795 = VECTOR('',#1796,1.);
#1796 = DIRECTION('',(0.,1.,0.));
#1797 = ORIENTED_EDGE('',*,*,#1798,.F.);
#1798 = EDGE_CURVE('',#1760,#1791,#1799,.T.);
#1799 = LINE('',#1800,#1801);
#1800 = CARTESIAN_POINT('',(-3.,0.425,0.21));
#1801 = VECTOR('',#1802,1.);
#1802 = DIRECTION('',(0.,0.,-1.));
#1803 = PLANE('',#1804);
#1804 = AXIS2_PLACEMENT_3D('',#1805,#1806,#1807);
#1805 = CARTESIAN_POINT('',(-3.,0.425,0.21));
#1806 = DIRECTION('',(-1.,0.,0.));
#1807 = DIRECTION('',(0.,0.,-1.));
#1808 = ADVANCED_FACE('',(#1809),#1834,.T.);
#1809 = FACE_BOUND('',#1810,.T.);
#1810 = EDGE_LOOP('',(#1811,#1812,#1820,#1828));
#1811 = ORIENTED_EDGE('',*,*,#1790,.T.);
#1812 = ORIENTED_EDGE('',*,*,#1813,.T.);
#1813 = EDGE_CURVE('',#1783,#1814,#1816,.T.);
#1814 = VERTEX_POINT('',#1815);
#1815 = CARTESIAN_POINT('',(-2.165,0.845,0.));
#1816 = LINE('',#1817,#1818);
#1817 = CARTESIAN_POINT('',(-3.,0.845,0.));
#1818 = VECTOR('',#1819,1.);
#1819 = DIRECTION('',(1.,0.,0.));
#1820 = ORIENTED_EDGE('',*,*,#1821,.F.);
#1821 = EDGE_CURVE('',#1822,#1814,#1824,.T.);
#1822 = VERTEX_POINT('',#1823);
#1823 = CARTESIAN_POINT('',(-2.165,0.425,0.));
#1824 = LINE('',#1825,#1826);
#1825 = CARTESIAN_POINT('',(-2.165,0.425,0.));
#1826 = VECTOR('',#1827,1.);
#1827 = DIRECTION('',(0.,1.,0.));
#1828 = ORIENTED_EDGE('',*,*,#1829,.F.);
#1829 = EDGE_CURVE('',#1791,#1822,#1830,.T.);
#1830 = LINE('',#1831,#1832);
#1831 = CARTESIAN_POINT('',(-3.,0.425,0.));
#1832 = VECTOR('',#1833,1.);
#1833 = DIRECTION('',(1.,0.,0.));
#1834 = PLANE('',#1835);
#1835 = AXIS2_PLACEMENT_3D('',#1836,#1837,#1838);
#1836 = CARTESIAN_POINT('',(-3.,0.425,0.));
#1837 = DIRECTION('',(0.,0.,-1.));
#1838 = DIRECTION('',(1.,0.,0.));
#1839 = ADVANCED_FACE('',(#1840),#1865,.T.);
#1840 = FACE_BOUND('',#1841,.T.);
#1841 = EDGE_LOOP('',(#1842,#1843,#1851,#1859));
#1842 = ORIENTED_EDGE('',*,*,#1821,.T.);
#1843 = ORIENTED_EDGE('',*,*,#1844,.T.);
#1844 = EDGE_CURVE('',#1814,#1845,#1847,.T.);
#1845 = VERTEX_POINT('',#1846);
#1846 = CARTESIAN_POINT('',(-2.015,0.845,0.72));
#1847 = LINE('',#1848,#1849);
#1848 = CARTESIAN_POINT('',(-2.165,0.845,0.));
#1849 = VECTOR('',#1850,1.);
#1850 = DIRECTION('',(0.203954254112,0.,0.978980419738));
#1851 = ORIENTED_EDGE('',*,*,#1852,.F.);
#1852 = EDGE_CURVE('',#1853,#1845,#1855,.T.);
#1853 = VERTEX_POINT('',#1854);
#1854 = CARTESIAN_POINT('',(-2.015,0.425,0.72));
#1855 = LINE('',#1856,#1857);
#1856 = CARTESIAN_POINT('',(-2.015,0.425,0.72));
#1857 = VECTOR('',#1858,1.);
#1858 = DIRECTION('',(0.,1.,0.));
#1859 = ORIENTED_EDGE('',*,*,#1860,.F.);
#1860 = EDGE_CURVE('',#1822,#1853,#1861,.T.);
#1861 = LINE('',#1862,#1863);
#1862 = CARTESIAN_POINT('',(-2.165,0.425,0.));
#1863 = VECTOR('',#1864,1.);
#1864 = DIRECTION('',(0.203954254112,0.,0.978980419738));
#1865 = PLANE('',#1866);
#1866 = AXIS2_PLACEMENT_3D('',#1867,#1868,#1869);
#1867 = CARTESIAN_POINT('',(-2.165,0.425,0.));
#1868 = DIRECTION('',(0.978980419738,0.,-0.203954254112));
#1869 = DIRECTION('',(0.203954254112,0.,0.978980419738));
#1870 = ADVANCED_FACE('',(#1871),#1896,.T.);
#1871 = FACE_BOUND('',#1872,.T.);
#1872 = EDGE_LOOP('',(#1873,#1874,#1882,#1890));
#1873 = ORIENTED_EDGE('',*,*,#1852,.T.);
#1874 = ORIENTED_EDGE('',*,*,#1875,.T.);
#1875 = EDGE_CURVE('',#1845,#1876,#1878,.T.);
#1876 = VERTEX_POINT('',#1877);
#1877 = CARTESIAN_POINT('',(-1.75,0.845,0.72));
#1878 = LINE('',#1879,#1880);
#1879 = CARTESIAN_POINT('',(-2.015,0.845,0.72));
#1880 = VECTOR('',#1881,1.);
#1881 = DIRECTION('',(1.,0.,0.));
#1882 = ORIENTED_EDGE('',*,*,#1883,.F.);
#1883 = EDGE_CURVE('',#1884,#1876,#1886,.T.);
#1884 = VERTEX_POINT('',#1885);
#1885 = CARTESIAN_POINT('',(-1.75,0.425,0.72));
#1886 = LINE('',#1887,#1888);
#1887 = CARTESIAN_POINT('',(-1.75,0.425,0.72));
#1888 = VECTOR('',#1889,1.);
#1889 = DIRECTION('',(0.,1.,0.));
#1890 = ORIENTED_EDGE('',*,*,#1891,.F.);
#1891 = EDGE_CURVE('',#1853,#1884,#1892,.T.);
#1892 = LINE('',#1893,#1894);
#1893 = CARTESIAN_POINT('',(-2.015,0.425,0.72));
#1894 = VECTOR('',#1895,1.);
#1895 = DIRECTION('',(1.,0.,0.));
#1896 = PLANE('',#1897);
#1897 = AXIS2_PLACEMENT_3D('',#1898,#1899,#1900);
#1898 = CARTESIAN_POINT('',(-2.015,0.425,0.72));
#1899 = DIRECTION('',(0.,0.,-1.));
#1900 = DIRECTION('',(1.,0.,0.));
#1901 = ADVANCED_FACE('',(#1902),#1918,.T.);
#1902 = FACE_BOUND('',#1903,.T.);
#1903 = EDGE_LOOP('',(#1904,#1905,#1911,#1912));
#1904 = ORIENTED_EDGE('',*,*,#1883,.T.);
#1905 = ORIENTED_EDGE('',*,*,#1906,.T.);
#1906 = EDGE_CURVE('',#1876,#1682,#1907,.T.);
#1907 = LINE('',#1908,#1909);
#1908 = CARTESIAN_POINT('',(-1.75,0.845,0.72));
#1909 = VECTOR('',#1910,1.);
#1910 = DIRECTION('',(0.,0.,1.));
#1911 = ORIENTED_EDGE('',*,*,#1679,.F.);
#1912 = ORIENTED_EDGE('',*,*,#1913,.F.);
#1913 = EDGE_CURVE('',#1884,#1680,#1914,.T.);
#1914 = LINE('',#1915,#1916);
#1915 = CARTESIAN_POINT('',(-1.75,0.425,0.72));
#1916 = VECTOR('',#1917,1.);
#1917 = DIRECTION('',(0.,0.,1.));
#1918 = PLANE('',#1919);
#1919 = AXIS2_PLACEMENT_3D('',#1920,#1921,#1922);
#1920 = CARTESIAN_POINT('',(-1.75,0.425,0.72));
#1921 = DIRECTION('',(1.,0.,0.));
#1922 = DIRECTION('',(0.,0.,1.));
#1923 = ADVANCED_FACE('',(#1924),#1934,.T.);
#1924 = FACE_BOUND('',#1925,.T.);
#1925 = EDGE_LOOP('',(#1926,#1927,#1928,#1929,#1930,#1931,#1932,#1933));
#1926 = ORIENTED_EDGE('',*,*,#1705,.T.);
#1927 = ORIENTED_EDGE('',*,*,#1736,.T.);
#1928 = ORIENTED_EDGE('',*,*,#1767,.T.);
#1929 = ORIENTED_EDGE('',*,*,#1798,.T.);
#1930 = ORIENTED_EDGE('',*,*,#1829,.T.);
#1931 = ORIENTED_EDGE('',*,*,#1860,.T.);
#1932 = ORIENTED_EDGE('',*,*,#1891,.T.);
#1933 = ORIENTED_EDGE('',*,*,#1913,.T.);
#1934 = PLANE('',#1935);
#1935 = AXIS2_PLACEMENT_3D('',#1936,#1937,#1938);
#1936 = CARTESIAN_POINT('',(-2.317863847575,0.425,0.39473371848));
#1937 = DIRECTION('',(-0.,-1.,-0.));
#1938 = DIRECTION('',(0.,0.,-1.));
#1939 = ADVANCED_FACE('',(#1940),#1950,.F.);
#1940 = FACE_BOUND('',#1941,.F.);
#1941 = EDGE_LOOP('',(#1942,#1943,#1944,#1945,#1946,#1947,#1948,#1949));
#1942 = ORIENTED_EDGE('',*,*,#1689,.T.);
#1943 = ORIENTED_EDGE('',*,*,#1720,.T.);
#1944 = ORIENTED_EDGE('',*,*,#1751,.T.);
#1945 = ORIENTED_EDGE('',*,*,#1782,.T.);
#1946 = ORIENTED_EDGE('',*,*,#1813,.T.);
#1947 = ORIENTED_EDGE('',*,*,#1844,.T.);
#1948 = ORIENTED_EDGE('',*,*,#1875,.T.);
#1949 = ORIENTED_EDGE('',*,*,#1906,.T.);
#1950 = PLANE('',#1951);
#1951 = AXIS2_PLACEMENT_3D('',#1952,#1953,#1954);
#1952 = CARTESIAN_POINT('',(-2.317863847575,0.845,0.39473371848));
#1953 = DIRECTION('',(-0.,-1.,-0.));
#1954 = DIRECTION('',(0.,0.,-1.));
#1955 = MANIFOLD_SOLID_BREP('',#1956);
#1956 = CLOSED_SHELL('',(#1957,#1997,#2028,#2059,#2090,#2121,#2152,#2183
    ,#2205,#2221));
#1957 = ADVANCED_FACE('',(#1958),#1992,.T.);
#1958 = FACE_BOUND('',#1959,.T.);
#1959 = EDGE_LOOP('',(#1960,#1970,#1978,#1986));
#1960 = ORIENTED_EDGE('',*,*,#1961,.T.);
#1961 = EDGE_CURVE('',#1962,#1964,#1966,.T.);
#1962 = VERTEX_POINT('',#1963);
#1963 = CARTESIAN_POINT('',(-1.75,-0.845,0.93));
#1964 = VERTEX_POINT('',#1965);
#1965 = CARTESIAN_POINT('',(-1.75,-0.425,0.93));
#1966 = LINE('',#1967,#1968);
#1967 = CARTESIAN_POINT('',(-1.75,-0.845,0.93));
#1968 = VECTOR('',#1969,1.);
#1969 = DIRECTION('',(0.,1.,0.));
#1970 = ORIENTED_EDGE('',*,*,#1971,.T.);
#1971 = EDGE_CURVE('',#1964,#1972,#1974,.T.);
#1972 = VERTEX_POINT('',#1973);
#1973 = CARTESIAN_POINT('',(-2.185758886762,-0.425,0.93));
#1974 = LINE('',#1975,#1976);
#1975 = CARTESIAN_POINT('',(-1.75,-0.425,0.93));
#1976 = VECTOR('',#1977,1.);
#1977 = DIRECTION('',(-1.,0.,0.));
#1978 = ORIENTED_EDGE('',*,*,#1979,.F.);
#1979 = EDGE_CURVE('',#1980,#1972,#1982,.T.);
#1980 = VERTEX_POINT('',#1981);
#1981 = CARTESIAN_POINT('',(-2.185758886762,-0.845,0.93));
#1982 = LINE('',#1983,#1984);
#1983 = CARTESIAN_POINT('',(-2.185758886762,-0.845,0.93));
#1984 = VECTOR('',#1985,1.);
#1985 = DIRECTION('',(0.,1.,0.));
#1986 = ORIENTED_EDGE('',*,*,#1987,.F.);
#1987 = EDGE_CURVE('',#1962,#1980,#1988,.T.);
#1988 = LINE('',#1989,#1990);
#1989 = CARTESIAN_POINT('',(-1.75,-0.845,0.93));
#1990 = VECTOR('',#1991,1.);
#1991 = DIRECTION('',(-1.,0.,0.));
#1992 = PLANE('',#1993);
#1993 = AXIS2_PLACEMENT_3D('',#1994,#1995,#1996);
#1994 = CARTESIAN_POINT('',(-1.75,-0.845,0.93));
#1995 = DIRECTION('',(0.,-0.,1.));
#1996 = DIRECTION('',(-1.,0.,0.));
#1997 = ADVANCED_FACE('',(#1998),#2023,.T.);
#1998 = FACE_BOUND('',#1999,.T.);
#1999 = EDGE_LOOP('',(#2000,#2001,#2009,#2017));
#2000 = ORIENTED_EDGE('',*,*,#1979,.T.);
#2001 = ORIENTED_EDGE('',*,*,#2002,.T.);
#2002 = EDGE_CURVE('',#1972,#2003,#2005,.T.);
#2003 = VERTEX_POINT('',#2004);
#2004 = CARTESIAN_POINT('',(-2.335758886762,-0.425,0.21));
#2005 = LINE('',#2006,#2007);
#2006 = CARTESIAN_POINT('',(-2.185758886762,-0.425,0.93));
#2007 = VECTOR('',#2008,1.);
#2008 = DIRECTION('',(-0.203954254112,0.,-0.978980419738));
#2009 = ORIENTED_EDGE('',*,*,#2010,.F.);
#2010 = EDGE_CURVE('',#2011,#2003,#2013,.T.);
#2011 = VERTEX_POINT('',#2012);
#2012 = CARTESIAN_POINT('',(-2.335758886762,-0.845,0.21));
#2013 = LINE('',#2014,#2015);
#2014 = CARTESIAN_POINT('',(-2.335758886762,-0.845,0.21));
#2015 = VECTOR('',#2016,1.);
#2016 = DIRECTION('',(0.,1.,0.));
#2017 = ORIENTED_EDGE('',*,*,#2018,.F.);
#2018 = EDGE_CURVE('',#1980,#2011,#2019,.T.);
#2019 = LINE('',#2020,#2021);
#2020 = CARTESIAN_POINT('',(-2.185758886762,-0.845,0.93));
#2021 = VECTOR('',#2022,1.);
#2022 = DIRECTION('',(-0.203954254112,0.,-0.978980419738));
#2023 = PLANE('',#2024);
#2024 = AXIS2_PLACEMENT_3D('',#2025,#2026,#2027);
#2025 = CARTESIAN_POINT('',(-2.185758886762,-0.845,0.93));
#2026 = DIRECTION('',(-0.978980419738,0.,0.203954254112));
#2027 = DIRECTION('',(-0.203954254112,0.,-0.978980419738));
#2028 = ADVANCED_FACE('',(#2029),#2054,.T.);
#2029 = FACE_BOUND('',#2030,.T.);
#2030 = EDGE_LOOP('',(#2031,#2032,#2040,#2048));
#2031 = ORIENTED_EDGE('',*,*,#2010,.T.);
#2032 = ORIENTED_EDGE('',*,*,#2033,.T.);
#2033 = EDGE_CURVE('',#2003,#2034,#2036,.T.);
#2034 = VERTEX_POINT('',#2035);
#2035 = CARTESIAN_POINT('',(-3.,-0.425,0.21));
#2036 = LINE('',#2037,#2038);
#2037 = CARTESIAN_POINT('',(-2.335758886762,-0.425,0.21));
#2038 = VECTOR('',#2039,1.);
#2039 = DIRECTION('',(-1.,0.,0.));
#2040 = ORIENTED_EDGE('',*,*,#2041,.F.);
#2041 = EDGE_CURVE('',#2042,#2034,#2044,.T.);
#2042 = VERTEX_POINT('',#2043);
#2043 = CARTESIAN_POINT('',(-3.,-0.845,0.21));
#2044 = LINE('',#2045,#2046);
#2045 = CARTESIAN_POINT('',(-3.,-0.845,0.21));
#2046 = VECTOR('',#2047,1.);
#2047 = DIRECTION('',(0.,1.,0.));
#2048 = ORIENTED_EDGE('',*,*,#2049,.F.);
#2049 = EDGE_CURVE('',#2011,#2042,#2050,.T.);
#2050 = LINE('',#2051,#2052);
#2051 = CARTESIAN_POINT('',(-2.335758886762,-0.845,0.21));
#2052 = VECTOR('',#2053,1.);
#2053 = DIRECTION('',(-1.,0.,0.));
#2054 = PLANE('',#2055);
#2055 = AXIS2_PLACEMENT_3D('',#2056,#2057,#2058);
#2056 = CARTESIAN_POINT('',(-2.335758886762,-0.845,0.21));
#2057 = DIRECTION('',(0.,-0.,1.));
#2058 = DIRECTION('',(-1.,0.,0.));
#2059 = ADVANCED_FACE('',(#2060),#2085,.T.);
#2060 = FACE_BOUND('',#2061,.T.);
#2061 = EDGE_LOOP('',(#2062,#2063,#2071,#2079));
#2062 = ORIENTED_EDGE('',*,*,#2041,.T.);
#2063 = ORIENTED_EDGE('',*,*,#2064,.T.);
#2064 = EDGE_CURVE('',#2034,#2065,#2067,.T.);
#2065 = VERTEX_POINT('',#2066);
#2066 = CARTESIAN_POINT('',(-3.,-0.425,0.));
#2067 = LINE('',#2068,#2069);
#2068 = CARTESIAN_POINT('',(-3.,-0.425,0.21));
#2069 = VECTOR('',#2070,1.);
#2070 = DIRECTION('',(0.,0.,-1.));
#2071 = ORIENTED_EDGE('',*,*,#2072,.F.);
#2072 = EDGE_CURVE('',#2073,#2065,#2075,.T.);
#2073 = VERTEX_POINT('',#2074);
#2074 = CARTESIAN_POINT('',(-3.,-0.845,0.));
#2075 = LINE('',#2076,#2077);
#2076 = CARTESIAN_POINT('',(-3.,-0.845,0.));
#2077 = VECTOR('',#2078,1.);
#2078 = DIRECTION('',(0.,1.,0.));
#2079 = ORIENTED_EDGE('',*,*,#2080,.F.);
#2080 = EDGE_CURVE('',#2042,#2073,#2081,.T.);
#2081 = LINE('',#2082,#2083);
#2082 = CARTESIAN_POINT('',(-3.,-0.845,0.21));
#2083 = VECTOR('',#2084,1.);
#2084 = DIRECTION('',(0.,0.,-1.));
#2085 = PLANE('',#2086);
#2086 = AXIS2_PLACEMENT_3D('',#2087,#2088,#2089);
#2087 = CARTESIAN_POINT('',(-3.,-0.845,0.21));
#2088 = DIRECTION('',(-1.,0.,0.));
#2089 = DIRECTION('',(0.,0.,-1.));
#2090 = ADVANCED_FACE('',(#2091),#2116,.T.);
#2091 = FACE_BOUND('',#2092,.T.);
#2092 = EDGE_LOOP('',(#2093,#2094,#2102,#2110));
#2093 = ORIENTED_EDGE('',*,*,#2072,.T.);
#2094 = ORIENTED_EDGE('',*,*,#2095,.T.);
#2095 = EDGE_CURVE('',#2065,#2096,#2098,.T.);
#2096 = VERTEX_POINT('',#2097);
#2097 = CARTESIAN_POINT('',(-2.165,-0.425,0.));
#2098 = LINE('',#2099,#2100);
#2099 = CARTESIAN_POINT('',(-3.,-0.425,0.));
#2100 = VECTOR('',#2101,1.);
#2101 = DIRECTION('',(1.,0.,0.));
#2102 = ORIENTED_EDGE('',*,*,#2103,.F.);
#2103 = EDGE_CURVE('',#2104,#2096,#2106,.T.);
#2104 = VERTEX_POINT('',#2105);
#2105 = CARTESIAN_POINT('',(-2.165,-0.845,0.));
#2106 = LINE('',#2107,#2108);
#2107 = CARTESIAN_POINT('',(-2.165,-0.845,0.));
#2108 = VECTOR('',#2109,1.);
#2109 = DIRECTION('',(0.,1.,0.));
#2110 = ORIENTED_EDGE('',*,*,#2111,.F.);
#2111 = EDGE_CURVE('',#2073,#2104,#2112,.T.);
#2112 = LINE('',#2113,#2114);
#2113 = CARTESIAN_POINT('',(-3.,-0.845,0.));
#2114 = VECTOR('',#2115,1.);
#2115 = DIRECTION('',(1.,0.,0.));
#2116 = PLANE('',#2117);
#2117 = AXIS2_PLACEMENT_3D('',#2118,#2119,#2120);
#2118 = CARTESIAN_POINT('',(-3.,-0.845,0.));
#2119 = DIRECTION('',(0.,0.,-1.));
#2120 = DIRECTION('',(1.,0.,0.));
#2121 = ADVANCED_FACE('',(#2122),#2147,.T.);
#2122 = FACE_BOUND('',#2123,.T.);
#2123 = EDGE_LOOP('',(#2124,#2125,#2133,#2141));
#2124 = ORIENTED_EDGE('',*,*,#2103,.T.);
#2125 = ORIENTED_EDGE('',*,*,#2126,.T.);
#2126 = EDGE_CURVE('',#2096,#2127,#2129,.T.);
#2127 = VERTEX_POINT('',#2128);
#2128 = CARTESIAN_POINT('',(-2.015,-0.425,0.72));
#2129 = LINE('',#2130,#2131);
#2130 = CARTESIAN_POINT('',(-2.165,-0.425,0.));
#2131 = VECTOR('',#2132,1.);
#2132 = DIRECTION('',(0.203954254112,0.,0.978980419738));
#2133 = ORIENTED_EDGE('',*,*,#2134,.F.);
#2134 = EDGE_CURVE('',#2135,#2127,#2137,.T.);
#2135 = VERTEX_POINT('',#2136);
#2136 = CARTESIAN_POINT('',(-2.015,-0.845,0.72));
#2137 = LINE('',#2138,#2139);
#2138 = CARTESIAN_POINT('',(-2.015,-0.845,0.72));
#2139 = VECTOR('',#2140,1.);
#2140 = DIRECTION('',(0.,1.,0.));
#2141 = ORIENTED_EDGE('',*,*,#2142,.F.);
#2142 = EDGE_CURVE('',#2104,#2135,#2143,.T.);
#2143 = LINE('',#2144,#2145);
#2144 = CARTESIAN_POINT('',(-2.165,-0.845,0.));
#2145 = VECTOR('',#2146,1.);
#2146 = DIRECTION('',(0.203954254112,0.,0.978980419738));
#2147 = PLANE('',#2148);
#2148 = AXIS2_PLACEMENT_3D('',#2149,#2150,#2151);
#2149 = CARTESIAN_POINT('',(-2.165,-0.845,0.));
#2150 = DIRECTION('',(0.978980419738,0.,-0.203954254112));
#2151 = DIRECTION('',(0.203954254112,0.,0.978980419738));
#2152 = ADVANCED_FACE('',(#2153),#2178,.T.);
#2153 = FACE_BOUND('',#2154,.T.);
#2154 = EDGE_LOOP('',(#2155,#2156,#2164,#2172));
#2155 = ORIENTED_EDGE('',*,*,#2134,.T.);
#2156 = ORIENTED_EDGE('',*,*,#2157,.T.);
#2157 = EDGE_CURVE('',#2127,#2158,#2160,.T.);
#2158 = VERTEX_POINT('',#2159);
#2159 = CARTESIAN_POINT('',(-1.75,-0.425,0.72));
#2160 = LINE('',#2161,#2162);
#2161 = CARTESIAN_POINT('',(-2.015,-0.425,0.72));
#2162 = VECTOR('',#2163,1.);
#2163 = DIRECTION('',(1.,0.,0.));
#2164 = ORIENTED_EDGE('',*,*,#2165,.F.);
#2165 = EDGE_CURVE('',#2166,#2158,#2168,.T.);
#2166 = VERTEX_POINT('',#2167);
#2167 = CARTESIAN_POINT('',(-1.75,-0.845,0.72));
#2168 = LINE('',#2169,#2170);
#2169 = CARTESIAN_POINT('',(-1.75,-0.845,0.72));
#2170 = VECTOR('',#2171,1.);
#2171 = DIRECTION('',(0.,1.,0.));
#2172 = ORIENTED_EDGE('',*,*,#2173,.F.);
#2173 = EDGE_CURVE('',#2135,#2166,#2174,.T.);
#2174 = LINE('',#2175,#2176);
#2175 = CARTESIAN_POINT('',(-2.015,-0.845,0.72));
#2176 = VECTOR('',#2177,1.);
#2177 = DIRECTION('',(1.,0.,0.));
#2178 = PLANE('',#2179);
#2179 = AXIS2_PLACEMENT_3D('',#2180,#2181,#2182);
#2180 = CARTESIAN_POINT('',(-2.015,-0.845,0.72));
#2181 = DIRECTION('',(0.,0.,-1.));
#2182 = DIRECTION('',(1.,0.,0.));
#2183 = ADVANCED_FACE('',(#2184),#2200,.T.);
#2184 = FACE_BOUND('',#2185,.T.);
#2185 = EDGE_LOOP('',(#2186,#2187,#2193,#2194));
#2186 = ORIENTED_EDGE('',*,*,#2165,.T.);
#2187 = ORIENTED_EDGE('',*,*,#2188,.T.);
#2188 = EDGE_CURVE('',#2158,#1964,#2189,.T.);
#2189 = LINE('',#2190,#2191);
#2190 = CARTESIAN_POINT('',(-1.75,-0.425,0.72));
#2191 = VECTOR('',#2192,1.);
#2192 = DIRECTION('',(0.,0.,1.));
#2193 = ORIENTED_EDGE('',*,*,#1961,.F.);
#2194 = ORIENTED_EDGE('',*,*,#2195,.F.);
#2195 = EDGE_CURVE('',#2166,#1962,#2196,.T.);
#2196 = LINE('',#2197,#2198);
#2197 = CARTESIAN_POINT('',(-1.75,-0.845,0.72));
#2198 = VECTOR('',#2199,1.);
#2199 = DIRECTION('',(0.,0.,1.));
#2200 = PLANE('',#2201);
#2201 = AXIS2_PLACEMENT_3D('',#2202,#2203,#2204);
#2202 = CARTESIAN_POINT('',(-1.75,-0.845,0.72));
#2203 = DIRECTION('',(1.,0.,0.));
#2204 = DIRECTION('',(0.,0.,1.));
#2205 = ADVANCED_FACE('',(#2206),#2216,.T.);
#2206 = FACE_BOUND('',#2207,.T.);
#2207 = EDGE_LOOP('',(#2208,#2209,#2210,#2211,#2212,#2213,#2214,#2215));
#2208 = ORIENTED_EDGE('',*,*,#1987,.T.);
#2209 = ORIENTED_EDGE('',*,*,#2018,.T.);
#2210 = ORIENTED_EDGE('',*,*,#2049,.T.);
#2211 = ORIENTED_EDGE('',*,*,#2080,.T.);
#2212 = ORIENTED_EDGE('',*,*,#2111,.T.);
#2213 = ORIENTED_EDGE('',*,*,#2142,.T.);
#2214 = ORIENTED_EDGE('',*,*,#2173,.T.);
#2215 = ORIENTED_EDGE('',*,*,#2195,.T.);
#2216 = PLANE('',#2217);
#2217 = AXIS2_PLACEMENT_3D('',#2218,#2219,#2220);
#2218 = CARTESIAN_POINT('',(-2.317863847575,-0.845,0.39473371848));
#2219 = DIRECTION('',(-0.,-1.,-0.));
#2220 = DIRECTION('',(0.,0.,-1.));
#2221 = ADVANCED_FACE('',(#2222),#2232,.F.);
#2222 = FACE_BOUND('',#2223,.F.);
#2223 = EDGE_LOOP('',(#2224,#2225,#2226,#2227,#2228,#2229,#2230,#2231));
#2224 = ORIENTED_EDGE('',*,*,#1971,.T.);
#2225 = ORIENTED_EDGE('',*,*,#2002,.T.);
#2226 = ORIENTED_EDGE('',*,*,#2033,.T.);
#2227 = ORIENTED_EDGE('',*,*,#2064,.T.);
#2228 = ORIENTED_EDGE('',*,*,#2095,.T.);
#2229 = ORIENTED_EDGE('',*,*,#2126,.T.);
#2230 = ORIENTED_EDGE('',*,*,#2157,.T.);
#2231 = ORIENTED_EDGE('',*,*,#2188,.T.);
#2232 = PLANE('',#2233);
#2233 = AXIS2_PLACEMENT_3D('',#2234,#2235,#2236);
#2234 = CARTESIAN_POINT('',(-2.317863847575,-0.425,0.39473371848));
#2235 = DIRECTION('',(-0.,-1.,-0.));
#2236 = DIRECTION('',(0.,0.,-1.));
#2237 = MANIFOLD_SOLID_BREP('',#2238);
#2238 = CLOSED_SHELL('',(#2239,#2279,#2310,#2341,#2372,#2403,#2434,#2465
    ,#2487,#2503));
#2239 = ADVANCED_FACE('',(#2240),#2274,.T.);
#2240 = FACE_BOUND('',#2241,.T.);
#2241 = EDGE_LOOP('',(#2242,#2252,#2260,#2268));
#2242 = ORIENTED_EDGE('',*,*,#2243,.T.);
#2243 = EDGE_CURVE('',#2244,#2246,#2248,.T.);
#2244 = VERTEX_POINT('',#2245);
#2245 = CARTESIAN_POINT('',(-1.75,-2.115,0.93));
#2246 = VERTEX_POINT('',#2247);
#2247 = CARTESIAN_POINT('',(-1.75,-1.695,0.93));
#2248 = LINE('',#2249,#2250);
#2249 = CARTESIAN_POINT('',(-1.75,-2.115,0.93));
#2250 = VECTOR('',#2251,1.);
#2251 = DIRECTION('',(0.,1.,0.));
#2252 = ORIENTED_EDGE('',*,*,#2253,.T.);
#2253 = EDGE_CURVE('',#2246,#2254,#2256,.T.);
#2254 = VERTEX_POINT('',#2255);
#2255 = CARTESIAN_POINT('',(-2.185758886762,-1.695,0.93));
#2256 = LINE('',#2257,#2258);
#2257 = CARTESIAN_POINT('',(-1.75,-1.695,0.93));
#2258 = VECTOR('',#2259,1.);
#2259 = DIRECTION('',(-1.,0.,0.));
#2260 = ORIENTED_EDGE('',*,*,#2261,.F.);
#2261 = EDGE_CURVE('',#2262,#2254,#2264,.T.);
#2262 = VERTEX_POINT('',#2263);
#2263 = CARTESIAN_POINT('',(-2.185758886762,-2.115,0.93));
#2264 = LINE('',#2265,#2266);
#2265 = CARTESIAN_POINT('',(-2.185758886762,-2.115,0.93));
#2266 = VECTOR('',#2267,1.);
#2267 = DIRECTION('',(0.,1.,0.));
#2268 = ORIENTED_EDGE('',*,*,#2269,.F.);
#2269 = EDGE_CURVE('',#2244,#2262,#2270,.T.);
#2270 = LINE('',#2271,#2272);
#2271 = CARTESIAN_POINT('',(-1.75,-2.115,0.93));
#2272 = VECTOR('',#2273,1.);
#2273 = DIRECTION('',(-1.,0.,0.));
#2274 = PLANE('',#2275);
#2275 = AXIS2_PLACEMENT_3D('',#2276,#2277,#2278);
#2276 = CARTESIAN_POINT('',(-1.75,-2.115,0.93));
#2277 = DIRECTION('',(0.,-0.,1.));
#2278 = DIRECTION('',(-1.,0.,0.));
#2279 = ADVANCED_FACE('',(#2280),#2305,.T.);
#2280 = FACE_BOUND('',#2281,.T.);
#2281 = EDGE_LOOP('',(#2282,#2283,#2291,#2299));
#2282 = ORIENTED_EDGE('',*,*,#2261,.T.);
#2283 = ORIENTED_EDGE('',*,*,#2284,.T.);
#2284 = EDGE_CURVE('',#2254,#2285,#2287,.T.);
#2285 = VERTEX_POINT('',#2286);
#2286 = CARTESIAN_POINT('',(-2.335758886762,-1.695,0.21));
#2287 = LINE('',#2288,#2289);
#2288 = CARTESIAN_POINT('',(-2.185758886762,-1.695,0.93));
#2289 = VECTOR('',#2290,1.);
#2290 = DIRECTION('',(-0.203954254112,0.,-0.978980419738));
#2291 = ORIENTED_EDGE('',*,*,#2292,.F.);
#2292 = EDGE_CURVE('',#2293,#2285,#2295,.T.);
#2293 = VERTEX_POINT('',#2294);
#2294 = CARTESIAN_POINT('',(-2.335758886762,-2.115,0.21));
#2295 = LINE('',#2296,#2297);
#2296 = CARTESIAN_POINT('',(-2.335758886762,-2.115,0.21));
#2297 = VECTOR('',#2298,1.);
#2298 = DIRECTION('',(0.,1.,0.));
#2299 = ORIENTED_EDGE('',*,*,#2300,.F.);
#2300 = EDGE_CURVE('',#2262,#2293,#2301,.T.);
#2301 = LINE('',#2302,#2303);
#2302 = CARTESIAN_POINT('',(-2.185758886762,-2.115,0.93));
#2303 = VECTOR('',#2304,1.);
#2304 = DIRECTION('',(-0.203954254112,0.,-0.978980419738));
#2305 = PLANE('',#2306);
#2306 = AXIS2_PLACEMENT_3D('',#2307,#2308,#2309);
#2307 = CARTESIAN_POINT('',(-2.185758886762,-2.115,0.93));
#2308 = DIRECTION('',(-0.978980419738,0.,0.203954254112));
#2309 = DIRECTION('',(-0.203954254112,0.,-0.978980419738));
#2310 = ADVANCED_FACE('',(#2311),#2336,.T.);
#2311 = FACE_BOUND('',#2312,.T.);
#2312 = EDGE_LOOP('',(#2313,#2314,#2322,#2330));
#2313 = ORIENTED_EDGE('',*,*,#2292,.T.);
#2314 = ORIENTED_EDGE('',*,*,#2315,.T.);
#2315 = EDGE_CURVE('',#2285,#2316,#2318,.T.);
#2316 = VERTEX_POINT('',#2317);
#2317 = CARTESIAN_POINT('',(-3.,-1.695,0.21));
#2318 = LINE('',#2319,#2320);
#2319 = CARTESIAN_POINT('',(-2.335758886762,-1.695,0.21));
#2320 = VECTOR('',#2321,1.);
#2321 = DIRECTION('',(-1.,0.,0.));
#2322 = ORIENTED_EDGE('',*,*,#2323,.F.);
#2323 = EDGE_CURVE('',#2324,#2316,#2326,.T.);
#2324 = VERTEX_POINT('',#2325);
#2325 = CARTESIAN_POINT('',(-3.,-2.115,0.21));
#2326 = LINE('',#2327,#2328);
#2327 = CARTESIAN_POINT('',(-3.,-2.115,0.21));
#2328 = VECTOR('',#2329,1.);
#2329 = DIRECTION('',(0.,1.,0.));
#2330 = ORIENTED_EDGE('',*,*,#2331,.F.);
#2331 = EDGE_CURVE('',#2293,#2324,#2332,.T.);
#2332 = LINE('',#2333,#2334);
#2333 = CARTESIAN_POINT('',(-2.335758886762,-2.115,0.21));
#2334 = VECTOR('',#2335,1.);
#2335 = DIRECTION('',(-1.,0.,0.));
#2336 = PLANE('',#2337);
#2337 = AXIS2_PLACEMENT_3D('',#2338,#2339,#2340);
#2338 = CARTESIAN_POINT('',(-2.335758886762,-2.115,0.21));
#2339 = DIRECTION('',(0.,-0.,1.));
#2340 = DIRECTION('',(-1.,0.,0.));
#2341 = ADVANCED_FACE('',(#2342),#2367,.T.);
#2342 = FACE_BOUND('',#2343,.T.);
#2343 = EDGE_LOOP('',(#2344,#2345,#2353,#2361));
#2344 = ORIENTED_EDGE('',*,*,#2323,.T.);
#2345 = ORIENTED_EDGE('',*,*,#2346,.T.);
#2346 = EDGE_CURVE('',#2316,#2347,#2349,.T.);
#2347 = VERTEX_POINT('',#2348);
#2348 = CARTESIAN_POINT('',(-3.,-1.695,0.));
#2349 = LINE('',#2350,#2351);
#2350 = CARTESIAN_POINT('',(-3.,-1.695,0.21));
#2351 = VECTOR('',#2352,1.);
#2352 = DIRECTION('',(0.,0.,-1.));
#2353 = ORIENTED_EDGE('',*,*,#2354,.F.);
#2354 = EDGE_CURVE('',#2355,#2347,#2357,.T.);
#2355 = VERTEX_POINT('',#2356);
#2356 = CARTESIAN_POINT('',(-3.,-2.115,0.));
#2357 = LINE('',#2358,#2359);
#2358 = CARTESIAN_POINT('',(-3.,-2.115,0.));
#2359 = VECTOR('',#2360,1.);
#2360 = DIRECTION('',(0.,1.,0.));
#2361 = ORIENTED_EDGE('',*,*,#2362,.F.);
#2362 = EDGE_CURVE('',#2324,#2355,#2363,.T.);
#2363 = LINE('',#2364,#2365);
#2364 = CARTESIAN_POINT('',(-3.,-2.115,0.21));
#2365 = VECTOR('',#2366,1.);
#2366 = DIRECTION('',(0.,0.,-1.));
#2367 = PLANE('',#2368);
#2368 = AXIS2_PLACEMENT_3D('',#2369,#2370,#2371);
#2369 = CARTESIAN_POINT('',(-3.,-2.115,0.21));
#2370 = DIRECTION('',(-1.,0.,0.));
#2371 = DIRECTION('',(0.,0.,-1.));
#2372 = ADVANCED_FACE('',(#2373),#2398,.T.);
#2373 = FACE_BOUND('',#2374,.T.);
#2374 = EDGE_LOOP('',(#2375,#2376,#2384,#2392));
#2375 = ORIENTED_EDGE('',*,*,#2354,.T.);
#2376 = ORIENTED_EDGE('',*,*,#2377,.T.);
#2377 = EDGE_CURVE('',#2347,#2378,#2380,.T.);
#2378 = VERTEX_POINT('',#2379);
#2379 = CARTESIAN_POINT('',(-2.165,-1.695,0.));
#2380 = LINE('',#2381,#2382);
#2381 = CARTESIAN_POINT('',(-3.,-1.695,0.));
#2382 = VECTOR('',#2383,1.);
#2383 = DIRECTION('',(1.,0.,0.));
#2384 = ORIENTED_EDGE('',*,*,#2385,.F.);
#2385 = EDGE_CURVE('',#2386,#2378,#2388,.T.);
#2386 = VERTEX_POINT('',#2387);
#2387 = CARTESIAN_POINT('',(-2.165,-2.115,0.));
#2388 = LINE('',#2389,#2390);
#2389 = CARTESIAN_POINT('',(-2.165,-2.115,0.));
#2390 = VECTOR('',#2391,1.);
#2391 = DIRECTION('',(0.,1.,0.));
#2392 = ORIENTED_EDGE('',*,*,#2393,.F.);
#2393 = EDGE_CURVE('',#2355,#2386,#2394,.T.);
#2394 = LINE('',#2395,#2396);
#2395 = CARTESIAN_POINT('',(-3.,-2.115,0.));
#2396 = VECTOR('',#2397,1.);
#2397 = DIRECTION('',(1.,0.,0.));
#2398 = PLANE('',#2399);
#2399 = AXIS2_PLACEMENT_3D('',#2400,#2401,#2402);
#2400 = CARTESIAN_POINT('',(-3.,-2.115,0.));
#2401 = DIRECTION('',(0.,0.,-1.));
#2402 = DIRECTION('',(1.,0.,0.));
#2403 = ADVANCED_FACE('',(#2404),#2429,.T.);
#2404 = FACE_BOUND('',#2405,.T.);
#2405 = EDGE_LOOP('',(#2406,#2407,#2415,#2423));
#2406 = ORIENTED_EDGE('',*,*,#2385,.T.);
#2407 = ORIENTED_EDGE('',*,*,#2408,.T.);
#2408 = EDGE_CURVE('',#2378,#2409,#2411,.T.);
#2409 = VERTEX_POINT('',#2410);
#2410 = CARTESIAN_POINT('',(-2.015,-1.695,0.72));
#2411 = LINE('',#2412,#2413);
#2412 = CARTESIAN_POINT('',(-2.165,-1.695,0.));
#2413 = VECTOR('',#2414,1.);
#2414 = DIRECTION('',(0.203954254112,0.,0.978980419738));
#2415 = ORIENTED_EDGE('',*,*,#2416,.F.);
#2416 = EDGE_CURVE('',#2417,#2409,#2419,.T.);
#2417 = VERTEX_POINT('',#2418);
#2418 = CARTESIAN_POINT('',(-2.015,-2.115,0.72));
#2419 = LINE('',#2420,#2421);
#2420 = CARTESIAN_POINT('',(-2.015,-2.115,0.72));
#2421 = VECTOR('',#2422,1.);
#2422 = DIRECTION('',(0.,1.,0.));
#2423 = ORIENTED_EDGE('',*,*,#2424,.F.);
#2424 = EDGE_CURVE('',#2386,#2417,#2425,.T.);
#2425 = LINE('',#2426,#2427);
#2426 = CARTESIAN_POINT('',(-2.165,-2.115,0.));
#2427 = VECTOR('',#2428,1.);
#2428 = DIRECTION('',(0.203954254112,0.,0.978980419738));
#2429 = PLANE('',#2430);
#2430 = AXIS2_PLACEMENT_3D('',#2431,#2432,#2433);
#2431 = CARTESIAN_POINT('',(-2.165,-2.115,0.));
#2432 = DIRECTION('',(0.978980419738,0.,-0.203954254112));
#2433 = DIRECTION('',(0.203954254112,0.,0.978980419738));
#2434 = ADVANCED_FACE('',(#2435),#2460,.T.);
#2435 = FACE_BOUND('',#2436,.T.);
#2436 = EDGE_LOOP('',(#2437,#2438,#2446,#2454));
#2437 = ORIENTED_EDGE('',*,*,#2416,.T.);
#2438 = ORIENTED_EDGE('',*,*,#2439,.T.);
#2439 = EDGE_CURVE('',#2409,#2440,#2442,.T.);
#2440 = VERTEX_POINT('',#2441);
#2441 = CARTESIAN_POINT('',(-1.75,-1.695,0.72));
#2442 = LINE('',#2443,#2444);
#2443 = CARTESIAN_POINT('',(-2.015,-1.695,0.72));
#2444 = VECTOR('',#2445,1.);
#2445 = DIRECTION('',(1.,0.,0.));
#2446 = ORIENTED_EDGE('',*,*,#2447,.F.);
#2447 = EDGE_CURVE('',#2448,#2440,#2450,.T.);
#2448 = VERTEX_POINT('',#2449);
#2449 = CARTESIAN_POINT('',(-1.75,-2.115,0.72));
#2450 = LINE('',#2451,#2452);
#2451 = CARTESIAN_POINT('',(-1.75,-2.115,0.72));
#2452 = VECTOR('',#2453,1.);
#2453 = DIRECTION('',(0.,1.,0.));
#2454 = ORIENTED_EDGE('',*,*,#2455,.F.);
#2455 = EDGE_CURVE('',#2417,#2448,#2456,.T.);
#2456 = LINE('',#2457,#2458);
#2457 = CARTESIAN_POINT('',(-2.015,-2.115,0.72));
#2458 = VECTOR('',#2459,1.);
#2459 = DIRECTION('',(1.,0.,0.));
#2460 = PLANE('',#2461);
#2461 = AXIS2_PLACEMENT_3D('',#2462,#2463,#2464);
#2462 = CARTESIAN_POINT('',(-2.015,-2.115,0.72));
#2463 = DIRECTION('',(0.,0.,-1.));
#2464 = DIRECTION('',(1.,0.,0.));
#2465 = ADVANCED_FACE('',(#2466),#2482,.T.);
#2466 = FACE_BOUND('',#2467,.T.);
#2467 = EDGE_LOOP('',(#2468,#2469,#2475,#2476));
#2468 = ORIENTED_EDGE('',*,*,#2447,.T.);
#2469 = ORIENTED_EDGE('',*,*,#2470,.T.);
#2470 = EDGE_CURVE('',#2440,#2246,#2471,.T.);
#2471 = LINE('',#2472,#2473);
#2472 = CARTESIAN_POINT('',(-1.75,-1.695,0.72));
#2473 = VECTOR('',#2474,1.);
#2474 = DIRECTION('',(0.,0.,1.));
#2475 = ORIENTED_EDGE('',*,*,#2243,.F.);
#2476 = ORIENTED_EDGE('',*,*,#2477,.F.);
#2477 = EDGE_CURVE('',#2448,#2244,#2478,.T.);
#2478 = LINE('',#2479,#2480);
#2479 = CARTESIAN_POINT('',(-1.75,-2.115,0.72));
#2480 = VECTOR('',#2481,1.);
#2481 = DIRECTION('',(0.,0.,1.));
#2482 = PLANE('',#2483);
#2483 = AXIS2_PLACEMENT_3D('',#2484,#2485,#2486);
#2484 = CARTESIAN_POINT('',(-1.75,-2.115,0.72));
#2485 = DIRECTION('',(1.,0.,0.));
#2486 = DIRECTION('',(0.,0.,1.));
#2487 = ADVANCED_FACE('',(#2488),#2498,.T.);
#2488 = FACE_BOUND('',#2489,.T.);
#2489 = EDGE_LOOP('',(#2490,#2491,#2492,#2493,#2494,#2495,#2496,#2497));
#2490 = ORIENTED_EDGE('',*,*,#2269,.T.);
#2491 = ORIENTED_EDGE('',*,*,#2300,.T.);
#2492 = ORIENTED_EDGE('',*,*,#2331,.T.);
#2493 = ORIENTED_EDGE('',*,*,#2362,.T.);
#2494 = ORIENTED_EDGE('',*,*,#2393,.T.);
#2495 = ORIENTED_EDGE('',*,*,#2424,.T.);
#2496 = ORIENTED_EDGE('',*,*,#2455,.T.);
#2497 = ORIENTED_EDGE('',*,*,#2477,.T.);
#2498 = PLANE('',#2499);
#2499 = AXIS2_PLACEMENT_3D('',#2500,#2501,#2502);
#2500 = CARTESIAN_POINT('',(-2.317863847575,-2.115,0.39473371848));
#2501 = DIRECTION('',(-0.,-1.,-0.));
#2502 = DIRECTION('',(0.,0.,-1.));
#2503 = ADVANCED_FACE('',(#2504),#2514,.F.);
#2504 = FACE_BOUND('',#2505,.F.);
#2505 = EDGE_LOOP('',(#2506,#2507,#2508,#2509,#2510,#2511,#2512,#2513));
#2506 = ORIENTED_EDGE('',*,*,#2253,.T.);
#2507 = ORIENTED_EDGE('',*,*,#2284,.T.);
#2508 = ORIENTED_EDGE('',*,*,#2315,.T.);
#2509 = ORIENTED_EDGE('',*,*,#2346,.T.);
#2510 = ORIENTED_EDGE('',*,*,#2377,.T.);
#2511 = ORIENTED_EDGE('',*,*,#2408,.T.);
#2512 = ORIENTED_EDGE('',*,*,#2439,.T.);
#2513 = ORIENTED_EDGE('',*,*,#2470,.T.);
#2514 = PLANE('',#2515);
#2515 = AXIS2_PLACEMENT_3D('',#2516,#2517,#2518);
#2516 = CARTESIAN_POINT('',(-2.317863847575,-1.695,0.39473371848));
#2517 = DIRECTION('',(-0.,-1.,-0.));
#2518 = DIRECTION('',(0.,0.,-1.));
#2519 = MANIFOLD_SOLID_BREP('',#2520);
#2520 = CLOSED_SHELL('',(#2521,#2561,#2592,#2623,#2654,#2685,#2716,#2747
    ,#2769,#2785));
#2521 = ADVANCED_FACE('',(#2522),#2556,.F.);
#2522 = FACE_BOUND('',#2523,.F.);
#2523 = EDGE_LOOP('',(#2524,#2534,#2542,#2550));
#2524 = ORIENTED_EDGE('',*,*,#2525,.T.);
#2525 = EDGE_CURVE('',#2526,#2528,#2530,.T.);
#2526 = VERTEX_POINT('',#2527);
#2527 = CARTESIAN_POINT('',(1.75,1.695,0.93));
#2528 = VERTEX_POINT('',#2529);
#2529 = CARTESIAN_POINT('',(1.75,2.115,0.93));
#2530 = LINE('',#2531,#2532);
#2531 = CARTESIAN_POINT('',(1.75,1.695,0.93));
#2532 = VECTOR('',#2533,1.);
#2533 = DIRECTION('',(0.,1.,0.));
#2534 = ORIENTED_EDGE('',*,*,#2535,.T.);
#2535 = EDGE_CURVE('',#2528,#2536,#2538,.T.);
#2536 = VERTEX_POINT('',#2537);
#2537 = CARTESIAN_POINT('',(2.185758886762,2.115,0.93));
#2538 = LINE('',#2539,#2540);
#2539 = CARTESIAN_POINT('',(1.75,2.115,0.93));
#2540 = VECTOR('',#2541,1.);
#2541 = DIRECTION('',(1.,0.,0.));
#2542 = ORIENTED_EDGE('',*,*,#2543,.F.);
#2543 = EDGE_CURVE('',#2544,#2536,#2546,.T.);
#2544 = VERTEX_POINT('',#2545);
#2545 = CARTESIAN_POINT('',(2.185758886762,1.695,0.93));
#2546 = LINE('',#2547,#2548);
#2547 = CARTESIAN_POINT('',(2.185758886762,1.695,0.93));
#2548 = VECTOR('',#2549,1.);
#2549 = DIRECTION('',(0.,1.,0.));
#2550 = ORIENTED_EDGE('',*,*,#2551,.F.);
#2551 = EDGE_CURVE('',#2526,#2544,#2552,.T.);
#2552 = LINE('',#2553,#2554);
#2553 = CARTESIAN_POINT('',(1.75,1.695,0.93));
#2554 = VECTOR('',#2555,1.);
#2555 = DIRECTION('',(1.,0.,0.));
#2556 = PLANE('',#2557);
#2557 = AXIS2_PLACEMENT_3D('',#2558,#2559,#2560);
#2558 = CARTESIAN_POINT('',(1.75,1.695,0.93));
#2559 = DIRECTION('',(0.,0.,-1.));
#2560 = DIRECTION('',(1.,0.,0.));
#2561 = ADVANCED_FACE('',(#2562),#2587,.F.);
#2562 = FACE_BOUND('',#2563,.F.);
#2563 = EDGE_LOOP('',(#2564,#2565,#2573,#2581));
#2564 = ORIENTED_EDGE('',*,*,#2543,.T.);
#2565 = ORIENTED_EDGE('',*,*,#2566,.T.);
#2566 = EDGE_CURVE('',#2536,#2567,#2569,.T.);
#2567 = VERTEX_POINT('',#2568);
#2568 = CARTESIAN_POINT('',(2.335758886762,2.115,0.21));
#2569 = LINE('',#2570,#2571);
#2570 = CARTESIAN_POINT('',(2.185758886762,2.115,0.93));
#2571 = VECTOR('',#2572,1.);
#2572 = DIRECTION('',(0.203954254112,0.,-0.978980419738));
#2573 = ORIENTED_EDGE('',*,*,#2574,.F.);
#2574 = EDGE_CURVE('',#2575,#2567,#2577,.T.);
#2575 = VERTEX_POINT('',#2576);
#2576 = CARTESIAN_POINT('',(2.335758886762,1.695,0.21));
#2577 = LINE('',#2578,#2579);
#2578 = CARTESIAN_POINT('',(2.335758886762,1.695,0.21));
#2579 = VECTOR('',#2580,1.);
#2580 = DIRECTION('',(0.,1.,0.));
#2581 = ORIENTED_EDGE('',*,*,#2582,.F.);
#2582 = EDGE_CURVE('',#2544,#2575,#2583,.T.);
#2583 = LINE('',#2584,#2585);
#2584 = CARTESIAN_POINT('',(2.185758886762,1.695,0.93));
#2585 = VECTOR('',#2586,1.);
#2586 = DIRECTION('',(0.203954254112,0.,-0.978980419738));
#2587 = PLANE('',#2588);
#2588 = AXIS2_PLACEMENT_3D('',#2589,#2590,#2591);
#2589 = CARTESIAN_POINT('',(2.185758886762,1.695,0.93));
#2590 = DIRECTION('',(-0.978980419738,0.,-0.203954254112));
#2591 = DIRECTION('',(0.203954254112,0.,-0.978980419738));
#2592 = ADVANCED_FACE('',(#2593),#2618,.F.);
#2593 = FACE_BOUND('',#2594,.F.);
#2594 = EDGE_LOOP('',(#2595,#2596,#2604,#2612));
#2595 = ORIENTED_EDGE('',*,*,#2574,.T.);
#2596 = ORIENTED_EDGE('',*,*,#2597,.T.);
#2597 = EDGE_CURVE('',#2567,#2598,#2600,.T.);
#2598 = VERTEX_POINT('',#2599);
#2599 = CARTESIAN_POINT('',(3.,2.115,0.21));
#2600 = LINE('',#2601,#2602);
#2601 = CARTESIAN_POINT('',(2.335758886762,2.115,0.21));
#2602 = VECTOR('',#2603,1.);
#2603 = DIRECTION('',(1.,0.,0.));
#2604 = ORIENTED_EDGE('',*,*,#2605,.F.);
#2605 = EDGE_CURVE('',#2606,#2598,#2608,.T.);
#2606 = VERTEX_POINT('',#2607);
#2607 = CARTESIAN_POINT('',(3.,1.695,0.21));
#2608 = LINE('',#2609,#2610);
#2609 = CARTESIAN_POINT('',(3.,1.695,0.21));
#2610 = VECTOR('',#2611,1.);
#2611 = DIRECTION('',(0.,1.,0.));
#2612 = ORIENTED_EDGE('',*,*,#2613,.F.);
#2613 = EDGE_CURVE('',#2575,#2606,#2614,.T.);
#2614 = LINE('',#2615,#2616);
#2615 = CARTESIAN_POINT('',(2.335758886762,1.695,0.21));
#2616 = VECTOR('',#2617,1.);
#2617 = DIRECTION('',(1.,0.,0.));
#2618 = PLANE('',#2619);
#2619 = AXIS2_PLACEMENT_3D('',#2620,#2621,#2622);
#2620 = CARTESIAN_POINT('',(2.335758886762,1.695,0.21));
#2621 = DIRECTION('',(0.,0.,-1.));
#2622 = DIRECTION('',(1.,0.,0.));
#2623 = ADVANCED_FACE('',(#2624),#2649,.F.);
#2624 = FACE_BOUND('',#2625,.F.);
#2625 = EDGE_LOOP('',(#2626,#2627,#2635,#2643));
#2626 = ORIENTED_EDGE('',*,*,#2605,.T.);
#2627 = ORIENTED_EDGE('',*,*,#2628,.T.);
#2628 = EDGE_CURVE('',#2598,#2629,#2631,.T.);
#2629 = VERTEX_POINT('',#2630);
#2630 = CARTESIAN_POINT('',(3.,2.115,0.));
#2631 = LINE('',#2632,#2633);
#2632 = CARTESIAN_POINT('',(3.,2.115,0.21));
#2633 = VECTOR('',#2634,1.);
#2634 = DIRECTION('',(0.,0.,-1.));
#2635 = ORIENTED_EDGE('',*,*,#2636,.F.);
#2636 = EDGE_CURVE('',#2637,#2629,#2639,.T.);
#2637 = VERTEX_POINT('',#2638);
#2638 = CARTESIAN_POINT('',(3.,1.695,0.));
#2639 = LINE('',#2640,#2641);
#2640 = CARTESIAN_POINT('',(3.,1.695,0.));
#2641 = VECTOR('',#2642,1.);
#2642 = DIRECTION('',(0.,1.,0.));
#2643 = ORIENTED_EDGE('',*,*,#2644,.F.);
#2644 = EDGE_CURVE('',#2606,#2637,#2645,.T.);
#2645 = LINE('',#2646,#2647);
#2646 = CARTESIAN_POINT('',(3.,1.695,0.21));
#2647 = VECTOR('',#2648,1.);
#2648 = DIRECTION('',(0.,0.,-1.));
#2649 = PLANE('',#2650);
#2650 = AXIS2_PLACEMENT_3D('',#2651,#2652,#2653);
#2651 = CARTESIAN_POINT('',(3.,1.695,0.21));
#2652 = DIRECTION('',(-1.,0.,0.));
#2653 = DIRECTION('',(0.,0.,-1.));
#2654 = ADVANCED_FACE('',(#2655),#2680,.F.);
#2655 = FACE_BOUND('',#2656,.F.);
#2656 = EDGE_LOOP('',(#2657,#2658,#2666,#2674));
#2657 = ORIENTED_EDGE('',*,*,#2636,.T.);
#2658 = ORIENTED_EDGE('',*,*,#2659,.T.);
#2659 = EDGE_CURVE('',#2629,#2660,#2662,.T.);
#2660 = VERTEX_POINT('',#2661);
#2661 = CARTESIAN_POINT('',(2.165,2.115,0.));
#2662 = LINE('',#2663,#2664);
#2663 = CARTESIAN_POINT('',(3.,2.115,0.));
#2664 = VECTOR('',#2665,1.);
#2665 = DIRECTION('',(-1.,0.,0.));
#2666 = ORIENTED_EDGE('',*,*,#2667,.F.);
#2667 = EDGE_CURVE('',#2668,#2660,#2670,.T.);
#2668 = VERTEX_POINT('',#2669);
#2669 = CARTESIAN_POINT('',(2.165,1.695,0.));
#2670 = LINE('',#2671,#2672);
#2671 = CARTESIAN_POINT('',(2.165,1.695,0.));
#2672 = VECTOR('',#2673,1.);
#2673 = DIRECTION('',(0.,1.,0.));
#2674 = ORIENTED_EDGE('',*,*,#2675,.F.);
#2675 = EDGE_CURVE('',#2637,#2668,#2676,.T.);
#2676 = LINE('',#2677,#2678);
#2677 = CARTESIAN_POINT('',(3.,1.695,0.));
#2678 = VECTOR('',#2679,1.);
#2679 = DIRECTION('',(-1.,0.,0.));
#2680 = PLANE('',#2681);
#2681 = AXIS2_PLACEMENT_3D('',#2682,#2683,#2684);
#2682 = CARTESIAN_POINT('',(3.,1.695,0.));
#2683 = DIRECTION('',(0.,-0.,1.));
#2684 = DIRECTION('',(-1.,0.,0.));
#2685 = ADVANCED_FACE('',(#2686),#2711,.F.);
#2686 = FACE_BOUND('',#2687,.F.);
#2687 = EDGE_LOOP('',(#2688,#2689,#2697,#2705));
#2688 = ORIENTED_EDGE('',*,*,#2667,.T.);
#2689 = ORIENTED_EDGE('',*,*,#2690,.T.);
#2690 = EDGE_CURVE('',#2660,#2691,#2693,.T.);
#2691 = VERTEX_POINT('',#2692);
#2692 = CARTESIAN_POINT('',(2.015,2.115,0.72));
#2693 = LINE('',#2694,#2695);
#2694 = CARTESIAN_POINT('',(2.165,2.115,0.));
#2695 = VECTOR('',#2696,1.);
#2696 = DIRECTION('',(-0.203954254112,0.,0.978980419738));
#2697 = ORIENTED_EDGE('',*,*,#2698,.F.);
#2698 = EDGE_CURVE('',#2699,#2691,#2701,.T.);
#2699 = VERTEX_POINT('',#2700);
#2700 = CARTESIAN_POINT('',(2.015,1.695,0.72));
#2701 = LINE('',#2702,#2703);
#2702 = CARTESIAN_POINT('',(2.015,1.695,0.72));
#2703 = VECTOR('',#2704,1.);
#2704 = DIRECTION('',(0.,1.,0.));
#2705 = ORIENTED_EDGE('',*,*,#2706,.F.);
#2706 = EDGE_CURVE('',#2668,#2699,#2707,.T.);
#2707 = LINE('',#2708,#2709);
#2708 = CARTESIAN_POINT('',(2.165,1.695,0.));
#2709 = VECTOR('',#2710,1.);
#2710 = DIRECTION('',(-0.203954254112,0.,0.978980419738));
#2711 = PLANE('',#2712);
#2712 = AXIS2_PLACEMENT_3D('',#2713,#2714,#2715);
#2713 = CARTESIAN_POINT('',(2.165,1.695,0.));
#2714 = DIRECTION('',(0.978980419738,-0.,0.203954254112));
#2715 = DIRECTION('',(-0.203954254112,0.,0.978980419738));
#2716 = ADVANCED_FACE('',(#2717),#2742,.F.);
#2717 = FACE_BOUND('',#2718,.F.);
#2718 = EDGE_LOOP('',(#2719,#2720,#2728,#2736));
#2719 = ORIENTED_EDGE('',*,*,#2698,.T.);
#2720 = ORIENTED_EDGE('',*,*,#2721,.T.);
#2721 = EDGE_CURVE('',#2691,#2722,#2724,.T.);
#2722 = VERTEX_POINT('',#2723);
#2723 = CARTESIAN_POINT('',(1.75,2.115,0.72));
#2724 = LINE('',#2725,#2726);
#2725 = CARTESIAN_POINT('',(2.015,2.115,0.72));
#2726 = VECTOR('',#2727,1.);
#2727 = DIRECTION('',(-1.,0.,0.));
#2728 = ORIENTED_EDGE('',*,*,#2729,.F.);
#2729 = EDGE_CURVE('',#2730,#2722,#2732,.T.);
#2730 = VERTEX_POINT('',#2731);
#2731 = CARTESIAN_POINT('',(1.75,1.695,0.72));
#2732 = LINE('',#2733,#2734);
#2733 = CARTESIAN_POINT('',(1.75,1.695,0.72));
#2734 = VECTOR('',#2735,1.);
#2735 = DIRECTION('',(0.,1.,0.));
#2736 = ORIENTED_EDGE('',*,*,#2737,.F.);
#2737 = EDGE_CURVE('',#2699,#2730,#2738,.T.);
#2738 = LINE('',#2739,#2740);
#2739 = CARTESIAN_POINT('',(2.015,1.695,0.72));
#2740 = VECTOR('',#2741,1.);
#2741 = DIRECTION('',(-1.,0.,0.));
#2742 = PLANE('',#2743);
#2743 = AXIS2_PLACEMENT_3D('',#2744,#2745,#2746);
#2744 = CARTESIAN_POINT('',(2.015,1.695,0.72));
#2745 = DIRECTION('',(0.,-0.,1.));
#2746 = DIRECTION('',(-1.,0.,0.));
#2747 = ADVANCED_FACE('',(#2748),#2764,.F.);
#2748 = FACE_BOUND('',#2749,.F.);
#2749 = EDGE_LOOP('',(#2750,#2751,#2757,#2758));
#2750 = ORIENTED_EDGE('',*,*,#2729,.T.);
#2751 = ORIENTED_EDGE('',*,*,#2752,.T.);
#2752 = EDGE_CURVE('',#2722,#2528,#2753,.T.);
#2753 = LINE('',#2754,#2755);
#2754 = CARTESIAN_POINT('',(1.75,2.115,0.72));
#2755 = VECTOR('',#2756,1.);
#2756 = DIRECTION('',(0.,0.,1.));
#2757 = ORIENTED_EDGE('',*,*,#2525,.F.);
#2758 = ORIENTED_EDGE('',*,*,#2759,.F.);
#2759 = EDGE_CURVE('',#2730,#2526,#2760,.T.);
#2760 = LINE('',#2761,#2762);
#2761 = CARTESIAN_POINT('',(1.75,1.695,0.72));
#2762 = VECTOR('',#2763,1.);
#2763 = DIRECTION('',(0.,0.,1.));
#2764 = PLANE('',#2765);
#2765 = AXIS2_PLACEMENT_3D('',#2766,#2767,#2768);
#2766 = CARTESIAN_POINT('',(1.75,1.695,0.72));
#2767 = DIRECTION('',(1.,0.,0.));
#2768 = DIRECTION('',(0.,0.,1.));
#2769 = ADVANCED_FACE('',(#2770),#2780,.F.);
#2770 = FACE_BOUND('',#2771,.F.);
#2771 = EDGE_LOOP('',(#2772,#2773,#2774,#2775,#2776,#2777,#2778,#2779));
#2772 = ORIENTED_EDGE('',*,*,#2551,.T.);
#2773 = ORIENTED_EDGE('',*,*,#2582,.T.);
#2774 = ORIENTED_EDGE('',*,*,#2613,.T.);
#2775 = ORIENTED_EDGE('',*,*,#2644,.T.);
#2776 = ORIENTED_EDGE('',*,*,#2675,.T.);
#2777 = ORIENTED_EDGE('',*,*,#2706,.T.);
#2778 = ORIENTED_EDGE('',*,*,#2737,.T.);
#2779 = ORIENTED_EDGE('',*,*,#2759,.T.);
#2780 = PLANE('',#2781);
#2781 = AXIS2_PLACEMENT_3D('',#2782,#2783,#2784);
#2782 = CARTESIAN_POINT('',(2.317863847575,1.695,0.39473371848));
#2783 = DIRECTION('',(0.,1.,0.));
#2784 = DIRECTION('',(0.,-0.,1.));
#2785 = ADVANCED_FACE('',(#2786),#2796,.T.);
#2786 = FACE_BOUND('',#2787,.T.);
#2787 = EDGE_LOOP('',(#2788,#2789,#2790,#2791,#2792,#2793,#2794,#2795));
#2788 = ORIENTED_EDGE('',*,*,#2535,.T.);
#2789 = ORIENTED_EDGE('',*,*,#2566,.T.);
#2790 = ORIENTED_EDGE('',*,*,#2597,.T.);
#2791 = ORIENTED_EDGE('',*,*,#2628,.T.);
#2792 = ORIENTED_EDGE('',*,*,#2659,.T.);
#2793 = ORIENTED_EDGE('',*,*,#2690,.T.);
#2794 = ORIENTED_EDGE('',*,*,#2721,.T.);
#2795 = ORIENTED_EDGE('',*,*,#2752,.T.);
#2796 = PLANE('',#2797);
#2797 = AXIS2_PLACEMENT_3D('',#2798,#2799,#2800);
#2798 = CARTESIAN_POINT('',(2.317863847575,2.115,0.39473371848));
#2799 = DIRECTION('',(0.,1.,0.));
#2800 = DIRECTION('',(0.,-0.,1.));
#2801 = MANIFOLD_SOLID_BREP('',#2802);
#2802 = CLOSED_SHELL('',(#2803,#2843,#2874,#2905,#2936,#2967,#2998,#3029
    ,#3051,#3067));
#2803 = ADVANCED_FACE('',(#2804),#2838,.F.);
#2804 = FACE_BOUND('',#2805,.F.);
#2805 = EDGE_LOOP('',(#2806,#2816,#2824,#2832));
#2806 = ORIENTED_EDGE('',*,*,#2807,.T.);
#2807 = EDGE_CURVE('',#2808,#2810,#2812,.T.);
#2808 = VERTEX_POINT('',#2809);
#2809 = CARTESIAN_POINT('',(1.75,0.425,0.93));
#2810 = VERTEX_POINT('',#2811);
#2811 = CARTESIAN_POINT('',(1.75,0.845,0.93));
#2812 = LINE('',#2813,#2814);
#2813 = CARTESIAN_POINT('',(1.75,0.425,0.93));
#2814 = VECTOR('',#2815,1.);
#2815 = DIRECTION('',(0.,1.,0.));
#2816 = ORIENTED_EDGE('',*,*,#2817,.T.);
#2817 = EDGE_CURVE('',#2810,#2818,#2820,.T.);
#2818 = VERTEX_POINT('',#2819);
#2819 = CARTESIAN_POINT('',(2.185758886762,0.845,0.93));
#2820 = LINE('',#2821,#2822);
#2821 = CARTESIAN_POINT('',(1.75,0.845,0.93));
#2822 = VECTOR('',#2823,1.);
#2823 = DIRECTION('',(1.,0.,0.));
#2824 = ORIENTED_EDGE('',*,*,#2825,.F.);
#2825 = EDGE_CURVE('',#2826,#2818,#2828,.T.);
#2826 = VERTEX_POINT('',#2827);
#2827 = CARTESIAN_POINT('',(2.185758886762,0.425,0.93));
#2828 = LINE('',#2829,#2830);
#2829 = CARTESIAN_POINT('',(2.185758886762,0.425,0.93));
#2830 = VECTOR('',#2831,1.);
#2831 = DIRECTION('',(0.,1.,0.));
#2832 = ORIENTED_EDGE('',*,*,#2833,.F.);
#2833 = EDGE_CURVE('',#2808,#2826,#2834,.T.);
#2834 = LINE('',#2835,#2836);
#2835 = CARTESIAN_POINT('',(1.75,0.425,0.93));
#2836 = VECTOR('',#2837,1.);
#2837 = DIRECTION('',(1.,0.,0.));
#2838 = PLANE('',#2839);
#2839 = AXIS2_PLACEMENT_3D('',#2840,#2841,#2842);
#2840 = CARTESIAN_POINT('',(1.75,0.425,0.93));
#2841 = DIRECTION('',(0.,0.,-1.));
#2842 = DIRECTION('',(1.,0.,0.));
#2843 = ADVANCED_FACE('',(#2844),#2869,.F.);
#2844 = FACE_BOUND('',#2845,.F.);
#2845 = EDGE_LOOP('',(#2846,#2847,#2855,#2863));
#2846 = ORIENTED_EDGE('',*,*,#2825,.T.);
#2847 = ORIENTED_EDGE('',*,*,#2848,.T.);
#2848 = EDGE_CURVE('',#2818,#2849,#2851,.T.);
#2849 = VERTEX_POINT('',#2850);
#2850 = CARTESIAN_POINT('',(2.335758886762,0.845,0.21));
#2851 = LINE('',#2852,#2853);
#2852 = CARTESIAN_POINT('',(2.185758886762,0.845,0.93));
#2853 = VECTOR('',#2854,1.);
#2854 = DIRECTION('',(0.203954254112,0.,-0.978980419738));
#2855 = ORIENTED_EDGE('',*,*,#2856,.F.);
#2856 = EDGE_CURVE('',#2857,#2849,#2859,.T.);
#2857 = VERTEX_POINT('',#2858);
#2858 = CARTESIAN_POINT('',(2.335758886762,0.425,0.21));
#2859 = LINE('',#2860,#2861);
#2860 = CARTESIAN_POINT('',(2.335758886762,0.425,0.21));
#2861 = VECTOR('',#2862,1.);
#2862 = DIRECTION('',(0.,1.,0.));
#2863 = ORIENTED_EDGE('',*,*,#2864,.F.);
#2864 = EDGE_CURVE('',#2826,#2857,#2865,.T.);
#2865 = LINE('',#2866,#2867);
#2866 = CARTESIAN_POINT('',(2.185758886762,0.425,0.93));
#2867 = VECTOR('',#2868,1.);
#2868 = DIRECTION('',(0.203954254112,0.,-0.978980419738));
#2869 = PLANE('',#2870);
#2870 = AXIS2_PLACEMENT_3D('',#2871,#2872,#2873);
#2871 = CARTESIAN_POINT('',(2.185758886762,0.425,0.93));
#2872 = DIRECTION('',(-0.978980419738,0.,-0.203954254112));
#2873 = DIRECTION('',(0.203954254112,0.,-0.978980419738));
#2874 = ADVANCED_FACE('',(#2875),#2900,.F.);
#2875 = FACE_BOUND('',#2876,.F.);
#2876 = EDGE_LOOP('',(#2877,#2878,#2886,#2894));
#2877 = ORIENTED_EDGE('',*,*,#2856,.T.);
#2878 = ORIENTED_EDGE('',*,*,#2879,.T.);
#2879 = EDGE_CURVE('',#2849,#2880,#2882,.T.);
#2880 = VERTEX_POINT('',#2881);
#2881 = CARTESIAN_POINT('',(3.,0.845,0.21));
#2882 = LINE('',#2883,#2884);
#2883 = CARTESIAN_POINT('',(2.335758886762,0.845,0.21));
#2884 = VECTOR('',#2885,1.);
#2885 = DIRECTION('',(1.,0.,0.));
#2886 = ORIENTED_EDGE('',*,*,#2887,.F.);
#2887 = EDGE_CURVE('',#2888,#2880,#2890,.T.);
#2888 = VERTEX_POINT('',#2889);
#2889 = CARTESIAN_POINT('',(3.,0.425,0.21));
#2890 = LINE('',#2891,#2892);
#2891 = CARTESIAN_POINT('',(3.,0.425,0.21));
#2892 = VECTOR('',#2893,1.);
#2893 = DIRECTION('',(0.,1.,0.));
#2894 = ORIENTED_EDGE('',*,*,#2895,.F.);
#2895 = EDGE_CURVE('',#2857,#2888,#2896,.T.);
#2896 = LINE('',#2897,#2898);
#2897 = CARTESIAN_POINT('',(2.335758886762,0.425,0.21));
#2898 = VECTOR('',#2899,1.);
#2899 = DIRECTION('',(1.,0.,0.));
#2900 = PLANE('',#2901);
#2901 = AXIS2_PLACEMENT_3D('',#2902,#2903,#2904);
#2902 = CARTESIAN_POINT('',(2.335758886762,0.425,0.21));
#2903 = DIRECTION('',(0.,0.,-1.));
#2904 = DIRECTION('',(1.,0.,0.));
#2905 = ADVANCED_FACE('',(#2906),#2931,.F.);
#2906 = FACE_BOUND('',#2907,.F.);
#2907 = EDGE_LOOP('',(#2908,#2909,#2917,#2925));
#2908 = ORIENTED_EDGE('',*,*,#2887,.T.);
#2909 = ORIENTED_EDGE('',*,*,#2910,.T.);
#2910 = EDGE_CURVE('',#2880,#2911,#2913,.T.);
#2911 = VERTEX_POINT('',#2912);
#2912 = CARTESIAN_POINT('',(3.,0.845,0.));
#2913 = LINE('',#2914,#2915);
#2914 = CARTESIAN_POINT('',(3.,0.845,0.21));
#2915 = VECTOR('',#2916,1.);
#2916 = DIRECTION('',(0.,0.,-1.));
#2917 = ORIENTED_EDGE('',*,*,#2918,.F.);
#2918 = EDGE_CURVE('',#2919,#2911,#2921,.T.);
#2919 = VERTEX_POINT('',#2920);
#2920 = CARTESIAN_POINT('',(3.,0.425,0.));
#2921 = LINE('',#2922,#2923);
#2922 = CARTESIAN_POINT('',(3.,0.425,0.));
#2923 = VECTOR('',#2924,1.);
#2924 = DIRECTION('',(0.,1.,0.));
#2925 = ORIENTED_EDGE('',*,*,#2926,.F.);
#2926 = EDGE_CURVE('',#2888,#2919,#2927,.T.);
#2927 = LINE('',#2928,#2929);
#2928 = CARTESIAN_POINT('',(3.,0.425,0.21));
#2929 = VECTOR('',#2930,1.);
#2930 = DIRECTION('',(0.,0.,-1.));
#2931 = PLANE('',#2932);
#2932 = AXIS2_PLACEMENT_3D('',#2933,#2934,#2935);
#2933 = CARTESIAN_POINT('',(3.,0.425,0.21));
#2934 = DIRECTION('',(-1.,0.,0.));
#2935 = DIRECTION('',(0.,0.,-1.));
#2936 = ADVANCED_FACE('',(#2937),#2962,.F.);
#2937 = FACE_BOUND('',#2938,.F.);
#2938 = EDGE_LOOP('',(#2939,#2940,#2948,#2956));
#2939 = ORIENTED_EDGE('',*,*,#2918,.T.);
#2940 = ORIENTED_EDGE('',*,*,#2941,.T.);
#2941 = EDGE_CURVE('',#2911,#2942,#2944,.T.);
#2942 = VERTEX_POINT('',#2943);
#2943 = CARTESIAN_POINT('',(2.165,0.845,0.));
#2944 = LINE('',#2945,#2946);
#2945 = CARTESIAN_POINT('',(3.,0.845,0.));
#2946 = VECTOR('',#2947,1.);
#2947 = DIRECTION('',(-1.,0.,0.));
#2948 = ORIENTED_EDGE('',*,*,#2949,.F.);
#2949 = EDGE_CURVE('',#2950,#2942,#2952,.T.);
#2950 = VERTEX_POINT('',#2951);
#2951 = CARTESIAN_POINT('',(2.165,0.425,0.));
#2952 = LINE('',#2953,#2954);
#2953 = CARTESIAN_POINT('',(2.165,0.425,0.));
#2954 = VECTOR('',#2955,1.);
#2955 = DIRECTION('',(0.,1.,0.));
#2956 = ORIENTED_EDGE('',*,*,#2957,.F.);
#2957 = EDGE_CURVE('',#2919,#2950,#2958,.T.);
#2958 = LINE('',#2959,#2960);
#2959 = CARTESIAN_POINT('',(3.,0.425,0.));
#2960 = VECTOR('',#2961,1.);
#2961 = DIRECTION('',(-1.,0.,0.));
#2962 = PLANE('',#2963);
#2963 = AXIS2_PLACEMENT_3D('',#2964,#2965,#2966);
#2964 = CARTESIAN_POINT('',(3.,0.425,0.));
#2965 = DIRECTION('',(0.,-0.,1.));
#2966 = DIRECTION('',(-1.,0.,0.));
#2967 = ADVANCED_FACE('',(#2968),#2993,.F.);
#2968 = FACE_BOUND('',#2969,.F.);
#2969 = EDGE_LOOP('',(#2970,#2971,#2979,#2987));
#2970 = ORIENTED_EDGE('',*,*,#2949,.T.);
#2971 = ORIENTED_EDGE('',*,*,#2972,.T.);
#2972 = EDGE_CURVE('',#2942,#2973,#2975,.T.);
#2973 = VERTEX_POINT('',#2974);
#2974 = CARTESIAN_POINT('',(2.015,0.845,0.72));
#2975 = LINE('',#2976,#2977);
#2976 = CARTESIAN_POINT('',(2.165,0.845,0.));
#2977 = VECTOR('',#2978,1.);
#2978 = DIRECTION('',(-0.203954254112,0.,0.978980419738));
#2979 = ORIENTED_EDGE('',*,*,#2980,.F.);
#2980 = EDGE_CURVE('',#2981,#2973,#2983,.T.);
#2981 = VERTEX_POINT('',#2982);
#2982 = CARTESIAN_POINT('',(2.015,0.425,0.72));
#2983 = LINE('',#2984,#2985);
#2984 = CARTESIAN_POINT('',(2.015,0.425,0.72));
#2985 = VECTOR('',#2986,1.);
#2986 = DIRECTION('',(0.,1.,0.));
#2987 = ORIENTED_EDGE('',*,*,#2988,.F.);
#2988 = EDGE_CURVE('',#2950,#2981,#2989,.T.);
#2989 = LINE('',#2990,#2991);
#2990 = CARTESIAN_POINT('',(2.165,0.425,0.));
#2991 = VECTOR('',#2992,1.);
#2992 = DIRECTION('',(-0.203954254112,0.,0.978980419738));
#2993 = PLANE('',#2994);
#2994 = AXIS2_PLACEMENT_3D('',#2995,#2996,#2997);
#2995 = CARTESIAN_POINT('',(2.165,0.425,0.));
#2996 = DIRECTION('',(0.978980419738,-0.,0.203954254112));
#2997 = DIRECTION('',(-0.203954254112,0.,0.978980419738));
#2998 = ADVANCED_FACE('',(#2999),#3024,.F.);
#2999 = FACE_BOUND('',#3000,.F.);
#3000 = EDGE_LOOP('',(#3001,#3002,#3010,#3018));
#3001 = ORIENTED_EDGE('',*,*,#2980,.T.);
#3002 = ORIENTED_EDGE('',*,*,#3003,.T.);
#3003 = EDGE_CURVE('',#2973,#3004,#3006,.T.);
#3004 = VERTEX_POINT('',#3005);
#3005 = CARTESIAN_POINT('',(1.75,0.845,0.72));
#3006 = LINE('',#3007,#3008);
#3007 = CARTESIAN_POINT('',(2.015,0.845,0.72));
#3008 = VECTOR('',#3009,1.);
#3009 = DIRECTION('',(-1.,0.,0.));
#3010 = ORIENTED_EDGE('',*,*,#3011,.F.);
#3011 = EDGE_CURVE('',#3012,#3004,#3014,.T.);
#3012 = VERTEX_POINT('',#3013);
#3013 = CARTESIAN_POINT('',(1.75,0.425,0.72));
#3014 = LINE('',#3015,#3016);
#3015 = CARTESIAN_POINT('',(1.75,0.425,0.72));
#3016 = VECTOR('',#3017,1.);
#3017 = DIRECTION('',(0.,1.,0.));
#3018 = ORIENTED_EDGE('',*,*,#3019,.F.);
#3019 = EDGE_CURVE('',#2981,#3012,#3020,.T.);
#3020 = LINE('',#3021,#3022);
#3021 = CARTESIAN_POINT('',(2.015,0.425,0.72));
#3022 = VECTOR('',#3023,1.);
#3023 = DIRECTION('',(-1.,0.,0.));
#3024 = PLANE('',#3025);
#3025 = AXIS2_PLACEMENT_3D('',#3026,#3027,#3028);
#3026 = CARTESIAN_POINT('',(2.015,0.425,0.72));
#3027 = DIRECTION('',(0.,-0.,1.));
#3028 = DIRECTION('',(-1.,0.,0.));
#3029 = ADVANCED_FACE('',(#3030),#3046,.F.);
#3030 = FACE_BOUND('',#3031,.F.);
#3031 = EDGE_LOOP('',(#3032,#3033,#3039,#3040));
#3032 = ORIENTED_EDGE('',*,*,#3011,.T.);
#3033 = ORIENTED_EDGE('',*,*,#3034,.T.);
#3034 = EDGE_CURVE('',#3004,#2810,#3035,.T.);
#3035 = LINE('',#3036,#3037);
#3036 = CARTESIAN_POINT('',(1.75,0.845,0.72));
#3037 = VECTOR('',#3038,1.);
#3038 = DIRECTION('',(0.,0.,1.));
#3039 = ORIENTED_EDGE('',*,*,#2807,.F.);
#3040 = ORIENTED_EDGE('',*,*,#3041,.F.);
#3041 = EDGE_CURVE('',#3012,#2808,#3042,.T.);
#3042 = LINE('',#3043,#3044);
#3043 = CARTESIAN_POINT('',(1.75,0.425,0.72));
#3044 = VECTOR('',#3045,1.);
#3045 = DIRECTION('',(0.,0.,1.));
#3046 = PLANE('',#3047);
#3047 = AXIS2_PLACEMENT_3D('',#3048,#3049,#3050);
#3048 = CARTESIAN_POINT('',(1.75,0.425,0.72));
#3049 = DIRECTION('',(1.,0.,0.));
#3050 = DIRECTION('',(0.,0.,1.));
#3051 = ADVANCED_FACE('',(#3052),#3062,.F.);
#3052 = FACE_BOUND('',#3053,.F.);
#3053 = EDGE_LOOP('',(#3054,#3055,#3056,#3057,#3058,#3059,#3060,#3061));
#3054 = ORIENTED_EDGE('',*,*,#2833,.T.);
#3055 = ORIENTED_EDGE('',*,*,#2864,.T.);
#3056 = ORIENTED_EDGE('',*,*,#2895,.T.);
#3057 = ORIENTED_EDGE('',*,*,#2926,.T.);
#3058 = ORIENTED_EDGE('',*,*,#2957,.T.);
#3059 = ORIENTED_EDGE('',*,*,#2988,.T.);
#3060 = ORIENTED_EDGE('',*,*,#3019,.T.);
#3061 = ORIENTED_EDGE('',*,*,#3041,.T.);
#3062 = PLANE('',#3063);
#3063 = AXIS2_PLACEMENT_3D('',#3064,#3065,#3066);
#3064 = CARTESIAN_POINT('',(2.317863847575,0.425,0.39473371848));
#3065 = DIRECTION('',(0.,1.,0.));
#3066 = DIRECTION('',(0.,-0.,1.));
#3067 = ADVANCED_FACE('',(#3068),#3078,.T.);
#3068 = FACE_BOUND('',#3069,.T.);
#3069 = EDGE_LOOP('',(#3070,#3071,#3072,#3073,#3074,#3075,#3076,#3077));
#3070 = ORIENTED_EDGE('',*,*,#2817,.T.);
#3071 = ORIENTED_EDGE('',*,*,#2848,.T.);
#3072 = ORIENTED_EDGE('',*,*,#2879,.T.);
#3073 = ORIENTED_EDGE('',*,*,#2910,.T.);
#3074 = ORIENTED_EDGE('',*,*,#2941,.T.);
#3075 = ORIENTED_EDGE('',*,*,#2972,.T.);
#3076 = ORIENTED_EDGE('',*,*,#3003,.T.);
#3077 = ORIENTED_EDGE('',*,*,#3034,.T.);
#3078 = PLANE('',#3079);
#3079 = AXIS2_PLACEMENT_3D('',#3080,#3081,#3082);
#3080 = CARTESIAN_POINT('',(2.317863847575,0.845,0.39473371848));
#3081 = DIRECTION('',(0.,1.,0.));
#3082 = DIRECTION('',(0.,-0.,1.));
#3083 = MANIFOLD_SOLID_BREP('',#3084);
#3084 = CLOSED_SHELL('',(#3085,#3125,#3156,#3187,#3218,#3249,#3280,#3311
    ,#3333,#3349));
#3085 = ADVANCED_FACE('',(#3086),#3120,.F.);
#3086 = FACE_BOUND('',#3087,.F.);
#3087 = EDGE_LOOP('',(#3088,#3098,#3106,#3114));
#3088 = ORIENTED_EDGE('',*,*,#3089,.T.);
#3089 = EDGE_CURVE('',#3090,#3092,#3094,.T.);
#3090 = VERTEX_POINT('',#3091);
#3091 = CARTESIAN_POINT('',(1.75,-0.845,0.93));
#3092 = VERTEX_POINT('',#3093);
#3093 = CARTESIAN_POINT('',(1.75,-0.425,0.93));
#3094 = LINE('',#3095,#3096);
#3095 = CARTESIAN_POINT('',(1.75,-0.845,0.93));
#3096 = VECTOR('',#3097,1.);
#3097 = DIRECTION('',(0.,1.,0.));
#3098 = ORIENTED_EDGE('',*,*,#3099,.T.);
#3099 = EDGE_CURVE('',#3092,#3100,#3102,.T.);
#3100 = VERTEX_POINT('',#3101);
#3101 = CARTESIAN_POINT('',(2.185758886762,-0.425,0.93));
#3102 = LINE('',#3103,#3104);
#3103 = CARTESIAN_POINT('',(1.75,-0.425,0.93));
#3104 = VECTOR('',#3105,1.);
#3105 = DIRECTION('',(1.,0.,0.));
#3106 = ORIENTED_EDGE('',*,*,#3107,.F.);
#3107 = EDGE_CURVE('',#3108,#3100,#3110,.T.);
#3108 = VERTEX_POINT('',#3109);
#3109 = CARTESIAN_POINT('',(2.185758886762,-0.845,0.93));
#3110 = LINE('',#3111,#3112);
#3111 = CARTESIAN_POINT('',(2.185758886762,-0.845,0.93));
#3112 = VECTOR('',#3113,1.);
#3113 = DIRECTION('',(0.,1.,0.));
#3114 = ORIENTED_EDGE('',*,*,#3115,.F.);
#3115 = EDGE_CURVE('',#3090,#3108,#3116,.T.);
#3116 = LINE('',#3117,#3118);
#3117 = CARTESIAN_POINT('',(1.75,-0.845,0.93));
#3118 = VECTOR('',#3119,1.);
#3119 = DIRECTION('',(1.,0.,0.));
#3120 = PLANE('',#3121);
#3121 = AXIS2_PLACEMENT_3D('',#3122,#3123,#3124);
#3122 = CARTESIAN_POINT('',(1.75,-0.845,0.93));
#3123 = DIRECTION('',(0.,0.,-1.));
#3124 = DIRECTION('',(1.,0.,0.));
#3125 = ADVANCED_FACE('',(#3126),#3151,.F.);
#3126 = FACE_BOUND('',#3127,.F.);
#3127 = EDGE_LOOP('',(#3128,#3129,#3137,#3145));
#3128 = ORIENTED_EDGE('',*,*,#3107,.T.);
#3129 = ORIENTED_EDGE('',*,*,#3130,.T.);
#3130 = EDGE_CURVE('',#3100,#3131,#3133,.T.);
#3131 = VERTEX_POINT('',#3132);
#3132 = CARTESIAN_POINT('',(2.335758886762,-0.425,0.21));
#3133 = LINE('',#3134,#3135);
#3134 = CARTESIAN_POINT('',(2.185758886762,-0.425,0.93));
#3135 = VECTOR('',#3136,1.);
#3136 = DIRECTION('',(0.203954254112,0.,-0.978980419738));
#3137 = ORIENTED_EDGE('',*,*,#3138,.F.);
#3138 = EDGE_CURVE('',#3139,#3131,#3141,.T.);
#3139 = VERTEX_POINT('',#3140);
#3140 = CARTESIAN_POINT('',(2.335758886762,-0.845,0.21));
#3141 = LINE('',#3142,#3143);
#3142 = CARTESIAN_POINT('',(2.335758886762,-0.845,0.21));
#3143 = VECTOR('',#3144,1.);
#3144 = DIRECTION('',(0.,1.,0.));
#3145 = ORIENTED_EDGE('',*,*,#3146,.F.);
#3146 = EDGE_CURVE('',#3108,#3139,#3147,.T.);
#3147 = LINE('',#3148,#3149);
#3148 = CARTESIAN_POINT('',(2.185758886762,-0.845,0.93));
#3149 = VECTOR('',#3150,1.);
#3150 = DIRECTION('',(0.203954254112,0.,-0.978980419738));
#3151 = PLANE('',#3152);
#3152 = AXIS2_PLACEMENT_3D('',#3153,#3154,#3155);
#3153 = CARTESIAN_POINT('',(2.185758886762,-0.845,0.93));
#3154 = DIRECTION('',(-0.978980419738,0.,-0.203954254112));
#3155 = DIRECTION('',(0.203954254112,0.,-0.978980419738));
#3156 = ADVANCED_FACE('',(#3157),#3182,.F.);
#3157 = FACE_BOUND('',#3158,.F.);
#3158 = EDGE_LOOP('',(#3159,#3160,#3168,#3176));
#3159 = ORIENTED_EDGE('',*,*,#3138,.T.);
#3160 = ORIENTED_EDGE('',*,*,#3161,.T.);
#3161 = EDGE_CURVE('',#3131,#3162,#3164,.T.);
#3162 = VERTEX_POINT('',#3163);
#3163 = CARTESIAN_POINT('',(3.,-0.425,0.21));
#3164 = LINE('',#3165,#3166);
#3165 = CARTESIAN_POINT('',(2.335758886762,-0.425,0.21));
#3166 = VECTOR('',#3167,1.);
#3167 = DIRECTION('',(1.,0.,0.));
#3168 = ORIENTED_EDGE('',*,*,#3169,.F.);
#3169 = EDGE_CURVE('',#3170,#3162,#3172,.T.);
#3170 = VERTEX_POINT('',#3171);
#3171 = CARTESIAN_POINT('',(3.,-0.845,0.21));
#3172 = LINE('',#3173,#3174);
#3173 = CARTESIAN_POINT('',(3.,-0.845,0.21));
#3174 = VECTOR('',#3175,1.);
#3175 = DIRECTION('',(0.,1.,0.));
#3176 = ORIENTED_EDGE('',*,*,#3177,.F.);
#3177 = EDGE_CURVE('',#3139,#3170,#3178,.T.);
#3178 = LINE('',#3179,#3180);
#3179 = CARTESIAN_POINT('',(2.335758886762,-0.845,0.21));
#3180 = VECTOR('',#3181,1.);
#3181 = DIRECTION('',(1.,0.,0.));
#3182 = PLANE('',#3183);
#3183 = AXIS2_PLACEMENT_3D('',#3184,#3185,#3186);
#3184 = CARTESIAN_POINT('',(2.335758886762,-0.845,0.21));
#3185 = DIRECTION('',(0.,0.,-1.));
#3186 = DIRECTION('',(1.,0.,0.));
#3187 = ADVANCED_FACE('',(#3188),#3213,.F.);
#3188 = FACE_BOUND('',#3189,.F.);
#3189 = EDGE_LOOP('',(#3190,#3191,#3199,#3207));
#3190 = ORIENTED_EDGE('',*,*,#3169,.T.);
#3191 = ORIENTED_EDGE('',*,*,#3192,.T.);
#3192 = EDGE_CURVE('',#3162,#3193,#3195,.T.);
#3193 = VERTEX_POINT('',#3194);
#3194 = CARTESIAN_POINT('',(3.,-0.425,0.));
#3195 = LINE('',#3196,#3197);
#3196 = CARTESIAN_POINT('',(3.,-0.425,0.21));
#3197 = VECTOR('',#3198,1.);
#3198 = DIRECTION('',(0.,0.,-1.));
#3199 = ORIENTED_EDGE('',*,*,#3200,.F.);
#3200 = EDGE_CURVE('',#3201,#3193,#3203,.T.);
#3201 = VERTEX_POINT('',#3202);
#3202 = CARTESIAN_POINT('',(3.,-0.845,0.));
#3203 = LINE('',#3204,#3205);
#3204 = CARTESIAN_POINT('',(3.,-0.845,0.));
#3205 = VECTOR('',#3206,1.);
#3206 = DIRECTION('',(0.,1.,0.));
#3207 = ORIENTED_EDGE('',*,*,#3208,.F.);
#3208 = EDGE_CURVE('',#3170,#3201,#3209,.T.);
#3209 = LINE('',#3210,#3211);
#3210 = CARTESIAN_POINT('',(3.,-0.845,0.21));
#3211 = VECTOR('',#3212,1.);
#3212 = DIRECTION('',(0.,0.,-1.));
#3213 = PLANE('',#3214);
#3214 = AXIS2_PLACEMENT_3D('',#3215,#3216,#3217);
#3215 = CARTESIAN_POINT('',(3.,-0.845,0.21));
#3216 = DIRECTION('',(-1.,0.,0.));
#3217 = DIRECTION('',(0.,0.,-1.));
#3218 = ADVANCED_FACE('',(#3219),#3244,.F.);
#3219 = FACE_BOUND('',#3220,.F.);
#3220 = EDGE_LOOP('',(#3221,#3222,#3230,#3238));
#3221 = ORIENTED_EDGE('',*,*,#3200,.T.);
#3222 = ORIENTED_EDGE('',*,*,#3223,.T.);
#3223 = EDGE_CURVE('',#3193,#3224,#3226,.T.);
#3224 = VERTEX_POINT('',#3225);
#3225 = CARTESIAN_POINT('',(2.165,-0.425,0.));
#3226 = LINE('',#3227,#3228);
#3227 = CARTESIAN_POINT('',(3.,-0.425,0.));
#3228 = VECTOR('',#3229,1.);
#3229 = DIRECTION('',(-1.,0.,0.));
#3230 = ORIENTED_EDGE('',*,*,#3231,.F.);
#3231 = EDGE_CURVE('',#3232,#3224,#3234,.T.);
#3232 = VERTEX_POINT('',#3233);
#3233 = CARTESIAN_POINT('',(2.165,-0.845,0.));
#3234 = LINE('',#3235,#3236);
#3235 = CARTESIAN_POINT('',(2.165,-0.845,0.));
#3236 = VECTOR('',#3237,1.);
#3237 = DIRECTION('',(0.,1.,0.));
#3238 = ORIENTED_EDGE('',*,*,#3239,.F.);
#3239 = EDGE_CURVE('',#3201,#3232,#3240,.T.);
#3240 = LINE('',#3241,#3242);
#3241 = CARTESIAN_POINT('',(3.,-0.845,0.));
#3242 = VECTOR('',#3243,1.);
#3243 = DIRECTION('',(-1.,0.,0.));
#3244 = PLANE('',#3245);
#3245 = AXIS2_PLACEMENT_3D('',#3246,#3247,#3248);
#3246 = CARTESIAN_POINT('',(3.,-0.845,0.));
#3247 = DIRECTION('',(0.,-0.,1.));
#3248 = DIRECTION('',(-1.,0.,0.));
#3249 = ADVANCED_FACE('',(#3250),#3275,.F.);
#3250 = FACE_BOUND('',#3251,.F.);
#3251 = EDGE_LOOP('',(#3252,#3253,#3261,#3269));
#3252 = ORIENTED_EDGE('',*,*,#3231,.T.);
#3253 = ORIENTED_EDGE('',*,*,#3254,.T.);
#3254 = EDGE_CURVE('',#3224,#3255,#3257,.T.);
#3255 = VERTEX_POINT('',#3256);
#3256 = CARTESIAN_POINT('',(2.015,-0.425,0.72));
#3257 = LINE('',#3258,#3259);
#3258 = CARTESIAN_POINT('',(2.165,-0.425,0.));
#3259 = VECTOR('',#3260,1.);
#3260 = DIRECTION('',(-0.203954254112,0.,0.978980419738));
#3261 = ORIENTED_EDGE('',*,*,#3262,.F.);
#3262 = EDGE_CURVE('',#3263,#3255,#3265,.T.);
#3263 = VERTEX_POINT('',#3264);
#3264 = CARTESIAN_POINT('',(2.015,-0.845,0.72));
#3265 = LINE('',#3266,#3267);
#3266 = CARTESIAN_POINT('',(2.015,-0.845,0.72));
#3267 = VECTOR('',#3268,1.);
#3268 = DIRECTION('',(0.,1.,0.));
#3269 = ORIENTED_EDGE('',*,*,#3270,.F.);
#3270 = EDGE_CURVE('',#3232,#3263,#3271,.T.);
#3271 = LINE('',#3272,#3273);
#3272 = CARTESIAN_POINT('',(2.165,-0.845,0.));
#3273 = VECTOR('',#3274,1.);
#3274 = DIRECTION('',(-0.203954254112,0.,0.978980419738));
#3275 = PLANE('',#3276);
#3276 = AXIS2_PLACEMENT_3D('',#3277,#3278,#3279);
#3277 = CARTESIAN_POINT('',(2.165,-0.845,0.));
#3278 = DIRECTION('',(0.978980419738,-0.,0.203954254112));
#3279 = DIRECTION('',(-0.203954254112,0.,0.978980419738));
#3280 = ADVANCED_FACE('',(#3281),#3306,.F.);
#3281 = FACE_BOUND('',#3282,.F.);
#3282 = EDGE_LOOP('',(#3283,#3284,#3292,#3300));
#3283 = ORIENTED_EDGE('',*,*,#3262,.T.);
#3284 = ORIENTED_EDGE('',*,*,#3285,.T.);
#3285 = EDGE_CURVE('',#3255,#3286,#3288,.T.);
#3286 = VERTEX_POINT('',#3287);
#3287 = CARTESIAN_POINT('',(1.75,-0.425,0.72));
#3288 = LINE('',#3289,#3290);
#3289 = CARTESIAN_POINT('',(2.015,-0.425,0.72));
#3290 = VECTOR('',#3291,1.);
#3291 = DIRECTION('',(-1.,0.,0.));
#3292 = ORIENTED_EDGE('',*,*,#3293,.F.);
#3293 = EDGE_CURVE('',#3294,#3286,#3296,.T.);
#3294 = VERTEX_POINT('',#3295);
#3295 = CARTESIAN_POINT('',(1.75,-0.845,0.72));
#3296 = LINE('',#3297,#3298);
#3297 = CARTESIAN_POINT('',(1.75,-0.845,0.72));
#3298 = VECTOR('',#3299,1.);
#3299 = DIRECTION('',(0.,1.,0.));
#3300 = ORIENTED_EDGE('',*,*,#3301,.F.);
#3301 = EDGE_CURVE('',#3263,#3294,#3302,.T.);
#3302 = LINE('',#3303,#3304);
#3303 = CARTESIAN_POINT('',(2.015,-0.845,0.72));
#3304 = VECTOR('',#3305,1.);
#3305 = DIRECTION('',(-1.,0.,0.));
#3306 = PLANE('',#3307);
#3307 = AXIS2_PLACEMENT_3D('',#3308,#3309,#3310);
#3308 = CARTESIAN_POINT('',(2.015,-0.845,0.72));
#3309 = DIRECTION('',(0.,-0.,1.));
#3310 = DIRECTION('',(-1.,0.,0.));
#3311 = ADVANCED_FACE('',(#3312),#3328,.F.);
#3312 = FACE_BOUND('',#3313,.F.);
#3313 = EDGE_LOOP('',(#3314,#3315,#3321,#3322));
#3314 = ORIENTED_EDGE('',*,*,#3293,.T.);
#3315 = ORIENTED_EDGE('',*,*,#3316,.T.);
#3316 = EDGE_CURVE('',#3286,#3092,#3317,.T.);
#3317 = LINE('',#3318,#3319);
#3318 = CARTESIAN_POINT('',(1.75,-0.425,0.72));
#3319 = VECTOR('',#3320,1.);
#3320 = DIRECTION('',(0.,0.,1.));
#3321 = ORIENTED_EDGE('',*,*,#3089,.F.);
#3322 = ORIENTED_EDGE('',*,*,#3323,.F.);
#3323 = EDGE_CURVE('',#3294,#3090,#3324,.T.);
#3324 = LINE('',#3325,#3326);
#3325 = CARTESIAN_POINT('',(1.75,-0.845,0.72));
#3326 = VECTOR('',#3327,1.);
#3327 = DIRECTION('',(0.,0.,1.));
#3328 = PLANE('',#3329);
#3329 = AXIS2_PLACEMENT_3D('',#3330,#3331,#3332);
#3330 = CARTESIAN_POINT('',(1.75,-0.845,0.72));
#3331 = DIRECTION('',(1.,0.,0.));
#3332 = DIRECTION('',(0.,0.,1.));
#3333 = ADVANCED_FACE('',(#3334),#3344,.F.);
#3334 = FACE_BOUND('',#3335,.F.);
#3335 = EDGE_LOOP('',(#3336,#3337,#3338,#3339,#3340,#3341,#3342,#3343));
#3336 = ORIENTED_EDGE('',*,*,#3115,.T.);
#3337 = ORIENTED_EDGE('',*,*,#3146,.T.);
#3338 = ORIENTED_EDGE('',*,*,#3177,.T.);
#3339 = ORIENTED_EDGE('',*,*,#3208,.T.);
#3340 = ORIENTED_EDGE('',*,*,#3239,.T.);
#3341 = ORIENTED_EDGE('',*,*,#3270,.T.);
#3342 = ORIENTED_EDGE('',*,*,#3301,.T.);
#3343 = ORIENTED_EDGE('',*,*,#3323,.T.);
#3344 = PLANE('',#3345);
#3345 = AXIS2_PLACEMENT_3D('',#3346,#3347,#3348);
#3346 = CARTESIAN_POINT('',(2.317863847575,-0.845,0.39473371848));
#3347 = DIRECTION('',(0.,1.,0.));
#3348 = DIRECTION('',(0.,-0.,1.));
#3349 = ADVANCED_FACE('',(#3350),#3360,.T.);
#3350 = FACE_BOUND('',#3351,.T.);
#3351 = EDGE_LOOP('',(#3352,#3353,#3354,#3355,#3356,#3357,#3358,#3359));
#3352 = ORIENTED_EDGE('',*,*,#3099,.T.);
#3353 = ORIENTED_EDGE('',*,*,#3130,.T.);
#3354 = ORIENTED_EDGE('',*,*,#3161,.T.);
#3355 = ORIENTED_EDGE('',*,*,#3192,.T.);
#3356 = ORIENTED_EDGE('',*,*,#3223,.T.);
#3357 = ORIENTED_EDGE('',*,*,#3254,.T.);
#3358 = ORIENTED_EDGE('',*,*,#3285,.T.);
#3359 = ORIENTED_EDGE('',*,*,#3316,.T.);
#3360 = PLANE('',#3361);
#3361 = AXIS2_PLACEMENT_3D('',#3362,#3363,#3364);
#3362 = CARTESIAN_POINT('',(2.317863847575,-0.425,0.39473371848));
#3363 = DIRECTION('',(0.,1.,0.));
#3364 = DIRECTION('',(0.,-0.,1.));
#3365 = MANIFOLD_SOLID_BREP('',#3366);
#3366 = CLOSED_SHELL('',(#3367,#3407,#3438,#3469,#3500,#3531,#3562,#3593
    ,#3615,#3631));
#3367 = ADVANCED_FACE('',(#3368),#3402,.F.);
#3368 = FACE_BOUND('',#3369,.F.);
#3369 = EDGE_LOOP('',(#3370,#3380,#3388,#3396));
#3370 = ORIENTED_EDGE('',*,*,#3371,.T.);
#3371 = EDGE_CURVE('',#3372,#3374,#3376,.T.);
#3372 = VERTEX_POINT('',#3373);
#3373 = CARTESIAN_POINT('',(1.75,-2.115,0.93));
#3374 = VERTEX_POINT('',#3375);
#3375 = CARTESIAN_POINT('',(1.75,-1.695,0.93));
#3376 = LINE('',#3377,#3378);
#3377 = CARTESIAN_POINT('',(1.75,-2.115,0.93));
#3378 = VECTOR('',#3379,1.);
#3379 = DIRECTION('',(0.,1.,0.));
#3380 = ORIENTED_EDGE('',*,*,#3381,.T.);
#3381 = EDGE_CURVE('',#3374,#3382,#3384,.T.);
#3382 = VERTEX_POINT('',#3383);
#3383 = CARTESIAN_POINT('',(2.185758886762,-1.695,0.93));
#3384 = LINE('',#3385,#3386);
#3385 = CARTESIAN_POINT('',(1.75,-1.695,0.93));
#3386 = VECTOR('',#3387,1.);
#3387 = DIRECTION('',(1.,0.,0.));
#3388 = ORIENTED_EDGE('',*,*,#3389,.F.);
#3389 = EDGE_CURVE('',#3390,#3382,#3392,.T.);
#3390 = VERTEX_POINT('',#3391);
#3391 = CARTESIAN_POINT('',(2.185758886762,-2.115,0.93));
#3392 = LINE('',#3393,#3394);
#3393 = CARTESIAN_POINT('',(2.185758886762,-2.115,0.93));
#3394 = VECTOR('',#3395,1.);
#3395 = DIRECTION('',(0.,1.,0.));
#3396 = ORIENTED_EDGE('',*,*,#3397,.F.);
#3397 = EDGE_CURVE('',#3372,#3390,#3398,.T.);
#3398 = LINE('',#3399,#3400);
#3399 = CARTESIAN_POINT('',(1.75,-2.115,0.93));
#3400 = VECTOR('',#3401,1.);
#3401 = DIRECTION('',(1.,0.,0.));
#3402 = PLANE('',#3403);
#3403 = AXIS2_PLACEMENT_3D('',#3404,#3405,#3406);
#3404 = CARTESIAN_POINT('',(1.75,-2.115,0.93));
#3405 = DIRECTION('',(0.,0.,-1.));
#3406 = DIRECTION('',(1.,0.,0.));
#3407 = ADVANCED_FACE('',(#3408),#3433,.F.);
#3408 = FACE_BOUND('',#3409,.F.);
#3409 = EDGE_LOOP('',(#3410,#3411,#3419,#3427));
#3410 = ORIENTED_EDGE('',*,*,#3389,.T.);
#3411 = ORIENTED_EDGE('',*,*,#3412,.T.);
#3412 = EDGE_CURVE('',#3382,#3413,#3415,.T.);
#3413 = VERTEX_POINT('',#3414);
#3414 = CARTESIAN_POINT('',(2.335758886762,-1.695,0.21));
#3415 = LINE('',#3416,#3417);
#3416 = CARTESIAN_POINT('',(2.185758886762,-1.695,0.93));
#3417 = VECTOR('',#3418,1.);
#3418 = DIRECTION('',(0.203954254112,0.,-0.978980419738));
#3419 = ORIENTED_EDGE('',*,*,#3420,.F.);
#3420 = EDGE_CURVE('',#3421,#3413,#3423,.T.);
#3421 = VERTEX_POINT('',#3422);
#3422 = CARTESIAN_POINT('',(2.335758886762,-2.115,0.21));
#3423 = LINE('',#3424,#3425);
#3424 = CARTESIAN_POINT('',(2.335758886762,-2.115,0.21));
#3425 = VECTOR('',#3426,1.);
#3426 = DIRECTION('',(0.,1.,0.));
#3427 = ORIENTED_EDGE('',*,*,#3428,.F.);
#3428 = EDGE_CURVE('',#3390,#3421,#3429,.T.);
#3429 = LINE('',#3430,#3431);
#3430 = CARTESIAN_POINT('',(2.185758886762,-2.115,0.93));
#3431 = VECTOR('',#3432,1.);
#3432 = DIRECTION('',(0.203954254112,0.,-0.978980419738));
#3433 = PLANE('',#3434);
#3434 = AXIS2_PLACEMENT_3D('',#3435,#3436,#3437);
#3435 = CARTESIAN_POINT('',(2.185758886762,-2.115,0.93));
#3436 = DIRECTION('',(-0.978980419738,0.,-0.203954254112));
#3437 = DIRECTION('',(0.203954254112,0.,-0.978980419738));
#3438 = ADVANCED_FACE('',(#3439),#3464,.F.);
#3439 = FACE_BOUND('',#3440,.F.);
#3440 = EDGE_LOOP('',(#3441,#3442,#3450,#3458));
#3441 = ORIENTED_EDGE('',*,*,#3420,.T.);
#3442 = ORIENTED_EDGE('',*,*,#3443,.T.);
#3443 = EDGE_CURVE('',#3413,#3444,#3446,.T.);
#3444 = VERTEX_POINT('',#3445);
#3445 = CARTESIAN_POINT('',(3.,-1.695,0.21));
#3446 = LINE('',#3447,#3448);
#3447 = CARTESIAN_POINT('',(2.335758886762,-1.695,0.21));
#3448 = VECTOR('',#3449,1.);
#3449 = DIRECTION('',(1.,0.,0.));
#3450 = ORIENTED_EDGE('',*,*,#3451,.F.);
#3451 = EDGE_CURVE('',#3452,#3444,#3454,.T.);
#3452 = VERTEX_POINT('',#3453);
#3453 = CARTESIAN_POINT('',(3.,-2.115,0.21));
#3454 = LINE('',#3455,#3456);
#3455 = CARTESIAN_POINT('',(3.,-2.115,0.21));
#3456 = VECTOR('',#3457,1.);
#3457 = DIRECTION('',(0.,1.,0.));
#3458 = ORIENTED_EDGE('',*,*,#3459,.F.);
#3459 = EDGE_CURVE('',#3421,#3452,#3460,.T.);
#3460 = LINE('',#3461,#3462);
#3461 = CARTESIAN_POINT('',(2.335758886762,-2.115,0.21));
#3462 = VECTOR('',#3463,1.);
#3463 = DIRECTION('',(1.,0.,0.));
#3464 = PLANE('',#3465);
#3465 = AXIS2_PLACEMENT_3D('',#3466,#3467,#3468);
#3466 = CARTESIAN_POINT('',(2.335758886762,-2.115,0.21));
#3467 = DIRECTION('',(0.,0.,-1.));
#3468 = DIRECTION('',(1.,0.,0.));
#3469 = ADVANCED_FACE('',(#3470),#3495,.F.);
#3470 = FACE_BOUND('',#3471,.F.);
#3471 = EDGE_LOOP('',(#3472,#3473,#3481,#3489));
#3472 = ORIENTED_EDGE('',*,*,#3451,.T.);
#3473 = ORIENTED_EDGE('',*,*,#3474,.T.);
#3474 = EDGE_CURVE('',#3444,#3475,#3477,.T.);
#3475 = VERTEX_POINT('',#3476);
#3476 = CARTESIAN_POINT('',(3.,-1.695,0.));
#3477 = LINE('',#3478,#3479);
#3478 = CARTESIAN_POINT('',(3.,-1.695,0.21));
#3479 = VECTOR('',#3480,1.);
#3480 = DIRECTION('',(0.,0.,-1.));
#3481 = ORIENTED_EDGE('',*,*,#3482,.F.);
#3482 = EDGE_CURVE('',#3483,#3475,#3485,.T.);
#3483 = VERTEX_POINT('',#3484);
#3484 = CARTESIAN_POINT('',(3.,-2.115,0.));
#3485 = LINE('',#3486,#3487);
#3486 = CARTESIAN_POINT('',(3.,-2.115,0.));
#3487 = VECTOR('',#3488,1.);
#3488 = DIRECTION('',(0.,1.,0.));
#3489 = ORIENTED_EDGE('',*,*,#3490,.F.);
#3490 = EDGE_CURVE('',#3452,#3483,#3491,.T.);
#3491 = LINE('',#3492,#3493);
#3492 = CARTESIAN_POINT('',(3.,-2.115,0.21));
#3493 = VECTOR('',#3494,1.);
#3494 = DIRECTION('',(0.,0.,-1.));
#3495 = PLANE('',#3496);
#3496 = AXIS2_PLACEMENT_3D('',#3497,#3498,#3499);
#3497 = CARTESIAN_POINT('',(3.,-2.115,0.21));
#3498 = DIRECTION('',(-1.,0.,0.));
#3499 = DIRECTION('',(0.,0.,-1.));
#3500 = ADVANCED_FACE('',(#3501),#3526,.F.);
#3501 = FACE_BOUND('',#3502,.F.);
#3502 = EDGE_LOOP('',(#3503,#3504,#3512,#3520));
#3503 = ORIENTED_EDGE('',*,*,#3482,.T.);
#3504 = ORIENTED_EDGE('',*,*,#3505,.T.);
#3505 = EDGE_CURVE('',#3475,#3506,#3508,.T.);
#3506 = VERTEX_POINT('',#3507);
#3507 = CARTESIAN_POINT('',(2.165,-1.695,0.));
#3508 = LINE('',#3509,#3510);
#3509 = CARTESIAN_POINT('',(3.,-1.695,0.));
#3510 = VECTOR('',#3511,1.);
#3511 = DIRECTION('',(-1.,0.,0.));
#3512 = ORIENTED_EDGE('',*,*,#3513,.F.);
#3513 = EDGE_CURVE('',#3514,#3506,#3516,.T.);
#3514 = VERTEX_POINT('',#3515);
#3515 = CARTESIAN_POINT('',(2.165,-2.115,0.));
#3516 = LINE('',#3517,#3518);
#3517 = CARTESIAN_POINT('',(2.165,-2.115,0.));
#3518 = VECTOR('',#3519,1.);
#3519 = DIRECTION('',(0.,1.,0.));
#3520 = ORIENTED_EDGE('',*,*,#3521,.F.);
#3521 = EDGE_CURVE('',#3483,#3514,#3522,.T.);
#3522 = LINE('',#3523,#3524);
#3523 = CARTESIAN_POINT('',(3.,-2.115,0.));
#3524 = VECTOR('',#3525,1.);
#3525 = DIRECTION('',(-1.,0.,0.));
#3526 = PLANE('',#3527);
#3527 = AXIS2_PLACEMENT_3D('',#3528,#3529,#3530);
#3528 = CARTESIAN_POINT('',(3.,-2.115,0.));
#3529 = DIRECTION('',(0.,-0.,1.));
#3530 = DIRECTION('',(-1.,0.,0.));
#3531 = ADVANCED_FACE('',(#3532),#3557,.F.);
#3532 = FACE_BOUND('',#3533,.F.);
#3533 = EDGE_LOOP('',(#3534,#3535,#3543,#3551));
#3534 = ORIENTED_EDGE('',*,*,#3513,.T.);
#3535 = ORIENTED_EDGE('',*,*,#3536,.T.);
#3536 = EDGE_CURVE('',#3506,#3537,#3539,.T.);
#3537 = VERTEX_POINT('',#3538);
#3538 = CARTESIAN_POINT('',(2.015,-1.695,0.72));
#3539 = LINE('',#3540,#3541);
#3540 = CARTESIAN_POINT('',(2.165,-1.695,0.));
#3541 = VECTOR('',#3542,1.);
#3542 = DIRECTION('',(-0.203954254112,0.,0.978980419738));
#3543 = ORIENTED_EDGE('',*,*,#3544,.F.);
#3544 = EDGE_CURVE('',#3545,#3537,#3547,.T.);
#3545 = VERTEX_POINT('',#3546);
#3546 = CARTESIAN_POINT('',(2.015,-2.115,0.72));
#3547 = LINE('',#3548,#3549);
#3548 = CARTESIAN_POINT('',(2.015,-2.115,0.72));
#3549 = VECTOR('',#3550,1.);
#3550 = DIRECTION('',(0.,1.,0.));
#3551 = ORIENTED_EDGE('',*,*,#3552,.F.);
#3552 = EDGE_CURVE('',#3514,#3545,#3553,.T.);
#3553 = LINE('',#3554,#3555);
#3554 = CARTESIAN_POINT('',(2.165,-2.115,0.));
#3555 = VECTOR('',#3556,1.);
#3556 = DIRECTION('',(-0.203954254112,0.,0.978980419738));
#3557 = PLANE('',#3558);
#3558 = AXIS2_PLACEMENT_3D('',#3559,#3560,#3561);
#3559 = CARTESIAN_POINT('',(2.165,-2.115,0.));
#3560 = DIRECTION('',(0.978980419738,-0.,0.203954254112));
#3561 = DIRECTION('',(-0.203954254112,0.,0.978980419738));
#3562 = ADVANCED_FACE('',(#3563),#3588,.F.);
#3563 = FACE_BOUND('',#3564,.F.);
#3564 = EDGE_LOOP('',(#3565,#3566,#3574,#3582));
#3565 = ORIENTED_EDGE('',*,*,#3544,.T.);
#3566 = ORIENTED_EDGE('',*,*,#3567,.T.);
#3567 = EDGE_CURVE('',#3537,#3568,#3570,.T.);
#3568 = VERTEX_POINT('',#3569);
#3569 = CARTESIAN_POINT('',(1.75,-1.695,0.72));
#3570 = LINE('',#3571,#3572);
#3571 = CARTESIAN_POINT('',(2.015,-1.695,0.72));
#3572 = VECTOR('',#3573,1.);
#3573 = DIRECTION('',(-1.,0.,0.));
#3574 = ORIENTED_EDGE('',*,*,#3575,.F.);
#3575 = EDGE_CURVE('',#3576,#3568,#3578,.T.);
#3576 = VERTEX_POINT('',#3577);
#3577 = CARTESIAN_POINT('',(1.75,-2.115,0.72));
#3578 = LINE('',#3579,#3580);
#3579 = CARTESIAN_POINT('',(1.75,-2.115,0.72));
#3580 = VECTOR('',#3581,1.);
#3581 = DIRECTION('',(0.,1.,0.));
#3582 = ORIENTED_EDGE('',*,*,#3583,.F.);
#3583 = EDGE_CURVE('',#3545,#3576,#3584,.T.);
#3584 = LINE('',#3585,#3586);
#3585 = CARTESIAN_POINT('',(2.015,-2.115,0.72));
#3586 = VECTOR('',#3587,1.);
#3587 = DIRECTION('',(-1.,0.,0.));
#3588 = PLANE('',#3589);
#3589 = AXIS2_PLACEMENT_3D('',#3590,#3591,#3592);
#3590 = CARTESIAN_POINT('',(2.015,-2.115,0.72));
#3591 = DIRECTION('',(0.,-0.,1.));
#3592 = DIRECTION('',(-1.,0.,0.));
#3593 = ADVANCED_FACE('',(#3594),#3610,.F.);
#3594 = FACE_BOUND('',#3595,.F.);
#3595 = EDGE_LOOP('',(#3596,#3597,#3603,#3604));
#3596 = ORIENTED_EDGE('',*,*,#3575,.T.);
#3597 = ORIENTED_EDGE('',*,*,#3598,.T.);
#3598 = EDGE_CURVE('',#3568,#3374,#3599,.T.);
#3599 = LINE('',#3600,#3601);
#3600 = CARTESIAN_POINT('',(1.75,-1.695,0.72));
#3601 = VECTOR('',#3602,1.);
#3602 = DIRECTION('',(0.,0.,1.));
#3603 = ORIENTED_EDGE('',*,*,#3371,.F.);
#3604 = ORIENTED_EDGE('',*,*,#3605,.F.);
#3605 = EDGE_CURVE('',#3576,#3372,#3606,.T.);
#3606 = LINE('',#3607,#3608);
#3607 = CARTESIAN_POINT('',(1.75,-2.115,0.72));
#3608 = VECTOR('',#3609,1.);
#3609 = DIRECTION('',(0.,0.,1.));
#3610 = PLANE('',#3611);
#3611 = AXIS2_PLACEMENT_3D('',#3612,#3613,#3614);
#3612 = CARTESIAN_POINT('',(1.75,-2.115,0.72));
#3613 = DIRECTION('',(1.,0.,0.));
#3614 = DIRECTION('',(0.,0.,1.));
#3615 = ADVANCED_FACE('',(#3616),#3626,.F.);
#3616 = FACE_BOUND('',#3617,.F.);
#3617 = EDGE_LOOP('',(#3618,#3619,#3620,#3621,#3622,#3623,#3624,#3625));
#3618 = ORIENTED_EDGE('',*,*,#3397,.T.);
#3619 = ORIENTED_EDGE('',*,*,#3428,.T.);
#3620 = ORIENTED_EDGE('',*,*,#3459,.T.);
#3621 = ORIENTED_EDGE('',*,*,#3490,.T.);
#3622 = ORIENTED_EDGE('',*,*,#3521,.T.);
#3623 = ORIENTED_EDGE('',*,*,#3552,.T.);
#3624 = ORIENTED_EDGE('',*,*,#3583,.T.);
#3625 = ORIENTED_EDGE('',*,*,#3605,.T.);
#3626 = PLANE('',#3627);
#3627 = AXIS2_PLACEMENT_3D('',#3628,#3629,#3630);
#3628 = CARTESIAN_POINT('',(2.317863847575,-2.115,0.39473371848));
#3629 = DIRECTION('',(0.,1.,0.));
#3630 = DIRECTION('',(0.,-0.,1.));
#3631 = ADVANCED_FACE('',(#3632),#3642,.T.);
#3632 = FACE_BOUND('',#3633,.T.);
#3633 = EDGE_LOOP('',(#3634,#3635,#3636,#3637,#3638,#3639,#3640,#3641));
#3634 = ORIENTED_EDGE('',*,*,#3381,.T.);
#3635 = ORIENTED_EDGE('',*,*,#3412,.T.);
#3636 = ORIENTED_EDGE('',*,*,#3443,.T.);
#3637 = ORIENTED_EDGE('',*,*,#3474,.T.);
#3638 = ORIENTED_EDGE('',*,*,#3505,.T.);
#3639 = ORIENTED_EDGE('',*,*,#3536,.T.);
#3640 = ORIENTED_EDGE('',*,*,#3567,.T.);
#3641 = ORIENTED_EDGE('',*,*,#3598,.T.);
#3642 = PLANE('',#3643);
#3643 = AXIS2_PLACEMENT_3D('',#3644,#3645,#3646);
#3644 = CARTESIAN_POINT('',(2.317863847575,-1.695,0.39473371848));
#3645 = DIRECTION('',(0.,1.,0.));
#3646 = DIRECTION('',(0.,-0.,1.));
#3647 = ( GEOMETRIC_REPRESENTATION_CONTEXT(3) 
GLOBAL_UNCERTAINTY_ASSIGNED_CONTEXT((#3651)) 
GLOBAL_UNIT_ASSIGNED_CONTEXT((#3648,#3649,#3650)) REPRESENTATION_CONTEXT
('Context #1','3D Context with UNIT and UNCERTAINTY') );
#3648 = ( LENGTH_UNIT() NAMED_UNIT(*) SI_UNIT(.MILLI.,.METRE.) );
#3649 = ( NAMED_UNIT(*) PLANE_ANGLE_UNIT() SI_UNIT($,.RADIAN.) );
#3650 = ( NAMED_UNIT(*) SI_UNIT($,.STERADIAN.) SOLID_ANGLE_UNIT() );
#3651 = UNCERTAINTY_MEASURE_WITH_UNIT(LENGTH_MEASURE(1.E-07),#3648,
  'distance_accuracy_value','confusion accuracy');
#3652 = CONTEXT_DEPENDENT_SHAPE_REPRESENTATION(#3653,#3655);
#3653 = ( REPRESENTATION_RELATIONSHIP('','',#1390,#10) 
REPRESENTATION_RELATIONSHIP_WITH_TRANSFORMATION(#3654) 
SHAPE_REPRESENTATION_RELATIONSHIP() );
#3654 = ITEM_DEFINED_TRANSFORMATION('','',#11,#19);
#3655 = PRODUCT_DEFINITION_SHAPE('Placement','Placement of an item',
  #3656);
#3656 = NEXT_ASSEMBLY_USAGE_OCCURRENCE('2','leads','',#5,#1385,$);
#3657 = PRODUCT_RELATED_PRODUCT_CATEGORY('part',$,(#1387));
#3658 = SHAPE_DEFINITION_REPRESENTATION(#3659,#3665);
#3659 = PRODUCT_DEFINITION_SHAPE('','',#3660);
#3660 = PRODUCT_DEFINITION('design','',#3661,#3664);
#3661 = PRODUCT_DEFINITION_FORMATION('','',#3662);
#3662 = PRODUCT('ep','ep','',(#3663));
#3663 = PRODUCT_CONTEXT('',#2,'mechanical');
#3664 = PRODUCT_DEFINITION_CONTEXT('part definition',#2,'design');
#3665 = ADVANCED_BREP_SHAPE_REPRESENTATION('',(#11,#3666),#3816);
#3666 = MANIFOLD_SOLID_BREP('',#3667);
#3667 = CLOSED_SHELL('',(#3668,#3708,#3748,#3770,#3792,#3804));
#3668 = ADVANCED_FACE('',(#3669),#3703,.F.);
#3669 = FACE_BOUND('',#3670,.F.);
#3670 = EDGE_LOOP('',(#3671,#3681,#3689,#3697));
#3671 = ORIENTED_EDGE('',*,*,#3672,.F.);
#3672 = EDGE_CURVE('',#3673,#3675,#3677,.T.);
#3673 = VERTEX_POINT('',#3674);
#3674 = CARTESIAN_POINT('',(-1.2065,-1.651,0.));
#3675 = VERTEX_POINT('',#3676);
#3676 = CARTESIAN_POINT('',(-1.2065,-1.651,0.1));
#3677 = LINE('',#3678,#3679);
#3678 = CARTESIAN_POINT('',(-1.2065,-1.651,0.));
#3679 = VECTOR('',#3680,1.);
#3680 = DIRECTION('',(0.,0.,1.));
#3681 = ORIENTED_EDGE('',*,*,#3682,.T.);
#3682 = EDGE_CURVE('',#3673,#3683,#3685,.T.);
#3683 = VERTEX_POINT('',#3684);
#3684 = CARTESIAN_POINT('',(-1.2065,1.651,0.));
#3685 = LINE('',#3686,#3687);
#3686 = CARTESIAN_POINT('',(-1.2065,-1.651,0.));
#3687 = VECTOR('',#3688,1.);
#3688 = DIRECTION('',(-0.,1.,0.));
#3689 = ORIENTED_EDGE('',*,*,#3690,.T.);
#3690 = EDGE_CURVE('',#3683,#3691,#3693,.T.);
#3691 = VERTEX_POINT('',#3692);
#3692 = CARTESIAN_POINT('',(-1.2065,1.651,0.1));
#3693 = LINE('',#3694,#3695);
#3694 = CARTESIAN_POINT('',(-1.2065,1.651,0.));
#3695 = VECTOR('',#3696,1.);
#3696 = DIRECTION('',(0.,0.,1.));
#3697 = ORIENTED_EDGE('',*,*,#3698,.F.);
#3698 = EDGE_CURVE('',#3675,#3691,#3699,.T.);
#3699 = LINE('',#3700,#3701);
#3700 = CARTESIAN_POINT('',(-1.2065,-1.651,0.1));
#3701 = VECTOR('',#3702,1.);
#3702 = DIRECTION('',(-0.,1.,0.));
#3703 = PLANE('',#3704);
#3704 = AXIS2_PLACEMENT_3D('',#3705,#3706,#3707);
#3705 = CARTESIAN_POINT('',(-1.2065,-1.651,0.));
#3706 = DIRECTION('',(1.,0.,-0.));
#3707 = DIRECTION('',(0.,0.,1.));
#3708 = ADVANCED_FACE('',(#3709),#3743,.T.);
#3709 = FACE_BOUND('',#3710,.T.);
#3710 = EDGE_LOOP('',(#3711,#3721,#3729,#3737));
#3711 = ORIENTED_EDGE('',*,*,#3712,.F.);
#3712 = EDGE_CURVE('',#3713,#3715,#3717,.T.);
#3713 = VERTEX_POINT('',#3714);
#3714 = CARTESIAN_POINT('',(1.2065,-1.651,0.));
#3715 = VERTEX_POINT('',#3716);
#3716 = CARTESIAN_POINT('',(1.2065,-1.651,0.1));
#3717 = LINE('',#3718,#3719);
#3718 = CARTESIAN_POINT('',(1.2065,-1.651,0.));
#3719 = VECTOR('',#3720,1.);
#3720 = DIRECTION('',(0.,0.,1.));
#3721 = ORIENTED_EDGE('',*,*,#3722,.T.);
#3722 = EDGE_CURVE('',#3713,#3723,#3725,.T.);
#3723 = VERTEX_POINT('',#3724);
#3724 = CARTESIAN_POINT('',(1.2065,1.651,0.));
#3725 = LINE('',#3726,#3727);
#3726 = CARTESIAN_POINT('',(1.2065,-1.651,0.));
#3727 = VECTOR('',#3728,1.);
#3728 = DIRECTION('',(-0.,1.,0.));
#3729 = ORIENTED_EDGE('',*,*,#3730,.T.);
#3730 = EDGE_CURVE('',#3723,#3731,#3733,.T.);
#3731 = VERTEX_POINT('',#3732);
#3732 = CARTESIAN_POINT('',(1.2065,1.651,0.1));
#3733 = LINE('',#3734,#3735);
#3734 = CARTESIAN_POINT('',(1.2065,1.651,0.));
#3735 = VECTOR('',#3736,1.);
#3736 = DIRECTION('',(0.,0.,1.));
#3737 = ORIENTED_EDGE('',*,*,#3738,.F.);
#3738 = EDGE_CURVE('',#3715,#3731,#3739,.T.);
#3739 = LINE('',#3740,#3741);
#3740 = CARTESIAN_POINT('',(1.2065,-1.651,0.1));
#3741 = VECTOR('',#3742,1.);
#3742 = DIRECTION('',(-0.,1.,0.));
#3743 = PLANE('',#3744);
#3744 = AXIS2_PLACEMENT_3D('',#3745,#3746,#3747);
#3745 = CARTESIAN_POINT('',(1.2065,-1.651,0.));
#3746 = DIRECTION('',(1.,0.,-0.));
#3747 = DIRECTION('',(0.,0.,1.));
#3748 = ADVANCED_FACE('',(#3749),#3765,.F.);
#3749 = FACE_BOUND('',#3750,.F.);
#3750 = EDGE_LOOP('',(#3751,#3757,#3758,#3764));
#3751 = ORIENTED_EDGE('',*,*,#3752,.F.);
#3752 = EDGE_CURVE('',#3673,#3713,#3753,.T.);
#3753 = LINE('',#3754,#3755);
#3754 = CARTESIAN_POINT('',(-1.2065,-1.651,0.));
#3755 = VECTOR('',#3756,1.);
#3756 = DIRECTION('',(1.,0.,-0.));
#3757 = ORIENTED_EDGE('',*,*,#3672,.T.);
#3758 = ORIENTED_EDGE('',*,*,#3759,.T.);
#3759 = EDGE_CURVE('',#3675,#3715,#3760,.T.);
#3760 = LINE('',#3761,#3762);
#3761 = CARTESIAN_POINT('',(-1.2065,-1.651,0.1));
#3762 = VECTOR('',#3763,1.);
#3763 = DIRECTION('',(1.,0.,-0.));
#3764 = ORIENTED_EDGE('',*,*,#3712,.F.);
#3765 = PLANE('',#3766);
#3766 = AXIS2_PLACEMENT_3D('',#3767,#3768,#3769);
#3767 = CARTESIAN_POINT('',(-1.2065,-1.651,0.));
#3768 = DIRECTION('',(-0.,1.,0.));
#3769 = DIRECTION('',(0.,0.,1.));
#3770 = ADVANCED_FACE('',(#3771),#3787,.T.);
#3771 = FACE_BOUND('',#3772,.T.);
#3772 = EDGE_LOOP('',(#3773,#3779,#3780,#3786));
#3773 = ORIENTED_EDGE('',*,*,#3774,.F.);
#3774 = EDGE_CURVE('',#3683,#3723,#3775,.T.);
#3775 = LINE('',#3776,#3777);
#3776 = CARTESIAN_POINT('',(-1.2065,1.651,0.));
#3777 = VECTOR('',#3778,1.);
#3778 = DIRECTION('',(1.,0.,-0.));
#3779 = ORIENTED_EDGE('',*,*,#3690,.T.);
#3780 = ORIENTED_EDGE('',*,*,#3781,.T.);
#3781 = EDGE_CURVE('',#3691,#3731,#3782,.T.);
#3782 = LINE('',#3783,#3784);
#3783 = CARTESIAN_POINT('',(-1.2065,1.651,0.1));
#3784 = VECTOR('',#3785,1.);
#3785 = DIRECTION('',(1.,0.,-0.));
#3786 = ORIENTED_EDGE('',*,*,#3730,.F.);
#3787 = PLANE('',#3788);
#3788 = AXIS2_PLACEMENT_3D('',#3789,#3790,#3791);
#3789 = CARTESIAN_POINT('',(-1.2065,1.651,0.));
#3790 = DIRECTION('',(-0.,1.,0.));
#3791 = DIRECTION('',(0.,0.,1.));
#3792 = ADVANCED_FACE('',(#3793),#3799,.F.);
#3793 = FACE_BOUND('',#3794,.F.);
#3794 = EDGE_LOOP('',(#3795,#3796,#3797,#3798));
#3795 = ORIENTED_EDGE('',*,*,#3682,.F.);
#3796 = ORIENTED_EDGE('',*,*,#3752,.T.);
#3797 = ORIENTED_EDGE('',*,*,#3722,.T.);
#3798 = ORIENTED_EDGE('',*,*,#3774,.F.);
#3799 = PLANE('',#3800);
#3800 = AXIS2_PLACEMENT_3D('',#3801,#3802,#3803);
#3801 = CARTESIAN_POINT('',(-1.2065,-1.651,0.));
#3802 = DIRECTION('',(0.,0.,1.));
#3803 = DIRECTION('',(1.,0.,-0.));
#3804 = ADVANCED_FACE('',(#3805),#3811,.T.);
#3805 = FACE_BOUND('',#3806,.T.);
#3806 = EDGE_LOOP('',(#3807,#3808,#3809,#3810));
#3807 = ORIENTED_EDGE('',*,*,#3698,.F.);
#3808 = ORIENTED_EDGE('',*,*,#3759,.T.);
#3809 = ORIENTED_EDGE('',*,*,#3738,.T.);
#3810 = ORIENTED_EDGE('',*,*,#3781,.F.);
#3811 = PLANE('',#3812);
#3812 = AXIS2_PLACEMENT_3D('',#3813,#3814,#3815);
#3813 = CARTESIAN_POINT('',(-1.2065,-1.651,0.1));
#3814 = DIRECTION('',(0.,0.,1.));
#3815 = DIRECTION('',(1.,0.,-0.));
#3816 = ( GEOMETRIC_REPRESENTATION_CONTEXT(3) 
GLOBAL_UNCERTAINTY_ASSIGNED_CONTEXT((#3820)) 
GLOBAL_UNIT_ASSIGNED_CONTEXT((#3817,#3818,#3819)) REPRESENTATION_CONTEXT
('Context #1','3D Context with UNIT and UNCERTAINTY') );
#3817 = ( LENGTH_UNIT() NAMED_UNIT(*) SI_UNIT(.MILLI.,.METRE.) );
#3818 = ( NAMED_UNIT(*) PLANE_ANGLE_UNIT() SI_UNIT($,.RADIAN.) );
#3819 = ( NAMED_UNIT(*) SI_UNIT($,.STERADIAN.) SOLID_ANGLE_UNIT() );
#3820 = UNCERTAINTY_MEASURE_WITH_UNIT(LENGTH_MEASURE(1.E-07),#3817,
  'distance_accuracy_value','confusion accuracy');
#3821 = CONTEXT_DEPENDENT_SHAPE_REPRESENTATION(#3822,#3824);
#3822 = ( REPRESENTATION_RELATIONSHIP('','',#3665,#10) 
REPRESENTATION_RELATIONSHIP_WITH_TRANSFORMATION(#3823) 
SHAPE_REPRESENTATION_RELATIONSHIP() );
#3823 = ITEM_DEFINED_TRANSFORMATION('','',#11,#23);
#3824 = PRODUCT_DEFINITION_SHAPE('Placement','Placement of an item',
  #3825);
#3825 = NEXT_ASSEMBLY_USAGE_OCCURRENCE('3','ep','',#5,#3660,$);
#3826 = PRODUCT_RELATED_PRODUCT_CATEGORY('part',$,(#3662));
#3827 = COLOUR_RGB('',0.1000,0.1000,0.1000);
#3828 = FILL_AREA_STYLE_COLOUR('',#3827);
#3829 = FILL_AREA_STYLE('',(#3828));
#3830 = SURFACE_STYLE_FILL_AREA(#3829);
#3831 = SURFACE_SIDE_STYLE('',(#3830));
#3832 = SURFACE_STYLE_USAGE(.BOTH.,#3831);
#3833 = PRESENTATION_STYLE_ASSIGNMENT((#3832));
#3834 = STYLED_ITEM('color',(#3833),#41);
#3835 = MECHANICAL_DESIGN_GEOMETRIC_PRESENTATION_REPRESENTATION('',(#3834),#1372);
#3836 = COLOUR_RGB('',0.8200,0.8200,0.8000);
#3837 = FILL_AREA_STYLE_COLOUR('',#3836);
#3838 = FILL_AREA_STYLE('',(#3837));
#3839 = SURFACE_STYLE_FILL_AREA(#3838);
#3840 = SURFACE_SIDE_STYLE('',(#3839));
#3841 = SURFACE_STYLE_USAGE(.BOTH.,#3840);
#3842 = PRESENTATION_STYLE_ASSIGNMENT((#3841));
#3843 = STYLED_ITEM('color',(#3842),#1391);
#3844 = COLOUR_RGB('',0.8200,0.8200,0.8000);
#3845 = FILL_AREA_STYLE_COLOUR('',#3844);
#3846 = FILL_AREA_STYLE('',(#3845));
#3847 = SURFACE_STYLE_FILL_AREA(#3846);
#3848 = SURFACE_SIDE_STYLE('',(#3847));
#3849 = SURFACE_STYLE_USAGE(.BOTH.,#3848);
#3850 = PRESENTATION_STYLE_ASSIGNMENT((#3849));
#3851 = STYLED_ITEM('color',(#3850),#1673);
#3852 = COLOUR_RGB('',0.8200,0.8200,0.8000);
#3853 = FILL_AREA_STYLE_COLOUR('',#3852);
#3854 = FILL_AREA_STYLE('',(#3853));
#3855 = SURFACE_STYLE_FILL_AREA(#3854);
#3856 = SURFACE_SIDE_STYLE('',(#3855));
#3857 = SURFACE_STYLE_USAGE(.BOTH.,#3856);
#3858 = PRESENTATION_STYLE_ASSIGNMENT((#3857));
#3859 = STYLED_ITEM('color',(#3858),#1955);
#3860 = COLOUR_RGB('',0.8200,0.8200,0.8000);
#3861 = FILL_AREA_STYLE_COLOUR('',#3860);
#3862 = FILL_AREA_STYLE('',(#3861));
#3863 = SURFACE_STYLE_FILL_AREA(#3862);
#3864 = SURFACE_SIDE_STYLE('',(#3863));
#3865 = SURFACE_STYLE_USAGE(.BOTH.,#3864);
#3866 = PRESENTATION_STYLE_ASSIGNMENT((#3865));
#3867 = STYLED_ITEM('color',(#3866),#2237);
#3868 = COLOUR_RGB('',0.8200,0.8200,0.8000);
#3869 = FILL_AREA_STYLE_COLOUR('',#3868);
#3870 = FILL_AREA_STYLE('',(#3869));
#3871 = SURFACE_STYLE_FILL_AREA(#3870);
#3872 = SURFACE_SIDE_STYLE('',(#3871));
#3873 = SURFACE_STYLE_USAGE(.BOTH.,#3872);
#3874 = PRESENTATION_STYLE_ASSIGNMENT((#3873));
#3875 = STYLED_ITEM('color',(#3874),#2519);
#3876 = COLOUR_RGB('',0.8200,0.8200,0.8000);
#3877 = FILL_AREA_STYLE_COLOUR('',#3876);
#3878 = FILL_AREA_STYLE('',(#3877));
#3879 = SURFACE_STYLE_FILL_AREA(#3878);
#3880 = SURFACE_SIDE_STYLE('',(#3879));
#3881 = SURFACE_STYLE_USAGE(.BOTH.,#3880);
#3882 = PRESENTATION_STYLE_ASSIGNMENT((#3881));
#3883 = STYLED_ITEM('color',(#3882),#2801);
#3884 = COLOUR_RGB('',0.8200,0.8200,0.8000);
#3885 = FILL_AREA_STYLE_COLOUR('',#3884);
#3886 = FILL_AREA_STYLE('',(#3885));
#3887 = SURFACE_STYLE_FILL_AREA(#3886);
#3888 = SURFACE_SIDE_STYLE('',(#3887));
#3889 = SURFACE_STYLE_USAGE(.BOTH.,#3888);
#3890 = PRESENTATION_STYLE_ASSIGNMENT((#3889));
#3891 = STYLED_ITEM('color',(#3890),#3083);
#3892 = COLOUR_RGB('',0.8200,0.8200,0.8000);
#3893 = FILL_AREA_STYLE_COLOUR('',#3892);
#3894 = FILL_AREA_STYLE('',(#3893));
#3895 = SURFACE_STYLE_FILL_AREA(#3894);
#3896 = SURFACE_SIDE_STYLE('',(#3895));
#3897 = SURFACE_STYLE_USAGE(.BOTH.,#3896);
#3898 = PRESENTATION_STYLE_ASSIGNMENT((#3897));
#3899 = STYLED_ITEM('color',(#3898),#3365);
#3900 = MECHANICAL_DESIGN_GEOMETRIC_PRESENTATION_REPRESENTATION('',(#3843,#3851,#3859,#3867,#3875,#3883,#3891,#3899),#3647);
#3901 = COLOUR_RGB('',0.8200,0.8200,0.8000);
#3902 = FILL_AREA_STYLE_COLOUR('',#3901);
#3903 = FILL_AREA_STYLE('',(#3902));
#3904 = SURFACE_STYLE_FILL_AREA(#3903);
#3905 = SURFACE_SIDE_STYLE('',(#3904));
#3906 = SURFACE_STYLE_USAGE(.BOTH.,#3905);
#3907 = PRESENTATION_STYLE_ASSIGNMENT((#3906));
#3908 = STYLED_ITEM('color',(#3907),#3666);
#3909 = MECHANICAL_DESIGN_GEOMETRIC_PRESENTATION_REPRESENTATION('',(#3908),#3816);
ENDSEC;
END-ISO-10303-21;
