ISO-10303-21;
HEADER;
FILE_DESCRIPTION(('FreeCAD Model'),'2;1');
FILE_NAME('Texas_DCT0008A_SSOP-8_3x3mm_P0.65mm.step','2026-10-02T00:00:00',('Author'),(
    ''),'Open CASCADE STEP processor 7.9','FreeCAD','Unknown');
FILE_SCHEMA(('AUTOMOTIVE_DESIGN { 1 0 10303 214 1 1 1 1 }'));
ENDSEC;
DATA;
#1 = APPLICATION_PROTOCOL_DEFINITION('international standard',
  'automotive_design',2000,#2);
#2 = APPLICATION_CONTEXT(
  'core data for automotive mechanical design processes');
#3 = SHAPE_DEFINITION_REPRESENTATION(#4,#10);
#4 = PRODUCT_DEFINITION_SHAPE('','',#5);
#5 = PRODUCT_DEFINITION('design','',#6,#9);
#6 = PRODUCT_DEFINITION_FORMATION('','',#7);
#7 = PRODUCT('dct8','dct8','',(#8));
#8 = PRODUCT_CONTEXT('',#2,'mechanical');
#9 = PRODUCT_DEFINITION_CONTEXT('part definition',#2,'design');
#10 = SHAPE_REPRESENTATION('',(#11,#15,#19),#23);
#11 = AXIS2_PLACEMENT_3D('',#12,#13,#14);
#12 = CARTESIAN_POINT('',(0.,0.,0.));
#13 = DIRECTION('',(0.,0.,1.));
#14 = DIRECTION('',(1.,0.,-0.));
#15 = AXIS2_PLACEMENT_3D('',#16,#17,#18);
#16 = CARTESIAN_POINT('',(0.,0.,0.));
#17 = DIRECTION('',(0.,0.,1.));
#18 = DIRECTION('',(1.,0.,0.));
#19 = AXIS2_PLACEMENT_3D('',#20,#21,#22);
#20 = CARTESIAN_POINT('',(0.,0.,0.));
#21 = DIRECTION('',(0.,0.,1.));
#22 = DIRECTION('',(1.,0.,0.));
#23 = ( GEOMETRIC_REPRESENTATION_CONTEXT(3) 
GLOBAL_UNCERTAINTY_ASSIGNED_CONTEXT((#27)) GLOBAL_UNIT_ASSIGNED_CONTEXT(
(#24,#25,#26)) REPRESENTATION_CONTEXT('Context #1',
  '3D Context with UNIT and UNCERTAINTY') );
#24 = ( LENGTH_UNIT() NAMED_UNIT(*) SI_UNIT(.MILLI.,.METRE.) );
#25 = ( NAMED_UNIT(*) PLANE_ANGLE_UNIT() SI_UNIT($,.RADIAN.) );
#26 = ( NAMED_UNIT(*) SI_UNIT($,.STERADIAN.) SOLID_ANGLE_UNIT() );
#27 = UNCERTAINTY_MEASURE_WITH_UNIT(LENGTH_MEASURE(1.E-07),#24,
  'distance_accuracy_value','confusion accuracy');
#28 = PRODUCT_RELATED_PRODUCT_CATEGORY('part',$,(#7));
#29 = SHAPE_DEFINITION_REPRESENTATION(#30,#36);
#30 = PRODUCT_DEFINITION_SHAPE('','',#31);
#31 = PRODUCT_DEFINITION('design','',#32,#35);
#32 = PRODUCT_DEFINITION_FORMATION('','',#33);
#33 = PRODUCT('body','body','',(#34));
#34 = PRODUCT_CONTEXT('',#2,'mechanical');
#35 = PRODUCT_DEFINITION_CONTEXT('part definition',#2,'design');
#36 = ADVANCED_BREP_SHAPE_REPRESENTATION('',(#11,#37),#1368);
#37 = MANIFOLD_SOLID_BREP('',#38);
#38 = CLOSED_SHELL('',(#39,#215,#246,#281,#305,#322,#353,#377,#401,#418,
    #449,#473,#497,#514,#545,#569,#593,#610,#641,#665,#689,#706,#854,
    #879,#891,#903,#915,#927,#958,#982,#1006,#1023,#1054,#1078,#1102,
    #1119,#1150,#1174,#1198,#1215,#1246,#1270,#1294,#1311,#1320,#1332,
    #1344,#1356));
#39 = ADVANCED_FACE('',(#40,#74,#108,#142,#176),#210,.F.);
#40 = FACE_BOUND('',#41,.F.);
#41 = EDGE_LOOP('',(#42,#52,#60,#68));
#42 = ORIENTED_EDGE('',*,*,#43,.F.);
#43 = EDGE_CURVE('',#44,#46,#48,.T.);
#44 = VERTEX_POINT('',#45);
#45 = CARTESIAN_POINT('',(-1.5,-1.5,0.1));
#46 = VERTEX_POINT('',#47);
#47 = CARTESIAN_POINT('',(-1.5,-1.5,1.15));
#48 = LINE('',#49,#50);
#49 = CARTESIAN_POINT('',(-1.5,-1.5,0.1));
#50 = VECTOR('',#51,1.);
#51 = DIRECTION('',(0.,0.,1.));
#52 = ORIENTED_EDGE('',*,*,#53,.T.);
#53 = EDGE_CURVE('',#44,#54,#56,.T.);
#54 = VERTEX_POINT('',#55);
#55 = CARTESIAN_POINT('',(-1.5,1.5,0.1));
#56 = LINE('',#57,#58);
#57 = CARTESIAN_POINT('',(-1.5,-1.5,0.1));
#58 = VECTOR('',#59,1.);
#59 = DIRECTION('',(-0.,1.,0.));
#60 = ORIENTED_EDGE('',*,*,#61,.T.);
#61 = EDGE_CURVE('',#54,#62,#64,.T.);
#62 = VERTEX_POINT('',#63);
#63 = CARTESIAN_POINT('',(-1.5,1.5,1.15));
#64 = LINE('',#65,#66);
#65 = CARTESIAN_POINT('',(-1.5,1.5,0.1));
#66 = VECTOR('',#67,1.);
#67 = DIRECTION('',(0.,0.,1.));
#68 = ORIENTED_EDGE('',*,*,#69,.F.);
#69 = EDGE_CURVE('',#46,#62,#70,.T.);
#70 = LINE('',#71,#72);
#71 = CARTESIAN_POINT('',(-1.5,-1.5,1.15));
#72 = VECTOR('',#73,1.);
#73 = DIRECTION('',(-0.,1.,0.));
#74 = FACE_BOUND('',#75,.F.);
#75 = EDGE_LOOP('',(#76,#86,#94,#102));
#76 = ORIENTED_EDGE('',*,*,#77,.F.);
#77 = EDGE_CURVE('',#78,#80,#82,.T.);
#78 = VERTEX_POINT('',#79);
#79 = CARTESIAN_POINT('',(-1.5,0.8625,0.55));
#80 = VERTEX_POINT('',#81);
#81 = CARTESIAN_POINT('',(-1.5,1.0875,0.55));
#82 = LINE('',#83,#84);
#83 = CARTESIAN_POINT('',(-1.5,0.8625,0.55));
#84 = VECTOR('',#85,1.);
#85 = DIRECTION('',(0.,1.,0.));
#86 = ORIENTED_EDGE('',*,*,#87,.F.);
#87 = EDGE_CURVE('',#88,#78,#90,.T.);
#88 = VERTEX_POINT('',#89);
#89 = CARTESIAN_POINT('',(-1.5,0.8625,0.7));
#90 = LINE('',#91,#92);
#91 = CARTESIAN_POINT('',(-1.5,0.8625,0.216101567973));
#92 = VECTOR('',#93,1.);
#93 = DIRECTION('',(-0.,0.,-1.));
#94 = ORIENTED_EDGE('',*,*,#95,.F.);
#95 = EDGE_CURVE('',#96,#88,#98,.T.);
#96 = VERTEX_POINT('',#97);
#97 = CARTESIAN_POINT('',(-1.5,1.0875,0.7));
#98 = LINE('',#99,#100);
#99 = CARTESIAN_POINT('',(-1.5,-0.31875,0.7));
#100 = VECTOR('',#101,1.);
#101 = DIRECTION('',(0.,-1.,-0.));
#102 = ORIENTED_EDGE('',*,*,#103,.T.);
#103 = EDGE_CURVE('',#96,#80,#104,.T.);
#104 = LINE('',#105,#106);
#105 = CARTESIAN_POINT('',(-1.5,1.0875,0.216101567973));
#106 = VECTOR('',#107,1.);
#107 = DIRECTION('',(-0.,0.,-1.));
#108 = FACE_BOUND('',#109,.F.);
#109 = EDGE_LOOP('',(#110,#120,#128,#136));
#110 = ORIENTED_EDGE('',*,*,#111,.F.);
#111 = EDGE_CURVE('',#112,#114,#116,.T.);
#112 = VERTEX_POINT('',#113);
#113 = CARTESIAN_POINT('',(-1.5,0.2125,0.55));
#114 = VERTEX_POINT('',#115);
#115 = CARTESIAN_POINT('',(-1.5,0.4375,0.55));
#116 = LINE('',#117,#118);
#117 = CARTESIAN_POINT('',(-1.5,0.2125,0.55));
#118 = VECTOR('',#119,1.);
#119 = DIRECTION('',(0.,1.,0.));
#120 = ORIENTED_EDGE('',*,*,#121,.F.);
#121 = EDGE_CURVE('',#122,#112,#124,.T.);
#122 = VERTEX_POINT('',#123);
#123 = CARTESIAN_POINT('',(-1.5,0.2125,0.7));
#124 = LINE('',#125,#126);
#125 = CARTESIAN_POINT('',(-1.5,0.2125,0.216101567973));
#126 = VECTOR('',#127,1.);
#127 = DIRECTION('',(-0.,0.,-1.));
#128 = ORIENTED_EDGE('',*,*,#129,.F.);
#129 = EDGE_CURVE('',#130,#122,#132,.T.);
#130 = VERTEX_POINT('',#131);
#131 = CARTESIAN_POINT('',(-1.5,0.4375,0.7));
#132 = LINE('',#133,#134);
#133 = CARTESIAN_POINT('',(-1.5,-0.64375,0.7));
#134 = VECTOR('',#135,1.);
#135 = DIRECTION('',(0.,-1.,-0.));
#136 = ORIENTED_EDGE('',*,*,#137,.T.);
#137 = EDGE_CURVE('',#130,#114,#138,.T.);
#138 = LINE('',#139,#140);
#139 = CARTESIAN_POINT('',(-1.5,0.4375,0.216101567973));
#140 = VECTOR('',#141,1.);
#141 = DIRECTION('',(-0.,0.,-1.));
#142 = FACE_BOUND('',#143,.F.);
#143 = EDGE_LOOP('',(#144,#154,#162,#170));
#144 = ORIENTED_EDGE('',*,*,#145,.F.);
#145 = EDGE_CURVE('',#146,#148,#150,.T.);
#146 = VERTEX_POINT('',#147);
#147 = CARTESIAN_POINT('',(-1.5,-0.4375,0.55));
#148 = VERTEX_POINT('',#149);
#149 = CARTESIAN_POINT('',(-1.5,-0.2125,0.55));
#150 = LINE('',#151,#152);
#151 = CARTESIAN_POINT('',(-1.5,-0.4375,0.55));
#152 = VECTOR('',#153,1.);
#153 = DIRECTION('',(0.,1.,0.));
#154 = ORIENTED_EDGE('',*,*,#155,.F.);
#155 = EDGE_CURVE('',#156,#146,#158,.T.);
#156 = VERTEX_POINT('',#157);
#157 = CARTESIAN_POINT('',(-1.5,-0.4375,0.7));
#158 = LINE('',#159,#160);
#159 = CARTESIAN_POINT('',(-1.5,-0.4375,0.216101567973));
#160 = VECTOR('',#161,1.);
#161 = DIRECTION('',(-0.,0.,-1.));
#162 = ORIENTED_EDGE('',*,*,#163,.F.);
#163 = EDGE_CURVE('',#164,#156,#166,.T.);
#164 = VERTEX_POINT('',#165);
#165 = CARTESIAN_POINT('',(-1.5,-0.2125,0.7));
#166 = LINE('',#167,#168);
#167 = CARTESIAN_POINT('',(-1.5,-0.96875,0.7));
#168 = VECTOR('',#169,1.);
#169 = DIRECTION('',(0.,-1.,-0.));
#170 = ORIENTED_EDGE('',*,*,#171,.T.);
#171 = EDGE_CURVE('',#164,#148,#172,.T.);
#172 = LINE('',#173,#174);
#173 = CARTESIAN_POINT('',(-1.5,-0.2125,0.216101567973));
#174 = VECTOR('',#175,1.);
#175 = DIRECTION('',(-0.,0.,-1.));
#176 = FACE_BOUND('',#177,.F.);
#177 = EDGE_LOOP('',(#178,#188,#196,#204));
#178 = ORIENTED_EDGE('',*,*,#179,.F.);
#179 = EDGE_CURVE('',#180,#182,#184,.T.);
#180 = VERTEX_POINT('',#181);
#181 = CARTESIAN_POINT('',(-1.5,-1.0875,0.55));
#182 = VERTEX_POINT('',#183);
#183 = CARTESIAN_POINT('',(-1.5,-0.8625,0.55));
#184 = LINE('',#185,#186);
#185 = CARTESIAN_POINT('',(-1.5,-1.0875,0.55));
#186 = VECTOR('',#187,1.);
#187 = DIRECTION('',(0.,1.,0.));
#188 = ORIENTED_EDGE('',*,*,#189,.F.);
#189 = EDGE_CURVE('',#190,#180,#192,.T.);
#190 = VERTEX_POINT('',#191);
#191 = CARTESIAN_POINT('',(-1.5,-1.0875,0.7));
#192 = LINE('',#193,#194);
#193 = CARTESIAN_POINT('',(-1.5,-1.0875,0.216101567973));
#194 = VECTOR('',#195,1.);
#195 = DIRECTION('',(-0.,0.,-1.));
#196 = ORIENTED_EDGE('',*,*,#197,.F.);
#197 = EDGE_CURVE('',#198,#190,#200,.T.);
#198 = VERTEX_POINT('',#199);
#199 = CARTESIAN_POINT('',(-1.5,-0.8625,0.7));
#200 = LINE('',#201,#202);
#201 = CARTESIAN_POINT('',(-1.5,-1.29375,0.7));
#202 = VECTOR('',#203,1.);
#203 = DIRECTION('',(0.,-1.,-0.));
#204 = ORIENTED_EDGE('',*,*,#205,.T.);
#205 = EDGE_CURVE('',#198,#182,#206,.T.);
#206 = LINE('',#207,#208);
#207 = CARTESIAN_POINT('',(-1.5,-0.8625,0.216101567973));
#208 = VECTOR('',#209,1.);
#209 = DIRECTION('',(-0.,0.,-1.));
#210 = PLANE('',#211);
#211 = AXIS2_PLACEMENT_3D('',#212,#213,#214);
#212 = CARTESIAN_POINT('',(-1.5,-1.5,0.1));
#213 = DIRECTION('',(1.,0.,-0.));
#214 = DIRECTION('',(0.,0.,1.));
#215 = ADVANCED_FACE('',(#216),#241,.F.);
#216 = FACE_BOUND('',#217,.F.);
#217 = EDGE_LOOP('',(#218,#226,#227,#235));
#218 = ORIENTED_EDGE('',*,*,#219,.F.);
#219 = EDGE_CURVE('',#44,#220,#222,.T.);
#220 = VERTEX_POINT('',#221);
#221 = CARTESIAN_POINT('',(1.5,-1.5,0.1));
#222 = LINE('',#223,#224);
#223 = CARTESIAN_POINT('',(-1.5,-1.5,0.1));
#224 = VECTOR('',#225,1.);
#225 = DIRECTION('',(1.,0.,-0.));
#226 = ORIENTED_EDGE('',*,*,#43,.T.);
#227 = ORIENTED_EDGE('',*,*,#228,.T.);
#228 = EDGE_CURVE('',#46,#229,#231,.T.);
#229 = VERTEX_POINT('',#230);
#230 = CARTESIAN_POINT('',(1.5,-1.5,1.15));
#231 = LINE('',#232,#233);
#232 = CARTESIAN_POINT('',(-1.5,-1.5,1.15));
#233 = VECTOR('',#234,1.);
#234 = DIRECTION('',(1.,0.,-0.));
#235 = ORIENTED_EDGE('',*,*,#236,.F.);
#236 = EDGE_CURVE('',#220,#229,#237,.T.);
#237 = LINE('',#238,#239);
#238 = CARTESIAN_POINT('',(1.5,-1.5,0.1));
#239 = VECTOR('',#240,1.);
#240 = DIRECTION('',(0.,0.,1.));
#241 = PLANE('',#242);
#242 = AXIS2_PLACEMENT_3D('',#243,#244,#245);
#243 = CARTESIAN_POINT('',(-1.5,-1.5,0.1));
#244 = DIRECTION('',(-0.,1.,0.));
#245 = DIRECTION('',(0.,0.,1.));
#246 = ADVANCED_FACE('',(#247,#265),#276,.T.);
#247 = FACE_BOUND('',#248,.T.);
#248 = EDGE_LOOP('',(#249,#250,#251,#259));
#249 = ORIENTED_EDGE('',*,*,#69,.F.);
#250 = ORIENTED_EDGE('',*,*,#228,.T.);
#251 = ORIENTED_EDGE('',*,*,#252,.T.);
#252 = EDGE_CURVE('',#229,#253,#255,.T.);
#253 = VERTEX_POINT('',#254);
#254 = CARTESIAN_POINT('',(1.5,1.5,1.15));
#255 = LINE('',#256,#257);
#256 = CARTESIAN_POINT('',(1.5,-1.5,1.15));
#257 = VECTOR('',#258,1.);
#258 = DIRECTION('',(-0.,1.,0.));
#259 = ORIENTED_EDGE('',*,*,#260,.F.);
#260 = EDGE_CURVE('',#62,#253,#261,.T.);
#261 = LINE('',#262,#263);
#262 = CARTESIAN_POINT('',(-1.5,1.5,1.15));
#263 = VECTOR('',#264,1.);
#264 = DIRECTION('',(1.,0.,-0.));
#265 = FACE_BOUND('',#266,.T.);
#266 = EDGE_LOOP('',(#267));
#267 = ORIENTED_EDGE('',*,*,#268,.F.);
#268 = EDGE_CURVE('',#269,#269,#271,.T.);
#269 = VERTEX_POINT('',#270);
#270 = CARTESIAN_POINT('',(-0.6,0.85,1.15));
#271 = CIRCLE('',#272,0.25);
#272 = AXIS2_PLACEMENT_3D('',#273,#274,#275);
#273 = CARTESIAN_POINT('',(-0.85,0.85,1.15));
#274 = DIRECTION('',(0.,0.,1.));
#275 = DIRECTION('',(1.,0.,-0.));
#276 = PLANE('',#277);
#277 = AXIS2_PLACEMENT_3D('',#278,#279,#280);
#278 = CARTESIAN_POINT('',(-1.5,-1.5,1.15));
#279 = DIRECTION('',(0.,0.,1.));
#280 = DIRECTION('',(1.,0.,-0.));
#281 = ADVANCED_FACE('',(#282),#300,.F.);
#282 = FACE_BOUND('',#283,.F.);
#283 = EDGE_LOOP('',(#284,#285,#286,#294));
#284 = ORIENTED_EDGE('',*,*,#53,.F.);
#285 = ORIENTED_EDGE('',*,*,#219,.T.);
#286 = ORIENTED_EDGE('',*,*,#287,.T.);
#287 = EDGE_CURVE('',#220,#288,#290,.T.);
#288 = VERTEX_POINT('',#289);
#289 = CARTESIAN_POINT('',(1.5,1.5,0.1));
#290 = LINE('',#291,#292);
#291 = CARTESIAN_POINT('',(1.5,-1.5,0.1));
#292 = VECTOR('',#293,1.);
#293 = DIRECTION('',(-0.,1.,0.));
#294 = ORIENTED_EDGE('',*,*,#295,.F.);
#295 = EDGE_CURVE('',#54,#288,#296,.T.);
#296 = LINE('',#297,#298);
#297 = CARTESIAN_POINT('',(-1.5,1.5,0.1));
#298 = VECTOR('',#299,1.);
#299 = DIRECTION('',(1.,0.,-0.));
#300 = PLANE('',#301);
#301 = AXIS2_PLACEMENT_3D('',#302,#303,#304);
#302 = CARTESIAN_POINT('',(-1.5,-1.5,0.1));
#303 = DIRECTION('',(0.,0.,1.));
#304 = DIRECTION('',(1.,0.,-0.));
#305 = ADVANCED_FACE('',(#306),#317,.T.);
#306 = FACE_BOUND('',#307,.T.);
#307 = EDGE_LOOP('',(#308,#309,#310,#311));
#308 = ORIENTED_EDGE('',*,*,#295,.F.);
#309 = ORIENTED_EDGE('',*,*,#61,.T.);
#310 = ORIENTED_EDGE('',*,*,#260,.T.);
#311 = ORIENTED_EDGE('',*,*,#312,.F.);
#312 = EDGE_CURVE('',#288,#253,#313,.T.);
#313 = LINE('',#314,#315);
#314 = CARTESIAN_POINT('',(1.5,1.5,0.1));
#315 = VECTOR('',#316,1.);
#316 = DIRECTION('',(0.,0.,1.));
#317 = PLANE('',#318);
#318 = AXIS2_PLACEMENT_3D('',#319,#320,#321);
#319 = CARTESIAN_POINT('',(-1.5,1.5,0.1));
#320 = DIRECTION('',(-0.,1.,0.));
#321 = DIRECTION('',(0.,0.,1.));
#322 = ADVANCED_FACE('',(#323),#348,.F.);
#323 = FACE_BOUND('',#324,.F.);
#324 = EDGE_LOOP('',(#325,#326,#334,#342));
#325 = ORIENTED_EDGE('',*,*,#77,.T.);
#326 = ORIENTED_EDGE('',*,*,#327,.T.);
#327 = EDGE_CURVE('',#80,#328,#330,.T.);
#328 = VERTEX_POINT('',#329);
#329 = CARTESIAN_POINT('',(-1.3,1.0875,0.55));
#330 = LINE('',#331,#332);
#331 = CARTESIAN_POINT('',(-1.5,1.0875,0.55));
#332 = VECTOR('',#333,1.);
#333 = DIRECTION('',(1.,0.,0.));
#334 = ORIENTED_EDGE('',*,*,#335,.F.);
#335 = EDGE_CURVE('',#336,#328,#338,.T.);
#336 = VERTEX_POINT('',#337);
#337 = CARTESIAN_POINT('',(-1.3,0.8625,0.55));
#338 = LINE('',#339,#340);
#339 = CARTESIAN_POINT('',(-1.3,0.8625,0.55));
#340 = VECTOR('',#341,1.);
#341 = DIRECTION('',(0.,1.,0.));
#342 = ORIENTED_EDGE('',*,*,#343,.F.);
#343 = EDGE_CURVE('',#78,#336,#344,.T.);
#344 = LINE('',#345,#346);
#345 = CARTESIAN_POINT('',(-1.5,0.8625,0.55));
#346 = VECTOR('',#347,1.);
#347 = DIRECTION('',(1.,0.,0.));
#348 = PLANE('',#349);
#349 = AXIS2_PLACEMENT_3D('',#350,#351,#352);
#350 = CARTESIAN_POINT('',(-1.5,0.8625,0.55));
#351 = DIRECTION('',(0.,0.,-1.));
#352 = DIRECTION('',(1.,0.,0.));
#353 = ADVANCED_FACE('',(#354),#372,.T.);
#354 = FACE_BOUND('',#355,.T.);
#355 = EDGE_LOOP('',(#356,#364,#370,#371));
#356 = ORIENTED_EDGE('',*,*,#357,.T.);
#357 = EDGE_CURVE('',#328,#358,#360,.T.);
#358 = VERTEX_POINT('',#359);
#359 = CARTESIAN_POINT('',(-1.3,1.0875,0.7));
#360 = LINE('',#361,#362);
#361 = CARTESIAN_POINT('',(-1.3,1.0875,0.55));
#362 = VECTOR('',#363,1.);
#363 = DIRECTION('',(0.,0.,1.));
#364 = ORIENTED_EDGE('',*,*,#365,.T.);
#365 = EDGE_CURVE('',#358,#96,#366,.T.);
#366 = LINE('',#367,#368);
#367 = CARTESIAN_POINT('',(-1.3,1.0875,0.7));
#368 = VECTOR('',#369,1.);
#369 = DIRECTION('',(-1.,0.,0.));
#370 = ORIENTED_EDGE('',*,*,#103,.T.);
#371 = ORIENTED_EDGE('',*,*,#327,.T.);
#372 = PLANE('',#373);
#373 = AXIS2_PLACEMENT_3D('',#374,#375,#376);
#374 = CARTESIAN_POINT('',(-1.661406829253,1.0875,0.332203135947));
#375 = DIRECTION('',(-0.,-1.,-0.));
#376 = DIRECTION('',(0.,0.,-1.));
#377 = ADVANCED_FACE('',(#378),#396,.F.);
#378 = FACE_BOUND('',#379,.F.);
#379 = EDGE_LOOP('',(#380,#388,#394,#395));
#380 = ORIENTED_EDGE('',*,*,#381,.F.);
#381 = EDGE_CURVE('',#382,#88,#384,.T.);
#382 = VERTEX_POINT('',#383);
#383 = CARTESIAN_POINT('',(-1.3,0.8625,0.7));
#384 = LINE('',#385,#386);
#385 = CARTESIAN_POINT('',(-1.3,0.8625,0.7));
#386 = VECTOR('',#387,1.);
#387 = DIRECTION('',(-1.,0.,0.));
#388 = ORIENTED_EDGE('',*,*,#389,.T.);
#389 = EDGE_CURVE('',#382,#358,#390,.T.);
#390 = LINE('',#391,#392);
#391 = CARTESIAN_POINT('',(-1.3,0.8625,0.7));
#392 = VECTOR('',#393,1.);
#393 = DIRECTION('',(0.,1.,0.));
#394 = ORIENTED_EDGE('',*,*,#365,.T.);
#395 = ORIENTED_EDGE('',*,*,#95,.T.);
#396 = PLANE('',#397);
#397 = AXIS2_PLACEMENT_3D('',#398,#399,#400);
#398 = CARTESIAN_POINT('',(-1.3,0.8625,0.7));
#399 = DIRECTION('',(0.,-0.,1.));
#400 = DIRECTION('',(-1.,0.,0.));
#401 = ADVANCED_FACE('',(#402),#413,.F.);
#402 = FACE_BOUND('',#403,.F.);
#403 = EDGE_LOOP('',(#404,#410,#411,#412));
#404 = ORIENTED_EDGE('',*,*,#405,.T.);
#405 = EDGE_CURVE('',#336,#382,#406,.T.);
#406 = LINE('',#407,#408);
#407 = CARTESIAN_POINT('',(-1.3,0.8625,0.55));
#408 = VECTOR('',#409,1.);
#409 = DIRECTION('',(0.,0.,1.));
#410 = ORIENTED_EDGE('',*,*,#381,.T.);
#411 = ORIENTED_EDGE('',*,*,#87,.T.);
#412 = ORIENTED_EDGE('',*,*,#343,.T.);
#413 = PLANE('',#414);
#414 = AXIS2_PLACEMENT_3D('',#415,#416,#417);
#415 = CARTESIAN_POINT('',(-1.661406829253,0.8625,0.332203135947));
#416 = DIRECTION('',(-0.,-1.,-0.));
#417 = DIRECTION('',(0.,0.,-1.));
#418 = ADVANCED_FACE('',(#419),#444,.F.);
#419 = FACE_BOUND('',#420,.F.);
#420 = EDGE_LOOP('',(#421,#422,#430,#438));
#421 = ORIENTED_EDGE('',*,*,#111,.T.);
#422 = ORIENTED_EDGE('',*,*,#423,.T.);
#423 = EDGE_CURVE('',#114,#424,#426,.T.);
#424 = VERTEX_POINT('',#425);
#425 = CARTESIAN_POINT('',(-1.3,0.4375,0.55));
#426 = LINE('',#427,#428);
#427 = CARTESIAN_POINT('',(-1.5,0.4375,0.55));
#428 = VECTOR('',#429,1.);
#429 = DIRECTION('',(1.,0.,0.));
#430 = ORIENTED_EDGE('',*,*,#431,.F.);
#431 = EDGE_CURVE('',#432,#424,#434,.T.);
#432 = VERTEX_POINT('',#433);
#433 = CARTESIAN_POINT('',(-1.3,0.2125,0.55));
#434 = LINE('',#435,#436);
#435 = CARTESIAN_POINT('',(-1.3,0.2125,0.55));
#436 = VECTOR('',#437,1.);
#437 = DIRECTION('',(0.,1.,0.));
#438 = ORIENTED_EDGE('',*,*,#439,.F.);
#439 = EDGE_CURVE('',#112,#432,#440,.T.);
#440 = LINE('',#441,#442);
#441 = CARTESIAN_POINT('',(-1.5,0.2125,0.55));
#442 = VECTOR('',#443,1.);
#443 = DIRECTION('',(1.,0.,0.));
#444 = PLANE('',#445);
#445 = AXIS2_PLACEMENT_3D('',#446,#447,#448);
#446 = CARTESIAN_POINT('',(-1.5,0.2125,0.55));
#447 = DIRECTION('',(0.,0.,-1.));
#448 = DIRECTION('',(1.,0.,0.));
#449 = ADVANCED_FACE('',(#450),#468,.T.);
#450 = FACE_BOUND('',#451,.T.);
#451 = EDGE_LOOP('',(#452,#460,#466,#467));
#452 = ORIENTED_EDGE('',*,*,#453,.T.);
#453 = EDGE_CURVE('',#424,#454,#456,.T.);
#454 = VERTEX_POINT('',#455);
#455 = CARTESIAN_POINT('',(-1.3,0.4375,0.7));
#456 = LINE('',#457,#458);
#457 = CARTESIAN_POINT('',(-1.3,0.4375,0.55));
#458 = VECTOR('',#459,1.);
#459 = DIRECTION('',(0.,0.,1.));
#460 = ORIENTED_EDGE('',*,*,#461,.T.);
#461 = EDGE_CURVE('',#454,#130,#462,.T.);
#462 = LINE('',#463,#464);
#463 = CARTESIAN_POINT('',(-1.3,0.4375,0.7));
#464 = VECTOR('',#465,1.);
#465 = DIRECTION('',(-1.,0.,0.));
#466 = ORIENTED_EDGE('',*,*,#137,.T.);
#467 = ORIENTED_EDGE('',*,*,#423,.T.);
#468 = PLANE('',#469);
#469 = AXIS2_PLACEMENT_3D('',#470,#471,#472);
#470 = CARTESIAN_POINT('',(-1.661406829253,0.4375,0.332203135947));
#471 = DIRECTION('',(-0.,-1.,-0.));
#472 = DIRECTION('',(0.,0.,-1.));
#473 = ADVANCED_FACE('',(#474),#492,.F.);
#474 = FACE_BOUND('',#475,.F.);
#475 = EDGE_LOOP('',(#476,#484,#490,#491));
#476 = ORIENTED_EDGE('',*,*,#477,.F.);
#477 = EDGE_CURVE('',#478,#122,#480,.T.);
#478 = VERTEX_POINT('',#479);
#479 = CARTESIAN_POINT('',(-1.3,0.2125,0.7));
#480 = LINE('',#481,#482);
#481 = CARTESIAN_POINT('',(-1.3,0.2125,0.7));
#482 = VECTOR('',#483,1.);
#483 = DIRECTION('',(-1.,0.,0.));
#484 = ORIENTED_EDGE('',*,*,#485,.T.);
#485 = EDGE_CURVE('',#478,#454,#486,.T.);
#486 = LINE('',#487,#488);
#487 = CARTESIAN_POINT('',(-1.3,0.2125,0.7));
#488 = VECTOR('',#489,1.);
#489 = DIRECTION('',(0.,1.,0.));
#490 = ORIENTED_EDGE('',*,*,#461,.T.);
#491 = ORIENTED_EDGE('',*,*,#129,.T.);
#492 = PLANE('',#493);
#493 = AXIS2_PLACEMENT_3D('',#494,#495,#496);
#494 = CARTESIAN_POINT('',(-1.3,0.2125,0.7));
#495 = DIRECTION('',(0.,-0.,1.));
#496 = DIRECTION('',(-1.,0.,0.));
#497 = ADVANCED_FACE('',(#498),#509,.F.);
#498 = FACE_BOUND('',#499,.F.);
#499 = EDGE_LOOP('',(#500,#506,#507,#508));
#500 = ORIENTED_EDGE('',*,*,#501,.T.);
#501 = EDGE_CURVE('',#432,#478,#502,.T.);
#502 = LINE('',#503,#504);
#503 = CARTESIAN_POINT('',(-1.3,0.2125,0.55));
#504 = VECTOR('',#505,1.);
#505 = DIRECTION('',(0.,0.,1.));
#506 = ORIENTED_EDGE('',*,*,#477,.T.);
#507 = ORIENTED_EDGE('',*,*,#121,.T.);
#508 = ORIENTED_EDGE('',*,*,#439,.T.);
#509 = PLANE('',#510);
#510 = AXIS2_PLACEMENT_3D('',#511,#512,#513);
#511 = CARTESIAN_POINT('',(-1.661406829253,0.2125,0.332203135947));
#512 = DIRECTION('',(-0.,-1.,-0.));
#513 = DIRECTION('',(0.,0.,-1.));
#514 = ADVANCED_FACE('',(#515),#540,.F.);
#515 = FACE_BOUND('',#516,.F.);
#516 = EDGE_LOOP('',(#517,#518,#526,#534));
#517 = ORIENTED_EDGE('',*,*,#145,.T.);
#518 = ORIENTED_EDGE('',*,*,#519,.T.);
#519 = EDGE_CURVE('',#148,#520,#522,.T.);
#520 = VERTEX_POINT('',#521);
#521 = CARTESIAN_POINT('',(-1.3,-0.2125,0.55));
#522 = LINE('',#523,#524);
#523 = CARTESIAN_POINT('',(-1.5,-0.2125,0.55));
#524 = VECTOR('',#525,1.);
#525 = DIRECTION('',(1.,0.,0.));
#526 = ORIENTED_EDGE('',*,*,#527,.F.);
#527 = EDGE_CURVE('',#528,#520,#530,.T.);
#528 = VERTEX_POINT('',#529);
#529 = CARTESIAN_POINT('',(-1.3,-0.4375,0.55));
#530 = LINE('',#531,#532);
#531 = CARTESIAN_POINT('',(-1.3,-0.4375,0.55));
#532 = VECTOR('',#533,1.);
#533 = DIRECTION('',(0.,1.,0.));
#534 = ORIENTED_EDGE('',*,*,#535,.F.);
#535 = EDGE_CURVE('',#146,#528,#536,.T.);
#536 = LINE('',#537,#538);
#537 = CARTESIAN_POINT('',(-1.5,-0.4375,0.55));
#538 = VECTOR('',#539,1.);
#539 = DIRECTION('',(1.,0.,0.));
#540 = PLANE('',#541);
#541 = AXIS2_PLACEMENT_3D('',#542,#543,#544);
#542 = CARTESIAN_POINT('',(-1.5,-0.4375,0.55));
#543 = DIRECTION('',(0.,0.,-1.));
#544 = DIRECTION('',(1.,0.,0.));
#545 = ADVANCED_FACE('',(#546),#564,.T.);
#546 = FACE_BOUND('',#547,.T.);
#547 = EDGE_LOOP('',(#548,#556,#562,#563));
#548 = ORIENTED_EDGE('',*,*,#549,.T.);
#549 = EDGE_CURVE('',#520,#550,#552,.T.);
#550 = VERTEX_POINT('',#551);
#551 = CARTESIAN_POINT('',(-1.3,-0.2125,0.7));
#552 = LINE('',#553,#554);
#553 = CARTESIAN_POINT('',(-1.3,-0.2125,0.55));
#554 = VECTOR('',#555,1.);
#555 = DIRECTION('',(0.,0.,1.));
#556 = ORIENTED_EDGE('',*,*,#557,.T.);
#557 = EDGE_CURVE('',#550,#164,#558,.T.);
#558 = LINE('',#559,#560);
#559 = CARTESIAN_POINT('',(-1.3,-0.2125,0.7));
#560 = VECTOR('',#561,1.);
#561 = DIRECTION('',(-1.,0.,0.));
#562 = ORIENTED_EDGE('',*,*,#171,.T.);
#563 = ORIENTED_EDGE('',*,*,#519,.T.);
#564 = PLANE('',#565);
#565 = AXIS2_PLACEMENT_3D('',#566,#567,#568);
#566 = CARTESIAN_POINT('',(-1.661406829253,-0.2125,0.332203135947));
#567 = DIRECTION('',(-0.,-1.,-0.));
#568 = DIRECTION('',(0.,0.,-1.));
#569 = ADVANCED_FACE('',(#570),#588,.F.);
#570 = FACE_BOUND('',#571,.F.);
#571 = EDGE_LOOP('',(#572,#580,#586,#587));
#572 = ORIENTED_EDGE('',*,*,#573,.F.);
#573 = EDGE_CURVE('',#574,#156,#576,.T.);
#574 = VERTEX_POINT('',#575);
#575 = CARTESIAN_POINT('',(-1.3,-0.4375,0.7));
#576 = LINE('',#577,#578);
#577 = CARTESIAN_POINT('',(-1.3,-0.4375,0.7));
#578 = VECTOR('',#579,1.);
#579 = DIRECTION('',(-1.,0.,0.));
#580 = ORIENTED_EDGE('',*,*,#581,.T.);
#581 = EDGE_CURVE('',#574,#550,#582,.T.);
#582 = LINE('',#583,#584);
#583 = CARTESIAN_POINT('',(-1.3,-0.4375,0.7));
#584 = VECTOR('',#585,1.);
#585 = DIRECTION('',(0.,1.,0.));
#586 = ORIENTED_EDGE('',*,*,#557,.T.);
#587 = ORIENTED_EDGE('',*,*,#163,.T.);
#588 = PLANE('',#589);
#589 = AXIS2_PLACEMENT_3D('',#590,#591,#592);
#590 = CARTESIAN_POINT('',(-1.3,-0.4375,0.7));
#591 = DIRECTION('',(0.,-0.,1.));
#592 = DIRECTION('',(-1.,0.,0.));
#593 = ADVANCED_FACE('',(#594),#605,.F.);
#594 = FACE_BOUND('',#595,.F.);
#595 = EDGE_LOOP('',(#596,#602,#603,#604));
#596 = ORIENTED_EDGE('',*,*,#597,.T.);
#597 = EDGE_CURVE('',#528,#574,#598,.T.);
#598 = LINE('',#599,#600);
#599 = CARTESIAN_POINT('',(-1.3,-0.4375,0.55));
#600 = VECTOR('',#601,1.);
#601 = DIRECTION('',(0.,0.,1.));
#602 = ORIENTED_EDGE('',*,*,#573,.T.);
#603 = ORIENTED_EDGE('',*,*,#155,.T.);
#604 = ORIENTED_EDGE('',*,*,#535,.T.);
#605 = PLANE('',#606);
#606 = AXIS2_PLACEMENT_3D('',#607,#608,#609);
#607 = CARTESIAN_POINT('',(-1.661406829253,-0.4375,0.332203135947));
#608 = DIRECTION('',(-0.,-1.,-0.));
#609 = DIRECTION('',(0.,0.,-1.));
#610 = ADVANCED_FACE('',(#611),#636,.F.);
#611 = FACE_BOUND('',#612,.F.);
#612 = EDGE_LOOP('',(#613,#614,#622,#630));
#613 = ORIENTED_EDGE('',*,*,#179,.T.);
#614 = ORIENTED_EDGE('',*,*,#615,.T.);
#615 = EDGE_CURVE('',#182,#616,#618,.T.);
#616 = VERTEX_POINT('',#617);
#617 = CARTESIAN_POINT('',(-1.3,-0.8625,0.55));
#618 = LINE('',#619,#620);
#619 = CARTESIAN_POINT('',(-1.5,-0.8625,0.55));
#620 = VECTOR('',#621,1.);
#621 = DIRECTION('',(1.,0.,0.));
#622 = ORIENTED_EDGE('',*,*,#623,.F.);
#623 = EDGE_CURVE('',#624,#616,#626,.T.);
#624 = VERTEX_POINT('',#625);
#625 = CARTESIAN_POINT('',(-1.3,-1.0875,0.55));
#626 = LINE('',#627,#628);
#627 = CARTESIAN_POINT('',(-1.3,-1.0875,0.55));
#628 = VECTOR('',#629,1.);
#629 = DIRECTION('',(0.,1.,0.));
#630 = ORIENTED_EDGE('',*,*,#631,.F.);
#631 = EDGE_CURVE('',#180,#624,#632,.T.);
#632 = LINE('',#633,#634);
#633 = CARTESIAN_POINT('',(-1.5,-1.0875,0.55));
#634 = VECTOR('',#635,1.);
#635 = DIRECTION('',(1.,0.,0.));
#636 = PLANE('',#637);
#637 = AXIS2_PLACEMENT_3D('',#638,#639,#640);
#638 = CARTESIAN_POINT('',(-1.5,-1.0875,0.55));
#639 = DIRECTION('',(0.,0.,-1.));
#640 = DIRECTION('',(1.,0.,0.));
#641 = ADVANCED_FACE('',(#642),#660,.T.);
#642 = FACE_BOUND('',#643,.T.);
#643 = EDGE_LOOP('',(#644,#652,#658,#659));
#644 = ORIENTED_EDGE('',*,*,#645,.T.);
#645 = EDGE_CURVE('',#616,#646,#648,.T.);
#646 = VERTEX_POINT('',#647);
#647 = CARTESIAN_POINT('',(-1.3,-0.8625,0.7));
#648 = LINE('',#649,#650);
#649 = CARTESIAN_POINT('',(-1.3,-0.8625,0.55));
#650 = VECTOR('',#651,1.);
#651 = DIRECTION('',(0.,0.,1.));
#652 = ORIENTED_EDGE('',*,*,#653,.T.);
#653 = EDGE_CURVE('',#646,#198,#654,.T.);
#654 = LINE('',#655,#656);
#655 = CARTESIAN_POINT('',(-1.3,-0.8625,0.7));
#656 = VECTOR('',#657,1.);
#657 = DIRECTION('',(-1.,0.,0.));
#658 = ORIENTED_EDGE('',*,*,#205,.T.);
#659 = ORIENTED_EDGE('',*,*,#615,.T.);
#660 = PLANE('',#661);
#661 = AXIS2_PLACEMENT_3D('',#662,#663,#664);
#662 = CARTESIAN_POINT('',(-1.661406829253,-0.8625,0.332203135947));
#663 = DIRECTION('',(-0.,-1.,-0.));
#664 = DIRECTION('',(0.,0.,-1.));
#665 = ADVANCED_FACE('',(#666),#684,.F.);
#666 = FACE_BOUND('',#667,.F.);
#667 = EDGE_LOOP('',(#668,#676,#682,#683));
#668 = ORIENTED_EDGE('',*,*,#669,.F.);
#669 = EDGE_CURVE('',#670,#190,#672,.T.);
#670 = VERTEX_POINT('',#671);
#671 = CARTESIAN_POINT('',(-1.3,-1.0875,0.7));
#672 = LINE('',#673,#674);
#673 = CARTESIAN_POINT('',(-1.3,-1.0875,0.7));
#674 = VECTOR('',#675,1.);
#675 = DIRECTION('',(-1.,0.,0.));
#676 = ORIENTED_EDGE('',*,*,#677,.T.);
#677 = EDGE_CURVE('',#670,#646,#678,.T.);
#678 = LINE('',#679,#680);
#679 = CARTESIAN_POINT('',(-1.3,-1.0875,0.7));
#680 = VECTOR('',#681,1.);
#681 = DIRECTION('',(0.,1.,0.));
#682 = ORIENTED_EDGE('',*,*,#653,.T.);
#683 = ORIENTED_EDGE('',*,*,#197,.T.);
#684 = PLANE('',#685);
#685 = AXIS2_PLACEMENT_3D('',#686,#687,#688);
#686 = CARTESIAN_POINT('',(-1.3,-1.0875,0.7));
#687 = DIRECTION('',(0.,-0.,1.));
#688 = DIRECTION('',(-1.,0.,0.));
#689 = ADVANCED_FACE('',(#690),#701,.F.);
#690 = FACE_BOUND('',#691,.F.);
#691 = EDGE_LOOP('',(#692,#698,#699,#700));
#692 = ORIENTED_EDGE('',*,*,#693,.T.);
#693 = EDGE_CURVE('',#624,#670,#694,.T.);
#694 = LINE('',#695,#696);
#695 = CARTESIAN_POINT('',(-1.3,-1.0875,0.55));
#696 = VECTOR('',#697,1.);
#697 = DIRECTION('',(0.,0.,1.));
#698 = ORIENTED_EDGE('',*,*,#669,.T.);
#699 = ORIENTED_EDGE('',*,*,#189,.T.);
#700 = ORIENTED_EDGE('',*,*,#631,.T.);
#701 = PLANE('',#702);
#702 = AXIS2_PLACEMENT_3D('',#703,#704,#705);
#703 = CARTESIAN_POINT('',(-1.661406829253,-1.0875,0.332203135947));
#704 = DIRECTION('',(-0.,-1.,-0.));
#705 = DIRECTION('',(0.,0.,-1.));
#706 = ADVANCED_FACE('',(#707,#713,#747,#781,#815),#849,.T.);
#707 = FACE_BOUND('',#708,.T.);
#708 = EDGE_LOOP('',(#709,#710,#711,#712));
#709 = ORIENTED_EDGE('',*,*,#236,.F.);
#710 = ORIENTED_EDGE('',*,*,#287,.T.);
#711 = ORIENTED_EDGE('',*,*,#312,.T.);
#712 = ORIENTED_EDGE('',*,*,#252,.F.);
#713 = FACE_BOUND('',#714,.T.);
#714 = EDGE_LOOP('',(#715,#725,#733,#741));
#715 = ORIENTED_EDGE('',*,*,#716,.F.);
#716 = EDGE_CURVE('',#717,#719,#721,.T.);
#717 = VERTEX_POINT('',#718);
#718 = CARTESIAN_POINT('',(1.5,0.8625,0.55));
#719 = VERTEX_POINT('',#720);
#720 = CARTESIAN_POINT('',(1.5,1.0875,0.55));
#721 = LINE('',#722,#723);
#722 = CARTESIAN_POINT('',(1.5,0.8625,0.55));
#723 = VECTOR('',#724,1.);
#724 = DIRECTION('',(0.,1.,0.));
#725 = ORIENTED_EDGE('',*,*,#726,.T.);
#726 = EDGE_CURVE('',#717,#727,#729,.T.);
#727 = VERTEX_POINT('',#728);
#728 = CARTESIAN_POINT('',(1.5,0.8625,0.7));
#729 = LINE('',#730,#731);
#730 = CARTESIAN_POINT('',(1.5,0.8625,0.216101567973));
#731 = VECTOR('',#732,1.);
#732 = DIRECTION('',(0.,-0.,1.));
#733 = ORIENTED_EDGE('',*,*,#734,.T.);
#734 = EDGE_CURVE('',#727,#735,#737,.T.);
#735 = VERTEX_POINT('',#736);
#736 = CARTESIAN_POINT('',(1.5,1.0875,0.7));
#737 = LINE('',#738,#739);
#738 = CARTESIAN_POINT('',(1.5,-0.31875,0.7));
#739 = VECTOR('',#740,1.);
#740 = DIRECTION('',(0.,1.,0.));
#741 = ORIENTED_EDGE('',*,*,#742,.F.);
#742 = EDGE_CURVE('',#719,#735,#743,.T.);
#743 = LINE('',#744,#745);
#744 = CARTESIAN_POINT('',(1.5,1.0875,0.216101567973));
#745 = VECTOR('',#746,1.);
#746 = DIRECTION('',(0.,-0.,1.));
#747 = FACE_BOUND('',#748,.T.);
#748 = EDGE_LOOP('',(#749,#759,#767,#775));
#749 = ORIENTED_EDGE('',*,*,#750,.F.);
#750 = EDGE_CURVE('',#751,#753,#755,.T.);
#751 = VERTEX_POINT('',#752);
#752 = CARTESIAN_POINT('',(1.5,0.2125,0.55));
#753 = VERTEX_POINT('',#754);
#754 = CARTESIAN_POINT('',(1.5,0.4375,0.55));
#755 = LINE('',#756,#757);
#756 = CARTESIAN_POINT('',(1.5,0.2125,0.55));
#757 = VECTOR('',#758,1.);
#758 = DIRECTION('',(0.,1.,0.));
#759 = ORIENTED_EDGE('',*,*,#760,.T.);
#760 = EDGE_CURVE('',#751,#761,#763,.T.);
#761 = VERTEX_POINT('',#762);
#762 = CARTESIAN_POINT('',(1.5,0.2125,0.7));
#763 = LINE('',#764,#765);
#764 = CARTESIAN_POINT('',(1.5,0.2125,0.216101567973));
#765 = VECTOR('',#766,1.);
#766 = DIRECTION('',(0.,-0.,1.));
#767 = ORIENTED_EDGE('',*,*,#768,.T.);
#768 = EDGE_CURVE('',#761,#769,#771,.T.);
#769 = VERTEX_POINT('',#770);
#770 = CARTESIAN_POINT('',(1.5,0.4375,0.7));
#771 = LINE('',#772,#773);
#772 = CARTESIAN_POINT('',(1.5,-0.64375,0.7));
#773 = VECTOR('',#774,1.);
#774 = DIRECTION('',(0.,1.,0.));
#775 = ORIENTED_EDGE('',*,*,#776,.F.);
#776 = EDGE_CURVE('',#753,#769,#777,.T.);
#777 = LINE('',#778,#779);
#778 = CARTESIAN_POINT('',(1.5,0.4375,0.216101567973));
#779 = VECTOR('',#780,1.);
#780 = DIRECTION('',(0.,-0.,1.));
#781 = FACE_BOUND('',#782,.T.);
#782 = EDGE_LOOP('',(#783,#793,#801,#809));
#783 = ORIENTED_EDGE('',*,*,#784,.F.);
#784 = EDGE_CURVE('',#785,#787,#789,.T.);
#785 = VERTEX_POINT('',#786);
#786 = CARTESIAN_POINT('',(1.5,-0.4375,0.55));
#787 = VERTEX_POINT('',#788);
#788 = CARTESIAN_POINT('',(1.5,-0.2125,0.55));
#789 = LINE('',#790,#791);
#790 = CARTESIAN_POINT('',(1.5,-0.4375,0.55));
#791 = VECTOR('',#792,1.);
#792 = DIRECTION('',(0.,1.,0.));
#793 = ORIENTED_EDGE('',*,*,#794,.T.);
#794 = EDGE_CURVE('',#785,#795,#797,.T.);
#795 = VERTEX_POINT('',#796);
#796 = CARTESIAN_POINT('',(1.5,-0.4375,0.7));
#797 = LINE('',#798,#799);
#798 = CARTESIAN_POINT('',(1.5,-0.4375,0.216101567973));
#799 = VECTOR('',#800,1.);
#800 = DIRECTION('',(0.,-0.,1.));
#801 = ORIENTED_EDGE('',*,*,#802,.T.);
#802 = EDGE_CURVE('',#795,#803,#805,.T.);
#803 = VERTEX_POINT('',#804);
#804 = CARTESIAN_POINT('',(1.5,-0.2125,0.7));
#805 = LINE('',#806,#807);
#806 = CARTESIAN_POINT('',(1.5,-0.96875,0.7));
#807 = VECTOR('',#808,1.);
#808 = DIRECTION('',(0.,1.,0.));
#809 = ORIENTED_EDGE('',*,*,#810,.F.);
#810 = EDGE_CURVE('',#787,#803,#811,.T.);
#811 = LINE('',#812,#813);
#812 = CARTESIAN_POINT('',(1.5,-0.2125,0.216101567973));
#813 = VECTOR('',#814,1.);
#814 = DIRECTION('',(0.,-0.,1.));
#815 = FACE_BOUND('',#816,.T.);
#816 = EDGE_LOOP('',(#817,#827,#835,#843));
#817 = ORIENTED_EDGE('',*,*,#818,.F.);
#818 = EDGE_CURVE('',#819,#821,#823,.T.);
#819 = VERTEX_POINT('',#820);
#820 = CARTESIAN_POINT('',(1.5,-1.0875,0.55));
#821 = VERTEX_POINT('',#822);
#822 = CARTESIAN_POINT('',(1.5,-0.8625,0.55));
#823 = LINE('',#824,#825);
#824 = CARTESIAN_POINT('',(1.5,-1.0875,0.55));
#825 = VECTOR('',#826,1.);
#826 = DIRECTION('',(0.,1.,0.));
#827 = ORIENTED_EDGE('',*,*,#828,.T.);
#828 = EDGE_CURVE('',#819,#829,#831,.T.);
#829 = VERTEX_POINT('',#830);
#830 = CARTESIAN_POINT('',(1.5,-1.0875,0.7));
#831 = LINE('',#832,#833);
#832 = CARTESIAN_POINT('',(1.5,-1.0875,0.216101567973));
#833 = VECTOR('',#834,1.);
#834 = DIRECTION('',(0.,-0.,1.));
#835 = ORIENTED_EDGE('',*,*,#836,.T.);
#836 = EDGE_CURVE('',#829,#837,#839,.T.);
#837 = VERTEX_POINT('',#838);
#838 = CARTESIAN_POINT('',(1.5,-0.8625,0.7));
#839 = LINE('',#840,#841);
#840 = CARTESIAN_POINT('',(1.5,-1.29375,0.7));
#841 = VECTOR('',#842,1.);
#842 = DIRECTION('',(0.,1.,0.));
#843 = ORIENTED_EDGE('',*,*,#844,.F.);
#844 = EDGE_CURVE('',#821,#837,#845,.T.);
#845 = LINE('',#846,#847);
#846 = CARTESIAN_POINT('',(1.5,-0.8625,0.216101567973));
#847 = VECTOR('',#848,1.);
#848 = DIRECTION('',(0.,-0.,1.));
#849 = PLANE('',#850);
#850 = AXIS2_PLACEMENT_3D('',#851,#852,#853);
#851 = CARTESIAN_POINT('',(1.5,-1.5,0.1));
#852 = DIRECTION('',(1.,0.,-0.));
#853 = DIRECTION('',(0.,0.,1.));
#854 = ADVANCED_FACE('',(#855),#874,.F.);
#855 = FACE_BOUND('',#856,.F.);
#856 = EDGE_LOOP('',(#857,#858,#866,#873));
#857 = ORIENTED_EDGE('',*,*,#268,.F.);
#858 = ORIENTED_EDGE('',*,*,#859,.F.);
#859 = EDGE_CURVE('',#860,#269,#862,.T.);
#860 = VERTEX_POINT('',#861);
#861 = CARTESIAN_POINT('',(-0.6,0.85,1.1));
#862 = LINE('',#863,#864);
#863 = CARTESIAN_POINT('',(-0.6,0.85,1.1));
#864 = VECTOR('',#865,1.);
#865 = DIRECTION('',(0.,0.,1.));
#866 = ORIENTED_EDGE('',*,*,#867,.T.);
#867 = EDGE_CURVE('',#860,#860,#868,.T.);
#868 = CIRCLE('',#869,0.25);
#869 = AXIS2_PLACEMENT_3D('',#870,#871,#872);
#870 = CARTESIAN_POINT('',(-0.85,0.85,1.1));
#871 = DIRECTION('',(0.,0.,1.));
#872 = DIRECTION('',(1.,0.,-0.));
#873 = ORIENTED_EDGE('',*,*,#859,.T.);
#874 = CYLINDRICAL_SURFACE('',#875,0.25);
#875 = AXIS2_PLACEMENT_3D('',#876,#877,#878);
#876 = CARTESIAN_POINT('',(-0.85,0.85,1.1));
#877 = DIRECTION('',(0.,0.,1.));
#878 = DIRECTION('',(1.,0.,-0.));
#879 = ADVANCED_FACE('',(#880),#886,.F.);
#880 = FACE_BOUND('',#881,.F.);
#881 = EDGE_LOOP('',(#882,#883,#884,#885));
#882 = ORIENTED_EDGE('',*,*,#335,.T.);
#883 = ORIENTED_EDGE('',*,*,#357,.T.);
#884 = ORIENTED_EDGE('',*,*,#389,.F.);
#885 = ORIENTED_EDGE('',*,*,#405,.F.);
#886 = PLANE('',#887);
#887 = AXIS2_PLACEMENT_3D('',#888,#889,#890);
#888 = CARTESIAN_POINT('',(-1.3,0.8625,0.55));
#889 = DIRECTION('',(1.,0.,0.));
#890 = DIRECTION('',(0.,0.,1.));
#891 = ADVANCED_FACE('',(#892),#898,.F.);
#892 = FACE_BOUND('',#893,.F.);
#893 = EDGE_LOOP('',(#894,#895,#896,#897));
#894 = ORIENTED_EDGE('',*,*,#431,.T.);
#895 = ORIENTED_EDGE('',*,*,#453,.T.);
#896 = ORIENTED_EDGE('',*,*,#485,.F.);
#897 = ORIENTED_EDGE('',*,*,#501,.F.);
#898 = PLANE('',#899);
#899 = AXIS2_PLACEMENT_3D('',#900,#901,#902);
#900 = CARTESIAN_POINT('',(-1.3,0.2125,0.55));
#901 = DIRECTION('',(1.,0.,0.));
#902 = DIRECTION('',(0.,0.,1.));
#903 = ADVANCED_FACE('',(#904),#910,.F.);
#904 = FACE_BOUND('',#905,.F.);
#905 = EDGE_LOOP('',(#906,#907,#908,#909));
#906 = ORIENTED_EDGE('',*,*,#527,.T.);
#907 = ORIENTED_EDGE('',*,*,#549,.T.);
#908 = ORIENTED_EDGE('',*,*,#581,.F.);
#909 = ORIENTED_EDGE('',*,*,#597,.F.);
#910 = PLANE('',#911);
#911 = AXIS2_PLACEMENT_3D('',#912,#913,#914);
#912 = CARTESIAN_POINT('',(-1.3,-0.4375,0.55));
#913 = DIRECTION('',(1.,0.,0.));
#914 = DIRECTION('',(0.,0.,1.));
#915 = ADVANCED_FACE('',(#916),#922,.F.);
#916 = FACE_BOUND('',#917,.F.);
#917 = EDGE_LOOP('',(#918,#919,#920,#921));
#918 = ORIENTED_EDGE('',*,*,#623,.T.);
#919 = ORIENTED_EDGE('',*,*,#645,.T.);
#920 = ORIENTED_EDGE('',*,*,#677,.F.);
#921 = ORIENTED_EDGE('',*,*,#693,.F.);
#922 = PLANE('',#923);
#923 = AXIS2_PLACEMENT_3D('',#924,#925,#926);
#924 = CARTESIAN_POINT('',(-1.3,-1.0875,0.55));
#925 = DIRECTION('',(1.,0.,0.));
#926 = DIRECTION('',(0.,0.,1.));
#927 = ADVANCED_FACE('',(#928),#953,.T.);
#928 = FACE_BOUND('',#929,.T.);
#929 = EDGE_LOOP('',(#930,#931,#939,#947));
#930 = ORIENTED_EDGE('',*,*,#716,.T.);
#931 = ORIENTED_EDGE('',*,*,#932,.T.);
#932 = EDGE_CURVE('',#719,#933,#935,.T.);
#933 = VERTEX_POINT('',#934);
#934 = CARTESIAN_POINT('',(1.3,1.0875,0.55));
#935 = LINE('',#936,#937);
#936 = CARTESIAN_POINT('',(1.5,1.0875,0.55));
#937 = VECTOR('',#938,1.);
#938 = DIRECTION('',(-1.,0.,0.));
#939 = ORIENTED_EDGE('',*,*,#940,.F.);
#940 = EDGE_CURVE('',#941,#933,#943,.T.);
#941 = VERTEX_POINT('',#942);
#942 = CARTESIAN_POINT('',(1.3,0.8625,0.55));
#943 = LINE('',#944,#945);
#944 = CARTESIAN_POINT('',(1.3,0.8625,0.55));
#945 = VECTOR('',#946,1.);
#946 = DIRECTION('',(0.,1.,0.));
#947 = ORIENTED_EDGE('',*,*,#948,.F.);
#948 = EDGE_CURVE('',#717,#941,#949,.T.);
#949 = LINE('',#950,#951);
#950 = CARTESIAN_POINT('',(1.5,0.8625,0.55));
#951 = VECTOR('',#952,1.);
#952 = DIRECTION('',(-1.,0.,0.));
#953 = PLANE('',#954);
#954 = AXIS2_PLACEMENT_3D('',#955,#956,#957);
#955 = CARTESIAN_POINT('',(1.5,0.8625,0.55));
#956 = DIRECTION('',(0.,-0.,1.));
#957 = DIRECTION('',(-1.,0.,0.));
#958 = ADVANCED_FACE('',(#959),#977,.F.);
#959 = FACE_BOUND('',#960,.F.);
#960 = EDGE_LOOP('',(#961,#969,#975,#976));
#961 = ORIENTED_EDGE('',*,*,#962,.T.);
#962 = EDGE_CURVE('',#933,#963,#965,.T.);
#963 = VERTEX_POINT('',#964);
#964 = CARTESIAN_POINT('',(1.3,1.0875,0.7));
#965 = LINE('',#966,#967);
#966 = CARTESIAN_POINT('',(1.3,1.0875,0.55));
#967 = VECTOR('',#968,1.);
#968 = DIRECTION('',(0.,0.,1.));
#969 = ORIENTED_EDGE('',*,*,#970,.T.);
#970 = EDGE_CURVE('',#963,#735,#971,.T.);
#971 = LINE('',#972,#973);
#972 = CARTESIAN_POINT('',(1.3,1.0875,0.7));
#973 = VECTOR('',#974,1.);
#974 = DIRECTION('',(1.,0.,0.));
#975 = ORIENTED_EDGE('',*,*,#742,.F.);
#976 = ORIENTED_EDGE('',*,*,#932,.T.);
#977 = PLANE('',#978);
#978 = AXIS2_PLACEMENT_3D('',#979,#980,#981);
#979 = CARTESIAN_POINT('',(1.661406829253,1.0875,0.332203135947));
#980 = DIRECTION('',(0.,1.,0.));
#981 = DIRECTION('',(0.,-0.,1.));
#982 = ADVANCED_FACE('',(#983),#1001,.T.);
#983 = FACE_BOUND('',#984,.T.);
#984 = EDGE_LOOP('',(#985,#993,#999,#1000));
#985 = ORIENTED_EDGE('',*,*,#986,.F.);
#986 = EDGE_CURVE('',#987,#727,#989,.T.);
#987 = VERTEX_POINT('',#988);
#988 = CARTESIAN_POINT('',(1.3,0.8625,0.7));
#989 = LINE('',#990,#991);
#990 = CARTESIAN_POINT('',(1.3,0.8625,0.7));
#991 = VECTOR('',#992,1.);
#992 = DIRECTION('',(1.,0.,0.));
#993 = ORIENTED_EDGE('',*,*,#994,.T.);
#994 = EDGE_CURVE('',#987,#963,#995,.T.);
#995 = LINE('',#996,#997);
#996 = CARTESIAN_POINT('',(1.3,0.8625,0.7));
#997 = VECTOR('',#998,1.);
#998 = DIRECTION('',(0.,1.,0.));
#999 = ORIENTED_EDGE('',*,*,#970,.T.);
#1000 = ORIENTED_EDGE('',*,*,#734,.F.);
#1001 = PLANE('',#1002);
#1002 = AXIS2_PLACEMENT_3D('',#1003,#1004,#1005);
#1003 = CARTESIAN_POINT('',(1.3,0.8625,0.7));
#1004 = DIRECTION('',(0.,0.,-1.));
#1005 = DIRECTION('',(1.,0.,0.));
#1006 = ADVANCED_FACE('',(#1007),#1018,.T.);
#1007 = FACE_BOUND('',#1008,.T.);
#1008 = EDGE_LOOP('',(#1009,#1015,#1016,#1017));
#1009 = ORIENTED_EDGE('',*,*,#1010,.T.);
#1010 = EDGE_CURVE('',#941,#987,#1011,.T.);
#1011 = LINE('',#1012,#1013);
#1012 = CARTESIAN_POINT('',(1.3,0.8625,0.55));
#1013 = VECTOR('',#1014,1.);
#1014 = DIRECTION('',(0.,0.,1.));
#1015 = ORIENTED_EDGE('',*,*,#986,.T.);
#1016 = ORIENTED_EDGE('',*,*,#726,.F.);
#1017 = ORIENTED_EDGE('',*,*,#948,.T.);
#1018 = PLANE('',#1019);
#1019 = AXIS2_PLACEMENT_3D('',#1020,#1021,#1022);
#1020 = CARTESIAN_POINT('',(1.661406829253,0.8625,0.332203135947));
#1021 = DIRECTION('',(0.,1.,0.));
#1022 = DIRECTION('',(0.,-0.,1.));
#1023 = ADVANCED_FACE('',(#1024),#1049,.T.);
#1024 = FACE_BOUND('',#1025,.T.);
#1025 = EDGE_LOOP('',(#1026,#1027,#1035,#1043));
#1026 = ORIENTED_EDGE('',*,*,#750,.T.);
#1027 = ORIENTED_EDGE('',*,*,#1028,.T.);
#1028 = EDGE_CURVE('',#753,#1029,#1031,.T.);
#1029 = VERTEX_POINT('',#1030);
#1030 = CARTESIAN_POINT('',(1.3,0.4375,0.55));
#1031 = LINE('',#1032,#1033);
#1032 = CARTESIAN_POINT('',(1.5,0.4375,0.55));
#1033 = VECTOR('',#1034,1.);
#1034 = DIRECTION('',(-1.,0.,0.));
#1035 = ORIENTED_EDGE('',*,*,#1036,.F.);
#1036 = EDGE_CURVE('',#1037,#1029,#1039,.T.);
#1037 = VERTEX_POINT('',#1038);
#1038 = CARTESIAN_POINT('',(1.3,0.2125,0.55));
#1039 = LINE('',#1040,#1041);
#1040 = CARTESIAN_POINT('',(1.3,0.2125,0.55));
#1041 = VECTOR('',#1042,1.);
#1042 = DIRECTION('',(0.,1.,0.));
#1043 = ORIENTED_EDGE('',*,*,#1044,.F.);
#1044 = EDGE_CURVE('',#751,#1037,#1045,.T.);
#1045 = LINE('',#1046,#1047);
#1046 = CARTESIAN_POINT('',(1.5,0.2125,0.55));
#1047 = VECTOR('',#1048,1.);
#1048 = DIRECTION('',(-1.,0.,0.));
#1049 = PLANE('',#1050);
#1050 = AXIS2_PLACEMENT_3D('',#1051,#1052,#1053);
#1051 = CARTESIAN_POINT('',(1.5,0.2125,0.55));
#1052 = DIRECTION('',(0.,-0.,1.));
#1053 = DIRECTION('',(-1.,0.,0.));
#1054 = ADVANCED_FACE('',(#1055),#1073,.F.);
#1055 = FACE_BOUND('',#1056,.F.);
#1056 = EDGE_LOOP('',(#1057,#1065,#1071,#1072));
#1057 = ORIENTED_EDGE('',*,*,#1058,.T.);
#1058 = EDGE_CURVE('',#1029,#1059,#1061,.T.);
#1059 = VERTEX_POINT('',#1060);
#1060 = CARTESIAN_POINT('',(1.3,0.4375,0.7));
#1061 = LINE('',#1062,#1063);
#1062 = CARTESIAN_POINT('',(1.3,0.4375,0.55));
#1063 = VECTOR('',#1064,1.);
#1064 = DIRECTION('',(0.,0.,1.));
#1065 = ORIENTED_EDGE('',*,*,#1066,.T.);
#1066 = EDGE_CURVE('',#1059,#769,#1067,.T.);
#1067 = LINE('',#1068,#1069);
#1068 = CARTESIAN_POINT('',(1.3,0.4375,0.7));
#1069 = VECTOR('',#1070,1.);
#1070 = DIRECTION('',(1.,0.,0.));
#1071 = ORIENTED_EDGE('',*,*,#776,.F.);
#1072 = ORIENTED_EDGE('',*,*,#1028,.T.);
#1073 = PLANE('',#1074);
#1074 = AXIS2_PLACEMENT_3D('',#1075,#1076,#1077);
#1075 = CARTESIAN_POINT('',(1.661406829253,0.4375,0.332203135947));
#1076 = DIRECTION('',(0.,1.,0.));
#1077 = DIRECTION('',(0.,-0.,1.));
#1078 = ADVANCED_FACE('',(#1079),#1097,.T.);
#1079 = FACE_BOUND('',#1080,.T.);
#1080 = EDGE_LOOP('',(#1081,#1089,#1095,#1096));
#1081 = ORIENTED_EDGE('',*,*,#1082,.F.);
#1082 = EDGE_CURVE('',#1083,#761,#1085,.T.);
#1083 = VERTEX_POINT('',#1084);
#1084 = CARTESIAN_POINT('',(1.3,0.2125,0.7));
#1085 = LINE('',#1086,#1087);
#1086 = CARTESIAN_POINT('',(1.3,0.2125,0.7));
#1087 = VECTOR('',#1088,1.);
#1088 = DIRECTION('',(1.,0.,0.));
#1089 = ORIENTED_EDGE('',*,*,#1090,.T.);
#1090 = EDGE_CURVE('',#1083,#1059,#1091,.T.);
#1091 = LINE('',#1092,#1093);
#1092 = CARTESIAN_POINT('',(1.3,0.2125,0.7));
#1093 = VECTOR('',#1094,1.);
#1094 = DIRECTION('',(0.,1.,0.));
#1095 = ORIENTED_EDGE('',*,*,#1066,.T.);
#1096 = ORIENTED_EDGE('',*,*,#768,.F.);
#1097 = PLANE('',#1098);
#1098 = AXIS2_PLACEMENT_3D('',#1099,#1100,#1101);
#1099 = CARTESIAN_POINT('',(1.3,0.2125,0.7));
#1100 = DIRECTION('',(0.,0.,-1.));
#1101 = DIRECTION('',(1.,0.,0.));
#1102 = ADVANCED_FACE('',(#1103),#1114,.T.);
#1103 = FACE_BOUND('',#1104,.T.);
#1104 = EDGE_LOOP('',(#1105,#1111,#1112,#1113));
#1105 = ORIENTED_EDGE('',*,*,#1106,.T.);
#1106 = EDGE_CURVE('',#1037,#1083,#1107,.T.);
#1107 = LINE('',#1108,#1109);
#1108 = CARTESIAN_POINT('',(1.3,0.2125,0.55));
#1109 = VECTOR('',#1110,1.);
#1110 = DIRECTION('',(0.,0.,1.));
#1111 = ORIENTED_EDGE('',*,*,#1082,.T.);
#1112 = ORIENTED_EDGE('',*,*,#760,.F.);
#1113 = ORIENTED_EDGE('',*,*,#1044,.T.);
#1114 = PLANE('',#1115);
#1115 = AXIS2_PLACEMENT_3D('',#1116,#1117,#1118);
#1116 = CARTESIAN_POINT('',(1.661406829253,0.2125,0.332203135947));
#1117 = DIRECTION('',(0.,1.,0.));
#1118 = DIRECTION('',(0.,-0.,1.));
#1119 = ADVANCED_FACE('',(#1120),#1145,.T.);
#1120 = FACE_BOUND('',#1121,.T.);
#1121 = EDGE_LOOP('',(#1122,#1123,#1131,#1139));
#1122 = ORIENTED_EDGE('',*,*,#784,.T.);
#1123 = ORIENTED_EDGE('',*,*,#1124,.T.);
#1124 = EDGE_CURVE('',#787,#1125,#1127,.T.);
#1125 = VERTEX_POINT('',#1126);
#1126 = CARTESIAN_POINT('',(1.3,-0.2125,0.55));
#1127 = LINE('',#1128,#1129);
#1128 = CARTESIAN_POINT('',(1.5,-0.2125,0.55));
#1129 = VECTOR('',#1130,1.);
#1130 = DIRECTION('',(-1.,0.,0.));
#1131 = ORIENTED_EDGE('',*,*,#1132,.F.);
#1132 = EDGE_CURVE('',#1133,#1125,#1135,.T.);
#1133 = VERTEX_POINT('',#1134);
#1134 = CARTESIAN_POINT('',(1.3,-0.4375,0.55));
#1135 = LINE('',#1136,#1137);
#1136 = CARTESIAN_POINT('',(1.3,-0.4375,0.55));
#1137 = VECTOR('',#1138,1.);
#1138 = DIRECTION('',(0.,1.,0.));
#1139 = ORIENTED_EDGE('',*,*,#1140,.F.);
#1140 = EDGE_CURVE('',#785,#1133,#1141,.T.);
#1141 = LINE('',#1142,#1143);
#1142 = CARTESIAN_POINT('',(1.5,-0.4375,0.55));
#1143 = VECTOR('',#1144,1.);
#1144 = DIRECTION('',(-1.,0.,0.));
#1145 = PLANE('',#1146);
#1146 = AXIS2_PLACEMENT_3D('',#1147,#1148,#1149);
#1147 = CARTESIAN_POINT('',(1.5,-0.4375,0.55));
#1148 = DIRECTION('',(0.,-0.,1.));
#1149 = DIRECTION('',(-1.,0.,0.));
#1150 = ADVANCED_FACE('',(#1151),#1169,.F.);
#1151 = FACE_BOUND('',#1152,.F.);
#1152 = EDGE_LOOP('',(#1153,#1161,#1167,#1168));
#1153 = ORIENTED_EDGE('',*,*,#1154,.T.);
#1154 = EDGE_CURVE('',#1125,#1155,#1157,.T.);
#1155 = VERTEX_POINT('',#1156);
#1156 = CARTESIAN_POINT('',(1.3,-0.2125,0.7));
#1157 = LINE('',#1158,#1159);
#1158 = CARTESIAN_POINT('',(1.3,-0.2125,0.55));
#1159 = VECTOR('',#1160,1.);
#1160 = DIRECTION('',(0.,0.,1.));
#1161 = ORIENTED_EDGE('',*,*,#1162,.T.);
#1162 = EDGE_CURVE('',#1155,#803,#1163,.T.);
#1163 = LINE('',#1164,#1165);
#1164 = CARTESIAN_POINT('',(1.3,-0.2125,0.7));
#1165 = VECTOR('',#1166,1.);
#1166 = DIRECTION('',(1.,0.,0.));
#1167 = ORIENTED_EDGE('',*,*,#810,.F.);
#1168 = ORIENTED_EDGE('',*,*,#1124,.T.);
#1169 = PLANE('',#1170);
#1170 = AXIS2_PLACEMENT_3D('',#1171,#1172,#1173);
#1171 = CARTESIAN_POINT('',(1.661406829253,-0.2125,0.332203135947));
#1172 = DIRECTION('',(0.,1.,0.));
#1173 = DIRECTION('',(0.,-0.,1.));
#1174 = ADVANCED_FACE('',(#1175),#1193,.T.);
#1175 = FACE_BOUND('',#1176,.T.);
#1176 = EDGE_LOOP('',(#1177,#1185,#1191,#1192));
#1177 = ORIENTED_EDGE('',*,*,#1178,.F.);
#1178 = EDGE_CURVE('',#1179,#795,#1181,.T.);
#1179 = VERTEX_POINT('',#1180);
#1180 = CARTESIAN_POINT('',(1.3,-0.4375,0.7));
#1181 = LINE('',#1182,#1183);
#1182 = CARTESIAN_POINT('',(1.3,-0.4375,0.7));
#1183 = VECTOR('',#1184,1.);
#1184 = DIRECTION('',(1.,0.,0.));
#1185 = ORIENTED_EDGE('',*,*,#1186,.T.);
#1186 = EDGE_CURVE('',#1179,#1155,#1187,.T.);
#1187 = LINE('',#1188,#1189);
#1188 = CARTESIAN_POINT('',(1.3,-0.4375,0.7));
#1189 = VECTOR('',#1190,1.);
#1190 = DIRECTION('',(0.,1.,0.));
#1191 = ORIENTED_EDGE('',*,*,#1162,.T.);
#1192 = ORIENTED_EDGE('',*,*,#802,.F.);
#1193 = PLANE('',#1194);
#1194 = AXIS2_PLACEMENT_3D('',#1195,#1196,#1197);
#1195 = CARTESIAN_POINT('',(1.3,-0.4375,0.7));
#1196 = DIRECTION('',(0.,0.,-1.));
#1197 = DIRECTION('',(1.,0.,0.));
#1198 = ADVANCED_FACE('',(#1199),#1210,.T.);
#1199 = FACE_BOUND('',#1200,.T.);
#1200 = EDGE_LOOP('',(#1201,#1207,#1208,#1209));
#1201 = ORIENTED_EDGE('',*,*,#1202,.T.);
#1202 = EDGE_CURVE('',#1133,#1179,#1203,.T.);
#1203 = LINE('',#1204,#1205);
#1204 = CARTESIAN_POINT('',(1.3,-0.4375,0.55));
#1205 = VECTOR('',#1206,1.);
#1206 = DIRECTION('',(0.,0.,1.));
#1207 = ORIENTED_EDGE('',*,*,#1178,.T.);
#1208 = ORIENTED_EDGE('',*,*,#794,.F.);
#1209 = ORIENTED_EDGE('',*,*,#1140,.T.);
#1210 = PLANE('',#1211);
#1211 = AXIS2_PLACEMENT_3D('',#1212,#1213,#1214);
#1212 = CARTESIAN_POINT('',(1.661406829253,-0.4375,0.332203135947));
#1213 = DIRECTION('',(0.,1.,0.));
#1214 = DIRECTION('',(0.,-0.,1.));
#1215 = ADVANCED_FACE('',(#1216),#1241,.T.);
#1216 = FACE_BOUND('',#1217,.T.);
#1217 = EDGE_LOOP('',(#1218,#1219,#1227,#1235));
#1218 = ORIENTED_EDGE('',*,*,#818,.T.);
#1219 = ORIENTED_EDGE('',*,*,#1220,.T.);
#1220 = EDGE_CURVE('',#821,#1221,#1223,.T.);
#1221 = VERTEX_POINT('',#1222);
#1222 = CARTESIAN_POINT('',(1.3,-0.8625,0.55));
#1223 = LINE('',#1224,#1225);
#1224 = CARTESIAN_POINT('',(1.5,-0.8625,0.55));
#1225 = VECTOR('',#1226,1.);
#1226 = DIRECTION('',(-1.,0.,0.));
#1227 = ORIENTED_EDGE('',*,*,#1228,.F.);
#1228 = EDGE_CURVE('',#1229,#1221,#1231,.T.);
#1229 = VERTEX_POINT('',#1230);
#1230 = CARTESIAN_POINT('',(1.3,-1.0875,0.55));
#1231 = LINE('',#1232,#1233);
#1232 = CARTESIAN_POINT('',(1.3,-1.0875,0.55));
#1233 = VECTOR('',#1234,1.);
#1234 = DIRECTION('',(0.,1.,0.));
#1235 = ORIENTED_EDGE('',*,*,#1236,.F.);
#1236 = EDGE_CURVE('',#819,#1229,#1237,.T.);
#1237 = LINE('',#1238,#1239);
#1238 = CARTESIAN_POINT('',(1.5,-1.0875,0.55));
#1239 = VECTOR('',#1240,1.);
#1240 = DIRECTION('',(-1.,0.,0.));
#1241 = PLANE('',#1242);
#1242 = AXIS2_PLACEMENT_3D('',#1243,#1244,#1245);
#1243 = CARTESIAN_POINT('',(1.5,-1.0875,0.55));
#1244 = DIRECTION('',(0.,-0.,1.));
#1245 = DIRECTION('',(-1.,0.,0.));
#1246 = ADVANCED_FACE('',(#1247),#1265,.F.);
#1247 = FACE_BOUND('',#1248,.F.);
#1248 = EDGE_LOOP('',(#1249,#1257,#1263,#1264));
#1249 = ORIENTED_EDGE('',*,*,#1250,.T.);
#1250 = EDGE_CURVE('',#1221,#1251,#1253,.T.);
#1251 = VERTEX_POINT('',#1252);
#1252 = CARTESIAN_POINT('',(1.3,-0.8625,0.7));
#1253 = LINE('',#1254,#1255);
#1254 = CARTESIAN_POINT('',(1.3,-0.8625,0.55));
#1255 = VECTOR('',#1256,1.);
#1256 = DIRECTION('',(0.,0.,1.));
#1257 = ORIENTED_EDGE('',*,*,#1258,.T.);
#1258 = EDGE_CURVE('',#1251,#837,#1259,.T.);
#1259 = LINE('',#1260,#1261);
#1260 = CARTESIAN_POINT('',(1.3,-0.8625,0.7));
#1261 = VECTOR('',#1262,1.);
#1262 = DIRECTION('',(1.,0.,0.));
#1263 = ORIENTED_EDGE('',*,*,#844,.F.);
#1264 = ORIENTED_EDGE('',*,*,#1220,.T.);
#1265 = PLANE('',#1266);
#1266 = AXIS2_PLACEMENT_3D('',#1267,#1268,#1269);
#1267 = CARTESIAN_POINT('',(1.661406829253,-0.8625,0.332203135947));
#1268 = DIRECTION('',(0.,1.,0.));
#1269 = DIRECTION('',(0.,-0.,1.));
#1270 = ADVANCED_FACE('',(#1271),#1289,.T.);
#1271 = FACE_BOUND('',#1272,.T.);
#1272 = EDGE_LOOP('',(#1273,#1281,#1287,#1288));
#1273 = ORIENTED_EDGE('',*,*,#1274,.F.);
#1274 = EDGE_CURVE('',#1275,#829,#1277,.T.);
#1275 = VERTEX_POINT('',#1276);
#1276 = CARTESIAN_POINT('',(1.3,-1.0875,0.7));
#1277 = LINE('',#1278,#1279);
#1278 = CARTESIAN_POINT('',(1.3,-1.0875,0.7));
#1279 = VECTOR('',#1280,1.);
#1280 = DIRECTION('',(1.,0.,0.));
#1281 = ORIENTED_EDGE('',*,*,#1282,.T.);
#1282 = EDGE_CURVE('',#1275,#1251,#1283,.T.);
#1283 = LINE('',#1284,#1285);
#1284 = CARTESIAN_POINT('',(1.3,-1.0875,0.7));
#1285 = VECTOR('',#1286,1.);
#1286 = DIRECTION('',(0.,1.,0.));
#1287 = ORIENTED_EDGE('',*,*,#1258,.T.);
#1288 = ORIENTED_EDGE('',*,*,#836,.F.);
#1289 = PLANE('',#1290);
#1290 = AXIS2_PLACEMENT_3D('',#1291,#1292,#1293);
#1291 = CARTESIAN_POINT('',(1.3,-1.0875,0.7));
#1292 = DIRECTION('',(0.,0.,-1.));
#1293 = DIRECTION('',(1.,0.,0.));
#1294 = ADVANCED_FACE('',(#1295),#1306,.T.);
#1295 = FACE_BOUND('',#1296,.T.);
#1296 = EDGE_LOOP('',(#1297,#1303,#1304,#1305));
#1297 = ORIENTED_EDGE('',*,*,#1298,.T.);
#1298 = EDGE_CURVE('',#1229,#1275,#1299,.T.);
#1299 = LINE('',#1300,#1301);
#1300 = CARTESIAN_POINT('',(1.3,-1.0875,0.55));
#1301 = VECTOR('',#1302,1.);
#1302 = DIRECTION('',(0.,0.,1.));
#1303 = ORIENTED_EDGE('',*,*,#1274,.T.);
#1304 = ORIENTED_EDGE('',*,*,#828,.F.);
#1305 = ORIENTED_EDGE('',*,*,#1236,.T.);
#1306 = PLANE('',#1307);
#1307 = AXIS2_PLACEMENT_3D('',#1308,#1309,#1310);
#1308 = CARTESIAN_POINT('',(1.661406829253,-1.0875,0.332203135947));
#1309 = DIRECTION('',(0.,1.,0.));
#1310 = DIRECTION('',(0.,-0.,1.));
#1311 = ADVANCED_FACE('',(#1312),#1315,.T.);
#1312 = FACE_BOUND('',#1313,.F.);
#1313 = EDGE_LOOP('',(#1314));
#1314 = ORIENTED_EDGE('',*,*,#867,.F.);
#1315 = PLANE('',#1316);
#1316 = AXIS2_PLACEMENT_3D('',#1317,#1318,#1319);
#1317 = CARTESIAN_POINT('',(-0.85,0.85,1.1));
#1318 = DIRECTION('',(0.,0.,1.));
#1319 = DIRECTION('',(1.,0.,-0.));
#1320 = ADVANCED_FACE('',(#1321),#1327,.T.);
#1321 = FACE_BOUND('',#1322,.T.);
#1322 = EDGE_LOOP('',(#1323,#1324,#1325,#1326));
#1323 = ORIENTED_EDGE('',*,*,#940,.T.);
#1324 = ORIENTED_EDGE('',*,*,#962,.T.);
#1325 = ORIENTED_EDGE('',*,*,#994,.F.);
#1326 = ORIENTED_EDGE('',*,*,#1010,.F.);
#1327 = PLANE('',#1328);
#1328 = AXIS2_PLACEMENT_3D('',#1329,#1330,#1331);
#1329 = CARTESIAN_POINT('',(1.3,0.8625,0.55));
#1330 = DIRECTION('',(1.,0.,0.));
#1331 = DIRECTION('',(0.,0.,1.));
#1332 = ADVANCED_FACE('',(#1333),#1339,.T.);
#1333 = FACE_BOUND('',#1334,.T.);
#1334 = EDGE_LOOP('',(#1335,#1336,#1337,#1338));
#1335 = ORIENTED_EDGE('',*,*,#1036,.T.);
#1336 = ORIENTED_EDGE('',*,*,#1058,.T.);
#1337 = ORIENTED_EDGE('',*,*,#1090,.F.);
#1338 = ORIENTED_EDGE('',*,*,#1106,.F.);
#1339 = PLANE('',#1340);
#1340 = AXIS2_PLACEMENT_3D('',#1341,#1342,#1343);
#1341 = CARTESIAN_POINT('',(1.3,0.2125,0.55));
#1342 = DIRECTION('',(1.,0.,0.));
#1343 = DIRECTION('',(0.,0.,1.));
#1344 = ADVANCED_FACE('',(#1345),#1351,.T.);
#1345 = FACE_BOUND('',#1346,.T.);
#1346 = EDGE_LOOP('',(#1347,#1348,#1349,#1350));
#1347 = ORIENTED_EDGE('',*,*,#1132,.T.);
#1348 = ORIENTED_EDGE('',*,*,#1154,.T.);
#1349 = ORIENTED_EDGE('',*,*,#1186,.F.);
#1350 = ORIENTED_EDGE('',*,*,#1202,.F.);
#1351 = PLANE('',#1352);
#1352 = AXIS2_PLACEMENT_3D('',#1353,#1354,#1355);
#1353 = CARTESIAN_POINT('',(1.3,-0.4375,0.55));
#1354 = DIRECTION('',(1.,0.,0.));
#1355 = DIRECTION('',(0.,0.,1.));
#1356 = ADVANCED_FACE('',(#1357),#1363,.T.);
#1357 = FACE_BOUND('',#1358,.T.);
#1358 = EDGE_LOOP('',(#1359,#1360,#1361,#1362));
#1359 = ORIENTED_EDGE('',*,*,#1228,.T.);
#1360 = ORIENTED_EDGE('',*,*,#1250,.T.);
#1361 = ORIENTED_EDGE('',*,*,#1282,.F.);
#1362 = ORIENTED_EDGE('',*,*,#1298,.F.);
#1363 = PLANE('',#1364);
#1364 = AXIS2_PLACEMENT_3D('',#1365,#1366,#1367);
#1365 = CARTESIAN_POINT('',(1.3,-1.0875,0.55));
#1366 = DIRECTION('',(1.,0.,0.));
#1367 = DIRECTION('',(0.,0.,1.));
#1368 = ( GEOMETRIC_REPRESENTATION_CONTEXT(3) 
GLOBAL_UNCERTAINTY_ASSIGNED_CONTEXT((#1372)) 
GLOBAL_UNIT_ASSIGNED_CONTEXT((#1369,#1370,#1371)) REPRESENTATION_CONTEXT
('Context #1','3D Context with UNIT and UNCERTAINTY') );
#1369 = ( LENGTH_UNIT() NAMED_UNIT(*) SI_UNIT(.MILLI.,.METRE.) );
#1370 = ( NAMED_UNIT(*) PLANE_ANGLE_UNIT() SI_UNIT($,.RADIAN.) );
#1371 = ( NAMED_UNIT(*) SI_UNIT($,.STERADIAN.) SOLID_ANGLE_UNIT() );
#1372 = UNCERTAINTY_MEASURE_WITH_UNIT(LENGTH_MEASURE(1.E-07),#1369,
  'distance_accuracy_value','confusion accuracy');
#1373 = CONTEXT_DEPENDENT_SHAPE_REPRESENTATION(#1374,#1376);
#1374 = ( REPRESENTATION_RELATIONSHIP('','',#36,#10) 
REPRESENTATION_RELATIONSHIP_WITH_TRANSFORMATION(#1375) 
SHAPE_REPRESENTATION_RELATIONSHIP() );
#1375 = ITEM_DEFINED_TRANSFORMATION('','',#11,#15);
#1376 = PRODUCT_DEFINITION_SHAPE('Placement','Placement of an item',
  #1377);
#1377 = NEXT_ASSEMBLY_USAGE_OCCURRENCE('1','body','',#5,#31,$);
#1378 = PRODUCT_RELATED_PRODUCT_CATEGORY('part',$,(#33));
#1379 = SHAPE_DEFINITION_REPRESENTATION(#1380,#1386);
#1380 = PRODUCT_DEFINITION_SHAPE('','',#1381);
#1381 = PRODUCT_DEFINITION('design','',#1382,#1385);
#1382 = PRODUCT_DEFINITION_FORMATION('','',#1383);
#1383 = PRODUCT('leads','leads','',(#1384));
#1384 = PRODUCT_CONTEXT('',#2,'mechanical');
#1385 = PRODUCT_DEFINITION_CONTEXT('part definition',#2,'design');
#1386 = SHAPE_REPRESENTATION('',(#11,#1387,#1669,#1951,#2233,#2515,#2797
    ,#3079,#3361),#3643);
#1387 = MANIFOLD_SOLID_BREP('',#1388);
#1388 = CLOSED_SHELL('',(#1389,#1429,#1460,#1491,#1522,#1553,#1584,#1615
    ,#1637,#1653));
#1389 = ADVANCED_FACE('',(#1390),#1424,.T.);
#1390 = FACE_BOUND('',#1391,.T.);
#1391 = EDGE_LOOP('',(#1392,#1402,#1410,#1418));
#1392 = ORIENTED_EDGE('',*,*,#1393,.T.);
#1393 = EDGE_CURVE('',#1394,#1396,#1398,.T.);
#1394 = VERTEX_POINT('',#1395);
#1395 = CARTESIAN_POINT('',(-1.3,0.8625,0.7));
#1396 = VERTEX_POINT('',#1397);
#1397 = CARTESIAN_POINT('',(-1.3,1.0875,0.7));
#1398 = LINE('',#1399,#1400);
#1399 = CARTESIAN_POINT('',(-1.3,0.8625,0.7));
#1400 = VECTOR('',#1401,1.);
#1401 = DIRECTION('',(0.,1.,0.));
#1402 = ORIENTED_EDGE('',*,*,#1403,.T.);
#1403 = EDGE_CURVE('',#1396,#1404,#1406,.T.);
#1404 = VERTEX_POINT('',#1405);
#1405 = CARTESIAN_POINT('',(-1.61456937615,1.0875,0.7));
#1406 = LINE('',#1407,#1408);
#1407 = CARTESIAN_POINT('',(-1.3,1.0875,0.7));
#1408 = VECTOR('',#1409,1.);
#1409 = DIRECTION('',(-1.,0.,0.));
#1410 = ORIENTED_EDGE('',*,*,#1411,.F.);
#1411 = EDGE_CURVE('',#1412,#1404,#1414,.T.);
#1412 = VERTEX_POINT('',#1413);
#1413 = CARTESIAN_POINT('',(-1.61456937615,0.8625,0.7));
#1414 = LINE('',#1415,#1416);
#1415 = CARTESIAN_POINT('',(-1.61456937615,0.8625,0.7));
#1416 = VECTOR('',#1417,1.);
#1417 = DIRECTION('',(0.,1.,0.));
#1418 = ORIENTED_EDGE('',*,*,#1419,.F.);
#1419 = EDGE_CURVE('',#1394,#1412,#1420,.T.);
#1420 = LINE('',#1421,#1422);
#1421 = CARTESIAN_POINT('',(-1.3,0.8625,0.7));
#1422 = VECTOR('',#1423,1.);
#1423 = DIRECTION('',(-1.,0.,0.));
#1424 = PLANE('',#1425);
#1425 = AXIS2_PLACEMENT_3D('',#1426,#1427,#1428);
#1426 = CARTESIAN_POINT('',(-1.3,0.8625,0.7));
#1427 = DIRECTION('',(0.,-0.,1.));
#1428 = DIRECTION('',(-1.,0.,0.));
#1429 = ADVANCED_FACE('',(#1430),#1455,.T.);
#1430 = FACE_BOUND('',#1431,.T.);
#1431 = EDGE_LOOP('',(#1432,#1433,#1441,#1449));
#1432 = ORIENTED_EDGE('',*,*,#1411,.T.);
#1433 = ORIENTED_EDGE('',*,*,#1434,.T.);
#1434 = EDGE_CURVE('',#1404,#1435,#1437,.T.);
#1435 = VERTEX_POINT('',#1436);
#1436 = CARTESIAN_POINT('',(-1.76456937615,1.0875,0.15));
#1437 = LINE('',#1438,#1439);
#1438 = CARTESIAN_POINT('',(-1.61456937615,1.0875,0.7));
#1439 = VECTOR('',#1440,1.);
#1440 = DIRECTION('',(-0.263117405792,0.,-0.964763821238));
#1441 = ORIENTED_EDGE('',*,*,#1442,.F.);
#1442 = EDGE_CURVE('',#1443,#1435,#1445,.T.);
#1443 = VERTEX_POINT('',#1444);
#1444 = CARTESIAN_POINT('',(-1.76456937615,0.8625,0.15));
#1445 = LINE('',#1446,#1447);
#1446 = CARTESIAN_POINT('',(-1.76456937615,0.8625,0.15));
#1447 = VECTOR('',#1448,1.);
#1448 = DIRECTION('',(0.,1.,0.));
#1449 = ORIENTED_EDGE('',*,*,#1450,.F.);
#1450 = EDGE_CURVE('',#1412,#1443,#1451,.T.);
#1451 = LINE('',#1452,#1453);
#1452 = CARTESIAN_POINT('',(-1.61456937615,0.8625,0.7));
#1453 = VECTOR('',#1454,1.);
#1454 = DIRECTION('',(-0.263117405792,0.,-0.964763821238));
#1455 = PLANE('',#1456);
#1456 = AXIS2_PLACEMENT_3D('',#1457,#1458,#1459);
#1457 = CARTESIAN_POINT('',(-1.61456937615,0.8625,0.7));
#1458 = DIRECTION('',(-0.964763821238,0.,0.263117405792));
#1459 = DIRECTION('',(-0.263117405792,0.,-0.964763821238));
#1460 = ADVANCED_FACE('',(#1461),#1486,.T.);
#1461 = FACE_BOUND('',#1462,.T.);
#1462 = EDGE_LOOP('',(#1463,#1464,#1472,#1480));
#1463 = ORIENTED_EDGE('',*,*,#1442,.T.);
#1464 = ORIENTED_EDGE('',*,*,#1465,.T.);
#1465 = EDGE_CURVE('',#1435,#1466,#1468,.T.);
#1466 = VERTEX_POINT('',#1467);
#1467 = CARTESIAN_POINT('',(-2.05,1.0875,0.15));
#1468 = LINE('',#1469,#1470);
#1469 = CARTESIAN_POINT('',(-1.76456937615,1.0875,0.15));
#1470 = VECTOR('',#1471,1.);
#1471 = DIRECTION('',(-1.,0.,0.));
#1472 = ORIENTED_EDGE('',*,*,#1473,.F.);
#1473 = EDGE_CURVE('',#1474,#1466,#1476,.T.);
#1474 = VERTEX_POINT('',#1475);
#1475 = CARTESIAN_POINT('',(-2.05,0.8625,0.15));
#1476 = LINE('',#1477,#1478);
#1477 = CARTESIAN_POINT('',(-2.05,0.8625,0.15));
#1478 = VECTOR('',#1479,1.);
#1479 = DIRECTION('',(0.,1.,0.));
#1480 = ORIENTED_EDGE('',*,*,#1481,.F.);
#1481 = EDGE_CURVE('',#1443,#1474,#1482,.T.);
#1482 = LINE('',#1483,#1484);
#1483 = CARTESIAN_POINT('',(-1.76456937615,0.8625,0.15));
#1484 = VECTOR('',#1485,1.);
#1485 = DIRECTION('',(-1.,0.,0.));
#1486 = PLANE('',#1487);
#1487 = AXIS2_PLACEMENT_3D('',#1488,#1489,#1490);
#1488 = CARTESIAN_POINT('',(-1.76456937615,0.8625,0.15));
#1489 = DIRECTION('',(0.,-0.,1.));
#1490 = DIRECTION('',(-1.,0.,0.));
#1491 = ADVANCED_FACE('',(#1492),#1517,.T.);
#1492 = FACE_BOUND('',#1493,.T.);
#1493 = EDGE_LOOP('',(#1494,#1495,#1503,#1511));
#1494 = ORIENTED_EDGE('',*,*,#1473,.T.);
#1495 = ORIENTED_EDGE('',*,*,#1496,.T.);
#1496 = EDGE_CURVE('',#1466,#1497,#1499,.T.);
#1497 = VERTEX_POINT('',#1498);
#1498 = CARTESIAN_POINT('',(-2.05,1.0875,0.));
#1499 = LINE('',#1500,#1501);
#1500 = CARTESIAN_POINT('',(-2.05,1.0875,0.15));
#1501 = VECTOR('',#1502,1.);
#1502 = DIRECTION('',(0.,0.,-1.));
#1503 = ORIENTED_EDGE('',*,*,#1504,.F.);
#1504 = EDGE_CURVE('',#1505,#1497,#1507,.T.);
#1505 = VERTEX_POINT('',#1506);
#1506 = CARTESIAN_POINT('',(-2.05,0.8625,0.));
#1507 = LINE('',#1508,#1509);
#1508 = CARTESIAN_POINT('',(-2.05,0.8625,0.));
#1509 = VECTOR('',#1510,1.);
#1510 = DIRECTION('',(0.,1.,0.));
#1511 = ORIENTED_EDGE('',*,*,#1512,.F.);
#1512 = EDGE_CURVE('',#1474,#1505,#1513,.T.);
#1513 = LINE('',#1514,#1515);
#1514 = CARTESIAN_POINT('',(-2.05,0.8625,0.15));
#1515 = VECTOR('',#1516,1.);
#1516 = DIRECTION('',(0.,0.,-1.));
#1517 = PLANE('',#1518);
#1518 = AXIS2_PLACEMENT_3D('',#1519,#1520,#1521);
#1519 = CARTESIAN_POINT('',(-2.05,0.8625,0.15));
#1520 = DIRECTION('',(-1.,0.,0.));
#1521 = DIRECTION('',(0.,0.,-1.));
#1522 = ADVANCED_FACE('',(#1523),#1548,.T.);
#1523 = FACE_BOUND('',#1524,.T.);
#1524 = EDGE_LOOP('',(#1525,#1526,#1534,#1542));
#1525 = ORIENTED_EDGE('',*,*,#1504,.T.);
#1526 = ORIENTED_EDGE('',*,*,#1527,.T.);
#1527 = EDGE_CURVE('',#1497,#1528,#1530,.T.);
#1528 = VERTEX_POINT('',#1529);
#1529 = CARTESIAN_POINT('',(-1.65,1.0875,0.));
#1530 = LINE('',#1531,#1532);
#1531 = CARTESIAN_POINT('',(-2.05,1.0875,0.));
#1532 = VECTOR('',#1533,1.);
#1533 = DIRECTION('',(1.,0.,0.));
#1534 = ORIENTED_EDGE('',*,*,#1535,.F.);
#1535 = EDGE_CURVE('',#1536,#1528,#1538,.T.);
#1536 = VERTEX_POINT('',#1537);
#1537 = CARTESIAN_POINT('',(-1.65,0.8625,0.));
#1538 = LINE('',#1539,#1540);
#1539 = CARTESIAN_POINT('',(-1.65,0.8625,0.));
#1540 = VECTOR('',#1541,1.);
#1541 = DIRECTION('',(0.,1.,0.));
#1542 = ORIENTED_EDGE('',*,*,#1543,.F.);
#1543 = EDGE_CURVE('',#1505,#1536,#1544,.T.);
#1544 = LINE('',#1545,#1546);
#1545 = CARTESIAN_POINT('',(-2.05,0.8625,0.));
#1546 = VECTOR('',#1547,1.);
#1547 = DIRECTION('',(1.,0.,0.));
#1548 = PLANE('',#1549);
#1549 = AXIS2_PLACEMENT_3D('',#1550,#1551,#1552);
#1550 = CARTESIAN_POINT('',(-2.05,0.8625,0.));
#1551 = DIRECTION('',(0.,0.,-1.));
#1552 = DIRECTION('',(1.,0.,0.));
#1553 = ADVANCED_FACE('',(#1554),#1579,.T.);
#1554 = FACE_BOUND('',#1555,.T.);
#1555 = EDGE_LOOP('',(#1556,#1557,#1565,#1573));
#1556 = ORIENTED_EDGE('',*,*,#1535,.T.);
#1557 = ORIENTED_EDGE('',*,*,#1558,.T.);
#1558 = EDGE_CURVE('',#1528,#1559,#1561,.T.);
#1559 = VERTEX_POINT('',#1560);
#1560 = CARTESIAN_POINT('',(-1.5,1.0875,0.55));
#1561 = LINE('',#1562,#1563);
#1562 = CARTESIAN_POINT('',(-1.65,1.0875,0.));
#1563 = VECTOR('',#1564,1.);
#1564 = DIRECTION('',(0.263117405792,0.,0.964763821238));
#1565 = ORIENTED_EDGE('',*,*,#1566,.F.);
#1566 = EDGE_CURVE('',#1567,#1559,#1569,.T.);
#1567 = VERTEX_POINT('',#1568);
#1568 = CARTESIAN_POINT('',(-1.5,0.8625,0.55));
#1569 = LINE('',#1570,#1571);
#1570 = CARTESIAN_POINT('',(-1.5,0.8625,0.55));
#1571 = VECTOR('',#1572,1.);
#1572 = DIRECTION('',(0.,1.,0.));
#1573 = ORIENTED_EDGE('',*,*,#1574,.F.);
#1574 = EDGE_CURVE('',#1536,#1567,#1575,.T.);
#1575 = LINE('',#1576,#1577);
#1576 = CARTESIAN_POINT('',(-1.65,0.8625,0.));
#1577 = VECTOR('',#1578,1.);
#1578 = DIRECTION('',(0.263117405792,0.,0.964763821238));
#1579 = PLANE('',#1580);
#1580 = AXIS2_PLACEMENT_3D('',#1581,#1582,#1583);
#1581 = CARTESIAN_POINT('',(-1.65,0.8625,0.));
#1582 = DIRECTION('',(0.964763821238,0.,-0.263117405792));
#1583 = DIRECTION('',(0.263117405792,0.,0.964763821238));
#1584 = ADVANCED_FACE('',(#1585),#1610,.T.);
#1585 = FACE_BOUND('',#1586,.T.);
#1586 = EDGE_LOOP('',(#1587,#1588,#1596,#1604));
#1587 = ORIENTED_EDGE('',*,*,#1566,.T.);
#1588 = ORIENTED_EDGE('',*,*,#1589,.T.);
#1589 = EDGE_CURVE('',#1559,#1590,#1592,.T.);
#1590 = VERTEX_POINT('',#1591);
#1591 = CARTESIAN_POINT('',(-1.3,1.0875,0.55));
#1592 = LINE('',#1593,#1594);
#1593 = CARTESIAN_POINT('',(-1.5,1.0875,0.55));
#1594 = VECTOR('',#1595,1.);
#1595 = DIRECTION('',(1.,0.,0.));
#1596 = ORIENTED_EDGE('',*,*,#1597,.F.);
#1597 = EDGE_CURVE('',#1598,#1590,#1600,.T.);
#1598 = VERTEX_POINT('',#1599);
#1599 = CARTESIAN_POINT('',(-1.3,0.8625,0.55));
#1600 = LINE('',#1601,#1602);
#1601 = CARTESIAN_POINT('',(-1.3,0.8625,0.55));
#1602 = VECTOR('',#1603,1.);
#1603 = DIRECTION('',(0.,1.,0.));
#1604 = ORIENTED_EDGE('',*,*,#1605,.F.);
#1605 = EDGE_CURVE('',#1567,#1598,#1606,.T.);
#1606 = LINE('',#1607,#1608);
#1607 = CARTESIAN_POINT('',(-1.5,0.8625,0.55));
#1608 = VECTOR('',#1609,1.);
#1609 = DIRECTION('',(1.,0.,0.));
#1610 = PLANE('',#1611);
#1611 = AXIS2_PLACEMENT_3D('',#1612,#1613,#1614);
#1612 = CARTESIAN_POINT('',(-1.5,0.8625,0.55));
#1613 = DIRECTION('',(0.,0.,-1.));
#1614 = DIRECTION('',(1.,0.,0.));
#1615 = ADVANCED_FACE('',(#1616),#1632,.T.);
#1616 = FACE_BOUND('',#1617,.T.);
#1617 = EDGE_LOOP('',(#1618,#1619,#1625,#1626));
#1618 = ORIENTED_EDGE('',*,*,#1597,.T.);
#1619 = ORIENTED_EDGE('',*,*,#1620,.T.);
#1620 = EDGE_CURVE('',#1590,#1396,#1621,.T.);
#1621 = LINE('',#1622,#1623);
#1622 = CARTESIAN_POINT('',(-1.3,1.0875,0.55));
#1623 = VECTOR('',#1624,1.);
#1624 = DIRECTION('',(0.,0.,1.));
#1625 = ORIENTED_EDGE('',*,*,#1393,.F.);
#1626 = ORIENTED_EDGE('',*,*,#1627,.F.);
#1627 = EDGE_CURVE('',#1598,#1394,#1628,.T.);
#1628 = LINE('',#1629,#1630);
#1629 = CARTESIAN_POINT('',(-1.3,0.8625,0.55));
#1630 = VECTOR('',#1631,1.);
#1631 = DIRECTION('',(0.,0.,1.));
#1632 = PLANE('',#1633);
#1633 = AXIS2_PLACEMENT_3D('',#1634,#1635,#1636);
#1634 = CARTESIAN_POINT('',(-1.3,0.8625,0.55));
#1635 = DIRECTION('',(1.,0.,0.));
#1636 = DIRECTION('',(0.,0.,1.));
#1637 = ADVANCED_FACE('',(#1638),#1648,.T.);
#1638 = FACE_BOUND('',#1639,.T.);
#1639 = EDGE_LOOP('',(#1640,#1641,#1642,#1643,#1644,#1645,#1646,#1647));
#1640 = ORIENTED_EDGE('',*,*,#1419,.T.);
#1641 = ORIENTED_EDGE('',*,*,#1450,.T.);
#1642 = ORIENTED_EDGE('',*,*,#1481,.T.);
#1643 = ORIENTED_EDGE('',*,*,#1512,.T.);
#1644 = ORIENTED_EDGE('',*,*,#1543,.T.);
#1645 = ORIENTED_EDGE('',*,*,#1574,.T.);
#1646 = ORIENTED_EDGE('',*,*,#1605,.T.);
#1647 = ORIENTED_EDGE('',*,*,#1627,.T.);
#1648 = PLANE('',#1649);
#1649 = AXIS2_PLACEMENT_3D('',#1650,#1651,#1652);
#1650 = CARTESIAN_POINT('',(-1.661406829253,0.8625,0.332203135947));
#1651 = DIRECTION('',(-0.,-1.,-0.));
#1652 = DIRECTION('',(0.,0.,-1.));
#1653 = ADVANCED_FACE('',(#1654),#1664,.F.);
#1654 = FACE_BOUND('',#1655,.F.);
#1655 = EDGE_LOOP('',(#1656,#1657,#1658,#1659,#1660,#1661,#1662,#1663));
#1656 = ORIENTED_EDGE('',*,*,#1403,.T.);
#1657 = ORIENTED_EDGE('',*,*,#1434,.T.);
#1658 = ORIENTED_EDGE('',*,*,#1465,.T.);
#1659 = ORIENTED_EDGE('',*,*,#1496,.T.);
#1660 = ORIENTED_EDGE('',*,*,#1527,.T.);
#1661 = ORIENTED_EDGE('',*,*,#1558,.T.);
#1662 = ORIENTED_EDGE('',*,*,#1589,.T.);
#1663 = ORIENTED_EDGE('',*,*,#1620,.T.);
#1664 = PLANE('',#1665);
#1665 = AXIS2_PLACEMENT_3D('',#1666,#1667,#1668);
#1666 = CARTESIAN_POINT('',(-1.661406829253,1.0875,0.332203135947));
#1667 = DIRECTION('',(-0.,-1.,-0.));
#1668 = DIRECTION('',(0.,0.,-1.));
#1669 = MANIFOLD_SOLID_BREP('',#1670);
#1670 = CLOSED_SHELL('',(#1671,#1711,#1742,#1773,#1804,#1835,#1866,#1897
    ,#1919,#1935));
#1671 = ADVANCED_FACE('',(#1672),#1706,.T.);
#1672 = FACE_BOUND('',#1673,.T.);
#1673 = EDGE_LOOP('',(#1674,#1684,#1692,#1700));
#1674 = ORIENTED_EDGE('',*,*,#1675,.T.);
#1675 = EDGE_CURVE('',#1676,#1678,#1680,.T.);
#1676 = VERTEX_POINT('',#1677);
#1677 = CARTESIAN_POINT('',(-1.3,0.2125,0.7));
#1678 = VERTEX_POINT('',#1679);
#1679 = CARTESIAN_POINT('',(-1.3,0.4375,0.7));
#1680 = LINE('',#1681,#1682);
#1681 = CARTESIAN_POINT('',(-1.3,0.2125,0.7));
#1682 = VECTOR('',#1683,1.);
#1683 = DIRECTION('',(0.,1.,0.));
#1684 = ORIENTED_EDGE('',*,*,#1685,.T.);
#1685 = EDGE_CURVE('',#1678,#1686,#1688,.T.);
#1686 = VERTEX_POINT('',#1687);
#1687 = CARTESIAN_POINT('',(-1.61456937615,0.4375,0.7));
#1688 = LINE('',#1689,#1690);
#1689 = CARTESIAN_POINT('',(-1.3,0.4375,0.7));
#1690 = VECTOR('',#1691,1.);
#1691 = DIRECTION('',(-1.,0.,0.));
#1692 = ORIENTED_EDGE('',*,*,#1693,.F.);
#1693 = EDGE_CURVE('',#1694,#1686,#1696,.T.);
#1694 = VERTEX_POINT('',#1695);
#1695 = CARTESIAN_POINT('',(-1.61456937615,0.2125,0.7));
#1696 = LINE('',#1697,#1698);
#1697 = CARTESIAN_POINT('',(-1.61456937615,0.2125,0.7));
#1698 = VECTOR('',#1699,1.);
#1699 = DIRECTION('',(0.,1.,0.));
#1700 = ORIENTED_EDGE('',*,*,#1701,.F.);
#1701 = EDGE_CURVE('',#1676,#1694,#1702,.T.);
#1702 = LINE('',#1703,#1704);
#1703 = CARTESIAN_POINT('',(-1.3,0.2125,0.7));
#1704 = VECTOR('',#1705,1.);
#1705 = DIRECTION('',(-1.,0.,0.));
#1706 = PLANE('',#1707);
#1707 = AXIS2_PLACEMENT_3D('',#1708,#1709,#1710);
#1708 = CARTESIAN_POINT('',(-1.3,0.2125,0.7));
#1709 = DIRECTION('',(0.,-0.,1.));
#1710 = DIRECTION('',(-1.,0.,0.));
#1711 = ADVANCED_FACE('',(#1712),#1737,.T.);
#1712 = FACE_BOUND('',#1713,.T.);
#1713 = EDGE_LOOP('',(#1714,#1715,#1723,#1731));
#1714 = ORIENTED_EDGE('',*,*,#1693,.T.);
#1715 = ORIENTED_EDGE('',*,*,#1716,.T.);
#1716 = EDGE_CURVE('',#1686,#1717,#1719,.T.);
#1717 = VERTEX_POINT('',#1718);
#1718 = CARTESIAN_POINT('',(-1.76456937615,0.4375,0.15));
#1719 = LINE('',#1720,#1721);
#1720 = CARTESIAN_POINT('',(-1.61456937615,0.4375,0.7));
#1721 = VECTOR('',#1722,1.);
#1722 = DIRECTION('',(-0.263117405792,0.,-0.964763821238));
#1723 = ORIENTED_EDGE('',*,*,#1724,.F.);
#1724 = EDGE_CURVE('',#1725,#1717,#1727,.T.);
#1725 = VERTEX_POINT('',#1726);
#1726 = CARTESIAN_POINT('',(-1.76456937615,0.2125,0.15));
#1727 = LINE('',#1728,#1729);
#1728 = CARTESIAN_POINT('',(-1.76456937615,0.2125,0.15));
#1729 = VECTOR('',#1730,1.);
#1730 = DIRECTION('',(0.,1.,0.));
#1731 = ORIENTED_EDGE('',*,*,#1732,.F.);
#1732 = EDGE_CURVE('',#1694,#1725,#1733,.T.);
#1733 = LINE('',#1734,#1735);
#1734 = CARTESIAN_POINT('',(-1.61456937615,0.2125,0.7));
#1735 = VECTOR('',#1736,1.);
#1736 = DIRECTION('',(-0.263117405792,0.,-0.964763821238));
#1737 = PLANE('',#1738);
#1738 = AXIS2_PLACEMENT_3D('',#1739,#1740,#1741);
#1739 = CARTESIAN_POINT('',(-1.61456937615,0.2125,0.7));
#1740 = DIRECTION('',(-0.964763821238,0.,0.263117405792));
#1741 = DIRECTION('',(-0.263117405792,0.,-0.964763821238));
#1742 = ADVANCED_FACE('',(#1743),#1768,.T.);
#1743 = FACE_BOUND('',#1744,.T.);
#1744 = EDGE_LOOP('',(#1745,#1746,#1754,#1762));
#1745 = ORIENTED_EDGE('',*,*,#1724,.T.);
#1746 = ORIENTED_EDGE('',*,*,#1747,.T.);
#1747 = EDGE_CURVE('',#1717,#1748,#1750,.T.);
#1748 = VERTEX_POINT('',#1749);
#1749 = CARTESIAN_POINT('',(-2.05,0.4375,0.15));
#1750 = LINE('',#1751,#1752);
#1751 = CARTESIAN_POINT('',(-1.76456937615,0.4375,0.15));
#1752 = VECTOR('',#1753,1.);
#1753 = DIRECTION('',(-1.,0.,0.));
#1754 = ORIENTED_EDGE('',*,*,#1755,.F.);
#1755 = EDGE_CURVE('',#1756,#1748,#1758,.T.);
#1756 = VERTEX_POINT('',#1757);
#1757 = CARTESIAN_POINT('',(-2.05,0.2125,0.15));
#1758 = LINE('',#1759,#1760);
#1759 = CARTESIAN_POINT('',(-2.05,0.2125,0.15));
#1760 = VECTOR('',#1761,1.);
#1761 = DIRECTION('',(0.,1.,0.));
#1762 = ORIENTED_EDGE('',*,*,#1763,.F.);
#1763 = EDGE_CURVE('',#1725,#1756,#1764,.T.);
#1764 = LINE('',#1765,#1766);
#1765 = CARTESIAN_POINT('',(-1.76456937615,0.2125,0.15));
#1766 = VECTOR('',#1767,1.);
#1767 = DIRECTION('',(-1.,0.,0.));
#1768 = PLANE('',#1769);
#1769 = AXIS2_PLACEMENT_3D('',#1770,#1771,#1772);
#1770 = CARTESIAN_POINT('',(-1.76456937615,0.2125,0.15));
#1771 = DIRECTION('',(0.,-0.,1.));
#1772 = DIRECTION('',(-1.,0.,0.));
#1773 = ADVANCED_FACE('',(#1774),#1799,.T.);
#1774 = FACE_BOUND('',#1775,.T.);
#1775 = EDGE_LOOP('',(#1776,#1777,#1785,#1793));
#1776 = ORIENTED_EDGE('',*,*,#1755,.T.);
#1777 = ORIENTED_EDGE('',*,*,#1778,.T.);
#1778 = EDGE_CURVE('',#1748,#1779,#1781,.T.);
#1779 = VERTEX_POINT('',#1780);
#1780 = CARTESIAN_POINT('',(-2.05,0.4375,0.));
#1781 = LINE('',#1782,#1783);
#1782 = CARTESIAN_POINT('',(-2.05,0.4375,0.15));
#1783 = VECTOR('',#1784,1.);
#1784 = DIRECTION('',(0.,0.,-1.));
#1785 = ORIENTED_EDGE('',*,*,#1786,.F.);
#1786 = EDGE_CURVE('',#1787,#1779,#1789,.T.);
#1787 = VERTEX_POINT('',#1788);
#1788 = CARTESIAN_POINT('',(-2.05,0.2125,0.));
#1789 = LINE('',#1790,#1791);
#1790 = CARTESIAN_POINT('',(-2.05,0.2125,0.));
#1791 = VECTOR('',#1792,1.);
#1792 = DIRECTION('',(0.,1.,0.));
#1793 = ORIENTED_EDGE('',*,*,#1794,.F.);
#1794 = EDGE_CURVE('',#1756,#1787,#1795,.T.);
#1795 = LINE('',#1796,#1797);
#1796 = CARTESIAN_POINT('',(-2.05,0.2125,0.15));
#1797 = VECTOR('',#1798,1.);
#1798 = DIRECTION('',(0.,0.,-1.));
#1799 = PLANE('',#1800);
#1800 = AXIS2_PLACEMENT_3D('',#1801,#1802,#1803);
#1801 = CARTESIAN_POINT('',(-2.05,0.2125,0.15));
#1802 = DIRECTION('',(-1.,0.,0.));
#1803 = DIRECTION('',(0.,0.,-1.));
#1804 = ADVANCED_FACE('',(#1805),#1830,.T.);
#1805 = FACE_BOUND('',#1806,.T.);
#1806 = EDGE_LOOP('',(#1807,#1808,#1816,#1824));
#1807 = ORIENTED_EDGE('',*,*,#1786,.T.);
#1808 = ORIENTED_EDGE('',*,*,#1809,.T.);
#1809 = EDGE_CURVE('',#1779,#1810,#1812,.T.);
#1810 = VERTEX_POINT('',#1811);
#1811 = CARTESIAN_POINT('',(-1.65,0.4375,0.));
#1812 = LINE('',#1813,#1814);
#1813 = CARTESIAN_POINT('',(-2.05,0.4375,0.));
#1814 = VECTOR('',#1815,1.);
#1815 = DIRECTION('',(1.,0.,0.));
#1816 = ORIENTED_EDGE('',*,*,#1817,.F.);
#1817 = EDGE_CURVE('',#1818,#1810,#1820,.T.);
#1818 = VERTEX_POINT('',#1819);
#1819 = CARTESIAN_POINT('',(-1.65,0.2125,0.));
#1820 = LINE('',#1821,#1822);
#1821 = CARTESIAN_POINT('',(-1.65,0.2125,0.));
#1822 = VECTOR('',#1823,1.);
#1823 = DIRECTION('',(0.,1.,0.));
#1824 = ORIENTED_EDGE('',*,*,#1825,.F.);
#1825 = EDGE_CURVE('',#1787,#1818,#1826,.T.);
#1826 = LINE('',#1827,#1828);
#1827 = CARTESIAN_POINT('',(-2.05,0.2125,0.));
#1828 = VECTOR('',#1829,1.);
#1829 = DIRECTION('',(1.,0.,0.));
#1830 = PLANE('',#1831);
#1831 = AXIS2_PLACEMENT_3D('',#1832,#1833,#1834);
#1832 = CARTESIAN_POINT('',(-2.05,0.2125,0.));
#1833 = DIRECTION('',(0.,0.,-1.));
#1834 = DIRECTION('',(1.,0.,0.));
#1835 = ADVANCED_FACE('',(#1836),#1861,.T.);
#1836 = FACE_BOUND('',#1837,.T.);
#1837 = EDGE_LOOP('',(#1838,#1839,#1847,#1855));
#1838 = ORIENTED_EDGE('',*,*,#1817,.T.);
#1839 = ORIENTED_EDGE('',*,*,#1840,.T.);
#1840 = EDGE_CURVE('',#1810,#1841,#1843,.T.);
#1841 = VERTEX_POINT('',#1842);
#1842 = CARTESIAN_POINT('',(-1.5,0.4375,0.55));
#1843 = LINE('',#1844,#1845);
#1844 = CARTESIAN_POINT('',(-1.65,0.4375,0.));
#1845 = VECTOR('',#1846,1.);
#1846 = DIRECTION('',(0.263117405792,0.,0.964763821238));
#1847 = ORIENTED_EDGE('',*,*,#1848,.F.);
#1848 = EDGE_CURVE('',#1849,#1841,#1851,.T.);
#1849 = VERTEX_POINT('',#1850);
#1850 = CARTESIAN_POINT('',(-1.5,0.2125,0.55));
#1851 = LINE('',#1852,#1853);
#1852 = CARTESIAN_POINT('',(-1.5,0.2125,0.55));
#1853 = VECTOR('',#1854,1.);
#1854 = DIRECTION('',(0.,1.,0.));
#1855 = ORIENTED_EDGE('',*,*,#1856,.F.);
#1856 = EDGE_CURVE('',#1818,#1849,#1857,.T.);
#1857 = LINE('',#1858,#1859);
#1858 = CARTESIAN_POINT('',(-1.65,0.2125,0.));
#1859 = VECTOR('',#1860,1.);
#1860 = DIRECTION('',(0.263117405792,0.,0.964763821238));
#1861 = PLANE('',#1862);
#1862 = AXIS2_PLACEMENT_3D('',#1863,#1864,#1865);
#1863 = CARTESIAN_POINT('',(-1.65,0.2125,0.));
#1864 = DIRECTION('',(0.964763821238,0.,-0.263117405792));
#1865 = DIRECTION('',(0.263117405792,0.,0.964763821238));
#1866 = ADVANCED_FACE('',(#1867),#1892,.T.);
#1867 = FACE_BOUND('',#1868,.T.);
#1868 = EDGE_LOOP('',(#1869,#1870,#1878,#1886));
#1869 = ORIENTED_EDGE('',*,*,#1848,.T.);
#1870 = ORIENTED_EDGE('',*,*,#1871,.T.);
#1871 = EDGE_CURVE('',#1841,#1872,#1874,.T.);
#1872 = VERTEX_POINT('',#1873);
#1873 = CARTESIAN_POINT('',(-1.3,0.4375,0.55));
#1874 = LINE('',#1875,#1876);
#1875 = CARTESIAN_POINT('',(-1.5,0.4375,0.55));
#1876 = VECTOR('',#1877,1.);
#1877 = DIRECTION('',(1.,0.,0.));
#1878 = ORIENTED_EDGE('',*,*,#1879,.F.);
#1879 = EDGE_CURVE('',#1880,#1872,#1882,.T.);
#1880 = VERTEX_POINT('',#1881);
#1881 = CARTESIAN_POINT('',(-1.3,0.2125,0.55));
#1882 = LINE('',#1883,#1884);
#1883 = CARTESIAN_POINT('',(-1.3,0.2125,0.55));
#1884 = VECTOR('',#1885,1.);
#1885 = DIRECTION('',(0.,1.,0.));
#1886 = ORIENTED_EDGE('',*,*,#1887,.F.);
#1887 = EDGE_CURVE('',#1849,#1880,#1888,.T.);
#1888 = LINE('',#1889,#1890);
#1889 = CARTESIAN_POINT('',(-1.5,0.2125,0.55));
#1890 = VECTOR('',#1891,1.);
#1891 = DIRECTION('',(1.,0.,0.));
#1892 = PLANE('',#1893);
#1893 = AXIS2_PLACEMENT_3D('',#1894,#1895,#1896);
#1894 = CARTESIAN_POINT('',(-1.5,0.2125,0.55));
#1895 = DIRECTION('',(0.,0.,-1.));
#1896 = DIRECTION('',(1.,0.,0.));
#1897 = ADVANCED_FACE('',(#1898),#1914,.T.);
#1898 = FACE_BOUND('',#1899,.T.);
#1899 = EDGE_LOOP('',(#1900,#1901,#1907,#1908));
#1900 = ORIENTED_EDGE('',*,*,#1879,.T.);
#1901 = ORIENTED_EDGE('',*,*,#1902,.T.);
#1902 = EDGE_CURVE('',#1872,#1678,#1903,.T.);
#1903 = LINE('',#1904,#1905);
#1904 = CARTESIAN_POINT('',(-1.3,0.4375,0.55));
#1905 = VECTOR('',#1906,1.);
#1906 = DIRECTION('',(0.,0.,1.));
#1907 = ORIENTED_EDGE('',*,*,#1675,.F.);
#1908 = ORIENTED_EDGE('',*,*,#1909,.F.);
#1909 = EDGE_CURVE('',#1880,#1676,#1910,.T.);
#1910 = LINE('',#1911,#1912);
#1911 = CARTESIAN_POINT('',(-1.3,0.2125,0.55));
#1912 = VECTOR('',#1913,1.);
#1913 = DIRECTION('',(0.,0.,1.));
#1914 = PLANE('',#1915);
#1915 = AXIS2_PLACEMENT_3D('',#1916,#1917,#1918);
#1916 = CARTESIAN_POINT('',(-1.3,0.2125,0.55));
#1917 = DIRECTION('',(1.,0.,0.));
#1918 = DIRECTION('',(0.,0.,1.));
#1919 = ADVANCED_FACE('',(#1920),#1930,.T.);
#1920 = FACE_BOUND('',#1921,.T.);
#1921 = EDGE_LOOP('',(#1922,#1923,#1924,#1925,#1926,#1927,#1928,#1929));
#1922 = ORIENTED_EDGE('',*,*,#1701,.T.);
#1923 = ORIENTED_EDGE('',*,*,#1732,.T.);
#1924 = ORIENTED_EDGE('',*,*,#1763,.T.);
#1925 = ORIENTED_EDGE('',*,*,#1794,.T.);
#1926 = ORIENTED_EDGE('',*,*,#1825,.T.);
#1927 = ORIENTED_EDGE('',*,*,#1856,.T.);
#1928 = ORIENTED_EDGE('',*,*,#1887,.T.);
#1929 = ORIENTED_EDGE('',*,*,#1909,.T.);
#1930 = PLANE('',#1931);
#1931 = AXIS2_PLACEMENT_3D('',#1932,#1933,#1934);
#1932 = CARTESIAN_POINT('',(-1.661406829253,0.2125,0.332203135947));
#1933 = DIRECTION('',(-0.,-1.,-0.));
#1934 = DIRECTION('',(0.,0.,-1.));
#1935 = ADVANCED_FACE('',(#1936),#1946,.F.);
#1936 = FACE_BOUND('',#1937,.F.);
#1937 = EDGE_LOOP('',(#1938,#1939,#1940,#1941,#1942,#1943,#1944,#1945));
#1938 = ORIENTED_EDGE('',*,*,#1685,.T.);
#1939 = ORIENTED_EDGE('',*,*,#1716,.T.);
#1940 = ORIENTED_EDGE('',*,*,#1747,.T.);
#1941 = ORIENTED_EDGE('',*,*,#1778,.T.);
#1942 = ORIENTED_EDGE('',*,*,#1809,.T.);
#1943 = ORIENTED_EDGE('',*,*,#1840,.T.);
#1944 = ORIENTED_EDGE('',*,*,#1871,.T.);
#1945 = ORIENTED_EDGE('',*,*,#1902,.T.);
#1946 = PLANE('',#1947);
#1947 = AXIS2_PLACEMENT_3D('',#1948,#1949,#1950);
#1948 = CARTESIAN_POINT('',(-1.661406829253,0.4375,0.332203135947));
#1949 = DIRECTION('',(-0.,-1.,-0.));
#1950 = DIRECTION('',(0.,0.,-1.));
#1951 = MANIFOLD_SOLID_BREP('',#1952);
#1952 = CLOSED_SHELL('',(#1953,#1993,#2024,#2055,#2086,#2117,#2148,#2179
    ,#2201,#2217));
#1953 = ADVANCED_FACE('',(#1954),#1988,.T.);
#1954 = FACE_BOUND('',#1955,.T.);
#1955 = EDGE_LOOP('',(#1956,#1966,#1974,#1982));
#1956 = ORIENTED_EDGE('',*,*,#1957,.T.);
#1957 = EDGE_CURVE('',#1958,#1960,#1962,.T.);
#1958 = VERTEX_POINT('',#1959);
#1959 = CARTESIAN_POINT('',(-1.3,-0.4375,0.7));
#1960 = VERTEX_POINT('',#1961);
#1961 = CARTESIAN_POINT('',(-1.3,-0.2125,0.7));
#1962 = LINE('',#1963,#1964);
#1963 = CARTESIAN_POINT('',(-1.3,-0.4375,0.7));
#1964 = VECTOR('',#1965,1.);
#1965 = DIRECTION('',(0.,1.,0.));
#1966 = ORIENTED_EDGE('',*,*,#1967,.T.);
#1967 = EDGE_CURVE('',#1960,#1968,#1970,.T.);
#1968 = VERTEX_POINT('',#1969);
#1969 = CARTESIAN_POINT('',(-1.61456937615,-0.2125,0.7));
#1970 = LINE('',#1971,#1972);
#1971 = CARTESIAN_POINT('',(-1.3,-0.2125,0.7));
#1972 = VECTOR('',#1973,1.);
#1973 = DIRECTION('',(-1.,0.,0.));
#1974 = ORIENTED_EDGE('',*,*,#1975,.F.);
#1975 = EDGE_CURVE('',#1976,#1968,#1978,.T.);
#1976 = VERTEX_POINT('',#1977);
#1977 = CARTESIAN_POINT('',(-1.61456937615,-0.4375,0.7));
#1978 = LINE('',#1979,#1980);
#1979 = CARTESIAN_POINT('',(-1.61456937615,-0.4375,0.7));
#1980 = VECTOR('',#1981,1.);
#1981 = DIRECTION('',(0.,1.,0.));
#1982 = ORIENTED_EDGE('',*,*,#1983,.F.);
#1983 = EDGE_CURVE('',#1958,#1976,#1984,.T.);
#1984 = LINE('',#1985,#1986);
#1985 = CARTESIAN_POINT('',(-1.3,-0.4375,0.7));
#1986 = VECTOR('',#1987,1.);
#1987 = DIRECTION('',(-1.,0.,0.));
#1988 = PLANE('',#1989);
#1989 = AXIS2_PLACEMENT_3D('',#1990,#1991,#1992);
#1990 = CARTESIAN_POINT('',(-1.3,-0.4375,0.7));
#1991 = DIRECTION('',(0.,-0.,1.));
#1992 = DIRECTION('',(-1.,0.,0.));
#1993 = ADVANCED_FACE('',(#1994),#2019,.T.);
#1994 = FACE_BOUND('',#1995,.T.);
#1995 = EDGE_LOOP('',(#1996,#1997,#2005,#2013));
#1996 = ORIENTED_EDGE('',*,*,#1975,.T.);
#1997 = ORIENTED_EDGE('',*,*,#1998,.T.);
#1998 = EDGE_CURVE('',#1968,#1999,#2001,.T.);
#1999 = VERTEX_POINT('',#2000);
#2000 = CARTESIAN_POINT('',(-1.76456937615,-0.2125,0.15));
#2001 = LINE('',#2002,#2003);
#2002 = CARTESIAN_POINT('',(-1.61456937615,-0.2125,0.7));
#2003 = VECTOR('',#2004,1.);
#2004 = DIRECTION('',(-0.263117405792,0.,-0.964763821238));
#2005 = ORIENTED_EDGE('',*,*,#2006,.F.);
#2006 = EDGE_CURVE('',#2007,#1999,#2009,.T.);
#2007 = VERTEX_POINT('',#2008);
#2008 = CARTESIAN_POINT('',(-1.76456937615,-0.4375,0.15));
#2009 = LINE('',#2010,#2011);
#2010 = CARTESIAN_POINT('',(-1.76456937615,-0.4375,0.15));
#2011 = VECTOR('',#2012,1.);
#2012 = DIRECTION('',(0.,1.,0.));
#2013 = ORIENTED_EDGE('',*,*,#2014,.F.);
#2014 = EDGE_CURVE('',#1976,#2007,#2015,.T.);
#2015 = LINE('',#2016,#2017);
#2016 = CARTESIAN_POINT('',(-1.61456937615,-0.4375,0.7));
#2017 = VECTOR('',#2018,1.);
#2018 = DIRECTION('',(-0.263117405792,0.,-0.964763821238));
#2019 = PLANE('',#2020);
#2020 = AXIS2_PLACEMENT_3D('',#2021,#2022,#2023);
#2021 = CARTESIAN_POINT('',(-1.61456937615,-0.4375,0.7));
#2022 = DIRECTION('',(-0.964763821238,0.,0.263117405792));
#2023 = DIRECTION('',(-0.263117405792,0.,-0.964763821238));
#2024 = ADVANCED_FACE('',(#2025),#2050,.T.);
#2025 = FACE_BOUND('',#2026,.T.);
#2026 = EDGE_LOOP('',(#2027,#2028,#2036,#2044));
#2027 = ORIENTED_EDGE('',*,*,#2006,.T.);
#2028 = ORIENTED_EDGE('',*,*,#2029,.T.);
#2029 = EDGE_CURVE('',#1999,#2030,#2032,.T.);
#2030 = VERTEX_POINT('',#2031);
#2031 = CARTESIAN_POINT('',(-2.05,-0.2125,0.15));
#2032 = LINE('',#2033,#2034);
#2033 = CARTESIAN_POINT('',(-1.76456937615,-0.2125,0.15));
#2034 = VECTOR('',#2035,1.);
#2035 = DIRECTION('',(-1.,0.,0.));
#2036 = ORIENTED_EDGE('',*,*,#2037,.F.);
#2037 = EDGE_CURVE('',#2038,#2030,#2040,.T.);
#2038 = VERTEX_POINT('',#2039);
#2039 = CARTESIAN_POINT('',(-2.05,-0.4375,0.15));
#2040 = LINE('',#2041,#2042);
#2041 = CARTESIAN_POINT('',(-2.05,-0.4375,0.15));
#2042 = VECTOR('',#2043,1.);
#2043 = DIRECTION('',(0.,1.,0.));
#2044 = ORIENTED_EDGE('',*,*,#2045,.F.);
#2045 = EDGE_CURVE('',#2007,#2038,#2046,.T.);
#2046 = LINE('',#2047,#2048);
#2047 = CARTESIAN_POINT('',(-1.76456937615,-0.4375,0.15));
#2048 = VECTOR('',#2049,1.);
#2049 = DIRECTION('',(-1.,0.,0.));
#2050 = PLANE('',#2051);
#2051 = AXIS2_PLACEMENT_3D('',#2052,#2053,#2054);
#2052 = CARTESIAN_POINT('',(-1.76456937615,-0.4375,0.15));
#2053 = DIRECTION('',(0.,-0.,1.));
#2054 = DIRECTION('',(-1.,0.,0.));
#2055 = ADVANCED_FACE('',(#2056),#2081,.T.);
#2056 = FACE_BOUND('',#2057,.T.);
#2057 = EDGE_LOOP('',(#2058,#2059,#2067,#2075));
#2058 = ORIENTED_EDGE('',*,*,#2037,.T.);
#2059 = ORIENTED_EDGE('',*,*,#2060,.T.);
#2060 = EDGE_CURVE('',#2030,#2061,#2063,.T.);
#2061 = VERTEX_POINT('',#2062);
#2062 = CARTESIAN_POINT('',(-2.05,-0.2125,0.));
#2063 = LINE('',#2064,#2065);
#2064 = CARTESIAN_POINT('',(-2.05,-0.2125,0.15));
#2065 = VECTOR('',#2066,1.);
#2066 = DIRECTION('',(0.,0.,-1.));
#2067 = ORIENTED_EDGE('',*,*,#2068,.F.);
#2068 = EDGE_CURVE('',#2069,#2061,#2071,.T.);
#2069 = VERTEX_POINT('',#2070);
#2070 = CARTESIAN_POINT('',(-2.05,-0.4375,0.));
#2071 = LINE('',#2072,#2073);
#2072 = CARTESIAN_POINT('',(-2.05,-0.4375,0.));
#2073 = VECTOR('',#2074,1.);
#2074 = DIRECTION('',(0.,1.,0.));
#2075 = ORIENTED_EDGE('',*,*,#2076,.F.);
#2076 = EDGE_CURVE('',#2038,#2069,#2077,.T.);
#2077 = LINE('',#2078,#2079);
#2078 = CARTESIAN_POINT('',(-2.05,-0.4375,0.15));
#2079 = VECTOR('',#2080,1.);
#2080 = DIRECTION('',(0.,0.,-1.));
#2081 = PLANE('',#2082);
#2082 = AXIS2_PLACEMENT_3D('',#2083,#2084,#2085);
#2083 = CARTESIAN_POINT('',(-2.05,-0.4375,0.15));
#2084 = DIRECTION('',(-1.,0.,0.));
#2085 = DIRECTION('',(0.,0.,-1.));
#2086 = ADVANCED_FACE('',(#2087),#2112,.T.);
#2087 = FACE_BOUND('',#2088,.T.);
#2088 = EDGE_LOOP('',(#2089,#2090,#2098,#2106));
#2089 = ORIENTED_EDGE('',*,*,#2068,.T.);
#2090 = ORIENTED_EDGE('',*,*,#2091,.T.);
#2091 = EDGE_CURVE('',#2061,#2092,#2094,.T.);
#2092 = VERTEX_POINT('',#2093);
#2093 = CARTESIAN_POINT('',(-1.65,-0.2125,0.));
#2094 = LINE('',#2095,#2096);
#2095 = CARTESIAN_POINT('',(-2.05,-0.2125,0.));
#2096 = VECTOR('',#2097,1.);
#2097 = DIRECTION('',(1.,0.,0.));
#2098 = ORIENTED_EDGE('',*,*,#2099,.F.);
#2099 = EDGE_CURVE('',#2100,#2092,#2102,.T.);
#2100 = VERTEX_POINT('',#2101);
#2101 = CARTESIAN_POINT('',(-1.65,-0.4375,0.));
#2102 = LINE('',#2103,#2104);
#2103 = CARTESIAN_POINT('',(-1.65,-0.4375,0.));
#2104 = VECTOR('',#2105,1.);
#2105 = DIRECTION('',(0.,1.,0.));
#2106 = ORIENTED_EDGE('',*,*,#2107,.F.);
#2107 = EDGE_CURVE('',#2069,#2100,#2108,.T.);
#2108 = LINE('',#2109,#2110);
#2109 = CARTESIAN_POINT('',(-2.05,-0.4375,0.));
#2110 = VECTOR('',#2111,1.);
#2111 = DIRECTION('',(1.,0.,0.));
#2112 = PLANE('',#2113);
#2113 = AXIS2_PLACEMENT_3D('',#2114,#2115,#2116);
#2114 = CARTESIAN_POINT('',(-2.05,-0.4375,0.));
#2115 = DIRECTION('',(0.,0.,-1.));
#2116 = DIRECTION('',(1.,0.,0.));
#2117 = ADVANCED_FACE('',(#2118),#2143,.T.);
#2118 = FACE_BOUND('',#2119,.T.);
#2119 = EDGE_LOOP('',(#2120,#2121,#2129,#2137));
#2120 = ORIENTED_EDGE('',*,*,#2099,.T.);
#2121 = ORIENTED_EDGE('',*,*,#2122,.T.);
#2122 = EDGE_CURVE('',#2092,#2123,#2125,.T.);
#2123 = VERTEX_POINT('',#2124);
#2124 = CARTESIAN_POINT('',(-1.5,-0.2125,0.55));
#2125 = LINE('',#2126,#2127);
#2126 = CARTESIAN_POINT('',(-1.65,-0.2125,0.));
#2127 = VECTOR('',#2128,1.);
#2128 = DIRECTION('',(0.263117405792,0.,0.964763821238));
#2129 = ORIENTED_EDGE('',*,*,#2130,.F.);
#2130 = EDGE_CURVE('',#2131,#2123,#2133,.T.);
#2131 = VERTEX_POINT('',#2132);
#2132 = CARTESIAN_POINT('',(-1.5,-0.4375,0.55));
#2133 = LINE('',#2134,#2135);
#2134 = CARTESIAN_POINT('',(-1.5,-0.4375,0.55));
#2135 = VECTOR('',#2136,1.);
#2136 = DIRECTION('',(0.,1.,0.));
#2137 = ORIENTED_EDGE('',*,*,#2138,.F.);
#2138 = EDGE_CURVE('',#2100,#2131,#2139,.T.);
#2139 = LINE('',#2140,#2141);
#2140 = CARTESIAN_POINT('',(-1.65,-0.4375,0.));
#2141 = VECTOR('',#2142,1.);
#2142 = DIRECTION('',(0.263117405792,0.,0.964763821238));
#2143 = PLANE('',#2144);
#2144 = AXIS2_PLACEMENT_3D('',#2145,#2146,#2147);
#2145 = CARTESIAN_POINT('',(-1.65,-0.4375,0.));
#2146 = DIRECTION('',(0.964763821238,0.,-0.263117405792));
#2147 = DIRECTION('',(0.263117405792,0.,0.964763821238));
#2148 = ADVANCED_FACE('',(#2149),#2174,.T.);
#2149 = FACE_BOUND('',#2150,.T.);
#2150 = EDGE_LOOP('',(#2151,#2152,#2160,#2168));
#2151 = ORIENTED_EDGE('',*,*,#2130,.T.);
#2152 = ORIENTED_EDGE('',*,*,#2153,.T.);
#2153 = EDGE_CURVE('',#2123,#2154,#2156,.T.);
#2154 = VERTEX_POINT('',#2155);
#2155 = CARTESIAN_POINT('',(-1.3,-0.2125,0.55));
#2156 = LINE('',#2157,#2158);
#2157 = CARTESIAN_POINT('',(-1.5,-0.2125,0.55));
#2158 = VECTOR('',#2159,1.);
#2159 = DIRECTION('',(1.,0.,0.));
#2160 = ORIENTED_EDGE('',*,*,#2161,.F.);
#2161 = EDGE_CURVE('',#2162,#2154,#2164,.T.);
#2162 = VERTEX_POINT('',#2163);
#2163 = CARTESIAN_POINT('',(-1.3,-0.4375,0.55));
#2164 = LINE('',#2165,#2166);
#2165 = CARTESIAN_POINT('',(-1.3,-0.4375,0.55));
#2166 = VECTOR('',#2167,1.);
#2167 = DIRECTION('',(0.,1.,0.));
#2168 = ORIENTED_EDGE('',*,*,#2169,.F.);
#2169 = EDGE_CURVE('',#2131,#2162,#2170,.T.);
#2170 = LINE('',#2171,#2172);
#2171 = CARTESIAN_POINT('',(-1.5,-0.4375,0.55));
#2172 = VECTOR('',#2173,1.);
#2173 = DIRECTION('',(1.,0.,0.));
#2174 = PLANE('',#2175);
#2175 = AXIS2_PLACEMENT_3D('',#2176,#2177,#2178);
#2176 = CARTESIAN_POINT('',(-1.5,-0.4375,0.55));
#2177 = DIRECTION('',(0.,0.,-1.));
#2178 = DIRECTION('',(1.,0.,0.));
#2179 = ADVANCED_FACE('',(#2180),#2196,.T.);
#2180 = FACE_BOUND('',#2181,.T.);
#2181 = EDGE_LOOP('',(#2182,#2183,#2189,#2190));
#2182 = ORIENTED_EDGE('',*,*,#2161,.T.);
#2183 = ORIENTED_EDGE('',*,*,#2184,.T.);
#2184 = EDGE_CURVE('',#2154,#1960,#2185,.T.);
#2185 = LINE('',#2186,#2187);
#2186 = CARTESIAN_POINT('',(-1.3,-0.2125,0.55));
#2187 = VECTOR('',#2188,1.);
#2188 = DIRECTION('',(0.,0.,1.));
#2189 = ORIENTED_EDGE('',*,*,#1957,.F.);
#2190 = ORIENTED_EDGE('',*,*,#2191,.F.);
#2191 = EDGE_CURVE('',#2162,#1958,#2192,.T.);
#2192 = LINE('',#2193,#2194);
#2193 = CARTESIAN_POINT('',(-1.3,-0.4375,0.55));
#2194 = VECTOR('',#2195,1.);
#2195 = DIRECTION('',(0.,0.,1.));
#2196 = PLANE('',#2197);
#2197 = AXIS2_PLACEMENT_3D('',#2198,#2199,#2200);
#2198 = CARTESIAN_POINT('',(-1.3,-0.4375,0.55));
#2199 = DIRECTION('',(1.,0.,0.));
#2200 = DIRECTION('',(0.,0.,1.));
#2201 = ADVANCED_FACE('',(#2202),#2212,.T.);
#2202 = FACE_BOUND('',#2203,.T.);
#2203 = EDGE_LOOP('',(#2204,#2205,#2206,#2207,#2208,#2209,#2210,#2211));
#2204 = ORIENTED_EDGE('',*,*,#1983,.T.);
#2205 = ORIENTED_EDGE('',*,*,#2014,.T.);
#2206 = ORIENTED_EDGE('',*,*,#2045,.T.);
#2207 = ORIENTED_EDGE('',*,*,#2076,.T.);
#2208 = ORIENTED_EDGE('',*,*,#2107,.T.);
#2209 = ORIENTED_EDGE('',*,*,#2138,.T.);
#2210 = ORIENTED_EDGE('',*,*,#2169,.T.);
#2211 = ORIENTED_EDGE('',*,*,#2191,.T.);
#2212 = PLANE('',#2213);
#2213 = AXIS2_PLACEMENT_3D('',#2214,#2215,#2216);
#2214 = CARTESIAN_POINT('',(-1.661406829253,-0.4375,0.332203135947));
#2215 = DIRECTION('',(-0.,-1.,-0.));
#2216 = DIRECTION('',(0.,0.,-1.));
#2217 = ADVANCED_FACE('',(#2218),#2228,.F.);
#2218 = FACE_BOUND('',#2219,.F.);
#2219 = EDGE_LOOP('',(#2220,#2221,#2222,#2223,#2224,#2225,#2226,#2227));
#2220 = ORIENTED_EDGE('',*,*,#1967,.T.);
#2221 = ORIENTED_EDGE('',*,*,#1998,.T.);
#2222 = ORIENTED_EDGE('',*,*,#2029,.T.);
#2223 = ORIENTED_EDGE('',*,*,#2060,.T.);
#2224 = ORIENTED_EDGE('',*,*,#2091,.T.);
#2225 = ORIENTED_EDGE('',*,*,#2122,.T.);
#2226 = ORIENTED_EDGE('',*,*,#2153,.T.);
#2227 = ORIENTED_EDGE('',*,*,#2184,.T.);
#2228 = PLANE('',#2229);
#2229 = AXIS2_PLACEMENT_3D('',#2230,#2231,#2232);
#2230 = CARTESIAN_POINT('',(-1.661406829253,-0.2125,0.332203135947));
#2231 = DIRECTION('',(-0.,-1.,-0.));
#2232 = DIRECTION('',(0.,0.,-1.));
#2233 = MANIFOLD_SOLID_BREP('',#2234);
#2234 = CLOSED_SHELL('',(#2235,#2275,#2306,#2337,#2368,#2399,#2430,#2461
    ,#2483,#2499));
#2235 = ADVANCED_FACE('',(#2236),#2270,.T.);
#2236 = FACE_BOUND('',#2237,.T.);
#2237 = EDGE_LOOP('',(#2238,#2248,#2256,#2264));
#2238 = ORIENTED_EDGE('',*,*,#2239,.T.);
#2239 = EDGE_CURVE('',#2240,#2242,#2244,.T.);
#2240 = VERTEX_POINT('',#2241);
#2241 = CARTESIAN_POINT('',(-1.3,-1.0875,0.7));
#2242 = VERTEX_POINT('',#2243);
#2243 = CARTESIAN_POINT('',(-1.3,-0.8625,0.7));
#2244 = LINE('',#2245,#2246);
#2245 = CARTESIAN_POINT('',(-1.3,-1.0875,0.7));
#2246 = VECTOR('',#2247,1.);
#2247 = DIRECTION('',(0.,1.,0.));
#2248 = ORIENTED_EDGE('',*,*,#2249,.T.);
#2249 = EDGE_CURVE('',#2242,#2250,#2252,.T.);
#2250 = VERTEX_POINT('',#2251);
#2251 = CARTESIAN_POINT('',(-1.61456937615,-0.8625,0.7));
#2252 = LINE('',#2253,#2254);
#2253 = CARTESIAN_POINT('',(-1.3,-0.8625,0.7));
#2254 = VECTOR('',#2255,1.);
#2255 = DIRECTION('',(-1.,0.,0.));
#2256 = ORIENTED_EDGE('',*,*,#2257,.F.);
#2257 = EDGE_CURVE('',#2258,#2250,#2260,.T.);
#2258 = VERTEX_POINT('',#2259);
#2259 = CARTESIAN_POINT('',(-1.61456937615,-1.0875,0.7));
#2260 = LINE('',#2261,#2262);
#2261 = CARTESIAN_POINT('',(-1.61456937615,-1.0875,0.7));
#2262 = VECTOR('',#2263,1.);
#2263 = DIRECTION('',(0.,1.,0.));
#2264 = ORIENTED_EDGE('',*,*,#2265,.F.);
#2265 = EDGE_CURVE('',#2240,#2258,#2266,.T.);
#2266 = LINE('',#2267,#2268);
#2267 = CARTESIAN_POINT('',(-1.3,-1.0875,0.7));
#2268 = VECTOR('',#2269,1.);
#2269 = DIRECTION('',(-1.,0.,0.));
#2270 = PLANE('',#2271);
#2271 = AXIS2_PLACEMENT_3D('',#2272,#2273,#2274);
#2272 = CARTESIAN_POINT('',(-1.3,-1.0875,0.7));
#2273 = DIRECTION('',(0.,-0.,1.));
#2274 = DIRECTION('',(-1.,0.,0.));
#2275 = ADVANCED_FACE('',(#2276),#2301,.T.);
#2276 = FACE_BOUND('',#2277,.T.);
#2277 = EDGE_LOOP('',(#2278,#2279,#2287,#2295));
#2278 = ORIENTED_EDGE('',*,*,#2257,.T.);
#2279 = ORIENTED_EDGE('',*,*,#2280,.T.);
#2280 = EDGE_CURVE('',#2250,#2281,#2283,.T.);
#2281 = VERTEX_POINT('',#2282);
#2282 = CARTESIAN_POINT('',(-1.76456937615,-0.8625,0.15));
#2283 = LINE('',#2284,#2285);
#2284 = CARTESIAN_POINT('',(-1.61456937615,-0.8625,0.7));
#2285 = VECTOR('',#2286,1.);
#2286 = DIRECTION('',(-0.263117405792,0.,-0.964763821238));
#2287 = ORIENTED_EDGE('',*,*,#2288,.F.);
#2288 = EDGE_CURVE('',#2289,#2281,#2291,.T.);
#2289 = VERTEX_POINT('',#2290);
#2290 = CARTESIAN_POINT('',(-1.76456937615,-1.0875,0.15));
#2291 = LINE('',#2292,#2293);
#2292 = CARTESIAN_POINT('',(-1.76456937615,-1.0875,0.15));
#2293 = VECTOR('',#2294,1.);
#2294 = DIRECTION('',(0.,1.,0.));
#2295 = ORIENTED_EDGE('',*,*,#2296,.F.);
#2296 = EDGE_CURVE('',#2258,#2289,#2297,.T.);
#2297 = LINE('',#2298,#2299);
#2298 = CARTESIAN_POINT('',(-1.61456937615,-1.0875,0.7));
#2299 = VECTOR('',#2300,1.);
#2300 = DIRECTION('',(-0.263117405792,0.,-0.964763821238));
#2301 = PLANE('',#2302);
#2302 = AXIS2_PLACEMENT_3D('',#2303,#2304,#2305);
#2303 = CARTESIAN_POINT('',(-1.61456937615,-1.0875,0.7));
#2304 = DIRECTION('',(-0.964763821238,0.,0.263117405792));
#2305 = DIRECTION('',(-0.263117405792,0.,-0.964763821238));
#2306 = ADVANCED_FACE('',(#2307),#2332,.T.);
#2307 = FACE_BOUND('',#2308,.T.);
#2308 = EDGE_LOOP('',(#2309,#2310,#2318,#2326));
#2309 = ORIENTED_EDGE('',*,*,#2288,.T.);
#2310 = ORIENTED_EDGE('',*,*,#2311,.T.);
#2311 = EDGE_CURVE('',#2281,#2312,#2314,.T.);
#2312 = VERTEX_POINT('',#2313);
#2313 = CARTESIAN_POINT('',(-2.05,-0.8625,0.15));
#2314 = LINE('',#2315,#2316);
#2315 = CARTESIAN_POINT('',(-1.76456937615,-0.8625,0.15));
#2316 = VECTOR('',#2317,1.);
#2317 = DIRECTION('',(-1.,0.,0.));
#2318 = ORIENTED_EDGE('',*,*,#2319,.F.);
#2319 = EDGE_CURVE('',#2320,#2312,#2322,.T.);
#2320 = VERTEX_POINT('',#2321);
#2321 = CARTESIAN_POINT('',(-2.05,-1.0875,0.15));
#2322 = LINE('',#2323,#2324);
#2323 = CARTESIAN_POINT('',(-2.05,-1.0875,0.15));
#2324 = VECTOR('',#2325,1.);
#2325 = DIRECTION('',(0.,1.,0.));
#2326 = ORIENTED_EDGE('',*,*,#2327,.F.);
#2327 = EDGE_CURVE('',#2289,#2320,#2328,.T.);
#2328 = LINE('',#2329,#2330);
#2329 = CARTESIAN_POINT('',(-1.76456937615,-1.0875,0.15));
#2330 = VECTOR('',#2331,1.);
#2331 = DIRECTION('',(-1.,0.,0.));
#2332 = PLANE('',#2333);
#2333 = AXIS2_PLACEMENT_3D('',#2334,#2335,#2336);
#2334 = CARTESIAN_POINT('',(-1.76456937615,-1.0875,0.15));
#2335 = DIRECTION('',(0.,-0.,1.));
#2336 = DIRECTION('',(-1.,0.,0.));
#2337 = ADVANCED_FACE('',(#2338),#2363,.T.);
#2338 = FACE_BOUND('',#2339,.T.);
#2339 = EDGE_LOOP('',(#2340,#2341,#2349,#2357));
#2340 = ORIENTED_EDGE('',*,*,#2319,.T.);
#2341 = ORIENTED_EDGE('',*,*,#2342,.T.);
#2342 = EDGE_CURVE('',#2312,#2343,#2345,.T.);
#2343 = VERTEX_POINT('',#2344);
#2344 = CARTESIAN_POINT('',(-2.05,-0.8625,0.));
#2345 = LINE('',#2346,#2347);
#2346 = CARTESIAN_POINT('',(-2.05,-0.8625,0.15));
#2347 = VECTOR('',#2348,1.);
#2348 = DIRECTION('',(0.,0.,-1.));
#2349 = ORIENTED_EDGE('',*,*,#2350,.F.);
#2350 = EDGE_CURVE('',#2351,#2343,#2353,.T.);
#2351 = VERTEX_POINT('',#2352);
#2352 = CARTESIAN_POINT('',(-2.05,-1.0875,0.));
#2353 = LINE('',#2354,#2355);
#2354 = CARTESIAN_POINT('',(-2.05,-1.0875,0.));
#2355 = VECTOR('',#2356,1.);
#2356 = DIRECTION('',(0.,1.,0.));
#2357 = ORIENTED_EDGE('',*,*,#2358,.F.);
#2358 = EDGE_CURVE('',#2320,#2351,#2359,.T.);
#2359 = LINE('',#2360,#2361);
#2360 = CARTESIAN_POINT('',(-2.05,-1.0875,0.15));
#2361 = VECTOR('',#2362,1.);
#2362 = DIRECTION('',(0.,0.,-1.));
#2363 = PLANE('',#2364);
#2364 = AXIS2_PLACEMENT_3D('',#2365,#2366,#2367);
#2365 = CARTESIAN_POINT('',(-2.05,-1.0875,0.15));
#2366 = DIRECTION('',(-1.,0.,0.));
#2367 = DIRECTION('',(0.,0.,-1.));
#2368 = ADVANCED_FACE('',(#2369),#2394,.T.);
#2369 = FACE_BOUND('',#2370,.T.);
#2370 = EDGE_LOOP('',(#2371,#2372,#2380,#2388));
#2371 = ORIENTED_EDGE('',*,*,#2350,.T.);
#2372 = ORIENTED_EDGE('',*,*,#2373,.T.);
#2373 = EDGE_CURVE('',#2343,#2374,#2376,.T.);
#2374 = VERTEX_POINT('',#2375);
#2375 = CARTESIAN_POINT('',(-1.65,-0.8625,0.));
#2376 = LINE('',#2377,#2378);
#2377 = CARTESIAN_POINT('',(-2.05,-0.8625,0.));
#2378 = VECTOR('',#2379,1.);
#2379 = DIRECTION('',(1.,0.,0.));
#2380 = ORIENTED_EDGE('',*,*,#2381,.F.);
#2381 = EDGE_CURVE('',#2382,#2374,#2384,.T.);
#2382 = VERTEX_POINT('',#2383);
#2383 = CARTESIAN_POINT('',(-1.65,-1.0875,0.));
#2384 = LINE('',#2385,#2386);
#2385 = CARTESIAN_POINT('',(-1.65,-1.0875,0.));
#2386 = VECTOR('',#2387,1.);
#2387 = DIRECTION('',(0.,1.,0.));
#2388 = ORIENTED_EDGE('',*,*,#2389,.F.);
#2389 = EDGE_CURVE('',#2351,#2382,#2390,.T.);
#2390 = LINE('',#2391,#2392);
#2391 = CARTESIAN_POINT('',(-2.05,-1.0875,0.));
#2392 = VECTOR('',#2393,1.);
#2393 = DIRECTION('',(1.,0.,0.));
#2394 = PLANE('',#2395);
#2395 = AXIS2_PLACEMENT_3D('',#2396,#2397,#2398);
#2396 = CARTESIAN_POINT('',(-2.05,-1.0875,0.));
#2397 = DIRECTION('',(0.,0.,-1.));
#2398 = DIRECTION('',(1.,0.,0.));
#2399 = ADVANCED_FACE('',(#2400),#2425,.T.);
#2400 = FACE_BOUND('',#2401,.T.);
#2401 = EDGE_LOOP('',(#2402,#2403,#2411,#2419));
#2402 = ORIENTED_EDGE('',*,*,#2381,.T.);
#2403 = ORIENTED_EDGE('',*,*,#2404,.T.);
#2404 = EDGE_CURVE('',#2374,#2405,#2407,.T.);
#2405 = VERTEX_POINT('',#2406);
#2406 = CARTESIAN_POINT('',(-1.5,-0.8625,0.55));
#2407 = LINE('',#2408,#2409);
#2408 = CARTESIAN_POINT('',(-1.65,-0.8625,0.));
#2409 = VECTOR('',#2410,1.);
#2410 = DIRECTION('',(0.263117405792,0.,0.964763821238));
#2411 = ORIENTED_EDGE('',*,*,#2412,.F.);
#2412 = EDGE_CURVE('',#2413,#2405,#2415,.T.);
#2413 = VERTEX_POINT('',#2414);
#2414 = CARTESIAN_POINT('',(-1.5,-1.0875,0.55));
#2415 = LINE('',#2416,#2417);
#2416 = CARTESIAN_POINT('',(-1.5,-1.0875,0.55));
#2417 = VECTOR('',#2418,1.);
#2418 = DIRECTION('',(0.,1.,0.));
#2419 = ORIENTED_EDGE('',*,*,#2420,.F.);
#2420 = EDGE_CURVE('',#2382,#2413,#2421,.T.);
#2421 = LINE('',#2422,#2423);
#2422 = CARTESIAN_POINT('',(-1.65,-1.0875,0.));
#2423 = VECTOR('',#2424,1.);
#2424 = DIRECTION('',(0.263117405792,0.,0.964763821238));
#2425 = PLANE('',#2426);
#2426 = AXIS2_PLACEMENT_3D('',#2427,#2428,#2429);
#2427 = CARTESIAN_POINT('',(-1.65,-1.0875,0.));
#2428 = DIRECTION('',(0.964763821238,0.,-0.263117405792));
#2429 = DIRECTION('',(0.263117405792,0.,0.964763821238));
#2430 = ADVANCED_FACE('',(#2431),#2456,.T.);
#2431 = FACE_BOUND('',#2432,.T.);
#2432 = EDGE_LOOP('',(#2433,#2434,#2442,#2450));
#2433 = ORIENTED_EDGE('',*,*,#2412,.T.);
#2434 = ORIENTED_EDGE('',*,*,#2435,.T.);
#2435 = EDGE_CURVE('',#2405,#2436,#2438,.T.);
#2436 = VERTEX_POINT('',#2437);
#2437 = CARTESIAN_POINT('',(-1.3,-0.8625,0.55));
#2438 = LINE('',#2439,#2440);
#2439 = CARTESIAN_POINT('',(-1.5,-0.8625,0.55));
#2440 = VECTOR('',#2441,1.);
#2441 = DIRECTION('',(1.,0.,0.));
#2442 = ORIENTED_EDGE('',*,*,#2443,.F.);
#2443 = EDGE_CURVE('',#2444,#2436,#2446,.T.);
#2444 = VERTEX_POINT('',#2445);
#2445 = CARTESIAN_POINT('',(-1.3,-1.0875,0.55));
#2446 = LINE('',#2447,#2448);
#2447 = CARTESIAN_POINT('',(-1.3,-1.0875,0.55));
#2448 = VECTOR('',#2449,1.);
#2449 = DIRECTION('',(0.,1.,0.));
#2450 = ORIENTED_EDGE('',*,*,#2451,.F.);
#2451 = EDGE_CURVE('',#2413,#2444,#2452,.T.);
#2452 = LINE('',#2453,#2454);
#2453 = CARTESIAN_POINT('',(-1.5,-1.0875,0.55));
#2454 = VECTOR('',#2455,1.);
#2455 = DIRECTION('',(1.,0.,0.));
#2456 = PLANE('',#2457);
#2457 = AXIS2_PLACEMENT_3D('',#2458,#2459,#2460);
#2458 = CARTESIAN_POINT('',(-1.5,-1.0875,0.55));
#2459 = DIRECTION('',(0.,0.,-1.));
#2460 = DIRECTION('',(1.,0.,0.));
#2461 = ADVANCED_FACE('',(#2462),#2478,.T.);
#2462 = FACE_BOUND('',#2463,.T.);
#2463 = EDGE_LOOP('',(#2464,#2465,#2471,#2472));
#2464 = ORIENTED_EDGE('',*,*,#2443,.T.);
#2465 = ORIENTED_EDGE('',*,*,#2466,.T.);
#2466 = EDGE_CURVE('',#2436,#2242,#2467,.T.);
#2467 = LINE('',#2468,#2469);
#2468 = CARTESIAN_POINT('',(-1.3,-0.8625,0.55));
#2469 = VECTOR('',#2470,1.);
#2470 = DIRECTION('',(0.,0.,1.));
#2471 = ORIENTED_EDGE('',*,*,#2239,.F.);
#2472 = ORIENTED_EDGE('',*,*,#2473,.F.);
#2473 = EDGE_CURVE('',#2444,#2240,#2474,.T.);
#2474 = LINE('',#2475,#2476);
#2475 = CARTESIAN_POINT('',(-1.3,-1.0875,0.55));
#2476 = VECTOR('',#2477,1.);
#2477 = DIRECTION('',(0.,0.,1.));
#2478 = PLANE('',#2479);
#2479 = AXIS2_PLACEMENT_3D('',#2480,#2481,#2482);
#2480 = CARTESIAN_POINT('',(-1.3,-1.0875,0.55));
#2481 = DIRECTION('',(1.,0.,0.));
#2482 = DIRECTION('',(0.,0.,1.));
#2483 = ADVANCED_FACE('',(#2484),#2494,.T.);
#2484 = FACE_BOUND('',#2485,.T.);
#2485 = EDGE_LOOP('',(#2486,#2487,#2488,#2489,#2490,#2491,#2492,#2493));
#2486 = ORIENTED_EDGE('',*,*,#2265,.T.);
#2487 = ORIENTED_EDGE('',*,*,#2296,.T.);
#2488 = ORIENTED_EDGE('',*,*,#2327,.T.);
#2489 = ORIENTED_EDGE('',*,*,#2358,.T.);
#2490 = ORIENTED_EDGE('',*,*,#2389,.T.);
#2491 = ORIENTED_EDGE('',*,*,#2420,.T.);
#2492 = ORIENTED_EDGE('',*,*,#2451,.T.);
#2493 = ORIENTED_EDGE('',*,*,#2473,.T.);
#2494 = PLANE('',#2495);
#2495 = AXIS2_PLACEMENT_3D('',#2496,#2497,#2498);
#2496 = CARTESIAN_POINT('',(-1.661406829253,-1.0875,0.332203135947));
#2497 = DIRECTION('',(-0.,-1.,-0.));
#2498 = DIRECTION('',(0.,0.,-1.));
#2499 = ADVANCED_FACE('',(#2500),#2510,.F.);
#2500 = FACE_BOUND('',#2501,.F.);
#2501 = EDGE_LOOP('',(#2502,#2503,#2504,#2505,#2506,#2507,#2508,#2509));
#2502 = ORIENTED_EDGE('',*,*,#2249,.T.);
#2503 = ORIENTED_EDGE('',*,*,#2280,.T.);
#2504 = ORIENTED_EDGE('',*,*,#2311,.T.);
#2505 = ORIENTED_EDGE('',*,*,#2342,.T.);
#2506 = ORIENTED_EDGE('',*,*,#2373,.T.);
#2507 = ORIENTED_EDGE('',*,*,#2404,.T.);
#2508 = ORIENTED_EDGE('',*,*,#2435,.T.);
#2509 = ORIENTED_EDGE('',*,*,#2466,.T.);
#2510 = PLANE('',#2511);
#2511 = AXIS2_PLACEMENT_3D('',#2512,#2513,#2514);
#2512 = CARTESIAN_POINT('',(-1.661406829253,-0.8625,0.332203135947));
#2513 = DIRECTION('',(-0.,-1.,-0.));
#2514 = DIRECTION('',(0.,0.,-1.));
#2515 = MANIFOLD_SOLID_BREP('',#2516);
#2516 = CLOSED_SHELL('',(#2517,#2557,#2588,#2619,#2650,#2681,#2712,#2743
    ,#2765,#2781));
#2517 = ADVANCED_FACE('',(#2518),#2552,.F.);
#2518 = FACE_BOUND('',#2519,.F.);
#2519 = EDGE_LOOP('',(#2520,#2530,#2538,#2546));
#2520 = ORIENTED_EDGE('',*,*,#2521,.T.);
#2521 = EDGE_CURVE('',#2522,#2524,#2526,.T.);
#2522 = VERTEX_POINT('',#2523);
#2523 = CARTESIAN_POINT('',(1.3,0.8625,0.7));
#2524 = VERTEX_POINT('',#2525);
#2525 = CARTESIAN_POINT('',(1.3,1.0875,0.7));
#2526 = LINE('',#2527,#2528);
#2527 = CARTESIAN_POINT('',(1.3,0.8625,0.7));
#2528 = VECTOR('',#2529,1.);
#2529 = DIRECTION('',(0.,1.,0.));
#2530 = ORIENTED_EDGE('',*,*,#2531,.T.);
#2531 = EDGE_CURVE('',#2524,#2532,#2534,.T.);
#2532 = VERTEX_POINT('',#2533);
#2533 = CARTESIAN_POINT('',(1.61456937615,1.0875,0.7));
#2534 = LINE('',#2535,#2536);
#2535 = CARTESIAN_POINT('',(1.3,1.0875,0.7));
#2536 = VECTOR('',#2537,1.);
#2537 = DIRECTION('',(1.,0.,0.));
#2538 = ORIENTED_EDGE('',*,*,#2539,.F.);
#2539 = EDGE_CURVE('',#2540,#2532,#2542,.T.);
#2540 = VERTEX_POINT('',#2541);
#2541 = CARTESIAN_POINT('',(1.61456937615,0.8625,0.7));
#2542 = LINE('',#2543,#2544);
#2543 = CARTESIAN_POINT('',(1.61456937615,0.8625,0.7));
#2544 = VECTOR('',#2545,1.);
#2545 = DIRECTION('',(0.,1.,0.));
#2546 = ORIENTED_EDGE('',*,*,#2547,.F.);
#2547 = EDGE_CURVE('',#2522,#2540,#2548,.T.);
#2548 = LINE('',#2549,#2550);
#2549 = CARTESIAN_POINT('',(1.3,0.8625,0.7));
#2550 = VECTOR('',#2551,1.);
#2551 = DIRECTION('',(1.,0.,0.));
#2552 = PLANE('',#2553);
#2553 = AXIS2_PLACEMENT_3D('',#2554,#2555,#2556);
#2554 = CARTESIAN_POINT('',(1.3,0.8625,0.7));
#2555 = DIRECTION('',(0.,0.,-1.));
#2556 = DIRECTION('',(1.,0.,0.));
#2557 = ADVANCED_FACE('',(#2558),#2583,.F.);
#2558 = FACE_BOUND('',#2559,.F.);
#2559 = EDGE_LOOP('',(#2560,#2561,#2569,#2577));
#2560 = ORIENTED_EDGE('',*,*,#2539,.T.);
#2561 = ORIENTED_EDGE('',*,*,#2562,.T.);
#2562 = EDGE_CURVE('',#2532,#2563,#2565,.T.);
#2563 = VERTEX_POINT('',#2564);
#2564 = CARTESIAN_POINT('',(1.76456937615,1.0875,0.15));
#2565 = LINE('',#2566,#2567);
#2566 = CARTESIAN_POINT('',(1.61456937615,1.0875,0.7));
#2567 = VECTOR('',#2568,1.);
#2568 = DIRECTION('',(0.263117405792,0.,-0.964763821238));
#2569 = ORIENTED_EDGE('',*,*,#2570,.F.);
#2570 = EDGE_CURVE('',#2571,#2563,#2573,.T.);
#2571 = VERTEX_POINT('',#2572);
#2572 = CARTESIAN_POINT('',(1.76456937615,0.8625,0.15));
#2573 = LINE('',#2574,#2575);
#2574 = CARTESIAN_POINT('',(1.76456937615,0.8625,0.15));
#2575 = VECTOR('',#2576,1.);
#2576 = DIRECTION('',(0.,1.,0.));
#2577 = ORIENTED_EDGE('',*,*,#2578,.F.);
#2578 = EDGE_CURVE('',#2540,#2571,#2579,.T.);
#2579 = LINE('',#2580,#2581);
#2580 = CARTESIAN_POINT('',(1.61456937615,0.8625,0.7));
#2581 = VECTOR('',#2582,1.);
#2582 = DIRECTION('',(0.263117405792,0.,-0.964763821238));
#2583 = PLANE('',#2584);
#2584 = AXIS2_PLACEMENT_3D('',#2585,#2586,#2587);
#2585 = CARTESIAN_POINT('',(1.61456937615,0.8625,0.7));
#2586 = DIRECTION('',(-0.964763821238,0.,-0.263117405792));
#2587 = DIRECTION('',(0.263117405792,0.,-0.964763821238));
#2588 = ADVANCED_FACE('',(#2589),#2614,.F.);
#2589 = FACE_BOUND('',#2590,.F.);
#2590 = EDGE_LOOP('',(#2591,#2592,#2600,#2608));
#2591 = ORIENTED_EDGE('',*,*,#2570,.T.);
#2592 = ORIENTED_EDGE('',*,*,#2593,.T.);
#2593 = EDGE_CURVE('',#2563,#2594,#2596,.T.);
#2594 = VERTEX_POINT('',#2595);
#2595 = CARTESIAN_POINT('',(2.05,1.0875,0.15));
#2596 = LINE('',#2597,#2598);
#2597 = CARTESIAN_POINT('',(1.76456937615,1.0875,0.15));
#2598 = VECTOR('',#2599,1.);
#2599 = DIRECTION('',(1.,0.,0.));
#2600 = ORIENTED_EDGE('',*,*,#2601,.F.);
#2601 = EDGE_CURVE('',#2602,#2594,#2604,.T.);
#2602 = VERTEX_POINT('',#2603);
#2603 = CARTESIAN_POINT('',(2.05,0.8625,0.15));
#2604 = LINE('',#2605,#2606);
#2605 = CARTESIAN_POINT('',(2.05,0.8625,0.15));
#2606 = VECTOR('',#2607,1.);
#2607 = DIRECTION('',(0.,1.,0.));
#2608 = ORIENTED_EDGE('',*,*,#2609,.F.);
#2609 = EDGE_CURVE('',#2571,#2602,#2610,.T.);
#2610 = LINE('',#2611,#2612);
#2611 = CARTESIAN_POINT('',(1.76456937615,0.8625,0.15));
#2612 = VECTOR('',#2613,1.);
#2613 = DIRECTION('',(1.,0.,0.));
#2614 = PLANE('',#2615);
#2615 = AXIS2_PLACEMENT_3D('',#2616,#2617,#2618);
#2616 = CARTESIAN_POINT('',(1.76456937615,0.8625,0.15));
#2617 = DIRECTION('',(0.,0.,-1.));
#2618 = DIRECTION('',(1.,0.,0.));
#2619 = ADVANCED_FACE('',(#2620),#2645,.F.);
#2620 = FACE_BOUND('',#2621,.F.);
#2621 = EDGE_LOOP('',(#2622,#2623,#2631,#2639));
#2622 = ORIENTED_EDGE('',*,*,#2601,.T.);
#2623 = ORIENTED_EDGE('',*,*,#2624,.T.);
#2624 = EDGE_CURVE('',#2594,#2625,#2627,.T.);
#2625 = VERTEX_POINT('',#2626);
#2626 = CARTESIAN_POINT('',(2.05,1.0875,0.));
#2627 = LINE('',#2628,#2629);
#2628 = CARTESIAN_POINT('',(2.05,1.0875,0.15));
#2629 = VECTOR('',#2630,1.);
#2630 = DIRECTION('',(0.,0.,-1.));
#2631 = ORIENTED_EDGE('',*,*,#2632,.F.);
#2632 = EDGE_CURVE('',#2633,#2625,#2635,.T.);
#2633 = VERTEX_POINT('',#2634);
#2634 = CARTESIAN_POINT('',(2.05,0.8625,0.));
#2635 = LINE('',#2636,#2637);
#2636 = CARTESIAN_POINT('',(2.05,0.8625,0.));
#2637 = VECTOR('',#2638,1.);
#2638 = DIRECTION('',(0.,1.,0.));
#2639 = ORIENTED_EDGE('',*,*,#2640,.F.);
#2640 = EDGE_CURVE('',#2602,#2633,#2641,.T.);
#2641 = LINE('',#2642,#2643);
#2642 = CARTESIAN_POINT('',(2.05,0.8625,0.15));
#2643 = VECTOR('',#2644,1.);
#2644 = DIRECTION('',(0.,0.,-1.));
#2645 = PLANE('',#2646);
#2646 = AXIS2_PLACEMENT_3D('',#2647,#2648,#2649);
#2647 = CARTESIAN_POINT('',(2.05,0.8625,0.15));
#2648 = DIRECTION('',(-1.,0.,0.));
#2649 = DIRECTION('',(0.,0.,-1.));
#2650 = ADVANCED_FACE('',(#2651),#2676,.F.);
#2651 = FACE_BOUND('',#2652,.F.);
#2652 = EDGE_LOOP('',(#2653,#2654,#2662,#2670));
#2653 = ORIENTED_EDGE('',*,*,#2632,.T.);
#2654 = ORIENTED_EDGE('',*,*,#2655,.T.);
#2655 = EDGE_CURVE('',#2625,#2656,#2658,.T.);
#2656 = VERTEX_POINT('',#2657);
#2657 = CARTESIAN_POINT('',(1.65,1.0875,0.));
#2658 = LINE('',#2659,#2660);
#2659 = CARTESIAN_POINT('',(2.05,1.0875,0.));
#2660 = VECTOR('',#2661,1.);
#2661 = DIRECTION('',(-1.,0.,0.));
#2662 = ORIENTED_EDGE('',*,*,#2663,.F.);
#2663 = EDGE_CURVE('',#2664,#2656,#2666,.T.);
#2664 = VERTEX_POINT('',#2665);
#2665 = CARTESIAN_POINT('',(1.65,0.8625,0.));
#2666 = LINE('',#2667,#2668);
#2667 = CARTESIAN_POINT('',(1.65,0.8625,0.));
#2668 = VECTOR('',#2669,1.);
#2669 = DIRECTION('',(0.,1.,0.));
#2670 = ORIENTED_EDGE('',*,*,#2671,.F.);
#2671 = EDGE_CURVE('',#2633,#2664,#2672,.T.);
#2672 = LINE('',#2673,#2674);
#2673 = CARTESIAN_POINT('',(2.05,0.8625,0.));
#2674 = VECTOR('',#2675,1.);
#2675 = DIRECTION('',(-1.,0.,0.));
#2676 = PLANE('',#2677);
#2677 = AXIS2_PLACEMENT_3D('',#2678,#2679,#2680);
#2678 = CARTESIAN_POINT('',(2.05,0.8625,0.));
#2679 = DIRECTION('',(0.,-0.,1.));
#2680 = DIRECTION('',(-1.,0.,0.));
#2681 = ADVANCED_FACE('',(#2682),#2707,.F.);
#2682 = FACE_BOUND('',#2683,.F.);
#2683 = EDGE_LOOP('',(#2684,#2685,#2693,#2701));
#2684 = ORIENTED_EDGE('',*,*,#2663,.T.);
#2685 = ORIENTED_EDGE('',*,*,#2686,.T.);
#2686 = EDGE_CURVE('',#2656,#2687,#2689,.T.);
#2687 = VERTEX_POINT('',#2688);
#2688 = CARTESIAN_POINT('',(1.5,1.0875,0.55));
#2689 = LINE('',#2690,#2691);
#2690 = CARTESIAN_POINT('',(1.65,1.0875,0.));
#2691 = VECTOR('',#2692,1.);
#2692 = DIRECTION('',(-0.263117405792,0.,0.964763821238));
#2693 = ORIENTED_EDGE('',*,*,#2694,.F.);
#2694 = EDGE_CURVE('',#2695,#2687,#2697,.T.);
#2695 = VERTEX_POINT('',#2696);
#2696 = CARTESIAN_POINT('',(1.5,0.8625,0.55));
#2697 = LINE('',#2698,#2699);
#2698 = CARTESIAN_POINT('',(1.5,0.8625,0.55));
#2699 = VECTOR('',#2700,1.);
#2700 = DIRECTION('',(0.,1.,0.));
#2701 = ORIENTED_EDGE('',*,*,#2702,.F.);
#2702 = EDGE_CURVE('',#2664,#2695,#2703,.T.);
#2703 = LINE('',#2704,#2705);
#2704 = CARTESIAN_POINT('',(1.65,0.8625,0.));
#2705 = VECTOR('',#2706,1.);
#2706 = DIRECTION('',(-0.263117405792,0.,0.964763821238));
#2707 = PLANE('',#2708);
#2708 = AXIS2_PLACEMENT_3D('',#2709,#2710,#2711);
#2709 = CARTESIAN_POINT('',(1.65,0.8625,0.));
#2710 = DIRECTION('',(0.964763821238,-0.,0.263117405792));
#2711 = DIRECTION('',(-0.263117405792,0.,0.964763821238));
#2712 = ADVANCED_FACE('',(#2713),#2738,.F.);
#2713 = FACE_BOUND('',#2714,.F.);
#2714 = EDGE_LOOP('',(#2715,#2716,#2724,#2732));
#2715 = ORIENTED_EDGE('',*,*,#2694,.T.);
#2716 = ORIENTED_EDGE('',*,*,#2717,.T.);
#2717 = EDGE_CURVE('',#2687,#2718,#2720,.T.);
#2718 = VERTEX_POINT('',#2719);
#2719 = CARTESIAN_POINT('',(1.3,1.0875,0.55));
#2720 = LINE('',#2721,#2722);
#2721 = CARTESIAN_POINT('',(1.5,1.0875,0.55));
#2722 = VECTOR('',#2723,1.);
#2723 = DIRECTION('',(-1.,0.,0.));
#2724 = ORIENTED_EDGE('',*,*,#2725,.F.);
#2725 = EDGE_CURVE('',#2726,#2718,#2728,.T.);
#2726 = VERTEX_POINT('',#2727);
#2727 = CARTESIAN_POINT('',(1.3,0.8625,0.55));
#2728 = LINE('',#2729,#2730);
#2729 = CARTESIAN_POINT('',(1.3,0.8625,0.55));
#2730 = VECTOR('',#2731,1.);
#2731 = DIRECTION('',(0.,1.,0.));
#2732 = ORIENTED_EDGE('',*,*,#2733,.F.);
#2733 = EDGE_CURVE('',#2695,#2726,#2734,.T.);
#2734 = LINE('',#2735,#2736);
#2735 = CARTESIAN_POINT('',(1.5,0.8625,0.55));
#2736 = VECTOR('',#2737,1.);
#2737 = DIRECTION('',(-1.,0.,0.));
#2738 = PLANE('',#2739);
#2739 = AXIS2_PLACEMENT_3D('',#2740,#2741,#2742);
#2740 = CARTESIAN_POINT('',(1.5,0.8625,0.55));
#2741 = DIRECTION('',(0.,-0.,1.));
#2742 = DIRECTION('',(-1.,0.,0.));
#2743 = ADVANCED_FACE('',(#2744),#2760,.F.);
#2744 = FACE_BOUND('',#2745,.F.);
#2745 = EDGE_LOOP('',(#2746,#2747,#2753,#2754));
#2746 = ORIENTED_EDGE('',*,*,#2725,.T.);
#2747 = ORIENTED_EDGE('',*,*,#2748,.T.);
#2748 = EDGE_CURVE('',#2718,#2524,#2749,.T.);
#2749 = LINE('',#2750,#2751);
#2750 = CARTESIAN_POINT('',(1.3,1.0875,0.55));
#2751 = VECTOR('',#2752,1.);
#2752 = DIRECTION('',(0.,0.,1.));
#2753 = ORIENTED_EDGE('',*,*,#2521,.F.);
#2754 = ORIENTED_EDGE('',*,*,#2755,.F.);
#2755 = EDGE_CURVE('',#2726,#2522,#2756,.T.);
#2756 = LINE('',#2757,#2758);
#2757 = CARTESIAN_POINT('',(1.3,0.8625,0.55));
#2758 = VECTOR('',#2759,1.);
#2759 = DIRECTION('',(0.,0.,1.));
#2760 = PLANE('',#2761);
#2761 = AXIS2_PLACEMENT_3D('',#2762,#2763,#2764);
#2762 = CARTESIAN_POINT('',(1.3,0.8625,0.55));
#2763 = DIRECTION('',(1.,0.,0.));
#2764 = DIRECTION('',(0.,0.,1.));
#2765 = ADVANCED_FACE('',(#2766),#2776,.F.);
#2766 = FACE_BOUND('',#2767,.F.);
#2767 = EDGE_LOOP('',(#2768,#2769,#2770,#2771,#2772,#2773,#2774,#2775));
#2768 = ORIENTED_EDGE('',*,*,#2547,.T.);
#2769 = ORIENTED_EDGE('',*,*,#2578,.T.);
#2770 = ORIENTED_EDGE('',*,*,#2609,.T.);
#2771 = ORIENTED_EDGE('',*,*,#2640,.T.);
#2772 = ORIENTED_EDGE('',*,*,#2671,.T.);
#2773 = ORIENTED_EDGE('',*,*,#2702,.T.);
#2774 = ORIENTED_EDGE('',*,*,#2733,.T.);
#2775 = ORIENTED_EDGE('',*,*,#2755,.T.);
#2776 = PLANE('',#2777);
#2777 = AXIS2_PLACEMENT_3D('',#2778,#2779,#2780);
#2778 = CARTESIAN_POINT('',(1.661406829253,0.8625,0.332203135947));
#2779 = DIRECTION('',(0.,1.,0.));
#2780 = DIRECTION('',(0.,-0.,1.));
#2781 = ADVANCED_FACE('',(#2782),#2792,.T.);
#2782 = FACE_BOUND('',#2783,.T.);
#2783 = EDGE_LOOP('',(#2784,#2785,#2786,#2787,#2788,#2789,#2790,#2791));
#2784 = ORIENTED_EDGE('',*,*,#2531,.T.);
#2785 = ORIENTED_EDGE('',*,*,#2562,.T.);
#2786 = ORIENTED_EDGE('',*,*,#2593,.T.);
#2787 = ORIENTED_EDGE('',*,*,#2624,.T.);
#2788 = ORIENTED_EDGE('',*,*,#2655,.T.);
#2789 = ORIENTED_EDGE('',*,*,#2686,.T.);
#2790 = ORIENTED_EDGE('',*,*,#2717,.T.);
#2791 = ORIENTED_EDGE('',*,*,#2748,.T.);
#2792 = PLANE('',#2793);
#2793 = AXIS2_PLACEMENT_3D('',#2794,#2795,#2796);
#2794 = CARTESIAN_POINT('',(1.661406829253,1.0875,0.332203135947));
#2795 = DIRECTION('',(0.,1.,0.));
#2796 = DIRECTION('',(0.,-0.,1.));
#2797 = MANIFOLD_SOLID_BREP('',#2798);
#2798 = CLOSED_SHELL('',(#2799,#2839,#2870,#2901,#2932,#2963,#2994,#3025
    ,#3047,#3063));
#2799 = ADVANCED_FACE('',(#2800),#2834,.F.);
#2800 = FACE_BOUND('',#2801,.F.);
#2801 = EDGE_LOOP('',(#2802,#2812,#2820,#2828));
#2802 = ORIENTED_EDGE('',*,*,#2803,.T.);
#2803 = EDGE_CURVE('',#2804,#2806,#2808,.T.);
#2804 = VERTEX_POINT('',#2805);
#2805 = CARTESIAN_POINT('',(1.3,0.2125,0.7));
#2806 = VERTEX_POINT('',#2807);
#2807 = CARTESIAN_POINT('',(1.3,0.4375,0.7));
#2808 = LINE('',#2809,#2810);
#2809 = CARTESIAN_POINT('',(1.3,0.2125,0.7));
#2810 = VECTOR('',#2811,1.);
#2811 = DIRECTION('',(0.,1.,0.));
#2812 = ORIENTED_EDGE('',*,*,#2813,.T.);
#2813 = EDGE_CURVE('',#2806,#2814,#2816,.T.);
#2814 = VERTEX_POINT('',#2815);
#2815 = CARTESIAN_POINT('',(1.61456937615,0.4375,0.7));
#2816 = LINE('',#2817,#2818);
#2817 = CARTESIAN_POINT('',(1.3,0.4375,0.7));
#2818 = VECTOR('',#2819,1.);
#2819 = DIRECTION('',(1.,0.,0.));
#2820 = ORIENTED_EDGE('',*,*,#2821,.F.);
#2821 = EDGE_CURVE('',#2822,#2814,#2824,.T.);
#2822 = VERTEX_POINT('',#2823);
#2823 = CARTESIAN_POINT('',(1.61456937615,0.2125,0.7));
#2824 = LINE('',#2825,#2826);
#2825 = CARTESIAN_POINT('',(1.61456937615,0.2125,0.7));
#2826 = VECTOR('',#2827,1.);
#2827 = DIRECTION('',(0.,1.,0.));
#2828 = ORIENTED_EDGE('',*,*,#2829,.F.);
#2829 = EDGE_CURVE('',#2804,#2822,#2830,.T.);
#2830 = LINE('',#2831,#2832);
#2831 = CARTESIAN_POINT('',(1.3,0.2125,0.7));
#2832 = VECTOR('',#2833,1.);
#2833 = DIRECTION('',(1.,0.,0.));
#2834 = PLANE('',#2835);
#2835 = AXIS2_PLACEMENT_3D('',#2836,#2837,#2838);
#2836 = CARTESIAN_POINT('',(1.3,0.2125,0.7));
#2837 = DIRECTION('',(0.,0.,-1.));
#2838 = DIRECTION('',(1.,0.,0.));
#2839 = ADVANCED_FACE('',(#2840),#2865,.F.);
#2840 = FACE_BOUND('',#2841,.F.);
#2841 = EDGE_LOOP('',(#2842,#2843,#2851,#2859));
#2842 = ORIENTED_EDGE('',*,*,#2821,.T.);
#2843 = ORIENTED_EDGE('',*,*,#2844,.T.);
#2844 = EDGE_CURVE('',#2814,#2845,#2847,.T.);
#2845 = VERTEX_POINT('',#2846);
#2846 = CARTESIAN_POINT('',(1.76456937615,0.4375,0.15));
#2847 = LINE('',#2848,#2849);
#2848 = CARTESIAN_POINT('',(1.61456937615,0.4375,0.7));
#2849 = VECTOR('',#2850,1.);
#2850 = DIRECTION('',(0.263117405792,0.,-0.964763821238));
#2851 = ORIENTED_EDGE('',*,*,#2852,.F.);
#2852 = EDGE_CURVE('',#2853,#2845,#2855,.T.);
#2853 = VERTEX_POINT('',#2854);
#2854 = CARTESIAN_POINT('',(1.76456937615,0.2125,0.15));
#2855 = LINE('',#2856,#2857);
#2856 = CARTESIAN_POINT('',(1.76456937615,0.2125,0.15));
#2857 = VECTOR('',#2858,1.);
#2858 = DIRECTION('',(0.,1.,0.));
#2859 = ORIENTED_EDGE('',*,*,#2860,.F.);
#2860 = EDGE_CURVE('',#2822,#2853,#2861,.T.);
#2861 = LINE('',#2862,#2863);
#2862 = CARTESIAN_POINT('',(1.61456937615,0.2125,0.7));
#2863 = VECTOR('',#2864,1.);
#2864 = DIRECTION('',(0.263117405792,0.,-0.964763821238));
#2865 = PLANE('',#2866);
#2866 = AXIS2_PLACEMENT_3D('',#2867,#2868,#2869);
#2867 = CARTESIAN_POINT('',(1.61456937615,0.2125,0.7));
#2868 = DIRECTION('',(-0.964763821238,0.,-0.263117405792));
#2869 = DIRECTION('',(0.263117405792,0.,-0.964763821238));
#2870 = ADVANCED_FACE('',(#2871),#2896,.F.);
#2871 = FACE_BOUND('',#2872,.F.);
#2872 = EDGE_LOOP('',(#2873,#2874,#2882,#2890));
#2873 = ORIENTED_EDGE('',*,*,#2852,.T.);
#2874 = ORIENTED_EDGE('',*,*,#2875,.T.);
#2875 = EDGE_CURVE('',#2845,#2876,#2878,.T.);
#2876 = VERTEX_POINT('',#2877);
#2877 = CARTESIAN_POINT('',(2.05,0.4375,0.15));
#2878 = LINE('',#2879,#2880);
#2879 = CARTESIAN_POINT('',(1.76456937615,0.4375,0.15));
#2880 = VECTOR('',#2881,1.);
#2881 = DIRECTION('',(1.,0.,0.));
#2882 = ORIENTED_EDGE('',*,*,#2883,.F.);
#2883 = EDGE_CURVE('',#2884,#2876,#2886,.T.);
#2884 = VERTEX_POINT('',#2885);
#2885 = CARTESIAN_POINT('',(2.05,0.2125,0.15));
#2886 = LINE('',#2887,#2888);
#2887 = CARTESIAN_POINT('',(2.05,0.2125,0.15));
#2888 = VECTOR('',#2889,1.);
#2889 = DIRECTION('',(0.,1.,0.));
#2890 = ORIENTED_EDGE('',*,*,#2891,.F.);
#2891 = EDGE_CURVE('',#2853,#2884,#2892,.T.);
#2892 = LINE('',#2893,#2894);
#2893 = CARTESIAN_POINT('',(1.76456937615,0.2125,0.15));
#2894 = VECTOR('',#2895,1.);
#2895 = DIRECTION('',(1.,0.,0.));
#2896 = PLANE('',#2897);
#2897 = AXIS2_PLACEMENT_3D('',#2898,#2899,#2900);
#2898 = CARTESIAN_POINT('',(1.76456937615,0.2125,0.15));
#2899 = DIRECTION('',(0.,0.,-1.));
#2900 = DIRECTION('',(1.,0.,0.));
#2901 = ADVANCED_FACE('',(#2902),#2927,.F.);
#2902 = FACE_BOUND('',#2903,.F.);
#2903 = EDGE_LOOP('',(#2904,#2905,#2913,#2921));
#2904 = ORIENTED_EDGE('',*,*,#2883,.T.);
#2905 = ORIENTED_EDGE('',*,*,#2906,.T.);
#2906 = EDGE_CURVE('',#2876,#2907,#2909,.T.);
#2907 = VERTEX_POINT('',#2908);
#2908 = CARTESIAN_POINT('',(2.05,0.4375,0.));
#2909 = LINE('',#2910,#2911);
#2910 = CARTESIAN_POINT('',(2.05,0.4375,0.15));
#2911 = VECTOR('',#2912,1.);
#2912 = DIRECTION('',(0.,0.,-1.));
#2913 = ORIENTED_EDGE('',*,*,#2914,.F.);
#2914 = EDGE_CURVE('',#2915,#2907,#2917,.T.);
#2915 = VERTEX_POINT('',#2916);
#2916 = CARTESIAN_POINT('',(2.05,0.2125,0.));
#2917 = LINE('',#2918,#2919);
#2918 = CARTESIAN_POINT('',(2.05,0.2125,0.));
#2919 = VECTOR('',#2920,1.);
#2920 = DIRECTION('',(0.,1.,0.));
#2921 = ORIENTED_EDGE('',*,*,#2922,.F.);
#2922 = EDGE_CURVE('',#2884,#2915,#2923,.T.);
#2923 = LINE('',#2924,#2925);
#2924 = CARTESIAN_POINT('',(2.05,0.2125,0.15));
#2925 = VECTOR('',#2926,1.);
#2926 = DIRECTION('',(0.,0.,-1.));
#2927 = PLANE('',#2928);
#2928 = AXIS2_PLACEMENT_3D('',#2929,#2930,#2931);
#2929 = CARTESIAN_POINT('',(2.05,0.2125,0.15));
#2930 = DIRECTION('',(-1.,0.,0.));
#2931 = DIRECTION('',(0.,0.,-1.));
#2932 = ADVANCED_FACE('',(#2933),#2958,.F.);
#2933 = FACE_BOUND('',#2934,.F.);
#2934 = EDGE_LOOP('',(#2935,#2936,#2944,#2952));
#2935 = ORIENTED_EDGE('',*,*,#2914,.T.);
#2936 = ORIENTED_EDGE('',*,*,#2937,.T.);
#2937 = EDGE_CURVE('',#2907,#2938,#2940,.T.);
#2938 = VERTEX_POINT('',#2939);
#2939 = CARTESIAN_POINT('',(1.65,0.4375,0.));
#2940 = LINE('',#2941,#2942);
#2941 = CARTESIAN_POINT('',(2.05,0.4375,0.));
#2942 = VECTOR('',#2943,1.);
#2943 = DIRECTION('',(-1.,0.,0.));
#2944 = ORIENTED_EDGE('',*,*,#2945,.F.);
#2945 = EDGE_CURVE('',#2946,#2938,#2948,.T.);
#2946 = VERTEX_POINT('',#2947);
#2947 = CARTESIAN_POINT('',(1.65,0.2125,0.));
#2948 = LINE('',#2949,#2950);
#2949 = CARTESIAN_POINT('',(1.65,0.2125,0.));
#2950 = VECTOR('',#2951,1.);
#2951 = DIRECTION('',(0.,1.,0.));
#2952 = ORIENTED_EDGE('',*,*,#2953,.F.);
#2953 = EDGE_CURVE('',#2915,#2946,#2954,.T.);
#2954 = LINE('',#2955,#2956);
#2955 = CARTESIAN_POINT('',(2.05,0.2125,0.));
#2956 = VECTOR('',#2957,1.);
#2957 = DIRECTION('',(-1.,0.,0.));
#2958 = PLANE('',#2959);
#2959 = AXIS2_PLACEMENT_3D('',#2960,#2961,#2962);
#2960 = CARTESIAN_POINT('',(2.05,0.2125,0.));
#2961 = DIRECTION('',(0.,-0.,1.));
#2962 = DIRECTION('',(-1.,0.,0.));
#2963 = ADVANCED_FACE('',(#2964),#2989,.F.);
#2964 = FACE_BOUND('',#2965,.F.);
#2965 = EDGE_LOOP('',(#2966,#2967,#2975,#2983));
#2966 = ORIENTED_EDGE('',*,*,#2945,.T.);
#2967 = ORIENTED_EDGE('',*,*,#2968,.T.);
#2968 = EDGE_CURVE('',#2938,#2969,#2971,.T.);
#2969 = VERTEX_POINT('',#2970);
#2970 = CARTESIAN_POINT('',(1.5,0.4375,0.55));
#2971 = LINE('',#2972,#2973);
#2972 = CARTESIAN_POINT('',(1.65,0.4375,0.));
#2973 = VECTOR('',#2974,1.);
#2974 = DIRECTION('',(-0.263117405792,0.,0.964763821238));
#2975 = ORIENTED_EDGE('',*,*,#2976,.F.);
#2976 = EDGE_CURVE('',#2977,#2969,#2979,.T.);
#2977 = VERTEX_POINT('',#2978);
#2978 = CARTESIAN_POINT('',(1.5,0.2125,0.55));
#2979 = LINE('',#2980,#2981);
#2980 = CARTESIAN_POINT('',(1.5,0.2125,0.55));
#2981 = VECTOR('',#2982,1.);
#2982 = DIRECTION('',(0.,1.,0.));
#2983 = ORIENTED_EDGE('',*,*,#2984,.F.);
#2984 = EDGE_CURVE('',#2946,#2977,#2985,.T.);
#2985 = LINE('',#2986,#2987);
#2986 = CARTESIAN_POINT('',(1.65,0.2125,0.));
#2987 = VECTOR('',#2988,1.);
#2988 = DIRECTION('',(-0.263117405792,0.,0.964763821238));
#2989 = PLANE('',#2990);
#2990 = AXIS2_PLACEMENT_3D('',#2991,#2992,#2993);
#2991 = CARTESIAN_POINT('',(1.65,0.2125,0.));
#2992 = DIRECTION('',(0.964763821238,-0.,0.263117405792));
#2993 = DIRECTION('',(-0.263117405792,0.,0.964763821238));
#2994 = ADVANCED_FACE('',(#2995),#3020,.F.);
#2995 = FACE_BOUND('',#2996,.F.);
#2996 = EDGE_LOOP('',(#2997,#2998,#3006,#3014));
#2997 = ORIENTED_EDGE('',*,*,#2976,.T.);
#2998 = ORIENTED_EDGE('',*,*,#2999,.T.);
#2999 = EDGE_CURVE('',#2969,#3000,#3002,.T.);
#3000 = VERTEX_POINT('',#3001);
#3001 = CARTESIAN_POINT('',(1.3,0.4375,0.55));
#3002 = LINE('',#3003,#3004);
#3003 = CARTESIAN_POINT('',(1.5,0.4375,0.55));
#3004 = VECTOR('',#3005,1.);
#3005 = DIRECTION('',(-1.,0.,0.));
#3006 = ORIENTED_EDGE('',*,*,#3007,.F.);
#3007 = EDGE_CURVE('',#3008,#3000,#3010,.T.);
#3008 = VERTEX_POINT('',#3009);
#3009 = CARTESIAN_POINT('',(1.3,0.2125,0.55));
#3010 = LINE('',#3011,#3012);
#3011 = CARTESIAN_POINT('',(1.3,0.2125,0.55));
#3012 = VECTOR('',#3013,1.);
#3013 = DIRECTION('',(0.,1.,0.));
#3014 = ORIENTED_EDGE('',*,*,#3015,.F.);
#3015 = EDGE_CURVE('',#2977,#3008,#3016,.T.);
#3016 = LINE('',#3017,#3018);
#3017 = CARTESIAN_POINT('',(1.5,0.2125,0.55));
#3018 = VECTOR('',#3019,1.);
#3019 = DIRECTION('',(-1.,0.,0.));
#3020 = PLANE('',#3021);
#3021 = AXIS2_PLACEMENT_3D('',#3022,#3023,#3024);
#3022 = CARTESIAN_POINT('',(1.5,0.2125,0.55));
#3023 = DIRECTION('',(0.,-0.,1.));
#3024 = DIRECTION('',(-1.,0.,0.));
#3025 = ADVANCED_FACE('',(#3026),#3042,.F.);
#3026 = FACE_BOUND('',#3027,.F.);
#3027 = EDGE_LOOP('',(#3028,#3029,#3035,#3036));
#3028 = ORIENTED_EDGE('',*,*,#3007,.T.);
#3029 = ORIENTED_EDGE('',*,*,#3030,.T.);
#3030 = EDGE_CURVE('',#3000,#2806,#3031,.T.);
#3031 = LINE('',#3032,#3033);
#3032 = CARTESIAN_POINT('',(1.3,0.4375,0.55));
#3033 = VECTOR('',#3034,1.);
#3034 = DIRECTION('',(0.,0.,1.));
#3035 = ORIENTED_EDGE('',*,*,#2803,.F.);
#3036 = ORIENTED_EDGE('',*,*,#3037,.F.);
#3037 = EDGE_CURVE('',#3008,#2804,#3038,.T.);
#3038 = LINE('',#3039,#3040);
#3039 = CARTESIAN_POINT('',(1.3,0.2125,0.55));
#3040 = VECTOR('',#3041,1.);
#3041 = DIRECTION('',(0.,0.,1.));
#3042 = PLANE('',#3043);
#3043 = AXIS2_PLACEMENT_3D('',#3044,#3045,#3046);
#3044 = CARTESIAN_POINT('',(1.3,0.2125,0.55));
#3045 = DIRECTION('',(1.,0.,0.));
#3046 = DIRECTION('',(0.,0.,1.));
#3047 = ADVANCED_FACE('',(#3048),#3058,.F.);
#3048 = FACE_BOUND('',#3049,.F.);
#3049 = EDGE_LOOP('',(#3050,#3051,#3052,#3053,#3054,#3055,#3056,#3057));
#3050 = ORIENTED_EDGE('',*,*,#2829,.T.);
#3051 = ORIENTED_EDGE('',*,*,#2860,.T.);
#3052 = ORIENTED_EDGE('',*,*,#2891,.T.);
#3053 = ORIENTED_EDGE('',*,*,#2922,.T.);
#3054 = ORIENTED_EDGE('',*,*,#2953,.T.);
#3055 = ORIENTED_EDGE('',*,*,#2984,.T.);
#3056 = ORIENTED_EDGE('',*,*,#3015,.T.);
#3057 = ORIENTED_EDGE('',*,*,#3037,.T.);
#3058 = PLANE('',#3059);
#3059 = AXIS2_PLACEMENT_3D('',#3060,#3061,#3062);
#3060 = CARTESIAN_POINT('',(1.661406829253,0.2125,0.332203135947));
#3061 = DIRECTION('',(0.,1.,0.));
#3062 = DIRECTION('',(0.,-0.,1.));
#3063 = ADVANCED_FACE('',(#3064),#3074,.T.);
#3064 = FACE_BOUND('',#3065,.T.);
#3065 = EDGE_LOOP('',(#3066,#3067,#3068,#3069,#3070,#3071,#3072,#3073));
#3066 = ORIENTED_EDGE('',*,*,#2813,.T.);
#3067 = ORIENTED_EDGE('',*,*,#2844,.T.);
#3068 = ORIENTED_EDGE('',*,*,#2875,.T.);
#3069 = ORIENTED_EDGE('',*,*,#2906,.T.);
#3070 = ORIENTED_EDGE('',*,*,#2937,.T.);
#3071 = ORIENTED_EDGE('',*,*,#2968,.T.);
#3072 = ORIENTED_EDGE('',*,*,#2999,.T.);
#3073 = ORIENTED_EDGE('',*,*,#3030,.T.);
#3074 = PLANE('',#3075);
#3075 = AXIS2_PLACEMENT_3D('',#3076,#3077,#3078);
#3076 = CARTESIAN_POINT('',(1.661406829253,0.4375,0.332203135947));
#3077 = DIRECTION('',(0.,1.,0.));
#3078 = DIRECTION('',(0.,-0.,1.));
#3079 = MANIFOLD_SOLID_BREP('',#3080);
#3080 = CLOSED_SHELL('',(#3081,#3121,#3152,#3183,#3214,#3245,#3276,#3307
    ,#3329,#3345));
#3081 = ADVANCED_FACE('',(#3082),#3116,.F.);
#3082 = FACE_BOUND('',#3083,.F.);
#3083 = EDGE_LOOP('',(#3084,#3094,#3102,#3110));
#3084 = ORIENTED_EDGE('',*,*,#3085,.T.);
#3085 = EDGE_CURVE('',#3086,#3088,#3090,.T.);
#3086 = VERTEX_POINT('',#3087);
#3087 = CARTESIAN_POINT('',(1.3,-0.4375,0.7));
#3088 = VERTEX_POINT('',#3089);
#3089 = CARTESIAN_POINT('',(1.3,-0.2125,0.7));
#3090 = LINE('',#3091,#3092);
#3091 = CARTESIAN_POINT('',(1.3,-0.4375,0.7));
#3092 = VECTOR('',#3093,1.);
#3093 = DIRECTION('',(0.,1.,0.));
#3094 = ORIENTED_EDGE('',*,*,#3095,.T.);
#3095 = EDGE_CURVE('',#3088,#3096,#3098,.T.);
#3096 = VERTEX_POINT('',#3097);
#3097 = CARTESIAN_POINT('',(1.61456937615,-0.2125,0.7));
#3098 = LINE('',#3099,#3100);
#3099 = CARTESIAN_POINT('',(1.3,-0.2125,0.7));
#3100 = VECTOR('',#3101,1.);
#3101 = DIRECTION('',(1.,0.,0.));
#3102 = ORIENTED_EDGE('',*,*,#3103,.F.);
#3103 = EDGE_CURVE('',#3104,#3096,#3106,.T.);
#3104 = VERTEX_POINT('',#3105);
#3105 = CARTESIAN_POINT('',(1.61456937615,-0.4375,0.7));
#3106 = LINE('',#3107,#3108);
#3107 = CARTESIAN_POINT('',(1.61456937615,-0.4375,0.7));
#3108 = VECTOR('',#3109,1.);
#3109 = DIRECTION('',(0.,1.,0.));
#3110 = ORIENTED_EDGE('',*,*,#3111,.F.);
#3111 = EDGE_CURVE('',#3086,#3104,#3112,.T.);
#3112 = LINE('',#3113,#3114);
#3113 = CARTESIAN_POINT('',(1.3,-0.4375,0.7));
#3114 = VECTOR('',#3115,1.);
#3115 = DIRECTION('',(1.,0.,0.));
#3116 = PLANE('',#3117);
#3117 = AXIS2_PLACEMENT_3D('',#3118,#3119,#3120);
#3118 = CARTESIAN_POINT('',(1.3,-0.4375,0.7));
#3119 = DIRECTION('',(0.,0.,-1.));
#3120 = DIRECTION('',(1.,0.,0.));
#3121 = ADVANCED_FACE('',(#3122),#3147,.F.);
#3122 = FACE_BOUND('',#3123,.F.);
#3123 = EDGE_LOOP('',(#3124,#3125,#3133,#3141));
#3124 = ORIENTED_EDGE('',*,*,#3103,.T.);
#3125 = ORIENTED_EDGE('',*,*,#3126,.T.);
#3126 = EDGE_CURVE('',#3096,#3127,#3129,.T.);
#3127 = VERTEX_POINT('',#3128);
#3128 = CARTESIAN_POINT('',(1.76456937615,-0.2125,0.15));
#3129 = LINE('',#3130,#3131);
#3130 = CARTESIAN_POINT('',(1.61456937615,-0.2125,0.7));
#3131 = VECTOR('',#3132,1.);
#3132 = DIRECTION('',(0.263117405792,0.,-0.964763821238));
#3133 = ORIENTED_EDGE('',*,*,#3134,.F.);
#3134 = EDGE_CURVE('',#3135,#3127,#3137,.T.);
#3135 = VERTEX_POINT('',#3136);
#3136 = CARTESIAN_POINT('',(1.76456937615,-0.4375,0.15));
#3137 = LINE('',#3138,#3139);
#3138 = CARTESIAN_POINT('',(1.76456937615,-0.4375,0.15));
#3139 = VECTOR('',#3140,1.);
#3140 = DIRECTION('',(0.,1.,0.));
#3141 = ORIENTED_EDGE('',*,*,#3142,.F.);
#3142 = EDGE_CURVE('',#3104,#3135,#3143,.T.);
#3143 = LINE('',#3144,#3145);
#3144 = CARTESIAN_POINT('',(1.61456937615,-0.4375,0.7));
#3145 = VECTOR('',#3146,1.);
#3146 = DIRECTION('',(0.263117405792,0.,-0.964763821238));
#3147 = PLANE('',#3148);
#3148 = AXIS2_PLACEMENT_3D('',#3149,#3150,#3151);
#3149 = CARTESIAN_POINT('',(1.61456937615,-0.4375,0.7));
#3150 = DIRECTION('',(-0.964763821238,0.,-0.263117405792));
#3151 = DIRECTION('',(0.263117405792,0.,-0.964763821238));
#3152 = ADVANCED_FACE('',(#3153),#3178,.F.);
#3153 = FACE_BOUND('',#3154,.F.);
#3154 = EDGE_LOOP('',(#3155,#3156,#3164,#3172));
#3155 = ORIENTED_EDGE('',*,*,#3134,.T.);
#3156 = ORIENTED_EDGE('',*,*,#3157,.T.);
#3157 = EDGE_CURVE('',#3127,#3158,#3160,.T.);
#3158 = VERTEX_POINT('',#3159);
#3159 = CARTESIAN_POINT('',(2.05,-0.2125,0.15));
#3160 = LINE('',#3161,#3162);
#3161 = CARTESIAN_POINT('',(1.76456937615,-0.2125,0.15));
#3162 = VECTOR('',#3163,1.);
#3163 = DIRECTION('',(1.,0.,0.));
#3164 = ORIENTED_EDGE('',*,*,#3165,.F.);
#3165 = EDGE_CURVE('',#3166,#3158,#3168,.T.);
#3166 = VERTEX_POINT('',#3167);
#3167 = CARTESIAN_POINT('',(2.05,-0.4375,0.15));
#3168 = LINE('',#3169,#3170);
#3169 = CARTESIAN_POINT('',(2.05,-0.4375,0.15));
#3170 = VECTOR('',#3171,1.);
#3171 = DIRECTION('',(0.,1.,0.));
#3172 = ORIENTED_EDGE('',*,*,#3173,.F.);
#3173 = EDGE_CURVE('',#3135,#3166,#3174,.T.);
#3174 = LINE('',#3175,#3176);
#3175 = CARTESIAN_POINT('',(1.76456937615,-0.4375,0.15));
#3176 = VECTOR('',#3177,1.);
#3177 = DIRECTION('',(1.,0.,0.));
#3178 = PLANE('',#3179);
#3179 = AXIS2_PLACEMENT_3D('',#3180,#3181,#3182);
#3180 = CARTESIAN_POINT('',(1.76456937615,-0.4375,0.15));
#3181 = DIRECTION('',(0.,0.,-1.));
#3182 = DIRECTION('',(1.,0.,0.));
#3183 = ADVANCED_FACE('',(#3184),#3209,.F.);
#3184 = FACE_BOUND('',#3185,.F.);
#3185 = EDGE_LOOP('',(#3186,#3187,#3195,#3203));
#3186 = ORIENTED_EDGE('',*,*,#3165,.T.);
#3187 = ORIENTED_EDGE('',*,*,#3188,.T.);
#3188 = EDGE_CURVE('',#3158,#3189,#3191,.T.);
#3189 = VERTEX_POINT('',#3190);
#3190 = CARTESIAN_POINT('',(2.05,-0.2125,0.));
#3191 = LINE('',#3192,#3193);
#3192 = CARTESIAN_POINT('',(2.05,-0.2125,0.15));
#3193 = VECTOR('',#3194,1.);
#3194 = DIRECTION('',(0.,0.,-1.));
#3195 = ORIENTED_EDGE('',*,*,#3196,.F.);
#3196 = EDGE_CURVE('',#3197,#3189,#3199,.T.);
#3197 = VERTEX_POINT('',#3198);
#3198 = CARTESIAN_POINT('',(2.05,-0.4375,0.));
#3199 = LINE('',#3200,#3201);
#3200 = CARTESIAN_POINT('',(2.05,-0.4375,0.));
#3201 = VECTOR('',#3202,1.);
#3202 = DIRECTION('',(0.,1.,0.));
#3203 = ORIENTED_EDGE('',*,*,#3204,.F.);
#3204 = EDGE_CURVE('',#3166,#3197,#3205,.T.);
#3205 = LINE('',#3206,#3207);
#3206 = CARTESIAN_POINT('',(2.05,-0.4375,0.15));
#3207 = VECTOR('',#3208,1.);
#3208 = DIRECTION('',(0.,0.,-1.));
#3209 = PLANE('',#3210);
#3210 = AXIS2_PLACEMENT_3D('',#3211,#3212,#3213);
#3211 = CARTESIAN_POINT('',(2.05,-0.4375,0.15));
#3212 = DIRECTION('',(-1.,0.,0.));
#3213 = DIRECTION('',(0.,0.,-1.));
#3214 = ADVANCED_FACE('',(#3215),#3240,.F.);
#3215 = FACE_BOUND('',#3216,.F.);
#3216 = EDGE_LOOP('',(#3217,#3218,#3226,#3234));
#3217 = ORIENTED_EDGE('',*,*,#3196,.T.);
#3218 = ORIENTED_EDGE('',*,*,#3219,.T.);
#3219 = EDGE_CURVE('',#3189,#3220,#3222,.T.);
#3220 = VERTEX_POINT('',#3221);
#3221 = CARTESIAN_POINT('',(1.65,-0.2125,0.));
#3222 = LINE('',#3223,#3224);
#3223 = CARTESIAN_POINT('',(2.05,-0.2125,0.));
#3224 = VECTOR('',#3225,1.);
#3225 = DIRECTION('',(-1.,0.,0.));
#3226 = ORIENTED_EDGE('',*,*,#3227,.F.);
#3227 = EDGE_CURVE('',#3228,#3220,#3230,.T.);
#3228 = VERTEX_POINT('',#3229);
#3229 = CARTESIAN_POINT('',(1.65,-0.4375,0.));
#3230 = LINE('',#3231,#3232);
#3231 = CARTESIAN_POINT('',(1.65,-0.4375,0.));
#3232 = VECTOR('',#3233,1.);
#3233 = DIRECTION('',(0.,1.,0.));
#3234 = ORIENTED_EDGE('',*,*,#3235,.F.);
#3235 = EDGE_CURVE('',#3197,#3228,#3236,.T.);
#3236 = LINE('',#3237,#3238);
#3237 = CARTESIAN_POINT('',(2.05,-0.4375,0.));
#3238 = VECTOR('',#3239,1.);
#3239 = DIRECTION('',(-1.,0.,0.));
#3240 = PLANE('',#3241);
#3241 = AXIS2_PLACEMENT_3D('',#3242,#3243,#3244);
#3242 = CARTESIAN_POINT('',(2.05,-0.4375,0.));
#3243 = DIRECTION('',(0.,-0.,1.));
#3244 = DIRECTION('',(-1.,0.,0.));
#3245 = ADVANCED_FACE('',(#3246),#3271,.F.);
#3246 = FACE_BOUND('',#3247,.F.);
#3247 = EDGE_LOOP('',(#3248,#3249,#3257,#3265));
#3248 = ORIENTED_EDGE('',*,*,#3227,.T.);
#3249 = ORIENTED_EDGE('',*,*,#3250,.T.);
#3250 = EDGE_CURVE('',#3220,#3251,#3253,.T.);
#3251 = VERTEX_POINT('',#3252);
#3252 = CARTESIAN_POINT('',(1.5,-0.2125,0.55));
#3253 = LINE('',#3254,#3255);
#3254 = CARTESIAN_POINT('',(1.65,-0.2125,0.));
#3255 = VECTOR('',#3256,1.);
#3256 = DIRECTION('',(-0.263117405792,0.,0.964763821238));
#3257 = ORIENTED_EDGE('',*,*,#3258,.F.);
#3258 = EDGE_CURVE('',#3259,#3251,#3261,.T.);
#3259 = VERTEX_POINT('',#3260);
#3260 = CARTESIAN_POINT('',(1.5,-0.4375,0.55));
#3261 = LINE('',#3262,#3263);
#3262 = CARTESIAN_POINT('',(1.5,-0.4375,0.55));
#3263 = VECTOR('',#3264,1.);
#3264 = DIRECTION('',(0.,1.,0.));
#3265 = ORIENTED_EDGE('',*,*,#3266,.F.);
#3266 = EDGE_CURVE('',#3228,#3259,#3267,.T.);
#3267 = LINE('',#3268,#3269);
#3268 = CARTESIAN_POINT('',(1.65,-0.4375,0.));
#3269 = VECTOR('',#3270,1.);
#3270 = DIRECTION('',(-0.263117405792,0.,0.964763821238));
#3271 = PLANE('',#3272);
#3272 = AXIS2_PLACEMENT_3D('',#3273,#3274,#3275);
#3273 = CARTESIAN_POINT('',(1.65,-0.4375,0.));
#3274 = DIRECTION('',(0.964763821238,-0.,0.263117405792));
#3275 = DIRECTION('',(-0.263117405792,0.,0.964763821238));
#3276 = ADVANCED_FACE('',(#3277),#3302,.F.);
#3277 = FACE_BOUND('',#3278,.F.);
#3278 = EDGE_LOOP('',(#3279,#3280,#3288,#3296));
#3279 = ORIENTED_EDGE('',*,*,#3258,.T.);
#3280 = ORIENTED_EDGE('',*,*,#3281,.T.);
#3281 = EDGE_CURVE('',#3251,#3282,#3284,.T.);
#3282 = VERTEX_POINT('',#3283);
#3283 = CARTESIAN_POINT('',(1.3,-0.2125,0.55));
#3284 = LINE('',#3285,#3286);
#3285 = CARTESIAN_POINT('',(1.5,-0.2125,0.55));
#3286 = VECTOR('',#3287,1.);
#3287 = DIRECTION('',(-1.,0.,0.));
#3288 = ORIENTED_EDGE('',*,*,#3289,.F.);
#3289 = EDGE_CURVE('',#3290,#3282,#3292,.T.);
#3290 = VERTEX_POINT('',#3291);
#3291 = CARTESIAN_POINT('',(1.3,-0.4375,0.55));
#3292 = LINE('',#3293,#3294);
#3293 = CARTESIAN_POINT('',(1.3,-0.4375,0.55));
#3294 = VECTOR('',#3295,1.);
#3295 = DIRECTION('',(0.,1.,0.));
#3296 = ORIENTED_EDGE('',*,*,#3297,.F.);
#3297 = EDGE_CURVE('',#3259,#3290,#3298,.T.);
#3298 = LINE('',#3299,#3300);
#3299 = CARTESIAN_POINT('',(1.5,-0.4375,0.55));
#3300 = VECTOR('',#3301,1.);
#3301 = DIRECTION('',(-1.,0.,0.));
#3302 = PLANE('',#3303);
#3303 = AXIS2_PLACEMENT_3D('',#3304,#3305,#3306);
#3304 = CARTESIAN_POINT('',(1.5,-0.4375,0.55));
#3305 = DIRECTION('',(0.,-0.,1.));
#3306 = DIRECTION('',(-1.,0.,0.));
#3307 = ADVANCED_FACE('',(#3308),#3324,.F.);
#3308 = FACE_BOUND('',#3309,.F.);
#3309 = EDGE_LOOP('',(#3310,#3311,#3317,#3318));
#3310 = ORIENTED_EDGE('',*,*,#3289,.T.);
#3311 = ORIENTED_EDGE('',*,*,#3312,.T.);
#3312 = EDGE_CURVE('',#3282,#3088,#3313,.T.);
#3313 = LINE('',#3314,#3315);
#3314 = CARTESIAN_POINT('',(1.3,-0.2125,0.55));
#3315 = VECTOR('',#3316,1.);
#3316 = DIRECTION('',(0.,0.,1.));
#3317 = ORIENTED_EDGE('',*,*,#3085,.F.);
#3318 = ORIENTED_EDGE('',*,*,#3319,.F.);
#3319 = EDGE_CURVE('',#3290,#3086,#3320,.T.);
#3320 = LINE('',#3321,#3322);
#3321 = CARTESIAN_POINT('',(1.3,-0.4375,0.55));
#3322 = VECTOR('',#3323,1.);
#3323 = DIRECTION('',(0.,0.,1.));
#3324 = PLANE('',#3325);
#3325 = AXIS2_PLACEMENT_3D('',#3326,#3327,#3328);
#3326 = CARTESIAN_POINT('',(1.3,-0.4375,0.55));
#3327 = DIRECTION('',(1.,0.,0.));
#3328 = DIRECTION('',(0.,0.,1.));
#3329 = ADVANCED_FACE('',(#3330),#3340,.F.);
#3330 = FACE_BOUND('',#3331,.F.);
#3331 = EDGE_LOOP('',(#3332,#3333,#3334,#3335,#3336,#3337,#3338,#3339));
#3332 = ORIENTED_EDGE('',*,*,#3111,.T.);
#3333 = ORIENTED_EDGE('',*,*,#3142,.T.);
#3334 = ORIENTED_EDGE('',*,*,#3173,.T.);
#3335 = ORIENTED_EDGE('',*,*,#3204,.T.);
#3336 = ORIENTED_EDGE('',*,*,#3235,.T.);
#3337 = ORIENTED_EDGE('',*,*,#3266,.T.);
#3338 = ORIENTED_EDGE('',*,*,#3297,.T.);
#3339 = ORIENTED_EDGE('',*,*,#3319,.T.);
#3340 = PLANE('',#3341);
#3341 = AXIS2_PLACEMENT_3D('',#3342,#3343,#3344);
#3342 = CARTESIAN_POINT('',(1.661406829253,-0.4375,0.332203135947));
#3343 = DIRECTION('',(0.,1.,0.));
#3344 = DIRECTION('',(0.,-0.,1.));
#3345 = ADVANCED_FACE('',(#3346),#3356,.T.);
#3346 = FACE_BOUND('',#3347,.T.);
#3347 = EDGE_LOOP('',(#3348,#3349,#3350,#3351,#3352,#3353,#3354,#3355));
#3348 = ORIENTED_EDGE('',*,*,#3095,.T.);
#3349 = ORIENTED_EDGE('',*,*,#3126,.T.);
#3350 = ORIENTED_EDGE('',*,*,#3157,.T.);
#3351 = ORIENTED_EDGE('',*,*,#3188,.T.);
#3352 = ORIENTED_EDGE('',*,*,#3219,.T.);
#3353 = ORIENTED_EDGE('',*,*,#3250,.T.);
#3354 = ORIENTED_EDGE('',*,*,#3281,.T.);
#3355 = ORIENTED_EDGE('',*,*,#3312,.T.);
#3356 = PLANE('',#3357);
#3357 = AXIS2_PLACEMENT_3D('',#3358,#3359,#3360);
#3358 = CARTESIAN_POINT('',(1.661406829253,-0.2125,0.332203135947));
#3359 = DIRECTION('',(0.,1.,0.));
#3360 = DIRECTION('',(0.,-0.,1.));
#3361 = MANIFOLD_SOLID_BREP('',#3362);
#3362 = CLOSED_SHELL('',(#3363,#3403,#3434,#3465,#3496,#3527,#3558,#3589
    ,#3611,#3627));
#3363 = ADVANCED_FACE('',(#3364),#3398,.F.);
#3364 = FACE_BOUND('',#3365,.F.);
#3365 = EDGE_LOOP('',(#3366,#3376,#3384,#3392));
#3366 = ORIENTED_EDGE('',*,*,#3367,.T.);
#3367 = EDGE_CURVE('',#3368,#3370,#3372,.T.);
#3368 = VERTEX_POINT('',#3369);
#3369 = CARTESIAN_POINT('',(1.3,-1.0875,0.7));
#3370 = VERTEX_POINT('',#3371);
#3371 = CARTESIAN_POINT('',(1.3,-0.8625,0.7));
#3372 = LINE('',#3373,#3374);
#3373 = CARTESIAN_POINT('',(1.3,-1.0875,0.7));
#3374 = VECTOR('',#3375,1.);
#3375 = DIRECTION('',(0.,1.,0.));
#3376 = ORIENTED_EDGE('',*,*,#3377,.T.);
#3377 = EDGE_CURVE('',#3370,#3378,#3380,.T.);
#3378 = VERTEX_POINT('',#3379);
#3379 = CARTESIAN_POINT('',(1.61456937615,-0.8625,0.7));
#3380 = LINE('',#3381,#3382);
#3381 = CARTESIAN_POINT('',(1.3,-0.8625,0.7));
#3382 = VECTOR('',#3383,1.);
#3383 = DIRECTION('',(1.,0.,0.));
#3384 = ORIENTED_EDGE('',*,*,#3385,.F.);
#3385 = EDGE_CURVE('',#3386,#3378,#3388,.T.);
#3386 = VERTEX_POINT('',#3387);
#3387 = CARTESIAN_POINT('',(1.61456937615,-1.0875,0.7));
#3388 = LINE('',#3389,#3390);
#3389 = CARTESIAN_POINT('',(1.61456937615,-1.0875,0.7));
#3390 = VECTOR('',#3391,1.);
#3391 = DIRECTION('',(0.,1.,0.));
#3392 = ORIENTED_EDGE('',*,*,#3393,.F.);
#3393 = EDGE_CURVE('',#3368,#3386,#3394,.T.);
#3394 = LINE('',#3395,#3396);
#3395 = CARTESIAN_POINT('',(1.3,-1.0875,0.7));
#3396 = VECTOR('',#3397,1.);
#3397 = DIRECTION('',(1.,0.,0.));
#3398 = PLANE('',#3399);
#3399 = AXIS2_PLACEMENT_3D('',#3400,#3401,#3402);
#3400 = CARTESIAN_POINT('',(1.3,-1.0875,0.7));
#3401 = DIRECTION('',(0.,0.,-1.));
#3402 = DIRECTION('',(1.,0.,0.));
#3403 = ADVANCED_FACE('',(#3404),#3429,.F.);
#3404 = FACE_BOUND('',#3405,.F.);
#3405 = EDGE_LOOP('',(#3406,#3407,#3415,#3423));
#3406 = ORIENTED_EDGE('',*,*,#3385,.T.);
#3407 = ORIENTED_EDGE('',*,*,#3408,.T.);
#3408 = EDGE_CURVE('',#3378,#3409,#3411,.T.);
#3409 = VERTEX_POINT('',#3410);
#3410 = CARTESIAN_POINT('',(1.76456937615,-0.8625,0.15));
#3411 = LINE('',#3412,#3413);
#3412 = CARTESIAN_POINT('',(1.61456937615,-0.8625,0.7));
#3413 = VECTOR('',#3414,1.);
#3414 = DIRECTION('',(0.263117405792,0.,-0.964763821238));
#3415 = ORIENTED_EDGE('',*,*,#3416,.F.);
#3416 = EDGE_CURVE('',#3417,#3409,#3419,.T.);
#3417 = VERTEX_POINT('',#3418);
#3418 = CARTESIAN_POINT('',(1.76456937615,-1.0875,0.15));
#3419 = LINE('',#3420,#3421);
#3420 = CARTESIAN_POINT('',(1.76456937615,-1.0875,0.15));
#3421 = VECTOR('',#3422,1.);
#3422 = DIRECTION('',(0.,1.,0.));
#3423 = ORIENTED_EDGE('',*,*,#3424,.F.);
#3424 = EDGE_CURVE('',#3386,#3417,#3425,.T.);
#3425 = LINE('',#3426,#3427);
#3426 = CARTESIAN_POINT('',(1.61456937615,-1.0875,0.7));
#3427 = VECTOR('',#3428,1.);
#3428 = DIRECTION('',(0.263117405792,0.,-0.964763821238));
#3429 = PLANE('',#3430);
#3430 = AXIS2_PLACEMENT_3D('',#3431,#3432,#3433);
#3431 = CARTESIAN_POINT('',(1.61456937615,-1.0875,0.7));
#3432 = DIRECTION('',(-0.964763821238,0.,-0.263117405792));
#3433 = DIRECTION('',(0.263117405792,0.,-0.964763821238));
#3434 = ADVANCED_FACE('',(#3435),#3460,.F.);
#3435 = FACE_BOUND('',#3436,.F.);
#3436 = EDGE_LOOP('',(#3437,#3438,#3446,#3454));
#3437 = ORIENTED_EDGE('',*,*,#3416,.T.);
#3438 = ORIENTED_EDGE('',*,*,#3439,.T.);
#3439 = EDGE_CURVE('',#3409,#3440,#3442,.T.);
#3440 = VERTEX_POINT('',#3441);
#3441 = CARTESIAN_POINT('',(2.05,-0.8625,0.15));
#3442 = LINE('',#3443,#3444);
#3443 = CARTESIAN_POINT('',(1.76456937615,-0.8625,0.15));
#3444 = VECTOR('',#3445,1.);
#3445 = DIRECTION('',(1.,0.,0.));
#3446 = ORIENTED_EDGE('',*,*,#3447,.F.);
#3447 = EDGE_CURVE('',#3448,#3440,#3450,.T.);
#3448 = VERTEX_POINT('',#3449);
#3449 = CARTESIAN_POINT('',(2.05,-1.0875,0.15));
#3450 = LINE('',#3451,#3452);
#3451 = CARTESIAN_POINT('',(2.05,-1.0875,0.15));
#3452 = VECTOR('',#3453,1.);
#3453 = DIRECTION('',(0.,1.,0.));
#3454 = ORIENTED_EDGE('',*,*,#3455,.F.);
#3455 = EDGE_CURVE('',#3417,#3448,#3456,.T.);
#3456 = LINE('',#3457,#3458);
#3457 = CARTESIAN_POINT('',(1.76456937615,-1.0875,0.15));
#3458 = VECTOR('',#3459,1.);
#3459 = DIRECTION('',(1.,0.,0.));
#3460 = PLANE('',#3461);
#3461 = AXIS2_PLACEMENT_3D('',#3462,#3463,#3464);
#3462 = CARTESIAN_POINT('',(1.76456937615,-1.0875,0.15));
#3463 = DIRECTION('',(0.,0.,-1.));
#3464 = DIRECTION('',(1.,0.,0.));
#3465 = ADVANCED_FACE('',(#3466),#3491,.F.);
#3466 = FACE_BOUND('',#3467,.F.);
#3467 = EDGE_LOOP('',(#3468,#3469,#3477,#3485));
#3468 = ORIENTED_EDGE('',*,*,#3447,.T.);
#3469 = ORIENTED_EDGE('',*,*,#3470,.T.);
#3470 = EDGE_CURVE('',#3440,#3471,#3473,.T.);
#3471 = VERTEX_POINT('',#3472);
#3472 = CARTESIAN_POINT('',(2.05,-0.8625,0.));
#3473 = LINE('',#3474,#3475);
#3474 = CARTESIAN_POINT('',(2.05,-0.8625,0.15));
#3475 = VECTOR('',#3476,1.);
#3476 = DIRECTION('',(0.,0.,-1.));
#3477 = ORIENTED_EDGE('',*,*,#3478,.F.);
#3478 = EDGE_CURVE('',#3479,#3471,#3481,.T.);
#3479 = VERTEX_POINT('',#3480);
#3480 = CARTESIAN_POINT('',(2.05,-1.0875,0.));
#3481 = LINE('',#3482,#3483);
#3482 = CARTESIAN_POINT('',(2.05,-1.0875,0.));
#3483 = VECTOR('',#3484,1.);
#3484 = DIRECTION('',(0.,1.,0.));
#3485 = ORIENTED_EDGE('',*,*,#3486,.F.);
#3486 = EDGE_CURVE('',#3448,#3479,#3487,.T.);
#3487 = LINE('',#3488,#3489);
#3488 = CARTESIAN_POINT('',(2.05,-1.0875,0.15));
#3489 = VECTOR('',#3490,1.);
#3490 = DIRECTION('',(0.,0.,-1.));
#3491 = PLANE('',#3492);
#3492 = AXIS2_PLACEMENT_3D('',#3493,#3494,#3495);
#3493 = CARTESIAN_POINT('',(2.05,-1.0875,0.15));
#3494 = DIRECTION('',(-1.,0.,0.));
#3495 = DIRECTION('',(0.,0.,-1.));
#3496 = ADVANCED_FACE('',(#3497),#3522,.F.);
#3497 = FACE_BOUND('',#3498,.F.);
#3498 = EDGE_LOOP('',(#3499,#3500,#3508,#3516));
#3499 = ORIENTED_EDGE('',*,*,#3478,.T.);
#3500 = ORIENTED_EDGE('',*,*,#3501,.T.);
#3501 = EDGE_CURVE('',#3471,#3502,#3504,.T.);
#3502 = VERTEX_POINT('',#3503);
#3503 = CARTESIAN_POINT('',(1.65,-0.8625,0.));
#3504 = LINE('',#3505,#3506);
#3505 = CARTESIAN_POINT('',(2.05,-0.8625,0.));
#3506 = VECTOR('',#3507,1.);
#3507 = DIRECTION('',(-1.,0.,0.));
#3508 = ORIENTED_EDGE('',*,*,#3509,.F.);
#3509 = EDGE_CURVE('',#3510,#3502,#3512,.T.);
#3510 = VERTEX_POINT('',#3511);
#3511 = CARTESIAN_POINT('',(1.65,-1.0875,0.));
#3512 = LINE('',#3513,#3514);
#3513 = CARTESIAN_POINT('',(1.65,-1.0875,0.));
#3514 = VECTOR('',#3515,1.);
#3515 = DIRECTION('',(0.,1.,0.));
#3516 = ORIENTED_EDGE('',*,*,#3517,.F.);
#3517 = EDGE_CURVE('',#3479,#3510,#3518,.T.);
#3518 = LINE('',#3519,#3520);
#3519 = CARTESIAN_POINT('',(2.05,-1.0875,0.));
#3520 = VECTOR('',#3521,1.);
#3521 = DIRECTION('',(-1.,0.,0.));
#3522 = PLANE('',#3523);
#3523 = AXIS2_PLACEMENT_3D('',#3524,#3525,#3526);
#3524 = CARTESIAN_POINT('',(2.05,-1.0875,0.));
#3525 = DIRECTION('',(0.,-0.,1.));
#3526 = DIRECTION('',(-1.,0.,0.));
#3527 = ADVANCED_FACE('',(#3528),#3553,.F.);
#3528 = FACE_BOUND('',#3529,.F.);
#3529 = EDGE_LOOP('',(#3530,#3531,#3539,#3547));
#3530 = ORIENTED_EDGE('',*,*,#3509,.T.);
#3531 = ORIENTED_EDGE('',*,*,#3532,.T.);
#3532 = EDGE_CURVE('',#3502,#3533,#3535,.T.);
#3533 = VERTEX_POINT('',#3534);
#3534 = CARTESIAN_POINT('',(1.5,-0.8625,0.55));
#3535 = LINE('',#3536,#3537);
#3536 = CARTESIAN_POINT('',(1.65,-0.8625,0.));
#3537 = VECTOR('',#3538,1.);
#3538 = DIRECTION('',(-0.263117405792,0.,0.964763821238));
#3539 = ORIENTED_EDGE('',*,*,#3540,.F.);
#3540 = EDGE_CURVE('',#3541,#3533,#3543,.T.);
#3541 = VERTEX_POINT('',#3542);
#3542 = CARTESIAN_POINT('',(1.5,-1.0875,0.55));
#3543 = LINE('',#3544,#3545);
#3544 = CARTESIAN_POINT('',(1.5,-1.0875,0.55));
#3545 = VECTOR('',#3546,1.);
#3546 = DIRECTION('',(0.,1.,0.));
#3547 = ORIENTED_EDGE('',*,*,#3548,.F.);
#3548 = EDGE_CURVE('',#3510,#3541,#3549,.T.);
#3549 = LINE('',#3550,#3551);
#3550 = CARTESIAN_POINT('',(1.65,-1.0875,0.));
#3551 = VECTOR('',#3552,1.);
#3552 = DIRECTION('',(-0.263117405792,0.,0.964763821238));
#3553 = PLANE('',#3554);
#3554 = AXIS2_PLACEMENT_3D('',#3555,#3556,#3557);
#3555 = CARTESIAN_POINT('',(1.65,-1.0875,0.));
#3556 = DIRECTION('',(0.964763821238,-0.,0.263117405792));
#3557 = DIRECTION('',(-0.263117405792,0.,0.964763821238));
#3558 = ADVANCED_FACE('',(#3559),#3584,.F.);
#3559 = FACE_BOUND('',#3560,.F.);
#3560 = EDGE_LOOP('',(#3561,#3562,#3570,#3578));
#3561 = ORIENTED_EDGE('',*,*,#3540,.T.);
#3562 = ORIENTED_EDGE('',*,*,#3563,.T.);
#3563 = EDGE_CURVE('',#3533,#3564,#3566,.T.);
#3564 = VERTEX_POINT('',#3565);
#3565 = CARTESIAN_POINT('',(1.3,-0.8625,0.55));
#3566 = LINE('',#3567,#3568);
#3567 = CARTESIAN_POINT('',(1.5,-0.8625,0.55));
#3568 = VECTOR('',#3569,1.);
#3569 = DIRECTION('',(-1.,0.,0.));
#3570 = ORIENTED_EDGE('',*,*,#3571,.F.);
#3571 = EDGE_CURVE('',#3572,#3564,#3574,.T.);
#3572 = VERTEX_POINT('',#3573);
#3573 = CARTESIAN_POINT('',(1.3,-1.0875,0.55));
#3574 = LINE('',#3575,#3576);
#3575 = CARTESIAN_POINT('',(1.3,-1.0875,0.55));
#3576 = VECTOR('',#3577,1.);
#3577 = DIRECTION('',(0.,1.,0.));
#3578 = ORIENTED_EDGE('',*,*,#3579,.F.);
#3579 = EDGE_CURVE('',#3541,#3572,#3580,.T.);
#3580 = LINE('',#3581,#3582);
#3581 = CARTESIAN_POINT('',(1.5,-1.0875,0.55));
#3582 = VECTOR('',#3583,1.);
#3583 = DIRECTION('',(-1.,0.,0.));
#3584 = PLANE('',#3585);
#3585 = AXIS2_PLACEMENT_3D('',#3586,#3587,#3588);
#3586 = CARTESIAN_POINT('',(1.5,-1.0875,0.55));
#3587 = DIRECTION('',(0.,-0.,1.));
#3588 = DIRECTION('',(-1.,0.,0.));
#3589 = ADVANCED_FACE('',(#3590),#3606,.F.);
#3590 = FACE_BOUND('',#3591,.F.);
#3591 = EDGE_LOOP('',(#3592,#3593,#3599,#3600));
#3592 = ORIENTED_EDGE('',*,*,#3571,.T.);
#3593 = ORIENTED_EDGE('',*,*,#3594,.T.);
#3594 = EDGE_CURVE('',#3564,#3370,#3595,.T.);
#3595 = LINE('',#3596,#3597);
#3596 = CARTESIAN_POINT('',(1.3,-0.8625,0.55));
#3597 = VECTOR('',#3598,1.);
#3598 = DIRECTION('',(0.,0.,1.));
#3599 = ORIENTED_EDGE('',*,*,#3367,.F.);
#3600 = ORIENTED_EDGE('',*,*,#3601,.F.);
#3601 = EDGE_CURVE('',#3572,#3368,#3602,.T.);
#3602 = LINE('',#3603,#3604);
#3603 = CARTESIAN_POINT('',(1.3,-1.0875,0.55));
#3604 = VECTOR('',#3605,1.);
#3605 = DIRECTION('',(0.,0.,1.));
#3606 = PLANE('',#3607);
#3607 = AXIS2_PLACEMENT_3D('',#3608,#3609,#3610);
#3608 = CARTESIAN_POINT('',(1.3,-1.0875,0.55));
#3609 = DIRECTION('',(1.,0.,0.));
#3610 = DIRECTION('',(0.,0.,1.));
#3611 = ADVANCED_FACE('',(#3612),#3622,.F.);
#3612 = FACE_BOUND('',#3613,.F.);
#3613 = EDGE_LOOP('',(#3614,#3615,#3616,#3617,#3618,#3619,#3620,#3621));
#3614 = ORIENTED_EDGE('',*,*,#3393,.T.);
#3615 = ORIENTED_EDGE('',*,*,#3424,.T.);
#3616 = ORIENTED_EDGE('',*,*,#3455,.T.);
#3617 = ORIENTED_EDGE('',*,*,#3486,.T.);
#3618 = ORIENTED_EDGE('',*,*,#3517,.T.);
#3619 = ORIENTED_EDGE('',*,*,#3548,.T.);
#3620 = ORIENTED_EDGE('',*,*,#3579,.T.);
#3621 = ORIENTED_EDGE('',*,*,#3601,.T.);
#3622 = PLANE('',#3623);
#3623 = AXIS2_PLACEMENT_3D('',#3624,#3625,#3626);
#3624 = CARTESIAN_POINT('',(1.661406829253,-1.0875,0.332203135947));
#3625 = DIRECTION('',(0.,1.,0.));
#3626 = DIRECTION('',(0.,-0.,1.));
#3627 = ADVANCED_FACE('',(#3628),#3638,.T.);
#3628 = FACE_BOUND('',#3629,.T.);
#3629 = EDGE_LOOP('',(#3630,#3631,#3632,#3633,#3634,#3635,#3636,#3637));
#3630 = ORIENTED_EDGE('',*,*,#3377,.T.);
#3631 = ORIENTED_EDGE('',*,*,#3408,.T.);
#3632 = ORIENTED_EDGE('',*,*,#3439,.T.);
#3633 = ORIENTED_EDGE('',*,*,#3470,.T.);
#3634 = ORIENTED_EDGE('',*,*,#3501,.T.);
#3635 = ORIENTED_EDGE('',*,*,#3532,.T.);
#3636 = ORIENTED_EDGE('',*,*,#3563,.T.);
#3637 = ORIENTED_EDGE('',*,*,#3594,.T.);
#3638 = PLANE('',#3639);
#3639 = AXIS2_PLACEMENT_3D('',#3640,#3641,#3642);
#3640 = CARTESIAN_POINT('',(1.661406829253,-0.8625,0.332203135947));
#3641 = DIRECTION('',(0.,1.,0.));
#3642 = DIRECTION('',(0.,-0.,1.));
#3643 = ( GEOMETRIC_REPRESENTATION_CONTEXT(3) 
GLOBAL_UNCERTAINTY_ASSIGNED_CONTEXT((#3647)) 
GLOBAL_UNIT_ASSIGNED_CONTEXT((#3644,#3645,#3646)) REPRESENTATION_CONTEXT
('Context #1','3D Context with UNIT and UNCERTAINTY') );
#3644 = ( LENGTH_UNIT() NAMED_UNIT(*) SI_UNIT(.MILLI.,.METRE.) );
#3645 = ( NAMED_UNIT(*) PLANE_ANGLE_UNIT() SI_UNIT($,.RADIAN.) );
#3646 = ( NAMED_UNIT(*) SI_UNIT($,.STERADIAN.) SOLID_ANGLE_UNIT() );
#3647 = UNCERTAINTY_MEASURE_WITH_UNIT(LENGTH_MEASURE(1.E-07),#3644,
  'distance_accuracy_value','confusion accuracy');
#3648 = CONTEXT_DEPENDENT_SHAPE_REPRESENTATION(#3649,#3651);
#3649 = ( REPRESENTATION_RELATIONSHIP('','',#1386,#10) 
REPRESENTATION_RELATIONSHIP_WITH_TRANSFORMATION(#3650) 
SHAPE_REPRESENTATION_RELATIONSHIP() );
#3650 = ITEM_DEFINED_TRANSFORMATION('','',#11,#19);
#3651 = PRODUCT_DEFINITION_SHAPE('Placement','Placement of an item',
  #3652);
#3652 = NEXT_ASSEMBLY_USAGE_OCCURRENCE('2','leads','',#5,#1381,$);
#3653 = PRODUCT_RELATED_PRODUCT_CATEGORY('part',$,(#1383));
#3654 = COLOUR_RGB('',0.1000,0.1000,0.1000);
#3655 = FILL_AREA_STYLE_COLOUR('',#3654);
#3656 = FILL_AREA_STYLE('',(#3655));
#3657 = SURFACE_STYLE_FILL_AREA(#3656);
#3658 = SURFACE_SIDE_STYLE('',(#3657));
#3659 = SURFACE_STYLE_USAGE(.BOTH.,#3658);
#3660 = PRESENTATION_STYLE_ASSIGNMENT((#3659));
#3661 = STYLED_ITEM('color',(#3660),#37);
#3662 = MECHANICAL_DESIGN_GEOMETRIC_PRESENTATION_REPRESENTATION('',(#3661),#1368);
#3663 = COLOUR_RGB('',0.8200,0.8200,0.8000);
#3664 = FILL_AREA_STYLE_COLOUR('',#3663);
#3665 = FILL_AREA_STYLE('',(#3664));
#3666 = SURFACE_STYLE_FILL_AREA(#3665);
#3667 = SURFACE_SIDE_STYLE('',(#3666));
#3668 = SURFACE_STYLE_USAGE(.BOTH.,#3667);
#3669 = PRESENTATION_STYLE_ASSIGNMENT((#3668));
#3670 = STYLED_ITEM('color',(#3669),#1387);
#3671 = COLOUR_RGB('',0.8200,0.8200,0.8000);
#3672 = FILL_AREA_STYLE_COLOUR('',#3671);
#3673 = FILL_AREA_STYLE('',(#3672));
#3674 = SURFACE_STYLE_FILL_AREA(#3673);
#3675 = SURFACE_SIDE_STYLE('',(#3674));
#3676 = SURFACE_STYLE_USAGE(.BOTH.,#3675);
#3677 = PRESENTATION_STYLE_ASSIGNMENT((#3676));
#3678 = STYLED_ITEM('color',(#3677),#1669);
#3679 = COLOUR_RGB('',0.8200,0.8200,0.8000);
#3680 = FILL_AREA_STYLE_COLOUR('',#3679);
#3681 = FILL_AREA_STYLE('',(#3680));
#3682 = SURFACE_STYLE_FILL_AREA(#3681);
#3683 = SURFACE_SIDE_STYLE('',(#3682));
#3684 = SURFACE_STYLE_USAGE(.BOTH.,#3683);
#3685 = PRESENTATION_STYLE_ASSIGNMENT((#3684));
#3686 = STYLED_ITEM('color',(#3685),#1951);
#3687 = COLOUR_RGB('',0.8200,0.8200,0.8000);
#3688 = FILL_AREA_STYLE_COLOUR('',#3687);
#3689 = FILL_AREA_STYLE('',(#3688));
#3690 = SURFACE_STYLE_FILL_AREA(#3689);
#3691 = SURFACE_SIDE_STYLE('',(#3690));
#3692 = SURFACE_STYLE_USAGE(.BOTH.,#3691);
#3693 = PRESENTATION_STYLE_ASSIGNMENT((#3692));
#3694 = STYLED_ITEM('color',(#3693),#2233);
#3695 = COLOUR_RGB('',0.8200,0.8200,0.8000);
#3696 = FILL_AREA_STYLE_COLOUR('',#3695);
#3697 = FILL_AREA_STYLE('',(#3696));
#3698 = SURFACE_STYLE_FILL_AREA(#3697);
#3699 = SURFACE_SIDE_STYLE('',(#3698));
#3700 = SURFACE_STYLE_USAGE(.BOTH.,#3699);
#3701 = PRESENTATION_STYLE_ASSIGNMENT((#3700));
#3702 = STYLED_ITEM('color',(#3701),#2515);
#3703 = COLOUR_RGB('',0.8200,0.8200,0.8000);
#3704 = FILL_AREA_STYLE_COLOUR('',#3703);
#3705 = FILL_AREA_STYLE('',(#3704));
#3706 = SURFACE_STYLE_FILL_AREA(#3705);
#3707 = SURFACE_SIDE_STYLE('',(#3706));
#3708 = SURFACE_STYLE_USAGE(.BOTH.,#3707);
#3709 = PRESENTATION_STYLE_ASSIGNMENT((#3708));
#3710 = STYLED_ITEM('color',(#3709),#2797);
#3711 = COLOUR_RGB('',0.8200,0.8200,0.8000);
#3712 = FILL_AREA_STYLE_COLOUR('',#3711);
#3713 = FILL_AREA_STYLE('',(#3712));
#3714 = SURFACE_STYLE_FILL_AREA(#3713);
#3715 = SURFACE_SIDE_STYLE('',(#3714));
#3716 = SURFACE_STYLE_USAGE(.BOTH.,#3715);
#3717 = PRESENTATION_STYLE_ASSIGNMENT((#3716));
#3718 = STYLED_ITEM('color',(#3717),#3079);
#3719 = COLOUR_RGB('',0.8200,0.8200,0.8000);
#3720 = FILL_AREA_STYLE_COLOUR('',#3719);
#3721 = FILL_AREA_STYLE('',(#3720));
#3722 = SURFACE_STYLE_FILL_AREA(#3721);
#3723 = SURFACE_SIDE_STYLE('',(#3722));
#3724 = SURFACE_STYLE_USAGE(.BOTH.,#3723);
#3725 = PRESENTATION_STYLE_ASSIGNMENT((#3724));
#3726 = STYLED_ITEM('color',(#3725),#3361);
#3727 = MECHANICAL_DESIGN_GEOMETRIC_PRESENTATION_REPRESENTATION('',(#3670,#3678,#3686,#3694,#3702,#3710,#3718,#3726),#3643);
ENDSEC;
END-ISO-10303-21;
