ISO-10303-21;
HEADER;
FILE_DESCRIPTION(('FreeCAD Model'),'2;1');
FILE_NAME('USB_C_Receptacle_SHOU-HAN_TYPE-C-16PIN-2MD-073.step','2026-10-02T00:00:00',('Author'),(
    ''),'Open CASCADE STEP processor 7.9','FreeCAD','Unknown');
FILE_SCHEMA(('AUTOMOTIVE_DESIGN { 1 0 10303 214 1 1 1 1 }'));
ENDSEC;
DATA;
#1 = APPLICATION_PROTOCOL_DEFINITION('international standard',
  'automotive_design',2000,#2);
#2 = APPLICATION_CONTEXT(
  'core data for automotive mechanical design processes');
#3 = SHAPE_DEFINITION_REPRESENTATION(#4,#10);
#4 = PRODUCT_DEFINITION_SHAPE('','',#5);
#5 = PRODUCT_DEFINITION('design','',#6,#9);
#6 = PRODUCT_DEFINITION_FORMATION('','',#7);
#7 = PRODUCT('SHOU_HAN_TYPE_C_16PIN_2MD_073',
  'SHOU_HAN_TYPE_C_16PIN_2MD_073','',(#8));
#8 = PRODUCT_CONTEXT('',#2,'mechanical');
#9 = PRODUCT_DEFINITION_CONTEXT('part definition',#2,'design');
#10 = SHAPE_REPRESENTATION('',(#11,#15,#19,#23,#27,#31),#35);
#11 = AXIS2_PLACEMENT_3D('',#12,#13,#14);
#12 = CARTESIAN_POINT('',(0.,0.,0.));
#13 = DIRECTION('',(0.,0.,1.));
#14 = DIRECTION('',(1.,0.,-0.));
#15 = AXIS2_PLACEMENT_3D('',#16,#17,#18);
#16 = CARTESIAN_POINT('',(0.,0.,0.));
#17 = DIRECTION('',(0.,0.,1.));
#18 = DIRECTION('',(1.,0.,0.));
#19 = AXIS2_PLACEMENT_3D('',#20,#21,#22);
#20 = CARTESIAN_POINT('',(0.,0.,0.));
#21 = DIRECTION('',(0.,0.,1.));
#22 = DIRECTION('',(1.,0.,0.));
#23 = AXIS2_PLACEMENT_3D('',#24,#25,#26);
#24 = CARTESIAN_POINT('',(0.,0.,0.));
#25 = DIRECTION('',(0.,0.,1.));
#26 = DIRECTION('',(1.,0.,0.));
#27 = AXIS2_PLACEMENT_3D('',#28,#29,#30);
#28 = CARTESIAN_POINT('',(0.,0.,0.));
#29 = DIRECTION('',(0.,0.,1.));
#30 = DIRECTION('',(1.,0.,0.));
#31 = AXIS2_PLACEMENT_3D('',#32,#33,#34);
#32 = CARTESIAN_POINT('',(0.,0.,0.));
#33 = DIRECTION('',(0.,0.,1.));
#34 = DIRECTION('',(1.,0.,0.));
#35 = ( GEOMETRIC_REPRESENTATION_CONTEXT(3) 
GLOBAL_UNCERTAINTY_ASSIGNED_CONTEXT((#39)) GLOBAL_UNIT_ASSIGNED_CONTEXT(
(#36,#37,#38)) REPRESENTATION_CONTEXT('Context #1',
  '3D Context with UNIT and UNCERTAINTY') );
#36 = ( LENGTH_UNIT() NAMED_UNIT(*) SI_UNIT(.MILLI.,.METRE.) );
#37 = ( NAMED_UNIT(*) PLANE_ANGLE_UNIT() SI_UNIT($,.RADIAN.) );
#38 = ( NAMED_UNIT(*) SI_UNIT($,.STERADIAN.) SOLID_ANGLE_UNIT() );
#39 = UNCERTAINTY_MEASURE_WITH_UNIT(LENGTH_MEASURE(1.E-07),#36,
  'distance_accuracy_value','confusion accuracy');
#40 = PRODUCT_RELATED_PRODUCT_CATEGORY('part',$,(#7));
#41 = SHAPE_DEFINITION_REPRESENTATION(#42,#48);
#42 = PRODUCT_DEFINITION_SHAPE('','',#43);
#43 = PRODUCT_DEFINITION('design','',#44,#47);
#44 = PRODUCT_DEFINITION_FORMATION('','',#45);
#45 = PRODUCT('shell','shell','',(#46));
#46 = PRODUCT_CONTEXT('',#2,'mechanical');
#47 = PRODUCT_DEFINITION_CONTEXT('part definition',#2,'design');
#48 = ADVANCED_BREP_SHAPE_REPRESENTATION('',(#11,#49),#1567);
#49 = MANIFOLD_SOLID_BREP('',#50);
#50 = CLOSED_SHELL('',(#51,#91,#221,#296,#418,#471,#488,#535,#594,#618,
    #641,#667,#698,#721,#745,#761,#792,#827,#850,#867,#885,#944,#977,
    #993,#1017,#1040,#1071,#1113,#1137,#1160,#1177,#1189,#1213,#1238,
    #1262,#1280,#1295,#1320,#1345,#1362,#1387,#1411,#1436,#1453,#1468,
    #1493,#1517,#1535,#1551));
#51 = ADVANCED_FACE('',(#52),#86,.T.);
#52 = FACE_BOUND('',#53,.T.);
#53 = EDGE_LOOP('',(#54,#64,#72,#80));
#54 = ORIENTED_EDGE('',*,*,#55,.F.);
#55 = EDGE_CURVE('',#56,#58,#60,.T.);
#56 = VERTEX_POINT('',#57);
#57 = CARTESIAN_POINT('',(-2.89,-3.675,3.16));
#58 = VERTEX_POINT('',#59);
#59 = CARTESIAN_POINT('',(-2.89,3.085,3.16));
#60 = LINE('',#61,#62);
#61 = CARTESIAN_POINT('',(-2.89,-3.675,3.16));
#62 = VECTOR('',#63,1.);
#63 = DIRECTION('',(-0.,1.,0.));
#64 = ORIENTED_EDGE('',*,*,#65,.T.);
#65 = EDGE_CURVE('',#56,#66,#68,.T.);
#66 = VERTEX_POINT('',#67);
#67 = CARTESIAN_POINT('',(2.89,-3.675,3.16));
#68 = LINE('',#69,#70);
#69 = CARTESIAN_POINT('',(-2.89,-3.675,3.16));
#70 = VECTOR('',#71,1.);
#71 = DIRECTION('',(1.,0.,-0.));
#72 = ORIENTED_EDGE('',*,*,#73,.T.);
#73 = EDGE_CURVE('',#66,#74,#76,.T.);
#74 = VERTEX_POINT('',#75);
#75 = CARTESIAN_POINT('',(2.89,3.085,3.16));
#76 = LINE('',#77,#78);
#77 = CARTESIAN_POINT('',(2.89,-3.675,3.16));
#78 = VECTOR('',#79,1.);
#79 = DIRECTION('',(-0.,1.,0.));
#80 = ORIENTED_EDGE('',*,*,#81,.F.);
#81 = EDGE_CURVE('',#58,#74,#82,.T.);
#82 = LINE('',#83,#84);
#83 = CARTESIAN_POINT('',(-2.89,3.085,3.16));
#84 = VECTOR('',#85,1.);
#85 = DIRECTION('',(1.,0.,-0.));
#86 = PLANE('',#87);
#87 = AXIS2_PLACEMENT_3D('',#88,#89,#90);
#88 = CARTESIAN_POINT('',(-2.89,-3.675,3.16));
#89 = DIRECTION('',(0.,0.,1.));
#90 = DIRECTION('',(1.,0.,-0.));
#91 = ADVANCED_FACE('',(#92,#162),#216,.T.);
#92 = FACE_BOUND('',#93,.T.);
#93 = EDGE_LOOP('',(#94,#103,#104,#113,#121,#130,#139,#147,#156));
#94 = ORIENTED_EDGE('',*,*,#95,.T.);
#95 = EDGE_CURVE('',#96,#56,#98,.T.);
#96 = VERTEX_POINT('',#97);
#97 = CARTESIAN_POINT('',(-2.89,-3.675,0.));
#98 = CIRCLE('',#99,1.58);
#99 = AXIS2_PLACEMENT_3D('',#100,#101,#102);
#100 = CARTESIAN_POINT('',(-2.89,-3.675,1.58));
#101 = DIRECTION('',(0.,1.,0.));
#102 = DIRECTION('',(0.,-0.,1.));
#103 = ORIENTED_EDGE('',*,*,#55,.T.);
#104 = ORIENTED_EDGE('',*,*,#105,.F.);
#105 = EDGE_CURVE('',#106,#58,#108,.T.);
#106 = VERTEX_POINT('',#107);
#107 = CARTESIAN_POINT('',(-4.462863630452,3.085,1.73));
#108 = CIRCLE('',#109,1.58);
#109 = AXIS2_PLACEMENT_3D('',#110,#111,#112);
#110 = CARTESIAN_POINT('',(-2.89,3.085,1.58));
#111 = DIRECTION('',(0.,1.,0.));
#112 = DIRECTION('',(0.,-0.,1.));
#113 = ORIENTED_EDGE('',*,*,#114,.F.);
#114 = EDGE_CURVE('',#115,#106,#117,.T.);
#115 = VERTEX_POINT('',#116);
#116 = CARTESIAN_POINT('',(-4.462863630452,2.555,1.73));
#117 = LINE('',#118,#119);
#118 = CARTESIAN_POINT('',(-4.462863630452,-3.675,1.73));
#119 = VECTOR('',#120,1.);
#120 = DIRECTION('',(0.,1.,0.));
#121 = ORIENTED_EDGE('',*,*,#122,.F.);
#122 = EDGE_CURVE('',#123,#115,#125,.T.);
#123 = VERTEX_POINT('',#124);
#124 = CARTESIAN_POINT('',(-4.47,2.555,1.58));
#125 = CIRCLE('',#126,1.58);
#126 = AXIS2_PLACEMENT_3D('',#127,#128,#129);
#127 = CARTESIAN_POINT('',(-2.89,2.555,1.58));
#128 = DIRECTION('',(0.,1.,0.));
#129 = DIRECTION('',(0.,-0.,1.));
#130 = ORIENTED_EDGE('',*,*,#131,.F.);
#131 = EDGE_CURVE('',#132,#123,#134,.T.);
#132 = VERTEX_POINT('',#133);
#133 = CARTESIAN_POINT('',(-4.17,2.555,0.653717105847));
#134 = CIRCLE('',#135,1.58);
#135 = AXIS2_PLACEMENT_3D('',#136,#137,#138);
#136 = CARTESIAN_POINT('',(-2.89,2.555,1.58));
#137 = DIRECTION('',(0.,1.,0.));
#138 = DIRECTION('',(0.,-0.,1.));
#139 = ORIENTED_EDGE('',*,*,#140,.T.);
#140 = EDGE_CURVE('',#132,#141,#143,.T.);
#141 = VERTEX_POINT('',#142);
#142 = CARTESIAN_POINT('',(-4.17,3.085,0.653717105847));
#143 = LINE('',#144,#145);
#144 = CARTESIAN_POINT('',(-4.17,-3.675,0.653717105847));
#145 = VECTOR('',#146,1.);
#146 = DIRECTION('',(0.,1.,0.));
#147 = ORIENTED_EDGE('',*,*,#148,.F.);
#148 = EDGE_CURVE('',#149,#141,#151,.T.);
#149 = VERTEX_POINT('',#150);
#150 = CARTESIAN_POINT('',(-2.89,3.085,0.));
#151 = CIRCLE('',#152,1.58);
#152 = AXIS2_PLACEMENT_3D('',#153,#154,#155);
#153 = CARTESIAN_POINT('',(-2.89,3.085,1.58));
#154 = DIRECTION('',(0.,1.,0.));
#155 = DIRECTION('',(0.,-0.,1.));
#156 = ORIENTED_EDGE('',*,*,#157,.F.);
#157 = EDGE_CURVE('',#96,#149,#158,.T.);
#158 = LINE('',#159,#160);
#159 = CARTESIAN_POINT('',(-2.89,-3.675,0.));
#160 = VECTOR('',#161,1.);
#161 = DIRECTION('',(-0.,1.,0.));
#162 = FACE_BOUND('',#163,.T.);
#163 = EDGE_LOOP('',(#164,#175,#183,#192,#201,#209));
#164 = ORIENTED_EDGE('',*,*,#165,.F.);
#165 = EDGE_CURVE('',#166,#168,#170,.T.);
#166 = VERTEX_POINT('',#167);
#167 = CARTESIAN_POINT('',(-4.17,-1.475,0.653717105847));
#168 = VERTEX_POINT('',#169);
#169 = CARTESIAN_POINT('',(-4.47,-1.475,1.58));
#170 = CIRCLE('',#171,1.58);
#171 = AXIS2_PLACEMENT_3D('',#172,#173,#174);
#172 = CARTESIAN_POINT('',(-2.89,-1.475,1.58));
#173 = DIRECTION('',(0.,1.,0.));
#174 = DIRECTION('',(0.,-0.,1.));
#175 = ORIENTED_EDGE('',*,*,#176,.T.);
#176 = EDGE_CURVE('',#166,#177,#179,.T.);
#177 = VERTEX_POINT('',#178);
#178 = CARTESIAN_POINT('',(-4.17,-0.675,0.653717105847));
#179 = LINE('',#180,#181);
#180 = CARTESIAN_POINT('',(-4.17,-3.675,0.653717105847));
#181 = VECTOR('',#182,1.);
#182 = DIRECTION('',(0.,1.,0.));
#183 = ORIENTED_EDGE('',*,*,#184,.T.);
#184 = EDGE_CURVE('',#177,#185,#187,.T.);
#185 = VERTEX_POINT('',#186);
#186 = CARTESIAN_POINT('',(-4.47,-0.675,1.58));
#187 = CIRCLE('',#188,1.58);
#188 = AXIS2_PLACEMENT_3D('',#189,#190,#191);
#189 = CARTESIAN_POINT('',(-2.89,-0.675,1.58));
#190 = DIRECTION('',(0.,1.,0.));
#191 = DIRECTION('',(0.,-0.,1.));
#192 = ORIENTED_EDGE('',*,*,#193,.T.);
#193 = EDGE_CURVE('',#185,#194,#196,.T.);
#194 = VERTEX_POINT('',#195);
#195 = CARTESIAN_POINT('',(-4.462863630452,-0.675,1.73));
#196 = CIRCLE('',#197,1.58);
#197 = AXIS2_PLACEMENT_3D('',#198,#199,#200);
#198 = CARTESIAN_POINT('',(-2.89,-0.675,1.58));
#199 = DIRECTION('',(0.,1.,0.));
#200 = DIRECTION('',(0.,-0.,1.));
#201 = ORIENTED_EDGE('',*,*,#202,.F.);
#202 = EDGE_CURVE('',#203,#194,#205,.T.);
#203 = VERTEX_POINT('',#204);
#204 = CARTESIAN_POINT('',(-4.462863630452,-1.475,1.73));
#205 = LINE('',#206,#207);
#206 = CARTESIAN_POINT('',(-4.462863630452,-3.675,1.73));
#207 = VECTOR('',#208,1.);
#208 = DIRECTION('',(0.,1.,0.));
#209 = ORIENTED_EDGE('',*,*,#210,.F.);
#210 = EDGE_CURVE('',#168,#203,#211,.T.);
#211 = CIRCLE('',#212,1.58);
#212 = AXIS2_PLACEMENT_3D('',#213,#214,#215);
#213 = CARTESIAN_POINT('',(-2.89,-1.475,1.58));
#214 = DIRECTION('',(0.,1.,0.));
#215 = DIRECTION('',(0.,-0.,1.));
#216 = CYLINDRICAL_SURFACE('',#217,1.58);
#217 = AXIS2_PLACEMENT_3D('',#218,#219,#220);
#218 = CARTESIAN_POINT('',(-2.89,-3.675,1.58));
#219 = DIRECTION('',(0.,1.,0.));
#220 = DIRECTION('',(0.,-0.,1.));
#221 = ADVANCED_FACE('',(#222),#291,.T.);
#222 = FACE_BOUND('',#223,.T.);
#223 = EDGE_LOOP('',(#224,#235,#243,#249,#250,#251,#260,#268,#276,#285)
  );
#224 = ORIENTED_EDGE('',*,*,#225,.F.);
#225 = EDGE_CURVE('',#226,#228,#230,.T.);
#226 = VERTEX_POINT('',#227);
#227 = CARTESIAN_POINT('',(-4.17,3.085,1.58));
#228 = VERTEX_POINT('',#229);
#229 = CARTESIAN_POINT('',(-2.89,3.085,2.86));
#230 = CIRCLE('',#231,1.28);
#231 = AXIS2_PLACEMENT_3D('',#232,#233,#234);
#232 = CARTESIAN_POINT('',(-2.89,3.085,1.58));
#233 = DIRECTION('',(0.,1.,0.));
#234 = DIRECTION('',(0.,-0.,1.));
#235 = ORIENTED_EDGE('',*,*,#236,.F.);
#236 = EDGE_CURVE('',#237,#226,#239,.T.);
#237 = VERTEX_POINT('',#238);
#238 = CARTESIAN_POINT('',(-4.17,3.085,1.73));
#239 = LINE('',#240,#241);
#240 = CARTESIAN_POINT('',(-4.17,3.085,1.003022671983));
#241 = VECTOR('',#242,1.);
#242 = DIRECTION('',(0.,0.,-1.));
#243 = ORIENTED_EDGE('',*,*,#244,.F.);
#244 = EDGE_CURVE('',#106,#237,#245,.T.);
#245 = LINE('',#246,#247);
#246 = CARTESIAN_POINT('',(-2.235,3.085,1.73));
#247 = VECTOR('',#248,1.);
#248 = DIRECTION('',(1.,0.,0.));
#249 = ORIENTED_EDGE('',*,*,#105,.T.);
#250 = ORIENTED_EDGE('',*,*,#81,.T.);
#251 = ORIENTED_EDGE('',*,*,#252,.T.);
#252 = EDGE_CURVE('',#74,#253,#255,.T.);
#253 = VERTEX_POINT('',#254);
#254 = CARTESIAN_POINT('',(4.462863630452,3.085,1.73));
#255 = CIRCLE('',#256,1.58);
#256 = AXIS2_PLACEMENT_3D('',#257,#258,#259);
#257 = CARTESIAN_POINT('',(2.89,3.085,1.58));
#258 = DIRECTION('',(0.,1.,0.));
#259 = DIRECTION('',(0.,-0.,1.));
#260 = ORIENTED_EDGE('',*,*,#261,.F.);
#261 = EDGE_CURVE('',#262,#253,#264,.T.);
#262 = VERTEX_POINT('',#263);
#263 = CARTESIAN_POINT('',(4.17,3.085,1.73));
#264 = LINE('',#265,#266);
#265 = CARTESIAN_POINT('',(2.085,3.085,1.73));
#266 = VECTOR('',#267,1.);
#267 = DIRECTION('',(1.,0.,0.));
#268 = ORIENTED_EDGE('',*,*,#269,.F.);
#269 = EDGE_CURVE('',#270,#262,#272,.T.);
#270 = VERTEX_POINT('',#271);
#271 = CARTESIAN_POINT('',(4.17,3.085,1.58));
#272 = LINE('',#273,#274);
#273 = CARTESIAN_POINT('',(4.17,3.085,1.003022671983));
#274 = VECTOR('',#275,1.);
#275 = DIRECTION('',(0.,0.,1.));
#276 = ORIENTED_EDGE('',*,*,#277,.F.);
#277 = EDGE_CURVE('',#278,#270,#280,.T.);
#278 = VERTEX_POINT('',#279);
#279 = CARTESIAN_POINT('',(2.89,3.085,2.86));
#280 = CIRCLE('',#281,1.28);
#281 = AXIS2_PLACEMENT_3D('',#282,#283,#284);
#282 = CARTESIAN_POINT('',(2.89,3.085,1.58));
#283 = DIRECTION('',(0.,1.,0.));
#284 = DIRECTION('',(0.,-0.,1.));
#285 = ORIENTED_EDGE('',*,*,#286,.F.);
#286 = EDGE_CURVE('',#228,#278,#287,.T.);
#287 = LINE('',#288,#289);
#288 = CARTESIAN_POINT('',(-1.445,3.085,2.86));
#289 = VECTOR('',#290,1.);
#290 = DIRECTION('',(1.,0.,0.));
#291 = PLANE('',#292);
#292 = AXIS2_PLACEMENT_3D('',#293,#294,#295);
#293 = CARTESIAN_POINT('',(6.332070482653E-17,3.085,1.58));
#294 = DIRECTION('',(0.,1.,0.));
#295 = DIRECTION('',(0.,-0.,1.));
#296 = ADVANCED_FACE('',(#297,#359),#413,.T.);
#297 = FACE_BOUND('',#298,.T.);
#298 = EDGE_LOOP('',(#299,#300,#301,#310,#318,#327,#335,#344,#353));
#299 = ORIENTED_EDGE('',*,*,#252,.F.);
#300 = ORIENTED_EDGE('',*,*,#73,.F.);
#301 = ORIENTED_EDGE('',*,*,#302,.T.);
#302 = EDGE_CURVE('',#66,#303,#305,.T.);
#303 = VERTEX_POINT('',#304);
#304 = CARTESIAN_POINT('',(2.89,-3.675,0.));
#305 = CIRCLE('',#306,1.58);
#306 = AXIS2_PLACEMENT_3D('',#307,#308,#309);
#307 = CARTESIAN_POINT('',(2.89,-3.675,1.58));
#308 = DIRECTION('',(0.,1.,0.));
#309 = DIRECTION('',(0.,-0.,1.));
#310 = ORIENTED_EDGE('',*,*,#311,.T.);
#311 = EDGE_CURVE('',#303,#312,#314,.T.);
#312 = VERTEX_POINT('',#313);
#313 = CARTESIAN_POINT('',(2.89,3.085,0.));
#314 = LINE('',#315,#316);
#315 = CARTESIAN_POINT('',(2.89,-3.675,0.));
#316 = VECTOR('',#317,1.);
#317 = DIRECTION('',(-0.,1.,0.));
#318 = ORIENTED_EDGE('',*,*,#319,.F.);
#319 = EDGE_CURVE('',#320,#312,#322,.T.);
#320 = VERTEX_POINT('',#321);
#321 = CARTESIAN_POINT('',(4.17,3.085,0.653717105847));
#322 = CIRCLE('',#323,1.58);
#323 = AXIS2_PLACEMENT_3D('',#324,#325,#326);
#324 = CARTESIAN_POINT('',(2.89,3.085,1.58));
#325 = DIRECTION('',(0.,1.,0.));
#326 = DIRECTION('',(0.,-0.,1.));
#327 = ORIENTED_EDGE('',*,*,#328,.F.);
#328 = EDGE_CURVE('',#329,#320,#331,.T.);
#329 = VERTEX_POINT('',#330);
#330 = CARTESIAN_POINT('',(4.17,2.555,0.653717105847));
#331 = LINE('',#332,#333);
#332 = CARTESIAN_POINT('',(4.17,-3.675,0.653717105847));
#333 = VECTOR('',#334,1.);
#334 = DIRECTION('',(0.,1.,0.));
#335 = ORIENTED_EDGE('',*,*,#336,.F.);
#336 = EDGE_CURVE('',#337,#329,#339,.T.);
#337 = VERTEX_POINT('',#338);
#338 = CARTESIAN_POINT('',(4.47,2.555,1.58));
#339 = CIRCLE('',#340,1.58);
#340 = AXIS2_PLACEMENT_3D('',#341,#342,#343);
#341 = CARTESIAN_POINT('',(2.89,2.555,1.58));
#342 = DIRECTION('',(0.,1.,0.));
#343 = DIRECTION('',(0.,-0.,1.));
#344 = ORIENTED_EDGE('',*,*,#345,.F.);
#345 = EDGE_CURVE('',#346,#337,#348,.T.);
#346 = VERTEX_POINT('',#347);
#347 = CARTESIAN_POINT('',(4.462863630452,2.555,1.73));
#348 = CIRCLE('',#349,1.58);
#349 = AXIS2_PLACEMENT_3D('',#350,#351,#352);
#350 = CARTESIAN_POINT('',(2.89,2.555,1.58));
#351 = DIRECTION('',(0.,1.,0.));
#352 = DIRECTION('',(0.,-0.,1.));
#353 = ORIENTED_EDGE('',*,*,#354,.T.);
#354 = EDGE_CURVE('',#346,#253,#355,.T.);
#355 = LINE('',#356,#357);
#356 = CARTESIAN_POINT('',(4.462863630452,-3.675,1.73));
#357 = VECTOR('',#358,1.);
#358 = DIRECTION('',(0.,1.,0.));
#359 = FACE_BOUND('',#360,.T.);
#360 = EDGE_LOOP('',(#361,#372,#380,#389,#398,#406));
#361 = ORIENTED_EDGE('',*,*,#362,.F.);
#362 = EDGE_CURVE('',#363,#365,#367,.T.);
#363 = VERTEX_POINT('',#364);
#364 = CARTESIAN_POINT('',(4.462863630452,-1.475,1.73));
#365 = VERTEX_POINT('',#366);
#366 = CARTESIAN_POINT('',(4.47,-1.475,1.58));
#367 = CIRCLE('',#368,1.58);
#368 = AXIS2_PLACEMENT_3D('',#369,#370,#371);
#369 = CARTESIAN_POINT('',(2.89,-1.475,1.58));
#370 = DIRECTION('',(0.,1.,0.));
#371 = DIRECTION('',(0.,-0.,1.));
#372 = ORIENTED_EDGE('',*,*,#373,.T.);
#373 = EDGE_CURVE('',#363,#374,#376,.T.);
#374 = VERTEX_POINT('',#375);
#375 = CARTESIAN_POINT('',(4.462863630452,-0.675,1.73));
#376 = LINE('',#377,#378);
#377 = CARTESIAN_POINT('',(4.462863630452,-3.675,1.73));
#378 = VECTOR('',#379,1.);
#379 = DIRECTION('',(0.,1.,0.));
#380 = ORIENTED_EDGE('',*,*,#381,.T.);
#381 = EDGE_CURVE('',#374,#382,#384,.T.);
#382 = VERTEX_POINT('',#383);
#383 = CARTESIAN_POINT('',(4.47,-0.675,1.58));
#384 = CIRCLE('',#385,1.58);
#385 = AXIS2_PLACEMENT_3D('',#386,#387,#388);
#386 = CARTESIAN_POINT('',(2.89,-0.675,1.58));
#387 = DIRECTION('',(0.,1.,0.));
#388 = DIRECTION('',(0.,-0.,1.));
#389 = ORIENTED_EDGE('',*,*,#390,.T.);
#390 = EDGE_CURVE('',#382,#391,#393,.T.);
#391 = VERTEX_POINT('',#392);
#392 = CARTESIAN_POINT('',(4.17,-0.675,0.653717105847));
#393 = CIRCLE('',#394,1.58);
#394 = AXIS2_PLACEMENT_3D('',#395,#396,#397);
#395 = CARTESIAN_POINT('',(2.89,-0.675,1.58));
#396 = DIRECTION('',(0.,1.,0.));
#397 = DIRECTION('',(0.,-0.,1.));
#398 = ORIENTED_EDGE('',*,*,#399,.F.);
#399 = EDGE_CURVE('',#400,#391,#402,.T.);
#400 = VERTEX_POINT('',#401);
#401 = CARTESIAN_POINT('',(4.17,-1.475,0.653717105847));
#402 = LINE('',#403,#404);
#403 = CARTESIAN_POINT('',(4.17,-3.675,0.653717105847));
#404 = VECTOR('',#405,1.);
#405 = DIRECTION('',(0.,1.,0.));
#406 = ORIENTED_EDGE('',*,*,#407,.F.);
#407 = EDGE_CURVE('',#365,#400,#408,.T.);
#408 = CIRCLE('',#409,1.58);
#409 = AXIS2_PLACEMENT_3D('',#410,#411,#412);
#410 = CARTESIAN_POINT('',(2.89,-1.475,1.58));
#411 = DIRECTION('',(0.,1.,0.));
#412 = DIRECTION('',(0.,-0.,1.));
#413 = CYLINDRICAL_SURFACE('',#414,1.58);
#414 = AXIS2_PLACEMENT_3D('',#415,#416,#417);
#415 = CARTESIAN_POINT('',(2.89,-3.675,1.58));
#416 = DIRECTION('',(0.,1.,0.));
#417 = DIRECTION('',(0.,-0.,1.));
#418 = ADVANCED_FACE('',(#419,#430),#466,.T.);
#419 = FACE_BOUND('',#420,.T.);
#420 = EDGE_LOOP('',(#421,#427,#428,#429));
#421 = ORIENTED_EDGE('',*,*,#422,.T.);
#422 = EDGE_CURVE('',#96,#303,#423,.T.);
#423 = LINE('',#424,#425);
#424 = CARTESIAN_POINT('',(-2.89,-3.675,0.));
#425 = VECTOR('',#426,1.);
#426 = DIRECTION('',(1.,0.,-0.));
#427 = ORIENTED_EDGE('',*,*,#302,.F.);
#428 = ORIENTED_EDGE('',*,*,#65,.F.);
#429 = ORIENTED_EDGE('',*,*,#95,.F.);
#430 = FACE_BOUND('',#431,.T.);
#431 = EDGE_LOOP('',(#432,#442,#451,#459));
#432 = ORIENTED_EDGE('',*,*,#433,.F.);
#433 = EDGE_CURVE('',#434,#436,#438,.T.);
#434 = VERTEX_POINT('',#435);
#435 = CARTESIAN_POINT('',(2.89,-3.675,2.86));
#436 = VERTEX_POINT('',#437);
#437 = CARTESIAN_POINT('',(-2.89,-3.675,2.86));
#438 = LINE('',#439,#440);
#439 = CARTESIAN_POINT('',(-1.445,-3.675,2.86));
#440 = VECTOR('',#441,1.);
#441 = DIRECTION('',(-1.,0.,0.));
#442 = ORIENTED_EDGE('',*,*,#443,.T.);
#443 = EDGE_CURVE('',#434,#444,#446,.T.);
#444 = VERTEX_POINT('',#445);
#445 = CARTESIAN_POINT('',(2.89,-3.675,0.3));
#446 = CIRCLE('',#447,1.28);
#447 = AXIS2_PLACEMENT_3D('',#448,#449,#450);
#448 = CARTESIAN_POINT('',(2.89,-3.675,1.58));
#449 = DIRECTION('',(0.,1.,0.));
#450 = DIRECTION('',(0.,-0.,1.));
#451 = ORIENTED_EDGE('',*,*,#452,.T.);
#452 = EDGE_CURVE('',#444,#453,#455,.T.);
#453 = VERTEX_POINT('',#454);
#454 = CARTESIAN_POINT('',(-2.89,-3.675,0.3));
#455 = LINE('',#456,#457);
#456 = CARTESIAN_POINT('',(-1.445,-3.675,0.3));
#457 = VECTOR('',#458,1.);
#458 = DIRECTION('',(-1.,0.,0.));
#459 = ORIENTED_EDGE('',*,*,#460,.T.);
#460 = EDGE_CURVE('',#453,#436,#461,.T.);
#461 = CIRCLE('',#462,1.28);
#462 = AXIS2_PLACEMENT_3D('',#463,#464,#465);
#463 = CARTESIAN_POINT('',(-2.89,-3.675,1.58));
#464 = DIRECTION('',(0.,1.,0.));
#465 = DIRECTION('',(0.,-0.,1.));
#466 = PLANE('',#467);
#467 = AXIS2_PLACEMENT_3D('',#468,#469,#470);
#468 = CARTESIAN_POINT('',(0.,-3.675,1.58));
#469 = DIRECTION('',(-0.,-1.,-0.));
#470 = DIRECTION('',(0.,0.,-1.));
#471 = ADVANCED_FACE('',(#472),#483,.F.);
#472 = FACE_BOUND('',#473,.F.);
#473 = EDGE_LOOP('',(#474,#475,#476,#477));
#474 = ORIENTED_EDGE('',*,*,#157,.F.);
#475 = ORIENTED_EDGE('',*,*,#422,.T.);
#476 = ORIENTED_EDGE('',*,*,#311,.T.);
#477 = ORIENTED_EDGE('',*,*,#478,.F.);
#478 = EDGE_CURVE('',#149,#312,#479,.T.);
#479 = LINE('',#480,#481);
#480 = CARTESIAN_POINT('',(-2.89,3.085,0.));
#481 = VECTOR('',#482,1.);
#482 = DIRECTION('',(1.,0.,-0.));
#483 = PLANE('',#484);
#484 = AXIS2_PLACEMENT_3D('',#485,#486,#487);
#485 = CARTESIAN_POINT('',(-2.89,-3.675,0.));
#486 = DIRECTION('',(0.,0.,1.));
#487 = DIRECTION('',(1.,0.,-0.));
#488 = ADVANCED_FACE('',(#489),#530,.T.);
#489 = FACE_BOUND('',#490,.T.);
#490 = EDGE_LOOP('',(#491,#492,#493,#499,#508,#516,#523,#529));
#491 = ORIENTED_EDGE('',*,*,#478,.F.);
#492 = ORIENTED_EDGE('',*,*,#148,.T.);
#493 = ORIENTED_EDGE('',*,*,#494,.F.);
#494 = EDGE_CURVE('',#226,#141,#495,.T.);
#495 = LINE('',#496,#497);
#496 = CARTESIAN_POINT('',(-4.17,3.085,1.003022671983));
#497 = VECTOR('',#498,1.);
#498 = DIRECTION('',(0.,0.,-1.));
#499 = ORIENTED_EDGE('',*,*,#500,.F.);
#500 = EDGE_CURVE('',#501,#226,#503,.T.);
#501 = VERTEX_POINT('',#502);
#502 = CARTESIAN_POINT('',(-2.89,3.085,0.3));
#503 = CIRCLE('',#504,1.28);
#504 = AXIS2_PLACEMENT_3D('',#505,#506,#507);
#505 = CARTESIAN_POINT('',(-2.89,3.085,1.58));
#506 = DIRECTION('',(0.,1.,0.));
#507 = DIRECTION('',(0.,-0.,1.));
#508 = ORIENTED_EDGE('',*,*,#509,.T.);
#509 = EDGE_CURVE('',#501,#510,#512,.T.);
#510 = VERTEX_POINT('',#511);
#511 = CARTESIAN_POINT('',(2.89,3.085,0.3));
#512 = LINE('',#513,#514);
#513 = CARTESIAN_POINT('',(-1.445,3.085,0.3));
#514 = VECTOR('',#515,1.);
#515 = DIRECTION('',(1.,0.,0.));
#516 = ORIENTED_EDGE('',*,*,#517,.F.);
#517 = EDGE_CURVE('',#270,#510,#518,.T.);
#518 = CIRCLE('',#519,1.28);
#519 = AXIS2_PLACEMENT_3D('',#520,#521,#522);
#520 = CARTESIAN_POINT('',(2.89,3.085,1.58));
#521 = DIRECTION('',(0.,1.,0.));
#522 = DIRECTION('',(0.,-0.,1.));
#523 = ORIENTED_EDGE('',*,*,#524,.F.);
#524 = EDGE_CURVE('',#320,#270,#525,.T.);
#525 = LINE('',#526,#527);
#526 = CARTESIAN_POINT('',(4.17,3.085,1.003022671983));
#527 = VECTOR('',#528,1.);
#528 = DIRECTION('',(0.,0.,1.));
#529 = ORIENTED_EDGE('',*,*,#319,.T.);
#530 = PLANE('',#531);
#531 = AXIS2_PLACEMENT_3D('',#532,#533,#534);
#532 = CARTESIAN_POINT('',(6.332070482653E-17,3.085,1.58));
#533 = DIRECTION('',(0.,1.,0.));
#534 = DIRECTION('',(0.,-0.,1.));
#535 = ADVANCED_FACE('',(#536),#589,.T.);
#536 = FACE_BOUND('',#537,.T.);
#537 = EDGE_LOOP('',(#538,#546,#555,#563,#572,#580,#586,#587,#588));
#538 = ORIENTED_EDGE('',*,*,#539,.F.);
#539 = EDGE_CURVE('',#540,#132,#542,.T.);
#540 = VERTEX_POINT('',#541);
#541 = CARTESIAN_POINT('',(-4.17,2.555,-0.65));
#542 = LINE('',#543,#544);
#543 = CARTESIAN_POINT('',(-4.17,2.555,-0.65));
#544 = VECTOR('',#545,1.);
#545 = DIRECTION('',(0.,0.,1.));
#546 = ORIENTED_EDGE('',*,*,#547,.T.);
#547 = EDGE_CURVE('',#540,#548,#550,.T.);
#548 = VERTEX_POINT('',#549);
#549 = CARTESIAN_POINT('',(-4.17,2.905,-1.));
#550 = CIRCLE('',#551,0.35);
#551 = AXIS2_PLACEMENT_3D('',#552,#553,#554);
#552 = CARTESIAN_POINT('',(-4.17,2.905,-0.65));
#553 = DIRECTION('',(1.,0.,0.));
#554 = DIRECTION('',(-0.,0.,1.));
#555 = ORIENTED_EDGE('',*,*,#556,.T.);
#556 = EDGE_CURVE('',#548,#557,#559,.T.);
#557 = VERTEX_POINT('',#558);
#558 = CARTESIAN_POINT('',(-4.17,3.305,-1.));
#559 = LINE('',#560,#561);
#560 = CARTESIAN_POINT('',(-4.17,2.905,-1.));
#561 = VECTOR('',#562,1.);
#562 = DIRECTION('',(-0.,1.,0.));
#563 = ORIENTED_EDGE('',*,*,#564,.T.);
#564 = EDGE_CURVE('',#557,#565,#567,.T.);
#565 = VERTEX_POINT('',#566);
#566 = CARTESIAN_POINT('',(-4.17,3.655,-0.65));
#567 = CIRCLE('',#568,0.35);
#568 = AXIS2_PLACEMENT_3D('',#569,#570,#571);
#569 = CARTESIAN_POINT('',(-4.17,3.305,-0.65));
#570 = DIRECTION('',(1.,0.,0.));
#571 = DIRECTION('',(-0.,0.,1.));
#572 = ORIENTED_EDGE('',*,*,#573,.T.);
#573 = EDGE_CURVE('',#565,#574,#576,.T.);
#574 = VERTEX_POINT('',#575);
#575 = CARTESIAN_POINT('',(-4.17,3.655,1.73));
#576 = LINE('',#577,#578);
#577 = CARTESIAN_POINT('',(-4.17,3.655,-0.65));
#578 = VECTOR('',#579,1.);
#579 = DIRECTION('',(0.,0.,1.));
#580 = ORIENTED_EDGE('',*,*,#581,.F.);
#581 = EDGE_CURVE('',#237,#574,#582,.T.);
#582 = LINE('',#583,#584);
#583 = CARTESIAN_POINT('',(-4.17,2.555,1.73));
#584 = VECTOR('',#585,1.);
#585 = DIRECTION('',(-0.,1.,0.));
#586 = ORIENTED_EDGE('',*,*,#236,.T.);
#587 = ORIENTED_EDGE('',*,*,#494,.T.);
#588 = ORIENTED_EDGE('',*,*,#140,.F.);
#589 = PLANE('',#590);
#590 = AXIS2_PLACEMENT_3D('',#591,#592,#593);
#591 = CARTESIAN_POINT('',(-4.17,3.105,0.426045343966));
#592 = DIRECTION('',(1.,0.,0.));
#593 = DIRECTION('',(-0.,0.,1.));
#594 = ADVANCED_FACE('',(#595),#613,.F.);
#595 = FACE_BOUND('',#596,.F.);
#596 = EDGE_LOOP('',(#597,#605,#611,#612));
#597 = ORIENTED_EDGE('',*,*,#598,.F.);
#598 = EDGE_CURVE('',#599,#540,#601,.T.);
#599 = VERTEX_POINT('',#600);
#600 = CARTESIAN_POINT('',(-4.47,2.555,-0.65));
#601 = LINE('',#602,#603);
#602 = CARTESIAN_POINT('',(-4.47,2.555,-0.65));
#603 = VECTOR('',#604,1.);
#604 = DIRECTION('',(1.,0.,-0.));
#605 = ORIENTED_EDGE('',*,*,#606,.T.);
#606 = EDGE_CURVE('',#599,#123,#607,.T.);
#607 = LINE('',#608,#609);
#608 = CARTESIAN_POINT('',(-4.47,2.555,-0.65));
#609 = VECTOR('',#610,1.);
#610 = DIRECTION('',(0.,0.,1.));
#611 = ORIENTED_EDGE('',*,*,#131,.F.);
#612 = ORIENTED_EDGE('',*,*,#539,.F.);
#613 = PLANE('',#614);
#614 = AXIS2_PLACEMENT_3D('',#615,#616,#617);
#615 = CARTESIAN_POINT('',(-4.47,2.555,-0.65));
#616 = DIRECTION('',(-0.,1.,0.));
#617 = DIRECTION('',(0.,0.,1.));
#618 = ADVANCED_FACE('',(#619),#636,.F.);
#619 = FACE_BOUND('',#620,.F.);
#620 = EDGE_LOOP('',(#621,#622,#630));
#621 = ORIENTED_EDGE('',*,*,#122,.F.);
#622 = ORIENTED_EDGE('',*,*,#623,.T.);
#623 = EDGE_CURVE('',#123,#624,#626,.T.);
#624 = VERTEX_POINT('',#625);
#625 = CARTESIAN_POINT('',(-4.47,2.555,1.73));
#626 = LINE('',#627,#628);
#627 = CARTESIAN_POINT('',(-4.47,2.555,-0.65));
#628 = VECTOR('',#629,1.);
#629 = DIRECTION('',(0.,0.,1.));
#630 = ORIENTED_EDGE('',*,*,#631,.T.);
#631 = EDGE_CURVE('',#624,#115,#632,.T.);
#632 = LINE('',#633,#634);
#633 = CARTESIAN_POINT('',(-4.47,2.555,1.73));
#634 = VECTOR('',#635,1.);
#635 = DIRECTION('',(1.,0.,-0.));
#636 = PLANE('',#637);
#637 = AXIS2_PLACEMENT_3D('',#638,#639,#640);
#638 = CARTESIAN_POINT('',(-4.47,2.555,-0.65));
#639 = DIRECTION('',(-0.,1.,0.));
#640 = DIRECTION('',(0.,0.,1.));
#641 = ADVANCED_FACE('',(#642),#662,.T.);
#642 = FACE_BOUND('',#643,.T.);
#643 = EDGE_LOOP('',(#644,#652,#658,#659,#660,#661));
#644 = ORIENTED_EDGE('',*,*,#645,.F.);
#645 = EDGE_CURVE('',#646,#574,#648,.T.);
#646 = VERTEX_POINT('',#647);
#647 = CARTESIAN_POINT('',(-4.47,3.655,1.73));
#648 = LINE('',#649,#650);
#649 = CARTESIAN_POINT('',(-4.47,3.655,1.73));
#650 = VECTOR('',#651,1.);
#651 = DIRECTION('',(1.,0.,-0.));
#652 = ORIENTED_EDGE('',*,*,#653,.F.);
#653 = EDGE_CURVE('',#624,#646,#654,.T.);
#654 = LINE('',#655,#656);
#655 = CARTESIAN_POINT('',(-4.47,2.555,1.73));
#656 = VECTOR('',#657,1.);
#657 = DIRECTION('',(-0.,1.,0.));
#658 = ORIENTED_EDGE('',*,*,#631,.T.);
#659 = ORIENTED_EDGE('',*,*,#114,.T.);
#660 = ORIENTED_EDGE('',*,*,#244,.T.);
#661 = ORIENTED_EDGE('',*,*,#581,.T.);
#662 = PLANE('',#663);
#663 = AXIS2_PLACEMENT_3D('',#664,#665,#666);
#664 = CARTESIAN_POINT('',(-4.47,2.555,1.73));
#665 = DIRECTION('',(0.,0.,1.));
#666 = DIRECTION('',(1.,0.,-0.));
#667 = ADVANCED_FACE('',(#668),#693,.F.);
#668 = FACE_BOUND('',#669,.F.);
#669 = EDGE_LOOP('',(#670,#680,#686,#687));
#670 = ORIENTED_EDGE('',*,*,#671,.F.);
#671 = EDGE_CURVE('',#672,#674,#676,.T.);
#672 = VERTEX_POINT('',#673);
#673 = CARTESIAN_POINT('',(-4.47,-1.475,-0.65));
#674 = VERTEX_POINT('',#675);
#675 = CARTESIAN_POINT('',(-4.17,-1.475,-0.65));
#676 = LINE('',#677,#678);
#677 = CARTESIAN_POINT('',(-4.47,-1.475,-0.65));
#678 = VECTOR('',#679,1.);
#679 = DIRECTION('',(1.,0.,-0.));
#680 = ORIENTED_EDGE('',*,*,#681,.T.);
#681 = EDGE_CURVE('',#672,#168,#682,.T.);
#682 = LINE('',#683,#684);
#683 = CARTESIAN_POINT('',(-4.47,-1.475,-0.65));
#684 = VECTOR('',#685,1.);
#685 = DIRECTION('',(0.,0.,1.));
#686 = ORIENTED_EDGE('',*,*,#165,.F.);
#687 = ORIENTED_EDGE('',*,*,#688,.F.);
#688 = EDGE_CURVE('',#674,#166,#689,.T.);
#689 = LINE('',#690,#691);
#690 = CARTESIAN_POINT('',(-4.17,-1.475,-0.65));
#691 = VECTOR('',#692,1.);
#692 = DIRECTION('',(0.,0.,1.));
#693 = PLANE('',#694);
#694 = AXIS2_PLACEMENT_3D('',#695,#696,#697);
#695 = CARTESIAN_POINT('',(-4.47,-1.475,-0.65));
#696 = DIRECTION('',(-0.,1.,0.));
#697 = DIRECTION('',(0.,0.,1.));
#698 = ADVANCED_FACE('',(#699),#716,.F.);
#699 = FACE_BOUND('',#700,.F.);
#700 = EDGE_LOOP('',(#701,#702,#710));
#701 = ORIENTED_EDGE('',*,*,#210,.F.);
#702 = ORIENTED_EDGE('',*,*,#703,.T.);
#703 = EDGE_CURVE('',#168,#704,#706,.T.);
#704 = VERTEX_POINT('',#705);
#705 = CARTESIAN_POINT('',(-4.47,-1.475,1.73));
#706 = LINE('',#707,#708);
#707 = CARTESIAN_POINT('',(-4.47,-1.475,-0.65));
#708 = VECTOR('',#709,1.);
#709 = DIRECTION('',(0.,0.,1.));
#710 = ORIENTED_EDGE('',*,*,#711,.T.);
#711 = EDGE_CURVE('',#704,#203,#712,.T.);
#712 = LINE('',#713,#714);
#713 = CARTESIAN_POINT('',(-4.47,-1.475,1.73));
#714 = VECTOR('',#715,1.);
#715 = DIRECTION('',(1.,0.,-0.));
#716 = PLANE('',#717);
#717 = AXIS2_PLACEMENT_3D('',#718,#719,#720);
#718 = CARTESIAN_POINT('',(-4.47,-1.475,-0.65));
#719 = DIRECTION('',(-0.,1.,0.));
#720 = DIRECTION('',(0.,0.,1.));
#721 = ADVANCED_FACE('',(#722),#740,.T.);
#722 = FACE_BOUND('',#723,.T.);
#723 = EDGE_LOOP('',(#724,#732,#738,#739));
#724 = ORIENTED_EDGE('',*,*,#725,.F.);
#725 = EDGE_CURVE('',#726,#194,#728,.T.);
#726 = VERTEX_POINT('',#727);
#727 = CARTESIAN_POINT('',(-4.47,-0.675,1.73));
#728 = LINE('',#729,#730);
#729 = CARTESIAN_POINT('',(-4.47,-0.675,1.73));
#730 = VECTOR('',#731,1.);
#731 = DIRECTION('',(1.,0.,-0.));
#732 = ORIENTED_EDGE('',*,*,#733,.F.);
#733 = EDGE_CURVE('',#704,#726,#734,.T.);
#734 = LINE('',#735,#736);
#735 = CARTESIAN_POINT('',(-4.47,-1.475,1.73));
#736 = VECTOR('',#737,1.);
#737 = DIRECTION('',(-0.,1.,0.));
#738 = ORIENTED_EDGE('',*,*,#711,.T.);
#739 = ORIENTED_EDGE('',*,*,#202,.T.);
#740 = PLANE('',#741);
#741 = AXIS2_PLACEMENT_3D('',#742,#743,#744);
#742 = CARTESIAN_POINT('',(-4.47,-1.475,1.73));
#743 = DIRECTION('',(0.,0.,1.));
#744 = DIRECTION('',(1.,0.,-0.));
#745 = ADVANCED_FACE('',(#746),#756,.T.);
#746 = FACE_BOUND('',#747,.T.);
#747 = EDGE_LOOP('',(#748,#749,#755));
#748 = ORIENTED_EDGE('',*,*,#193,.F.);
#749 = ORIENTED_EDGE('',*,*,#750,.T.);
#750 = EDGE_CURVE('',#185,#726,#751,.T.);
#751 = LINE('',#752,#753);
#752 = CARTESIAN_POINT('',(-4.47,-0.675,-0.65));
#753 = VECTOR('',#754,1.);
#754 = DIRECTION('',(0.,0.,1.));
#755 = ORIENTED_EDGE('',*,*,#725,.T.);
#756 = PLANE('',#757);
#757 = AXIS2_PLACEMENT_3D('',#758,#759,#760);
#758 = CARTESIAN_POINT('',(-4.47,-0.675,-0.65));
#759 = DIRECTION('',(-0.,1.,0.));
#760 = DIRECTION('',(0.,0.,1.));
#761 = ADVANCED_FACE('',(#762),#787,.T.);
#762 = FACE_BOUND('',#763,.T.);
#763 = EDGE_LOOP('',(#764,#774,#780,#781));
#764 = ORIENTED_EDGE('',*,*,#765,.F.);
#765 = EDGE_CURVE('',#766,#768,#770,.T.);
#766 = VERTEX_POINT('',#767);
#767 = CARTESIAN_POINT('',(-4.47,-0.675,-0.65));
#768 = VERTEX_POINT('',#769);
#769 = CARTESIAN_POINT('',(-4.17,-0.675,-0.65));
#770 = LINE('',#771,#772);
#771 = CARTESIAN_POINT('',(-4.47,-0.675,-0.65));
#772 = VECTOR('',#773,1.);
#773 = DIRECTION('',(1.,0.,-0.));
#774 = ORIENTED_EDGE('',*,*,#775,.T.);
#775 = EDGE_CURVE('',#766,#185,#776,.T.);
#776 = LINE('',#777,#778);
#777 = CARTESIAN_POINT('',(-4.47,-0.675,-0.65));
#778 = VECTOR('',#779,1.);
#779 = DIRECTION('',(0.,0.,1.));
#780 = ORIENTED_EDGE('',*,*,#184,.F.);
#781 = ORIENTED_EDGE('',*,*,#782,.F.);
#782 = EDGE_CURVE('',#768,#177,#783,.T.);
#783 = LINE('',#784,#785);
#784 = CARTESIAN_POINT('',(-4.17,-0.675,-0.65));
#785 = VECTOR('',#786,1.);
#786 = DIRECTION('',(0.,0.,1.));
#787 = PLANE('',#788);
#788 = AXIS2_PLACEMENT_3D('',#789,#790,#791);
#789 = CARTESIAN_POINT('',(-4.47,-0.675,-0.65));
#790 = DIRECTION('',(-0.,1.,0.));
#791 = DIRECTION('',(0.,0.,1.));
#792 = ADVANCED_FACE('',(#793),#822,.T.);
#793 = FACE_BOUND('',#794,.T.);
#794 = EDGE_LOOP('',(#795,#796,#805,#813,#820,#821));
#795 = ORIENTED_EDGE('',*,*,#688,.F.);
#796 = ORIENTED_EDGE('',*,*,#797,.T.);
#797 = EDGE_CURVE('',#674,#798,#800,.T.);
#798 = VERTEX_POINT('',#799);
#799 = CARTESIAN_POINT('',(-4.17,-1.125,-1.));
#800 = CIRCLE('',#801,0.35);
#801 = AXIS2_PLACEMENT_3D('',#802,#803,#804);
#802 = CARTESIAN_POINT('',(-4.17,-1.125,-0.65));
#803 = DIRECTION('',(1.,0.,0.));
#804 = DIRECTION('',(-0.,0.,1.));
#805 = ORIENTED_EDGE('',*,*,#806,.T.);
#806 = EDGE_CURVE('',#798,#807,#809,.T.);
#807 = VERTEX_POINT('',#808);
#808 = CARTESIAN_POINT('',(-4.17,-1.025,-1.));
#809 = LINE('',#810,#811);
#810 = CARTESIAN_POINT('',(-4.17,-1.125,-1.));
#811 = VECTOR('',#812,1.);
#812 = DIRECTION('',(-0.,1.,0.));
#813 = ORIENTED_EDGE('',*,*,#814,.T.);
#814 = EDGE_CURVE('',#807,#768,#815,.T.);
#815 = CIRCLE('',#816,0.35);
#816 = AXIS2_PLACEMENT_3D('',#817,#818,#819);
#817 = CARTESIAN_POINT('',(-4.17,-1.025,-0.65));
#818 = DIRECTION('',(1.,0.,0.));
#819 = DIRECTION('',(-0.,0.,1.));
#820 = ORIENTED_EDGE('',*,*,#782,.T.);
#821 = ORIENTED_EDGE('',*,*,#176,.F.);
#822 = PLANE('',#823);
#823 = AXIS2_PLACEMENT_3D('',#824,#825,#826);
#824 = CARTESIAN_POINT('',(-4.17,-1.075,0.431473977328));
#825 = DIRECTION('',(1.,0.,0.));
#826 = DIRECTION('',(-0.,0.,1.));
#827 = ADVANCED_FACE('',(#828),#845,.F.);
#828 = FACE_BOUND('',#829,.F.);
#829 = EDGE_LOOP('',(#830,#831,#837,#838,#839));
#830 = ORIENTED_EDGE('',*,*,#460,.T.);
#831 = ORIENTED_EDGE('',*,*,#832,.T.);
#832 = EDGE_CURVE('',#436,#228,#833,.T.);
#833 = LINE('',#834,#835);
#834 = CARTESIAN_POINT('',(-2.89,-4.675,2.86));
#835 = VECTOR('',#836,1.);
#836 = DIRECTION('',(-0.,1.,0.));
#837 = ORIENTED_EDGE('',*,*,#225,.F.);
#838 = ORIENTED_EDGE('',*,*,#500,.F.);
#839 = ORIENTED_EDGE('',*,*,#840,.F.);
#840 = EDGE_CURVE('',#453,#501,#841,.T.);
#841 = LINE('',#842,#843);
#842 = CARTESIAN_POINT('',(-2.89,-4.675,0.3));
#843 = VECTOR('',#844,1.);
#844 = DIRECTION('',(-0.,1.,0.));
#845 = CYLINDRICAL_SURFACE('',#846,1.28);
#846 = AXIS2_PLACEMENT_3D('',#847,#848,#849);
#847 = CARTESIAN_POINT('',(-2.89,-4.675,1.58));
#848 = DIRECTION('',(0.,1.,0.));
#849 = DIRECTION('',(0.,-0.,1.));
#850 = ADVANCED_FACE('',(#851),#862,.F.);
#851 = FACE_BOUND('',#852,.F.);
#852 = EDGE_LOOP('',(#853,#854,#855,#861));
#853 = ORIENTED_EDGE('',*,*,#832,.F.);
#854 = ORIENTED_EDGE('',*,*,#433,.F.);
#855 = ORIENTED_EDGE('',*,*,#856,.T.);
#856 = EDGE_CURVE('',#434,#278,#857,.T.);
#857 = LINE('',#858,#859);
#858 = CARTESIAN_POINT('',(2.89,-4.675,2.86));
#859 = VECTOR('',#860,1.);
#860 = DIRECTION('',(-0.,1.,0.));
#861 = ORIENTED_EDGE('',*,*,#286,.F.);
#862 = PLANE('',#863);
#863 = AXIS2_PLACEMENT_3D('',#864,#865,#866);
#864 = CARTESIAN_POINT('',(-2.89,-4.675,2.86));
#865 = DIRECTION('',(0.,0.,1.));
#866 = DIRECTION('',(1.,0.,-0.));
#867 = ADVANCED_FACE('',(#868),#880,.F.);
#868 = FACE_BOUND('',#869,.F.);
#869 = EDGE_LOOP('',(#870,#871,#872,#873,#879));
#870 = ORIENTED_EDGE('',*,*,#277,.F.);
#871 = ORIENTED_EDGE('',*,*,#856,.F.);
#872 = ORIENTED_EDGE('',*,*,#443,.T.);
#873 = ORIENTED_EDGE('',*,*,#874,.T.);
#874 = EDGE_CURVE('',#444,#510,#875,.T.);
#875 = LINE('',#876,#877);
#876 = CARTESIAN_POINT('',(2.89,-4.675,0.3));
#877 = VECTOR('',#878,1.);
#878 = DIRECTION('',(-0.,1.,0.));
#879 = ORIENTED_EDGE('',*,*,#517,.F.);
#880 = CYLINDRICAL_SURFACE('',#881,1.28);
#881 = AXIS2_PLACEMENT_3D('',#882,#883,#884);
#882 = CARTESIAN_POINT('',(2.89,-4.675,1.58));
#883 = DIRECTION('',(0.,1.,0.));
#884 = DIRECTION('',(0.,-0.,1.));
#885 = ADVANCED_FACE('',(#886),#939,.T.);
#886 = FACE_BOUND('',#887,.T.);
#887 = EDGE_LOOP('',(#888,#899,#905,#906,#907,#908,#916,#924,#933));
#888 = ORIENTED_EDGE('',*,*,#889,.F.);
#889 = EDGE_CURVE('',#890,#892,#894,.T.);
#890 = VERTEX_POINT('',#891);
#891 = CARTESIAN_POINT('',(4.17,2.555,-0.65));
#892 = VERTEX_POINT('',#893);
#893 = CARTESIAN_POINT('',(4.17,2.905,-1.));
#894 = CIRCLE('',#895,0.35);
#895 = AXIS2_PLACEMENT_3D('',#896,#897,#898);
#896 = CARTESIAN_POINT('',(4.17,2.905,-0.65));
#897 = DIRECTION('',(1.,0.,0.));
#898 = DIRECTION('',(-0.,0.,1.));
#899 = ORIENTED_EDGE('',*,*,#900,.T.);
#900 = EDGE_CURVE('',#890,#329,#901,.T.);
#901 = LINE('',#902,#903);
#902 = CARTESIAN_POINT('',(4.17,2.555,-0.65));
#903 = VECTOR('',#904,1.);
#904 = DIRECTION('',(0.,0.,1.));
#905 = ORIENTED_EDGE('',*,*,#328,.T.);
#906 = ORIENTED_EDGE('',*,*,#524,.T.);
#907 = ORIENTED_EDGE('',*,*,#269,.T.);
#908 = ORIENTED_EDGE('',*,*,#909,.T.);
#909 = EDGE_CURVE('',#262,#910,#912,.T.);
#910 = VERTEX_POINT('',#911);
#911 = CARTESIAN_POINT('',(4.17,3.655,1.73));
#912 = LINE('',#913,#914);
#913 = CARTESIAN_POINT('',(4.17,2.555,1.73));
#914 = VECTOR('',#915,1.);
#915 = DIRECTION('',(-0.,1.,0.));
#916 = ORIENTED_EDGE('',*,*,#917,.F.);
#917 = EDGE_CURVE('',#918,#910,#920,.T.);
#918 = VERTEX_POINT('',#919);
#919 = CARTESIAN_POINT('',(4.17,3.655,-0.65));
#920 = LINE('',#921,#922);
#921 = CARTESIAN_POINT('',(4.17,3.655,-0.65));
#922 = VECTOR('',#923,1.);
#923 = DIRECTION('',(0.,0.,1.));
#924 = ORIENTED_EDGE('',*,*,#925,.F.);
#925 = EDGE_CURVE('',#926,#918,#928,.T.);
#926 = VERTEX_POINT('',#927);
#927 = CARTESIAN_POINT('',(4.17,3.305,-1.));
#928 = CIRCLE('',#929,0.35);
#929 = AXIS2_PLACEMENT_3D('',#930,#931,#932);
#930 = CARTESIAN_POINT('',(4.17,3.305,-0.65));
#931 = DIRECTION('',(1.,0.,0.));
#932 = DIRECTION('',(-0.,0.,1.));
#933 = ORIENTED_EDGE('',*,*,#934,.F.);
#934 = EDGE_CURVE('',#892,#926,#935,.T.);
#935 = LINE('',#936,#937);
#936 = CARTESIAN_POINT('',(4.17,2.905,-1.));
#937 = VECTOR('',#938,1.);
#938 = DIRECTION('',(-0.,1.,0.));
#939 = PLANE('',#940);
#940 = AXIS2_PLACEMENT_3D('',#941,#942,#943);
#941 = CARTESIAN_POINT('',(4.17,3.105,0.426045343966));
#942 = DIRECTION('',(-1.,-0.,-0.));
#943 = DIRECTION('',(0.,0.,-1.));
#944 = ADVANCED_FACE('',(#945),#972,.T.);
#945 = FACE_BOUND('',#946,.T.);
#946 = EDGE_LOOP('',(#947,#948,#949,#950,#958,#966));
#947 = ORIENTED_EDGE('',*,*,#909,.F.);
#948 = ORIENTED_EDGE('',*,*,#261,.T.);
#949 = ORIENTED_EDGE('',*,*,#354,.F.);
#950 = ORIENTED_EDGE('',*,*,#951,.T.);
#951 = EDGE_CURVE('',#346,#952,#954,.T.);
#952 = VERTEX_POINT('',#953);
#953 = CARTESIAN_POINT('',(4.47,2.555,1.73));
#954 = LINE('',#955,#956);
#955 = CARTESIAN_POINT('',(4.17,2.555,1.73));
#956 = VECTOR('',#957,1.);
#957 = DIRECTION('',(1.,0.,-0.));
#958 = ORIENTED_EDGE('',*,*,#959,.T.);
#959 = EDGE_CURVE('',#952,#960,#962,.T.);
#960 = VERTEX_POINT('',#961);
#961 = CARTESIAN_POINT('',(4.47,3.655,1.73));
#962 = LINE('',#963,#964);
#963 = CARTESIAN_POINT('',(4.47,2.555,1.73));
#964 = VECTOR('',#965,1.);
#965 = DIRECTION('',(-0.,1.,0.));
#966 = ORIENTED_EDGE('',*,*,#967,.F.);
#967 = EDGE_CURVE('',#910,#960,#968,.T.);
#968 = LINE('',#969,#970);
#969 = CARTESIAN_POINT('',(4.17,3.655,1.73));
#970 = VECTOR('',#971,1.);
#971 = DIRECTION('',(1.,0.,-0.));
#972 = PLANE('',#973);
#973 = AXIS2_PLACEMENT_3D('',#974,#975,#976);
#974 = CARTESIAN_POINT('',(4.17,2.555,1.73));
#975 = DIRECTION('',(0.,0.,1.));
#976 = DIRECTION('',(1.,0.,-0.));
#977 = ADVANCED_FACE('',(#978),#988,.F.);
#978 = FACE_BOUND('',#979,.F.);
#979 = EDGE_LOOP('',(#980,#986,#987));
#980 = ORIENTED_EDGE('',*,*,#981,.F.);
#981 = EDGE_CURVE('',#337,#952,#982,.T.);
#982 = LINE('',#983,#984);
#983 = CARTESIAN_POINT('',(4.47,2.555,-0.65));
#984 = VECTOR('',#985,1.);
#985 = DIRECTION('',(0.,0.,1.));
#986 = ORIENTED_EDGE('',*,*,#345,.F.);
#987 = ORIENTED_EDGE('',*,*,#951,.T.);
#988 = PLANE('',#989);
#989 = AXIS2_PLACEMENT_3D('',#990,#991,#992);
#990 = CARTESIAN_POINT('',(4.17,2.555,-0.65));
#991 = DIRECTION('',(-0.,1.,0.));
#992 = DIRECTION('',(0.,0.,1.));
#993 = ADVANCED_FACE('',(#994),#1012,.F.);
#994 = FACE_BOUND('',#995,.F.);
#995 = EDGE_LOOP('',(#996,#1004,#1005,#1006));
#996 = ORIENTED_EDGE('',*,*,#997,.F.);
#997 = EDGE_CURVE('',#890,#998,#1000,.T.);
#998 = VERTEX_POINT('',#999);
#999 = CARTESIAN_POINT('',(4.47,2.555,-0.65));
#1000 = LINE('',#1001,#1002);
#1001 = CARTESIAN_POINT('',(4.17,2.555,-0.65));
#1002 = VECTOR('',#1003,1.);
#1003 = DIRECTION('',(1.,0.,-0.));
#1004 = ORIENTED_EDGE('',*,*,#900,.T.);
#1005 = ORIENTED_EDGE('',*,*,#336,.F.);
#1006 = ORIENTED_EDGE('',*,*,#1007,.F.);
#1007 = EDGE_CURVE('',#998,#337,#1008,.T.);
#1008 = LINE('',#1009,#1010);
#1009 = CARTESIAN_POINT('',(4.47,2.555,-0.65));
#1010 = VECTOR('',#1011,1.);
#1011 = DIRECTION('',(0.,0.,1.));
#1012 = PLANE('',#1013);
#1013 = AXIS2_PLACEMENT_3D('',#1014,#1015,#1016);
#1014 = CARTESIAN_POINT('',(4.17,2.555,-0.65));
#1015 = DIRECTION('',(-0.,1.,0.));
#1016 = DIRECTION('',(0.,0.,1.));
#1017 = ADVANCED_FACE('',(#1018),#1035,.F.);
#1018 = FACE_BOUND('',#1019,.F.);
#1019 = EDGE_LOOP('',(#1020,#1028,#1029));
#1020 = ORIENTED_EDGE('',*,*,#1021,.F.);
#1021 = EDGE_CURVE('',#365,#1022,#1024,.T.);
#1022 = VERTEX_POINT('',#1023);
#1023 = CARTESIAN_POINT('',(4.47,-1.475,1.73));
#1024 = LINE('',#1025,#1026);
#1025 = CARTESIAN_POINT('',(4.47,-1.475,-0.65));
#1026 = VECTOR('',#1027,1.);
#1027 = DIRECTION('',(0.,0.,1.));
#1028 = ORIENTED_EDGE('',*,*,#362,.F.);
#1029 = ORIENTED_EDGE('',*,*,#1030,.T.);
#1030 = EDGE_CURVE('',#363,#1022,#1031,.T.);
#1031 = LINE('',#1032,#1033);
#1032 = CARTESIAN_POINT('',(4.17,-1.475,1.73));
#1033 = VECTOR('',#1034,1.);
#1034 = DIRECTION('',(1.,0.,-0.));
#1035 = PLANE('',#1036);
#1036 = AXIS2_PLACEMENT_3D('',#1037,#1038,#1039);
#1037 = CARTESIAN_POINT('',(4.17,-1.475,-0.65));
#1038 = DIRECTION('',(-0.,1.,0.));
#1039 = DIRECTION('',(0.,0.,1.));
#1040 = ADVANCED_FACE('',(#1041),#1066,.F.);
#1041 = FACE_BOUND('',#1042,.F.);
#1042 = EDGE_LOOP('',(#1043,#1053,#1059,#1060));
#1043 = ORIENTED_EDGE('',*,*,#1044,.F.);
#1044 = EDGE_CURVE('',#1045,#1047,#1049,.T.);
#1045 = VERTEX_POINT('',#1046);
#1046 = CARTESIAN_POINT('',(4.17,-1.475,-0.65));
#1047 = VERTEX_POINT('',#1048);
#1048 = CARTESIAN_POINT('',(4.47,-1.475,-0.65));
#1049 = LINE('',#1050,#1051);
#1050 = CARTESIAN_POINT('',(4.17,-1.475,-0.65));
#1051 = VECTOR('',#1052,1.);
#1052 = DIRECTION('',(1.,0.,-0.));
#1053 = ORIENTED_EDGE('',*,*,#1054,.T.);
#1054 = EDGE_CURVE('',#1045,#400,#1055,.T.);
#1055 = LINE('',#1056,#1057);
#1056 = CARTESIAN_POINT('',(4.17,-1.475,-0.65));
#1057 = VECTOR('',#1058,1.);
#1058 = DIRECTION('',(0.,0.,1.));
#1059 = ORIENTED_EDGE('',*,*,#407,.F.);
#1060 = ORIENTED_EDGE('',*,*,#1061,.F.);
#1061 = EDGE_CURVE('',#1047,#365,#1062,.T.);
#1062 = LINE('',#1063,#1064);
#1063 = CARTESIAN_POINT('',(4.47,-1.475,-0.65));
#1064 = VECTOR('',#1065,1.);
#1065 = DIRECTION('',(0.,0.,1.));
#1066 = PLANE('',#1067);
#1067 = AXIS2_PLACEMENT_3D('',#1068,#1069,#1070);
#1068 = CARTESIAN_POINT('',(4.17,-1.475,-0.65));
#1069 = DIRECTION('',(-0.,1.,0.));
#1070 = DIRECTION('',(0.,0.,1.));
#1071 = ADVANCED_FACE('',(#1072),#1108,.T.);
#1072 = FACE_BOUND('',#1073,.T.);
#1073 = EDGE_LOOP('',(#1074,#1083,#1084,#1085,#1093,#1102));
#1074 = ORIENTED_EDGE('',*,*,#1075,.F.);
#1075 = EDGE_CURVE('',#1045,#1076,#1078,.T.);
#1076 = VERTEX_POINT('',#1077);
#1077 = CARTESIAN_POINT('',(4.17,-1.125,-1.));
#1078 = CIRCLE('',#1079,0.35);
#1079 = AXIS2_PLACEMENT_3D('',#1080,#1081,#1082);
#1080 = CARTESIAN_POINT('',(4.17,-1.125,-0.65));
#1081 = DIRECTION('',(1.,0.,0.));
#1082 = DIRECTION('',(-0.,0.,1.));
#1083 = ORIENTED_EDGE('',*,*,#1054,.T.);
#1084 = ORIENTED_EDGE('',*,*,#399,.T.);
#1085 = ORIENTED_EDGE('',*,*,#1086,.F.);
#1086 = EDGE_CURVE('',#1087,#391,#1089,.T.);
#1087 = VERTEX_POINT('',#1088);
#1088 = CARTESIAN_POINT('',(4.17,-0.675,-0.65));
#1089 = LINE('',#1090,#1091);
#1090 = CARTESIAN_POINT('',(4.17,-0.675,-0.65));
#1091 = VECTOR('',#1092,1.);
#1092 = DIRECTION('',(0.,0.,1.));
#1093 = ORIENTED_EDGE('',*,*,#1094,.F.);
#1094 = EDGE_CURVE('',#1095,#1087,#1097,.T.);
#1095 = VERTEX_POINT('',#1096);
#1096 = CARTESIAN_POINT('',(4.17,-1.025,-1.));
#1097 = CIRCLE('',#1098,0.35);
#1098 = AXIS2_PLACEMENT_3D('',#1099,#1100,#1101);
#1099 = CARTESIAN_POINT('',(4.17,-1.025,-0.65));
#1100 = DIRECTION('',(1.,0.,0.));
#1101 = DIRECTION('',(-0.,0.,1.));
#1102 = ORIENTED_EDGE('',*,*,#1103,.F.);
#1103 = EDGE_CURVE('',#1076,#1095,#1104,.T.);
#1104 = LINE('',#1105,#1106);
#1105 = CARTESIAN_POINT('',(4.17,-1.125,-1.));
#1106 = VECTOR('',#1107,1.);
#1107 = DIRECTION('',(-0.,1.,0.));
#1108 = PLANE('',#1109);
#1109 = AXIS2_PLACEMENT_3D('',#1110,#1111,#1112);
#1110 = CARTESIAN_POINT('',(4.17,-1.075,0.431473977328));
#1111 = DIRECTION('',(-1.,-0.,-0.));
#1112 = DIRECTION('',(0.,0.,-1.));
#1113 = ADVANCED_FACE('',(#1114),#1132,.T.);
#1114 = FACE_BOUND('',#1115,.T.);
#1115 = EDGE_LOOP('',(#1116,#1124,#1125,#1126));
#1116 = ORIENTED_EDGE('',*,*,#1117,.F.);
#1117 = EDGE_CURVE('',#1087,#1118,#1120,.T.);
#1118 = VERTEX_POINT('',#1119);
#1119 = CARTESIAN_POINT('',(4.47,-0.675,-0.65));
#1120 = LINE('',#1121,#1122);
#1121 = CARTESIAN_POINT('',(4.17,-0.675,-0.65));
#1122 = VECTOR('',#1123,1.);
#1123 = DIRECTION('',(1.,0.,-0.));
#1124 = ORIENTED_EDGE('',*,*,#1086,.T.);
#1125 = ORIENTED_EDGE('',*,*,#390,.F.);
#1126 = ORIENTED_EDGE('',*,*,#1127,.F.);
#1127 = EDGE_CURVE('',#1118,#382,#1128,.T.);
#1128 = LINE('',#1129,#1130);
#1129 = CARTESIAN_POINT('',(4.47,-0.675,-0.65));
#1130 = VECTOR('',#1131,1.);
#1131 = DIRECTION('',(0.,0.,1.));
#1132 = PLANE('',#1133);
#1133 = AXIS2_PLACEMENT_3D('',#1134,#1135,#1136);
#1134 = CARTESIAN_POINT('',(4.17,-0.675,-0.65));
#1135 = DIRECTION('',(-0.,1.,0.));
#1136 = DIRECTION('',(0.,0.,1.));
#1137 = ADVANCED_FACE('',(#1138),#1155,.T.);
#1138 = FACE_BOUND('',#1139,.T.);
#1139 = EDGE_LOOP('',(#1140,#1148,#1149));
#1140 = ORIENTED_EDGE('',*,*,#1141,.F.);
#1141 = EDGE_CURVE('',#382,#1142,#1144,.T.);
#1142 = VERTEX_POINT('',#1143);
#1143 = CARTESIAN_POINT('',(4.47,-0.675,1.73));
#1144 = LINE('',#1145,#1146);
#1145 = CARTESIAN_POINT('',(4.47,-0.675,-0.65));
#1146 = VECTOR('',#1147,1.);
#1147 = DIRECTION('',(0.,0.,1.));
#1148 = ORIENTED_EDGE('',*,*,#381,.F.);
#1149 = ORIENTED_EDGE('',*,*,#1150,.T.);
#1150 = EDGE_CURVE('',#374,#1142,#1151,.T.);
#1151 = LINE('',#1152,#1153);
#1152 = CARTESIAN_POINT('',(4.17,-0.675,1.73));
#1153 = VECTOR('',#1154,1.);
#1154 = DIRECTION('',(1.,0.,-0.));
#1155 = PLANE('',#1156);
#1156 = AXIS2_PLACEMENT_3D('',#1157,#1158,#1159);
#1157 = CARTESIAN_POINT('',(4.17,-0.675,-0.65));
#1158 = DIRECTION('',(-0.,1.,0.));
#1159 = DIRECTION('',(0.,0.,1.));
#1160 = ADVANCED_FACE('',(#1161),#1172,.T.);
#1161 = FACE_BOUND('',#1162,.T.);
#1162 = EDGE_LOOP('',(#1163,#1164,#1165,#1166));
#1163 = ORIENTED_EDGE('',*,*,#1150,.F.);
#1164 = ORIENTED_EDGE('',*,*,#373,.F.);
#1165 = ORIENTED_EDGE('',*,*,#1030,.T.);
#1166 = ORIENTED_EDGE('',*,*,#1167,.T.);
#1167 = EDGE_CURVE('',#1022,#1142,#1168,.T.);
#1168 = LINE('',#1169,#1170);
#1169 = CARTESIAN_POINT('',(4.47,-1.475,1.73));
#1170 = VECTOR('',#1171,1.);
#1171 = DIRECTION('',(-0.,1.,0.));
#1172 = PLANE('',#1173);
#1173 = AXIS2_PLACEMENT_3D('',#1174,#1175,#1176);
#1174 = CARTESIAN_POINT('',(4.17,-1.475,1.73));
#1175 = DIRECTION('',(0.,0.,1.));
#1176 = DIRECTION('',(1.,0.,-0.));
#1177 = ADVANCED_FACE('',(#1178),#1184,.T.);
#1178 = FACE_BOUND('',#1179,.T.);
#1179 = EDGE_LOOP('',(#1180,#1181,#1182,#1183));
#1180 = ORIENTED_EDGE('',*,*,#840,.F.);
#1181 = ORIENTED_EDGE('',*,*,#452,.F.);
#1182 = ORIENTED_EDGE('',*,*,#874,.T.);
#1183 = ORIENTED_EDGE('',*,*,#509,.F.);
#1184 = PLANE('',#1185);
#1185 = AXIS2_PLACEMENT_3D('',#1186,#1187,#1188);
#1186 = CARTESIAN_POINT('',(-2.89,-4.675,0.3));
#1187 = DIRECTION('',(0.,0.,1.));
#1188 = DIRECTION('',(1.,0.,-0.));
#1189 = ADVANCED_FACE('',(#1190),#1208,.T.);
#1190 = FACE_BOUND('',#1191,.T.);
#1191 = EDGE_LOOP('',(#1192,#1200,#1206,#1207));
#1192 = ORIENTED_EDGE('',*,*,#1193,.F.);
#1193 = EDGE_CURVE('',#1194,#565,#1196,.T.);
#1194 = VERTEX_POINT('',#1195);
#1195 = CARTESIAN_POINT('',(-4.47,3.655,-0.65));
#1196 = LINE('',#1197,#1198);
#1197 = CARTESIAN_POINT('',(-4.47,3.655,-0.65));
#1198 = VECTOR('',#1199,1.);
#1199 = DIRECTION('',(1.,0.,-0.));
#1200 = ORIENTED_EDGE('',*,*,#1201,.T.);
#1201 = EDGE_CURVE('',#1194,#646,#1202,.T.);
#1202 = LINE('',#1203,#1204);
#1203 = CARTESIAN_POINT('',(-4.47,3.655,-0.65));
#1204 = VECTOR('',#1205,1.);
#1205 = DIRECTION('',(0.,0.,1.));
#1206 = ORIENTED_EDGE('',*,*,#645,.T.);
#1207 = ORIENTED_EDGE('',*,*,#573,.F.);
#1208 = PLANE('',#1209);
#1209 = AXIS2_PLACEMENT_3D('',#1210,#1211,#1212);
#1210 = CARTESIAN_POINT('',(-4.47,3.655,-0.65));
#1211 = DIRECTION('',(-0.,1.,0.));
#1212 = DIRECTION('',(0.,0.,1.));
#1213 = ADVANCED_FACE('',(#1214),#1233,.T.);
#1214 = FACE_BOUND('',#1215,.T.);
#1215 = EDGE_LOOP('',(#1216,#1217,#1225,#1232));
#1216 = ORIENTED_EDGE('',*,*,#564,.F.);
#1217 = ORIENTED_EDGE('',*,*,#1218,.F.);
#1218 = EDGE_CURVE('',#1219,#557,#1221,.T.);
#1219 = VERTEX_POINT('',#1220);
#1220 = CARTESIAN_POINT('',(-4.47,3.305,-1.));
#1221 = LINE('',#1222,#1223);
#1222 = CARTESIAN_POINT('',(-4.47,3.305,-1.));
#1223 = VECTOR('',#1224,1.);
#1224 = DIRECTION('',(1.,0.,-0.));
#1225 = ORIENTED_EDGE('',*,*,#1226,.T.);
#1226 = EDGE_CURVE('',#1219,#1194,#1227,.T.);
#1227 = CIRCLE('',#1228,0.35);
#1228 = AXIS2_PLACEMENT_3D('',#1229,#1230,#1231);
#1229 = CARTESIAN_POINT('',(-4.47,3.305,-0.65));
#1230 = DIRECTION('',(1.,0.,0.));
#1231 = DIRECTION('',(-0.,0.,1.));
#1232 = ORIENTED_EDGE('',*,*,#1193,.T.);
#1233 = CYLINDRICAL_SURFACE('',#1234,0.35);
#1234 = AXIS2_PLACEMENT_3D('',#1235,#1236,#1237);
#1235 = CARTESIAN_POINT('',(-4.47,3.305,-0.65));
#1236 = DIRECTION('',(1.,0.,0.));
#1237 = DIRECTION('',(-0.,0.,1.));
#1238 = ADVANCED_FACE('',(#1239),#1257,.F.);
#1239 = FACE_BOUND('',#1240,.F.);
#1240 = EDGE_LOOP('',(#1241,#1249,#1255,#1256));
#1241 = ORIENTED_EDGE('',*,*,#1242,.F.);
#1242 = EDGE_CURVE('',#1243,#1219,#1245,.T.);
#1243 = VERTEX_POINT('',#1244);
#1244 = CARTESIAN_POINT('',(-4.47,2.905,-1.));
#1245 = LINE('',#1246,#1247);
#1246 = CARTESIAN_POINT('',(-4.47,2.905,-1.));
#1247 = VECTOR('',#1248,1.);
#1248 = DIRECTION('',(-0.,1.,0.));
#1249 = ORIENTED_EDGE('',*,*,#1250,.T.);
#1250 = EDGE_CURVE('',#1243,#548,#1251,.T.);
#1251 = LINE('',#1252,#1253);
#1252 = CARTESIAN_POINT('',(-4.47,2.905,-1.));
#1253 = VECTOR('',#1254,1.);
#1254 = DIRECTION('',(1.,0.,-0.));
#1255 = ORIENTED_EDGE('',*,*,#556,.T.);
#1256 = ORIENTED_EDGE('',*,*,#1218,.F.);
#1257 = PLANE('',#1258);
#1258 = AXIS2_PLACEMENT_3D('',#1259,#1260,#1261);
#1259 = CARTESIAN_POINT('',(-4.47,2.905,-1.));
#1260 = DIRECTION('',(0.,0.,1.));
#1261 = DIRECTION('',(1.,0.,-0.));
#1262 = ADVANCED_FACE('',(#1263),#1275,.T.);
#1263 = FACE_BOUND('',#1264,.T.);
#1264 = EDGE_LOOP('',(#1265,#1266,#1267,#1274));
#1265 = ORIENTED_EDGE('',*,*,#547,.F.);
#1266 = ORIENTED_EDGE('',*,*,#598,.F.);
#1267 = ORIENTED_EDGE('',*,*,#1268,.T.);
#1268 = EDGE_CURVE('',#599,#1243,#1269,.T.);
#1269 = CIRCLE('',#1270,0.35);
#1270 = AXIS2_PLACEMENT_3D('',#1271,#1272,#1273);
#1271 = CARTESIAN_POINT('',(-4.47,2.905,-0.65));
#1272 = DIRECTION('',(1.,0.,0.));
#1273 = DIRECTION('',(-0.,0.,1.));
#1274 = ORIENTED_EDGE('',*,*,#1250,.T.);
#1275 = CYLINDRICAL_SURFACE('',#1276,0.35);
#1276 = AXIS2_PLACEMENT_3D('',#1277,#1278,#1279);
#1277 = CARTESIAN_POINT('',(-4.47,2.905,-0.65));
#1278 = DIRECTION('',(1.,0.,0.));
#1279 = DIRECTION('',(-0.,0.,1.));
#1280 = ADVANCED_FACE('',(#1281),#1290,.T.);
#1281 = FACE_BOUND('',#1282,.T.);
#1282 = EDGE_LOOP('',(#1283,#1284,#1285,#1286,#1287,#1288,#1289));
#1283 = ORIENTED_EDGE('',*,*,#606,.T.);
#1284 = ORIENTED_EDGE('',*,*,#623,.T.);
#1285 = ORIENTED_EDGE('',*,*,#653,.T.);
#1286 = ORIENTED_EDGE('',*,*,#1201,.F.);
#1287 = ORIENTED_EDGE('',*,*,#1226,.F.);
#1288 = ORIENTED_EDGE('',*,*,#1242,.F.);
#1289 = ORIENTED_EDGE('',*,*,#1268,.F.);
#1290 = PLANE('',#1291);
#1291 = AXIS2_PLACEMENT_3D('',#1292,#1293,#1294);
#1292 = CARTESIAN_POINT('',(-4.47,3.105,0.426045343966));
#1293 = DIRECTION('',(-1.,-0.,-0.));
#1294 = DIRECTION('',(0.,0.,-1.));
#1295 = ADVANCED_FACE('',(#1296),#1315,.T.);
#1296 = FACE_BOUND('',#1297,.T.);
#1297 = EDGE_LOOP('',(#1298,#1299,#1300,#1309));
#1298 = ORIENTED_EDGE('',*,*,#797,.F.);
#1299 = ORIENTED_EDGE('',*,*,#671,.F.);
#1300 = ORIENTED_EDGE('',*,*,#1301,.T.);
#1301 = EDGE_CURVE('',#672,#1302,#1304,.T.);
#1302 = VERTEX_POINT('',#1303);
#1303 = CARTESIAN_POINT('',(-4.47,-1.125,-1.));
#1304 = CIRCLE('',#1305,0.35);
#1305 = AXIS2_PLACEMENT_3D('',#1306,#1307,#1308);
#1306 = CARTESIAN_POINT('',(-4.47,-1.125,-0.65));
#1307 = DIRECTION('',(1.,0.,0.));
#1308 = DIRECTION('',(-0.,0.,1.));
#1309 = ORIENTED_EDGE('',*,*,#1310,.T.);
#1310 = EDGE_CURVE('',#1302,#798,#1311,.T.);
#1311 = LINE('',#1312,#1313);
#1312 = CARTESIAN_POINT('',(-4.47,-1.125,-1.));
#1313 = VECTOR('',#1314,1.);
#1314 = DIRECTION('',(1.,0.,-0.));
#1315 = CYLINDRICAL_SURFACE('',#1316,0.35);
#1316 = AXIS2_PLACEMENT_3D('',#1317,#1318,#1319);
#1317 = CARTESIAN_POINT('',(-4.47,-1.125,-0.65));
#1318 = DIRECTION('',(1.,0.,0.));
#1319 = DIRECTION('',(-0.,0.,1.));
#1320 = ADVANCED_FACE('',(#1321),#1340,.T.);
#1321 = FACE_BOUND('',#1322,.T.);
#1322 = EDGE_LOOP('',(#1323,#1324,#1332,#1339));
#1323 = ORIENTED_EDGE('',*,*,#814,.F.);
#1324 = ORIENTED_EDGE('',*,*,#1325,.F.);
#1325 = EDGE_CURVE('',#1326,#807,#1328,.T.);
#1326 = VERTEX_POINT('',#1327);
#1327 = CARTESIAN_POINT('',(-4.47,-1.025,-1.));
#1328 = LINE('',#1329,#1330);
#1329 = CARTESIAN_POINT('',(-4.47,-1.025,-1.));
#1330 = VECTOR('',#1331,1.);
#1331 = DIRECTION('',(1.,0.,-0.));
#1332 = ORIENTED_EDGE('',*,*,#1333,.T.);
#1333 = EDGE_CURVE('',#1326,#766,#1334,.T.);
#1334 = CIRCLE('',#1335,0.35);
#1335 = AXIS2_PLACEMENT_3D('',#1336,#1337,#1338);
#1336 = CARTESIAN_POINT('',(-4.47,-1.025,-0.65));
#1337 = DIRECTION('',(1.,0.,0.));
#1338 = DIRECTION('',(-0.,0.,1.));
#1339 = ORIENTED_EDGE('',*,*,#765,.T.);
#1340 = CYLINDRICAL_SURFACE('',#1341,0.35);
#1341 = AXIS2_PLACEMENT_3D('',#1342,#1343,#1344);
#1342 = CARTESIAN_POINT('',(-4.47,-1.025,-0.65));
#1343 = DIRECTION('',(1.,0.,0.));
#1344 = DIRECTION('',(-0.,0.,1.));
#1345 = ADVANCED_FACE('',(#1346),#1357,.F.);
#1346 = FACE_BOUND('',#1347,.F.);
#1347 = EDGE_LOOP('',(#1348,#1354,#1355,#1356));
#1348 = ORIENTED_EDGE('',*,*,#1349,.F.);
#1349 = EDGE_CURVE('',#1302,#1326,#1350,.T.);
#1350 = LINE('',#1351,#1352);
#1351 = CARTESIAN_POINT('',(-4.47,-1.125,-1.));
#1352 = VECTOR('',#1353,1.);
#1353 = DIRECTION('',(-0.,1.,0.));
#1354 = ORIENTED_EDGE('',*,*,#1310,.T.);
#1355 = ORIENTED_EDGE('',*,*,#806,.T.);
#1356 = ORIENTED_EDGE('',*,*,#1325,.F.);
#1357 = PLANE('',#1358);
#1358 = AXIS2_PLACEMENT_3D('',#1359,#1360,#1361);
#1359 = CARTESIAN_POINT('',(-4.47,-1.125,-1.));
#1360 = DIRECTION('',(0.,0.,1.));
#1361 = DIRECTION('',(1.,0.,-0.));
#1362 = ADVANCED_FACE('',(#1363),#1382,.T.);
#1363 = FACE_BOUND('',#1364,.T.);
#1364 = EDGE_LOOP('',(#1365,#1374,#1375,#1376));
#1365 = ORIENTED_EDGE('',*,*,#1366,.F.);
#1366 = EDGE_CURVE('',#998,#1367,#1369,.T.);
#1367 = VERTEX_POINT('',#1368);
#1368 = CARTESIAN_POINT('',(4.47,2.905,-1.));
#1369 = CIRCLE('',#1370,0.35);
#1370 = AXIS2_PLACEMENT_3D('',#1371,#1372,#1373);
#1371 = CARTESIAN_POINT('',(4.47,2.905,-0.65));
#1372 = DIRECTION('',(1.,0.,0.));
#1373 = DIRECTION('',(-0.,0.,1.));
#1374 = ORIENTED_EDGE('',*,*,#997,.F.);
#1375 = ORIENTED_EDGE('',*,*,#889,.T.);
#1376 = ORIENTED_EDGE('',*,*,#1377,.T.);
#1377 = EDGE_CURVE('',#892,#1367,#1378,.T.);
#1378 = LINE('',#1379,#1380);
#1379 = CARTESIAN_POINT('',(4.17,2.905,-1.));
#1380 = VECTOR('',#1381,1.);
#1381 = DIRECTION('',(1.,0.,-0.));
#1382 = CYLINDRICAL_SURFACE('',#1383,0.35);
#1383 = AXIS2_PLACEMENT_3D('',#1384,#1385,#1386);
#1384 = CARTESIAN_POINT('',(4.17,2.905,-0.65));
#1385 = DIRECTION('',(1.,0.,0.));
#1386 = DIRECTION('',(-0.,0.,1.));
#1387 = ADVANCED_FACE('',(#1388),#1406,.F.);
#1388 = FACE_BOUND('',#1389,.F.);
#1389 = EDGE_LOOP('',(#1390,#1391,#1392,#1400));
#1390 = ORIENTED_EDGE('',*,*,#934,.F.);
#1391 = ORIENTED_EDGE('',*,*,#1377,.T.);
#1392 = ORIENTED_EDGE('',*,*,#1393,.T.);
#1393 = EDGE_CURVE('',#1367,#1394,#1396,.T.);
#1394 = VERTEX_POINT('',#1395);
#1395 = CARTESIAN_POINT('',(4.47,3.305,-1.));
#1396 = LINE('',#1397,#1398);
#1397 = CARTESIAN_POINT('',(4.47,2.905,-1.));
#1398 = VECTOR('',#1399,1.);
#1399 = DIRECTION('',(-0.,1.,0.));
#1400 = ORIENTED_EDGE('',*,*,#1401,.F.);
#1401 = EDGE_CURVE('',#926,#1394,#1402,.T.);
#1402 = LINE('',#1403,#1404);
#1403 = CARTESIAN_POINT('',(4.17,3.305,-1.));
#1404 = VECTOR('',#1405,1.);
#1405 = DIRECTION('',(1.,0.,-0.));
#1406 = PLANE('',#1407);
#1407 = AXIS2_PLACEMENT_3D('',#1408,#1409,#1410);
#1408 = CARTESIAN_POINT('',(4.17,2.905,-1.));
#1409 = DIRECTION('',(0.,0.,1.));
#1410 = DIRECTION('',(1.,0.,-0.));
#1411 = ADVANCED_FACE('',(#1412),#1431,.T.);
#1412 = FACE_BOUND('',#1413,.T.);
#1413 = EDGE_LOOP('',(#1414,#1423,#1424,#1425));
#1414 = ORIENTED_EDGE('',*,*,#1415,.F.);
#1415 = EDGE_CURVE('',#1394,#1416,#1418,.T.);
#1416 = VERTEX_POINT('',#1417);
#1417 = CARTESIAN_POINT('',(4.47,3.655,-0.65));
#1418 = CIRCLE('',#1419,0.35);
#1419 = AXIS2_PLACEMENT_3D('',#1420,#1421,#1422);
#1420 = CARTESIAN_POINT('',(4.47,3.305,-0.65));
#1421 = DIRECTION('',(1.,0.,0.));
#1422 = DIRECTION('',(-0.,0.,1.));
#1423 = ORIENTED_EDGE('',*,*,#1401,.F.);
#1424 = ORIENTED_EDGE('',*,*,#925,.T.);
#1425 = ORIENTED_EDGE('',*,*,#1426,.T.);
#1426 = EDGE_CURVE('',#918,#1416,#1427,.T.);
#1427 = LINE('',#1428,#1429);
#1428 = CARTESIAN_POINT('',(4.17,3.655,-0.65));
#1429 = VECTOR('',#1430,1.);
#1430 = DIRECTION('',(1.,0.,-0.));
#1431 = CYLINDRICAL_SURFACE('',#1432,0.35);
#1432 = AXIS2_PLACEMENT_3D('',#1433,#1434,#1435);
#1433 = CARTESIAN_POINT('',(4.17,3.305,-0.65));
#1434 = DIRECTION('',(1.,0.,0.));
#1435 = DIRECTION('',(-0.,0.,1.));
#1436 = ADVANCED_FACE('',(#1437),#1448,.T.);
#1437 = FACE_BOUND('',#1438,.T.);
#1438 = EDGE_LOOP('',(#1439,#1440,#1441,#1442));
#1439 = ORIENTED_EDGE('',*,*,#1426,.F.);
#1440 = ORIENTED_EDGE('',*,*,#917,.T.);
#1441 = ORIENTED_EDGE('',*,*,#967,.T.);
#1442 = ORIENTED_EDGE('',*,*,#1443,.F.);
#1443 = EDGE_CURVE('',#1416,#960,#1444,.T.);
#1444 = LINE('',#1445,#1446);
#1445 = CARTESIAN_POINT('',(4.47,3.655,-0.65));
#1446 = VECTOR('',#1447,1.);
#1447 = DIRECTION('',(0.,0.,1.));
#1448 = PLANE('',#1449);
#1449 = AXIS2_PLACEMENT_3D('',#1450,#1451,#1452);
#1450 = CARTESIAN_POINT('',(4.17,3.655,-0.65));
#1451 = DIRECTION('',(-0.,1.,0.));
#1452 = DIRECTION('',(0.,0.,1.));
#1453 = ADVANCED_FACE('',(#1454),#1463,.T.);
#1454 = FACE_BOUND('',#1455,.T.);
#1455 = EDGE_LOOP('',(#1456,#1457,#1458,#1459,#1460,#1461,#1462));
#1456 = ORIENTED_EDGE('',*,*,#1007,.F.);
#1457 = ORIENTED_EDGE('',*,*,#1366,.T.);
#1458 = ORIENTED_EDGE('',*,*,#1393,.T.);
#1459 = ORIENTED_EDGE('',*,*,#1415,.T.);
#1460 = ORIENTED_EDGE('',*,*,#1443,.T.);
#1461 = ORIENTED_EDGE('',*,*,#959,.F.);
#1462 = ORIENTED_EDGE('',*,*,#981,.F.);
#1463 = PLANE('',#1464);
#1464 = AXIS2_PLACEMENT_3D('',#1465,#1466,#1467);
#1465 = CARTESIAN_POINT('',(4.47,3.105,0.426045343966));
#1466 = DIRECTION('',(1.,0.,0.));
#1467 = DIRECTION('',(-0.,0.,1.));
#1468 = ADVANCED_FACE('',(#1469),#1488,.T.);
#1469 = FACE_BOUND('',#1470,.T.);
#1470 = EDGE_LOOP('',(#1471,#1480,#1481,#1482));
#1471 = ORIENTED_EDGE('',*,*,#1472,.F.);
#1472 = EDGE_CURVE('',#1047,#1473,#1475,.T.);
#1473 = VERTEX_POINT('',#1474);
#1474 = CARTESIAN_POINT('',(4.47,-1.125,-1.));
#1475 = CIRCLE('',#1476,0.35);
#1476 = AXIS2_PLACEMENT_3D('',#1477,#1478,#1479);
#1477 = CARTESIAN_POINT('',(4.47,-1.125,-0.65));
#1478 = DIRECTION('',(1.,0.,0.));
#1479 = DIRECTION('',(-0.,0.,1.));
#1480 = ORIENTED_EDGE('',*,*,#1044,.F.);
#1481 = ORIENTED_EDGE('',*,*,#1075,.T.);
#1482 = ORIENTED_EDGE('',*,*,#1483,.T.);
#1483 = EDGE_CURVE('',#1076,#1473,#1484,.T.);
#1484 = LINE('',#1485,#1486);
#1485 = CARTESIAN_POINT('',(4.17,-1.125,-1.));
#1486 = VECTOR('',#1487,1.);
#1487 = DIRECTION('',(1.,0.,-0.));
#1488 = CYLINDRICAL_SURFACE('',#1489,0.35);
#1489 = AXIS2_PLACEMENT_3D('',#1490,#1491,#1492);
#1490 = CARTESIAN_POINT('',(4.17,-1.125,-0.65));
#1491 = DIRECTION('',(1.,0.,0.));
#1492 = DIRECTION('',(-0.,0.,1.));
#1493 = ADVANCED_FACE('',(#1494),#1512,.F.);
#1494 = FACE_BOUND('',#1495,.F.);
#1495 = EDGE_LOOP('',(#1496,#1497,#1498,#1506));
#1496 = ORIENTED_EDGE('',*,*,#1103,.F.);
#1497 = ORIENTED_EDGE('',*,*,#1483,.T.);
#1498 = ORIENTED_EDGE('',*,*,#1499,.T.);
#1499 = EDGE_CURVE('',#1473,#1500,#1502,.T.);
#1500 = VERTEX_POINT('',#1501);
#1501 = CARTESIAN_POINT('',(4.47,-1.025,-1.));
#1502 = LINE('',#1503,#1504);
#1503 = CARTESIAN_POINT('',(4.47,-1.125,-1.));
#1504 = VECTOR('',#1505,1.);
#1505 = DIRECTION('',(-0.,1.,0.));
#1506 = ORIENTED_EDGE('',*,*,#1507,.F.);
#1507 = EDGE_CURVE('',#1095,#1500,#1508,.T.);
#1508 = LINE('',#1509,#1510);
#1509 = CARTESIAN_POINT('',(4.17,-1.025,-1.));
#1510 = VECTOR('',#1511,1.);
#1511 = DIRECTION('',(1.,0.,-0.));
#1512 = PLANE('',#1513);
#1513 = AXIS2_PLACEMENT_3D('',#1514,#1515,#1516);
#1514 = CARTESIAN_POINT('',(4.17,-1.125,-1.));
#1515 = DIRECTION('',(0.,0.,1.));
#1516 = DIRECTION('',(1.,0.,-0.));
#1517 = ADVANCED_FACE('',(#1518),#1530,.T.);
#1518 = FACE_BOUND('',#1519,.T.);
#1519 = EDGE_LOOP('',(#1520,#1527,#1528,#1529));
#1520 = ORIENTED_EDGE('',*,*,#1521,.F.);
#1521 = EDGE_CURVE('',#1500,#1118,#1522,.T.);
#1522 = CIRCLE('',#1523,0.35);
#1523 = AXIS2_PLACEMENT_3D('',#1524,#1525,#1526);
#1524 = CARTESIAN_POINT('',(4.47,-1.025,-0.65));
#1525 = DIRECTION('',(1.,0.,0.));
#1526 = DIRECTION('',(-0.,0.,1.));
#1527 = ORIENTED_EDGE('',*,*,#1507,.F.);
#1528 = ORIENTED_EDGE('',*,*,#1094,.T.);
#1529 = ORIENTED_EDGE('',*,*,#1117,.T.);
#1530 = CYLINDRICAL_SURFACE('',#1531,0.35);
#1531 = AXIS2_PLACEMENT_3D('',#1532,#1533,#1534);
#1532 = CARTESIAN_POINT('',(4.17,-1.025,-0.65));
#1533 = DIRECTION('',(1.,0.,0.));
#1534 = DIRECTION('',(-0.,0.,1.));
#1535 = ADVANCED_FACE('',(#1536),#1546,.T.);
#1536 = FACE_BOUND('',#1537,.T.);
#1537 = EDGE_LOOP('',(#1538,#1539,#1540,#1541,#1542,#1543,#1544,#1545));
#1538 = ORIENTED_EDGE('',*,*,#1301,.F.);
#1539 = ORIENTED_EDGE('',*,*,#681,.T.);
#1540 = ORIENTED_EDGE('',*,*,#703,.T.);
#1541 = ORIENTED_EDGE('',*,*,#733,.T.);
#1542 = ORIENTED_EDGE('',*,*,#750,.F.);
#1543 = ORIENTED_EDGE('',*,*,#775,.F.);
#1544 = ORIENTED_EDGE('',*,*,#1333,.F.);
#1545 = ORIENTED_EDGE('',*,*,#1349,.F.);
#1546 = PLANE('',#1547);
#1547 = AXIS2_PLACEMENT_3D('',#1548,#1549,#1550);
#1548 = CARTESIAN_POINT('',(-4.47,-1.075,0.431473977328));
#1549 = DIRECTION('',(-1.,-0.,-0.));
#1550 = DIRECTION('',(0.,0.,-1.));
#1551 = ADVANCED_FACE('',(#1552),#1562,.T.);
#1552 = FACE_BOUND('',#1553,.T.);
#1553 = EDGE_LOOP('',(#1554,#1555,#1556,#1557,#1558,#1559,#1560,#1561));
#1554 = ORIENTED_EDGE('',*,*,#1021,.F.);
#1555 = ORIENTED_EDGE('',*,*,#1061,.F.);
#1556 = ORIENTED_EDGE('',*,*,#1472,.T.);
#1557 = ORIENTED_EDGE('',*,*,#1499,.T.);
#1558 = ORIENTED_EDGE('',*,*,#1521,.T.);
#1559 = ORIENTED_EDGE('',*,*,#1127,.T.);
#1560 = ORIENTED_EDGE('',*,*,#1141,.T.);
#1561 = ORIENTED_EDGE('',*,*,#1167,.F.);
#1562 = PLANE('',#1563);
#1563 = AXIS2_PLACEMENT_3D('',#1564,#1565,#1566);
#1564 = CARTESIAN_POINT('',(4.47,-1.075,0.431473977328));
#1565 = DIRECTION('',(1.,0.,0.));
#1566 = DIRECTION('',(-0.,0.,1.));
#1567 = ( GEOMETRIC_REPRESENTATION_CONTEXT(3) 
GLOBAL_UNCERTAINTY_ASSIGNED_CONTEXT((#1571)) 
GLOBAL_UNIT_ASSIGNED_CONTEXT((#1568,#1569,#1570)) REPRESENTATION_CONTEXT
('Context #1','3D Context with UNIT and UNCERTAINTY') );
#1568 = ( LENGTH_UNIT() NAMED_UNIT(*) SI_UNIT(.MILLI.,.METRE.) );
#1569 = ( NAMED_UNIT(*) PLANE_ANGLE_UNIT() SI_UNIT($,.RADIAN.) );
#1570 = ( NAMED_UNIT(*) SI_UNIT($,.STERADIAN.) SOLID_ANGLE_UNIT() );
#1571 = UNCERTAINTY_MEASURE_WITH_UNIT(LENGTH_MEASURE(1.E-07),#1568,
  'distance_accuracy_value','confusion accuracy');
#1572 = CONTEXT_DEPENDENT_SHAPE_REPRESENTATION(#1573,#1575);
#1573 = ( REPRESENTATION_RELATIONSHIP('','',#48,#10) 
REPRESENTATION_RELATIONSHIP_WITH_TRANSFORMATION(#1574) 
SHAPE_REPRESENTATION_RELATIONSHIP() );
#1574 = ITEM_DEFINED_TRANSFORMATION('','',#11,#15);
#1575 = PRODUCT_DEFINITION_SHAPE('Placement','Placement of an item',
  #1576);
#1576 = NEXT_ASSEMBLY_USAGE_OCCURRENCE('1','shell','',#5,#43,$);
#1577 = PRODUCT_RELATED_PRODUCT_CATEGORY('part',$,(#45));
#1578 = SHAPE_DEFINITION_REPRESENTATION(#1579,#1585);
#1579 = PRODUCT_DEFINITION_SHAPE('','',#1580);
#1580 = PRODUCT_DEFINITION('design','',#1581,#1584);
#1581 = PRODUCT_DEFINITION_FORMATION('','',#1582);
#1582 = PRODUCT('housing','housing','',(#1583));
#1583 = PRODUCT_CONTEXT('',#2,'mechanical');
#1584 = PRODUCT_DEFINITION_CONTEXT('part definition',#2,'design');
#1585 = ADVANCED_BREP_SHAPE_REPRESENTATION('',(#11,#1586),#2236);
#1586 = MANIFOLD_SOLID_BREP('',#1587);
#1587 = CLOSED_SHELL('',(#1588,#1628,#1704,#1729,#1797,#1878,#1890,#1914
    ,#1931,#1943,#1967,#1984,#1996,#2027,#2058,#2089,#2120,#2151,#2182,
    #2204,#2220));
#1588 = ADVANCED_FACE('',(#1589),#1623,.T.);
#1589 = FACE_BOUND('',#1590,.T.);
#1590 = EDGE_LOOP('',(#1591,#1601,#1609,#1617));
#1591 = ORIENTED_EDGE('',*,*,#1592,.F.);
#1592 = EDGE_CURVE('',#1593,#1595,#1597,.T.);
#1593 = VERTEX_POINT('',#1594);
#1594 = CARTESIAN_POINT('',(-2.89,3.085,3.16));
#1595 = VERTEX_POINT('',#1596);
#1596 = CARTESIAN_POINT('',(-2.89,3.675,3.16));
#1597 = LINE('',#1598,#1599);
#1598 = CARTESIAN_POINT('',(-2.89,3.085,3.16));
#1599 = VECTOR('',#1600,1.);
#1600 = DIRECTION('',(-0.,1.,0.));
#1601 = ORIENTED_EDGE('',*,*,#1602,.T.);
#1602 = EDGE_CURVE('',#1593,#1603,#1605,.T.);
#1603 = VERTEX_POINT('',#1604);
#1604 = CARTESIAN_POINT('',(2.89,3.085,3.16));
#1605 = LINE('',#1606,#1607);
#1606 = CARTESIAN_POINT('',(-2.89,3.085,3.16));
#1607 = VECTOR('',#1608,1.);
#1608 = DIRECTION('',(1.,0.,-0.));
#1609 = ORIENTED_EDGE('',*,*,#1610,.T.);
#1610 = EDGE_CURVE('',#1603,#1611,#1613,.T.);
#1611 = VERTEX_POINT('',#1612);
#1612 = CARTESIAN_POINT('',(2.89,3.675,3.16));
#1613 = LINE('',#1614,#1615);
#1614 = CARTESIAN_POINT('',(2.89,3.085,3.16));
#1615 = VECTOR('',#1616,1.);
#1616 = DIRECTION('',(-0.,1.,0.));
#1617 = ORIENTED_EDGE('',*,*,#1618,.F.);
#1618 = EDGE_CURVE('',#1595,#1611,#1619,.T.);
#1619 = LINE('',#1620,#1621);
#1620 = CARTESIAN_POINT('',(-2.89,3.675,3.16));
#1621 = VECTOR('',#1622,1.);
#1622 = DIRECTION('',(1.,0.,-0.));
#1623 = PLANE('',#1624);
#1624 = AXIS2_PLACEMENT_3D('',#1625,#1626,#1627);
#1625 = CARTESIAN_POINT('',(-2.89,3.085,3.16));
#1626 = DIRECTION('',(0.,0.,1.));
#1627 = DIRECTION('',(1.,0.,-0.));
#1628 = ADVANCED_FACE('',(#1629),#1699,.T.);
#1629 = FACE_BOUND('',#1630,.T.);
#1630 = EDGE_LOOP('',(#1631,#1641,#1650,#1658,#1667,#1676,#1684,#1691,
    #1692));
#1631 = ORIENTED_EDGE('',*,*,#1632,.F.);
#1632 = EDGE_CURVE('',#1633,#1635,#1637,.T.);
#1633 = VERTEX_POINT('',#1634);
#1634 = CARTESIAN_POINT('',(-3.443172667438,3.085,0.1));
#1635 = VERTEX_POINT('',#1636);
#1636 = CARTESIAN_POINT('',(-3.443172667438,3.675,0.1));
#1637 = LINE('',#1638,#1639);
#1638 = CARTESIAN_POINT('',(-3.443172667438,3.085,0.1));
#1639 = VECTOR('',#1640,1.);
#1640 = DIRECTION('',(0.,1.,0.));
#1641 = ORIENTED_EDGE('',*,*,#1642,.T.);
#1642 = EDGE_CURVE('',#1633,#1643,#1645,.T.);
#1643 = VERTEX_POINT('',#1644);
#1644 = CARTESIAN_POINT('',(-4.17,3.085,0.653717105847));
#1645 = CIRCLE('',#1646,1.58);
#1646 = AXIS2_PLACEMENT_3D('',#1647,#1648,#1649);
#1647 = CARTESIAN_POINT('',(-2.89,3.085,1.58));
#1648 = DIRECTION('',(0.,1.,0.));
#1649 = DIRECTION('',(0.,-0.,1.));
#1650 = ORIENTED_EDGE('',*,*,#1651,.T.);
#1651 = EDGE_CURVE('',#1643,#1652,#1654,.T.);
#1652 = VERTEX_POINT('',#1653);
#1653 = CARTESIAN_POINT('',(-4.17,3.655,0.653717105847));
#1654 = LINE('',#1655,#1656);
#1655 = CARTESIAN_POINT('',(-4.17,3.085,0.653717105847));
#1656 = VECTOR('',#1657,1.);
#1657 = DIRECTION('',(0.,1.,0.));
#1658 = ORIENTED_EDGE('',*,*,#1659,.T.);
#1659 = EDGE_CURVE('',#1652,#1660,#1662,.T.);
#1660 = VERTEX_POINT('',#1661);
#1661 = CARTESIAN_POINT('',(-4.47,3.655,1.58));
#1662 = CIRCLE('',#1663,1.58);
#1663 = AXIS2_PLACEMENT_3D('',#1664,#1665,#1666);
#1664 = CARTESIAN_POINT('',(-2.89,3.655,1.58));
#1665 = DIRECTION('',(0.,1.,0.));
#1666 = DIRECTION('',(0.,-0.,1.));
#1667 = ORIENTED_EDGE('',*,*,#1668,.T.);
#1668 = EDGE_CURVE('',#1660,#1669,#1671,.T.);
#1669 = VERTEX_POINT('',#1670);
#1670 = CARTESIAN_POINT('',(-4.462863630452,3.655,1.73));
#1671 = CIRCLE('',#1672,1.58);
#1672 = AXIS2_PLACEMENT_3D('',#1673,#1674,#1675);
#1673 = CARTESIAN_POINT('',(-2.89,3.655,1.58));
#1674 = DIRECTION('',(0.,1.,0.));
#1675 = DIRECTION('',(0.,-0.,1.));
#1676 = ORIENTED_EDGE('',*,*,#1677,.F.);
#1677 = EDGE_CURVE('',#1678,#1669,#1680,.T.);
#1678 = VERTEX_POINT('',#1679);
#1679 = CARTESIAN_POINT('',(-4.462863630452,3.085,1.73));
#1680 = LINE('',#1681,#1682);
#1681 = CARTESIAN_POINT('',(-4.462863630452,3.085,1.73));
#1682 = VECTOR('',#1683,1.);
#1683 = DIRECTION('',(0.,1.,0.));
#1684 = ORIENTED_EDGE('',*,*,#1685,.T.);
#1685 = EDGE_CURVE('',#1678,#1593,#1686,.T.);
#1686 = CIRCLE('',#1687,1.58);
#1687 = AXIS2_PLACEMENT_3D('',#1688,#1689,#1690);
#1688 = CARTESIAN_POINT('',(-2.89,3.085,1.58));
#1689 = DIRECTION('',(0.,1.,0.));
#1690 = DIRECTION('',(0.,-0.,1.));
#1691 = ORIENTED_EDGE('',*,*,#1592,.T.);
#1692 = ORIENTED_EDGE('',*,*,#1693,.F.);
#1693 = EDGE_CURVE('',#1635,#1595,#1694,.T.);
#1694 = CIRCLE('',#1695,1.58);
#1695 = AXIS2_PLACEMENT_3D('',#1696,#1697,#1698);
#1696 = CARTESIAN_POINT('',(-2.89,3.675,1.58));
#1697 = DIRECTION('',(0.,1.,0.));
#1698 = DIRECTION('',(0.,-0.,1.));
#1699 = CYLINDRICAL_SURFACE('',#1700,1.58);
#1700 = AXIS2_PLACEMENT_3D('',#1701,#1702,#1703);
#1701 = CARTESIAN_POINT('',(-2.89,3.085,1.58));
#1702 = DIRECTION('',(0.,1.,0.));
#1703 = DIRECTION('',(0.,-0.,1.));
#1704 = ADVANCED_FACE('',(#1705),#1724,.T.);
#1705 = FACE_BOUND('',#1706,.T.);
#1706 = EDGE_LOOP('',(#1707,#1715,#1716,#1717));
#1707 = ORIENTED_EDGE('',*,*,#1708,.F.);
#1708 = EDGE_CURVE('',#1635,#1709,#1711,.T.);
#1709 = VERTEX_POINT('',#1710);
#1710 = CARTESIAN_POINT('',(3.443172667438,3.675,0.1));
#1711 = LINE('',#1712,#1713);
#1712 = CARTESIAN_POINT('',(-4.47,3.675,0.1));
#1713 = VECTOR('',#1714,1.);
#1714 = DIRECTION('',(1.,0.,0.));
#1715 = ORIENTED_EDGE('',*,*,#1693,.T.);
#1716 = ORIENTED_EDGE('',*,*,#1618,.T.);
#1717 = ORIENTED_EDGE('',*,*,#1718,.T.);
#1718 = EDGE_CURVE('',#1611,#1709,#1719,.T.);
#1719 = CIRCLE('',#1720,1.58);
#1720 = AXIS2_PLACEMENT_3D('',#1721,#1722,#1723);
#1721 = CARTESIAN_POINT('',(2.89,3.675,1.58));
#1722 = DIRECTION('',(0.,1.,0.));
#1723 = DIRECTION('',(0.,-0.,1.));
#1724 = PLANE('',#1725);
#1725 = AXIS2_PLACEMENT_3D('',#1726,#1727,#1728);
#1726 = CARTESIAN_POINT('',(6.332070482653E-17,3.675,1.58));
#1727 = DIRECTION('',(0.,1.,0.));
#1728 = DIRECTION('',(0.,-0.,1.));
#1729 = ADVANCED_FACE('',(#1730),#1792,.T.);
#1730 = FACE_BOUND('',#1731,.T.);
#1731 = EDGE_LOOP('',(#1732,#1733,#1734,#1743,#1751,#1760,#1769,#1777,
    #1786));
#1732 = ORIENTED_EDGE('',*,*,#1718,.F.);
#1733 = ORIENTED_EDGE('',*,*,#1610,.F.);
#1734 = ORIENTED_EDGE('',*,*,#1735,.T.);
#1735 = EDGE_CURVE('',#1603,#1736,#1738,.T.);
#1736 = VERTEX_POINT('',#1737);
#1737 = CARTESIAN_POINT('',(4.462863630452,3.085,1.73));
#1738 = CIRCLE('',#1739,1.58);
#1739 = AXIS2_PLACEMENT_3D('',#1740,#1741,#1742);
#1740 = CARTESIAN_POINT('',(2.89,3.085,1.58));
#1741 = DIRECTION('',(0.,1.,0.));
#1742 = DIRECTION('',(0.,-0.,1.));
#1743 = ORIENTED_EDGE('',*,*,#1744,.T.);
#1744 = EDGE_CURVE('',#1736,#1745,#1747,.T.);
#1745 = VERTEX_POINT('',#1746);
#1746 = CARTESIAN_POINT('',(4.462863630452,3.655,1.73));
#1747 = LINE('',#1748,#1749);
#1748 = CARTESIAN_POINT('',(4.462863630452,3.085,1.73));
#1749 = VECTOR('',#1750,1.);
#1750 = DIRECTION('',(0.,1.,0.));
#1751 = ORIENTED_EDGE('',*,*,#1752,.T.);
#1752 = EDGE_CURVE('',#1745,#1753,#1755,.T.);
#1753 = VERTEX_POINT('',#1754);
#1754 = CARTESIAN_POINT('',(4.47,3.655,1.58));
#1755 = CIRCLE('',#1756,1.58);
#1756 = AXIS2_PLACEMENT_3D('',#1757,#1758,#1759);
#1757 = CARTESIAN_POINT('',(2.89,3.655,1.58));
#1758 = DIRECTION('',(0.,1.,0.));
#1759 = DIRECTION('',(0.,-0.,1.));
#1760 = ORIENTED_EDGE('',*,*,#1761,.T.);
#1761 = EDGE_CURVE('',#1753,#1762,#1764,.T.);
#1762 = VERTEX_POINT('',#1763);
#1763 = CARTESIAN_POINT('',(4.17,3.655,0.653717105847));
#1764 = CIRCLE('',#1765,1.58);
#1765 = AXIS2_PLACEMENT_3D('',#1766,#1767,#1768);
#1766 = CARTESIAN_POINT('',(2.89,3.655,1.58));
#1767 = DIRECTION('',(0.,1.,0.));
#1768 = DIRECTION('',(0.,-0.,1.));
#1769 = ORIENTED_EDGE('',*,*,#1770,.F.);
#1770 = EDGE_CURVE('',#1771,#1762,#1773,.T.);
#1771 = VERTEX_POINT('',#1772);
#1772 = CARTESIAN_POINT('',(4.17,3.085,0.653717105847));
#1773 = LINE('',#1774,#1775);
#1774 = CARTESIAN_POINT('',(4.17,3.085,0.653717105847));
#1775 = VECTOR('',#1776,1.);
#1776 = DIRECTION('',(0.,1.,0.));
#1777 = ORIENTED_EDGE('',*,*,#1778,.T.);
#1778 = EDGE_CURVE('',#1771,#1779,#1781,.T.);
#1779 = VERTEX_POINT('',#1780);
#1780 = CARTESIAN_POINT('',(3.443172667438,3.085,0.1));
#1781 = CIRCLE('',#1782,1.58);
#1782 = AXIS2_PLACEMENT_3D('',#1783,#1784,#1785);
#1783 = CARTESIAN_POINT('',(2.89,3.085,1.58));
#1784 = DIRECTION('',(0.,1.,0.));
#1785 = DIRECTION('',(0.,-0.,1.));
#1786 = ORIENTED_EDGE('',*,*,#1787,.T.);
#1787 = EDGE_CURVE('',#1779,#1709,#1788,.T.);
#1788 = LINE('',#1789,#1790);
#1789 = CARTESIAN_POINT('',(3.443172667438,3.085,0.1));
#1790 = VECTOR('',#1791,1.);
#1791 = DIRECTION('',(0.,1.,0.));
#1792 = CYLINDRICAL_SURFACE('',#1793,1.58);
#1793 = AXIS2_PLACEMENT_3D('',#1794,#1795,#1796);
#1794 = CARTESIAN_POINT('',(2.89,3.085,1.58));
#1795 = DIRECTION('',(0.,1.,0.));
#1796 = DIRECTION('',(0.,-0.,1.));
#1797 = ADVANCED_FACE('',(#1798,#1839),#1873,.T.);
#1798 = FACE_BOUND('',#1799,.T.);
#1799 = EDGE_LOOP('',(#1800,#1801,#1807,#1808,#1816,#1822,#1823,#1824,
    #1825,#1833));
#1800 = ORIENTED_EDGE('',*,*,#1642,.F.);
#1801 = ORIENTED_EDGE('',*,*,#1802,.F.);
#1802 = EDGE_CURVE('',#1779,#1633,#1803,.T.);
#1803 = LINE('',#1804,#1805);
#1804 = CARTESIAN_POINT('',(-4.47,3.085,0.1));
#1805 = VECTOR('',#1806,1.);
#1806 = DIRECTION('',(-1.,0.,0.));
#1807 = ORIENTED_EDGE('',*,*,#1778,.F.);
#1808 = ORIENTED_EDGE('',*,*,#1809,.F.);
#1809 = EDGE_CURVE('',#1810,#1771,#1812,.T.);
#1810 = VERTEX_POINT('',#1811);
#1811 = CARTESIAN_POINT('',(4.17,3.085,1.73));
#1812 = LINE('',#1813,#1814);
#1813 = CARTESIAN_POINT('',(4.17,3.085,1.003022671983));
#1814 = VECTOR('',#1815,1.);
#1815 = DIRECTION('',(0.,0.,-1.));
#1816 = ORIENTED_EDGE('',*,*,#1817,.F.);
#1817 = EDGE_CURVE('',#1736,#1810,#1818,.T.);
#1818 = LINE('',#1819,#1820);
#1819 = CARTESIAN_POINT('',(2.085,3.085,1.73));
#1820 = VECTOR('',#1821,1.);
#1821 = DIRECTION('',(-1.,0.,0.));
#1822 = ORIENTED_EDGE('',*,*,#1735,.F.);
#1823 = ORIENTED_EDGE('',*,*,#1602,.F.);
#1824 = ORIENTED_EDGE('',*,*,#1685,.F.);
#1825 = ORIENTED_EDGE('',*,*,#1826,.F.);
#1826 = EDGE_CURVE('',#1827,#1678,#1829,.T.);
#1827 = VERTEX_POINT('',#1828);
#1828 = CARTESIAN_POINT('',(-4.17,3.085,1.73));
#1829 = LINE('',#1830,#1831);
#1830 = CARTESIAN_POINT('',(-2.235,3.085,1.73));
#1831 = VECTOR('',#1832,1.);
#1832 = DIRECTION('',(-1.,0.,0.));
#1833 = ORIENTED_EDGE('',*,*,#1834,.F.);
#1834 = EDGE_CURVE('',#1643,#1827,#1835,.T.);
#1835 = LINE('',#1836,#1837);
#1836 = CARTESIAN_POINT('',(-4.17,3.085,1.003022671983));
#1837 = VECTOR('',#1838,1.);
#1838 = DIRECTION('',(0.,0.,1.));
#1839 = FACE_BOUND('',#1840,.T.);
#1840 = EDGE_LOOP('',(#1841,#1851,#1859,#1867));
#1841 = ORIENTED_EDGE('',*,*,#1842,.T.);
#1842 = EDGE_CURVE('',#1843,#1845,#1847,.T.);
#1843 = VERTEX_POINT('',#1844);
#1844 = CARTESIAN_POINT('',(-3.345,3.085,0.98));
#1845 = VERTEX_POINT('',#1846);
#1846 = CARTESIAN_POINT('',(-3.345,3.085,2.18));
#1847 = LINE('',#1848,#1849);
#1848 = CARTESIAN_POINT('',(-3.345,3.085,1.28));
#1849 = VECTOR('',#1850,1.);
#1850 = DIRECTION('',(0.,-0.,1.));
#1851 = ORIENTED_EDGE('',*,*,#1852,.F.);
#1852 = EDGE_CURVE('',#1853,#1845,#1855,.T.);
#1853 = VERTEX_POINT('',#1854);
#1854 = CARTESIAN_POINT('',(3.345,3.085,2.18));
#1855 = LINE('',#1856,#1857);
#1856 = CARTESIAN_POINT('',(-1.6725,3.085,2.18));
#1857 = VECTOR('',#1858,1.);
#1858 = DIRECTION('',(-1.,0.,0.));
#1859 = ORIENTED_EDGE('',*,*,#1860,.F.);
#1860 = EDGE_CURVE('',#1861,#1853,#1863,.T.);
#1861 = VERTEX_POINT('',#1862);
#1862 = CARTESIAN_POINT('',(3.345,3.085,0.98));
#1863 = LINE('',#1864,#1865);
#1864 = CARTESIAN_POINT('',(3.345,3.085,1.28));
#1865 = VECTOR('',#1866,1.);
#1866 = DIRECTION('',(0.,-0.,1.));
#1867 = ORIENTED_EDGE('',*,*,#1868,.T.);
#1868 = EDGE_CURVE('',#1861,#1843,#1869,.T.);
#1869 = LINE('',#1870,#1871);
#1870 = CARTESIAN_POINT('',(-1.6725,3.085,0.98));
#1871 = VECTOR('',#1872,1.);
#1872 = DIRECTION('',(-1.,0.,0.));
#1873 = PLANE('',#1874);
#1874 = AXIS2_PLACEMENT_3D('',#1875,#1876,#1877);
#1875 = CARTESIAN_POINT('',(0.,3.085,1.58));
#1876 = DIRECTION('',(-0.,-1.,-0.));
#1877 = DIRECTION('',(0.,0.,-1.));
#1878 = ADVANCED_FACE('',(#1879),#1885,.F.);
#1879 = FACE_BOUND('',#1880,.F.);
#1880 = EDGE_LOOP('',(#1881,#1882,#1883,#1884));
#1881 = ORIENTED_EDGE('',*,*,#1632,.F.);
#1882 = ORIENTED_EDGE('',*,*,#1802,.F.);
#1883 = ORIENTED_EDGE('',*,*,#1787,.T.);
#1884 = ORIENTED_EDGE('',*,*,#1708,.F.);
#1885 = PLANE('',#1886);
#1886 = AXIS2_PLACEMENT_3D('',#1887,#1888,#1889);
#1887 = CARTESIAN_POINT('',(-8.94,2.085,0.1));
#1888 = DIRECTION('',(0.,0.,1.));
#1889 = DIRECTION('',(1.,0.,-0.));
#1890 = ADVANCED_FACE('',(#1891),#1909,.F.);
#1891 = FACE_BOUND('',#1892,.F.);
#1892 = EDGE_LOOP('',(#1893,#1901,#1902,#1903));
#1893 = ORIENTED_EDGE('',*,*,#1894,.F.);
#1894 = EDGE_CURVE('',#1669,#1895,#1897,.T.);
#1895 = VERTEX_POINT('',#1896);
#1896 = CARTESIAN_POINT('',(-4.17,3.655,1.73));
#1897 = LINE('',#1898,#1899);
#1898 = CARTESIAN_POINT('',(-4.47,3.655,1.73));
#1899 = VECTOR('',#1900,1.);
#1900 = DIRECTION('',(1.,0.,-0.));
#1901 = ORIENTED_EDGE('',*,*,#1677,.F.);
#1902 = ORIENTED_EDGE('',*,*,#1826,.F.);
#1903 = ORIENTED_EDGE('',*,*,#1904,.T.);
#1904 = EDGE_CURVE('',#1827,#1895,#1905,.T.);
#1905 = LINE('',#1906,#1907);
#1906 = CARTESIAN_POINT('',(-4.17,2.555,1.73));
#1907 = VECTOR('',#1908,1.);
#1908 = DIRECTION('',(-0.,1.,0.));
#1909 = PLANE('',#1910);
#1910 = AXIS2_PLACEMENT_3D('',#1911,#1912,#1913);
#1911 = CARTESIAN_POINT('',(-4.47,2.555,1.73));
#1912 = DIRECTION('',(0.,0.,1.));
#1913 = DIRECTION('',(1.,0.,-0.));
#1914 = ADVANCED_FACE('',(#1915),#1926,.F.);
#1915 = FACE_BOUND('',#1916,.F.);
#1916 = EDGE_LOOP('',(#1917,#1918,#1919,#1920));
#1917 = ORIENTED_EDGE('',*,*,#1659,.T.);
#1918 = ORIENTED_EDGE('',*,*,#1668,.T.);
#1919 = ORIENTED_EDGE('',*,*,#1894,.T.);
#1920 = ORIENTED_EDGE('',*,*,#1921,.F.);
#1921 = EDGE_CURVE('',#1652,#1895,#1922,.T.);
#1922 = LINE('',#1923,#1924);
#1923 = CARTESIAN_POINT('',(-4.17,3.655,-0.65));
#1924 = VECTOR('',#1925,1.);
#1925 = DIRECTION('',(0.,0.,1.));
#1926 = PLANE('',#1927);
#1927 = AXIS2_PLACEMENT_3D('',#1928,#1929,#1930);
#1928 = CARTESIAN_POINT('',(-4.47,3.655,-0.65));
#1929 = DIRECTION('',(-0.,1.,0.));
#1930 = DIRECTION('',(0.,0.,1.));
#1931 = ADVANCED_FACE('',(#1932),#1938,.F.);
#1932 = FACE_BOUND('',#1933,.F.);
#1933 = EDGE_LOOP('',(#1934,#1935,#1936,#1937));
#1934 = ORIENTED_EDGE('',*,*,#1904,.F.);
#1935 = ORIENTED_EDGE('',*,*,#1834,.F.);
#1936 = ORIENTED_EDGE('',*,*,#1651,.T.);
#1937 = ORIENTED_EDGE('',*,*,#1921,.T.);
#1938 = PLANE('',#1939);
#1939 = AXIS2_PLACEMENT_3D('',#1940,#1941,#1942);
#1940 = CARTESIAN_POINT('',(-4.17,3.105,0.426045343966));
#1941 = DIRECTION('',(1.,0.,0.));
#1942 = DIRECTION('',(-0.,0.,1.));
#1943 = ADVANCED_FACE('',(#1944),#1962,.F.);
#1944 = FACE_BOUND('',#1945,.F.);
#1945 = EDGE_LOOP('',(#1946,#1947,#1955,#1961));
#1946 = ORIENTED_EDGE('',*,*,#1809,.F.);
#1947 = ORIENTED_EDGE('',*,*,#1948,.T.);
#1948 = EDGE_CURVE('',#1810,#1949,#1951,.T.);
#1949 = VERTEX_POINT('',#1950);
#1950 = CARTESIAN_POINT('',(4.17,3.655,1.73));
#1951 = LINE('',#1952,#1953);
#1952 = CARTESIAN_POINT('',(4.17,2.555,1.73));
#1953 = VECTOR('',#1954,1.);
#1954 = DIRECTION('',(-0.,1.,0.));
#1955 = ORIENTED_EDGE('',*,*,#1956,.F.);
#1956 = EDGE_CURVE('',#1762,#1949,#1957,.T.);
#1957 = LINE('',#1958,#1959);
#1958 = CARTESIAN_POINT('',(4.17,3.655,-0.65));
#1959 = VECTOR('',#1960,1.);
#1960 = DIRECTION('',(0.,0.,1.));
#1961 = ORIENTED_EDGE('',*,*,#1770,.F.);
#1962 = PLANE('',#1963);
#1963 = AXIS2_PLACEMENT_3D('',#1964,#1965,#1966);
#1964 = CARTESIAN_POINT('',(4.17,3.105,0.426045343966));
#1965 = DIRECTION('',(-1.,-0.,-0.));
#1966 = DIRECTION('',(0.,0.,-1.));
#1967 = ADVANCED_FACE('',(#1968),#1979,.F.);
#1968 = FACE_BOUND('',#1969,.F.);
#1969 = EDGE_LOOP('',(#1970,#1971,#1972,#1978));
#1970 = ORIENTED_EDGE('',*,*,#1761,.T.);
#1971 = ORIENTED_EDGE('',*,*,#1956,.T.);
#1972 = ORIENTED_EDGE('',*,*,#1973,.T.);
#1973 = EDGE_CURVE('',#1949,#1745,#1974,.T.);
#1974 = LINE('',#1975,#1976);
#1975 = CARTESIAN_POINT('',(4.17,3.655,1.73));
#1976 = VECTOR('',#1977,1.);
#1977 = DIRECTION('',(1.,0.,-0.));
#1978 = ORIENTED_EDGE('',*,*,#1752,.T.);
#1979 = PLANE('',#1980);
#1980 = AXIS2_PLACEMENT_3D('',#1981,#1982,#1983);
#1981 = CARTESIAN_POINT('',(4.17,3.655,-0.65));
#1982 = DIRECTION('',(-0.,1.,0.));
#1983 = DIRECTION('',(0.,0.,1.));
#1984 = ADVANCED_FACE('',(#1985),#1991,.F.);
#1985 = FACE_BOUND('',#1986,.F.);
#1986 = EDGE_LOOP('',(#1987,#1988,#1989,#1990));
#1987 = ORIENTED_EDGE('',*,*,#1948,.F.);
#1988 = ORIENTED_EDGE('',*,*,#1817,.F.);
#1989 = ORIENTED_EDGE('',*,*,#1744,.T.);
#1990 = ORIENTED_EDGE('',*,*,#1973,.F.);
#1991 = PLANE('',#1992);
#1992 = AXIS2_PLACEMENT_3D('',#1993,#1994,#1995);
#1993 = CARTESIAN_POINT('',(4.17,2.555,1.73));
#1994 = DIRECTION('',(0.,0.,1.));
#1995 = DIRECTION('',(1.,0.,-0.));
#1996 = ADVANCED_FACE('',(#1997),#2022,.F.);
#1997 = FACE_BOUND('',#1998,.F.);
#1998 = EDGE_LOOP('',(#1999,#2007,#2015,#2021));
#1999 = ORIENTED_EDGE('',*,*,#2000,.F.);
#2000 = EDGE_CURVE('',#2001,#1843,#2003,.T.);
#2001 = VERTEX_POINT('',#2002);
#2002 = CARTESIAN_POINT('',(-3.345,2.485,0.98));
#2003 = LINE('',#2004,#2005);
#2004 = CARTESIAN_POINT('',(-3.345,2.485,0.98));
#2005 = VECTOR('',#2006,1.);
#2006 = DIRECTION('',(-0.,1.,0.));
#2007 = ORIENTED_EDGE('',*,*,#2008,.T.);
#2008 = EDGE_CURVE('',#2001,#2009,#2011,.T.);
#2009 = VERTEX_POINT('',#2010);
#2010 = CARTESIAN_POINT('',(3.345,2.485,0.98));
#2011 = LINE('',#2012,#2013);
#2012 = CARTESIAN_POINT('',(-3.345,2.485,0.98));
#2013 = VECTOR('',#2014,1.);
#2014 = DIRECTION('',(1.,0.,-0.));
#2015 = ORIENTED_EDGE('',*,*,#2016,.T.);
#2016 = EDGE_CURVE('',#2009,#1861,#2017,.T.);
#2017 = LINE('',#2018,#2019);
#2018 = CARTESIAN_POINT('',(3.345,2.485,0.98));
#2019 = VECTOR('',#2020,1.);
#2020 = DIRECTION('',(-0.,1.,0.));
#2021 = ORIENTED_EDGE('',*,*,#1868,.T.);
#2022 = PLANE('',#2023);
#2023 = AXIS2_PLACEMENT_3D('',#2024,#2025,#2026);
#2024 = CARTESIAN_POINT('',(-3.345,2.485,0.98));
#2025 = DIRECTION('',(0.,0.,1.));
#2026 = DIRECTION('',(1.,0.,-0.));
#2027 = ADVANCED_FACE('',(#2028),#2053,.T.);
#2028 = FACE_BOUND('',#2029,.T.);
#2029 = EDGE_LOOP('',(#2030,#2038,#2046,#2052));
#2030 = ORIENTED_EDGE('',*,*,#2031,.F.);
#2031 = EDGE_CURVE('',#2032,#1845,#2034,.T.);
#2032 = VERTEX_POINT('',#2033);
#2033 = CARTESIAN_POINT('',(-3.345,2.485,2.18));
#2034 = LINE('',#2035,#2036);
#2035 = CARTESIAN_POINT('',(-3.345,2.485,2.18));
#2036 = VECTOR('',#2037,1.);
#2037 = DIRECTION('',(-0.,1.,0.));
#2038 = ORIENTED_EDGE('',*,*,#2039,.T.);
#2039 = EDGE_CURVE('',#2032,#2040,#2042,.T.);
#2040 = VERTEX_POINT('',#2041);
#2041 = CARTESIAN_POINT('',(3.345,2.485,2.18));
#2042 = LINE('',#2043,#2044);
#2043 = CARTESIAN_POINT('',(-3.345,2.485,2.18));
#2044 = VECTOR('',#2045,1.);
#2045 = DIRECTION('',(1.,0.,-0.));
#2046 = ORIENTED_EDGE('',*,*,#2047,.T.);
#2047 = EDGE_CURVE('',#2040,#1853,#2048,.T.);
#2048 = LINE('',#2049,#2050);
#2049 = CARTESIAN_POINT('',(3.345,2.485,2.18));
#2050 = VECTOR('',#2051,1.);
#2051 = DIRECTION('',(-0.,1.,0.));
#2052 = ORIENTED_EDGE('',*,*,#1852,.T.);
#2053 = PLANE('',#2054);
#2054 = AXIS2_PLACEMENT_3D('',#2055,#2056,#2057);
#2055 = CARTESIAN_POINT('',(-3.345,2.485,2.18));
#2056 = DIRECTION('',(0.,0.,1.));
#2057 = DIRECTION('',(1.,0.,-0.));
#2058 = ADVANCED_FACE('',(#2059),#2084,.F.);
#2059 = FACE_BOUND('',#2060,.F.);
#2060 = EDGE_LOOP('',(#2061,#2069,#2070,#2078));
#2061 = ORIENTED_EDGE('',*,*,#2062,.F.);
#2062 = EDGE_CURVE('',#2009,#2063,#2065,.T.);
#2063 = VERTEX_POINT('',#2064);
#2064 = CARTESIAN_POINT('',(3.345,2.485,1.23));
#2065 = LINE('',#2066,#2067);
#2066 = CARTESIAN_POINT('',(3.345,2.485,0.98));
#2067 = VECTOR('',#2068,1.);
#2068 = DIRECTION('',(0.,0.,1.));
#2069 = ORIENTED_EDGE('',*,*,#2008,.F.);
#2070 = ORIENTED_EDGE('',*,*,#2071,.T.);
#2071 = EDGE_CURVE('',#2001,#2072,#2074,.T.);
#2072 = VERTEX_POINT('',#2073);
#2073 = CARTESIAN_POINT('',(-3.345,2.485,1.23));
#2074 = LINE('',#2075,#2076);
#2075 = CARTESIAN_POINT('',(-3.345,2.485,0.98));
#2076 = VECTOR('',#2077,1.);
#2077 = DIRECTION('',(0.,0.,1.));
#2078 = ORIENTED_EDGE('',*,*,#2079,.F.);
#2079 = EDGE_CURVE('',#2063,#2072,#2080,.T.);
#2080 = LINE('',#2081,#2082);
#2081 = CARTESIAN_POINT('',(-3.345,2.485,1.23));
#2082 = VECTOR('',#2083,1.);
#2083 = DIRECTION('',(-1.,-0.,0.));
#2084 = PLANE('',#2085);
#2085 = AXIS2_PLACEMENT_3D('',#2086,#2087,#2088);
#2086 = CARTESIAN_POINT('',(-3.345,2.485,0.98));
#2087 = DIRECTION('',(-0.,1.,0.));
#2088 = DIRECTION('',(0.,0.,1.));
#2089 = ADVANCED_FACE('',(#2090),#2115,.F.);
#2090 = FACE_BOUND('',#2091,.F.);
#2091 = EDGE_LOOP('',(#2092,#2100,#2108,#2114));
#2092 = ORIENTED_EDGE('',*,*,#2093,.F.);
#2093 = EDGE_CURVE('',#2094,#2040,#2096,.T.);
#2094 = VERTEX_POINT('',#2095);
#2095 = CARTESIAN_POINT('',(3.345,2.485,1.93));
#2096 = LINE('',#2097,#2098);
#2097 = CARTESIAN_POINT('',(3.345,2.485,0.98));
#2098 = VECTOR('',#2099,1.);
#2099 = DIRECTION('',(0.,0.,1.));
#2100 = ORIENTED_EDGE('',*,*,#2101,.T.);
#2101 = EDGE_CURVE('',#2094,#2102,#2104,.T.);
#2102 = VERTEX_POINT('',#2103);
#2103 = CARTESIAN_POINT('',(-3.345,2.485,1.93));
#2104 = LINE('',#2105,#2106);
#2105 = CARTESIAN_POINT('',(-3.345,2.485,1.93));
#2106 = VECTOR('',#2107,1.);
#2107 = DIRECTION('',(-1.,-0.,0.));
#2108 = ORIENTED_EDGE('',*,*,#2109,.T.);
#2109 = EDGE_CURVE('',#2102,#2032,#2110,.T.);
#2110 = LINE('',#2111,#2112);
#2111 = CARTESIAN_POINT('',(-3.345,2.485,0.98));
#2112 = VECTOR('',#2113,1.);
#2113 = DIRECTION('',(0.,0.,1.));
#2114 = ORIENTED_EDGE('',*,*,#2039,.T.);
#2115 = PLANE('',#2116);
#2116 = AXIS2_PLACEMENT_3D('',#2117,#2118,#2119);
#2117 = CARTESIAN_POINT('',(-3.345,2.485,0.98));
#2118 = DIRECTION('',(-0.,1.,0.));
#2119 = DIRECTION('',(0.,0.,1.));
#2120 = ADVANCED_FACE('',(#2121),#2146,.F.);
#2121 = FACE_BOUND('',#2122,.F.);
#2122 = EDGE_LOOP('',(#2123,#2131,#2139,#2145));
#2123 = ORIENTED_EDGE('',*,*,#2124,.F.);
#2124 = EDGE_CURVE('',#2125,#2072,#2127,.T.);
#2125 = VERTEX_POINT('',#2126);
#2126 = CARTESIAN_POINT('',(-3.345,-2.875,1.23));
#2127 = LINE('',#2128,#2129);
#2128 = CARTESIAN_POINT('',(-3.345,-2.875,1.23));
#2129 = VECTOR('',#2130,1.);
#2130 = DIRECTION('',(-0.,1.,0.));
#2131 = ORIENTED_EDGE('',*,*,#2132,.T.);
#2132 = EDGE_CURVE('',#2125,#2133,#2135,.T.);
#2133 = VERTEX_POINT('',#2134);
#2134 = CARTESIAN_POINT('',(3.345,-2.875,1.23));
#2135 = LINE('',#2136,#2137);
#2136 = CARTESIAN_POINT('',(-3.345,-2.875,1.23));
#2137 = VECTOR('',#2138,1.);
#2138 = DIRECTION('',(1.,0.,-0.));
#2139 = ORIENTED_EDGE('',*,*,#2140,.T.);
#2140 = EDGE_CURVE('',#2133,#2063,#2141,.T.);
#2141 = LINE('',#2142,#2143);
#2142 = CARTESIAN_POINT('',(3.345,-2.875,1.23));
#2143 = VECTOR('',#2144,1.);
#2144 = DIRECTION('',(-0.,1.,0.));
#2145 = ORIENTED_EDGE('',*,*,#2079,.T.);
#2146 = PLANE('',#2147);
#2147 = AXIS2_PLACEMENT_3D('',#2148,#2149,#2150);
#2148 = CARTESIAN_POINT('',(-3.345,-2.875,1.23));
#2149 = DIRECTION('',(0.,0.,1.));
#2150 = DIRECTION('',(1.,0.,-0.));
#2151 = ADVANCED_FACE('',(#2152),#2177,.T.);
#2152 = FACE_BOUND('',#2153,.T.);
#2153 = EDGE_LOOP('',(#2154,#2162,#2170,#2176));
#2154 = ORIENTED_EDGE('',*,*,#2155,.F.);
#2155 = EDGE_CURVE('',#2156,#2102,#2158,.T.);
#2156 = VERTEX_POINT('',#2157);
#2157 = CARTESIAN_POINT('',(-3.345,-2.875,1.93));
#2158 = LINE('',#2159,#2160);
#2159 = CARTESIAN_POINT('',(-3.345,-2.875,1.93));
#2160 = VECTOR('',#2161,1.);
#2161 = DIRECTION('',(-0.,1.,0.));
#2162 = ORIENTED_EDGE('',*,*,#2163,.T.);
#2163 = EDGE_CURVE('',#2156,#2164,#2166,.T.);
#2164 = VERTEX_POINT('',#2165);
#2165 = CARTESIAN_POINT('',(3.345,-2.875,1.93));
#2166 = LINE('',#2167,#2168);
#2167 = CARTESIAN_POINT('',(-3.345,-2.875,1.93));
#2168 = VECTOR('',#2169,1.);
#2169 = DIRECTION('',(1.,0.,-0.));
#2170 = ORIENTED_EDGE('',*,*,#2171,.T.);
#2171 = EDGE_CURVE('',#2164,#2094,#2172,.T.);
#2172 = LINE('',#2173,#2174);
#2173 = CARTESIAN_POINT('',(3.345,-2.875,1.93));
#2174 = VECTOR('',#2175,1.);
#2175 = DIRECTION('',(-0.,1.,0.));
#2176 = ORIENTED_EDGE('',*,*,#2101,.T.);
#2177 = PLANE('',#2178);
#2178 = AXIS2_PLACEMENT_3D('',#2179,#2180,#2181);
#2179 = CARTESIAN_POINT('',(-3.345,-2.875,1.93));
#2180 = DIRECTION('',(0.,0.,1.));
#2181 = DIRECTION('',(1.,0.,-0.));
#2182 = ADVANCED_FACE('',(#2183),#2199,.F.);
#2183 = FACE_BOUND('',#2184,.F.);
#2184 = EDGE_LOOP('',(#2185,#2186,#2192,#2193));
#2185 = ORIENTED_EDGE('',*,*,#2132,.F.);
#2186 = ORIENTED_EDGE('',*,*,#2187,.T.);
#2187 = EDGE_CURVE('',#2125,#2156,#2188,.T.);
#2188 = LINE('',#2189,#2190);
#2189 = CARTESIAN_POINT('',(-3.345,-2.875,1.23));
#2190 = VECTOR('',#2191,1.);
#2191 = DIRECTION('',(0.,0.,1.));
#2192 = ORIENTED_EDGE('',*,*,#2163,.T.);
#2193 = ORIENTED_EDGE('',*,*,#2194,.F.);
#2194 = EDGE_CURVE('',#2133,#2164,#2195,.T.);
#2195 = LINE('',#2196,#2197);
#2196 = CARTESIAN_POINT('',(3.345,-2.875,1.23));
#2197 = VECTOR('',#2198,1.);
#2198 = DIRECTION('',(0.,0.,1.));
#2199 = PLANE('',#2200);
#2200 = AXIS2_PLACEMENT_3D('',#2201,#2202,#2203);
#2201 = CARTESIAN_POINT('',(-3.345,-2.875,1.23));
#2202 = DIRECTION('',(-0.,1.,0.));
#2203 = DIRECTION('',(0.,0.,1.));
#2204 = ADVANCED_FACE('',(#2205),#2215,.T.);
#2205 = FACE_BOUND('',#2206,.T.);
#2206 = EDGE_LOOP('',(#2207,#2208,#2209,#2210,#2211,#2212,#2213,#2214));
#2207 = ORIENTED_EDGE('',*,*,#2071,.T.);
#2208 = ORIENTED_EDGE('',*,*,#2124,.F.);
#2209 = ORIENTED_EDGE('',*,*,#2187,.T.);
#2210 = ORIENTED_EDGE('',*,*,#2155,.T.);
#2211 = ORIENTED_EDGE('',*,*,#2109,.T.);
#2212 = ORIENTED_EDGE('',*,*,#2031,.T.);
#2213 = ORIENTED_EDGE('',*,*,#1842,.F.);
#2214 = ORIENTED_EDGE('',*,*,#2000,.F.);
#2215 = PLANE('',#2216);
#2216 = AXIS2_PLACEMENT_3D('',#2217,#2218,#2219);
#2217 = CARTESIAN_POINT('',(-3.345,0.292150837989,1.58));
#2218 = DIRECTION('',(-1.,-0.,-0.));
#2219 = DIRECTION('',(0.,0.,-1.));
#2220 = ADVANCED_FACE('',(#2221),#2231,.T.);
#2221 = FACE_BOUND('',#2222,.T.);
#2222 = EDGE_LOOP('',(#2223,#2224,#2225,#2226,#2227,#2228,#2229,#2230));
#2223 = ORIENTED_EDGE('',*,*,#2062,.F.);
#2224 = ORIENTED_EDGE('',*,*,#2016,.T.);
#2225 = ORIENTED_EDGE('',*,*,#1860,.T.);
#2226 = ORIENTED_EDGE('',*,*,#2047,.F.);
#2227 = ORIENTED_EDGE('',*,*,#2093,.F.);
#2228 = ORIENTED_EDGE('',*,*,#2171,.F.);
#2229 = ORIENTED_EDGE('',*,*,#2194,.F.);
#2230 = ORIENTED_EDGE('',*,*,#2140,.T.);
#2231 = PLANE('',#2232);
#2232 = AXIS2_PLACEMENT_3D('',#2233,#2234,#2235);
#2233 = CARTESIAN_POINT('',(3.345,0.292150837989,1.58));
#2234 = DIRECTION('',(1.,0.,0.));
#2235 = DIRECTION('',(-0.,0.,1.));
#2236 = ( GEOMETRIC_REPRESENTATION_CONTEXT(3) 
GLOBAL_UNCERTAINTY_ASSIGNED_CONTEXT((#2240)) 
GLOBAL_UNIT_ASSIGNED_CONTEXT((#2237,#2238,#2239)) REPRESENTATION_CONTEXT
('Context #1','3D Context with UNIT and UNCERTAINTY') );
#2237 = ( LENGTH_UNIT() NAMED_UNIT(*) SI_UNIT(.MILLI.,.METRE.) );
#2238 = ( NAMED_UNIT(*) PLANE_ANGLE_UNIT() SI_UNIT($,.RADIAN.) );
#2239 = ( NAMED_UNIT(*) SI_UNIT($,.STERADIAN.) SOLID_ANGLE_UNIT() );
#2240 = UNCERTAINTY_MEASURE_WITH_UNIT(LENGTH_MEASURE(2.E-07),#2237,
  'distance_accuracy_value','confusion accuracy');
#2241 = CONTEXT_DEPENDENT_SHAPE_REPRESENTATION(#2242,#2244);
#2242 = ( REPRESENTATION_RELATIONSHIP('','',#1585,#10) 
REPRESENTATION_RELATIONSHIP_WITH_TRANSFORMATION(#2243) 
SHAPE_REPRESENTATION_RELATIONSHIP() );
#2243 = ITEM_DEFINED_TRANSFORMATION('','',#11,#19);
#2244 = PRODUCT_DEFINITION_SHAPE('Placement','Placement of an item',
  #2245);
#2245 = NEXT_ASSEMBLY_USAGE_OCCURRENCE('2','housing','',#5,#1580,$);
#2246 = PRODUCT_RELATED_PRODUCT_CATEGORY('part',$,(#1582));
#2247 = SHAPE_DEFINITION_REPRESENTATION(#2248,#2254);
#2248 = PRODUCT_DEFINITION_SHAPE('','',#2249);
#2249 = PRODUCT_DEFINITION('design','',#2250,#2253);
#2250 = PRODUCT_DEFINITION_FORMATION('','',#2251);
#2251 = PRODUCT('posts','posts','',(#2252));
#2252 = PRODUCT_CONTEXT('',#2,'mechanical');
#2253 = PRODUCT_DEFINITION_CONTEXT('part definition',#2,'design');
#2254 = SHAPE_REPRESENTATION('',(#11,#2255,#2333),#2411);
#2255 = MANIFOLD_SOLID_BREP('',#2256);
#2256 = CLOSED_SHELL('',(#2257,#2290,#2299,#2324));
#2257 = ADVANCED_FACE('',(#2258),#2285,.T.);
#2258 = FACE_BOUND('',#2259,.T.);
#2259 = EDGE_LOOP('',(#2260,#2269,#2277,#2284));
#2260 = ORIENTED_EDGE('',*,*,#2261,.F.);
#2261 = EDGE_CURVE('',#2262,#2262,#2264,.T.);
#2262 = VERTEX_POINT('',#2263);
#2263 = CARTESIAN_POINT('',(-2.64,2.605,0.));
#2264 = CIRCLE('',#2265,0.25);
#2265 = AXIS2_PLACEMENT_3D('',#2266,#2267,#2268);
#2266 = CARTESIAN_POINT('',(-2.89,2.605,0.));
#2267 = DIRECTION('',(0.,0.,1.));
#2268 = DIRECTION('',(1.,0.,-0.));
#2269 = ORIENTED_EDGE('',*,*,#2270,.F.);
#2270 = EDGE_CURVE('',#2271,#2262,#2273,.T.);
#2271 = VERTEX_POINT('',#2272);
#2272 = CARTESIAN_POINT('',(-2.64,2.605,-0.6));
#2273 = LINE('',#2274,#2275);
#2274 = CARTESIAN_POINT('',(-2.64,2.605,-0.6));
#2275 = VECTOR('',#2276,1.);
#2276 = DIRECTION('',(0.,0.,1.));
#2277 = ORIENTED_EDGE('',*,*,#2278,.T.);
#2278 = EDGE_CURVE('',#2271,#2271,#2279,.T.);
#2279 = CIRCLE('',#2280,0.25);
#2280 = AXIS2_PLACEMENT_3D('',#2281,#2282,#2283);
#2281 = CARTESIAN_POINT('',(-2.89,2.605,-0.6));
#2282 = DIRECTION('',(0.,0.,1.));
#2283 = DIRECTION('',(1.,0.,-0.));
#2284 = ORIENTED_EDGE('',*,*,#2270,.T.);
#2285 = CYLINDRICAL_SURFACE('',#2286,0.25);
#2286 = AXIS2_PLACEMENT_3D('',#2287,#2288,#2289);
#2287 = CARTESIAN_POINT('',(-2.89,2.605,-0.6));
#2288 = DIRECTION('',(0.,0.,1.));
#2289 = DIRECTION('',(1.,0.,-0.));
#2290 = ADVANCED_FACE('',(#2291),#2294,.T.);
#2291 = FACE_BOUND('',#2292,.T.);
#2292 = EDGE_LOOP('',(#2293));
#2293 = ORIENTED_EDGE('',*,*,#2261,.T.);
#2294 = PLANE('',#2295);
#2295 = AXIS2_PLACEMENT_3D('',#2296,#2297,#2298);
#2296 = CARTESIAN_POINT('',(-2.89,2.605,0.));
#2297 = DIRECTION('',(0.,0.,1.));
#2298 = DIRECTION('',(1.,0.,-0.));
#2299 = ADVANCED_FACE('',(#2300),#2319,.T.);
#2300 = FACE_BOUND('',#2301,.T.);
#2301 = EDGE_LOOP('',(#2302,#2303,#2311,#2318));
#2302 = ORIENTED_EDGE('',*,*,#2278,.F.);
#2303 = ORIENTED_EDGE('',*,*,#2304,.F.);
#2304 = EDGE_CURVE('',#2305,#2271,#2307,.T.);
#2305 = VERTEX_POINT('',#2306);
#2306 = CARTESIAN_POINT('',(-2.74,2.605,-0.7));
#2307 = LINE('',#2308,#2309);
#2308 = CARTESIAN_POINT('',(-2.74,2.605,-0.7));
#2309 = VECTOR('',#2310,1.);
#2310 = DIRECTION('',(0.707106781187,-1.731912112471E-16,0.707106781187)
  );
#2311 = ORIENTED_EDGE('',*,*,#2312,.T.);
#2312 = EDGE_CURVE('',#2305,#2305,#2313,.T.);
#2313 = CIRCLE('',#2314,0.15);
#2314 = AXIS2_PLACEMENT_3D('',#2315,#2316,#2317);
#2315 = CARTESIAN_POINT('',(-2.89,2.605,-0.7));
#2316 = DIRECTION('',(0.,0.,1.));
#2317 = DIRECTION('',(1.,0.,-0.));
#2318 = ORIENTED_EDGE('',*,*,#2304,.T.);
#2319 = CONICAL_SURFACE('',#2320,0.15,0.785398163397);
#2320 = AXIS2_PLACEMENT_3D('',#2321,#2322,#2323);
#2321 = CARTESIAN_POINT('',(-2.89,2.605,-0.7));
#2322 = DIRECTION('',(0.,0.,1.));
#2323 = DIRECTION('',(1.,0.,-0.));
#2324 = ADVANCED_FACE('',(#2325),#2328,.F.);
#2325 = FACE_BOUND('',#2326,.T.);
#2326 = EDGE_LOOP('',(#2327));
#2327 = ORIENTED_EDGE('',*,*,#2312,.F.);
#2328 = PLANE('',#2329);
#2329 = AXIS2_PLACEMENT_3D('',#2330,#2331,#2332);
#2330 = CARTESIAN_POINT('',(-2.89,2.605,-0.7));
#2331 = DIRECTION('',(0.,0.,1.));
#2332 = DIRECTION('',(1.,0.,-0.));
#2333 = MANIFOLD_SOLID_BREP('',#2334);
#2334 = CLOSED_SHELL('',(#2335,#2368,#2377,#2402));
#2335 = ADVANCED_FACE('',(#2336),#2363,.T.);
#2336 = FACE_BOUND('',#2337,.T.);
#2337 = EDGE_LOOP('',(#2338,#2347,#2355,#2362));
#2338 = ORIENTED_EDGE('',*,*,#2339,.F.);
#2339 = EDGE_CURVE('',#2340,#2340,#2342,.T.);
#2340 = VERTEX_POINT('',#2341);
#2341 = CARTESIAN_POINT('',(3.14,2.605,0.));
#2342 = CIRCLE('',#2343,0.25);
#2343 = AXIS2_PLACEMENT_3D('',#2344,#2345,#2346);
#2344 = CARTESIAN_POINT('',(2.89,2.605,0.));
#2345 = DIRECTION('',(0.,0.,1.));
#2346 = DIRECTION('',(1.,0.,-0.));
#2347 = ORIENTED_EDGE('',*,*,#2348,.F.);
#2348 = EDGE_CURVE('',#2349,#2340,#2351,.T.);
#2349 = VERTEX_POINT('',#2350);
#2350 = CARTESIAN_POINT('',(3.14,2.605,-0.6));
#2351 = LINE('',#2352,#2353);
#2352 = CARTESIAN_POINT('',(3.14,2.605,-0.6));
#2353 = VECTOR('',#2354,1.);
#2354 = DIRECTION('',(0.,0.,1.));
#2355 = ORIENTED_EDGE('',*,*,#2356,.T.);
#2356 = EDGE_CURVE('',#2349,#2349,#2357,.T.);
#2357 = CIRCLE('',#2358,0.25);
#2358 = AXIS2_PLACEMENT_3D('',#2359,#2360,#2361);
#2359 = CARTESIAN_POINT('',(2.89,2.605,-0.6));
#2360 = DIRECTION('',(0.,0.,1.));
#2361 = DIRECTION('',(1.,0.,-0.));
#2362 = ORIENTED_EDGE('',*,*,#2348,.T.);
#2363 = CYLINDRICAL_SURFACE('',#2364,0.25);
#2364 = AXIS2_PLACEMENT_3D('',#2365,#2366,#2367);
#2365 = CARTESIAN_POINT('',(2.89,2.605,-0.6));
#2366 = DIRECTION('',(0.,0.,1.));
#2367 = DIRECTION('',(1.,0.,-0.));
#2368 = ADVANCED_FACE('',(#2369),#2372,.T.);
#2369 = FACE_BOUND('',#2370,.T.);
#2370 = EDGE_LOOP('',(#2371));
#2371 = ORIENTED_EDGE('',*,*,#2339,.T.);
#2372 = PLANE('',#2373);
#2373 = AXIS2_PLACEMENT_3D('',#2374,#2375,#2376);
#2374 = CARTESIAN_POINT('',(2.89,2.605,0.));
#2375 = DIRECTION('',(0.,0.,1.));
#2376 = DIRECTION('',(1.,0.,-0.));
#2377 = ADVANCED_FACE('',(#2378),#2397,.T.);
#2378 = FACE_BOUND('',#2379,.T.);
#2379 = EDGE_LOOP('',(#2380,#2381,#2389,#2396));
#2380 = ORIENTED_EDGE('',*,*,#2356,.F.);
#2381 = ORIENTED_EDGE('',*,*,#2382,.F.);
#2382 = EDGE_CURVE('',#2383,#2349,#2385,.T.);
#2383 = VERTEX_POINT('',#2384);
#2384 = CARTESIAN_POINT('',(3.04,2.605,-0.7));
#2385 = LINE('',#2386,#2387);
#2386 = CARTESIAN_POINT('',(3.04,2.605,-0.7));
#2387 = VECTOR('',#2388,1.);
#2388 = DIRECTION('',(0.707106781187,-1.731912112471E-16,0.707106781187)
  );
#2389 = ORIENTED_EDGE('',*,*,#2390,.T.);
#2390 = EDGE_CURVE('',#2383,#2383,#2391,.T.);
#2391 = CIRCLE('',#2392,0.15);
#2392 = AXIS2_PLACEMENT_3D('',#2393,#2394,#2395);
#2393 = CARTESIAN_POINT('',(2.89,2.605,-0.7));
#2394 = DIRECTION('',(0.,0.,1.));
#2395 = DIRECTION('',(1.,0.,-0.));
#2396 = ORIENTED_EDGE('',*,*,#2382,.T.);
#2397 = CONICAL_SURFACE('',#2398,0.15,0.785398163397);
#2398 = AXIS2_PLACEMENT_3D('',#2399,#2400,#2401);
#2399 = CARTESIAN_POINT('',(2.89,2.605,-0.7));
#2400 = DIRECTION('',(0.,0.,1.));
#2401 = DIRECTION('',(1.,0.,-0.));
#2402 = ADVANCED_FACE('',(#2403),#2406,.F.);
#2403 = FACE_BOUND('',#2404,.T.);
#2404 = EDGE_LOOP('',(#2405));
#2405 = ORIENTED_EDGE('',*,*,#2390,.F.);
#2406 = PLANE('',#2407);
#2407 = AXIS2_PLACEMENT_3D('',#2408,#2409,#2410);
#2408 = CARTESIAN_POINT('',(2.89,2.605,-0.7));
#2409 = DIRECTION('',(0.,0.,1.));
#2410 = DIRECTION('',(1.,0.,-0.));
#2411 = ( GEOMETRIC_REPRESENTATION_CONTEXT(3) 
GLOBAL_UNCERTAINTY_ASSIGNED_CONTEXT((#2415)) 
GLOBAL_UNIT_ASSIGNED_CONTEXT((#2412,#2413,#2414)) REPRESENTATION_CONTEXT
('Context #1','3D Context with UNIT and UNCERTAINTY') );
#2412 = ( LENGTH_UNIT() NAMED_UNIT(*) SI_UNIT(.MILLI.,.METRE.) );
#2413 = ( NAMED_UNIT(*) PLANE_ANGLE_UNIT() SI_UNIT($,.RADIAN.) );
#2414 = ( NAMED_UNIT(*) SI_UNIT($,.STERADIAN.) SOLID_ANGLE_UNIT() );
#2415 = UNCERTAINTY_MEASURE_WITH_UNIT(LENGTH_MEASURE(1.E-07),#2412,
  'distance_accuracy_value','confusion accuracy');
#2416 = CONTEXT_DEPENDENT_SHAPE_REPRESENTATION(#2417,#2419);
#2417 = ( REPRESENTATION_RELATIONSHIP('','',#2254,#10) 
REPRESENTATION_RELATIONSHIP_WITH_TRANSFORMATION(#2418) 
SHAPE_REPRESENTATION_RELATIONSHIP() );
#2418 = ITEM_DEFINED_TRANSFORMATION('','',#11,#23);
#2419 = PRODUCT_DEFINITION_SHAPE('Placement','Placement of an item',
  #2420);
#2420 = NEXT_ASSEMBLY_USAGE_OCCURRENCE('3','posts','',#5,#2249,$);
#2421 = PRODUCT_RELATED_PRODUCT_CATEGORY('part',$,(#2251));
#2422 = SHAPE_DEFINITION_REPRESENTATION(#2423,#2429);
#2423 = PRODUCT_DEFINITION_SHAPE('','',#2424);
#2424 = PRODUCT_DEFINITION('design','',#2425,#2428);
#2425 = PRODUCT_DEFINITION_FORMATION('','',#2426);
#2426 = PRODUCT('contacts','contacts','',(#2427));
#2427 = PRODUCT_CONTEXT('',#2,'mechanical');
#2428 = PRODUCT_DEFINITION_CONTEXT('part definition',#2,'design');
#2429 = SHAPE_REPRESENTATION('',(#11,#2430,#2580,#2730,#2880,#3030,#3180
    ,#3330,#3480,#3630,#3780,#3930,#4080,#4230,#4380,#4530,#4680),#4830
  );
#2430 = MANIFOLD_SOLID_BREP('',#2431);
#2431 = CLOSED_SHELL('',(#2432,#2472,#2512,#2534,#2556,#2568));
#2432 = ADVANCED_FACE('',(#2433),#2467,.F.);
#2433 = FACE_BOUND('',#2434,.F.);
#2434 = EDGE_LOOP('',(#2435,#2445,#2453,#2461));
#2435 = ORIENTED_EDGE('',*,*,#2436,.F.);
#2436 = EDGE_CURVE('',#2437,#2439,#2441,.T.);
#2437 = VERTEX_POINT('',#2438);
#2438 = CARTESIAN_POINT('',(-2.875,-2.475,1.93));
#2439 = VERTEX_POINT('',#2440);
#2440 = CARTESIAN_POINT('',(-2.875,-2.475,1.96));
#2441 = LINE('',#2442,#2443);
#2442 = CARTESIAN_POINT('',(-2.875,-2.475,1.93));
#2443 = VECTOR('',#2444,1.);
#2444 = DIRECTION('',(0.,0.,1.));
#2445 = ORIENTED_EDGE('',*,*,#2446,.T.);
#2446 = EDGE_CURVE('',#2437,#2447,#2449,.T.);
#2447 = VERTEX_POINT('',#2448);
#2448 = CARTESIAN_POINT('',(-2.875,-0.475,1.93));
#2449 = LINE('',#2450,#2451);
#2450 = CARTESIAN_POINT('',(-2.875,-2.475,1.93));
#2451 = VECTOR('',#2452,1.);
#2452 = DIRECTION('',(-0.,1.,0.));
#2453 = ORIENTED_EDGE('',*,*,#2454,.T.);
#2454 = EDGE_CURVE('',#2447,#2455,#2457,.T.);
#2455 = VERTEX_POINT('',#2456);
#2456 = CARTESIAN_POINT('',(-2.875,-0.475,1.96));
#2457 = LINE('',#2458,#2459);
#2458 = CARTESIAN_POINT('',(-2.875,-0.475,1.93));
#2459 = VECTOR('',#2460,1.);
#2460 = DIRECTION('',(0.,0.,1.));
#2461 = ORIENTED_EDGE('',*,*,#2462,.F.);
#2462 = EDGE_CURVE('',#2439,#2455,#2463,.T.);
#2463 = LINE('',#2464,#2465);
#2464 = CARTESIAN_POINT('',(-2.875,-2.475,1.96));
#2465 = VECTOR('',#2466,1.);
#2466 = DIRECTION('',(-0.,1.,0.));
#2467 = PLANE('',#2468);
#2468 = AXIS2_PLACEMENT_3D('',#2469,#2470,#2471);
#2469 = CARTESIAN_POINT('',(-2.875,-2.475,1.93));
#2470 = DIRECTION('',(1.,0.,-0.));
#2471 = DIRECTION('',(0.,0.,1.));
#2472 = ADVANCED_FACE('',(#2473),#2507,.T.);
#2473 = FACE_BOUND('',#2474,.T.);
#2474 = EDGE_LOOP('',(#2475,#2485,#2493,#2501));
#2475 = ORIENTED_EDGE('',*,*,#2476,.F.);
#2476 = EDGE_CURVE('',#2477,#2479,#2481,.T.);
#2477 = VERTEX_POINT('',#2478);
#2478 = CARTESIAN_POINT('',(-2.625,-2.475,1.93));
#2479 = VERTEX_POINT('',#2480);
#2480 = CARTESIAN_POINT('',(-2.625,-2.475,1.96));
#2481 = LINE('',#2482,#2483);
#2482 = CARTESIAN_POINT('',(-2.625,-2.475,1.93));
#2483 = VECTOR('',#2484,1.);
#2484 = DIRECTION('',(0.,0.,1.));
#2485 = ORIENTED_EDGE('',*,*,#2486,.T.);
#2486 = EDGE_CURVE('',#2477,#2487,#2489,.T.);
#2487 = VERTEX_POINT('',#2488);
#2488 = CARTESIAN_POINT('',(-2.625,-0.475,1.93));
#2489 = LINE('',#2490,#2491);
#2490 = CARTESIAN_POINT('',(-2.625,-2.475,1.93));
#2491 = VECTOR('',#2492,1.);
#2492 = DIRECTION('',(-0.,1.,0.));
#2493 = ORIENTED_EDGE('',*,*,#2494,.T.);
#2494 = EDGE_CURVE('',#2487,#2495,#2497,.T.);
#2495 = VERTEX_POINT('',#2496);
#2496 = CARTESIAN_POINT('',(-2.625,-0.475,1.96));
#2497 = LINE('',#2498,#2499);
#2498 = CARTESIAN_POINT('',(-2.625,-0.475,1.93));
#2499 = VECTOR('',#2500,1.);
#2500 = DIRECTION('',(0.,0.,1.));
#2501 = ORIENTED_EDGE('',*,*,#2502,.F.);
#2502 = EDGE_CURVE('',#2479,#2495,#2503,.T.);
#2503 = LINE('',#2504,#2505);
#2504 = CARTESIAN_POINT('',(-2.625,-2.475,1.96));
#2505 = VECTOR('',#2506,1.);
#2506 = DIRECTION('',(-0.,1.,0.));
#2507 = PLANE('',#2508);
#2508 = AXIS2_PLACEMENT_3D('',#2509,#2510,#2511);
#2509 = CARTESIAN_POINT('',(-2.625,-2.475,1.93));
#2510 = DIRECTION('',(1.,0.,-0.));
#2511 = DIRECTION('',(0.,0.,1.));
#2512 = ADVANCED_FACE('',(#2513),#2529,.F.);
#2513 = FACE_BOUND('',#2514,.F.);
#2514 = EDGE_LOOP('',(#2515,#2521,#2522,#2528));
#2515 = ORIENTED_EDGE('',*,*,#2516,.F.);
#2516 = EDGE_CURVE('',#2437,#2477,#2517,.T.);
#2517 = LINE('',#2518,#2519);
#2518 = CARTESIAN_POINT('',(-2.875,-2.475,1.93));
#2519 = VECTOR('',#2520,1.);
#2520 = DIRECTION('',(1.,0.,-0.));
#2521 = ORIENTED_EDGE('',*,*,#2436,.T.);
#2522 = ORIENTED_EDGE('',*,*,#2523,.T.);
#2523 = EDGE_CURVE('',#2439,#2479,#2524,.T.);
#2524 = LINE('',#2525,#2526);
#2525 = CARTESIAN_POINT('',(-2.875,-2.475,1.96));
#2526 = VECTOR('',#2527,1.);
#2527 = DIRECTION('',(1.,0.,-0.));
#2528 = ORIENTED_EDGE('',*,*,#2476,.F.);
#2529 = PLANE('',#2530);
#2530 = AXIS2_PLACEMENT_3D('',#2531,#2532,#2533);
#2531 = CARTESIAN_POINT('',(-2.875,-2.475,1.93));
#2532 = DIRECTION('',(-0.,1.,0.));
#2533 = DIRECTION('',(0.,0.,1.));
#2534 = ADVANCED_FACE('',(#2535),#2551,.T.);
#2535 = FACE_BOUND('',#2536,.T.);
#2536 = EDGE_LOOP('',(#2537,#2543,#2544,#2550));
#2537 = ORIENTED_EDGE('',*,*,#2538,.F.);
#2538 = EDGE_CURVE('',#2447,#2487,#2539,.T.);
#2539 = LINE('',#2540,#2541);
#2540 = CARTESIAN_POINT('',(-2.875,-0.475,1.93));
#2541 = VECTOR('',#2542,1.);
#2542 = DIRECTION('',(1.,0.,-0.));
#2543 = ORIENTED_EDGE('',*,*,#2454,.T.);
#2544 = ORIENTED_EDGE('',*,*,#2545,.T.);
#2545 = EDGE_CURVE('',#2455,#2495,#2546,.T.);
#2546 = LINE('',#2547,#2548);
#2547 = CARTESIAN_POINT('',(-2.875,-0.475,1.96));
#2548 = VECTOR('',#2549,1.);
#2549 = DIRECTION('',(1.,0.,-0.));
#2550 = ORIENTED_EDGE('',*,*,#2494,.F.);
#2551 = PLANE('',#2552);
#2552 = AXIS2_PLACEMENT_3D('',#2553,#2554,#2555);
#2553 = CARTESIAN_POINT('',(-2.875,-0.475,1.93));
#2554 = DIRECTION('',(-0.,1.,0.));
#2555 = DIRECTION('',(0.,0.,1.));
#2556 = ADVANCED_FACE('',(#2557),#2563,.F.);
#2557 = FACE_BOUND('',#2558,.F.);
#2558 = EDGE_LOOP('',(#2559,#2560,#2561,#2562));
#2559 = ORIENTED_EDGE('',*,*,#2446,.F.);
#2560 = ORIENTED_EDGE('',*,*,#2516,.T.);
#2561 = ORIENTED_EDGE('',*,*,#2486,.T.);
#2562 = ORIENTED_EDGE('',*,*,#2538,.F.);
#2563 = PLANE('',#2564);
#2564 = AXIS2_PLACEMENT_3D('',#2565,#2566,#2567);
#2565 = CARTESIAN_POINT('',(-2.875,-2.475,1.93));
#2566 = DIRECTION('',(0.,0.,1.));
#2567 = DIRECTION('',(1.,0.,-0.));
#2568 = ADVANCED_FACE('',(#2569),#2575,.T.);
#2569 = FACE_BOUND('',#2570,.T.);
#2570 = EDGE_LOOP('',(#2571,#2572,#2573,#2574));
#2571 = ORIENTED_EDGE('',*,*,#2462,.F.);
#2572 = ORIENTED_EDGE('',*,*,#2523,.T.);
#2573 = ORIENTED_EDGE('',*,*,#2502,.T.);
#2574 = ORIENTED_EDGE('',*,*,#2545,.F.);
#2575 = PLANE('',#2576);
#2576 = AXIS2_PLACEMENT_3D('',#2577,#2578,#2579);
#2577 = CARTESIAN_POINT('',(-2.875,-2.475,1.96));
#2578 = DIRECTION('',(0.,0.,1.));
#2579 = DIRECTION('',(1.,0.,-0.));
#2580 = MANIFOLD_SOLID_BREP('',#2581);
#2581 = CLOSED_SHELL('',(#2582,#2622,#2662,#2684,#2706,#2718));
#2582 = ADVANCED_FACE('',(#2583),#2617,.F.);
#2583 = FACE_BOUND('',#2584,.F.);
#2584 = EDGE_LOOP('',(#2585,#2595,#2603,#2611));
#2585 = ORIENTED_EDGE('',*,*,#2586,.F.);
#2586 = EDGE_CURVE('',#2587,#2589,#2591,.T.);
#2587 = VERTEX_POINT('',#2588);
#2588 = CARTESIAN_POINT('',(-2.875,-2.475,1.2));
#2589 = VERTEX_POINT('',#2590);
#2590 = CARTESIAN_POINT('',(-2.875,-2.475,1.23));
#2591 = LINE('',#2592,#2593);
#2592 = CARTESIAN_POINT('',(-2.875,-2.475,1.2));
#2593 = VECTOR('',#2594,1.);
#2594 = DIRECTION('',(0.,0.,1.));
#2595 = ORIENTED_EDGE('',*,*,#2596,.T.);
#2596 = EDGE_CURVE('',#2587,#2597,#2599,.T.);
#2597 = VERTEX_POINT('',#2598);
#2598 = CARTESIAN_POINT('',(-2.875,-0.475,1.2));
#2599 = LINE('',#2600,#2601);
#2600 = CARTESIAN_POINT('',(-2.875,-2.475,1.2));
#2601 = VECTOR('',#2602,1.);
#2602 = DIRECTION('',(-0.,1.,0.));
#2603 = ORIENTED_EDGE('',*,*,#2604,.T.);
#2604 = EDGE_CURVE('',#2597,#2605,#2607,.T.);
#2605 = VERTEX_POINT('',#2606);
#2606 = CARTESIAN_POINT('',(-2.875,-0.475,1.23));
#2607 = LINE('',#2608,#2609);
#2608 = CARTESIAN_POINT('',(-2.875,-0.475,1.2));
#2609 = VECTOR('',#2610,1.);
#2610 = DIRECTION('',(0.,0.,1.));
#2611 = ORIENTED_EDGE('',*,*,#2612,.F.);
#2612 = EDGE_CURVE('',#2589,#2605,#2613,.T.);
#2613 = LINE('',#2614,#2615);
#2614 = CARTESIAN_POINT('',(-2.875,-2.475,1.23));
#2615 = VECTOR('',#2616,1.);
#2616 = DIRECTION('',(-0.,1.,0.));
#2617 = PLANE('',#2618);
#2618 = AXIS2_PLACEMENT_3D('',#2619,#2620,#2621);
#2619 = CARTESIAN_POINT('',(-2.875,-2.475,1.2));
#2620 = DIRECTION('',(1.,0.,-0.));
#2621 = DIRECTION('',(0.,0.,1.));
#2622 = ADVANCED_FACE('',(#2623),#2657,.T.);
#2623 = FACE_BOUND('',#2624,.T.);
#2624 = EDGE_LOOP('',(#2625,#2635,#2643,#2651));
#2625 = ORIENTED_EDGE('',*,*,#2626,.F.);
#2626 = EDGE_CURVE('',#2627,#2629,#2631,.T.);
#2627 = VERTEX_POINT('',#2628);
#2628 = CARTESIAN_POINT('',(-2.625,-2.475,1.2));
#2629 = VERTEX_POINT('',#2630);
#2630 = CARTESIAN_POINT('',(-2.625,-2.475,1.23));
#2631 = LINE('',#2632,#2633);
#2632 = CARTESIAN_POINT('',(-2.625,-2.475,1.2));
#2633 = VECTOR('',#2634,1.);
#2634 = DIRECTION('',(0.,0.,1.));
#2635 = ORIENTED_EDGE('',*,*,#2636,.T.);
#2636 = EDGE_CURVE('',#2627,#2637,#2639,.T.);
#2637 = VERTEX_POINT('',#2638);
#2638 = CARTESIAN_POINT('',(-2.625,-0.475,1.2));
#2639 = LINE('',#2640,#2641);
#2640 = CARTESIAN_POINT('',(-2.625,-2.475,1.2));
#2641 = VECTOR('',#2642,1.);
#2642 = DIRECTION('',(-0.,1.,0.));
#2643 = ORIENTED_EDGE('',*,*,#2644,.T.);
#2644 = EDGE_CURVE('',#2637,#2645,#2647,.T.);
#2645 = VERTEX_POINT('',#2646);
#2646 = CARTESIAN_POINT('',(-2.625,-0.475,1.23));
#2647 = LINE('',#2648,#2649);
#2648 = CARTESIAN_POINT('',(-2.625,-0.475,1.2));
#2649 = VECTOR('',#2650,1.);
#2650 = DIRECTION('',(0.,0.,1.));
#2651 = ORIENTED_EDGE('',*,*,#2652,.F.);
#2652 = EDGE_CURVE('',#2629,#2645,#2653,.T.);
#2653 = LINE('',#2654,#2655);
#2654 = CARTESIAN_POINT('',(-2.625,-2.475,1.23));
#2655 = VECTOR('',#2656,1.);
#2656 = DIRECTION('',(-0.,1.,0.));
#2657 = PLANE('',#2658);
#2658 = AXIS2_PLACEMENT_3D('',#2659,#2660,#2661);
#2659 = CARTESIAN_POINT('',(-2.625,-2.475,1.2));
#2660 = DIRECTION('',(1.,0.,-0.));
#2661 = DIRECTION('',(0.,0.,1.));
#2662 = ADVANCED_FACE('',(#2663),#2679,.F.);
#2663 = FACE_BOUND('',#2664,.F.);
#2664 = EDGE_LOOP('',(#2665,#2671,#2672,#2678));
#2665 = ORIENTED_EDGE('',*,*,#2666,.F.);
#2666 = EDGE_CURVE('',#2587,#2627,#2667,.T.);
#2667 = LINE('',#2668,#2669);
#2668 = CARTESIAN_POINT('',(-2.875,-2.475,1.2));
#2669 = VECTOR('',#2670,1.);
#2670 = DIRECTION('',(1.,0.,-0.));
#2671 = ORIENTED_EDGE('',*,*,#2586,.T.);
#2672 = ORIENTED_EDGE('',*,*,#2673,.T.);
#2673 = EDGE_CURVE('',#2589,#2629,#2674,.T.);
#2674 = LINE('',#2675,#2676);
#2675 = CARTESIAN_POINT('',(-2.875,-2.475,1.23));
#2676 = VECTOR('',#2677,1.);
#2677 = DIRECTION('',(1.,0.,-0.));
#2678 = ORIENTED_EDGE('',*,*,#2626,.F.);
#2679 = PLANE('',#2680);
#2680 = AXIS2_PLACEMENT_3D('',#2681,#2682,#2683);
#2681 = CARTESIAN_POINT('',(-2.875,-2.475,1.2));
#2682 = DIRECTION('',(-0.,1.,0.));
#2683 = DIRECTION('',(0.,0.,1.));
#2684 = ADVANCED_FACE('',(#2685),#2701,.T.);
#2685 = FACE_BOUND('',#2686,.T.);
#2686 = EDGE_LOOP('',(#2687,#2693,#2694,#2700));
#2687 = ORIENTED_EDGE('',*,*,#2688,.F.);
#2688 = EDGE_CURVE('',#2597,#2637,#2689,.T.);
#2689 = LINE('',#2690,#2691);
#2690 = CARTESIAN_POINT('',(-2.875,-0.475,1.2));
#2691 = VECTOR('',#2692,1.);
#2692 = DIRECTION('',(1.,0.,-0.));
#2693 = ORIENTED_EDGE('',*,*,#2604,.T.);
#2694 = ORIENTED_EDGE('',*,*,#2695,.T.);
#2695 = EDGE_CURVE('',#2605,#2645,#2696,.T.);
#2696 = LINE('',#2697,#2698);
#2697 = CARTESIAN_POINT('',(-2.875,-0.475,1.23));
#2698 = VECTOR('',#2699,1.);
#2699 = DIRECTION('',(1.,0.,-0.));
#2700 = ORIENTED_EDGE('',*,*,#2644,.F.);
#2701 = PLANE('',#2702);
#2702 = AXIS2_PLACEMENT_3D('',#2703,#2704,#2705);
#2703 = CARTESIAN_POINT('',(-2.875,-0.475,1.2));
#2704 = DIRECTION('',(-0.,1.,0.));
#2705 = DIRECTION('',(0.,0.,1.));
#2706 = ADVANCED_FACE('',(#2707),#2713,.F.);
#2707 = FACE_BOUND('',#2708,.F.);
#2708 = EDGE_LOOP('',(#2709,#2710,#2711,#2712));
#2709 = ORIENTED_EDGE('',*,*,#2596,.F.);
#2710 = ORIENTED_EDGE('',*,*,#2666,.T.);
#2711 = ORIENTED_EDGE('',*,*,#2636,.T.);
#2712 = ORIENTED_EDGE('',*,*,#2688,.F.);
#2713 = PLANE('',#2714);
#2714 = AXIS2_PLACEMENT_3D('',#2715,#2716,#2717);
#2715 = CARTESIAN_POINT('',(-2.875,-2.475,1.2));
#2716 = DIRECTION('',(0.,0.,1.));
#2717 = DIRECTION('',(1.,0.,-0.));
#2718 = ADVANCED_FACE('',(#2719),#2725,.T.);
#2719 = FACE_BOUND('',#2720,.T.);
#2720 = EDGE_LOOP('',(#2721,#2722,#2723,#2724));
#2721 = ORIENTED_EDGE('',*,*,#2612,.F.);
#2722 = ORIENTED_EDGE('',*,*,#2673,.T.);
#2723 = ORIENTED_EDGE('',*,*,#2652,.T.);
#2724 = ORIENTED_EDGE('',*,*,#2695,.F.);
#2725 = PLANE('',#2726);
#2726 = AXIS2_PLACEMENT_3D('',#2727,#2728,#2729);
#2727 = CARTESIAN_POINT('',(-2.875,-2.475,1.23));
#2728 = DIRECTION('',(0.,0.,1.));
#2729 = DIRECTION('',(1.,0.,-0.));
#2730 = MANIFOLD_SOLID_BREP('',#2731);
#2731 = CLOSED_SHELL('',(#2732,#2772,#2812,#2834,#2856,#2868));
#2732 = ADVANCED_FACE('',(#2733),#2767,.F.);
#2733 = FACE_BOUND('',#2734,.F.);
#2734 = EDGE_LOOP('',(#2735,#2745,#2753,#2761));
#2735 = ORIENTED_EDGE('',*,*,#2736,.F.);
#2736 = EDGE_CURVE('',#2737,#2739,#2741,.T.);
#2737 = VERTEX_POINT('',#2738);
#2738 = CARTESIAN_POINT('',(-1.375,-2.475,1.93));
#2739 = VERTEX_POINT('',#2740);
#2740 = CARTESIAN_POINT('',(-1.375,-2.475,1.96));
#2741 = LINE('',#2742,#2743);
#2742 = CARTESIAN_POINT('',(-1.375,-2.475,1.93));
#2743 = VECTOR('',#2744,1.);
#2744 = DIRECTION('',(0.,0.,1.));
#2745 = ORIENTED_EDGE('',*,*,#2746,.T.);
#2746 = EDGE_CURVE('',#2737,#2747,#2749,.T.);
#2747 = VERTEX_POINT('',#2748);
#2748 = CARTESIAN_POINT('',(-1.375,-0.475,1.93));
#2749 = LINE('',#2750,#2751);
#2750 = CARTESIAN_POINT('',(-1.375,-2.475,1.93));
#2751 = VECTOR('',#2752,1.);
#2752 = DIRECTION('',(-0.,1.,0.));
#2753 = ORIENTED_EDGE('',*,*,#2754,.T.);
#2754 = EDGE_CURVE('',#2747,#2755,#2757,.T.);
#2755 = VERTEX_POINT('',#2756);
#2756 = CARTESIAN_POINT('',(-1.375,-0.475,1.96));
#2757 = LINE('',#2758,#2759);
#2758 = CARTESIAN_POINT('',(-1.375,-0.475,1.93));
#2759 = VECTOR('',#2760,1.);
#2760 = DIRECTION('',(0.,0.,1.));
#2761 = ORIENTED_EDGE('',*,*,#2762,.F.);
#2762 = EDGE_CURVE('',#2739,#2755,#2763,.T.);
#2763 = LINE('',#2764,#2765);
#2764 = CARTESIAN_POINT('',(-1.375,-2.475,1.96));
#2765 = VECTOR('',#2766,1.);
#2766 = DIRECTION('',(-0.,1.,0.));
#2767 = PLANE('',#2768);
#2768 = AXIS2_PLACEMENT_3D('',#2769,#2770,#2771);
#2769 = CARTESIAN_POINT('',(-1.375,-2.475,1.93));
#2770 = DIRECTION('',(1.,0.,-0.));
#2771 = DIRECTION('',(0.,0.,1.));
#2772 = ADVANCED_FACE('',(#2773),#2807,.T.);
#2773 = FACE_BOUND('',#2774,.T.);
#2774 = EDGE_LOOP('',(#2775,#2785,#2793,#2801));
#2775 = ORIENTED_EDGE('',*,*,#2776,.F.);
#2776 = EDGE_CURVE('',#2777,#2779,#2781,.T.);
#2777 = VERTEX_POINT('',#2778);
#2778 = CARTESIAN_POINT('',(-1.125,-2.475,1.93));
#2779 = VERTEX_POINT('',#2780);
#2780 = CARTESIAN_POINT('',(-1.125,-2.475,1.96));
#2781 = LINE('',#2782,#2783);
#2782 = CARTESIAN_POINT('',(-1.125,-2.475,1.93));
#2783 = VECTOR('',#2784,1.);
#2784 = DIRECTION('',(0.,0.,1.));
#2785 = ORIENTED_EDGE('',*,*,#2786,.T.);
#2786 = EDGE_CURVE('',#2777,#2787,#2789,.T.);
#2787 = VERTEX_POINT('',#2788);
#2788 = CARTESIAN_POINT('',(-1.125,-0.475,1.93));
#2789 = LINE('',#2790,#2791);
#2790 = CARTESIAN_POINT('',(-1.125,-2.475,1.93));
#2791 = VECTOR('',#2792,1.);
#2792 = DIRECTION('',(-0.,1.,0.));
#2793 = ORIENTED_EDGE('',*,*,#2794,.T.);
#2794 = EDGE_CURVE('',#2787,#2795,#2797,.T.);
#2795 = VERTEX_POINT('',#2796);
#2796 = CARTESIAN_POINT('',(-1.125,-0.475,1.96));
#2797 = LINE('',#2798,#2799);
#2798 = CARTESIAN_POINT('',(-1.125,-0.475,1.93));
#2799 = VECTOR('',#2800,1.);
#2800 = DIRECTION('',(0.,0.,1.));
#2801 = ORIENTED_EDGE('',*,*,#2802,.F.);
#2802 = EDGE_CURVE('',#2779,#2795,#2803,.T.);
#2803 = LINE('',#2804,#2805);
#2804 = CARTESIAN_POINT('',(-1.125,-2.475,1.96));
#2805 = VECTOR('',#2806,1.);
#2806 = DIRECTION('',(-0.,1.,0.));
#2807 = PLANE('',#2808);
#2808 = AXIS2_PLACEMENT_3D('',#2809,#2810,#2811);
#2809 = CARTESIAN_POINT('',(-1.125,-2.475,1.93));
#2810 = DIRECTION('',(1.,0.,-0.));
#2811 = DIRECTION('',(0.,0.,1.));
#2812 = ADVANCED_FACE('',(#2813),#2829,.F.);
#2813 = FACE_BOUND('',#2814,.F.);
#2814 = EDGE_LOOP('',(#2815,#2821,#2822,#2828));
#2815 = ORIENTED_EDGE('',*,*,#2816,.F.);
#2816 = EDGE_CURVE('',#2737,#2777,#2817,.T.);
#2817 = LINE('',#2818,#2819);
#2818 = CARTESIAN_POINT('',(-1.375,-2.475,1.93));
#2819 = VECTOR('',#2820,1.);
#2820 = DIRECTION('',(1.,0.,-0.));
#2821 = ORIENTED_EDGE('',*,*,#2736,.T.);
#2822 = ORIENTED_EDGE('',*,*,#2823,.T.);
#2823 = EDGE_CURVE('',#2739,#2779,#2824,.T.);
#2824 = LINE('',#2825,#2826);
#2825 = CARTESIAN_POINT('',(-1.375,-2.475,1.96));
#2826 = VECTOR('',#2827,1.);
#2827 = DIRECTION('',(1.,0.,-0.));
#2828 = ORIENTED_EDGE('',*,*,#2776,.F.);
#2829 = PLANE('',#2830);
#2830 = AXIS2_PLACEMENT_3D('',#2831,#2832,#2833);
#2831 = CARTESIAN_POINT('',(-1.375,-2.475,1.93));
#2832 = DIRECTION('',(-0.,1.,0.));
#2833 = DIRECTION('',(0.,0.,1.));
#2834 = ADVANCED_FACE('',(#2835),#2851,.T.);
#2835 = FACE_BOUND('',#2836,.T.);
#2836 = EDGE_LOOP('',(#2837,#2843,#2844,#2850));
#2837 = ORIENTED_EDGE('',*,*,#2838,.F.);
#2838 = EDGE_CURVE('',#2747,#2787,#2839,.T.);
#2839 = LINE('',#2840,#2841);
#2840 = CARTESIAN_POINT('',(-1.375,-0.475,1.93));
#2841 = VECTOR('',#2842,1.);
#2842 = DIRECTION('',(1.,0.,-0.));
#2843 = ORIENTED_EDGE('',*,*,#2754,.T.);
#2844 = ORIENTED_EDGE('',*,*,#2845,.T.);
#2845 = EDGE_CURVE('',#2755,#2795,#2846,.T.);
#2846 = LINE('',#2847,#2848);
#2847 = CARTESIAN_POINT('',(-1.375,-0.475,1.96));
#2848 = VECTOR('',#2849,1.);
#2849 = DIRECTION('',(1.,0.,-0.));
#2850 = ORIENTED_EDGE('',*,*,#2794,.F.);
#2851 = PLANE('',#2852);
#2852 = AXIS2_PLACEMENT_3D('',#2853,#2854,#2855);
#2853 = CARTESIAN_POINT('',(-1.375,-0.475,1.93));
#2854 = DIRECTION('',(-0.,1.,0.));
#2855 = DIRECTION('',(0.,0.,1.));
#2856 = ADVANCED_FACE('',(#2857),#2863,.F.);
#2857 = FACE_BOUND('',#2858,.F.);
#2858 = EDGE_LOOP('',(#2859,#2860,#2861,#2862));
#2859 = ORIENTED_EDGE('',*,*,#2746,.F.);
#2860 = ORIENTED_EDGE('',*,*,#2816,.T.);
#2861 = ORIENTED_EDGE('',*,*,#2786,.T.);
#2862 = ORIENTED_EDGE('',*,*,#2838,.F.);
#2863 = PLANE('',#2864);
#2864 = AXIS2_PLACEMENT_3D('',#2865,#2866,#2867);
#2865 = CARTESIAN_POINT('',(-1.375,-2.475,1.93));
#2866 = DIRECTION('',(0.,0.,1.));
#2867 = DIRECTION('',(1.,0.,-0.));
#2868 = ADVANCED_FACE('',(#2869),#2875,.T.);
#2869 = FACE_BOUND('',#2870,.T.);
#2870 = EDGE_LOOP('',(#2871,#2872,#2873,#2874));
#2871 = ORIENTED_EDGE('',*,*,#2762,.F.);
#2872 = ORIENTED_EDGE('',*,*,#2823,.T.);
#2873 = ORIENTED_EDGE('',*,*,#2802,.T.);
#2874 = ORIENTED_EDGE('',*,*,#2845,.F.);
#2875 = PLANE('',#2876);
#2876 = AXIS2_PLACEMENT_3D('',#2877,#2878,#2879);
#2877 = CARTESIAN_POINT('',(-1.375,-2.475,1.96));
#2878 = DIRECTION('',(0.,0.,1.));
#2879 = DIRECTION('',(1.,0.,-0.));
#2880 = MANIFOLD_SOLID_BREP('',#2881);
#2881 = CLOSED_SHELL('',(#2882,#2922,#2962,#2984,#3006,#3018));
#2882 = ADVANCED_FACE('',(#2883),#2917,.F.);
#2883 = FACE_BOUND('',#2884,.F.);
#2884 = EDGE_LOOP('',(#2885,#2895,#2903,#2911));
#2885 = ORIENTED_EDGE('',*,*,#2886,.F.);
#2886 = EDGE_CURVE('',#2887,#2889,#2891,.T.);
#2887 = VERTEX_POINT('',#2888);
#2888 = CARTESIAN_POINT('',(-1.375,-2.475,1.2));
#2889 = VERTEX_POINT('',#2890);
#2890 = CARTESIAN_POINT('',(-1.375,-2.475,1.23));
#2891 = LINE('',#2892,#2893);
#2892 = CARTESIAN_POINT('',(-1.375,-2.475,1.2));
#2893 = VECTOR('',#2894,1.);
#2894 = DIRECTION('',(0.,0.,1.));
#2895 = ORIENTED_EDGE('',*,*,#2896,.T.);
#2896 = EDGE_CURVE('',#2887,#2897,#2899,.T.);
#2897 = VERTEX_POINT('',#2898);
#2898 = CARTESIAN_POINT('',(-1.375,-0.475,1.2));
#2899 = LINE('',#2900,#2901);
#2900 = CARTESIAN_POINT('',(-1.375,-2.475,1.2));
#2901 = VECTOR('',#2902,1.);
#2902 = DIRECTION('',(-0.,1.,0.));
#2903 = ORIENTED_EDGE('',*,*,#2904,.T.);
#2904 = EDGE_CURVE('',#2897,#2905,#2907,.T.);
#2905 = VERTEX_POINT('',#2906);
#2906 = CARTESIAN_POINT('',(-1.375,-0.475,1.23));
#2907 = LINE('',#2908,#2909);
#2908 = CARTESIAN_POINT('',(-1.375,-0.475,1.2));
#2909 = VECTOR('',#2910,1.);
#2910 = DIRECTION('',(0.,0.,1.));
#2911 = ORIENTED_EDGE('',*,*,#2912,.F.);
#2912 = EDGE_CURVE('',#2889,#2905,#2913,.T.);
#2913 = LINE('',#2914,#2915);
#2914 = CARTESIAN_POINT('',(-1.375,-2.475,1.23));
#2915 = VECTOR('',#2916,1.);
#2916 = DIRECTION('',(-0.,1.,0.));
#2917 = PLANE('',#2918);
#2918 = AXIS2_PLACEMENT_3D('',#2919,#2920,#2921);
#2919 = CARTESIAN_POINT('',(-1.375,-2.475,1.2));
#2920 = DIRECTION('',(1.,0.,-0.));
#2921 = DIRECTION('',(0.,0.,1.));
#2922 = ADVANCED_FACE('',(#2923),#2957,.T.);
#2923 = FACE_BOUND('',#2924,.T.);
#2924 = EDGE_LOOP('',(#2925,#2935,#2943,#2951));
#2925 = ORIENTED_EDGE('',*,*,#2926,.F.);
#2926 = EDGE_CURVE('',#2927,#2929,#2931,.T.);
#2927 = VERTEX_POINT('',#2928);
#2928 = CARTESIAN_POINT('',(-1.125,-2.475,1.2));
#2929 = VERTEX_POINT('',#2930);
#2930 = CARTESIAN_POINT('',(-1.125,-2.475,1.23));
#2931 = LINE('',#2932,#2933);
#2932 = CARTESIAN_POINT('',(-1.125,-2.475,1.2));
#2933 = VECTOR('',#2934,1.);
#2934 = DIRECTION('',(0.,0.,1.));
#2935 = ORIENTED_EDGE('',*,*,#2936,.T.);
#2936 = EDGE_CURVE('',#2927,#2937,#2939,.T.);
#2937 = VERTEX_POINT('',#2938);
#2938 = CARTESIAN_POINT('',(-1.125,-0.475,1.2));
#2939 = LINE('',#2940,#2941);
#2940 = CARTESIAN_POINT('',(-1.125,-2.475,1.2));
#2941 = VECTOR('',#2942,1.);
#2942 = DIRECTION('',(-0.,1.,0.));
#2943 = ORIENTED_EDGE('',*,*,#2944,.T.);
#2944 = EDGE_CURVE('',#2937,#2945,#2947,.T.);
#2945 = VERTEX_POINT('',#2946);
#2946 = CARTESIAN_POINT('',(-1.125,-0.475,1.23));
#2947 = LINE('',#2948,#2949);
#2948 = CARTESIAN_POINT('',(-1.125,-0.475,1.2));
#2949 = VECTOR('',#2950,1.);
#2950 = DIRECTION('',(0.,0.,1.));
#2951 = ORIENTED_EDGE('',*,*,#2952,.F.);
#2952 = EDGE_CURVE('',#2929,#2945,#2953,.T.);
#2953 = LINE('',#2954,#2955);
#2954 = CARTESIAN_POINT('',(-1.125,-2.475,1.23));
#2955 = VECTOR('',#2956,1.);
#2956 = DIRECTION('',(-0.,1.,0.));
#2957 = PLANE('',#2958);
#2958 = AXIS2_PLACEMENT_3D('',#2959,#2960,#2961);
#2959 = CARTESIAN_POINT('',(-1.125,-2.475,1.2));
#2960 = DIRECTION('',(1.,0.,-0.));
#2961 = DIRECTION('',(0.,0.,1.));
#2962 = ADVANCED_FACE('',(#2963),#2979,.F.);
#2963 = FACE_BOUND('',#2964,.F.);
#2964 = EDGE_LOOP('',(#2965,#2971,#2972,#2978));
#2965 = ORIENTED_EDGE('',*,*,#2966,.F.);
#2966 = EDGE_CURVE('',#2887,#2927,#2967,.T.);
#2967 = LINE('',#2968,#2969);
#2968 = CARTESIAN_POINT('',(-1.375,-2.475,1.2));
#2969 = VECTOR('',#2970,1.);
#2970 = DIRECTION('',(1.,0.,-0.));
#2971 = ORIENTED_EDGE('',*,*,#2886,.T.);
#2972 = ORIENTED_EDGE('',*,*,#2973,.T.);
#2973 = EDGE_CURVE('',#2889,#2929,#2974,.T.);
#2974 = LINE('',#2975,#2976);
#2975 = CARTESIAN_POINT('',(-1.375,-2.475,1.23));
#2976 = VECTOR('',#2977,1.);
#2977 = DIRECTION('',(1.,0.,-0.));
#2978 = ORIENTED_EDGE('',*,*,#2926,.F.);
#2979 = PLANE('',#2980);
#2980 = AXIS2_PLACEMENT_3D('',#2981,#2982,#2983);
#2981 = CARTESIAN_POINT('',(-1.375,-2.475,1.2));
#2982 = DIRECTION('',(-0.,1.,0.));
#2983 = DIRECTION('',(0.,0.,1.));
#2984 = ADVANCED_FACE('',(#2985),#3001,.T.);
#2985 = FACE_BOUND('',#2986,.T.);
#2986 = EDGE_LOOP('',(#2987,#2993,#2994,#3000));
#2987 = ORIENTED_EDGE('',*,*,#2988,.F.);
#2988 = EDGE_CURVE('',#2897,#2937,#2989,.T.);
#2989 = LINE('',#2990,#2991);
#2990 = CARTESIAN_POINT('',(-1.375,-0.475,1.2));
#2991 = VECTOR('',#2992,1.);
#2992 = DIRECTION('',(1.,0.,-0.));
#2993 = ORIENTED_EDGE('',*,*,#2904,.T.);
#2994 = ORIENTED_EDGE('',*,*,#2995,.T.);
#2995 = EDGE_CURVE('',#2905,#2945,#2996,.T.);
#2996 = LINE('',#2997,#2998);
#2997 = CARTESIAN_POINT('',(-1.375,-0.475,1.23));
#2998 = VECTOR('',#2999,1.);
#2999 = DIRECTION('',(1.,0.,-0.));
#3000 = ORIENTED_EDGE('',*,*,#2944,.F.);
#3001 = PLANE('',#3002);
#3002 = AXIS2_PLACEMENT_3D('',#3003,#3004,#3005);
#3003 = CARTESIAN_POINT('',(-1.375,-0.475,1.2));
#3004 = DIRECTION('',(-0.,1.,0.));
#3005 = DIRECTION('',(0.,0.,1.));
#3006 = ADVANCED_FACE('',(#3007),#3013,.F.);
#3007 = FACE_BOUND('',#3008,.F.);
#3008 = EDGE_LOOP('',(#3009,#3010,#3011,#3012));
#3009 = ORIENTED_EDGE('',*,*,#2896,.F.);
#3010 = ORIENTED_EDGE('',*,*,#2966,.T.);
#3011 = ORIENTED_EDGE('',*,*,#2936,.T.);
#3012 = ORIENTED_EDGE('',*,*,#2988,.F.);
#3013 = PLANE('',#3014);
#3014 = AXIS2_PLACEMENT_3D('',#3015,#3016,#3017);
#3015 = CARTESIAN_POINT('',(-1.375,-2.475,1.2));
#3016 = DIRECTION('',(0.,0.,1.));
#3017 = DIRECTION('',(1.,0.,-0.));
#3018 = ADVANCED_FACE('',(#3019),#3025,.T.);
#3019 = FACE_BOUND('',#3020,.T.);
#3020 = EDGE_LOOP('',(#3021,#3022,#3023,#3024));
#3021 = ORIENTED_EDGE('',*,*,#2912,.F.);
#3022 = ORIENTED_EDGE('',*,*,#2973,.T.);
#3023 = ORIENTED_EDGE('',*,*,#2952,.T.);
#3024 = ORIENTED_EDGE('',*,*,#2995,.F.);
#3025 = PLANE('',#3026);
#3026 = AXIS2_PLACEMENT_3D('',#3027,#3028,#3029);
#3027 = CARTESIAN_POINT('',(-1.375,-2.475,1.23));
#3028 = DIRECTION('',(0.,0.,1.));
#3029 = DIRECTION('',(1.,0.,-0.));
#3030 = MANIFOLD_SOLID_BREP('',#3031);
#3031 = CLOSED_SHELL('',(#3032,#3072,#3112,#3134,#3156,#3168));
#3032 = ADVANCED_FACE('',(#3033),#3067,.F.);
#3033 = FACE_BOUND('',#3034,.F.);
#3034 = EDGE_LOOP('',(#3035,#3045,#3053,#3061));
#3035 = ORIENTED_EDGE('',*,*,#3036,.F.);
#3036 = EDGE_CURVE('',#3037,#3039,#3041,.T.);
#3037 = VERTEX_POINT('',#3038);
#3038 = CARTESIAN_POINT('',(-0.875,-2.475,1.93));
#3039 = VERTEX_POINT('',#3040);
#3040 = CARTESIAN_POINT('',(-0.875,-2.475,1.96));
#3041 = LINE('',#3042,#3043);
#3042 = CARTESIAN_POINT('',(-0.875,-2.475,1.93));
#3043 = VECTOR('',#3044,1.);
#3044 = DIRECTION('',(0.,0.,1.));
#3045 = ORIENTED_EDGE('',*,*,#3046,.T.);
#3046 = EDGE_CURVE('',#3037,#3047,#3049,.T.);
#3047 = VERTEX_POINT('',#3048);
#3048 = CARTESIAN_POINT('',(-0.875,-0.475,1.93));
#3049 = LINE('',#3050,#3051);
#3050 = CARTESIAN_POINT('',(-0.875,-2.475,1.93));
#3051 = VECTOR('',#3052,1.);
#3052 = DIRECTION('',(-0.,1.,0.));
#3053 = ORIENTED_EDGE('',*,*,#3054,.T.);
#3054 = EDGE_CURVE('',#3047,#3055,#3057,.T.);
#3055 = VERTEX_POINT('',#3056);
#3056 = CARTESIAN_POINT('',(-0.875,-0.475,1.96));
#3057 = LINE('',#3058,#3059);
#3058 = CARTESIAN_POINT('',(-0.875,-0.475,1.93));
#3059 = VECTOR('',#3060,1.);
#3060 = DIRECTION('',(0.,0.,1.));
#3061 = ORIENTED_EDGE('',*,*,#3062,.F.);
#3062 = EDGE_CURVE('',#3039,#3055,#3063,.T.);
#3063 = LINE('',#3064,#3065);
#3064 = CARTESIAN_POINT('',(-0.875,-2.475,1.96));
#3065 = VECTOR('',#3066,1.);
#3066 = DIRECTION('',(-0.,1.,0.));
#3067 = PLANE('',#3068);
#3068 = AXIS2_PLACEMENT_3D('',#3069,#3070,#3071);
#3069 = CARTESIAN_POINT('',(-0.875,-2.475,1.93));
#3070 = DIRECTION('',(1.,0.,-0.));
#3071 = DIRECTION('',(0.,0.,1.));
#3072 = ADVANCED_FACE('',(#3073),#3107,.T.);
#3073 = FACE_BOUND('',#3074,.T.);
#3074 = EDGE_LOOP('',(#3075,#3085,#3093,#3101));
#3075 = ORIENTED_EDGE('',*,*,#3076,.F.);
#3076 = EDGE_CURVE('',#3077,#3079,#3081,.T.);
#3077 = VERTEX_POINT('',#3078);
#3078 = CARTESIAN_POINT('',(-0.625,-2.475,1.93));
#3079 = VERTEX_POINT('',#3080);
#3080 = CARTESIAN_POINT('',(-0.625,-2.475,1.96));
#3081 = LINE('',#3082,#3083);
#3082 = CARTESIAN_POINT('',(-0.625,-2.475,1.93));
#3083 = VECTOR('',#3084,1.);
#3084 = DIRECTION('',(0.,0.,1.));
#3085 = ORIENTED_EDGE('',*,*,#3086,.T.);
#3086 = EDGE_CURVE('',#3077,#3087,#3089,.T.);
#3087 = VERTEX_POINT('',#3088);
#3088 = CARTESIAN_POINT('',(-0.625,-0.475,1.93));
#3089 = LINE('',#3090,#3091);
#3090 = CARTESIAN_POINT('',(-0.625,-2.475,1.93));
#3091 = VECTOR('',#3092,1.);
#3092 = DIRECTION('',(-0.,1.,0.));
#3093 = ORIENTED_EDGE('',*,*,#3094,.T.);
#3094 = EDGE_CURVE('',#3087,#3095,#3097,.T.);
#3095 = VERTEX_POINT('',#3096);
#3096 = CARTESIAN_POINT('',(-0.625,-0.475,1.96));
#3097 = LINE('',#3098,#3099);
#3098 = CARTESIAN_POINT('',(-0.625,-0.475,1.93));
#3099 = VECTOR('',#3100,1.);
#3100 = DIRECTION('',(0.,0.,1.));
#3101 = ORIENTED_EDGE('',*,*,#3102,.F.);
#3102 = EDGE_CURVE('',#3079,#3095,#3103,.T.);
#3103 = LINE('',#3104,#3105);
#3104 = CARTESIAN_POINT('',(-0.625,-2.475,1.96));
#3105 = VECTOR('',#3106,1.);
#3106 = DIRECTION('',(-0.,1.,0.));
#3107 = PLANE('',#3108);
#3108 = AXIS2_PLACEMENT_3D('',#3109,#3110,#3111);
#3109 = CARTESIAN_POINT('',(-0.625,-2.475,1.93));
#3110 = DIRECTION('',(1.,0.,-0.));
#3111 = DIRECTION('',(0.,0.,1.));
#3112 = ADVANCED_FACE('',(#3113),#3129,.F.);
#3113 = FACE_BOUND('',#3114,.F.);
#3114 = EDGE_LOOP('',(#3115,#3121,#3122,#3128));
#3115 = ORIENTED_EDGE('',*,*,#3116,.F.);
#3116 = EDGE_CURVE('',#3037,#3077,#3117,.T.);
#3117 = LINE('',#3118,#3119);
#3118 = CARTESIAN_POINT('',(-0.875,-2.475,1.93));
#3119 = VECTOR('',#3120,1.);
#3120 = DIRECTION('',(1.,0.,-0.));
#3121 = ORIENTED_EDGE('',*,*,#3036,.T.);
#3122 = ORIENTED_EDGE('',*,*,#3123,.T.);
#3123 = EDGE_CURVE('',#3039,#3079,#3124,.T.);
#3124 = LINE('',#3125,#3126);
#3125 = CARTESIAN_POINT('',(-0.875,-2.475,1.96));
#3126 = VECTOR('',#3127,1.);
#3127 = DIRECTION('',(1.,0.,-0.));
#3128 = ORIENTED_EDGE('',*,*,#3076,.F.);
#3129 = PLANE('',#3130);
#3130 = AXIS2_PLACEMENT_3D('',#3131,#3132,#3133);
#3131 = CARTESIAN_POINT('',(-0.875,-2.475,1.93));
#3132 = DIRECTION('',(-0.,1.,0.));
#3133 = DIRECTION('',(0.,0.,1.));
#3134 = ADVANCED_FACE('',(#3135),#3151,.T.);
#3135 = FACE_BOUND('',#3136,.T.);
#3136 = EDGE_LOOP('',(#3137,#3143,#3144,#3150));
#3137 = ORIENTED_EDGE('',*,*,#3138,.F.);
#3138 = EDGE_CURVE('',#3047,#3087,#3139,.T.);
#3139 = LINE('',#3140,#3141);
#3140 = CARTESIAN_POINT('',(-0.875,-0.475,1.93));
#3141 = VECTOR('',#3142,1.);
#3142 = DIRECTION('',(1.,0.,-0.));
#3143 = ORIENTED_EDGE('',*,*,#3054,.T.);
#3144 = ORIENTED_EDGE('',*,*,#3145,.T.);
#3145 = EDGE_CURVE('',#3055,#3095,#3146,.T.);
#3146 = LINE('',#3147,#3148);
#3147 = CARTESIAN_POINT('',(-0.875,-0.475,1.96));
#3148 = VECTOR('',#3149,1.);
#3149 = DIRECTION('',(1.,0.,-0.));
#3150 = ORIENTED_EDGE('',*,*,#3094,.F.);
#3151 = PLANE('',#3152);
#3152 = AXIS2_PLACEMENT_3D('',#3153,#3154,#3155);
#3153 = CARTESIAN_POINT('',(-0.875,-0.475,1.93));
#3154 = DIRECTION('',(-0.,1.,0.));
#3155 = DIRECTION('',(0.,0.,1.));
#3156 = ADVANCED_FACE('',(#3157),#3163,.F.);
#3157 = FACE_BOUND('',#3158,.F.);
#3158 = EDGE_LOOP('',(#3159,#3160,#3161,#3162));
#3159 = ORIENTED_EDGE('',*,*,#3046,.F.);
#3160 = ORIENTED_EDGE('',*,*,#3116,.T.);
#3161 = ORIENTED_EDGE('',*,*,#3086,.T.);
#3162 = ORIENTED_EDGE('',*,*,#3138,.F.);
#3163 = PLANE('',#3164);
#3164 = AXIS2_PLACEMENT_3D('',#3165,#3166,#3167);
#3165 = CARTESIAN_POINT('',(-0.875,-2.475,1.93));
#3166 = DIRECTION('',(0.,0.,1.));
#3167 = DIRECTION('',(1.,0.,-0.));
#3168 = ADVANCED_FACE('',(#3169),#3175,.T.);
#3169 = FACE_BOUND('',#3170,.T.);
#3170 = EDGE_LOOP('',(#3171,#3172,#3173,#3174));
#3171 = ORIENTED_EDGE('',*,*,#3062,.F.);
#3172 = ORIENTED_EDGE('',*,*,#3123,.T.);
#3173 = ORIENTED_EDGE('',*,*,#3102,.T.);
#3174 = ORIENTED_EDGE('',*,*,#3145,.F.);
#3175 = PLANE('',#3176);
#3176 = AXIS2_PLACEMENT_3D('',#3177,#3178,#3179);
#3177 = CARTESIAN_POINT('',(-0.875,-2.475,1.96));
#3178 = DIRECTION('',(0.,0.,1.));
#3179 = DIRECTION('',(1.,0.,-0.));
#3180 = MANIFOLD_SOLID_BREP('',#3181);
#3181 = CLOSED_SHELL('',(#3182,#3222,#3262,#3284,#3306,#3318));
#3182 = ADVANCED_FACE('',(#3183),#3217,.F.);
#3183 = FACE_BOUND('',#3184,.F.);
#3184 = EDGE_LOOP('',(#3185,#3195,#3203,#3211));
#3185 = ORIENTED_EDGE('',*,*,#3186,.F.);
#3186 = EDGE_CURVE('',#3187,#3189,#3191,.T.);
#3187 = VERTEX_POINT('',#3188);
#3188 = CARTESIAN_POINT('',(-0.875,-2.475,1.2));
#3189 = VERTEX_POINT('',#3190);
#3190 = CARTESIAN_POINT('',(-0.875,-2.475,1.23));
#3191 = LINE('',#3192,#3193);
#3192 = CARTESIAN_POINT('',(-0.875,-2.475,1.2));
#3193 = VECTOR('',#3194,1.);
#3194 = DIRECTION('',(0.,0.,1.));
#3195 = ORIENTED_EDGE('',*,*,#3196,.T.);
#3196 = EDGE_CURVE('',#3187,#3197,#3199,.T.);
#3197 = VERTEX_POINT('',#3198);
#3198 = CARTESIAN_POINT('',(-0.875,-0.475,1.2));
#3199 = LINE('',#3200,#3201);
#3200 = CARTESIAN_POINT('',(-0.875,-2.475,1.2));
#3201 = VECTOR('',#3202,1.);
#3202 = DIRECTION('',(-0.,1.,0.));
#3203 = ORIENTED_EDGE('',*,*,#3204,.T.);
#3204 = EDGE_CURVE('',#3197,#3205,#3207,.T.);
#3205 = VERTEX_POINT('',#3206);
#3206 = CARTESIAN_POINT('',(-0.875,-0.475,1.23));
#3207 = LINE('',#3208,#3209);
#3208 = CARTESIAN_POINT('',(-0.875,-0.475,1.2));
#3209 = VECTOR('',#3210,1.);
#3210 = DIRECTION('',(0.,0.,1.));
#3211 = ORIENTED_EDGE('',*,*,#3212,.F.);
#3212 = EDGE_CURVE('',#3189,#3205,#3213,.T.);
#3213 = LINE('',#3214,#3215);
#3214 = CARTESIAN_POINT('',(-0.875,-2.475,1.23));
#3215 = VECTOR('',#3216,1.);
#3216 = DIRECTION('',(-0.,1.,0.));
#3217 = PLANE('',#3218);
#3218 = AXIS2_PLACEMENT_3D('',#3219,#3220,#3221);
#3219 = CARTESIAN_POINT('',(-0.875,-2.475,1.2));
#3220 = DIRECTION('',(1.,0.,-0.));
#3221 = DIRECTION('',(0.,0.,1.));
#3222 = ADVANCED_FACE('',(#3223),#3257,.T.);
#3223 = FACE_BOUND('',#3224,.T.);
#3224 = EDGE_LOOP('',(#3225,#3235,#3243,#3251));
#3225 = ORIENTED_EDGE('',*,*,#3226,.F.);
#3226 = EDGE_CURVE('',#3227,#3229,#3231,.T.);
#3227 = VERTEX_POINT('',#3228);
#3228 = CARTESIAN_POINT('',(-0.625,-2.475,1.2));
#3229 = VERTEX_POINT('',#3230);
#3230 = CARTESIAN_POINT('',(-0.625,-2.475,1.23));
#3231 = LINE('',#3232,#3233);
#3232 = CARTESIAN_POINT('',(-0.625,-2.475,1.2));
#3233 = VECTOR('',#3234,1.);
#3234 = DIRECTION('',(0.,0.,1.));
#3235 = ORIENTED_EDGE('',*,*,#3236,.T.);
#3236 = EDGE_CURVE('',#3227,#3237,#3239,.T.);
#3237 = VERTEX_POINT('',#3238);
#3238 = CARTESIAN_POINT('',(-0.625,-0.475,1.2));
#3239 = LINE('',#3240,#3241);
#3240 = CARTESIAN_POINT('',(-0.625,-2.475,1.2));
#3241 = VECTOR('',#3242,1.);
#3242 = DIRECTION('',(-0.,1.,0.));
#3243 = ORIENTED_EDGE('',*,*,#3244,.T.);
#3244 = EDGE_CURVE('',#3237,#3245,#3247,.T.);
#3245 = VERTEX_POINT('',#3246);
#3246 = CARTESIAN_POINT('',(-0.625,-0.475,1.23));
#3247 = LINE('',#3248,#3249);
#3248 = CARTESIAN_POINT('',(-0.625,-0.475,1.2));
#3249 = VECTOR('',#3250,1.);
#3250 = DIRECTION('',(0.,0.,1.));
#3251 = ORIENTED_EDGE('',*,*,#3252,.F.);
#3252 = EDGE_CURVE('',#3229,#3245,#3253,.T.);
#3253 = LINE('',#3254,#3255);
#3254 = CARTESIAN_POINT('',(-0.625,-2.475,1.23));
#3255 = VECTOR('',#3256,1.);
#3256 = DIRECTION('',(-0.,1.,0.));
#3257 = PLANE('',#3258);
#3258 = AXIS2_PLACEMENT_3D('',#3259,#3260,#3261);
#3259 = CARTESIAN_POINT('',(-0.625,-2.475,1.2));
#3260 = DIRECTION('',(1.,0.,-0.));
#3261 = DIRECTION('',(0.,0.,1.));
#3262 = ADVANCED_FACE('',(#3263),#3279,.F.);
#3263 = FACE_BOUND('',#3264,.F.);
#3264 = EDGE_LOOP('',(#3265,#3271,#3272,#3278));
#3265 = ORIENTED_EDGE('',*,*,#3266,.F.);
#3266 = EDGE_CURVE('',#3187,#3227,#3267,.T.);
#3267 = LINE('',#3268,#3269);
#3268 = CARTESIAN_POINT('',(-0.875,-2.475,1.2));
#3269 = VECTOR('',#3270,1.);
#3270 = DIRECTION('',(1.,0.,-0.));
#3271 = ORIENTED_EDGE('',*,*,#3186,.T.);
#3272 = ORIENTED_EDGE('',*,*,#3273,.T.);
#3273 = EDGE_CURVE('',#3189,#3229,#3274,.T.);
#3274 = LINE('',#3275,#3276);
#3275 = CARTESIAN_POINT('',(-0.875,-2.475,1.23));
#3276 = VECTOR('',#3277,1.);
#3277 = DIRECTION('',(1.,0.,-0.));
#3278 = ORIENTED_EDGE('',*,*,#3226,.F.);
#3279 = PLANE('',#3280);
#3280 = AXIS2_PLACEMENT_3D('',#3281,#3282,#3283);
#3281 = CARTESIAN_POINT('',(-0.875,-2.475,1.2));
#3282 = DIRECTION('',(-0.,1.,0.));
#3283 = DIRECTION('',(0.,0.,1.));
#3284 = ADVANCED_FACE('',(#3285),#3301,.T.);
#3285 = FACE_BOUND('',#3286,.T.);
#3286 = EDGE_LOOP('',(#3287,#3293,#3294,#3300));
#3287 = ORIENTED_EDGE('',*,*,#3288,.F.);
#3288 = EDGE_CURVE('',#3197,#3237,#3289,.T.);
#3289 = LINE('',#3290,#3291);
#3290 = CARTESIAN_POINT('',(-0.875,-0.475,1.2));
#3291 = VECTOR('',#3292,1.);
#3292 = DIRECTION('',(1.,0.,-0.));
#3293 = ORIENTED_EDGE('',*,*,#3204,.T.);
#3294 = ORIENTED_EDGE('',*,*,#3295,.T.);
#3295 = EDGE_CURVE('',#3205,#3245,#3296,.T.);
#3296 = LINE('',#3297,#3298);
#3297 = CARTESIAN_POINT('',(-0.875,-0.475,1.23));
#3298 = VECTOR('',#3299,1.);
#3299 = DIRECTION('',(1.,0.,-0.));
#3300 = ORIENTED_EDGE('',*,*,#3244,.F.);
#3301 = PLANE('',#3302);
#3302 = AXIS2_PLACEMENT_3D('',#3303,#3304,#3305);
#3303 = CARTESIAN_POINT('',(-0.875,-0.475,1.2));
#3304 = DIRECTION('',(-0.,1.,0.));
#3305 = DIRECTION('',(0.,0.,1.));
#3306 = ADVANCED_FACE('',(#3307),#3313,.F.);
#3307 = FACE_BOUND('',#3308,.F.);
#3308 = EDGE_LOOP('',(#3309,#3310,#3311,#3312));
#3309 = ORIENTED_EDGE('',*,*,#3196,.F.);
#3310 = ORIENTED_EDGE('',*,*,#3266,.T.);
#3311 = ORIENTED_EDGE('',*,*,#3236,.T.);
#3312 = ORIENTED_EDGE('',*,*,#3288,.F.);
#3313 = PLANE('',#3314);
#3314 = AXIS2_PLACEMENT_3D('',#3315,#3316,#3317);
#3315 = CARTESIAN_POINT('',(-0.875,-2.475,1.2));
#3316 = DIRECTION('',(0.,0.,1.));
#3317 = DIRECTION('',(1.,0.,-0.));
#3318 = ADVANCED_FACE('',(#3319),#3325,.T.);
#3319 = FACE_BOUND('',#3320,.T.);
#3320 = EDGE_LOOP('',(#3321,#3322,#3323,#3324));
#3321 = ORIENTED_EDGE('',*,*,#3212,.F.);
#3322 = ORIENTED_EDGE('',*,*,#3273,.T.);
#3323 = ORIENTED_EDGE('',*,*,#3252,.T.);
#3324 = ORIENTED_EDGE('',*,*,#3295,.F.);
#3325 = PLANE('',#3326);
#3326 = AXIS2_PLACEMENT_3D('',#3327,#3328,#3329);
#3327 = CARTESIAN_POINT('',(-0.875,-2.475,1.23));
#3328 = DIRECTION('',(0.,0.,1.));
#3329 = DIRECTION('',(1.,0.,-0.));
#3330 = MANIFOLD_SOLID_BREP('',#3331);
#3331 = CLOSED_SHELL('',(#3332,#3372,#3412,#3434,#3456,#3468));
#3332 = ADVANCED_FACE('',(#3333),#3367,.F.);
#3333 = FACE_BOUND('',#3334,.F.);
#3334 = EDGE_LOOP('',(#3335,#3345,#3353,#3361));
#3335 = ORIENTED_EDGE('',*,*,#3336,.F.);
#3336 = EDGE_CURVE('',#3337,#3339,#3341,.T.);
#3337 = VERTEX_POINT('',#3338);
#3338 = CARTESIAN_POINT('',(-0.375,-2.475,1.93));
#3339 = VERTEX_POINT('',#3340);
#3340 = CARTESIAN_POINT('',(-0.375,-2.475,1.96));
#3341 = LINE('',#3342,#3343);
#3342 = CARTESIAN_POINT('',(-0.375,-2.475,1.93));
#3343 = VECTOR('',#3344,1.);
#3344 = DIRECTION('',(0.,0.,1.));
#3345 = ORIENTED_EDGE('',*,*,#3346,.T.);
#3346 = EDGE_CURVE('',#3337,#3347,#3349,.T.);
#3347 = VERTEX_POINT('',#3348);
#3348 = CARTESIAN_POINT('',(-0.375,-0.475,1.93));
#3349 = LINE('',#3350,#3351);
#3350 = CARTESIAN_POINT('',(-0.375,-2.475,1.93));
#3351 = VECTOR('',#3352,1.);
#3352 = DIRECTION('',(-0.,1.,0.));
#3353 = ORIENTED_EDGE('',*,*,#3354,.T.);
#3354 = EDGE_CURVE('',#3347,#3355,#3357,.T.);
#3355 = VERTEX_POINT('',#3356);
#3356 = CARTESIAN_POINT('',(-0.375,-0.475,1.96));
#3357 = LINE('',#3358,#3359);
#3358 = CARTESIAN_POINT('',(-0.375,-0.475,1.93));
#3359 = VECTOR('',#3360,1.);
#3360 = DIRECTION('',(0.,0.,1.));
#3361 = ORIENTED_EDGE('',*,*,#3362,.F.);
#3362 = EDGE_CURVE('',#3339,#3355,#3363,.T.);
#3363 = LINE('',#3364,#3365);
#3364 = CARTESIAN_POINT('',(-0.375,-2.475,1.96));
#3365 = VECTOR('',#3366,1.);
#3366 = DIRECTION('',(-0.,1.,0.));
#3367 = PLANE('',#3368);
#3368 = AXIS2_PLACEMENT_3D('',#3369,#3370,#3371);
#3369 = CARTESIAN_POINT('',(-0.375,-2.475,1.93));
#3370 = DIRECTION('',(1.,0.,-0.));
#3371 = DIRECTION('',(0.,0.,1.));
#3372 = ADVANCED_FACE('',(#3373),#3407,.T.);
#3373 = FACE_BOUND('',#3374,.T.);
#3374 = EDGE_LOOP('',(#3375,#3385,#3393,#3401));
#3375 = ORIENTED_EDGE('',*,*,#3376,.F.);
#3376 = EDGE_CURVE('',#3377,#3379,#3381,.T.);
#3377 = VERTEX_POINT('',#3378);
#3378 = CARTESIAN_POINT('',(-0.125,-2.475,1.93));
#3379 = VERTEX_POINT('',#3380);
#3380 = CARTESIAN_POINT('',(-0.125,-2.475,1.96));
#3381 = LINE('',#3382,#3383);
#3382 = CARTESIAN_POINT('',(-0.125,-2.475,1.93));
#3383 = VECTOR('',#3384,1.);
#3384 = DIRECTION('',(0.,0.,1.));
#3385 = ORIENTED_EDGE('',*,*,#3386,.T.);
#3386 = EDGE_CURVE('',#3377,#3387,#3389,.T.);
#3387 = VERTEX_POINT('',#3388);
#3388 = CARTESIAN_POINT('',(-0.125,-0.475,1.93));
#3389 = LINE('',#3390,#3391);
#3390 = CARTESIAN_POINT('',(-0.125,-2.475,1.93));
#3391 = VECTOR('',#3392,1.);
#3392 = DIRECTION('',(-0.,1.,0.));
#3393 = ORIENTED_EDGE('',*,*,#3394,.T.);
#3394 = EDGE_CURVE('',#3387,#3395,#3397,.T.);
#3395 = VERTEX_POINT('',#3396);
#3396 = CARTESIAN_POINT('',(-0.125,-0.475,1.96));
#3397 = LINE('',#3398,#3399);
#3398 = CARTESIAN_POINT('',(-0.125,-0.475,1.93));
#3399 = VECTOR('',#3400,1.);
#3400 = DIRECTION('',(0.,0.,1.));
#3401 = ORIENTED_EDGE('',*,*,#3402,.F.);
#3402 = EDGE_CURVE('',#3379,#3395,#3403,.T.);
#3403 = LINE('',#3404,#3405);
#3404 = CARTESIAN_POINT('',(-0.125,-2.475,1.96));
#3405 = VECTOR('',#3406,1.);
#3406 = DIRECTION('',(-0.,1.,0.));
#3407 = PLANE('',#3408);
#3408 = AXIS2_PLACEMENT_3D('',#3409,#3410,#3411);
#3409 = CARTESIAN_POINT('',(-0.125,-2.475,1.93));
#3410 = DIRECTION('',(1.,0.,-0.));
#3411 = DIRECTION('',(0.,0.,1.));
#3412 = ADVANCED_FACE('',(#3413),#3429,.F.);
#3413 = FACE_BOUND('',#3414,.F.);
#3414 = EDGE_LOOP('',(#3415,#3421,#3422,#3428));
#3415 = ORIENTED_EDGE('',*,*,#3416,.F.);
#3416 = EDGE_CURVE('',#3337,#3377,#3417,.T.);
#3417 = LINE('',#3418,#3419);
#3418 = CARTESIAN_POINT('',(-0.375,-2.475,1.93));
#3419 = VECTOR('',#3420,1.);
#3420 = DIRECTION('',(1.,0.,-0.));
#3421 = ORIENTED_EDGE('',*,*,#3336,.T.);
#3422 = ORIENTED_EDGE('',*,*,#3423,.T.);
#3423 = EDGE_CURVE('',#3339,#3379,#3424,.T.);
#3424 = LINE('',#3425,#3426);
#3425 = CARTESIAN_POINT('',(-0.375,-2.475,1.96));
#3426 = VECTOR('',#3427,1.);
#3427 = DIRECTION('',(1.,0.,-0.));
#3428 = ORIENTED_EDGE('',*,*,#3376,.F.);
#3429 = PLANE('',#3430);
#3430 = AXIS2_PLACEMENT_3D('',#3431,#3432,#3433);
#3431 = CARTESIAN_POINT('',(-0.375,-2.475,1.93));
#3432 = DIRECTION('',(-0.,1.,0.));
#3433 = DIRECTION('',(0.,0.,1.));
#3434 = ADVANCED_FACE('',(#3435),#3451,.T.);
#3435 = FACE_BOUND('',#3436,.T.);
#3436 = EDGE_LOOP('',(#3437,#3443,#3444,#3450));
#3437 = ORIENTED_EDGE('',*,*,#3438,.F.);
#3438 = EDGE_CURVE('',#3347,#3387,#3439,.T.);
#3439 = LINE('',#3440,#3441);
#3440 = CARTESIAN_POINT('',(-0.375,-0.475,1.93));
#3441 = VECTOR('',#3442,1.);
#3442 = DIRECTION('',(1.,0.,-0.));
#3443 = ORIENTED_EDGE('',*,*,#3354,.T.);
#3444 = ORIENTED_EDGE('',*,*,#3445,.T.);
#3445 = EDGE_CURVE('',#3355,#3395,#3446,.T.);
#3446 = LINE('',#3447,#3448);
#3447 = CARTESIAN_POINT('',(-0.375,-0.475,1.96));
#3448 = VECTOR('',#3449,1.);
#3449 = DIRECTION('',(1.,0.,-0.));
#3450 = ORIENTED_EDGE('',*,*,#3394,.F.);
#3451 = PLANE('',#3452);
#3452 = AXIS2_PLACEMENT_3D('',#3453,#3454,#3455);
#3453 = CARTESIAN_POINT('',(-0.375,-0.475,1.93));
#3454 = DIRECTION('',(-0.,1.,0.));
#3455 = DIRECTION('',(0.,0.,1.));
#3456 = ADVANCED_FACE('',(#3457),#3463,.F.);
#3457 = FACE_BOUND('',#3458,.F.);
#3458 = EDGE_LOOP('',(#3459,#3460,#3461,#3462));
#3459 = ORIENTED_EDGE('',*,*,#3346,.F.);
#3460 = ORIENTED_EDGE('',*,*,#3416,.T.);
#3461 = ORIENTED_EDGE('',*,*,#3386,.T.);
#3462 = ORIENTED_EDGE('',*,*,#3438,.F.);
#3463 = PLANE('',#3464);
#3464 = AXIS2_PLACEMENT_3D('',#3465,#3466,#3467);
#3465 = CARTESIAN_POINT('',(-0.375,-2.475,1.93));
#3466 = DIRECTION('',(0.,0.,1.));
#3467 = DIRECTION('',(1.,0.,-0.));
#3468 = ADVANCED_FACE('',(#3469),#3475,.T.);
#3469 = FACE_BOUND('',#3470,.T.);
#3470 = EDGE_LOOP('',(#3471,#3472,#3473,#3474));
#3471 = ORIENTED_EDGE('',*,*,#3362,.F.);
#3472 = ORIENTED_EDGE('',*,*,#3423,.T.);
#3473 = ORIENTED_EDGE('',*,*,#3402,.T.);
#3474 = ORIENTED_EDGE('',*,*,#3445,.F.);
#3475 = PLANE('',#3476);
#3476 = AXIS2_PLACEMENT_3D('',#3477,#3478,#3479);
#3477 = CARTESIAN_POINT('',(-0.375,-2.475,1.96));
#3478 = DIRECTION('',(0.,0.,1.));
#3479 = DIRECTION('',(1.,0.,-0.));
#3480 = MANIFOLD_SOLID_BREP('',#3481);
#3481 = CLOSED_SHELL('',(#3482,#3522,#3562,#3584,#3606,#3618));
#3482 = ADVANCED_FACE('',(#3483),#3517,.F.);
#3483 = FACE_BOUND('',#3484,.F.);
#3484 = EDGE_LOOP('',(#3485,#3495,#3503,#3511));
#3485 = ORIENTED_EDGE('',*,*,#3486,.F.);
#3486 = EDGE_CURVE('',#3487,#3489,#3491,.T.);
#3487 = VERTEX_POINT('',#3488);
#3488 = CARTESIAN_POINT('',(-0.375,-2.475,1.2));
#3489 = VERTEX_POINT('',#3490);
#3490 = CARTESIAN_POINT('',(-0.375,-2.475,1.23));
#3491 = LINE('',#3492,#3493);
#3492 = CARTESIAN_POINT('',(-0.375,-2.475,1.2));
#3493 = VECTOR('',#3494,1.);
#3494 = DIRECTION('',(0.,0.,1.));
#3495 = ORIENTED_EDGE('',*,*,#3496,.T.);
#3496 = EDGE_CURVE('',#3487,#3497,#3499,.T.);
#3497 = VERTEX_POINT('',#3498);
#3498 = CARTESIAN_POINT('',(-0.375,-0.475,1.2));
#3499 = LINE('',#3500,#3501);
#3500 = CARTESIAN_POINT('',(-0.375,-2.475,1.2));
#3501 = VECTOR('',#3502,1.);
#3502 = DIRECTION('',(-0.,1.,0.));
#3503 = ORIENTED_EDGE('',*,*,#3504,.T.);
#3504 = EDGE_CURVE('',#3497,#3505,#3507,.T.);
#3505 = VERTEX_POINT('',#3506);
#3506 = CARTESIAN_POINT('',(-0.375,-0.475,1.23));
#3507 = LINE('',#3508,#3509);
#3508 = CARTESIAN_POINT('',(-0.375,-0.475,1.2));
#3509 = VECTOR('',#3510,1.);
#3510 = DIRECTION('',(0.,0.,1.));
#3511 = ORIENTED_EDGE('',*,*,#3512,.F.);
#3512 = EDGE_CURVE('',#3489,#3505,#3513,.T.);
#3513 = LINE('',#3514,#3515);
#3514 = CARTESIAN_POINT('',(-0.375,-2.475,1.23));
#3515 = VECTOR('',#3516,1.);
#3516 = DIRECTION('',(-0.,1.,0.));
#3517 = PLANE('',#3518);
#3518 = AXIS2_PLACEMENT_3D('',#3519,#3520,#3521);
#3519 = CARTESIAN_POINT('',(-0.375,-2.475,1.2));
#3520 = DIRECTION('',(1.,0.,-0.));
#3521 = DIRECTION('',(0.,0.,1.));
#3522 = ADVANCED_FACE('',(#3523),#3557,.T.);
#3523 = FACE_BOUND('',#3524,.T.);
#3524 = EDGE_LOOP('',(#3525,#3535,#3543,#3551));
#3525 = ORIENTED_EDGE('',*,*,#3526,.F.);
#3526 = EDGE_CURVE('',#3527,#3529,#3531,.T.);
#3527 = VERTEX_POINT('',#3528);
#3528 = CARTESIAN_POINT('',(-0.125,-2.475,1.2));
#3529 = VERTEX_POINT('',#3530);
#3530 = CARTESIAN_POINT('',(-0.125,-2.475,1.23));
#3531 = LINE('',#3532,#3533);
#3532 = CARTESIAN_POINT('',(-0.125,-2.475,1.2));
#3533 = VECTOR('',#3534,1.);
#3534 = DIRECTION('',(0.,0.,1.));
#3535 = ORIENTED_EDGE('',*,*,#3536,.T.);
#3536 = EDGE_CURVE('',#3527,#3537,#3539,.T.);
#3537 = VERTEX_POINT('',#3538);
#3538 = CARTESIAN_POINT('',(-0.125,-0.475,1.2));
#3539 = LINE('',#3540,#3541);
#3540 = CARTESIAN_POINT('',(-0.125,-2.475,1.2));
#3541 = VECTOR('',#3542,1.);
#3542 = DIRECTION('',(-0.,1.,0.));
#3543 = ORIENTED_EDGE('',*,*,#3544,.T.);
#3544 = EDGE_CURVE('',#3537,#3545,#3547,.T.);
#3545 = VERTEX_POINT('',#3546);
#3546 = CARTESIAN_POINT('',(-0.125,-0.475,1.23));
#3547 = LINE('',#3548,#3549);
#3548 = CARTESIAN_POINT('',(-0.125,-0.475,1.2));
#3549 = VECTOR('',#3550,1.);
#3550 = DIRECTION('',(0.,0.,1.));
#3551 = ORIENTED_EDGE('',*,*,#3552,.F.);
#3552 = EDGE_CURVE('',#3529,#3545,#3553,.T.);
#3553 = LINE('',#3554,#3555);
#3554 = CARTESIAN_POINT('',(-0.125,-2.475,1.23));
#3555 = VECTOR('',#3556,1.);
#3556 = DIRECTION('',(-0.,1.,0.));
#3557 = PLANE('',#3558);
#3558 = AXIS2_PLACEMENT_3D('',#3559,#3560,#3561);
#3559 = CARTESIAN_POINT('',(-0.125,-2.475,1.2));
#3560 = DIRECTION('',(1.,0.,-0.));
#3561 = DIRECTION('',(0.,0.,1.));
#3562 = ADVANCED_FACE('',(#3563),#3579,.F.);
#3563 = FACE_BOUND('',#3564,.F.);
#3564 = EDGE_LOOP('',(#3565,#3571,#3572,#3578));
#3565 = ORIENTED_EDGE('',*,*,#3566,.F.);
#3566 = EDGE_CURVE('',#3487,#3527,#3567,.T.);
#3567 = LINE('',#3568,#3569);
#3568 = CARTESIAN_POINT('',(-0.375,-2.475,1.2));
#3569 = VECTOR('',#3570,1.);
#3570 = DIRECTION('',(1.,0.,-0.));
#3571 = ORIENTED_EDGE('',*,*,#3486,.T.);
#3572 = ORIENTED_EDGE('',*,*,#3573,.T.);
#3573 = EDGE_CURVE('',#3489,#3529,#3574,.T.);
#3574 = LINE('',#3575,#3576);
#3575 = CARTESIAN_POINT('',(-0.375,-2.475,1.23));
#3576 = VECTOR('',#3577,1.);
#3577 = DIRECTION('',(1.,0.,-0.));
#3578 = ORIENTED_EDGE('',*,*,#3526,.F.);
#3579 = PLANE('',#3580);
#3580 = AXIS2_PLACEMENT_3D('',#3581,#3582,#3583);
#3581 = CARTESIAN_POINT('',(-0.375,-2.475,1.2));
#3582 = DIRECTION('',(-0.,1.,0.));
#3583 = DIRECTION('',(0.,0.,1.));
#3584 = ADVANCED_FACE('',(#3585),#3601,.T.);
#3585 = FACE_BOUND('',#3586,.T.);
#3586 = EDGE_LOOP('',(#3587,#3593,#3594,#3600));
#3587 = ORIENTED_EDGE('',*,*,#3588,.F.);
#3588 = EDGE_CURVE('',#3497,#3537,#3589,.T.);
#3589 = LINE('',#3590,#3591);
#3590 = CARTESIAN_POINT('',(-0.375,-0.475,1.2));
#3591 = VECTOR('',#3592,1.);
#3592 = DIRECTION('',(1.,0.,-0.));
#3593 = ORIENTED_EDGE('',*,*,#3504,.T.);
#3594 = ORIENTED_EDGE('',*,*,#3595,.T.);
#3595 = EDGE_CURVE('',#3505,#3545,#3596,.T.);
#3596 = LINE('',#3597,#3598);
#3597 = CARTESIAN_POINT('',(-0.375,-0.475,1.23));
#3598 = VECTOR('',#3599,1.);
#3599 = DIRECTION('',(1.,0.,-0.));
#3600 = ORIENTED_EDGE('',*,*,#3544,.F.);
#3601 = PLANE('',#3602);
#3602 = AXIS2_PLACEMENT_3D('',#3603,#3604,#3605);
#3603 = CARTESIAN_POINT('',(-0.375,-0.475,1.2));
#3604 = DIRECTION('',(-0.,1.,0.));
#3605 = DIRECTION('',(0.,0.,1.));
#3606 = ADVANCED_FACE('',(#3607),#3613,.F.);
#3607 = FACE_BOUND('',#3608,.F.);
#3608 = EDGE_LOOP('',(#3609,#3610,#3611,#3612));
#3609 = ORIENTED_EDGE('',*,*,#3496,.F.);
#3610 = ORIENTED_EDGE('',*,*,#3566,.T.);
#3611 = ORIENTED_EDGE('',*,*,#3536,.T.);
#3612 = ORIENTED_EDGE('',*,*,#3588,.F.);
#3613 = PLANE('',#3614);
#3614 = AXIS2_PLACEMENT_3D('',#3615,#3616,#3617);
#3615 = CARTESIAN_POINT('',(-0.375,-2.475,1.2));
#3616 = DIRECTION('',(0.,0.,1.));
#3617 = DIRECTION('',(1.,0.,-0.));
#3618 = ADVANCED_FACE('',(#3619),#3625,.T.);
#3619 = FACE_BOUND('',#3620,.T.);
#3620 = EDGE_LOOP('',(#3621,#3622,#3623,#3624));
#3621 = ORIENTED_EDGE('',*,*,#3512,.F.);
#3622 = ORIENTED_EDGE('',*,*,#3573,.T.);
#3623 = ORIENTED_EDGE('',*,*,#3552,.T.);
#3624 = ORIENTED_EDGE('',*,*,#3595,.F.);
#3625 = PLANE('',#3626);
#3626 = AXIS2_PLACEMENT_3D('',#3627,#3628,#3629);
#3627 = CARTESIAN_POINT('',(-0.375,-2.475,1.23));
#3628 = DIRECTION('',(0.,0.,1.));
#3629 = DIRECTION('',(1.,0.,-0.));
#3630 = MANIFOLD_SOLID_BREP('',#3631);
#3631 = CLOSED_SHELL('',(#3632,#3672,#3712,#3734,#3756,#3768));
#3632 = ADVANCED_FACE('',(#3633),#3667,.F.);
#3633 = FACE_BOUND('',#3634,.F.);
#3634 = EDGE_LOOP('',(#3635,#3645,#3653,#3661));
#3635 = ORIENTED_EDGE('',*,*,#3636,.F.);
#3636 = EDGE_CURVE('',#3637,#3639,#3641,.T.);
#3637 = VERTEX_POINT('',#3638);
#3638 = CARTESIAN_POINT('',(0.125,-2.475,1.93));
#3639 = VERTEX_POINT('',#3640);
#3640 = CARTESIAN_POINT('',(0.125,-2.475,1.96));
#3641 = LINE('',#3642,#3643);
#3642 = CARTESIAN_POINT('',(0.125,-2.475,1.93));
#3643 = VECTOR('',#3644,1.);
#3644 = DIRECTION('',(0.,0.,1.));
#3645 = ORIENTED_EDGE('',*,*,#3646,.T.);
#3646 = EDGE_CURVE('',#3637,#3647,#3649,.T.);
#3647 = VERTEX_POINT('',#3648);
#3648 = CARTESIAN_POINT('',(0.125,-0.475,1.93));
#3649 = LINE('',#3650,#3651);
#3650 = CARTESIAN_POINT('',(0.125,-2.475,1.93));
#3651 = VECTOR('',#3652,1.);
#3652 = DIRECTION('',(-0.,1.,0.));
#3653 = ORIENTED_EDGE('',*,*,#3654,.T.);
#3654 = EDGE_CURVE('',#3647,#3655,#3657,.T.);
#3655 = VERTEX_POINT('',#3656);
#3656 = CARTESIAN_POINT('',(0.125,-0.475,1.96));
#3657 = LINE('',#3658,#3659);
#3658 = CARTESIAN_POINT('',(0.125,-0.475,1.93));
#3659 = VECTOR('',#3660,1.);
#3660 = DIRECTION('',(0.,0.,1.));
#3661 = ORIENTED_EDGE('',*,*,#3662,.F.);
#3662 = EDGE_CURVE('',#3639,#3655,#3663,.T.);
#3663 = LINE('',#3664,#3665);
#3664 = CARTESIAN_POINT('',(0.125,-2.475,1.96));
#3665 = VECTOR('',#3666,1.);
#3666 = DIRECTION('',(-0.,1.,0.));
#3667 = PLANE('',#3668);
#3668 = AXIS2_PLACEMENT_3D('',#3669,#3670,#3671);
#3669 = CARTESIAN_POINT('',(0.125,-2.475,1.93));
#3670 = DIRECTION('',(1.,0.,-0.));
#3671 = DIRECTION('',(0.,0.,1.));
#3672 = ADVANCED_FACE('',(#3673),#3707,.T.);
#3673 = FACE_BOUND('',#3674,.T.);
#3674 = EDGE_LOOP('',(#3675,#3685,#3693,#3701));
#3675 = ORIENTED_EDGE('',*,*,#3676,.F.);
#3676 = EDGE_CURVE('',#3677,#3679,#3681,.T.);
#3677 = VERTEX_POINT('',#3678);
#3678 = CARTESIAN_POINT('',(0.375,-2.475,1.93));
#3679 = VERTEX_POINT('',#3680);
#3680 = CARTESIAN_POINT('',(0.375,-2.475,1.96));
#3681 = LINE('',#3682,#3683);
#3682 = CARTESIAN_POINT('',(0.375,-2.475,1.93));
#3683 = VECTOR('',#3684,1.);
#3684 = DIRECTION('',(0.,0.,1.));
#3685 = ORIENTED_EDGE('',*,*,#3686,.T.);
#3686 = EDGE_CURVE('',#3677,#3687,#3689,.T.);
#3687 = VERTEX_POINT('',#3688);
#3688 = CARTESIAN_POINT('',(0.375,-0.475,1.93));
#3689 = LINE('',#3690,#3691);
#3690 = CARTESIAN_POINT('',(0.375,-2.475,1.93));
#3691 = VECTOR('',#3692,1.);
#3692 = DIRECTION('',(-0.,1.,0.));
#3693 = ORIENTED_EDGE('',*,*,#3694,.T.);
#3694 = EDGE_CURVE('',#3687,#3695,#3697,.T.);
#3695 = VERTEX_POINT('',#3696);
#3696 = CARTESIAN_POINT('',(0.375,-0.475,1.96));
#3697 = LINE('',#3698,#3699);
#3698 = CARTESIAN_POINT('',(0.375,-0.475,1.93));
#3699 = VECTOR('',#3700,1.);
#3700 = DIRECTION('',(0.,0.,1.));
#3701 = ORIENTED_EDGE('',*,*,#3702,.F.);
#3702 = EDGE_CURVE('',#3679,#3695,#3703,.T.);
#3703 = LINE('',#3704,#3705);
#3704 = CARTESIAN_POINT('',(0.375,-2.475,1.96));
#3705 = VECTOR('',#3706,1.);
#3706 = DIRECTION('',(-0.,1.,0.));
#3707 = PLANE('',#3708);
#3708 = AXIS2_PLACEMENT_3D('',#3709,#3710,#3711);
#3709 = CARTESIAN_POINT('',(0.375,-2.475,1.93));
#3710 = DIRECTION('',(1.,0.,-0.));
#3711 = DIRECTION('',(0.,0.,1.));
#3712 = ADVANCED_FACE('',(#3713),#3729,.F.);
#3713 = FACE_BOUND('',#3714,.F.);
#3714 = EDGE_LOOP('',(#3715,#3721,#3722,#3728));
#3715 = ORIENTED_EDGE('',*,*,#3716,.F.);
#3716 = EDGE_CURVE('',#3637,#3677,#3717,.T.);
#3717 = LINE('',#3718,#3719);
#3718 = CARTESIAN_POINT('',(0.125,-2.475,1.93));
#3719 = VECTOR('',#3720,1.);
#3720 = DIRECTION('',(1.,0.,-0.));
#3721 = ORIENTED_EDGE('',*,*,#3636,.T.);
#3722 = ORIENTED_EDGE('',*,*,#3723,.T.);
#3723 = EDGE_CURVE('',#3639,#3679,#3724,.T.);
#3724 = LINE('',#3725,#3726);
#3725 = CARTESIAN_POINT('',(0.125,-2.475,1.96));
#3726 = VECTOR('',#3727,1.);
#3727 = DIRECTION('',(1.,0.,-0.));
#3728 = ORIENTED_EDGE('',*,*,#3676,.F.);
#3729 = PLANE('',#3730);
#3730 = AXIS2_PLACEMENT_3D('',#3731,#3732,#3733);
#3731 = CARTESIAN_POINT('',(0.125,-2.475,1.93));
#3732 = DIRECTION('',(-0.,1.,0.));
#3733 = DIRECTION('',(0.,0.,1.));
#3734 = ADVANCED_FACE('',(#3735),#3751,.T.);
#3735 = FACE_BOUND('',#3736,.T.);
#3736 = EDGE_LOOP('',(#3737,#3743,#3744,#3750));
#3737 = ORIENTED_EDGE('',*,*,#3738,.F.);
#3738 = EDGE_CURVE('',#3647,#3687,#3739,.T.);
#3739 = LINE('',#3740,#3741);
#3740 = CARTESIAN_POINT('',(0.125,-0.475,1.93));
#3741 = VECTOR('',#3742,1.);
#3742 = DIRECTION('',(1.,0.,-0.));
#3743 = ORIENTED_EDGE('',*,*,#3654,.T.);
#3744 = ORIENTED_EDGE('',*,*,#3745,.T.);
#3745 = EDGE_CURVE('',#3655,#3695,#3746,.T.);
#3746 = LINE('',#3747,#3748);
#3747 = CARTESIAN_POINT('',(0.125,-0.475,1.96));
#3748 = VECTOR('',#3749,1.);
#3749 = DIRECTION('',(1.,0.,-0.));
#3750 = ORIENTED_EDGE('',*,*,#3694,.F.);
#3751 = PLANE('',#3752);
#3752 = AXIS2_PLACEMENT_3D('',#3753,#3754,#3755);
#3753 = CARTESIAN_POINT('',(0.125,-0.475,1.93));
#3754 = DIRECTION('',(-0.,1.,0.));
#3755 = DIRECTION('',(0.,0.,1.));
#3756 = ADVANCED_FACE('',(#3757),#3763,.F.);
#3757 = FACE_BOUND('',#3758,.F.);
#3758 = EDGE_LOOP('',(#3759,#3760,#3761,#3762));
#3759 = ORIENTED_EDGE('',*,*,#3646,.F.);
#3760 = ORIENTED_EDGE('',*,*,#3716,.T.);
#3761 = ORIENTED_EDGE('',*,*,#3686,.T.);
#3762 = ORIENTED_EDGE('',*,*,#3738,.F.);
#3763 = PLANE('',#3764);
#3764 = AXIS2_PLACEMENT_3D('',#3765,#3766,#3767);
#3765 = CARTESIAN_POINT('',(0.125,-2.475,1.93));
#3766 = DIRECTION('',(0.,0.,1.));
#3767 = DIRECTION('',(1.,0.,-0.));
#3768 = ADVANCED_FACE('',(#3769),#3775,.T.);
#3769 = FACE_BOUND('',#3770,.T.);
#3770 = EDGE_LOOP('',(#3771,#3772,#3773,#3774));
#3771 = ORIENTED_EDGE('',*,*,#3662,.F.);
#3772 = ORIENTED_EDGE('',*,*,#3723,.T.);
#3773 = ORIENTED_EDGE('',*,*,#3702,.T.);
#3774 = ORIENTED_EDGE('',*,*,#3745,.F.);
#3775 = PLANE('',#3776);
#3776 = AXIS2_PLACEMENT_3D('',#3777,#3778,#3779);
#3777 = CARTESIAN_POINT('',(0.125,-2.475,1.96));
#3778 = DIRECTION('',(0.,0.,1.));
#3779 = DIRECTION('',(1.,0.,-0.));
#3780 = MANIFOLD_SOLID_BREP('',#3781);
#3781 = CLOSED_SHELL('',(#3782,#3822,#3862,#3884,#3906,#3918));
#3782 = ADVANCED_FACE('',(#3783),#3817,.F.);
#3783 = FACE_BOUND('',#3784,.F.);
#3784 = EDGE_LOOP('',(#3785,#3795,#3803,#3811));
#3785 = ORIENTED_EDGE('',*,*,#3786,.F.);
#3786 = EDGE_CURVE('',#3787,#3789,#3791,.T.);
#3787 = VERTEX_POINT('',#3788);
#3788 = CARTESIAN_POINT('',(0.125,-2.475,1.2));
#3789 = VERTEX_POINT('',#3790);
#3790 = CARTESIAN_POINT('',(0.125,-2.475,1.23));
#3791 = LINE('',#3792,#3793);
#3792 = CARTESIAN_POINT('',(0.125,-2.475,1.2));
#3793 = VECTOR('',#3794,1.);
#3794 = DIRECTION('',(0.,0.,1.));
#3795 = ORIENTED_EDGE('',*,*,#3796,.T.);
#3796 = EDGE_CURVE('',#3787,#3797,#3799,.T.);
#3797 = VERTEX_POINT('',#3798);
#3798 = CARTESIAN_POINT('',(0.125,-0.475,1.2));
#3799 = LINE('',#3800,#3801);
#3800 = CARTESIAN_POINT('',(0.125,-2.475,1.2));
#3801 = VECTOR('',#3802,1.);
#3802 = DIRECTION('',(-0.,1.,0.));
#3803 = ORIENTED_EDGE('',*,*,#3804,.T.);
#3804 = EDGE_CURVE('',#3797,#3805,#3807,.T.);
#3805 = VERTEX_POINT('',#3806);
#3806 = CARTESIAN_POINT('',(0.125,-0.475,1.23));
#3807 = LINE('',#3808,#3809);
#3808 = CARTESIAN_POINT('',(0.125,-0.475,1.2));
#3809 = VECTOR('',#3810,1.);
#3810 = DIRECTION('',(0.,0.,1.));
#3811 = ORIENTED_EDGE('',*,*,#3812,.F.);
#3812 = EDGE_CURVE('',#3789,#3805,#3813,.T.);
#3813 = LINE('',#3814,#3815);
#3814 = CARTESIAN_POINT('',(0.125,-2.475,1.23));
#3815 = VECTOR('',#3816,1.);
#3816 = DIRECTION('',(-0.,1.,0.));
#3817 = PLANE('',#3818);
#3818 = AXIS2_PLACEMENT_3D('',#3819,#3820,#3821);
#3819 = CARTESIAN_POINT('',(0.125,-2.475,1.2));
#3820 = DIRECTION('',(1.,0.,-0.));
#3821 = DIRECTION('',(0.,0.,1.));
#3822 = ADVANCED_FACE('',(#3823),#3857,.T.);
#3823 = FACE_BOUND('',#3824,.T.);
#3824 = EDGE_LOOP('',(#3825,#3835,#3843,#3851));
#3825 = ORIENTED_EDGE('',*,*,#3826,.F.);
#3826 = EDGE_CURVE('',#3827,#3829,#3831,.T.);
#3827 = VERTEX_POINT('',#3828);
#3828 = CARTESIAN_POINT('',(0.375,-2.475,1.2));
#3829 = VERTEX_POINT('',#3830);
#3830 = CARTESIAN_POINT('',(0.375,-2.475,1.23));
#3831 = LINE('',#3832,#3833);
#3832 = CARTESIAN_POINT('',(0.375,-2.475,1.2));
#3833 = VECTOR('',#3834,1.);
#3834 = DIRECTION('',(0.,0.,1.));
#3835 = ORIENTED_EDGE('',*,*,#3836,.T.);
#3836 = EDGE_CURVE('',#3827,#3837,#3839,.T.);
#3837 = VERTEX_POINT('',#3838);
#3838 = CARTESIAN_POINT('',(0.375,-0.475,1.2));
#3839 = LINE('',#3840,#3841);
#3840 = CARTESIAN_POINT('',(0.375,-2.475,1.2));
#3841 = VECTOR('',#3842,1.);
#3842 = DIRECTION('',(-0.,1.,0.));
#3843 = ORIENTED_EDGE('',*,*,#3844,.T.);
#3844 = EDGE_CURVE('',#3837,#3845,#3847,.T.);
#3845 = VERTEX_POINT('',#3846);
#3846 = CARTESIAN_POINT('',(0.375,-0.475,1.23));
#3847 = LINE('',#3848,#3849);
#3848 = CARTESIAN_POINT('',(0.375,-0.475,1.2));
#3849 = VECTOR('',#3850,1.);
#3850 = DIRECTION('',(0.,0.,1.));
#3851 = ORIENTED_EDGE('',*,*,#3852,.F.);
#3852 = EDGE_CURVE('',#3829,#3845,#3853,.T.);
#3853 = LINE('',#3854,#3855);
#3854 = CARTESIAN_POINT('',(0.375,-2.475,1.23));
#3855 = VECTOR('',#3856,1.);
#3856 = DIRECTION('',(-0.,1.,0.));
#3857 = PLANE('',#3858);
#3858 = AXIS2_PLACEMENT_3D('',#3859,#3860,#3861);
#3859 = CARTESIAN_POINT('',(0.375,-2.475,1.2));
#3860 = DIRECTION('',(1.,0.,-0.));
#3861 = DIRECTION('',(0.,0.,1.));
#3862 = ADVANCED_FACE('',(#3863),#3879,.F.);
#3863 = FACE_BOUND('',#3864,.F.);
#3864 = EDGE_LOOP('',(#3865,#3871,#3872,#3878));
#3865 = ORIENTED_EDGE('',*,*,#3866,.F.);
#3866 = EDGE_CURVE('',#3787,#3827,#3867,.T.);
#3867 = LINE('',#3868,#3869);
#3868 = CARTESIAN_POINT('',(0.125,-2.475,1.2));
#3869 = VECTOR('',#3870,1.);
#3870 = DIRECTION('',(1.,0.,-0.));
#3871 = ORIENTED_EDGE('',*,*,#3786,.T.);
#3872 = ORIENTED_EDGE('',*,*,#3873,.T.);
#3873 = EDGE_CURVE('',#3789,#3829,#3874,.T.);
#3874 = LINE('',#3875,#3876);
#3875 = CARTESIAN_POINT('',(0.125,-2.475,1.23));
#3876 = VECTOR('',#3877,1.);
#3877 = DIRECTION('',(1.,0.,-0.));
#3878 = ORIENTED_EDGE('',*,*,#3826,.F.);
#3879 = PLANE('',#3880);
#3880 = AXIS2_PLACEMENT_3D('',#3881,#3882,#3883);
#3881 = CARTESIAN_POINT('',(0.125,-2.475,1.2));
#3882 = DIRECTION('',(-0.,1.,0.));
#3883 = DIRECTION('',(0.,0.,1.));
#3884 = ADVANCED_FACE('',(#3885),#3901,.T.);
#3885 = FACE_BOUND('',#3886,.T.);
#3886 = EDGE_LOOP('',(#3887,#3893,#3894,#3900));
#3887 = ORIENTED_EDGE('',*,*,#3888,.F.);
#3888 = EDGE_CURVE('',#3797,#3837,#3889,.T.);
#3889 = LINE('',#3890,#3891);
#3890 = CARTESIAN_POINT('',(0.125,-0.475,1.2));
#3891 = VECTOR('',#3892,1.);
#3892 = DIRECTION('',(1.,0.,-0.));
#3893 = ORIENTED_EDGE('',*,*,#3804,.T.);
#3894 = ORIENTED_EDGE('',*,*,#3895,.T.);
#3895 = EDGE_CURVE('',#3805,#3845,#3896,.T.);
#3896 = LINE('',#3897,#3898);
#3897 = CARTESIAN_POINT('',(0.125,-0.475,1.23));
#3898 = VECTOR('',#3899,1.);
#3899 = DIRECTION('',(1.,0.,-0.));
#3900 = ORIENTED_EDGE('',*,*,#3844,.F.);
#3901 = PLANE('',#3902);
#3902 = AXIS2_PLACEMENT_3D('',#3903,#3904,#3905);
#3903 = CARTESIAN_POINT('',(0.125,-0.475,1.2));
#3904 = DIRECTION('',(-0.,1.,0.));
#3905 = DIRECTION('',(0.,0.,1.));
#3906 = ADVANCED_FACE('',(#3907),#3913,.F.);
#3907 = FACE_BOUND('',#3908,.F.);
#3908 = EDGE_LOOP('',(#3909,#3910,#3911,#3912));
#3909 = ORIENTED_EDGE('',*,*,#3796,.F.);
#3910 = ORIENTED_EDGE('',*,*,#3866,.T.);
#3911 = ORIENTED_EDGE('',*,*,#3836,.T.);
#3912 = ORIENTED_EDGE('',*,*,#3888,.F.);
#3913 = PLANE('',#3914);
#3914 = AXIS2_PLACEMENT_3D('',#3915,#3916,#3917);
#3915 = CARTESIAN_POINT('',(0.125,-2.475,1.2));
#3916 = DIRECTION('',(0.,0.,1.));
#3917 = DIRECTION('',(1.,0.,-0.));
#3918 = ADVANCED_FACE('',(#3919),#3925,.T.);
#3919 = FACE_BOUND('',#3920,.T.);
#3920 = EDGE_LOOP('',(#3921,#3922,#3923,#3924));
#3921 = ORIENTED_EDGE('',*,*,#3812,.F.);
#3922 = ORIENTED_EDGE('',*,*,#3873,.T.);
#3923 = ORIENTED_EDGE('',*,*,#3852,.T.);
#3924 = ORIENTED_EDGE('',*,*,#3895,.F.);
#3925 = PLANE('',#3926);
#3926 = AXIS2_PLACEMENT_3D('',#3927,#3928,#3929);
#3927 = CARTESIAN_POINT('',(0.125,-2.475,1.23));
#3928 = DIRECTION('',(0.,0.,1.));
#3929 = DIRECTION('',(1.,0.,-0.));
#3930 = MANIFOLD_SOLID_BREP('',#3931);
#3931 = CLOSED_SHELL('',(#3932,#3972,#4012,#4034,#4056,#4068));
#3932 = ADVANCED_FACE('',(#3933),#3967,.F.);
#3933 = FACE_BOUND('',#3934,.F.);
#3934 = EDGE_LOOP('',(#3935,#3945,#3953,#3961));
#3935 = ORIENTED_EDGE('',*,*,#3936,.F.);
#3936 = EDGE_CURVE('',#3937,#3939,#3941,.T.);
#3937 = VERTEX_POINT('',#3938);
#3938 = CARTESIAN_POINT('',(0.625,-2.475,1.93));
#3939 = VERTEX_POINT('',#3940);
#3940 = CARTESIAN_POINT('',(0.625,-2.475,1.96));
#3941 = LINE('',#3942,#3943);
#3942 = CARTESIAN_POINT('',(0.625,-2.475,1.93));
#3943 = VECTOR('',#3944,1.);
#3944 = DIRECTION('',(0.,0.,1.));
#3945 = ORIENTED_EDGE('',*,*,#3946,.T.);
#3946 = EDGE_CURVE('',#3937,#3947,#3949,.T.);
#3947 = VERTEX_POINT('',#3948);
#3948 = CARTESIAN_POINT('',(0.625,-0.475,1.93));
#3949 = LINE('',#3950,#3951);
#3950 = CARTESIAN_POINT('',(0.625,-2.475,1.93));
#3951 = VECTOR('',#3952,1.);
#3952 = DIRECTION('',(-0.,1.,0.));
#3953 = ORIENTED_EDGE('',*,*,#3954,.T.);
#3954 = EDGE_CURVE('',#3947,#3955,#3957,.T.);
#3955 = VERTEX_POINT('',#3956);
#3956 = CARTESIAN_POINT('',(0.625,-0.475,1.96));
#3957 = LINE('',#3958,#3959);
#3958 = CARTESIAN_POINT('',(0.625,-0.475,1.93));
#3959 = VECTOR('',#3960,1.);
#3960 = DIRECTION('',(0.,0.,1.));
#3961 = ORIENTED_EDGE('',*,*,#3962,.F.);
#3962 = EDGE_CURVE('',#3939,#3955,#3963,.T.);
#3963 = LINE('',#3964,#3965);
#3964 = CARTESIAN_POINT('',(0.625,-2.475,1.96));
#3965 = VECTOR('',#3966,1.);
#3966 = DIRECTION('',(-0.,1.,0.));
#3967 = PLANE('',#3968);
#3968 = AXIS2_PLACEMENT_3D('',#3969,#3970,#3971);
#3969 = CARTESIAN_POINT('',(0.625,-2.475,1.93));
#3970 = DIRECTION('',(1.,0.,-0.));
#3971 = DIRECTION('',(0.,0.,1.));
#3972 = ADVANCED_FACE('',(#3973),#4007,.T.);
#3973 = FACE_BOUND('',#3974,.T.);
#3974 = EDGE_LOOP('',(#3975,#3985,#3993,#4001));
#3975 = ORIENTED_EDGE('',*,*,#3976,.F.);
#3976 = EDGE_CURVE('',#3977,#3979,#3981,.T.);
#3977 = VERTEX_POINT('',#3978);
#3978 = CARTESIAN_POINT('',(0.875,-2.475,1.93));
#3979 = VERTEX_POINT('',#3980);
#3980 = CARTESIAN_POINT('',(0.875,-2.475,1.96));
#3981 = LINE('',#3982,#3983);
#3982 = CARTESIAN_POINT('',(0.875,-2.475,1.93));
#3983 = VECTOR('',#3984,1.);
#3984 = DIRECTION('',(0.,0.,1.));
#3985 = ORIENTED_EDGE('',*,*,#3986,.T.);
#3986 = EDGE_CURVE('',#3977,#3987,#3989,.T.);
#3987 = VERTEX_POINT('',#3988);
#3988 = CARTESIAN_POINT('',(0.875,-0.475,1.93));
#3989 = LINE('',#3990,#3991);
#3990 = CARTESIAN_POINT('',(0.875,-2.475,1.93));
#3991 = VECTOR('',#3992,1.);
#3992 = DIRECTION('',(-0.,1.,0.));
#3993 = ORIENTED_EDGE('',*,*,#3994,.T.);
#3994 = EDGE_CURVE('',#3987,#3995,#3997,.T.);
#3995 = VERTEX_POINT('',#3996);
#3996 = CARTESIAN_POINT('',(0.875,-0.475,1.96));
#3997 = LINE('',#3998,#3999);
#3998 = CARTESIAN_POINT('',(0.875,-0.475,1.93));
#3999 = VECTOR('',#4000,1.);
#4000 = DIRECTION('',(0.,0.,1.));
#4001 = ORIENTED_EDGE('',*,*,#4002,.F.);
#4002 = EDGE_CURVE('',#3979,#3995,#4003,.T.);
#4003 = LINE('',#4004,#4005);
#4004 = CARTESIAN_POINT('',(0.875,-2.475,1.96));
#4005 = VECTOR('',#4006,1.);
#4006 = DIRECTION('',(-0.,1.,0.));
#4007 = PLANE('',#4008);
#4008 = AXIS2_PLACEMENT_3D('',#4009,#4010,#4011);
#4009 = CARTESIAN_POINT('',(0.875,-2.475,1.93));
#4010 = DIRECTION('',(1.,0.,-0.));
#4011 = DIRECTION('',(0.,0.,1.));
#4012 = ADVANCED_FACE('',(#4013),#4029,.F.);
#4013 = FACE_BOUND('',#4014,.F.);
#4014 = EDGE_LOOP('',(#4015,#4021,#4022,#4028));
#4015 = ORIENTED_EDGE('',*,*,#4016,.F.);
#4016 = EDGE_CURVE('',#3937,#3977,#4017,.T.);
#4017 = LINE('',#4018,#4019);
#4018 = CARTESIAN_POINT('',(0.625,-2.475,1.93));
#4019 = VECTOR('',#4020,1.);
#4020 = DIRECTION('',(1.,0.,-0.));
#4021 = ORIENTED_EDGE('',*,*,#3936,.T.);
#4022 = ORIENTED_EDGE('',*,*,#4023,.T.);
#4023 = EDGE_CURVE('',#3939,#3979,#4024,.T.);
#4024 = LINE('',#4025,#4026);
#4025 = CARTESIAN_POINT('',(0.625,-2.475,1.96));
#4026 = VECTOR('',#4027,1.);
#4027 = DIRECTION('',(1.,0.,-0.));
#4028 = ORIENTED_EDGE('',*,*,#3976,.F.);
#4029 = PLANE('',#4030);
#4030 = AXIS2_PLACEMENT_3D('',#4031,#4032,#4033);
#4031 = CARTESIAN_POINT('',(0.625,-2.475,1.93));
#4032 = DIRECTION('',(-0.,1.,0.));
#4033 = DIRECTION('',(0.,0.,1.));
#4034 = ADVANCED_FACE('',(#4035),#4051,.T.);
#4035 = FACE_BOUND('',#4036,.T.);
#4036 = EDGE_LOOP('',(#4037,#4043,#4044,#4050));
#4037 = ORIENTED_EDGE('',*,*,#4038,.F.);
#4038 = EDGE_CURVE('',#3947,#3987,#4039,.T.);
#4039 = LINE('',#4040,#4041);
#4040 = CARTESIAN_POINT('',(0.625,-0.475,1.93));
#4041 = VECTOR('',#4042,1.);
#4042 = DIRECTION('',(1.,0.,-0.));
#4043 = ORIENTED_EDGE('',*,*,#3954,.T.);
#4044 = ORIENTED_EDGE('',*,*,#4045,.T.);
#4045 = EDGE_CURVE('',#3955,#3995,#4046,.T.);
#4046 = LINE('',#4047,#4048);
#4047 = CARTESIAN_POINT('',(0.625,-0.475,1.96));
#4048 = VECTOR('',#4049,1.);
#4049 = DIRECTION('',(1.,0.,-0.));
#4050 = ORIENTED_EDGE('',*,*,#3994,.F.);
#4051 = PLANE('',#4052);
#4052 = AXIS2_PLACEMENT_3D('',#4053,#4054,#4055);
#4053 = CARTESIAN_POINT('',(0.625,-0.475,1.93));
#4054 = DIRECTION('',(-0.,1.,0.));
#4055 = DIRECTION('',(0.,0.,1.));
#4056 = ADVANCED_FACE('',(#4057),#4063,.F.);
#4057 = FACE_BOUND('',#4058,.F.);
#4058 = EDGE_LOOP('',(#4059,#4060,#4061,#4062));
#4059 = ORIENTED_EDGE('',*,*,#3946,.F.);
#4060 = ORIENTED_EDGE('',*,*,#4016,.T.);
#4061 = ORIENTED_EDGE('',*,*,#3986,.T.);
#4062 = ORIENTED_EDGE('',*,*,#4038,.F.);
#4063 = PLANE('',#4064);
#4064 = AXIS2_PLACEMENT_3D('',#4065,#4066,#4067);
#4065 = CARTESIAN_POINT('',(0.625,-2.475,1.93));
#4066 = DIRECTION('',(0.,0.,1.));
#4067 = DIRECTION('',(1.,0.,-0.));
#4068 = ADVANCED_FACE('',(#4069),#4075,.T.);
#4069 = FACE_BOUND('',#4070,.T.);
#4070 = EDGE_LOOP('',(#4071,#4072,#4073,#4074));
#4071 = ORIENTED_EDGE('',*,*,#3962,.F.);
#4072 = ORIENTED_EDGE('',*,*,#4023,.T.);
#4073 = ORIENTED_EDGE('',*,*,#4002,.T.);
#4074 = ORIENTED_EDGE('',*,*,#4045,.F.);
#4075 = PLANE('',#4076);
#4076 = AXIS2_PLACEMENT_3D('',#4077,#4078,#4079);
#4077 = CARTESIAN_POINT('',(0.625,-2.475,1.96));
#4078 = DIRECTION('',(0.,0.,1.));
#4079 = DIRECTION('',(1.,0.,-0.));
#4080 = MANIFOLD_SOLID_BREP('',#4081);
#4081 = CLOSED_SHELL('',(#4082,#4122,#4162,#4184,#4206,#4218));
#4082 = ADVANCED_FACE('',(#4083),#4117,.F.);
#4083 = FACE_BOUND('',#4084,.F.);
#4084 = EDGE_LOOP('',(#4085,#4095,#4103,#4111));
#4085 = ORIENTED_EDGE('',*,*,#4086,.F.);
#4086 = EDGE_CURVE('',#4087,#4089,#4091,.T.);
#4087 = VERTEX_POINT('',#4088);
#4088 = CARTESIAN_POINT('',(0.625,-2.475,1.2));
#4089 = VERTEX_POINT('',#4090);
#4090 = CARTESIAN_POINT('',(0.625,-2.475,1.23));
#4091 = LINE('',#4092,#4093);
#4092 = CARTESIAN_POINT('',(0.625,-2.475,1.2));
#4093 = VECTOR('',#4094,1.);
#4094 = DIRECTION('',(0.,0.,1.));
#4095 = ORIENTED_EDGE('',*,*,#4096,.T.);
#4096 = EDGE_CURVE('',#4087,#4097,#4099,.T.);
#4097 = VERTEX_POINT('',#4098);
#4098 = CARTESIAN_POINT('',(0.625,-0.475,1.2));
#4099 = LINE('',#4100,#4101);
#4100 = CARTESIAN_POINT('',(0.625,-2.475,1.2));
#4101 = VECTOR('',#4102,1.);
#4102 = DIRECTION('',(-0.,1.,0.));
#4103 = ORIENTED_EDGE('',*,*,#4104,.T.);
#4104 = EDGE_CURVE('',#4097,#4105,#4107,.T.);
#4105 = VERTEX_POINT('',#4106);
#4106 = CARTESIAN_POINT('',(0.625,-0.475,1.23));
#4107 = LINE('',#4108,#4109);
#4108 = CARTESIAN_POINT('',(0.625,-0.475,1.2));
#4109 = VECTOR('',#4110,1.);
#4110 = DIRECTION('',(0.,0.,1.));
#4111 = ORIENTED_EDGE('',*,*,#4112,.F.);
#4112 = EDGE_CURVE('',#4089,#4105,#4113,.T.);
#4113 = LINE('',#4114,#4115);
#4114 = CARTESIAN_POINT('',(0.625,-2.475,1.23));
#4115 = VECTOR('',#4116,1.);
#4116 = DIRECTION('',(-0.,1.,0.));
#4117 = PLANE('',#4118);
#4118 = AXIS2_PLACEMENT_3D('',#4119,#4120,#4121);
#4119 = CARTESIAN_POINT('',(0.625,-2.475,1.2));
#4120 = DIRECTION('',(1.,0.,-0.));
#4121 = DIRECTION('',(0.,0.,1.));
#4122 = ADVANCED_FACE('',(#4123),#4157,.T.);
#4123 = FACE_BOUND('',#4124,.T.);
#4124 = EDGE_LOOP('',(#4125,#4135,#4143,#4151));
#4125 = ORIENTED_EDGE('',*,*,#4126,.F.);
#4126 = EDGE_CURVE('',#4127,#4129,#4131,.T.);
#4127 = VERTEX_POINT('',#4128);
#4128 = CARTESIAN_POINT('',(0.875,-2.475,1.2));
#4129 = VERTEX_POINT('',#4130);
#4130 = CARTESIAN_POINT('',(0.875,-2.475,1.23));
#4131 = LINE('',#4132,#4133);
#4132 = CARTESIAN_POINT('',(0.875,-2.475,1.2));
#4133 = VECTOR('',#4134,1.);
#4134 = DIRECTION('',(0.,0.,1.));
#4135 = ORIENTED_EDGE('',*,*,#4136,.T.);
#4136 = EDGE_CURVE('',#4127,#4137,#4139,.T.);
#4137 = VERTEX_POINT('',#4138);
#4138 = CARTESIAN_POINT('',(0.875,-0.475,1.2));
#4139 = LINE('',#4140,#4141);
#4140 = CARTESIAN_POINT('',(0.875,-2.475,1.2));
#4141 = VECTOR('',#4142,1.);
#4142 = DIRECTION('',(-0.,1.,0.));
#4143 = ORIENTED_EDGE('',*,*,#4144,.T.);
#4144 = EDGE_CURVE('',#4137,#4145,#4147,.T.);
#4145 = VERTEX_POINT('',#4146);
#4146 = CARTESIAN_POINT('',(0.875,-0.475,1.23));
#4147 = LINE('',#4148,#4149);
#4148 = CARTESIAN_POINT('',(0.875,-0.475,1.2));
#4149 = VECTOR('',#4150,1.);
#4150 = DIRECTION('',(0.,0.,1.));
#4151 = ORIENTED_EDGE('',*,*,#4152,.F.);
#4152 = EDGE_CURVE('',#4129,#4145,#4153,.T.);
#4153 = LINE('',#4154,#4155);
#4154 = CARTESIAN_POINT('',(0.875,-2.475,1.23));
#4155 = VECTOR('',#4156,1.);
#4156 = DIRECTION('',(-0.,1.,0.));
#4157 = PLANE('',#4158);
#4158 = AXIS2_PLACEMENT_3D('',#4159,#4160,#4161);
#4159 = CARTESIAN_POINT('',(0.875,-2.475,1.2));
#4160 = DIRECTION('',(1.,0.,-0.));
#4161 = DIRECTION('',(0.,0.,1.));
#4162 = ADVANCED_FACE('',(#4163),#4179,.F.);
#4163 = FACE_BOUND('',#4164,.F.);
#4164 = EDGE_LOOP('',(#4165,#4171,#4172,#4178));
#4165 = ORIENTED_EDGE('',*,*,#4166,.F.);
#4166 = EDGE_CURVE('',#4087,#4127,#4167,.T.);
#4167 = LINE('',#4168,#4169);
#4168 = CARTESIAN_POINT('',(0.625,-2.475,1.2));
#4169 = VECTOR('',#4170,1.);
#4170 = DIRECTION('',(1.,0.,-0.));
#4171 = ORIENTED_EDGE('',*,*,#4086,.T.);
#4172 = ORIENTED_EDGE('',*,*,#4173,.T.);
#4173 = EDGE_CURVE('',#4089,#4129,#4174,.T.);
#4174 = LINE('',#4175,#4176);
#4175 = CARTESIAN_POINT('',(0.625,-2.475,1.23));
#4176 = VECTOR('',#4177,1.);
#4177 = DIRECTION('',(1.,0.,-0.));
#4178 = ORIENTED_EDGE('',*,*,#4126,.F.);
#4179 = PLANE('',#4180);
#4180 = AXIS2_PLACEMENT_3D('',#4181,#4182,#4183);
#4181 = CARTESIAN_POINT('',(0.625,-2.475,1.2));
#4182 = DIRECTION('',(-0.,1.,0.));
#4183 = DIRECTION('',(0.,0.,1.));
#4184 = ADVANCED_FACE('',(#4185),#4201,.T.);
#4185 = FACE_BOUND('',#4186,.T.);
#4186 = EDGE_LOOP('',(#4187,#4193,#4194,#4200));
#4187 = ORIENTED_EDGE('',*,*,#4188,.F.);
#4188 = EDGE_CURVE('',#4097,#4137,#4189,.T.);
#4189 = LINE('',#4190,#4191);
#4190 = CARTESIAN_POINT('',(0.625,-0.475,1.2));
#4191 = VECTOR('',#4192,1.);
#4192 = DIRECTION('',(1.,0.,-0.));
#4193 = ORIENTED_EDGE('',*,*,#4104,.T.);
#4194 = ORIENTED_EDGE('',*,*,#4195,.T.);
#4195 = EDGE_CURVE('',#4105,#4145,#4196,.T.);
#4196 = LINE('',#4197,#4198);
#4197 = CARTESIAN_POINT('',(0.625,-0.475,1.23));
#4198 = VECTOR('',#4199,1.);
#4199 = DIRECTION('',(1.,0.,-0.));
#4200 = ORIENTED_EDGE('',*,*,#4144,.F.);
#4201 = PLANE('',#4202);
#4202 = AXIS2_PLACEMENT_3D('',#4203,#4204,#4205);
#4203 = CARTESIAN_POINT('',(0.625,-0.475,1.2));
#4204 = DIRECTION('',(-0.,1.,0.));
#4205 = DIRECTION('',(0.,0.,1.));
#4206 = ADVANCED_FACE('',(#4207),#4213,.F.);
#4207 = FACE_BOUND('',#4208,.F.);
#4208 = EDGE_LOOP('',(#4209,#4210,#4211,#4212));
#4209 = ORIENTED_EDGE('',*,*,#4096,.F.);
#4210 = ORIENTED_EDGE('',*,*,#4166,.T.);
#4211 = ORIENTED_EDGE('',*,*,#4136,.T.);
#4212 = ORIENTED_EDGE('',*,*,#4188,.F.);
#4213 = PLANE('',#4214);
#4214 = AXIS2_PLACEMENT_3D('',#4215,#4216,#4217);
#4215 = CARTESIAN_POINT('',(0.625,-2.475,1.2));
#4216 = DIRECTION('',(0.,0.,1.));
#4217 = DIRECTION('',(1.,0.,-0.));
#4218 = ADVANCED_FACE('',(#4219),#4225,.T.);
#4219 = FACE_BOUND('',#4220,.T.);
#4220 = EDGE_LOOP('',(#4221,#4222,#4223,#4224));
#4221 = ORIENTED_EDGE('',*,*,#4112,.F.);
#4222 = ORIENTED_EDGE('',*,*,#4173,.T.);
#4223 = ORIENTED_EDGE('',*,*,#4152,.T.);
#4224 = ORIENTED_EDGE('',*,*,#4195,.F.);
#4225 = PLANE('',#4226);
#4226 = AXIS2_PLACEMENT_3D('',#4227,#4228,#4229);
#4227 = CARTESIAN_POINT('',(0.625,-2.475,1.23));
#4228 = DIRECTION('',(0.,0.,1.));
#4229 = DIRECTION('',(1.,0.,-0.));
#4230 = MANIFOLD_SOLID_BREP('',#4231);
#4231 = CLOSED_SHELL('',(#4232,#4272,#4312,#4334,#4356,#4368));
#4232 = ADVANCED_FACE('',(#4233),#4267,.F.);
#4233 = FACE_BOUND('',#4234,.F.);
#4234 = EDGE_LOOP('',(#4235,#4245,#4253,#4261));
#4235 = ORIENTED_EDGE('',*,*,#4236,.F.);
#4236 = EDGE_CURVE('',#4237,#4239,#4241,.T.);
#4237 = VERTEX_POINT('',#4238);
#4238 = CARTESIAN_POINT('',(1.125,-2.475,1.93));
#4239 = VERTEX_POINT('',#4240);
#4240 = CARTESIAN_POINT('',(1.125,-2.475,1.96));
#4241 = LINE('',#4242,#4243);
#4242 = CARTESIAN_POINT('',(1.125,-2.475,1.93));
#4243 = VECTOR('',#4244,1.);
#4244 = DIRECTION('',(0.,0.,1.));
#4245 = ORIENTED_EDGE('',*,*,#4246,.T.);
#4246 = EDGE_CURVE('',#4237,#4247,#4249,.T.);
#4247 = VERTEX_POINT('',#4248);
#4248 = CARTESIAN_POINT('',(1.125,-0.475,1.93));
#4249 = LINE('',#4250,#4251);
#4250 = CARTESIAN_POINT('',(1.125,-2.475,1.93));
#4251 = VECTOR('',#4252,1.);
#4252 = DIRECTION('',(-0.,1.,0.));
#4253 = ORIENTED_EDGE('',*,*,#4254,.T.);
#4254 = EDGE_CURVE('',#4247,#4255,#4257,.T.);
#4255 = VERTEX_POINT('',#4256);
#4256 = CARTESIAN_POINT('',(1.125,-0.475,1.96));
#4257 = LINE('',#4258,#4259);
#4258 = CARTESIAN_POINT('',(1.125,-0.475,1.93));
#4259 = VECTOR('',#4260,1.);
#4260 = DIRECTION('',(0.,0.,1.));
#4261 = ORIENTED_EDGE('',*,*,#4262,.F.);
#4262 = EDGE_CURVE('',#4239,#4255,#4263,.T.);
#4263 = LINE('',#4264,#4265);
#4264 = CARTESIAN_POINT('',(1.125,-2.475,1.96));
#4265 = VECTOR('',#4266,1.);
#4266 = DIRECTION('',(-0.,1.,0.));
#4267 = PLANE('',#4268);
#4268 = AXIS2_PLACEMENT_3D('',#4269,#4270,#4271);
#4269 = CARTESIAN_POINT('',(1.125,-2.475,1.93));
#4270 = DIRECTION('',(1.,0.,-0.));
#4271 = DIRECTION('',(0.,0.,1.));
#4272 = ADVANCED_FACE('',(#4273),#4307,.T.);
#4273 = FACE_BOUND('',#4274,.T.);
#4274 = EDGE_LOOP('',(#4275,#4285,#4293,#4301));
#4275 = ORIENTED_EDGE('',*,*,#4276,.F.);
#4276 = EDGE_CURVE('',#4277,#4279,#4281,.T.);
#4277 = VERTEX_POINT('',#4278);
#4278 = CARTESIAN_POINT('',(1.375,-2.475,1.93));
#4279 = VERTEX_POINT('',#4280);
#4280 = CARTESIAN_POINT('',(1.375,-2.475,1.96));
#4281 = LINE('',#4282,#4283);
#4282 = CARTESIAN_POINT('',(1.375,-2.475,1.93));
#4283 = VECTOR('',#4284,1.);
#4284 = DIRECTION('',(0.,0.,1.));
#4285 = ORIENTED_EDGE('',*,*,#4286,.T.);
#4286 = EDGE_CURVE('',#4277,#4287,#4289,.T.);
#4287 = VERTEX_POINT('',#4288);
#4288 = CARTESIAN_POINT('',(1.375,-0.475,1.93));
#4289 = LINE('',#4290,#4291);
#4290 = CARTESIAN_POINT('',(1.375,-2.475,1.93));
#4291 = VECTOR('',#4292,1.);
#4292 = DIRECTION('',(-0.,1.,0.));
#4293 = ORIENTED_EDGE('',*,*,#4294,.T.);
#4294 = EDGE_CURVE('',#4287,#4295,#4297,.T.);
#4295 = VERTEX_POINT('',#4296);
#4296 = CARTESIAN_POINT('',(1.375,-0.475,1.96));
#4297 = LINE('',#4298,#4299);
#4298 = CARTESIAN_POINT('',(1.375,-0.475,1.93));
#4299 = VECTOR('',#4300,1.);
#4300 = DIRECTION('',(0.,0.,1.));
#4301 = ORIENTED_EDGE('',*,*,#4302,.F.);
#4302 = EDGE_CURVE('',#4279,#4295,#4303,.T.);
#4303 = LINE('',#4304,#4305);
#4304 = CARTESIAN_POINT('',(1.375,-2.475,1.96));
#4305 = VECTOR('',#4306,1.);
#4306 = DIRECTION('',(-0.,1.,0.));
#4307 = PLANE('',#4308);
#4308 = AXIS2_PLACEMENT_3D('',#4309,#4310,#4311);
#4309 = CARTESIAN_POINT('',(1.375,-2.475,1.93));
#4310 = DIRECTION('',(1.,0.,-0.));
#4311 = DIRECTION('',(0.,0.,1.));
#4312 = ADVANCED_FACE('',(#4313),#4329,.F.);
#4313 = FACE_BOUND('',#4314,.F.);
#4314 = EDGE_LOOP('',(#4315,#4321,#4322,#4328));
#4315 = ORIENTED_EDGE('',*,*,#4316,.F.);
#4316 = EDGE_CURVE('',#4237,#4277,#4317,.T.);
#4317 = LINE('',#4318,#4319);
#4318 = CARTESIAN_POINT('',(1.125,-2.475,1.93));
#4319 = VECTOR('',#4320,1.);
#4320 = DIRECTION('',(1.,0.,-0.));
#4321 = ORIENTED_EDGE('',*,*,#4236,.T.);
#4322 = ORIENTED_EDGE('',*,*,#4323,.T.);
#4323 = EDGE_CURVE('',#4239,#4279,#4324,.T.);
#4324 = LINE('',#4325,#4326);
#4325 = CARTESIAN_POINT('',(1.125,-2.475,1.96));
#4326 = VECTOR('',#4327,1.);
#4327 = DIRECTION('',(1.,0.,-0.));
#4328 = ORIENTED_EDGE('',*,*,#4276,.F.);
#4329 = PLANE('',#4330);
#4330 = AXIS2_PLACEMENT_3D('',#4331,#4332,#4333);
#4331 = CARTESIAN_POINT('',(1.125,-2.475,1.93));
#4332 = DIRECTION('',(-0.,1.,0.));
#4333 = DIRECTION('',(0.,0.,1.));
#4334 = ADVANCED_FACE('',(#4335),#4351,.T.);
#4335 = FACE_BOUND('',#4336,.T.);
#4336 = EDGE_LOOP('',(#4337,#4343,#4344,#4350));
#4337 = ORIENTED_EDGE('',*,*,#4338,.F.);
#4338 = EDGE_CURVE('',#4247,#4287,#4339,.T.);
#4339 = LINE('',#4340,#4341);
#4340 = CARTESIAN_POINT('',(1.125,-0.475,1.93));
#4341 = VECTOR('',#4342,1.);
#4342 = DIRECTION('',(1.,0.,-0.));
#4343 = ORIENTED_EDGE('',*,*,#4254,.T.);
#4344 = ORIENTED_EDGE('',*,*,#4345,.T.);
#4345 = EDGE_CURVE('',#4255,#4295,#4346,.T.);
#4346 = LINE('',#4347,#4348);
#4347 = CARTESIAN_POINT('',(1.125,-0.475,1.96));
#4348 = VECTOR('',#4349,1.);
#4349 = DIRECTION('',(1.,0.,-0.));
#4350 = ORIENTED_EDGE('',*,*,#4294,.F.);
#4351 = PLANE('',#4352);
#4352 = AXIS2_PLACEMENT_3D('',#4353,#4354,#4355);
#4353 = CARTESIAN_POINT('',(1.125,-0.475,1.93));
#4354 = DIRECTION('',(-0.,1.,0.));
#4355 = DIRECTION('',(0.,0.,1.));
#4356 = ADVANCED_FACE('',(#4357),#4363,.F.);
#4357 = FACE_BOUND('',#4358,.F.);
#4358 = EDGE_LOOP('',(#4359,#4360,#4361,#4362));
#4359 = ORIENTED_EDGE('',*,*,#4246,.F.);
#4360 = ORIENTED_EDGE('',*,*,#4316,.T.);
#4361 = ORIENTED_EDGE('',*,*,#4286,.T.);
#4362 = ORIENTED_EDGE('',*,*,#4338,.F.);
#4363 = PLANE('',#4364);
#4364 = AXIS2_PLACEMENT_3D('',#4365,#4366,#4367);
#4365 = CARTESIAN_POINT('',(1.125,-2.475,1.93));
#4366 = DIRECTION('',(0.,0.,1.));
#4367 = DIRECTION('',(1.,0.,-0.));
#4368 = ADVANCED_FACE('',(#4369),#4375,.T.);
#4369 = FACE_BOUND('',#4370,.T.);
#4370 = EDGE_LOOP('',(#4371,#4372,#4373,#4374));
#4371 = ORIENTED_EDGE('',*,*,#4262,.F.);
#4372 = ORIENTED_EDGE('',*,*,#4323,.T.);
#4373 = ORIENTED_EDGE('',*,*,#4302,.T.);
#4374 = ORIENTED_EDGE('',*,*,#4345,.F.);
#4375 = PLANE('',#4376);
#4376 = AXIS2_PLACEMENT_3D('',#4377,#4378,#4379);
#4377 = CARTESIAN_POINT('',(1.125,-2.475,1.96));
#4378 = DIRECTION('',(0.,0.,1.));
#4379 = DIRECTION('',(1.,0.,-0.));
#4380 = MANIFOLD_SOLID_BREP('',#4381);
#4381 = CLOSED_SHELL('',(#4382,#4422,#4462,#4484,#4506,#4518));
#4382 = ADVANCED_FACE('',(#4383),#4417,.F.);
#4383 = FACE_BOUND('',#4384,.F.);
#4384 = EDGE_LOOP('',(#4385,#4395,#4403,#4411));
#4385 = ORIENTED_EDGE('',*,*,#4386,.F.);
#4386 = EDGE_CURVE('',#4387,#4389,#4391,.T.);
#4387 = VERTEX_POINT('',#4388);
#4388 = CARTESIAN_POINT('',(1.125,-2.475,1.2));
#4389 = VERTEX_POINT('',#4390);
#4390 = CARTESIAN_POINT('',(1.125,-2.475,1.23));
#4391 = LINE('',#4392,#4393);
#4392 = CARTESIAN_POINT('',(1.125,-2.475,1.2));
#4393 = VECTOR('',#4394,1.);
#4394 = DIRECTION('',(0.,0.,1.));
#4395 = ORIENTED_EDGE('',*,*,#4396,.T.);
#4396 = EDGE_CURVE('',#4387,#4397,#4399,.T.);
#4397 = VERTEX_POINT('',#4398);
#4398 = CARTESIAN_POINT('',(1.125,-0.475,1.2));
#4399 = LINE('',#4400,#4401);
#4400 = CARTESIAN_POINT('',(1.125,-2.475,1.2));
#4401 = VECTOR('',#4402,1.);
#4402 = DIRECTION('',(-0.,1.,0.));
#4403 = ORIENTED_EDGE('',*,*,#4404,.T.);
#4404 = EDGE_CURVE('',#4397,#4405,#4407,.T.);
#4405 = VERTEX_POINT('',#4406);
#4406 = CARTESIAN_POINT('',(1.125,-0.475,1.23));
#4407 = LINE('',#4408,#4409);
#4408 = CARTESIAN_POINT('',(1.125,-0.475,1.2));
#4409 = VECTOR('',#4410,1.);
#4410 = DIRECTION('',(0.,0.,1.));
#4411 = ORIENTED_EDGE('',*,*,#4412,.F.);
#4412 = EDGE_CURVE('',#4389,#4405,#4413,.T.);
#4413 = LINE('',#4414,#4415);
#4414 = CARTESIAN_POINT('',(1.125,-2.475,1.23));
#4415 = VECTOR('',#4416,1.);
#4416 = DIRECTION('',(-0.,1.,0.));
#4417 = PLANE('',#4418);
#4418 = AXIS2_PLACEMENT_3D('',#4419,#4420,#4421);
#4419 = CARTESIAN_POINT('',(1.125,-2.475,1.2));
#4420 = DIRECTION('',(1.,0.,-0.));
#4421 = DIRECTION('',(0.,0.,1.));
#4422 = ADVANCED_FACE('',(#4423),#4457,.T.);
#4423 = FACE_BOUND('',#4424,.T.);
#4424 = EDGE_LOOP('',(#4425,#4435,#4443,#4451));
#4425 = ORIENTED_EDGE('',*,*,#4426,.F.);
#4426 = EDGE_CURVE('',#4427,#4429,#4431,.T.);
#4427 = VERTEX_POINT('',#4428);
#4428 = CARTESIAN_POINT('',(1.375,-2.475,1.2));
#4429 = VERTEX_POINT('',#4430);
#4430 = CARTESIAN_POINT('',(1.375,-2.475,1.23));
#4431 = LINE('',#4432,#4433);
#4432 = CARTESIAN_POINT('',(1.375,-2.475,1.2));
#4433 = VECTOR('',#4434,1.);
#4434 = DIRECTION('',(0.,0.,1.));
#4435 = ORIENTED_EDGE('',*,*,#4436,.T.);
#4436 = EDGE_CURVE('',#4427,#4437,#4439,.T.);
#4437 = VERTEX_POINT('',#4438);
#4438 = CARTESIAN_POINT('',(1.375,-0.475,1.2));
#4439 = LINE('',#4440,#4441);
#4440 = CARTESIAN_POINT('',(1.375,-2.475,1.2));
#4441 = VECTOR('',#4442,1.);
#4442 = DIRECTION('',(-0.,1.,0.));
#4443 = ORIENTED_EDGE('',*,*,#4444,.T.);
#4444 = EDGE_CURVE('',#4437,#4445,#4447,.T.);
#4445 = VERTEX_POINT('',#4446);
#4446 = CARTESIAN_POINT('',(1.375,-0.475,1.23));
#4447 = LINE('',#4448,#4449);
#4448 = CARTESIAN_POINT('',(1.375,-0.475,1.2));
#4449 = VECTOR('',#4450,1.);
#4450 = DIRECTION('',(0.,0.,1.));
#4451 = ORIENTED_EDGE('',*,*,#4452,.F.);
#4452 = EDGE_CURVE('',#4429,#4445,#4453,.T.);
#4453 = LINE('',#4454,#4455);
#4454 = CARTESIAN_POINT('',(1.375,-2.475,1.23));
#4455 = VECTOR('',#4456,1.);
#4456 = DIRECTION('',(-0.,1.,0.));
#4457 = PLANE('',#4458);
#4458 = AXIS2_PLACEMENT_3D('',#4459,#4460,#4461);
#4459 = CARTESIAN_POINT('',(1.375,-2.475,1.2));
#4460 = DIRECTION('',(1.,0.,-0.));
#4461 = DIRECTION('',(0.,0.,1.));
#4462 = ADVANCED_FACE('',(#4463),#4479,.F.);
#4463 = FACE_BOUND('',#4464,.F.);
#4464 = EDGE_LOOP('',(#4465,#4471,#4472,#4478));
#4465 = ORIENTED_EDGE('',*,*,#4466,.F.);
#4466 = EDGE_CURVE('',#4387,#4427,#4467,.T.);
#4467 = LINE('',#4468,#4469);
#4468 = CARTESIAN_POINT('',(1.125,-2.475,1.2));
#4469 = VECTOR('',#4470,1.);
#4470 = DIRECTION('',(1.,0.,-0.));
#4471 = ORIENTED_EDGE('',*,*,#4386,.T.);
#4472 = ORIENTED_EDGE('',*,*,#4473,.T.);
#4473 = EDGE_CURVE('',#4389,#4429,#4474,.T.);
#4474 = LINE('',#4475,#4476);
#4475 = CARTESIAN_POINT('',(1.125,-2.475,1.23));
#4476 = VECTOR('',#4477,1.);
#4477 = DIRECTION('',(1.,0.,-0.));
#4478 = ORIENTED_EDGE('',*,*,#4426,.F.);
#4479 = PLANE('',#4480);
#4480 = AXIS2_PLACEMENT_3D('',#4481,#4482,#4483);
#4481 = CARTESIAN_POINT('',(1.125,-2.475,1.2));
#4482 = DIRECTION('',(-0.,1.,0.));
#4483 = DIRECTION('',(0.,0.,1.));
#4484 = ADVANCED_FACE('',(#4485),#4501,.T.);
#4485 = FACE_BOUND('',#4486,.T.);
#4486 = EDGE_LOOP('',(#4487,#4493,#4494,#4500));
#4487 = ORIENTED_EDGE('',*,*,#4488,.F.);
#4488 = EDGE_CURVE('',#4397,#4437,#4489,.T.);
#4489 = LINE('',#4490,#4491);
#4490 = CARTESIAN_POINT('',(1.125,-0.475,1.2));
#4491 = VECTOR('',#4492,1.);
#4492 = DIRECTION('',(1.,0.,-0.));
#4493 = ORIENTED_EDGE('',*,*,#4404,.T.);
#4494 = ORIENTED_EDGE('',*,*,#4495,.T.);
#4495 = EDGE_CURVE('',#4405,#4445,#4496,.T.);
#4496 = LINE('',#4497,#4498);
#4497 = CARTESIAN_POINT('',(1.125,-0.475,1.23));
#4498 = VECTOR('',#4499,1.);
#4499 = DIRECTION('',(1.,0.,-0.));
#4500 = ORIENTED_EDGE('',*,*,#4444,.F.);
#4501 = PLANE('',#4502);
#4502 = AXIS2_PLACEMENT_3D('',#4503,#4504,#4505);
#4503 = CARTESIAN_POINT('',(1.125,-0.475,1.2));
#4504 = DIRECTION('',(-0.,1.,0.));
#4505 = DIRECTION('',(0.,0.,1.));
#4506 = ADVANCED_FACE('',(#4507),#4513,.F.);
#4507 = FACE_BOUND('',#4508,.F.);
#4508 = EDGE_LOOP('',(#4509,#4510,#4511,#4512));
#4509 = ORIENTED_EDGE('',*,*,#4396,.F.);
#4510 = ORIENTED_EDGE('',*,*,#4466,.T.);
#4511 = ORIENTED_EDGE('',*,*,#4436,.T.);
#4512 = ORIENTED_EDGE('',*,*,#4488,.F.);
#4513 = PLANE('',#4514);
#4514 = AXIS2_PLACEMENT_3D('',#4515,#4516,#4517);
#4515 = CARTESIAN_POINT('',(1.125,-2.475,1.2));
#4516 = DIRECTION('',(0.,0.,1.));
#4517 = DIRECTION('',(1.,0.,-0.));
#4518 = ADVANCED_FACE('',(#4519),#4525,.T.);
#4519 = FACE_BOUND('',#4520,.T.);
#4520 = EDGE_LOOP('',(#4521,#4522,#4523,#4524));
#4521 = ORIENTED_EDGE('',*,*,#4412,.F.);
#4522 = ORIENTED_EDGE('',*,*,#4473,.T.);
#4523 = ORIENTED_EDGE('',*,*,#4452,.T.);
#4524 = ORIENTED_EDGE('',*,*,#4495,.F.);
#4525 = PLANE('',#4526);
#4526 = AXIS2_PLACEMENT_3D('',#4527,#4528,#4529);
#4527 = CARTESIAN_POINT('',(1.125,-2.475,1.23));
#4528 = DIRECTION('',(0.,0.,1.));
#4529 = DIRECTION('',(1.,0.,-0.));
#4530 = MANIFOLD_SOLID_BREP('',#4531);
#4531 = CLOSED_SHELL('',(#4532,#4572,#4612,#4634,#4656,#4668));
#4532 = ADVANCED_FACE('',(#4533),#4567,.F.);
#4533 = FACE_BOUND('',#4534,.F.);
#4534 = EDGE_LOOP('',(#4535,#4545,#4553,#4561));
#4535 = ORIENTED_EDGE('',*,*,#4536,.F.);
#4536 = EDGE_CURVE('',#4537,#4539,#4541,.T.);
#4537 = VERTEX_POINT('',#4538);
#4538 = CARTESIAN_POINT('',(2.625,-2.475,1.93));
#4539 = VERTEX_POINT('',#4540);
#4540 = CARTESIAN_POINT('',(2.625,-2.475,1.96));
#4541 = LINE('',#4542,#4543);
#4542 = CARTESIAN_POINT('',(2.625,-2.475,1.93));
#4543 = VECTOR('',#4544,1.);
#4544 = DIRECTION('',(0.,0.,1.));
#4545 = ORIENTED_EDGE('',*,*,#4546,.T.);
#4546 = EDGE_CURVE('',#4537,#4547,#4549,.T.);
#4547 = VERTEX_POINT('',#4548);
#4548 = CARTESIAN_POINT('',(2.625,-0.475,1.93));
#4549 = LINE('',#4550,#4551);
#4550 = CARTESIAN_POINT('',(2.625,-2.475,1.93));
#4551 = VECTOR('',#4552,1.);
#4552 = DIRECTION('',(-0.,1.,0.));
#4553 = ORIENTED_EDGE('',*,*,#4554,.T.);
#4554 = EDGE_CURVE('',#4547,#4555,#4557,.T.);
#4555 = VERTEX_POINT('',#4556);
#4556 = CARTESIAN_POINT('',(2.625,-0.475,1.96));
#4557 = LINE('',#4558,#4559);
#4558 = CARTESIAN_POINT('',(2.625,-0.475,1.93));
#4559 = VECTOR('',#4560,1.);
#4560 = DIRECTION('',(0.,0.,1.));
#4561 = ORIENTED_EDGE('',*,*,#4562,.F.);
#4562 = EDGE_CURVE('',#4539,#4555,#4563,.T.);
#4563 = LINE('',#4564,#4565);
#4564 = CARTESIAN_POINT('',(2.625,-2.475,1.96));
#4565 = VECTOR('',#4566,1.);
#4566 = DIRECTION('',(-0.,1.,0.));
#4567 = PLANE('',#4568);
#4568 = AXIS2_PLACEMENT_3D('',#4569,#4570,#4571);
#4569 = CARTESIAN_POINT('',(2.625,-2.475,1.93));
#4570 = DIRECTION('',(1.,0.,-0.));
#4571 = DIRECTION('',(0.,0.,1.));
#4572 = ADVANCED_FACE('',(#4573),#4607,.T.);
#4573 = FACE_BOUND('',#4574,.T.);
#4574 = EDGE_LOOP('',(#4575,#4585,#4593,#4601));
#4575 = ORIENTED_EDGE('',*,*,#4576,.F.);
#4576 = EDGE_CURVE('',#4577,#4579,#4581,.T.);
#4577 = VERTEX_POINT('',#4578);
#4578 = CARTESIAN_POINT('',(2.875,-2.475,1.93));
#4579 = VERTEX_POINT('',#4580);
#4580 = CARTESIAN_POINT('',(2.875,-2.475,1.96));
#4581 = LINE('',#4582,#4583);
#4582 = CARTESIAN_POINT('',(2.875,-2.475,1.93));
#4583 = VECTOR('',#4584,1.);
#4584 = DIRECTION('',(0.,0.,1.));
#4585 = ORIENTED_EDGE('',*,*,#4586,.T.);
#4586 = EDGE_CURVE('',#4577,#4587,#4589,.T.);
#4587 = VERTEX_POINT('',#4588);
#4588 = CARTESIAN_POINT('',(2.875,-0.475,1.93));
#4589 = LINE('',#4590,#4591);
#4590 = CARTESIAN_POINT('',(2.875,-2.475,1.93));
#4591 = VECTOR('',#4592,1.);
#4592 = DIRECTION('',(-0.,1.,0.));
#4593 = ORIENTED_EDGE('',*,*,#4594,.T.);
#4594 = EDGE_CURVE('',#4587,#4595,#4597,.T.);
#4595 = VERTEX_POINT('',#4596);
#4596 = CARTESIAN_POINT('',(2.875,-0.475,1.96));
#4597 = LINE('',#4598,#4599);
#4598 = CARTESIAN_POINT('',(2.875,-0.475,1.93));
#4599 = VECTOR('',#4600,1.);
#4600 = DIRECTION('',(0.,0.,1.));
#4601 = ORIENTED_EDGE('',*,*,#4602,.F.);
#4602 = EDGE_CURVE('',#4579,#4595,#4603,.T.);
#4603 = LINE('',#4604,#4605);
#4604 = CARTESIAN_POINT('',(2.875,-2.475,1.96));
#4605 = VECTOR('',#4606,1.);
#4606 = DIRECTION('',(-0.,1.,0.));
#4607 = PLANE('',#4608);
#4608 = AXIS2_PLACEMENT_3D('',#4609,#4610,#4611);
#4609 = CARTESIAN_POINT('',(2.875,-2.475,1.93));
#4610 = DIRECTION('',(1.,0.,-0.));
#4611 = DIRECTION('',(0.,0.,1.));
#4612 = ADVANCED_FACE('',(#4613),#4629,.F.);
#4613 = FACE_BOUND('',#4614,.F.);
#4614 = EDGE_LOOP('',(#4615,#4621,#4622,#4628));
#4615 = ORIENTED_EDGE('',*,*,#4616,.F.);
#4616 = EDGE_CURVE('',#4537,#4577,#4617,.T.);
#4617 = LINE('',#4618,#4619);
#4618 = CARTESIAN_POINT('',(2.625,-2.475,1.93));
#4619 = VECTOR('',#4620,1.);
#4620 = DIRECTION('',(1.,0.,-0.));
#4621 = ORIENTED_EDGE('',*,*,#4536,.T.);
#4622 = ORIENTED_EDGE('',*,*,#4623,.T.);
#4623 = EDGE_CURVE('',#4539,#4579,#4624,.T.);
#4624 = LINE('',#4625,#4626);
#4625 = CARTESIAN_POINT('',(2.625,-2.475,1.96));
#4626 = VECTOR('',#4627,1.);
#4627 = DIRECTION('',(1.,0.,-0.));
#4628 = ORIENTED_EDGE('',*,*,#4576,.F.);
#4629 = PLANE('',#4630);
#4630 = AXIS2_PLACEMENT_3D('',#4631,#4632,#4633);
#4631 = CARTESIAN_POINT('',(2.625,-2.475,1.93));
#4632 = DIRECTION('',(-0.,1.,0.));
#4633 = DIRECTION('',(0.,0.,1.));
#4634 = ADVANCED_FACE('',(#4635),#4651,.T.);
#4635 = FACE_BOUND('',#4636,.T.);
#4636 = EDGE_LOOP('',(#4637,#4643,#4644,#4650));
#4637 = ORIENTED_EDGE('',*,*,#4638,.F.);
#4638 = EDGE_CURVE('',#4547,#4587,#4639,.T.);
#4639 = LINE('',#4640,#4641);
#4640 = CARTESIAN_POINT('',(2.625,-0.475,1.93));
#4641 = VECTOR('',#4642,1.);
#4642 = DIRECTION('',(1.,0.,-0.));
#4643 = ORIENTED_EDGE('',*,*,#4554,.T.);
#4644 = ORIENTED_EDGE('',*,*,#4645,.T.);
#4645 = EDGE_CURVE('',#4555,#4595,#4646,.T.);
#4646 = LINE('',#4647,#4648);
#4647 = CARTESIAN_POINT('',(2.625,-0.475,1.96));
#4648 = VECTOR('',#4649,1.);
#4649 = DIRECTION('',(1.,0.,-0.));
#4650 = ORIENTED_EDGE('',*,*,#4594,.F.);
#4651 = PLANE('',#4652);
#4652 = AXIS2_PLACEMENT_3D('',#4653,#4654,#4655);
#4653 = CARTESIAN_POINT('',(2.625,-0.475,1.93));
#4654 = DIRECTION('',(-0.,1.,0.));
#4655 = DIRECTION('',(0.,0.,1.));
#4656 = ADVANCED_FACE('',(#4657),#4663,.F.);
#4657 = FACE_BOUND('',#4658,.F.);
#4658 = EDGE_LOOP('',(#4659,#4660,#4661,#4662));
#4659 = ORIENTED_EDGE('',*,*,#4546,.F.);
#4660 = ORIENTED_EDGE('',*,*,#4616,.T.);
#4661 = ORIENTED_EDGE('',*,*,#4586,.T.);
#4662 = ORIENTED_EDGE('',*,*,#4638,.F.);
#4663 = PLANE('',#4664);
#4664 = AXIS2_PLACEMENT_3D('',#4665,#4666,#4667);
#4665 = CARTESIAN_POINT('',(2.625,-2.475,1.93));
#4666 = DIRECTION('',(0.,0.,1.));
#4667 = DIRECTION('',(1.,0.,-0.));
#4668 = ADVANCED_FACE('',(#4669),#4675,.T.);
#4669 = FACE_BOUND('',#4670,.T.);
#4670 = EDGE_LOOP('',(#4671,#4672,#4673,#4674));
#4671 = ORIENTED_EDGE('',*,*,#4562,.F.);
#4672 = ORIENTED_EDGE('',*,*,#4623,.T.);
#4673 = ORIENTED_EDGE('',*,*,#4602,.T.);
#4674 = ORIENTED_EDGE('',*,*,#4645,.F.);
#4675 = PLANE('',#4676);
#4676 = AXIS2_PLACEMENT_3D('',#4677,#4678,#4679);
#4677 = CARTESIAN_POINT('',(2.625,-2.475,1.96));
#4678 = DIRECTION('',(0.,0.,1.));
#4679 = DIRECTION('',(1.,0.,-0.));
#4680 = MANIFOLD_SOLID_BREP('',#4681);
#4681 = CLOSED_SHELL('',(#4682,#4722,#4762,#4784,#4806,#4818));
#4682 = ADVANCED_FACE('',(#4683),#4717,.F.);
#4683 = FACE_BOUND('',#4684,.F.);
#4684 = EDGE_LOOP('',(#4685,#4695,#4703,#4711));
#4685 = ORIENTED_EDGE('',*,*,#4686,.F.);
#4686 = EDGE_CURVE('',#4687,#4689,#4691,.T.);
#4687 = VERTEX_POINT('',#4688);
#4688 = CARTESIAN_POINT('',(2.625,-2.475,1.2));
#4689 = VERTEX_POINT('',#4690);
#4690 = CARTESIAN_POINT('',(2.625,-2.475,1.23));
#4691 = LINE('',#4692,#4693);
#4692 = CARTESIAN_POINT('',(2.625,-2.475,1.2));
#4693 = VECTOR('',#4694,1.);
#4694 = DIRECTION('',(0.,0.,1.));
#4695 = ORIENTED_EDGE('',*,*,#4696,.T.);
#4696 = EDGE_CURVE('',#4687,#4697,#4699,.T.);
#4697 = VERTEX_POINT('',#4698);
#4698 = CARTESIAN_POINT('',(2.625,-0.475,1.2));
#4699 = LINE('',#4700,#4701);
#4700 = CARTESIAN_POINT('',(2.625,-2.475,1.2));
#4701 = VECTOR('',#4702,1.);
#4702 = DIRECTION('',(-0.,1.,0.));
#4703 = ORIENTED_EDGE('',*,*,#4704,.T.);
#4704 = EDGE_CURVE('',#4697,#4705,#4707,.T.);
#4705 = VERTEX_POINT('',#4706);
#4706 = CARTESIAN_POINT('',(2.625,-0.475,1.23));
#4707 = LINE('',#4708,#4709);
#4708 = CARTESIAN_POINT('',(2.625,-0.475,1.2));
#4709 = VECTOR('',#4710,1.);
#4710 = DIRECTION('',(0.,0.,1.));
#4711 = ORIENTED_EDGE('',*,*,#4712,.F.);
#4712 = EDGE_CURVE('',#4689,#4705,#4713,.T.);
#4713 = LINE('',#4714,#4715);
#4714 = CARTESIAN_POINT('',(2.625,-2.475,1.23));
#4715 = VECTOR('',#4716,1.);
#4716 = DIRECTION('',(-0.,1.,0.));
#4717 = PLANE('',#4718);
#4718 = AXIS2_PLACEMENT_3D('',#4719,#4720,#4721);
#4719 = CARTESIAN_POINT('',(2.625,-2.475,1.2));
#4720 = DIRECTION('',(1.,0.,-0.));
#4721 = DIRECTION('',(0.,0.,1.));
#4722 = ADVANCED_FACE('',(#4723),#4757,.T.);
#4723 = FACE_BOUND('',#4724,.T.);
#4724 = EDGE_LOOP('',(#4725,#4735,#4743,#4751));
#4725 = ORIENTED_EDGE('',*,*,#4726,.F.);
#4726 = EDGE_CURVE('',#4727,#4729,#4731,.T.);
#4727 = VERTEX_POINT('',#4728);
#4728 = CARTESIAN_POINT('',(2.875,-2.475,1.2));
#4729 = VERTEX_POINT('',#4730);
#4730 = CARTESIAN_POINT('',(2.875,-2.475,1.23));
#4731 = LINE('',#4732,#4733);
#4732 = CARTESIAN_POINT('',(2.875,-2.475,1.2));
#4733 = VECTOR('',#4734,1.);
#4734 = DIRECTION('',(0.,0.,1.));
#4735 = ORIENTED_EDGE('',*,*,#4736,.T.);
#4736 = EDGE_CURVE('',#4727,#4737,#4739,.T.);
#4737 = VERTEX_POINT('',#4738);
#4738 = CARTESIAN_POINT('',(2.875,-0.475,1.2));
#4739 = LINE('',#4740,#4741);
#4740 = CARTESIAN_POINT('',(2.875,-2.475,1.2));
#4741 = VECTOR('',#4742,1.);
#4742 = DIRECTION('',(-0.,1.,0.));
#4743 = ORIENTED_EDGE('',*,*,#4744,.T.);
#4744 = EDGE_CURVE('',#4737,#4745,#4747,.T.);
#4745 = VERTEX_POINT('',#4746);
#4746 = CARTESIAN_POINT('',(2.875,-0.475,1.23));
#4747 = LINE('',#4748,#4749);
#4748 = CARTESIAN_POINT('',(2.875,-0.475,1.2));
#4749 = VECTOR('',#4750,1.);
#4750 = DIRECTION('',(0.,0.,1.));
#4751 = ORIENTED_EDGE('',*,*,#4752,.F.);
#4752 = EDGE_CURVE('',#4729,#4745,#4753,.T.);
#4753 = LINE('',#4754,#4755);
#4754 = CARTESIAN_POINT('',(2.875,-2.475,1.23));
#4755 = VECTOR('',#4756,1.);
#4756 = DIRECTION('',(-0.,1.,0.));
#4757 = PLANE('',#4758);
#4758 = AXIS2_PLACEMENT_3D('',#4759,#4760,#4761);
#4759 = CARTESIAN_POINT('',(2.875,-2.475,1.2));
#4760 = DIRECTION('',(1.,0.,-0.));
#4761 = DIRECTION('',(0.,0.,1.));
#4762 = ADVANCED_FACE('',(#4763),#4779,.F.);
#4763 = FACE_BOUND('',#4764,.F.);
#4764 = EDGE_LOOP('',(#4765,#4771,#4772,#4778));
#4765 = ORIENTED_EDGE('',*,*,#4766,.F.);
#4766 = EDGE_CURVE('',#4687,#4727,#4767,.T.);
#4767 = LINE('',#4768,#4769);
#4768 = CARTESIAN_POINT('',(2.625,-2.475,1.2));
#4769 = VECTOR('',#4770,1.);
#4770 = DIRECTION('',(1.,0.,-0.));
#4771 = ORIENTED_EDGE('',*,*,#4686,.T.);
#4772 = ORIENTED_EDGE('',*,*,#4773,.T.);
#4773 = EDGE_CURVE('',#4689,#4729,#4774,.T.);
#4774 = LINE('',#4775,#4776);
#4775 = CARTESIAN_POINT('',(2.625,-2.475,1.23));
#4776 = VECTOR('',#4777,1.);
#4777 = DIRECTION('',(1.,0.,-0.));
#4778 = ORIENTED_EDGE('',*,*,#4726,.F.);
#4779 = PLANE('',#4780);
#4780 = AXIS2_PLACEMENT_3D('',#4781,#4782,#4783);
#4781 = CARTESIAN_POINT('',(2.625,-2.475,1.2));
#4782 = DIRECTION('',(-0.,1.,0.));
#4783 = DIRECTION('',(0.,0.,1.));
#4784 = ADVANCED_FACE('',(#4785),#4801,.T.);
#4785 = FACE_BOUND('',#4786,.T.);
#4786 = EDGE_LOOP('',(#4787,#4793,#4794,#4800));
#4787 = ORIENTED_EDGE('',*,*,#4788,.F.);
#4788 = EDGE_CURVE('',#4697,#4737,#4789,.T.);
#4789 = LINE('',#4790,#4791);
#4790 = CARTESIAN_POINT('',(2.625,-0.475,1.2));
#4791 = VECTOR('',#4792,1.);
#4792 = DIRECTION('',(1.,0.,-0.));
#4793 = ORIENTED_EDGE('',*,*,#4704,.T.);
#4794 = ORIENTED_EDGE('',*,*,#4795,.T.);
#4795 = EDGE_CURVE('',#4705,#4745,#4796,.T.);
#4796 = LINE('',#4797,#4798);
#4797 = CARTESIAN_POINT('',(2.625,-0.475,1.23));
#4798 = VECTOR('',#4799,1.);
#4799 = DIRECTION('',(1.,0.,-0.));
#4800 = ORIENTED_EDGE('',*,*,#4744,.F.);
#4801 = PLANE('',#4802);
#4802 = AXIS2_PLACEMENT_3D('',#4803,#4804,#4805);
#4803 = CARTESIAN_POINT('',(2.625,-0.475,1.2));
#4804 = DIRECTION('',(-0.,1.,0.));
#4805 = DIRECTION('',(0.,0.,1.));
#4806 = ADVANCED_FACE('',(#4807),#4813,.F.);
#4807 = FACE_BOUND('',#4808,.F.);
#4808 = EDGE_LOOP('',(#4809,#4810,#4811,#4812));
#4809 = ORIENTED_EDGE('',*,*,#4696,.F.);
#4810 = ORIENTED_EDGE('',*,*,#4766,.T.);
#4811 = ORIENTED_EDGE('',*,*,#4736,.T.);
#4812 = ORIENTED_EDGE('',*,*,#4788,.F.);
#4813 = PLANE('',#4814);
#4814 = AXIS2_PLACEMENT_3D('',#4815,#4816,#4817);
#4815 = CARTESIAN_POINT('',(2.625,-2.475,1.2));
#4816 = DIRECTION('',(0.,0.,1.));
#4817 = DIRECTION('',(1.,0.,-0.));
#4818 = ADVANCED_FACE('',(#4819),#4825,.T.);
#4819 = FACE_BOUND('',#4820,.T.);
#4820 = EDGE_LOOP('',(#4821,#4822,#4823,#4824));
#4821 = ORIENTED_EDGE('',*,*,#4712,.F.);
#4822 = ORIENTED_EDGE('',*,*,#4773,.T.);
#4823 = ORIENTED_EDGE('',*,*,#4752,.T.);
#4824 = ORIENTED_EDGE('',*,*,#4795,.F.);
#4825 = PLANE('',#4826);
#4826 = AXIS2_PLACEMENT_3D('',#4827,#4828,#4829);
#4827 = CARTESIAN_POINT('',(2.625,-2.475,1.23));
#4828 = DIRECTION('',(0.,0.,1.));
#4829 = DIRECTION('',(1.,0.,-0.));
#4830 = ( GEOMETRIC_REPRESENTATION_CONTEXT(3) 
GLOBAL_UNCERTAINTY_ASSIGNED_CONTEXT((#4834)) 
GLOBAL_UNIT_ASSIGNED_CONTEXT((#4831,#4832,#4833)) REPRESENTATION_CONTEXT
('Context #1','3D Context with UNIT and UNCERTAINTY') );
#4831 = ( LENGTH_UNIT() NAMED_UNIT(*) SI_UNIT(.MILLI.,.METRE.) );
#4832 = ( NAMED_UNIT(*) PLANE_ANGLE_UNIT() SI_UNIT($,.RADIAN.) );
#4833 = ( NAMED_UNIT(*) SI_UNIT($,.STERADIAN.) SOLID_ANGLE_UNIT() );
#4834 = UNCERTAINTY_MEASURE_WITH_UNIT(LENGTH_MEASURE(1.E-07),#4831,
  'distance_accuracy_value','confusion accuracy');
#4835 = CONTEXT_DEPENDENT_SHAPE_REPRESENTATION(#4836,#4838);
#4836 = ( REPRESENTATION_RELATIONSHIP('','',#2429,#10) 
REPRESENTATION_RELATIONSHIP_WITH_TRANSFORMATION(#4837) 
SHAPE_REPRESENTATION_RELATIONSHIP() );
#4837 = ITEM_DEFINED_TRANSFORMATION('','',#11,#27);
#4838 = PRODUCT_DEFINITION_SHAPE('Placement','Placement of an item',
  #4839);
#4839 = NEXT_ASSEMBLY_USAGE_OCCURRENCE('4','contacts','',#5,#2424,$);
#4840 = PRODUCT_RELATED_PRODUCT_CATEGORY('part',$,(#2426));
#4841 = SHAPE_DEFINITION_REPRESENTATION(#4842,#4848);
#4842 = PRODUCT_DEFINITION_SHAPE('','',#4843);
#4843 = PRODUCT_DEFINITION('design','',#4844,#4847);
#4844 = PRODUCT_DEFINITION_FORMATION('','',#4845);
#4845 = PRODUCT('tails','tails','',(#4846));
#4846 = PRODUCT_CONTEXT('',#2,'mechanical');
#4847 = PRODUCT_DEFINITION_CONTEXT('part definition',#2,'design');
#4848 = SHAPE_REPRESENTATION('',(#11,#4849,#4999,#5149,#5299,#5449,#5599
    ,#5749,#5899,#6049,#6199,#6349,#6499,#6649,#6799,#6949,#7099),#7249
  );
#4849 = MANIFOLD_SOLID_BREP('',#4850);
#4850 = CLOSED_SHELL('',(#4851,#4891,#4931,#4953,#4975,#4987));
#4851 = ADVANCED_FACE('',(#4852),#4886,.F.);
#4852 = FACE_BOUND('',#4853,.F.);
#4853 = EDGE_LOOP('',(#4854,#4864,#4872,#4880));
#4854 = ORIENTED_EDGE('',*,*,#4855,.F.);
#4855 = EDGE_CURVE('',#4856,#4858,#4860,.T.);
#4856 = VERTEX_POINT('',#4857);
#4857 = CARTESIAN_POINT('',(-3.445,3.165,0.));
#4858 = VERTEX_POINT('',#4859);
#4859 = CARTESIAN_POINT('',(-3.445,3.165,0.1));
#4860 = LINE('',#4861,#4862);
#4861 = CARTESIAN_POINT('',(-3.445,3.165,0.));
#4862 = VECTOR('',#4863,1.);
#4863 = DIRECTION('',(0.,0.,1.));
#4864 = ORIENTED_EDGE('',*,*,#4865,.T.);
#4865 = EDGE_CURVE('',#4856,#4866,#4868,.T.);
#4866 = VERTEX_POINT('',#4867);
#4867 = CARTESIAN_POINT('',(-3.445,3.975,0.));
#4868 = LINE('',#4869,#4870);
#4869 = CARTESIAN_POINT('',(-3.445,3.165,0.));
#4870 = VECTOR('',#4871,1.);
#4871 = DIRECTION('',(-0.,1.,0.));
#4872 = ORIENTED_EDGE('',*,*,#4873,.T.);
#4873 = EDGE_CURVE('',#4866,#4874,#4876,.T.);
#4874 = VERTEX_POINT('',#4875);
#4875 = CARTESIAN_POINT('',(-3.445,3.975,0.1));
#4876 = LINE('',#4877,#4878);
#4877 = CARTESIAN_POINT('',(-3.445,3.975,0.));
#4878 = VECTOR('',#4879,1.);
#4879 = DIRECTION('',(0.,0.,1.));
#4880 = ORIENTED_EDGE('',*,*,#4881,.F.);
#4881 = EDGE_CURVE('',#4858,#4874,#4882,.T.);
#4882 = LINE('',#4883,#4884);
#4883 = CARTESIAN_POINT('',(-3.445,3.165,0.1));
#4884 = VECTOR('',#4885,1.);
#4885 = DIRECTION('',(-0.,1.,0.));
#4886 = PLANE('',#4887);
#4887 = AXIS2_PLACEMENT_3D('',#4888,#4889,#4890);
#4888 = CARTESIAN_POINT('',(-3.445,3.165,0.));
#4889 = DIRECTION('',(1.,0.,-0.));
#4890 = DIRECTION('',(0.,0.,1.));
#4891 = ADVANCED_FACE('',(#4892),#4926,.T.);
#4892 = FACE_BOUND('',#4893,.T.);
#4893 = EDGE_LOOP('',(#4894,#4904,#4912,#4920));
#4894 = ORIENTED_EDGE('',*,*,#4895,.F.);
#4895 = EDGE_CURVE('',#4896,#4898,#4900,.T.);
#4896 = VERTEX_POINT('',#4897);
#4897 = CARTESIAN_POINT('',(-3.205,3.165,0.));
#4898 = VERTEX_POINT('',#4899);
#4899 = CARTESIAN_POINT('',(-3.205,3.165,0.1));
#4900 = LINE('',#4901,#4902);
#4901 = CARTESIAN_POINT('',(-3.205,3.165,0.));
#4902 = VECTOR('',#4903,1.);
#4903 = DIRECTION('',(0.,0.,1.));
#4904 = ORIENTED_EDGE('',*,*,#4905,.T.);
#4905 = EDGE_CURVE('',#4896,#4906,#4908,.T.);
#4906 = VERTEX_POINT('',#4907);
#4907 = CARTESIAN_POINT('',(-3.205,3.975,0.));
#4908 = LINE('',#4909,#4910);
#4909 = CARTESIAN_POINT('',(-3.205,3.165,0.));
#4910 = VECTOR('',#4911,1.);
#4911 = DIRECTION('',(-0.,1.,0.));
#4912 = ORIENTED_EDGE('',*,*,#4913,.T.);
#4913 = EDGE_CURVE('',#4906,#4914,#4916,.T.);
#4914 = VERTEX_POINT('',#4915);
#4915 = CARTESIAN_POINT('',(-3.205,3.975,0.1));
#4916 = LINE('',#4917,#4918);
#4917 = CARTESIAN_POINT('',(-3.205,3.975,0.));
#4918 = VECTOR('',#4919,1.);
#4919 = DIRECTION('',(0.,0.,1.));
#4920 = ORIENTED_EDGE('',*,*,#4921,.F.);
#4921 = EDGE_CURVE('',#4898,#4914,#4922,.T.);
#4922 = LINE('',#4923,#4924);
#4923 = CARTESIAN_POINT('',(-3.205,3.165,0.1));
#4924 = VECTOR('',#4925,1.);
#4925 = DIRECTION('',(-0.,1.,0.));
#4926 = PLANE('',#4927);
#4927 = AXIS2_PLACEMENT_3D('',#4928,#4929,#4930);
#4928 = CARTESIAN_POINT('',(-3.205,3.165,0.));
#4929 = DIRECTION('',(1.,0.,-0.));
#4930 = DIRECTION('',(0.,0.,1.));
#4931 = ADVANCED_FACE('',(#4932),#4948,.F.);
#4932 = FACE_BOUND('',#4933,.F.);
#4933 = EDGE_LOOP('',(#4934,#4940,#4941,#4947));
#4934 = ORIENTED_EDGE('',*,*,#4935,.F.);
#4935 = EDGE_CURVE('',#4856,#4896,#4936,.T.);
#4936 = LINE('',#4937,#4938);
#4937 = CARTESIAN_POINT('',(-3.445,3.165,0.));
#4938 = VECTOR('',#4939,1.);
#4939 = DIRECTION('',(1.,0.,-0.));
#4940 = ORIENTED_EDGE('',*,*,#4855,.T.);
#4941 = ORIENTED_EDGE('',*,*,#4942,.T.);
#4942 = EDGE_CURVE('',#4858,#4898,#4943,.T.);
#4943 = LINE('',#4944,#4945);
#4944 = CARTESIAN_POINT('',(-3.445,3.165,0.1));
#4945 = VECTOR('',#4946,1.);
#4946 = DIRECTION('',(1.,0.,-0.));
#4947 = ORIENTED_EDGE('',*,*,#4895,.F.);
#4948 = PLANE('',#4949);
#4949 = AXIS2_PLACEMENT_3D('',#4950,#4951,#4952);
#4950 = CARTESIAN_POINT('',(-3.445,3.165,0.));
#4951 = DIRECTION('',(-0.,1.,0.));
#4952 = DIRECTION('',(0.,0.,1.));
#4953 = ADVANCED_FACE('',(#4954),#4970,.T.);
#4954 = FACE_BOUND('',#4955,.T.);
#4955 = EDGE_LOOP('',(#4956,#4962,#4963,#4969));
#4956 = ORIENTED_EDGE('',*,*,#4957,.F.);
#4957 = EDGE_CURVE('',#4866,#4906,#4958,.T.);
#4958 = LINE('',#4959,#4960);
#4959 = CARTESIAN_POINT('',(-3.445,3.975,0.));
#4960 = VECTOR('',#4961,1.);
#4961 = DIRECTION('',(1.,0.,-0.));
#4962 = ORIENTED_EDGE('',*,*,#4873,.T.);
#4963 = ORIENTED_EDGE('',*,*,#4964,.T.);
#4964 = EDGE_CURVE('',#4874,#4914,#4965,.T.);
#4965 = LINE('',#4966,#4967);
#4966 = CARTESIAN_POINT('',(-3.445,3.975,0.1));
#4967 = VECTOR('',#4968,1.);
#4968 = DIRECTION('',(1.,0.,-0.));
#4969 = ORIENTED_EDGE('',*,*,#4913,.F.);
#4970 = PLANE('',#4971);
#4971 = AXIS2_PLACEMENT_3D('',#4972,#4973,#4974);
#4972 = CARTESIAN_POINT('',(-3.445,3.975,0.));
#4973 = DIRECTION('',(-0.,1.,0.));
#4974 = DIRECTION('',(0.,0.,1.));
#4975 = ADVANCED_FACE('',(#4976),#4982,.F.);
#4976 = FACE_BOUND('',#4977,.F.);
#4977 = EDGE_LOOP('',(#4978,#4979,#4980,#4981));
#4978 = ORIENTED_EDGE('',*,*,#4865,.F.);
#4979 = ORIENTED_EDGE('',*,*,#4935,.T.);
#4980 = ORIENTED_EDGE('',*,*,#4905,.T.);
#4981 = ORIENTED_EDGE('',*,*,#4957,.F.);
#4982 = PLANE('',#4983);
#4983 = AXIS2_PLACEMENT_3D('',#4984,#4985,#4986);
#4984 = CARTESIAN_POINT('',(-3.445,3.165,0.));
#4985 = DIRECTION('',(0.,0.,1.));
#4986 = DIRECTION('',(1.,0.,-0.));
#4987 = ADVANCED_FACE('',(#4988),#4994,.T.);
#4988 = FACE_BOUND('',#4989,.T.);
#4989 = EDGE_LOOP('',(#4990,#4991,#4992,#4993));
#4990 = ORIENTED_EDGE('',*,*,#4881,.F.);
#4991 = ORIENTED_EDGE('',*,*,#4942,.T.);
#4992 = ORIENTED_EDGE('',*,*,#4921,.T.);
#4993 = ORIENTED_EDGE('',*,*,#4964,.F.);
#4994 = PLANE('',#4995);
#4995 = AXIS2_PLACEMENT_3D('',#4996,#4997,#4998);
#4996 = CARTESIAN_POINT('',(-3.445,3.165,0.1));
#4997 = DIRECTION('',(0.,0.,1.));
#4998 = DIRECTION('',(1.,0.,-0.));
#4999 = MANIFOLD_SOLID_BREP('',#5000);
#5000 = CLOSED_SHELL('',(#5001,#5041,#5081,#5103,#5125,#5137));
#5001 = ADVANCED_FACE('',(#5002),#5036,.F.);
#5002 = FACE_BOUND('',#5003,.F.);
#5003 = EDGE_LOOP('',(#5004,#5014,#5022,#5030));
#5004 = ORIENTED_EDGE('',*,*,#5005,.F.);
#5005 = EDGE_CURVE('',#5006,#5008,#5010,.T.);
#5006 = VERTEX_POINT('',#5007);
#5007 = CARTESIAN_POINT('',(-3.195,3.165,0.));
#5008 = VERTEX_POINT('',#5009);
#5009 = CARTESIAN_POINT('',(-3.195,3.165,0.1));
#5010 = LINE('',#5011,#5012);
#5011 = CARTESIAN_POINT('',(-3.195,3.165,0.));
#5012 = VECTOR('',#5013,1.);
#5013 = DIRECTION('',(0.,0.,1.));
#5014 = ORIENTED_EDGE('',*,*,#5015,.T.);
#5015 = EDGE_CURVE('',#5006,#5016,#5018,.T.);
#5016 = VERTEX_POINT('',#5017);
#5017 = CARTESIAN_POINT('',(-3.195,3.975,0.));
#5018 = LINE('',#5019,#5020);
#5019 = CARTESIAN_POINT('',(-3.195,3.165,0.));
#5020 = VECTOR('',#5021,1.);
#5021 = DIRECTION('',(-0.,1.,0.));
#5022 = ORIENTED_EDGE('',*,*,#5023,.T.);
#5023 = EDGE_CURVE('',#5016,#5024,#5026,.T.);
#5024 = VERTEX_POINT('',#5025);
#5025 = CARTESIAN_POINT('',(-3.195,3.975,0.1));
#5026 = LINE('',#5027,#5028);
#5027 = CARTESIAN_POINT('',(-3.195,3.975,0.));
#5028 = VECTOR('',#5029,1.);
#5029 = DIRECTION('',(0.,0.,1.));
#5030 = ORIENTED_EDGE('',*,*,#5031,.F.);
#5031 = EDGE_CURVE('',#5008,#5024,#5032,.T.);
#5032 = LINE('',#5033,#5034);
#5033 = CARTESIAN_POINT('',(-3.195,3.165,0.1));
#5034 = VECTOR('',#5035,1.);
#5035 = DIRECTION('',(-0.,1.,0.));
#5036 = PLANE('',#5037);
#5037 = AXIS2_PLACEMENT_3D('',#5038,#5039,#5040);
#5038 = CARTESIAN_POINT('',(-3.195,3.165,0.));
#5039 = DIRECTION('',(1.,0.,-0.));
#5040 = DIRECTION('',(0.,0.,1.));
#5041 = ADVANCED_FACE('',(#5042),#5076,.T.);
#5042 = FACE_BOUND('',#5043,.T.);
#5043 = EDGE_LOOP('',(#5044,#5054,#5062,#5070));
#5044 = ORIENTED_EDGE('',*,*,#5045,.F.);
#5045 = EDGE_CURVE('',#5046,#5048,#5050,.T.);
#5046 = VERTEX_POINT('',#5047);
#5047 = CARTESIAN_POINT('',(-2.955,3.165,0.));
#5048 = VERTEX_POINT('',#5049);
#5049 = CARTESIAN_POINT('',(-2.955,3.165,0.1));
#5050 = LINE('',#5051,#5052);
#5051 = CARTESIAN_POINT('',(-2.955,3.165,0.));
#5052 = VECTOR('',#5053,1.);
#5053 = DIRECTION('',(0.,0.,1.));
#5054 = ORIENTED_EDGE('',*,*,#5055,.T.);
#5055 = EDGE_CURVE('',#5046,#5056,#5058,.T.);
#5056 = VERTEX_POINT('',#5057);
#5057 = CARTESIAN_POINT('',(-2.955,3.975,0.));
#5058 = LINE('',#5059,#5060);
#5059 = CARTESIAN_POINT('',(-2.955,3.165,0.));
#5060 = VECTOR('',#5061,1.);
#5061 = DIRECTION('',(-0.,1.,0.));
#5062 = ORIENTED_EDGE('',*,*,#5063,.T.);
#5063 = EDGE_CURVE('',#5056,#5064,#5066,.T.);
#5064 = VERTEX_POINT('',#5065);
#5065 = CARTESIAN_POINT('',(-2.955,3.975,0.1));
#5066 = LINE('',#5067,#5068);
#5067 = CARTESIAN_POINT('',(-2.955,3.975,0.));
#5068 = VECTOR('',#5069,1.);
#5069 = DIRECTION('',(0.,0.,1.));
#5070 = ORIENTED_EDGE('',*,*,#5071,.F.);
#5071 = EDGE_CURVE('',#5048,#5064,#5072,.T.);
#5072 = LINE('',#5073,#5074);
#5073 = CARTESIAN_POINT('',(-2.955,3.165,0.1));
#5074 = VECTOR('',#5075,1.);
#5075 = DIRECTION('',(-0.,1.,0.));
#5076 = PLANE('',#5077);
#5077 = AXIS2_PLACEMENT_3D('',#5078,#5079,#5080);
#5078 = CARTESIAN_POINT('',(-2.955,3.165,0.));
#5079 = DIRECTION('',(1.,0.,-0.));
#5080 = DIRECTION('',(0.,0.,1.));
#5081 = ADVANCED_FACE('',(#5082),#5098,.F.);
#5082 = FACE_BOUND('',#5083,.F.);
#5083 = EDGE_LOOP('',(#5084,#5090,#5091,#5097));
#5084 = ORIENTED_EDGE('',*,*,#5085,.F.);
#5085 = EDGE_CURVE('',#5006,#5046,#5086,.T.);
#5086 = LINE('',#5087,#5088);
#5087 = CARTESIAN_POINT('',(-3.195,3.165,0.));
#5088 = VECTOR('',#5089,1.);
#5089 = DIRECTION('',(1.,0.,-0.));
#5090 = ORIENTED_EDGE('',*,*,#5005,.T.);
#5091 = ORIENTED_EDGE('',*,*,#5092,.T.);
#5092 = EDGE_CURVE('',#5008,#5048,#5093,.T.);
#5093 = LINE('',#5094,#5095);
#5094 = CARTESIAN_POINT('',(-3.195,3.165,0.1));
#5095 = VECTOR('',#5096,1.);
#5096 = DIRECTION('',(1.,0.,-0.));
#5097 = ORIENTED_EDGE('',*,*,#5045,.F.);
#5098 = PLANE('',#5099);
#5099 = AXIS2_PLACEMENT_3D('',#5100,#5101,#5102);
#5100 = CARTESIAN_POINT('',(-3.195,3.165,0.));
#5101 = DIRECTION('',(-0.,1.,0.));
#5102 = DIRECTION('',(0.,0.,1.));
#5103 = ADVANCED_FACE('',(#5104),#5120,.T.);
#5104 = FACE_BOUND('',#5105,.T.);
#5105 = EDGE_LOOP('',(#5106,#5112,#5113,#5119));
#5106 = ORIENTED_EDGE('',*,*,#5107,.F.);
#5107 = EDGE_CURVE('',#5016,#5056,#5108,.T.);
#5108 = LINE('',#5109,#5110);
#5109 = CARTESIAN_POINT('',(-3.195,3.975,0.));
#5110 = VECTOR('',#5111,1.);
#5111 = DIRECTION('',(1.,0.,-0.));
#5112 = ORIENTED_EDGE('',*,*,#5023,.T.);
#5113 = ORIENTED_EDGE('',*,*,#5114,.T.);
#5114 = EDGE_CURVE('',#5024,#5064,#5115,.T.);
#5115 = LINE('',#5116,#5117);
#5116 = CARTESIAN_POINT('',(-3.195,3.975,0.1));
#5117 = VECTOR('',#5118,1.);
#5118 = DIRECTION('',(1.,0.,-0.));
#5119 = ORIENTED_EDGE('',*,*,#5063,.F.);
#5120 = PLANE('',#5121);
#5121 = AXIS2_PLACEMENT_3D('',#5122,#5123,#5124);
#5122 = CARTESIAN_POINT('',(-3.195,3.975,0.));
#5123 = DIRECTION('',(-0.,1.,0.));
#5124 = DIRECTION('',(0.,0.,1.));
#5125 = ADVANCED_FACE('',(#5126),#5132,.F.);
#5126 = FACE_BOUND('',#5127,.F.);
#5127 = EDGE_LOOP('',(#5128,#5129,#5130,#5131));
#5128 = ORIENTED_EDGE('',*,*,#5015,.F.);
#5129 = ORIENTED_EDGE('',*,*,#5085,.T.);
#5130 = ORIENTED_EDGE('',*,*,#5055,.T.);
#5131 = ORIENTED_EDGE('',*,*,#5107,.F.);
#5132 = PLANE('',#5133);
#5133 = AXIS2_PLACEMENT_3D('',#5134,#5135,#5136);
#5134 = CARTESIAN_POINT('',(-3.195,3.165,0.));
#5135 = DIRECTION('',(0.,0.,1.));
#5136 = DIRECTION('',(1.,0.,-0.));
#5137 = ADVANCED_FACE('',(#5138),#5144,.T.);
#5138 = FACE_BOUND('',#5139,.T.);
#5139 = EDGE_LOOP('',(#5140,#5141,#5142,#5143));
#5140 = ORIENTED_EDGE('',*,*,#5031,.F.);
#5141 = ORIENTED_EDGE('',*,*,#5092,.T.);
#5142 = ORIENTED_EDGE('',*,*,#5071,.T.);
#5143 = ORIENTED_EDGE('',*,*,#5114,.F.);
#5144 = PLANE('',#5145);
#5145 = AXIS2_PLACEMENT_3D('',#5146,#5147,#5148);
#5146 = CARTESIAN_POINT('',(-3.195,3.165,0.1));
#5147 = DIRECTION('',(0.,0.,1.));
#5148 = DIRECTION('',(1.,0.,-0.));
#5149 = MANIFOLD_SOLID_BREP('',#5150);
#5150 = CLOSED_SHELL('',(#5151,#5191,#5231,#5253,#5275,#5287));
#5151 = ADVANCED_FACE('',(#5152),#5186,.F.);
#5152 = FACE_BOUND('',#5153,.F.);
#5153 = EDGE_LOOP('',(#5154,#5164,#5172,#5180));
#5154 = ORIENTED_EDGE('',*,*,#5155,.F.);
#5155 = EDGE_CURVE('',#5156,#5158,#5160,.T.);
#5156 = VERTEX_POINT('',#5157);
#5157 = CARTESIAN_POINT('',(-2.645,3.165,0.));
#5158 = VERTEX_POINT('',#5159);
#5159 = CARTESIAN_POINT('',(-2.645,3.165,0.1));
#5160 = LINE('',#5161,#5162);
#5161 = CARTESIAN_POINT('',(-2.645,3.165,0.));
#5162 = VECTOR('',#5163,1.);
#5163 = DIRECTION('',(0.,0.,1.));
#5164 = ORIENTED_EDGE('',*,*,#5165,.T.);
#5165 = EDGE_CURVE('',#5156,#5166,#5168,.T.);
#5166 = VERTEX_POINT('',#5167);
#5167 = CARTESIAN_POINT('',(-2.645,3.975,0.));
#5168 = LINE('',#5169,#5170);
#5169 = CARTESIAN_POINT('',(-2.645,3.165,0.));
#5170 = VECTOR('',#5171,1.);
#5171 = DIRECTION('',(-0.,1.,0.));
#5172 = ORIENTED_EDGE('',*,*,#5173,.T.);
#5173 = EDGE_CURVE('',#5166,#5174,#5176,.T.);
#5174 = VERTEX_POINT('',#5175);
#5175 = CARTESIAN_POINT('',(-2.645,3.975,0.1));
#5176 = LINE('',#5177,#5178);
#5177 = CARTESIAN_POINT('',(-2.645,3.975,0.));
#5178 = VECTOR('',#5179,1.);
#5179 = DIRECTION('',(0.,0.,1.));
#5180 = ORIENTED_EDGE('',*,*,#5181,.F.);
#5181 = EDGE_CURVE('',#5158,#5174,#5182,.T.);
#5182 = LINE('',#5183,#5184);
#5183 = CARTESIAN_POINT('',(-2.645,3.165,0.1));
#5184 = VECTOR('',#5185,1.);
#5185 = DIRECTION('',(-0.,1.,0.));
#5186 = PLANE('',#5187);
#5187 = AXIS2_PLACEMENT_3D('',#5188,#5189,#5190);
#5188 = CARTESIAN_POINT('',(-2.645,3.165,0.));
#5189 = DIRECTION('',(1.,0.,-0.));
#5190 = DIRECTION('',(0.,0.,1.));
#5191 = ADVANCED_FACE('',(#5192),#5226,.T.);
#5192 = FACE_BOUND('',#5193,.T.);
#5193 = EDGE_LOOP('',(#5194,#5204,#5212,#5220));
#5194 = ORIENTED_EDGE('',*,*,#5195,.F.);
#5195 = EDGE_CURVE('',#5196,#5198,#5200,.T.);
#5196 = VERTEX_POINT('',#5197);
#5197 = CARTESIAN_POINT('',(-2.405,3.165,0.));
#5198 = VERTEX_POINT('',#5199);
#5199 = CARTESIAN_POINT('',(-2.405,3.165,0.1));
#5200 = LINE('',#5201,#5202);
#5201 = CARTESIAN_POINT('',(-2.405,3.165,0.));
#5202 = VECTOR('',#5203,1.);
#5203 = DIRECTION('',(0.,0.,1.));
#5204 = ORIENTED_EDGE('',*,*,#5205,.T.);
#5205 = EDGE_CURVE('',#5196,#5206,#5208,.T.);
#5206 = VERTEX_POINT('',#5207);
#5207 = CARTESIAN_POINT('',(-2.405,3.975,0.));
#5208 = LINE('',#5209,#5210);
#5209 = CARTESIAN_POINT('',(-2.405,3.165,0.));
#5210 = VECTOR('',#5211,1.);
#5211 = DIRECTION('',(-0.,1.,0.));
#5212 = ORIENTED_EDGE('',*,*,#5213,.T.);
#5213 = EDGE_CURVE('',#5206,#5214,#5216,.T.);
#5214 = VERTEX_POINT('',#5215);
#5215 = CARTESIAN_POINT('',(-2.405,3.975,0.1));
#5216 = LINE('',#5217,#5218);
#5217 = CARTESIAN_POINT('',(-2.405,3.975,0.));
#5218 = VECTOR('',#5219,1.);
#5219 = DIRECTION('',(0.,0.,1.));
#5220 = ORIENTED_EDGE('',*,*,#5221,.F.);
#5221 = EDGE_CURVE('',#5198,#5214,#5222,.T.);
#5222 = LINE('',#5223,#5224);
#5223 = CARTESIAN_POINT('',(-2.405,3.165,0.1));
#5224 = VECTOR('',#5225,1.);
#5225 = DIRECTION('',(-0.,1.,0.));
#5226 = PLANE('',#5227);
#5227 = AXIS2_PLACEMENT_3D('',#5228,#5229,#5230);
#5228 = CARTESIAN_POINT('',(-2.405,3.165,0.));
#5229 = DIRECTION('',(1.,0.,-0.));
#5230 = DIRECTION('',(0.,0.,1.));
#5231 = ADVANCED_FACE('',(#5232),#5248,.F.);
#5232 = FACE_BOUND('',#5233,.F.);
#5233 = EDGE_LOOP('',(#5234,#5240,#5241,#5247));
#5234 = ORIENTED_EDGE('',*,*,#5235,.F.);
#5235 = EDGE_CURVE('',#5156,#5196,#5236,.T.);
#5236 = LINE('',#5237,#5238);
#5237 = CARTESIAN_POINT('',(-2.645,3.165,0.));
#5238 = VECTOR('',#5239,1.);
#5239 = DIRECTION('',(1.,0.,-0.));
#5240 = ORIENTED_EDGE('',*,*,#5155,.T.);
#5241 = ORIENTED_EDGE('',*,*,#5242,.T.);
#5242 = EDGE_CURVE('',#5158,#5198,#5243,.T.);
#5243 = LINE('',#5244,#5245);
#5244 = CARTESIAN_POINT('',(-2.645,3.165,0.1));
#5245 = VECTOR('',#5246,1.);
#5246 = DIRECTION('',(1.,0.,-0.));
#5247 = ORIENTED_EDGE('',*,*,#5195,.F.);
#5248 = PLANE('',#5249);
#5249 = AXIS2_PLACEMENT_3D('',#5250,#5251,#5252);
#5250 = CARTESIAN_POINT('',(-2.645,3.165,0.));
#5251 = DIRECTION('',(-0.,1.,0.));
#5252 = DIRECTION('',(0.,0.,1.));
#5253 = ADVANCED_FACE('',(#5254),#5270,.T.);
#5254 = FACE_BOUND('',#5255,.T.);
#5255 = EDGE_LOOP('',(#5256,#5262,#5263,#5269));
#5256 = ORIENTED_EDGE('',*,*,#5257,.F.);
#5257 = EDGE_CURVE('',#5166,#5206,#5258,.T.);
#5258 = LINE('',#5259,#5260);
#5259 = CARTESIAN_POINT('',(-2.645,3.975,0.));
#5260 = VECTOR('',#5261,1.);
#5261 = DIRECTION('',(1.,0.,-0.));
#5262 = ORIENTED_EDGE('',*,*,#5173,.T.);
#5263 = ORIENTED_EDGE('',*,*,#5264,.T.);
#5264 = EDGE_CURVE('',#5174,#5214,#5265,.T.);
#5265 = LINE('',#5266,#5267);
#5266 = CARTESIAN_POINT('',(-2.645,3.975,0.1));
#5267 = VECTOR('',#5268,1.);
#5268 = DIRECTION('',(1.,0.,-0.));
#5269 = ORIENTED_EDGE('',*,*,#5213,.F.);
#5270 = PLANE('',#5271);
#5271 = AXIS2_PLACEMENT_3D('',#5272,#5273,#5274);
#5272 = CARTESIAN_POINT('',(-2.645,3.975,0.));
#5273 = DIRECTION('',(-0.,1.,0.));
#5274 = DIRECTION('',(0.,0.,1.));
#5275 = ADVANCED_FACE('',(#5276),#5282,.F.);
#5276 = FACE_BOUND('',#5277,.F.);
#5277 = EDGE_LOOP('',(#5278,#5279,#5280,#5281));
#5278 = ORIENTED_EDGE('',*,*,#5165,.F.);
#5279 = ORIENTED_EDGE('',*,*,#5235,.T.);
#5280 = ORIENTED_EDGE('',*,*,#5205,.T.);
#5281 = ORIENTED_EDGE('',*,*,#5257,.F.);
#5282 = PLANE('',#5283);
#5283 = AXIS2_PLACEMENT_3D('',#5284,#5285,#5286);
#5284 = CARTESIAN_POINT('',(-2.645,3.165,0.));
#5285 = DIRECTION('',(0.,0.,1.));
#5286 = DIRECTION('',(1.,0.,-0.));
#5287 = ADVANCED_FACE('',(#5288),#5294,.T.);
#5288 = FACE_BOUND('',#5289,.T.);
#5289 = EDGE_LOOP('',(#5290,#5291,#5292,#5293));
#5290 = ORIENTED_EDGE('',*,*,#5181,.F.);
#5291 = ORIENTED_EDGE('',*,*,#5242,.T.);
#5292 = ORIENTED_EDGE('',*,*,#5221,.T.);
#5293 = ORIENTED_EDGE('',*,*,#5264,.F.);
#5294 = PLANE('',#5295);
#5295 = AXIS2_PLACEMENT_3D('',#5296,#5297,#5298);
#5296 = CARTESIAN_POINT('',(-2.645,3.165,0.1));
#5297 = DIRECTION('',(0.,0.,1.));
#5298 = DIRECTION('',(1.,0.,-0.));
#5299 = MANIFOLD_SOLID_BREP('',#5300);
#5300 = CLOSED_SHELL('',(#5301,#5341,#5381,#5403,#5425,#5437));
#5301 = ADVANCED_FACE('',(#5302),#5336,.F.);
#5302 = FACE_BOUND('',#5303,.F.);
#5303 = EDGE_LOOP('',(#5304,#5314,#5322,#5330));
#5304 = ORIENTED_EDGE('',*,*,#5305,.F.);
#5305 = EDGE_CURVE('',#5306,#5308,#5310,.T.);
#5306 = VERTEX_POINT('',#5307);
#5307 = CARTESIAN_POINT('',(-2.395,3.165,0.));
#5308 = VERTEX_POINT('',#5309);
#5309 = CARTESIAN_POINT('',(-2.395,3.165,0.1));
#5310 = LINE('',#5311,#5312);
#5311 = CARTESIAN_POINT('',(-2.395,3.165,0.));
#5312 = VECTOR('',#5313,1.);
#5313 = DIRECTION('',(0.,0.,1.));
#5314 = ORIENTED_EDGE('',*,*,#5315,.T.);
#5315 = EDGE_CURVE('',#5306,#5316,#5318,.T.);
#5316 = VERTEX_POINT('',#5317);
#5317 = CARTESIAN_POINT('',(-2.395,3.975,0.));
#5318 = LINE('',#5319,#5320);
#5319 = CARTESIAN_POINT('',(-2.395,3.165,0.));
#5320 = VECTOR('',#5321,1.);
#5321 = DIRECTION('',(-0.,1.,0.));
#5322 = ORIENTED_EDGE('',*,*,#5323,.T.);
#5323 = EDGE_CURVE('',#5316,#5324,#5326,.T.);
#5324 = VERTEX_POINT('',#5325);
#5325 = CARTESIAN_POINT('',(-2.395,3.975,0.1));
#5326 = LINE('',#5327,#5328);
#5327 = CARTESIAN_POINT('',(-2.395,3.975,0.));
#5328 = VECTOR('',#5329,1.);
#5329 = DIRECTION('',(0.,0.,1.));
#5330 = ORIENTED_EDGE('',*,*,#5331,.F.);
#5331 = EDGE_CURVE('',#5308,#5324,#5332,.T.);
#5332 = LINE('',#5333,#5334);
#5333 = CARTESIAN_POINT('',(-2.395,3.165,0.1));
#5334 = VECTOR('',#5335,1.);
#5335 = DIRECTION('',(-0.,1.,0.));
#5336 = PLANE('',#5337);
#5337 = AXIS2_PLACEMENT_3D('',#5338,#5339,#5340);
#5338 = CARTESIAN_POINT('',(-2.395,3.165,0.));
#5339 = DIRECTION('',(1.,0.,-0.));
#5340 = DIRECTION('',(0.,0.,1.));
#5341 = ADVANCED_FACE('',(#5342),#5376,.T.);
#5342 = FACE_BOUND('',#5343,.T.);
#5343 = EDGE_LOOP('',(#5344,#5354,#5362,#5370));
#5344 = ORIENTED_EDGE('',*,*,#5345,.F.);
#5345 = EDGE_CURVE('',#5346,#5348,#5350,.T.);
#5346 = VERTEX_POINT('',#5347);
#5347 = CARTESIAN_POINT('',(-2.155,3.165,0.));
#5348 = VERTEX_POINT('',#5349);
#5349 = CARTESIAN_POINT('',(-2.155,3.165,0.1));
#5350 = LINE('',#5351,#5352);
#5351 = CARTESIAN_POINT('',(-2.155,3.165,0.));
#5352 = VECTOR('',#5353,1.);
#5353 = DIRECTION('',(0.,0.,1.));
#5354 = ORIENTED_EDGE('',*,*,#5355,.T.);
#5355 = EDGE_CURVE('',#5346,#5356,#5358,.T.);
#5356 = VERTEX_POINT('',#5357);
#5357 = CARTESIAN_POINT('',(-2.155,3.975,0.));
#5358 = LINE('',#5359,#5360);
#5359 = CARTESIAN_POINT('',(-2.155,3.165,0.));
#5360 = VECTOR('',#5361,1.);
#5361 = DIRECTION('',(-0.,1.,0.));
#5362 = ORIENTED_EDGE('',*,*,#5363,.T.);
#5363 = EDGE_CURVE('',#5356,#5364,#5366,.T.);
#5364 = VERTEX_POINT('',#5365);
#5365 = CARTESIAN_POINT('',(-2.155,3.975,0.1));
#5366 = LINE('',#5367,#5368);
#5367 = CARTESIAN_POINT('',(-2.155,3.975,0.));
#5368 = VECTOR('',#5369,1.);
#5369 = DIRECTION('',(0.,0.,1.));
#5370 = ORIENTED_EDGE('',*,*,#5371,.F.);
#5371 = EDGE_CURVE('',#5348,#5364,#5372,.T.);
#5372 = LINE('',#5373,#5374);
#5373 = CARTESIAN_POINT('',(-2.155,3.165,0.1));
#5374 = VECTOR('',#5375,1.);
#5375 = DIRECTION('',(-0.,1.,0.));
#5376 = PLANE('',#5377);
#5377 = AXIS2_PLACEMENT_3D('',#5378,#5379,#5380);
#5378 = CARTESIAN_POINT('',(-2.155,3.165,0.));
#5379 = DIRECTION('',(1.,0.,-0.));
#5380 = DIRECTION('',(0.,0.,1.));
#5381 = ADVANCED_FACE('',(#5382),#5398,.F.);
#5382 = FACE_BOUND('',#5383,.F.);
#5383 = EDGE_LOOP('',(#5384,#5390,#5391,#5397));
#5384 = ORIENTED_EDGE('',*,*,#5385,.F.);
#5385 = EDGE_CURVE('',#5306,#5346,#5386,.T.);
#5386 = LINE('',#5387,#5388);
#5387 = CARTESIAN_POINT('',(-2.395,3.165,0.));
#5388 = VECTOR('',#5389,1.);
#5389 = DIRECTION('',(1.,0.,-0.));
#5390 = ORIENTED_EDGE('',*,*,#5305,.T.);
#5391 = ORIENTED_EDGE('',*,*,#5392,.T.);
#5392 = EDGE_CURVE('',#5308,#5348,#5393,.T.);
#5393 = LINE('',#5394,#5395);
#5394 = CARTESIAN_POINT('',(-2.395,3.165,0.1));
#5395 = VECTOR('',#5396,1.);
#5396 = DIRECTION('',(1.,0.,-0.));
#5397 = ORIENTED_EDGE('',*,*,#5345,.F.);
#5398 = PLANE('',#5399);
#5399 = AXIS2_PLACEMENT_3D('',#5400,#5401,#5402);
#5400 = CARTESIAN_POINT('',(-2.395,3.165,0.));
#5401 = DIRECTION('',(-0.,1.,0.));
#5402 = DIRECTION('',(0.,0.,1.));
#5403 = ADVANCED_FACE('',(#5404),#5420,.T.);
#5404 = FACE_BOUND('',#5405,.T.);
#5405 = EDGE_LOOP('',(#5406,#5412,#5413,#5419));
#5406 = ORIENTED_EDGE('',*,*,#5407,.F.);
#5407 = EDGE_CURVE('',#5316,#5356,#5408,.T.);
#5408 = LINE('',#5409,#5410);
#5409 = CARTESIAN_POINT('',(-2.395,3.975,0.));
#5410 = VECTOR('',#5411,1.);
#5411 = DIRECTION('',(1.,0.,-0.));
#5412 = ORIENTED_EDGE('',*,*,#5323,.T.);
#5413 = ORIENTED_EDGE('',*,*,#5414,.T.);
#5414 = EDGE_CURVE('',#5324,#5364,#5415,.T.);
#5415 = LINE('',#5416,#5417);
#5416 = CARTESIAN_POINT('',(-2.395,3.975,0.1));
#5417 = VECTOR('',#5418,1.);
#5418 = DIRECTION('',(1.,0.,-0.));
#5419 = ORIENTED_EDGE('',*,*,#5363,.F.);
#5420 = PLANE('',#5421);
#5421 = AXIS2_PLACEMENT_3D('',#5422,#5423,#5424);
#5422 = CARTESIAN_POINT('',(-2.395,3.975,0.));
#5423 = DIRECTION('',(-0.,1.,0.));
#5424 = DIRECTION('',(0.,0.,1.));
#5425 = ADVANCED_FACE('',(#5426),#5432,.F.);
#5426 = FACE_BOUND('',#5427,.F.);
#5427 = EDGE_LOOP('',(#5428,#5429,#5430,#5431));
#5428 = ORIENTED_EDGE('',*,*,#5315,.F.);
#5429 = ORIENTED_EDGE('',*,*,#5385,.T.);
#5430 = ORIENTED_EDGE('',*,*,#5355,.T.);
#5431 = ORIENTED_EDGE('',*,*,#5407,.F.);
#5432 = PLANE('',#5433);
#5433 = AXIS2_PLACEMENT_3D('',#5434,#5435,#5436);
#5434 = CARTESIAN_POINT('',(-2.395,3.165,0.));
#5435 = DIRECTION('',(0.,0.,1.));
#5436 = DIRECTION('',(1.,0.,-0.));
#5437 = ADVANCED_FACE('',(#5438),#5444,.T.);
#5438 = FACE_BOUND('',#5439,.T.);
#5439 = EDGE_LOOP('',(#5440,#5441,#5442,#5443));
#5440 = ORIENTED_EDGE('',*,*,#5331,.F.);
#5441 = ORIENTED_EDGE('',*,*,#5392,.T.);
#5442 = ORIENTED_EDGE('',*,*,#5371,.T.);
#5443 = ORIENTED_EDGE('',*,*,#5414,.F.);
#5444 = PLANE('',#5445);
#5445 = AXIS2_PLACEMENT_3D('',#5446,#5447,#5448);
#5446 = CARTESIAN_POINT('',(-2.395,3.165,0.1));
#5447 = DIRECTION('',(0.,0.,1.));
#5448 = DIRECTION('',(1.,0.,-0.));
#5449 = MANIFOLD_SOLID_BREP('',#5450);
#5450 = CLOSED_SHELL('',(#5451,#5491,#5531,#5553,#5575,#5587));
#5451 = ADVANCED_FACE('',(#5452),#5486,.F.);
#5452 = FACE_BOUND('',#5453,.F.);
#5453 = EDGE_LOOP('',(#5454,#5464,#5472,#5480));
#5454 = ORIENTED_EDGE('',*,*,#5455,.F.);
#5455 = EDGE_CURVE('',#5456,#5458,#5460,.T.);
#5456 = VERTEX_POINT('',#5457);
#5457 = CARTESIAN_POINT('',(-1.875,3.165,0.));
#5458 = VERTEX_POINT('',#5459);
#5459 = CARTESIAN_POINT('',(-1.875,3.165,0.1));
#5460 = LINE('',#5461,#5462);
#5461 = CARTESIAN_POINT('',(-1.875,3.165,0.));
#5462 = VECTOR('',#5463,1.);
#5463 = DIRECTION('',(0.,0.,1.));
#5464 = ORIENTED_EDGE('',*,*,#5465,.T.);
#5465 = EDGE_CURVE('',#5456,#5466,#5468,.T.);
#5466 = VERTEX_POINT('',#5467);
#5467 = CARTESIAN_POINT('',(-1.875,3.975,0.));
#5468 = LINE('',#5469,#5470);
#5469 = CARTESIAN_POINT('',(-1.875,3.165,0.));
#5470 = VECTOR('',#5471,1.);
#5471 = DIRECTION('',(-0.,1.,0.));
#5472 = ORIENTED_EDGE('',*,*,#5473,.T.);
#5473 = EDGE_CURVE('',#5466,#5474,#5476,.T.);
#5474 = VERTEX_POINT('',#5475);
#5475 = CARTESIAN_POINT('',(-1.875,3.975,0.1));
#5476 = LINE('',#5477,#5478);
#5477 = CARTESIAN_POINT('',(-1.875,3.975,0.));
#5478 = VECTOR('',#5479,1.);
#5479 = DIRECTION('',(0.,0.,1.));
#5480 = ORIENTED_EDGE('',*,*,#5481,.F.);
#5481 = EDGE_CURVE('',#5458,#5474,#5482,.T.);
#5482 = LINE('',#5483,#5484);
#5483 = CARTESIAN_POINT('',(-1.875,3.165,0.1));
#5484 = VECTOR('',#5485,1.);
#5485 = DIRECTION('',(-0.,1.,0.));
#5486 = PLANE('',#5487);
#5487 = AXIS2_PLACEMENT_3D('',#5488,#5489,#5490);
#5488 = CARTESIAN_POINT('',(-1.875,3.165,0.));
#5489 = DIRECTION('',(1.,0.,-0.));
#5490 = DIRECTION('',(0.,0.,1.));
#5491 = ADVANCED_FACE('',(#5492),#5526,.T.);
#5492 = FACE_BOUND('',#5493,.T.);
#5493 = EDGE_LOOP('',(#5494,#5504,#5512,#5520));
#5494 = ORIENTED_EDGE('',*,*,#5495,.F.);
#5495 = EDGE_CURVE('',#5496,#5498,#5500,.T.);
#5496 = VERTEX_POINT('',#5497);
#5497 = CARTESIAN_POINT('',(-1.625,3.165,0.));
#5498 = VERTEX_POINT('',#5499);
#5499 = CARTESIAN_POINT('',(-1.625,3.165,0.1));
#5500 = LINE('',#5501,#5502);
#5501 = CARTESIAN_POINT('',(-1.625,3.165,0.));
#5502 = VECTOR('',#5503,1.);
#5503 = DIRECTION('',(0.,0.,1.));
#5504 = ORIENTED_EDGE('',*,*,#5505,.T.);
#5505 = EDGE_CURVE('',#5496,#5506,#5508,.T.);
#5506 = VERTEX_POINT('',#5507);
#5507 = CARTESIAN_POINT('',(-1.625,3.975,0.));
#5508 = LINE('',#5509,#5510);
#5509 = CARTESIAN_POINT('',(-1.625,3.165,0.));
#5510 = VECTOR('',#5511,1.);
#5511 = DIRECTION('',(-0.,1.,0.));
#5512 = ORIENTED_EDGE('',*,*,#5513,.T.);
#5513 = EDGE_CURVE('',#5506,#5514,#5516,.T.);
#5514 = VERTEX_POINT('',#5515);
#5515 = CARTESIAN_POINT('',(-1.625,3.975,0.1));
#5516 = LINE('',#5517,#5518);
#5517 = CARTESIAN_POINT('',(-1.625,3.975,0.));
#5518 = VECTOR('',#5519,1.);
#5519 = DIRECTION('',(0.,0.,1.));
#5520 = ORIENTED_EDGE('',*,*,#5521,.F.);
#5521 = EDGE_CURVE('',#5498,#5514,#5522,.T.);
#5522 = LINE('',#5523,#5524);
#5523 = CARTESIAN_POINT('',(-1.625,3.165,0.1));
#5524 = VECTOR('',#5525,1.);
#5525 = DIRECTION('',(-0.,1.,0.));
#5526 = PLANE('',#5527);
#5527 = AXIS2_PLACEMENT_3D('',#5528,#5529,#5530);
#5528 = CARTESIAN_POINT('',(-1.625,3.165,0.));
#5529 = DIRECTION('',(1.,0.,-0.));
#5530 = DIRECTION('',(0.,0.,1.));
#5531 = ADVANCED_FACE('',(#5532),#5548,.F.);
#5532 = FACE_BOUND('',#5533,.F.);
#5533 = EDGE_LOOP('',(#5534,#5540,#5541,#5547));
#5534 = ORIENTED_EDGE('',*,*,#5535,.F.);
#5535 = EDGE_CURVE('',#5456,#5496,#5536,.T.);
#5536 = LINE('',#5537,#5538);
#5537 = CARTESIAN_POINT('',(-1.875,3.165,0.));
#5538 = VECTOR('',#5539,1.);
#5539 = DIRECTION('',(1.,0.,-0.));
#5540 = ORIENTED_EDGE('',*,*,#5455,.T.);
#5541 = ORIENTED_EDGE('',*,*,#5542,.T.);
#5542 = EDGE_CURVE('',#5458,#5498,#5543,.T.);
#5543 = LINE('',#5544,#5545);
#5544 = CARTESIAN_POINT('',(-1.875,3.165,0.1));
#5545 = VECTOR('',#5546,1.);
#5546 = DIRECTION('',(1.,0.,-0.));
#5547 = ORIENTED_EDGE('',*,*,#5495,.F.);
#5548 = PLANE('',#5549);
#5549 = AXIS2_PLACEMENT_3D('',#5550,#5551,#5552);
#5550 = CARTESIAN_POINT('',(-1.875,3.165,0.));
#5551 = DIRECTION('',(-0.,1.,0.));
#5552 = DIRECTION('',(0.,0.,1.));
#5553 = ADVANCED_FACE('',(#5554),#5570,.T.);
#5554 = FACE_BOUND('',#5555,.T.);
#5555 = EDGE_LOOP('',(#5556,#5562,#5563,#5569));
#5556 = ORIENTED_EDGE('',*,*,#5557,.F.);
#5557 = EDGE_CURVE('',#5466,#5506,#5558,.T.);
#5558 = LINE('',#5559,#5560);
#5559 = CARTESIAN_POINT('',(-1.875,3.975,0.));
#5560 = VECTOR('',#5561,1.);
#5561 = DIRECTION('',(1.,0.,-0.));
#5562 = ORIENTED_EDGE('',*,*,#5473,.T.);
#5563 = ORIENTED_EDGE('',*,*,#5564,.T.);
#5564 = EDGE_CURVE('',#5474,#5514,#5565,.T.);
#5565 = LINE('',#5566,#5567);
#5566 = CARTESIAN_POINT('',(-1.875,3.975,0.1));
#5567 = VECTOR('',#5568,1.);
#5568 = DIRECTION('',(1.,0.,-0.));
#5569 = ORIENTED_EDGE('',*,*,#5513,.F.);
#5570 = PLANE('',#5571);
#5571 = AXIS2_PLACEMENT_3D('',#5572,#5573,#5574);
#5572 = CARTESIAN_POINT('',(-1.875,3.975,0.));
#5573 = DIRECTION('',(-0.,1.,0.));
#5574 = DIRECTION('',(0.,0.,1.));
#5575 = ADVANCED_FACE('',(#5576),#5582,.F.);
#5576 = FACE_BOUND('',#5577,.F.);
#5577 = EDGE_LOOP('',(#5578,#5579,#5580,#5581));
#5578 = ORIENTED_EDGE('',*,*,#5465,.F.);
#5579 = ORIENTED_EDGE('',*,*,#5535,.T.);
#5580 = ORIENTED_EDGE('',*,*,#5505,.T.);
#5581 = ORIENTED_EDGE('',*,*,#5557,.F.);
#5582 = PLANE('',#5583);
#5583 = AXIS2_PLACEMENT_3D('',#5584,#5585,#5586);
#5584 = CARTESIAN_POINT('',(-1.875,3.165,0.));
#5585 = DIRECTION('',(0.,0.,1.));
#5586 = DIRECTION('',(1.,0.,-0.));
#5587 = ADVANCED_FACE('',(#5588),#5594,.T.);
#5588 = FACE_BOUND('',#5589,.T.);
#5589 = EDGE_LOOP('',(#5590,#5591,#5592,#5593));
#5590 = ORIENTED_EDGE('',*,*,#5481,.F.);
#5591 = ORIENTED_EDGE('',*,*,#5542,.T.);
#5592 = ORIENTED_EDGE('',*,*,#5521,.T.);
#5593 = ORIENTED_EDGE('',*,*,#5564,.F.);
#5594 = PLANE('',#5595);
#5595 = AXIS2_PLACEMENT_3D('',#5596,#5597,#5598);
#5596 = CARTESIAN_POINT('',(-1.875,3.165,0.1));
#5597 = DIRECTION('',(0.,0.,1.));
#5598 = DIRECTION('',(1.,0.,-0.));
#5599 = MANIFOLD_SOLID_BREP('',#5600);
#5600 = CLOSED_SHELL('',(#5601,#5641,#5681,#5703,#5725,#5737));
#5601 = ADVANCED_FACE('',(#5602),#5636,.F.);
#5602 = FACE_BOUND('',#5603,.F.);
#5603 = EDGE_LOOP('',(#5604,#5614,#5622,#5630));
#5604 = ORIENTED_EDGE('',*,*,#5605,.F.);
#5605 = EDGE_CURVE('',#5606,#5608,#5610,.T.);
#5606 = VERTEX_POINT('',#5607);
#5607 = CARTESIAN_POINT('',(-1.375,3.165,0.));
#5608 = VERTEX_POINT('',#5609);
#5609 = CARTESIAN_POINT('',(-1.375,3.165,0.1));
#5610 = LINE('',#5611,#5612);
#5611 = CARTESIAN_POINT('',(-1.375,3.165,0.));
#5612 = VECTOR('',#5613,1.);
#5613 = DIRECTION('',(0.,0.,1.));
#5614 = ORIENTED_EDGE('',*,*,#5615,.T.);
#5615 = EDGE_CURVE('',#5606,#5616,#5618,.T.);
#5616 = VERTEX_POINT('',#5617);
#5617 = CARTESIAN_POINT('',(-1.375,3.975,0.));
#5618 = LINE('',#5619,#5620);
#5619 = CARTESIAN_POINT('',(-1.375,3.165,0.));
#5620 = VECTOR('',#5621,1.);
#5621 = DIRECTION('',(-0.,1.,0.));
#5622 = ORIENTED_EDGE('',*,*,#5623,.T.);
#5623 = EDGE_CURVE('',#5616,#5624,#5626,.T.);
#5624 = VERTEX_POINT('',#5625);
#5625 = CARTESIAN_POINT('',(-1.375,3.975,0.1));
#5626 = LINE('',#5627,#5628);
#5627 = CARTESIAN_POINT('',(-1.375,3.975,0.));
#5628 = VECTOR('',#5629,1.);
#5629 = DIRECTION('',(0.,0.,1.));
#5630 = ORIENTED_EDGE('',*,*,#5631,.F.);
#5631 = EDGE_CURVE('',#5608,#5624,#5632,.T.);
#5632 = LINE('',#5633,#5634);
#5633 = CARTESIAN_POINT('',(-1.375,3.165,0.1));
#5634 = VECTOR('',#5635,1.);
#5635 = DIRECTION('',(-0.,1.,0.));
#5636 = PLANE('',#5637);
#5637 = AXIS2_PLACEMENT_3D('',#5638,#5639,#5640);
#5638 = CARTESIAN_POINT('',(-1.375,3.165,0.));
#5639 = DIRECTION('',(1.,0.,-0.));
#5640 = DIRECTION('',(0.,0.,1.));
#5641 = ADVANCED_FACE('',(#5642),#5676,.T.);
#5642 = FACE_BOUND('',#5643,.T.);
#5643 = EDGE_LOOP('',(#5644,#5654,#5662,#5670));
#5644 = ORIENTED_EDGE('',*,*,#5645,.F.);
#5645 = EDGE_CURVE('',#5646,#5648,#5650,.T.);
#5646 = VERTEX_POINT('',#5647);
#5647 = CARTESIAN_POINT('',(-1.125,3.165,0.));
#5648 = VERTEX_POINT('',#5649);
#5649 = CARTESIAN_POINT('',(-1.125,3.165,0.1));
#5650 = LINE('',#5651,#5652);
#5651 = CARTESIAN_POINT('',(-1.125,3.165,0.));
#5652 = VECTOR('',#5653,1.);
#5653 = DIRECTION('',(0.,0.,1.));
#5654 = ORIENTED_EDGE('',*,*,#5655,.T.);
#5655 = EDGE_CURVE('',#5646,#5656,#5658,.T.);
#5656 = VERTEX_POINT('',#5657);
#5657 = CARTESIAN_POINT('',(-1.125,3.975,0.));
#5658 = LINE('',#5659,#5660);
#5659 = CARTESIAN_POINT('',(-1.125,3.165,0.));
#5660 = VECTOR('',#5661,1.);
#5661 = DIRECTION('',(-0.,1.,0.));
#5662 = ORIENTED_EDGE('',*,*,#5663,.T.);
#5663 = EDGE_CURVE('',#5656,#5664,#5666,.T.);
#5664 = VERTEX_POINT('',#5665);
#5665 = CARTESIAN_POINT('',(-1.125,3.975,0.1));
#5666 = LINE('',#5667,#5668);
#5667 = CARTESIAN_POINT('',(-1.125,3.975,0.));
#5668 = VECTOR('',#5669,1.);
#5669 = DIRECTION('',(0.,0.,1.));
#5670 = ORIENTED_EDGE('',*,*,#5671,.F.);
#5671 = EDGE_CURVE('',#5648,#5664,#5672,.T.);
#5672 = LINE('',#5673,#5674);
#5673 = CARTESIAN_POINT('',(-1.125,3.165,0.1));
#5674 = VECTOR('',#5675,1.);
#5675 = DIRECTION('',(-0.,1.,0.));
#5676 = PLANE('',#5677);
#5677 = AXIS2_PLACEMENT_3D('',#5678,#5679,#5680);
#5678 = CARTESIAN_POINT('',(-1.125,3.165,0.));
#5679 = DIRECTION('',(1.,0.,-0.));
#5680 = DIRECTION('',(0.,0.,1.));
#5681 = ADVANCED_FACE('',(#5682),#5698,.F.);
#5682 = FACE_BOUND('',#5683,.F.);
#5683 = EDGE_LOOP('',(#5684,#5690,#5691,#5697));
#5684 = ORIENTED_EDGE('',*,*,#5685,.F.);
#5685 = EDGE_CURVE('',#5606,#5646,#5686,.T.);
#5686 = LINE('',#5687,#5688);
#5687 = CARTESIAN_POINT('',(-1.375,3.165,0.));
#5688 = VECTOR('',#5689,1.);
#5689 = DIRECTION('',(1.,0.,-0.));
#5690 = ORIENTED_EDGE('',*,*,#5605,.T.);
#5691 = ORIENTED_EDGE('',*,*,#5692,.T.);
#5692 = EDGE_CURVE('',#5608,#5648,#5693,.T.);
#5693 = LINE('',#5694,#5695);
#5694 = CARTESIAN_POINT('',(-1.375,3.165,0.1));
#5695 = VECTOR('',#5696,1.);
#5696 = DIRECTION('',(1.,0.,-0.));
#5697 = ORIENTED_EDGE('',*,*,#5645,.F.);
#5698 = PLANE('',#5699);
#5699 = AXIS2_PLACEMENT_3D('',#5700,#5701,#5702);
#5700 = CARTESIAN_POINT('',(-1.375,3.165,0.));
#5701 = DIRECTION('',(-0.,1.,0.));
#5702 = DIRECTION('',(0.,0.,1.));
#5703 = ADVANCED_FACE('',(#5704),#5720,.T.);
#5704 = FACE_BOUND('',#5705,.T.);
#5705 = EDGE_LOOP('',(#5706,#5712,#5713,#5719));
#5706 = ORIENTED_EDGE('',*,*,#5707,.F.);
#5707 = EDGE_CURVE('',#5616,#5656,#5708,.T.);
#5708 = LINE('',#5709,#5710);
#5709 = CARTESIAN_POINT('',(-1.375,3.975,0.));
#5710 = VECTOR('',#5711,1.);
#5711 = DIRECTION('',(1.,0.,-0.));
#5712 = ORIENTED_EDGE('',*,*,#5623,.T.);
#5713 = ORIENTED_EDGE('',*,*,#5714,.T.);
#5714 = EDGE_CURVE('',#5624,#5664,#5715,.T.);
#5715 = LINE('',#5716,#5717);
#5716 = CARTESIAN_POINT('',(-1.375,3.975,0.1));
#5717 = VECTOR('',#5718,1.);
#5718 = DIRECTION('',(1.,0.,-0.));
#5719 = ORIENTED_EDGE('',*,*,#5663,.F.);
#5720 = PLANE('',#5721);
#5721 = AXIS2_PLACEMENT_3D('',#5722,#5723,#5724);
#5722 = CARTESIAN_POINT('',(-1.375,3.975,0.));
#5723 = DIRECTION('',(-0.,1.,0.));
#5724 = DIRECTION('',(0.,0.,1.));
#5725 = ADVANCED_FACE('',(#5726),#5732,.F.);
#5726 = FACE_BOUND('',#5727,.F.);
#5727 = EDGE_LOOP('',(#5728,#5729,#5730,#5731));
#5728 = ORIENTED_EDGE('',*,*,#5615,.F.);
#5729 = ORIENTED_EDGE('',*,*,#5685,.T.);
#5730 = ORIENTED_EDGE('',*,*,#5655,.T.);
#5731 = ORIENTED_EDGE('',*,*,#5707,.F.);
#5732 = PLANE('',#5733);
#5733 = AXIS2_PLACEMENT_3D('',#5734,#5735,#5736);
#5734 = CARTESIAN_POINT('',(-1.375,3.165,0.));
#5735 = DIRECTION('',(0.,0.,1.));
#5736 = DIRECTION('',(1.,0.,-0.));
#5737 = ADVANCED_FACE('',(#5738),#5744,.T.);
#5738 = FACE_BOUND('',#5739,.T.);
#5739 = EDGE_LOOP('',(#5740,#5741,#5742,#5743));
#5740 = ORIENTED_EDGE('',*,*,#5631,.F.);
#5741 = ORIENTED_EDGE('',*,*,#5692,.T.);
#5742 = ORIENTED_EDGE('',*,*,#5671,.T.);
#5743 = ORIENTED_EDGE('',*,*,#5714,.F.);
#5744 = PLANE('',#5745);
#5745 = AXIS2_PLACEMENT_3D('',#5746,#5747,#5748);
#5746 = CARTESIAN_POINT('',(-1.375,3.165,0.1));
#5747 = DIRECTION('',(0.,0.,1.));
#5748 = DIRECTION('',(1.,0.,-0.));
#5749 = MANIFOLD_SOLID_BREP('',#5750);
#5750 = CLOSED_SHELL('',(#5751,#5791,#5831,#5853,#5875,#5887));
#5751 = ADVANCED_FACE('',(#5752),#5786,.F.);
#5752 = FACE_BOUND('',#5753,.F.);
#5753 = EDGE_LOOP('',(#5754,#5764,#5772,#5780));
#5754 = ORIENTED_EDGE('',*,*,#5755,.F.);
#5755 = EDGE_CURVE('',#5756,#5758,#5760,.T.);
#5756 = VERTEX_POINT('',#5757);
#5757 = CARTESIAN_POINT('',(-0.875,3.165,0.));
#5758 = VERTEX_POINT('',#5759);
#5759 = CARTESIAN_POINT('',(-0.875,3.165,0.1));
#5760 = LINE('',#5761,#5762);
#5761 = CARTESIAN_POINT('',(-0.875,3.165,0.));
#5762 = VECTOR('',#5763,1.);
#5763 = DIRECTION('',(0.,0.,1.));
#5764 = ORIENTED_EDGE('',*,*,#5765,.T.);
#5765 = EDGE_CURVE('',#5756,#5766,#5768,.T.);
#5766 = VERTEX_POINT('',#5767);
#5767 = CARTESIAN_POINT('',(-0.875,3.975,0.));
#5768 = LINE('',#5769,#5770);
#5769 = CARTESIAN_POINT('',(-0.875,3.165,0.));
#5770 = VECTOR('',#5771,1.);
#5771 = DIRECTION('',(-0.,1.,0.));
#5772 = ORIENTED_EDGE('',*,*,#5773,.T.);
#5773 = EDGE_CURVE('',#5766,#5774,#5776,.T.);
#5774 = VERTEX_POINT('',#5775);
#5775 = CARTESIAN_POINT('',(-0.875,3.975,0.1));
#5776 = LINE('',#5777,#5778);
#5777 = CARTESIAN_POINT('',(-0.875,3.975,0.));
#5778 = VECTOR('',#5779,1.);
#5779 = DIRECTION('',(0.,0.,1.));
#5780 = ORIENTED_EDGE('',*,*,#5781,.F.);
#5781 = EDGE_CURVE('',#5758,#5774,#5782,.T.);
#5782 = LINE('',#5783,#5784);
#5783 = CARTESIAN_POINT('',(-0.875,3.165,0.1));
#5784 = VECTOR('',#5785,1.);
#5785 = DIRECTION('',(-0.,1.,0.));
#5786 = PLANE('',#5787);
#5787 = AXIS2_PLACEMENT_3D('',#5788,#5789,#5790);
#5788 = CARTESIAN_POINT('',(-0.875,3.165,0.));
#5789 = DIRECTION('',(1.,0.,-0.));
#5790 = DIRECTION('',(0.,0.,1.));
#5791 = ADVANCED_FACE('',(#5792),#5826,.T.);
#5792 = FACE_BOUND('',#5793,.T.);
#5793 = EDGE_LOOP('',(#5794,#5804,#5812,#5820));
#5794 = ORIENTED_EDGE('',*,*,#5795,.F.);
#5795 = EDGE_CURVE('',#5796,#5798,#5800,.T.);
#5796 = VERTEX_POINT('',#5797);
#5797 = CARTESIAN_POINT('',(-0.625,3.165,0.));
#5798 = VERTEX_POINT('',#5799);
#5799 = CARTESIAN_POINT('',(-0.625,3.165,0.1));
#5800 = LINE('',#5801,#5802);
#5801 = CARTESIAN_POINT('',(-0.625,3.165,0.));
#5802 = VECTOR('',#5803,1.);
#5803 = DIRECTION('',(0.,0.,1.));
#5804 = ORIENTED_EDGE('',*,*,#5805,.T.);
#5805 = EDGE_CURVE('',#5796,#5806,#5808,.T.);
#5806 = VERTEX_POINT('',#5807);
#5807 = CARTESIAN_POINT('',(-0.625,3.975,0.));
#5808 = LINE('',#5809,#5810);
#5809 = CARTESIAN_POINT('',(-0.625,3.165,0.));
#5810 = VECTOR('',#5811,1.);
#5811 = DIRECTION('',(-0.,1.,0.));
#5812 = ORIENTED_EDGE('',*,*,#5813,.T.);
#5813 = EDGE_CURVE('',#5806,#5814,#5816,.T.);
#5814 = VERTEX_POINT('',#5815);
#5815 = CARTESIAN_POINT('',(-0.625,3.975,0.1));
#5816 = LINE('',#5817,#5818);
#5817 = CARTESIAN_POINT('',(-0.625,3.975,0.));
#5818 = VECTOR('',#5819,1.);
#5819 = DIRECTION('',(0.,0.,1.));
#5820 = ORIENTED_EDGE('',*,*,#5821,.F.);
#5821 = EDGE_CURVE('',#5798,#5814,#5822,.T.);
#5822 = LINE('',#5823,#5824);
#5823 = CARTESIAN_POINT('',(-0.625,3.165,0.1));
#5824 = VECTOR('',#5825,1.);
#5825 = DIRECTION('',(-0.,1.,0.));
#5826 = PLANE('',#5827);
#5827 = AXIS2_PLACEMENT_3D('',#5828,#5829,#5830);
#5828 = CARTESIAN_POINT('',(-0.625,3.165,0.));
#5829 = DIRECTION('',(1.,0.,-0.));
#5830 = DIRECTION('',(0.,0.,1.));
#5831 = ADVANCED_FACE('',(#5832),#5848,.F.);
#5832 = FACE_BOUND('',#5833,.F.);
#5833 = EDGE_LOOP('',(#5834,#5840,#5841,#5847));
#5834 = ORIENTED_EDGE('',*,*,#5835,.F.);
#5835 = EDGE_CURVE('',#5756,#5796,#5836,.T.);
#5836 = LINE('',#5837,#5838);
#5837 = CARTESIAN_POINT('',(-0.875,3.165,0.));
#5838 = VECTOR('',#5839,1.);
#5839 = DIRECTION('',(1.,0.,-0.));
#5840 = ORIENTED_EDGE('',*,*,#5755,.T.);
#5841 = ORIENTED_EDGE('',*,*,#5842,.T.);
#5842 = EDGE_CURVE('',#5758,#5798,#5843,.T.);
#5843 = LINE('',#5844,#5845);
#5844 = CARTESIAN_POINT('',(-0.875,3.165,0.1));
#5845 = VECTOR('',#5846,1.);
#5846 = DIRECTION('',(1.,0.,-0.));
#5847 = ORIENTED_EDGE('',*,*,#5795,.F.);
#5848 = PLANE('',#5849);
#5849 = AXIS2_PLACEMENT_3D('',#5850,#5851,#5852);
#5850 = CARTESIAN_POINT('',(-0.875,3.165,0.));
#5851 = DIRECTION('',(-0.,1.,0.));
#5852 = DIRECTION('',(0.,0.,1.));
#5853 = ADVANCED_FACE('',(#5854),#5870,.T.);
#5854 = FACE_BOUND('',#5855,.T.);
#5855 = EDGE_LOOP('',(#5856,#5862,#5863,#5869));
#5856 = ORIENTED_EDGE('',*,*,#5857,.F.);
#5857 = EDGE_CURVE('',#5766,#5806,#5858,.T.);
#5858 = LINE('',#5859,#5860);
#5859 = CARTESIAN_POINT('',(-0.875,3.975,0.));
#5860 = VECTOR('',#5861,1.);
#5861 = DIRECTION('',(1.,0.,-0.));
#5862 = ORIENTED_EDGE('',*,*,#5773,.T.);
#5863 = ORIENTED_EDGE('',*,*,#5864,.T.);
#5864 = EDGE_CURVE('',#5774,#5814,#5865,.T.);
#5865 = LINE('',#5866,#5867);
#5866 = CARTESIAN_POINT('',(-0.875,3.975,0.1));
#5867 = VECTOR('',#5868,1.);
#5868 = DIRECTION('',(1.,0.,-0.));
#5869 = ORIENTED_EDGE('',*,*,#5813,.F.);
#5870 = PLANE('',#5871);
#5871 = AXIS2_PLACEMENT_3D('',#5872,#5873,#5874);
#5872 = CARTESIAN_POINT('',(-0.875,3.975,0.));
#5873 = DIRECTION('',(-0.,1.,0.));
#5874 = DIRECTION('',(0.,0.,1.));
#5875 = ADVANCED_FACE('',(#5876),#5882,.F.);
#5876 = FACE_BOUND('',#5877,.F.);
#5877 = EDGE_LOOP('',(#5878,#5879,#5880,#5881));
#5878 = ORIENTED_EDGE('',*,*,#5765,.F.);
#5879 = ORIENTED_EDGE('',*,*,#5835,.T.);
#5880 = ORIENTED_EDGE('',*,*,#5805,.T.);
#5881 = ORIENTED_EDGE('',*,*,#5857,.F.);
#5882 = PLANE('',#5883);
#5883 = AXIS2_PLACEMENT_3D('',#5884,#5885,#5886);
#5884 = CARTESIAN_POINT('',(-0.875,3.165,0.));
#5885 = DIRECTION('',(0.,0.,1.));
#5886 = DIRECTION('',(1.,0.,-0.));
#5887 = ADVANCED_FACE('',(#5888),#5894,.T.);
#5888 = FACE_BOUND('',#5889,.T.);
#5889 = EDGE_LOOP('',(#5890,#5891,#5892,#5893));
#5890 = ORIENTED_EDGE('',*,*,#5781,.F.);
#5891 = ORIENTED_EDGE('',*,*,#5842,.T.);
#5892 = ORIENTED_EDGE('',*,*,#5821,.T.);
#5893 = ORIENTED_EDGE('',*,*,#5864,.F.);
#5894 = PLANE('',#5895);
#5895 = AXIS2_PLACEMENT_3D('',#5896,#5897,#5898);
#5896 = CARTESIAN_POINT('',(-0.875,3.165,0.1));
#5897 = DIRECTION('',(0.,0.,1.));
#5898 = DIRECTION('',(1.,0.,-0.));
#5899 = MANIFOLD_SOLID_BREP('',#5900);
#5900 = CLOSED_SHELL('',(#5901,#5941,#5981,#6003,#6025,#6037));
#5901 = ADVANCED_FACE('',(#5902),#5936,.F.);
#5902 = FACE_BOUND('',#5903,.F.);
#5903 = EDGE_LOOP('',(#5904,#5914,#5922,#5930));
#5904 = ORIENTED_EDGE('',*,*,#5905,.F.);
#5905 = EDGE_CURVE('',#5906,#5908,#5910,.T.);
#5906 = VERTEX_POINT('',#5907);
#5907 = CARTESIAN_POINT('',(-0.375,3.165,0.));
#5908 = VERTEX_POINT('',#5909);
#5909 = CARTESIAN_POINT('',(-0.375,3.165,0.1));
#5910 = LINE('',#5911,#5912);
#5911 = CARTESIAN_POINT('',(-0.375,3.165,0.));
#5912 = VECTOR('',#5913,1.);
#5913 = DIRECTION('',(0.,0.,1.));
#5914 = ORIENTED_EDGE('',*,*,#5915,.T.);
#5915 = EDGE_CURVE('',#5906,#5916,#5918,.T.);
#5916 = VERTEX_POINT('',#5917);
#5917 = CARTESIAN_POINT('',(-0.375,3.975,0.));
#5918 = LINE('',#5919,#5920);
#5919 = CARTESIAN_POINT('',(-0.375,3.165,0.));
#5920 = VECTOR('',#5921,1.);
#5921 = DIRECTION('',(-0.,1.,0.));
#5922 = ORIENTED_EDGE('',*,*,#5923,.T.);
#5923 = EDGE_CURVE('',#5916,#5924,#5926,.T.);
#5924 = VERTEX_POINT('',#5925);
#5925 = CARTESIAN_POINT('',(-0.375,3.975,0.1));
#5926 = LINE('',#5927,#5928);
#5927 = CARTESIAN_POINT('',(-0.375,3.975,0.));
#5928 = VECTOR('',#5929,1.);
#5929 = DIRECTION('',(0.,0.,1.));
#5930 = ORIENTED_EDGE('',*,*,#5931,.F.);
#5931 = EDGE_CURVE('',#5908,#5924,#5932,.T.);
#5932 = LINE('',#5933,#5934);
#5933 = CARTESIAN_POINT('',(-0.375,3.165,0.1));
#5934 = VECTOR('',#5935,1.);
#5935 = DIRECTION('',(-0.,1.,0.));
#5936 = PLANE('',#5937);
#5937 = AXIS2_PLACEMENT_3D('',#5938,#5939,#5940);
#5938 = CARTESIAN_POINT('',(-0.375,3.165,0.));
#5939 = DIRECTION('',(1.,0.,-0.));
#5940 = DIRECTION('',(0.,0.,1.));
#5941 = ADVANCED_FACE('',(#5942),#5976,.T.);
#5942 = FACE_BOUND('',#5943,.T.);
#5943 = EDGE_LOOP('',(#5944,#5954,#5962,#5970));
#5944 = ORIENTED_EDGE('',*,*,#5945,.F.);
#5945 = EDGE_CURVE('',#5946,#5948,#5950,.T.);
#5946 = VERTEX_POINT('',#5947);
#5947 = CARTESIAN_POINT('',(-0.125,3.165,0.));
#5948 = VERTEX_POINT('',#5949);
#5949 = CARTESIAN_POINT('',(-0.125,3.165,0.1));
#5950 = LINE('',#5951,#5952);
#5951 = CARTESIAN_POINT('',(-0.125,3.165,0.));
#5952 = VECTOR('',#5953,1.);
#5953 = DIRECTION('',(0.,0.,1.));
#5954 = ORIENTED_EDGE('',*,*,#5955,.T.);
#5955 = EDGE_CURVE('',#5946,#5956,#5958,.T.);
#5956 = VERTEX_POINT('',#5957);
#5957 = CARTESIAN_POINT('',(-0.125,3.975,0.));
#5958 = LINE('',#5959,#5960);
#5959 = CARTESIAN_POINT('',(-0.125,3.165,0.));
#5960 = VECTOR('',#5961,1.);
#5961 = DIRECTION('',(-0.,1.,0.));
#5962 = ORIENTED_EDGE('',*,*,#5963,.T.);
#5963 = EDGE_CURVE('',#5956,#5964,#5966,.T.);
#5964 = VERTEX_POINT('',#5965);
#5965 = CARTESIAN_POINT('',(-0.125,3.975,0.1));
#5966 = LINE('',#5967,#5968);
#5967 = CARTESIAN_POINT('',(-0.125,3.975,0.));
#5968 = VECTOR('',#5969,1.);
#5969 = DIRECTION('',(0.,0.,1.));
#5970 = ORIENTED_EDGE('',*,*,#5971,.F.);
#5971 = EDGE_CURVE('',#5948,#5964,#5972,.T.);
#5972 = LINE('',#5973,#5974);
#5973 = CARTESIAN_POINT('',(-0.125,3.165,0.1));
#5974 = VECTOR('',#5975,1.);
#5975 = DIRECTION('',(-0.,1.,0.));
#5976 = PLANE('',#5977);
#5977 = AXIS2_PLACEMENT_3D('',#5978,#5979,#5980);
#5978 = CARTESIAN_POINT('',(-0.125,3.165,0.));
#5979 = DIRECTION('',(1.,0.,-0.));
#5980 = DIRECTION('',(0.,0.,1.));
#5981 = ADVANCED_FACE('',(#5982),#5998,.F.);
#5982 = FACE_BOUND('',#5983,.F.);
#5983 = EDGE_LOOP('',(#5984,#5990,#5991,#5997));
#5984 = ORIENTED_EDGE('',*,*,#5985,.F.);
#5985 = EDGE_CURVE('',#5906,#5946,#5986,.T.);
#5986 = LINE('',#5987,#5988);
#5987 = CARTESIAN_POINT('',(-0.375,3.165,0.));
#5988 = VECTOR('',#5989,1.);
#5989 = DIRECTION('',(1.,0.,-0.));
#5990 = ORIENTED_EDGE('',*,*,#5905,.T.);
#5991 = ORIENTED_EDGE('',*,*,#5992,.T.);
#5992 = EDGE_CURVE('',#5908,#5948,#5993,.T.);
#5993 = LINE('',#5994,#5995);
#5994 = CARTESIAN_POINT('',(-0.375,3.165,0.1));
#5995 = VECTOR('',#5996,1.);
#5996 = DIRECTION('',(1.,0.,-0.));
#5997 = ORIENTED_EDGE('',*,*,#5945,.F.);
#5998 = PLANE('',#5999);
#5999 = AXIS2_PLACEMENT_3D('',#6000,#6001,#6002);
#6000 = CARTESIAN_POINT('',(-0.375,3.165,0.));
#6001 = DIRECTION('',(-0.,1.,0.));
#6002 = DIRECTION('',(0.,0.,1.));
#6003 = ADVANCED_FACE('',(#6004),#6020,.T.);
#6004 = FACE_BOUND('',#6005,.T.);
#6005 = EDGE_LOOP('',(#6006,#6012,#6013,#6019));
#6006 = ORIENTED_EDGE('',*,*,#6007,.F.);
#6007 = EDGE_CURVE('',#5916,#5956,#6008,.T.);
#6008 = LINE('',#6009,#6010);
#6009 = CARTESIAN_POINT('',(-0.375,3.975,0.));
#6010 = VECTOR('',#6011,1.);
#6011 = DIRECTION('',(1.,0.,-0.));
#6012 = ORIENTED_EDGE('',*,*,#5923,.T.);
#6013 = ORIENTED_EDGE('',*,*,#6014,.T.);
#6014 = EDGE_CURVE('',#5924,#5964,#6015,.T.);
#6015 = LINE('',#6016,#6017);
#6016 = CARTESIAN_POINT('',(-0.375,3.975,0.1));
#6017 = VECTOR('',#6018,1.);
#6018 = DIRECTION('',(1.,0.,-0.));
#6019 = ORIENTED_EDGE('',*,*,#5963,.F.);
#6020 = PLANE('',#6021);
#6021 = AXIS2_PLACEMENT_3D('',#6022,#6023,#6024);
#6022 = CARTESIAN_POINT('',(-0.375,3.975,0.));
#6023 = DIRECTION('',(-0.,1.,0.));
#6024 = DIRECTION('',(0.,0.,1.));
#6025 = ADVANCED_FACE('',(#6026),#6032,.F.);
#6026 = FACE_BOUND('',#6027,.F.);
#6027 = EDGE_LOOP('',(#6028,#6029,#6030,#6031));
#6028 = ORIENTED_EDGE('',*,*,#5915,.F.);
#6029 = ORIENTED_EDGE('',*,*,#5985,.T.);
#6030 = ORIENTED_EDGE('',*,*,#5955,.T.);
#6031 = ORIENTED_EDGE('',*,*,#6007,.F.);
#6032 = PLANE('',#6033);
#6033 = AXIS2_PLACEMENT_3D('',#6034,#6035,#6036);
#6034 = CARTESIAN_POINT('',(-0.375,3.165,0.));
#6035 = DIRECTION('',(0.,0.,1.));
#6036 = DIRECTION('',(1.,0.,-0.));
#6037 = ADVANCED_FACE('',(#6038),#6044,.T.);
#6038 = FACE_BOUND('',#6039,.T.);
#6039 = EDGE_LOOP('',(#6040,#6041,#6042,#6043));
#6040 = ORIENTED_EDGE('',*,*,#5931,.F.);
#6041 = ORIENTED_EDGE('',*,*,#5992,.T.);
#6042 = ORIENTED_EDGE('',*,*,#5971,.T.);
#6043 = ORIENTED_EDGE('',*,*,#6014,.F.);
#6044 = PLANE('',#6045);
#6045 = AXIS2_PLACEMENT_3D('',#6046,#6047,#6048);
#6046 = CARTESIAN_POINT('',(-0.375,3.165,0.1));
#6047 = DIRECTION('',(0.,0.,1.));
#6048 = DIRECTION('',(1.,0.,-0.));
#6049 = MANIFOLD_SOLID_BREP('',#6050);
#6050 = CLOSED_SHELL('',(#6051,#6091,#6131,#6153,#6175,#6187));
#6051 = ADVANCED_FACE('',(#6052),#6086,.F.);
#6052 = FACE_BOUND('',#6053,.F.);
#6053 = EDGE_LOOP('',(#6054,#6064,#6072,#6080));
#6054 = ORIENTED_EDGE('',*,*,#6055,.F.);
#6055 = EDGE_CURVE('',#6056,#6058,#6060,.T.);
#6056 = VERTEX_POINT('',#6057);
#6057 = CARTESIAN_POINT('',(0.125,3.165,0.));
#6058 = VERTEX_POINT('',#6059);
#6059 = CARTESIAN_POINT('',(0.125,3.165,0.1));
#6060 = LINE('',#6061,#6062);
#6061 = CARTESIAN_POINT('',(0.125,3.165,0.));
#6062 = VECTOR('',#6063,1.);
#6063 = DIRECTION('',(0.,0.,1.));
#6064 = ORIENTED_EDGE('',*,*,#6065,.T.);
#6065 = EDGE_CURVE('',#6056,#6066,#6068,.T.);
#6066 = VERTEX_POINT('',#6067);
#6067 = CARTESIAN_POINT('',(0.125,3.975,0.));
#6068 = LINE('',#6069,#6070);
#6069 = CARTESIAN_POINT('',(0.125,3.165,0.));
#6070 = VECTOR('',#6071,1.);
#6071 = DIRECTION('',(-0.,1.,0.));
#6072 = ORIENTED_EDGE('',*,*,#6073,.T.);
#6073 = EDGE_CURVE('',#6066,#6074,#6076,.T.);
#6074 = VERTEX_POINT('',#6075);
#6075 = CARTESIAN_POINT('',(0.125,3.975,0.1));
#6076 = LINE('',#6077,#6078);
#6077 = CARTESIAN_POINT('',(0.125,3.975,0.));
#6078 = VECTOR('',#6079,1.);
#6079 = DIRECTION('',(0.,0.,1.));
#6080 = ORIENTED_EDGE('',*,*,#6081,.F.);
#6081 = EDGE_CURVE('',#6058,#6074,#6082,.T.);
#6082 = LINE('',#6083,#6084);
#6083 = CARTESIAN_POINT('',(0.125,3.165,0.1));
#6084 = VECTOR('',#6085,1.);
#6085 = DIRECTION('',(-0.,1.,0.));
#6086 = PLANE('',#6087);
#6087 = AXIS2_PLACEMENT_3D('',#6088,#6089,#6090);
#6088 = CARTESIAN_POINT('',(0.125,3.165,0.));
#6089 = DIRECTION('',(1.,0.,-0.));
#6090 = DIRECTION('',(0.,0.,1.));
#6091 = ADVANCED_FACE('',(#6092),#6126,.T.);
#6092 = FACE_BOUND('',#6093,.T.);
#6093 = EDGE_LOOP('',(#6094,#6104,#6112,#6120));
#6094 = ORIENTED_EDGE('',*,*,#6095,.F.);
#6095 = EDGE_CURVE('',#6096,#6098,#6100,.T.);
#6096 = VERTEX_POINT('',#6097);
#6097 = CARTESIAN_POINT('',(0.375,3.165,0.));
#6098 = VERTEX_POINT('',#6099);
#6099 = CARTESIAN_POINT('',(0.375,3.165,0.1));
#6100 = LINE('',#6101,#6102);
#6101 = CARTESIAN_POINT('',(0.375,3.165,0.));
#6102 = VECTOR('',#6103,1.);
#6103 = DIRECTION('',(0.,0.,1.));
#6104 = ORIENTED_EDGE('',*,*,#6105,.T.);
#6105 = EDGE_CURVE('',#6096,#6106,#6108,.T.);
#6106 = VERTEX_POINT('',#6107);
#6107 = CARTESIAN_POINT('',(0.375,3.975,0.));
#6108 = LINE('',#6109,#6110);
#6109 = CARTESIAN_POINT('',(0.375,3.165,0.));
#6110 = VECTOR('',#6111,1.);
#6111 = DIRECTION('',(-0.,1.,0.));
#6112 = ORIENTED_EDGE('',*,*,#6113,.T.);
#6113 = EDGE_CURVE('',#6106,#6114,#6116,.T.);
#6114 = VERTEX_POINT('',#6115);
#6115 = CARTESIAN_POINT('',(0.375,3.975,0.1));
#6116 = LINE('',#6117,#6118);
#6117 = CARTESIAN_POINT('',(0.375,3.975,0.));
#6118 = VECTOR('',#6119,1.);
#6119 = DIRECTION('',(0.,0.,1.));
#6120 = ORIENTED_EDGE('',*,*,#6121,.F.);
#6121 = EDGE_CURVE('',#6098,#6114,#6122,.T.);
#6122 = LINE('',#6123,#6124);
#6123 = CARTESIAN_POINT('',(0.375,3.165,0.1));
#6124 = VECTOR('',#6125,1.);
#6125 = DIRECTION('',(-0.,1.,0.));
#6126 = PLANE('',#6127);
#6127 = AXIS2_PLACEMENT_3D('',#6128,#6129,#6130);
#6128 = CARTESIAN_POINT('',(0.375,3.165,0.));
#6129 = DIRECTION('',(1.,0.,-0.));
#6130 = DIRECTION('',(0.,0.,1.));
#6131 = ADVANCED_FACE('',(#6132),#6148,.F.);
#6132 = FACE_BOUND('',#6133,.F.);
#6133 = EDGE_LOOP('',(#6134,#6140,#6141,#6147));
#6134 = ORIENTED_EDGE('',*,*,#6135,.F.);
#6135 = EDGE_CURVE('',#6056,#6096,#6136,.T.);
#6136 = LINE('',#6137,#6138);
#6137 = CARTESIAN_POINT('',(0.125,3.165,0.));
#6138 = VECTOR('',#6139,1.);
#6139 = DIRECTION('',(1.,0.,-0.));
#6140 = ORIENTED_EDGE('',*,*,#6055,.T.);
#6141 = ORIENTED_EDGE('',*,*,#6142,.T.);
#6142 = EDGE_CURVE('',#6058,#6098,#6143,.T.);
#6143 = LINE('',#6144,#6145);
#6144 = CARTESIAN_POINT('',(0.125,3.165,0.1));
#6145 = VECTOR('',#6146,1.);
#6146 = DIRECTION('',(1.,0.,-0.));
#6147 = ORIENTED_EDGE('',*,*,#6095,.F.);
#6148 = PLANE('',#6149);
#6149 = AXIS2_PLACEMENT_3D('',#6150,#6151,#6152);
#6150 = CARTESIAN_POINT('',(0.125,3.165,0.));
#6151 = DIRECTION('',(-0.,1.,0.));
#6152 = DIRECTION('',(0.,0.,1.));
#6153 = ADVANCED_FACE('',(#6154),#6170,.T.);
#6154 = FACE_BOUND('',#6155,.T.);
#6155 = EDGE_LOOP('',(#6156,#6162,#6163,#6169));
#6156 = ORIENTED_EDGE('',*,*,#6157,.F.);
#6157 = EDGE_CURVE('',#6066,#6106,#6158,.T.);
#6158 = LINE('',#6159,#6160);
#6159 = CARTESIAN_POINT('',(0.125,3.975,0.));
#6160 = VECTOR('',#6161,1.);
#6161 = DIRECTION('',(1.,0.,-0.));
#6162 = ORIENTED_EDGE('',*,*,#6073,.T.);
#6163 = ORIENTED_EDGE('',*,*,#6164,.T.);
#6164 = EDGE_CURVE('',#6074,#6114,#6165,.T.);
#6165 = LINE('',#6166,#6167);
#6166 = CARTESIAN_POINT('',(0.125,3.975,0.1));
#6167 = VECTOR('',#6168,1.);
#6168 = DIRECTION('',(1.,0.,-0.));
#6169 = ORIENTED_EDGE('',*,*,#6113,.F.);
#6170 = PLANE('',#6171);
#6171 = AXIS2_PLACEMENT_3D('',#6172,#6173,#6174);
#6172 = CARTESIAN_POINT('',(0.125,3.975,0.));
#6173 = DIRECTION('',(-0.,1.,0.));
#6174 = DIRECTION('',(0.,0.,1.));
#6175 = ADVANCED_FACE('',(#6176),#6182,.F.);
#6176 = FACE_BOUND('',#6177,.F.);
#6177 = EDGE_LOOP('',(#6178,#6179,#6180,#6181));
#6178 = ORIENTED_EDGE('',*,*,#6065,.F.);
#6179 = ORIENTED_EDGE('',*,*,#6135,.T.);
#6180 = ORIENTED_EDGE('',*,*,#6105,.T.);
#6181 = ORIENTED_EDGE('',*,*,#6157,.F.);
#6182 = PLANE('',#6183);
#6183 = AXIS2_PLACEMENT_3D('',#6184,#6185,#6186);
#6184 = CARTESIAN_POINT('',(0.125,3.165,0.));
#6185 = DIRECTION('',(0.,0.,1.));
#6186 = DIRECTION('',(1.,0.,-0.));
#6187 = ADVANCED_FACE('',(#6188),#6194,.T.);
#6188 = FACE_BOUND('',#6189,.T.);
#6189 = EDGE_LOOP('',(#6190,#6191,#6192,#6193));
#6190 = ORIENTED_EDGE('',*,*,#6081,.F.);
#6191 = ORIENTED_EDGE('',*,*,#6142,.T.);
#6192 = ORIENTED_EDGE('',*,*,#6121,.T.);
#6193 = ORIENTED_EDGE('',*,*,#6164,.F.);
#6194 = PLANE('',#6195);
#6195 = AXIS2_PLACEMENT_3D('',#6196,#6197,#6198);
#6196 = CARTESIAN_POINT('',(0.125,3.165,0.1));
#6197 = DIRECTION('',(0.,0.,1.));
#6198 = DIRECTION('',(1.,0.,-0.));
#6199 = MANIFOLD_SOLID_BREP('',#6200);
#6200 = CLOSED_SHELL('',(#6201,#6241,#6281,#6303,#6325,#6337));
#6201 = ADVANCED_FACE('',(#6202),#6236,.F.);
#6202 = FACE_BOUND('',#6203,.F.);
#6203 = EDGE_LOOP('',(#6204,#6214,#6222,#6230));
#6204 = ORIENTED_EDGE('',*,*,#6205,.F.);
#6205 = EDGE_CURVE('',#6206,#6208,#6210,.T.);
#6206 = VERTEX_POINT('',#6207);
#6207 = CARTESIAN_POINT('',(0.625,3.165,0.));
#6208 = VERTEX_POINT('',#6209);
#6209 = CARTESIAN_POINT('',(0.625,3.165,0.1));
#6210 = LINE('',#6211,#6212);
#6211 = CARTESIAN_POINT('',(0.625,3.165,0.));
#6212 = VECTOR('',#6213,1.);
#6213 = DIRECTION('',(0.,0.,1.));
#6214 = ORIENTED_EDGE('',*,*,#6215,.T.);
#6215 = EDGE_CURVE('',#6206,#6216,#6218,.T.);
#6216 = VERTEX_POINT('',#6217);
#6217 = CARTESIAN_POINT('',(0.625,3.975,0.));
#6218 = LINE('',#6219,#6220);
#6219 = CARTESIAN_POINT('',(0.625,3.165,0.));
#6220 = VECTOR('',#6221,1.);
#6221 = DIRECTION('',(-0.,1.,0.));
#6222 = ORIENTED_EDGE('',*,*,#6223,.T.);
#6223 = EDGE_CURVE('',#6216,#6224,#6226,.T.);
#6224 = VERTEX_POINT('',#6225);
#6225 = CARTESIAN_POINT('',(0.625,3.975,0.1));
#6226 = LINE('',#6227,#6228);
#6227 = CARTESIAN_POINT('',(0.625,3.975,0.));
#6228 = VECTOR('',#6229,1.);
#6229 = DIRECTION('',(0.,0.,1.));
#6230 = ORIENTED_EDGE('',*,*,#6231,.F.);
#6231 = EDGE_CURVE('',#6208,#6224,#6232,.T.);
#6232 = LINE('',#6233,#6234);
#6233 = CARTESIAN_POINT('',(0.625,3.165,0.1));
#6234 = VECTOR('',#6235,1.);
#6235 = DIRECTION('',(-0.,1.,0.));
#6236 = PLANE('',#6237);
#6237 = AXIS2_PLACEMENT_3D('',#6238,#6239,#6240);
#6238 = CARTESIAN_POINT('',(0.625,3.165,0.));
#6239 = DIRECTION('',(1.,0.,-0.));
#6240 = DIRECTION('',(0.,0.,1.));
#6241 = ADVANCED_FACE('',(#6242),#6276,.T.);
#6242 = FACE_BOUND('',#6243,.T.);
#6243 = EDGE_LOOP('',(#6244,#6254,#6262,#6270));
#6244 = ORIENTED_EDGE('',*,*,#6245,.F.);
#6245 = EDGE_CURVE('',#6246,#6248,#6250,.T.);
#6246 = VERTEX_POINT('',#6247);
#6247 = CARTESIAN_POINT('',(0.875,3.165,0.));
#6248 = VERTEX_POINT('',#6249);
#6249 = CARTESIAN_POINT('',(0.875,3.165,0.1));
#6250 = LINE('',#6251,#6252);
#6251 = CARTESIAN_POINT('',(0.875,3.165,0.));
#6252 = VECTOR('',#6253,1.);
#6253 = DIRECTION('',(0.,0.,1.));
#6254 = ORIENTED_EDGE('',*,*,#6255,.T.);
#6255 = EDGE_CURVE('',#6246,#6256,#6258,.T.);
#6256 = VERTEX_POINT('',#6257);
#6257 = CARTESIAN_POINT('',(0.875,3.975,0.));
#6258 = LINE('',#6259,#6260);
#6259 = CARTESIAN_POINT('',(0.875,3.165,0.));
#6260 = VECTOR('',#6261,1.);
#6261 = DIRECTION('',(-0.,1.,0.));
#6262 = ORIENTED_EDGE('',*,*,#6263,.T.);
#6263 = EDGE_CURVE('',#6256,#6264,#6266,.T.);
#6264 = VERTEX_POINT('',#6265);
#6265 = CARTESIAN_POINT('',(0.875,3.975,0.1));
#6266 = LINE('',#6267,#6268);
#6267 = CARTESIAN_POINT('',(0.875,3.975,0.));
#6268 = VECTOR('',#6269,1.);
#6269 = DIRECTION('',(0.,0.,1.));
#6270 = ORIENTED_EDGE('',*,*,#6271,.F.);
#6271 = EDGE_CURVE('',#6248,#6264,#6272,.T.);
#6272 = LINE('',#6273,#6274);
#6273 = CARTESIAN_POINT('',(0.875,3.165,0.1));
#6274 = VECTOR('',#6275,1.);
#6275 = DIRECTION('',(-0.,1.,0.));
#6276 = PLANE('',#6277);
#6277 = AXIS2_PLACEMENT_3D('',#6278,#6279,#6280);
#6278 = CARTESIAN_POINT('',(0.875,3.165,0.));
#6279 = DIRECTION('',(1.,0.,-0.));
#6280 = DIRECTION('',(0.,0.,1.));
#6281 = ADVANCED_FACE('',(#6282),#6298,.F.);
#6282 = FACE_BOUND('',#6283,.F.);
#6283 = EDGE_LOOP('',(#6284,#6290,#6291,#6297));
#6284 = ORIENTED_EDGE('',*,*,#6285,.F.);
#6285 = EDGE_CURVE('',#6206,#6246,#6286,.T.);
#6286 = LINE('',#6287,#6288);
#6287 = CARTESIAN_POINT('',(0.625,3.165,0.));
#6288 = VECTOR('',#6289,1.);
#6289 = DIRECTION('',(1.,0.,-0.));
#6290 = ORIENTED_EDGE('',*,*,#6205,.T.);
#6291 = ORIENTED_EDGE('',*,*,#6292,.T.);
#6292 = EDGE_CURVE('',#6208,#6248,#6293,.T.);
#6293 = LINE('',#6294,#6295);
#6294 = CARTESIAN_POINT('',(0.625,3.165,0.1));
#6295 = VECTOR('',#6296,1.);
#6296 = DIRECTION('',(1.,0.,-0.));
#6297 = ORIENTED_EDGE('',*,*,#6245,.F.);
#6298 = PLANE('',#6299);
#6299 = AXIS2_PLACEMENT_3D('',#6300,#6301,#6302);
#6300 = CARTESIAN_POINT('',(0.625,3.165,0.));
#6301 = DIRECTION('',(-0.,1.,0.));
#6302 = DIRECTION('',(0.,0.,1.));
#6303 = ADVANCED_FACE('',(#6304),#6320,.T.);
#6304 = FACE_BOUND('',#6305,.T.);
#6305 = EDGE_LOOP('',(#6306,#6312,#6313,#6319));
#6306 = ORIENTED_EDGE('',*,*,#6307,.F.);
#6307 = EDGE_CURVE('',#6216,#6256,#6308,.T.);
#6308 = LINE('',#6309,#6310);
#6309 = CARTESIAN_POINT('',(0.625,3.975,0.));
#6310 = VECTOR('',#6311,1.);
#6311 = DIRECTION('',(1.,0.,-0.));
#6312 = ORIENTED_EDGE('',*,*,#6223,.T.);
#6313 = ORIENTED_EDGE('',*,*,#6314,.T.);
#6314 = EDGE_CURVE('',#6224,#6264,#6315,.T.);
#6315 = LINE('',#6316,#6317);
#6316 = CARTESIAN_POINT('',(0.625,3.975,0.1));
#6317 = VECTOR('',#6318,1.);
#6318 = DIRECTION('',(1.,0.,-0.));
#6319 = ORIENTED_EDGE('',*,*,#6263,.F.);
#6320 = PLANE('',#6321);
#6321 = AXIS2_PLACEMENT_3D('',#6322,#6323,#6324);
#6322 = CARTESIAN_POINT('',(0.625,3.975,0.));
#6323 = DIRECTION('',(-0.,1.,0.));
#6324 = DIRECTION('',(0.,0.,1.));
#6325 = ADVANCED_FACE('',(#6326),#6332,.F.);
#6326 = FACE_BOUND('',#6327,.F.);
#6327 = EDGE_LOOP('',(#6328,#6329,#6330,#6331));
#6328 = ORIENTED_EDGE('',*,*,#6215,.F.);
#6329 = ORIENTED_EDGE('',*,*,#6285,.T.);
#6330 = ORIENTED_EDGE('',*,*,#6255,.T.);
#6331 = ORIENTED_EDGE('',*,*,#6307,.F.);
#6332 = PLANE('',#6333);
#6333 = AXIS2_PLACEMENT_3D('',#6334,#6335,#6336);
#6334 = CARTESIAN_POINT('',(0.625,3.165,0.));
#6335 = DIRECTION('',(0.,0.,1.));
#6336 = DIRECTION('',(1.,0.,-0.));
#6337 = ADVANCED_FACE('',(#6338),#6344,.T.);
#6338 = FACE_BOUND('',#6339,.T.);
#6339 = EDGE_LOOP('',(#6340,#6341,#6342,#6343));
#6340 = ORIENTED_EDGE('',*,*,#6231,.F.);
#6341 = ORIENTED_EDGE('',*,*,#6292,.T.);
#6342 = ORIENTED_EDGE('',*,*,#6271,.T.);
#6343 = ORIENTED_EDGE('',*,*,#6314,.F.);
#6344 = PLANE('',#6345);
#6345 = AXIS2_PLACEMENT_3D('',#6346,#6347,#6348);
#6346 = CARTESIAN_POINT('',(0.625,3.165,0.1));
#6347 = DIRECTION('',(0.,0.,1.));
#6348 = DIRECTION('',(1.,0.,-0.));
#6349 = MANIFOLD_SOLID_BREP('',#6350);
#6350 = CLOSED_SHELL('',(#6351,#6391,#6431,#6453,#6475,#6487));
#6351 = ADVANCED_FACE('',(#6352),#6386,.F.);
#6352 = FACE_BOUND('',#6353,.F.);
#6353 = EDGE_LOOP('',(#6354,#6364,#6372,#6380));
#6354 = ORIENTED_EDGE('',*,*,#6355,.F.);
#6355 = EDGE_CURVE('',#6356,#6358,#6360,.T.);
#6356 = VERTEX_POINT('',#6357);
#6357 = CARTESIAN_POINT('',(1.125,3.165,0.));
#6358 = VERTEX_POINT('',#6359);
#6359 = CARTESIAN_POINT('',(1.125,3.165,0.1));
#6360 = LINE('',#6361,#6362);
#6361 = CARTESIAN_POINT('',(1.125,3.165,0.));
#6362 = VECTOR('',#6363,1.);
#6363 = DIRECTION('',(0.,0.,1.));
#6364 = ORIENTED_EDGE('',*,*,#6365,.T.);
#6365 = EDGE_CURVE('',#6356,#6366,#6368,.T.);
#6366 = VERTEX_POINT('',#6367);
#6367 = CARTESIAN_POINT('',(1.125,3.975,0.));
#6368 = LINE('',#6369,#6370);
#6369 = CARTESIAN_POINT('',(1.125,3.165,0.));
#6370 = VECTOR('',#6371,1.);
#6371 = DIRECTION('',(-0.,1.,0.));
#6372 = ORIENTED_EDGE('',*,*,#6373,.T.);
#6373 = EDGE_CURVE('',#6366,#6374,#6376,.T.);
#6374 = VERTEX_POINT('',#6375);
#6375 = CARTESIAN_POINT('',(1.125,3.975,0.1));
#6376 = LINE('',#6377,#6378);
#6377 = CARTESIAN_POINT('',(1.125,3.975,0.));
#6378 = VECTOR('',#6379,1.);
#6379 = DIRECTION('',(0.,0.,1.));
#6380 = ORIENTED_EDGE('',*,*,#6381,.F.);
#6381 = EDGE_CURVE('',#6358,#6374,#6382,.T.);
#6382 = LINE('',#6383,#6384);
#6383 = CARTESIAN_POINT('',(1.125,3.165,0.1));
#6384 = VECTOR('',#6385,1.);
#6385 = DIRECTION('',(-0.,1.,0.));
#6386 = PLANE('',#6387);
#6387 = AXIS2_PLACEMENT_3D('',#6388,#6389,#6390);
#6388 = CARTESIAN_POINT('',(1.125,3.165,0.));
#6389 = DIRECTION('',(1.,0.,-0.));
#6390 = DIRECTION('',(0.,0.,1.));
#6391 = ADVANCED_FACE('',(#6392),#6426,.T.);
#6392 = FACE_BOUND('',#6393,.T.);
#6393 = EDGE_LOOP('',(#6394,#6404,#6412,#6420));
#6394 = ORIENTED_EDGE('',*,*,#6395,.F.);
#6395 = EDGE_CURVE('',#6396,#6398,#6400,.T.);
#6396 = VERTEX_POINT('',#6397);
#6397 = CARTESIAN_POINT('',(1.375,3.165,0.));
#6398 = VERTEX_POINT('',#6399);
#6399 = CARTESIAN_POINT('',(1.375,3.165,0.1));
#6400 = LINE('',#6401,#6402);
#6401 = CARTESIAN_POINT('',(1.375,3.165,0.));
#6402 = VECTOR('',#6403,1.);
#6403 = DIRECTION('',(0.,0.,1.));
#6404 = ORIENTED_EDGE('',*,*,#6405,.T.);
#6405 = EDGE_CURVE('',#6396,#6406,#6408,.T.);
#6406 = VERTEX_POINT('',#6407);
#6407 = CARTESIAN_POINT('',(1.375,3.975,0.));
#6408 = LINE('',#6409,#6410);
#6409 = CARTESIAN_POINT('',(1.375,3.165,0.));
#6410 = VECTOR('',#6411,1.);
#6411 = DIRECTION('',(-0.,1.,0.));
#6412 = ORIENTED_EDGE('',*,*,#6413,.T.);
#6413 = EDGE_CURVE('',#6406,#6414,#6416,.T.);
#6414 = VERTEX_POINT('',#6415);
#6415 = CARTESIAN_POINT('',(1.375,3.975,0.1));
#6416 = LINE('',#6417,#6418);
#6417 = CARTESIAN_POINT('',(1.375,3.975,0.));
#6418 = VECTOR('',#6419,1.);
#6419 = DIRECTION('',(0.,0.,1.));
#6420 = ORIENTED_EDGE('',*,*,#6421,.F.);
#6421 = EDGE_CURVE('',#6398,#6414,#6422,.T.);
#6422 = LINE('',#6423,#6424);
#6423 = CARTESIAN_POINT('',(1.375,3.165,0.1));
#6424 = VECTOR('',#6425,1.);
#6425 = DIRECTION('',(-0.,1.,0.));
#6426 = PLANE('',#6427);
#6427 = AXIS2_PLACEMENT_3D('',#6428,#6429,#6430);
#6428 = CARTESIAN_POINT('',(1.375,3.165,0.));
#6429 = DIRECTION('',(1.,0.,-0.));
#6430 = DIRECTION('',(0.,0.,1.));
#6431 = ADVANCED_FACE('',(#6432),#6448,.F.);
#6432 = FACE_BOUND('',#6433,.F.);
#6433 = EDGE_LOOP('',(#6434,#6440,#6441,#6447));
#6434 = ORIENTED_EDGE('',*,*,#6435,.F.);
#6435 = EDGE_CURVE('',#6356,#6396,#6436,.T.);
#6436 = LINE('',#6437,#6438);
#6437 = CARTESIAN_POINT('',(1.125,3.165,0.));
#6438 = VECTOR('',#6439,1.);
#6439 = DIRECTION('',(1.,0.,-0.));
#6440 = ORIENTED_EDGE('',*,*,#6355,.T.);
#6441 = ORIENTED_EDGE('',*,*,#6442,.T.);
#6442 = EDGE_CURVE('',#6358,#6398,#6443,.T.);
#6443 = LINE('',#6444,#6445);
#6444 = CARTESIAN_POINT('',(1.125,3.165,0.1));
#6445 = VECTOR('',#6446,1.);
#6446 = DIRECTION('',(1.,0.,-0.));
#6447 = ORIENTED_EDGE('',*,*,#6395,.F.);
#6448 = PLANE('',#6449);
#6449 = AXIS2_PLACEMENT_3D('',#6450,#6451,#6452);
#6450 = CARTESIAN_POINT('',(1.125,3.165,0.));
#6451 = DIRECTION('',(-0.,1.,0.));
#6452 = DIRECTION('',(0.,0.,1.));
#6453 = ADVANCED_FACE('',(#6454),#6470,.T.);
#6454 = FACE_BOUND('',#6455,.T.);
#6455 = EDGE_LOOP('',(#6456,#6462,#6463,#6469));
#6456 = ORIENTED_EDGE('',*,*,#6457,.F.);
#6457 = EDGE_CURVE('',#6366,#6406,#6458,.T.);
#6458 = LINE('',#6459,#6460);
#6459 = CARTESIAN_POINT('',(1.125,3.975,0.));
#6460 = VECTOR('',#6461,1.);
#6461 = DIRECTION('',(1.,0.,-0.));
#6462 = ORIENTED_EDGE('',*,*,#6373,.T.);
#6463 = ORIENTED_EDGE('',*,*,#6464,.T.);
#6464 = EDGE_CURVE('',#6374,#6414,#6465,.T.);
#6465 = LINE('',#6466,#6467);
#6466 = CARTESIAN_POINT('',(1.125,3.975,0.1));
#6467 = VECTOR('',#6468,1.);
#6468 = DIRECTION('',(1.,0.,-0.));
#6469 = ORIENTED_EDGE('',*,*,#6413,.F.);
#6470 = PLANE('',#6471);
#6471 = AXIS2_PLACEMENT_3D('',#6472,#6473,#6474);
#6472 = CARTESIAN_POINT('',(1.125,3.975,0.));
#6473 = DIRECTION('',(-0.,1.,0.));
#6474 = DIRECTION('',(0.,0.,1.));
#6475 = ADVANCED_FACE('',(#6476),#6482,.F.);
#6476 = FACE_BOUND('',#6477,.F.);
#6477 = EDGE_LOOP('',(#6478,#6479,#6480,#6481));
#6478 = ORIENTED_EDGE('',*,*,#6365,.F.);
#6479 = ORIENTED_EDGE('',*,*,#6435,.T.);
#6480 = ORIENTED_EDGE('',*,*,#6405,.T.);
#6481 = ORIENTED_EDGE('',*,*,#6457,.F.);
#6482 = PLANE('',#6483);
#6483 = AXIS2_PLACEMENT_3D('',#6484,#6485,#6486);
#6484 = CARTESIAN_POINT('',(1.125,3.165,0.));
#6485 = DIRECTION('',(0.,0.,1.));
#6486 = DIRECTION('',(1.,0.,-0.));
#6487 = ADVANCED_FACE('',(#6488),#6494,.T.);
#6488 = FACE_BOUND('',#6489,.T.);
#6489 = EDGE_LOOP('',(#6490,#6491,#6492,#6493));
#6490 = ORIENTED_EDGE('',*,*,#6381,.F.);
#6491 = ORIENTED_EDGE('',*,*,#6442,.T.);
#6492 = ORIENTED_EDGE('',*,*,#6421,.T.);
#6493 = ORIENTED_EDGE('',*,*,#6464,.F.);
#6494 = PLANE('',#6495);
#6495 = AXIS2_PLACEMENT_3D('',#6496,#6497,#6498);
#6496 = CARTESIAN_POINT('',(1.125,3.165,0.1));
#6497 = DIRECTION('',(0.,0.,1.));
#6498 = DIRECTION('',(1.,0.,-0.));
#6499 = MANIFOLD_SOLID_BREP('',#6500);
#6500 = CLOSED_SHELL('',(#6501,#6541,#6581,#6603,#6625,#6637));
#6501 = ADVANCED_FACE('',(#6502),#6536,.F.);
#6502 = FACE_BOUND('',#6503,.F.);
#6503 = EDGE_LOOP('',(#6504,#6514,#6522,#6530));
#6504 = ORIENTED_EDGE('',*,*,#6505,.F.);
#6505 = EDGE_CURVE('',#6506,#6508,#6510,.T.);
#6506 = VERTEX_POINT('',#6507);
#6507 = CARTESIAN_POINT('',(1.625,3.165,0.));
#6508 = VERTEX_POINT('',#6509);
#6509 = CARTESIAN_POINT('',(1.625,3.165,0.1));
#6510 = LINE('',#6511,#6512);
#6511 = CARTESIAN_POINT('',(1.625,3.165,0.));
#6512 = VECTOR('',#6513,1.);
#6513 = DIRECTION('',(0.,0.,1.));
#6514 = ORIENTED_EDGE('',*,*,#6515,.T.);
#6515 = EDGE_CURVE('',#6506,#6516,#6518,.T.);
#6516 = VERTEX_POINT('',#6517);
#6517 = CARTESIAN_POINT('',(1.625,3.975,0.));
#6518 = LINE('',#6519,#6520);
#6519 = CARTESIAN_POINT('',(1.625,3.165,0.));
#6520 = VECTOR('',#6521,1.);
#6521 = DIRECTION('',(-0.,1.,0.));
#6522 = ORIENTED_EDGE('',*,*,#6523,.T.);
#6523 = EDGE_CURVE('',#6516,#6524,#6526,.T.);
#6524 = VERTEX_POINT('',#6525);
#6525 = CARTESIAN_POINT('',(1.625,3.975,0.1));
#6526 = LINE('',#6527,#6528);
#6527 = CARTESIAN_POINT('',(1.625,3.975,0.));
#6528 = VECTOR('',#6529,1.);
#6529 = DIRECTION('',(0.,0.,1.));
#6530 = ORIENTED_EDGE('',*,*,#6531,.F.);
#6531 = EDGE_CURVE('',#6508,#6524,#6532,.T.);
#6532 = LINE('',#6533,#6534);
#6533 = CARTESIAN_POINT('',(1.625,3.165,0.1));
#6534 = VECTOR('',#6535,1.);
#6535 = DIRECTION('',(-0.,1.,0.));
#6536 = PLANE('',#6537);
#6537 = AXIS2_PLACEMENT_3D('',#6538,#6539,#6540);
#6538 = CARTESIAN_POINT('',(1.625,3.165,0.));
#6539 = DIRECTION('',(1.,0.,-0.));
#6540 = DIRECTION('',(0.,0.,1.));
#6541 = ADVANCED_FACE('',(#6542),#6576,.T.);
#6542 = FACE_BOUND('',#6543,.T.);
#6543 = EDGE_LOOP('',(#6544,#6554,#6562,#6570));
#6544 = ORIENTED_EDGE('',*,*,#6545,.F.);
#6545 = EDGE_CURVE('',#6546,#6548,#6550,.T.);
#6546 = VERTEX_POINT('',#6547);
#6547 = CARTESIAN_POINT('',(1.875,3.165,0.));
#6548 = VERTEX_POINT('',#6549);
#6549 = CARTESIAN_POINT('',(1.875,3.165,0.1));
#6550 = LINE('',#6551,#6552);
#6551 = CARTESIAN_POINT('',(1.875,3.165,0.));
#6552 = VECTOR('',#6553,1.);
#6553 = DIRECTION('',(0.,0.,1.));
#6554 = ORIENTED_EDGE('',*,*,#6555,.T.);
#6555 = EDGE_CURVE('',#6546,#6556,#6558,.T.);
#6556 = VERTEX_POINT('',#6557);
#6557 = CARTESIAN_POINT('',(1.875,3.975,0.));
#6558 = LINE('',#6559,#6560);
#6559 = CARTESIAN_POINT('',(1.875,3.165,0.));
#6560 = VECTOR('',#6561,1.);
#6561 = DIRECTION('',(-0.,1.,0.));
#6562 = ORIENTED_EDGE('',*,*,#6563,.T.);
#6563 = EDGE_CURVE('',#6556,#6564,#6566,.T.);
#6564 = VERTEX_POINT('',#6565);
#6565 = CARTESIAN_POINT('',(1.875,3.975,0.1));
#6566 = LINE('',#6567,#6568);
#6567 = CARTESIAN_POINT('',(1.875,3.975,0.));
#6568 = VECTOR('',#6569,1.);
#6569 = DIRECTION('',(0.,0.,1.));
#6570 = ORIENTED_EDGE('',*,*,#6571,.F.);
#6571 = EDGE_CURVE('',#6548,#6564,#6572,.T.);
#6572 = LINE('',#6573,#6574);
#6573 = CARTESIAN_POINT('',(1.875,3.165,0.1));
#6574 = VECTOR('',#6575,1.);
#6575 = DIRECTION('',(-0.,1.,0.));
#6576 = PLANE('',#6577);
#6577 = AXIS2_PLACEMENT_3D('',#6578,#6579,#6580);
#6578 = CARTESIAN_POINT('',(1.875,3.165,0.));
#6579 = DIRECTION('',(1.,0.,-0.));
#6580 = DIRECTION('',(0.,0.,1.));
#6581 = ADVANCED_FACE('',(#6582),#6598,.F.);
#6582 = FACE_BOUND('',#6583,.F.);
#6583 = EDGE_LOOP('',(#6584,#6590,#6591,#6597));
#6584 = ORIENTED_EDGE('',*,*,#6585,.F.);
#6585 = EDGE_CURVE('',#6506,#6546,#6586,.T.);
#6586 = LINE('',#6587,#6588);
#6587 = CARTESIAN_POINT('',(1.625,3.165,0.));
#6588 = VECTOR('',#6589,1.);
#6589 = DIRECTION('',(1.,0.,-0.));
#6590 = ORIENTED_EDGE('',*,*,#6505,.T.);
#6591 = ORIENTED_EDGE('',*,*,#6592,.T.);
#6592 = EDGE_CURVE('',#6508,#6548,#6593,.T.);
#6593 = LINE('',#6594,#6595);
#6594 = CARTESIAN_POINT('',(1.625,3.165,0.1));
#6595 = VECTOR('',#6596,1.);
#6596 = DIRECTION('',(1.,0.,-0.));
#6597 = ORIENTED_EDGE('',*,*,#6545,.F.);
#6598 = PLANE('',#6599);
#6599 = AXIS2_PLACEMENT_3D('',#6600,#6601,#6602);
#6600 = CARTESIAN_POINT('',(1.625,3.165,0.));
#6601 = DIRECTION('',(-0.,1.,0.));
#6602 = DIRECTION('',(0.,0.,1.));
#6603 = ADVANCED_FACE('',(#6604),#6620,.T.);
#6604 = FACE_BOUND('',#6605,.T.);
#6605 = EDGE_LOOP('',(#6606,#6612,#6613,#6619));
#6606 = ORIENTED_EDGE('',*,*,#6607,.F.);
#6607 = EDGE_CURVE('',#6516,#6556,#6608,.T.);
#6608 = LINE('',#6609,#6610);
#6609 = CARTESIAN_POINT('',(1.625,3.975,0.));
#6610 = VECTOR('',#6611,1.);
#6611 = DIRECTION('',(1.,0.,-0.));
#6612 = ORIENTED_EDGE('',*,*,#6523,.T.);
#6613 = ORIENTED_EDGE('',*,*,#6614,.T.);
#6614 = EDGE_CURVE('',#6524,#6564,#6615,.T.);
#6615 = LINE('',#6616,#6617);
#6616 = CARTESIAN_POINT('',(1.625,3.975,0.1));
#6617 = VECTOR('',#6618,1.);
#6618 = DIRECTION('',(1.,0.,-0.));
#6619 = ORIENTED_EDGE('',*,*,#6563,.F.);
#6620 = PLANE('',#6621);
#6621 = AXIS2_PLACEMENT_3D('',#6622,#6623,#6624);
#6622 = CARTESIAN_POINT('',(1.625,3.975,0.));
#6623 = DIRECTION('',(-0.,1.,0.));
#6624 = DIRECTION('',(0.,0.,1.));
#6625 = ADVANCED_FACE('',(#6626),#6632,.F.);
#6626 = FACE_BOUND('',#6627,.F.);
#6627 = EDGE_LOOP('',(#6628,#6629,#6630,#6631));
#6628 = ORIENTED_EDGE('',*,*,#6515,.F.);
#6629 = ORIENTED_EDGE('',*,*,#6585,.T.);
#6630 = ORIENTED_EDGE('',*,*,#6555,.T.);
#6631 = ORIENTED_EDGE('',*,*,#6607,.F.);
#6632 = PLANE('',#6633);
#6633 = AXIS2_PLACEMENT_3D('',#6634,#6635,#6636);
#6634 = CARTESIAN_POINT('',(1.625,3.165,0.));
#6635 = DIRECTION('',(0.,0.,1.));
#6636 = DIRECTION('',(1.,0.,-0.));
#6637 = ADVANCED_FACE('',(#6638),#6644,.T.);
#6638 = FACE_BOUND('',#6639,.T.);
#6639 = EDGE_LOOP('',(#6640,#6641,#6642,#6643));
#6640 = ORIENTED_EDGE('',*,*,#6531,.F.);
#6641 = ORIENTED_EDGE('',*,*,#6592,.T.);
#6642 = ORIENTED_EDGE('',*,*,#6571,.T.);
#6643 = ORIENTED_EDGE('',*,*,#6614,.F.);
#6644 = PLANE('',#6645);
#6645 = AXIS2_PLACEMENT_3D('',#6646,#6647,#6648);
#6646 = CARTESIAN_POINT('',(1.625,3.165,0.1));
#6647 = DIRECTION('',(0.,0.,1.));
#6648 = DIRECTION('',(1.,0.,-0.));
#6649 = MANIFOLD_SOLID_BREP('',#6650);
#6650 = CLOSED_SHELL('',(#6651,#6691,#6731,#6753,#6775,#6787));
#6651 = ADVANCED_FACE('',(#6652),#6686,.F.);
#6652 = FACE_BOUND('',#6653,.F.);
#6653 = EDGE_LOOP('',(#6654,#6664,#6672,#6680));
#6654 = ORIENTED_EDGE('',*,*,#6655,.F.);
#6655 = EDGE_CURVE('',#6656,#6658,#6660,.T.);
#6656 = VERTEX_POINT('',#6657);
#6657 = CARTESIAN_POINT('',(2.155,3.165,0.));
#6658 = VERTEX_POINT('',#6659);
#6659 = CARTESIAN_POINT('',(2.155,3.165,0.1));
#6660 = LINE('',#6661,#6662);
#6661 = CARTESIAN_POINT('',(2.155,3.165,0.));
#6662 = VECTOR('',#6663,1.);
#6663 = DIRECTION('',(0.,0.,1.));
#6664 = ORIENTED_EDGE('',*,*,#6665,.T.);
#6665 = EDGE_CURVE('',#6656,#6666,#6668,.T.);
#6666 = VERTEX_POINT('',#6667);
#6667 = CARTESIAN_POINT('',(2.155,3.975,0.));
#6668 = LINE('',#6669,#6670);
#6669 = CARTESIAN_POINT('',(2.155,3.165,0.));
#6670 = VECTOR('',#6671,1.);
#6671 = DIRECTION('',(-0.,1.,0.));
#6672 = ORIENTED_EDGE('',*,*,#6673,.T.);
#6673 = EDGE_CURVE('',#6666,#6674,#6676,.T.);
#6674 = VERTEX_POINT('',#6675);
#6675 = CARTESIAN_POINT('',(2.155,3.975,0.1));
#6676 = LINE('',#6677,#6678);
#6677 = CARTESIAN_POINT('',(2.155,3.975,0.));
#6678 = VECTOR('',#6679,1.);
#6679 = DIRECTION('',(0.,0.,1.));
#6680 = ORIENTED_EDGE('',*,*,#6681,.F.);
#6681 = EDGE_CURVE('',#6658,#6674,#6682,.T.);
#6682 = LINE('',#6683,#6684);
#6683 = CARTESIAN_POINT('',(2.155,3.165,0.1));
#6684 = VECTOR('',#6685,1.);
#6685 = DIRECTION('',(-0.,1.,0.));
#6686 = PLANE('',#6687);
#6687 = AXIS2_PLACEMENT_3D('',#6688,#6689,#6690);
#6688 = CARTESIAN_POINT('',(2.155,3.165,0.));
#6689 = DIRECTION('',(1.,0.,-0.));
#6690 = DIRECTION('',(0.,0.,1.));
#6691 = ADVANCED_FACE('',(#6692),#6726,.T.);
#6692 = FACE_BOUND('',#6693,.T.);
#6693 = EDGE_LOOP('',(#6694,#6704,#6712,#6720));
#6694 = ORIENTED_EDGE('',*,*,#6695,.F.);
#6695 = EDGE_CURVE('',#6696,#6698,#6700,.T.);
#6696 = VERTEX_POINT('',#6697);
#6697 = CARTESIAN_POINT('',(2.395,3.165,0.));
#6698 = VERTEX_POINT('',#6699);
#6699 = CARTESIAN_POINT('',(2.395,3.165,0.1));
#6700 = LINE('',#6701,#6702);
#6701 = CARTESIAN_POINT('',(2.395,3.165,0.));
#6702 = VECTOR('',#6703,1.);
#6703 = DIRECTION('',(0.,0.,1.));
#6704 = ORIENTED_EDGE('',*,*,#6705,.T.);
#6705 = EDGE_CURVE('',#6696,#6706,#6708,.T.);
#6706 = VERTEX_POINT('',#6707);
#6707 = CARTESIAN_POINT('',(2.395,3.975,0.));
#6708 = LINE('',#6709,#6710);
#6709 = CARTESIAN_POINT('',(2.395,3.165,0.));
#6710 = VECTOR('',#6711,1.);
#6711 = DIRECTION('',(-0.,1.,0.));
#6712 = ORIENTED_EDGE('',*,*,#6713,.T.);
#6713 = EDGE_CURVE('',#6706,#6714,#6716,.T.);
#6714 = VERTEX_POINT('',#6715);
#6715 = CARTESIAN_POINT('',(2.395,3.975,0.1));
#6716 = LINE('',#6717,#6718);
#6717 = CARTESIAN_POINT('',(2.395,3.975,0.));
#6718 = VECTOR('',#6719,1.);
#6719 = DIRECTION('',(0.,0.,1.));
#6720 = ORIENTED_EDGE('',*,*,#6721,.F.);
#6721 = EDGE_CURVE('',#6698,#6714,#6722,.T.);
#6722 = LINE('',#6723,#6724);
#6723 = CARTESIAN_POINT('',(2.395,3.165,0.1));
#6724 = VECTOR('',#6725,1.);
#6725 = DIRECTION('',(-0.,1.,0.));
#6726 = PLANE('',#6727);
#6727 = AXIS2_PLACEMENT_3D('',#6728,#6729,#6730);
#6728 = CARTESIAN_POINT('',(2.395,3.165,0.));
#6729 = DIRECTION('',(1.,0.,-0.));
#6730 = DIRECTION('',(0.,0.,1.));
#6731 = ADVANCED_FACE('',(#6732),#6748,.F.);
#6732 = FACE_BOUND('',#6733,.F.);
#6733 = EDGE_LOOP('',(#6734,#6740,#6741,#6747));
#6734 = ORIENTED_EDGE('',*,*,#6735,.F.);
#6735 = EDGE_CURVE('',#6656,#6696,#6736,.T.);
#6736 = LINE('',#6737,#6738);
#6737 = CARTESIAN_POINT('',(2.155,3.165,0.));
#6738 = VECTOR('',#6739,1.);
#6739 = DIRECTION('',(1.,0.,-0.));
#6740 = ORIENTED_EDGE('',*,*,#6655,.T.);
#6741 = ORIENTED_EDGE('',*,*,#6742,.T.);
#6742 = EDGE_CURVE('',#6658,#6698,#6743,.T.);
#6743 = LINE('',#6744,#6745);
#6744 = CARTESIAN_POINT('',(2.155,3.165,0.1));
#6745 = VECTOR('',#6746,1.);
#6746 = DIRECTION('',(1.,0.,-0.));
#6747 = ORIENTED_EDGE('',*,*,#6695,.F.);
#6748 = PLANE('',#6749);
#6749 = AXIS2_PLACEMENT_3D('',#6750,#6751,#6752);
#6750 = CARTESIAN_POINT('',(2.155,3.165,0.));
#6751 = DIRECTION('',(-0.,1.,0.));
#6752 = DIRECTION('',(0.,0.,1.));
#6753 = ADVANCED_FACE('',(#6754),#6770,.T.);
#6754 = FACE_BOUND('',#6755,.T.);
#6755 = EDGE_LOOP('',(#6756,#6762,#6763,#6769));
#6756 = ORIENTED_EDGE('',*,*,#6757,.F.);
#6757 = EDGE_CURVE('',#6666,#6706,#6758,.T.);
#6758 = LINE('',#6759,#6760);
#6759 = CARTESIAN_POINT('',(2.155,3.975,0.));
#6760 = VECTOR('',#6761,1.);
#6761 = DIRECTION('',(1.,0.,-0.));
#6762 = ORIENTED_EDGE('',*,*,#6673,.T.);
#6763 = ORIENTED_EDGE('',*,*,#6764,.T.);
#6764 = EDGE_CURVE('',#6674,#6714,#6765,.T.);
#6765 = LINE('',#6766,#6767);
#6766 = CARTESIAN_POINT('',(2.155,3.975,0.1));
#6767 = VECTOR('',#6768,1.);
#6768 = DIRECTION('',(1.,0.,-0.));
#6769 = ORIENTED_EDGE('',*,*,#6713,.F.);
#6770 = PLANE('',#6771);
#6771 = AXIS2_PLACEMENT_3D('',#6772,#6773,#6774);
#6772 = CARTESIAN_POINT('',(2.155,3.975,0.));
#6773 = DIRECTION('',(-0.,1.,0.));
#6774 = DIRECTION('',(0.,0.,1.));
#6775 = ADVANCED_FACE('',(#6776),#6782,.F.);
#6776 = FACE_BOUND('',#6777,.F.);
#6777 = EDGE_LOOP('',(#6778,#6779,#6780,#6781));
#6778 = ORIENTED_EDGE('',*,*,#6665,.F.);
#6779 = ORIENTED_EDGE('',*,*,#6735,.T.);
#6780 = ORIENTED_EDGE('',*,*,#6705,.T.);
#6781 = ORIENTED_EDGE('',*,*,#6757,.F.);
#6782 = PLANE('',#6783);
#6783 = AXIS2_PLACEMENT_3D('',#6784,#6785,#6786);
#6784 = CARTESIAN_POINT('',(2.155,3.165,0.));
#6785 = DIRECTION('',(0.,0.,1.));
#6786 = DIRECTION('',(1.,0.,-0.));
#6787 = ADVANCED_FACE('',(#6788),#6794,.T.);
#6788 = FACE_BOUND('',#6789,.T.);
#6789 = EDGE_LOOP('',(#6790,#6791,#6792,#6793));
#6790 = ORIENTED_EDGE('',*,*,#6681,.F.);
#6791 = ORIENTED_EDGE('',*,*,#6742,.T.);
#6792 = ORIENTED_EDGE('',*,*,#6721,.T.);
#6793 = ORIENTED_EDGE('',*,*,#6764,.F.);
#6794 = PLANE('',#6795);
#6795 = AXIS2_PLACEMENT_3D('',#6796,#6797,#6798);
#6796 = CARTESIAN_POINT('',(2.155,3.165,0.1));
#6797 = DIRECTION('',(0.,0.,1.));
#6798 = DIRECTION('',(1.,0.,-0.));
#6799 = MANIFOLD_SOLID_BREP('',#6800);
#6800 = CLOSED_SHELL('',(#6801,#6841,#6881,#6903,#6925,#6937));
#6801 = ADVANCED_FACE('',(#6802),#6836,.F.);
#6802 = FACE_BOUND('',#6803,.F.);
#6803 = EDGE_LOOP('',(#6804,#6814,#6822,#6830));
#6804 = ORIENTED_EDGE('',*,*,#6805,.F.);
#6805 = EDGE_CURVE('',#6806,#6808,#6810,.T.);
#6806 = VERTEX_POINT('',#6807);
#6807 = CARTESIAN_POINT('',(2.405,3.165,0.));
#6808 = VERTEX_POINT('',#6809);
#6809 = CARTESIAN_POINT('',(2.405,3.165,0.1));
#6810 = LINE('',#6811,#6812);
#6811 = CARTESIAN_POINT('',(2.405,3.165,0.));
#6812 = VECTOR('',#6813,1.);
#6813 = DIRECTION('',(0.,0.,1.));
#6814 = ORIENTED_EDGE('',*,*,#6815,.T.);
#6815 = EDGE_CURVE('',#6806,#6816,#6818,.T.);
#6816 = VERTEX_POINT('',#6817);
#6817 = CARTESIAN_POINT('',(2.405,3.975,0.));
#6818 = LINE('',#6819,#6820);
#6819 = CARTESIAN_POINT('',(2.405,3.165,0.));
#6820 = VECTOR('',#6821,1.);
#6821 = DIRECTION('',(-0.,1.,0.));
#6822 = ORIENTED_EDGE('',*,*,#6823,.T.);
#6823 = EDGE_CURVE('',#6816,#6824,#6826,.T.);
#6824 = VERTEX_POINT('',#6825);
#6825 = CARTESIAN_POINT('',(2.405,3.975,0.1));
#6826 = LINE('',#6827,#6828);
#6827 = CARTESIAN_POINT('',(2.405,3.975,0.));
#6828 = VECTOR('',#6829,1.);
#6829 = DIRECTION('',(0.,0.,1.));
#6830 = ORIENTED_EDGE('',*,*,#6831,.F.);
#6831 = EDGE_CURVE('',#6808,#6824,#6832,.T.);
#6832 = LINE('',#6833,#6834);
#6833 = CARTESIAN_POINT('',(2.405,3.165,0.1));
#6834 = VECTOR('',#6835,1.);
#6835 = DIRECTION('',(-0.,1.,0.));
#6836 = PLANE('',#6837);
#6837 = AXIS2_PLACEMENT_3D('',#6838,#6839,#6840);
#6838 = CARTESIAN_POINT('',(2.405,3.165,0.));
#6839 = DIRECTION('',(1.,0.,-0.));
#6840 = DIRECTION('',(0.,0.,1.));
#6841 = ADVANCED_FACE('',(#6842),#6876,.T.);
#6842 = FACE_BOUND('',#6843,.T.);
#6843 = EDGE_LOOP('',(#6844,#6854,#6862,#6870));
#6844 = ORIENTED_EDGE('',*,*,#6845,.F.);
#6845 = EDGE_CURVE('',#6846,#6848,#6850,.T.);
#6846 = VERTEX_POINT('',#6847);
#6847 = CARTESIAN_POINT('',(2.645,3.165,0.));
#6848 = VERTEX_POINT('',#6849);
#6849 = CARTESIAN_POINT('',(2.645,3.165,0.1));
#6850 = LINE('',#6851,#6852);
#6851 = CARTESIAN_POINT('',(2.645,3.165,0.));
#6852 = VECTOR('',#6853,1.);
#6853 = DIRECTION('',(0.,0.,1.));
#6854 = ORIENTED_EDGE('',*,*,#6855,.T.);
#6855 = EDGE_CURVE('',#6846,#6856,#6858,.T.);
#6856 = VERTEX_POINT('',#6857);
#6857 = CARTESIAN_POINT('',(2.645,3.975,0.));
#6858 = LINE('',#6859,#6860);
#6859 = CARTESIAN_POINT('',(2.645,3.165,0.));
#6860 = VECTOR('',#6861,1.);
#6861 = DIRECTION('',(-0.,1.,0.));
#6862 = ORIENTED_EDGE('',*,*,#6863,.T.);
#6863 = EDGE_CURVE('',#6856,#6864,#6866,.T.);
#6864 = VERTEX_POINT('',#6865);
#6865 = CARTESIAN_POINT('',(2.645,3.975,0.1));
#6866 = LINE('',#6867,#6868);
#6867 = CARTESIAN_POINT('',(2.645,3.975,0.));
#6868 = VECTOR('',#6869,1.);
#6869 = DIRECTION('',(0.,0.,1.));
#6870 = ORIENTED_EDGE('',*,*,#6871,.F.);
#6871 = EDGE_CURVE('',#6848,#6864,#6872,.T.);
#6872 = LINE('',#6873,#6874);
#6873 = CARTESIAN_POINT('',(2.645,3.165,0.1));
#6874 = VECTOR('',#6875,1.);
#6875 = DIRECTION('',(-0.,1.,0.));
#6876 = PLANE('',#6877);
#6877 = AXIS2_PLACEMENT_3D('',#6878,#6879,#6880);
#6878 = CARTESIAN_POINT('',(2.645,3.165,0.));
#6879 = DIRECTION('',(1.,0.,-0.));
#6880 = DIRECTION('',(0.,0.,1.));
#6881 = ADVANCED_FACE('',(#6882),#6898,.F.);
#6882 = FACE_BOUND('',#6883,.F.);
#6883 = EDGE_LOOP('',(#6884,#6890,#6891,#6897));
#6884 = ORIENTED_EDGE('',*,*,#6885,.F.);
#6885 = EDGE_CURVE('',#6806,#6846,#6886,.T.);
#6886 = LINE('',#6887,#6888);
#6887 = CARTESIAN_POINT('',(2.405,3.165,0.));
#6888 = VECTOR('',#6889,1.);
#6889 = DIRECTION('',(1.,0.,-0.));
#6890 = ORIENTED_EDGE('',*,*,#6805,.T.);
#6891 = ORIENTED_EDGE('',*,*,#6892,.T.);
#6892 = EDGE_CURVE('',#6808,#6848,#6893,.T.);
#6893 = LINE('',#6894,#6895);
#6894 = CARTESIAN_POINT('',(2.405,3.165,0.1));
#6895 = VECTOR('',#6896,1.);
#6896 = DIRECTION('',(1.,0.,-0.));
#6897 = ORIENTED_EDGE('',*,*,#6845,.F.);
#6898 = PLANE('',#6899);
#6899 = AXIS2_PLACEMENT_3D('',#6900,#6901,#6902);
#6900 = CARTESIAN_POINT('',(2.405,3.165,0.));
#6901 = DIRECTION('',(-0.,1.,0.));
#6902 = DIRECTION('',(0.,0.,1.));
#6903 = ADVANCED_FACE('',(#6904),#6920,.T.);
#6904 = FACE_BOUND('',#6905,.T.);
#6905 = EDGE_LOOP('',(#6906,#6912,#6913,#6919));
#6906 = ORIENTED_EDGE('',*,*,#6907,.F.);
#6907 = EDGE_CURVE('',#6816,#6856,#6908,.T.);
#6908 = LINE('',#6909,#6910);
#6909 = CARTESIAN_POINT('',(2.405,3.975,0.));
#6910 = VECTOR('',#6911,1.);
#6911 = DIRECTION('',(1.,0.,-0.));
#6912 = ORIENTED_EDGE('',*,*,#6823,.T.);
#6913 = ORIENTED_EDGE('',*,*,#6914,.T.);
#6914 = EDGE_CURVE('',#6824,#6864,#6915,.T.);
#6915 = LINE('',#6916,#6917);
#6916 = CARTESIAN_POINT('',(2.405,3.975,0.1));
#6917 = VECTOR('',#6918,1.);
#6918 = DIRECTION('',(1.,0.,-0.));
#6919 = ORIENTED_EDGE('',*,*,#6863,.F.);
#6920 = PLANE('',#6921);
#6921 = AXIS2_PLACEMENT_3D('',#6922,#6923,#6924);
#6922 = CARTESIAN_POINT('',(2.405,3.975,0.));
#6923 = DIRECTION('',(-0.,1.,0.));
#6924 = DIRECTION('',(0.,0.,1.));
#6925 = ADVANCED_FACE('',(#6926),#6932,.F.);
#6926 = FACE_BOUND('',#6927,.F.);
#6927 = EDGE_LOOP('',(#6928,#6929,#6930,#6931));
#6928 = ORIENTED_EDGE('',*,*,#6815,.F.);
#6929 = ORIENTED_EDGE('',*,*,#6885,.T.);
#6930 = ORIENTED_EDGE('',*,*,#6855,.T.);
#6931 = ORIENTED_EDGE('',*,*,#6907,.F.);
#6932 = PLANE('',#6933);
#6933 = AXIS2_PLACEMENT_3D('',#6934,#6935,#6936);
#6934 = CARTESIAN_POINT('',(2.405,3.165,0.));
#6935 = DIRECTION('',(0.,0.,1.));
#6936 = DIRECTION('',(1.,0.,-0.));
#6937 = ADVANCED_FACE('',(#6938),#6944,.T.);
#6938 = FACE_BOUND('',#6939,.T.);
#6939 = EDGE_LOOP('',(#6940,#6941,#6942,#6943));
#6940 = ORIENTED_EDGE('',*,*,#6831,.F.);
#6941 = ORIENTED_EDGE('',*,*,#6892,.T.);
#6942 = ORIENTED_EDGE('',*,*,#6871,.T.);
#6943 = ORIENTED_EDGE('',*,*,#6914,.F.);
#6944 = PLANE('',#6945);
#6945 = AXIS2_PLACEMENT_3D('',#6946,#6947,#6948);
#6946 = CARTESIAN_POINT('',(2.405,3.165,0.1));
#6947 = DIRECTION('',(0.,0.,1.));
#6948 = DIRECTION('',(1.,0.,-0.));
#6949 = MANIFOLD_SOLID_BREP('',#6950);
#6950 = CLOSED_SHELL('',(#6951,#6991,#7031,#7053,#7075,#7087));
#6951 = ADVANCED_FACE('',(#6952),#6986,.F.);
#6952 = FACE_BOUND('',#6953,.F.);
#6953 = EDGE_LOOP('',(#6954,#6964,#6972,#6980));
#6954 = ORIENTED_EDGE('',*,*,#6955,.F.);
#6955 = EDGE_CURVE('',#6956,#6958,#6960,.T.);
#6956 = VERTEX_POINT('',#6957);
#6957 = CARTESIAN_POINT('',(2.955,3.165,0.));
#6958 = VERTEX_POINT('',#6959);
#6959 = CARTESIAN_POINT('',(2.955,3.165,0.1));
#6960 = LINE('',#6961,#6962);
#6961 = CARTESIAN_POINT('',(2.955,3.165,0.));
#6962 = VECTOR('',#6963,1.);
#6963 = DIRECTION('',(0.,0.,1.));
#6964 = ORIENTED_EDGE('',*,*,#6965,.T.);
#6965 = EDGE_CURVE('',#6956,#6966,#6968,.T.);
#6966 = VERTEX_POINT('',#6967);
#6967 = CARTESIAN_POINT('',(2.955,3.975,0.));
#6968 = LINE('',#6969,#6970);
#6969 = CARTESIAN_POINT('',(2.955,3.165,0.));
#6970 = VECTOR('',#6971,1.);
#6971 = DIRECTION('',(-0.,1.,0.));
#6972 = ORIENTED_EDGE('',*,*,#6973,.T.);
#6973 = EDGE_CURVE('',#6966,#6974,#6976,.T.);
#6974 = VERTEX_POINT('',#6975);
#6975 = CARTESIAN_POINT('',(2.955,3.975,0.1));
#6976 = LINE('',#6977,#6978);
#6977 = CARTESIAN_POINT('',(2.955,3.975,0.));
#6978 = VECTOR('',#6979,1.);
#6979 = DIRECTION('',(0.,0.,1.));
#6980 = ORIENTED_EDGE('',*,*,#6981,.F.);
#6981 = EDGE_CURVE('',#6958,#6974,#6982,.T.);
#6982 = LINE('',#6983,#6984);
#6983 = CARTESIAN_POINT('',(2.955,3.165,0.1));
#6984 = VECTOR('',#6985,1.);
#6985 = DIRECTION('',(-0.,1.,0.));
#6986 = PLANE('',#6987);
#6987 = AXIS2_PLACEMENT_3D('',#6988,#6989,#6990);
#6988 = CARTESIAN_POINT('',(2.955,3.165,0.));
#6989 = DIRECTION('',(1.,0.,-0.));
#6990 = DIRECTION('',(0.,0.,1.));
#6991 = ADVANCED_FACE('',(#6992),#7026,.T.);
#6992 = FACE_BOUND('',#6993,.T.);
#6993 = EDGE_LOOP('',(#6994,#7004,#7012,#7020));
#6994 = ORIENTED_EDGE('',*,*,#6995,.F.);
#6995 = EDGE_CURVE('',#6996,#6998,#7000,.T.);
#6996 = VERTEX_POINT('',#6997);
#6997 = CARTESIAN_POINT('',(3.195,3.165,0.));
#6998 = VERTEX_POINT('',#6999);
#6999 = CARTESIAN_POINT('',(3.195,3.165,0.1));
#7000 = LINE('',#7001,#7002);
#7001 = CARTESIAN_POINT('',(3.195,3.165,0.));
#7002 = VECTOR('',#7003,1.);
#7003 = DIRECTION('',(0.,0.,1.));
#7004 = ORIENTED_EDGE('',*,*,#7005,.T.);
#7005 = EDGE_CURVE('',#6996,#7006,#7008,.T.);
#7006 = VERTEX_POINT('',#7007);
#7007 = CARTESIAN_POINT('',(3.195,3.975,0.));
#7008 = LINE('',#7009,#7010);
#7009 = CARTESIAN_POINT('',(3.195,3.165,0.));
#7010 = VECTOR('',#7011,1.);
#7011 = DIRECTION('',(-0.,1.,0.));
#7012 = ORIENTED_EDGE('',*,*,#7013,.T.);
#7013 = EDGE_CURVE('',#7006,#7014,#7016,.T.);
#7014 = VERTEX_POINT('',#7015);
#7015 = CARTESIAN_POINT('',(3.195,3.975,0.1));
#7016 = LINE('',#7017,#7018);
#7017 = CARTESIAN_POINT('',(3.195,3.975,0.));
#7018 = VECTOR('',#7019,1.);
#7019 = DIRECTION('',(0.,0.,1.));
#7020 = ORIENTED_EDGE('',*,*,#7021,.F.);
#7021 = EDGE_CURVE('',#6998,#7014,#7022,.T.);
#7022 = LINE('',#7023,#7024);
#7023 = CARTESIAN_POINT('',(3.195,3.165,0.1));
#7024 = VECTOR('',#7025,1.);
#7025 = DIRECTION('',(-0.,1.,0.));
#7026 = PLANE('',#7027);
#7027 = AXIS2_PLACEMENT_3D('',#7028,#7029,#7030);
#7028 = CARTESIAN_POINT('',(3.195,3.165,0.));
#7029 = DIRECTION('',(1.,0.,-0.));
#7030 = DIRECTION('',(0.,0.,1.));
#7031 = ADVANCED_FACE('',(#7032),#7048,.F.);
#7032 = FACE_BOUND('',#7033,.F.);
#7033 = EDGE_LOOP('',(#7034,#7040,#7041,#7047));
#7034 = ORIENTED_EDGE('',*,*,#7035,.F.);
#7035 = EDGE_CURVE('',#6956,#6996,#7036,.T.);
#7036 = LINE('',#7037,#7038);
#7037 = CARTESIAN_POINT('',(2.955,3.165,0.));
#7038 = VECTOR('',#7039,1.);
#7039 = DIRECTION('',(1.,0.,-0.));
#7040 = ORIENTED_EDGE('',*,*,#6955,.T.);
#7041 = ORIENTED_EDGE('',*,*,#7042,.T.);
#7042 = EDGE_CURVE('',#6958,#6998,#7043,.T.);
#7043 = LINE('',#7044,#7045);
#7044 = CARTESIAN_POINT('',(2.955,3.165,0.1));
#7045 = VECTOR('',#7046,1.);
#7046 = DIRECTION('',(1.,0.,-0.));
#7047 = ORIENTED_EDGE('',*,*,#6995,.F.);
#7048 = PLANE('',#7049);
#7049 = AXIS2_PLACEMENT_3D('',#7050,#7051,#7052);
#7050 = CARTESIAN_POINT('',(2.955,3.165,0.));
#7051 = DIRECTION('',(-0.,1.,0.));
#7052 = DIRECTION('',(0.,0.,1.));
#7053 = ADVANCED_FACE('',(#7054),#7070,.T.);
#7054 = FACE_BOUND('',#7055,.T.);
#7055 = EDGE_LOOP('',(#7056,#7062,#7063,#7069));
#7056 = ORIENTED_EDGE('',*,*,#7057,.F.);
#7057 = EDGE_CURVE('',#6966,#7006,#7058,.T.);
#7058 = LINE('',#7059,#7060);
#7059 = CARTESIAN_POINT('',(2.955,3.975,0.));
#7060 = VECTOR('',#7061,1.);
#7061 = DIRECTION('',(1.,0.,-0.));
#7062 = ORIENTED_EDGE('',*,*,#6973,.T.);
#7063 = ORIENTED_EDGE('',*,*,#7064,.T.);
#7064 = EDGE_CURVE('',#6974,#7014,#7065,.T.);
#7065 = LINE('',#7066,#7067);
#7066 = CARTESIAN_POINT('',(2.955,3.975,0.1));
#7067 = VECTOR('',#7068,1.);
#7068 = DIRECTION('',(1.,0.,-0.));
#7069 = ORIENTED_EDGE('',*,*,#7013,.F.);
#7070 = PLANE('',#7071);
#7071 = AXIS2_PLACEMENT_3D('',#7072,#7073,#7074);
#7072 = CARTESIAN_POINT('',(2.955,3.975,0.));
#7073 = DIRECTION('',(-0.,1.,0.));
#7074 = DIRECTION('',(0.,0.,1.));
#7075 = ADVANCED_FACE('',(#7076),#7082,.F.);
#7076 = FACE_BOUND('',#7077,.F.);
#7077 = EDGE_LOOP('',(#7078,#7079,#7080,#7081));
#7078 = ORIENTED_EDGE('',*,*,#6965,.F.);
#7079 = ORIENTED_EDGE('',*,*,#7035,.T.);
#7080 = ORIENTED_EDGE('',*,*,#7005,.T.);
#7081 = ORIENTED_EDGE('',*,*,#7057,.F.);
#7082 = PLANE('',#7083);
#7083 = AXIS2_PLACEMENT_3D('',#7084,#7085,#7086);
#7084 = CARTESIAN_POINT('',(2.955,3.165,0.));
#7085 = DIRECTION('',(0.,0.,1.));
#7086 = DIRECTION('',(1.,0.,-0.));
#7087 = ADVANCED_FACE('',(#7088),#7094,.T.);
#7088 = FACE_BOUND('',#7089,.T.);
#7089 = EDGE_LOOP('',(#7090,#7091,#7092,#7093));
#7090 = ORIENTED_EDGE('',*,*,#6981,.F.);
#7091 = ORIENTED_EDGE('',*,*,#7042,.T.);
#7092 = ORIENTED_EDGE('',*,*,#7021,.T.);
#7093 = ORIENTED_EDGE('',*,*,#7064,.F.);
#7094 = PLANE('',#7095);
#7095 = AXIS2_PLACEMENT_3D('',#7096,#7097,#7098);
#7096 = CARTESIAN_POINT('',(2.955,3.165,0.1));
#7097 = DIRECTION('',(0.,0.,1.));
#7098 = DIRECTION('',(1.,0.,-0.));
#7099 = MANIFOLD_SOLID_BREP('',#7100);
#7100 = CLOSED_SHELL('',(#7101,#7141,#7181,#7203,#7225,#7237));
#7101 = ADVANCED_FACE('',(#7102),#7136,.F.);
#7102 = FACE_BOUND('',#7103,.F.);
#7103 = EDGE_LOOP('',(#7104,#7114,#7122,#7130));
#7104 = ORIENTED_EDGE('',*,*,#7105,.F.);
#7105 = EDGE_CURVE('',#7106,#7108,#7110,.T.);
#7106 = VERTEX_POINT('',#7107);
#7107 = CARTESIAN_POINT('',(3.205,3.165,0.));
#7108 = VERTEX_POINT('',#7109);
#7109 = CARTESIAN_POINT('',(3.205,3.165,0.1));
#7110 = LINE('',#7111,#7112);
#7111 = CARTESIAN_POINT('',(3.205,3.165,0.));
#7112 = VECTOR('',#7113,1.);
#7113 = DIRECTION('',(0.,0.,1.));
#7114 = ORIENTED_EDGE('',*,*,#7115,.T.);
#7115 = EDGE_CURVE('',#7106,#7116,#7118,.T.);
#7116 = VERTEX_POINT('',#7117);
#7117 = CARTESIAN_POINT('',(3.205,3.975,0.));
#7118 = LINE('',#7119,#7120);
#7119 = CARTESIAN_POINT('',(3.205,3.165,0.));
#7120 = VECTOR('',#7121,1.);
#7121 = DIRECTION('',(-0.,1.,0.));
#7122 = ORIENTED_EDGE('',*,*,#7123,.T.);
#7123 = EDGE_CURVE('',#7116,#7124,#7126,.T.);
#7124 = VERTEX_POINT('',#7125);
#7125 = CARTESIAN_POINT('',(3.205,3.975,0.1));
#7126 = LINE('',#7127,#7128);
#7127 = CARTESIAN_POINT('',(3.205,3.975,0.));
#7128 = VECTOR('',#7129,1.);
#7129 = DIRECTION('',(0.,0.,1.));
#7130 = ORIENTED_EDGE('',*,*,#7131,.F.);
#7131 = EDGE_CURVE('',#7108,#7124,#7132,.T.);
#7132 = LINE('',#7133,#7134);
#7133 = CARTESIAN_POINT('',(3.205,3.165,0.1));
#7134 = VECTOR('',#7135,1.);
#7135 = DIRECTION('',(-0.,1.,0.));
#7136 = PLANE('',#7137);
#7137 = AXIS2_PLACEMENT_3D('',#7138,#7139,#7140);
#7138 = CARTESIAN_POINT('',(3.205,3.165,0.));
#7139 = DIRECTION('',(1.,0.,-0.));
#7140 = DIRECTION('',(0.,0.,1.));
#7141 = ADVANCED_FACE('',(#7142),#7176,.T.);
#7142 = FACE_BOUND('',#7143,.T.);
#7143 = EDGE_LOOP('',(#7144,#7154,#7162,#7170));
#7144 = ORIENTED_EDGE('',*,*,#7145,.F.);
#7145 = EDGE_CURVE('',#7146,#7148,#7150,.T.);
#7146 = VERTEX_POINT('',#7147);
#7147 = CARTESIAN_POINT('',(3.445,3.165,0.));
#7148 = VERTEX_POINT('',#7149);
#7149 = CARTESIAN_POINT('',(3.445,3.165,0.1));
#7150 = LINE('',#7151,#7152);
#7151 = CARTESIAN_POINT('',(3.445,3.165,0.));
#7152 = VECTOR('',#7153,1.);
#7153 = DIRECTION('',(0.,0.,1.));
#7154 = ORIENTED_EDGE('',*,*,#7155,.T.);
#7155 = EDGE_CURVE('',#7146,#7156,#7158,.T.);
#7156 = VERTEX_POINT('',#7157);
#7157 = CARTESIAN_POINT('',(3.445,3.975,0.));
#7158 = LINE('',#7159,#7160);
#7159 = CARTESIAN_POINT('',(3.445,3.165,0.));
#7160 = VECTOR('',#7161,1.);
#7161 = DIRECTION('',(-0.,1.,0.));
#7162 = ORIENTED_EDGE('',*,*,#7163,.T.);
#7163 = EDGE_CURVE('',#7156,#7164,#7166,.T.);
#7164 = VERTEX_POINT('',#7165);
#7165 = CARTESIAN_POINT('',(3.445,3.975,0.1));
#7166 = LINE('',#7167,#7168);
#7167 = CARTESIAN_POINT('',(3.445,3.975,0.));
#7168 = VECTOR('',#7169,1.);
#7169 = DIRECTION('',(0.,0.,1.));
#7170 = ORIENTED_EDGE('',*,*,#7171,.F.);
#7171 = EDGE_CURVE('',#7148,#7164,#7172,.T.);
#7172 = LINE('',#7173,#7174);
#7173 = CARTESIAN_POINT('',(3.445,3.165,0.1));
#7174 = VECTOR('',#7175,1.);
#7175 = DIRECTION('',(-0.,1.,0.));
#7176 = PLANE('',#7177);
#7177 = AXIS2_PLACEMENT_3D('',#7178,#7179,#7180);
#7178 = CARTESIAN_POINT('',(3.445,3.165,0.));
#7179 = DIRECTION('',(1.,0.,-0.));
#7180 = DIRECTION('',(0.,0.,1.));
#7181 = ADVANCED_FACE('',(#7182),#7198,.F.);
#7182 = FACE_BOUND('',#7183,.F.);
#7183 = EDGE_LOOP('',(#7184,#7190,#7191,#7197));
#7184 = ORIENTED_EDGE('',*,*,#7185,.F.);
#7185 = EDGE_CURVE('',#7106,#7146,#7186,.T.);
#7186 = LINE('',#7187,#7188);
#7187 = CARTESIAN_POINT('',(3.205,3.165,0.));
#7188 = VECTOR('',#7189,1.);
#7189 = DIRECTION('',(1.,0.,-0.));
#7190 = ORIENTED_EDGE('',*,*,#7105,.T.);
#7191 = ORIENTED_EDGE('',*,*,#7192,.T.);
#7192 = EDGE_CURVE('',#7108,#7148,#7193,.T.);
#7193 = LINE('',#7194,#7195);
#7194 = CARTESIAN_POINT('',(3.205,3.165,0.1));
#7195 = VECTOR('',#7196,1.);
#7196 = DIRECTION('',(1.,0.,-0.));
#7197 = ORIENTED_EDGE('',*,*,#7145,.F.);
#7198 = PLANE('',#7199);
#7199 = AXIS2_PLACEMENT_3D('',#7200,#7201,#7202);
#7200 = CARTESIAN_POINT('',(3.205,3.165,0.));
#7201 = DIRECTION('',(-0.,1.,0.));
#7202 = DIRECTION('',(0.,0.,1.));
#7203 = ADVANCED_FACE('',(#7204),#7220,.T.);
#7204 = FACE_BOUND('',#7205,.T.);
#7205 = EDGE_LOOP('',(#7206,#7212,#7213,#7219));
#7206 = ORIENTED_EDGE('',*,*,#7207,.F.);
#7207 = EDGE_CURVE('',#7116,#7156,#7208,.T.);
#7208 = LINE('',#7209,#7210);
#7209 = CARTESIAN_POINT('',(3.205,3.975,0.));
#7210 = VECTOR('',#7211,1.);
#7211 = DIRECTION('',(1.,0.,-0.));
#7212 = ORIENTED_EDGE('',*,*,#7123,.T.);
#7213 = ORIENTED_EDGE('',*,*,#7214,.T.);
#7214 = EDGE_CURVE('',#7124,#7164,#7215,.T.);
#7215 = LINE('',#7216,#7217);
#7216 = CARTESIAN_POINT('',(3.205,3.975,0.1));
#7217 = VECTOR('',#7218,1.);
#7218 = DIRECTION('',(1.,0.,-0.));
#7219 = ORIENTED_EDGE('',*,*,#7163,.F.);
#7220 = PLANE('',#7221);
#7221 = AXIS2_PLACEMENT_3D('',#7222,#7223,#7224);
#7222 = CARTESIAN_POINT('',(3.205,3.975,0.));
#7223 = DIRECTION('',(-0.,1.,0.));
#7224 = DIRECTION('',(0.,0.,1.));
#7225 = ADVANCED_FACE('',(#7226),#7232,.F.);
#7226 = FACE_BOUND('',#7227,.F.);
#7227 = EDGE_LOOP('',(#7228,#7229,#7230,#7231));
#7228 = ORIENTED_EDGE('',*,*,#7115,.F.);
#7229 = ORIENTED_EDGE('',*,*,#7185,.T.);
#7230 = ORIENTED_EDGE('',*,*,#7155,.T.);
#7231 = ORIENTED_EDGE('',*,*,#7207,.F.);
#7232 = PLANE('',#7233);
#7233 = AXIS2_PLACEMENT_3D('',#7234,#7235,#7236);
#7234 = CARTESIAN_POINT('',(3.205,3.165,0.));
#7235 = DIRECTION('',(0.,0.,1.));
#7236 = DIRECTION('',(1.,0.,-0.));
#7237 = ADVANCED_FACE('',(#7238),#7244,.T.);
#7238 = FACE_BOUND('',#7239,.T.);
#7239 = EDGE_LOOP('',(#7240,#7241,#7242,#7243));
#7240 = ORIENTED_EDGE('',*,*,#7131,.F.);
#7241 = ORIENTED_EDGE('',*,*,#7192,.T.);
#7242 = ORIENTED_EDGE('',*,*,#7171,.T.);
#7243 = ORIENTED_EDGE('',*,*,#7214,.F.);
#7244 = PLANE('',#7245);
#7245 = AXIS2_PLACEMENT_3D('',#7246,#7247,#7248);
#7246 = CARTESIAN_POINT('',(3.205,3.165,0.1));
#7247 = DIRECTION('',(0.,0.,1.));
#7248 = DIRECTION('',(1.,0.,-0.));
#7249 = ( GEOMETRIC_REPRESENTATION_CONTEXT(3) 
GLOBAL_UNCERTAINTY_ASSIGNED_CONTEXT((#7253)) 
GLOBAL_UNIT_ASSIGNED_CONTEXT((#7250,#7251,#7252)) REPRESENTATION_CONTEXT
('Context #1','3D Context with UNIT and UNCERTAINTY') );
#7250 = ( LENGTH_UNIT() NAMED_UNIT(*) SI_UNIT(.MILLI.,.METRE.) );
#7251 = ( NAMED_UNIT(*) PLANE_ANGLE_UNIT() SI_UNIT($,.RADIAN.) );
#7252 = ( NAMED_UNIT(*) SI_UNIT($,.STERADIAN.) SOLID_ANGLE_UNIT() );
#7253 = UNCERTAINTY_MEASURE_WITH_UNIT(LENGTH_MEASURE(1.E-07),#7250,
  'distance_accuracy_value','confusion accuracy');
#7254 = CONTEXT_DEPENDENT_SHAPE_REPRESENTATION(#7255,#7257);
#7255 = ( REPRESENTATION_RELATIONSHIP('','',#4848,#10) 
REPRESENTATION_RELATIONSHIP_WITH_TRANSFORMATION(#7256) 
SHAPE_REPRESENTATION_RELATIONSHIP() );
#7256 = ITEM_DEFINED_TRANSFORMATION('','',#11,#31);
#7257 = PRODUCT_DEFINITION_SHAPE('Placement','Placement of an item',
  #7258);
#7258 = NEXT_ASSEMBLY_USAGE_OCCURRENCE('5','tails','',#5,#4843,$);
#7259 = PRODUCT_RELATED_PRODUCT_CATEGORY('part',$,(#4845));
#7260 = COLOUR_RGB('',0.6200,0.6200,0.6400);
#7261 = FILL_AREA_STYLE_COLOUR('',#7260);
#7262 = FILL_AREA_STYLE('',(#7261));
#7263 = SURFACE_STYLE_FILL_AREA(#7262);
#7264 = SURFACE_SIDE_STYLE('',(#7263));
#7265 = SURFACE_STYLE_USAGE(.BOTH.,#7264);
#7266 = PRESENTATION_STYLE_ASSIGNMENT((#7265));
#7267 = STYLED_ITEM('color',(#7266),#49);
#7268 = MECHANICAL_DESIGN_GEOMETRIC_PRESENTATION_REPRESENTATION('',(#7267),#1567);
#7269 = COLOUR_RGB('',0.1000,0.1000,0.1000);
#7270 = FILL_AREA_STYLE_COLOUR('',#7269);
#7271 = FILL_AREA_STYLE('',(#7270));
#7272 = SURFACE_STYLE_FILL_AREA(#7271);
#7273 = SURFACE_SIDE_STYLE('',(#7272));
#7274 = SURFACE_STYLE_USAGE(.BOTH.,#7273);
#7275 = PRESENTATION_STYLE_ASSIGNMENT((#7274));
#7276 = STYLED_ITEM('color',(#7275),#1586);
#7277 = MECHANICAL_DESIGN_GEOMETRIC_PRESENTATION_REPRESENTATION('',(#7276),#2236);
#7278 = COLOUR_RGB('',0.1000,0.1000,0.1000);
#7279 = FILL_AREA_STYLE_COLOUR('',#7278);
#7280 = FILL_AREA_STYLE('',(#7279));
#7281 = SURFACE_STYLE_FILL_AREA(#7280);
#7282 = SURFACE_SIDE_STYLE('',(#7281));
#7283 = SURFACE_STYLE_USAGE(.BOTH.,#7282);
#7284 = PRESENTATION_STYLE_ASSIGNMENT((#7283));
#7285 = STYLED_ITEM('color',(#7284),#2255);
#7286 = COLOUR_RGB('',0.1000,0.1000,0.1000);
#7287 = FILL_AREA_STYLE_COLOUR('',#7286);
#7288 = FILL_AREA_STYLE('',(#7287));
#7289 = SURFACE_STYLE_FILL_AREA(#7288);
#7290 = SURFACE_SIDE_STYLE('',(#7289));
#7291 = SURFACE_STYLE_USAGE(.BOTH.,#7290);
#7292 = PRESENTATION_STYLE_ASSIGNMENT((#7291));
#7293 = STYLED_ITEM('color',(#7292),#2333);
#7294 = MECHANICAL_DESIGN_GEOMETRIC_PRESENTATION_REPRESENTATION('',(#7285,#7293),#2411);
#7295 = COLOUR_RGB('',0.8600,0.6900,0.2500);
#7296 = FILL_AREA_STYLE_COLOUR('',#7295);
#7297 = FILL_AREA_STYLE('',(#7296));
#7298 = SURFACE_STYLE_FILL_AREA(#7297);
#7299 = SURFACE_SIDE_STYLE('',(#7298));
#7300 = SURFACE_STYLE_USAGE(.BOTH.,#7299);
#7301 = PRESENTATION_STYLE_ASSIGNMENT((#7300));
#7302 = STYLED_ITEM('color',(#7301),#2430);
#7303 = COLOUR_RGB('',0.8600,0.6900,0.2500);
#7304 = FILL_AREA_STYLE_COLOUR('',#7303);
#7305 = FILL_AREA_STYLE('',(#7304));
#7306 = SURFACE_STYLE_FILL_AREA(#7305);
#7307 = SURFACE_SIDE_STYLE('',(#7306));
#7308 = SURFACE_STYLE_USAGE(.BOTH.,#7307);
#7309 = PRESENTATION_STYLE_ASSIGNMENT((#7308));
#7310 = STYLED_ITEM('color',(#7309),#2580);
#7311 = COLOUR_RGB('',0.8600,0.6900,0.2500);
#7312 = FILL_AREA_STYLE_COLOUR('',#7311);
#7313 = FILL_AREA_STYLE('',(#7312));
#7314 = SURFACE_STYLE_FILL_AREA(#7313);
#7315 = SURFACE_SIDE_STYLE('',(#7314));
#7316 = SURFACE_STYLE_USAGE(.BOTH.,#7315);
#7317 = PRESENTATION_STYLE_ASSIGNMENT((#7316));
#7318 = STYLED_ITEM('color',(#7317),#2730);
#7319 = COLOUR_RGB('',0.8600,0.6900,0.2500);
#7320 = FILL_AREA_STYLE_COLOUR('',#7319);
#7321 = FILL_AREA_STYLE('',(#7320));
#7322 = SURFACE_STYLE_FILL_AREA(#7321);
#7323 = SURFACE_SIDE_STYLE('',(#7322));
#7324 = SURFACE_STYLE_USAGE(.BOTH.,#7323);
#7325 = PRESENTATION_STYLE_ASSIGNMENT((#7324));
#7326 = STYLED_ITEM('color',(#7325),#2880);
#7327 = COLOUR_RGB('',0.8600,0.6900,0.2500);
#7328 = FILL_AREA_STYLE_COLOUR('',#7327);
#7329 = FILL_AREA_STYLE('',(#7328));
#7330 = SURFACE_STYLE_FILL_AREA(#7329);
#7331 = SURFACE_SIDE_STYLE('',(#7330));
#7332 = SURFACE_STYLE_USAGE(.BOTH.,#7331);
#7333 = PRESENTATION_STYLE_ASSIGNMENT((#7332));
#7334 = STYLED_ITEM('color',(#7333),#3030);
#7335 = COLOUR_RGB('',0.8600,0.6900,0.2500);
#7336 = FILL_AREA_STYLE_COLOUR('',#7335);
#7337 = FILL_AREA_STYLE('',(#7336));
#7338 = SURFACE_STYLE_FILL_AREA(#7337);
#7339 = SURFACE_SIDE_STYLE('',(#7338));
#7340 = SURFACE_STYLE_USAGE(.BOTH.,#7339);
#7341 = PRESENTATION_STYLE_ASSIGNMENT((#7340));
#7342 = STYLED_ITEM('color',(#7341),#3180);
#7343 = COLOUR_RGB('',0.8600,0.6900,0.2500);
#7344 = FILL_AREA_STYLE_COLOUR('',#7343);
#7345 = FILL_AREA_STYLE('',(#7344));
#7346 = SURFACE_STYLE_FILL_AREA(#7345);
#7347 = SURFACE_SIDE_STYLE('',(#7346));
#7348 = SURFACE_STYLE_USAGE(.BOTH.,#7347);
#7349 = PRESENTATION_STYLE_ASSIGNMENT((#7348));
#7350 = STYLED_ITEM('color',(#7349),#3330);
#7351 = COLOUR_RGB('',0.8600,0.6900,0.2500);
#7352 = FILL_AREA_STYLE_COLOUR('',#7351);
#7353 = FILL_AREA_STYLE('',(#7352));
#7354 = SURFACE_STYLE_FILL_AREA(#7353);
#7355 = SURFACE_SIDE_STYLE('',(#7354));
#7356 = SURFACE_STYLE_USAGE(.BOTH.,#7355);
#7357 = PRESENTATION_STYLE_ASSIGNMENT((#7356));
#7358 = STYLED_ITEM('color',(#7357),#3480);
#7359 = COLOUR_RGB('',0.8600,0.6900,0.2500);
#7360 = FILL_AREA_STYLE_COLOUR('',#7359);
#7361 = FILL_AREA_STYLE('',(#7360));
#7362 = SURFACE_STYLE_FILL_AREA(#7361);
#7363 = SURFACE_SIDE_STYLE('',(#7362));
#7364 = SURFACE_STYLE_USAGE(.BOTH.,#7363);
#7365 = PRESENTATION_STYLE_ASSIGNMENT((#7364));
#7366 = STYLED_ITEM('color',(#7365),#3630);
#7367 = COLOUR_RGB('',0.8600,0.6900,0.2500);
#7368 = FILL_AREA_STYLE_COLOUR('',#7367);
#7369 = FILL_AREA_STYLE('',(#7368));
#7370 = SURFACE_STYLE_FILL_AREA(#7369);
#7371 = SURFACE_SIDE_STYLE('',(#7370));
#7372 = SURFACE_STYLE_USAGE(.BOTH.,#7371);
#7373 = PRESENTATION_STYLE_ASSIGNMENT((#7372));
#7374 = STYLED_ITEM('color',(#7373),#3780);
#7375 = COLOUR_RGB('',0.8600,0.6900,0.2500);
#7376 = FILL_AREA_STYLE_COLOUR('',#7375);
#7377 = FILL_AREA_STYLE('',(#7376));
#7378 = SURFACE_STYLE_FILL_AREA(#7377);
#7379 = SURFACE_SIDE_STYLE('',(#7378));
#7380 = SURFACE_STYLE_USAGE(.BOTH.,#7379);
#7381 = PRESENTATION_STYLE_ASSIGNMENT((#7380));
#7382 = STYLED_ITEM('color',(#7381),#3930);
#7383 = COLOUR_RGB('',0.8600,0.6900,0.2500);
#7384 = FILL_AREA_STYLE_COLOUR('',#7383);
#7385 = FILL_AREA_STYLE('',(#7384));
#7386 = SURFACE_STYLE_FILL_AREA(#7385);
#7387 = SURFACE_SIDE_STYLE('',(#7386));
#7388 = SURFACE_STYLE_USAGE(.BOTH.,#7387);
#7389 = PRESENTATION_STYLE_ASSIGNMENT((#7388));
#7390 = STYLED_ITEM('color',(#7389),#4080);
#7391 = COLOUR_RGB('',0.8600,0.6900,0.2500);
#7392 = FILL_AREA_STYLE_COLOUR('',#7391);
#7393 = FILL_AREA_STYLE('',(#7392));
#7394 = SURFACE_STYLE_FILL_AREA(#7393);
#7395 = SURFACE_SIDE_STYLE('',(#7394));
#7396 = SURFACE_STYLE_USAGE(.BOTH.,#7395);
#7397 = PRESENTATION_STYLE_ASSIGNMENT((#7396));
#7398 = STYLED_ITEM('color',(#7397),#4230);
#7399 = COLOUR_RGB('',0.8600,0.6900,0.2500);
#7400 = FILL_AREA_STYLE_COLOUR('',#7399);
#7401 = FILL_AREA_STYLE('',(#7400));
#7402 = SURFACE_STYLE_FILL_AREA(#7401);
#7403 = SURFACE_SIDE_STYLE('',(#7402));
#7404 = SURFACE_STYLE_USAGE(.BOTH.,#7403);
#7405 = PRESENTATION_STYLE_ASSIGNMENT((#7404));
#7406 = STYLED_ITEM('color',(#7405),#4380);
#7407 = COLOUR_RGB('',0.8600,0.6900,0.2500);
#7408 = FILL_AREA_STYLE_COLOUR('',#7407);
#7409 = FILL_AREA_STYLE('',(#7408));
#7410 = SURFACE_STYLE_FILL_AREA(#7409);
#7411 = SURFACE_SIDE_STYLE('',(#7410));
#7412 = SURFACE_STYLE_USAGE(.BOTH.,#7411);
#7413 = PRESENTATION_STYLE_ASSIGNMENT((#7412));
#7414 = STYLED_ITEM('color',(#7413),#4530);
#7415 = COLOUR_RGB('',0.8600,0.6900,0.2500);
#7416 = FILL_AREA_STYLE_COLOUR('',#7415);
#7417 = FILL_AREA_STYLE('',(#7416));
#7418 = SURFACE_STYLE_FILL_AREA(#7417);
#7419 = SURFACE_SIDE_STYLE('',(#7418));
#7420 = SURFACE_STYLE_USAGE(.BOTH.,#7419);
#7421 = PRESENTATION_STYLE_ASSIGNMENT((#7420));
#7422 = STYLED_ITEM('color',(#7421),#4680);
#7423 = MECHANICAL_DESIGN_GEOMETRIC_PRESENTATION_REPRESENTATION('',(#7302,#7310,#7318,#7326,#7334,#7342,#7350,#7358,#7366,#7374,#7382,#7390,#7398,#7406,#7414,#7422),#4830);
#7424 = COLOUR_RGB('',0.8200,0.8200,0.7800);
#7425 = FILL_AREA_STYLE_COLOUR('',#7424);
#7426 = FILL_AREA_STYLE('',(#7425));
#7427 = SURFACE_STYLE_FILL_AREA(#7426);
#7428 = SURFACE_SIDE_STYLE('',(#7427));
#7429 = SURFACE_STYLE_USAGE(.BOTH.,#7428);
#7430 = PRESENTATION_STYLE_ASSIGNMENT((#7429));
#7431 = STYLED_ITEM('color',(#7430),#4849);
#7432 = COLOUR_RGB('',0.8200,0.8200,0.7800);
#7433 = FILL_AREA_STYLE_COLOUR('',#7432);
#7434 = FILL_AREA_STYLE('',(#7433));
#7435 = SURFACE_STYLE_FILL_AREA(#7434);
#7436 = SURFACE_SIDE_STYLE('',(#7435));
#7437 = SURFACE_STYLE_USAGE(.BOTH.,#7436);
#7438 = PRESENTATION_STYLE_ASSIGNMENT((#7437));
#7439 = STYLED_ITEM('color',(#7438),#4999);
#7440 = COLOUR_RGB('',0.8200,0.8200,0.7800);
#7441 = FILL_AREA_STYLE_COLOUR('',#7440);
#7442 = FILL_AREA_STYLE('',(#7441));
#7443 = SURFACE_STYLE_FILL_AREA(#7442);
#7444 = SURFACE_SIDE_STYLE('',(#7443));
#7445 = SURFACE_STYLE_USAGE(.BOTH.,#7444);
#7446 = PRESENTATION_STYLE_ASSIGNMENT((#7445));
#7447 = STYLED_ITEM('color',(#7446),#5149);
#7448 = COLOUR_RGB('',0.8200,0.8200,0.7800);
#7449 = FILL_AREA_STYLE_COLOUR('',#7448);
#7450 = FILL_AREA_STYLE('',(#7449));
#7451 = SURFACE_STYLE_FILL_AREA(#7450);
#7452 = SURFACE_SIDE_STYLE('',(#7451));
#7453 = SURFACE_STYLE_USAGE(.BOTH.,#7452);
#7454 = PRESENTATION_STYLE_ASSIGNMENT((#7453));
#7455 = STYLED_ITEM('color',(#7454),#5299);
#7456 = COLOUR_RGB('',0.8200,0.8200,0.7800);
#7457 = FILL_AREA_STYLE_COLOUR('',#7456);
#7458 = FILL_AREA_STYLE('',(#7457));
#7459 = SURFACE_STYLE_FILL_AREA(#7458);
#7460 = SURFACE_SIDE_STYLE('',(#7459));
#7461 = SURFACE_STYLE_USAGE(.BOTH.,#7460);
#7462 = PRESENTATION_STYLE_ASSIGNMENT((#7461));
#7463 = STYLED_ITEM('color',(#7462),#5449);
#7464 = COLOUR_RGB('',0.8200,0.8200,0.7800);
#7465 = FILL_AREA_STYLE_COLOUR('',#7464);
#7466 = FILL_AREA_STYLE('',(#7465));
#7467 = SURFACE_STYLE_FILL_AREA(#7466);
#7468 = SURFACE_SIDE_STYLE('',(#7467));
#7469 = SURFACE_STYLE_USAGE(.BOTH.,#7468);
#7470 = PRESENTATION_STYLE_ASSIGNMENT((#7469));
#7471 = STYLED_ITEM('color',(#7470),#5599);
#7472 = COLOUR_RGB('',0.8200,0.8200,0.7800);
#7473 = FILL_AREA_STYLE_COLOUR('',#7472);
#7474 = FILL_AREA_STYLE('',(#7473));
#7475 = SURFACE_STYLE_FILL_AREA(#7474);
#7476 = SURFACE_SIDE_STYLE('',(#7475));
#7477 = SURFACE_STYLE_USAGE(.BOTH.,#7476);
#7478 = PRESENTATION_STYLE_ASSIGNMENT((#7477));
#7479 = STYLED_ITEM('color',(#7478),#5749);
#7480 = COLOUR_RGB('',0.8200,0.8200,0.7800);
#7481 = FILL_AREA_STYLE_COLOUR('',#7480);
#7482 = FILL_AREA_STYLE('',(#7481));
#7483 = SURFACE_STYLE_FILL_AREA(#7482);
#7484 = SURFACE_SIDE_STYLE('',(#7483));
#7485 = SURFACE_STYLE_USAGE(.BOTH.,#7484);
#7486 = PRESENTATION_STYLE_ASSIGNMENT((#7485));
#7487 = STYLED_ITEM('color',(#7486),#5899);
#7488 = COLOUR_RGB('',0.8200,0.8200,0.7800);
#7489 = FILL_AREA_STYLE_COLOUR('',#7488);
#7490 = FILL_AREA_STYLE('',(#7489));
#7491 = SURFACE_STYLE_FILL_AREA(#7490);
#7492 = SURFACE_SIDE_STYLE('',(#7491));
#7493 = SURFACE_STYLE_USAGE(.BOTH.,#7492);
#7494 = PRESENTATION_STYLE_ASSIGNMENT((#7493));
#7495 = STYLED_ITEM('color',(#7494),#6049);
#7496 = COLOUR_RGB('',0.8200,0.8200,0.7800);
#7497 = FILL_AREA_STYLE_COLOUR('',#7496);
#7498 = FILL_AREA_STYLE('',(#7497));
#7499 = SURFACE_STYLE_FILL_AREA(#7498);
#7500 = SURFACE_SIDE_STYLE('',(#7499));
#7501 = SURFACE_STYLE_USAGE(.BOTH.,#7500);
#7502 = PRESENTATION_STYLE_ASSIGNMENT((#7501));
#7503 = STYLED_ITEM('color',(#7502),#6199);
#7504 = COLOUR_RGB('',0.8200,0.8200,0.7800);
#7505 = FILL_AREA_STYLE_COLOUR('',#7504);
#7506 = FILL_AREA_STYLE('',(#7505));
#7507 = SURFACE_STYLE_FILL_AREA(#7506);
#7508 = SURFACE_SIDE_STYLE('',(#7507));
#7509 = SURFACE_STYLE_USAGE(.BOTH.,#7508);
#7510 = PRESENTATION_STYLE_ASSIGNMENT((#7509));
#7511 = STYLED_ITEM('color',(#7510),#6349);
#7512 = COLOUR_RGB('',0.8200,0.8200,0.7800);
#7513 = FILL_AREA_STYLE_COLOUR('',#7512);
#7514 = FILL_AREA_STYLE('',(#7513));
#7515 = SURFACE_STYLE_FILL_AREA(#7514);
#7516 = SURFACE_SIDE_STYLE('',(#7515));
#7517 = SURFACE_STYLE_USAGE(.BOTH.,#7516);
#7518 = PRESENTATION_STYLE_ASSIGNMENT((#7517));
#7519 = STYLED_ITEM('color',(#7518),#6499);
#7520 = COLOUR_RGB('',0.8200,0.8200,0.7800);
#7521 = FILL_AREA_STYLE_COLOUR('',#7520);
#7522 = FILL_AREA_STYLE('',(#7521));
#7523 = SURFACE_STYLE_FILL_AREA(#7522);
#7524 = SURFACE_SIDE_STYLE('',(#7523));
#7525 = SURFACE_STYLE_USAGE(.BOTH.,#7524);
#7526 = PRESENTATION_STYLE_ASSIGNMENT((#7525));
#7527 = STYLED_ITEM('color',(#7526),#6649);
#7528 = COLOUR_RGB('',0.8200,0.8200,0.7800);
#7529 = FILL_AREA_STYLE_COLOUR('',#7528);
#7530 = FILL_AREA_STYLE('',(#7529));
#7531 = SURFACE_STYLE_FILL_AREA(#7530);
#7532 = SURFACE_SIDE_STYLE('',(#7531));
#7533 = SURFACE_STYLE_USAGE(.BOTH.,#7532);
#7534 = PRESENTATION_STYLE_ASSIGNMENT((#7533));
#7535 = STYLED_ITEM('color',(#7534),#6799);
#7536 = COLOUR_RGB('',0.8200,0.8200,0.7800);
#7537 = FILL_AREA_STYLE_COLOUR('',#7536);
#7538 = FILL_AREA_STYLE('',(#7537));
#7539 = SURFACE_STYLE_FILL_AREA(#7538);
#7540 = SURFACE_SIDE_STYLE('',(#7539));
#7541 = SURFACE_STYLE_USAGE(.BOTH.,#7540);
#7542 = PRESENTATION_STYLE_ASSIGNMENT((#7541));
#7543 = STYLED_ITEM('color',(#7542),#6949);
#7544 = COLOUR_RGB('',0.8200,0.8200,0.7800);
#7545 = FILL_AREA_STYLE_COLOUR('',#7544);
#7546 = FILL_AREA_STYLE('',(#7545));
#7547 = SURFACE_STYLE_FILL_AREA(#7546);
#7548 = SURFACE_SIDE_STYLE('',(#7547));
#7549 = SURFACE_STYLE_USAGE(.BOTH.,#7548);
#7550 = PRESENTATION_STYLE_ASSIGNMENT((#7549));
#7551 = STYLED_ITEM('color',(#7550),#7099);
#7552 = MECHANICAL_DESIGN_GEOMETRIC_PRESENTATION_REPRESENTATION('',(#7431,#7439,#7447,#7455,#7463,#7471,#7479,#7487,#7495,#7503,#7511,#7519,#7527,#7535,#7543,#7551),#7249);
ENDSEC;
END-ISO-10303-21;
