#VRML V2.0 utf8
# 3D model generated by easyeda2kicad.py (https://github.com/uPesy/easyeda2kicad.py)

Shape{
    appearance Appearance {
        material  Material 	{
            diffuseColor 0.25098039215686274 0.25098039215686274 0.25098039215686274
            specularColor 0.12549019607843137 0.12549019607843137 0.12549019607843137
            ambientIntensity 0.251
            transparency 0.0
            shininess 0.5
        }
    }
    geometry IndexedFaceSet {
        ccw TRUE
        solid FALSE
        coord DEF co Coordinate {
            point [
                -0.4724 -0.4724 0.0827, -0.4724 -0.4511 0.0827, -0.315 -0.4511 0.0827, 0.3588 -0.0698 0.0827, 0.3576 -0.0787 0.0827, 0.315 -0.022 0.0827, 0.0337 0.0138 0.0827, 0.0376 0.0133 0.0827, 0.0252 -0.0158 0.0827, 0.0245 -0.0154 0.0827, 0.0245 -0.0197 0.0827, 0.0206 -0.022 0.0827, 0.0289 0.0131 0.0827, 0.0245 0.0112 0.0827, 0.0773 -0.0218 0.0827, 0.0376 -0.022 0.0827, 0.0571 -0.0218 0.0827, 0.0402 -0.0217 0.0827, 0.044 -0.0204 0.0827, 0.0206 0.0304 0.0827, 0.0245 0.0165 0.0827, 0.0405 0.0123 0.0827, 0.0433 0.0104 0.0827, 0.0456 0.0078 0.0827, 0.0485 -0.0025 0.0827, 0.0481 -0.0068 0.0827, 0.047 -0.0101 0.0827, 0.0383 -0.0175 0.0827, 0.0346 -0.0179 0.0827, 0.0411 -0.0165 0.0827, 0.0435 -0.0148 0.0827, 0.0454 -0.0129 0.0827, 0.0294 -0.0173 0.0827, 0.0517 0.0072 0.0827, 0.0494 0.0109 0.0827, 0.072 0.0176 0.0827, 0.0458 0.0143 0.0827, 0.0473 0.0048 0.0827, 0.0483 0.0006 0.0827, 0.0472 -0.0184 0.0827, 0.0501 -0.0153 0.0827, 0.0571 -0.0174 0.0827, 0.0522 -0.0115 0.0827, 0.072 -0.0174 0.0827, 0.0421 0.0165 0.0827, 0.0377 0.0178 0.0827, 0.0534 -0.0074 0.0827, 0.0538 -0.0028 0.0827, 0.0532 0.0028 0.0827, 0.0338 0.0181 0.0827, 0.029 0.0178 0.0827, 0.0524 -0.054 0.0827, 0.0471 -0.0614 0.0827, 0.1017 -0.1065 0.0827, 0.1079 -0.0999 0.0827, 0.315 -0.1575 0.0827, 0.2251 -0.0444 0.0827, 0.2169 -0.0483 0.0827, 0.1123 -0.0655 0.0827, 0.1079 -0.0575 0.0827, 0.2013 -0.0698 0.0827, 0.272 -0.0742 0.0827, 0.2698 -0.0655 0.0827, 0.2654 -0.0575 0.0827, 0.2592 -0.0509 0.0827, 0.2046 -0.0614 0.0827, 0.1017 -0.0509 0.0827, 0.0941 -0.0461 0.0827, 0.0855 -0.0433 0.0827, 0.0765 -0.0427 0.0827, 0.0438 -0.0698 0.0827, 0.0427 -0.0787 0.0827, 0.0206 -0.1575 0.0827, 0.0438 -0.0877 0.0827, 0.0471 -0.0961 0.0827, 0.0524 -0.1034 0.0827, 0.0594 -0.1092 0.0827, 0.0676 -0.1131 0.0827, 0.2516 -0.0461 0.0827, 0.243 -0.0433 0.0827, 0.234 -0.0427 0.0827, 0.2099 -0.054 0.0827, 0.0287 -0.0214 0.0827, 0.0327 -0.022 0.0827, 0.0773 0.0176 0.0827, 0.315 0.0304 0.0827, 0.0676 -0.0444 0.0827, 0.0594 -0.0483 0.0827, 0.0353 -0.0222 0.0827, 0.0342 -0.0222 0.0827, 0.0765 -0.1148 0.0827, 0.0855 -0.1142 0.0827, 0.0941 -0.1114 0.0827, 0.2099 -0.1034 0.0827, 0.2046 -0.0961 0.0827, 0.1123 -0.092 0.0827, 0.2013 -0.0877 0.0827, 0.1145 -0.0833 0.0827, 0.2001 -0.0787 0.0827, 0.1148 -0.0787 0.0827, 0.1145 -0.0742 0.0827, 0.2169 -0.1092 0.0827, 0.2251 -0.1131 0.0827, 0.234 -0.1148 0.0827, 0.243 -0.1142 0.0827, 0.2516 -0.1114 0.0827, 0.2592 -0.1065 0.0827, 0.2654 -0.0999 0.0827, 0.2698 -0.092 0.0827, 0.272 -0.0833 0.0827, 0.2723 -0.0787 0.0827, -0.4049 0.428 0.0827, -0.413 0.4242 0.0827, -0.4724 0.4724 0.0827, -0.42 0.4184 0.0827, -0.4253 0.4111 0.0827, -0.4287 0.4027 0.0827, -0.4298 0.3937 0.0827, -0.4724 0.315 0.0827, -0.4287 0.3847 0.0827, -0.3579 0.3982 0.0827, -0.3602 0.407 0.0827, -0.315 0.4724 0.0827, -0.3645 0.4149 0.0827, -0.3707 0.4215 0.0827, -0.3783 0.4264 0.0827, -0.3869 0.4291 0.0827, -0.396 0.4297 0.0827, -0.3707 0.3659 0.0827, -0.3645 0.3725 0.0827, -0.315 0.315 0.0827, -0.4253 0.3763 0.0827, -0.42 0.369 0.0827, -0.413 0.3632 0.0827, -0.3783 0.3611 0.0827, -0.4049 0.3594 0.0827, -0.396 0.3577 0.0827, -0.3869 0.3583 0.0827, -0.3602 0.3804 0.0827, -0.3579 0.3892 0.0827, -0.3576 0.3937 0.0827, -0.2132 0.3659 0.0827, -0.207 0.3725 0.0827, -0.1575 0.315 0.0827, -0.2625 0.4184 0.0827, -0.2556 0.4242 0.0827, -0.2474 0.428 0.0827, -0.2004 0.3982 0.0827, -0.2027 0.407 0.0827, -0.1575 0.4724 0.0827, -0.207 0.4149 0.0827, -0.2132 0.4215 0.0827, -0.2209 0.4264 0.0827, -0.2295 0.4291 0.0827, -0.2385 0.4297 0.0827, -0.2678 0.4111 0.0827, -0.2712 0.4027 0.0827, -0.2723 0.3937 0.0827, -0.2712 0.3847 0.0827, -0.2678 0.3763 0.0827, -0.2625 0.369 0.0827, -0.2556 0.3632 0.0827, -0.2209 0.3611 0.0827, -0.2474 0.3594 0.0827, -0.2385 0.3577 0.0827, -0.2295 0.3583 0.0827, -0.2027 0.3804 0.0827, -0.2004 0.3892 0.0827, -0.2001 0.3937 0.0827, -0.105 0.4184 0.0827, -0.0981 0.4242 0.0827, -0.0899 0.428 0.0827, -0.1104 0.4111 0.0827, -0.1137 0.4027 0.0827, -0.1148 0.3937 0.0827, -0.1137 0.3847 0.0827, -0.0452 0.407 0.0827, -0.0495 0.4149 0.0827, 0.0206 0.4724 0.0827, -0.0557 0.4215 0.0827, -0.1104 0.3763 0.0827, -0.105 0.369 0.0827, -0.0981 0.3632 0.0827, -0.0634 0.4264 0.0827, -0.072 0.4291 0.0827, -0.081 0.4297 0.0827, -0.0634 0.3611 0.0827, -0.0557 0.3659 0.0827, 0.0206 0.315 0.0827, -0.0495 0.3725 0.0827, -0.0452 0.3804 0.0827, -0.0899 0.3594 0.0827, -0.081 0.3577 0.0827, -0.072 0.3583 0.0827, -0.0429 0.3892 0.0827, -0.0427 0.3937 0.0827, -0.0429 0.3982 0.0827, 0.0765 0.4297 0.0827, 0.0676 0.428 0.0827, 0.272 0.3982 0.0827, 0.2698 0.407 0.0827, 0.315 0.4724 0.0827, 0.2099 0.4184 0.0827, 0.2046 0.4111 0.0827, 0.0594 0.4242 0.0827, 0.0524 0.4184 0.0827, 0.0471 0.4111 0.0827, 0.2654 0.4149 0.0827, 0.2592 0.4215 0.0827, 0.2516 0.4264 0.0827, 0.2169 0.4242 0.0827, 0.315 0.315 0.0827, 0.2698 0.3804 0.0827, 0.272 0.3892 0.0827, 0.243 0.4291 0.0827, 0.234 0.4297 0.0827, 0.2251 0.428 0.0827, 0.0438 0.4027 0.0827, 0.0427 0.3937 0.0827, 0.0438 0.3847 0.0827, 0.0471 0.3763 0.0827, 0.0524 0.369 0.0827, 0.0594 0.3632 0.0827, 0.2001 0.3937 0.0827, 0.0855 0.3583 0.0827, 0.0941 0.3611 0.0827, 0.1017 0.3659 0.0827, 0.1079 0.3725 0.0827, 0.1123 0.3804 0.0827, 0.2723 0.3937 0.0827, 0.1079 0.4149 0.0827, 0.1123 0.407 0.0827, 0.2013 0.4027 0.0827, 0.1017 0.4215 0.0827, 0.0941 0.4264 0.0827, 0.0855 0.4291 0.0827, 0.2516 0.3611 0.0827, 0.2592 0.3659 0.0827, 0.2654 0.3725 0.0827, 0.0676 0.3594 0.0827, 0.0765 0.3577 0.0827, 0.2169 0.3632 0.0827, 0.2251 0.3594 0.0827, 0.234 0.3577 0.0827, 0.243 0.3583 0.0827, 0.2013 0.3847 0.0827, 0.2046 0.3763 0.0827, 0.2099 0.369 0.0827, 0.1145 0.3892 0.0827, 0.1148 0.3937 0.0827, 0.1145 0.3982 0.0827, 0.3674 0.4184 0.0827, 0.3744 0.4242 0.0827, 0.3826 0.428 0.0827, 0.4273 0.407 0.0827, 0.4229 0.4149 0.0827, 0.4511 0.4724 0.0827, 0.4167 0.4215 0.0827, 0.3621 0.4111 0.0827, 0.3588 0.4027 0.0827, 0.3576 0.3937 0.0827, 0.3588 0.3847 0.0827, 0.3621 0.3763 0.0827, 0.3674 0.369 0.0827, 0.3744 0.3632 0.0827, 0.4091 0.3611 0.0827, 0.4167 0.3659 0.0827, 0.4511 0.315 0.0827, 0.4229 0.3725 0.0827, 0.4273 0.3804 0.0827, 0.4091 0.4264 0.0827, 0.4005 0.4291 0.0827, 0.3914 0.4297 0.0827, 0.3826 0.3594 0.0827, 0.3914 0.3577 0.0827, 0.4005 0.3583 0.0827, 0.4295 0.3892 0.0827, 0.4298 0.3937 0.0827, 0.4295 0.3982 0.0827, -0.42 0.2609 0.0827, -0.413 0.2667 0.0827, -0.4049 0.2705 0.0827, -0.4298 0.2362 0.0827, -0.4724 0.1575 0.0827, -0.4287 0.2272 0.0827, -0.4253 0.2536 0.0827, -0.4287 0.2452 0.0827, -0.3707 0.2084 0.0827, -0.3645 0.215 0.0827, -0.315 0.1575 0.0827, -0.3579 0.2407 0.0827, -0.3602 0.2495 0.0827, -0.3645 0.2574 0.0827, -0.3707 0.264 0.0827, -0.4253 0.2188 0.0827, -0.42 0.2115 0.0827, -0.413 0.2058 0.0827, -0.3783 0.2689 0.0827, -0.3869 0.2717 0.0827, -0.396 0.2722 0.0827, -0.3783 0.2036 0.0827, -0.4049 0.2019 0.0827, -0.396 0.2002 0.0827, -0.3869 0.2008 0.0827, -0.3602 0.2229 0.0827, -0.3579 0.2317 0.0827, -0.3576 0.2362 0.0827, -0.2132 0.2084 0.0827, -0.207 0.215 0.0827, -0.1575 0.1575 0.0827, -0.2625 0.2609 0.0827, -0.2556 0.2667 0.0827, -0.2474 0.2705 0.0827, -0.2004 0.2407 0.0827, -0.2027 0.2495 0.0827, -0.207 0.2574 0.0827, -0.2132 0.264 0.0827, -0.2678 0.2536 0.0827, -0.2712 0.2452 0.0827, -0.2723 0.2362 0.0827, -0.2712 0.2272 0.0827, -0.2678 0.2188 0.0827, -0.2625 0.2115 0.0827, -0.2556 0.2058 0.0827, -0.2209 0.2689 0.0827, -0.2295 0.2717 0.0827, -0.2385 0.2722 0.0827, -0.2209 0.2036 0.0827, -0.2474 0.2019 0.0827, -0.2385 0.2002 0.0827, -0.2295 0.2008 0.0827, -0.2027 0.2229 0.0827, -0.2004 0.2317 0.0827, -0.2001 0.2362 0.0827, -0.105 0.2609 0.0827, -0.0981 0.2667 0.0827, -0.0899 0.2705 0.0827, -0.1104 0.2536 0.0827, -0.1137 0.2452 0.0827, -0.1148 0.2362 0.0827, -0.1137 0.2272 0.0827, -0.0452 0.2495 0.0827, -0.0495 0.2574 0.0827, -0.0557 0.264 0.0827, -0.0634 0.2689 0.0827, -0.072 0.2717 0.0827, -0.081 0.2722 0.0827, -0.1104 0.2188 0.0827, -0.105 0.2115 0.0827, -0.0981 0.2058 0.0827, -0.0899 0.2019 0.0827, -0.081 0.2002 0.0827, 0.0206 0.1575 0.0827, -0.072 0.2008 0.0827, -0.0634 0.2036 0.0827, -0.0557 0.2084 0.0827, -0.0495 0.215 0.0827, -0.0452 0.2229 0.0827, -0.0429 0.2317 0.0827, -0.0427 0.2362 0.0827, -0.0429 0.2407 0.0827, 0.272 0.2407 0.0827, 0.2698 0.2495 0.0827, 0.0594 0.2667 0.0827, 0.0524 0.2609 0.0827, 0.0471 0.2536 0.0827, 0.315 0.1575 0.0827, 0.2698 0.2229 0.0827, 0.272 0.2317 0.0827, 0.2654 0.2574 0.0827, 0.2592 0.264 0.0827, 0.2516 0.2689 0.0827, 0.0941 0.2689 0.0827, 0.0855 0.2717 0.0827, 0.0594 0.2058 0.0827, 0.0524 0.2115 0.0827, 0.0471 0.2188 0.0827, 0.2251 0.2705 0.0827, 0.234 0.2722 0.0827, 0.243 0.2717 0.0827, 0.0765 0.2722 0.0827, 0.0676 0.2705 0.0827, 0.0438 0.2452 0.0827, 0.0427 0.2362 0.0827, 0.0438 0.2272 0.0827, 0.2723 0.2362 0.0827, 0.2001 0.2362 0.0827, 0.0855 0.2008 0.0827, 0.0941 0.2036 0.0827, 0.1123 0.2495 0.0827, 0.1079 0.2574 0.0827, 0.2013 0.2452 0.0827, 0.2046 0.2536 0.0827, 0.2169 0.2667 0.0827, 0.2099 0.2609 0.0827, 0.1017 0.264 0.0827, 0.2516 0.2036 0.0827, 0.2592 0.2084 0.0827, 0.2654 0.215 0.0827, 0.1017 0.2084 0.0827, 0.1079 0.215 0.0827, 0.1123 0.2229 0.0827, 0.0676 0.2019 0.0827, 0.0765 0.2002 0.0827, 0.2169 0.2058 0.0827, 0.2251 0.2019 0.0827, 0.234 0.2002 0.0827, 0.243 0.2008 0.0827, 0.2013 0.2272 0.0827, 0.2046 0.2188 0.0827, 0.2099 0.2115 0.0827, 0.1145 0.2317 0.0827, 0.1148 0.2362 0.0827, 0.1145 0.2407 0.0827, 0.3674 0.2609 0.0827, 0.3744 0.2667 0.0827, 0.3826 0.2705 0.0827, 0.4511 0.1575 0.0827, 0.4229 0.215 0.0827, 0.4273 0.2229 0.0827, 0.4273 0.2495 0.0827, 0.4229 0.2574 0.0827, 0.4167 0.264 0.0827, 0.4091 0.2689 0.0827, 0.4005 0.2717 0.0827, 0.3914 0.2722 0.0827, 0.3576 0.2362 0.0827, 0.3588 0.2452 0.0827, 0.3621 0.2536 0.0827, 0.3588 0.2272 0.0827, 0.3621 0.2188 0.0827, 0.3674 0.2115 0.0827, 0.3744 0.2058 0.0827, 0.3826 0.2019 0.0827, 0.3914 0.2002 0.0827, 0.4005 0.2008 0.0827, 0.4091 0.2036 0.0827, 0.4167 0.2084 0.0827, 0.4295 0.2317 0.0827, 0.4298 0.2362 0.0827, 0.4295 0.2407 0.0827, -0.4298 0.0787 0.0827, -0.4287 0.0698 0.0827, -0.4724 0.0304 0.0827, -0.4253 0.0614 0.0827, -0.4287 0.0877 0.0827, -0.4253 0.0961 0.0827, -0.42 0.054 0.0827, -0.413 0.0483 0.0827, -0.4049 0.0444 0.0827, -0.396 0.0427 0.0827, -0.3869 0.0433 0.0827, -0.315 0.0304 0.0827, -0.3579 0.0833 0.0827, -0.3602 0.092 0.0827, -0.3645 0.0999 0.0827, -0.3707 0.1065 0.0827, -0.3783 0.1114 0.0827, -0.3869 0.1142 0.0827, -0.396 0.1148 0.0827, -0.4049 0.1131 0.0827, -0.3783 0.0461 0.0827, -0.3707 0.0509 0.0827, -0.3645 0.0575 0.0827, -0.3602 0.0655 0.0827, -0.3579 0.0742 0.0827, -0.3576 0.0787 0.0827, -0.413 0.1092 0.0827, -0.42 0.1034 0.0827, -0.2004 0.0833 0.0827, -0.2027 0.092 0.0827, -0.2712 0.0877 0.0827, -0.2209 0.1114 0.0827, -0.2295 0.1142 0.0827, -0.2474 0.1131 0.0827, -0.2556 0.1092 0.0827, -0.2723 0.0787 0.0827, -0.2712 0.0698 0.0827, -0.2678 0.0614 0.0827, -0.2625 0.1034 0.0827, -0.2678 0.0961 0.0827, -0.1575 0.0304 0.0827, -0.2027 0.0655 0.0827, -0.2004 0.0742 0.0827, -0.2385 0.1148 0.0827, -0.2625 0.054 0.0827, -0.2556 0.0483 0.0827, -0.2474 0.0444 0.0827, -0.2001 0.0787 0.0827, -0.207 0.0999 0.0827, -0.2132 0.1065 0.0827, -0.2385 0.0427 0.0827, -0.2295 0.0433 0.0827, -0.2209 0.0461 0.0827, -0.2132 0.0509 0.0827, -0.207 0.0575 0.0827, -0.0899 0.1131 0.0827, -0.0981 0.1092 0.0827, -0.105 0.1034 0.0827, -0.1104 0.0961 0.0827, -0.1137 0.0877 0.0827, -0.1148 0.0787 0.0827, -0.1137 0.0698 0.0827, -0.1104 0.0614 0.0827, -0.072 0.0433 0.0827, -0.0634 0.0461 0.0827, -0.0452 0.092 0.0827, -0.0495 0.0999 0.0827, -0.0557 0.1065 0.0827, -0.105 0.054 0.0827, -0.0981 0.0483 0.0827, -0.0899 0.0444 0.0827, -0.081 0.0427 0.0827, -0.0634 0.1114 0.0827, -0.072 0.1142 0.0827, -0.081 0.1148 0.0827, -0.0557 0.0509 0.0827, -0.0495 0.0575 0.0827, -0.0452 0.0655 0.0827, -0.0429 0.0742 0.0827, -0.0427 0.0787 0.0827, -0.0429 0.0833 0.0827, 0.272 0.0833 0.0827, 0.2698 0.092 0.0827, 0.0524 0.1034 0.0827, 0.0471 0.0961 0.0827, 0.1123 0.092 0.0827, 0.1079 0.0999 0.0827, 0.2013 0.0877 0.0827, 0.2046 0.0961 0.0827, 0.2099 0.054 0.0827, 0.2169 0.0483 0.0827, 0.2099 0.1034 0.0827, 0.2169 0.1092 0.0827, 0.0765 0.1148 0.0827, 0.0676 0.1131 0.0827, 0.0594 0.1092 0.0827, 0.2516 0.1114 0.0827, 0.243 0.1142 0.0827, 0.234 0.1148 0.0827, 0.2251 0.1131 0.0827, 0.0438 0.0877 0.0827, 0.0427 0.0787 0.0827, 0.0438 0.0698 0.0827, 0.0471 0.0614 0.0827, 0.0524 0.054 0.0827, 0.0594 0.0483 0.0827, 0.0676 0.0444 0.0827, 0.2654 0.0999 0.0827, 0.2592 0.1065 0.0827, 0.1017 0.1065 0.0827, 0.0941 0.1114 0.0827, 0.0855 0.1142 0.0827, 0.2251 0.0444 0.0827, 0.234 0.0427 0.0827, 0.243 0.0433 0.0827, 0.2516 0.0461 0.0827, 0.2698 0.0655 0.0827, 0.272 0.0742 0.0827, 0.2723 0.0787 0.0827, 0.0765 0.0427 0.0827, 0.0855 0.0433 0.0827, 0.0941 0.0461 0.0827, 0.1017 0.0509 0.0827, 0.1079 0.0575 0.0827, 0.2046 0.0614 0.0827, 0.1123 0.0655 0.0827, 0.2013 0.0698 0.0827, 0.1145 0.0742 0.0827, 0.2001 0.0787 0.0827, 0.1148 0.0787 0.0827, 0.1145 0.0833 0.0827, 0.2592 0.0509 0.0827, 0.2654 0.0575 0.0827, 0.3588 0.0877 0.0827, 0.3576 0.0787 0.0827, 0.3588 0.0698 0.0827, 0.3621 0.0614 0.0827, 0.4273 0.092 0.0827, 0.4229 0.0999 0.0827, 0.3674 0.054 0.0827, 0.3744 0.0483 0.0827, 0.3826 0.0444 0.0827, 0.4005 0.1142 0.0827, 0.3914 0.0427 0.0827, 0.4005 0.0433 0.0827, 0.4511 0.0304 0.0827, 0.4091 0.0461 0.0827, 0.4167 0.1065 0.0827, 0.4091 0.1114 0.0827, 0.4167 0.0509 0.0827, 0.4229 0.0575 0.0827, 0.4273 0.0655 0.0827, 0.3914 0.1148 0.0827, 0.3826 0.1131 0.0827, 0.3744 0.1092 0.0827, 0.3674 0.1034 0.0827, 0.3621 0.0961 0.0827, 0.4295 0.0742 0.0827, 0.4298 0.0787 0.0827, 0.4295 0.0833 0.0827, -0.4724 -0.022 0.0827, -0.315 -0.022 0.0827, 0.0168 0.0176 0.0827, -0.0034 0.0176 0.0827, -0.0466 -0.0218 0.0827, -0.0417 -0.011 0.0827, -0.0395 -0.0145 0.0827, -0.1575 -0.022 0.0827, -0.0667 0.0176 0.0827, 0.0115 0.0133 0.0827, 0.0115 0.0003 0.0827, -0.0034 0.0133 0.0827, -0.0024 0.0003 0.0827, -0.0024 -0.004 0.0827, -0.012 -0.0218 0.0827, -0.012 0.0176 0.0827, -0.0362 -0.0176 0.0827, -0.0321 -0.02 0.0827, -0.0276 -0.0213 0.0827, -0.0615 0.0176 0.0827, -0.0288 0.017 0.0827, -0.0334 0.0154 0.0827, -0.0377 0.0125 0.0827, -0.0231 0.0176 0.0827, -0.0377 0.0125 0.0827, -0.0405 0.0094 0.0827, -0.0423 0.006 0.0827, -0.0434 0.0021 0.0827, -0.0437 -0.0016 0.0827, -0.0431 -0.0068 0.0827, -0.0227 -0.0218 0.0827, 0.0115 -0.004 0.0827, 0.0115 -0.0174 0.0827, -0.0043 -0.0174 0.0827, -0.0043 -0.0218 0.0827, 0.0168 -0.0218 0.0827, -0.0821 -0.0218 0.0827, -0.0763 -0.0218 0.0827, -0.0724 -0.0107 0.0827, -0.0561 -0.0107 0.0827, -0.0523 -0.0218 0.0827, -0.3579 -0.0742 0.0827, -0.3602 -0.0655 0.0827, -0.4298 -0.0787 0.0827, -0.4724 -0.1575 0.0827, -0.4287 -0.0877 0.0827, -0.3707 -0.1065 0.0827, -0.3645 -0.0999 0.0827, -0.315 -0.1575 0.0827, -0.3645 -0.0575 0.0827, -0.3707 -0.0509 0.0827, -0.3783 -0.0461 0.0827, -0.413 -0.0483 0.0827, -0.42 -0.054 0.0827, -0.3783 -0.1114 0.0827, -0.3869 -0.0433 0.0827, -0.396 -0.0427 0.0827, -0.4049 -0.0444 0.0827, -0.4253 -0.0614 0.0827, -0.4287 -0.0698 0.0827, -0.4253 -0.0961 0.0827, -0.42 -0.1034 0.0827, -0.413 -0.1092 0.0827, -0.4049 -0.1131 0.0827, -0.396 -0.1148 0.0827, -0.3869 -0.1142 0.0827, -0.3602 -0.092 0.0827, -0.3579 -0.0833 0.0827, -0.3576 -0.0787 0.0827, -0.2385 -0.0427 0.0827, -0.2474 -0.0444 0.0827, -0.2678 -0.0961 0.0827, -0.2625 -0.1034 0.0827, -0.2556 -0.1092 0.0827, -0.2132 -0.1065 0.0827, -0.207 -0.0999 0.0827, -0.1575 -0.1575 0.0827, -0.2004 -0.0742 0.0827, -0.2027 -0.0655 0.0827, -0.207 -0.0575 0.0827, -0.2556 -0.0483 0.0827, -0.2625 -0.054 0.0827, -0.2678 -0.0614 0.0827, -0.2712 -0.0698 0.0827, -0.2723 -0.0787 0.0827, -0.2712 -0.0877 0.0827, -0.2132 -0.0509 0.0827, -0.2209 -0.0461 0.0827, -0.2295 -0.0433 0.0827, -0.2209 -0.1114 0.0827, -0.2474 -0.1131 0.0827, -0.2385 -0.1148 0.0827, -0.2295 -0.1142 0.0827, -0.2027 -0.092 0.0827, -0.2004 -0.0833 0.0827, -0.2001 -0.0787 0.0827, -0.1104 -0.0614 0.0827, -0.105 -0.054 0.0827, -0.0981 -0.0483 0.0827, -0.0557 -0.1065 0.0827, -0.0495 -0.0999 0.0827, -0.0634 -0.0461 0.0827, -0.072 -0.0433 0.0827, -0.081 -0.0427 0.0827, -0.0899 -0.0444 0.0827, -0.1137 -0.0698 0.0827, -0.1148 -0.0787 0.0827, -0.1137 -0.0877 0.0827, -0.1104 -0.0961 0.0827, -0.105 -0.1034 0.0827, -0.0981 -0.1092 0.0827, -0.0634 -0.1114 0.0827, -0.0899 -0.1131 0.0827, -0.081 -0.1148 0.0827, -0.072 -0.1142 0.0827, -0.0429 -0.0742 0.0827, -0.0452 -0.0655 0.0827, -0.0495 -0.0575 0.0827, -0.0557 -0.0509 0.0827, -0.0452 -0.092 0.0827, -0.0429 -0.0833 0.0827, -0.0427 -0.0787 0.0827, 0.3621 -0.0961 0.0827, 0.3674 -0.1034 0.0827, 0.3744 -0.1092 0.0827, 0.3588 -0.0877 0.0827, 0.3826 -0.1131 0.0827, 0.3914 -0.1148 0.0827, 0.4511 -0.1575 0.0827, 0.4005 -0.1142 0.0827, 0.4091 -0.1114 0.0827, 0.4273 -0.0655 0.0827, 0.4229 -0.0575 0.0827, 0.4511 -0.022 0.0827, 0.4167 -0.0509 0.0827, 0.4091 -0.0461 0.0827, 0.4005 -0.0433 0.0827, 0.3914 -0.0427 0.0827, 0.3826 -0.0444 0.0827, 0.3744 -0.0483 0.0827, 0.4167 -0.1065 0.0827, 0.4229 -0.0999 0.0827, 0.4273 -0.092 0.0827, 0.3674 -0.054 0.0827, 0.3621 -0.0614 0.0827, 0.4295 -0.0833 0.0827, 0.4298 -0.0787 0.0827, 0.4295 -0.0742 0.0827, -0.42 -0.2115 0.0827, -0.413 -0.2058 0.0827, -0.4049 -0.2019 0.0827, -0.4298 -0.2362 0.0827, -0.4724 -0.315 0.0827, -0.4287 -0.2452 0.0827, -0.4253 -0.2188 0.0827, -0.4287 -0.2272 0.0827, -0.3707 -0.264 0.0827, -0.3645 -0.2574 0.0827, -0.315 -0.315 0.0827, -0.3579 -0.2317 0.0827, -0.3602 -0.2229 0.0827, -0.3645 -0.215 0.0827, -0.3707 -0.2084 0.0827, -0.4253 -0.2536 0.0827, -0.42 -0.2609 0.0827, -0.413 -0.2667 0.0827, -0.3783 -0.2036 0.0827, -0.3869 -0.2008 0.0827, -0.396 -0.2002 0.0827, -0.3783 -0.2689 0.0827, -0.4049 -0.2705 0.0827, -0.396 -0.2722 0.0827, -0.3869 -0.2717 0.0827, -0.3602 -0.2495 0.0827, -0.3579 -0.2407 0.0827, -0.3576 -0.2362 0.0827, -0.2132 -0.264 0.0827, -0.207 -0.2574 0.0827, -0.1575 -0.315 0.0827, -0.2625 -0.2115 0.0827, -0.2556 -0.2058 0.0827, -0.2474 -0.2019 0.0827, -0.2004 -0.2317 0.0827, -0.2027 -0.2229 0.0827, -0.207 -0.215 0.0827, -0.2132 -0.2084 0.0827, -0.2678 -0.2188 0.0827, -0.2712 -0.2272 0.0827, -0.2723 -0.2362 0.0827, -0.2712 -0.2452 0.0827, -0.2678 -0.2536 0.0827, -0.2625 -0.2609 0.0827, -0.2556 -0.2667 0.0827, -0.2209 -0.2036 0.0827, -0.2295 -0.2008 0.0827, -0.2385 -0.2002 0.0827, -0.2209 -0.2689 0.0827, -0.2474 -0.2705 0.0827, -0.2385 -0.2722 0.0827, -0.2295 -0.2717 0.0827, -0.2027 -0.2495 0.0827, -0.2004 -0.2407 0.0827, -0.2001 -0.2362 0.0827, -0.105 -0.2115 0.0827, -0.0981 -0.2058 0.0827, -0.0899 -0.2019 0.0827, -0.1104 -0.2188 0.0827, -0.1137 -0.2272 0.0827, -0.1148 -0.2362 0.0827, -0.1137 -0.2452 0.0827, -0.0452 -0.2229 0.0827, -0.0495 -0.215 0.0827, -0.0557 -0.2084 0.0827, -0.0634 -0.2036 0.0827, -0.072 -0.2008 0.0827, -0.081 -0.2002 0.0827, -0.1104 -0.2536 0.0827, -0.105 -0.2609 0.0827, -0.0981 -0.2667 0.0827, -0.0899 -0.2705 0.0827, -0.081 -0.2722 0.0827, 0.0206 -0.315 0.0827, -0.072 -0.2717 0.0827, -0.0634 -0.2689 0.0827, -0.0557 -0.264 0.0827, -0.0495 -0.2574 0.0827, -0.0452 -0.2495 0.0827, -0.0429 -0.2407 0.0827, -0.0427 -0.2362 0.0827, -0.0429 -0.2317 0.0827, 0.272 -0.2317 0.0827, 0.2698 -0.2229 0.0827, 0.0594 -0.2058 0.0827, 0.0524 -0.2115 0.0827, 0.0471 -0.2188 0.0827, 0.315 -0.315 0.0827, 0.2698 -0.2495 0.0827, 0.272 -0.2407 0.0827, 0.2654 -0.215 0.0827, 0.2592 -0.2084 0.0827, 0.2516 -0.2036 0.0827, 0.0941 -0.2036 0.0827, 0.0855 -0.2008 0.0827, 0.0594 -0.2667 0.0827, 0.0524 -0.2609 0.0827, 0.0471 -0.2536 0.0827, 0.2251 -0.2019 0.0827, 0.234 -0.2002 0.0827, 0.243 -0.2008 0.0827, 0.0765 -0.2002 0.0827, 0.0676 -0.2019 0.0827, 0.0438 -0.2272 0.0827, 0.0427 -0.2362 0.0827, 0.0438 -0.2452 0.0827, 0.2723 -0.2362 0.0827, 0.2001 -0.2362 0.0827, 0.0855 -0.2717 0.0827, 0.0941 -0.2689 0.0827, 0.1123 -0.2229 0.0827, 0.1079 -0.215 0.0827, 0.2013 -0.2272 0.0827, 0.2046 -0.2188 0.0827, 0.2169 -0.2058 0.0827, 0.2099 -0.2115 0.0827, 0.1017 -0.2084 0.0827, 0.2516 -0.2689 0.0827, 0.2592 -0.264 0.0827, 0.2654 -0.2574 0.0827, 0.1017 -0.264 0.0827, 0.1079 -0.2574 0.0827, 0.1123 -0.2495 0.0827, 0.0676 -0.2705 0.0827, 0.0765 -0.2722 0.0827, 0.2169 -0.2667 0.0827, 0.2251 -0.2705 0.0827, 0.234 -0.2722 0.0827, 0.243 -0.2717 0.0827, 0.2013 -0.2452 0.0827, 0.2046 -0.2536 0.0827, 0.2099 -0.2609 0.0827, 0.1145 -0.2407 0.0827, 0.1148 -0.2362 0.0827, 0.1145 -0.2317 0.0827, 0.3674 -0.2115 0.0827, 0.3744 -0.2058 0.0827, 0.3826 -0.2019 0.0827, 0.4273 -0.2229 0.0827, 0.4229 -0.215 0.0827, 0.4167 -0.2084 0.0827, 0.4091 -0.2036 0.0827, 0.4005 -0.2008 0.0827, 0.3914 -0.2002 0.0827, 0.3621 -0.2188 0.0827, 0.3588 -0.2272 0.0827, 0.3576 -0.2362 0.0827, 0.3588 -0.2452 0.0827, 0.3621 -0.2536 0.0827, 0.3674 -0.2609 0.0827, 0.3744 -0.2667 0.0827, 0.4091 -0.2689 0.0827, 0.4167 -0.264 0.0827, 0.4511 -0.315 0.0827, 0.4229 -0.2574 0.0827, 0.4273 -0.2495 0.0827, 0.3826 -0.2705 0.0827, 0.3914 -0.2722 0.0827, 0.4005 -0.2717 0.0827, 0.4295 -0.2407 0.0827, 0.4298 -0.2362 0.0827, 0.4295 -0.2317 0.0827, -0.4287 -0.4027 0.0827, -0.4253 -0.4111 0.0827, -0.42 -0.4184 0.0827, -0.413 -0.4242 0.0827, -0.4049 -0.428 0.0827, -0.396 -0.4297 0.0827, -0.3869 -0.4291 0.0827, -0.3783 -0.4264 0.0827, -0.42 -0.369 0.0827, -0.413 -0.3632 0.0827, -0.4049 -0.3594 0.0827, -0.3707 -0.4215 0.0827, -0.3645 -0.4149 0.0827, -0.3602 -0.407 0.0827, -0.4253 -0.3763 0.0827, -0.4287 -0.3847 0.0827, -0.4298 -0.3937 0.0827, -0.3602 -0.3804 0.0827, -0.3645 -0.3725 0.0827, -0.3707 -0.3659 0.0827, -0.3783 -0.3611 0.0827, -0.3869 -0.3583 0.0827, -0.396 -0.3577 0.0827, -0.3579 -0.3982 0.0827, -0.3576 -0.3937 0.0827, -0.3579 -0.3892 0.0827, -0.2712 -0.4027 0.0827, -0.2678 -0.4111 0.0827, -0.2625 -0.4184 0.0827, -0.2556 -0.4242 0.0827, -0.2474 -0.428 0.0827, -0.2385 -0.4297 0.0827, -0.1575 -0.4511 0.0827, -0.2295 -0.4291 0.0827, -0.2209 -0.4264 0.0827, -0.2132 -0.4215 0.0827, -0.207 -0.4149 0.0827, -0.2027 -0.407 0.0827, -0.2625 -0.369 0.0827, -0.2556 -0.3632 0.0827, -0.2474 -0.3594 0.0827, -0.2678 -0.3763 0.0827, -0.2712 -0.3847 0.0827, -0.2723 -0.3937 0.0827, -0.2027 -0.3804 0.0827, -0.207 -0.3725 0.0827, -0.2132 -0.3659 0.0827, -0.2209 -0.3611 0.0827, -0.2295 -0.3583 0.0827, -0.2385 -0.3577 0.0827, -0.2004 -0.3982 0.0827, -0.2001 -0.3937 0.0827, -0.2004 -0.3892 0.0827, -0.1137 -0.4027 0.0827, -0.1104 -0.4111 0.0827, -0.105 -0.4184 0.0827, -0.0981 -0.4242 0.0827, -0.0899 -0.428 0.0827, -0.081 -0.4297 0.0827, 0.0206 -0.4511 0.0827, -0.072 -0.4291 0.0827, -0.0634 -0.4264 0.0827, -0.0452 -0.3804 0.0827, -0.0495 -0.3725 0.0827, -0.0557 -0.3659 0.0827, -0.105 -0.369 0.0827, -0.0981 -0.3632 0.0827, -0.0899 -0.3594 0.0827, -0.1104 -0.3763 0.0827, -0.1137 -0.3847 0.0827, -0.1148 -0.3937 0.0827, -0.0634 -0.3611 0.0827, -0.072 -0.3583 0.0827, -0.081 -0.3577 0.0827, -0.0557 -0.4215 0.0827, -0.0495 -0.4149 0.0827, -0.0452 -0.407 0.0827, -0.0429 -0.3982 0.0827, -0.0427 -0.3937 0.0827, -0.0429 -0.3892 0.0827, 0.1017 -0.3659 0.0827, 0.0941 -0.3611 0.0827, 0.2251 -0.3594 0.0827, 0.0471 -0.4111 0.0827, 0.0524 -0.4184 0.0827, 0.0594 -0.4242 0.0827, 0.2516 -0.4264 0.0827, 0.2592 -0.4215 0.0827, 0.315 -0.4511 0.0827, 0.2654 -0.4149 0.0827, 0.2698 -0.407 0.0827, 0.0594 -0.3632 0.0827, 0.0524 -0.369 0.0827, 0.0471 -0.3763 0.0827, 0.2099 -0.4184 0.0827, 0.2169 -0.4242 0.0827, 0.2251 -0.428 0.0827, 0.234 -0.4297 0.0827, 0.243 -0.4291 0.0827, 0.2698 -0.3804 0.0827, 0.2654 -0.3725 0.0827, 0.2592 -0.3659 0.0827, 0.2516 -0.3611 0.0827, 0.1017 -0.4215 0.0827, 0.2169 -0.3632 0.0827, 0.0941 -0.4264 0.0827, 0.2099 -0.369 0.0827, 0.2046 -0.3763 0.0827, 0.0855 -0.3583 0.0827, 0.0765 -0.3577 0.0827, 0.0676 -0.3594 0.0827, 0.0676 -0.428 0.0827, 0.0765 -0.4297 0.0827, 0.0855 -0.4291 0.0827, 0.234 -0.3577 0.0827, 0.243 -0.3583 0.0827, 0.0438 -0.3847 0.0827, 0.0427 -0.3937 0.0827, 0.0438 -0.4027 0.0827, 0.2013 -0.3847 0.0827, 0.2001 -0.3937 0.0827, 0.2013 -0.4027 0.0827, 0.2046 -0.4111 0.0827, 0.272 -0.3982 0.0827, 0.2723 -0.3937 0.0827, 0.272 -0.3892 0.0827, 0.1079 -0.4149 0.0827, 0.1123 -0.407 0.0827, 0.1145 -0.3982 0.0827, 0.1123 -0.3804 0.0827, 0.1079 -0.3725 0.0827, 0.1148 -0.3937 0.0827, 0.1145 -0.3892 0.0827, 0.3588 -0.4027 0.0827, 0.3621 -0.4111 0.0827, 0.3674 -0.4184 0.0827, 0.3744 -0.4242 0.0827, 0.3826 -0.428 0.0827, 0.3914 -0.4297 0.0827, 0.4511 -0.4511 0.0827, 0.4005 -0.4291 0.0827, 0.4091 -0.4264 0.0827, 0.3674 -0.369 0.0827, 0.3744 -0.3632 0.0827, 0.3826 -0.3594 0.0827, 0.3621 -0.3763 0.0827, 0.3588 -0.3847 0.0827, 0.3576 -0.3937 0.0827, 0.4167 -0.4215 0.0827, 0.4229 -0.4149 0.0827, 0.4273 -0.407 0.0827, 0.4273 -0.3804 0.0827, 0.4229 -0.3725 0.0827, 0.4167 -0.3659 0.0827, 0.4091 -0.3611 0.0827, 0.4005 -0.3583 0.0827, 0.3914 -0.3577 0.0827, 0.4295 -0.3982 0.0827, 0.4298 -0.3937 0.0827, 0.4295 -0.3892 0.0827, -0.315 -0.4724 0.0827, -0.1575 -0.4724 0.0827, 0.0206 -0.4724 0.0827, 0.315 -0.4724 0.0827, 0.4511 -0.4724 0.0827, 0.4724 0.4724 0.0827, 0.4724 0.315 0.0827, 0.4724 0.1575 0.0827, 0.4724 0.0304 0.0827, 0.4724 -0.022 0.0827, 0.4724 -0.1575 0.0827, 0.4724 -0.315 0.0827, 0.4724 -0.4511 0.0827, 0.4724 -0.4724 0.0827, 0.4724 -0.4724 0.2008, 0.4724 0.4724 0.2008, -0.4724 0.4724 0.2008, -0.4724 -0.4724 0.2008, -0.3659 0.3659 0.2008, -0.374 0.3596 0.2008, -0.3835 0.3557 0.2008, -0.3937 0.3543 0.2008, -0.3557 0.4039 0.2008, -0.3596 0.4134 0.2008, -0.3659 0.4215 0.2008, -0.4039 0.3557 0.2008, -0.4134 0.3596 0.2008, -0.4215 0.3659 0.2008, -0.4317 0.4039 0.2008, -0.4278 0.4134 0.2008, -0.3543 0.3937 0.2008, -0.3557 0.3835 0.2008, -0.3596 0.374 0.2008, -0.4278 0.374 0.2008, -0.4317 0.3835 0.2008, -0.4331 0.3937 0.2008, -0.4215 0.4215 0.2008, -0.4134 0.4278 0.2008, -0.4039 0.4317 0.2008, -0.3937 0.4331 0.2008, -0.3835 0.4317 0.2008, -0.374 0.4278 0.2008
            ]
        }
        coordIndex [
            0,1,2,-1,3,4,5,-1,6,7,8,-1,9,10,11,-1,6,8,12,-1,12,8,9,-1,12,9,13,-1,14,15,16,-1,16,15,17,-1,16,17,18,-1,19,20,13,-1,7,21,8,-1,8,21,22,-1,8,22,23,-1,24,25,8,-1,8,25,26,-1,27,28,29,-1,29,28,30,-1,26,31,8,-1,8,31,30,-1,8,30,32,-1,32,30,28,-1,33,34,35,-1,35,34,36,-1,23,37,8,-1,8,37,38,-1,8,38,24,-1,18,39,16,-1,16,39,40,-1,16,40,41,-1,41,40,42,-1,41,42,43,-1,44,45,19,-1,42,46,43,-1,43,46,47,-1,43,47,35,-1,35,47,48,-1,35,48,33,-1,45,49,19,-1,19,49,50,-1,19,50,20,-1,51,52,11,-1,53,54,55,-1,15,56,57,-1,58,59,60,-1,61,62,5,-1,5,62,63,-1,5,63,64,-1,60,59,65,-1,65,59,66,-1,65,66,67,-1,15,68,69,-1,52,70,11,-1,11,70,71,-1,11,71,72,-1,72,71,73,-1,72,73,74,-1,74,75,72,-1,72,75,76,-1,72,76,77,-1,64,78,5,-1,5,78,79,-1,5,79,80,-1,57,81,15,-1,15,81,65,-1,15,65,68,-1,68,65,67,-1,10,82,11,-1,11,82,83,-1,11,83,51,-1,36,44,35,-1,35,44,19,-1,35,19,84,-1,84,19,85,-1,84,85,14,-1,14,85,5,-1,14,5,15,-1,15,5,80,-1,15,80,56,-1,69,86,15,-1,15,86,87,-1,15,87,88,-1,88,87,51,-1,88,51,89,-1,89,51,83,-1,77,90,72,-1,72,90,91,-1,72,91,55,-1,55,91,92,-1,55,92,53,-1,93,54,94,-1,94,54,95,-1,94,95,96,-1,96,95,97,-1,96,97,98,-1,98,97,99,-1,98,99,60,-1,60,99,100,-1,60,100,58,-1,93,101,54,-1,54,101,102,-1,54,102,55,-1,55,102,103,-1,55,103,104,-1,104,105,55,-1,55,105,106,-1,55,106,107,-1,107,108,55,-1,55,108,109,-1,55,109,5,-1,5,109,110,-1,5,110,61,-1,111,112,113,-1,113,112,114,-1,113,114,115,-1,115,116,113,-1,113,116,117,-1,113,117,118,-1,118,117,119,-1,120,121,122,-1,122,121,123,-1,122,123,124,-1,124,125,122,-1,122,125,126,-1,122,126,113,-1,113,126,127,-1,113,127,111,-1,128,129,130,-1,119,131,118,-1,118,131,132,-1,118,132,133,-1,128,130,134,-1,133,135,118,-1,118,135,136,-1,118,136,130,-1,130,136,137,-1,130,137,134,-1,129,138,130,-1,130,138,139,-1,130,139,122,-1,122,139,140,-1,122,140,120,-1,141,142,143,-1,144,122,145,-1,145,122,146,-1,147,148,149,-1,149,148,150,-1,149,150,151,-1,151,152,149,-1,149,152,153,-1,149,153,122,-1,122,153,154,-1,122,154,146,-1,144,155,122,-1,122,155,156,-1,122,156,130,-1,130,156,157,-1,130,157,158,-1,158,159,130,-1,130,159,160,-1,130,160,161,-1,141,143,162,-1,161,163,130,-1,130,163,164,-1,130,164,143,-1,143,164,165,-1,143,165,162,-1,142,166,143,-1,143,166,167,-1,143,167,149,-1,149,167,168,-1,149,168,147,-1,169,149,170,-1,170,149,171,-1,169,172,149,-1,149,172,173,-1,149,173,143,-1,143,173,174,-1,143,174,175,-1,176,177,178,-1,178,177,179,-1,175,180,143,-1,143,180,181,-1,143,181,182,-1,179,183,178,-1,178,183,184,-1,178,184,149,-1,149,184,185,-1,149,185,171,-1,186,187,188,-1,188,187,189,-1,188,189,190,-1,182,191,143,-1,143,191,192,-1,143,192,188,-1,188,192,193,-1,188,193,186,-1,190,194,188,-1,188,194,195,-1,188,195,178,-1,178,195,196,-1,178,196,176,-1,197,198,178,-1,199,200,201,-1,202,203,178,-1,198,204,178,-1,178,204,205,-1,178,205,206,-1,200,207,201,-1,201,207,208,-1,201,208,209,-1,202,178,210,-1,211,212,213,-1,209,214,201,-1,201,214,215,-1,201,215,178,-1,178,215,216,-1,178,216,210,-1,206,217,178,-1,178,217,218,-1,178,218,188,-1,188,218,219,-1,219,220,188,-1,188,220,221,-1,188,221,222,-1,223,224,225,-1,225,226,223,-1,223,226,227,-1,223,227,228,-1,211,213,201,-1,201,213,229,-1,201,229,199,-1,230,203,231,-1,231,203,232,-1,230,233,203,-1,203,233,234,-1,203,234,178,-1,178,234,235,-1,178,235,197,-1,236,237,211,-1,211,237,238,-1,211,238,212,-1,222,239,188,-1,188,239,240,-1,188,240,224,-1,241,242,188,-1,188,242,243,-1,188,243,211,-1,211,243,244,-1,211,244,236,-1,223,245,224,-1,224,245,246,-1,224,246,188,-1,188,246,247,-1,188,247,241,-1,228,248,223,-1,223,248,249,-1,223,249,232,-1,232,249,250,-1,232,250,231,-1,251,201,252,-1,252,201,253,-1,254,255,256,-1,256,255,257,-1,251,258,201,-1,201,258,259,-1,201,259,211,-1,211,259,260,-1,211,260,261,-1,261,262,211,-1,211,262,263,-1,211,263,264,-1,265,266,267,-1,267,266,268,-1,267,268,269,-1,257,270,256,-1,256,270,271,-1,256,271,201,-1,201,271,272,-1,201,272,253,-1,264,273,211,-1,211,273,274,-1,211,274,267,-1,267,274,275,-1,267,275,265,-1,269,276,267,-1,267,276,277,-1,267,277,256,-1,256,277,278,-1,256,278,254,-1,279,118,280,-1,280,118,281,-1,118,282,283,-1,283,282,284,-1,279,285,118,-1,118,285,286,-1,118,286,282,-1,287,288,289,-1,290,291,130,-1,130,291,292,-1,130,292,293,-1,284,294,283,-1,283,294,295,-1,283,295,296,-1,293,297,130,-1,130,297,298,-1,130,298,118,-1,118,298,299,-1,118,299,281,-1,287,289,300,-1,296,301,283,-1,283,301,302,-1,283,302,289,-1,289,302,303,-1,289,303,300,-1,288,304,289,-1,289,304,305,-1,289,305,130,-1,130,305,306,-1,130,306,290,-1,307,308,309,-1,310,130,311,-1,311,130,312,-1,313,314,143,-1,143,314,315,-1,143,315,316,-1,310,317,130,-1,130,317,318,-1,130,318,289,-1,289,318,319,-1,289,319,320,-1,320,321,289,-1,289,321,322,-1,289,322,323,-1,316,324,143,-1,143,324,325,-1,143,325,130,-1,130,325,326,-1,130,326,312,-1,307,309,327,-1,323,328,289,-1,289,328,329,-1,289,329,309,-1,309,329,330,-1,309,330,327,-1,308,331,309,-1,309,331,332,-1,309,332,143,-1,143,332,333,-1,143,333,313,-1,334,143,335,-1,335,143,336,-1,334,337,143,-1,143,337,338,-1,143,338,309,-1,309,338,339,-1,309,339,340,-1,341,342,188,-1,188,342,343,-1,343,344,188,-1,188,344,345,-1,188,345,143,-1,143,345,346,-1,143,346,336,-1,340,347,309,-1,309,347,348,-1,309,348,349,-1,349,350,309,-1,309,350,351,-1,309,351,352,-1,352,351,353,-1,352,353,354,-1,354,355,352,-1,352,355,356,-1,352,356,357,-1,357,358,352,-1,352,358,359,-1,352,359,188,-1,188,359,360,-1,188,360,341,-1,361,362,211,-1,363,364,188,-1,188,364,365,-1,366,367,368,-1,362,369,211,-1,211,369,370,-1,211,370,371,-1,372,373,188,-1,374,352,375,-1,375,352,376,-1,377,188,378,-1,378,188,211,-1,378,211,379,-1,379,211,371,-1,373,380,188,-1,188,380,381,-1,188,381,363,-1,365,382,188,-1,188,382,383,-1,188,383,352,-1,352,383,384,-1,352,384,376,-1,366,368,211,-1,211,368,385,-1,211,385,361,-1,386,387,388,-1,389,390,391,-1,391,390,392,-1,377,393,188,-1,188,393,394,-1,188,394,372,-1,372,394,392,-1,372,392,395,-1,395,392,390,-1,396,397,366,-1,366,397,398,-1,366,398,367,-1,388,399,386,-1,386,399,400,-1,386,400,401,-1,374,402,352,-1,352,402,403,-1,352,403,387,-1,404,405,352,-1,352,405,406,-1,352,406,366,-1,366,406,407,-1,366,407,396,-1,386,408,387,-1,387,408,409,-1,387,409,352,-1,352,409,410,-1,352,410,404,-1,401,411,386,-1,386,411,412,-1,386,412,391,-1,391,412,413,-1,391,413,389,-1,414,211,415,-1,415,211,416,-1,417,418,419,-1,420,421,267,-1,267,421,422,-1,422,423,267,-1,267,423,424,-1,267,424,211,-1,211,424,425,-1,211,425,416,-1,426,366,427,-1,427,366,211,-1,427,211,428,-1,428,211,414,-1,426,429,366,-1,366,429,430,-1,366,430,431,-1,431,432,366,-1,366,432,433,-1,366,433,434,-1,435,436,417,-1,417,436,437,-1,417,437,418,-1,419,438,417,-1,417,438,439,-1,417,439,267,-1,267,439,440,-1,267,440,420,-1,441,442,443,-1,443,442,444,-1,441,443,445,-1,445,443,283,-1,445,283,446,-1,444,447,443,-1,443,447,448,-1,443,448,449,-1,450,451,452,-1,453,454,289,-1,289,454,455,-1,289,455,456,-1,456,457,289,-1,289,457,458,-1,289,458,283,-1,283,458,459,-1,283,459,460,-1,451,461,452,-1,452,461,462,-1,452,462,463,-1,463,464,452,-1,452,464,465,-1,452,465,466,-1,460,467,283,-1,283,467,468,-1,283,468,446,-1,469,470,309,-1,471,452,289,-1,289,452,466,-1,289,466,453,-1,472,473,309,-1,289,474,475,-1,471,476,452,-1,452,476,477,-1,452,477,478,-1,475,479,289,-1,289,479,480,-1,289,480,471,-1,481,482,483,-1,309,473,289,-1,289,473,484,-1,289,484,474,-1,478,485,452,-1,452,485,486,-1,452,486,487,-1,469,309,488,-1,470,489,309,-1,309,489,490,-1,309,490,472,-1,491,492,481,-1,481,492,493,-1,493,494,481,-1,481,494,495,-1,481,495,482,-1,496,497,309,-1,309,497,498,-1,309,498,499,-1,499,500,309,-1,309,500,481,-1,309,481,488,-1,488,481,483,-1,500,501,481,-1,481,501,502,-1,481,502,503,-1,504,505,19,-1,506,507,352,-1,352,507,508,-1,503,509,481,-1,481,509,510,-1,481,510,511,-1,504,19,512,-1,508,513,352,-1,352,513,514,-1,352,514,309,-1,309,514,515,-1,309,515,496,-1,505,516,19,-1,19,516,517,-1,19,517,518,-1,518,519,19,-1,19,519,520,-1,19,520,352,-1,352,520,521,-1,352,521,506,-1,522,523,366,-1,524,525,352,-1,526,527,528,-1,528,527,529,-1,19,530,531,-1,529,352,532,-1,532,352,533,-1,534,535,352,-1,352,535,536,-1,352,536,524,-1,537,538,366,-1,366,538,539,-1,366,539,352,-1,352,539,540,-1,352,540,533,-1,525,541,352,-1,352,541,542,-1,352,542,19,-1,19,542,543,-1,19,543,544,-1,544,545,19,-1,19,545,546,-1,19,546,547,-1,523,548,366,-1,366,548,549,-1,366,549,537,-1,527,550,529,-1,529,550,551,-1,529,551,352,-1,352,551,552,-1,352,552,534,-1,531,553,19,-1,19,553,554,-1,19,554,85,-1,85,554,555,-1,85,555,556,-1,557,558,85,-1,85,558,559,-1,547,560,19,-1,19,560,561,-1,19,561,530,-1,530,561,562,-1,562,563,530,-1,530,563,564,-1,530,564,565,-1,565,564,566,-1,565,566,567,-1,567,566,568,-1,567,568,569,-1,569,568,570,-1,569,570,528,-1,528,570,571,-1,528,571,526,-1,556,572,85,-1,85,572,573,-1,85,573,557,-1,574,85,366,-1,366,85,559,-1,366,559,522,-1,574,575,85,-1,85,575,576,-1,85,576,577,-1,578,579,417,-1,577,580,85,-1,85,580,581,-1,85,581,582,-1,583,366,417,-1,417,366,434,-1,417,434,435,-1,584,585,586,-1,586,585,587,-1,579,588,417,-1,417,588,589,-1,417,589,583,-1,587,590,586,-1,586,590,591,-1,586,591,592,-1,583,593,366,-1,366,593,594,-1,366,594,595,-1,595,596,366,-1,366,596,597,-1,366,597,574,-1,592,598,586,-1,586,598,599,-1,586,599,417,-1,417,599,600,-1,417,600,578,-1,449,450,443,-1,443,450,452,-1,443,452,601,-1,601,452,602,-1,13,9,19,-1,19,9,11,-1,19,11,603,-1,511,512,481,-1,481,512,19,-1,481,19,604,-1,604,19,603,-1,605,606,607,-1,608,481,609,-1,610,611,612,-1,612,611,613,-1,614,615,613,-1,613,615,616,-1,613,616,612,-1,607,617,605,-1,605,617,618,-1,605,618,619,-1,609,481,620,-1,621,622,620,-1,620,622,623,-1,621,620,624,-1,624,620,481,-1,624,481,616,-1,616,481,604,-1,616,604,612,-1,623,625,620,-1,620,625,626,-1,620,626,627,-1,627,628,620,-1,620,628,629,-1,620,629,605,-1,605,629,630,-1,605,630,606,-1,11,631,615,-1,632,633,614,-1,614,633,634,-1,614,634,615,-1,615,634,635,-1,615,635,11,-1,11,635,636,-1,11,636,603,-1,609,637,608,-1,608,637,638,-1,608,638,11,-1,639,640,638,-1,638,640,641,-1,638,641,11,-1,11,641,605,-1,11,605,631,-1,631,605,619,-1,642,643,602,-1,601,644,645,-1,645,644,646,-1,647,648,649,-1,643,650,602,-1,602,650,651,-1,602,651,652,-1,653,654,601,-1,647,649,655,-1,652,656,602,-1,602,656,657,-1,602,657,601,-1,601,657,658,-1,601,658,653,-1,654,659,601,-1,601,659,660,-1,601,660,644,-1,646,661,645,-1,645,661,662,-1,645,662,663,-1,663,664,645,-1,645,664,665,-1,645,665,649,-1,649,665,666,-1,649,666,655,-1,648,667,649,-1,649,667,668,-1,649,668,602,-1,602,668,669,-1,602,669,642,-1,670,671,602,-1,672,673,649,-1,649,673,674,-1,675,676,677,-1,678,679,608,-1,608,679,680,-1,671,681,602,-1,602,681,682,-1,602,682,683,-1,683,684,602,-1,602,684,685,-1,602,685,649,-1,649,685,686,-1,649,686,672,-1,680,687,608,-1,608,687,688,-1,608,688,689,-1,487,491,452,-1,452,491,481,-1,452,481,602,-1,602,481,608,-1,602,608,670,-1,670,608,689,-1,675,677,690,-1,674,691,649,-1,649,691,692,-1,649,692,677,-1,677,692,693,-1,677,693,690,-1,676,694,677,-1,677,694,695,-1,677,695,608,-1,608,695,696,-1,608,696,678,-1,697,608,698,-1,698,608,699,-1,700,701,72,-1,702,703,11,-1,11,703,704,-1,11,704,608,-1,608,704,705,-1,608,705,699,-1,697,706,608,-1,608,706,707,-1,608,707,677,-1,677,707,708,-1,708,709,677,-1,677,709,710,-1,677,710,711,-1,700,72,712,-1,711,713,677,-1,677,713,714,-1,677,714,72,-1,72,714,715,-1,72,715,712,-1,716,717,11,-1,717,718,11,-1,11,718,719,-1,11,719,702,-1,701,720,72,-1,72,720,721,-1,72,721,11,-1,11,721,722,-1,11,722,716,-1,723,724,55,-1,55,724,725,-1,5,4,55,-1,55,4,726,-1,55,726,723,-1,725,727,55,-1,55,727,728,-1,55,728,729,-1,729,728,730,-1,729,730,731,-1,732,733,734,-1,733,735,734,-1,734,735,736,-1,734,736,737,-1,738,739,5,-1,5,739,740,-1,731,741,729,-1,729,741,742,-1,729,742,743,-1,582,584,85,-1,85,584,586,-1,85,586,5,-1,5,586,734,-1,5,734,738,-1,738,734,737,-1,740,744,5,-1,5,744,745,-1,5,745,3,-1,743,746,729,-1,729,746,747,-1,729,747,734,-1,734,747,748,-1,734,748,732,-1,749,645,750,-1,750,645,751,-1,645,752,753,-1,753,752,754,-1,749,755,645,-1,645,755,756,-1,645,756,752,-1,757,758,759,-1,760,761,649,-1,649,761,762,-1,649,762,763,-1,754,764,753,-1,753,764,765,-1,753,765,766,-1,763,767,649,-1,649,767,768,-1,649,768,645,-1,645,768,769,-1,645,769,751,-1,757,759,770,-1,766,771,753,-1,753,771,772,-1,753,772,759,-1,759,772,773,-1,759,773,770,-1,758,774,759,-1,759,774,775,-1,759,775,649,-1,649,775,776,-1,649,776,760,-1,777,778,779,-1,780,649,781,-1,781,649,782,-1,783,784,677,-1,677,784,785,-1,677,785,786,-1,780,787,649,-1,649,787,788,-1,649,788,759,-1,759,788,789,-1,759,789,790,-1,790,791,759,-1,759,791,792,-1,759,792,793,-1,786,794,677,-1,677,794,795,-1,677,795,649,-1,649,795,796,-1,649,796,782,-1,777,779,797,-1,793,798,759,-1,759,798,799,-1,759,799,779,-1,779,799,800,-1,779,800,797,-1,778,801,779,-1,779,801,802,-1,779,802,677,-1,677,802,803,-1,677,803,783,-1,804,677,805,-1,805,677,806,-1,804,807,677,-1,677,807,808,-1,677,808,779,-1,779,808,809,-1,779,809,810,-1,811,812,72,-1,72,812,813,-1,813,814,72,-1,72,814,815,-1,72,815,677,-1,677,815,816,-1,677,816,806,-1,810,817,779,-1,779,817,818,-1,779,818,819,-1,819,820,779,-1,779,820,821,-1,779,821,822,-1,822,821,823,-1,822,823,824,-1,824,825,822,-1,822,825,826,-1,822,826,827,-1,827,828,822,-1,822,828,829,-1,822,829,72,-1,72,829,830,-1,72,830,811,-1,831,832,55,-1,833,834,72,-1,72,834,835,-1,836,837,838,-1,832,839,55,-1,55,839,840,-1,55,840,841,-1,842,843,72,-1,844,822,845,-1,845,822,846,-1,847,72,848,-1,848,72,55,-1,848,55,849,-1,849,55,841,-1,843,850,72,-1,72,850,851,-1,72,851,833,-1,835,852,72,-1,72,852,853,-1,72,853,822,-1,822,853,854,-1,822,854,846,-1,836,838,55,-1,55,838,855,-1,55,855,831,-1,856,857,858,-1,859,860,861,-1,861,860,862,-1,847,863,72,-1,72,863,864,-1,72,864,842,-1,842,864,862,-1,842,862,865,-1,865,862,860,-1,866,867,836,-1,836,867,868,-1,836,868,837,-1,858,869,856,-1,856,869,870,-1,856,870,871,-1,844,872,822,-1,822,872,873,-1,822,873,857,-1,874,875,822,-1,822,875,876,-1,822,876,836,-1,836,876,877,-1,836,877,866,-1,856,878,857,-1,857,878,879,-1,857,879,822,-1,822,879,880,-1,822,880,874,-1,871,881,856,-1,856,881,882,-1,856,882,861,-1,861,882,883,-1,861,883,859,-1,884,55,885,-1,885,55,886,-1,887,888,729,-1,729,888,889,-1,889,890,729,-1,729,890,891,-1,729,891,55,-1,55,891,892,-1,55,892,886,-1,884,893,55,-1,55,893,894,-1,55,894,836,-1,836,894,895,-1,836,895,896,-1,896,897,836,-1,836,897,898,-1,836,898,899,-1,900,901,902,-1,902,901,903,-1,902,903,904,-1,899,905,836,-1,836,905,906,-1,836,906,902,-1,902,906,907,-1,902,907,900,-1,904,908,902,-1,902,908,909,-1,902,909,729,-1,729,909,910,-1,729,910,887,-1,911,912,1,-1,1,912,913,-1,1,913,914,-1,914,915,1,-1,1,915,916,-1,1,916,2,-1,2,916,917,-1,2,917,918,-1,919,753,920,-1,920,753,921,-1,918,922,2,-1,2,922,923,-1,2,923,924,-1,919,925,753,-1,753,925,926,-1,753,926,1,-1,1,926,927,-1,1,927,911,-1,928,929,759,-1,759,929,930,-1,930,931,759,-1,759,931,932,-1,759,932,753,-1,753,932,933,-1,753,933,921,-1,924,934,2,-1,2,934,935,-1,2,935,759,-1,759,935,936,-1,759,936,928,-1,937,938,2,-1,2,938,939,-1,2,939,940,-1,940,941,2,-1,2,941,942,-1,2,942,943,-1,943,942,944,-1,943,944,945,-1,945,946,943,-1,943,946,947,-1,943,947,948,-1,949,759,950,-1,950,759,951,-1,949,952,759,-1,759,952,953,-1,759,953,2,-1,2,953,954,-1,2,954,937,-1,955,956,779,-1,779,956,957,-1,957,958,779,-1,779,958,959,-1,779,959,759,-1,759,959,960,-1,759,960,951,-1,948,961,943,-1,943,961,962,-1,943,962,779,-1,779,962,963,-1,779,963,955,-1,964,965,943,-1,943,965,966,-1,943,966,967,-1,967,968,943,-1,943,968,969,-1,943,969,970,-1,970,969,971,-1,970,971,972,-1,973,974,822,-1,822,974,975,-1,976,779,977,-1,977,779,978,-1,976,979,779,-1,779,979,980,-1,779,980,943,-1,943,980,981,-1,943,981,964,-1,975,982,822,-1,822,982,983,-1,822,983,779,-1,779,983,984,-1,779,984,978,-1,972,985,970,-1,970,985,986,-1,970,986,987,-1,987,988,970,-1,970,988,989,-1,970,989,822,-1,822,989,990,-1,822,990,973,-1,991,992,993,-1,994,995,970,-1,970,995,996,-1,997,998,999,-1,999,998,1000,-1,999,1000,1001,-1,1002,1003,822,-1,822,1003,1004,-1,970,1005,1006,-1,1006,1007,970,-1,970,1007,1008,-1,970,1008,999,-1,999,1008,1009,-1,999,1009,997,-1,1010,1011,836,-1,836,1011,1012,-1,836,1012,1013,-1,1014,1015,1016,-1,1016,1015,1017,-1,1016,1017,1018,-1,1019,1020,822,-1,822,1020,1021,-1,822,1021,1002,-1,996,1022,970,-1,970,1022,1023,-1,970,1023,1024,-1,992,1019,993,-1,993,1019,822,-1,993,822,1025,-1,1025,822,836,-1,1025,836,1026,-1,1026,836,1013,-1,1004,1027,822,-1,822,1027,1028,-1,822,1028,970,-1,970,1028,1029,-1,970,1029,994,-1,1018,1030,1016,-1,1016,1030,1031,-1,1016,1031,1024,-1,1024,1031,1032,-1,1024,1032,970,-1,970,1032,1033,-1,970,1033,1005,-1,1001,1034,999,-1,999,1034,1035,-1,999,1035,836,-1,836,1035,1036,-1,836,1036,1010,-1,1014,1037,1015,-1,1015,1037,1038,-1,1015,1038,1039,-1,1015,1040,993,-1,993,1040,1041,-1,993,1041,991,-1,1039,1042,1015,-1,1015,1042,1043,-1,1015,1043,1040,-1,1044,1045,999,-1,999,1045,1046,-1,999,1046,1047,-1,1047,1048,999,-1,999,1048,1049,-1,999,1049,1050,-1,1050,1049,1051,-1,1050,1051,1052,-1,1053,836,1054,-1,1054,836,1055,-1,1053,1056,836,-1,836,1056,1057,-1,836,1057,999,-1,999,1057,1058,-1,999,1058,1044,-1,1052,1059,1050,-1,1050,1059,1060,-1,1050,1060,1061,-1,1062,1063,902,-1,902,1063,1064,-1,1064,1065,902,-1,902,1065,1066,-1,902,1066,836,-1,836,1066,1067,-1,836,1067,1055,-1,1061,1068,1050,-1,1050,1068,1069,-1,1050,1069,902,-1,902,1069,1070,-1,902,1070,1062,-1,0,2,1071,-1,1071,2,943,-1,1071,943,1072,-1,1072,943,970,-1,1072,970,1073,-1,1073,970,999,-1,1073,999,1074,-1,1074,999,1050,-1,1074,1050,1075,-1,256,1076,267,-1,267,1076,1077,-1,267,1077,417,-1,417,1077,1078,-1,417,1078,586,-1,586,1078,1079,-1,586,1079,734,-1,734,1079,1080,-1,734,1080,729,-1,729,1080,1081,-1,729,1081,902,-1,902,1081,1082,-1,902,1082,1050,-1,1050,1082,1083,-1,1050,1083,1075,-1,1075,1083,1084,-1,1084,1083,1085,-1,1085,1083,1082,-1,1079,1086,1080,-1,1080,1086,1085,-1,1080,1085,1081,-1,1081,1085,1082,-1,1079,1078,1086,-1,1086,1078,1077,-1,1086,1077,1076,-1,122,113,1087,-1,1086,1076,256,-1,256,201,1086,-1,1086,201,178,-1,1086,178,1087,-1,1087,178,149,-1,1087,149,122,-1,113,118,1087,-1,1087,118,283,-1,283,443,1087,-1,1087,443,601,-1,1087,601,1088,-1,1088,601,645,-1,645,753,1088,-1,1088,753,1,-1,1088,1,0,-1,1075,1084,1085,-1,1088,0,1071,-1,1071,1072,1088,-1,1088,1072,1073,-1,1088,1073,1085,-1,1085,1073,1074,-1,1085,1074,1075,-1,1089,1090,1085,-1,1085,1090,1088,-1,1088,1090,1091,-1,1088,1091,1092,-1,1093,1086,1094,-1,1094,1086,1095,-1,1092,1096,1088,-1,1088,1096,1097,-1,1088,1097,1098,-1,1087,1099,1100,-1,1093,1101,1086,-1,1086,1101,1102,-1,1086,1102,1085,-1,1085,1102,1103,-1,1085,1103,1089,-1,1098,1104,1088,-1,1088,1104,1105,-1,1088,1105,1087,-1,1087,1105,1106,-1,1087,1106,1099,-1,1100,1107,1087,-1,1087,1107,1108,-1,1087,1108,1109,-1,1109,1110,1087,-1,1087,1110,1111,-1,1087,1111,1086,-1,1086,1111,1112,-1,1086,1112,1095,-1,
        ]
    }
}
Shape{
    appearance Appearance {
        material  Material 	{
            diffuseColor 0.5019607843137255 0.5019607843137255 0.5019607843137255
            specularColor 0.25098039215686274 0.25098039215686274 0.25098039215686274
            ambientIntensity 0.502
            transparency 0.0
            shininess 0.5
        }
    }
    geometry IndexedFaceSet {
        ccw TRUE
        solid FALSE
        coord DEF co Coordinate {
            point [
                -0.3543 0.3937 0.1969, -0.3543 0.3937 0.2008, -0.3557 0.4039 0.1969, -0.3557 0.4039 0.2008, -0.3596 0.4134 0.1969, -0.3596 0.4134 0.2008, -0.3659 0.4215 0.1969, -0.3659 0.4215 0.2008, -0.374 0.4278 0.1969, -0.374 0.4278 0.2008, -0.3835 0.4317 0.1969, -0.3835 0.4317 0.2008, -0.3937 0.4331 0.1969, -0.3937 0.4331 0.2008, -0.4039 0.4317 0.1969, -0.4039 0.4317 0.2008, -0.4134 0.4278 0.1969, -0.4134 0.4278 0.2008, -0.4215 0.4215 0.1969, -0.4215 0.4215 0.2008, -0.4278 0.4134 0.1969, -0.4278 0.4134 0.2008, -0.4317 0.4039 0.1969, -0.4317 0.4039 0.2008, -0.4331 0.3937 0.1969, -0.4331 0.3937 0.2008, -0.4317 0.3835 0.1969, -0.4317 0.3835 0.2008, -0.4278 0.374 0.1969, -0.4278 0.374 0.2008, -0.4215 0.3659 0.1969, -0.4215 0.3659 0.2008, -0.4134 0.3596 0.1969, -0.4134 0.3596 0.2008, -0.4039 0.3557 0.1969, -0.4039 0.3557 0.2008, -0.3937 0.3543 0.1969, -0.3937 0.3543 0.2008, -0.3835 0.3557 0.1969, -0.3835 0.3557 0.2008, -0.374 0.3596 0.1969, -0.374 0.3596 0.2008, -0.3659 0.3659 0.1969, -0.3659 0.3659 0.2008, -0.3596 0.374 0.1969, -0.3596 0.374 0.2008, -0.3557 0.3835 0.1969, -0.3557 0.3835 0.2008, -0.3937 0.3937 0.1969
            ]
        }
        coordIndex [
            0,1,2,-1,2,1,3,-1,2,3,4,-1,4,3,5,-1,4,5,6,-1,6,5,7,-1,6,7,8,-1,8,7,9,-1,8,9,10,-1,10,9,11,-1,10,11,12,-1,12,11,13,-1,12,13,14,-1,14,13,15,-1,14,15,16,-1,16,15,17,-1,16,17,18,-1,18,17,19,-1,18,19,20,-1,20,19,21,-1,20,21,22,-1,22,21,23,-1,22,23,24,-1,24,23,25,-1,24,25,26,-1,26,25,27,-1,26,27,28,-1,28,27,29,-1,28,29,30,-1,30,29,31,-1,30,31,32,-1,32,31,33,-1,32,33,34,-1,34,33,35,-1,34,35,36,-1,36,35,37,-1,36,37,38,-1,38,37,39,-1,38,39,40,-1,40,39,41,-1,40,41,42,-1,42,41,43,-1,42,43,44,-1,44,43,45,-1,44,45,46,-1,46,45,47,-1,46,47,0,-1,0,47,1,-1,44,46,48,-1,48,46,0,-1,48,0,2,-1,38,40,48,-1,48,40,42,-1,48,42,44,-1,32,34,48,-1,48,34,36,-1,48,36,38,-1,26,28,48,-1,48,28,30,-1,48,30,32,-1,20,22,48,-1,48,22,24,-1,48,24,26,-1,14,16,48,-1,48,16,18,-1,48,18,20,-1,8,10,48,-1,48,10,12,-1,48,12,14,-1,2,4,48,-1,48,4,6,-1,48,6,8,-1,
        ]
    }
}
Shape{
    appearance Appearance {
        material  Material 	{
            diffuseColor 0.8980392156862745 0.8980392156862745 0.8980392156862745
            specularColor 0.7176470588235294 0.7176470588235294 0.7176470588235294
            ambientIntensity 0.898
            transparency 0.0
            shininess 0.5
        }
    }
    geometry IndexedFaceSet {
        ccw TRUE
        solid FALSE
        coord DEF co Coordinate {
            point [
                -0.4047 -0.3997 0.0016, -0.4058 -0.3968 0.0016, -0.3937 -0.3937 0.0, -0.4028 -0.4023 0.0016, -0.4004 -0.4043 0.0016, -0.3976 -0.4056 0.0016, -0.3945 -0.4062 0.0016, -0.3914 -0.406 0.0016, -0.3884 -0.405 0.0016, -0.3857 -0.4034 0.0016, -0.3836 -0.4011 0.0016, -0.382 -0.3983 0.0016, -0.3813 -0.3953 0.0016, -0.3813 -0.3921 0.0016, -0.382 -0.3891 0.0016, -0.3836 -0.3863 0.0016, -0.3857 -0.384 0.0016, -0.3884 -0.3824 0.0016, -0.3914 -0.3814 0.0016, -0.3945 -0.3812 0.0016, -0.3976 -0.3818 0.0016, -0.4004 -0.3831 0.0016, -0.4028 -0.3851 0.0016, -0.4047 -0.3877 0.0016, -0.4058 -0.3906 0.0016, -0.4062 -0.3937 0.0016, -0.3576 -0.3937 0.0827, -0.3579 -0.3982 0.0827, -0.3506 -0.3991 0.0724, -0.3602 -0.407 0.0827, -0.3533 -0.4097 0.0724, -0.3645 -0.4149 0.0827, -0.3586 -0.4192 0.0724, -0.3707 -0.4215 0.0827, -0.366 -0.4272 0.0724, -0.3783 -0.4264 0.0827, -0.3752 -0.433 0.0724, -0.3869 -0.4291 0.0827, -0.3856 -0.4364 0.0724, -0.396 -0.4297 0.0827, -0.3964 -0.437 0.0724, -0.4049 -0.428 0.0827, -0.4071 -0.435 0.0724, -0.413 -0.4242 0.0827, -0.417 -0.4304 0.0724, -0.42 -0.4184 0.0827, -0.4254 -0.4234 0.0724, -0.4253 -0.4111 0.0827, -0.4317 -0.4146 0.0724, -0.4287 -0.4027 0.0827, -0.4358 -0.4045 0.0724, -0.4298 -0.3937 0.0827, -0.4371 -0.3937 0.0724, -0.4287 -0.3847 0.0827, -0.4358 -0.3829 0.0724, -0.4253 -0.3763 0.0827, -0.4317 -0.3728 0.0724, -0.42 -0.369 0.0827, -0.4254 -0.364 0.0724, -0.413 -0.3632 0.0827, -0.417 -0.357 0.0724, -0.4049 -0.3594 0.0827, -0.4071 -0.3524 0.0724, -0.396 -0.3577 0.0827, -0.3964 -0.3504 0.0724, -0.3869 -0.3583 0.0827, -0.3856 -0.3511 0.0724, -0.3783 -0.3611 0.0827, -0.3752 -0.3544 0.0724, -0.3707 -0.3659 0.0827, -0.366 -0.3602 0.0724, -0.3645 -0.3725 0.0827, -0.3586 -0.3682 0.0724, -0.3602 -0.3804 0.0827, -0.3533 -0.3777 0.0724, -0.3579 -0.3892 0.0827, -0.3506 -0.3883 0.0724, -0.4401 -0.4056 0.0606, -0.4357 -0.4168 0.0606, -0.4286 -0.4265 0.0606, -0.4194 -0.4341 0.0606, -0.4085 -0.4392 0.0606, -0.3967 -0.4415 0.0606, -0.3847 -0.4407 0.0606, -0.3733 -0.437 0.0606, -0.3632 -0.4306 0.0606, -0.355 -0.4218 0.0606, -0.3492 -0.4113 0.0606, -0.3462 -0.3997 0.0606, -0.3462 -0.3877 0.0606, -0.3492 -0.3761 0.0606, -0.355 -0.3656 0.0606, -0.3632 -0.3568 0.0606, -0.3733 -0.3504 0.0606, -0.3847 -0.3467 0.0606, -0.3967 -0.3459 0.0606, -0.4085 -0.3482 0.0606, -0.4194 -0.3533 0.0606, -0.4286 -0.3609 0.0606, -0.4357 -0.3706 0.0606, -0.4401 -0.3818 0.0606, -0.4416 -0.3937 0.0606, -0.4414 -0.4059 0.048, -0.4368 -0.4174 0.048, -0.4296 -0.4274 0.048, -0.4201 -0.4352 0.048, -0.4089 -0.4405 0.048, -0.3968 -0.4428 0.048, -0.3845 -0.442 0.048, -0.3728 -0.4382 0.048, -0.3623 -0.4316 0.048, -0.3539 -0.4226 0.048, -0.348 -0.4118 0.048, -0.3449 -0.3999 0.048, -0.3449 -0.3875 0.048, -0.348 -0.3756 0.048, -0.3539 -0.3648 0.048, -0.3623 -0.3558 0.048, -0.3728 -0.3492 0.048, -0.3845 -0.3454 0.048, -0.3968 -0.3446 0.048, -0.4089 -0.3469 0.048, -0.4201 -0.3522 0.048, -0.4296 -0.36 0.048, -0.4368 -0.37 0.048, -0.4414 -0.3815 0.048, -0.4429 -0.3937 0.048, -0.4395 -0.4055 0.0355, -0.4351 -0.4165 0.0355, -0.4282 -0.4261 0.0355, -0.419 -0.4336 0.0355, -0.4083 -0.4386 0.0355, -0.3967 -0.4409 0.0355, -0.3848 -0.4401 0.0355, -0.3736 -0.4365 0.0355, -0.3636 -0.4301 0.0355, -0.3555 -0.4215 0.0355, -0.3498 -0.4111 0.0355, -0.3468 -0.3996 0.0355, -0.3468 -0.3878 0.0355, -0.3498 -0.3763 0.0355, -0.3555 -0.3659 0.0355, -0.3636 -0.3573 0.0355, -0.3736 -0.3509 0.0355, -0.3848 -0.3473 0.0355, -0.3967 -0.3465 0.0355, -0.4083 -0.3488 0.0355, -0.419 -0.3538 0.0355, -0.4282 -0.3613 0.0355, -0.4351 -0.3709 0.0355, -0.4395 -0.3819 0.0355, -0.441 -0.3937 0.0355, -0.4346 -0.4042 0.0239, -0.4307 -0.414 0.0239, -0.4245 -0.4226 0.0239, -0.4163 -0.4293 0.0239, -0.4067 -0.4338 0.0239, -0.3964 -0.4358 0.0239, -0.3858 -0.4352 0.0239, -0.3757 -0.4319 0.0239, -0.3668 -0.4262 0.0239, -0.3596 -0.4185 0.0239, -0.3545 -0.4092 0.0239, -0.3518 -0.399 0.0239, -0.3518 -0.3884 0.0239, -0.3545 -0.3782 0.0239, -0.3596 -0.3689 0.0239, -0.3668 -0.3612 0.0239, -0.3757 -0.3555 0.0239, -0.3858 -0.3522 0.0239, -0.3964 -0.3516 0.0239, -0.4067 -0.3536 0.0239, -0.4163 -0.3581 0.0239, -0.4245 -0.3648 0.0239, -0.4307 -0.3734 0.0239, -0.4346 -0.3832 0.0239, -0.4359 -0.3937 0.0239, -0.427 -0.4022 0.014, -0.4238 -0.4103 0.014, -0.4187 -0.4172 0.014, -0.4121 -0.4227 0.014, -0.4043 -0.4264 0.014, -0.3959 -0.428 0.014, -0.3873 -0.4275 0.014, -0.3791 -0.4248 0.014, -0.3718 -0.4202 0.014, -0.3659 -0.4139 0.014, -0.3618 -0.4063 0.014, -0.3596 -0.398 0.014, -0.3596 -0.3894 0.014, -0.3618 -0.3811 0.014, -0.3659 -0.3735 0.014, -0.3718 -0.3672 0.014, -0.3791 -0.3626 0.014, -0.3873 -0.3599 0.014, -0.3959 -0.3594 0.014, -0.4043 -0.361 0.014, -0.4121 -0.3647 0.014, -0.4187 -0.3702 0.014, -0.4238 -0.3771 0.014, -0.427 -0.3852 0.014, -0.4281 -0.3937 0.014, -0.4172 -0.3997 0.0064, -0.415 -0.4054 0.0064, -0.4114 -0.4103 0.0064, -0.4067 -0.4142 0.0064, -0.4012 -0.4168 0.0064, -0.3952 -0.4179 0.0064, -0.3892 -0.4175 0.0064, -0.3834 -0.4156 0.0064, -0.3782 -0.4124 0.0064, -0.3741 -0.408 0.0064, -0.3712 -0.4026 0.0064, -0.3696 -0.3967 0.0064, -0.3696 -0.3907 0.0064, -0.3712 -0.3848 0.0064, -0.3741 -0.3794 0.0064, -0.3782 -0.375 0.0064, -0.3834 -0.3718 0.0064, -0.3892 -0.3699 0.0064, -0.3952 -0.3695 0.0064, -0.4012 -0.3706 0.0064, -0.4067 -0.3732 0.0064, -0.4114 -0.3771 0.0064, -0.415 -0.382 0.0064, -0.4172 -0.3877 0.0064, -0.4179 -0.3937 0.0064, -0.4047 -0.2423 0.0016, -0.4058 -0.2393 0.0016, -0.3937 -0.2362 0.0, -0.4028 -0.2448 0.0016, -0.4004 -0.2468 0.0016, -0.3976 -0.2481 0.0016, -0.3945 -0.2487 0.0016, -0.3914 -0.2485 0.0016, -0.3884 -0.2476 0.0016, -0.3857 -0.2459 0.0016, -0.3836 -0.2436 0.0016, -0.382 -0.2408 0.0016, -0.3813 -0.2378 0.0016, -0.3813 -0.2346 0.0016, -0.382 -0.2316 0.0016, -0.3836 -0.2289 0.0016, -0.3857 -0.2266 0.0016, -0.3884 -0.2249 0.0016, -0.3914 -0.2239 0.0016, -0.3945 -0.2237 0.0016, -0.3976 -0.2243 0.0016, -0.4004 -0.2256 0.0016, -0.4028 -0.2276 0.0016, -0.4047 -0.2302 0.0016, -0.4058 -0.2331 0.0016, -0.4062 -0.2362 0.0016, -0.3576 -0.2362 0.0827, -0.3579 -0.2407 0.0827, -0.3506 -0.2417 0.0724, -0.3602 -0.2495 0.0827, -0.3533 -0.2522 0.0724, -0.3645 -0.2574 0.0827, -0.3586 -0.2617 0.0724, -0.3707 -0.264 0.0827, -0.366 -0.2697 0.0724, -0.3783 -0.2689 0.0827, -0.3752 -0.2755 0.0724, -0.3869 -0.2717 0.0827, -0.3856 -0.2789 0.0724, -0.396 -0.2722 0.0827, -0.3964 -0.2796 0.0724, -0.4049 -0.2705 0.0827, -0.4071 -0.2775 0.0724, -0.413 -0.2667 0.0827, -0.417 -0.2729 0.0724, -0.42 -0.2609 0.0827, -0.4254 -0.2659 0.0724, -0.4253 -0.2536 0.0827, -0.4317 -0.2571 0.0724, -0.4287 -0.2452 0.0827, -0.4358 -0.247 0.0724, -0.4298 -0.2362 0.0827, -0.4371 -0.2362 0.0724, -0.4287 -0.2272 0.0827, -0.4358 -0.2254 0.0724, -0.4253 -0.2188 0.0827, -0.4317 -0.2153 0.0724, -0.42 -0.2115 0.0827, -0.4254 -0.2065 0.0724, -0.413 -0.2058 0.0827, -0.417 -0.1996 0.0724, -0.4049 -0.2019 0.0827, -0.4071 -0.1949 0.0724, -0.396 -0.2002 0.0827, -0.3964 -0.1929 0.0724, -0.3869 -0.2008 0.0827, -0.3856 -0.1936 0.0724, -0.3783 -0.2036 0.0827, -0.3752 -0.1969 0.0724, -0.3707 -0.2084 0.0827, -0.366 -0.2028 0.0724, -0.3645 -0.215 0.0827, -0.3586 -0.2107 0.0724, -0.3602 -0.2229 0.0827, -0.3533 -0.2202 0.0724, -0.3579 -0.2317 0.0827, -0.3506 -0.2308 0.0724, -0.4401 -0.2481 0.0606, -0.4357 -0.2593 0.0606, -0.4286 -0.269 0.0606, -0.4194 -0.2767 0.0606, -0.4085 -0.2818 0.0606, -0.3967 -0.284 0.0606, -0.3847 -0.2833 0.0606, -0.3733 -0.2796 0.0606, -0.3632 -0.2731 0.0606, -0.355 -0.2644 0.0606, -0.3492 -0.2538 0.0606, -0.3462 -0.2422 0.0606, -0.3462 -0.2302 0.0606, -0.3492 -0.2186 0.0606, -0.355 -0.2081 0.0606, -0.3632 -0.1993 0.0606, -0.3733 -0.1929 0.0606, -0.3847 -0.1892 0.0606, -0.3967 -0.1884 0.0606, -0.4085 -0.1907 0.0606, -0.4194 -0.1958 0.0606, -0.4286 -0.2034 0.0606, -0.4357 -0.2132 0.0606, -0.4401 -0.2243 0.0606, -0.4416 -0.2362 0.0606, -0.4414 -0.2485 0.048, -0.4368 -0.2599 0.048, -0.4296 -0.2699 0.048, -0.4201 -0.2778 0.048, -0.4089 -0.283 0.048, -0.3968 -0.2853 0.048, -0.3845 -0.2845 0.048, -0.3728 -0.2807 0.048, -0.3623 -0.2741 0.048, -0.3539 -0.2651 0.048, -0.348 -0.2543 0.048, -0.3449 -0.2424 0.048, -0.3449 -0.2301 0.048, -0.348 -0.2181 0.048, -0.3539 -0.2073 0.048, -0.3623 -0.1983 0.048, -0.3728 -0.1917 0.048, -0.3845 -0.1879 0.048, -0.3968 -0.1871 0.048, -0.4089 -0.1894 0.048, -0.4201 -0.1947 0.048, -0.4296 -0.2025 0.048, -0.4368 -0.2125 0.048, -0.4414 -0.224 0.048, -0.4429 -0.2362 0.048, -0.4395 -0.248 0.0355, -0.4351 -0.259 0.0355, -0.4282 -0.2686 0.0355, -0.419 -0.2761 0.0355, -0.4083 -0.2812 0.0355, -0.3967 -0.2834 0.0355, -0.3848 -0.2826 0.0355, -0.3736 -0.279 0.0355, -0.3636 -0.2726 0.0355, -0.3555 -0.264 0.0355, -0.3498 -0.2536 0.0355, -0.3468 -0.2421 0.0355, -0.3468 -0.2303 0.0355, -0.3498 -0.2188 0.0355, -0.3555 -0.2084 0.0355, -0.3636 -0.1998 0.0355, -0.3736 -0.1935 0.0355, -0.3848 -0.1898 0.0355, -0.3967 -0.1891 0.0355, -0.4083 -0.1913 0.0355, -0.419 -0.1963 0.0355, -0.4282 -0.2039 0.0355, -0.4351 -0.2135 0.0355, -0.4395 -0.2245 0.0355, -0.441 -0.2362 0.0355, -0.4346 -0.2467 0.0239, -0.4307 -0.2566 0.0239, -0.4245 -0.2651 0.0239, -0.4163 -0.2719 0.0239, -0.4067 -0.2764 0.0239, -0.3964 -0.2783 0.0239, -0.3858 -0.2777 0.0239, -0.3757 -0.2744 0.0239, -0.3668 -0.2687 0.0239, -0.3596 -0.261 0.0239, -0.3545 -0.2518 0.0239, -0.3518 -0.2415 0.0239, -0.3518 -0.2309 0.0239, -0.3545 -0.2207 0.0239, -0.3596 -0.2114 0.0239, -0.3668 -0.2037 0.0239, -0.3757 -0.198 0.0239, -0.3858 -0.1948 0.0239, -0.3964 -0.1941 0.0239, -0.4067 -0.1961 0.0239, -0.4163 -0.2006 0.0239, -0.4245 -0.2073 0.0239, -0.4307 -0.2159 0.0239, -0.4346 -0.2257 0.0239, -0.4359 -0.2362 0.0239, -0.427 -0.2448 0.014, -0.4238 -0.2528 0.014, -0.4187 -0.2597 0.014, -0.4121 -0.2652 0.014, -0.4043 -0.2689 0.014, -0.3959 -0.2705 0.014, -0.3873 -0.27 0.014, -0.3791 -0.2673 0.014, -0.3718 -0.2627 0.014, -0.3659 -0.2564 0.014, -0.3618 -0.2489 0.014, -0.3596 -0.2405 0.014, -0.3596 -0.2319 0.014, -0.3618 -0.2236 0.014, -0.3659 -0.216 0.014, -0.3718 -0.2097 0.014, -0.3791 -0.2051 0.014, -0.3873 -0.2025 0.014, -0.3959 -0.2019 0.014, -0.4043 -0.2035 0.014, -0.4121 -0.2072 0.014, -0.4187 -0.2127 0.014, -0.4238 -0.2197 0.014, -0.427 -0.2277 0.014, -0.4281 -0.2362 0.014, -0.4172 -0.2423 0.0064, -0.415 -0.2479 0.0064, -0.4114 -0.2528 0.0064, -0.4067 -0.2567 0.0064, -0.4012 -0.2593 0.0064, -0.3952 -0.2604 0.0064, -0.3892 -0.26 0.0064, -0.3834 -0.2582 0.0064, -0.3782 -0.2549 0.0064, -0.3741 -0.2505 0.0064, -0.3712 -0.2451 0.0064, -0.3696 -0.2393 0.0064, -0.3696 -0.2332 0.0064, -0.3712 -0.2273 0.0064, -0.3741 -0.222 0.0064, -0.3782 -0.2175 0.0064, -0.3834 -0.2143 0.0064, -0.3892 -0.2124 0.0064, -0.3952 -0.212 0.0064, -0.4012 -0.2132 0.0064, -0.4067 -0.2157 0.0064, -0.4114 -0.2196 0.0064, -0.415 -0.2245 0.0064, -0.4172 -0.2302 0.0064, -0.4179 -0.2362 0.0064, -0.4047 -0.0848 0.0016, -0.4058 -0.0819 0.0016, -0.3937 -0.0787 0.0, -0.4028 -0.0873 0.0016, -0.4004 -0.0893 0.0016, -0.3976 -0.0907 0.0016, -0.3945 -0.0913 0.0016, -0.3914 -0.0911 0.0016, -0.3884 -0.0901 0.0016, -0.3857 -0.0884 0.0016, -0.3836 -0.0861 0.0016, -0.382 -0.0834 0.0016, -0.3813 -0.0803 0.0016, -0.3813 -0.0772 0.0016, -0.382 -0.0741 0.0016, -0.3836 -0.0714 0.0016, -0.3857 -0.0691 0.0016, -0.3884 -0.0674 0.0016, -0.3914 -0.0664 0.0016, -0.3945 -0.0662 0.0016, -0.3976 -0.0668 0.0016, -0.4004 -0.0682 0.0016, -0.4028 -0.0702 0.0016, -0.4047 -0.0727 0.0016, -0.4058 -0.0756 0.0016, -0.4062 -0.0787 0.0016, -0.3579 -0.0742 0.0827, -0.3576 -0.0787 0.0827, -0.3506 -0.0842 0.0724, -0.3506 -0.0733 0.0724, -0.3533 -0.0628 0.0724, -0.3602 -0.0655 0.0827, -0.3586 -0.0532 0.0724, -0.3645 -0.0575 0.0827, -0.366 -0.0453 0.0724, -0.3707 -0.0509 0.0827, -0.3752 -0.0395 0.0724, -0.3783 -0.0461 0.0827, -0.3856 -0.0361 0.0724, -0.3869 -0.0433 0.0827, -0.3964 -0.0354 0.0724, -0.396 -0.0427 0.0827, -0.4071 -0.0374 0.0724, -0.4049 -0.0444 0.0827, -0.417 -0.0421 0.0724, -0.413 -0.0483 0.0827, -0.4254 -0.049 0.0724, -0.42 -0.054 0.0827, -0.4317 -0.0578 0.0724, -0.4253 -0.0614 0.0827, -0.4358 -0.0679 0.0724, -0.4287 -0.0698 0.0827, -0.4371 -0.0787 0.0724, -0.4298 -0.0787 0.0827, -0.4358 -0.0895 0.0724, -0.4287 -0.0877 0.0827, -0.4317 -0.0997 0.0724, -0.4253 -0.0961 0.0827, -0.4254 -0.1085 0.0724, -0.42 -0.1034 0.0827, -0.417 -0.1154 0.0724, -0.413 -0.1092 0.0827, -0.4071 -0.12 0.0724, -0.4049 -0.1131 0.0827, -0.3964 -0.1221 0.0724, -0.396 -0.1148 0.0827, -0.3856 -0.1214 0.0724, -0.3869 -0.1142 0.0827, -0.3752 -0.118 0.0724, -0.3783 -0.1114 0.0827, -0.366 -0.1122 0.0724, -0.3707 -0.1065 0.0827, -0.3586 -0.1043 0.0724, -0.3645 -0.0999 0.0827, -0.3533 -0.0947 0.0724, -0.3602 -0.092 0.0827, -0.3579 -0.0833 0.0827, -0.4401 -0.0906 0.0606, -0.4357 -0.1018 0.0606, -0.4286 -0.1115 0.0606, -0.4194 -0.1192 0.0606, -0.4085 -0.1243 0.0606, -0.3967 -0.1265 0.0606, -0.3847 -0.1258 0.0606, -0.3733 -0.1221 0.0606, -0.3632 -0.1156 0.0606, -0.355 -0.1069 0.0606, -0.3492 -0.0964 0.0606, -0.3462 -0.0847 0.0606, -0.3462 -0.0727 0.0606, -0.3492 -0.0611 0.0606, -0.355 -0.0506 0.0606, -0.3632 -0.0418 0.0606, -0.3733 -0.0354 0.0606, -0.3847 -0.0317 0.0606, -0.3967 -0.0309 0.0606, -0.4085 -0.0332 0.0606, -0.4194 -0.0383 0.0606, -0.4286 -0.046 0.0606, -0.4357 -0.0557 0.0606, -0.4401 -0.0668 0.0606, -0.4416 -0.0787 0.0606, -0.4414 -0.091 0.048, -0.4368 -0.1024 0.048, -0.4296 -0.1124 0.048, -0.4201 -0.1203 0.048, -0.4089 -0.1255 0.048, -0.3968 -0.1278 0.048, -0.3845 -0.1271 0.048, -0.3728 -0.1233 0.048, -0.3623 -0.1166 0.048, -0.3539 -0.1077 0.048, -0.348 -0.0969 0.048, -0.3449 -0.0849 0.048, -0.3449 -0.0726 0.048, -0.348 -0.0606 0.048, -0.3539 -0.0498 0.048, -0.3623 -0.0408 0.048, -0.3728 -0.0342 0.048, -0.3845 -0.0304 0.048, -0.3968 -0.0296 0.048, -0.4089 -0.032 0.048, -0.4201 -0.0372 0.048, -0.4296 -0.0451 0.048, -0.4368 -0.055 0.048, -0.4414 -0.0665 0.048, -0.4429 -0.0787 0.048, -0.4395 -0.0905 0.0355, -0.4351 -0.1015 0.0355, -0.4282 -0.1111 0.0355, -0.419 -0.1186 0.0355, -0.4083 -0.1237 0.0355, -0.3967 -0.1259 0.0355, -0.3848 -0.1252 0.0355, -0.3736 -0.1215 0.0355, -0.3636 -0.1152 0.0355, -0.3555 -0.1065 0.0355, -0.3498 -0.0961 0.0355, -0.3468 -0.0847 0.0355, -0.3468 -0.0728 0.0355, -0.3498 -0.0613 0.0355, -0.3555 -0.051 0.0355, -0.3636 -0.0423 0.0355, -0.3736 -0.036 0.0355, -0.3848 -0.0323 0.0355, -0.3967 -0.0316 0.0355, -0.4083 -0.0338 0.0355, -0.419 -0.0388 0.0355, -0.4282 -0.0464 0.0355, -0.4351 -0.056 0.0355, -0.4395 -0.067 0.0355, -0.441 -0.0787 0.0355, -0.4346 -0.0892 0.0239, -0.4307 -0.0991 0.0239, -0.4245 -0.1076 0.0239, -0.4163 -0.1144 0.0239, -0.4067 -0.1189 0.0239, -0.3964 -0.1209 0.0239, -0.3858 -0.1202 0.0239, -0.3757 -0.1169 0.0239, -0.3668 -0.1113 0.0239, -0.3596 -0.1035 0.0239, -0.3545 -0.0943 0.0239, -0.3518 -0.084 0.0239, -0.3518 -0.0735 0.0239, -0.3545 -0.0632 0.0239, -0.3596 -0.0539 0.0239, -0.3668 -0.0462 0.0239, -0.3757 -0.0406 0.0239, -0.3858 -0.0373 0.0239, -0.3964 -0.0366 0.0239, -0.4067 -0.0386 0.0239, -0.4163 -0.0431 0.0239, -0.4245 -0.0499 0.0239, -0.4307 -0.0584 0.0239, -0.4346 -0.0682 0.0239, -0.4359 -0.0787 0.0239, -0.427 -0.0873 0.014, -0.4238 -0.0953 0.014, -0.4187 -0.1023 0.014, -0.4121 -0.1078 0.014, -0.4043 -0.1114 0.014, -0.3959 -0.113 0.014, -0.3873 -0.1125 0.014, -0.3791 -0.1098 0.014, -0.3718 -0.1052 0.014, -0.3659 -0.0989 0.014, -0.3618 -0.0914 0.014, -0.3596 -0.083 0.014, -0.3596 -0.0744 0.014, -0.3618 -0.0661 0.014, -0.3659 -0.0585 0.014, -0.3718 -0.0523 0.014, -0.3791 -0.0477 0.014, -0.3873 -0.045 0.014, -0.3959 -0.0444 0.014, -0.4043 -0.0461 0.014, -0.4121 -0.0497 0.014, -0.4187 -0.0552 0.014, -0.4238 -0.0622 0.014, -0.427 -0.0702 0.014, -0.4281 -0.0787 0.014, -0.4172 -0.0848 0.0064, -0.415 -0.0904 0.0064, -0.4114 -0.0953 0.0064, -0.4067 -0.0992 0.0064, -0.4012 -0.1018 0.0064, -0.3952 -0.1029 0.0064, -0.3892 -0.1026 0.0064, -0.3834 -0.1007 0.0064, -0.3782 -0.0974 0.0064, -0.3741 -0.093 0.0064, -0.3712 -0.0877 0.0064, -0.3696 -0.0818 0.0064, -0.3696 -0.0757 0.0064, -0.3712 -0.0698 0.0064, -0.3741 -0.0645 0.0064, -0.3782 -0.0601 0.0064, -0.3834 -0.0568 0.0064, -0.3892 -0.0549 0.0064, -0.3952 -0.0545 0.0064, -0.4012 -0.0557 0.0064, -0.4067 -0.0583 0.0064, -0.4114 -0.0621 0.0064, -0.415 -0.0671 0.0064, -0.4172 -0.0727 0.0064, -0.4179 -0.0787 0.0064, -0.4047 0.0727 0.0016, -0.4058 0.0756 0.0016, -0.3937 0.0787 0.0, -0.4028 0.0702 0.0016, -0.4004 0.0682 0.0016, -0.3976 0.0668 0.0016, -0.3945 0.0662 0.0016, -0.3914 0.0664 0.0016, -0.3884 0.0674 0.0016, -0.3857 0.0691 0.0016, -0.3836 0.0714 0.0016, -0.382 0.0741 0.0016, -0.3813 0.0772 0.0016, -0.3813 0.0803 0.0016, -0.382 0.0834 0.0016, -0.3836 0.0861 0.0016, -0.3857 0.0884 0.0016, -0.3884 0.0901 0.0016, -0.3914 0.0911 0.0016, -0.3945 0.0913 0.0016, -0.3976 0.0907 0.0016, -0.4004 0.0893 0.0016, -0.4028 0.0873 0.0016, -0.4047 0.0848 0.0016, -0.4058 0.0819 0.0016, -0.4062 0.0787 0.0016, -0.3579 0.0833 0.0827, -0.3576 0.0787 0.0827, -0.3506 0.0733 0.0724, -0.3506 0.0842 0.0724, -0.3533 0.0947 0.0724, -0.3602 0.092 0.0827, -0.3586 0.1043 0.0724, -0.3645 0.0999 0.0827, -0.366 0.1122 0.0724, -0.3707 0.1065 0.0827, -0.3752 0.118 0.0724, -0.3783 0.1114 0.0827, -0.3856 0.1214 0.0724, -0.3869 0.1142 0.0827, -0.3964 0.1221 0.0724, -0.396 0.1148 0.0827, -0.4071 0.12 0.0724, -0.4049 0.1131 0.0827, -0.417 0.1154 0.0724, -0.413 0.1092 0.0827, -0.4254 0.1085 0.0724, -0.42 0.1034 0.0827, -0.4317 0.0997 0.0724, -0.4253 0.0961 0.0827, -0.4358 0.0895 0.0724, -0.4287 0.0877 0.0827, -0.4371 0.0787 0.0724, -0.4298 0.0787 0.0827, -0.4358 0.0679 0.0724, -0.4287 0.0698 0.0827, -0.4317 0.0578 0.0724, -0.4253 0.0614 0.0827, -0.4254 0.049 0.0724, -0.42 0.054 0.0827, -0.417 0.0421 0.0724, -0.413 0.0483 0.0827, -0.4071 0.0374 0.0724, -0.4049 0.0444 0.0827, -0.3964 0.0354 0.0724, -0.396 0.0427 0.0827, -0.3856 0.0361 0.0724, -0.3869 0.0433 0.0827, -0.3752 0.0395 0.0724, -0.3783 0.0461 0.0827, -0.366 0.0453 0.0724, -0.3707 0.0509 0.0827, -0.3586 0.0532 0.0724, -0.3645 0.0575 0.0827, -0.3533 0.0628 0.0724, -0.3602 0.0655 0.0827, -0.3579 0.0742 0.0827, -0.4401 0.0668 0.0606, -0.4357 0.0557 0.0606, -0.4286 0.046 0.0606, -0.4194 0.0383 0.0606, -0.4085 0.0332 0.0606, -0.3967 0.0309 0.0606, -0.3847 0.0317 0.0606, -0.3733 0.0354 0.0606, -0.3632 0.0418 0.0606, -0.355 0.0506 0.0606, -0.3492 0.0611 0.0606, -0.3462 0.0727 0.0606, -0.3462 0.0847 0.0606, -0.3492 0.0964 0.0606, -0.355 0.1069 0.0606, -0.3632 0.1156 0.0606, -0.3733 0.1221 0.0606, -0.3847 0.1258 0.0606, -0.3967 0.1265 0.0606, -0.4085 0.1243 0.0606, -0.4194 0.1192 0.0606, -0.4286 0.1115 0.0606, -0.4357 0.1018 0.0606, -0.4401 0.0906 0.0606, -0.4416 0.0787 0.0606, -0.4414 0.0665 0.048, -0.4368 0.055 0.048, -0.4296 0.0451 0.048, -0.4201 0.0372 0.048, -0.4089 0.032 0.048, -0.3968 0.0296 0.048, -0.3845 0.0304 0.048, -0.3728 0.0342 0.048, -0.3623 0.0408 0.048, -0.3539 0.0498 0.048, -0.348 0.0606 0.048, -0.3449 0.0726 0.048, -0.3449 0.0849 0.048, -0.348 0.0969 0.048, -0.3539 0.1077 0.048, -0.3623 0.1166 0.048, -0.3728 0.1233 0.048, -0.3845 0.1271 0.048, -0.3968 0.1278 0.048, -0.4089 0.1255 0.048, -0.4201 0.1203 0.048, -0.4296 0.1124 0.048, -0.4368 0.1024 0.048, -0.4414 0.091 0.048, -0.4429 0.0787 0.048, -0.4395 0.067 0.0355, -0.4351 0.056 0.0355, -0.4282 0.0464 0.0355, -0.419 0.0388 0.0355, -0.4083 0.0338 0.0355, -0.3967 0.0316 0.0355, -0.3848 0.0323 0.0355, -0.3736 0.036 0.0355, -0.3636 0.0423 0.0355, -0.3555 0.051 0.0355, -0.3498 0.0613 0.0355, -0.3468 0.0728 0.0355, -0.3468 0.0847 0.0355, -0.3498 0.0961 0.0355, -0.3555 0.1065 0.0355, -0.3636 0.1152 0.0355, -0.3736 0.1215 0.0355, -0.3848 0.1252 0.0355, -0.3967 0.1259 0.0355, -0.4083 0.1237 0.0355, -0.419 0.1186 0.0355, -0.4282 0.1111 0.0355, -0.4351 0.1015 0.0355, -0.4395 0.0905 0.0355, -0.441 0.0787 0.0355, -0.4346 0.0682 0.0239, -0.4307 0.0584 0.0239, -0.4245 0.0499 0.0239, -0.4163 0.0431 0.0239, -0.4067 0.0386 0.0239, -0.3964 0.0366 0.0239, -0.3858 0.0373 0.0239, -0.3757 0.0406 0.0239, -0.3668 0.0462 0.0239, -0.3596 0.0539 0.0239, -0.3545 0.0632 0.0239, -0.3518 0.0735 0.0239, -0.3518 0.084 0.0239, -0.3545 0.0943 0.0239, -0.3596 0.1035 0.0239, -0.3668 0.1113 0.0239, -0.3757 0.1169 0.0239, -0.3858 0.1202 0.0239, -0.3964 0.1209 0.0239, -0.4067 0.1189 0.0239, -0.4163 0.1144 0.0239, -0.4245 0.1076 0.0239, -0.4307 0.0991 0.0239, -0.4346 0.0892 0.0239, -0.4359 0.0787 0.0239, -0.427 0.0702 0.014, -0.4238 0.0622 0.014, -0.4187 0.0552 0.014, -0.4121 0.0497 0.014, -0.4043 0.0461 0.014, -0.3959 0.0444 0.014, -0.3873 0.045 0.014, -0.3791 0.0477 0.014, -0.3718 0.0523 0.014, -0.3659 0.0585 0.014, -0.3618 0.0661 0.014, -0.3596 0.0744 0.014, -0.3596 0.083 0.014, -0.3618 0.0914 0.014, -0.3659 0.0989 0.014, -0.3718 0.1052 0.014, -0.3791 0.1098 0.014, -0.3873 0.1125 0.014, -0.3959 0.113 0.014, -0.4043 0.1114 0.014, -0.4121 0.1078 0.014, -0.4187 0.1023 0.014, -0.4238 0.0953 0.014, -0.427 0.0873 0.014, -0.4281 0.0787 0.014, -0.4172 0.0727 0.0064, -0.415 0.0671 0.0064, -0.4114 0.0621 0.0064, -0.4067 0.0583 0.0064, -0.4012 0.0557 0.0064, -0.3952 0.0545 0.0064, -0.3892 0.0549 0.0064, -0.3834 0.0568 0.0064, -0.3782 0.0601 0.0064, -0.3741 0.0645 0.0064, -0.3712 0.0698 0.0064, -0.3696 0.0757 0.0064, -0.3696 0.0818 0.0064, -0.3712 0.0877 0.0064, -0.3741 0.093 0.0064, -0.3782 0.0974 0.0064, -0.3834 0.1007 0.0064, -0.3892 0.1026 0.0064, -0.3952 0.1029 0.0064, -0.4012 0.1018 0.0064, -0.4067 0.0992 0.0064, -0.4114 0.0953 0.0064, -0.415 0.0904 0.0064, -0.4172 0.0848 0.0064, -0.4179 0.0787 0.0064, -0.4047 0.2302 0.0016, -0.4058 0.2331 0.0016, -0.3937 0.2362 0.0, -0.4028 0.2276 0.0016, -0.4004 0.2256 0.0016, -0.3976 0.2243 0.0016, -0.3945 0.2237 0.0016, -0.3914 0.2239 0.0016, -0.3884 0.2249 0.0016, -0.3857 0.2266 0.0016, -0.3836 0.2289 0.0016, -0.382 0.2316 0.0016, -0.3813 0.2346 0.0016, -0.3813 0.2378 0.0016, -0.382 0.2408 0.0016, -0.3836 0.2436 0.0016, -0.3857 0.2459 0.0016, -0.3884 0.2476 0.0016, -0.3914 0.2485 0.0016, -0.3945 0.2487 0.0016, -0.3976 0.2481 0.0016, -0.4004 0.2468 0.0016, -0.4028 0.2448 0.0016, -0.4047 0.2423 0.0016, -0.4058 0.2393 0.0016, -0.4062 0.2362 0.0016, -0.3576 0.2362 0.0827, -0.3579 0.2317 0.0827, -0.3506 0.2308 0.0724, -0.3602 0.2229 0.0827, -0.3533 0.2202 0.0724, -0.3645 0.215 0.0827, -0.3586 0.2107 0.0724, -0.3707 0.2084 0.0827, -0.366 0.2028 0.0724, -0.3783 0.2036 0.0827, -0.3752 0.1969 0.0724, -0.3869 0.2008 0.0827, -0.3856 0.1936 0.0724, -0.396 0.2002 0.0827, -0.3964 0.1929 0.0724, -0.4049 0.2019 0.0827, -0.4071 0.1949 0.0724, -0.413 0.2058 0.0827, -0.417 0.1996 0.0724, -0.42 0.2115 0.0827, -0.4254 0.2065 0.0724, -0.4253 0.2188 0.0827, -0.4317 0.2153 0.0724, -0.4287 0.2272 0.0827, -0.4358 0.2254 0.0724, -0.4298 0.2362 0.0827, -0.4371 0.2362 0.0724, -0.4287 0.2452 0.0827, -0.4358 0.247 0.0724, -0.4253 0.2536 0.0827, -0.4317 0.2571 0.0724, -0.42 0.2609 0.0827, -0.4254 0.2659 0.0724, -0.413 0.2667 0.0827, -0.417 0.2729 0.0724, -0.4049 0.2705 0.0827, -0.4071 0.2775 0.0724, -0.396 0.2722 0.0827, -0.3964 0.2796 0.0724, -0.3869 0.2717 0.0827, -0.3856 0.2789 0.0724, -0.3783 0.2689 0.0827, -0.3752 0.2755 0.0724, -0.3707 0.264 0.0827, -0.366 0.2697 0.0724, -0.3645 0.2574 0.0827, -0.3586 0.2617 0.0724, -0.3602 0.2495 0.0827, -0.3533 0.2522 0.0724, -0.3579 0.2407 0.0827, -0.3506 0.2417 0.0724, -0.4401 0.2243 0.0606, -0.4357 0.2132 0.0606, -0.4286 0.2034 0.0606, -0.4194 0.1958 0.0606, -0.4085 0.1907 0.0606, -0.3967 0.1884 0.0606, -0.3847 0.1892 0.0606, -0.3733 0.1929 0.0606, -0.3632 0.1993 0.0606, -0.355 0.2081 0.0606, -0.3492 0.2186 0.0606, -0.3462 0.2302 0.0606, -0.3462 0.2422 0.0606, -0.3492 0.2538 0.0606, -0.355 0.2644 0.0606, -0.3632 0.2731 0.0606, -0.3733 0.2796 0.0606, -0.3847 0.2833 0.0606, -0.3967 0.284 0.0606, -0.4085 0.2818 0.0606, -0.4194 0.2767 0.0606, -0.4286 0.269 0.0606, -0.4357 0.2593 0.0606, -0.4401 0.2481 0.0606, -0.4416 0.2362 0.0606, -0.4414 0.224 0.048, -0.4368 0.2125 0.048, -0.4296 0.2025 0.048, -0.4201 0.1947 0.048, -0.4089 0.1894 0.048, -0.3968 0.1871 0.048, -0.3845 0.1879 0.048, -0.3728 0.1917 0.048, -0.3623 0.1983 0.048, -0.3539 0.2073 0.048, -0.348 0.2181 0.048, -0.3449 0.2301 0.048, -0.3449 0.2424 0.048, -0.348 0.2543 0.048, -0.3539 0.2651 0.048, -0.3623 0.2741 0.048, -0.3728 0.2807 0.048, -0.3845 0.2845 0.048, -0.3968 0.2853 0.048, -0.4089 0.283 0.048, -0.4201 0.2778 0.048, -0.4296 0.2699 0.048, -0.4368 0.2599 0.048, -0.4414 0.2485 0.048, -0.4429 0.2362 0.048, -0.4395 0.2245 0.0355, -0.4351 0.2135 0.0355, -0.4282 0.2039 0.0355, -0.419 0.1963 0.0355, -0.4083 0.1913 0.0355, -0.3967 0.1891 0.0355, -0.3848 0.1898 0.0355, -0.3736 0.1935 0.0355, -0.3636 0.1998 0.0355, -0.3555 0.2084 0.0355, -0.3498 0.2188 0.0355, -0.3468 0.2303 0.0355, -0.3468 0.2421 0.0355, -0.3498 0.2536 0.0355, -0.3555 0.264 0.0355, -0.3636 0.2726 0.0355, -0.3736 0.279 0.0355, -0.3848 0.2826 0.0355, -0.3967 0.2834 0.0355, -0.4083 0.2812 0.0355, -0.419 0.2761 0.0355, -0.4282 0.2686 0.0355, -0.4351 0.259 0.0355, -0.4395 0.248 0.0355, -0.441 0.2362 0.0355, -0.4346 0.2257 0.0239, -0.4307 0.2159 0.0239, -0.4245 0.2073 0.0239, -0.4163 0.2006 0.0239, -0.4067 0.1961 0.0239, -0.3964 0.1941 0.0239, -0.3858 0.1948 0.0239, -0.3757 0.198 0.0239, -0.3668 0.2037 0.0239, -0.3596 0.2114 0.0239, -0.3545 0.2207 0.0239, -0.3518 0.2309 0.0239, -0.3518 0.2415 0.0239, -0.3545 0.2518 0.0239, -0.3596 0.261 0.0239, -0.3668 0.2687 0.0239, -0.3757 0.2744 0.0239, -0.3858 0.2777 0.0239, -0.3964 0.2783 0.0239, -0.4067 0.2764 0.0239, -0.4163 0.2719 0.0239, -0.4245 0.2651 0.0239, -0.4307 0.2566 0.0239, -0.4346 0.2467 0.0239, -0.4359 0.2362 0.0239, -0.427 0.2277 0.014, -0.4238 0.2197 0.014, -0.4187 0.2127 0.014, -0.4121 0.2072 0.014, -0.4043 0.2035 0.014, -0.3959 0.2019 0.014, -0.3873 0.2025 0.014, -0.3791 0.2051 0.014, -0.3718 0.2097 0.014, -0.3659 0.216 0.014, -0.3618 0.2236 0.014, -0.3596 0.2319 0.014, -0.3596 0.2405 0.014, -0.3618 0.2489 0.014, -0.3659 0.2564 0.014, -0.3718 0.2627 0.014, -0.3791 0.2673 0.014, -0.3873 0.27 0.014, -0.3959 0.2705 0.014, -0.4043 0.2689 0.014, -0.4121 0.2652 0.014, -0.4187 0.2597 0.014, -0.4238 0.2528 0.014, -0.427 0.2448 0.014, -0.4281 0.2362 0.014, -0.4172 0.2302 0.0064, -0.415 0.2245 0.0064, -0.4114 0.2196 0.0064, -0.4067 0.2157 0.0064, -0.4012 0.2132 0.0064, -0.3952 0.212 0.0064, -0.3892 0.2124 0.0064, -0.3834 0.2143 0.0064, -0.3782 0.2175 0.0064, -0.3741 0.222 0.0064, -0.3712 0.2273 0.0064, -0.3696 0.2332 0.0064, -0.3696 0.2393 0.0064, -0.3712 0.2451 0.0064, -0.3741 0.2505 0.0064, -0.3782 0.2549 0.0064, -0.3834 0.2582 0.0064, -0.3892 0.26 0.0064, -0.3952 0.2604 0.0064, -0.4012 0.2593 0.0064, -0.4067 0.2567 0.0064, -0.4114 0.2528 0.0064, -0.415 0.2479 0.0064, -0.4172 0.2423 0.0064, -0.4179 0.2362 0.0064, -0.4047 0.3877 0.0016, -0.4058 0.3906 0.0016, -0.3937 0.3937 0.0, -0.4028 0.3851 0.0016, -0.4004 0.3831 0.0016, -0.3976 0.3818 0.0016, -0.3945 0.3812 0.0016, -0.3914 0.3814 0.0016, -0.3884 0.3824 0.0016, -0.3857 0.384 0.0016, -0.3836 0.3863 0.0016, -0.382 0.3891 0.0016, -0.3813 0.3921 0.0016, -0.3813 0.3953 0.0016, -0.382 0.3983 0.0016, -0.3836 0.4011 0.0016, -0.3857 0.4034 0.0016, -0.3884 0.405 0.0016, -0.3914 0.406 0.0016, -0.3945 0.4062 0.0016, -0.3976 0.4056 0.0016, -0.4004 0.4043 0.0016, -0.4028 0.4023 0.0016, -0.4047 0.3997 0.0016, -0.4058 0.3968 0.0016, -0.4062 0.3937 0.0016, -0.3576 0.3937 0.0827, -0.3579 0.3892 0.0827, -0.3506 0.3883 0.0724, -0.3602 0.3804 0.0827, -0.3533 0.3777 0.0724, -0.3645 0.3725 0.0827, -0.3586 0.3682 0.0724, -0.3707 0.3659 0.0827, -0.366 0.3602 0.0724, -0.3783 0.3611 0.0827, -0.3752 0.3544 0.0724, -0.3869 0.3583 0.0827, -0.3856 0.3511 0.0724, -0.396 0.3577 0.0827, -0.3964 0.3504 0.0724, -0.4049 0.3594 0.0827, -0.4071 0.3524 0.0724, -0.413 0.3632 0.0827, -0.417 0.357 0.0724, -0.42 0.369 0.0827, -0.4254 0.364 0.0724, -0.4253 0.3763 0.0827, -0.4317 0.3728 0.0724, -0.4287 0.3847 0.0827, -0.4358 0.3829 0.0724, -0.4298 0.3937 0.0827, -0.4371 0.3937 0.0724, -0.4287 0.4027 0.0827, -0.4358 0.4045 0.0724, -0.4253 0.4111 0.0827, -0.4317 0.4146 0.0724, -0.42 0.4184 0.0827, -0.4254 0.4234 0.0724, -0.413 0.4242 0.0827, -0.417 0.4304 0.0724, -0.4049 0.428 0.0827, -0.4071 0.435 0.0724, -0.396 0.4297 0.0827, -0.3964 0.437 0.0724, -0.3869 0.4291 0.0827, -0.3856 0.4364 0.0724, -0.3783 0.4264 0.0827, -0.3752 0.433 0.0724, -0.3707 0.4215 0.0827, -0.366 0.4272 0.0724, -0.3645 0.4149 0.0827, -0.3586 0.4192 0.0724, -0.3602 0.407 0.0827, -0.3533 0.4097 0.0724, -0.3579 0.3982 0.0827, -0.3506 0.3991 0.0724, -0.4401 0.3818 0.0606, -0.4357 0.3706 0.0606, -0.4286 0.3609 0.0606, -0.4194 0.3533 0.0606, -0.4085 0.3482 0.0606, -0.3967 0.3459 0.0606, -0.3847 0.3467 0.0606, -0.3733 0.3504 0.0606, -0.3632 0.3568 0.0606, -0.355 0.3656 0.0606, -0.3492 0.3761 0.0606, -0.3462 0.3877 0.0606, -0.3462 0.3997 0.0606, -0.3492 0.4113 0.0606, -0.355 0.4218 0.0606, -0.3632 0.4306 0.0606, -0.3733 0.437 0.0606, -0.3847 0.4407 0.0606, -0.3967 0.4415 0.0606, -0.4085 0.4392 0.0606, -0.4194 0.4341 0.0606, -0.4286 0.4265 0.0606, -0.4357 0.4168 0.0606, -0.4401 0.4056 0.0606, -0.4416 0.3937 0.0606, -0.4414 0.3815 0.048, -0.4368 0.37 0.048, -0.4296 0.36 0.048, -0.4201 0.3522 0.048, -0.4089 0.3469 0.048, -0.3968 0.3446 0.048, -0.3845 0.3454 0.048, -0.3728 0.3492 0.048, -0.3623 0.3558 0.048, -0.3539 0.3648 0.048, -0.348 0.3756 0.048, -0.3449 0.3875 0.048, -0.3449 0.3999 0.048, -0.348 0.4118 0.048, -0.3539 0.4226 0.048, -0.3623 0.4316 0.048, -0.3728 0.4382 0.048, -0.3845 0.442 0.048, -0.3968 0.4428 0.048, -0.4089 0.4405 0.048, -0.4201 0.4352 0.048, -0.4296 0.4274 0.048, -0.4368 0.4174 0.048, -0.4414 0.4059 0.048, -0.4429 0.3937 0.048, -0.4395 0.3819 0.0355, -0.4351 0.3709 0.0355, -0.4282 0.3613 0.0355, -0.419 0.3538 0.0355, -0.4083 0.3488 0.0355, -0.3967 0.3465 0.0355, -0.3848 0.3473 0.0355, -0.3736 0.3509 0.0355, -0.3636 0.3573 0.0355, -0.3555 0.3659 0.0355, -0.3498 0.3763 0.0355, -0.3468 0.3878 0.0355, -0.3468 0.3996 0.0355, -0.3498 0.4111 0.0355, -0.3555 0.4215 0.0355, -0.3636 0.4301 0.0355, -0.3736 0.4365 0.0355, -0.3848 0.4401 0.0355, -0.3967 0.4409 0.0355, -0.4083 0.4386 0.0355, -0.419 0.4336 0.0355, -0.4282 0.4261 0.0355, -0.4351 0.4165 0.0355, -0.4395 0.4055 0.0355, -0.441 0.3937 0.0355, -0.4346 0.3832 0.0239, -0.4307 0.3734 0.0239, -0.4245 0.3648 0.0239, -0.4163 0.3581 0.0239, -0.4067 0.3536 0.0239, -0.3964 0.3516 0.0239, -0.3858 0.3522 0.0239, -0.3757 0.3555 0.0239, -0.3668 0.3612 0.0239, -0.3596 0.3689 0.0239, -0.3545 0.3782 0.0239, -0.3518 0.3884 0.0239, -0.3518 0.399 0.0239, -0.3545 0.4092 0.0239, -0.3596 0.4185 0.0239, -0.3668 0.4262 0.0239, -0.3757 0.4319 0.0239, -0.3858 0.4352 0.0239, -0.3964 0.4358 0.0239, -0.4067 0.4338 0.0239, -0.4163 0.4293 0.0239, -0.4245 0.4226 0.0239, -0.4307 0.414 0.0239, -0.4346 0.4042 0.0239, -0.4359 0.3937 0.0239, -0.427 0.3852 0.014, -0.4238 0.3771 0.014, -0.4187 0.3702 0.014, -0.4121 0.3647 0.014, -0.4043 0.361 0.014, -0.3959 0.3594 0.014, -0.3873 0.3599 0.014, -0.3791 0.3626 0.014, -0.3718 0.3672 0.014, -0.3659 0.3735 0.014, -0.3618 0.3811 0.014, -0.3596 0.3894 0.014, -0.3596 0.398 0.014, -0.3618 0.4063 0.014, -0.3659 0.4139 0.014, -0.3718 0.4202 0.014, -0.3791 0.4248 0.014, -0.3873 0.4275 0.014, -0.3959 0.428 0.014, -0.4043 0.4264 0.014, -0.4121 0.4227 0.014, -0.4187 0.4172 0.014, -0.4238 0.4103 0.014, -0.427 0.4022 0.014, -0.4281 0.3937 0.014, -0.4172 0.3877 0.0064, -0.415 0.382 0.0064, -0.4114 0.3771 0.0064, -0.4067 0.3732 0.0064, -0.4012 0.3706 0.0064, -0.3952 0.3695 0.0064, -0.3892 0.3699 0.0064, -0.3834 0.3718 0.0064, -0.3782 0.375 0.0064, -0.3741 0.3794 0.0064, -0.3712 0.3848 0.0064, -0.3696 0.3907 0.0064, -0.3696 0.3967 0.0064, -0.3712 0.4026 0.0064, -0.3741 0.408 0.0064, -0.3782 0.4124 0.0064, -0.3834 0.4156 0.0064, -0.3892 0.4175 0.0064, -0.3952 0.4179 0.0064, -0.4012 0.4168 0.0064, -0.4067 0.4142 0.0064, -0.4114 0.4103 0.0064, -0.415 0.4054 0.0064, -0.4172 0.3997 0.0064, -0.4179 0.3937 0.0064, -0.2472 -0.3997 0.0016, -0.2484 -0.3968 0.0016, -0.2362 -0.3937 0.0, -0.2454 -0.4023 0.0016, -0.2429 -0.4043 0.0016, -0.2401 -0.4056 0.0016, -0.237 -0.4062 0.0016, -0.2339 -0.406 0.0016, -0.2309 -0.405 0.0016, -0.2282 -0.4034 0.0016, -0.2261 -0.4011 0.0016, -0.2246 -0.3983 0.0016, -0.2238 -0.3953 0.0016, -0.2238 -0.3921 0.0016, -0.2246 -0.3891 0.0016, -0.2261 -0.3863 0.0016, -0.2282 -0.384 0.0016, -0.2309 -0.3824 0.0016, -0.2339 -0.3814 0.0016, -0.237 -0.3812 0.0016, -0.2401 -0.3818 0.0016, -0.2429 -0.3831 0.0016, -0.2454 -0.3851 0.0016, -0.2472 -0.3877 0.0016, -0.2484 -0.3906 0.0016, -0.2488 -0.3937 0.0016, -0.2001 -0.3937 0.0827, -0.2004 -0.3982 0.0827, -0.1931 -0.3991 0.0724, -0.2027 -0.407 0.0827, -0.1959 -0.4097 0.0724, -0.207 -0.4149 0.0827, -0.2011 -0.4192 0.0724, -0.2132 -0.4215 0.0827, -0.2085 -0.4272 0.0724, -0.2209 -0.4264 0.0827, -0.2177 -0.433 0.0724, -0.2295 -0.4291 0.0827, -0.2281 -0.4364 0.0724, -0.2385 -0.4297 0.0827, -0.2389 -0.437 0.0724, -0.2474 -0.428 0.0827, -0.2496 -0.435 0.0724, -0.2556 -0.4242 0.0827, -0.2595 -0.4304 0.0724, -0.2625 -0.4184 0.0827, -0.2679 -0.4234 0.0724, -0.2678 -0.4111 0.0827, -0.2743 -0.4146 0.0724, -0.2712 -0.4027 0.0827, -0.2783 -0.4045 0.0724, -0.2723 -0.3937 0.0827, -0.2796 -0.3937 0.0724, -0.2712 -0.3847 0.0827, -0.2783 -0.3829 0.0724, -0.2678 -0.3763 0.0827, -0.2743 -0.3728 0.0724, -0.2625 -0.369 0.0827, -0.2679 -0.364 0.0724, -0.2556 -0.3632 0.0827, -0.2595 -0.357 0.0724, -0.2474 -0.3594 0.0827, -0.2496 -0.3524 0.0724, -0.2385 -0.3577 0.0827, -0.2389 -0.3504 0.0724, -0.2295 -0.3583 0.0827, -0.2281 -0.3511 0.0724, -0.2209 -0.3611 0.0827, -0.2177 -0.3544 0.0724, -0.2132 -0.3659 0.0827, -0.2085 -0.3602 0.0724, -0.207 -0.3725 0.0827, -0.2011 -0.3682 0.0724, -0.2027 -0.3804 0.0827, -0.1959 -0.3777 0.0724, -0.2004 -0.3892 0.0827, -0.1931 -0.3883 0.0724, -0.2826 -0.4056 0.0606, -0.2782 -0.4168 0.0606, -0.2711 -0.4265 0.0606, -0.2619 -0.4341 0.0606, -0.251 -0.4392 0.0606, -0.2392 -0.4415 0.0606, -0.2272 -0.4407 0.0606, -0.2158 -0.437 0.0606, -0.2057 -0.4306 0.0606, -0.1975 -0.4218 0.0606, -0.1917 -0.4113 0.0606, -0.1887 -0.3997 0.0606, -0.1887 -0.3877 0.0606, -0.1917 -0.3761 0.0606, -0.1975 -0.3656 0.0606, -0.2057 -0.3568 0.0606, -0.2158 -0.3504 0.0606, -0.2272 -0.3467 0.0606, -0.2392 -0.3459 0.0606, -0.251 -0.3482 0.0606, -0.2619 -0.3533 0.0606, -0.2711 -0.3609 0.0606, -0.2782 -0.3706 0.0606, -0.2826 -0.3818 0.0606, -0.2841 -0.3937 0.0606, -0.2839 -0.4059 0.048, -0.2793 -0.4174 0.048, -0.2721 -0.4274 0.048, -0.2626 -0.4352 0.048, -0.2514 -0.4405 0.048, -0.2393 -0.4428 0.048, -0.227 -0.442 0.048, -0.2153 -0.4382 0.048, -0.2049 -0.4316 0.048, -0.1964 -0.4226 0.048, -0.1905 -0.4118 0.048, -0.1874 -0.3999 0.048, -0.1874 -0.3875 0.048, -0.1905 -0.3756 0.048, -0.1964 -0.3648 0.048, -0.2049 -0.3558 0.048, -0.2153 -0.3492 0.048, -0.227 -0.3454 0.048, -0.2393 -0.3446 0.048, -0.2514 -0.3469 0.048, -0.2626 -0.3522 0.048, -0.2721 -0.36 0.048, -0.2793 -0.37 0.048, -0.2839 -0.3815 0.048, -0.2854 -0.3937 0.048, -0.282 -0.4055 0.0355, -0.2776 -0.4165 0.0355, -0.2707 -0.4261 0.0355, -0.2615 -0.4336 0.0355, -0.2508 -0.4386 0.0355, -0.2392 -0.4409 0.0355, -0.2274 -0.4401 0.0355, -0.2161 -0.4365 0.0355, -0.2061 -0.4301 0.0355, -0.198 -0.4215 0.0355, -0.1923 -0.4111 0.0355, -0.1893 -0.3996 0.0355, -0.1893 -0.3878 0.0355, -0.1923 -0.3763 0.0355, -0.198 -0.3659 0.0355, -0.2061 -0.3573 0.0355, -0.2161 -0.3509 0.0355, -0.2274 -0.3473 0.0355, -0.2392 -0.3465 0.0355, -0.2508 -0.3488 0.0355, -0.2615 -0.3538 0.0355, -0.2707 -0.3613 0.0355, -0.2776 -0.3709 0.0355, -0.282 -0.3819 0.0355, -0.2835 -0.3937 0.0355, -0.2771 -0.4042 0.0239, -0.2732 -0.414 0.0239, -0.267 -0.4226 0.0239, -0.2588 -0.4293 0.0239, -0.2493 -0.4338 0.0239, -0.2389 -0.4358 0.0239, -0.2283 -0.4352 0.0239, -0.2183 -0.4319 0.0239, -0.2093 -0.4262 0.0239, -0.2021 -0.4185 0.0239, -0.197 -0.4092 0.0239, -0.1944 -0.399 0.0239, -0.1944 -0.3884 0.0239, -0.197 -0.3782 0.0239, -0.2021 -0.3689 0.0239, -0.2093 -0.3612 0.0239, -0.2183 -0.3555 0.0239, -0.2283 -0.3522 0.0239, -0.2389 -0.3516 0.0239, -0.2493 -0.3536 0.0239, -0.2588 -0.3581 0.0239, -0.267 -0.3648 0.0239, -0.2732 -0.3734 0.0239, -0.2771 -0.3832 0.0239, -0.2784 -0.3937 0.0239, -0.2695 -0.4022 0.014, -0.2663 -0.4103 0.014, -0.2613 -0.4172 0.014, -0.2546 -0.4227 0.014, -0.2468 -0.4264 0.014, -0.2384 -0.428 0.014, -0.2298 -0.4275 0.014, -0.2216 -0.4248 0.014, -0.2143 -0.4202 0.014, -0.2084 -0.4139 0.014, -0.2043 -0.4063 0.014, -0.2021 -0.398 0.014, -0.2021 -0.3894 0.014, -0.2043 -0.3811 0.014, -0.2084 -0.3735 0.014, -0.2143 -0.3672 0.014, -0.2216 -0.3626 0.014, -0.2298 -0.3599 0.014, -0.2384 -0.3594 0.014, -0.2468 -0.361 0.014, -0.2546 -0.3647 0.014, -0.2613 -0.3702 0.014, -0.2663 -0.3771 0.014, -0.2695 -0.3852 0.014, -0.2706 -0.3937 0.014, -0.2597 -0.3997 0.0064, -0.2575 -0.4054 0.0064, -0.2539 -0.4103 0.0064, -0.2492 -0.4142 0.0064, -0.2437 -0.4168 0.0064, -0.2377 -0.4179 0.0064, -0.2317 -0.4175 0.0064, -0.2259 -0.4156 0.0064, -0.2208 -0.4124 0.0064, -0.2166 -0.408 0.0064, -0.2137 -0.4026 0.0064, -0.2122 -0.3967 0.0064, -0.2122 -0.3907 0.0064, -0.2137 -0.3848 0.0064, -0.2166 -0.3794 0.0064, -0.2208 -0.375 0.0064, -0.2259 -0.3718 0.0064, -0.2317 -0.3699 0.0064, -0.2377 -0.3695 0.0064, -0.2437 -0.3706 0.0064, -0.2492 -0.3732 0.0064, -0.2539 -0.3771 0.0064, -0.2575 -0.382 0.0064, -0.2597 -0.3877 0.0064, -0.2605 -0.3937 0.0064, -0.2472 -0.2423 0.0016, -0.2484 -0.2393 0.0016, -0.2362 -0.2362 0.0, -0.2454 -0.2448 0.0016, -0.2429 -0.2468 0.0016, -0.2401 -0.2481 0.0016, -0.237 -0.2487 0.0016, -0.2339 -0.2485 0.0016, -0.2309 -0.2476 0.0016, -0.2282 -0.2459 0.0016, -0.2261 -0.2436 0.0016, -0.2246 -0.2408 0.0016, -0.2238 -0.2378 0.0016, -0.2238 -0.2346 0.0016, -0.2246 -0.2316 0.0016, -0.2261 -0.2289 0.0016, -0.2282 -0.2266 0.0016, -0.2309 -0.2249 0.0016, -0.2339 -0.2239 0.0016, -0.237 -0.2237 0.0016, -0.2401 -0.2243 0.0016, -0.2429 -0.2256 0.0016, -0.2454 -0.2276 0.0016, -0.2472 -0.2302 0.0016, -0.2484 -0.2331 0.0016, -0.2488 -0.2362 0.0016, -0.2001 -0.2362 0.0827, -0.2004 -0.2407 0.0827, -0.1931 -0.2417 0.0724, -0.2027 -0.2495 0.0827, -0.1959 -0.2522 0.0724, -0.207 -0.2574 0.0827, -0.2011 -0.2617 0.0724, -0.2132 -0.264 0.0827, -0.2085 -0.2697 0.0724, -0.2209 -0.2689 0.0827, -0.2177 -0.2755 0.0724, -0.2295 -0.2717 0.0827, -0.2281 -0.2789 0.0724, -0.2385 -0.2722 0.0827, -0.2389 -0.2796 0.0724, -0.2474 -0.2705 0.0827, -0.2496 -0.2775 0.0724, -0.2556 -0.2667 0.0827, -0.2595 -0.2729 0.0724, -0.2625 -0.2609 0.0827, -0.2679 -0.2659 0.0724, -0.2678 -0.2536 0.0827, -0.2743 -0.2571 0.0724, -0.2712 -0.2452 0.0827, -0.2783 -0.247 0.0724, -0.2723 -0.2362 0.0827, -0.2796 -0.2362 0.0724, -0.2712 -0.2272 0.0827, -0.2783 -0.2254 0.0724, -0.2678 -0.2188 0.0827, -0.2743 -0.2153 0.0724, -0.2625 -0.2115 0.0827, -0.2679 -0.2065 0.0724, -0.2556 -0.2058 0.0827, -0.2595 -0.1996 0.0724, -0.2474 -0.2019 0.0827, -0.2496 -0.1949 0.0724, -0.2385 -0.2002 0.0827, -0.2389 -0.1929 0.0724, -0.2295 -0.2008 0.0827, -0.2281 -0.1936 0.0724, -0.2209 -0.2036 0.0827, -0.2177 -0.1969 0.0724, -0.2132 -0.2084 0.0827, -0.2085 -0.2028 0.0724, -0.207 -0.215 0.0827, -0.2011 -0.2107 0.0724, -0.2027 -0.2229 0.0827, -0.1959 -0.2202 0.0724, -0.2004 -0.2317 0.0827, -0.1931 -0.2308 0.0724, -0.2826 -0.2481 0.0606, -0.2782 -0.2593 0.0606, -0.2711 -0.269 0.0606, -0.2619 -0.2767 0.0606, -0.251 -0.2818 0.0606, -0.2392 -0.284 0.0606, -0.2272 -0.2833 0.0606, -0.2158 -0.2796 0.0606, -0.2057 -0.2731 0.0606, -0.1975 -0.2644 0.0606, -0.1917 -0.2538 0.0606, -0.1887 -0.2422 0.0606, -0.1887 -0.2302 0.0606, -0.1917 -0.2186 0.0606, -0.1975 -0.2081 0.0606, -0.2057 -0.1993 0.0606, -0.2158 -0.1929 0.0606, -0.2272 -0.1892 0.0606, -0.2392 -0.1884 0.0606, -0.251 -0.1907 0.0606, -0.2619 -0.1958 0.0606, -0.2711 -0.2034 0.0606, -0.2782 -0.2132 0.0606, -0.2826 -0.2243 0.0606, -0.2841 -0.2362 0.0606, -0.2839 -0.2485 0.048, -0.2793 -0.2599 0.048, -0.2721 -0.2699 0.048, -0.2626 -0.2778 0.048, -0.2514 -0.283 0.048, -0.2393 -0.2853 0.048, -0.227 -0.2845 0.048, -0.2153 -0.2807 0.048, -0.2049 -0.2741 0.048, -0.1964 -0.2651 0.048, -0.1905 -0.2543 0.048, -0.1874 -0.2424 0.048, -0.1874 -0.2301 0.048, -0.1905 -0.2181 0.048, -0.1964 -0.2073 0.048, -0.2049 -0.1983 0.048, -0.2153 -0.1917 0.048, -0.227 -0.1879 0.048, -0.2393 -0.1871 0.048, -0.2514 -0.1894 0.048, -0.2626 -0.1947 0.048, -0.2721 -0.2025 0.048, -0.2793 -0.2125 0.048, -0.2839 -0.224 0.048, -0.2854 -0.2362 0.048, -0.282 -0.248 0.0355, -0.2776 -0.259 0.0355, -0.2707 -0.2686 0.0355, -0.2615 -0.2761 0.0355, -0.2508 -0.2812 0.0355, -0.2392 -0.2834 0.0355, -0.2274 -0.2826 0.0355, -0.2161 -0.279 0.0355, -0.2061 -0.2726 0.0355, -0.198 -0.264 0.0355, -0.1923 -0.2536 0.0355, -0.1893 -0.2421 0.0355, -0.1893 -0.2303 0.0355, -0.1923 -0.2188 0.0355, -0.198 -0.2084 0.0355, -0.2061 -0.1998 0.0355, -0.2161 -0.1935 0.0355, -0.2274 -0.1898 0.0355, -0.2392 -0.1891 0.0355, -0.2508 -0.1913 0.0355, -0.2615 -0.1963 0.0355, -0.2707 -0.2039 0.0355, -0.2776 -0.2135 0.0355, -0.282 -0.2245 0.0355, -0.2835 -0.2362 0.0355, -0.2771 -0.2467 0.0239, -0.2732 -0.2566 0.0239, -0.267 -0.2651 0.0239, -0.2588 -0.2719 0.0239, -0.2493 -0.2764 0.0239, -0.2389 -0.2783 0.0239, -0.2283 -0.2777 0.0239, -0.2183 -0.2744 0.0239, -0.2093 -0.2687 0.0239, -0.2021 -0.261 0.0239, -0.197 -0.2518 0.0239, -0.1944 -0.2415 0.0239, -0.1944 -0.2309 0.0239, -0.197 -0.2207 0.0239, -0.2021 -0.2114 0.0239, -0.2093 -0.2037 0.0239, -0.2183 -0.198 0.0239, -0.2283 -0.1948 0.0239, -0.2389 -0.1941 0.0239, -0.2493 -0.1961 0.0239, -0.2588 -0.2006 0.0239, -0.267 -0.2073 0.0239, -0.2732 -0.2159 0.0239, -0.2771 -0.2257 0.0239, -0.2784 -0.2362 0.0239, -0.2695 -0.2448 0.014, -0.2663 -0.2528 0.014, -0.2613 -0.2597 0.014, -0.2546 -0.2652 0.014, -0.2468 -0.2689 0.014, -0.2384 -0.2705 0.014, -0.2298 -0.27 0.014, -0.2216 -0.2673 0.014, -0.2143 -0.2627 0.014, -0.2084 -0.2564 0.014, -0.2043 -0.2489 0.014, -0.2021 -0.2405 0.014, -0.2021 -0.2319 0.014, -0.2043 -0.2236 0.014, -0.2084 -0.216 0.014, -0.2143 -0.2097 0.014, -0.2216 -0.2051 0.014, -0.2298 -0.2025 0.014, -0.2384 -0.2019 0.014, -0.2468 -0.2035 0.014, -0.2546 -0.2072 0.014, -0.2613 -0.2127 0.014, -0.2663 -0.2197 0.014, -0.2695 -0.2277 0.014, -0.2706 -0.2362 0.014, -0.2597 -0.2423 0.0064, -0.2575 -0.2479 0.0064, -0.2539 -0.2528 0.0064, -0.2492 -0.2567 0.0064, -0.2437 -0.2593 0.0064, -0.2377 -0.2604 0.0064, -0.2317 -0.26 0.0064, -0.2259 -0.2582 0.0064, -0.2208 -0.2549 0.0064, -0.2166 -0.2505 0.0064, -0.2137 -0.2451 0.0064, -0.2122 -0.2393 0.0064, -0.2122 -0.2332 0.0064, -0.2137 -0.2273 0.0064, -0.2166 -0.222 0.0064, -0.2208 -0.2175 0.0064, -0.2259 -0.2143 0.0064, -0.2317 -0.2124 0.0064, -0.2377 -0.212 0.0064, -0.2437 -0.2132 0.0064, -0.2492 -0.2157 0.0064, -0.2539 -0.2196 0.0064, -0.2575 -0.2245 0.0064, -0.2597 -0.2302 0.0064, -0.2605 -0.2362 0.0064, -0.2472 -0.0848 0.0016, -0.2484 -0.0819 0.0016, -0.2362 -0.0787 0.0, -0.2454 -0.0873 0.0016, -0.2429 -0.0893 0.0016, -0.2401 -0.0907 0.0016, -0.237 -0.0913 0.0016, -0.2339 -0.0911 0.0016, -0.2309 -0.0901 0.0016, -0.2282 -0.0884 0.0016, -0.2261 -0.0861 0.0016, -0.2246 -0.0834 0.0016, -0.2238 -0.0803 0.0016, -0.2238 -0.0772 0.0016, -0.2246 -0.0741 0.0016, -0.2261 -0.0714 0.0016, -0.2282 -0.0691 0.0016, -0.2309 -0.0674 0.0016, -0.2339 -0.0664 0.0016, -0.237 -0.0662 0.0016, -0.2401 -0.0668 0.0016, -0.2429 -0.0682 0.0016, -0.2454 -0.0702 0.0016, -0.2472 -0.0727 0.0016, -0.2484 -0.0756 0.0016, -0.2488 -0.0787 0.0016, -0.2004 -0.0742 0.0827, -0.2001 -0.0787 0.0827, -0.1931 -0.0842 0.0724, -0.1931 -0.0733 0.0724, -0.1959 -0.0628 0.0724, -0.2027 -0.0655 0.0827, -0.2011 -0.0532 0.0724, -0.207 -0.0575 0.0827, -0.2085 -0.0453 0.0724, -0.2132 -0.0509 0.0827, -0.2177 -0.0395 0.0724, -0.2209 -0.0461 0.0827, -0.2281 -0.0361 0.0724, -0.2295 -0.0433 0.0827, -0.2389 -0.0354 0.0724, -0.2385 -0.0427 0.0827, -0.2496 -0.0374 0.0724, -0.2474 -0.0444 0.0827, -0.2595 -0.0421 0.0724, -0.2556 -0.0483 0.0827, -0.2679 -0.049 0.0724, -0.2625 -0.054 0.0827, -0.2743 -0.0578 0.0724, -0.2678 -0.0614 0.0827, -0.2783 -0.0679 0.0724, -0.2712 -0.0698 0.0827, -0.2796 -0.0787 0.0724, -0.2723 -0.0787 0.0827, -0.2783 -0.0895 0.0724, -0.2712 -0.0877 0.0827, -0.2743 -0.0997 0.0724, -0.2678 -0.0961 0.0827, -0.2679 -0.1085 0.0724, -0.2625 -0.1034 0.0827, -0.2595 -0.1154 0.0724, -0.2556 -0.1092 0.0827, -0.2496 -0.12 0.0724, -0.2474 -0.1131 0.0827, -0.2389 -0.1221 0.0724, -0.2385 -0.1148 0.0827, -0.2281 -0.1214 0.0724, -0.2295 -0.1142 0.0827, -0.2177 -0.118 0.0724, -0.2209 -0.1114 0.0827, -0.2085 -0.1122 0.0724, -0.2132 -0.1065 0.0827, -0.2011 -0.1043 0.0724, -0.207 -0.0999 0.0827, -0.1959 -0.0947 0.0724, -0.2027 -0.092 0.0827, -0.2004 -0.0833 0.0827, -0.2826 -0.0906 0.0606, -0.2782 -0.1018 0.0606, -0.2711 -0.1115 0.0606, -0.2619 -0.1192 0.0606, -0.251 -0.1243 0.0606, -0.2392 -0.1265 0.0606, -0.2272 -0.1258 0.0606, -0.2158 -0.1221 0.0606, -0.2057 -0.1156 0.0606, -0.1975 -0.1069 0.0606, -0.1917 -0.0964 0.0606, -0.1887 -0.0847 0.0606, -0.1887 -0.0727 0.0606, -0.1917 -0.0611 0.0606, -0.1975 -0.0506 0.0606, -0.2057 -0.0418 0.0606, -0.2158 -0.0354 0.0606, -0.2272 -0.0317 0.0606, -0.2392 -0.0309 0.0606, -0.251 -0.0332 0.0606, -0.2619 -0.0383 0.0606, -0.2711 -0.046 0.0606, -0.2782 -0.0557 0.0606, -0.2826 -0.0668 0.0606, -0.2841 -0.0787 0.0606, -0.2839 -0.091 0.048, -0.2793 -0.1024 0.048, -0.2721 -0.1124 0.048, -0.2626 -0.1203 0.048, -0.2514 -0.1255 0.048, -0.2393 -0.1278 0.048, -0.227 -0.1271 0.048, -0.2153 -0.1233 0.048, -0.2049 -0.1166 0.048, -0.1964 -0.1077 0.048, -0.1905 -0.0969 0.048, -0.1874 -0.0849 0.048, -0.1874 -0.0726 0.048, -0.1905 -0.0606 0.048, -0.1964 -0.0498 0.048, -0.2049 -0.0408 0.048, -0.2153 -0.0342 0.048, -0.227 -0.0304 0.048, -0.2393 -0.0296 0.048, -0.2514 -0.032 0.048, -0.2626 -0.0372 0.048, -0.2721 -0.0451 0.048, -0.2793 -0.055 0.048, -0.2839 -0.0665 0.048, -0.2854 -0.0787 0.048, -0.282 -0.0905 0.0355, -0.2776 -0.1015 0.0355, -0.2707 -0.1111 0.0355, -0.2615 -0.1186 0.0355, -0.2508 -0.1237 0.0355, -0.2392 -0.1259 0.0355, -0.2274 -0.1252 0.0355, -0.2161 -0.1215 0.0355, -0.2061 -0.1152 0.0355, -0.198 -0.1065 0.0355, -0.1923 -0.0961 0.0355, -0.1893 -0.0847 0.0355, -0.1893 -0.0728 0.0355, -0.1923 -0.0613 0.0355, -0.198 -0.051 0.0355, -0.2061 -0.0423 0.0355, -0.2161 -0.036 0.0355, -0.2274 -0.0323 0.0355, -0.2392 -0.0316 0.0355, -0.2508 -0.0338 0.0355, -0.2615 -0.0388 0.0355, -0.2707 -0.0464 0.0355, -0.2776 -0.056 0.0355, -0.282 -0.067 0.0355, -0.2835 -0.0787 0.0355, -0.2771 -0.0892 0.0239, -0.2732 -0.0991 0.0239, -0.267 -0.1076 0.0239, -0.2588 -0.1144 0.0239, -0.2493 -0.1189 0.0239, -0.2389 -0.1209 0.0239, -0.2283 -0.1202 0.0239, -0.2183 -0.1169 0.0239, -0.2093 -0.1113 0.0239, -0.2021 -0.1035 0.0239, -0.197 -0.0943 0.0239, -0.1944 -0.084 0.0239, -0.1944 -0.0735 0.0239, -0.197 -0.0632 0.0239, -0.2021 -0.0539 0.0239, -0.2093 -0.0462 0.0239, -0.2183 -0.0406 0.0239, -0.2283 -0.0373 0.0239, -0.2389 -0.0366 0.0239, -0.2493 -0.0386 0.0239, -0.2588 -0.0431 0.0239, -0.267 -0.0499 0.0239, -0.2732 -0.0584 0.0239, -0.2771 -0.0682 0.0239, -0.2784 -0.0787 0.0239, -0.2695 -0.0873 0.014, -0.2663 -0.0953 0.014, -0.2613 -0.1023 0.014, -0.2546 -0.1078 0.014, -0.2468 -0.1114 0.014, -0.2384 -0.113 0.014, -0.2298 -0.1125 0.014, -0.2216 -0.1098 0.014, -0.2143 -0.1052 0.014, -0.2084 -0.0989 0.014, -0.2043 -0.0914 0.014, -0.2021 -0.083 0.014, -0.2021 -0.0744 0.014, -0.2043 -0.0661 0.014, -0.2084 -0.0585 0.014, -0.2143 -0.0523 0.014, -0.2216 -0.0477 0.014, -0.2298 -0.045 0.014, -0.2384 -0.0444 0.014, -0.2468 -0.0461 0.014, -0.2546 -0.0497 0.014, -0.2613 -0.0552 0.014, -0.2663 -0.0622 0.014, -0.2695 -0.0702 0.014, -0.2706 -0.0787 0.014, -0.2597 -0.0848 0.0064, -0.2575 -0.0904 0.0064, -0.2539 -0.0953 0.0064, -0.2492 -0.0992 0.0064, -0.2437 -0.1018 0.0064, -0.2377 -0.1029 0.0064, -0.2317 -0.1026 0.0064, -0.2259 -0.1007 0.0064, -0.2208 -0.0974 0.0064, -0.2166 -0.093 0.0064, -0.2137 -0.0877 0.0064, -0.2122 -0.0818 0.0064, -0.2122 -0.0757 0.0064, -0.2137 -0.0698 0.0064, -0.2166 -0.0645 0.0064, -0.2208 -0.0601 0.0064, -0.2259 -0.0568 0.0064, -0.2317 -0.0549 0.0064, -0.2377 -0.0545 0.0064, -0.2437 -0.0557 0.0064, -0.2492 -0.0583 0.0064, -0.2539 -0.0621 0.0064, -0.2575 -0.0671 0.0064, -0.2597 -0.0727 0.0064, -0.2605 -0.0787 0.0064, -0.2472 0.0727 0.0016, -0.2484 0.0756 0.0016, -0.2362 0.0787 0.0, -0.2454 0.0702 0.0016, -0.2429 0.0682 0.0016, -0.2401 0.0668 0.0016, -0.237 0.0662 0.0016, -0.2339 0.0664 0.0016, -0.2309 0.0674 0.0016, -0.2282 0.0691 0.0016, -0.2261 0.0714 0.0016, -0.2246 0.0741 0.0016, -0.2238 0.0772 0.0016, -0.2238 0.0803 0.0016, -0.2246 0.0834 0.0016, -0.2261 0.0861 0.0016, -0.2282 0.0884 0.0016, -0.2309 0.0901 0.0016, -0.2339 0.0911 0.0016, -0.237 0.0913 0.0016, -0.2401 0.0907 0.0016, -0.2429 0.0893 0.0016, -0.2454 0.0873 0.0016, -0.2472 0.0848 0.0016, -0.2484 0.0819 0.0016, -0.2488 0.0787 0.0016, -0.2004 0.0833 0.0827, -0.2001 0.0787 0.0827, -0.1931 0.0733 0.0724, -0.1931 0.0842 0.0724, -0.1959 0.0947 0.0724, -0.2027 0.092 0.0827, -0.2011 0.1043 0.0724, -0.207 0.0999 0.0827, -0.2085 0.1122 0.0724, -0.2132 0.1065 0.0827, -0.2177 0.118 0.0724, -0.2209 0.1114 0.0827, -0.2281 0.1214 0.0724, -0.2295 0.1142 0.0827, -0.2389 0.1221 0.0724, -0.2385 0.1148 0.0827, -0.2496 0.12 0.0724, -0.2474 0.1131 0.0827, -0.2595 0.1154 0.0724, -0.2556 0.1092 0.0827, -0.2679 0.1085 0.0724, -0.2625 0.1034 0.0827, -0.2743 0.0997 0.0724, -0.2678 0.0961 0.0827, -0.2783 0.0895 0.0724, -0.2712 0.0877 0.0827, -0.2796 0.0787 0.0724, -0.2723 0.0787 0.0827, -0.2783 0.0679 0.0724, -0.2712 0.0698 0.0827, -0.2743 0.0578 0.0724, -0.2678 0.0614 0.0827, -0.2679 0.049 0.0724, -0.2625 0.054 0.0827, -0.2595 0.0421 0.0724, -0.2556 0.0483 0.0827, -0.2496 0.0374 0.0724, -0.2474 0.0444 0.0827, -0.2389 0.0354 0.0724, -0.2385 0.0427 0.0827, -0.2281 0.0361 0.0724, -0.2295 0.0433 0.0827, -0.2177 0.0395 0.0724, -0.2209 0.0461 0.0827, -0.2085 0.0453 0.0724, -0.2132 0.0509 0.0827, -0.2011 0.0532 0.0724, -0.207 0.0575 0.0827, -0.1959 0.0628 0.0724, -0.2027 0.0655 0.0827, -0.2004 0.0742 0.0827, -0.2826 0.0668 0.0606, -0.2782 0.0557 0.0606, -0.2711 0.046 0.0606, -0.2619 0.0383 0.0606, -0.251 0.0332 0.0606, -0.2392 0.0309 0.0606, -0.2272 0.0317 0.0606, -0.2158 0.0354 0.0606, -0.2057 0.0418 0.0606, -0.1975 0.0506 0.0606, -0.1917 0.0611 0.0606, -0.1887 0.0727 0.0606, -0.1887 0.0847 0.0606, -0.1917 0.0964 0.0606, -0.1975 0.1069 0.0606, -0.2057 0.1156 0.0606, -0.2158 0.1221 0.0606, -0.2272 0.1258 0.0606, -0.2392 0.1265 0.0606, -0.251 0.1243 0.0606, -0.2619 0.1192 0.0606, -0.2711 0.1115 0.0606, -0.2782 0.1018 0.0606, -0.2826 0.0906 0.0606, -0.2841 0.0787 0.0606, -0.2839 0.0665 0.048, -0.2793 0.055 0.048, -0.2721 0.0451 0.048, -0.2626 0.0372 0.048, -0.2514 0.032 0.048, -0.2393 0.0296 0.048, -0.227 0.0304 0.048, -0.2153 0.0342 0.048, -0.2049 0.0408 0.048, -0.1964 0.0498 0.048, -0.1905 0.0606 0.048, -0.1874 0.0726 0.048, -0.1874 0.0849 0.048, -0.1905 0.0969 0.048, -0.1964 0.1077 0.048, -0.2049 0.1166 0.048, -0.2153 0.1233 0.048, -0.227 0.1271 0.048, -0.2393 0.1278 0.048, -0.2514 0.1255 0.048, -0.2626 0.1203 0.048, -0.2721 0.1124 0.048, -0.2793 0.1024 0.048, -0.2839 0.091 0.048, -0.2854 0.0787 0.048, -0.282 0.067 0.0355, -0.2776 0.056 0.0355, -0.2707 0.0464 0.0355, -0.2615 0.0388 0.0355, -0.2508 0.0338 0.0355, -0.2392 0.0316 0.0355, -0.2274 0.0323 0.0355, -0.2161 0.036 0.0355, -0.2061 0.0423 0.0355, -0.198 0.051 0.0355, -0.1923 0.0613 0.0355, -0.1893 0.0728 0.0355, -0.1893 0.0847 0.0355, -0.1923 0.0961 0.0355, -0.198 0.1065 0.0355, -0.2061 0.1152 0.0355, -0.2161 0.1215 0.0355, -0.2274 0.1252 0.0355, -0.2392 0.1259 0.0355, -0.2508 0.1237 0.0355, -0.2615 0.1186 0.0355, -0.2707 0.1111 0.0355, -0.2776 0.1015 0.0355, -0.282 0.0905 0.0355, -0.2835 0.0787 0.0355, -0.2771 0.0682 0.0239, -0.2732 0.0584 0.0239, -0.267 0.0499 0.0239, -0.2588 0.0431 0.0239, -0.2493 0.0386 0.0239, -0.2389 0.0366 0.0239, -0.2283 0.0373 0.0239, -0.2183 0.0406 0.0239, -0.2093 0.0462 0.0239, -0.2021 0.0539 0.0239, -0.197 0.0632 0.0239, -0.1944 0.0735 0.0239, -0.1944 0.084 0.0239, -0.197 0.0943 0.0239, -0.2021 0.1035 0.0239, -0.2093 0.1113 0.0239, -0.2183 0.1169 0.0239, -0.2283 0.1202 0.0239, -0.2389 0.1209 0.0239, -0.2493 0.1189 0.0239, -0.2588 0.1144 0.0239, -0.267 0.1076 0.0239, -0.2732 0.0991 0.0239, -0.2771 0.0892 0.0239, -0.2784 0.0787 0.0239, -0.2695 0.0702 0.014, -0.2663 0.0622 0.014, -0.2613 0.0552 0.014, -0.2546 0.0497 0.014, -0.2468 0.0461 0.014, -0.2384 0.0444 0.014, -0.2298 0.045 0.014, -0.2216 0.0477 0.014, -0.2143 0.0523 0.014, -0.2084 0.0585 0.014, -0.2043 0.0661 0.014, -0.2021 0.0744 0.014, -0.2021 0.083 0.014, -0.2043 0.0914 0.014, -0.2084 0.0989 0.014, -0.2143 0.1052 0.014, -0.2216 0.1098 0.014, -0.2298 0.1125 0.014, -0.2384 0.113 0.014, -0.2468 0.1114 0.014, -0.2546 0.1078 0.014, -0.2613 0.1023 0.014, -0.2663 0.0953 0.014, -0.2695 0.0873 0.014, -0.2706 0.0787 0.014, -0.2597 0.0727 0.0064, -0.2575 0.0671 0.0064, -0.2539 0.0621 0.0064, -0.2492 0.0583 0.0064, -0.2437 0.0557 0.0064, -0.2377 0.0545 0.0064, -0.2317 0.0549 0.0064, -0.2259 0.0568 0.0064, -0.2208 0.0601 0.0064, -0.2166 0.0645 0.0064, -0.2137 0.0698 0.0064, -0.2122 0.0757 0.0064, -0.2122 0.0818 0.0064, -0.2137 0.0877 0.0064, -0.2166 0.093 0.0064, -0.2208 0.0974 0.0064, -0.2259 0.1007 0.0064, -0.2317 0.1026 0.0064, -0.2377 0.1029 0.0064, -0.2437 0.1018 0.0064, -0.2492 0.0992 0.0064, -0.2539 0.0953 0.0064, -0.2575 0.0904 0.0064, -0.2597 0.0848 0.0064, -0.2605 0.0787 0.0064, -0.2472 0.2302 0.0016, -0.2484 0.2331 0.0016, -0.2362 0.2362 0.0, -0.2454 0.2276 0.0016, -0.2429 0.2256 0.0016, -0.2401 0.2243 0.0016, -0.237 0.2237 0.0016, -0.2339 0.2239 0.0016, -0.2309 0.2249 0.0016, -0.2282 0.2266 0.0016, -0.2261 0.2289 0.0016, -0.2246 0.2316 0.0016, -0.2238 0.2346 0.0016, -0.2238 0.2378 0.0016, -0.2246 0.2408 0.0016, -0.2261 0.2436 0.0016, -0.2282 0.2459 0.0016, -0.2309 0.2476 0.0016, -0.2339 0.2485 0.0016, -0.237 0.2487 0.0016, -0.2401 0.2481 0.0016, -0.2429 0.2468 0.0016, -0.2454 0.2448 0.0016, -0.2472 0.2423 0.0016, -0.2484 0.2393 0.0016, -0.2488 0.2362 0.0016, -0.2001 0.2362 0.0827, -0.2004 0.2317 0.0827, -0.1931 0.2308 0.0724, -0.2027 0.2229 0.0827, -0.1959 0.2202 0.0724, -0.207 0.215 0.0827, -0.2011 0.2107 0.0724, -0.2132 0.2084 0.0827, -0.2085 0.2028 0.0724, -0.2209 0.2036 0.0827, -0.2177 0.1969 0.0724, -0.2295 0.2008 0.0827, -0.2281 0.1936 0.0724, -0.2385 0.2002 0.0827, -0.2389 0.1929 0.0724, -0.2474 0.2019 0.0827, -0.2496 0.1949 0.0724, -0.2556 0.2058 0.0827, -0.2595 0.1996 0.0724, -0.2625 0.2115 0.0827, -0.2679 0.2065 0.0724, -0.2678 0.2188 0.0827, -0.2743 0.2153 0.0724, -0.2712 0.2272 0.0827, -0.2783 0.2254 0.0724, -0.2723 0.2362 0.0827, -0.2796 0.2362 0.0724, -0.2712 0.2452 0.0827, -0.2783 0.247 0.0724, -0.2678 0.2536 0.0827, -0.2743 0.2571 0.0724, -0.2625 0.2609 0.0827, -0.2679 0.2659 0.0724, -0.2556 0.2667 0.0827, -0.2595 0.2729 0.0724, -0.2474 0.2705 0.0827, -0.2496 0.2775 0.0724, -0.2385 0.2722 0.0827, -0.2389 0.2796 0.0724, -0.2295 0.2717 0.0827, -0.2281 0.2789 0.0724, -0.2209 0.2689 0.0827, -0.2177 0.2755 0.0724, -0.2132 0.264 0.0827, -0.2085 0.2697 0.0724, -0.207 0.2574 0.0827, -0.2011 0.2617 0.0724, -0.2027 0.2495 0.0827, -0.1959 0.2522 0.0724, -0.2004 0.2407 0.0827, -0.1931 0.2417 0.0724, -0.2826 0.2243 0.0606, -0.2782 0.2132 0.0606, -0.2711 0.2034 0.0606, -0.2619 0.1958 0.0606, -0.251 0.1907 0.0606, -0.2392 0.1884 0.0606, -0.2272 0.1892 0.0606, -0.2158 0.1929 0.0606, -0.2057 0.1993 0.0606, -0.1975 0.2081 0.0606, -0.1917 0.2186 0.0606, -0.1887 0.2302 0.0606, -0.1887 0.2422 0.0606, -0.1917 0.2538 0.0606, -0.1975 0.2644 0.0606, -0.2057 0.2731 0.0606, -0.2158 0.2796 0.0606, -0.2272 0.2833 0.0606, -0.2392 0.284 0.0606, -0.251 0.2818 0.0606, -0.2619 0.2767 0.0606, -0.2711 0.269 0.0606, -0.2782 0.2593 0.0606, -0.2826 0.2481 0.0606, -0.2841 0.2362 0.0606, -0.2839 0.224 0.048, -0.2793 0.2125 0.048, -0.2721 0.2025 0.048, -0.2626 0.1947 0.048, -0.2514 0.1894 0.048, -0.2393 0.1871 0.048, -0.227 0.1879 0.048, -0.2153 0.1917 0.048, -0.2049 0.1983 0.048, -0.1964 0.2073 0.048, -0.1905 0.2181 0.048, -0.1874 0.2301 0.048, -0.1874 0.2424 0.048, -0.1905 0.2543 0.048, -0.1964 0.2651 0.048, -0.2049 0.2741 0.048, -0.2153 0.2807 0.048, -0.227 0.2845 0.048, -0.2393 0.2853 0.048, -0.2514 0.283 0.048, -0.2626 0.2778 0.048, -0.2721 0.2699 0.048, -0.2793 0.2599 0.048, -0.2839 0.2485 0.048, -0.2854 0.2362 0.048, -0.282 0.2245 0.0355, -0.2776 0.2135 0.0355, -0.2707 0.2039 0.0355, -0.2615 0.1963 0.0355, -0.2508 0.1913 0.0355, -0.2392 0.1891 0.0355, -0.2274 0.1898 0.0355, -0.2161 0.1935 0.0355, -0.2061 0.1998 0.0355, -0.198 0.2084 0.0355, -0.1923 0.2188 0.0355, -0.1893 0.2303 0.0355, -0.1893 0.2421 0.0355, -0.1923 0.2536 0.0355, -0.198 0.264 0.0355, -0.2061 0.2726 0.0355, -0.2161 0.279 0.0355, -0.2274 0.2826 0.0355, -0.2392 0.2834 0.0355, -0.2508 0.2812 0.0355, -0.2615 0.2761 0.0355, -0.2707 0.2686 0.0355, -0.2776 0.259 0.0355, -0.282 0.248 0.0355, -0.2835 0.2362 0.0355, -0.2771 0.2257 0.0239, -0.2732 0.2159 0.0239, -0.267 0.2073 0.0239, -0.2588 0.2006 0.0239, -0.2493 0.1961 0.0239, -0.2389 0.1941 0.0239, -0.2283 0.1948 0.0239, -0.2183 0.198 0.0239, -0.2093 0.2037 0.0239, -0.2021 0.2114 0.0239, -0.197 0.2207 0.0239, -0.1944 0.2309 0.0239, -0.1944 0.2415 0.0239, -0.197 0.2518 0.0239, -0.2021 0.261 0.0239, -0.2093 0.2687 0.0239, -0.2183 0.2744 0.0239, -0.2283 0.2777 0.0239, -0.2389 0.2783 0.0239, -0.2493 0.2764 0.0239, -0.2588 0.2719 0.0239, -0.267 0.2651 0.0239, -0.2732 0.2566 0.0239, -0.2771 0.2467 0.0239, -0.2784 0.2362 0.0239, -0.2695 0.2277 0.014, -0.2663 0.2197 0.014, -0.2613 0.2127 0.014, -0.2546 0.2072 0.014, -0.2468 0.2035 0.014, -0.2384 0.2019 0.014, -0.2298 0.2025 0.014, -0.2216 0.2051 0.014, -0.2143 0.2097 0.014, -0.2084 0.216 0.014, -0.2043 0.2236 0.014, -0.2021 0.2319 0.014, -0.2021 0.2405 0.014, -0.2043 0.2489 0.014, -0.2084 0.2564 0.014, -0.2143 0.2627 0.014, -0.2216 0.2673 0.014, -0.2298 0.27 0.014, -0.2384 0.2705 0.014, -0.2468 0.2689 0.014, -0.2546 0.2652 0.014, -0.2613 0.2597 0.014, -0.2663 0.2528 0.014, -0.2695 0.2448 0.014, -0.2706 0.2362 0.014, -0.2597 0.2302 0.0064, -0.2575 0.2245 0.0064, -0.2539 0.2196 0.0064, -0.2492 0.2157 0.0064, -0.2437 0.2132 0.0064, -0.2377 0.212 0.0064, -0.2317 0.2124 0.0064, -0.2259 0.2143 0.0064, -0.2208 0.2175 0.0064, -0.2166 0.222 0.0064, -0.2137 0.2273 0.0064, -0.2122 0.2332 0.0064, -0.2122 0.2393 0.0064, -0.2137 0.2451 0.0064, -0.2166 0.2505 0.0064, -0.2208 0.2549 0.0064, -0.2259 0.2582 0.0064, -0.2317 0.26 0.0064, -0.2377 0.2604 0.0064, -0.2437 0.2593 0.0064, -0.2492 0.2567 0.0064, -0.2539 0.2528 0.0064, -0.2575 0.2479 0.0064, -0.2597 0.2423 0.0064, -0.2605 0.2362 0.0064, -0.2472 0.3877 0.0016, -0.2484 0.3906 0.0016, -0.2362 0.3937 0.0, -0.2454 0.3851 0.0016, -0.2429 0.3831 0.0016, -0.2401 0.3818 0.0016, -0.237 0.3812 0.0016, -0.2339 0.3814 0.0016, -0.2309 0.3824 0.0016, -0.2282 0.384 0.0016, -0.2261 0.3863 0.0016, -0.2246 0.3891 0.0016, -0.2238 0.3921 0.0016, -0.2238 0.3953 0.0016, -0.2246 0.3983 0.0016, -0.2261 0.4011 0.0016, -0.2282 0.4034 0.0016, -0.2309 0.405 0.0016, -0.2339 0.406 0.0016, -0.237 0.4062 0.0016, -0.2401 0.4056 0.0016, -0.2429 0.4043 0.0016, -0.2454 0.4023 0.0016, -0.2472 0.3997 0.0016, -0.2484 0.3968 0.0016, -0.2488 0.3937 0.0016, -0.2001 0.3937 0.0827, -0.2004 0.3892 0.0827, -0.1931 0.3883 0.0724, -0.2027 0.3804 0.0827, -0.1959 0.3777 0.0724, -0.207 0.3725 0.0827, -0.2011 0.3682 0.0724, -0.2132 0.3659 0.0827, -0.2085 0.3602 0.0724, -0.2209 0.3611 0.0827, -0.2177 0.3544 0.0724, -0.2295 0.3583 0.0827, -0.2281 0.3511 0.0724, -0.2385 0.3577 0.0827, -0.2389 0.3504 0.0724, -0.2474 0.3594 0.0827, -0.2496 0.3524 0.0724, -0.2556 0.3632 0.0827, -0.2595 0.357 0.0724, -0.2625 0.369 0.0827, -0.2679 0.364 0.0724, -0.2678 0.3763 0.0827, -0.2743 0.3728 0.0724, -0.2712 0.3847 0.0827, -0.2783 0.3829 0.0724, -0.2723 0.3937 0.0827, -0.2796 0.3937 0.0724, -0.2712 0.4027 0.0827, -0.2783 0.4045 0.0724, -0.2678 0.4111 0.0827, -0.2743 0.4146 0.0724, -0.2625 0.4184 0.0827, -0.2679 0.4234 0.0724, -0.2556 0.4242 0.0827, -0.2595 0.4304 0.0724, -0.2474 0.428 0.0827, -0.2496 0.435 0.0724, -0.2385 0.4297 0.0827, -0.2389 0.437 0.0724, -0.2295 0.4291 0.0827, -0.2281 0.4364 0.0724, -0.2209 0.4264 0.0827, -0.2177 0.433 0.0724, -0.2132 0.4215 0.0827, -0.2085 0.4272 0.0724, -0.207 0.4149 0.0827, -0.2011 0.4192 0.0724, -0.2027 0.407 0.0827, -0.1959 0.4097 0.0724, -0.2004 0.3982 0.0827, -0.1931 0.3991 0.0724, -0.2826 0.3818 0.0606, -0.2782 0.3706 0.0606, -0.2711 0.3609 0.0606, -0.2619 0.3533 0.0606, -0.251 0.3482 0.0606, -0.2392 0.3459 0.0606, -0.2272 0.3467 0.0606, -0.2158 0.3504 0.0606, -0.2057 0.3568 0.0606, -0.1975 0.3656 0.0606, -0.1917 0.3761 0.0606, -0.1887 0.3877 0.0606, -0.1887 0.3997 0.0606, -0.1917 0.4113 0.0606, -0.1975 0.4218 0.0606, -0.2057 0.4306 0.0606, -0.2158 0.437 0.0606, -0.2272 0.4407 0.0606, -0.2392 0.4415 0.0606, -0.251 0.4392 0.0606, -0.2619 0.4341 0.0606, -0.2711 0.4265 0.0606, -0.2782 0.4168 0.0606, -0.2826 0.4056 0.0606, -0.2841 0.3937 0.0606, -0.2839 0.3815 0.048, -0.2793 0.37 0.048, -0.2721 0.36 0.048, -0.2626 0.3522 0.048, -0.2514 0.3469 0.048, -0.2393 0.3446 0.048, -0.227 0.3454 0.048, -0.2153 0.3492 0.048, -0.2049 0.3558 0.048, -0.1964 0.3648 0.048, -0.1905 0.3756 0.048, -0.1874 0.3875 0.048, -0.1874 0.3999 0.048, -0.1905 0.4118 0.048, -0.1964 0.4226 0.048, -0.2049 0.4316 0.048, -0.2153 0.4382 0.048, -0.227 0.442 0.048, -0.2393 0.4428 0.048, -0.2514 0.4405 0.048, -0.2626 0.4352 0.048, -0.2721 0.4274 0.048, -0.2793 0.4174 0.048, -0.2839 0.4059 0.048, -0.2854 0.3937 0.048, -0.282 0.3819 0.0355, -0.2776 0.3709 0.0355, -0.2707 0.3613 0.0355, -0.2615 0.3538 0.0355, -0.2508 0.3488 0.0355, -0.2392 0.3465 0.0355, -0.2274 0.3473 0.0355, -0.2161 0.3509 0.0355, -0.2061 0.3573 0.0355, -0.198 0.3659 0.0355, -0.1923 0.3763 0.0355, -0.1893 0.3878 0.0355, -0.1893 0.3996 0.0355, -0.1923 0.4111 0.0355, -0.198 0.4215 0.0355, -0.2061 0.4301 0.0355, -0.2161 0.4365 0.0355, -0.2274 0.4401 0.0355, -0.2392 0.4409 0.0355, -0.2508 0.4386 0.0355, -0.2615 0.4336 0.0355, -0.2707 0.4261 0.0355, -0.2776 0.4165 0.0355, -0.282 0.4055 0.0355, -0.2835 0.3937 0.0355, -0.2771 0.3832 0.0239, -0.2732 0.3734 0.0239, -0.267 0.3648 0.0239, -0.2588 0.3581 0.0239, -0.2493 0.3536 0.0239, -0.2389 0.3516 0.0239, -0.2283 0.3522 0.0239, -0.2183 0.3555 0.0239, -0.2093 0.3612 0.0239, -0.2021 0.3689 0.0239, -0.197 0.3782 0.0239, -0.1944 0.3884 0.0239, -0.1944 0.399 0.0239, -0.197 0.4092 0.0239, -0.2021 0.4185 0.0239, -0.2093 0.4262 0.0239, -0.2183 0.4319 0.0239, -0.2283 0.4352 0.0239, -0.2389 0.4358 0.0239, -0.2493 0.4338 0.0239, -0.2588 0.4293 0.0239, -0.267 0.4226 0.0239, -0.2732 0.414 0.0239, -0.2771 0.4042 0.0239, -0.2784 0.3937 0.0239, -0.2695 0.3852 0.014, -0.2663 0.3771 0.014, -0.2613 0.3702 0.014, -0.2546 0.3647 0.014, -0.2468 0.361 0.014, -0.2384 0.3594 0.014, -0.2298 0.3599 0.014, -0.2216 0.3626 0.014, -0.2143 0.3672 0.014, -0.2084 0.3735 0.014, -0.2043 0.3811 0.014, -0.2021 0.3894 0.014, -0.2021 0.398 0.014, -0.2043 0.4063 0.014, -0.2084 0.4139 0.014, -0.2143 0.4202 0.014, -0.2216 0.4248 0.014, -0.2298 0.4275 0.014, -0.2384 0.428 0.014, -0.2468 0.4264 0.014, -0.2546 0.4227 0.014, -0.2613 0.4172 0.014, -0.2663 0.4103 0.014, -0.2695 0.4022 0.014, -0.2706 0.3937 0.014, -0.2597 0.3877 0.0064, -0.2575 0.382 0.0064, -0.2539 0.3771 0.0064, -0.2492 0.3732 0.0064, -0.2437 0.3706 0.0064, -0.2377 0.3695 0.0064, -0.2317 0.3699 0.0064, -0.2259 0.3718 0.0064, -0.2208 0.375 0.0064, -0.2166 0.3794 0.0064, -0.2137 0.3848 0.0064, -0.2122 0.3907 0.0064, -0.2122 0.3967 0.0064, -0.2137 0.4026 0.0064, -0.2166 0.408 0.0064, -0.2208 0.4124 0.0064, -0.2259 0.4156 0.0064, -0.2317 0.4175 0.0064, -0.2377 0.4179 0.0064, -0.2437 0.4168 0.0064, -0.2492 0.4142 0.0064, -0.2539 0.4103 0.0064, -0.2575 0.4054 0.0064, -0.2597 0.3997 0.0064, -0.2605 0.3937 0.0064, -0.0897 -0.3997 0.0016, -0.0909 -0.3968 0.0016, -0.0787 -0.3937 0.0, -0.0879 -0.4023 0.0016, -0.0855 -0.4043 0.0016, -0.0826 -0.4056 0.0016, -0.0795 -0.4062 0.0016, -0.0764 -0.406 0.0016, -0.0734 -0.405 0.0016, -0.0707 -0.4034 0.0016, -0.0686 -0.4011 0.0016, -0.0671 -0.3983 0.0016, -0.0663 -0.3953 0.0016, -0.0663 -0.3921 0.0016, -0.0671 -0.3891 0.0016, -0.0686 -0.3863 0.0016, -0.0707 -0.384 0.0016, -0.0734 -0.3824 0.0016, -0.0764 -0.3814 0.0016, -0.0795 -0.3812 0.0016, -0.0826 -0.3818 0.0016, -0.0855 -0.3831 0.0016, -0.0879 -0.3851 0.0016, -0.0897 -0.3877 0.0016, -0.0909 -0.3906 0.0016, -0.0913 -0.3937 0.0016, -0.0427 -0.3937 0.0827, -0.0429 -0.3982 0.0827, -0.0357 -0.3991 0.0724, -0.0452 -0.407 0.0827, -0.0384 -0.4097 0.0724, -0.0495 -0.4149 0.0827, -0.0436 -0.4192 0.0724, -0.0557 -0.4215 0.0827, -0.0511 -0.4272 0.0724, -0.0634 -0.4264 0.0827, -0.0603 -0.433 0.0724, -0.072 -0.4291 0.0827, -0.0706 -0.4364 0.0724, -0.081 -0.4297 0.0827, -0.0815 -0.437 0.0724, -0.0899 -0.428 0.0827, -0.0922 -0.435 0.0724, -0.0981 -0.4242 0.0827, -0.102 -0.4304 0.0724, -0.105 -0.4184 0.0827, -0.1104 -0.4234 0.0724, -0.1104 -0.4111 0.0827, -0.1168 -0.4146 0.0724, -0.1137 -0.4027 0.0827, -0.1208 -0.4045 0.0724, -0.1148 -0.3937 0.0827, -0.1222 -0.3937 0.0724, -0.1137 -0.3847 0.0827, -0.1208 -0.3829 0.0724, -0.1104 -0.3763 0.0827, -0.1168 -0.3728 0.0724, -0.105 -0.369 0.0827, -0.1104 -0.364 0.0724, -0.0981 -0.3632 0.0827, -0.102 -0.357 0.0724, -0.0899 -0.3594 0.0827, -0.0922 -0.3524 0.0724, -0.081 -0.3577 0.0827, -0.0815 -0.3504 0.0724, -0.072 -0.3583 0.0827, -0.0706 -0.3511 0.0724, -0.0634 -0.3611 0.0827, -0.0603 -0.3544 0.0724, -0.0557 -0.3659 0.0827, -0.0511 -0.3602 0.0724, -0.0495 -0.3725 0.0827, -0.0436 -0.3682 0.0724, -0.0452 -0.3804 0.0827, -0.0384 -0.3777 0.0724, -0.0429 -0.3892 0.0827, -0.0357 -0.3883 0.0724, -0.1251 -0.4056 0.0606, -0.1207 -0.4168 0.0606, -0.1136 -0.4265 0.0606, -0.1044 -0.4341 0.0606, -0.0935 -0.4392 0.0606, -0.0817 -0.4415 0.0606, -0.0698 -0.4407 0.0606, -0.0584 -0.437 0.0606, -0.0482 -0.4306 0.0606, -0.04 -0.4218 0.0606, -0.0342 -0.4113 0.0606, -0.0312 -0.3997 0.0606, -0.0312 -0.3877 0.0606, -0.0342 -0.3761 0.0606, -0.04 -0.3656 0.0606, -0.0482 -0.3568 0.0606, -0.0584 -0.3504 0.0606, -0.0698 -0.3467 0.0606, -0.0817 -0.3459 0.0606, -0.0935 -0.3482 0.0606, -0.1044 -0.3533 0.0606, -0.1136 -0.3609 0.0606, -0.1207 -0.3706 0.0606, -0.1251 -0.3818 0.0606, -0.1266 -0.3937 0.0606, -0.1264 -0.4059 0.048, -0.1219 -0.4174 0.048, -0.1146 -0.4274 0.048, -0.1051 -0.4352 0.048, -0.0939 -0.4405 0.048, -0.0818 -0.4428 0.048, -0.0695 -0.442 0.048, -0.0578 -0.4382 0.048, -0.0474 -0.4316 0.048, -0.0389 -0.4226 0.048, -0.033 -0.4118 0.048, -0.0299 -0.3999 0.048, -0.0299 -0.3875 0.048, -0.033 -0.3756 0.048, -0.0389 -0.3648 0.048, -0.0474 -0.3558 0.048, -0.0578 -0.3492 0.048, -0.0695 -0.3454 0.048, -0.0818 -0.3446 0.048, -0.0939 -0.3469 0.048, -0.1051 -0.3522 0.048, -0.1146 -0.36 0.048, -0.1219 -0.37 0.048, -0.1264 -0.3815 0.048, -0.1279 -0.3937 0.048, -0.1245 -0.4055 0.0355, -0.1202 -0.4165 0.0355, -0.1132 -0.4261 0.0355, -0.1041 -0.4336 0.0355, -0.0933 -0.4386 0.0355, -0.0817 -0.4409 0.0355, -0.0699 -0.4401 0.0355, -0.0586 -0.4365 0.0355, -0.0486 -0.4301 0.0355, -0.0405 -0.4215 0.0355, -0.0348 -0.4111 0.0355, -0.0319 -0.3996 0.0355, -0.0319 -0.3878 0.0355, -0.0348 -0.3763 0.0355, -0.0405 -0.3659 0.0355, -0.0486 -0.3573 0.0355, -0.0586 -0.3509 0.0355, -0.0699 -0.3473 0.0355, -0.0817 -0.3465 0.0355, -0.0933 -0.3488 0.0355, -0.1041 -0.3538 0.0355, -0.1132 -0.3613 0.0355, -0.1202 -0.3709 0.0355, -0.1245 -0.3819 0.0355, -0.126 -0.3937 0.0355, -0.1196 -0.4042 0.0239, -0.1157 -0.414 0.0239, -0.1095 -0.4226 0.0239, -0.1014 -0.4293 0.0239, -0.0918 -0.4338 0.0239, -0.0814 -0.4358 0.0239, -0.0708 -0.4352 0.0239, -0.0608 -0.4319 0.0239, -0.0518 -0.4262 0.0239, -0.0446 -0.4185 0.0239, -0.0395 -0.4092 0.0239, -0.0369 -0.399 0.0239, -0.0369 -0.3884 0.0239, -0.0395 -0.3782 0.0239, -0.0446 -0.3689 0.0239, -0.0518 -0.3612 0.0239, -0.0608 -0.3555 0.0239, -0.0708 -0.3522 0.0239, -0.0814 -0.3516 0.0239, -0.0918 -0.3536 0.0239, -0.1014 -0.3581 0.0239, -0.1095 -0.3648 0.0239, -0.1157 -0.3734 0.0239, -0.1196 -0.3832 0.0239, -0.1209 -0.3937 0.0239, -0.112 -0.4022 0.014, -0.1088 -0.4103 0.014, -0.1038 -0.4172 0.014, -0.0972 -0.4227 0.014, -0.0894 -0.4264 0.014, -0.0809 -0.428 0.014, -0.0723 -0.4275 0.014, -0.0641 -0.4248 0.014, -0.0568 -0.4202 0.014, -0.0509 -0.4139 0.014, -0.0468 -0.4063 0.014, -0.0447 -0.398 0.014, -0.0447 -0.3894 0.014, -0.0468 -0.3811 0.014, -0.0509 -0.3735 0.014, -0.0568 -0.3672 0.014, -0.0641 -0.3626 0.014, -0.0723 -0.3599 0.014, -0.0809 -0.3594 0.014, -0.0894 -0.361 0.014, -0.0972 -0.3647 0.014, -0.1038 -0.3702 0.014, -0.1088 -0.3771 0.014, -0.112 -0.3852 0.014, -0.1131 -0.3937 0.014, -0.1022 -0.3997 0.0064, -0.1 -0.4054 0.0064, -0.0964 -0.4103 0.0064, -0.0917 -0.4142 0.0064, -0.0862 -0.4168 0.0064, -0.0803 -0.4179 0.0064, -0.0742 -0.4175 0.0064, -0.0684 -0.4156 0.0064, -0.0633 -0.4124 0.0064, -0.0591 -0.408 0.0064, -0.0562 -0.4026 0.0064, -0.0547 -0.3967 0.0064, -0.0547 -0.3907 0.0064, -0.0562 -0.3848 0.0064, -0.0591 -0.3794 0.0064, -0.0633 -0.375 0.0064, -0.0684 -0.3718 0.0064, -0.0742 -0.3699 0.0064, -0.0803 -0.3695 0.0064, -0.0862 -0.3706 0.0064, -0.0917 -0.3732 0.0064, -0.0964 -0.3771 0.0064, -0.1 -0.382 0.0064, -0.1022 -0.3877 0.0064, -0.103 -0.3937 0.0064, -0.0897 -0.2423 0.0016, -0.0909 -0.2393 0.0016, -0.0787 -0.2362 0.0, -0.0879 -0.2448 0.0016, -0.0855 -0.2468 0.0016, -0.0826 -0.2481 0.0016, -0.0795 -0.2487 0.0016, -0.0764 -0.2485 0.0016, -0.0734 -0.2476 0.0016, -0.0707 -0.2459 0.0016, -0.0686 -0.2436 0.0016, -0.0671 -0.2408 0.0016, -0.0663 -0.2378 0.0016, -0.0663 -0.2346 0.0016, -0.0671 -0.2316 0.0016, -0.0686 -0.2289 0.0016, -0.0707 -0.2266 0.0016, -0.0734 -0.2249 0.0016, -0.0764 -0.2239 0.0016, -0.0795 -0.2237 0.0016, -0.0826 -0.2243 0.0016, -0.0855 -0.2256 0.0016, -0.0879 -0.2276 0.0016, -0.0897 -0.2302 0.0016, -0.0909 -0.2331 0.0016, -0.0913 -0.2362 0.0016, -0.0427 -0.2362 0.0827, -0.0429 -0.2407 0.0827, -0.0357 -0.2417 0.0724, -0.0452 -0.2495 0.0827, -0.0384 -0.2522 0.0724, -0.0495 -0.2574 0.0827, -0.0436 -0.2617 0.0724, -0.0557 -0.264 0.0827, -0.0511 -0.2697 0.0724, -0.0634 -0.2689 0.0827, -0.0603 -0.2755 0.0724, -0.072 -0.2717 0.0827, -0.0706 -0.2789 0.0724, -0.081 -0.2722 0.0827, -0.0815 -0.2796 0.0724, -0.0899 -0.2705 0.0827, -0.0922 -0.2775 0.0724, -0.0981 -0.2667 0.0827, -0.102 -0.2729 0.0724, -0.105 -0.2609 0.0827, -0.1104 -0.2659 0.0724, -0.1104 -0.2536 0.0827, -0.1168 -0.2571 0.0724, -0.1137 -0.2452 0.0827, -0.1208 -0.247 0.0724, -0.1148 -0.2362 0.0827, -0.1222 -0.2362 0.0724, -0.1137 -0.2272 0.0827, -0.1208 -0.2254 0.0724, -0.1104 -0.2188 0.0827, -0.1168 -0.2153 0.0724, -0.105 -0.2115 0.0827, -0.1104 -0.2065 0.0724, -0.0981 -0.2058 0.0827, -0.102 -0.1996 0.0724, -0.0899 -0.2019 0.0827, -0.0922 -0.1949 0.0724, -0.081 -0.2002 0.0827, -0.0815 -0.1929 0.0724, -0.072 -0.2008 0.0827, -0.0706 -0.1936 0.0724, -0.0634 -0.2036 0.0827, -0.0603 -0.1969 0.0724, -0.0557 -0.2084 0.0827, -0.0511 -0.2028 0.0724, -0.0495 -0.215 0.0827, -0.0436 -0.2107 0.0724, -0.0452 -0.2229 0.0827, -0.0384 -0.2202 0.0724, -0.0429 -0.2317 0.0827, -0.0357 -0.2308 0.0724, -0.1251 -0.2481 0.0606, -0.1207 -0.2593 0.0606, -0.1136 -0.269 0.0606, -0.1044 -0.2767 0.0606, -0.0935 -0.2818 0.0606, -0.0817 -0.284 0.0606, -0.0698 -0.2833 0.0606, -0.0584 -0.2796 0.0606, -0.0482 -0.2731 0.0606, -0.04 -0.2644 0.0606, -0.0342 -0.2538 0.0606, -0.0312 -0.2422 0.0606, -0.0312 -0.2302 0.0606, -0.0342 -0.2186 0.0606, -0.04 -0.2081 0.0606, -0.0482 -0.1993 0.0606, -0.0584 -0.1929 0.0606, -0.0698 -0.1892 0.0606, -0.0817 -0.1884 0.0606, -0.0935 -0.1907 0.0606, -0.1044 -0.1958 0.0606, -0.1136 -0.2034 0.0606, -0.1207 -0.2132 0.0606, -0.1251 -0.2243 0.0606, -0.1266 -0.2362 0.0606, -0.1264 -0.2485 0.048, -0.1219 -0.2599 0.048, -0.1146 -0.2699 0.048, -0.1051 -0.2778 0.048, -0.0939 -0.283 0.048, -0.0818 -0.2853 0.048, -0.0695 -0.2845 0.048, -0.0578 -0.2807 0.048, -0.0474 -0.2741 0.048, -0.0389 -0.2651 0.048, -0.033 -0.2543 0.048, -0.0299 -0.2424 0.048, -0.0299 -0.2301 0.048, -0.033 -0.2181 0.048, -0.0389 -0.2073 0.048, -0.0474 -0.1983 0.048, -0.0578 -0.1917 0.048, -0.0695 -0.1879 0.048, -0.0818 -0.1871 0.048, -0.0939 -0.1894 0.048, -0.1051 -0.1947 0.048, -0.1146 -0.2025 0.048, -0.1219 -0.2125 0.048, -0.1264 -0.224 0.048, -0.1279 -0.2362 0.048, -0.1245 -0.248 0.0355, -0.1202 -0.259 0.0355, -0.1132 -0.2686 0.0355, -0.1041 -0.2761 0.0355, -0.0933 -0.2812 0.0355, -0.0817 -0.2834 0.0355, -0.0699 -0.2826 0.0355, -0.0586 -0.279 0.0355, -0.0486 -0.2726 0.0355, -0.0405 -0.264 0.0355, -0.0348 -0.2536 0.0355, -0.0319 -0.2421 0.0355, -0.0319 -0.2303 0.0355, -0.0348 -0.2188 0.0355, -0.0405 -0.2084 0.0355, -0.0486 -0.1998 0.0355, -0.0586 -0.1935 0.0355, -0.0699 -0.1898 0.0355, -0.0817 -0.1891 0.0355, -0.0933 -0.1913 0.0355, -0.1041 -0.1963 0.0355, -0.1132 -0.2039 0.0355, -0.1202 -0.2135 0.0355, -0.1245 -0.2245 0.0355, -0.126 -0.2362 0.0355, -0.1196 -0.2467 0.0239, -0.1157 -0.2566 0.0239, -0.1095 -0.2651 0.0239, -0.1014 -0.2719 0.0239, -0.0918 -0.2764 0.0239, -0.0814 -0.2783 0.0239, -0.0708 -0.2777 0.0239, -0.0608 -0.2744 0.0239, -0.0518 -0.2687 0.0239, -0.0446 -0.261 0.0239, -0.0395 -0.2518 0.0239, -0.0369 -0.2415 0.0239, -0.0369 -0.2309 0.0239, -0.0395 -0.2207 0.0239, -0.0446 -0.2114 0.0239, -0.0518 -0.2037 0.0239, -0.0608 -0.198 0.0239, -0.0708 -0.1948 0.0239, -0.0814 -0.1941 0.0239, -0.0918 -0.1961 0.0239, -0.1014 -0.2006 0.0239, -0.1095 -0.2073 0.0239, -0.1157 -0.2159 0.0239, -0.1196 -0.2257 0.0239, -0.1209 -0.2362 0.0239, -0.112 -0.2448 0.014, -0.1088 -0.2528 0.014, -0.1038 -0.2597 0.014, -0.0972 -0.2652 0.014, -0.0894 -0.2689 0.014, -0.0809 -0.2705 0.014, -0.0723 -0.27 0.014, -0.0641 -0.2673 0.014, -0.0568 -0.2627 0.014, -0.0509 -0.2564 0.014, -0.0468 -0.2489 0.014, -0.0447 -0.2405 0.014, -0.0447 -0.2319 0.014, -0.0468 -0.2236 0.014, -0.0509 -0.216 0.014, -0.0568 -0.2097 0.014, -0.0641 -0.2051 0.014, -0.0723 -0.2025 0.014, -0.0809 -0.2019 0.014, -0.0894 -0.2035 0.014, -0.0972 -0.2072 0.014, -0.1038 -0.2127 0.014, -0.1088 -0.2197 0.014, -0.112 -0.2277 0.014, -0.1131 -0.2362 0.014, -0.1022 -0.2423 0.0064, -0.1 -0.2479 0.0064, -0.0964 -0.2528 0.0064, -0.0917 -0.2567 0.0064, -0.0862 -0.2593 0.0064, -0.0803 -0.2604 0.0064, -0.0742 -0.26 0.0064, -0.0684 -0.2582 0.0064, -0.0633 -0.2549 0.0064, -0.0591 -0.2505 0.0064, -0.0562 -0.2451 0.0064, -0.0547 -0.2393 0.0064, -0.0547 -0.2332 0.0064, -0.0562 -0.2273 0.0064, -0.0591 -0.222 0.0064, -0.0633 -0.2175 0.0064, -0.0684 -0.2143 0.0064, -0.0742 -0.2124 0.0064, -0.0803 -0.212 0.0064, -0.0862 -0.2132 0.0064, -0.0917 -0.2157 0.0064, -0.0964 -0.2196 0.0064, -0.1 -0.2245 0.0064, -0.1022 -0.2302 0.0064, -0.103 -0.2362 0.0064, -0.0897 -0.0848 0.0016, -0.0909 -0.0819 0.0016, -0.0787 -0.0787 0.0, -0.0879 -0.0873 0.0016, -0.0855 -0.0893 0.0016, -0.0826 -0.0907 0.0016, -0.0795 -0.0913 0.0016, -0.0764 -0.0911 0.0016, -0.0734 -0.0901 0.0016, -0.0707 -0.0884 0.0016, -0.0686 -0.0861 0.0016, -0.0671 -0.0834 0.0016, -0.0663 -0.0803 0.0016, -0.0663 -0.0772 0.0016, -0.0671 -0.0741 0.0016, -0.0686 -0.0714 0.0016, -0.0707 -0.0691 0.0016, -0.0734 -0.0674 0.0016, -0.0764 -0.0664 0.0016, -0.0795 -0.0662 0.0016, -0.0826 -0.0668 0.0016, -0.0855 -0.0682 0.0016, -0.0879 -0.0702 0.0016, -0.0897 -0.0727 0.0016, -0.0909 -0.0756 0.0016, -0.0913 -0.0787 0.0016, -0.0429 -0.0742 0.0827, -0.0427 -0.0787 0.0827, -0.0357 -0.0842 0.0724, -0.0357 -0.0733 0.0724, -0.0384 -0.0628 0.0724, -0.0452 -0.0655 0.0827, -0.0436 -0.0532 0.0724, -0.0495 -0.0575 0.0827, -0.0511 -0.0453 0.0724, -0.0557 -0.0509 0.0827, -0.0603 -0.0395 0.0724, -0.0634 -0.0461 0.0827, -0.0706 -0.0361 0.0724, -0.072 -0.0433 0.0827, -0.0815 -0.0354 0.0724, -0.081 -0.0427 0.0827, -0.0922 -0.0374 0.0724, -0.0899 -0.0444 0.0827, -0.102 -0.0421 0.0724, -0.0981 -0.0483 0.0827, -0.1104 -0.049 0.0724, -0.105 -0.054 0.0827, -0.1168 -0.0578 0.0724, -0.1104 -0.0614 0.0827, -0.1208 -0.0679 0.0724, -0.1137 -0.0698 0.0827, -0.1222 -0.0787 0.0724, -0.1148 -0.0787 0.0827, -0.1208 -0.0895 0.0724, -0.1137 -0.0877 0.0827, -0.1168 -0.0997 0.0724, -0.1104 -0.0961 0.0827, -0.1104 -0.1085 0.0724, -0.105 -0.1034 0.0827, -0.102 -0.1154 0.0724, -0.0981 -0.1092 0.0827, -0.0922 -0.12 0.0724, -0.0899 -0.1131 0.0827, -0.0815 -0.1221 0.0724, -0.081 -0.1148 0.0827, -0.0706 -0.1214 0.0724, -0.072 -0.1142 0.0827, -0.0603 -0.118 0.0724, -0.0634 -0.1114 0.0827, -0.0511 -0.1122 0.0724, -0.0557 -0.1065 0.0827, -0.0436 -0.1043 0.0724, -0.0495 -0.0999 0.0827, -0.0384 -0.0947 0.0724, -0.0452 -0.092 0.0827, -0.0429 -0.0833 0.0827, -0.1251 -0.0906 0.0606, -0.1207 -0.1018 0.0606, -0.1136 -0.1115 0.0606, -0.1044 -0.1192 0.0606, -0.0935 -0.1243 0.0606, -0.0817 -0.1265 0.0606, -0.0698 -0.1258 0.0606, -0.0584 -0.1221 0.0606, -0.0482 -0.1156 0.0606, -0.04 -0.1069 0.0606, -0.0342 -0.0964 0.0606, -0.0312 -0.0847 0.0606, -0.0312 -0.0727 0.0606, -0.0342 -0.0611 0.0606, -0.04 -0.0506 0.0606, -0.0482 -0.0418 0.0606, -0.0584 -0.0354 0.0606, -0.0698 -0.0317 0.0606, -0.0817 -0.0309 0.0606, -0.0935 -0.0332 0.0606, -0.1044 -0.0383 0.0606, -0.1136 -0.046 0.0606, -0.1207 -0.0557 0.0606, -0.1251 -0.0668 0.0606, -0.1266 -0.0787 0.0606, -0.1264 -0.091 0.048, -0.1219 -0.1024 0.048, -0.1146 -0.1124 0.048, -0.1051 -0.1203 0.048, -0.0939 -0.1255 0.048, -0.0818 -0.1278 0.048, -0.0695 -0.1271 0.048, -0.0578 -0.1233 0.048, -0.0474 -0.1166 0.048, -0.0389 -0.1077 0.048, -0.033 -0.0969 0.048, -0.0299 -0.0849 0.048, -0.0299 -0.0726 0.048, -0.033 -0.0606 0.048, -0.0389 -0.0498 0.048, -0.0474 -0.0408 0.048, -0.0578 -0.0342 0.048, -0.0695 -0.0304 0.048, -0.0818 -0.0296 0.048, -0.0939 -0.032 0.048, -0.1051 -0.0372 0.048, -0.1146 -0.0451 0.048, -0.1219 -0.055 0.048, -0.1264 -0.0665 0.048, -0.1279 -0.0787 0.048, -0.1245 -0.0905 0.0355, -0.1202 -0.1015 0.0355, -0.1132 -0.1111 0.0355, -0.1041 -0.1186 0.0355, -0.0933 -0.1237 0.0355, -0.0817 -0.1259 0.0355, -0.0699 -0.1252 0.0355, -0.0586 -0.1215 0.0355, -0.0486 -0.1152 0.0355, -0.0405 -0.1065 0.0355, -0.0348 -0.0961 0.0355, -0.0319 -0.0847 0.0355, -0.0319 -0.0728 0.0355, -0.0348 -0.0613 0.0355, -0.0405 -0.051 0.0355, -0.0486 -0.0423 0.0355, -0.0586 -0.036 0.0355, -0.0699 -0.0323 0.0355, -0.0817 -0.0316 0.0355, -0.0933 -0.0338 0.0355, -0.1041 -0.0388 0.0355, -0.1132 -0.0464 0.0355, -0.1202 -0.056 0.0355, -0.1245 -0.067 0.0355, -0.126 -0.0787 0.0355, -0.1196 -0.0892 0.0239, -0.1157 -0.0991 0.0239, -0.1095 -0.1076 0.0239, -0.1014 -0.1144 0.0239, -0.0918 -0.1189 0.0239, -0.0814 -0.1209 0.0239, -0.0708 -0.1202 0.0239, -0.0608 -0.1169 0.0239, -0.0518 -0.1113 0.0239, -0.0446 -0.1035 0.0239, -0.0395 -0.0943 0.0239, -0.0369 -0.084 0.0239, -0.0369 -0.0735 0.0239, -0.0395 -0.0632 0.0239, -0.0446 -0.0539 0.0239, -0.0518 -0.0462 0.0239, -0.0608 -0.0406 0.0239, -0.0708 -0.0373 0.0239, -0.0814 -0.0366 0.0239, -0.0918 -0.0386 0.0239, -0.1014 -0.0431 0.0239, -0.1095 -0.0499 0.0239, -0.1157 -0.0584 0.0239, -0.1196 -0.0682 0.0239, -0.1209 -0.0787 0.0239, -0.112 -0.0873 0.014, -0.1088 -0.0953 0.014, -0.1038 -0.1023 0.014, -0.0972 -0.1078 0.014, -0.0894 -0.1114 0.014, -0.0809 -0.113 0.014, -0.0723 -0.1125 0.014, -0.0641 -0.1098 0.014, -0.0568 -0.1052 0.014, -0.0509 -0.0989 0.014, -0.0468 -0.0914 0.014, -0.0447 -0.083 0.014, -0.0447 -0.0744 0.014, -0.0468 -0.0661 0.014, -0.0509 -0.0585 0.014, -0.0568 -0.0523 0.014, -0.0641 -0.0477 0.014, -0.0723 -0.045 0.014, -0.0809 -0.0444 0.014, -0.0894 -0.0461 0.014, -0.0972 -0.0497 0.014, -0.1038 -0.0552 0.014, -0.1088 -0.0622 0.014, -0.112 -0.0702 0.014, -0.1131 -0.0787 0.014, -0.1022 -0.0848 0.0064, -0.1 -0.0904 0.0064, -0.0964 -0.0953 0.0064, -0.0917 -0.0992 0.0064, -0.0862 -0.1018 0.0064, -0.0803 -0.1029 0.0064, -0.0742 -0.1026 0.0064, -0.0684 -0.1007 0.0064, -0.0633 -0.0974 0.0064, -0.0591 -0.093 0.0064, -0.0562 -0.0877 0.0064, -0.0547 -0.0818 0.0064, -0.0547 -0.0757 0.0064, -0.0562 -0.0698 0.0064, -0.0591 -0.0645 0.0064, -0.0633 -0.0601 0.0064, -0.0684 -0.0568 0.0064, -0.0742 -0.0549 0.0064, -0.0803 -0.0545 0.0064, -0.0862 -0.0557 0.0064, -0.0917 -0.0583 0.0064, -0.0964 -0.0621 0.0064, -0.1 -0.0671 0.0064, -0.1022 -0.0727 0.0064, -0.103 -0.0787 0.0064, -0.0897 0.0727 0.0016, -0.0909 0.0756 0.0016, -0.0787 0.0787 0.0, -0.0879 0.0702 0.0016, -0.0855 0.0682 0.0016, -0.0826 0.0668 0.0016, -0.0795 0.0662 0.0016, -0.0764 0.0664 0.0016, -0.0734 0.0674 0.0016, -0.0707 0.0691 0.0016, -0.0686 0.0714 0.0016, -0.0671 0.0741 0.0016, -0.0663 0.0772 0.0016, -0.0663 0.0803 0.0016, -0.0671 0.0834 0.0016, -0.0686 0.0861 0.0016, -0.0707 0.0884 0.0016, -0.0734 0.0901 0.0016, -0.0764 0.0911 0.0016, -0.0795 0.0913 0.0016, -0.0826 0.0907 0.0016, -0.0855 0.0893 0.0016, -0.0879 0.0873 0.0016, -0.0897 0.0848 0.0016, -0.0909 0.0819 0.0016, -0.0913 0.0787 0.0016, -0.0429 0.0833 0.0827, -0.0427 0.0787 0.0827, -0.0357 0.0733 0.0724, -0.0357 0.0842 0.0724, -0.0384 0.0947 0.0724, -0.0452 0.092 0.0827, -0.0436 0.1043 0.0724, -0.0495 0.0999 0.0827, -0.0511 0.1122 0.0724, -0.0557 0.1065 0.0827, -0.0603 0.118 0.0724, -0.0634 0.1114 0.0827, -0.0706 0.1214 0.0724, -0.072 0.1142 0.0827, -0.0815 0.1221 0.0724, -0.081 0.1148 0.0827, -0.0922 0.12 0.0724, -0.0899 0.1131 0.0827, -0.102 0.1154 0.0724, -0.0981 0.1092 0.0827, -0.1104 0.1085 0.0724, -0.105 0.1034 0.0827, -0.1168 0.0997 0.0724, -0.1104 0.0961 0.0827, -0.1208 0.0895 0.0724, -0.1137 0.0877 0.0827, -0.1222 0.0787 0.0724, -0.1148 0.0787 0.0827, -0.1208 0.0679 0.0724, -0.1137 0.0698 0.0827, -0.1168 0.0578 0.0724, -0.1104 0.0614 0.0827, -0.1104 0.049 0.0724, -0.105 0.054 0.0827, -0.102 0.0421 0.0724, -0.0981 0.0483 0.0827, -0.0922 0.0374 0.0724, -0.0899 0.0444 0.0827, -0.0815 0.0354 0.0724, -0.081 0.0427 0.0827, -0.0706 0.0361 0.0724, -0.072 0.0433 0.0827, -0.0603 0.0395 0.0724, -0.0634 0.0461 0.0827, -0.0511 0.0453 0.0724, -0.0557 0.0509 0.0827, -0.0436 0.0532 0.0724, -0.0495 0.0575 0.0827, -0.0384 0.0628 0.0724, -0.0452 0.0655 0.0827, -0.0429 0.0742 0.0827, -0.1251 0.0668 0.0606, -0.1207 0.0557 0.0606, -0.1136 0.046 0.0606, -0.1044 0.0383 0.0606, -0.0935 0.0332 0.0606, -0.0817 0.0309 0.0606, -0.0698 0.0317 0.0606, -0.0584 0.0354 0.0606, -0.0482 0.0418 0.0606, -0.04 0.0506 0.0606, -0.0342 0.0611 0.0606, -0.0312 0.0727 0.0606, -0.0312 0.0847 0.0606, -0.0342 0.0964 0.0606, -0.04 0.1069 0.0606, -0.0482 0.1156 0.0606, -0.0584 0.1221 0.0606, -0.0698 0.1258 0.0606, -0.0817 0.1265 0.0606, -0.0935 0.1243 0.0606, -0.1044 0.1192 0.0606, -0.1136 0.1115 0.0606, -0.1207 0.1018 0.0606, -0.1251 0.0906 0.0606, -0.1266 0.0787 0.0606, -0.1264 0.0665 0.048, -0.1219 0.055 0.048, -0.1146 0.0451 0.048, -0.1051 0.0372 0.048, -0.0939 0.032 0.048, -0.0818 0.0296 0.048, -0.0695 0.0304 0.048, -0.0578 0.0342 0.048, -0.0474 0.0408 0.048, -0.0389 0.0498 0.048, -0.033 0.0606 0.048, -0.0299 0.0726 0.048, -0.0299 0.0849 0.048, -0.033 0.0969 0.048, -0.0389 0.1077 0.048, -0.0474 0.1166 0.048, -0.0578 0.1233 0.048, -0.0695 0.1271 0.048, -0.0818 0.1278 0.048, -0.0939 0.1255 0.048, -0.1051 0.1203 0.048, -0.1146 0.1124 0.048, -0.1219 0.1024 0.048, -0.1264 0.091 0.048, -0.1279 0.0787 0.048, -0.1245 0.067 0.0355, -0.1202 0.056 0.0355, -0.1132 0.0464 0.0355, -0.1041 0.0388 0.0355, -0.0933 0.0338 0.0355, -0.0817 0.0316 0.0355, -0.0699 0.0323 0.0355, -0.0586 0.036 0.0355, -0.0486 0.0423 0.0355, -0.0405 0.051 0.0355, -0.0348 0.0613 0.0355, -0.0319 0.0728 0.0355, -0.0319 0.0847 0.0355, -0.0348 0.0961 0.0355, -0.0405 0.1065 0.0355, -0.0486 0.1152 0.0355, -0.0586 0.1215 0.0355, -0.0699 0.1252 0.0355, -0.0817 0.1259 0.0355, -0.0933 0.1237 0.0355, -0.1041 0.1186 0.0355, -0.1132 0.1111 0.0355, -0.1202 0.1015 0.0355, -0.1245 0.0905 0.0355, -0.126 0.0787 0.0355, -0.1196 0.0682 0.0239, -0.1157 0.0584 0.0239, -0.1095 0.0499 0.0239, -0.1014 0.0431 0.0239, -0.0918 0.0386 0.0239, -0.0814 0.0366 0.0239, -0.0708 0.0373 0.0239, -0.0608 0.0406 0.0239, -0.0518 0.0462 0.0239, -0.0446 0.0539 0.0239, -0.0395 0.0632 0.0239, -0.0369 0.0735 0.0239, -0.0369 0.084 0.0239, -0.0395 0.0943 0.0239, -0.0446 0.1035 0.0239, -0.0518 0.1113 0.0239, -0.0608 0.1169 0.0239, -0.0708 0.1202 0.0239, -0.0814 0.1209 0.0239, -0.0918 0.1189 0.0239, -0.1014 0.1144 0.0239, -0.1095 0.1076 0.0239, -0.1157 0.0991 0.0239, -0.1196 0.0892 0.0239, -0.1209 0.0787 0.0239, -0.112 0.0702 0.014, -0.1088 0.0622 0.014, -0.1038 0.0552 0.014, -0.0972 0.0497 0.014, -0.0894 0.0461 0.014, -0.0809 0.0444 0.014, -0.0723 0.045 0.014, -0.0641 0.0477 0.014, -0.0568 0.0523 0.014, -0.0509 0.0585 0.014, -0.0468 0.0661 0.014, -0.0447 0.0744 0.014, -0.0447 0.083 0.014, -0.0468 0.0914 0.014, -0.0509 0.0989 0.014, -0.0568 0.1052 0.014, -0.0641 0.1098 0.014, -0.0723 0.1125 0.014, -0.0809 0.113 0.014, -0.0894 0.1114 0.014, -0.0972 0.1078 0.014, -0.1038 0.1023 0.014, -0.1088 0.0953 0.014, -0.112 0.0873 0.014, -0.1131 0.0787 0.014, -0.1022 0.0727 0.0064, -0.1 0.0671 0.0064, -0.0964 0.0621 0.0064, -0.0917 0.0583 0.0064, -0.0862 0.0557 0.0064, -0.0803 0.0545 0.0064, -0.0742 0.0549 0.0064, -0.0684 0.0568 0.0064, -0.0633 0.0601 0.0064, -0.0591 0.0645 0.0064, -0.0562 0.0698 0.0064, -0.0547 0.0757 0.0064, -0.0547 0.0818 0.0064, -0.0562 0.0877 0.0064, -0.0591 0.093 0.0064, -0.0633 0.0974 0.0064, -0.0684 0.1007 0.0064, -0.0742 0.1026 0.0064, -0.0803 0.1029 0.0064, -0.0862 0.1018 0.0064, -0.0917 0.0992 0.0064, -0.0964 0.0953 0.0064, -0.1 0.0904 0.0064, -0.1022 0.0848 0.0064, -0.103 0.0787 0.0064, -0.0897 0.2302 0.0016, -0.0909 0.2331 0.0016, -0.0787 0.2362 0.0, -0.0879 0.2276 0.0016, -0.0855 0.2256 0.0016, -0.0826 0.2243 0.0016, -0.0795 0.2237 0.0016, -0.0764 0.2239 0.0016, -0.0734 0.2249 0.0016, -0.0707 0.2266 0.0016, -0.0686 0.2289 0.0016, -0.0671 0.2316 0.0016, -0.0663 0.2346 0.0016, -0.0663 0.2378 0.0016, -0.0671 0.2408 0.0016, -0.0686 0.2436 0.0016, -0.0707 0.2459 0.0016, -0.0734 0.2476 0.0016, -0.0764 0.2485 0.0016, -0.0795 0.2487 0.0016, -0.0826 0.2481 0.0016, -0.0855 0.2468 0.0016, -0.0879 0.2448 0.0016, -0.0897 0.2423 0.0016, -0.0909 0.2393 0.0016, -0.0913 0.2362 0.0016, -0.0427 0.2362 0.0827, -0.0429 0.2317 0.0827, -0.0357 0.2308 0.0724, -0.0452 0.2229 0.0827, -0.0384 0.2202 0.0724, -0.0495 0.215 0.0827, -0.0436 0.2107 0.0724, -0.0557 0.2084 0.0827, -0.0511 0.2028 0.0724, -0.0634 0.2036 0.0827, -0.0603 0.1969 0.0724, -0.072 0.2008 0.0827, -0.0706 0.1936 0.0724, -0.081 0.2002 0.0827, -0.0815 0.1929 0.0724, -0.0899 0.2019 0.0827, -0.0922 0.1949 0.0724, -0.0981 0.2058 0.0827, -0.102 0.1996 0.0724, -0.105 0.2115 0.0827, -0.1104 0.2065 0.0724, -0.1104 0.2188 0.0827, -0.1168 0.2153 0.0724, -0.1137 0.2272 0.0827, -0.1208 0.2254 0.0724, -0.1148 0.2362 0.0827, -0.1222 0.2362 0.0724, -0.1137 0.2452 0.0827, -0.1208 0.247 0.0724, -0.1104 0.2536 0.0827, -0.1168 0.2571 0.0724, -0.105 0.2609 0.0827, -0.1104 0.2659 0.0724, -0.0981 0.2667 0.0827, -0.102 0.2729 0.0724, -0.0899 0.2705 0.0827, -0.0922 0.2775 0.0724, -0.081 0.2722 0.0827, -0.0815 0.2796 0.0724, -0.072 0.2717 0.0827, -0.0706 0.2789 0.0724, -0.0634 0.2689 0.0827, -0.0603 0.2755 0.0724, -0.0557 0.264 0.0827, -0.0511 0.2697 0.0724, -0.0495 0.2574 0.0827, -0.0436 0.2617 0.0724, -0.0452 0.2495 0.0827, -0.0384 0.2522 0.0724, -0.0429 0.2407 0.0827, -0.0357 0.2417 0.0724, -0.1251 0.2243 0.0606, -0.1207 0.2132 0.0606, -0.1136 0.2034 0.0606, -0.1044 0.1958 0.0606, -0.0935 0.1907 0.0606, -0.0817 0.1884 0.0606, -0.0698 0.1892 0.0606, -0.0584 0.1929 0.0606, -0.0482 0.1993 0.0606, -0.04 0.2081 0.0606, -0.0342 0.2186 0.0606, -0.0312 0.2302 0.0606, -0.0312 0.2422 0.0606, -0.0342 0.2538 0.0606, -0.04 0.2644 0.0606, -0.0482 0.2731 0.0606, -0.0584 0.2796 0.0606, -0.0698 0.2833 0.0606, -0.0817 0.284 0.0606, -0.0935 0.2818 0.0606, -0.1044 0.2767 0.0606, -0.1136 0.269 0.0606, -0.1207 0.2593 0.0606, -0.1251 0.2481 0.0606, -0.1266 0.2362 0.0606, -0.1264 0.224 0.048, -0.1219 0.2125 0.048, -0.1146 0.2025 0.048, -0.1051 0.1947 0.048, -0.0939 0.1894 0.048, -0.0818 0.1871 0.048, -0.0695 0.1879 0.048, -0.0578 0.1917 0.048, -0.0474 0.1983 0.048, -0.0389 0.2073 0.048, -0.033 0.2181 0.048, -0.0299 0.2301 0.048, -0.0299 0.2424 0.048, -0.033 0.2543 0.048, -0.0389 0.2651 0.048, -0.0474 0.2741 0.048, -0.0578 0.2807 0.048, -0.0695 0.2845 0.048, -0.0818 0.2853 0.048, -0.0939 0.283 0.048, -0.1051 0.2778 0.048, -0.1146 0.2699 0.048, -0.1219 0.2599 0.048, -0.1264 0.2485 0.048, -0.1279 0.2362 0.048, -0.1245 0.2245 0.0355, -0.1202 0.2135 0.0355, -0.1132 0.2039 0.0355, -0.1041 0.1963 0.0355, -0.0933 0.1913 0.0355, -0.0817 0.1891 0.0355, -0.0699 0.1898 0.0355, -0.0586 0.1935 0.0355, -0.0486 0.1998 0.0355, -0.0405 0.2084 0.0355, -0.0348 0.2188 0.0355, -0.0319 0.2303 0.0355, -0.0319 0.2421 0.0355, -0.0348 0.2536 0.0355, -0.0405 0.264 0.0355, -0.0486 0.2726 0.0355, -0.0586 0.279 0.0355, -0.0699 0.2826 0.0355, -0.0817 0.2834 0.0355, -0.0933 0.2812 0.0355, -0.1041 0.2761 0.0355, -0.1132 0.2686 0.0355, -0.1202 0.259 0.0355, -0.1245 0.248 0.0355, -0.126 0.2362 0.0355, -0.1196 0.2257 0.0239, -0.1157 0.2159 0.0239, -0.1095 0.2073 0.0239, -0.1014 0.2006 0.0239, -0.0918 0.1961 0.0239, -0.0814 0.1941 0.0239, -0.0708 0.1948 0.0239, -0.0608 0.198 0.0239, -0.0518 0.2037 0.0239, -0.0446 0.2114 0.0239, -0.0395 0.2207 0.0239, -0.0369 0.2309 0.0239, -0.0369 0.2415 0.0239, -0.0395 0.2518 0.0239, -0.0446 0.261 0.0239, -0.0518 0.2687 0.0239, -0.0608 0.2744 0.0239, -0.0708 0.2777 0.0239, -0.0814 0.2783 0.0239, -0.0918 0.2764 0.0239, -0.1014 0.2719 0.0239, -0.1095 0.2651 0.0239, -0.1157 0.2566 0.0239, -0.1196 0.2467 0.0239, -0.1209 0.2362 0.0239, -0.112 0.2277 0.014, -0.1088 0.2197 0.014, -0.1038 0.2127 0.014, -0.0972 0.2072 0.014, -0.0894 0.2035 0.014, -0.0809 0.2019 0.014, -0.0723 0.2025 0.014, -0.0641 0.2051 0.014, -0.0568 0.2097 0.014, -0.0509 0.216 0.014, -0.0468 0.2236 0.014, -0.0447 0.2319 0.014, -0.0447 0.2405 0.014, -0.0468 0.2489 0.014, -0.0509 0.2564 0.014, -0.0568 0.2627 0.014, -0.0641 0.2673 0.014, -0.0723 0.27 0.014, -0.0809 0.2705 0.014, -0.0894 0.2689 0.014, -0.0972 0.2652 0.014, -0.1038 0.2597 0.014, -0.1088 0.2528 0.014, -0.112 0.2448 0.014, -0.1131 0.2362 0.014, -0.1022 0.2302 0.0064, -0.1 0.2245 0.0064, -0.0964 0.2196 0.0064, -0.0917 0.2157 0.0064, -0.0862 0.2132 0.0064, -0.0803 0.212 0.0064, -0.0742 0.2124 0.0064, -0.0684 0.2143 0.0064, -0.0633 0.2175 0.0064, -0.0591 0.222 0.0064, -0.0562 0.2273 0.0064, -0.0547 0.2332 0.0064, -0.0547 0.2393 0.0064, -0.0562 0.2451 0.0064, -0.0591 0.2505 0.0064, -0.0633 0.2549 0.0064, -0.0684 0.2582 0.0064, -0.0742 0.26 0.0064, -0.0803 0.2604 0.0064, -0.0862 0.2593 0.0064, -0.0917 0.2567 0.0064, -0.0964 0.2528 0.0064, -0.1 0.2479 0.0064, -0.1022 0.2423 0.0064, -0.103 0.2362 0.0064, -0.0897 0.3877 0.0016, -0.0909 0.3906 0.0016, -0.0787 0.3937 0.0, -0.0879 0.3851 0.0016, -0.0855 0.3831 0.0016, -0.0826 0.3818 0.0016, -0.0795 0.3812 0.0016, -0.0764 0.3814 0.0016, -0.0734 0.3824 0.0016, -0.0707 0.384 0.0016, -0.0686 0.3863 0.0016, -0.0671 0.3891 0.0016, -0.0663 0.3921 0.0016, -0.0663 0.3953 0.0016, -0.0671 0.3983 0.0016, -0.0686 0.4011 0.0016, -0.0707 0.4034 0.0016, -0.0734 0.405 0.0016, -0.0764 0.406 0.0016, -0.0795 0.4062 0.0016, -0.0826 0.4056 0.0016, -0.0855 0.4043 0.0016, -0.0879 0.4023 0.0016, -0.0897 0.3997 0.0016, -0.0909 0.3968 0.0016, -0.0913 0.3937 0.0016, -0.0427 0.3937 0.0827, -0.0429 0.3892 0.0827, -0.0357 0.3883 0.0724, -0.0452 0.3804 0.0827, -0.0384 0.3777 0.0724, -0.0495 0.3725 0.0827, -0.0436 0.3682 0.0724, -0.0557 0.3659 0.0827, -0.0511 0.3602 0.0724, -0.0634 0.3611 0.0827, -0.0603 0.3544 0.0724, -0.072 0.3583 0.0827, -0.0706 0.3511 0.0724, -0.081 0.3577 0.0827, -0.0815 0.3504 0.0724, -0.0899 0.3594 0.0827, -0.0922 0.3524 0.0724, -0.0981 0.3632 0.0827, -0.102 0.357 0.0724, -0.105 0.369 0.0827, -0.1104 0.364 0.0724, -0.1104 0.3763 0.0827, -0.1168 0.3728 0.0724, -0.1137 0.3847 0.0827, -0.1208 0.3829 0.0724, -0.1148 0.3937 0.0827, -0.1222 0.3937 0.0724, -0.1137 0.4027 0.0827, -0.1208 0.4045 0.0724, -0.1104 0.4111 0.0827, -0.1168 0.4146 0.0724, -0.105 0.4184 0.0827, -0.1104 0.4234 0.0724, -0.0981 0.4242 0.0827, -0.102 0.4304 0.0724, -0.0899 0.428 0.0827, -0.0922 0.435 0.0724, -0.081 0.4297 0.0827, -0.0815 0.437 0.0724, -0.072 0.4291 0.0827, -0.0706 0.4364 0.0724, -0.0634 0.4264 0.0827, -0.0603 0.433 0.0724, -0.0557 0.4215 0.0827, -0.0511 0.4272 0.0724, -0.0495 0.4149 0.0827, -0.0436 0.4192 0.0724, -0.0452 0.407 0.0827, -0.0384 0.4097 0.0724, -0.0429 0.3982 0.0827, -0.0357 0.3991 0.0724, -0.1251 0.3818 0.0606, -0.1207 0.3706 0.0606, -0.1136 0.3609 0.0606, -0.1044 0.3533 0.0606, -0.0935 0.3482 0.0606, -0.0817 0.3459 0.0606, -0.0698 0.3467 0.0606, -0.0584 0.3504 0.0606, -0.0482 0.3568 0.0606, -0.04 0.3656 0.0606, -0.0342 0.3761 0.0606, -0.0312 0.3877 0.0606, -0.0312 0.3997 0.0606, -0.0342 0.4113 0.0606, -0.04 0.4218 0.0606, -0.0482 0.4306 0.0606, -0.0584 0.437 0.0606, -0.0698 0.4407 0.0606, -0.0817 0.4415 0.0606, -0.0935 0.4392 0.0606, -0.1044 0.4341 0.0606, -0.1136 0.4265 0.0606, -0.1207 0.4168 0.0606, -0.1251 0.4056 0.0606, -0.1266 0.3937 0.0606, -0.1264 0.3815 0.048, -0.1219 0.37 0.048, -0.1146 0.36 0.048, -0.1051 0.3522 0.048, -0.0939 0.3469 0.048, -0.0818 0.3446 0.048, -0.0695 0.3454 0.048, -0.0578 0.3492 0.048, -0.0474 0.3558 0.048, -0.0389 0.3648 0.048, -0.033 0.3756 0.048, -0.0299 0.3875 0.048, -0.0299 0.3999 0.048, -0.033 0.4118 0.048, -0.0389 0.4226 0.048, -0.0474 0.4316 0.048, -0.0578 0.4382 0.048, -0.0695 0.442 0.048, -0.0818 0.4428 0.048, -0.0939 0.4405 0.048, -0.1051 0.4352 0.048, -0.1146 0.4274 0.048, -0.1219 0.4174 0.048, -0.1264 0.4059 0.048, -0.1279 0.3937 0.048, -0.1245 0.3819 0.0355, -0.1202 0.3709 0.0355, -0.1132 0.3613 0.0355, -0.1041 0.3538 0.0355, -0.0933 0.3488 0.0355, -0.0817 0.3465 0.0355, -0.0699 0.3473 0.0355, -0.0586 0.3509 0.0355, -0.0486 0.3573 0.0355, -0.0405 0.3659 0.0355, -0.0348 0.3763 0.0355, -0.0319 0.3878 0.0355, -0.0319 0.3996 0.0355, -0.0348 0.4111 0.0355, -0.0405 0.4215 0.0355, -0.0486 0.4301 0.0355, -0.0586 0.4365 0.0355, -0.0699 0.4401 0.0355, -0.0817 0.4409 0.0355, -0.0933 0.4386 0.0355, -0.1041 0.4336 0.0355, -0.1132 0.4261 0.0355, -0.1202 0.4165 0.0355, -0.1245 0.4055 0.0355, -0.126 0.3937 0.0355, -0.1196 0.3832 0.0239, -0.1157 0.3734 0.0239, -0.1095 0.3648 0.0239, -0.1014 0.3581 0.0239, -0.0918 0.3536 0.0239, -0.0814 0.3516 0.0239, -0.0708 0.3522 0.0239, -0.0608 0.3555 0.0239, -0.0518 0.3612 0.0239, -0.0446 0.3689 0.0239, -0.0395 0.3782 0.0239, -0.0369 0.3884 0.0239, -0.0369 0.399 0.0239, -0.0395 0.4092 0.0239, -0.0446 0.4185 0.0239, -0.0518 0.4262 0.0239, -0.0608 0.4319 0.0239, -0.0708 0.4352 0.0239, -0.0814 0.4358 0.0239, -0.0918 0.4338 0.0239, -0.1014 0.4293 0.0239, -0.1095 0.4226 0.0239, -0.1157 0.414 0.0239, -0.1196 0.4042 0.0239, -0.1209 0.3937 0.0239, -0.112 0.3852 0.014, -0.1088 0.3771 0.014, -0.1038 0.3702 0.014, -0.0972 0.3647 0.014, -0.0894 0.361 0.014, -0.0809 0.3594 0.014, -0.0723 0.3599 0.014, -0.0641 0.3626 0.014, -0.0568 0.3672 0.014, -0.0509 0.3735 0.014, -0.0468 0.3811 0.014, -0.0447 0.3894 0.014, -0.0447 0.398 0.014, -0.0468 0.4063 0.014, -0.0509 0.4139 0.014, -0.0568 0.4202 0.014, -0.0641 0.4248 0.014, -0.0723 0.4275 0.014, -0.0809 0.428 0.014, -0.0894 0.4264 0.014, -0.0972 0.4227 0.014, -0.1038 0.4172 0.014, -0.1088 0.4103 0.014, -0.112 0.4022 0.014, -0.1131 0.3937 0.014, -0.1022 0.3877 0.0064, -0.1 0.382 0.0064, -0.0964 0.3771 0.0064, -0.0917 0.3732 0.0064, -0.0862 0.3706 0.0064, -0.0803 0.3695 0.0064, -0.0742 0.3699 0.0064, -0.0684 0.3718 0.0064, -0.0633 0.375 0.0064, -0.0591 0.3794 0.0064, -0.0562 0.3848 0.0064, -0.0547 0.3907 0.0064, -0.0547 0.3967 0.0064, -0.0562 0.4026 0.0064, -0.0591 0.408 0.0064, -0.0633 0.4124 0.0064, -0.0684 0.4156 0.0064, -0.0742 0.4175 0.0064, -0.0803 0.4179 0.0064, -0.0862 0.4168 0.0064, -0.0917 0.4142 0.0064, -0.0964 0.4103 0.0064, -0.1 0.4054 0.0064, -0.1022 0.3997 0.0064, -0.103 0.3937 0.0064, 0.0678 -0.3997 0.0016, 0.0666 -0.3968 0.0016, 0.0787 -0.3937 0.0, 0.0696 -0.4023 0.0016, 0.072 -0.4043 0.0016, 0.0749 -0.4056 0.0016, 0.078 -0.4062 0.0016, 0.0811 -0.406 0.0016, 0.0841 -0.405 0.0016, 0.0867 -0.4034 0.0016, 0.0889 -0.4011 0.0016, 0.0904 -0.3983 0.0016, 0.0912 -0.3953 0.0016, 0.0912 -0.3921 0.0016, 0.0904 -0.3891 0.0016, 0.0889 -0.3863 0.0016, 0.0867 -0.384 0.0016, 0.0841 -0.3824 0.0016, 0.0811 -0.3814 0.0016, 0.078 -0.3812 0.0016, 0.0749 -0.3818 0.0016, 0.072 -0.3831 0.0016, 0.0696 -0.3851 0.0016, 0.0678 -0.3877 0.0016, 0.0666 -0.3906 0.0016, 0.0662 -0.3937 0.0016, 0.1148 -0.3937 0.0827, 0.1145 -0.3982 0.0827, 0.1218 -0.3991 0.0724, 0.1123 -0.407 0.0827, 0.1191 -0.4097 0.0724, 0.1079 -0.4149 0.0827, 0.1139 -0.4192 0.0724, 0.1017 -0.4215 0.0827, 0.1064 -0.4272 0.0724, 0.0941 -0.4264 0.0827, 0.0972 -0.433 0.0724, 0.0855 -0.4291 0.0827, 0.0869 -0.4364 0.0724, 0.0765 -0.4297 0.0827, 0.076 -0.437 0.0724, 0.0676 -0.428 0.0827, 0.0653 -0.435 0.0724, 0.0594 -0.4242 0.0827, 0.0555 -0.4304 0.0724, 0.0524 -0.4184 0.0827, 0.0471 -0.4234 0.0724, 0.0471 -0.4111 0.0827, 0.0407 -0.4146 0.0724, 0.0438 -0.4027 0.0827, 0.0367 -0.4045 0.0724, 0.0427 -0.3937 0.0827, 0.0353 -0.3937 0.0724, 0.0438 -0.3847 0.0827, 0.0367 -0.3829 0.0724, 0.0471 -0.3763 0.0827, 0.0407 -0.3728 0.0724, 0.0524 -0.369 0.0827, 0.0471 -0.364 0.0724, 0.0594 -0.3632 0.0827, 0.0555 -0.357 0.0724, 0.0676 -0.3594 0.0827, 0.0653 -0.3524 0.0724, 0.0765 -0.3577 0.0827, 0.076 -0.3504 0.0724, 0.0855 -0.3583 0.0827, 0.0869 -0.3511 0.0724, 0.0941 -0.3611 0.0827, 0.0972 -0.3544 0.0724, 0.1017 -0.3659 0.0827, 0.1064 -0.3602 0.0724, 0.1079 -0.3725 0.0827, 0.1139 -0.3682 0.0724, 0.1123 -0.3804 0.0827, 0.1191 -0.3777 0.0724, 0.1145 -0.3892 0.0827, 0.1218 -0.3883 0.0724, 0.0324 -0.4056 0.0606, 0.0368 -0.4168 0.0606, 0.0438 -0.4265 0.0606, 0.0531 -0.4341 0.0606, 0.0639 -0.4392 0.0606, 0.0757 -0.4415 0.0606, 0.0877 -0.4407 0.0606, 0.0991 -0.437 0.0606, 0.1093 -0.4306 0.0606, 0.1175 -0.4218 0.0606, 0.1233 -0.4113 0.0606, 0.1263 -0.3997 0.0606, 0.1263 -0.3877 0.0606, 0.1233 -0.3761 0.0606, 0.1175 -0.3656 0.0606, 0.1093 -0.3568 0.0606, 0.0991 -0.3504 0.0606, 0.0877 -0.3467 0.0606, 0.0757 -0.3459 0.0606, 0.0639 -0.3482 0.0606, 0.0531 -0.3533 0.0606, 0.0438 -0.3609 0.0606, 0.0368 -0.3706 0.0606, 0.0324 -0.3818 0.0606, 0.0309 -0.3937 0.0606, 0.0311 -0.4059 0.048, 0.0356 -0.4174 0.048, 0.0429 -0.4274 0.048, 0.0524 -0.4352 0.048, 0.0635 -0.4405 0.048, 0.0757 -0.4428 0.048, 0.088 -0.442 0.048, 0.0997 -0.4382 0.048, 0.1101 -0.4316 0.048, 0.1185 -0.4226 0.048, 0.1245 -0.4118 0.048, 0.1275 -0.3999 0.048, 0.1275 -0.3875 0.048, 0.1245 -0.3756 0.048, 0.1185 -0.3648 0.048, 0.1101 -0.3558 0.048, 0.0997 -0.3492 0.048, 0.088 -0.3454 0.048, 0.0757 -0.3446 0.048, 0.0635 -0.3469 0.048, 0.0524 -0.3522 0.048, 0.0429 -0.36 0.048, 0.0356 -0.37 0.048, 0.0311 -0.3815 0.048, 0.0295 -0.3937 0.048, 0.033 -0.4055 0.0355, 0.0373 -0.4165 0.0355, 0.0443 -0.4261 0.0355, 0.0534 -0.4336 0.0355, 0.0641 -0.4386 0.0355, 0.0758 -0.4409 0.0355, 0.0876 -0.4401 0.0355, 0.0989 -0.4365 0.0355, 0.1089 -0.4301 0.0355, 0.117 -0.4215 0.0355, 0.1227 -0.4111 0.0355, 0.1256 -0.3996 0.0355, 0.1256 -0.3878 0.0355, 0.1227 -0.3763 0.0355, 0.117 -0.3659 0.0355, 0.1089 -0.3573 0.0355, 0.0989 -0.3509 0.0355, 0.0876 -0.3473 0.0355, 0.0758 -0.3465 0.0355, 0.0641 -0.3488 0.0355, 0.0534 -0.3538 0.0355, 0.0443 -0.3613 0.0355, 0.0373 -0.3709 0.0355, 0.033 -0.3819 0.0355, 0.0315 -0.3937 0.0355, 0.0379 -0.4042 0.0239, 0.0418 -0.414 0.0239, 0.048 -0.4226 0.0239, 0.0561 -0.4293 0.0239, 0.0657 -0.4338 0.0239, 0.0761 -0.4358 0.0239, 0.0866 -0.4352 0.0239, 0.0967 -0.4319 0.0239, 0.1056 -0.4262 0.0239, 0.1129 -0.4185 0.0239, 0.118 -0.4092 0.0239, 0.1206 -0.399 0.0239, 0.1206 -0.3884 0.0239, 0.118 -0.3782 0.0239, 0.1129 -0.3689 0.0239, 0.1056 -0.3612 0.0239, 0.0967 -0.3555 0.0239, 0.0866 -0.3522 0.0239, 0.0761 -0.3516 0.0239, 0.0657 -0.3536 0.0239, 0.0561 -0.3581 0.0239, 0.048 -0.3648 0.0239, 0.0418 -0.3734 0.0239, 0.0379 -0.3832 0.0239, 0.0365 -0.3937 0.0239, 0.0455 -0.4022 0.014, 0.0486 -0.4103 0.014, 0.0537 -0.4172 0.014, 0.0603 -0.4227 0.014, 0.0681 -0.4264 0.014, 0.0766 -0.428 0.014, 0.0852 -0.4275 0.014, 0.0934 -0.4248 0.014, 0.1006 -0.4202 0.014, 0.1065 -0.4139 0.014, 0.1107 -0.4063 0.014, 0.1128 -0.398 0.014, 0.1128 -0.3894 0.014, 0.1107 -0.3811 0.014, 0.1065 -0.3735 0.014, 0.1006 -0.3672 0.014, 0.0934 -0.3626 0.014, 0.0852 -0.3599 0.014, 0.0766 -0.3594 0.014, 0.0681 -0.361 0.014, 0.0603 -0.3647 0.014, 0.0537 -0.3702 0.014, 0.0486 -0.3771 0.014, 0.0455 -0.3852 0.014, 0.0444 -0.3937 0.014, 0.0553 -0.3997 0.0064, 0.0575 -0.4054 0.0064, 0.0611 -0.4103 0.0064, 0.0657 -0.4142 0.0064, 0.0712 -0.4168 0.0064, 0.0772 -0.4179 0.0064, 0.0833 -0.4175 0.0064, 0.0891 -0.4156 0.0064, 0.0942 -0.4124 0.0064, 0.0984 -0.408 0.0064, 0.1013 -0.4026 0.0064, 0.1028 -0.3967 0.0064, 0.1028 -0.3907 0.0064, 0.1013 -0.3848 0.0064, 0.0984 -0.3794 0.0064, 0.0942 -0.375 0.0064, 0.0891 -0.3718 0.0064, 0.0833 -0.3699 0.0064, 0.0772 -0.3695 0.0064, 0.0712 -0.3706 0.0064, 0.0657 -0.3732 0.0064, 0.0611 -0.3771 0.0064, 0.0575 -0.382 0.0064, 0.0553 -0.3877 0.0064, 0.0545 -0.3937 0.0064, 0.0678 -0.2423 0.0016, 0.0666 -0.2393 0.0016, 0.0787 -0.2362 0.0, 0.0696 -0.2448 0.0016, 0.072 -0.2468 0.0016, 0.0749 -0.2481 0.0016, 0.078 -0.2487 0.0016, 0.0811 -0.2485 0.0016, 0.0841 -0.2476 0.0016, 0.0867 -0.2459 0.0016, 0.0889 -0.2436 0.0016, 0.0904 -0.2408 0.0016, 0.0912 -0.2378 0.0016, 0.0912 -0.2346 0.0016, 0.0904 -0.2316 0.0016, 0.0889 -0.2289 0.0016, 0.0867 -0.2266 0.0016, 0.0841 -0.2249 0.0016, 0.0811 -0.2239 0.0016, 0.078 -0.2237 0.0016, 0.0749 -0.2243 0.0016, 0.072 -0.2256 0.0016, 0.0696 -0.2276 0.0016, 0.0678 -0.2302 0.0016, 0.0666 -0.2331 0.0016, 0.0662 -0.2362 0.0016, 0.1148 -0.2362 0.0827, 0.1145 -0.2407 0.0827, 0.1218 -0.2417 0.0724, 0.1123 -0.2495 0.0827, 0.1191 -0.2522 0.0724, 0.1079 -0.2574 0.0827, 0.1139 -0.2617 0.0724, 0.1017 -0.264 0.0827, 0.1064 -0.2697 0.0724, 0.0941 -0.2689 0.0827, 0.0972 -0.2755 0.0724, 0.0855 -0.2717 0.0827, 0.0869 -0.2789 0.0724, 0.0765 -0.2722 0.0827, 0.076 -0.2796 0.0724, 0.0676 -0.2705 0.0827, 0.0653 -0.2775 0.0724, 0.0594 -0.2667 0.0827, 0.0555 -0.2729 0.0724, 0.0524 -0.2609 0.0827, 0.0471 -0.2659 0.0724, 0.0471 -0.2536 0.0827, 0.0407 -0.2571 0.0724, 0.0438 -0.2452 0.0827, 0.0367 -0.247 0.0724, 0.0427 -0.2362 0.0827, 0.0353 -0.2362 0.0724, 0.0438 -0.2272 0.0827, 0.0367 -0.2254 0.0724, 0.0471 -0.2188 0.0827, 0.0407 -0.2153 0.0724, 0.0524 -0.2115 0.0827, 0.0471 -0.2065 0.0724, 0.0594 -0.2058 0.0827, 0.0555 -0.1996 0.0724, 0.0676 -0.2019 0.0827, 0.0653 -0.1949 0.0724, 0.0765 -0.2002 0.0827, 0.076 -0.1929 0.0724, 0.0855 -0.2008 0.0827, 0.0869 -0.1936 0.0724, 0.0941 -0.2036 0.0827, 0.0972 -0.1969 0.0724, 0.1017 -0.2084 0.0827, 0.1064 -0.2028 0.0724, 0.1079 -0.215 0.0827, 0.1139 -0.2107 0.0724, 0.1123 -0.2229 0.0827, 0.1191 -0.2202 0.0724, 0.1145 -0.2317 0.0827, 0.1218 -0.2308 0.0724, 0.0324 -0.2481 0.0606, 0.0368 -0.2593 0.0606, 0.0438 -0.269 0.0606, 0.0531 -0.2767 0.0606, 0.0639 -0.2818 0.0606, 0.0757 -0.284 0.0606, 0.0877 -0.2833 0.0606, 0.0991 -0.2796 0.0606, 0.1093 -0.2731 0.0606, 0.1175 -0.2644 0.0606, 0.1233 -0.2538 0.0606, 0.1263 -0.2422 0.0606, 0.1263 -0.2302 0.0606, 0.1233 -0.2186 0.0606, 0.1175 -0.2081 0.0606, 0.1093 -0.1993 0.0606, 0.0991 -0.1929 0.0606, 0.0877 -0.1892 0.0606, 0.0757 -0.1884 0.0606, 0.0639 -0.1907 0.0606, 0.0531 -0.1958 0.0606, 0.0438 -0.2034 0.0606, 0.0368 -0.2132 0.0606, 0.0324 -0.2243 0.0606, 0.0309 -0.2362 0.0606, 0.0311 -0.2485 0.048, 0.0356 -0.2599 0.048, 0.0429 -0.2699 0.048, 0.0524 -0.2778 0.048, 0.0635 -0.283 0.048, 0.0757 -0.2853 0.048, 0.088 -0.2845 0.048, 0.0997 -0.2807 0.048, 0.1101 -0.2741 0.048, 0.1185 -0.2651 0.048, 0.1245 -0.2543 0.048, 0.1275 -0.2424 0.048, 0.1275 -0.2301 0.048, 0.1245 -0.2181 0.048, 0.1185 -0.2073 0.048, 0.1101 -0.1983 0.048, 0.0997 -0.1917 0.048, 0.088 -0.1879 0.048, 0.0757 -0.1871 0.048, 0.0635 -0.1894 0.048, 0.0524 -0.1947 0.048, 0.0429 -0.2025 0.048, 0.0356 -0.2125 0.048, 0.0311 -0.224 0.048, 0.0295 -0.2362 0.048, 0.033 -0.248 0.0355, 0.0373 -0.259 0.0355, 0.0443 -0.2686 0.0355, 0.0534 -0.2761 0.0355, 0.0641 -0.2812 0.0355, 0.0758 -0.2834 0.0355, 0.0876 -0.2826 0.0355, 0.0989 -0.279 0.0355, 0.1089 -0.2726 0.0355, 0.117 -0.264 0.0355, 0.1227 -0.2536 0.0355, 0.1256 -0.2421 0.0355, 0.1256 -0.2303 0.0355, 0.1227 -0.2188 0.0355, 0.117 -0.2084 0.0355, 0.1089 -0.1998 0.0355, 0.0989 -0.1935 0.0355, 0.0876 -0.1898 0.0355, 0.0758 -0.1891 0.0355, 0.0641 -0.1913 0.0355, 0.0534 -0.1963 0.0355, 0.0443 -0.2039 0.0355, 0.0373 -0.2135 0.0355, 0.033 -0.2245 0.0355, 0.0315 -0.2362 0.0355, 0.0379 -0.2467 0.0239, 0.0418 -0.2566 0.0239, 0.048 -0.2651 0.0239, 0.0561 -0.2719 0.0239, 0.0657 -0.2764 0.0239, 0.0761 -0.2783 0.0239, 0.0866 -0.2777 0.0239, 0.0967 -0.2744 0.0239, 0.1056 -0.2687 0.0239, 0.1129 -0.261 0.0239, 0.118 -0.2518 0.0239, 0.1206 -0.2415 0.0239, 0.1206 -0.2309 0.0239, 0.118 -0.2207 0.0239, 0.1129 -0.2114 0.0239, 0.1056 -0.2037 0.0239, 0.0967 -0.198 0.0239, 0.0866 -0.1948 0.0239, 0.0761 -0.1941 0.0239, 0.0657 -0.1961 0.0239, 0.0561 -0.2006 0.0239, 0.048 -0.2073 0.0239, 0.0418 -0.2159 0.0239, 0.0379 -0.2257 0.0239, 0.0365 -0.2362 0.0239, 0.0455 -0.2448 0.014, 0.0486 -0.2528 0.014, 0.0537 -0.2597 0.014, 0.0603 -0.2652 0.014, 0.0681 -0.2689 0.014, 0.0766 -0.2705 0.014, 0.0852 -0.27 0.014, 0.0934 -0.2673 0.014, 0.1006 -0.2627 0.014, 0.1065 -0.2564 0.014, 0.1107 -0.2489 0.014, 0.1128 -0.2405 0.014, 0.1128 -0.2319 0.014, 0.1107 -0.2236 0.014, 0.1065 -0.216 0.014, 0.1006 -0.2097 0.014, 0.0934 -0.2051 0.014, 0.0852 -0.2025 0.014, 0.0766 -0.2019 0.014, 0.0681 -0.2035 0.014, 0.0603 -0.2072 0.014, 0.0537 -0.2127 0.014, 0.0486 -0.2197 0.014, 0.0455 -0.2277 0.014, 0.0444 -0.2362 0.014, 0.0553 -0.2423 0.0064, 0.0575 -0.2479 0.0064, 0.0611 -0.2528 0.0064, 0.0657 -0.2567 0.0064, 0.0712 -0.2593 0.0064, 0.0772 -0.2604 0.0064, 0.0833 -0.26 0.0064, 0.0891 -0.2582 0.0064, 0.0942 -0.2549 0.0064, 0.0984 -0.2505 0.0064, 0.1013 -0.2451 0.0064, 0.1028 -0.2393 0.0064, 0.1028 -0.2332 0.0064, 0.1013 -0.2273 0.0064, 0.0984 -0.222 0.0064, 0.0942 -0.2175 0.0064, 0.0891 -0.2143 0.0064, 0.0833 -0.2124 0.0064, 0.0772 -0.212 0.0064, 0.0712 -0.2132 0.0064, 0.0657 -0.2157 0.0064, 0.0611 -0.2196 0.0064, 0.0575 -0.2245 0.0064, 0.0553 -0.2302 0.0064, 0.0545 -0.2362 0.0064, 0.0678 -0.0848 0.0016, 0.0666 -0.0819 0.0016, 0.0787 -0.0787 0.0, 0.0696 -0.0873 0.0016, 0.072 -0.0893 0.0016, 0.0749 -0.0907 0.0016, 0.078 -0.0913 0.0016, 0.0811 -0.0911 0.0016, 0.0841 -0.0901 0.0016, 0.0867 -0.0884 0.0016, 0.0889 -0.0861 0.0016, 0.0904 -0.0834 0.0016, 0.0912 -0.0803 0.0016, 0.0912 -0.0772 0.0016, 0.0904 -0.0741 0.0016, 0.0889 -0.0714 0.0016, 0.0867 -0.0691 0.0016, 0.0841 -0.0674 0.0016, 0.0811 -0.0664 0.0016, 0.078 -0.0662 0.0016, 0.0749 -0.0668 0.0016, 0.072 -0.0682 0.0016, 0.0696 -0.0702 0.0016, 0.0678 -0.0727 0.0016, 0.0666 -0.0756 0.0016, 0.0662 -0.0787 0.0016, 0.1148 -0.0787 0.0827, 0.1145 -0.0833 0.0827, 0.1218 -0.0842 0.0724, 0.1123 -0.092 0.0827, 0.1191 -0.0947 0.0724, 0.1079 -0.0999 0.0827, 0.1139 -0.1043 0.0724, 0.1017 -0.1065 0.0827, 0.1064 -0.1122 0.0724, 0.0941 -0.1114 0.0827, 0.0972 -0.118 0.0724, 0.0855 -0.1142 0.0827, 0.0869 -0.1214 0.0724, 0.0765 -0.1148 0.0827, 0.076 -0.1221 0.0724, 0.0676 -0.1131 0.0827, 0.0653 -0.12 0.0724, 0.0594 -0.1092 0.0827, 0.0555 -0.1154 0.0724, 0.0524 -0.1034 0.0827, 0.0471 -0.1085 0.0724, 0.0471 -0.0961 0.0827, 0.0407 -0.0997 0.0724, 0.0438 -0.0877 0.0827, 0.0367 -0.0895 0.0724, 0.0427 -0.0787 0.0827, 0.0353 -0.0787 0.0724, 0.0438 -0.0698 0.0827, 0.0367 -0.0679 0.0724, 0.0471 -0.0614 0.0827, 0.0407 -0.0578 0.0724, 0.0524 -0.054 0.0827, 0.0471 -0.049 0.0724, 0.0594 -0.0483 0.0827, 0.0555 -0.0421 0.0724, 0.0676 -0.0444 0.0827, 0.0653 -0.0374 0.0724, 0.0765 -0.0427 0.0827, 0.076 -0.0354 0.0724, 0.0855 -0.0433 0.0827, 0.0869 -0.0361 0.0724, 0.0941 -0.0461 0.0827, 0.0972 -0.0395 0.0724, 0.1017 -0.0509 0.0827, 0.1064 -0.0453 0.0724, 0.1079 -0.0575 0.0827, 0.1139 -0.0532 0.0724, 0.1123 -0.0655 0.0827, 0.1191 -0.0628 0.0724, 0.1145 -0.0742 0.0827, 0.1218 -0.0733 0.0724, 0.0324 -0.0906 0.0606, 0.0368 -0.1018 0.0606, 0.0438 -0.1115 0.0606, 0.0531 -0.1192 0.0606, 0.0639 -0.1243 0.0606, 0.0757 -0.1265 0.0606, 0.0877 -0.1258 0.0606, 0.0991 -0.1221 0.0606, 0.1093 -0.1156 0.0606, 0.1175 -0.1069 0.0606, 0.1233 -0.0964 0.0606, 0.1263 -0.0847 0.0606, 0.1263 -0.0727 0.0606, 0.1233 -0.0611 0.0606, 0.1175 -0.0506 0.0606, 0.1093 -0.0418 0.0606, 0.0991 -0.0354 0.0606, 0.0877 -0.0317 0.0606, 0.0757 -0.0309 0.0606, 0.0639 -0.0332 0.0606, 0.0531 -0.0383 0.0606, 0.0438 -0.046 0.0606, 0.0368 -0.0557 0.0606, 0.0324 -0.0668 0.0606, 0.0309 -0.0787 0.0606, 0.0311 -0.091 0.048, 0.0356 -0.1024 0.048, 0.0429 -0.1124 0.048, 0.0524 -0.1203 0.048, 0.0635 -0.1255 0.048, 0.0757 -0.1278 0.048, 0.088 -0.1271 0.048, 0.0997 -0.1233 0.048, 0.1101 -0.1166 0.048, 0.1185 -0.1077 0.048, 0.1245 -0.0969 0.048, 0.1275 -0.0849 0.048, 0.1275 -0.0726 0.048, 0.1245 -0.0606 0.048, 0.1185 -0.0498 0.048, 0.1101 -0.0408 0.048, 0.0997 -0.0342 0.048, 0.088 -0.0304 0.048, 0.0757 -0.0296 0.048, 0.0635 -0.032 0.048, 0.0524 -0.0372 0.048, 0.0429 -0.0451 0.048, 0.0356 -0.055 0.048, 0.0311 -0.0665 0.048, 0.0295 -0.0787 0.048, 0.033 -0.0905 0.0355, 0.0373 -0.1015 0.0355, 0.0443 -0.1111 0.0355, 0.0534 -0.1186 0.0355, 0.0641 -0.1237 0.0355, 0.0758 -0.1259 0.0355, 0.0876 -0.1252 0.0355, 0.0989 -0.1215 0.0355, 0.1089 -0.1152 0.0355, 0.117 -0.1065 0.0355, 0.1227 -0.0961 0.0355, 0.1256 -0.0847 0.0355, 0.1256 -0.0728 0.0355, 0.1227 -0.0613 0.0355, 0.117 -0.051 0.0355, 0.1089 -0.0423 0.0355, 0.0989 -0.036 0.0355, 0.0876 -0.0323 0.0355, 0.0758 -0.0316 0.0355, 0.0641 -0.0338 0.0355, 0.0534 -0.0388 0.0355, 0.0443 -0.0464 0.0355, 0.0373 -0.056 0.0355, 0.033 -0.067 0.0355, 0.0315 -0.0787 0.0355, 0.0379 -0.0892 0.0239, 0.0418 -0.0991 0.0239, 0.048 -0.1076 0.0239, 0.0561 -0.1144 0.0239, 0.0657 -0.1189 0.0239, 0.0761 -0.1209 0.0239, 0.0866 -0.1202 0.0239, 0.0967 -0.1169 0.0239, 0.1056 -0.1113 0.0239, 0.1129 -0.1035 0.0239, 0.118 -0.0943 0.0239, 0.1206 -0.084 0.0239, 0.1206 -0.0735 0.0239, 0.118 -0.0632 0.0239, 0.1129 -0.0539 0.0239, 0.1056 -0.0462 0.0239, 0.0967 -0.0406 0.0239, 0.0866 -0.0373 0.0239, 0.0761 -0.0366 0.0239, 0.0657 -0.0386 0.0239, 0.0561 -0.0431 0.0239, 0.048 -0.0499 0.0239, 0.0418 -0.0584 0.0239, 0.0379 -0.0682 0.0239, 0.0365 -0.0787 0.0239, 0.0455 -0.0873 0.014, 0.0486 -0.0953 0.014, 0.0537 -0.1023 0.014, 0.0603 -0.1078 0.014, 0.0681 -0.1114 0.014, 0.0766 -0.113 0.014, 0.0852 -0.1125 0.014, 0.0934 -0.1098 0.014, 0.1006 -0.1052 0.014, 0.1065 -0.0989 0.014, 0.1107 -0.0914 0.014, 0.1128 -0.083 0.014, 0.1128 -0.0744 0.014, 0.1107 -0.0661 0.014, 0.1065 -0.0585 0.014, 0.1006 -0.0523 0.014, 0.0934 -0.0477 0.014, 0.0852 -0.045 0.014, 0.0766 -0.0444 0.014, 0.0681 -0.0461 0.014, 0.0603 -0.0497 0.014, 0.0537 -0.0552 0.014, 0.0486 -0.0622 0.014, 0.0455 -0.0702 0.014, 0.0444 -0.0787 0.014, 0.0553 -0.0848 0.0064, 0.0575 -0.0904 0.0064, 0.0611 -0.0953 0.0064, 0.0657 -0.0992 0.0064, 0.0712 -0.1018 0.0064, 0.0772 -0.1029 0.0064, 0.0833 -0.1026 0.0064, 0.0891 -0.1007 0.0064, 0.0942 -0.0974 0.0064, 0.0984 -0.093 0.0064, 0.1013 -0.0877 0.0064, 0.1028 -0.0818 0.0064, 0.1028 -0.0757 0.0064, 0.1013 -0.0698 0.0064, 0.0984 -0.0645 0.0064, 0.0942 -0.0601 0.0064, 0.0891 -0.0568 0.0064, 0.0833 -0.0549 0.0064, 0.0772 -0.0545 0.0064, 0.0712 -0.0557 0.0064, 0.0657 -0.0583 0.0064, 0.0611 -0.0621 0.0064, 0.0575 -0.0671 0.0064, 0.0553 -0.0727 0.0064, 0.0545 -0.0787 0.0064, 0.0678 0.0727 0.0016, 0.0666 0.0756 0.0016, 0.0787 0.0787 0.0, 0.0696 0.0702 0.0016, 0.072 0.0682 0.0016, 0.0749 0.0668 0.0016, 0.078 0.0662 0.0016, 0.0811 0.0664 0.0016, 0.0841 0.0674 0.0016, 0.0867 0.0691 0.0016, 0.0889 0.0714 0.0016, 0.0904 0.0741 0.0016, 0.0912 0.0772 0.0016, 0.0912 0.0803 0.0016, 0.0904 0.0834 0.0016, 0.0889 0.0861 0.0016, 0.0867 0.0884 0.0016, 0.0841 0.0901 0.0016, 0.0811 0.0911 0.0016, 0.078 0.0913 0.0016, 0.0749 0.0907 0.0016, 0.072 0.0893 0.0016, 0.0696 0.0873 0.0016, 0.0678 0.0848 0.0016, 0.0666 0.0819 0.0016, 0.0662 0.0787 0.0016, 0.1148 0.0787 0.0827, 0.1145 0.0742 0.0827, 0.1218 0.0733 0.0724, 0.1123 0.0655 0.0827, 0.1191 0.0628 0.0724, 0.1079 0.0575 0.0827, 0.1139 0.0532 0.0724, 0.1017 0.0509 0.0827, 0.1064 0.0453 0.0724, 0.0941 0.0461 0.0827, 0.0972 0.0395 0.0724, 0.0855 0.0433 0.0827, 0.0869 0.0361 0.0724, 0.0765 0.0427 0.0827, 0.076 0.0354 0.0724, 0.0676 0.0444 0.0827, 0.0653 0.0374 0.0724, 0.0594 0.0483 0.0827, 0.0555 0.0421 0.0724, 0.0524 0.054 0.0827, 0.0471 0.049 0.0724, 0.0471 0.0614 0.0827, 0.0407 0.0578 0.0724, 0.0438 0.0698 0.0827, 0.0367 0.0679 0.0724, 0.0427 0.0787 0.0827, 0.0353 0.0787 0.0724, 0.0438 0.0877 0.0827, 0.0367 0.0895 0.0724, 0.0471 0.0961 0.0827, 0.0407 0.0997 0.0724, 0.0524 0.1034 0.0827, 0.0471 0.1085 0.0724, 0.0594 0.1092 0.0827, 0.0555 0.1154 0.0724, 0.0676 0.1131 0.0827, 0.0653 0.12 0.0724, 0.0765 0.1148 0.0827, 0.076 0.1221 0.0724, 0.0855 0.1142 0.0827, 0.0869 0.1214 0.0724, 0.0941 0.1114 0.0827, 0.0972 0.118 0.0724, 0.1017 0.1065 0.0827, 0.1064 0.1122 0.0724, 0.1079 0.0999 0.0827, 0.1139 0.1043 0.0724, 0.1123 0.092 0.0827, 0.1191 0.0947 0.0724, 0.1145 0.0833 0.0827, 0.1218 0.0842 0.0724, 0.0324 0.0668 0.0606, 0.0368 0.0557 0.0606, 0.0438 0.046 0.0606, 0.0531 0.0383 0.0606, 0.0639 0.0332 0.0606, 0.0757 0.0309 0.0606, 0.0877 0.0317 0.0606, 0.0991 0.0354 0.0606, 0.1093 0.0418 0.0606, 0.1175 0.0506 0.0606, 0.1233 0.0611 0.0606, 0.1263 0.0727 0.0606, 0.1263 0.0847 0.0606, 0.1233 0.0964 0.0606, 0.1175 0.1069 0.0606, 0.1093 0.1156 0.0606, 0.0991 0.1221 0.0606, 0.0877 0.1258 0.0606, 0.0757 0.1265 0.0606, 0.0639 0.1243 0.0606, 0.0531 0.1192 0.0606, 0.0438 0.1115 0.0606, 0.0368 0.1018 0.0606, 0.0324 0.0906 0.0606, 0.0309 0.0787 0.0606, 0.0311 0.0665 0.048, 0.0356 0.055 0.048, 0.0429 0.0451 0.048, 0.0524 0.0372 0.048, 0.0635 0.032 0.048, 0.0757 0.0296 0.048, 0.088 0.0304 0.048, 0.0997 0.0342 0.048, 0.1101 0.0408 0.048, 0.1185 0.0498 0.048, 0.1245 0.0606 0.048, 0.1275 0.0726 0.048, 0.1275 0.0849 0.048, 0.1245 0.0969 0.048, 0.1185 0.1077 0.048, 0.1101 0.1166 0.048, 0.0997 0.1233 0.048, 0.088 0.1271 0.048, 0.0757 0.1278 0.048, 0.0635 0.1255 0.048, 0.0524 0.1203 0.048, 0.0429 0.1124 0.048, 0.0356 0.1024 0.048, 0.0311 0.091 0.048, 0.0295 0.0787 0.048, 0.033 0.067 0.0355, 0.0373 0.056 0.0355, 0.0443 0.0464 0.0355, 0.0534 0.0388 0.0355, 0.0641 0.0338 0.0355, 0.0758 0.0316 0.0355, 0.0876 0.0323 0.0355, 0.0989 0.036 0.0355, 0.1089 0.0423 0.0355, 0.117 0.051 0.0355, 0.1227 0.0613 0.0355, 0.1256 0.0728 0.0355, 0.1256 0.0847 0.0355, 0.1227 0.0961 0.0355, 0.117 0.1065 0.0355, 0.1089 0.1152 0.0355, 0.0989 0.1215 0.0355, 0.0876 0.1252 0.0355, 0.0758 0.1259 0.0355, 0.0641 0.1237 0.0355, 0.0534 0.1186 0.0355, 0.0443 0.1111 0.0355, 0.0373 0.1015 0.0355, 0.033 0.0905 0.0355, 0.0315 0.0787 0.0355, 0.0379 0.0682 0.0239, 0.0418 0.0584 0.0239, 0.048 0.0499 0.0239, 0.0561 0.0431 0.0239, 0.0657 0.0386 0.0239, 0.0761 0.0366 0.0239, 0.0866 0.0373 0.0239, 0.0967 0.0406 0.0239, 0.1056 0.0462 0.0239, 0.1129 0.0539 0.0239, 0.118 0.0632 0.0239, 0.1206 0.0735 0.0239, 0.1206 0.084 0.0239, 0.118 0.0943 0.0239, 0.1129 0.1035 0.0239, 0.1056 0.1113 0.0239, 0.0967 0.1169 0.0239, 0.0866 0.1202 0.0239, 0.0761 0.1209 0.0239, 0.0657 0.1189 0.0239, 0.0561 0.1144 0.0239, 0.048 0.1076 0.0239, 0.0418 0.0991 0.0239, 0.0379 0.0892 0.0239, 0.0365 0.0787 0.0239, 0.0455 0.0702 0.014, 0.0486 0.0622 0.014, 0.0537 0.0552 0.014, 0.0603 0.0497 0.014, 0.0681 0.0461 0.014, 0.0766 0.0444 0.014, 0.0852 0.045 0.014, 0.0934 0.0477 0.014, 0.1006 0.0523 0.014, 0.1065 0.0585 0.014, 0.1107 0.0661 0.014, 0.1128 0.0744 0.014, 0.1128 0.083 0.014, 0.1107 0.0914 0.014, 0.1065 0.0989 0.014, 0.1006 0.1052 0.014, 0.0934 0.1098 0.014, 0.0852 0.1125 0.014, 0.0766 0.113 0.014, 0.0681 0.1114 0.014, 0.0603 0.1078 0.014, 0.0537 0.1023 0.014, 0.0486 0.0953 0.014, 0.0455 0.0873 0.014, 0.0444 0.0787 0.014, 0.0553 0.0727 0.0064, 0.0575 0.0671 0.0064, 0.0611 0.0621 0.0064, 0.0657 0.0583 0.0064, 0.0712 0.0557 0.0064, 0.0772 0.0545 0.0064, 0.0833 0.0549 0.0064, 0.0891 0.0568 0.0064, 0.0942 0.0601 0.0064, 0.0984 0.0645 0.0064, 0.1013 0.0698 0.0064, 0.1028 0.0757 0.0064, 0.1028 0.0818 0.0064, 0.1013 0.0877 0.0064, 0.0984 0.093 0.0064, 0.0942 0.0974 0.0064, 0.0891 0.1007 0.0064, 0.0833 0.1026 0.0064, 0.0772 0.1029 0.0064, 0.0712 0.1018 0.0064, 0.0657 0.0992 0.0064, 0.0611 0.0953 0.0064, 0.0575 0.0904 0.0064, 0.0553 0.0848 0.0064, 0.0545 0.0787 0.0064, 0.0678 0.2302 0.0016, 0.0666 0.2331 0.0016, 0.0787 0.2362 0.0, 0.0696 0.2276 0.0016, 0.072 0.2256 0.0016, 0.0749 0.2243 0.0016, 0.078 0.2237 0.0016, 0.0811 0.2239 0.0016, 0.0841 0.2249 0.0016, 0.0867 0.2266 0.0016, 0.0889 0.2289 0.0016, 0.0904 0.2316 0.0016, 0.0912 0.2346 0.0016, 0.0912 0.2378 0.0016, 0.0904 0.2408 0.0016, 0.0889 0.2436 0.0016, 0.0867 0.2459 0.0016, 0.0841 0.2476 0.0016, 0.0811 0.2485 0.0016, 0.078 0.2487 0.0016, 0.0749 0.2481 0.0016, 0.072 0.2468 0.0016, 0.0696 0.2448 0.0016, 0.0678 0.2423 0.0016, 0.0666 0.2393 0.0016, 0.0662 0.2362 0.0016, 0.1148 0.2362 0.0827, 0.1145 0.2317 0.0827, 0.1218 0.2308 0.0724, 0.1123 0.2229 0.0827, 0.1191 0.2202 0.0724, 0.1079 0.215 0.0827, 0.1139 0.2107 0.0724, 0.1017 0.2084 0.0827, 0.1064 0.2028 0.0724, 0.0941 0.2036 0.0827, 0.0972 0.1969 0.0724, 0.0855 0.2008 0.0827, 0.0869 0.1936 0.0724, 0.0765 0.2002 0.0827, 0.076 0.1929 0.0724, 0.0676 0.2019 0.0827, 0.0653 0.1949 0.0724, 0.0594 0.2058 0.0827, 0.0555 0.1996 0.0724, 0.0524 0.2115 0.0827, 0.0471 0.2065 0.0724, 0.0471 0.2188 0.0827, 0.0407 0.2153 0.0724, 0.0438 0.2272 0.0827, 0.0367 0.2254 0.0724, 0.0427 0.2362 0.0827, 0.0353 0.2362 0.0724, 0.0438 0.2452 0.0827, 0.0367 0.247 0.0724, 0.0471 0.2536 0.0827, 0.0407 0.2571 0.0724, 0.0524 0.2609 0.0827, 0.0471 0.2659 0.0724, 0.0594 0.2667 0.0827, 0.0555 0.2729 0.0724, 0.0676 0.2705 0.0827, 0.0653 0.2775 0.0724, 0.0765 0.2722 0.0827, 0.076 0.2796 0.0724, 0.0855 0.2717 0.0827, 0.0869 0.2789 0.0724, 0.0941 0.2689 0.0827, 0.0972 0.2755 0.0724, 0.1017 0.264 0.0827, 0.1064 0.2697 0.0724, 0.1079 0.2574 0.0827, 0.1139 0.2617 0.0724, 0.1123 0.2495 0.0827, 0.1191 0.2522 0.0724, 0.1145 0.2407 0.0827, 0.1218 0.2417 0.0724, 0.0324 0.2243 0.0606, 0.0368 0.2132 0.0606, 0.0438 0.2034 0.0606, 0.0531 0.1958 0.0606, 0.0639 0.1907 0.0606, 0.0757 0.1884 0.0606, 0.0877 0.1892 0.0606, 0.0991 0.1929 0.0606, 0.1093 0.1993 0.0606, 0.1175 0.2081 0.0606, 0.1233 0.2186 0.0606, 0.1263 0.2302 0.0606, 0.1263 0.2422 0.0606, 0.1233 0.2538 0.0606, 0.1175 0.2644 0.0606, 0.1093 0.2731 0.0606, 0.0991 0.2796 0.0606, 0.0877 0.2833 0.0606, 0.0757 0.284 0.0606, 0.0639 0.2818 0.0606, 0.0531 0.2767 0.0606, 0.0438 0.269 0.0606, 0.0368 0.2593 0.0606, 0.0324 0.2481 0.0606, 0.0309 0.2362 0.0606, 0.0311 0.224 0.048, 0.0356 0.2125 0.048, 0.0429 0.2025 0.048, 0.0524 0.1947 0.048, 0.0635 0.1894 0.048, 0.0757 0.1871 0.048, 0.088 0.1879 0.048, 0.0997 0.1917 0.048, 0.1101 0.1983 0.048, 0.1185 0.2073 0.048, 0.1245 0.2181 0.048, 0.1275 0.2301 0.048, 0.1275 0.2424 0.048, 0.1245 0.2543 0.048, 0.1185 0.2651 0.048, 0.1101 0.2741 0.048, 0.0997 0.2807 0.048, 0.088 0.2845 0.048, 0.0757 0.2853 0.048, 0.0635 0.283 0.048, 0.0524 0.2778 0.048, 0.0429 0.2699 0.048, 0.0356 0.2599 0.048, 0.0311 0.2485 0.048, 0.0295 0.2362 0.048, 0.033 0.2245 0.0355, 0.0373 0.2135 0.0355, 0.0443 0.2039 0.0355, 0.0534 0.1963 0.0355, 0.0641 0.1913 0.0355, 0.0758 0.1891 0.0355, 0.0876 0.1898 0.0355, 0.0989 0.1935 0.0355, 0.1089 0.1998 0.0355, 0.117 0.2084 0.0355, 0.1227 0.2188 0.0355, 0.1256 0.2303 0.0355, 0.1256 0.2421 0.0355, 0.1227 0.2536 0.0355, 0.117 0.264 0.0355, 0.1089 0.2726 0.0355, 0.0989 0.279 0.0355, 0.0876 0.2826 0.0355, 0.0758 0.2834 0.0355, 0.0641 0.2812 0.0355, 0.0534 0.2761 0.0355, 0.0443 0.2686 0.0355, 0.0373 0.259 0.0355, 0.033 0.248 0.0355, 0.0315 0.2362 0.0355, 0.0379 0.2257 0.0239, 0.0418 0.2159 0.0239, 0.048 0.2073 0.0239, 0.0561 0.2006 0.0239, 0.0657 0.1961 0.0239, 0.0761 0.1941 0.0239, 0.0866 0.1948 0.0239, 0.0967 0.198 0.0239, 0.1056 0.2037 0.0239, 0.1129 0.2114 0.0239, 0.118 0.2207 0.0239, 0.1206 0.2309 0.0239, 0.1206 0.2415 0.0239, 0.118 0.2518 0.0239, 0.1129 0.261 0.0239, 0.1056 0.2687 0.0239, 0.0967 0.2744 0.0239, 0.0866 0.2777 0.0239, 0.0761 0.2783 0.0239, 0.0657 0.2764 0.0239, 0.0561 0.2719 0.0239, 0.048 0.2651 0.0239, 0.0418 0.2566 0.0239, 0.0379 0.2467 0.0239, 0.0365 0.2362 0.0239, 0.0455 0.2277 0.014, 0.0486 0.2197 0.014, 0.0537 0.2127 0.014, 0.0603 0.2072 0.014, 0.0681 0.2035 0.014, 0.0766 0.2019 0.014, 0.0852 0.2025 0.014, 0.0934 0.2051 0.014, 0.1006 0.2097 0.014, 0.1065 0.216 0.014, 0.1107 0.2236 0.014, 0.1128 0.2319 0.014, 0.1128 0.2405 0.014, 0.1107 0.2489 0.014, 0.1065 0.2564 0.014, 0.1006 0.2627 0.014, 0.0934 0.2673 0.014, 0.0852 0.27 0.014, 0.0766 0.2705 0.014, 0.0681 0.2689 0.014, 0.0603 0.2652 0.014, 0.0537 0.2597 0.014, 0.0486 0.2528 0.014, 0.0455 0.2448 0.014, 0.0444 0.2362 0.014, 0.0553 0.2302 0.0064, 0.0575 0.2245 0.0064, 0.0611 0.2196 0.0064, 0.0657 0.2157 0.0064, 0.0712 0.2132 0.0064, 0.0772 0.212 0.0064, 0.0833 0.2124 0.0064, 0.0891 0.2143 0.0064, 0.0942 0.2175 0.0064, 0.0984 0.222 0.0064, 0.1013 0.2273 0.0064, 0.1028 0.2332 0.0064, 0.1028 0.2393 0.0064, 0.1013 0.2451 0.0064, 0.0984 0.2505 0.0064, 0.0942 0.2549 0.0064, 0.0891 0.2582 0.0064, 0.0833 0.26 0.0064, 0.0772 0.2604 0.0064, 0.0712 0.2593 0.0064, 0.0657 0.2567 0.0064, 0.0611 0.2528 0.0064, 0.0575 0.2479 0.0064, 0.0553 0.2423 0.0064, 0.0545 0.2362 0.0064, 0.0678 0.3877 0.0016, 0.0666 0.3906 0.0016, 0.0787 0.3937 0.0, 0.0696 0.3851 0.0016, 0.072 0.3831 0.0016, 0.0749 0.3818 0.0016, 0.078 0.3812 0.0016, 0.0811 0.3814 0.0016, 0.0841 0.3824 0.0016, 0.0867 0.384 0.0016, 0.0889 0.3863 0.0016, 0.0904 0.3891 0.0016, 0.0912 0.3921 0.0016, 0.0912 0.3953 0.0016, 0.0904 0.3983 0.0016, 0.0889 0.4011 0.0016, 0.0867 0.4034 0.0016, 0.0841 0.405 0.0016, 0.0811 0.406 0.0016, 0.078 0.4062 0.0016, 0.0749 0.4056 0.0016, 0.072 0.4043 0.0016, 0.0696 0.4023 0.0016, 0.0678 0.3997 0.0016, 0.0666 0.3968 0.0016, 0.0662 0.3937 0.0016, 0.1148 0.3937 0.0827, 0.1145 0.3892 0.0827, 0.1218 0.3883 0.0724, 0.1123 0.3804 0.0827, 0.1191 0.3777 0.0724, 0.1079 0.3725 0.0827, 0.1139 0.3682 0.0724, 0.1017 0.3659 0.0827, 0.1064 0.3602 0.0724, 0.0941 0.3611 0.0827, 0.0972 0.3544 0.0724, 0.0855 0.3583 0.0827, 0.0869 0.3511 0.0724, 0.0765 0.3577 0.0827, 0.076 0.3504 0.0724, 0.0676 0.3594 0.0827, 0.0653 0.3524 0.0724, 0.0594 0.3632 0.0827, 0.0555 0.357 0.0724, 0.0524 0.369 0.0827, 0.0471 0.364 0.0724, 0.0471 0.3763 0.0827, 0.0407 0.3728 0.0724, 0.0438 0.3847 0.0827, 0.0367 0.3829 0.0724, 0.0427 0.3937 0.0827, 0.0353 0.3937 0.0724, 0.0438 0.4027 0.0827, 0.0367 0.4045 0.0724, 0.0471 0.4111 0.0827, 0.0407 0.4146 0.0724, 0.0524 0.4184 0.0827, 0.0471 0.4234 0.0724, 0.0594 0.4242 0.0827, 0.0555 0.4304 0.0724, 0.0676 0.428 0.0827, 0.0653 0.435 0.0724, 0.0765 0.4297 0.0827, 0.076 0.437 0.0724, 0.0855 0.4291 0.0827, 0.0869 0.4364 0.0724, 0.0941 0.4264 0.0827, 0.0972 0.433 0.0724, 0.1017 0.4215 0.0827, 0.1064 0.4272 0.0724, 0.1079 0.4149 0.0827, 0.1139 0.4192 0.0724, 0.1123 0.407 0.0827, 0.1191 0.4097 0.0724, 0.1145 0.3982 0.0827, 0.1218 0.3991 0.0724, 0.0324 0.3818 0.0606, 0.0368 0.3706 0.0606, 0.0438 0.3609 0.0606, 0.0531 0.3533 0.0606, 0.0639 0.3482 0.0606, 0.0757 0.3459 0.0606, 0.0877 0.3467 0.0606, 0.0991 0.3504 0.0606, 0.1093 0.3568 0.0606, 0.1175 0.3656 0.0606, 0.1233 0.3761 0.0606, 0.1263 0.3877 0.0606, 0.1263 0.3997 0.0606, 0.1233 0.4113 0.0606, 0.1175 0.4218 0.0606, 0.1093 0.4306 0.0606, 0.0991 0.437 0.0606, 0.0877 0.4407 0.0606, 0.0757 0.4415 0.0606, 0.0639 0.4392 0.0606, 0.0531 0.4341 0.0606, 0.0438 0.4265 0.0606, 0.0368 0.4168 0.0606, 0.0324 0.4056 0.0606, 0.0309 0.3937 0.0606, 0.0311 0.3815 0.048, 0.0356 0.37 0.048, 0.0429 0.36 0.048, 0.0524 0.3522 0.048, 0.0635 0.3469 0.048, 0.0757 0.3446 0.048, 0.088 0.3454 0.048, 0.0997 0.3492 0.048, 0.1101 0.3558 0.048, 0.1185 0.3648 0.048, 0.1245 0.3756 0.048, 0.1275 0.3875 0.048, 0.1275 0.3999 0.048, 0.1245 0.4118 0.048, 0.1185 0.4226 0.048, 0.1101 0.4316 0.048, 0.0997 0.4382 0.048, 0.088 0.442 0.048, 0.0757 0.4428 0.048, 0.0635 0.4405 0.048, 0.0524 0.4352 0.048, 0.0429 0.4274 0.048, 0.0356 0.4174 0.048, 0.0311 0.4059 0.048, 0.0295 0.3937 0.048, 0.033 0.3819 0.0355, 0.0373 0.3709 0.0355, 0.0443 0.3613 0.0355, 0.0534 0.3538 0.0355, 0.0641 0.3488 0.0355, 0.0758 0.3465 0.0355, 0.0876 0.3473 0.0355, 0.0989 0.3509 0.0355, 0.1089 0.3573 0.0355, 0.117 0.3659 0.0355, 0.1227 0.3763 0.0355, 0.1256 0.3878 0.0355, 0.1256 0.3996 0.0355, 0.1227 0.4111 0.0355, 0.117 0.4215 0.0355, 0.1089 0.4301 0.0355, 0.0989 0.4365 0.0355, 0.0876 0.4401 0.0355, 0.0758 0.4409 0.0355, 0.0641 0.4386 0.0355, 0.0534 0.4336 0.0355, 0.0443 0.4261 0.0355, 0.0373 0.4165 0.0355, 0.033 0.4055 0.0355, 0.0315 0.3937 0.0355, 0.0379 0.3832 0.0239, 0.0418 0.3734 0.0239, 0.048 0.3648 0.0239, 0.0561 0.3581 0.0239, 0.0657 0.3536 0.0239, 0.0761 0.3516 0.0239, 0.0866 0.3522 0.0239, 0.0967 0.3555 0.0239, 0.1056 0.3612 0.0239, 0.1129 0.3689 0.0239, 0.118 0.3782 0.0239, 0.1206 0.3884 0.0239, 0.1206 0.399 0.0239, 0.118 0.4092 0.0239, 0.1129 0.4185 0.0239, 0.1056 0.4262 0.0239, 0.0967 0.4319 0.0239, 0.0866 0.4352 0.0239, 0.0761 0.4358 0.0239, 0.0657 0.4338 0.0239, 0.0561 0.4293 0.0239, 0.048 0.4226 0.0239, 0.0418 0.414 0.0239, 0.0379 0.4042 0.0239, 0.0365 0.3937 0.0239, 0.0455 0.3852 0.014, 0.0486 0.3771 0.014, 0.0537 0.3702 0.014, 0.0603 0.3647 0.014, 0.0681 0.361 0.014, 0.0766 0.3594 0.014, 0.0852 0.3599 0.014, 0.0934 0.3626 0.014, 0.1006 0.3672 0.014, 0.1065 0.3735 0.014, 0.1107 0.3811 0.014, 0.1128 0.3894 0.014, 0.1128 0.398 0.014, 0.1107 0.4063 0.014, 0.1065 0.4139 0.014, 0.1006 0.4202 0.014, 0.0934 0.4248 0.014, 0.0852 0.4275 0.014, 0.0766 0.428 0.014, 0.0681 0.4264 0.014, 0.0603 0.4227 0.014, 0.0537 0.4172 0.014, 0.0486 0.4103 0.014, 0.0455 0.4022 0.014, 0.0444 0.3937 0.014, 0.0553 0.3877 0.0064, 0.0575 0.382 0.0064, 0.0611 0.3771 0.0064, 0.0657 0.3732 0.0064, 0.0712 0.3706 0.0064, 0.0772 0.3695 0.0064, 0.0833 0.3699 0.0064, 0.0891 0.3718 0.0064, 0.0942 0.375 0.0064, 0.0984 0.3794 0.0064, 0.1013 0.3848 0.0064, 0.1028 0.3907 0.0064, 0.1028 0.3967 0.0064, 0.1013 0.4026 0.0064, 0.0984 0.408 0.0064, 0.0942 0.4124 0.0064, 0.0891 0.4156 0.0064, 0.0833 0.4175 0.0064, 0.0772 0.4179 0.0064, 0.0712 0.4168 0.0064, 0.0657 0.4142 0.0064, 0.0611 0.4103 0.0064, 0.0575 0.4054 0.0064, 0.0553 0.3997 0.0064, 0.0545 0.3937 0.0064, 0.2252 -0.3997 0.0016, 0.2241 -0.3968 0.0016, 0.2362 -0.3937 0.0, 0.2271 -0.4023 0.0016, 0.2295 -0.4043 0.0016, 0.2323 -0.4056 0.0016, 0.2354 -0.4062 0.0016, 0.2386 -0.406 0.0016, 0.2416 -0.405 0.0016, 0.2442 -0.4034 0.0016, 0.2464 -0.4011 0.0016, 0.2479 -0.3983 0.0016, 0.2487 -0.3953 0.0016, 0.2487 -0.3921 0.0016, 0.2479 -0.3891 0.0016, 0.2464 -0.3863 0.0016, 0.2442 -0.384 0.0016, 0.2416 -0.3824 0.0016, 0.2386 -0.3814 0.0016, 0.2354 -0.3812 0.0016, 0.2323 -0.3818 0.0016, 0.2295 -0.3831 0.0016, 0.2271 -0.3851 0.0016, 0.2252 -0.3877 0.0016, 0.2241 -0.3906 0.0016, 0.2237 -0.3937 0.0016, 0.2723 -0.3937 0.0827, 0.272 -0.3982 0.0827, 0.2793 -0.3991 0.0724, 0.2698 -0.407 0.0827, 0.2766 -0.4097 0.0724, 0.2654 -0.4149 0.0827, 0.2713 -0.4192 0.0724, 0.2592 -0.4215 0.0827, 0.2639 -0.4272 0.0724, 0.2516 -0.4264 0.0827, 0.2547 -0.433 0.0724, 0.243 -0.4291 0.0827, 0.2444 -0.4364 0.0724, 0.234 -0.4297 0.0827, 0.2335 -0.437 0.0724, 0.2251 -0.428 0.0827, 0.2228 -0.435 0.0724, 0.2169 -0.4242 0.0827, 0.213 -0.4304 0.0724, 0.2099 -0.4184 0.0827, 0.2046 -0.4234 0.0724, 0.2046 -0.4111 0.0827, 0.1982 -0.4146 0.0724, 0.2013 -0.4027 0.0827, 0.1942 -0.4045 0.0724, 0.2001 -0.3937 0.0827, 0.1928 -0.3937 0.0724, 0.2013 -0.3847 0.0827, 0.1942 -0.3829 0.0724, 0.2046 -0.3763 0.0827, 0.1982 -0.3728 0.0724, 0.2099 -0.369 0.0827, 0.2046 -0.364 0.0724, 0.2169 -0.3632 0.0827, 0.213 -0.357 0.0724, 0.2251 -0.3594 0.0827, 0.2228 -0.3524 0.0724, 0.234 -0.3577 0.0827, 0.2335 -0.3504 0.0724, 0.243 -0.3583 0.0827, 0.2444 -0.3511 0.0724, 0.2516 -0.3611 0.0827, 0.2547 -0.3544 0.0724, 0.2592 -0.3659 0.0827, 0.2639 -0.3602 0.0724, 0.2654 -0.3725 0.0827, 0.2713 -0.3682 0.0724, 0.2698 -0.3804 0.0827, 0.2766 -0.3777 0.0724, 0.272 -0.3892 0.0827, 0.2793 -0.3883 0.0724, 0.1898 -0.4056 0.0606, 0.1943 -0.4168 0.0606, 0.2013 -0.4265 0.0606, 0.2106 -0.4341 0.0606, 0.2214 -0.4392 0.0606, 0.2332 -0.4415 0.0606, 0.2452 -0.4407 0.0606, 0.2566 -0.437 0.0606, 0.2667 -0.4306 0.0606, 0.275 -0.4218 0.0606, 0.2807 -0.4113 0.0606, 0.2837 -0.3997 0.0606, 0.2837 -0.3877 0.0606, 0.2807 -0.3761 0.0606, 0.275 -0.3656 0.0606, 0.2667 -0.3568 0.0606, 0.2566 -0.3504 0.0606, 0.2452 -0.3467 0.0606, 0.2332 -0.3459 0.0606, 0.2214 -0.3482 0.0606, 0.2106 -0.3533 0.0606, 0.2013 -0.3609 0.0606, 0.1943 -0.3706 0.0606, 0.1898 -0.3818 0.0606, 0.1883 -0.3937 0.0606, 0.1886 -0.4059 0.048, 0.1931 -0.4174 0.048, 0.2004 -0.4274 0.048, 0.2099 -0.4352 0.048, 0.221 -0.4405 0.048, 0.2331 -0.4428 0.048, 0.2454 -0.442 0.048, 0.2572 -0.4382 0.048, 0.2676 -0.4316 0.048, 0.276 -0.4226 0.048, 0.282 -0.4118 0.048, 0.285 -0.3999 0.048, 0.285 -0.3875 0.048, 0.282 -0.3756 0.048, 0.276 -0.3648 0.048, 0.2676 -0.3558 0.048, 0.2572 -0.3492 0.048, 0.2454 -0.3454 0.048, 0.2331 -0.3446 0.048, 0.221 -0.3469 0.048, 0.2099 -0.3522 0.048, 0.2004 -0.36 0.048, 0.1931 -0.37 0.048, 0.1886 -0.3815 0.048, 0.187 -0.3937 0.048, 0.1904 -0.4055 0.0355, 0.1948 -0.4165 0.0355, 0.2018 -0.4261 0.0355, 0.2109 -0.4336 0.0355, 0.2216 -0.4386 0.0355, 0.2333 -0.4409 0.0355, 0.2451 -0.4401 0.0355, 0.2563 -0.4365 0.0355, 0.2663 -0.4301 0.0355, 0.2745 -0.4215 0.0355, 0.2802 -0.4111 0.0355, 0.2831 -0.3996 0.0355, 0.2831 -0.3878 0.0355, 0.2802 -0.3763 0.0355, 0.2745 -0.3659 0.0355, 0.2663 -0.3573 0.0355, 0.2563 -0.3509 0.0355, 0.2451 -0.3473 0.0355, 0.2333 -0.3465 0.0355, 0.2216 -0.3488 0.0355, 0.2109 -0.3538 0.0355, 0.2018 -0.3613 0.0355, 0.1948 -0.3709 0.0355, 0.1904 -0.3819 0.0355, 0.189 -0.3937 0.0355, 0.1953 -0.4042 0.0239, 0.1992 -0.414 0.0239, 0.2055 -0.4226 0.0239, 0.2136 -0.4293 0.0239, 0.2232 -0.4338 0.0239, 0.2336 -0.4358 0.0239, 0.2441 -0.4352 0.0239, 0.2542 -0.4319 0.0239, 0.2631 -0.4262 0.0239, 0.2704 -0.4185 0.0239, 0.2755 -0.4092 0.0239, 0.2781 -0.399 0.0239, 0.2781 -0.3884 0.0239, 0.2755 -0.3782 0.0239, 0.2704 -0.3689 0.0239, 0.2631 -0.3612 0.0239, 0.2542 -0.3555 0.0239, 0.2441 -0.3522 0.0239, 0.2336 -0.3516 0.0239, 0.2232 -0.3536 0.0239, 0.2136 -0.3581 0.0239, 0.2055 -0.3648 0.0239, 0.1992 -0.3734 0.0239, 0.1953 -0.3832 0.0239, 0.194 -0.3937 0.0239, 0.2029 -0.4022 0.014, 0.2061 -0.4103 0.014, 0.2112 -0.4172 0.014, 0.2178 -0.4227 0.014, 0.2256 -0.4264 0.014, 0.2341 -0.428 0.014, 0.2427 -0.4275 0.014, 0.2509 -0.4248 0.014, 0.2581 -0.4202 0.014, 0.264 -0.4139 0.014, 0.2682 -0.4063 0.014, 0.2703 -0.398 0.014, 0.2703 -0.3894 0.014, 0.2682 -0.3811 0.014, 0.264 -0.3735 0.014, 0.2581 -0.3672 0.014, 0.2509 -0.3626 0.014, 0.2427 -0.3599 0.014, 0.2341 -0.3594 0.014, 0.2256 -0.361 0.014, 0.2178 -0.3647 0.014, 0.2112 -0.3702 0.014, 0.2061 -0.3771 0.014, 0.2029 -0.3852 0.014, 0.2019 -0.3937 0.014, 0.2127 -0.3997 0.0064, 0.215 -0.4054 0.0064, 0.2185 -0.4103 0.0064, 0.2232 -0.4142 0.0064, 0.2287 -0.4168 0.0064, 0.2347 -0.4179 0.0064, 0.2408 -0.4175 0.0064, 0.2465 -0.4156 0.0064, 0.2517 -0.4124 0.0064, 0.2558 -0.408 0.0064, 0.2588 -0.4026 0.0064, 0.2603 -0.3967 0.0064, 0.2603 -0.3907 0.0064, 0.2588 -0.3848 0.0064, 0.2558 -0.3794 0.0064, 0.2517 -0.375 0.0064, 0.2465 -0.3718 0.0064, 0.2408 -0.3699 0.0064, 0.2347 -0.3695 0.0064, 0.2287 -0.3706 0.0064, 0.2232 -0.3732 0.0064, 0.2185 -0.3771 0.0064, 0.215 -0.382 0.0064, 0.2127 -0.3877 0.0064, 0.212 -0.3937 0.0064, 0.2252 -0.2423 0.0016, 0.2241 -0.2393 0.0016, 0.2362 -0.2362 0.0, 0.2271 -0.2448 0.0016, 0.2295 -0.2468 0.0016, 0.2323 -0.2481 0.0016, 0.2354 -0.2487 0.0016, 0.2386 -0.2485 0.0016, 0.2416 -0.2476 0.0016, 0.2442 -0.2459 0.0016, 0.2464 -0.2436 0.0016, 0.2479 -0.2408 0.0016, 0.2487 -0.2378 0.0016, 0.2487 -0.2346 0.0016, 0.2479 -0.2316 0.0016, 0.2464 -0.2289 0.0016, 0.2442 -0.2266 0.0016, 0.2416 -0.2249 0.0016, 0.2386 -0.2239 0.0016, 0.2354 -0.2237 0.0016, 0.2323 -0.2243 0.0016, 0.2295 -0.2256 0.0016, 0.2271 -0.2276 0.0016, 0.2252 -0.2302 0.0016, 0.2241 -0.2331 0.0016, 0.2237 -0.2362 0.0016, 0.2723 -0.2362 0.0827, 0.272 -0.2407 0.0827, 0.2793 -0.2417 0.0724, 0.2698 -0.2495 0.0827, 0.2766 -0.2522 0.0724, 0.2654 -0.2574 0.0827, 0.2713 -0.2617 0.0724, 0.2592 -0.264 0.0827, 0.2639 -0.2697 0.0724, 0.2516 -0.2689 0.0827, 0.2547 -0.2755 0.0724, 0.243 -0.2717 0.0827, 0.2444 -0.2789 0.0724, 0.234 -0.2722 0.0827, 0.2335 -0.2796 0.0724, 0.2251 -0.2705 0.0827, 0.2228 -0.2775 0.0724, 0.2169 -0.2667 0.0827, 0.213 -0.2729 0.0724, 0.2099 -0.2609 0.0827, 0.2046 -0.2659 0.0724, 0.2046 -0.2536 0.0827, 0.1982 -0.2571 0.0724, 0.2013 -0.2452 0.0827, 0.1942 -0.247 0.0724, 0.2001 -0.2362 0.0827, 0.1928 -0.2362 0.0724, 0.2013 -0.2272 0.0827, 0.1942 -0.2254 0.0724, 0.2046 -0.2188 0.0827, 0.1982 -0.2153 0.0724, 0.2099 -0.2115 0.0827, 0.2046 -0.2065 0.0724, 0.2169 -0.2058 0.0827, 0.213 -0.1996 0.0724, 0.2251 -0.2019 0.0827, 0.2228 -0.1949 0.0724, 0.234 -0.2002 0.0827, 0.2335 -0.1929 0.0724, 0.243 -0.2008 0.0827, 0.2444 -0.1936 0.0724, 0.2516 -0.2036 0.0827, 0.2547 -0.1969 0.0724, 0.2592 -0.2084 0.0827, 0.2639 -0.2028 0.0724, 0.2654 -0.215 0.0827, 0.2713 -0.2107 0.0724, 0.2698 -0.2229 0.0827, 0.2766 -0.2202 0.0724, 0.272 -0.2317 0.0827, 0.2793 -0.2308 0.0724, 0.1898 -0.2481 0.0606, 0.1943 -0.2593 0.0606, 0.2013 -0.269 0.0606, 0.2106 -0.2767 0.0606, 0.2214 -0.2818 0.0606, 0.2332 -0.284 0.0606, 0.2452 -0.2833 0.0606, 0.2566 -0.2796 0.0606, 0.2667 -0.2731 0.0606, 0.275 -0.2644 0.0606, 0.2807 -0.2538 0.0606, 0.2837 -0.2422 0.0606, 0.2837 -0.2302 0.0606, 0.2807 -0.2186 0.0606, 0.275 -0.2081 0.0606, 0.2667 -0.1993 0.0606, 0.2566 -0.1929 0.0606, 0.2452 -0.1892 0.0606, 0.2332 -0.1884 0.0606, 0.2214 -0.1907 0.0606, 0.2106 -0.1958 0.0606, 0.2013 -0.2034 0.0606, 0.1943 -0.2132 0.0606, 0.1898 -0.2243 0.0606, 0.1883 -0.2362 0.0606, 0.1886 -0.2485 0.048, 0.1931 -0.2599 0.048, 0.2004 -0.2699 0.048, 0.2099 -0.2778 0.048, 0.221 -0.283 0.048, 0.2331 -0.2853 0.048, 0.2454 -0.2845 0.048, 0.2572 -0.2807 0.048, 0.2676 -0.2741 0.048, 0.276 -0.2651 0.048, 0.282 -0.2543 0.048, 0.285 -0.2424 0.048, 0.285 -0.2301 0.048, 0.282 -0.2181 0.048, 0.276 -0.2073 0.048, 0.2676 -0.1983 0.048, 0.2572 -0.1917 0.048, 0.2454 -0.1879 0.048, 0.2331 -0.1871 0.048, 0.221 -0.1894 0.048, 0.2099 -0.1947 0.048, 0.2004 -0.2025 0.048, 0.1931 -0.2125 0.048, 0.1886 -0.224 0.048, 0.187 -0.2362 0.048, 0.1904 -0.248 0.0355, 0.1948 -0.259 0.0355, 0.2018 -0.2686 0.0355, 0.2109 -0.2761 0.0355, 0.2216 -0.2812 0.0355, 0.2333 -0.2834 0.0355, 0.2451 -0.2826 0.0355, 0.2563 -0.279 0.0355, 0.2663 -0.2726 0.0355, 0.2745 -0.264 0.0355, 0.2802 -0.2536 0.0355, 0.2831 -0.2421 0.0355, 0.2831 -0.2303 0.0355, 0.2802 -0.2188 0.0355, 0.2745 -0.2084 0.0355, 0.2663 -0.1998 0.0355, 0.2563 -0.1935 0.0355, 0.2451 -0.1898 0.0355, 0.2333 -0.1891 0.0355, 0.2216 -0.1913 0.0355, 0.2109 -0.1963 0.0355, 0.2018 -0.2039 0.0355, 0.1948 -0.2135 0.0355, 0.1904 -0.2245 0.0355, 0.189 -0.2362 0.0355, 0.1953 -0.2467 0.0239, 0.1992 -0.2566 0.0239, 0.2055 -0.2651 0.0239, 0.2136 -0.2719 0.0239, 0.2232 -0.2764 0.0239, 0.2336 -0.2783 0.0239, 0.2441 -0.2777 0.0239, 0.2542 -0.2744 0.0239, 0.2631 -0.2687 0.0239, 0.2704 -0.261 0.0239, 0.2755 -0.2518 0.0239, 0.2781 -0.2415 0.0239, 0.2781 -0.2309 0.0239, 0.2755 -0.2207 0.0239, 0.2704 -0.2114 0.0239, 0.2631 -0.2037 0.0239, 0.2542 -0.198 0.0239, 0.2441 -0.1948 0.0239, 0.2336 -0.1941 0.0239, 0.2232 -0.1961 0.0239, 0.2136 -0.2006 0.0239, 0.2055 -0.2073 0.0239, 0.1992 -0.2159 0.0239, 0.1953 -0.2257 0.0239, 0.194 -0.2362 0.0239, 0.2029 -0.2448 0.014, 0.2061 -0.2528 0.014, 0.2112 -0.2597 0.014, 0.2178 -0.2652 0.014, 0.2256 -0.2689 0.014, 0.2341 -0.2705 0.014, 0.2427 -0.27 0.014, 0.2509 -0.2673 0.014, 0.2581 -0.2627 0.014, 0.264 -0.2564 0.014, 0.2682 -0.2489 0.014, 0.2703 -0.2405 0.014, 0.2703 -0.2319 0.014, 0.2682 -0.2236 0.014, 0.264 -0.216 0.014, 0.2581 -0.2097 0.014, 0.2509 -0.2051 0.014, 0.2427 -0.2025 0.014, 0.2341 -0.2019 0.014, 0.2256 -0.2035 0.014, 0.2178 -0.2072 0.014, 0.2112 -0.2127 0.014, 0.2061 -0.2197 0.014, 0.2029 -0.2277 0.014, 0.2019 -0.2362 0.014, 0.2127 -0.2423 0.0064, 0.215 -0.2479 0.0064, 0.2185 -0.2528 0.0064, 0.2232 -0.2567 0.0064, 0.2287 -0.2593 0.0064, 0.2347 -0.2604 0.0064, 0.2408 -0.26 0.0064, 0.2465 -0.2582 0.0064, 0.2517 -0.2549 0.0064, 0.2558 -0.2505 0.0064, 0.2588 -0.2451 0.0064, 0.2603 -0.2393 0.0064, 0.2603 -0.2332 0.0064, 0.2588 -0.2273 0.0064, 0.2558 -0.222 0.0064, 0.2517 -0.2175 0.0064, 0.2465 -0.2143 0.0064, 0.2408 -0.2124 0.0064, 0.2347 -0.212 0.0064, 0.2287 -0.2132 0.0064, 0.2232 -0.2157 0.0064, 0.2185 -0.2196 0.0064, 0.215 -0.2245 0.0064, 0.2127 -0.2302 0.0064, 0.212 -0.2362 0.0064, 0.2252 -0.0848 0.0016, 0.2241 -0.0819 0.0016, 0.2362 -0.0787 0.0, 0.2271 -0.0873 0.0016, 0.2295 -0.0893 0.0016, 0.2323 -0.0907 0.0016, 0.2354 -0.0913 0.0016, 0.2386 -0.0911 0.0016, 0.2416 -0.0901 0.0016, 0.2442 -0.0884 0.0016, 0.2464 -0.0861 0.0016, 0.2479 -0.0834 0.0016, 0.2487 -0.0803 0.0016, 0.2487 -0.0772 0.0016, 0.2479 -0.0741 0.0016, 0.2464 -0.0714 0.0016, 0.2442 -0.0691 0.0016, 0.2416 -0.0674 0.0016, 0.2386 -0.0664 0.0016, 0.2354 -0.0662 0.0016, 0.2323 -0.0668 0.0016, 0.2295 -0.0682 0.0016, 0.2271 -0.0702 0.0016, 0.2252 -0.0727 0.0016, 0.2241 -0.0756 0.0016, 0.2237 -0.0787 0.0016, 0.272 -0.0742 0.0827, 0.2723 -0.0787 0.0827, 0.2793 -0.0842 0.0724, 0.2793 -0.0733 0.0724, 0.2766 -0.0628 0.0724, 0.2698 -0.0655 0.0827, 0.2713 -0.0532 0.0724, 0.2654 -0.0575 0.0827, 0.2639 -0.0453 0.0724, 0.2592 -0.0509 0.0827, 0.2547 -0.0395 0.0724, 0.2516 -0.0461 0.0827, 0.2444 -0.0361 0.0724, 0.243 -0.0433 0.0827, 0.2335 -0.0354 0.0724, 0.234 -0.0427 0.0827, 0.2228 -0.0374 0.0724, 0.2251 -0.0444 0.0827, 0.213 -0.0421 0.0724, 0.2169 -0.0483 0.0827, 0.2046 -0.049 0.0724, 0.2099 -0.054 0.0827, 0.1982 -0.0578 0.0724, 0.2046 -0.0614 0.0827, 0.1942 -0.0679 0.0724, 0.2013 -0.0698 0.0827, 0.1928 -0.0787 0.0724, 0.2001 -0.0787 0.0827, 0.1942 -0.0895 0.0724, 0.2013 -0.0877 0.0827, 0.1982 -0.0997 0.0724, 0.2046 -0.0961 0.0827, 0.2046 -0.1085 0.0724, 0.2099 -0.1034 0.0827, 0.213 -0.1154 0.0724, 0.2169 -0.1092 0.0827, 0.2228 -0.12 0.0724, 0.2251 -0.1131 0.0827, 0.2335 -0.1221 0.0724, 0.234 -0.1148 0.0827, 0.2444 -0.1214 0.0724, 0.243 -0.1142 0.0827, 0.2547 -0.118 0.0724, 0.2516 -0.1114 0.0827, 0.2639 -0.1122 0.0724, 0.2592 -0.1065 0.0827, 0.2713 -0.1043 0.0724, 0.2654 -0.0999 0.0827, 0.2766 -0.0947 0.0724, 0.2698 -0.092 0.0827, 0.272 -0.0833 0.0827, 0.1898 -0.0906 0.0606, 0.1943 -0.1018 0.0606, 0.2013 -0.1115 0.0606, 0.2106 -0.1192 0.0606, 0.2214 -0.1243 0.0606, 0.2332 -0.1265 0.0606, 0.2452 -0.1258 0.0606, 0.2566 -0.1221 0.0606, 0.2667 -0.1156 0.0606, 0.275 -0.1069 0.0606, 0.2807 -0.0964 0.0606, 0.2837 -0.0847 0.0606, 0.2837 -0.0727 0.0606, 0.2807 -0.0611 0.0606, 0.275 -0.0506 0.0606, 0.2667 -0.0418 0.0606, 0.2566 -0.0354 0.0606, 0.2452 -0.0317 0.0606, 0.2332 -0.0309 0.0606, 0.2214 -0.0332 0.0606, 0.2106 -0.0383 0.0606, 0.2013 -0.046 0.0606, 0.1943 -0.0557 0.0606, 0.1898 -0.0668 0.0606, 0.1883 -0.0787 0.0606, 0.1886 -0.091 0.048, 0.1931 -0.1024 0.048, 0.2004 -0.1124 0.048, 0.2099 -0.1203 0.048, 0.221 -0.1255 0.048, 0.2331 -0.1278 0.048, 0.2454 -0.1271 0.048, 0.2572 -0.1233 0.048, 0.2676 -0.1166 0.048, 0.276 -0.1077 0.048, 0.282 -0.0969 0.048, 0.285 -0.0849 0.048, 0.285 -0.0726 0.048, 0.282 -0.0606 0.048, 0.276 -0.0498 0.048, 0.2676 -0.0408 0.048, 0.2572 -0.0342 0.048, 0.2454 -0.0304 0.048, 0.2331 -0.0296 0.048, 0.221 -0.032 0.048, 0.2099 -0.0372 0.048, 0.2004 -0.0451 0.048, 0.1931 -0.055 0.048, 0.1886 -0.0665 0.048, 0.187 -0.0787 0.048, 0.1904 -0.0905 0.0355, 0.1948 -0.1015 0.0355, 0.2018 -0.1111 0.0355, 0.2109 -0.1186 0.0355, 0.2216 -0.1237 0.0355, 0.2333 -0.1259 0.0355, 0.2451 -0.1252 0.0355, 0.2563 -0.1215 0.0355, 0.2663 -0.1152 0.0355, 0.2745 -0.1065 0.0355, 0.2802 -0.0961 0.0355, 0.2831 -0.0847 0.0355, 0.2831 -0.0728 0.0355, 0.2802 -0.0613 0.0355, 0.2745 -0.051 0.0355, 0.2663 -0.0423 0.0355, 0.2563 -0.036 0.0355, 0.2451 -0.0323 0.0355, 0.2333 -0.0316 0.0355, 0.2216 -0.0338 0.0355, 0.2109 -0.0388 0.0355, 0.2018 -0.0464 0.0355, 0.1948 -0.056 0.0355, 0.1904 -0.067 0.0355, 0.189 -0.0787 0.0355, 0.1953 -0.0892 0.0239, 0.1992 -0.0991 0.0239, 0.2055 -0.1076 0.0239, 0.2136 -0.1144 0.0239, 0.2232 -0.1189 0.0239, 0.2336 -0.1209 0.0239, 0.2441 -0.1202 0.0239, 0.2542 -0.1169 0.0239, 0.2631 -0.1113 0.0239, 0.2704 -0.1035 0.0239, 0.2755 -0.0943 0.0239, 0.2781 -0.084 0.0239, 0.2781 -0.0735 0.0239, 0.2755 -0.0632 0.0239, 0.2704 -0.0539 0.0239, 0.2631 -0.0462 0.0239, 0.2542 -0.0406 0.0239, 0.2441 -0.0373 0.0239, 0.2336 -0.0366 0.0239, 0.2232 -0.0386 0.0239, 0.2136 -0.0431 0.0239, 0.2055 -0.0499 0.0239, 0.1992 -0.0584 0.0239, 0.1953 -0.0682 0.0239, 0.194 -0.0787 0.0239, 0.2029 -0.0873 0.014, 0.2061 -0.0953 0.014, 0.2112 -0.1023 0.014, 0.2178 -0.1078 0.014, 0.2256 -0.1114 0.014, 0.2341 -0.113 0.014, 0.2427 -0.1125 0.014, 0.2509 -0.1098 0.014, 0.2581 -0.1052 0.014, 0.264 -0.0989 0.014, 0.2682 -0.0914 0.014, 0.2703 -0.083 0.014, 0.2703 -0.0744 0.014, 0.2682 -0.0661 0.014, 0.264 -0.0585 0.014, 0.2581 -0.0523 0.014, 0.2509 -0.0477 0.014, 0.2427 -0.045 0.014, 0.2341 -0.0444 0.014, 0.2256 -0.0461 0.014, 0.2178 -0.0497 0.014, 0.2112 -0.0552 0.014, 0.2061 -0.0622 0.014, 0.2029 -0.0702 0.014, 0.2019 -0.0787 0.014, 0.2127 -0.0848 0.0064, 0.215 -0.0904 0.0064, 0.2185 -0.0953 0.0064, 0.2232 -0.0992 0.0064, 0.2287 -0.1018 0.0064, 0.2347 -0.1029 0.0064, 0.2408 -0.1026 0.0064, 0.2465 -0.1007 0.0064, 0.2517 -0.0974 0.0064, 0.2558 -0.093 0.0064, 0.2588 -0.0877 0.0064, 0.2603 -0.0818 0.0064, 0.2603 -0.0757 0.0064, 0.2588 -0.0698 0.0064, 0.2558 -0.0645 0.0064, 0.2517 -0.0601 0.0064, 0.2465 -0.0568 0.0064, 0.2408 -0.0549 0.0064, 0.2347 -0.0545 0.0064, 0.2287 -0.0557 0.0064, 0.2232 -0.0583 0.0064, 0.2185 -0.0621 0.0064, 0.215 -0.0671 0.0064, 0.2127 -0.0727 0.0064, 0.212 -0.0787 0.0064, 0.2252 0.0727 0.0016, 0.2241 0.0756 0.0016, 0.2362 0.0787 0.0, 0.2271 0.0702 0.0016, 0.2295 0.0682 0.0016, 0.2323 0.0668 0.0016, 0.2354 0.0662 0.0016, 0.2386 0.0664 0.0016, 0.2416 0.0674 0.0016, 0.2442 0.0691 0.0016, 0.2464 0.0714 0.0016, 0.2479 0.0741 0.0016, 0.2487 0.0772 0.0016, 0.2487 0.0803 0.0016, 0.2479 0.0834 0.0016, 0.2464 0.0861 0.0016, 0.2442 0.0884 0.0016, 0.2416 0.0901 0.0016, 0.2386 0.0911 0.0016, 0.2354 0.0913 0.0016, 0.2323 0.0907 0.0016, 0.2295 0.0893 0.0016, 0.2271 0.0873 0.0016, 0.2252 0.0848 0.0016, 0.2241 0.0819 0.0016, 0.2237 0.0787 0.0016, 0.272 0.0833 0.0827, 0.2723 0.0787 0.0827, 0.2793 0.0733 0.0724, 0.2793 0.0842 0.0724, 0.2766 0.0947 0.0724, 0.2698 0.092 0.0827, 0.2713 0.1043 0.0724, 0.2654 0.0999 0.0827, 0.2639 0.1122 0.0724, 0.2592 0.1065 0.0827, 0.2547 0.118 0.0724, 0.2516 0.1114 0.0827, 0.2444 0.1214 0.0724, 0.243 0.1142 0.0827, 0.2335 0.1221 0.0724, 0.234 0.1148 0.0827, 0.2228 0.12 0.0724, 0.2251 0.1131 0.0827, 0.213 0.1154 0.0724, 0.2169 0.1092 0.0827, 0.2046 0.1085 0.0724, 0.2099 0.1034 0.0827, 0.1982 0.0997 0.0724, 0.2046 0.0961 0.0827, 0.1942 0.0895 0.0724, 0.2013 0.0877 0.0827, 0.1928 0.0787 0.0724, 0.2001 0.0787 0.0827, 0.1942 0.0679 0.0724, 0.2013 0.0698 0.0827, 0.1982 0.0578 0.0724, 0.2046 0.0614 0.0827, 0.2046 0.049 0.0724, 0.2099 0.054 0.0827, 0.213 0.0421 0.0724, 0.2169 0.0483 0.0827, 0.2228 0.0374 0.0724, 0.2251 0.0444 0.0827, 0.2335 0.0354 0.0724, 0.234 0.0427 0.0827, 0.2444 0.0361 0.0724, 0.243 0.0433 0.0827, 0.2547 0.0395 0.0724, 0.2516 0.0461 0.0827, 0.2639 0.0453 0.0724, 0.2592 0.0509 0.0827, 0.2713 0.0532 0.0724, 0.2654 0.0575 0.0827, 0.2766 0.0628 0.0724, 0.2698 0.0655 0.0827, 0.272 0.0742 0.0827, 0.1898 0.0668 0.0606, 0.1943 0.0557 0.0606, 0.2013 0.046 0.0606, 0.2106 0.0383 0.0606, 0.2214 0.0332 0.0606, 0.2332 0.0309 0.0606, 0.2452 0.0317 0.0606, 0.2566 0.0354 0.0606, 0.2667 0.0418 0.0606, 0.275 0.0506 0.0606, 0.2807 0.0611 0.0606, 0.2837 0.0727 0.0606, 0.2837 0.0847 0.0606, 0.2807 0.0964 0.0606, 0.275 0.1069 0.0606, 0.2667 0.1156 0.0606, 0.2566 0.1221 0.0606, 0.2452 0.1258 0.0606, 0.2332 0.1265 0.0606, 0.2214 0.1243 0.0606, 0.2106 0.1192 0.0606, 0.2013 0.1115 0.0606, 0.1943 0.1018 0.0606, 0.1898 0.0906 0.0606, 0.1883 0.0787 0.0606, 0.1886 0.0665 0.048, 0.1931 0.055 0.048, 0.2004 0.0451 0.048, 0.2099 0.0372 0.048, 0.221 0.032 0.048, 0.2331 0.0296 0.048, 0.2454 0.0304 0.048, 0.2572 0.0342 0.048, 0.2676 0.0408 0.048, 0.276 0.0498 0.048, 0.282 0.0606 0.048, 0.285 0.0726 0.048, 0.285 0.0849 0.048, 0.282 0.0969 0.048, 0.276 0.1077 0.048, 0.2676 0.1166 0.048, 0.2572 0.1233 0.048, 0.2454 0.1271 0.048, 0.2331 0.1278 0.048, 0.221 0.1255 0.048, 0.2099 0.1203 0.048, 0.2004 0.1124 0.048, 0.1931 0.1024 0.048, 0.1886 0.091 0.048, 0.187 0.0787 0.048, 0.1904 0.067 0.0355, 0.1948 0.056 0.0355, 0.2018 0.0464 0.0355, 0.2109 0.0388 0.0355, 0.2216 0.0338 0.0355, 0.2333 0.0316 0.0355, 0.2451 0.0323 0.0355, 0.2563 0.036 0.0355, 0.2663 0.0423 0.0355, 0.2745 0.051 0.0355, 0.2802 0.0613 0.0355, 0.2831 0.0728 0.0355, 0.2831 0.0847 0.0355, 0.2802 0.0961 0.0355, 0.2745 0.1065 0.0355, 0.2663 0.1152 0.0355, 0.2563 0.1215 0.0355, 0.2451 0.1252 0.0355, 0.2333 0.1259 0.0355, 0.2216 0.1237 0.0355, 0.2109 0.1186 0.0355, 0.2018 0.1111 0.0355, 0.1948 0.1015 0.0355, 0.1904 0.0905 0.0355, 0.189 0.0787 0.0355, 0.1953 0.0682 0.0239, 0.1992 0.0584 0.0239, 0.2055 0.0499 0.0239, 0.2136 0.0431 0.0239, 0.2232 0.0386 0.0239, 0.2336 0.0366 0.0239, 0.2441 0.0373 0.0239, 0.2542 0.0406 0.0239, 0.2631 0.0462 0.0239, 0.2704 0.0539 0.0239, 0.2755 0.0632 0.0239, 0.2781 0.0735 0.0239, 0.2781 0.084 0.0239, 0.2755 0.0943 0.0239, 0.2704 0.1035 0.0239, 0.2631 0.1113 0.0239, 0.2542 0.1169 0.0239, 0.2441 0.1202 0.0239, 0.2336 0.1209 0.0239, 0.2232 0.1189 0.0239, 0.2136 0.1144 0.0239, 0.2055 0.1076 0.0239, 0.1992 0.0991 0.0239, 0.1953 0.0892 0.0239, 0.194 0.0787 0.0239, 0.2029 0.0702 0.014, 0.2061 0.0622 0.014, 0.2112 0.0552 0.014, 0.2178 0.0497 0.014, 0.2256 0.0461 0.014, 0.2341 0.0444 0.014, 0.2427 0.045 0.014, 0.2509 0.0477 0.014, 0.2581 0.0523 0.014, 0.264 0.0585 0.014, 0.2682 0.0661 0.014, 0.2703 0.0744 0.014, 0.2703 0.083 0.014, 0.2682 0.0914 0.014, 0.264 0.0989 0.014, 0.2581 0.1052 0.014, 0.2509 0.1098 0.014, 0.2427 0.1125 0.014, 0.2341 0.113 0.014, 0.2256 0.1114 0.014, 0.2178 0.1078 0.014, 0.2112 0.1023 0.014, 0.2061 0.0953 0.014, 0.2029 0.0873 0.014, 0.2019 0.0787 0.014, 0.2127 0.0727 0.0064, 0.215 0.0671 0.0064, 0.2185 0.0621 0.0064, 0.2232 0.0583 0.0064, 0.2287 0.0557 0.0064, 0.2347 0.0545 0.0064, 0.2408 0.0549 0.0064, 0.2465 0.0568 0.0064, 0.2517 0.0601 0.0064, 0.2558 0.0645 0.0064, 0.2588 0.0698 0.0064, 0.2603 0.0757 0.0064, 0.2603 0.0818 0.0064, 0.2588 0.0877 0.0064, 0.2558 0.093 0.0064, 0.2517 0.0974 0.0064, 0.2465 0.1007 0.0064, 0.2408 0.1026 0.0064, 0.2347 0.1029 0.0064, 0.2287 0.1018 0.0064, 0.2232 0.0992 0.0064, 0.2185 0.0953 0.0064, 0.215 0.0904 0.0064, 0.2127 0.0848 0.0064, 0.212 0.0787 0.0064, 0.2252 0.2302 0.0016, 0.2241 0.2331 0.0016, 0.2362 0.2362 0.0, 0.2271 0.2276 0.0016, 0.2295 0.2256 0.0016, 0.2323 0.2243 0.0016, 0.2354 0.2237 0.0016, 0.2386 0.2239 0.0016, 0.2416 0.2249 0.0016, 0.2442 0.2266 0.0016, 0.2464 0.2289 0.0016, 0.2479 0.2316 0.0016, 0.2487 0.2346 0.0016, 0.2487 0.2378 0.0016, 0.2479 0.2408 0.0016, 0.2464 0.2436 0.0016, 0.2442 0.2459 0.0016, 0.2416 0.2476 0.0016, 0.2386 0.2485 0.0016, 0.2354 0.2487 0.0016, 0.2323 0.2481 0.0016, 0.2295 0.2468 0.0016, 0.2271 0.2448 0.0016, 0.2252 0.2423 0.0016, 0.2241 0.2393 0.0016, 0.2237 0.2362 0.0016, 0.2723 0.2362 0.0827, 0.272 0.2317 0.0827, 0.2793 0.2308 0.0724, 0.2698 0.2229 0.0827, 0.2766 0.2202 0.0724, 0.2654 0.215 0.0827, 0.2713 0.2107 0.0724, 0.2592 0.2084 0.0827, 0.2639 0.2028 0.0724, 0.2516 0.2036 0.0827, 0.2547 0.1969 0.0724, 0.243 0.2008 0.0827, 0.2444 0.1936 0.0724, 0.234 0.2002 0.0827, 0.2335 0.1929 0.0724, 0.2251 0.2019 0.0827, 0.2228 0.1949 0.0724, 0.2169 0.2058 0.0827, 0.213 0.1996 0.0724, 0.2099 0.2115 0.0827, 0.2046 0.2065 0.0724, 0.2046 0.2188 0.0827, 0.1982 0.2153 0.0724, 0.2013 0.2272 0.0827, 0.1942 0.2254 0.0724, 0.2001 0.2362 0.0827, 0.1928 0.2362 0.0724, 0.2013 0.2452 0.0827, 0.1942 0.247 0.0724, 0.2046 0.2536 0.0827, 0.1982 0.2571 0.0724, 0.2099 0.2609 0.0827, 0.2046 0.2659 0.0724, 0.2169 0.2667 0.0827, 0.213 0.2729 0.0724, 0.2251 0.2705 0.0827, 0.2228 0.2775 0.0724, 0.234 0.2722 0.0827, 0.2335 0.2796 0.0724, 0.243 0.2717 0.0827, 0.2444 0.2789 0.0724, 0.2516 0.2689 0.0827, 0.2547 0.2755 0.0724, 0.2592 0.264 0.0827, 0.2639 0.2697 0.0724, 0.2654 0.2574 0.0827, 0.2713 0.2617 0.0724, 0.2698 0.2495 0.0827, 0.2766 0.2522 0.0724, 0.272 0.2407 0.0827, 0.2793 0.2417 0.0724, 0.1898 0.2243 0.0606, 0.1943 0.2132 0.0606, 0.2013 0.2034 0.0606, 0.2106 0.1958 0.0606, 0.2214 0.1907 0.0606, 0.2332 0.1884 0.0606, 0.2452 0.1892 0.0606, 0.2566 0.1929 0.0606, 0.2667 0.1993 0.0606, 0.275 0.2081 0.0606, 0.2807 0.2186 0.0606, 0.2837 0.2302 0.0606, 0.2837 0.2422 0.0606, 0.2807 0.2538 0.0606, 0.275 0.2644 0.0606, 0.2667 0.2731 0.0606, 0.2566 0.2796 0.0606, 0.2452 0.2833 0.0606, 0.2332 0.284 0.0606, 0.2214 0.2818 0.0606, 0.2106 0.2767 0.0606, 0.2013 0.269 0.0606, 0.1943 0.2593 0.0606, 0.1898 0.2481 0.0606, 0.1883 0.2362 0.0606, 0.1886 0.224 0.048, 0.1931 0.2125 0.048, 0.2004 0.2025 0.048, 0.2099 0.1947 0.048, 0.221 0.1894 0.048, 0.2331 0.1871 0.048, 0.2454 0.1879 0.048, 0.2572 0.1917 0.048, 0.2676 0.1983 0.048, 0.276 0.2073 0.048, 0.282 0.2181 0.048, 0.285 0.2301 0.048, 0.285 0.2424 0.048, 0.282 0.2543 0.048, 0.276 0.2651 0.048, 0.2676 0.2741 0.048, 0.2572 0.2807 0.048, 0.2454 0.2845 0.048, 0.2331 0.2853 0.048, 0.221 0.283 0.048, 0.2099 0.2778 0.048, 0.2004 0.2699 0.048, 0.1931 0.2599 0.048, 0.1886 0.2485 0.048, 0.187 0.2362 0.048, 0.1904 0.2245 0.0355, 0.1948 0.2135 0.0355, 0.2018 0.2039 0.0355, 0.2109 0.1963 0.0355, 0.2216 0.1913 0.0355, 0.2333 0.1891 0.0355, 0.2451 0.1898 0.0355, 0.2563 0.1935 0.0355, 0.2663 0.1998 0.0355, 0.2745 0.2084 0.0355, 0.2802 0.2188 0.0355, 0.2831 0.2303 0.0355, 0.2831 0.2421 0.0355, 0.2802 0.2536 0.0355, 0.2745 0.264 0.0355, 0.2663 0.2726 0.0355, 0.2563 0.279 0.0355, 0.2451 0.2826 0.0355, 0.2333 0.2834 0.0355, 0.2216 0.2812 0.0355, 0.2109 0.2761 0.0355, 0.2018 0.2686 0.0355, 0.1948 0.259 0.0355, 0.1904 0.248 0.0355, 0.189 0.2362 0.0355, 0.1953 0.2257 0.0239, 0.1992 0.2159 0.0239, 0.2055 0.2073 0.0239, 0.2136 0.2006 0.0239, 0.2232 0.1961 0.0239, 0.2336 0.1941 0.0239, 0.2441 0.1948 0.0239, 0.2542 0.198 0.0239, 0.2631 0.2037 0.0239, 0.2704 0.2114 0.0239, 0.2755 0.2207 0.0239, 0.2781 0.2309 0.0239, 0.2781 0.2415 0.0239, 0.2755 0.2518 0.0239, 0.2704 0.261 0.0239, 0.2631 0.2687 0.0239, 0.2542 0.2744 0.0239, 0.2441 0.2777 0.0239, 0.2336 0.2783 0.0239, 0.2232 0.2764 0.0239, 0.2136 0.2719 0.0239, 0.2055 0.2651 0.0239, 0.1992 0.2566 0.0239, 0.1953 0.2467 0.0239, 0.194 0.2362 0.0239, 0.2029 0.2277 0.014, 0.2061 0.2197 0.014, 0.2112 0.2127 0.014, 0.2178 0.2072 0.014, 0.2256 0.2035 0.014, 0.2341 0.2019 0.014, 0.2427 0.2025 0.014, 0.2509 0.2051 0.014, 0.2581 0.2097 0.014, 0.264 0.216 0.014, 0.2682 0.2236 0.014, 0.2703 0.2319 0.014, 0.2703 0.2405 0.014, 0.2682 0.2489 0.014, 0.264 0.2564 0.014, 0.2581 0.2627 0.014, 0.2509 0.2673 0.014, 0.2427 0.27 0.014, 0.2341 0.2705 0.014, 0.2256 0.2689 0.014, 0.2178 0.2652 0.014, 0.2112 0.2597 0.014, 0.2061 0.2528 0.014, 0.2029 0.2448 0.014, 0.2019 0.2362 0.014, 0.2127 0.2302 0.0064, 0.215 0.2245 0.0064, 0.2185 0.2196 0.0064, 0.2232 0.2157 0.0064, 0.2287 0.2132 0.0064, 0.2347 0.212 0.0064, 0.2408 0.2124 0.0064, 0.2465 0.2143 0.0064, 0.2517 0.2175 0.0064, 0.2558 0.222 0.0064, 0.2588 0.2273 0.0064, 0.2603 0.2332 0.0064, 0.2603 0.2393 0.0064, 0.2588 0.2451 0.0064, 0.2558 0.2505 0.0064, 0.2517 0.2549 0.0064, 0.2465 0.2582 0.0064, 0.2408 0.26 0.0064, 0.2347 0.2604 0.0064, 0.2287 0.2593 0.0064, 0.2232 0.2567 0.0064, 0.2185 0.2528 0.0064, 0.215 0.2479 0.0064, 0.2127 0.2423 0.0064, 0.212 0.2362 0.0064, 0.2252 0.3877 0.0016, 0.2241 0.3906 0.0016, 0.2362 0.3937 0.0, 0.2271 0.3851 0.0016, 0.2295 0.3831 0.0016, 0.2323 0.3818 0.0016, 0.2354 0.3812 0.0016, 0.2386 0.3814 0.0016, 0.2416 0.3824 0.0016, 0.2442 0.384 0.0016, 0.2464 0.3863 0.0016, 0.2479 0.3891 0.0016, 0.2487 0.3921 0.0016, 0.2487 0.3953 0.0016, 0.2479 0.3983 0.0016, 0.2464 0.4011 0.0016, 0.2442 0.4034 0.0016, 0.2416 0.405 0.0016, 0.2386 0.406 0.0016, 0.2354 0.4062 0.0016, 0.2323 0.4056 0.0016, 0.2295 0.4043 0.0016, 0.2271 0.4023 0.0016, 0.2252 0.3997 0.0016, 0.2241 0.3968 0.0016, 0.2237 0.3937 0.0016, 0.2723 0.3937 0.0827, 0.272 0.3892 0.0827, 0.2793 0.3883 0.0724, 0.2698 0.3804 0.0827, 0.2766 0.3777 0.0724, 0.2654 0.3725 0.0827, 0.2713 0.3682 0.0724, 0.2592 0.3659 0.0827, 0.2639 0.3602 0.0724, 0.2516 0.3611 0.0827, 0.2547 0.3544 0.0724, 0.243 0.3583 0.0827, 0.2444 0.3511 0.0724, 0.234 0.3577 0.0827, 0.2335 0.3504 0.0724, 0.2251 0.3594 0.0827, 0.2228 0.3524 0.0724, 0.2169 0.3632 0.0827, 0.213 0.357 0.0724, 0.2099 0.369 0.0827, 0.2046 0.364 0.0724, 0.2046 0.3763 0.0827, 0.1982 0.3728 0.0724, 0.2013 0.3847 0.0827, 0.1942 0.3829 0.0724, 0.2001 0.3937 0.0827, 0.1928 0.3937 0.0724, 0.2013 0.4027 0.0827, 0.1942 0.4045 0.0724, 0.2046 0.4111 0.0827, 0.1982 0.4146 0.0724, 0.2099 0.4184 0.0827, 0.2046 0.4234 0.0724, 0.2169 0.4242 0.0827, 0.213 0.4304 0.0724, 0.2251 0.428 0.0827, 0.2228 0.435 0.0724, 0.234 0.4297 0.0827, 0.2335 0.437 0.0724, 0.243 0.4291 0.0827, 0.2444 0.4364 0.0724, 0.2516 0.4264 0.0827, 0.2547 0.433 0.0724, 0.2592 0.4215 0.0827, 0.2639 0.4272 0.0724, 0.2654 0.4149 0.0827, 0.2713 0.4192 0.0724, 0.2698 0.407 0.0827, 0.2766 0.4097 0.0724, 0.272 0.3982 0.0827, 0.2793 0.3991 0.0724, 0.1898 0.3818 0.0606, 0.1943 0.3706 0.0606, 0.2013 0.3609 0.0606, 0.2106 0.3533 0.0606, 0.2214 0.3482 0.0606, 0.2332 0.3459 0.0606, 0.2452 0.3467 0.0606, 0.2566 0.3504 0.0606, 0.2667 0.3568 0.0606, 0.275 0.3656 0.0606, 0.2807 0.3761 0.0606, 0.2837 0.3877 0.0606, 0.2837 0.3997 0.0606, 0.2807 0.4113 0.0606, 0.275 0.4218 0.0606, 0.2667 0.4306 0.0606, 0.2566 0.437 0.0606, 0.2452 0.4407 0.0606, 0.2332 0.4415 0.0606, 0.2214 0.4392 0.0606, 0.2106 0.4341 0.0606, 0.2013 0.4265 0.0606, 0.1943 0.4168 0.0606, 0.1898 0.4056 0.0606, 0.1883 0.3937 0.0606, 0.1886 0.3815 0.048, 0.1931 0.37 0.048, 0.2004 0.36 0.048, 0.2099 0.3522 0.048, 0.221 0.3469 0.048, 0.2331 0.3446 0.048, 0.2454 0.3454 0.048, 0.2572 0.3492 0.048, 0.2676 0.3558 0.048, 0.276 0.3648 0.048, 0.282 0.3756 0.048, 0.285 0.3875 0.048, 0.285 0.3999 0.048, 0.282 0.4118 0.048, 0.276 0.4226 0.048, 0.2676 0.4316 0.048, 0.2572 0.4382 0.048, 0.2454 0.442 0.048, 0.2331 0.4428 0.048, 0.221 0.4405 0.048, 0.2099 0.4352 0.048, 0.2004 0.4274 0.048, 0.1931 0.4174 0.048, 0.1886 0.4059 0.048, 0.187 0.3937 0.048, 0.1904 0.3819 0.0355, 0.1948 0.3709 0.0355, 0.2018 0.3613 0.0355, 0.2109 0.3538 0.0355, 0.2216 0.3488 0.0355, 0.2333 0.3465 0.0355, 0.2451 0.3473 0.0355, 0.2563 0.3509 0.0355, 0.2663 0.3573 0.0355, 0.2745 0.3659 0.0355, 0.2802 0.3763 0.0355, 0.2831 0.3878 0.0355, 0.2831 0.3996 0.0355, 0.2802 0.4111 0.0355, 0.2745 0.4215 0.0355, 0.2663 0.4301 0.0355, 0.2563 0.4365 0.0355, 0.2451 0.4401 0.0355, 0.2333 0.4409 0.0355, 0.2216 0.4386 0.0355, 0.2109 0.4336 0.0355, 0.2018 0.4261 0.0355, 0.1948 0.4165 0.0355, 0.1904 0.4055 0.0355, 0.189 0.3937 0.0355, 0.1953 0.3832 0.0239, 0.1992 0.3734 0.0239, 0.2055 0.3648 0.0239, 0.2136 0.3581 0.0239, 0.2232 0.3536 0.0239, 0.2336 0.3516 0.0239, 0.2441 0.3522 0.0239, 0.2542 0.3555 0.0239, 0.2631 0.3612 0.0239, 0.2704 0.3689 0.0239, 0.2755 0.3782 0.0239, 0.2781 0.3884 0.0239, 0.2781 0.399 0.0239, 0.2755 0.4092 0.0239, 0.2704 0.4185 0.0239, 0.2631 0.4262 0.0239, 0.2542 0.4319 0.0239, 0.2441 0.4352 0.0239, 0.2336 0.4358 0.0239, 0.2232 0.4338 0.0239, 0.2136 0.4293 0.0239, 0.2055 0.4226 0.0239, 0.1992 0.414 0.0239, 0.1953 0.4042 0.0239, 0.194 0.3937 0.0239, 0.2029 0.3852 0.014, 0.2061 0.3771 0.014, 0.2112 0.3702 0.014, 0.2178 0.3647 0.014, 0.2256 0.361 0.014, 0.2341 0.3594 0.014, 0.2427 0.3599 0.014, 0.2509 0.3626 0.014, 0.2581 0.3672 0.014, 0.264 0.3735 0.014, 0.2682 0.3811 0.014, 0.2703 0.3894 0.014, 0.2703 0.398 0.014, 0.2682 0.4063 0.014, 0.264 0.4139 0.014, 0.2581 0.4202 0.014, 0.2509 0.4248 0.014, 0.2427 0.4275 0.014, 0.2341 0.428 0.014, 0.2256 0.4264 0.014, 0.2178 0.4227 0.014, 0.2112 0.4172 0.014, 0.2061 0.4103 0.014, 0.2029 0.4022 0.014, 0.2019 0.3937 0.014, 0.2127 0.3877 0.0064, 0.215 0.382 0.0064, 0.2185 0.3771 0.0064, 0.2232 0.3732 0.0064, 0.2287 0.3706 0.0064, 0.2347 0.3695 0.0064, 0.2408 0.3699 0.0064, 0.2465 0.3718 0.0064, 0.2517 0.375 0.0064, 0.2558 0.3794 0.0064, 0.2588 0.3848 0.0064, 0.2603 0.3907 0.0064, 0.2603 0.3967 0.0064, 0.2588 0.4026 0.0064, 0.2558 0.408 0.0064, 0.2517 0.4124 0.0064, 0.2465 0.4156 0.0064, 0.2408 0.4175 0.0064, 0.2347 0.4179 0.0064, 0.2287 0.4168 0.0064, 0.2232 0.4142 0.0064, 0.2185 0.4103 0.0064, 0.215 0.4054 0.0064, 0.2127 0.3997 0.0064, 0.212 0.3937 0.0064, 0.3827 -0.3997 0.0016, 0.3816 -0.3968 0.0016, 0.3937 -0.3937 0.0, 0.3846 -0.4023 0.0016, 0.387 -0.4043 0.0016, 0.3898 -0.4056 0.0016, 0.3929 -0.4062 0.0016, 0.3961 -0.406 0.0016, 0.399 -0.405 0.0016, 0.4017 -0.4034 0.0016, 0.4038 -0.4011 0.0016, 0.4054 -0.3983 0.0016, 0.4061 -0.3953 0.0016, 0.4061 -0.3921 0.0016, 0.4054 -0.3891 0.0016, 0.4038 -0.3863 0.0016, 0.4017 -0.384 0.0016, 0.399 -0.3824 0.0016, 0.3961 -0.3814 0.0016, 0.3929 -0.3812 0.0016, 0.3898 -0.3818 0.0016, 0.387 -0.3831 0.0016, 0.3846 -0.3851 0.0016, 0.3827 -0.3877 0.0016, 0.3816 -0.3906 0.0016, 0.3812 -0.3937 0.0016, 0.4298 -0.3937 0.0827, 0.4295 -0.3982 0.0827, 0.4368 -0.3991 0.0724, 0.4273 -0.407 0.0827, 0.4341 -0.4097 0.0724, 0.4229 -0.4149 0.0827, 0.4288 -0.4192 0.0724, 0.4167 -0.4215 0.0827, 0.4214 -0.4272 0.0724, 0.4091 -0.4264 0.0827, 0.4122 -0.433 0.0724, 0.4005 -0.4291 0.0827, 0.4018 -0.4364 0.0724, 0.3914 -0.4297 0.0827, 0.391 -0.437 0.0724, 0.3826 -0.428 0.0827, 0.3803 -0.435 0.0724, 0.3744 -0.4242 0.0827, 0.3704 -0.4304 0.0724, 0.3674 -0.4184 0.0827, 0.362 -0.4234 0.0724, 0.3621 -0.4111 0.0827, 0.3557 -0.4146 0.0724, 0.3588 -0.4027 0.0827, 0.3516 -0.4045 0.0724, 0.3576 -0.3937 0.0827, 0.3503 -0.3937 0.0724, 0.3588 -0.3847 0.0827, 0.3516 -0.3829 0.0724, 0.3621 -0.3763 0.0827, 0.3557 -0.3728 0.0724, 0.3674 -0.369 0.0827, 0.362 -0.364 0.0724, 0.3744 -0.3632 0.0827, 0.3704 -0.357 0.0724, 0.3826 -0.3594 0.0827, 0.3803 -0.3524 0.0724, 0.3914 -0.3577 0.0827, 0.391 -0.3504 0.0724, 0.4005 -0.3583 0.0827, 0.4018 -0.3511 0.0724, 0.4091 -0.3611 0.0827, 0.4122 -0.3544 0.0724, 0.4167 -0.3659 0.0827, 0.4214 -0.3602 0.0724, 0.4229 -0.3725 0.0827, 0.4288 -0.3682 0.0724, 0.4273 -0.3804 0.0827, 0.4341 -0.3777 0.0724, 0.4295 -0.3892 0.0827, 0.4368 -0.3883 0.0724, 0.3473 -0.4056 0.0606, 0.3517 -0.4168 0.0606, 0.3588 -0.4265 0.0606, 0.368 -0.4341 0.0606, 0.3789 -0.4392 0.0606, 0.3907 -0.4415 0.0606, 0.4027 -0.4407 0.0606, 0.4141 -0.437 0.0606, 0.4242 -0.4306 0.0606, 0.4324 -0.4218 0.0606, 0.4382 -0.4113 0.0606, 0.4412 -0.3997 0.0606, 0.4412 -0.3877 0.0606, 0.4382 -0.3761 0.0606, 0.4324 -0.3656 0.0606, 0.4242 -0.3568 0.0606, 0.4141 -0.3504 0.0606, 0.4027 -0.3467 0.0606, 0.3907 -0.3459 0.0606, 0.3789 -0.3482 0.0606, 0.368 -0.3533 0.0606, 0.3588 -0.3609 0.0606, 0.3517 -0.3706 0.0606, 0.3473 -0.3818 0.0606, 0.3458 -0.3937 0.0606, 0.346 -0.4059 0.048, 0.3506 -0.4174 0.048, 0.3578 -0.4274 0.048, 0.3673 -0.4352 0.048, 0.3785 -0.4405 0.048, 0.3906 -0.4428 0.048, 0.4029 -0.442 0.048, 0.4146 -0.4382 0.048, 0.4251 -0.4316 0.048, 0.4335 -0.4226 0.048, 0.4394 -0.4118 0.048, 0.4425 -0.3999 0.048, 0.4425 -0.3875 0.048, 0.4394 -0.3756 0.048, 0.4335 -0.3648 0.048, 0.4251 -0.3558 0.048, 0.4146 -0.3492 0.048, 0.4029 -0.3454 0.048, 0.3906 -0.3446 0.048, 0.3785 -0.3469 0.048, 0.3673 -0.3522 0.048, 0.3578 -0.36 0.048, 0.3506 -0.37 0.048, 0.346 -0.3815 0.048, 0.3445 -0.3937 0.048, 0.3479 -0.4055 0.0355, 0.3523 -0.4165 0.0355, 0.3593 -0.4261 0.0355, 0.3684 -0.4336 0.0355, 0.3791 -0.4386 0.0355, 0.3907 -0.4409 0.0355, 0.4026 -0.4401 0.0355, 0.4138 -0.4365 0.0355, 0.4238 -0.4301 0.0355, 0.4319 -0.4215 0.0355, 0.4376 -0.4111 0.0355, 0.4406 -0.3996 0.0355, 0.4406 -0.3878 0.0355, 0.4376 -0.3763 0.0355, 0.4319 -0.3659 0.0355, 0.4238 -0.3573 0.0355, 0.4138 -0.3509 0.0355, 0.4026 -0.3473 0.0355, 0.3907 -0.3465 0.0355, 0.3791 -0.3488 0.0355, 0.3684 -0.3538 0.0355, 0.3593 -0.3613 0.0355, 0.3523 -0.3709 0.0355, 0.3479 -0.3819 0.0355, 0.3464 -0.3937 0.0355, 0.3528 -0.4042 0.0239, 0.3567 -0.414 0.0239, 0.3629 -0.4226 0.0239, 0.3711 -0.4293 0.0239, 0.3807 -0.4338 0.0239, 0.3911 -0.4358 0.0239, 0.4016 -0.4352 0.0239, 0.4117 -0.4319 0.0239, 0.4206 -0.4262 0.0239, 0.4278 -0.4185 0.0239, 0.4329 -0.4092 0.0239, 0.4356 -0.399 0.0239, 0.4356 -0.3884 0.0239, 0.4329 -0.3782 0.0239, 0.4278 -0.3689 0.0239, 0.4206 -0.3612 0.0239, 0.4117 -0.3555 0.0239, 0.4016 -0.3522 0.0239, 0.3911 -0.3516 0.0239, 0.3807 -0.3536 0.0239, 0.3711 -0.3581 0.0239, 0.3629 -0.3648 0.0239, 0.3567 -0.3734 0.0239, 0.3528 -0.3832 0.0239, 0.3515 -0.3937 0.0239, 0.3604 -0.4022 0.014, 0.3636 -0.4103 0.014, 0.3687 -0.4172 0.014, 0.3753 -0.4227 0.014, 0.3831 -0.4264 0.014, 0.3915 -0.428 0.014, 0.4001 -0.4275 0.014, 0.4083 -0.4248 0.014, 0.4156 -0.4202 0.014, 0.4215 -0.4139 0.014, 0.4256 -0.4063 0.014, 0.4278 -0.398 0.014, 0.4278 -0.3894 0.014, 0.4256 -0.3811 0.014, 0.4215 -0.3735 0.014, 0.4156 -0.3672 0.014, 0.4083 -0.3626 0.014, 0.4001 -0.3599 0.014, 0.3915 -0.3594 0.014, 0.3831 -0.361 0.014, 0.3753 -0.3647 0.014, 0.3687 -0.3702 0.014, 0.3636 -0.3771 0.014, 0.3604 -0.3852 0.014, 0.3593 -0.3937 0.014, 0.3702 -0.3997 0.0064, 0.3725 -0.4054 0.0064, 0.376 -0.4103 0.0064, 0.3807 -0.4142 0.0064, 0.3862 -0.4168 0.0064, 0.3922 -0.4179 0.0064, 0.3982 -0.4175 0.0064, 0.404 -0.4156 0.0064, 0.4092 -0.4124 0.0064, 0.4133 -0.408 0.0064, 0.4162 -0.4026 0.0064, 0.4178 -0.3967 0.0064, 0.4178 -0.3907 0.0064, 0.4162 -0.3848 0.0064, 0.4133 -0.3794 0.0064, 0.4092 -0.375 0.0064, 0.404 -0.3718 0.0064, 0.3982 -0.3699 0.0064, 0.3922 -0.3695 0.0064, 0.3862 -0.3706 0.0064, 0.3807 -0.3732 0.0064, 0.376 -0.3771 0.0064, 0.3725 -0.382 0.0064, 0.3702 -0.3877 0.0064, 0.3695 -0.3937 0.0064, 0.3827 -0.2423 0.0016, 0.3816 -0.2393 0.0016, 0.3937 -0.2362 0.0, 0.3846 -0.2448 0.0016, 0.387 -0.2468 0.0016, 0.3898 -0.2481 0.0016, 0.3929 -0.2487 0.0016, 0.3961 -0.2485 0.0016, 0.399 -0.2476 0.0016, 0.4017 -0.2459 0.0016, 0.4038 -0.2436 0.0016, 0.4054 -0.2408 0.0016, 0.4061 -0.2378 0.0016, 0.4061 -0.2346 0.0016, 0.4054 -0.2316 0.0016, 0.4038 -0.2289 0.0016, 0.4017 -0.2266 0.0016, 0.399 -0.2249 0.0016, 0.3961 -0.2239 0.0016, 0.3929 -0.2237 0.0016, 0.3898 -0.2243 0.0016, 0.387 -0.2256 0.0016, 0.3846 -0.2276 0.0016, 0.3827 -0.2302 0.0016, 0.3816 -0.2331 0.0016, 0.3812 -0.2362 0.0016, 0.4298 -0.2362 0.0827, 0.4295 -0.2407 0.0827, 0.4368 -0.2417 0.0724, 0.4273 -0.2495 0.0827, 0.4341 -0.2522 0.0724, 0.4229 -0.2574 0.0827, 0.4288 -0.2617 0.0724, 0.4167 -0.264 0.0827, 0.4214 -0.2697 0.0724, 0.4091 -0.2689 0.0827, 0.4122 -0.2755 0.0724, 0.4005 -0.2717 0.0827, 0.4018 -0.2789 0.0724, 0.3914 -0.2722 0.0827, 0.391 -0.2796 0.0724, 0.3826 -0.2705 0.0827, 0.3803 -0.2775 0.0724, 0.3744 -0.2667 0.0827, 0.3704 -0.2729 0.0724, 0.3674 -0.2609 0.0827, 0.362 -0.2659 0.0724, 0.3621 -0.2536 0.0827, 0.3557 -0.2571 0.0724, 0.3588 -0.2452 0.0827, 0.3516 -0.247 0.0724, 0.3576 -0.2362 0.0827, 0.3503 -0.2362 0.0724, 0.3588 -0.2272 0.0827, 0.3516 -0.2254 0.0724, 0.3621 -0.2188 0.0827, 0.3557 -0.2153 0.0724, 0.3674 -0.2115 0.0827, 0.362 -0.2065 0.0724, 0.3744 -0.2058 0.0827, 0.3704 -0.1996 0.0724, 0.3826 -0.2019 0.0827, 0.3803 -0.1949 0.0724, 0.3914 -0.2002 0.0827, 0.391 -0.1929 0.0724, 0.4005 -0.2008 0.0827, 0.4018 -0.1936 0.0724, 0.4091 -0.2036 0.0827, 0.4122 -0.1969 0.0724, 0.4167 -0.2084 0.0827, 0.4214 -0.2028 0.0724, 0.4229 -0.215 0.0827, 0.4288 -0.2107 0.0724, 0.4273 -0.2229 0.0827, 0.4341 -0.2202 0.0724, 0.4295 -0.2317 0.0827, 0.4368 -0.2308 0.0724, 0.3473 -0.2481 0.0606, 0.3517 -0.2593 0.0606, 0.3588 -0.269 0.0606, 0.368 -0.2767 0.0606, 0.3789 -0.2818 0.0606, 0.3907 -0.284 0.0606, 0.4027 -0.2833 0.0606, 0.4141 -0.2796 0.0606, 0.4242 -0.2731 0.0606, 0.4324 -0.2644 0.0606, 0.4382 -0.2538 0.0606, 0.4412 -0.2422 0.0606, 0.4412 -0.2302 0.0606, 0.4382 -0.2186 0.0606, 0.4324 -0.2081 0.0606, 0.4242 -0.1993 0.0606, 0.4141 -0.1929 0.0606, 0.4027 -0.1892 0.0606, 0.3907 -0.1884 0.0606, 0.3789 -0.1907 0.0606, 0.368 -0.1958 0.0606, 0.3588 -0.2034 0.0606, 0.3517 -0.2132 0.0606, 0.3473 -0.2243 0.0606, 0.3458 -0.2362 0.0606, 0.346 -0.2485 0.048, 0.3506 -0.2599 0.048, 0.3578 -0.2699 0.048, 0.3673 -0.2778 0.048, 0.3785 -0.283 0.048, 0.3906 -0.2853 0.048, 0.4029 -0.2845 0.048, 0.4146 -0.2807 0.048, 0.4251 -0.2741 0.048, 0.4335 -0.2651 0.048, 0.4394 -0.2543 0.048, 0.4425 -0.2424 0.048, 0.4425 -0.2301 0.048, 0.4394 -0.2181 0.048, 0.4335 -0.2073 0.048, 0.4251 -0.1983 0.048, 0.4146 -0.1917 0.048, 0.4029 -0.1879 0.048, 0.3906 -0.1871 0.048, 0.3785 -0.1894 0.048, 0.3673 -0.1947 0.048, 0.3578 -0.2025 0.048, 0.3506 -0.2125 0.048, 0.346 -0.224 0.048, 0.3445 -0.2362 0.048, 0.3479 -0.248 0.0355, 0.3523 -0.259 0.0355, 0.3593 -0.2686 0.0355, 0.3684 -0.2761 0.0355, 0.3791 -0.2812 0.0355, 0.3907 -0.2834 0.0355, 0.4026 -0.2826 0.0355, 0.4138 -0.279 0.0355, 0.4238 -0.2726 0.0355, 0.4319 -0.264 0.0355, 0.4376 -0.2536 0.0355, 0.4406 -0.2421 0.0355, 0.4406 -0.2303 0.0355, 0.4376 -0.2188 0.0355, 0.4319 -0.2084 0.0355, 0.4238 -0.1998 0.0355, 0.4138 -0.1935 0.0355, 0.4026 -0.1898 0.0355, 0.3907 -0.1891 0.0355, 0.3791 -0.1913 0.0355, 0.3684 -0.1963 0.0355, 0.3593 -0.2039 0.0355, 0.3523 -0.2135 0.0355, 0.3479 -0.2245 0.0355, 0.3464 -0.2362 0.0355, 0.3528 -0.2467 0.0239, 0.3567 -0.2566 0.0239, 0.3629 -0.2651 0.0239, 0.3711 -0.2719 0.0239, 0.3807 -0.2764 0.0239, 0.3911 -0.2783 0.0239, 0.4016 -0.2777 0.0239, 0.4117 -0.2744 0.0239, 0.4206 -0.2687 0.0239, 0.4278 -0.261 0.0239, 0.4329 -0.2518 0.0239, 0.4356 -0.2415 0.0239, 0.4356 -0.2309 0.0239, 0.4329 -0.2207 0.0239, 0.4278 -0.2114 0.0239, 0.4206 -0.2037 0.0239, 0.4117 -0.198 0.0239, 0.4016 -0.1948 0.0239, 0.3911 -0.1941 0.0239, 0.3807 -0.1961 0.0239, 0.3711 -0.2006 0.0239, 0.3629 -0.2073 0.0239, 0.3567 -0.2159 0.0239, 0.3528 -0.2257 0.0239, 0.3515 -0.2362 0.0239, 0.3604 -0.2448 0.014, 0.3636 -0.2528 0.014, 0.3687 -0.2597 0.014, 0.3753 -0.2652 0.014, 0.3831 -0.2689 0.014, 0.3915 -0.2705 0.014, 0.4001 -0.27 0.014, 0.4083 -0.2673 0.014, 0.4156 -0.2627 0.014, 0.4215 -0.2564 0.014, 0.4256 -0.2489 0.014, 0.4278 -0.2405 0.014, 0.4278 -0.2319 0.014, 0.4256 -0.2236 0.014, 0.4215 -0.216 0.014, 0.4156 -0.2097 0.014, 0.4083 -0.2051 0.014, 0.4001 -0.2025 0.014, 0.3915 -0.2019 0.014, 0.3831 -0.2035 0.014, 0.3753 -0.2072 0.014, 0.3687 -0.2127 0.014, 0.3636 -0.2197 0.014, 0.3604 -0.2277 0.014, 0.3593 -0.2362 0.014, 0.3702 -0.2423 0.0064, 0.3725 -0.2479 0.0064, 0.376 -0.2528 0.0064, 0.3807 -0.2567 0.0064, 0.3862 -0.2593 0.0064, 0.3922 -0.2604 0.0064, 0.3982 -0.26 0.0064, 0.404 -0.2582 0.0064, 0.4092 -0.2549 0.0064, 0.4133 -0.2505 0.0064, 0.4162 -0.2451 0.0064, 0.4178 -0.2393 0.0064, 0.4178 -0.2332 0.0064, 0.4162 -0.2273 0.0064, 0.4133 -0.222 0.0064, 0.4092 -0.2175 0.0064, 0.404 -0.2143 0.0064, 0.3982 -0.2124 0.0064, 0.3922 -0.212 0.0064, 0.3862 -0.2132 0.0064, 0.3807 -0.2157 0.0064, 0.376 -0.2196 0.0064, 0.3725 -0.2245 0.0064, 0.3702 -0.2302 0.0064, 0.3695 -0.2362 0.0064, 0.3827 -0.0848 0.0016, 0.3816 -0.0819 0.0016, 0.3937 -0.0787 0.0, 0.3846 -0.0873 0.0016, 0.387 -0.0893 0.0016, 0.3898 -0.0907 0.0016, 0.3929 -0.0913 0.0016, 0.3961 -0.0911 0.0016, 0.399 -0.0901 0.0016, 0.4017 -0.0884 0.0016, 0.4038 -0.0861 0.0016, 0.4054 -0.0834 0.0016, 0.4061 -0.0803 0.0016, 0.4061 -0.0772 0.0016, 0.4054 -0.0741 0.0016, 0.4038 -0.0714 0.0016, 0.4017 -0.0691 0.0016, 0.399 -0.0674 0.0016, 0.3961 -0.0664 0.0016, 0.3929 -0.0662 0.0016, 0.3898 -0.0668 0.0016, 0.387 -0.0682 0.0016, 0.3846 -0.0702 0.0016, 0.3827 -0.0727 0.0016, 0.3816 -0.0756 0.0016, 0.3812 -0.0787 0.0016, 0.4295 -0.0742 0.0827, 0.4298 -0.0787 0.0827, 0.4368 -0.0842 0.0724, 0.4368 -0.0733 0.0724, 0.4341 -0.0628 0.0724, 0.4273 -0.0655 0.0827, 0.4288 -0.0532 0.0724, 0.4229 -0.0575 0.0827, 0.4214 -0.0453 0.0724, 0.4167 -0.0509 0.0827, 0.4122 -0.0395 0.0724, 0.4091 -0.0461 0.0827, 0.4018 -0.0361 0.0724, 0.4005 -0.0433 0.0827, 0.391 -0.0354 0.0724, 0.3914 -0.0427 0.0827, 0.3803 -0.0374 0.0724, 0.3826 -0.0444 0.0827, 0.3704 -0.0421 0.0724, 0.3744 -0.0483 0.0827, 0.362 -0.049 0.0724, 0.3674 -0.054 0.0827, 0.3557 -0.0578 0.0724, 0.3621 -0.0614 0.0827, 0.3516 -0.0679 0.0724, 0.3588 -0.0698 0.0827, 0.3503 -0.0787 0.0724, 0.3576 -0.0787 0.0827, 0.3516 -0.0895 0.0724, 0.3588 -0.0877 0.0827, 0.3557 -0.0997 0.0724, 0.3621 -0.0961 0.0827, 0.362 -0.1085 0.0724, 0.3674 -0.1034 0.0827, 0.3704 -0.1154 0.0724, 0.3744 -0.1092 0.0827, 0.3803 -0.12 0.0724, 0.3826 -0.1131 0.0827, 0.391 -0.1221 0.0724, 0.3914 -0.1148 0.0827, 0.4018 -0.1214 0.0724, 0.4005 -0.1142 0.0827, 0.4122 -0.118 0.0724, 0.4091 -0.1114 0.0827, 0.4214 -0.1122 0.0724, 0.4167 -0.1065 0.0827, 0.4288 -0.1043 0.0724, 0.4229 -0.0999 0.0827, 0.4341 -0.0947 0.0724, 0.4273 -0.092 0.0827, 0.4295 -0.0833 0.0827, 0.3473 -0.0906 0.0606, 0.3517 -0.1018 0.0606, 0.3588 -0.1115 0.0606, 0.368 -0.1192 0.0606, 0.3789 -0.1243 0.0606, 0.3907 -0.1265 0.0606, 0.4027 -0.1258 0.0606, 0.4141 -0.1221 0.0606, 0.4242 -0.1156 0.0606, 0.4324 -0.1069 0.0606, 0.4382 -0.0964 0.0606, 0.4412 -0.0847 0.0606, 0.4412 -0.0727 0.0606, 0.4382 -0.0611 0.0606, 0.4324 -0.0506 0.0606, 0.4242 -0.0418 0.0606, 0.4141 -0.0354 0.0606, 0.4027 -0.0317 0.0606, 0.3907 -0.0309 0.0606, 0.3789 -0.0332 0.0606, 0.368 -0.0383 0.0606, 0.3588 -0.046 0.0606, 0.3517 -0.0557 0.0606, 0.3473 -0.0668 0.0606, 0.3458 -0.0787 0.0606, 0.346 -0.091 0.048, 0.3506 -0.1024 0.048, 0.3578 -0.1124 0.048, 0.3673 -0.1203 0.048, 0.3785 -0.1255 0.048, 0.3906 -0.1278 0.048, 0.4029 -0.1271 0.048, 0.4146 -0.1233 0.048, 0.4251 -0.1166 0.048, 0.4335 -0.1077 0.048, 0.4394 -0.0969 0.048, 0.4425 -0.0849 0.048, 0.4425 -0.0726 0.048, 0.4394 -0.0606 0.048, 0.4335 -0.0498 0.048, 0.4251 -0.0408 0.048, 0.4146 -0.0342 0.048, 0.4029 -0.0304 0.048, 0.3906 -0.0296 0.048, 0.3785 -0.032 0.048, 0.3673 -0.0372 0.048, 0.3578 -0.0451 0.048, 0.3506 -0.055 0.048, 0.346 -0.0665 0.048, 0.3445 -0.0787 0.048, 0.3479 -0.0905 0.0355, 0.3523 -0.1015 0.0355, 0.3593 -0.1111 0.0355, 0.3684 -0.1186 0.0355, 0.3791 -0.1237 0.0355, 0.3907 -0.1259 0.0355, 0.4026 -0.1252 0.0355, 0.4138 -0.1215 0.0355, 0.4238 -0.1152 0.0355, 0.4319 -0.1065 0.0355, 0.4376 -0.0961 0.0355, 0.4406 -0.0847 0.0355, 0.4406 -0.0728 0.0355, 0.4376 -0.0613 0.0355, 0.4319 -0.051 0.0355, 0.4238 -0.0423 0.0355, 0.4138 -0.036 0.0355, 0.4026 -0.0323 0.0355, 0.3907 -0.0316 0.0355, 0.3791 -0.0338 0.0355, 0.3684 -0.0388 0.0355, 0.3593 -0.0464 0.0355, 0.3523 -0.056 0.0355, 0.3479 -0.067 0.0355, 0.3464 -0.0787 0.0355, 0.3528 -0.0892 0.0239, 0.3567 -0.0991 0.0239, 0.3629 -0.1076 0.0239, 0.3711 -0.1144 0.0239, 0.3807 -0.1189 0.0239, 0.3911 -0.1209 0.0239, 0.4016 -0.1202 0.0239, 0.4117 -0.1169 0.0239, 0.4206 -0.1113 0.0239, 0.4278 -0.1035 0.0239, 0.4329 -0.0943 0.0239, 0.4356 -0.084 0.0239, 0.4356 -0.0735 0.0239, 0.4329 -0.0632 0.0239, 0.4278 -0.0539 0.0239, 0.4206 -0.0462 0.0239, 0.4117 -0.0406 0.0239, 0.4016 -0.0373 0.0239, 0.3911 -0.0366 0.0239, 0.3807 -0.0386 0.0239, 0.3711 -0.0431 0.0239, 0.3629 -0.0499 0.0239, 0.3567 -0.0584 0.0239, 0.3528 -0.0682 0.0239, 0.3515 -0.0787 0.0239, 0.3604 -0.0873 0.014, 0.3636 -0.0953 0.014, 0.3687 -0.1023 0.014, 0.3753 -0.1078 0.014, 0.3831 -0.1114 0.014, 0.3915 -0.113 0.014, 0.4001 -0.1125 0.014, 0.4083 -0.1098 0.014, 0.4156 -0.1052 0.014, 0.4215 -0.0989 0.014, 0.4256 -0.0914 0.014, 0.4278 -0.083 0.014, 0.4278 -0.0744 0.014, 0.4256 -0.0661 0.014, 0.4215 -0.0585 0.014, 0.4156 -0.0523 0.014, 0.4083 -0.0477 0.014, 0.4001 -0.045 0.014, 0.3915 -0.0444 0.014, 0.3831 -0.0461 0.014, 0.3753 -0.0497 0.014, 0.3687 -0.0552 0.014, 0.3636 -0.0622 0.014, 0.3604 -0.0702 0.014, 0.3593 -0.0787 0.014, 0.3702 -0.0848 0.0064, 0.3725 -0.0904 0.0064, 0.376 -0.0953 0.0064, 0.3807 -0.0992 0.0064, 0.3862 -0.1018 0.0064, 0.3922 -0.1029 0.0064, 0.3982 -0.1026 0.0064, 0.404 -0.1007 0.0064, 0.4092 -0.0974 0.0064, 0.4133 -0.093 0.0064, 0.4162 -0.0877 0.0064, 0.4178 -0.0818 0.0064, 0.4178 -0.0757 0.0064, 0.4162 -0.0698 0.0064, 0.4133 -0.0645 0.0064, 0.4092 -0.0601 0.0064, 0.404 -0.0568 0.0064, 0.3982 -0.0549 0.0064, 0.3922 -0.0545 0.0064, 0.3862 -0.0557 0.0064, 0.3807 -0.0583 0.0064, 0.376 -0.0621 0.0064, 0.3725 -0.0671 0.0064, 0.3702 -0.0727 0.0064, 0.3695 -0.0787 0.0064, 0.3827 0.0727 0.0016, 0.3816 0.0756 0.0016, 0.3937 0.0787 0.0, 0.3846 0.0702 0.0016, 0.387 0.0682 0.0016, 0.3898 0.0668 0.0016, 0.3929 0.0662 0.0016, 0.3961 0.0664 0.0016, 0.399 0.0674 0.0016, 0.4017 0.0691 0.0016, 0.4038 0.0714 0.0016, 0.4054 0.0741 0.0016, 0.4061 0.0772 0.0016, 0.4061 0.0803 0.0016, 0.4054 0.0834 0.0016, 0.4038 0.0861 0.0016, 0.4017 0.0884 0.0016, 0.399 0.0901 0.0016, 0.3961 0.0911 0.0016, 0.3929 0.0913 0.0016, 0.3898 0.0907 0.0016, 0.387 0.0893 0.0016, 0.3846 0.0873 0.0016, 0.3827 0.0848 0.0016, 0.3816 0.0819 0.0016, 0.3812 0.0787 0.0016, 0.4295 0.0833 0.0827, 0.4298 0.0787 0.0827, 0.4368 0.0733 0.0724, 0.4368 0.0842 0.0724, 0.4341 0.0947 0.0724, 0.4273 0.092 0.0827, 0.4288 0.1043 0.0724, 0.4229 0.0999 0.0827, 0.4214 0.1122 0.0724, 0.4167 0.1065 0.0827, 0.4122 0.118 0.0724, 0.4091 0.1114 0.0827, 0.4018 0.1214 0.0724, 0.4005 0.1142 0.0827, 0.391 0.1221 0.0724, 0.3914 0.1148 0.0827, 0.3803 0.12 0.0724, 0.3826 0.1131 0.0827, 0.3704 0.1154 0.0724, 0.3744 0.1092 0.0827, 0.362 0.1085 0.0724, 0.3674 0.1034 0.0827, 0.3557 0.0997 0.0724, 0.3621 0.0961 0.0827, 0.3516 0.0895 0.0724, 0.3588 0.0877 0.0827, 0.3503 0.0787 0.0724, 0.3576 0.0787 0.0827, 0.3516 0.0679 0.0724, 0.3588 0.0698 0.0827, 0.3557 0.0578 0.0724, 0.3621 0.0614 0.0827, 0.362 0.049 0.0724, 0.3674 0.054 0.0827, 0.3704 0.0421 0.0724, 0.3744 0.0483 0.0827, 0.3803 0.0374 0.0724, 0.3826 0.0444 0.0827, 0.391 0.0354 0.0724, 0.3914 0.0427 0.0827, 0.4018 0.0361 0.0724, 0.4005 0.0433 0.0827, 0.4122 0.0395 0.0724, 0.4091 0.0461 0.0827, 0.4214 0.0453 0.0724, 0.4167 0.0509 0.0827, 0.4288 0.0532 0.0724, 0.4229 0.0575 0.0827, 0.4341 0.0628 0.0724, 0.4273 0.0655 0.0827, 0.4295 0.0742 0.0827, 0.3473 0.0668 0.0606, 0.3517 0.0557 0.0606, 0.3588 0.046 0.0606, 0.368 0.0383 0.0606, 0.3789 0.0332 0.0606, 0.3907 0.0309 0.0606, 0.4027 0.0317 0.0606, 0.4141 0.0354 0.0606, 0.4242 0.0418 0.0606, 0.4324 0.0506 0.0606, 0.4382 0.0611 0.0606, 0.4412 0.0727 0.0606, 0.4412 0.0847 0.0606, 0.4382 0.0964 0.0606, 0.4324 0.1069 0.0606, 0.4242 0.1156 0.0606, 0.4141 0.1221 0.0606, 0.4027 0.1258 0.0606, 0.3907 0.1265 0.0606, 0.3789 0.1243 0.0606, 0.368 0.1192 0.0606, 0.3588 0.1115 0.0606, 0.3517 0.1018 0.0606, 0.3473 0.0906 0.0606, 0.3458 0.0787 0.0606, 0.346 0.0665 0.048, 0.3506 0.055 0.048, 0.3578 0.0451 0.048, 0.3673 0.0372 0.048, 0.3785 0.032 0.048, 0.3906 0.0296 0.048, 0.4029 0.0304 0.048, 0.4146 0.0342 0.048, 0.4251 0.0408 0.048, 0.4335 0.0498 0.048, 0.4394 0.0606 0.048, 0.4425 0.0726 0.048, 0.4425 0.0849 0.048, 0.4394 0.0969 0.048, 0.4335 0.1077 0.048, 0.4251 0.1166 0.048, 0.4146 0.1233 0.048, 0.4029 0.1271 0.048, 0.3906 0.1278 0.048, 0.3785 0.1255 0.048, 0.3673 0.1203 0.048, 0.3578 0.1124 0.048, 0.3506 0.1024 0.048, 0.346 0.091 0.048, 0.3445 0.0787 0.048, 0.3479 0.067 0.0355, 0.3523 0.056 0.0355, 0.3593 0.0464 0.0355, 0.3684 0.0388 0.0355, 0.3791 0.0338 0.0355, 0.3907 0.0316 0.0355, 0.4026 0.0323 0.0355, 0.4138 0.036 0.0355, 0.4238 0.0423 0.0355, 0.4319 0.051 0.0355, 0.4376 0.0613 0.0355, 0.4406 0.0728 0.0355, 0.4406 0.0847 0.0355, 0.4376 0.0961 0.0355, 0.4319 0.1065 0.0355, 0.4238 0.1152 0.0355, 0.4138 0.1215 0.0355, 0.4026 0.1252 0.0355, 0.3907 0.1259 0.0355, 0.3791 0.1237 0.0355, 0.3684 0.1186 0.0355, 0.3593 0.1111 0.0355, 0.3523 0.1015 0.0355, 0.3479 0.0905 0.0355, 0.3464 0.0787 0.0355, 0.3528 0.0682 0.0239, 0.3567 0.0584 0.0239, 0.3629 0.0499 0.0239, 0.3711 0.0431 0.0239, 0.3807 0.0386 0.0239, 0.3911 0.0366 0.0239, 0.4016 0.0373 0.0239, 0.4117 0.0406 0.0239, 0.4206 0.0462 0.0239, 0.4278 0.0539 0.0239, 0.4329 0.0632 0.0239, 0.4356 0.0735 0.0239, 0.4356 0.084 0.0239, 0.4329 0.0943 0.0239, 0.4278 0.1035 0.0239, 0.4206 0.1113 0.0239, 0.4117 0.1169 0.0239, 0.4016 0.1202 0.0239, 0.3911 0.1209 0.0239, 0.3807 0.1189 0.0239, 0.3711 0.1144 0.0239, 0.3629 0.1076 0.0239, 0.3567 0.0991 0.0239, 0.3528 0.0892 0.0239, 0.3515 0.0787 0.0239, 0.3604 0.0702 0.014, 0.3636 0.0622 0.014, 0.3687 0.0552 0.014, 0.3753 0.0497 0.014, 0.3831 0.0461 0.014, 0.3915 0.0444 0.014, 0.4001 0.045 0.014, 0.4083 0.0477 0.014, 0.4156 0.0523 0.014, 0.4215 0.0585 0.014, 0.4256 0.0661 0.014, 0.4278 0.0744 0.014, 0.4278 0.083 0.014, 0.4256 0.0914 0.014, 0.4215 0.0989 0.014, 0.4156 0.1052 0.014, 0.4083 0.1098 0.014, 0.4001 0.1125 0.014, 0.3915 0.113 0.014, 0.3831 0.1114 0.014, 0.3753 0.1078 0.014, 0.3687 0.1023 0.014, 0.3636 0.0953 0.014, 0.3604 0.0873 0.014, 0.3593 0.0787 0.014, 0.3702 0.0727 0.0064, 0.3725 0.0671 0.0064, 0.376 0.0621 0.0064, 0.3807 0.0583 0.0064, 0.3862 0.0557 0.0064, 0.3922 0.0545 0.0064, 0.3982 0.0549 0.0064, 0.404 0.0568 0.0064, 0.4092 0.0601 0.0064, 0.4133 0.0645 0.0064, 0.4162 0.0698 0.0064, 0.4178 0.0757 0.0064, 0.4178 0.0818 0.0064, 0.4162 0.0877 0.0064, 0.4133 0.093 0.0064, 0.4092 0.0974 0.0064, 0.404 0.1007 0.0064, 0.3982 0.1026 0.0064, 0.3922 0.1029 0.0064, 0.3862 0.1018 0.0064, 0.3807 0.0992 0.0064, 0.376 0.0953 0.0064, 0.3725 0.0904 0.0064, 0.3702 0.0848 0.0064, 0.3695 0.0787 0.0064, 0.3827 0.2302 0.0016, 0.3816 0.2331 0.0016, 0.3937 0.2362 0.0, 0.3846 0.2276 0.0016, 0.387 0.2256 0.0016, 0.3898 0.2243 0.0016, 0.3929 0.2237 0.0016, 0.3961 0.2239 0.0016, 0.399 0.2249 0.0016, 0.4017 0.2266 0.0016, 0.4038 0.2289 0.0016, 0.4054 0.2316 0.0016, 0.4061 0.2346 0.0016, 0.4061 0.2378 0.0016, 0.4054 0.2408 0.0016, 0.4038 0.2436 0.0016, 0.4017 0.2459 0.0016, 0.399 0.2476 0.0016, 0.3961 0.2485 0.0016, 0.3929 0.2487 0.0016, 0.3898 0.2481 0.0016, 0.387 0.2468 0.0016, 0.3846 0.2448 0.0016, 0.3827 0.2423 0.0016, 0.3816 0.2393 0.0016, 0.3812 0.2362 0.0016, 0.4298 0.2362 0.0827, 0.4295 0.2317 0.0827, 0.4368 0.2308 0.0724, 0.4273 0.2229 0.0827, 0.4341 0.2202 0.0724, 0.4229 0.215 0.0827, 0.4288 0.2107 0.0724, 0.4167 0.2084 0.0827, 0.4214 0.2028 0.0724, 0.4091 0.2036 0.0827, 0.4122 0.1969 0.0724, 0.4005 0.2008 0.0827, 0.4018 0.1936 0.0724, 0.3914 0.2002 0.0827, 0.391 0.1929 0.0724, 0.3826 0.2019 0.0827, 0.3803 0.1949 0.0724, 0.3744 0.2058 0.0827, 0.3704 0.1996 0.0724, 0.3674 0.2115 0.0827, 0.362 0.2065 0.0724, 0.3621 0.2188 0.0827, 0.3557 0.2153 0.0724, 0.3588 0.2272 0.0827, 0.3516 0.2254 0.0724, 0.3576 0.2362 0.0827, 0.3503 0.2362 0.0724, 0.3588 0.2452 0.0827, 0.3516 0.247 0.0724, 0.3621 0.2536 0.0827, 0.3557 0.2571 0.0724, 0.3674 0.2609 0.0827, 0.362 0.2659 0.0724, 0.3744 0.2667 0.0827, 0.3704 0.2729 0.0724, 0.3826 0.2705 0.0827, 0.3803 0.2775 0.0724, 0.3914 0.2722 0.0827, 0.391 0.2796 0.0724, 0.4005 0.2717 0.0827, 0.4018 0.2789 0.0724, 0.4091 0.2689 0.0827, 0.4122 0.2755 0.0724, 0.4167 0.264 0.0827, 0.4214 0.2697 0.0724, 0.4229 0.2574 0.0827, 0.4288 0.2617 0.0724, 0.4273 0.2495 0.0827, 0.4341 0.2522 0.0724, 0.4295 0.2407 0.0827, 0.4368 0.2417 0.0724, 0.3473 0.2243 0.0606, 0.3517 0.2132 0.0606, 0.3588 0.2034 0.0606, 0.368 0.1958 0.0606, 0.3789 0.1907 0.0606, 0.3907 0.1884 0.0606, 0.4027 0.1892 0.0606, 0.4141 0.1929 0.0606, 0.4242 0.1993 0.0606, 0.4324 0.2081 0.0606, 0.4382 0.2186 0.0606, 0.4412 0.2302 0.0606, 0.4412 0.2422 0.0606, 0.4382 0.2538 0.0606, 0.4324 0.2644 0.0606, 0.4242 0.2731 0.0606, 0.4141 0.2796 0.0606, 0.4027 0.2833 0.0606, 0.3907 0.284 0.0606, 0.3789 0.2818 0.0606, 0.368 0.2767 0.0606, 0.3588 0.269 0.0606, 0.3517 0.2593 0.0606, 0.3473 0.2481 0.0606, 0.3458 0.2362 0.0606, 0.346 0.224 0.048, 0.3506 0.2125 0.048, 0.3578 0.2025 0.048, 0.3673 0.1947 0.048, 0.3785 0.1894 0.048, 0.3906 0.1871 0.048, 0.4029 0.1879 0.048, 0.4146 0.1917 0.048, 0.4251 0.1983 0.048, 0.4335 0.2073 0.048, 0.4394 0.2181 0.048, 0.4425 0.2301 0.048, 0.4425 0.2424 0.048, 0.4394 0.2543 0.048, 0.4335 0.2651 0.048, 0.4251 0.2741 0.048, 0.4146 0.2807 0.048, 0.4029 0.2845 0.048, 0.3906 0.2853 0.048, 0.3785 0.283 0.048, 0.3673 0.2778 0.048, 0.3578 0.2699 0.048, 0.3506 0.2599 0.048, 0.346 0.2485 0.048, 0.3445 0.2362 0.048, 0.3479 0.2245 0.0355, 0.3523 0.2135 0.0355, 0.3593 0.2039 0.0355, 0.3684 0.1963 0.0355, 0.3791 0.1913 0.0355, 0.3907 0.1891 0.0355, 0.4026 0.1898 0.0355, 0.4138 0.1935 0.0355, 0.4238 0.1998 0.0355, 0.4319 0.2084 0.0355, 0.4376 0.2188 0.0355, 0.4406 0.2303 0.0355, 0.4406 0.2421 0.0355, 0.4376 0.2536 0.0355, 0.4319 0.264 0.0355, 0.4238 0.2726 0.0355, 0.4138 0.279 0.0355, 0.4026 0.2826 0.0355, 0.3907 0.2834 0.0355, 0.3791 0.2812 0.0355, 0.3684 0.2761 0.0355, 0.3593 0.2686 0.0355, 0.3523 0.259 0.0355, 0.3479 0.248 0.0355, 0.3464 0.2362 0.0355, 0.3528 0.2257 0.0239, 0.3567 0.2159 0.0239, 0.3629 0.2073 0.0239, 0.3711 0.2006 0.0239, 0.3807 0.1961 0.0239, 0.3911 0.1941 0.0239, 0.4016 0.1948 0.0239, 0.4117 0.198 0.0239, 0.4206 0.2037 0.0239, 0.4278 0.2114 0.0239, 0.4329 0.2207 0.0239, 0.4356 0.2309 0.0239, 0.4356 0.2415 0.0239, 0.4329 0.2518 0.0239, 0.4278 0.261 0.0239, 0.4206 0.2687 0.0239, 0.4117 0.2744 0.0239, 0.4016 0.2777 0.0239, 0.3911 0.2783 0.0239, 0.3807 0.2764 0.0239, 0.3711 0.2719 0.0239, 0.3629 0.2651 0.0239, 0.3567 0.2566 0.0239, 0.3528 0.2467 0.0239, 0.3515 0.2362 0.0239, 0.3604 0.2277 0.014, 0.3636 0.2197 0.014, 0.3687 0.2127 0.014, 0.3753 0.2072 0.014, 0.3831 0.2035 0.014, 0.3915 0.2019 0.014, 0.4001 0.2025 0.014, 0.4083 0.2051 0.014, 0.4156 0.2097 0.014, 0.4215 0.216 0.014, 0.4256 0.2236 0.014, 0.4278 0.2319 0.014, 0.4278 0.2405 0.014, 0.4256 0.2489 0.014, 0.4215 0.2564 0.014, 0.4156 0.2627 0.014, 0.4083 0.2673 0.014, 0.4001 0.27 0.014, 0.3915 0.2705 0.014, 0.3831 0.2689 0.014, 0.3753 0.2652 0.014, 0.3687 0.2597 0.014, 0.3636 0.2528 0.014, 0.3604 0.2448 0.014, 0.3593 0.2362 0.014, 0.3702 0.2302 0.0064, 0.3725 0.2245 0.0064, 0.376 0.2196 0.0064, 0.3807 0.2157 0.0064, 0.3862 0.2132 0.0064, 0.3922 0.212 0.0064, 0.3982 0.2124 0.0064, 0.404 0.2143 0.0064, 0.4092 0.2175 0.0064, 0.4133 0.222 0.0064, 0.4162 0.2273 0.0064, 0.4178 0.2332 0.0064, 0.4178 0.2393 0.0064, 0.4162 0.2451 0.0064, 0.4133 0.2505 0.0064, 0.4092 0.2549 0.0064, 0.404 0.2582 0.0064, 0.3982 0.26 0.0064, 0.3922 0.2604 0.0064, 0.3862 0.2593 0.0064, 0.3807 0.2567 0.0064, 0.376 0.2528 0.0064, 0.3725 0.2479 0.0064, 0.3702 0.2423 0.0064, 0.3695 0.2362 0.0064, 0.3827 0.3877 0.0016, 0.3816 0.3906 0.0016, 0.3937 0.3937 0.0, 0.3846 0.3851 0.0016, 0.387 0.3831 0.0016, 0.3898 0.3818 0.0016, 0.3929 0.3812 0.0016, 0.3961 0.3814 0.0016, 0.399 0.3824 0.0016, 0.4017 0.384 0.0016, 0.4038 0.3863 0.0016, 0.4054 0.3891 0.0016, 0.4061 0.3921 0.0016, 0.4061 0.3953 0.0016, 0.4054 0.3983 0.0016, 0.4038 0.4011 0.0016, 0.4017 0.4034 0.0016, 0.399 0.405 0.0016, 0.3961 0.406 0.0016, 0.3929 0.4062 0.0016, 0.3898 0.4056 0.0016, 0.387 0.4043 0.0016, 0.3846 0.4023 0.0016, 0.3827 0.3997 0.0016, 0.3816 0.3968 0.0016, 0.3812 0.3937 0.0016, 0.4298 0.3937 0.0827, 0.4295 0.3892 0.0827, 0.4368 0.3883 0.0724, 0.4273 0.3804 0.0827, 0.4341 0.3777 0.0724, 0.4229 0.3725 0.0827, 0.4288 0.3682 0.0724, 0.4167 0.3659 0.0827, 0.4214 0.3602 0.0724, 0.4091 0.3611 0.0827, 0.4122 0.3544 0.0724, 0.4005 0.3583 0.0827, 0.4018 0.3511 0.0724, 0.3914 0.3577 0.0827, 0.391 0.3504 0.0724, 0.3826 0.3594 0.0827, 0.3803 0.3524 0.0724, 0.3744 0.3632 0.0827, 0.3704 0.357 0.0724, 0.3674 0.369 0.0827, 0.362 0.364 0.0724, 0.3621 0.3763 0.0827, 0.3557 0.3728 0.0724, 0.3588 0.3847 0.0827, 0.3516 0.3829 0.0724, 0.3576 0.3937 0.0827, 0.3503 0.3937 0.0724, 0.3588 0.4027 0.0827, 0.3516 0.4045 0.0724, 0.3621 0.4111 0.0827, 0.3557 0.4146 0.0724, 0.3674 0.4184 0.0827, 0.362 0.4234 0.0724, 0.3744 0.4242 0.0827, 0.3704 0.4304 0.0724, 0.3826 0.428 0.0827, 0.3803 0.435 0.0724, 0.3914 0.4297 0.0827, 0.391 0.437 0.0724, 0.4005 0.4291 0.0827, 0.4018 0.4364 0.0724, 0.4091 0.4264 0.0827, 0.4122 0.433 0.0724, 0.4167 0.4215 0.0827, 0.4214 0.4272 0.0724, 0.4229 0.4149 0.0827, 0.4288 0.4192 0.0724, 0.4273 0.407 0.0827, 0.4341 0.4097 0.0724, 0.4295 0.3982 0.0827, 0.4368 0.3991 0.0724, 0.3473 0.3818 0.0606, 0.3517 0.3706 0.0606, 0.3588 0.3609 0.0606, 0.368 0.3533 0.0606, 0.3789 0.3482 0.0606, 0.3907 0.3459 0.0606, 0.4027 0.3467 0.0606, 0.4141 0.3504 0.0606, 0.4242 0.3568 0.0606, 0.4324 0.3656 0.0606, 0.4382 0.3761 0.0606, 0.4412 0.3877 0.0606, 0.4412 0.3997 0.0606, 0.4382 0.4113 0.0606, 0.4324 0.4218 0.0606, 0.4242 0.4306 0.0606, 0.4141 0.437 0.0606, 0.4027 0.4407 0.0606, 0.3907 0.4415 0.0606, 0.3789 0.4392 0.0606, 0.368 0.4341 0.0606, 0.3588 0.4265 0.0606, 0.3517 0.4168 0.0606, 0.3473 0.4056 0.0606, 0.3458 0.3937 0.0606, 0.346 0.3815 0.048, 0.3506 0.37 0.048, 0.3578 0.36 0.048, 0.3673 0.3522 0.048, 0.3785 0.3469 0.048, 0.3906 0.3446 0.048, 0.4029 0.3454 0.048, 0.4146 0.3492 0.048, 0.4251 0.3558 0.048, 0.4335 0.3648 0.048, 0.4394 0.3756 0.048, 0.4425 0.3875 0.048, 0.4425 0.3999 0.048, 0.4394 0.4118 0.048, 0.4335 0.4226 0.048, 0.4251 0.4316 0.048, 0.4146 0.4382 0.048, 0.4029 0.442 0.048, 0.3906 0.4428 0.048, 0.3785 0.4405 0.048, 0.3673 0.4352 0.048, 0.3578 0.4274 0.048, 0.3506 0.4174 0.048, 0.346 0.4059 0.048, 0.3445 0.3937 0.048, 0.3479 0.3819 0.0355, 0.3523 0.3709 0.0355, 0.3593 0.3613 0.0355, 0.3684 0.3538 0.0355, 0.3791 0.3488 0.0355, 0.3907 0.3465 0.0355, 0.4026 0.3473 0.0355, 0.4138 0.3509 0.0355, 0.4238 0.3573 0.0355, 0.4319 0.3659 0.0355, 0.4376 0.3763 0.0355, 0.4406 0.3878 0.0355, 0.4406 0.3996 0.0355, 0.4376 0.4111 0.0355, 0.4319 0.4215 0.0355, 0.4238 0.4301 0.0355, 0.4138 0.4365 0.0355, 0.4026 0.4401 0.0355, 0.3907 0.4409 0.0355, 0.3791 0.4386 0.0355, 0.3684 0.4336 0.0355, 0.3593 0.4261 0.0355, 0.3523 0.4165 0.0355, 0.3479 0.4055 0.0355, 0.3464 0.3937 0.0355, 0.3528 0.3832 0.0239, 0.3567 0.3734 0.0239, 0.3629 0.3648 0.0239, 0.3711 0.3581 0.0239, 0.3807 0.3536 0.0239, 0.3911 0.3516 0.0239, 0.4016 0.3522 0.0239, 0.4117 0.3555 0.0239, 0.4206 0.3612 0.0239, 0.4278 0.3689 0.0239, 0.4329 0.3782 0.0239, 0.4356 0.3884 0.0239, 0.4356 0.399 0.0239, 0.4329 0.4092 0.0239, 0.4278 0.4185 0.0239, 0.4206 0.4262 0.0239, 0.4117 0.4319 0.0239, 0.4016 0.4352 0.0239, 0.3911 0.4358 0.0239, 0.3807 0.4338 0.0239, 0.3711 0.4293 0.0239, 0.3629 0.4226 0.0239, 0.3567 0.414 0.0239, 0.3528 0.4042 0.0239, 0.3515 0.3937 0.0239, 0.3604 0.3852 0.014, 0.3636 0.3771 0.014, 0.3687 0.3702 0.014, 0.3753 0.3647 0.014, 0.3831 0.361 0.014, 0.3915 0.3594 0.014, 0.4001 0.3599 0.014, 0.4083 0.3626 0.014, 0.4156 0.3672 0.014, 0.4215 0.3735 0.014, 0.4256 0.3811 0.014, 0.4278 0.3894 0.014, 0.4278 0.398 0.014, 0.4256 0.4063 0.014, 0.4215 0.4139 0.014, 0.4156 0.4202 0.014, 0.4083 0.4248 0.014, 0.4001 0.4275 0.014, 0.3915 0.428 0.014, 0.3831 0.4264 0.014, 0.3753 0.4227 0.014, 0.3687 0.4172 0.014, 0.3636 0.4103 0.014, 0.3604 0.4022 0.014, 0.3593 0.3937 0.014, 0.3702 0.3877 0.0064, 0.3725 0.382 0.0064, 0.376 0.3771 0.0064, 0.3807 0.3732 0.0064, 0.3862 0.3706 0.0064, 0.3922 0.3695 0.0064, 0.3982 0.3699 0.0064, 0.404 0.3718 0.0064, 0.4092 0.375 0.0064, 0.4133 0.3794 0.0064, 0.4162 0.3848 0.0064, 0.4178 0.3907 0.0064, 0.4178 0.3967 0.0064, 0.4162 0.4026 0.0064, 0.4133 0.408 0.0064, 0.4092 0.4124 0.0064, 0.404 0.4156 0.0064, 0.3982 0.4175 0.0064, 0.3922 0.4179 0.0064, 0.3862 0.4168 0.0064, 0.3807 0.4142 0.0064, 0.376 0.4103 0.0064, 0.3725 0.4054 0.0064, 0.3702 0.3997 0.0064, 0.3695 0.3937 0.0064
            ]
        }
        coordIndex [
            0,1,2,-1,0,2,3,-1,4,3,2,-1,5,4,2,-1,6,5,2,-1,7,6,2,-1,8,7,2,-1,9,8,2,-1,10,9,2,-1,11,10,2,-1,12,11,2,-1,13,12,2,-1,14,13,2,-1,15,14,2,-1,16,15,2,-1,17,16,2,-1,18,17,2,-1,19,18,2,-1,20,19,2,-1,21,20,2,-1,22,21,2,-1,23,22,2,-1,24,23,2,-1,25,24,2,-1,1,25,2,-1,26,27,28,-1,28,27,29,-1,28,29,30,-1,30,29,31,-1,30,31,32,-1,32,31,33,-1,32,33,34,-1,34,33,35,-1,34,35,36,-1,36,35,37,-1,36,37,38,-1,38,37,39,-1,38,39,40,-1,40,39,41,-1,40,41,42,-1,42,41,43,-1,42,43,44,-1,44,43,45,-1,44,45,46,-1,46,45,47,-1,46,47,48,-1,48,47,49,-1,48,49,50,-1,50,49,51,-1,50,51,52,-1,52,51,53,-1,52,53,54,-1,54,53,55,-1,54,55,56,-1,56,55,57,-1,56,57,58,-1,58,57,59,-1,58,59,60,-1,60,59,61,-1,60,61,62,-1,62,61,63,-1,62,63,64,-1,64,63,65,-1,64,65,66,-1,66,65,67,-1,66,67,68,-1,68,67,69,-1,68,69,70,-1,70,69,71,-1,70,71,72,-1,72,71,73,-1,72,73,74,-1,74,73,75,-1,74,75,76,-1,76,75,26,-1,76,26,28,-1,52,77,50,-1,50,77,78,-1,50,78,48,-1,48,78,79,-1,48,79,46,-1,46,79,80,-1,46,80,44,-1,44,80,81,-1,44,81,42,-1,42,81,82,-1,42,82,40,-1,40,82,83,-1,40,83,38,-1,38,83,84,-1,38,84,36,-1,36,84,85,-1,36,85,34,-1,34,85,86,-1,34,86,32,-1,32,86,87,-1,32,87,30,-1,30,87,88,-1,30,88,28,-1,28,88,89,-1,28,89,76,-1,76,89,90,-1,76,90,74,-1,74,90,91,-1,74,91,72,-1,72,91,92,-1,72,92,70,-1,70,92,93,-1,70,93,68,-1,68,93,94,-1,68,94,66,-1,66,94,95,-1,66,95,64,-1,64,95,96,-1,64,96,62,-1,62,96,97,-1,62,97,60,-1,60,97,98,-1,60,98,58,-1,58,98,99,-1,58,99,56,-1,56,99,100,-1,56,100,54,-1,54,100,101,-1,54,101,52,-1,52,101,77,-1,101,102,77,-1,77,102,103,-1,77,103,78,-1,78,103,104,-1,78,104,79,-1,79,104,105,-1,79,105,80,-1,80,105,106,-1,80,106,81,-1,81,106,107,-1,81,107,82,-1,82,107,108,-1,82,108,83,-1,83,108,109,-1,83,109,84,-1,84,109,110,-1,84,110,85,-1,85,110,111,-1,85,111,86,-1,86,111,112,-1,86,112,87,-1,87,112,113,-1,87,113,88,-1,88,113,114,-1,88,114,89,-1,89,114,115,-1,89,115,90,-1,90,115,116,-1,90,116,91,-1,91,116,117,-1,91,117,92,-1,92,117,118,-1,92,118,93,-1,93,118,119,-1,93,119,94,-1,94,119,120,-1,94,120,95,-1,95,120,121,-1,95,121,96,-1,96,121,122,-1,96,122,97,-1,97,122,123,-1,97,123,98,-1,98,123,124,-1,98,124,99,-1,99,124,125,-1,99,125,100,-1,100,125,126,-1,100,126,101,-1,101,126,102,-1,126,127,102,-1,102,127,128,-1,102,128,103,-1,103,128,129,-1,103,129,104,-1,104,129,130,-1,104,130,105,-1,105,130,131,-1,105,131,106,-1,106,131,132,-1,106,132,107,-1,107,132,133,-1,107,133,108,-1,108,133,134,-1,108,134,109,-1,109,134,135,-1,109,135,110,-1,110,135,136,-1,110,136,111,-1,111,136,137,-1,111,137,112,-1,112,137,138,-1,112,138,113,-1,113,138,139,-1,113,139,114,-1,114,139,140,-1,114,140,115,-1,115,140,141,-1,115,141,116,-1,116,141,142,-1,116,142,117,-1,117,142,143,-1,117,143,118,-1,118,143,144,-1,118,144,119,-1,119,144,145,-1,119,145,120,-1,120,145,146,-1,120,146,121,-1,121,146,147,-1,121,147,122,-1,122,147,148,-1,122,148,123,-1,123,148,149,-1,123,149,124,-1,124,149,150,-1,124,150,125,-1,125,150,151,-1,125,151,126,-1,126,151,127,-1,151,152,127,-1,127,152,153,-1,127,153,128,-1,128,153,154,-1,128,154,129,-1,129,154,155,-1,129,155,130,-1,130,155,156,-1,130,156,131,-1,131,156,157,-1,131,157,132,-1,132,157,158,-1,132,158,133,-1,133,158,159,-1,133,159,134,-1,134,159,160,-1,134,160,135,-1,135,160,161,-1,135,161,136,-1,136,161,162,-1,136,162,137,-1,137,162,163,-1,137,163,138,-1,138,163,164,-1,138,164,139,-1,139,164,165,-1,139,165,140,-1,140,165,166,-1,140,166,141,-1,141,166,167,-1,141,167,142,-1,142,167,168,-1,142,168,143,-1,143,168,169,-1,143,169,144,-1,144,169,170,-1,144,170,145,-1,145,170,171,-1,145,171,146,-1,146,171,172,-1,146,172,147,-1,147,172,173,-1,147,173,148,-1,148,173,174,-1,148,174,149,-1,149,174,175,-1,149,175,150,-1,150,175,176,-1,150,176,151,-1,151,176,152,-1,176,177,152,-1,152,177,178,-1,152,178,153,-1,153,178,179,-1,153,179,154,-1,154,179,180,-1,154,180,155,-1,155,180,181,-1,155,181,156,-1,156,181,182,-1,156,182,157,-1,157,182,183,-1,157,183,158,-1,158,183,184,-1,158,184,159,-1,159,184,185,-1,159,185,160,-1,160,185,186,-1,160,186,161,-1,161,186,187,-1,161,187,162,-1,162,187,188,-1,162,188,163,-1,163,188,189,-1,163,189,164,-1,164,189,190,-1,164,190,165,-1,165,190,191,-1,165,191,166,-1,166,191,192,-1,166,192,167,-1,167,192,193,-1,167,193,168,-1,168,193,194,-1,168,194,169,-1,169,194,195,-1,169,195,170,-1,170,195,196,-1,170,196,171,-1,171,196,197,-1,171,197,172,-1,172,197,198,-1,172,198,173,-1,173,198,199,-1,173,199,174,-1,174,199,200,-1,174,200,175,-1,175,200,201,-1,175,201,176,-1,176,201,177,-1,201,202,177,-1,177,202,203,-1,177,203,178,-1,178,203,204,-1,178,204,179,-1,179,204,205,-1,179,205,180,-1,180,205,206,-1,180,206,181,-1,181,206,207,-1,181,207,182,-1,182,207,208,-1,182,208,183,-1,183,208,209,-1,183,209,184,-1,184,209,210,-1,184,210,185,-1,185,210,211,-1,185,211,186,-1,186,211,212,-1,186,212,187,-1,187,212,213,-1,187,213,188,-1,188,213,214,-1,188,214,189,-1,189,214,215,-1,189,215,190,-1,190,215,216,-1,190,216,191,-1,191,216,217,-1,191,217,192,-1,192,217,218,-1,192,218,193,-1,193,218,219,-1,193,219,194,-1,194,219,220,-1,194,220,195,-1,195,220,221,-1,195,221,196,-1,196,221,222,-1,196,222,197,-1,197,222,223,-1,197,223,198,-1,198,223,224,-1,198,224,199,-1,199,224,225,-1,199,225,200,-1,200,225,226,-1,200,226,201,-1,201,226,202,-1,226,1,202,-1,202,1,0,-1,202,0,203,-1,203,0,3,-1,203,3,204,-1,204,3,4,-1,204,4,205,-1,205,4,5,-1,205,5,206,-1,206,5,6,-1,206,6,207,-1,207,6,7,-1,207,7,208,-1,208,7,8,-1,208,8,209,-1,209,8,9,-1,209,9,210,-1,210,9,10,-1,210,10,211,-1,211,10,11,-1,211,11,212,-1,212,11,12,-1,212,12,213,-1,213,12,13,-1,213,13,214,-1,214,13,14,-1,214,14,215,-1,215,14,15,-1,215,15,216,-1,216,15,16,-1,216,16,217,-1,217,16,17,-1,217,17,218,-1,218,17,18,-1,218,18,219,-1,219,18,19,-1,219,19,220,-1,220,19,20,-1,220,20,221,-1,221,20,21,-1,221,21,222,-1,222,21,22,-1,222,22,223,-1,223,22,23,-1,223,23,224,-1,224,23,24,-1,224,24,225,-1,225,24,25,-1,225,25,226,-1,226,25,1,-1,227,228,229,-1,227,229,230,-1,231,230,229,-1,232,231,229,-1,233,232,229,-1,234,233,229,-1,235,234,229,-1,236,235,229,-1,237,236,229,-1,238,237,229,-1,239,238,229,-1,240,239,229,-1,241,240,229,-1,242,241,229,-1,243,242,229,-1,244,243,229,-1,245,244,229,-1,246,245,229,-1,247,246,229,-1,248,247,229,-1,249,248,229,-1,250,249,229,-1,251,250,229,-1,252,251,229,-1,228,252,229,-1,253,254,255,-1,255,254,256,-1,255,256,257,-1,257,256,258,-1,257,258,259,-1,259,258,260,-1,259,260,261,-1,261,260,262,-1,261,262,263,-1,263,262,264,-1,263,264,265,-1,265,264,266,-1,265,266,267,-1,267,266,268,-1,267,268,269,-1,269,268,270,-1,269,270,271,-1,271,270,272,-1,271,272,273,-1,273,272,274,-1,273,274,275,-1,275,274,276,-1,275,276,277,-1,277,276,278,-1,277,278,279,-1,279,278,280,-1,279,280,281,-1,281,280,282,-1,281,282,283,-1,283,282,284,-1,283,284,285,-1,285,284,286,-1,285,286,287,-1,287,286,288,-1,287,288,289,-1,289,288,290,-1,289,290,291,-1,291,290,292,-1,291,292,293,-1,293,292,294,-1,293,294,295,-1,295,294,296,-1,295,296,297,-1,297,296,298,-1,297,298,299,-1,299,298,300,-1,299,300,301,-1,301,300,302,-1,301,302,303,-1,303,302,253,-1,303,253,255,-1,279,304,277,-1,277,304,305,-1,277,305,275,-1,275,305,306,-1,275,306,273,-1,273,306,307,-1,273,307,271,-1,271,307,308,-1,271,308,269,-1,269,308,309,-1,269,309,267,-1,267,309,310,-1,267,310,265,-1,265,310,311,-1,265,311,263,-1,263,311,312,-1,263,312,261,-1,261,312,313,-1,261,313,259,-1,259,313,314,-1,259,314,257,-1,257,314,315,-1,257,315,255,-1,255,315,316,-1,255,316,303,-1,303,316,317,-1,303,317,301,-1,301,317,318,-1,301,318,299,-1,299,318,319,-1,299,319,297,-1,297,319,320,-1,297,320,295,-1,295,320,321,-1,295,321,293,-1,293,321,322,-1,293,322,291,-1,291,322,323,-1,291,323,289,-1,289,323,324,-1,289,324,287,-1,287,324,325,-1,287,325,285,-1,285,325,326,-1,285,326,283,-1,283,326,327,-1,283,327,281,-1,281,327,328,-1,281,328,279,-1,279,328,304,-1,328,329,304,-1,304,329,330,-1,304,330,305,-1,305,330,331,-1,305,331,306,-1,306,331,332,-1,306,332,307,-1,307,332,333,-1,307,333,308,-1,308,333,334,-1,308,334,309,-1,309,334,335,-1,309,335,310,-1,310,335,336,-1,310,336,311,-1,311,336,337,-1,311,337,312,-1,312,337,338,-1,312,338,313,-1,313,338,339,-1,313,339,314,-1,314,339,340,-1,314,340,315,-1,315,340,341,-1,315,341,316,-1,316,341,342,-1,316,342,317,-1,317,342,343,-1,317,343,318,-1,318,343,344,-1,318,344,319,-1,319,344,345,-1,319,345,320,-1,320,345,346,-1,320,346,321,-1,321,346,347,-1,321,347,322,-1,322,347,348,-1,322,348,323,-1,323,348,349,-1,323,349,324,-1,324,349,350,-1,324,350,325,-1,325,350,351,-1,325,351,326,-1,326,351,352,-1,326,352,327,-1,327,352,353,-1,327,353,328,-1,328,353,329,-1,353,354,329,-1,329,354,355,-1,329,355,330,-1,330,355,356,-1,330,356,331,-1,331,356,357,-1,331,357,332,-1,332,357,358,-1,332,358,333,-1,333,358,359,-1,333,359,334,-1,334,359,360,-1,334,360,335,-1,335,360,361,-1,335,361,336,-1,336,361,362,-1,336,362,337,-1,337,362,363,-1,337,363,338,-1,338,363,364,-1,338,364,339,-1,339,364,365,-1,339,365,340,-1,340,365,366,-1,340,366,341,-1,341,366,367,-1,341,367,342,-1,342,367,368,-1,342,368,343,-1,343,368,369,-1,343,369,344,-1,344,369,370,-1,344,370,345,-1,345,370,371,-1,345,371,346,-1,346,371,372,-1,346,372,347,-1,347,372,373,-1,347,373,348,-1,348,373,374,-1,348,374,349,-1,349,374,375,-1,349,375,350,-1,350,375,376,-1,350,376,351,-1,351,376,377,-1,351,377,352,-1,352,377,378,-1,352,378,353,-1,353,378,354,-1,378,379,354,-1,354,379,380,-1,354,380,355,-1,355,380,381,-1,355,381,356,-1,356,381,382,-1,356,382,357,-1,357,382,383,-1,357,383,358,-1,358,383,384,-1,358,384,359,-1,359,384,385,-1,359,385,360,-1,360,385,386,-1,360,386,361,-1,361,386,387,-1,361,387,362,-1,362,387,388,-1,362,388,363,-1,363,388,389,-1,363,389,364,-1,364,389,390,-1,364,390,365,-1,365,390,391,-1,365,391,366,-1,366,391,392,-1,366,392,367,-1,367,392,393,-1,367,393,368,-1,368,393,394,-1,368,394,369,-1,369,394,395,-1,369,395,370,-1,370,395,396,-1,370,396,371,-1,371,396,397,-1,371,397,372,-1,372,397,398,-1,372,398,373,-1,373,398,399,-1,373,399,374,-1,374,399,400,-1,374,400,375,-1,375,400,401,-1,375,401,376,-1,376,401,402,-1,376,402,377,-1,377,402,403,-1,377,403,378,-1,378,403,379,-1,403,404,379,-1,379,404,405,-1,379,405,380,-1,380,405,406,-1,380,406,381,-1,381,406,407,-1,381,407,382,-1,382,407,408,-1,382,408,383,-1,383,408,409,-1,383,409,384,-1,384,409,410,-1,384,410,385,-1,385,410,411,-1,385,411,386,-1,386,411,412,-1,386,412,387,-1,387,412,413,-1,387,413,388,-1,388,413,414,-1,388,414,389,-1,389,414,415,-1,389,415,390,-1,390,415,416,-1,390,416,391,-1,391,416,417,-1,391,417,392,-1,392,417,418,-1,392,418,393,-1,393,418,419,-1,393,419,394,-1,394,419,420,-1,394,420,395,-1,395,420,421,-1,395,421,396,-1,396,421,422,-1,396,422,397,-1,397,422,423,-1,397,423,398,-1,398,423,424,-1,398,424,399,-1,399,424,425,-1,399,425,400,-1,400,425,426,-1,400,426,401,-1,401,426,427,-1,401,427,402,-1,402,427,428,-1,402,428,403,-1,403,428,404,-1,428,429,404,-1,404,429,430,-1,404,430,405,-1,405,430,431,-1,405,431,406,-1,406,431,432,-1,406,432,407,-1,407,432,433,-1,407,433,408,-1,408,433,434,-1,408,434,409,-1,409,434,435,-1,409,435,410,-1,410,435,436,-1,410,436,411,-1,411,436,437,-1,411,437,412,-1,412,437,438,-1,412,438,413,-1,413,438,439,-1,413,439,414,-1,414,439,440,-1,414,440,415,-1,415,440,441,-1,415,441,416,-1,416,441,442,-1,416,442,417,-1,417,442,443,-1,417,443,418,-1,418,443,444,-1,418,444,419,-1,419,444,445,-1,419,445,420,-1,420,445,446,-1,420,446,421,-1,421,446,447,-1,421,447,422,-1,422,447,448,-1,422,448,423,-1,423,448,449,-1,423,449,424,-1,424,449,450,-1,424,450,425,-1,425,450,451,-1,425,451,426,-1,426,451,452,-1,426,452,427,-1,427,452,453,-1,427,453,428,-1,428,453,429,-1,453,228,429,-1,429,228,227,-1,429,227,430,-1,430,227,230,-1,430,230,431,-1,431,230,231,-1,431,231,432,-1,432,231,232,-1,432,232,433,-1,433,232,233,-1,433,233,434,-1,434,233,234,-1,434,234,435,-1,435,234,235,-1,435,235,436,-1,436,235,236,-1,436,236,437,-1,437,236,237,-1,437,237,438,-1,438,237,238,-1,438,238,439,-1,439,238,239,-1,439,239,440,-1,440,239,240,-1,440,240,441,-1,441,240,241,-1,441,241,442,-1,442,241,242,-1,442,242,443,-1,443,242,243,-1,443,243,444,-1,444,243,244,-1,444,244,445,-1,445,244,245,-1,445,245,446,-1,446,245,246,-1,446,246,447,-1,447,246,247,-1,447,247,448,-1,448,247,248,-1,448,248,449,-1,449,248,249,-1,449,249,450,-1,450,249,250,-1,450,250,451,-1,451,250,251,-1,451,251,452,-1,452,251,252,-1,452,252,453,-1,453,252,228,-1,454,455,456,-1,454,456,457,-1,458,457,456,-1,459,458,456,-1,460,459,456,-1,461,460,456,-1,462,461,456,-1,463,462,456,-1,464,463,456,-1,465,464,456,-1,466,465,456,-1,467,466,456,-1,468,467,456,-1,469,468,456,-1,470,469,456,-1,471,470,456,-1,472,471,456,-1,473,472,456,-1,474,473,456,-1,475,474,456,-1,476,475,456,-1,477,476,456,-1,478,477,456,-1,479,478,456,-1,455,479,456,-1,480,481,482,-1,482,483,480,-1,480,483,484,-1,480,484,485,-1,485,484,486,-1,485,486,487,-1,487,486,488,-1,487,488,489,-1,489,488,490,-1,489,490,491,-1,491,490,492,-1,491,492,493,-1,493,492,494,-1,493,494,495,-1,495,494,496,-1,495,496,497,-1,497,496,498,-1,497,498,499,-1,499,498,500,-1,499,500,501,-1,501,500,502,-1,501,502,503,-1,503,502,504,-1,503,504,505,-1,505,504,506,-1,505,506,507,-1,507,506,508,-1,507,508,509,-1,509,508,510,-1,509,510,511,-1,511,510,512,-1,511,512,513,-1,513,512,514,-1,513,514,515,-1,515,514,516,-1,515,516,517,-1,517,516,518,-1,517,518,519,-1,519,518,520,-1,519,520,521,-1,521,520,522,-1,521,522,523,-1,523,522,524,-1,523,524,525,-1,525,524,526,-1,525,526,527,-1,527,526,528,-1,527,528,529,-1,529,528,482,-1,529,482,530,-1,530,482,481,-1,506,531,508,-1,508,531,532,-1,508,532,510,-1,510,532,533,-1,510,533,512,-1,512,533,534,-1,512,534,514,-1,514,534,535,-1,514,535,516,-1,516,535,536,-1,516,536,518,-1,518,536,537,-1,518,537,520,-1,520,537,538,-1,520,538,522,-1,522,538,539,-1,522,539,524,-1,524,539,540,-1,524,540,526,-1,526,540,541,-1,526,541,528,-1,528,541,542,-1,528,542,482,-1,482,542,543,-1,482,543,483,-1,483,543,544,-1,483,544,484,-1,484,544,545,-1,484,545,486,-1,486,545,546,-1,486,546,488,-1,488,546,547,-1,488,547,490,-1,490,547,548,-1,490,548,492,-1,492,548,549,-1,492,549,494,-1,494,549,550,-1,494,550,496,-1,496,550,551,-1,496,551,498,-1,498,551,552,-1,498,552,500,-1,500,552,553,-1,500,553,502,-1,502,553,554,-1,502,554,504,-1,504,554,555,-1,504,555,506,-1,506,555,531,-1,555,556,531,-1,531,556,557,-1,531,557,532,-1,532,557,558,-1,532,558,533,-1,533,558,559,-1,533,559,534,-1,534,559,560,-1,534,560,535,-1,535,560,561,-1,535,561,536,-1,536,561,562,-1,536,562,537,-1,537,562,563,-1,537,563,538,-1,538,563,564,-1,538,564,539,-1,539,564,565,-1,539,565,540,-1,540,565,566,-1,540,566,541,-1,541,566,567,-1,541,567,542,-1,542,567,568,-1,542,568,543,-1,543,568,569,-1,543,569,544,-1,544,569,570,-1,544,570,545,-1,545,570,571,-1,545,571,546,-1,546,571,572,-1,546,572,547,-1,547,572,573,-1,547,573,548,-1,548,573,574,-1,548,574,549,-1,549,574,575,-1,549,575,550,-1,550,575,576,-1,550,576,551,-1,551,576,577,-1,551,577,552,-1,552,577,578,-1,552,578,553,-1,553,578,579,-1,553,579,554,-1,554,579,580,-1,554,580,555,-1,555,580,556,-1,580,581,556,-1,556,581,582,-1,556,582,557,-1,557,582,583,-1,557,583,558,-1,558,583,584,-1,558,584,559,-1,559,584,585,-1,559,585,560,-1,560,585,586,-1,560,586,561,-1,561,586,587,-1,561,587,562,-1,562,587,588,-1,562,588,563,-1,563,588,589,-1,563,589,564,-1,564,589,590,-1,564,590,565,-1,565,590,591,-1,565,591,566,-1,566,591,592,-1,566,592,567,-1,567,592,593,-1,567,593,568,-1,568,593,594,-1,568,594,569,-1,569,594,595,-1,569,595,570,-1,570,595,596,-1,570,596,571,-1,571,596,597,-1,571,597,572,-1,572,597,598,-1,572,598,573,-1,573,598,599,-1,573,599,574,-1,574,599,600,-1,574,600,575,-1,575,600,601,-1,575,601,576,-1,576,601,602,-1,576,602,577,-1,577,602,603,-1,577,603,578,-1,578,603,604,-1,578,604,579,-1,579,604,605,-1,579,605,580,-1,580,605,581,-1,605,606,581,-1,581,606,607,-1,581,607,582,-1,582,607,608,-1,582,608,583,-1,583,608,609,-1,583,609,584,-1,584,609,610,-1,584,610,585,-1,585,610,611,-1,585,611,586,-1,586,611,612,-1,586,612,587,-1,587,612,613,-1,587,613,588,-1,588,613,614,-1,588,614,589,-1,589,614,615,-1,589,615,590,-1,590,615,616,-1,590,616,591,-1,591,616,617,-1,591,617,592,-1,592,617,618,-1,592,618,593,-1,593,618,619,-1,593,619,594,-1,594,619,620,-1,594,620,595,-1,595,620,621,-1,595,621,596,-1,596,621,622,-1,596,622,597,-1,597,622,623,-1,597,623,598,-1,598,623,624,-1,598,624,599,-1,599,624,625,-1,599,625,600,-1,600,625,626,-1,600,626,601,-1,601,626,627,-1,601,627,602,-1,602,627,628,-1,602,628,603,-1,603,628,629,-1,603,629,604,-1,604,629,630,-1,604,630,605,-1,605,630,606,-1,630,631,606,-1,606,631,632,-1,606,632,607,-1,607,632,633,-1,607,633,608,-1,608,633,634,-1,608,634,609,-1,609,634,635,-1,609,635,610,-1,610,635,636,-1,610,636,611,-1,611,636,637,-1,611,637,612,-1,612,637,638,-1,612,638,613,-1,613,638,639,-1,613,639,614,-1,614,639,640,-1,614,640,615,-1,615,640,641,-1,615,641,616,-1,616,641,642,-1,616,642,617,-1,617,642,643,-1,617,643,618,-1,618,643,644,-1,618,644,619,-1,619,644,645,-1,619,645,620,-1,620,645,646,-1,620,646,621,-1,621,646,647,-1,621,647,622,-1,622,647,648,-1,622,648,623,-1,623,648,649,-1,623,649,624,-1,624,649,650,-1,624,650,625,-1,625,650,651,-1,625,651,626,-1,626,651,652,-1,626,652,627,-1,627,652,653,-1,627,653,628,-1,628,653,654,-1,628,654,629,-1,629,654,655,-1,629,655,630,-1,630,655,631,-1,655,656,631,-1,631,656,657,-1,631,657,632,-1,632,657,658,-1,632,658,633,-1,633,658,659,-1,633,659,634,-1,634,659,660,-1,634,660,635,-1,635,660,661,-1,635,661,636,-1,636,661,662,-1,636,662,637,-1,637,662,663,-1,637,663,638,-1,638,663,664,-1,638,664,639,-1,639,664,665,-1,639,665,640,-1,640,665,666,-1,640,666,641,-1,641,666,667,-1,641,667,642,-1,642,667,668,-1,642,668,643,-1,643,668,669,-1,643,669,644,-1,644,669,670,-1,644,670,645,-1,645,670,671,-1,645,671,646,-1,646,671,672,-1,646,672,647,-1,647,672,673,-1,647,673,648,-1,648,673,674,-1,648,674,649,-1,649,674,675,-1,649,675,650,-1,650,675,676,-1,650,676,651,-1,651,676,677,-1,651,677,652,-1,652,677,678,-1,652,678,653,-1,653,678,679,-1,653,679,654,-1,654,679,680,-1,654,680,655,-1,655,680,656,-1,680,455,656,-1,656,455,454,-1,656,454,657,-1,657,454,457,-1,657,457,658,-1,658,457,458,-1,658,458,659,-1,659,458,459,-1,659,459,660,-1,660,459,460,-1,660,460,661,-1,661,460,461,-1,661,461,662,-1,662,461,462,-1,662,462,663,-1,663,462,463,-1,663,463,664,-1,664,463,464,-1,664,464,665,-1,665,464,465,-1,665,465,666,-1,666,465,466,-1,666,466,667,-1,667,466,467,-1,667,467,668,-1,668,467,468,-1,668,468,669,-1,669,468,469,-1,669,469,670,-1,670,469,470,-1,670,470,671,-1,671,470,471,-1,671,471,672,-1,672,471,472,-1,672,472,673,-1,673,472,473,-1,673,473,674,-1,674,473,474,-1,674,474,675,-1,675,474,475,-1,675,475,676,-1,676,475,476,-1,676,476,677,-1,677,476,477,-1,677,477,678,-1,678,477,478,-1,678,478,679,-1,679,478,479,-1,679,479,680,-1,680,479,455,-1,681,682,683,-1,681,683,684,-1,685,684,683,-1,686,685,683,-1,687,686,683,-1,688,687,683,-1,689,688,683,-1,690,689,683,-1,691,690,683,-1,692,691,683,-1,693,692,683,-1,694,693,683,-1,695,694,683,-1,696,695,683,-1,697,696,683,-1,698,697,683,-1,699,698,683,-1,700,699,683,-1,701,700,683,-1,702,701,683,-1,703,702,683,-1,704,703,683,-1,705,704,683,-1,706,705,683,-1,682,706,683,-1,707,708,709,-1,709,710,707,-1,707,710,711,-1,707,711,712,-1,712,711,713,-1,712,713,714,-1,714,713,715,-1,714,715,716,-1,716,715,717,-1,716,717,718,-1,718,717,719,-1,718,719,720,-1,720,719,721,-1,720,721,722,-1,722,721,723,-1,722,723,724,-1,724,723,725,-1,724,725,726,-1,726,725,727,-1,726,727,728,-1,728,727,729,-1,728,729,730,-1,730,729,731,-1,730,731,732,-1,732,731,733,-1,732,733,734,-1,734,733,735,-1,734,735,736,-1,736,735,737,-1,736,737,738,-1,738,737,739,-1,738,739,740,-1,740,739,741,-1,740,741,742,-1,742,741,743,-1,742,743,744,-1,744,743,745,-1,744,745,746,-1,746,745,747,-1,746,747,748,-1,748,747,749,-1,748,749,750,-1,750,749,751,-1,750,751,752,-1,752,751,753,-1,752,753,754,-1,754,753,755,-1,754,755,756,-1,756,755,709,-1,756,709,757,-1,757,709,708,-1,733,758,735,-1,735,758,759,-1,735,759,737,-1,737,759,760,-1,737,760,739,-1,739,760,761,-1,739,761,741,-1,741,761,762,-1,741,762,743,-1,743,762,763,-1,743,763,745,-1,745,763,764,-1,745,764,747,-1,747,764,765,-1,747,765,749,-1,749,765,766,-1,749,766,751,-1,751,766,767,-1,751,767,753,-1,753,767,768,-1,753,768,755,-1,755,768,769,-1,755,769,709,-1,709,769,770,-1,709,770,710,-1,710,770,771,-1,710,771,711,-1,711,771,772,-1,711,772,713,-1,713,772,773,-1,713,773,715,-1,715,773,774,-1,715,774,717,-1,717,774,775,-1,717,775,719,-1,719,775,776,-1,719,776,721,-1,721,776,777,-1,721,777,723,-1,723,777,778,-1,723,778,725,-1,725,778,779,-1,725,779,727,-1,727,779,780,-1,727,780,729,-1,729,780,781,-1,729,781,731,-1,731,781,782,-1,731,782,733,-1,733,782,758,-1,782,783,758,-1,758,783,784,-1,758,784,759,-1,759,784,785,-1,759,785,760,-1,760,785,786,-1,760,786,761,-1,761,786,787,-1,761,787,762,-1,762,787,788,-1,762,788,763,-1,763,788,789,-1,763,789,764,-1,764,789,790,-1,764,790,765,-1,765,790,791,-1,765,791,766,-1,766,791,792,-1,766,792,767,-1,767,792,793,-1,767,793,768,-1,768,793,794,-1,768,794,769,-1,769,794,795,-1,769,795,770,-1,770,795,796,-1,770,796,771,-1,771,796,797,-1,771,797,772,-1,772,797,798,-1,772,798,773,-1,773,798,799,-1,773,799,774,-1,774,799,800,-1,774,800,775,-1,775,800,801,-1,775,801,776,-1,776,801,802,-1,776,802,777,-1,777,802,803,-1,777,803,778,-1,778,803,804,-1,778,804,779,-1,779,804,805,-1,779,805,780,-1,780,805,806,-1,780,806,781,-1,781,806,807,-1,781,807,782,-1,782,807,783,-1,807,808,783,-1,783,808,809,-1,783,809,784,-1,784,809,810,-1,784,810,785,-1,785,810,811,-1,785,811,786,-1,786,811,812,-1,786,812,787,-1,787,812,813,-1,787,813,788,-1,788,813,814,-1,788,814,789,-1,789,814,815,-1,789,815,790,-1,790,815,816,-1,790,816,791,-1,791,816,817,-1,791,817,792,-1,792,817,818,-1,792,818,793,-1,793,818,819,-1,793,819,794,-1,794,819,820,-1,794,820,795,-1,795,820,821,-1,795,821,796,-1,796,821,822,-1,796,822,797,-1,797,822,823,-1,797,823,798,-1,798,823,824,-1,798,824,799,-1,799,824,825,-1,799,825,800,-1,800,825,826,-1,800,826,801,-1,801,826,827,-1,801,827,802,-1,802,827,828,-1,802,828,803,-1,803,828,829,-1,803,829,804,-1,804,829,830,-1,804,830,805,-1,805,830,831,-1,805,831,806,-1,806,831,832,-1,806,832,807,-1,807,832,808,-1,832,833,808,-1,808,833,834,-1,808,834,809,-1,809,834,835,-1,809,835,810,-1,810,835,836,-1,810,836,811,-1,811,836,837,-1,811,837,812,-1,812,837,838,-1,812,838,813,-1,813,838,839,-1,813,839,814,-1,814,839,840,-1,814,840,815,-1,815,840,841,-1,815,841,816,-1,816,841,842,-1,816,842,817,-1,817,842,843,-1,817,843,818,-1,818,843,844,-1,818,844,819,-1,819,844,845,-1,819,845,820,-1,820,845,846,-1,820,846,821,-1,821,846,847,-1,821,847,822,-1,822,847,848,-1,822,848,823,-1,823,848,849,-1,823,849,824,-1,824,849,850,-1,824,850,825,-1,825,850,851,-1,825,851,826,-1,826,851,852,-1,826,852,827,-1,827,852,853,-1,827,853,828,-1,828,853,854,-1,828,854,829,-1,829,854,855,-1,829,855,830,-1,830,855,856,-1,830,856,831,-1,831,856,857,-1,831,857,832,-1,832,857,833,-1,857,858,833,-1,833,858,859,-1,833,859,834,-1,834,859,860,-1,834,860,835,-1,835,860,861,-1,835,861,836,-1,836,861,862,-1,836,862,837,-1,837,862,863,-1,837,863,838,-1,838,863,864,-1,838,864,839,-1,839,864,865,-1,839,865,840,-1,840,865,866,-1,840,866,841,-1,841,866,867,-1,841,867,842,-1,842,867,868,-1,842,868,843,-1,843,868,869,-1,843,869,844,-1,844,869,870,-1,844,870,845,-1,845,870,871,-1,845,871,846,-1,846,871,872,-1,846,872,847,-1,847,872,873,-1,847,873,848,-1,848,873,874,-1,848,874,849,-1,849,874,875,-1,849,875,850,-1,850,875,876,-1,850,876,851,-1,851,876,877,-1,851,877,852,-1,852,877,878,-1,852,878,853,-1,853,878,879,-1,853,879,854,-1,854,879,880,-1,854,880,855,-1,855,880,881,-1,855,881,856,-1,856,881,882,-1,856,882,857,-1,857,882,858,-1,882,883,858,-1,858,883,884,-1,858,884,859,-1,859,884,885,-1,859,885,860,-1,860,885,886,-1,860,886,861,-1,861,886,887,-1,861,887,862,-1,862,887,888,-1,862,888,863,-1,863,888,889,-1,863,889,864,-1,864,889,890,-1,864,890,865,-1,865,890,891,-1,865,891,866,-1,866,891,892,-1,866,892,867,-1,867,892,893,-1,867,893,868,-1,868,893,894,-1,868,894,869,-1,869,894,895,-1,869,895,870,-1,870,895,896,-1,870,896,871,-1,871,896,897,-1,871,897,872,-1,872,897,898,-1,872,898,873,-1,873,898,899,-1,873,899,874,-1,874,899,900,-1,874,900,875,-1,875,900,901,-1,875,901,876,-1,876,901,902,-1,876,902,877,-1,877,902,903,-1,877,903,878,-1,878,903,904,-1,878,904,879,-1,879,904,905,-1,879,905,880,-1,880,905,906,-1,880,906,881,-1,881,906,907,-1,881,907,882,-1,882,907,883,-1,907,682,883,-1,883,682,681,-1,883,681,884,-1,884,681,684,-1,884,684,885,-1,885,684,685,-1,885,685,886,-1,886,685,686,-1,886,686,887,-1,887,686,687,-1,887,687,888,-1,888,687,688,-1,888,688,889,-1,889,688,689,-1,889,689,890,-1,890,689,690,-1,890,690,891,-1,891,690,691,-1,891,691,892,-1,892,691,692,-1,892,692,893,-1,893,692,693,-1,893,693,894,-1,894,693,694,-1,894,694,895,-1,895,694,695,-1,895,695,896,-1,896,695,696,-1,896,696,897,-1,897,696,697,-1,897,697,898,-1,898,697,698,-1,898,698,899,-1,899,698,699,-1,899,699,900,-1,900,699,700,-1,900,700,901,-1,901,700,701,-1,901,701,902,-1,902,701,702,-1,902,702,903,-1,903,702,703,-1,903,703,904,-1,904,703,704,-1,904,704,905,-1,905,704,705,-1,905,705,906,-1,906,705,706,-1,906,706,907,-1,907,706,682,-1,908,909,910,-1,908,910,911,-1,912,911,910,-1,913,912,910,-1,914,913,910,-1,915,914,910,-1,916,915,910,-1,917,916,910,-1,918,917,910,-1,919,918,910,-1,920,919,910,-1,921,920,910,-1,922,921,910,-1,923,922,910,-1,924,923,910,-1,925,924,910,-1,926,925,910,-1,927,926,910,-1,928,927,910,-1,929,928,910,-1,930,929,910,-1,931,930,910,-1,932,931,910,-1,933,932,910,-1,909,933,910,-1,934,935,936,-1,936,935,937,-1,936,937,938,-1,938,937,939,-1,938,939,940,-1,940,939,941,-1,940,941,942,-1,942,941,943,-1,942,943,944,-1,944,943,945,-1,944,945,946,-1,946,945,947,-1,946,947,948,-1,948,947,949,-1,948,949,950,-1,950,949,951,-1,950,951,952,-1,952,951,953,-1,952,953,954,-1,954,953,955,-1,954,955,956,-1,956,955,957,-1,956,957,958,-1,958,957,959,-1,958,959,960,-1,960,959,961,-1,960,961,962,-1,962,961,963,-1,962,963,964,-1,964,963,965,-1,964,965,966,-1,966,965,967,-1,966,967,968,-1,968,967,969,-1,968,969,970,-1,970,969,971,-1,970,971,972,-1,972,971,973,-1,972,973,974,-1,974,973,975,-1,974,975,976,-1,976,975,977,-1,976,977,978,-1,978,977,979,-1,978,979,980,-1,980,979,981,-1,980,981,982,-1,982,981,983,-1,982,983,984,-1,984,983,934,-1,984,934,936,-1,960,985,958,-1,958,985,986,-1,958,986,956,-1,956,986,987,-1,956,987,954,-1,954,987,988,-1,954,988,952,-1,952,988,989,-1,952,989,950,-1,950,989,990,-1,950,990,948,-1,948,990,991,-1,948,991,946,-1,946,991,992,-1,946,992,944,-1,944,992,993,-1,944,993,942,-1,942,993,994,-1,942,994,940,-1,940,994,995,-1,940,995,938,-1,938,995,996,-1,938,996,936,-1,936,996,997,-1,936,997,984,-1,984,997,998,-1,984,998,982,-1,982,998,999,-1,982,999,980,-1,980,999,1000,-1,980,1000,978,-1,978,1000,1001,-1,978,1001,976,-1,976,1001,1002,-1,976,1002,974,-1,974,1002,1003,-1,974,1003,972,-1,972,1003,1004,-1,972,1004,970,-1,970,1004,1005,-1,970,1005,968,-1,968,1005,1006,-1,968,1006,966,-1,966,1006,1007,-1,966,1007,964,-1,964,1007,1008,-1,964,1008,962,-1,962,1008,1009,-1,962,1009,960,-1,960,1009,985,-1,1009,1010,985,-1,985,1010,1011,-1,985,1011,986,-1,986,1011,1012,-1,986,1012,987,-1,987,1012,1013,-1,987,1013,988,-1,988,1013,1014,-1,988,1014,989,-1,989,1014,1015,-1,989,1015,990,-1,990,1015,1016,-1,990,1016,991,-1,991,1016,1017,-1,991,1017,992,-1,992,1017,1018,-1,992,1018,993,-1,993,1018,1019,-1,993,1019,994,-1,994,1019,1020,-1,994,1020,995,-1,995,1020,1021,-1,995,1021,996,-1,996,1021,1022,-1,996,1022,997,-1,997,1022,1023,-1,997,1023,998,-1,998,1023,1024,-1,998,1024,999,-1,999,1024,1025,-1,999,1025,1000,-1,1000,1025,1026,-1,1000,1026,1001,-1,1001,1026,1027,-1,1001,1027,1002,-1,1002,1027,1028,-1,1002,1028,1003,-1,1003,1028,1029,-1,1003,1029,1004,-1,1004,1029,1030,-1,1004,1030,1005,-1,1005,1030,1031,-1,1005,1031,1006,-1,1006,1031,1032,-1,1006,1032,1007,-1,1007,1032,1033,-1,1007,1033,1008,-1,1008,1033,1034,-1,1008,1034,1009,-1,1009,1034,1010,-1,1034,1035,1010,-1,1010,1035,1036,-1,1010,1036,1011,-1,1011,1036,1037,-1,1011,1037,1012,-1,1012,1037,1038,-1,1012,1038,1013,-1,1013,1038,1039,-1,1013,1039,1014,-1,1014,1039,1040,-1,1014,1040,1015,-1,1015,1040,1041,-1,1015,1041,1016,-1,1016,1041,1042,-1,1016,1042,1017,-1,1017,1042,1043,-1,1017,1043,1018,-1,1018,1043,1044,-1,1018,1044,1019,-1,1019,1044,1045,-1,1019,1045,1020,-1,1020,1045,1046,-1,1020,1046,1021,-1,1021,1046,1047,-1,1021,1047,1022,-1,1022,1047,1048,-1,1022,1048,1023,-1,1023,1048,1049,-1,1023,1049,1024,-1,1024,1049,1050,-1,1024,1050,1025,-1,1025,1050,1051,-1,1025,1051,1026,-1,1026,1051,1052,-1,1026,1052,1027,-1,1027,1052,1053,-1,1027,1053,1028,-1,1028,1053,1054,-1,1028,1054,1029,-1,1029,1054,1055,-1,1029,1055,1030,-1,1030,1055,1056,-1,1030,1056,1031,-1,1031,1056,1057,-1,1031,1057,1032,-1,1032,1057,1058,-1,1032,1058,1033,-1,1033,1058,1059,-1,1033,1059,1034,-1,1034,1059,1035,-1,1059,1060,1035,-1,1035,1060,1061,-1,1035,1061,1036,-1,1036,1061,1062,-1,1036,1062,1037,-1,1037,1062,1063,-1,1037,1063,1038,-1,1038,1063,1064,-1,1038,1064,1039,-1,1039,1064,1065,-1,1039,1065,1040,-1,1040,1065,1066,-1,1040,1066,1041,-1,1041,1066,1067,-1,1041,1067,1042,-1,1042,1067,1068,-1,1042,1068,1043,-1,1043,1068,1069,-1,1043,1069,1044,-1,1044,1069,1070,-1,1044,1070,1045,-1,1045,1070,1071,-1,1045,1071,1046,-1,1046,1071,1072,-1,1046,1072,1047,-1,1047,1072,1073,-1,1047,1073,1048,-1,1048,1073,1074,-1,1048,1074,1049,-1,1049,1074,1075,-1,1049,1075,1050,-1,1050,1075,1076,-1,1050,1076,1051,-1,1051,1076,1077,-1,1051,1077,1052,-1,1052,1077,1078,-1,1052,1078,1053,-1,1053,1078,1079,-1,1053,1079,1054,-1,1054,1079,1080,-1,1054,1080,1055,-1,1055,1080,1081,-1,1055,1081,1056,-1,1056,1081,1082,-1,1056,1082,1057,-1,1057,1082,1083,-1,1057,1083,1058,-1,1058,1083,1084,-1,1058,1084,1059,-1,1059,1084,1060,-1,1084,1085,1060,-1,1060,1085,1086,-1,1060,1086,1061,-1,1061,1086,1087,-1,1061,1087,1062,-1,1062,1087,1088,-1,1062,1088,1063,-1,1063,1088,1089,-1,1063,1089,1064,-1,1064,1089,1090,-1,1064,1090,1065,-1,1065,1090,1091,-1,1065,1091,1066,-1,1066,1091,1092,-1,1066,1092,1067,-1,1067,1092,1093,-1,1067,1093,1068,-1,1068,1093,1094,-1,1068,1094,1069,-1,1069,1094,1095,-1,1069,1095,1070,-1,1070,1095,1096,-1,1070,1096,1071,-1,1071,1096,1097,-1,1071,1097,1072,-1,1072,1097,1098,-1,1072,1098,1073,-1,1073,1098,1099,-1,1073,1099,1074,-1,1074,1099,1100,-1,1074,1100,1075,-1,1075,1100,1101,-1,1075,1101,1076,-1,1076,1101,1102,-1,1076,1102,1077,-1,1077,1102,1103,-1,1077,1103,1078,-1,1078,1103,1104,-1,1078,1104,1079,-1,1079,1104,1105,-1,1079,1105,1080,-1,1080,1105,1106,-1,1080,1106,1081,-1,1081,1106,1107,-1,1081,1107,1082,-1,1082,1107,1108,-1,1082,1108,1083,-1,1083,1108,1109,-1,1083,1109,1084,-1,1084,1109,1085,-1,1109,1110,1085,-1,1085,1110,1111,-1,1085,1111,1086,-1,1086,1111,1112,-1,1086,1112,1087,-1,1087,1112,1113,-1,1087,1113,1088,-1,1088,1113,1114,-1,1088,1114,1089,-1,1089,1114,1115,-1,1089,1115,1090,-1,1090,1115,1116,-1,1090,1116,1091,-1,1091,1116,1117,-1,1091,1117,1092,-1,1092,1117,1118,-1,1092,1118,1093,-1,1093,1118,1119,-1,1093,1119,1094,-1,1094,1119,1120,-1,1094,1120,1095,-1,1095,1120,1121,-1,1095,1121,1096,-1,1096,1121,1122,-1,1096,1122,1097,-1,1097,1122,1123,-1,1097,1123,1098,-1,1098,1123,1124,-1,1098,1124,1099,-1,1099,1124,1125,-1,1099,1125,1100,-1,1100,1125,1126,-1,1100,1126,1101,-1,1101,1126,1127,-1,1101,1127,1102,-1,1102,1127,1128,-1,1102,1128,1103,-1,1103,1128,1129,-1,1103,1129,1104,-1,1104,1129,1130,-1,1104,1130,1105,-1,1105,1130,1131,-1,1105,1131,1106,-1,1106,1131,1132,-1,1106,1132,1107,-1,1107,1132,1133,-1,1107,1133,1108,-1,1108,1133,1134,-1,1108,1134,1109,-1,1109,1134,1110,-1,1134,909,1110,-1,1110,909,908,-1,1110,908,1111,-1,1111,908,911,-1,1111,911,1112,-1,1112,911,912,-1,1112,912,1113,-1,1113,912,913,-1,1113,913,1114,-1,1114,913,914,-1,1114,914,1115,-1,1115,914,915,-1,1115,915,1116,-1,1116,915,916,-1,1116,916,1117,-1,1117,916,917,-1,1117,917,1118,-1,1118,917,918,-1,1118,918,1119,-1,1119,918,919,-1,1119,919,1120,-1,1120,919,920,-1,1120,920,1121,-1,1121,920,921,-1,1121,921,1122,-1,1122,921,922,-1,1122,922,1123,-1,1123,922,923,-1,1123,923,1124,-1,1124,923,924,-1,1124,924,1125,-1,1125,924,925,-1,1125,925,1126,-1,1126,925,926,-1,1126,926,1127,-1,1127,926,927,-1,1127,927,1128,-1,1128,927,928,-1,1128,928,1129,-1,1129,928,929,-1,1129,929,1130,-1,1130,929,930,-1,1130,930,1131,-1,1131,930,931,-1,1131,931,1132,-1,1132,931,932,-1,1132,932,1133,-1,1133,932,933,-1,1133,933,1134,-1,1134,933,909,-1,1135,1136,1137,-1,1135,1137,1138,-1,1139,1138,1137,-1,1140,1139,1137,-1,1141,1140,1137,-1,1142,1141,1137,-1,1143,1142,1137,-1,1144,1143,1137,-1,1145,1144,1137,-1,1146,1145,1137,-1,1147,1146,1137,-1,1148,1147,1137,-1,1149,1148,1137,-1,1150,1149,1137,-1,1151,1150,1137,-1,1152,1151,1137,-1,1153,1152,1137,-1,1154,1153,1137,-1,1155,1154,1137,-1,1156,1155,1137,-1,1157,1156,1137,-1,1158,1157,1137,-1,1159,1158,1137,-1,1160,1159,1137,-1,1136,1160,1137,-1,1161,1162,1163,-1,1163,1162,1164,-1,1163,1164,1165,-1,1165,1164,1166,-1,1165,1166,1167,-1,1167,1166,1168,-1,1167,1168,1169,-1,1169,1168,1170,-1,1169,1170,1171,-1,1171,1170,1172,-1,1171,1172,1173,-1,1173,1172,1174,-1,1173,1174,1175,-1,1175,1174,1176,-1,1175,1176,1177,-1,1177,1176,1178,-1,1177,1178,1179,-1,1179,1178,1180,-1,1179,1180,1181,-1,1181,1180,1182,-1,1181,1182,1183,-1,1183,1182,1184,-1,1183,1184,1185,-1,1185,1184,1186,-1,1185,1186,1187,-1,1187,1186,1188,-1,1187,1188,1189,-1,1189,1188,1190,-1,1189,1190,1191,-1,1191,1190,1192,-1,1191,1192,1193,-1,1193,1192,1194,-1,1193,1194,1195,-1,1195,1194,1196,-1,1195,1196,1197,-1,1197,1196,1198,-1,1197,1198,1199,-1,1199,1198,1200,-1,1199,1200,1201,-1,1201,1200,1202,-1,1201,1202,1203,-1,1203,1202,1204,-1,1203,1204,1205,-1,1205,1204,1206,-1,1205,1206,1207,-1,1207,1206,1208,-1,1207,1208,1209,-1,1209,1208,1210,-1,1209,1210,1211,-1,1211,1210,1161,-1,1211,1161,1163,-1,1187,1212,1185,-1,1185,1212,1213,-1,1185,1213,1183,-1,1183,1213,1214,-1,1183,1214,1181,-1,1181,1214,1215,-1,1181,1215,1179,-1,1179,1215,1216,-1,1179,1216,1177,-1,1177,1216,1217,-1,1177,1217,1175,-1,1175,1217,1218,-1,1175,1218,1173,-1,1173,1218,1219,-1,1173,1219,1171,-1,1171,1219,1220,-1,1171,1220,1169,-1,1169,1220,1221,-1,1169,1221,1167,-1,1167,1221,1222,-1,1167,1222,1165,-1,1165,1222,1223,-1,1165,1223,1163,-1,1163,1223,1224,-1,1163,1224,1211,-1,1211,1224,1225,-1,1211,1225,1209,-1,1209,1225,1226,-1,1209,1226,1207,-1,1207,1226,1227,-1,1207,1227,1205,-1,1205,1227,1228,-1,1205,1228,1203,-1,1203,1228,1229,-1,1203,1229,1201,-1,1201,1229,1230,-1,1201,1230,1199,-1,1199,1230,1231,-1,1199,1231,1197,-1,1197,1231,1232,-1,1197,1232,1195,-1,1195,1232,1233,-1,1195,1233,1193,-1,1193,1233,1234,-1,1193,1234,1191,-1,1191,1234,1235,-1,1191,1235,1189,-1,1189,1235,1236,-1,1189,1236,1187,-1,1187,1236,1212,-1,1236,1237,1212,-1,1212,1237,1238,-1,1212,1238,1213,-1,1213,1238,1239,-1,1213,1239,1214,-1,1214,1239,1240,-1,1214,1240,1215,-1,1215,1240,1241,-1,1215,1241,1216,-1,1216,1241,1242,-1,1216,1242,1217,-1,1217,1242,1243,-1,1217,1243,1218,-1,1218,1243,1244,-1,1218,1244,1219,-1,1219,1244,1245,-1,1219,1245,1220,-1,1220,1245,1246,-1,1220,1246,1221,-1,1221,1246,1247,-1,1221,1247,1222,-1,1222,1247,1248,-1,1222,1248,1223,-1,1223,1248,1249,-1,1223,1249,1224,-1,1224,1249,1250,-1,1224,1250,1225,-1,1225,1250,1251,-1,1225,1251,1226,-1,1226,1251,1252,-1,1226,1252,1227,-1,1227,1252,1253,-1,1227,1253,1228,-1,1228,1253,1254,-1,1228,1254,1229,-1,1229,1254,1255,-1,1229,1255,1230,-1,1230,1255,1256,-1,1230,1256,1231,-1,1231,1256,1257,-1,1231,1257,1232,-1,1232,1257,1258,-1,1232,1258,1233,-1,1233,1258,1259,-1,1233,1259,1234,-1,1234,1259,1260,-1,1234,1260,1235,-1,1235,1260,1261,-1,1235,1261,1236,-1,1236,1261,1237,-1,1261,1262,1237,-1,1237,1262,1263,-1,1237,1263,1238,-1,1238,1263,1264,-1,1238,1264,1239,-1,1239,1264,1265,-1,1239,1265,1240,-1,1240,1265,1266,-1,1240,1266,1241,-1,1241,1266,1267,-1,1241,1267,1242,-1,1242,1267,1268,-1,1242,1268,1243,-1,1243,1268,1269,-1,1243,1269,1244,-1,1244,1269,1270,-1,1244,1270,1245,-1,1245,1270,1271,-1,1245,1271,1246,-1,1246,1271,1272,-1,1246,1272,1247,-1,1247,1272,1273,-1,1247,1273,1248,-1,1248,1273,1274,-1,1248,1274,1249,-1,1249,1274,1275,-1,1249,1275,1250,-1,1250,1275,1276,-1,1250,1276,1251,-1,1251,1276,1277,-1,1251,1277,1252,-1,1252,1277,1278,-1,1252,1278,1253,-1,1253,1278,1279,-1,1253,1279,1254,-1,1254,1279,1280,-1,1254,1280,1255,-1,1255,1280,1281,-1,1255,1281,1256,-1,1256,1281,1282,-1,1256,1282,1257,-1,1257,1282,1283,-1,1257,1283,1258,-1,1258,1283,1284,-1,1258,1284,1259,-1,1259,1284,1285,-1,1259,1285,1260,-1,1260,1285,1286,-1,1260,1286,1261,-1,1261,1286,1262,-1,1286,1287,1262,-1,1262,1287,1288,-1,1262,1288,1263,-1,1263,1288,1289,-1,1263,1289,1264,-1,1264,1289,1290,-1,1264,1290,1265,-1,1265,1290,1291,-1,1265,1291,1266,-1,1266,1291,1292,-1,1266,1292,1267,-1,1267,1292,1293,-1,1267,1293,1268,-1,1268,1293,1294,-1,1268,1294,1269,-1,1269,1294,1295,-1,1269,1295,1270,-1,1270,1295,1296,-1,1270,1296,1271,-1,1271,1296,1297,-1,1271,1297,1272,-1,1272,1297,1298,-1,1272,1298,1273,-1,1273,1298,1299,-1,1273,1299,1274,-1,1274,1299,1300,-1,1274,1300,1275,-1,1275,1300,1301,-1,1275,1301,1276,-1,1276,1301,1302,-1,1276,1302,1277,-1,1277,1302,1303,-1,1277,1303,1278,-1,1278,1303,1304,-1,1278,1304,1279,-1,1279,1304,1305,-1,1279,1305,1280,-1,1280,1305,1306,-1,1280,1306,1281,-1,1281,1306,1307,-1,1281,1307,1282,-1,1282,1307,1308,-1,1282,1308,1283,-1,1283,1308,1309,-1,1283,1309,1284,-1,1284,1309,1310,-1,1284,1310,1285,-1,1285,1310,1311,-1,1285,1311,1286,-1,1286,1311,1287,-1,1311,1312,1287,-1,1287,1312,1313,-1,1287,1313,1288,-1,1288,1313,1314,-1,1288,1314,1289,-1,1289,1314,1315,-1,1289,1315,1290,-1,1290,1315,1316,-1,1290,1316,1291,-1,1291,1316,1317,-1,1291,1317,1292,-1,1292,1317,1318,-1,1292,1318,1293,-1,1293,1318,1319,-1,1293,1319,1294,-1,1294,1319,1320,-1,1294,1320,1295,-1,1295,1320,1321,-1,1295,1321,1296,-1,1296,1321,1322,-1,1296,1322,1297,-1,1297,1322,1323,-1,1297,1323,1298,-1,1298,1323,1324,-1,1298,1324,1299,-1,1299,1324,1325,-1,1299,1325,1300,-1,1300,1325,1326,-1,1300,1326,1301,-1,1301,1326,1327,-1,1301,1327,1302,-1,1302,1327,1328,-1,1302,1328,1303,-1,1303,1328,1329,-1,1303,1329,1304,-1,1304,1329,1330,-1,1304,1330,1305,-1,1305,1330,1331,-1,1305,1331,1306,-1,1306,1331,1332,-1,1306,1332,1307,-1,1307,1332,1333,-1,1307,1333,1308,-1,1308,1333,1334,-1,1308,1334,1309,-1,1309,1334,1335,-1,1309,1335,1310,-1,1310,1335,1336,-1,1310,1336,1311,-1,1311,1336,1312,-1,1336,1337,1312,-1,1312,1337,1338,-1,1312,1338,1313,-1,1313,1338,1339,-1,1313,1339,1314,-1,1314,1339,1340,-1,1314,1340,1315,-1,1315,1340,1341,-1,1315,1341,1316,-1,1316,1341,1342,-1,1316,1342,1317,-1,1317,1342,1343,-1,1317,1343,1318,-1,1318,1343,1344,-1,1318,1344,1319,-1,1319,1344,1345,-1,1319,1345,1320,-1,1320,1345,1346,-1,1320,1346,1321,-1,1321,1346,1347,-1,1321,1347,1322,-1,1322,1347,1348,-1,1322,1348,1323,-1,1323,1348,1349,-1,1323,1349,1324,-1,1324,1349,1350,-1,1324,1350,1325,-1,1325,1350,1351,-1,1325,1351,1326,-1,1326,1351,1352,-1,1326,1352,1327,-1,1327,1352,1353,-1,1327,1353,1328,-1,1328,1353,1354,-1,1328,1354,1329,-1,1329,1354,1355,-1,1329,1355,1330,-1,1330,1355,1356,-1,1330,1356,1331,-1,1331,1356,1357,-1,1331,1357,1332,-1,1332,1357,1358,-1,1332,1358,1333,-1,1333,1358,1359,-1,1333,1359,1334,-1,1334,1359,1360,-1,1334,1360,1335,-1,1335,1360,1361,-1,1335,1361,1336,-1,1336,1361,1337,-1,1361,1136,1337,-1,1337,1136,1135,-1,1337,1135,1338,-1,1338,1135,1138,-1,1338,1138,1339,-1,1339,1138,1139,-1,1339,1139,1340,-1,1340,1139,1140,-1,1340,1140,1341,-1,1341,1140,1141,-1,1341,1141,1342,-1,1342,1141,1142,-1,1342,1142,1343,-1,1343,1142,1143,-1,1343,1143,1344,-1,1344,1143,1144,-1,1344,1144,1345,-1,1345,1144,1145,-1,1345,1145,1346,-1,1346,1145,1146,-1,1346,1146,1347,-1,1347,1146,1147,-1,1347,1147,1348,-1,1348,1147,1148,-1,1348,1148,1349,-1,1349,1148,1149,-1,1349,1149,1350,-1,1350,1149,1150,-1,1350,1150,1351,-1,1351,1150,1151,-1,1351,1151,1352,-1,1352,1151,1152,-1,1352,1152,1353,-1,1353,1152,1153,-1,1353,1153,1354,-1,1354,1153,1154,-1,1354,1154,1355,-1,1355,1154,1155,-1,1355,1155,1356,-1,1356,1155,1156,-1,1356,1156,1357,-1,1357,1156,1157,-1,1357,1157,1358,-1,1358,1157,1158,-1,1358,1158,1359,-1,1359,1158,1159,-1,1359,1159,1360,-1,1360,1159,1160,-1,1360,1160,1361,-1,1361,1160,1136,-1,1362,1363,1364,-1,1362,1364,1365,-1,1366,1365,1364,-1,1367,1366,1364,-1,1368,1367,1364,-1,1369,1368,1364,-1,1370,1369,1364,-1,1371,1370,1364,-1,1372,1371,1364,-1,1373,1372,1364,-1,1374,1373,1364,-1,1375,1374,1364,-1,1376,1375,1364,-1,1377,1376,1364,-1,1378,1377,1364,-1,1379,1378,1364,-1,1380,1379,1364,-1,1381,1380,1364,-1,1382,1381,1364,-1,1383,1382,1364,-1,1384,1383,1364,-1,1385,1384,1364,-1,1386,1385,1364,-1,1387,1386,1364,-1,1363,1387,1364,-1,1388,1389,1390,-1,1390,1389,1391,-1,1390,1391,1392,-1,1392,1391,1393,-1,1392,1393,1394,-1,1394,1393,1395,-1,1394,1395,1396,-1,1396,1395,1397,-1,1396,1397,1398,-1,1398,1397,1399,-1,1398,1399,1400,-1,1400,1399,1401,-1,1400,1401,1402,-1,1402,1401,1403,-1,1402,1403,1404,-1,1404,1403,1405,-1,1404,1405,1406,-1,1406,1405,1407,-1,1406,1407,1408,-1,1408,1407,1409,-1,1408,1409,1410,-1,1410,1409,1411,-1,1410,1411,1412,-1,1412,1411,1413,-1,1412,1413,1414,-1,1414,1413,1415,-1,1414,1415,1416,-1,1416,1415,1417,-1,1416,1417,1418,-1,1418,1417,1419,-1,1418,1419,1420,-1,1420,1419,1421,-1,1420,1421,1422,-1,1422,1421,1423,-1,1422,1423,1424,-1,1424,1423,1425,-1,1424,1425,1426,-1,1426,1425,1427,-1,1426,1427,1428,-1,1428,1427,1429,-1,1428,1429,1430,-1,1430,1429,1431,-1,1430,1431,1432,-1,1432,1431,1433,-1,1432,1433,1434,-1,1434,1433,1435,-1,1434,1435,1436,-1,1436,1435,1437,-1,1436,1437,1438,-1,1438,1437,1388,-1,1438,1388,1390,-1,1414,1439,1412,-1,1412,1439,1440,-1,1412,1440,1410,-1,1410,1440,1441,-1,1410,1441,1408,-1,1408,1441,1442,-1,1408,1442,1406,-1,1406,1442,1443,-1,1406,1443,1404,-1,1404,1443,1444,-1,1404,1444,1402,-1,1402,1444,1445,-1,1402,1445,1400,-1,1400,1445,1446,-1,1400,1446,1398,-1,1398,1446,1447,-1,1398,1447,1396,-1,1396,1447,1448,-1,1396,1448,1394,-1,1394,1448,1449,-1,1394,1449,1392,-1,1392,1449,1450,-1,1392,1450,1390,-1,1390,1450,1451,-1,1390,1451,1438,-1,1438,1451,1452,-1,1438,1452,1436,-1,1436,1452,1453,-1,1436,1453,1434,-1,1434,1453,1454,-1,1434,1454,1432,-1,1432,1454,1455,-1,1432,1455,1430,-1,1430,1455,1456,-1,1430,1456,1428,-1,1428,1456,1457,-1,1428,1457,1426,-1,1426,1457,1458,-1,1426,1458,1424,-1,1424,1458,1459,-1,1424,1459,1422,-1,1422,1459,1460,-1,1422,1460,1420,-1,1420,1460,1461,-1,1420,1461,1418,-1,1418,1461,1462,-1,1418,1462,1416,-1,1416,1462,1463,-1,1416,1463,1414,-1,1414,1463,1439,-1,1463,1464,1439,-1,1439,1464,1465,-1,1439,1465,1440,-1,1440,1465,1466,-1,1440,1466,1441,-1,1441,1466,1467,-1,1441,1467,1442,-1,1442,1467,1468,-1,1442,1468,1443,-1,1443,1468,1469,-1,1443,1469,1444,-1,1444,1469,1470,-1,1444,1470,1445,-1,1445,1470,1471,-1,1445,1471,1446,-1,1446,1471,1472,-1,1446,1472,1447,-1,1447,1472,1473,-1,1447,1473,1448,-1,1448,1473,1474,-1,1448,1474,1449,-1,1449,1474,1475,-1,1449,1475,1450,-1,1450,1475,1476,-1,1450,1476,1451,-1,1451,1476,1477,-1,1451,1477,1452,-1,1452,1477,1478,-1,1452,1478,1453,-1,1453,1478,1479,-1,1453,1479,1454,-1,1454,1479,1480,-1,1454,1480,1455,-1,1455,1480,1481,-1,1455,1481,1456,-1,1456,1481,1482,-1,1456,1482,1457,-1,1457,1482,1483,-1,1457,1483,1458,-1,1458,1483,1484,-1,1458,1484,1459,-1,1459,1484,1485,-1,1459,1485,1460,-1,1460,1485,1486,-1,1460,1486,1461,-1,1461,1486,1487,-1,1461,1487,1462,-1,1462,1487,1488,-1,1462,1488,1463,-1,1463,1488,1464,-1,1488,1489,1464,-1,1464,1489,1490,-1,1464,1490,1465,-1,1465,1490,1491,-1,1465,1491,1466,-1,1466,1491,1492,-1,1466,1492,1467,-1,1467,1492,1493,-1,1467,1493,1468,-1,1468,1493,1494,-1,1468,1494,1469,-1,1469,1494,1495,-1,1469,1495,1470,-1,1470,1495,1496,-1,1470,1496,1471,-1,1471,1496,1497,-1,1471,1497,1472,-1,1472,1497,1498,-1,1472,1498,1473,-1,1473,1498,1499,-1,1473,1499,1474,-1,1474,1499,1500,-1,1474,1500,1475,-1,1475,1500,1501,-1,1475,1501,1476,-1,1476,1501,1502,-1,1476,1502,1477,-1,1477,1502,1503,-1,1477,1503,1478,-1,1478,1503,1504,-1,1478,1504,1479,-1,1479,1504,1505,-1,1479,1505,1480,-1,1480,1505,1506,-1,1480,1506,1481,-1,1481,1506,1507,-1,1481,1507,1482,-1,1482,1507,1508,-1,1482,1508,1483,-1,1483,1508,1509,-1,1483,1509,1484,-1,1484,1509,1510,-1,1484,1510,1485,-1,1485,1510,1511,-1,1485,1511,1486,-1,1486,1511,1512,-1,1486,1512,1487,-1,1487,1512,1513,-1,1487,1513,1488,-1,1488,1513,1489,-1,1513,1514,1489,-1,1489,1514,1515,-1,1489,1515,1490,-1,1490,1515,1516,-1,1490,1516,1491,-1,1491,1516,1517,-1,1491,1517,1492,-1,1492,1517,1518,-1,1492,1518,1493,-1,1493,1518,1519,-1,1493,1519,1494,-1,1494,1519,1520,-1,1494,1520,1495,-1,1495,1520,1521,-1,1495,1521,1496,-1,1496,1521,1522,-1,1496,1522,1497,-1,1497,1522,1523,-1,1497,1523,1498,-1,1498,1523,1524,-1,1498,1524,1499,-1,1499,1524,1525,-1,1499,1525,1500,-1,1500,1525,1526,-1,1500,1526,1501,-1,1501,1526,1527,-1,1501,1527,1502,-1,1502,1527,1528,-1,1502,1528,1503,-1,1503,1528,1529,-1,1503,1529,1504,-1,1504,1529,1530,-1,1504,1530,1505,-1,1505,1530,1531,-1,1505,1531,1506,-1,1506,1531,1532,-1,1506,1532,1507,-1,1507,1532,1533,-1,1507,1533,1508,-1,1508,1533,1534,-1,1508,1534,1509,-1,1509,1534,1535,-1,1509,1535,1510,-1,1510,1535,1536,-1,1510,1536,1511,-1,1511,1536,1537,-1,1511,1537,1512,-1,1512,1537,1538,-1,1512,1538,1513,-1,1513,1538,1514,-1,1538,1539,1514,-1,1514,1539,1540,-1,1514,1540,1515,-1,1515,1540,1541,-1,1515,1541,1516,-1,1516,1541,1542,-1,1516,1542,1517,-1,1517,1542,1543,-1,1517,1543,1518,-1,1518,1543,1544,-1,1518,1544,1519,-1,1519,1544,1545,-1,1519,1545,1520,-1,1520,1545,1546,-1,1520,1546,1521,-1,1521,1546,1547,-1,1521,1547,1522,-1,1522,1547,1548,-1,1522,1548,1523,-1,1523,1548,1549,-1,1523,1549,1524,-1,1524,1549,1550,-1,1524,1550,1525,-1,1525,1550,1551,-1,1525,1551,1526,-1,1526,1551,1552,-1,1526,1552,1527,-1,1527,1552,1553,-1,1527,1553,1528,-1,1528,1553,1554,-1,1528,1554,1529,-1,1529,1554,1555,-1,1529,1555,1530,-1,1530,1555,1556,-1,1530,1556,1531,-1,1531,1556,1557,-1,1531,1557,1532,-1,1532,1557,1558,-1,1532,1558,1533,-1,1533,1558,1559,-1,1533,1559,1534,-1,1534,1559,1560,-1,1534,1560,1535,-1,1535,1560,1561,-1,1535,1561,1536,-1,1536,1561,1562,-1,1536,1562,1537,-1,1537,1562,1563,-1,1537,1563,1538,-1,1538,1563,1539,-1,1563,1564,1539,-1,1539,1564,1565,-1,1539,1565,1540,-1,1540,1565,1566,-1,1540,1566,1541,-1,1541,1566,1567,-1,1541,1567,1542,-1,1542,1567,1568,-1,1542,1568,1543,-1,1543,1568,1569,-1,1543,1569,1544,-1,1544,1569,1570,-1,1544,1570,1545,-1,1545,1570,1571,-1,1545,1571,1546,-1,1546,1571,1572,-1,1546,1572,1547,-1,1547,1572,1573,-1,1547,1573,1548,-1,1548,1573,1574,-1,1548,1574,1549,-1,1549,1574,1575,-1,1549,1575,1550,-1,1550,1575,1576,-1,1550,1576,1551,-1,1551,1576,1577,-1,1551,1577,1552,-1,1552,1577,1578,-1,1552,1578,1553,-1,1553,1578,1579,-1,1553,1579,1554,-1,1554,1579,1580,-1,1554,1580,1555,-1,1555,1580,1581,-1,1555,1581,1556,-1,1556,1581,1582,-1,1556,1582,1557,-1,1557,1582,1583,-1,1557,1583,1558,-1,1558,1583,1584,-1,1558,1584,1559,-1,1559,1584,1585,-1,1559,1585,1560,-1,1560,1585,1586,-1,1560,1586,1561,-1,1561,1586,1587,-1,1561,1587,1562,-1,1562,1587,1588,-1,1562,1588,1563,-1,1563,1588,1564,-1,1588,1363,1564,-1,1564,1363,1362,-1,1564,1362,1565,-1,1565,1362,1365,-1,1565,1365,1566,-1,1566,1365,1366,-1,1566,1366,1567,-1,1567,1366,1367,-1,1567,1367,1568,-1,1568,1367,1368,-1,1568,1368,1569,-1,1569,1368,1369,-1,1569,1369,1570,-1,1570,1369,1370,-1,1570,1370,1571,-1,1571,1370,1371,-1,1571,1371,1572,-1,1572,1371,1372,-1,1572,1372,1573,-1,1573,1372,1373,-1,1573,1373,1574,-1,1574,1373,1374,-1,1574,1374,1575,-1,1575,1374,1375,-1,1575,1375,1576,-1,1576,1375,1376,-1,1576,1376,1577,-1,1577,1376,1377,-1,1577,1377,1578,-1,1578,1377,1378,-1,1578,1378,1579,-1,1579,1378,1379,-1,1579,1379,1580,-1,1580,1379,1380,-1,1580,1380,1581,-1,1581,1380,1381,-1,1581,1381,1582,-1,1582,1381,1382,-1,1582,1382,1583,-1,1583,1382,1383,-1,1583,1383,1584,-1,1584,1383,1384,-1,1584,1384,1585,-1,1585,1384,1385,-1,1585,1385,1586,-1,1586,1385,1386,-1,1586,1386,1587,-1,1587,1386,1387,-1,1587,1387,1588,-1,1588,1387,1363,-1,1589,1590,1591,-1,1589,1591,1592,-1,1593,1592,1591,-1,1594,1593,1591,-1,1595,1594,1591,-1,1596,1595,1591,-1,1597,1596,1591,-1,1598,1597,1591,-1,1599,1598,1591,-1,1600,1599,1591,-1,1601,1600,1591,-1,1602,1601,1591,-1,1603,1602,1591,-1,1604,1603,1591,-1,1605,1604,1591,-1,1606,1605,1591,-1,1607,1606,1591,-1,1608,1607,1591,-1,1609,1608,1591,-1,1610,1609,1591,-1,1611,1610,1591,-1,1612,1611,1591,-1,1613,1612,1591,-1,1614,1613,1591,-1,1590,1614,1591,-1,1615,1616,1617,-1,1617,1616,1618,-1,1617,1618,1619,-1,1619,1618,1620,-1,1619,1620,1621,-1,1621,1620,1622,-1,1621,1622,1623,-1,1623,1622,1624,-1,1623,1624,1625,-1,1625,1624,1626,-1,1625,1626,1627,-1,1627,1626,1628,-1,1627,1628,1629,-1,1629,1628,1630,-1,1629,1630,1631,-1,1631,1630,1632,-1,1631,1632,1633,-1,1633,1632,1634,-1,1633,1634,1635,-1,1635,1634,1636,-1,1635,1636,1637,-1,1637,1636,1638,-1,1637,1638,1639,-1,1639,1638,1640,-1,1639,1640,1641,-1,1641,1640,1642,-1,1641,1642,1643,-1,1643,1642,1644,-1,1643,1644,1645,-1,1645,1644,1646,-1,1645,1646,1647,-1,1647,1646,1648,-1,1647,1648,1649,-1,1649,1648,1650,-1,1649,1650,1651,-1,1651,1650,1652,-1,1651,1652,1653,-1,1653,1652,1654,-1,1653,1654,1655,-1,1655,1654,1656,-1,1655,1656,1657,-1,1657,1656,1658,-1,1657,1658,1659,-1,1659,1658,1660,-1,1659,1660,1661,-1,1661,1660,1662,-1,1661,1662,1663,-1,1663,1662,1664,-1,1663,1664,1665,-1,1665,1664,1615,-1,1665,1615,1617,-1,1641,1666,1639,-1,1639,1666,1667,-1,1639,1667,1637,-1,1637,1667,1668,-1,1637,1668,1635,-1,1635,1668,1669,-1,1635,1669,1633,-1,1633,1669,1670,-1,1633,1670,1631,-1,1631,1670,1671,-1,1631,1671,1629,-1,1629,1671,1672,-1,1629,1672,1627,-1,1627,1672,1673,-1,1627,1673,1625,-1,1625,1673,1674,-1,1625,1674,1623,-1,1623,1674,1675,-1,1623,1675,1621,-1,1621,1675,1676,-1,1621,1676,1619,-1,1619,1676,1677,-1,1619,1677,1617,-1,1617,1677,1678,-1,1617,1678,1665,-1,1665,1678,1679,-1,1665,1679,1663,-1,1663,1679,1680,-1,1663,1680,1661,-1,1661,1680,1681,-1,1661,1681,1659,-1,1659,1681,1682,-1,1659,1682,1657,-1,1657,1682,1683,-1,1657,1683,1655,-1,1655,1683,1684,-1,1655,1684,1653,-1,1653,1684,1685,-1,1653,1685,1651,-1,1651,1685,1686,-1,1651,1686,1649,-1,1649,1686,1687,-1,1649,1687,1647,-1,1647,1687,1688,-1,1647,1688,1645,-1,1645,1688,1689,-1,1645,1689,1643,-1,1643,1689,1690,-1,1643,1690,1641,-1,1641,1690,1666,-1,1690,1691,1666,-1,1666,1691,1692,-1,1666,1692,1667,-1,1667,1692,1693,-1,1667,1693,1668,-1,1668,1693,1694,-1,1668,1694,1669,-1,1669,1694,1695,-1,1669,1695,1670,-1,1670,1695,1696,-1,1670,1696,1671,-1,1671,1696,1697,-1,1671,1697,1672,-1,1672,1697,1698,-1,1672,1698,1673,-1,1673,1698,1699,-1,1673,1699,1674,-1,1674,1699,1700,-1,1674,1700,1675,-1,1675,1700,1701,-1,1675,1701,1676,-1,1676,1701,1702,-1,1676,1702,1677,-1,1677,1702,1703,-1,1677,1703,1678,-1,1678,1703,1704,-1,1678,1704,1679,-1,1679,1704,1705,-1,1679,1705,1680,-1,1680,1705,1706,-1,1680,1706,1681,-1,1681,1706,1707,-1,1681,1707,1682,-1,1682,1707,1708,-1,1682,1708,1683,-1,1683,1708,1709,-1,1683,1709,1684,-1,1684,1709,1710,-1,1684,1710,1685,-1,1685,1710,1711,-1,1685,1711,1686,-1,1686,1711,1712,-1,1686,1712,1687,-1,1687,1712,1713,-1,1687,1713,1688,-1,1688,1713,1714,-1,1688,1714,1689,-1,1689,1714,1715,-1,1689,1715,1690,-1,1690,1715,1691,-1,1715,1716,1691,-1,1691,1716,1717,-1,1691,1717,1692,-1,1692,1717,1718,-1,1692,1718,1693,-1,1693,1718,1719,-1,1693,1719,1694,-1,1694,1719,1720,-1,1694,1720,1695,-1,1695,1720,1721,-1,1695,1721,1696,-1,1696,1721,1722,-1,1696,1722,1697,-1,1697,1722,1723,-1,1697,1723,1698,-1,1698,1723,1724,-1,1698,1724,1699,-1,1699,1724,1725,-1,1699,1725,1700,-1,1700,1725,1726,-1,1700,1726,1701,-1,1701,1726,1727,-1,1701,1727,1702,-1,1702,1727,1728,-1,1702,1728,1703,-1,1703,1728,1729,-1,1703,1729,1704,-1,1704,1729,1730,-1,1704,1730,1705,-1,1705,1730,1731,-1,1705,1731,1706,-1,1706,1731,1732,-1,1706,1732,1707,-1,1707,1732,1733,-1,1707,1733,1708,-1,1708,1733,1734,-1,1708,1734,1709,-1,1709,1734,1735,-1,1709,1735,1710,-1,1710,1735,1736,-1,1710,1736,1711,-1,1711,1736,1737,-1,1711,1737,1712,-1,1712,1737,1738,-1,1712,1738,1713,-1,1713,1738,1739,-1,1713,1739,1714,-1,1714,1739,1740,-1,1714,1740,1715,-1,1715,1740,1716,-1,1740,1741,1716,-1,1716,1741,1742,-1,1716,1742,1717,-1,1717,1742,1743,-1,1717,1743,1718,-1,1718,1743,1744,-1,1718,1744,1719,-1,1719,1744,1745,-1,1719,1745,1720,-1,1720,1745,1746,-1,1720,1746,1721,-1,1721,1746,1747,-1,1721,1747,1722,-1,1722,1747,1748,-1,1722,1748,1723,-1,1723,1748,1749,-1,1723,1749,1724,-1,1724,1749,1750,-1,1724,1750,1725,-1,1725,1750,1751,-1,1725,1751,1726,-1,1726,1751,1752,-1,1726,1752,1727,-1,1727,1752,1753,-1,1727,1753,1728,-1,1728,1753,1754,-1,1728,1754,1729,-1,1729,1754,1755,-1,1729,1755,1730,-1,1730,1755,1756,-1,1730,1756,1731,-1,1731,1756,1757,-1,1731,1757,1732,-1,1732,1757,1758,-1,1732,1758,1733,-1,1733,1758,1759,-1,1733,1759,1734,-1,1734,1759,1760,-1,1734,1760,1735,-1,1735,1760,1761,-1,1735,1761,1736,-1,1736,1761,1762,-1,1736,1762,1737,-1,1737,1762,1763,-1,1737,1763,1738,-1,1738,1763,1764,-1,1738,1764,1739,-1,1739,1764,1765,-1,1739,1765,1740,-1,1740,1765,1741,-1,1765,1766,1741,-1,1741,1766,1767,-1,1741,1767,1742,-1,1742,1767,1768,-1,1742,1768,1743,-1,1743,1768,1769,-1,1743,1769,1744,-1,1744,1769,1770,-1,1744,1770,1745,-1,1745,1770,1771,-1,1745,1771,1746,-1,1746,1771,1772,-1,1746,1772,1747,-1,1747,1772,1773,-1,1747,1773,1748,-1,1748,1773,1774,-1,1748,1774,1749,-1,1749,1774,1775,-1,1749,1775,1750,-1,1750,1775,1776,-1,1750,1776,1751,-1,1751,1776,1777,-1,1751,1777,1752,-1,1752,1777,1778,-1,1752,1778,1753,-1,1753,1778,1779,-1,1753,1779,1754,-1,1754,1779,1780,-1,1754,1780,1755,-1,1755,1780,1781,-1,1755,1781,1756,-1,1756,1781,1782,-1,1756,1782,1757,-1,1757,1782,1783,-1,1757,1783,1758,-1,1758,1783,1784,-1,1758,1784,1759,-1,1759,1784,1785,-1,1759,1785,1760,-1,1760,1785,1786,-1,1760,1786,1761,-1,1761,1786,1787,-1,1761,1787,1762,-1,1762,1787,1788,-1,1762,1788,1763,-1,1763,1788,1789,-1,1763,1789,1764,-1,1764,1789,1790,-1,1764,1790,1765,-1,1765,1790,1766,-1,1790,1791,1766,-1,1766,1791,1792,-1,1766,1792,1767,-1,1767,1792,1793,-1,1767,1793,1768,-1,1768,1793,1794,-1,1768,1794,1769,-1,1769,1794,1795,-1,1769,1795,1770,-1,1770,1795,1796,-1,1770,1796,1771,-1,1771,1796,1797,-1,1771,1797,1772,-1,1772,1797,1798,-1,1772,1798,1773,-1,1773,1798,1799,-1,1773,1799,1774,-1,1774,1799,1800,-1,1774,1800,1775,-1,1775,1800,1801,-1,1775,1801,1776,-1,1776,1801,1802,-1,1776,1802,1777,-1,1777,1802,1803,-1,1777,1803,1778,-1,1778,1803,1804,-1,1778,1804,1779,-1,1779,1804,1805,-1,1779,1805,1780,-1,1780,1805,1806,-1,1780,1806,1781,-1,1781,1806,1807,-1,1781,1807,1782,-1,1782,1807,1808,-1,1782,1808,1783,-1,1783,1808,1809,-1,1783,1809,1784,-1,1784,1809,1810,-1,1784,1810,1785,-1,1785,1810,1811,-1,1785,1811,1786,-1,1786,1811,1812,-1,1786,1812,1787,-1,1787,1812,1813,-1,1787,1813,1788,-1,1788,1813,1814,-1,1788,1814,1789,-1,1789,1814,1815,-1,1789,1815,1790,-1,1790,1815,1791,-1,1815,1590,1791,-1,1791,1590,1589,-1,1791,1589,1792,-1,1792,1589,1592,-1,1792,1592,1793,-1,1793,1592,1593,-1,1793,1593,1794,-1,1794,1593,1594,-1,1794,1594,1795,-1,1795,1594,1595,-1,1795,1595,1796,-1,1796,1595,1596,-1,1796,1596,1797,-1,1797,1596,1597,-1,1797,1597,1798,-1,1798,1597,1598,-1,1798,1598,1799,-1,1799,1598,1599,-1,1799,1599,1800,-1,1800,1599,1600,-1,1800,1600,1801,-1,1801,1600,1601,-1,1801,1601,1802,-1,1802,1601,1602,-1,1802,1602,1803,-1,1803,1602,1603,-1,1803,1603,1804,-1,1804,1603,1604,-1,1804,1604,1805,-1,1805,1604,1605,-1,1805,1605,1806,-1,1806,1605,1606,-1,1806,1606,1807,-1,1807,1606,1607,-1,1807,1607,1808,-1,1808,1607,1608,-1,1808,1608,1809,-1,1809,1608,1609,-1,1809,1609,1810,-1,1810,1609,1610,-1,1810,1610,1811,-1,1811,1610,1611,-1,1811,1611,1812,-1,1812,1611,1612,-1,1812,1612,1813,-1,1813,1612,1613,-1,1813,1613,1814,-1,1814,1613,1614,-1,1814,1614,1815,-1,1815,1614,1590,-1,1816,1817,1818,-1,1816,1818,1819,-1,1820,1819,1818,-1,1821,1820,1818,-1,1822,1821,1818,-1,1823,1822,1818,-1,1824,1823,1818,-1,1825,1824,1818,-1,1826,1825,1818,-1,1827,1826,1818,-1,1828,1827,1818,-1,1829,1828,1818,-1,1830,1829,1818,-1,1831,1830,1818,-1,1832,1831,1818,-1,1833,1832,1818,-1,1834,1833,1818,-1,1835,1834,1818,-1,1836,1835,1818,-1,1837,1836,1818,-1,1838,1837,1818,-1,1839,1838,1818,-1,1840,1839,1818,-1,1841,1840,1818,-1,1817,1841,1818,-1,1842,1843,1844,-1,1844,1845,1842,-1,1842,1845,1846,-1,1842,1846,1847,-1,1847,1846,1848,-1,1847,1848,1849,-1,1849,1848,1850,-1,1849,1850,1851,-1,1851,1850,1852,-1,1851,1852,1853,-1,1853,1852,1854,-1,1853,1854,1855,-1,1855,1854,1856,-1,1855,1856,1857,-1,1857,1856,1858,-1,1857,1858,1859,-1,1859,1858,1860,-1,1859,1860,1861,-1,1861,1860,1862,-1,1861,1862,1863,-1,1863,1862,1864,-1,1863,1864,1865,-1,1865,1864,1866,-1,1865,1866,1867,-1,1867,1866,1868,-1,1867,1868,1869,-1,1869,1868,1870,-1,1869,1870,1871,-1,1871,1870,1872,-1,1871,1872,1873,-1,1873,1872,1874,-1,1873,1874,1875,-1,1875,1874,1876,-1,1875,1876,1877,-1,1877,1876,1878,-1,1877,1878,1879,-1,1879,1878,1880,-1,1879,1880,1881,-1,1881,1880,1882,-1,1881,1882,1883,-1,1883,1882,1884,-1,1883,1884,1885,-1,1885,1884,1886,-1,1885,1886,1887,-1,1887,1886,1888,-1,1887,1888,1889,-1,1889,1888,1890,-1,1889,1890,1891,-1,1891,1890,1844,-1,1891,1844,1892,-1,1892,1844,1843,-1,1868,1893,1870,-1,1870,1893,1894,-1,1870,1894,1872,-1,1872,1894,1895,-1,1872,1895,1874,-1,1874,1895,1896,-1,1874,1896,1876,-1,1876,1896,1897,-1,1876,1897,1878,-1,1878,1897,1898,-1,1878,1898,1880,-1,1880,1898,1899,-1,1880,1899,1882,-1,1882,1899,1900,-1,1882,1900,1884,-1,1884,1900,1901,-1,1884,1901,1886,-1,1886,1901,1902,-1,1886,1902,1888,-1,1888,1902,1903,-1,1888,1903,1890,-1,1890,1903,1904,-1,1890,1904,1844,-1,1844,1904,1905,-1,1844,1905,1845,-1,1845,1905,1906,-1,1845,1906,1846,-1,1846,1906,1907,-1,1846,1907,1848,-1,1848,1907,1908,-1,1848,1908,1850,-1,1850,1908,1909,-1,1850,1909,1852,-1,1852,1909,1910,-1,1852,1910,1854,-1,1854,1910,1911,-1,1854,1911,1856,-1,1856,1911,1912,-1,1856,1912,1858,-1,1858,1912,1913,-1,1858,1913,1860,-1,1860,1913,1914,-1,1860,1914,1862,-1,1862,1914,1915,-1,1862,1915,1864,-1,1864,1915,1916,-1,1864,1916,1866,-1,1866,1916,1917,-1,1866,1917,1868,-1,1868,1917,1893,-1,1917,1918,1893,-1,1893,1918,1919,-1,1893,1919,1894,-1,1894,1919,1920,-1,1894,1920,1895,-1,1895,1920,1921,-1,1895,1921,1896,-1,1896,1921,1922,-1,1896,1922,1897,-1,1897,1922,1923,-1,1897,1923,1898,-1,1898,1923,1924,-1,1898,1924,1899,-1,1899,1924,1925,-1,1899,1925,1900,-1,1900,1925,1926,-1,1900,1926,1901,-1,1901,1926,1927,-1,1901,1927,1902,-1,1902,1927,1928,-1,1902,1928,1903,-1,1903,1928,1929,-1,1903,1929,1904,-1,1904,1929,1930,-1,1904,1930,1905,-1,1905,1930,1931,-1,1905,1931,1906,-1,1906,1931,1932,-1,1906,1932,1907,-1,1907,1932,1933,-1,1907,1933,1908,-1,1908,1933,1934,-1,1908,1934,1909,-1,1909,1934,1935,-1,1909,1935,1910,-1,1910,1935,1936,-1,1910,1936,1911,-1,1911,1936,1937,-1,1911,1937,1912,-1,1912,1937,1938,-1,1912,1938,1913,-1,1913,1938,1939,-1,1913,1939,1914,-1,1914,1939,1940,-1,1914,1940,1915,-1,1915,1940,1941,-1,1915,1941,1916,-1,1916,1941,1942,-1,1916,1942,1917,-1,1917,1942,1918,-1,1942,1943,1918,-1,1918,1943,1944,-1,1918,1944,1919,-1,1919,1944,1945,-1,1919,1945,1920,-1,1920,1945,1946,-1,1920,1946,1921,-1,1921,1946,1947,-1,1921,1947,1922,-1,1922,1947,1948,-1,1922,1948,1923,-1,1923,1948,1949,-1,1923,1949,1924,-1,1924,1949,1950,-1,1924,1950,1925,-1,1925,1950,1951,-1,1925,1951,1926,-1,1926,1951,1952,-1,1926,1952,1927,-1,1927,1952,1953,-1,1927,1953,1928,-1,1928,1953,1954,-1,1928,1954,1929,-1,1929,1954,1955,-1,1929,1955,1930,-1,1930,1955,1956,-1,1930,1956,1931,-1,1931,1956,1957,-1,1931,1957,1932,-1,1932,1957,1958,-1,1932,1958,1933,-1,1933,1958,1959,-1,1933,1959,1934,-1,1934,1959,1960,-1,1934,1960,1935,-1,1935,1960,1961,-1,1935,1961,1936,-1,1936,1961,1962,-1,1936,1962,1937,-1,1937,1962,1963,-1,1937,1963,1938,-1,1938,1963,1964,-1,1938,1964,1939,-1,1939,1964,1965,-1,1939,1965,1940,-1,1940,1965,1966,-1,1940,1966,1941,-1,1941,1966,1967,-1,1941,1967,1942,-1,1942,1967,1943,-1,1967,1968,1943,-1,1943,1968,1969,-1,1943,1969,1944,-1,1944,1969,1970,-1,1944,1970,1945,-1,1945,1970,1971,-1,1945,1971,1946,-1,1946,1971,1972,-1,1946,1972,1947,-1,1947,1972,1973,-1,1947,1973,1948,-1,1948,1973,1974,-1,1948,1974,1949,-1,1949,1974,1975,-1,1949,1975,1950,-1,1950,1975,1976,-1,1950,1976,1951,-1,1951,1976,1977,-1,1951,1977,1952,-1,1952,1977,1978,-1,1952,1978,1953,-1,1953,1978,1979,-1,1953,1979,1954,-1,1954,1979,1980,-1,1954,1980,1955,-1,1955,1980,1981,-1,1955,1981,1956,-1,1956,1981,1982,-1,1956,1982,1957,-1,1957,1982,1983,-1,1957,1983,1958,-1,1958,1983,1984,-1,1958,1984,1959,-1,1959,1984,1985,-1,1959,1985,1960,-1,1960,1985,1986,-1,1960,1986,1961,-1,1961,1986,1987,-1,1961,1987,1962,-1,1962,1987,1988,-1,1962,1988,1963,-1,1963,1988,1989,-1,1963,1989,1964,-1,1964,1989,1990,-1,1964,1990,1965,-1,1965,1990,1991,-1,1965,1991,1966,-1,1966,1991,1992,-1,1966,1992,1967,-1,1967,1992,1968,-1,1992,1993,1968,-1,1968,1993,1994,-1,1968,1994,1969,-1,1969,1994,1995,-1,1969,1995,1970,-1,1970,1995,1996,-1,1970,1996,1971,-1,1971,1996,1997,-1,1971,1997,1972,-1,1972,1997,1998,-1,1972,1998,1973,-1,1973,1998,1999,-1,1973,1999,1974,-1,1974,1999,2000,-1,1974,2000,1975,-1,1975,2000,2001,-1,1975,2001,1976,-1,1976,2001,2002,-1,1976,2002,1977,-1,1977,2002,2003,-1,1977,2003,1978,-1,1978,2003,2004,-1,1978,2004,1979,-1,1979,2004,2005,-1,1979,2005,1980,-1,1980,2005,2006,-1,1980,2006,1981,-1,1981,2006,2007,-1,1981,2007,1982,-1,1982,2007,2008,-1,1982,2008,1983,-1,1983,2008,2009,-1,1983,2009,1984,-1,1984,2009,2010,-1,1984,2010,1985,-1,1985,2010,2011,-1,1985,2011,1986,-1,1986,2011,2012,-1,1986,2012,1987,-1,1987,2012,2013,-1,1987,2013,1988,-1,1988,2013,2014,-1,1988,2014,1989,-1,1989,2014,2015,-1,1989,2015,1990,-1,1990,2015,2016,-1,1990,2016,1991,-1,1991,2016,2017,-1,1991,2017,1992,-1,1992,2017,1993,-1,2017,2018,1993,-1,1993,2018,2019,-1,1993,2019,1994,-1,1994,2019,2020,-1,1994,2020,1995,-1,1995,2020,2021,-1,1995,2021,1996,-1,1996,2021,2022,-1,1996,2022,1997,-1,1997,2022,2023,-1,1997,2023,1998,-1,1998,2023,2024,-1,1998,2024,1999,-1,1999,2024,2025,-1,1999,2025,2000,-1,2000,2025,2026,-1,2000,2026,2001,-1,2001,2026,2027,-1,2001,2027,2002,-1,2002,2027,2028,-1,2002,2028,2003,-1,2003,2028,2029,-1,2003,2029,2004,-1,2004,2029,2030,-1,2004,2030,2005,-1,2005,2030,2031,-1,2005,2031,2006,-1,2006,2031,2032,-1,2006,2032,2007,-1,2007,2032,2033,-1,2007,2033,2008,-1,2008,2033,2034,-1,2008,2034,2009,-1,2009,2034,2035,-1,2009,2035,2010,-1,2010,2035,2036,-1,2010,2036,2011,-1,2011,2036,2037,-1,2011,2037,2012,-1,2012,2037,2038,-1,2012,2038,2013,-1,2013,2038,2039,-1,2013,2039,2014,-1,2014,2039,2040,-1,2014,2040,2015,-1,2015,2040,2041,-1,2015,2041,2016,-1,2016,2041,2042,-1,2016,2042,2017,-1,2017,2042,2018,-1,2042,1817,2018,-1,2018,1817,1816,-1,2018,1816,2019,-1,2019,1816,1819,-1,2019,1819,2020,-1,2020,1819,1820,-1,2020,1820,2021,-1,2021,1820,1821,-1,2021,1821,2022,-1,2022,1821,1822,-1,2022,1822,2023,-1,2023,1822,1823,-1,2023,1823,2024,-1,2024,1823,1824,-1,2024,1824,2025,-1,2025,1824,1825,-1,2025,1825,2026,-1,2026,1825,1826,-1,2026,1826,2027,-1,2027,1826,1827,-1,2027,1827,2028,-1,2028,1827,1828,-1,2028,1828,2029,-1,2029,1828,1829,-1,2029,1829,2030,-1,2030,1829,1830,-1,2030,1830,2031,-1,2031,1830,1831,-1,2031,1831,2032,-1,2032,1831,1832,-1,2032,1832,2033,-1,2033,1832,1833,-1,2033,1833,2034,-1,2034,1833,1834,-1,2034,1834,2035,-1,2035,1834,1835,-1,2035,1835,2036,-1,2036,1835,1836,-1,2036,1836,2037,-1,2037,1836,1837,-1,2037,1837,2038,-1,2038,1837,1838,-1,2038,1838,2039,-1,2039,1838,1839,-1,2039,1839,2040,-1,2040,1839,1840,-1,2040,1840,2041,-1,2041,1840,1841,-1,2041,1841,2042,-1,2042,1841,1817,-1,2043,2044,2045,-1,2043,2045,2046,-1,2047,2046,2045,-1,2048,2047,2045,-1,2049,2048,2045,-1,2050,2049,2045,-1,2051,2050,2045,-1,2052,2051,2045,-1,2053,2052,2045,-1,2054,2053,2045,-1,2055,2054,2045,-1,2056,2055,2045,-1,2057,2056,2045,-1,2058,2057,2045,-1,2059,2058,2045,-1,2060,2059,2045,-1,2061,2060,2045,-1,2062,2061,2045,-1,2063,2062,2045,-1,2064,2063,2045,-1,2065,2064,2045,-1,2066,2065,2045,-1,2067,2066,2045,-1,2068,2067,2045,-1,2044,2068,2045,-1,2069,2070,2071,-1,2071,2072,2069,-1,2069,2072,2073,-1,2069,2073,2074,-1,2074,2073,2075,-1,2074,2075,2076,-1,2076,2075,2077,-1,2076,2077,2078,-1,2078,2077,2079,-1,2078,2079,2080,-1,2080,2079,2081,-1,2080,2081,2082,-1,2082,2081,2083,-1,2082,2083,2084,-1,2084,2083,2085,-1,2084,2085,2086,-1,2086,2085,2087,-1,2086,2087,2088,-1,2088,2087,2089,-1,2088,2089,2090,-1,2090,2089,2091,-1,2090,2091,2092,-1,2092,2091,2093,-1,2092,2093,2094,-1,2094,2093,2095,-1,2094,2095,2096,-1,2096,2095,2097,-1,2096,2097,2098,-1,2098,2097,2099,-1,2098,2099,2100,-1,2100,2099,2101,-1,2100,2101,2102,-1,2102,2101,2103,-1,2102,2103,2104,-1,2104,2103,2105,-1,2104,2105,2106,-1,2106,2105,2107,-1,2106,2107,2108,-1,2108,2107,2109,-1,2108,2109,2110,-1,2110,2109,2111,-1,2110,2111,2112,-1,2112,2111,2113,-1,2112,2113,2114,-1,2114,2113,2115,-1,2114,2115,2116,-1,2116,2115,2117,-1,2116,2117,2118,-1,2118,2117,2071,-1,2118,2071,2119,-1,2119,2071,2070,-1,2095,2120,2097,-1,2097,2120,2121,-1,2097,2121,2099,-1,2099,2121,2122,-1,2099,2122,2101,-1,2101,2122,2123,-1,2101,2123,2103,-1,2103,2123,2124,-1,2103,2124,2105,-1,2105,2124,2125,-1,2105,2125,2107,-1,2107,2125,2126,-1,2107,2126,2109,-1,2109,2126,2127,-1,2109,2127,2111,-1,2111,2127,2128,-1,2111,2128,2113,-1,2113,2128,2129,-1,2113,2129,2115,-1,2115,2129,2130,-1,2115,2130,2117,-1,2117,2130,2131,-1,2117,2131,2071,-1,2071,2131,2132,-1,2071,2132,2072,-1,2072,2132,2133,-1,2072,2133,2073,-1,2073,2133,2134,-1,2073,2134,2075,-1,2075,2134,2135,-1,2075,2135,2077,-1,2077,2135,2136,-1,2077,2136,2079,-1,2079,2136,2137,-1,2079,2137,2081,-1,2081,2137,2138,-1,2081,2138,2083,-1,2083,2138,2139,-1,2083,2139,2085,-1,2085,2139,2140,-1,2085,2140,2087,-1,2087,2140,2141,-1,2087,2141,2089,-1,2089,2141,2142,-1,2089,2142,2091,-1,2091,2142,2143,-1,2091,2143,2093,-1,2093,2143,2144,-1,2093,2144,2095,-1,2095,2144,2120,-1,2144,2145,2120,-1,2120,2145,2146,-1,2120,2146,2121,-1,2121,2146,2147,-1,2121,2147,2122,-1,2122,2147,2148,-1,2122,2148,2123,-1,2123,2148,2149,-1,2123,2149,2124,-1,2124,2149,2150,-1,2124,2150,2125,-1,2125,2150,2151,-1,2125,2151,2126,-1,2126,2151,2152,-1,2126,2152,2127,-1,2127,2152,2153,-1,2127,2153,2128,-1,2128,2153,2154,-1,2128,2154,2129,-1,2129,2154,2155,-1,2129,2155,2130,-1,2130,2155,2156,-1,2130,2156,2131,-1,2131,2156,2157,-1,2131,2157,2132,-1,2132,2157,2158,-1,2132,2158,2133,-1,2133,2158,2159,-1,2133,2159,2134,-1,2134,2159,2160,-1,2134,2160,2135,-1,2135,2160,2161,-1,2135,2161,2136,-1,2136,2161,2162,-1,2136,2162,2137,-1,2137,2162,2163,-1,2137,2163,2138,-1,2138,2163,2164,-1,2138,2164,2139,-1,2139,2164,2165,-1,2139,2165,2140,-1,2140,2165,2166,-1,2140,2166,2141,-1,2141,2166,2167,-1,2141,2167,2142,-1,2142,2167,2168,-1,2142,2168,2143,-1,2143,2168,2169,-1,2143,2169,2144,-1,2144,2169,2145,-1,2169,2170,2145,-1,2145,2170,2171,-1,2145,2171,2146,-1,2146,2171,2172,-1,2146,2172,2147,-1,2147,2172,2173,-1,2147,2173,2148,-1,2148,2173,2174,-1,2148,2174,2149,-1,2149,2174,2175,-1,2149,2175,2150,-1,2150,2175,2176,-1,2150,2176,2151,-1,2151,2176,2177,-1,2151,2177,2152,-1,2152,2177,2178,-1,2152,2178,2153,-1,2153,2178,2179,-1,2153,2179,2154,-1,2154,2179,2180,-1,2154,2180,2155,-1,2155,2180,2181,-1,2155,2181,2156,-1,2156,2181,2182,-1,2156,2182,2157,-1,2157,2182,2183,-1,2157,2183,2158,-1,2158,2183,2184,-1,2158,2184,2159,-1,2159,2184,2185,-1,2159,2185,2160,-1,2160,2185,2186,-1,2160,2186,2161,-1,2161,2186,2187,-1,2161,2187,2162,-1,2162,2187,2188,-1,2162,2188,2163,-1,2163,2188,2189,-1,2163,2189,2164,-1,2164,2189,2190,-1,2164,2190,2165,-1,2165,2190,2191,-1,2165,2191,2166,-1,2166,2191,2192,-1,2166,2192,2167,-1,2167,2192,2193,-1,2167,2193,2168,-1,2168,2193,2194,-1,2168,2194,2169,-1,2169,2194,2170,-1,2194,2195,2170,-1,2170,2195,2196,-1,2170,2196,2171,-1,2171,2196,2197,-1,2171,2197,2172,-1,2172,2197,2198,-1,2172,2198,2173,-1,2173,2198,2199,-1,2173,2199,2174,-1,2174,2199,2200,-1,2174,2200,2175,-1,2175,2200,2201,-1,2175,2201,2176,-1,2176,2201,2202,-1,2176,2202,2177,-1,2177,2202,2203,-1,2177,2203,2178,-1,2178,2203,2204,-1,2178,2204,2179,-1,2179,2204,2205,-1,2179,2205,2180,-1,2180,2205,2206,-1,2180,2206,2181,-1,2181,2206,2207,-1,2181,2207,2182,-1,2182,2207,2208,-1,2182,2208,2183,-1,2183,2208,2209,-1,2183,2209,2184,-1,2184,2209,2210,-1,2184,2210,2185,-1,2185,2210,2211,-1,2185,2211,2186,-1,2186,2211,2212,-1,2186,2212,2187,-1,2187,2212,2213,-1,2187,2213,2188,-1,2188,2213,2214,-1,2188,2214,2189,-1,2189,2214,2215,-1,2189,2215,2190,-1,2190,2215,2216,-1,2190,2216,2191,-1,2191,2216,2217,-1,2191,2217,2192,-1,2192,2217,2218,-1,2192,2218,2193,-1,2193,2218,2219,-1,2193,2219,2194,-1,2194,2219,2195,-1,2219,2220,2195,-1,2195,2220,2221,-1,2195,2221,2196,-1,2196,2221,2222,-1,2196,2222,2197,-1,2197,2222,2223,-1,2197,2223,2198,-1,2198,2223,2224,-1,2198,2224,2199,-1,2199,2224,2225,-1,2199,2225,2200,-1,2200,2225,2226,-1,2200,2226,2201,-1,2201,2226,2227,-1,2201,2227,2202,-1,2202,2227,2228,-1,2202,2228,2203,-1,2203,2228,2229,-1,2203,2229,2204,-1,2204,2229,2230,-1,2204,2230,2205,-1,2205,2230,2231,-1,2205,2231,2206,-1,2206,2231,2232,-1,2206,2232,2207,-1,2207,2232,2233,-1,2207,2233,2208,-1,2208,2233,2234,-1,2208,2234,2209,-1,2209,2234,2235,-1,2209,2235,2210,-1,2210,2235,2236,-1,2210,2236,2211,-1,2211,2236,2237,-1,2211,2237,2212,-1,2212,2237,2238,-1,2212,2238,2213,-1,2213,2238,2239,-1,2213,2239,2214,-1,2214,2239,2240,-1,2214,2240,2215,-1,2215,2240,2241,-1,2215,2241,2216,-1,2216,2241,2242,-1,2216,2242,2217,-1,2217,2242,2243,-1,2217,2243,2218,-1,2218,2243,2244,-1,2218,2244,2219,-1,2219,2244,2220,-1,2244,2245,2220,-1,2220,2245,2246,-1,2220,2246,2221,-1,2221,2246,2247,-1,2221,2247,2222,-1,2222,2247,2248,-1,2222,2248,2223,-1,2223,2248,2249,-1,2223,2249,2224,-1,2224,2249,2250,-1,2224,2250,2225,-1,2225,2250,2251,-1,2225,2251,2226,-1,2226,2251,2252,-1,2226,2252,2227,-1,2227,2252,2253,-1,2227,2253,2228,-1,2228,2253,2254,-1,2228,2254,2229,-1,2229,2254,2255,-1,2229,2255,2230,-1,2230,2255,2256,-1,2230,2256,2231,-1,2231,2256,2257,-1,2231,2257,2232,-1,2232,2257,2258,-1,2232,2258,2233,-1,2233,2258,2259,-1,2233,2259,2234,-1,2234,2259,2260,-1,2234,2260,2235,-1,2235,2260,2261,-1,2235,2261,2236,-1,2236,2261,2262,-1,2236,2262,2237,-1,2237,2262,2263,-1,2237,2263,2238,-1,2238,2263,2264,-1,2238,2264,2239,-1,2239,2264,2265,-1,2239,2265,2240,-1,2240,2265,2266,-1,2240,2266,2241,-1,2241,2266,2267,-1,2241,2267,2242,-1,2242,2267,2268,-1,2242,2268,2243,-1,2243,2268,2269,-1,2243,2269,2244,-1,2244,2269,2245,-1,2269,2044,2245,-1,2245,2044,2043,-1,2245,2043,2246,-1,2246,2043,2046,-1,2246,2046,2247,-1,2247,2046,2047,-1,2247,2047,2248,-1,2248,2047,2048,-1,2248,2048,2249,-1,2249,2048,2049,-1,2249,2049,2250,-1,2250,2049,2050,-1,2250,2050,2251,-1,2251,2050,2051,-1,2251,2051,2252,-1,2252,2051,2052,-1,2252,2052,2253,-1,2253,2052,2053,-1,2253,2053,2254,-1,2254,2053,2054,-1,2254,2054,2255,-1,2255,2054,2055,-1,2255,2055,2256,-1,2256,2055,2056,-1,2256,2056,2257,-1,2257,2056,2057,-1,2257,2057,2258,-1,2258,2057,2058,-1,2258,2058,2259,-1,2259,2058,2059,-1,2259,2059,2260,-1,2260,2059,2060,-1,2260,2060,2261,-1,2261,2060,2061,-1,2261,2061,2262,-1,2262,2061,2062,-1,2262,2062,2263,-1,2263,2062,2063,-1,2263,2063,2264,-1,2264,2063,2064,-1,2264,2064,2265,-1,2265,2064,2065,-1,2265,2065,2266,-1,2266,2065,2066,-1,2266,2066,2267,-1,2267,2066,2067,-1,2267,2067,2268,-1,2268,2067,2068,-1,2268,2068,2269,-1,2269,2068,2044,-1,2270,2271,2272,-1,2270,2272,2273,-1,2274,2273,2272,-1,2275,2274,2272,-1,2276,2275,2272,-1,2277,2276,2272,-1,2278,2277,2272,-1,2279,2278,2272,-1,2280,2279,2272,-1,2281,2280,2272,-1,2282,2281,2272,-1,2283,2282,2272,-1,2284,2283,2272,-1,2285,2284,2272,-1,2286,2285,2272,-1,2287,2286,2272,-1,2288,2287,2272,-1,2289,2288,2272,-1,2290,2289,2272,-1,2291,2290,2272,-1,2292,2291,2272,-1,2293,2292,2272,-1,2294,2293,2272,-1,2295,2294,2272,-1,2271,2295,2272,-1,2296,2297,2298,-1,2298,2297,2299,-1,2298,2299,2300,-1,2300,2299,2301,-1,2300,2301,2302,-1,2302,2301,2303,-1,2302,2303,2304,-1,2304,2303,2305,-1,2304,2305,2306,-1,2306,2305,2307,-1,2306,2307,2308,-1,2308,2307,2309,-1,2308,2309,2310,-1,2310,2309,2311,-1,2310,2311,2312,-1,2312,2311,2313,-1,2312,2313,2314,-1,2314,2313,2315,-1,2314,2315,2316,-1,2316,2315,2317,-1,2316,2317,2318,-1,2318,2317,2319,-1,2318,2319,2320,-1,2320,2319,2321,-1,2320,2321,2322,-1,2322,2321,2323,-1,2322,2323,2324,-1,2324,2323,2325,-1,2324,2325,2326,-1,2326,2325,2327,-1,2326,2327,2328,-1,2328,2327,2329,-1,2328,2329,2330,-1,2330,2329,2331,-1,2330,2331,2332,-1,2332,2331,2333,-1,2332,2333,2334,-1,2334,2333,2335,-1,2334,2335,2336,-1,2336,2335,2337,-1,2336,2337,2338,-1,2338,2337,2339,-1,2338,2339,2340,-1,2340,2339,2341,-1,2340,2341,2342,-1,2342,2341,2343,-1,2342,2343,2344,-1,2344,2343,2345,-1,2344,2345,2346,-1,2346,2345,2296,-1,2346,2296,2298,-1,2322,2347,2320,-1,2320,2347,2348,-1,2320,2348,2318,-1,2318,2348,2349,-1,2318,2349,2316,-1,2316,2349,2350,-1,2316,2350,2314,-1,2314,2350,2351,-1,2314,2351,2312,-1,2312,2351,2352,-1,2312,2352,2310,-1,2310,2352,2353,-1,2310,2353,2308,-1,2308,2353,2354,-1,2308,2354,2306,-1,2306,2354,2355,-1,2306,2355,2304,-1,2304,2355,2356,-1,2304,2356,2302,-1,2302,2356,2357,-1,2302,2357,2300,-1,2300,2357,2358,-1,2300,2358,2298,-1,2298,2358,2359,-1,2298,2359,2346,-1,2346,2359,2360,-1,2346,2360,2344,-1,2344,2360,2361,-1,2344,2361,2342,-1,2342,2361,2362,-1,2342,2362,2340,-1,2340,2362,2363,-1,2340,2363,2338,-1,2338,2363,2364,-1,2338,2364,2336,-1,2336,2364,2365,-1,2336,2365,2334,-1,2334,2365,2366,-1,2334,2366,2332,-1,2332,2366,2367,-1,2332,2367,2330,-1,2330,2367,2368,-1,2330,2368,2328,-1,2328,2368,2369,-1,2328,2369,2326,-1,2326,2369,2370,-1,2326,2370,2324,-1,2324,2370,2371,-1,2324,2371,2322,-1,2322,2371,2347,-1,2371,2372,2347,-1,2347,2372,2373,-1,2347,2373,2348,-1,2348,2373,2374,-1,2348,2374,2349,-1,2349,2374,2375,-1,2349,2375,2350,-1,2350,2375,2376,-1,2350,2376,2351,-1,2351,2376,2377,-1,2351,2377,2352,-1,2352,2377,2378,-1,2352,2378,2353,-1,2353,2378,2379,-1,2353,2379,2354,-1,2354,2379,2380,-1,2354,2380,2355,-1,2355,2380,2381,-1,2355,2381,2356,-1,2356,2381,2382,-1,2356,2382,2357,-1,2357,2382,2383,-1,2357,2383,2358,-1,2358,2383,2384,-1,2358,2384,2359,-1,2359,2384,2385,-1,2359,2385,2360,-1,2360,2385,2386,-1,2360,2386,2361,-1,2361,2386,2387,-1,2361,2387,2362,-1,2362,2387,2388,-1,2362,2388,2363,-1,2363,2388,2389,-1,2363,2389,2364,-1,2364,2389,2390,-1,2364,2390,2365,-1,2365,2390,2391,-1,2365,2391,2366,-1,2366,2391,2392,-1,2366,2392,2367,-1,2367,2392,2393,-1,2367,2393,2368,-1,2368,2393,2394,-1,2368,2394,2369,-1,2369,2394,2395,-1,2369,2395,2370,-1,2370,2395,2396,-1,2370,2396,2371,-1,2371,2396,2372,-1,2396,2397,2372,-1,2372,2397,2398,-1,2372,2398,2373,-1,2373,2398,2399,-1,2373,2399,2374,-1,2374,2399,2400,-1,2374,2400,2375,-1,2375,2400,2401,-1,2375,2401,2376,-1,2376,2401,2402,-1,2376,2402,2377,-1,2377,2402,2403,-1,2377,2403,2378,-1,2378,2403,2404,-1,2378,2404,2379,-1,2379,2404,2405,-1,2379,2405,2380,-1,2380,2405,2406,-1,2380,2406,2381,-1,2381,2406,2407,-1,2381,2407,2382,-1,2382,2407,2408,-1,2382,2408,2383,-1,2383,2408,2409,-1,2383,2409,2384,-1,2384,2409,2410,-1,2384,2410,2385,-1,2385,2410,2411,-1,2385,2411,2386,-1,2386,2411,2412,-1,2386,2412,2387,-1,2387,2412,2413,-1,2387,2413,2388,-1,2388,2413,2414,-1,2388,2414,2389,-1,2389,2414,2415,-1,2389,2415,2390,-1,2390,2415,2416,-1,2390,2416,2391,-1,2391,2416,2417,-1,2391,2417,2392,-1,2392,2417,2418,-1,2392,2418,2393,-1,2393,2418,2419,-1,2393,2419,2394,-1,2394,2419,2420,-1,2394,2420,2395,-1,2395,2420,2421,-1,2395,2421,2396,-1,2396,2421,2397,-1,2421,2422,2397,-1,2397,2422,2423,-1,2397,2423,2398,-1,2398,2423,2424,-1,2398,2424,2399,-1,2399,2424,2425,-1,2399,2425,2400,-1,2400,2425,2426,-1,2400,2426,2401,-1,2401,2426,2427,-1,2401,2427,2402,-1,2402,2427,2428,-1,2402,2428,2403,-1,2403,2428,2429,-1,2403,2429,2404,-1,2404,2429,2430,-1,2404,2430,2405,-1,2405,2430,2431,-1,2405,2431,2406,-1,2406,2431,2432,-1,2406,2432,2407,-1,2407,2432,2433,-1,2407,2433,2408,-1,2408,2433,2434,-1,2408,2434,2409,-1,2409,2434,2435,-1,2409,2435,2410,-1,2410,2435,2436,-1,2410,2436,2411,-1,2411,2436,2437,-1,2411,2437,2412,-1,2412,2437,2438,-1,2412,2438,2413,-1,2413,2438,2439,-1,2413,2439,2414,-1,2414,2439,2440,-1,2414,2440,2415,-1,2415,2440,2441,-1,2415,2441,2416,-1,2416,2441,2442,-1,2416,2442,2417,-1,2417,2442,2443,-1,2417,2443,2418,-1,2418,2443,2444,-1,2418,2444,2419,-1,2419,2444,2445,-1,2419,2445,2420,-1,2420,2445,2446,-1,2420,2446,2421,-1,2421,2446,2422,-1,2446,2447,2422,-1,2422,2447,2448,-1,2422,2448,2423,-1,2423,2448,2449,-1,2423,2449,2424,-1,2424,2449,2450,-1,2424,2450,2425,-1,2425,2450,2451,-1,2425,2451,2426,-1,2426,2451,2452,-1,2426,2452,2427,-1,2427,2452,2453,-1,2427,2453,2428,-1,2428,2453,2454,-1,2428,2454,2429,-1,2429,2454,2455,-1,2429,2455,2430,-1,2430,2455,2456,-1,2430,2456,2431,-1,2431,2456,2457,-1,2431,2457,2432,-1,2432,2457,2458,-1,2432,2458,2433,-1,2433,2458,2459,-1,2433,2459,2434,-1,2434,2459,2460,-1,2434,2460,2435,-1,2435,2460,2461,-1,2435,2461,2436,-1,2436,2461,2462,-1,2436,2462,2437,-1,2437,2462,2463,-1,2437,2463,2438,-1,2438,2463,2464,-1,2438,2464,2439,-1,2439,2464,2465,-1,2439,2465,2440,-1,2440,2465,2466,-1,2440,2466,2441,-1,2441,2466,2467,-1,2441,2467,2442,-1,2442,2467,2468,-1,2442,2468,2443,-1,2443,2468,2469,-1,2443,2469,2444,-1,2444,2469,2470,-1,2444,2470,2445,-1,2445,2470,2471,-1,2445,2471,2446,-1,2446,2471,2447,-1,2471,2472,2447,-1,2447,2472,2473,-1,2447,2473,2448,-1,2448,2473,2474,-1,2448,2474,2449,-1,2449,2474,2475,-1,2449,2475,2450,-1,2450,2475,2476,-1,2450,2476,2451,-1,2451,2476,2477,-1,2451,2477,2452,-1,2452,2477,2478,-1,2452,2478,2453,-1,2453,2478,2479,-1,2453,2479,2454,-1,2454,2479,2480,-1,2454,2480,2455,-1,2455,2480,2481,-1,2455,2481,2456,-1,2456,2481,2482,-1,2456,2482,2457,-1,2457,2482,2483,-1,2457,2483,2458,-1,2458,2483,2484,-1,2458,2484,2459,-1,2459,2484,2485,-1,2459,2485,2460,-1,2460,2485,2486,-1,2460,2486,2461,-1,2461,2486,2487,-1,2461,2487,2462,-1,2462,2487,2488,-1,2462,2488,2463,-1,2463,2488,2489,-1,2463,2489,2464,-1,2464,2489,2490,-1,2464,2490,2465,-1,2465,2490,2491,-1,2465,2491,2466,-1,2466,2491,2492,-1,2466,2492,2467,-1,2467,2492,2493,-1,2467,2493,2468,-1,2468,2493,2494,-1,2468,2494,2469,-1,2469,2494,2495,-1,2469,2495,2470,-1,2470,2495,2496,-1,2470,2496,2471,-1,2471,2496,2472,-1,2496,2271,2472,-1,2472,2271,2270,-1,2472,2270,2473,-1,2473,2270,2273,-1,2473,2273,2474,-1,2474,2273,2274,-1,2474,2274,2475,-1,2475,2274,2275,-1,2475,2275,2476,-1,2476,2275,2276,-1,2476,2276,2477,-1,2477,2276,2277,-1,2477,2277,2478,-1,2478,2277,2278,-1,2478,2278,2479,-1,2479,2278,2279,-1,2479,2279,2480,-1,2480,2279,2280,-1,2480,2280,2481,-1,2481,2280,2281,-1,2481,2281,2482,-1,2482,2281,2282,-1,2482,2282,2483,-1,2483,2282,2283,-1,2483,2283,2484,-1,2484,2283,2284,-1,2484,2284,2485,-1,2485,2284,2285,-1,2485,2285,2486,-1,2486,2285,2286,-1,2486,2286,2487,-1,2487,2286,2287,-1,2487,2287,2488,-1,2488,2287,2288,-1,2488,2288,2489,-1,2489,2288,2289,-1,2489,2289,2490,-1,2490,2289,2290,-1,2490,2290,2491,-1,2491,2290,2291,-1,2491,2291,2492,-1,2492,2291,2292,-1,2492,2292,2493,-1,2493,2292,2293,-1,2493,2293,2494,-1,2494,2293,2294,-1,2494,2294,2495,-1,2495,2294,2295,-1,2495,2295,2496,-1,2496,2295,2271,-1,2497,2498,2499,-1,2497,2499,2500,-1,2501,2500,2499,-1,2502,2501,2499,-1,2503,2502,2499,-1,2504,2503,2499,-1,2505,2504,2499,-1,2506,2505,2499,-1,2507,2506,2499,-1,2508,2507,2499,-1,2509,2508,2499,-1,2510,2509,2499,-1,2511,2510,2499,-1,2512,2511,2499,-1,2513,2512,2499,-1,2514,2513,2499,-1,2515,2514,2499,-1,2516,2515,2499,-1,2517,2516,2499,-1,2518,2517,2499,-1,2519,2518,2499,-1,2520,2519,2499,-1,2521,2520,2499,-1,2522,2521,2499,-1,2498,2522,2499,-1,2523,2524,2525,-1,2525,2524,2526,-1,2525,2526,2527,-1,2527,2526,2528,-1,2527,2528,2529,-1,2529,2528,2530,-1,2529,2530,2531,-1,2531,2530,2532,-1,2531,2532,2533,-1,2533,2532,2534,-1,2533,2534,2535,-1,2535,2534,2536,-1,2535,2536,2537,-1,2537,2536,2538,-1,2537,2538,2539,-1,2539,2538,2540,-1,2539,2540,2541,-1,2541,2540,2542,-1,2541,2542,2543,-1,2543,2542,2544,-1,2543,2544,2545,-1,2545,2544,2546,-1,2545,2546,2547,-1,2547,2546,2548,-1,2547,2548,2549,-1,2549,2548,2550,-1,2549,2550,2551,-1,2551,2550,2552,-1,2551,2552,2553,-1,2553,2552,2554,-1,2553,2554,2555,-1,2555,2554,2556,-1,2555,2556,2557,-1,2557,2556,2558,-1,2557,2558,2559,-1,2559,2558,2560,-1,2559,2560,2561,-1,2561,2560,2562,-1,2561,2562,2563,-1,2563,2562,2564,-1,2563,2564,2565,-1,2565,2564,2566,-1,2565,2566,2567,-1,2567,2566,2568,-1,2567,2568,2569,-1,2569,2568,2570,-1,2569,2570,2571,-1,2571,2570,2572,-1,2571,2572,2573,-1,2573,2572,2523,-1,2573,2523,2525,-1,2549,2574,2547,-1,2547,2574,2575,-1,2547,2575,2545,-1,2545,2575,2576,-1,2545,2576,2543,-1,2543,2576,2577,-1,2543,2577,2541,-1,2541,2577,2578,-1,2541,2578,2539,-1,2539,2578,2579,-1,2539,2579,2537,-1,2537,2579,2580,-1,2537,2580,2535,-1,2535,2580,2581,-1,2535,2581,2533,-1,2533,2581,2582,-1,2533,2582,2531,-1,2531,2582,2583,-1,2531,2583,2529,-1,2529,2583,2584,-1,2529,2584,2527,-1,2527,2584,2585,-1,2527,2585,2525,-1,2525,2585,2586,-1,2525,2586,2573,-1,2573,2586,2587,-1,2573,2587,2571,-1,2571,2587,2588,-1,2571,2588,2569,-1,2569,2588,2589,-1,2569,2589,2567,-1,2567,2589,2590,-1,2567,2590,2565,-1,2565,2590,2591,-1,2565,2591,2563,-1,2563,2591,2592,-1,2563,2592,2561,-1,2561,2592,2593,-1,2561,2593,2559,-1,2559,2593,2594,-1,2559,2594,2557,-1,2557,2594,2595,-1,2557,2595,2555,-1,2555,2595,2596,-1,2555,2596,2553,-1,2553,2596,2597,-1,2553,2597,2551,-1,2551,2597,2598,-1,2551,2598,2549,-1,2549,2598,2574,-1,2598,2599,2574,-1,2574,2599,2600,-1,2574,2600,2575,-1,2575,2600,2601,-1,2575,2601,2576,-1,2576,2601,2602,-1,2576,2602,2577,-1,2577,2602,2603,-1,2577,2603,2578,-1,2578,2603,2604,-1,2578,2604,2579,-1,2579,2604,2605,-1,2579,2605,2580,-1,2580,2605,2606,-1,2580,2606,2581,-1,2581,2606,2607,-1,2581,2607,2582,-1,2582,2607,2608,-1,2582,2608,2583,-1,2583,2608,2609,-1,2583,2609,2584,-1,2584,2609,2610,-1,2584,2610,2585,-1,2585,2610,2611,-1,2585,2611,2586,-1,2586,2611,2612,-1,2586,2612,2587,-1,2587,2612,2613,-1,2587,2613,2588,-1,2588,2613,2614,-1,2588,2614,2589,-1,2589,2614,2615,-1,2589,2615,2590,-1,2590,2615,2616,-1,2590,2616,2591,-1,2591,2616,2617,-1,2591,2617,2592,-1,2592,2617,2618,-1,2592,2618,2593,-1,2593,2618,2619,-1,2593,2619,2594,-1,2594,2619,2620,-1,2594,2620,2595,-1,2595,2620,2621,-1,2595,2621,2596,-1,2596,2621,2622,-1,2596,2622,2597,-1,2597,2622,2623,-1,2597,2623,2598,-1,2598,2623,2599,-1,2623,2624,2599,-1,2599,2624,2625,-1,2599,2625,2600,-1,2600,2625,2626,-1,2600,2626,2601,-1,2601,2626,2627,-1,2601,2627,2602,-1,2602,2627,2628,-1,2602,2628,2603,-1,2603,2628,2629,-1,2603,2629,2604,-1,2604,2629,2630,-1,2604,2630,2605,-1,2605,2630,2631,-1,2605,2631,2606,-1,2606,2631,2632,-1,2606,2632,2607,-1,2607,2632,2633,-1,2607,2633,2608,-1,2608,2633,2634,-1,2608,2634,2609,-1,2609,2634,2635,-1,2609,2635,2610,-1,2610,2635,2636,-1,2610,2636,2611,-1,2611,2636,2637,-1,2611,2637,2612,-1,2612,2637,2638,-1,2612,2638,2613,-1,2613,2638,2639,-1,2613,2639,2614,-1,2614,2639,2640,-1,2614,2640,2615,-1,2615,2640,2641,-1,2615,2641,2616,-1,2616,2641,2642,-1,2616,2642,2617,-1,2617,2642,2643,-1,2617,2643,2618,-1,2618,2643,2644,-1,2618,2644,2619,-1,2619,2644,2645,-1,2619,2645,2620,-1,2620,2645,2646,-1,2620,2646,2621,-1,2621,2646,2647,-1,2621,2647,2622,-1,2622,2647,2648,-1,2622,2648,2623,-1,2623,2648,2624,-1,2648,2649,2624,-1,2624,2649,2650,-1,2624,2650,2625,-1,2625,2650,2651,-1,2625,2651,2626,-1,2626,2651,2652,-1,2626,2652,2627,-1,2627,2652,2653,-1,2627,2653,2628,-1,2628,2653,2654,-1,2628,2654,2629,-1,2629,2654,2655,-1,2629,2655,2630,-1,2630,2655,2656,-1,2630,2656,2631,-1,2631,2656,2657,-1,2631,2657,2632,-1,2632,2657,2658,-1,2632,2658,2633,-1,2633,2658,2659,-1,2633,2659,2634,-1,2634,2659,2660,-1,2634,2660,2635,-1,2635,2660,2661,-1,2635,2661,2636,-1,2636,2661,2662,-1,2636,2662,2637,-1,2637,2662,2663,-1,2637,2663,2638,-1,2638,2663,2664,-1,2638,2664,2639,-1,2639,2664,2665,-1,2639,2665,2640,-1,2640,2665,2666,-1,2640,2666,2641,-1,2641,2666,2667,-1,2641,2667,2642,-1,2642,2667,2668,-1,2642,2668,2643,-1,2643,2668,2669,-1,2643,2669,2644,-1,2644,2669,2670,-1,2644,2670,2645,-1,2645,2670,2671,-1,2645,2671,2646,-1,2646,2671,2672,-1,2646,2672,2647,-1,2647,2672,2673,-1,2647,2673,2648,-1,2648,2673,2649,-1,2673,2674,2649,-1,2649,2674,2675,-1,2649,2675,2650,-1,2650,2675,2676,-1,2650,2676,2651,-1,2651,2676,2677,-1,2651,2677,2652,-1,2652,2677,2678,-1,2652,2678,2653,-1,2653,2678,2679,-1,2653,2679,2654,-1,2654,2679,2680,-1,2654,2680,2655,-1,2655,2680,2681,-1,2655,2681,2656,-1,2656,2681,2682,-1,2656,2682,2657,-1,2657,2682,2683,-1,2657,2683,2658,-1,2658,2683,2684,-1,2658,2684,2659,-1,2659,2684,2685,-1,2659,2685,2660,-1,2660,2685,2686,-1,2660,2686,2661,-1,2661,2686,2687,-1,2661,2687,2662,-1,2662,2687,2688,-1,2662,2688,2663,-1,2663,2688,2689,-1,2663,2689,2664,-1,2664,2689,2690,-1,2664,2690,2665,-1,2665,2690,2691,-1,2665,2691,2666,-1,2666,2691,2692,-1,2666,2692,2667,-1,2667,2692,2693,-1,2667,2693,2668,-1,2668,2693,2694,-1,2668,2694,2669,-1,2669,2694,2695,-1,2669,2695,2670,-1,2670,2695,2696,-1,2670,2696,2671,-1,2671,2696,2697,-1,2671,2697,2672,-1,2672,2697,2698,-1,2672,2698,2673,-1,2673,2698,2674,-1,2698,2699,2674,-1,2674,2699,2700,-1,2674,2700,2675,-1,2675,2700,2701,-1,2675,2701,2676,-1,2676,2701,2702,-1,2676,2702,2677,-1,2677,2702,2703,-1,2677,2703,2678,-1,2678,2703,2704,-1,2678,2704,2679,-1,2679,2704,2705,-1,2679,2705,2680,-1,2680,2705,2706,-1,2680,2706,2681,-1,2681,2706,2707,-1,2681,2707,2682,-1,2682,2707,2708,-1,2682,2708,2683,-1,2683,2708,2709,-1,2683,2709,2684,-1,2684,2709,2710,-1,2684,2710,2685,-1,2685,2710,2711,-1,2685,2711,2686,-1,2686,2711,2712,-1,2686,2712,2687,-1,2687,2712,2713,-1,2687,2713,2688,-1,2688,2713,2714,-1,2688,2714,2689,-1,2689,2714,2715,-1,2689,2715,2690,-1,2690,2715,2716,-1,2690,2716,2691,-1,2691,2716,2717,-1,2691,2717,2692,-1,2692,2717,2718,-1,2692,2718,2693,-1,2693,2718,2719,-1,2693,2719,2694,-1,2694,2719,2720,-1,2694,2720,2695,-1,2695,2720,2721,-1,2695,2721,2696,-1,2696,2721,2722,-1,2696,2722,2697,-1,2697,2722,2723,-1,2697,2723,2698,-1,2698,2723,2699,-1,2723,2498,2699,-1,2699,2498,2497,-1,2699,2497,2700,-1,2700,2497,2500,-1,2700,2500,2701,-1,2701,2500,2501,-1,2701,2501,2702,-1,2702,2501,2502,-1,2702,2502,2703,-1,2703,2502,2503,-1,2703,2503,2704,-1,2704,2503,2504,-1,2704,2504,2705,-1,2705,2504,2505,-1,2705,2505,2706,-1,2706,2505,2506,-1,2706,2506,2707,-1,2707,2506,2507,-1,2707,2507,2708,-1,2708,2507,2508,-1,2708,2508,2709,-1,2709,2508,2509,-1,2709,2509,2710,-1,2710,2509,2510,-1,2710,2510,2711,-1,2711,2510,2511,-1,2711,2511,2712,-1,2712,2511,2512,-1,2712,2512,2713,-1,2713,2512,2513,-1,2713,2513,2714,-1,2714,2513,2514,-1,2714,2514,2715,-1,2715,2514,2515,-1,2715,2515,2716,-1,2716,2515,2516,-1,2716,2516,2717,-1,2717,2516,2517,-1,2717,2517,2718,-1,2718,2517,2518,-1,2718,2518,2719,-1,2719,2518,2519,-1,2719,2519,2720,-1,2720,2519,2520,-1,2720,2520,2721,-1,2721,2520,2521,-1,2721,2521,2722,-1,2722,2521,2522,-1,2722,2522,2723,-1,2723,2522,2498,-1,2724,2725,2726,-1,2724,2726,2727,-1,2728,2727,2726,-1,2729,2728,2726,-1,2730,2729,2726,-1,2731,2730,2726,-1,2732,2731,2726,-1,2733,2732,2726,-1,2734,2733,2726,-1,2735,2734,2726,-1,2736,2735,2726,-1,2737,2736,2726,-1,2738,2737,2726,-1,2739,2738,2726,-1,2740,2739,2726,-1,2741,2740,2726,-1,2742,2741,2726,-1,2743,2742,2726,-1,2744,2743,2726,-1,2745,2744,2726,-1,2746,2745,2726,-1,2747,2746,2726,-1,2748,2747,2726,-1,2749,2748,2726,-1,2725,2749,2726,-1,2750,2751,2752,-1,2752,2751,2753,-1,2752,2753,2754,-1,2754,2753,2755,-1,2754,2755,2756,-1,2756,2755,2757,-1,2756,2757,2758,-1,2758,2757,2759,-1,2758,2759,2760,-1,2760,2759,2761,-1,2760,2761,2762,-1,2762,2761,2763,-1,2762,2763,2764,-1,2764,2763,2765,-1,2764,2765,2766,-1,2766,2765,2767,-1,2766,2767,2768,-1,2768,2767,2769,-1,2768,2769,2770,-1,2770,2769,2771,-1,2770,2771,2772,-1,2772,2771,2773,-1,2772,2773,2774,-1,2774,2773,2775,-1,2774,2775,2776,-1,2776,2775,2777,-1,2776,2777,2778,-1,2778,2777,2779,-1,2778,2779,2780,-1,2780,2779,2781,-1,2780,2781,2782,-1,2782,2781,2783,-1,2782,2783,2784,-1,2784,2783,2785,-1,2784,2785,2786,-1,2786,2785,2787,-1,2786,2787,2788,-1,2788,2787,2789,-1,2788,2789,2790,-1,2790,2789,2791,-1,2790,2791,2792,-1,2792,2791,2793,-1,2792,2793,2794,-1,2794,2793,2795,-1,2794,2795,2796,-1,2796,2795,2797,-1,2796,2797,2798,-1,2798,2797,2799,-1,2798,2799,2800,-1,2800,2799,2750,-1,2800,2750,2752,-1,2776,2801,2774,-1,2774,2801,2802,-1,2774,2802,2772,-1,2772,2802,2803,-1,2772,2803,2770,-1,2770,2803,2804,-1,2770,2804,2768,-1,2768,2804,2805,-1,2768,2805,2766,-1,2766,2805,2806,-1,2766,2806,2764,-1,2764,2806,2807,-1,2764,2807,2762,-1,2762,2807,2808,-1,2762,2808,2760,-1,2760,2808,2809,-1,2760,2809,2758,-1,2758,2809,2810,-1,2758,2810,2756,-1,2756,2810,2811,-1,2756,2811,2754,-1,2754,2811,2812,-1,2754,2812,2752,-1,2752,2812,2813,-1,2752,2813,2800,-1,2800,2813,2814,-1,2800,2814,2798,-1,2798,2814,2815,-1,2798,2815,2796,-1,2796,2815,2816,-1,2796,2816,2794,-1,2794,2816,2817,-1,2794,2817,2792,-1,2792,2817,2818,-1,2792,2818,2790,-1,2790,2818,2819,-1,2790,2819,2788,-1,2788,2819,2820,-1,2788,2820,2786,-1,2786,2820,2821,-1,2786,2821,2784,-1,2784,2821,2822,-1,2784,2822,2782,-1,2782,2822,2823,-1,2782,2823,2780,-1,2780,2823,2824,-1,2780,2824,2778,-1,2778,2824,2825,-1,2778,2825,2776,-1,2776,2825,2801,-1,2825,2826,2801,-1,2801,2826,2827,-1,2801,2827,2802,-1,2802,2827,2828,-1,2802,2828,2803,-1,2803,2828,2829,-1,2803,2829,2804,-1,2804,2829,2830,-1,2804,2830,2805,-1,2805,2830,2831,-1,2805,2831,2806,-1,2806,2831,2832,-1,2806,2832,2807,-1,2807,2832,2833,-1,2807,2833,2808,-1,2808,2833,2834,-1,2808,2834,2809,-1,2809,2834,2835,-1,2809,2835,2810,-1,2810,2835,2836,-1,2810,2836,2811,-1,2811,2836,2837,-1,2811,2837,2812,-1,2812,2837,2838,-1,2812,2838,2813,-1,2813,2838,2839,-1,2813,2839,2814,-1,2814,2839,2840,-1,2814,2840,2815,-1,2815,2840,2841,-1,2815,2841,2816,-1,2816,2841,2842,-1,2816,2842,2817,-1,2817,2842,2843,-1,2817,2843,2818,-1,2818,2843,2844,-1,2818,2844,2819,-1,2819,2844,2845,-1,2819,2845,2820,-1,2820,2845,2846,-1,2820,2846,2821,-1,2821,2846,2847,-1,2821,2847,2822,-1,2822,2847,2848,-1,2822,2848,2823,-1,2823,2848,2849,-1,2823,2849,2824,-1,2824,2849,2850,-1,2824,2850,2825,-1,2825,2850,2826,-1,2850,2851,2826,-1,2826,2851,2852,-1,2826,2852,2827,-1,2827,2852,2853,-1,2827,2853,2828,-1,2828,2853,2854,-1,2828,2854,2829,-1,2829,2854,2855,-1,2829,2855,2830,-1,2830,2855,2856,-1,2830,2856,2831,-1,2831,2856,2857,-1,2831,2857,2832,-1,2832,2857,2858,-1,2832,2858,2833,-1,2833,2858,2859,-1,2833,2859,2834,-1,2834,2859,2860,-1,2834,2860,2835,-1,2835,2860,2861,-1,2835,2861,2836,-1,2836,2861,2862,-1,2836,2862,2837,-1,2837,2862,2863,-1,2837,2863,2838,-1,2838,2863,2864,-1,2838,2864,2839,-1,2839,2864,2865,-1,2839,2865,2840,-1,2840,2865,2866,-1,2840,2866,2841,-1,2841,2866,2867,-1,2841,2867,2842,-1,2842,2867,2868,-1,2842,2868,2843,-1,2843,2868,2869,-1,2843,2869,2844,-1,2844,2869,2870,-1,2844,2870,2845,-1,2845,2870,2871,-1,2845,2871,2846,-1,2846,2871,2872,-1,2846,2872,2847,-1,2847,2872,2873,-1,2847,2873,2848,-1,2848,2873,2874,-1,2848,2874,2849,-1,2849,2874,2875,-1,2849,2875,2850,-1,2850,2875,2851,-1,2875,2876,2851,-1,2851,2876,2877,-1,2851,2877,2852,-1,2852,2877,2878,-1,2852,2878,2853,-1,2853,2878,2879,-1,2853,2879,2854,-1,2854,2879,2880,-1,2854,2880,2855,-1,2855,2880,2881,-1,2855,2881,2856,-1,2856,2881,2882,-1,2856,2882,2857,-1,2857,2882,2883,-1,2857,2883,2858,-1,2858,2883,2884,-1,2858,2884,2859,-1,2859,2884,2885,-1,2859,2885,2860,-1,2860,2885,2886,-1,2860,2886,2861,-1,2861,2886,2887,-1,2861,2887,2862,-1,2862,2887,2888,-1,2862,2888,2863,-1,2863,2888,2889,-1,2863,2889,2864,-1,2864,2889,2890,-1,2864,2890,2865,-1,2865,2890,2891,-1,2865,2891,2866,-1,2866,2891,2892,-1,2866,2892,2867,-1,2867,2892,2893,-1,2867,2893,2868,-1,2868,2893,2894,-1,2868,2894,2869,-1,2869,2894,2895,-1,2869,2895,2870,-1,2870,2895,2896,-1,2870,2896,2871,-1,2871,2896,2897,-1,2871,2897,2872,-1,2872,2897,2898,-1,2872,2898,2873,-1,2873,2898,2899,-1,2873,2899,2874,-1,2874,2899,2900,-1,2874,2900,2875,-1,2875,2900,2876,-1,2900,2901,2876,-1,2876,2901,2902,-1,2876,2902,2877,-1,2877,2902,2903,-1,2877,2903,2878,-1,2878,2903,2904,-1,2878,2904,2879,-1,2879,2904,2905,-1,2879,2905,2880,-1,2880,2905,2906,-1,2880,2906,2881,-1,2881,2906,2907,-1,2881,2907,2882,-1,2882,2907,2908,-1,2882,2908,2883,-1,2883,2908,2909,-1,2883,2909,2884,-1,2884,2909,2910,-1,2884,2910,2885,-1,2885,2910,2911,-1,2885,2911,2886,-1,2886,2911,2912,-1,2886,2912,2887,-1,2887,2912,2913,-1,2887,2913,2888,-1,2888,2913,2914,-1,2888,2914,2889,-1,2889,2914,2915,-1,2889,2915,2890,-1,2890,2915,2916,-1,2890,2916,2891,-1,2891,2916,2917,-1,2891,2917,2892,-1,2892,2917,2918,-1,2892,2918,2893,-1,2893,2918,2919,-1,2893,2919,2894,-1,2894,2919,2920,-1,2894,2920,2895,-1,2895,2920,2921,-1,2895,2921,2896,-1,2896,2921,2922,-1,2896,2922,2897,-1,2897,2922,2923,-1,2897,2923,2898,-1,2898,2923,2924,-1,2898,2924,2899,-1,2899,2924,2925,-1,2899,2925,2900,-1,2900,2925,2901,-1,2925,2926,2901,-1,2901,2926,2927,-1,2901,2927,2902,-1,2902,2927,2928,-1,2902,2928,2903,-1,2903,2928,2929,-1,2903,2929,2904,-1,2904,2929,2930,-1,2904,2930,2905,-1,2905,2930,2931,-1,2905,2931,2906,-1,2906,2931,2932,-1,2906,2932,2907,-1,2907,2932,2933,-1,2907,2933,2908,-1,2908,2933,2934,-1,2908,2934,2909,-1,2909,2934,2935,-1,2909,2935,2910,-1,2910,2935,2936,-1,2910,2936,2911,-1,2911,2936,2937,-1,2911,2937,2912,-1,2912,2937,2938,-1,2912,2938,2913,-1,2913,2938,2939,-1,2913,2939,2914,-1,2914,2939,2940,-1,2914,2940,2915,-1,2915,2940,2941,-1,2915,2941,2916,-1,2916,2941,2942,-1,2916,2942,2917,-1,2917,2942,2943,-1,2917,2943,2918,-1,2918,2943,2944,-1,2918,2944,2919,-1,2919,2944,2945,-1,2919,2945,2920,-1,2920,2945,2946,-1,2920,2946,2921,-1,2921,2946,2947,-1,2921,2947,2922,-1,2922,2947,2948,-1,2922,2948,2923,-1,2923,2948,2949,-1,2923,2949,2924,-1,2924,2949,2950,-1,2924,2950,2925,-1,2925,2950,2926,-1,2950,2725,2926,-1,2926,2725,2724,-1,2926,2724,2927,-1,2927,2724,2727,-1,2927,2727,2928,-1,2928,2727,2728,-1,2928,2728,2929,-1,2929,2728,2729,-1,2929,2729,2930,-1,2930,2729,2730,-1,2930,2730,2931,-1,2931,2730,2731,-1,2931,2731,2932,-1,2932,2731,2732,-1,2932,2732,2933,-1,2933,2732,2733,-1,2933,2733,2934,-1,2934,2733,2734,-1,2934,2734,2935,-1,2935,2734,2735,-1,2935,2735,2936,-1,2936,2735,2736,-1,2936,2736,2937,-1,2937,2736,2737,-1,2937,2737,2938,-1,2938,2737,2738,-1,2938,2738,2939,-1,2939,2738,2739,-1,2939,2739,2940,-1,2940,2739,2740,-1,2940,2740,2941,-1,2941,2740,2741,-1,2941,2741,2942,-1,2942,2741,2742,-1,2942,2742,2943,-1,2943,2742,2743,-1,2943,2743,2944,-1,2944,2743,2744,-1,2944,2744,2945,-1,2945,2744,2745,-1,2945,2745,2946,-1,2946,2745,2746,-1,2946,2746,2947,-1,2947,2746,2747,-1,2947,2747,2948,-1,2948,2747,2748,-1,2948,2748,2949,-1,2949,2748,2749,-1,2949,2749,2950,-1,2950,2749,2725,-1,2951,2952,2953,-1,2951,2953,2954,-1,2955,2954,2953,-1,2956,2955,2953,-1,2957,2956,2953,-1,2958,2957,2953,-1,2959,2958,2953,-1,2960,2959,2953,-1,2961,2960,2953,-1,2962,2961,2953,-1,2963,2962,2953,-1,2964,2963,2953,-1,2965,2964,2953,-1,2966,2965,2953,-1,2967,2966,2953,-1,2968,2967,2953,-1,2969,2968,2953,-1,2970,2969,2953,-1,2971,2970,2953,-1,2972,2971,2953,-1,2973,2972,2953,-1,2974,2973,2953,-1,2975,2974,2953,-1,2976,2975,2953,-1,2952,2976,2953,-1,2977,2978,2979,-1,2979,2978,2980,-1,2979,2980,2981,-1,2981,2980,2982,-1,2981,2982,2983,-1,2983,2982,2984,-1,2983,2984,2985,-1,2985,2984,2986,-1,2985,2986,2987,-1,2987,2986,2988,-1,2987,2988,2989,-1,2989,2988,2990,-1,2989,2990,2991,-1,2991,2990,2992,-1,2991,2992,2993,-1,2993,2992,2994,-1,2993,2994,2995,-1,2995,2994,2996,-1,2995,2996,2997,-1,2997,2996,2998,-1,2997,2998,2999,-1,2999,2998,3000,-1,2999,3000,3001,-1,3001,3000,3002,-1,3001,3002,3003,-1,3003,3002,3004,-1,3003,3004,3005,-1,3005,3004,3006,-1,3005,3006,3007,-1,3007,3006,3008,-1,3007,3008,3009,-1,3009,3008,3010,-1,3009,3010,3011,-1,3011,3010,3012,-1,3011,3012,3013,-1,3013,3012,3014,-1,3013,3014,3015,-1,3015,3014,3016,-1,3015,3016,3017,-1,3017,3016,3018,-1,3017,3018,3019,-1,3019,3018,3020,-1,3019,3020,3021,-1,3021,3020,3022,-1,3021,3022,3023,-1,3023,3022,3024,-1,3023,3024,3025,-1,3025,3024,3026,-1,3025,3026,3027,-1,3027,3026,2977,-1,3027,2977,2979,-1,3003,3028,3001,-1,3001,3028,3029,-1,3001,3029,2999,-1,2999,3029,3030,-1,2999,3030,2997,-1,2997,3030,3031,-1,2997,3031,2995,-1,2995,3031,3032,-1,2995,3032,2993,-1,2993,3032,3033,-1,2993,3033,2991,-1,2991,3033,3034,-1,2991,3034,2989,-1,2989,3034,3035,-1,2989,3035,2987,-1,2987,3035,3036,-1,2987,3036,2985,-1,2985,3036,3037,-1,2985,3037,2983,-1,2983,3037,3038,-1,2983,3038,2981,-1,2981,3038,3039,-1,2981,3039,2979,-1,2979,3039,3040,-1,2979,3040,3027,-1,3027,3040,3041,-1,3027,3041,3025,-1,3025,3041,3042,-1,3025,3042,3023,-1,3023,3042,3043,-1,3023,3043,3021,-1,3021,3043,3044,-1,3021,3044,3019,-1,3019,3044,3045,-1,3019,3045,3017,-1,3017,3045,3046,-1,3017,3046,3015,-1,3015,3046,3047,-1,3015,3047,3013,-1,3013,3047,3048,-1,3013,3048,3011,-1,3011,3048,3049,-1,3011,3049,3009,-1,3009,3049,3050,-1,3009,3050,3007,-1,3007,3050,3051,-1,3007,3051,3005,-1,3005,3051,3052,-1,3005,3052,3003,-1,3003,3052,3028,-1,3052,3053,3028,-1,3028,3053,3054,-1,3028,3054,3029,-1,3029,3054,3055,-1,3029,3055,3030,-1,3030,3055,3056,-1,3030,3056,3031,-1,3031,3056,3057,-1,3031,3057,3032,-1,3032,3057,3058,-1,3032,3058,3033,-1,3033,3058,3059,-1,3033,3059,3034,-1,3034,3059,3060,-1,3034,3060,3035,-1,3035,3060,3061,-1,3035,3061,3036,-1,3036,3061,3062,-1,3036,3062,3037,-1,3037,3062,3063,-1,3037,3063,3038,-1,3038,3063,3064,-1,3038,3064,3039,-1,3039,3064,3065,-1,3039,3065,3040,-1,3040,3065,3066,-1,3040,3066,3041,-1,3041,3066,3067,-1,3041,3067,3042,-1,3042,3067,3068,-1,3042,3068,3043,-1,3043,3068,3069,-1,3043,3069,3044,-1,3044,3069,3070,-1,3044,3070,3045,-1,3045,3070,3071,-1,3045,3071,3046,-1,3046,3071,3072,-1,3046,3072,3047,-1,3047,3072,3073,-1,3047,3073,3048,-1,3048,3073,3074,-1,3048,3074,3049,-1,3049,3074,3075,-1,3049,3075,3050,-1,3050,3075,3076,-1,3050,3076,3051,-1,3051,3076,3077,-1,3051,3077,3052,-1,3052,3077,3053,-1,3077,3078,3053,-1,3053,3078,3079,-1,3053,3079,3054,-1,3054,3079,3080,-1,3054,3080,3055,-1,3055,3080,3081,-1,3055,3081,3056,-1,3056,3081,3082,-1,3056,3082,3057,-1,3057,3082,3083,-1,3057,3083,3058,-1,3058,3083,3084,-1,3058,3084,3059,-1,3059,3084,3085,-1,3059,3085,3060,-1,3060,3085,3086,-1,3060,3086,3061,-1,3061,3086,3087,-1,3061,3087,3062,-1,3062,3087,3088,-1,3062,3088,3063,-1,3063,3088,3089,-1,3063,3089,3064,-1,3064,3089,3090,-1,3064,3090,3065,-1,3065,3090,3091,-1,3065,3091,3066,-1,3066,3091,3092,-1,3066,3092,3067,-1,3067,3092,3093,-1,3067,3093,3068,-1,3068,3093,3094,-1,3068,3094,3069,-1,3069,3094,3095,-1,3069,3095,3070,-1,3070,3095,3096,-1,3070,3096,3071,-1,3071,3096,3097,-1,3071,3097,3072,-1,3072,3097,3098,-1,3072,3098,3073,-1,3073,3098,3099,-1,3073,3099,3074,-1,3074,3099,3100,-1,3074,3100,3075,-1,3075,3100,3101,-1,3075,3101,3076,-1,3076,3101,3102,-1,3076,3102,3077,-1,3077,3102,3078,-1,3102,3103,3078,-1,3078,3103,3104,-1,3078,3104,3079,-1,3079,3104,3105,-1,3079,3105,3080,-1,3080,3105,3106,-1,3080,3106,3081,-1,3081,3106,3107,-1,3081,3107,3082,-1,3082,3107,3108,-1,3082,3108,3083,-1,3083,3108,3109,-1,3083,3109,3084,-1,3084,3109,3110,-1,3084,3110,3085,-1,3085,3110,3111,-1,3085,3111,3086,-1,3086,3111,3112,-1,3086,3112,3087,-1,3087,3112,3113,-1,3087,3113,3088,-1,3088,3113,3114,-1,3088,3114,3089,-1,3089,3114,3115,-1,3089,3115,3090,-1,3090,3115,3116,-1,3090,3116,3091,-1,3091,3116,3117,-1,3091,3117,3092,-1,3092,3117,3118,-1,3092,3118,3093,-1,3093,3118,3119,-1,3093,3119,3094,-1,3094,3119,3120,-1,3094,3120,3095,-1,3095,3120,3121,-1,3095,3121,3096,-1,3096,3121,3122,-1,3096,3122,3097,-1,3097,3122,3123,-1,3097,3123,3098,-1,3098,3123,3124,-1,3098,3124,3099,-1,3099,3124,3125,-1,3099,3125,3100,-1,3100,3125,3126,-1,3100,3126,3101,-1,3101,3126,3127,-1,3101,3127,3102,-1,3102,3127,3103,-1,3127,3128,3103,-1,3103,3128,3129,-1,3103,3129,3104,-1,3104,3129,3130,-1,3104,3130,3105,-1,3105,3130,3131,-1,3105,3131,3106,-1,3106,3131,3132,-1,3106,3132,3107,-1,3107,3132,3133,-1,3107,3133,3108,-1,3108,3133,3134,-1,3108,3134,3109,-1,3109,3134,3135,-1,3109,3135,3110,-1,3110,3135,3136,-1,3110,3136,3111,-1,3111,3136,3137,-1,3111,3137,3112,-1,3112,3137,3138,-1,3112,3138,3113,-1,3113,3138,3139,-1,3113,3139,3114,-1,3114,3139,3140,-1,3114,3140,3115,-1,3115,3140,3141,-1,3115,3141,3116,-1,3116,3141,3142,-1,3116,3142,3117,-1,3117,3142,3143,-1,3117,3143,3118,-1,3118,3143,3144,-1,3118,3144,3119,-1,3119,3144,3145,-1,3119,3145,3120,-1,3120,3145,3146,-1,3120,3146,3121,-1,3121,3146,3147,-1,3121,3147,3122,-1,3122,3147,3148,-1,3122,3148,3123,-1,3123,3148,3149,-1,3123,3149,3124,-1,3124,3149,3150,-1,3124,3150,3125,-1,3125,3150,3151,-1,3125,3151,3126,-1,3126,3151,3152,-1,3126,3152,3127,-1,3127,3152,3128,-1,3152,3153,3128,-1,3128,3153,3154,-1,3128,3154,3129,-1,3129,3154,3155,-1,3129,3155,3130,-1,3130,3155,3156,-1,3130,3156,3131,-1,3131,3156,3157,-1,3131,3157,3132,-1,3132,3157,3158,-1,3132,3158,3133,-1,3133,3158,3159,-1,3133,3159,3134,-1,3134,3159,3160,-1,3134,3160,3135,-1,3135,3160,3161,-1,3135,3161,3136,-1,3136,3161,3162,-1,3136,3162,3137,-1,3137,3162,3163,-1,3137,3163,3138,-1,3138,3163,3164,-1,3138,3164,3139,-1,3139,3164,3165,-1,3139,3165,3140,-1,3140,3165,3166,-1,3140,3166,3141,-1,3141,3166,3167,-1,3141,3167,3142,-1,3142,3167,3168,-1,3142,3168,3143,-1,3143,3168,3169,-1,3143,3169,3144,-1,3144,3169,3170,-1,3144,3170,3145,-1,3145,3170,3171,-1,3145,3171,3146,-1,3146,3171,3172,-1,3146,3172,3147,-1,3147,3172,3173,-1,3147,3173,3148,-1,3148,3173,3174,-1,3148,3174,3149,-1,3149,3174,3175,-1,3149,3175,3150,-1,3150,3175,3176,-1,3150,3176,3151,-1,3151,3176,3177,-1,3151,3177,3152,-1,3152,3177,3153,-1,3177,2952,3153,-1,3153,2952,2951,-1,3153,2951,3154,-1,3154,2951,2954,-1,3154,2954,3155,-1,3155,2954,2955,-1,3155,2955,3156,-1,3156,2955,2956,-1,3156,2956,3157,-1,3157,2956,2957,-1,3157,2957,3158,-1,3158,2957,2958,-1,3158,2958,3159,-1,3159,2958,2959,-1,3159,2959,3160,-1,3160,2959,2960,-1,3160,2960,3161,-1,3161,2960,2961,-1,3161,2961,3162,-1,3162,2961,2962,-1,3162,2962,3163,-1,3163,2962,2963,-1,3163,2963,3164,-1,3164,2963,2964,-1,3164,2964,3165,-1,3165,2964,2965,-1,3165,2965,3166,-1,3166,2965,2966,-1,3166,2966,3167,-1,3167,2966,2967,-1,3167,2967,3168,-1,3168,2967,2968,-1,3168,2968,3169,-1,3169,2968,2969,-1,3169,2969,3170,-1,3170,2969,2970,-1,3170,2970,3171,-1,3171,2970,2971,-1,3171,2971,3172,-1,3172,2971,2972,-1,3172,2972,3173,-1,3173,2972,2973,-1,3173,2973,3174,-1,3174,2973,2974,-1,3174,2974,3175,-1,3175,2974,2975,-1,3175,2975,3176,-1,3176,2975,2976,-1,3176,2976,3177,-1,3177,2976,2952,-1,3178,3179,3180,-1,3178,3180,3181,-1,3182,3181,3180,-1,3183,3182,3180,-1,3184,3183,3180,-1,3185,3184,3180,-1,3186,3185,3180,-1,3187,3186,3180,-1,3188,3187,3180,-1,3189,3188,3180,-1,3190,3189,3180,-1,3191,3190,3180,-1,3192,3191,3180,-1,3193,3192,3180,-1,3194,3193,3180,-1,3195,3194,3180,-1,3196,3195,3180,-1,3197,3196,3180,-1,3198,3197,3180,-1,3199,3198,3180,-1,3200,3199,3180,-1,3201,3200,3180,-1,3202,3201,3180,-1,3203,3202,3180,-1,3179,3203,3180,-1,3204,3205,3206,-1,3206,3207,3204,-1,3204,3207,3208,-1,3204,3208,3209,-1,3209,3208,3210,-1,3209,3210,3211,-1,3211,3210,3212,-1,3211,3212,3213,-1,3213,3212,3214,-1,3213,3214,3215,-1,3215,3214,3216,-1,3215,3216,3217,-1,3217,3216,3218,-1,3217,3218,3219,-1,3219,3218,3220,-1,3219,3220,3221,-1,3221,3220,3222,-1,3221,3222,3223,-1,3223,3222,3224,-1,3223,3224,3225,-1,3225,3224,3226,-1,3225,3226,3227,-1,3227,3226,3228,-1,3227,3228,3229,-1,3229,3228,3230,-1,3229,3230,3231,-1,3231,3230,3232,-1,3231,3232,3233,-1,3233,3232,3234,-1,3233,3234,3235,-1,3235,3234,3236,-1,3235,3236,3237,-1,3237,3236,3238,-1,3237,3238,3239,-1,3239,3238,3240,-1,3239,3240,3241,-1,3241,3240,3242,-1,3241,3242,3243,-1,3243,3242,3244,-1,3243,3244,3245,-1,3245,3244,3246,-1,3245,3246,3247,-1,3247,3246,3248,-1,3247,3248,3249,-1,3249,3248,3250,-1,3249,3250,3251,-1,3251,3250,3252,-1,3251,3252,3253,-1,3253,3252,3206,-1,3253,3206,3254,-1,3254,3206,3205,-1,3230,3255,3232,-1,3232,3255,3256,-1,3232,3256,3234,-1,3234,3256,3257,-1,3234,3257,3236,-1,3236,3257,3258,-1,3236,3258,3238,-1,3238,3258,3259,-1,3238,3259,3240,-1,3240,3259,3260,-1,3240,3260,3242,-1,3242,3260,3261,-1,3242,3261,3244,-1,3244,3261,3262,-1,3244,3262,3246,-1,3246,3262,3263,-1,3246,3263,3248,-1,3248,3263,3264,-1,3248,3264,3250,-1,3250,3264,3265,-1,3250,3265,3252,-1,3252,3265,3266,-1,3252,3266,3206,-1,3206,3266,3267,-1,3206,3267,3207,-1,3207,3267,3268,-1,3207,3268,3208,-1,3208,3268,3269,-1,3208,3269,3210,-1,3210,3269,3270,-1,3210,3270,3212,-1,3212,3270,3271,-1,3212,3271,3214,-1,3214,3271,3272,-1,3214,3272,3216,-1,3216,3272,3273,-1,3216,3273,3218,-1,3218,3273,3274,-1,3218,3274,3220,-1,3220,3274,3275,-1,3220,3275,3222,-1,3222,3275,3276,-1,3222,3276,3224,-1,3224,3276,3277,-1,3224,3277,3226,-1,3226,3277,3278,-1,3226,3278,3228,-1,3228,3278,3279,-1,3228,3279,3230,-1,3230,3279,3255,-1,3279,3280,3255,-1,3255,3280,3281,-1,3255,3281,3256,-1,3256,3281,3282,-1,3256,3282,3257,-1,3257,3282,3283,-1,3257,3283,3258,-1,3258,3283,3284,-1,3258,3284,3259,-1,3259,3284,3285,-1,3259,3285,3260,-1,3260,3285,3286,-1,3260,3286,3261,-1,3261,3286,3287,-1,3261,3287,3262,-1,3262,3287,3288,-1,3262,3288,3263,-1,3263,3288,3289,-1,3263,3289,3264,-1,3264,3289,3290,-1,3264,3290,3265,-1,3265,3290,3291,-1,3265,3291,3266,-1,3266,3291,3292,-1,3266,3292,3267,-1,3267,3292,3293,-1,3267,3293,3268,-1,3268,3293,3294,-1,3268,3294,3269,-1,3269,3294,3295,-1,3269,3295,3270,-1,3270,3295,3296,-1,3270,3296,3271,-1,3271,3296,3297,-1,3271,3297,3272,-1,3272,3297,3298,-1,3272,3298,3273,-1,3273,3298,3299,-1,3273,3299,3274,-1,3274,3299,3300,-1,3274,3300,3275,-1,3275,3300,3301,-1,3275,3301,3276,-1,3276,3301,3302,-1,3276,3302,3277,-1,3277,3302,3303,-1,3277,3303,3278,-1,3278,3303,3304,-1,3278,3304,3279,-1,3279,3304,3280,-1,3304,3305,3280,-1,3280,3305,3306,-1,3280,3306,3281,-1,3281,3306,3307,-1,3281,3307,3282,-1,3282,3307,3308,-1,3282,3308,3283,-1,3283,3308,3309,-1,3283,3309,3284,-1,3284,3309,3310,-1,3284,3310,3285,-1,3285,3310,3311,-1,3285,3311,3286,-1,3286,3311,3312,-1,3286,3312,3287,-1,3287,3312,3313,-1,3287,3313,3288,-1,3288,3313,3314,-1,3288,3314,3289,-1,3289,3314,3315,-1,3289,3315,3290,-1,3290,3315,3316,-1,3290,3316,3291,-1,3291,3316,3317,-1,3291,3317,3292,-1,3292,3317,3318,-1,3292,3318,3293,-1,3293,3318,3319,-1,3293,3319,3294,-1,3294,3319,3320,-1,3294,3320,3295,-1,3295,3320,3321,-1,3295,3321,3296,-1,3296,3321,3322,-1,3296,3322,3297,-1,3297,3322,3323,-1,3297,3323,3298,-1,3298,3323,3324,-1,3298,3324,3299,-1,3299,3324,3325,-1,3299,3325,3300,-1,3300,3325,3326,-1,3300,3326,3301,-1,3301,3326,3327,-1,3301,3327,3302,-1,3302,3327,3328,-1,3302,3328,3303,-1,3303,3328,3329,-1,3303,3329,3304,-1,3304,3329,3305,-1,3329,3330,3305,-1,3305,3330,3331,-1,3305,3331,3306,-1,3306,3331,3332,-1,3306,3332,3307,-1,3307,3332,3333,-1,3307,3333,3308,-1,3308,3333,3334,-1,3308,3334,3309,-1,3309,3334,3335,-1,3309,3335,3310,-1,3310,3335,3336,-1,3310,3336,3311,-1,3311,3336,3337,-1,3311,3337,3312,-1,3312,3337,3338,-1,3312,3338,3313,-1,3313,3338,3339,-1,3313,3339,3314,-1,3314,3339,3340,-1,3314,3340,3315,-1,3315,3340,3341,-1,3315,3341,3316,-1,3316,3341,3342,-1,3316,3342,3317,-1,3317,3342,3343,-1,3317,3343,3318,-1,3318,3343,3344,-1,3318,3344,3319,-1,3319,3344,3345,-1,3319,3345,3320,-1,3320,3345,3346,-1,3320,3346,3321,-1,3321,3346,3347,-1,3321,3347,3322,-1,3322,3347,3348,-1,3322,3348,3323,-1,3323,3348,3349,-1,3323,3349,3324,-1,3324,3349,3350,-1,3324,3350,3325,-1,3325,3350,3351,-1,3325,3351,3326,-1,3326,3351,3352,-1,3326,3352,3327,-1,3327,3352,3353,-1,3327,3353,3328,-1,3328,3353,3354,-1,3328,3354,3329,-1,3329,3354,3330,-1,3354,3355,3330,-1,3330,3355,3356,-1,3330,3356,3331,-1,3331,3356,3357,-1,3331,3357,3332,-1,3332,3357,3358,-1,3332,3358,3333,-1,3333,3358,3359,-1,3333,3359,3334,-1,3334,3359,3360,-1,3334,3360,3335,-1,3335,3360,3361,-1,3335,3361,3336,-1,3336,3361,3362,-1,3336,3362,3337,-1,3337,3362,3363,-1,3337,3363,3338,-1,3338,3363,3364,-1,3338,3364,3339,-1,3339,3364,3365,-1,3339,3365,3340,-1,3340,3365,3366,-1,3340,3366,3341,-1,3341,3366,3367,-1,3341,3367,3342,-1,3342,3367,3368,-1,3342,3368,3343,-1,3343,3368,3369,-1,3343,3369,3344,-1,3344,3369,3370,-1,3344,3370,3345,-1,3345,3370,3371,-1,3345,3371,3346,-1,3346,3371,3372,-1,3346,3372,3347,-1,3347,3372,3373,-1,3347,3373,3348,-1,3348,3373,3374,-1,3348,3374,3349,-1,3349,3374,3375,-1,3349,3375,3350,-1,3350,3375,3376,-1,3350,3376,3351,-1,3351,3376,3377,-1,3351,3377,3352,-1,3352,3377,3378,-1,3352,3378,3353,-1,3353,3378,3379,-1,3353,3379,3354,-1,3354,3379,3355,-1,3379,3380,3355,-1,3355,3380,3381,-1,3355,3381,3356,-1,3356,3381,3382,-1,3356,3382,3357,-1,3357,3382,3383,-1,3357,3383,3358,-1,3358,3383,3384,-1,3358,3384,3359,-1,3359,3384,3385,-1,3359,3385,3360,-1,3360,3385,3386,-1,3360,3386,3361,-1,3361,3386,3387,-1,3361,3387,3362,-1,3362,3387,3388,-1,3362,3388,3363,-1,3363,3388,3389,-1,3363,3389,3364,-1,3364,3389,3390,-1,3364,3390,3365,-1,3365,3390,3391,-1,3365,3391,3366,-1,3366,3391,3392,-1,3366,3392,3367,-1,3367,3392,3393,-1,3367,3393,3368,-1,3368,3393,3394,-1,3368,3394,3369,-1,3369,3394,3395,-1,3369,3395,3370,-1,3370,3395,3396,-1,3370,3396,3371,-1,3371,3396,3397,-1,3371,3397,3372,-1,3372,3397,3398,-1,3372,3398,3373,-1,3373,3398,3399,-1,3373,3399,3374,-1,3374,3399,3400,-1,3374,3400,3375,-1,3375,3400,3401,-1,3375,3401,3376,-1,3376,3401,3402,-1,3376,3402,3377,-1,3377,3402,3403,-1,3377,3403,3378,-1,3378,3403,3404,-1,3378,3404,3379,-1,3379,3404,3380,-1,3404,3179,3380,-1,3380,3179,3178,-1,3380,3178,3381,-1,3381,3178,3181,-1,3381,3181,3382,-1,3382,3181,3182,-1,3382,3182,3383,-1,3383,3182,3183,-1,3383,3183,3384,-1,3384,3183,3184,-1,3384,3184,3385,-1,3385,3184,3185,-1,3385,3185,3386,-1,3386,3185,3186,-1,3386,3186,3387,-1,3387,3186,3187,-1,3387,3187,3388,-1,3388,3187,3188,-1,3388,3188,3389,-1,3389,3188,3189,-1,3389,3189,3390,-1,3390,3189,3190,-1,3390,3190,3391,-1,3391,3190,3191,-1,3391,3191,3392,-1,3392,3191,3192,-1,3392,3192,3393,-1,3393,3192,3193,-1,3393,3193,3394,-1,3394,3193,3194,-1,3394,3194,3395,-1,3395,3194,3195,-1,3395,3195,3396,-1,3396,3195,3196,-1,3396,3196,3397,-1,3397,3196,3197,-1,3397,3197,3398,-1,3398,3197,3198,-1,3398,3198,3399,-1,3399,3198,3199,-1,3399,3199,3400,-1,3400,3199,3200,-1,3400,3200,3401,-1,3401,3200,3201,-1,3401,3201,3402,-1,3402,3201,3202,-1,3402,3202,3403,-1,3403,3202,3203,-1,3403,3203,3404,-1,3404,3203,3179,-1,3405,3406,3407,-1,3405,3407,3408,-1,3409,3408,3407,-1,3410,3409,3407,-1,3411,3410,3407,-1,3412,3411,3407,-1,3413,3412,3407,-1,3414,3413,3407,-1,3415,3414,3407,-1,3416,3415,3407,-1,3417,3416,3407,-1,3418,3417,3407,-1,3419,3418,3407,-1,3420,3419,3407,-1,3421,3420,3407,-1,3422,3421,3407,-1,3423,3422,3407,-1,3424,3423,3407,-1,3425,3424,3407,-1,3426,3425,3407,-1,3427,3426,3407,-1,3428,3427,3407,-1,3429,3428,3407,-1,3430,3429,3407,-1,3406,3430,3407,-1,3431,3432,3433,-1,3433,3434,3431,-1,3431,3434,3435,-1,3431,3435,3436,-1,3436,3435,3437,-1,3436,3437,3438,-1,3438,3437,3439,-1,3438,3439,3440,-1,3440,3439,3441,-1,3440,3441,3442,-1,3442,3441,3443,-1,3442,3443,3444,-1,3444,3443,3445,-1,3444,3445,3446,-1,3446,3445,3447,-1,3446,3447,3448,-1,3448,3447,3449,-1,3448,3449,3450,-1,3450,3449,3451,-1,3450,3451,3452,-1,3452,3451,3453,-1,3452,3453,3454,-1,3454,3453,3455,-1,3454,3455,3456,-1,3456,3455,3457,-1,3456,3457,3458,-1,3458,3457,3459,-1,3458,3459,3460,-1,3460,3459,3461,-1,3460,3461,3462,-1,3462,3461,3463,-1,3462,3463,3464,-1,3464,3463,3465,-1,3464,3465,3466,-1,3466,3465,3467,-1,3466,3467,3468,-1,3468,3467,3469,-1,3468,3469,3470,-1,3470,3469,3471,-1,3470,3471,3472,-1,3472,3471,3473,-1,3472,3473,3474,-1,3474,3473,3475,-1,3474,3475,3476,-1,3476,3475,3477,-1,3476,3477,3478,-1,3478,3477,3479,-1,3478,3479,3480,-1,3480,3479,3433,-1,3480,3433,3481,-1,3481,3433,3432,-1,3457,3482,3459,-1,3459,3482,3483,-1,3459,3483,3461,-1,3461,3483,3484,-1,3461,3484,3463,-1,3463,3484,3485,-1,3463,3485,3465,-1,3465,3485,3486,-1,3465,3486,3467,-1,3467,3486,3487,-1,3467,3487,3469,-1,3469,3487,3488,-1,3469,3488,3471,-1,3471,3488,3489,-1,3471,3489,3473,-1,3473,3489,3490,-1,3473,3490,3475,-1,3475,3490,3491,-1,3475,3491,3477,-1,3477,3491,3492,-1,3477,3492,3479,-1,3479,3492,3493,-1,3479,3493,3433,-1,3433,3493,3494,-1,3433,3494,3434,-1,3434,3494,3495,-1,3434,3495,3435,-1,3435,3495,3496,-1,3435,3496,3437,-1,3437,3496,3497,-1,3437,3497,3439,-1,3439,3497,3498,-1,3439,3498,3441,-1,3441,3498,3499,-1,3441,3499,3443,-1,3443,3499,3500,-1,3443,3500,3445,-1,3445,3500,3501,-1,3445,3501,3447,-1,3447,3501,3502,-1,3447,3502,3449,-1,3449,3502,3503,-1,3449,3503,3451,-1,3451,3503,3504,-1,3451,3504,3453,-1,3453,3504,3505,-1,3453,3505,3455,-1,3455,3505,3506,-1,3455,3506,3457,-1,3457,3506,3482,-1,3506,3507,3482,-1,3482,3507,3508,-1,3482,3508,3483,-1,3483,3508,3509,-1,3483,3509,3484,-1,3484,3509,3510,-1,3484,3510,3485,-1,3485,3510,3511,-1,3485,3511,3486,-1,3486,3511,3512,-1,3486,3512,3487,-1,3487,3512,3513,-1,3487,3513,3488,-1,3488,3513,3514,-1,3488,3514,3489,-1,3489,3514,3515,-1,3489,3515,3490,-1,3490,3515,3516,-1,3490,3516,3491,-1,3491,3516,3517,-1,3491,3517,3492,-1,3492,3517,3518,-1,3492,3518,3493,-1,3493,3518,3519,-1,3493,3519,3494,-1,3494,3519,3520,-1,3494,3520,3495,-1,3495,3520,3521,-1,3495,3521,3496,-1,3496,3521,3522,-1,3496,3522,3497,-1,3497,3522,3523,-1,3497,3523,3498,-1,3498,3523,3524,-1,3498,3524,3499,-1,3499,3524,3525,-1,3499,3525,3500,-1,3500,3525,3526,-1,3500,3526,3501,-1,3501,3526,3527,-1,3501,3527,3502,-1,3502,3527,3528,-1,3502,3528,3503,-1,3503,3528,3529,-1,3503,3529,3504,-1,3504,3529,3530,-1,3504,3530,3505,-1,3505,3530,3531,-1,3505,3531,3506,-1,3506,3531,3507,-1,3531,3532,3507,-1,3507,3532,3533,-1,3507,3533,3508,-1,3508,3533,3534,-1,3508,3534,3509,-1,3509,3534,3535,-1,3509,3535,3510,-1,3510,3535,3536,-1,3510,3536,3511,-1,3511,3536,3537,-1,3511,3537,3512,-1,3512,3537,3538,-1,3512,3538,3513,-1,3513,3538,3539,-1,3513,3539,3514,-1,3514,3539,3540,-1,3514,3540,3515,-1,3515,3540,3541,-1,3515,3541,3516,-1,3516,3541,3542,-1,3516,3542,3517,-1,3517,3542,3543,-1,3517,3543,3518,-1,3518,3543,3544,-1,3518,3544,3519,-1,3519,3544,3545,-1,3519,3545,3520,-1,3520,3545,3546,-1,3520,3546,3521,-1,3521,3546,3547,-1,3521,3547,3522,-1,3522,3547,3548,-1,3522,3548,3523,-1,3523,3548,3549,-1,3523,3549,3524,-1,3524,3549,3550,-1,3524,3550,3525,-1,3525,3550,3551,-1,3525,3551,3526,-1,3526,3551,3552,-1,3526,3552,3527,-1,3527,3552,3553,-1,3527,3553,3528,-1,3528,3553,3554,-1,3528,3554,3529,-1,3529,3554,3555,-1,3529,3555,3530,-1,3530,3555,3556,-1,3530,3556,3531,-1,3531,3556,3532,-1,3556,3557,3532,-1,3532,3557,3558,-1,3532,3558,3533,-1,3533,3558,3559,-1,3533,3559,3534,-1,3534,3559,3560,-1,3534,3560,3535,-1,3535,3560,3561,-1,3535,3561,3536,-1,3536,3561,3562,-1,3536,3562,3537,-1,3537,3562,3563,-1,3537,3563,3538,-1,3538,3563,3564,-1,3538,3564,3539,-1,3539,3564,3565,-1,3539,3565,3540,-1,3540,3565,3566,-1,3540,3566,3541,-1,3541,3566,3567,-1,3541,3567,3542,-1,3542,3567,3568,-1,3542,3568,3543,-1,3543,3568,3569,-1,3543,3569,3544,-1,3544,3569,3570,-1,3544,3570,3545,-1,3545,3570,3571,-1,3545,3571,3546,-1,3546,3571,3572,-1,3546,3572,3547,-1,3547,3572,3573,-1,3547,3573,3548,-1,3548,3573,3574,-1,3548,3574,3549,-1,3549,3574,3575,-1,3549,3575,3550,-1,3550,3575,3576,-1,3550,3576,3551,-1,3551,3576,3577,-1,3551,3577,3552,-1,3552,3577,3578,-1,3552,3578,3553,-1,3553,3578,3579,-1,3553,3579,3554,-1,3554,3579,3580,-1,3554,3580,3555,-1,3555,3580,3581,-1,3555,3581,3556,-1,3556,3581,3557,-1,3581,3582,3557,-1,3557,3582,3583,-1,3557,3583,3558,-1,3558,3583,3584,-1,3558,3584,3559,-1,3559,3584,3585,-1,3559,3585,3560,-1,3560,3585,3586,-1,3560,3586,3561,-1,3561,3586,3587,-1,3561,3587,3562,-1,3562,3587,3588,-1,3562,3588,3563,-1,3563,3588,3589,-1,3563,3589,3564,-1,3564,3589,3590,-1,3564,3590,3565,-1,3565,3590,3591,-1,3565,3591,3566,-1,3566,3591,3592,-1,3566,3592,3567,-1,3567,3592,3593,-1,3567,3593,3568,-1,3568,3593,3594,-1,3568,3594,3569,-1,3569,3594,3595,-1,3569,3595,3570,-1,3570,3595,3596,-1,3570,3596,3571,-1,3571,3596,3597,-1,3571,3597,3572,-1,3572,3597,3598,-1,3572,3598,3573,-1,3573,3598,3599,-1,3573,3599,3574,-1,3574,3599,3600,-1,3574,3600,3575,-1,3575,3600,3601,-1,3575,3601,3576,-1,3576,3601,3602,-1,3576,3602,3577,-1,3577,3602,3603,-1,3577,3603,3578,-1,3578,3603,3604,-1,3578,3604,3579,-1,3579,3604,3605,-1,3579,3605,3580,-1,3580,3605,3606,-1,3580,3606,3581,-1,3581,3606,3582,-1,3606,3607,3582,-1,3582,3607,3608,-1,3582,3608,3583,-1,3583,3608,3609,-1,3583,3609,3584,-1,3584,3609,3610,-1,3584,3610,3585,-1,3585,3610,3611,-1,3585,3611,3586,-1,3586,3611,3612,-1,3586,3612,3587,-1,3587,3612,3613,-1,3587,3613,3588,-1,3588,3613,3614,-1,3588,3614,3589,-1,3589,3614,3615,-1,3589,3615,3590,-1,3590,3615,3616,-1,3590,3616,3591,-1,3591,3616,3617,-1,3591,3617,3592,-1,3592,3617,3618,-1,3592,3618,3593,-1,3593,3618,3619,-1,3593,3619,3594,-1,3594,3619,3620,-1,3594,3620,3595,-1,3595,3620,3621,-1,3595,3621,3596,-1,3596,3621,3622,-1,3596,3622,3597,-1,3597,3622,3623,-1,3597,3623,3598,-1,3598,3623,3624,-1,3598,3624,3599,-1,3599,3624,3625,-1,3599,3625,3600,-1,3600,3625,3626,-1,3600,3626,3601,-1,3601,3626,3627,-1,3601,3627,3602,-1,3602,3627,3628,-1,3602,3628,3603,-1,3603,3628,3629,-1,3603,3629,3604,-1,3604,3629,3630,-1,3604,3630,3605,-1,3605,3630,3631,-1,3605,3631,3606,-1,3606,3631,3607,-1,3631,3406,3607,-1,3607,3406,3405,-1,3607,3405,3608,-1,3608,3405,3408,-1,3608,3408,3609,-1,3609,3408,3409,-1,3609,3409,3610,-1,3610,3409,3410,-1,3610,3410,3611,-1,3611,3410,3411,-1,3611,3411,3612,-1,3612,3411,3412,-1,3612,3412,3613,-1,3613,3412,3413,-1,3613,3413,3614,-1,3614,3413,3414,-1,3614,3414,3615,-1,3615,3414,3415,-1,3615,3415,3616,-1,3616,3415,3416,-1,3616,3416,3617,-1,3617,3416,3417,-1,3617,3417,3618,-1,3618,3417,3418,-1,3618,3418,3619,-1,3619,3418,3419,-1,3619,3419,3620,-1,3620,3419,3420,-1,3620,3420,3621,-1,3621,3420,3421,-1,3621,3421,3622,-1,3622,3421,3422,-1,3622,3422,3623,-1,3623,3422,3423,-1,3623,3423,3624,-1,3624,3423,3424,-1,3624,3424,3625,-1,3625,3424,3425,-1,3625,3425,3626,-1,3626,3425,3426,-1,3626,3426,3627,-1,3627,3426,3427,-1,3627,3427,3628,-1,3628,3427,3428,-1,3628,3428,3629,-1,3629,3428,3429,-1,3629,3429,3630,-1,3630,3429,3430,-1,3630,3430,3631,-1,3631,3430,3406,-1,3632,3633,3634,-1,3632,3634,3635,-1,3636,3635,3634,-1,3637,3636,3634,-1,3638,3637,3634,-1,3639,3638,3634,-1,3640,3639,3634,-1,3641,3640,3634,-1,3642,3641,3634,-1,3643,3642,3634,-1,3644,3643,3634,-1,3645,3644,3634,-1,3646,3645,3634,-1,3647,3646,3634,-1,3648,3647,3634,-1,3649,3648,3634,-1,3650,3649,3634,-1,3651,3650,3634,-1,3652,3651,3634,-1,3653,3652,3634,-1,3654,3653,3634,-1,3655,3654,3634,-1,3656,3655,3634,-1,3657,3656,3634,-1,3633,3657,3634,-1,3658,3659,3660,-1,3660,3659,3661,-1,3660,3661,3662,-1,3662,3661,3663,-1,3662,3663,3664,-1,3664,3663,3665,-1,3664,3665,3666,-1,3666,3665,3667,-1,3666,3667,3668,-1,3668,3667,3669,-1,3668,3669,3670,-1,3670,3669,3671,-1,3670,3671,3672,-1,3672,3671,3673,-1,3672,3673,3674,-1,3674,3673,3675,-1,3674,3675,3676,-1,3676,3675,3677,-1,3676,3677,3678,-1,3678,3677,3679,-1,3678,3679,3680,-1,3680,3679,3681,-1,3680,3681,3682,-1,3682,3681,3683,-1,3682,3683,3684,-1,3684,3683,3685,-1,3684,3685,3686,-1,3686,3685,3687,-1,3686,3687,3688,-1,3688,3687,3689,-1,3688,3689,3690,-1,3690,3689,3691,-1,3690,3691,3692,-1,3692,3691,3693,-1,3692,3693,3694,-1,3694,3693,3695,-1,3694,3695,3696,-1,3696,3695,3697,-1,3696,3697,3698,-1,3698,3697,3699,-1,3698,3699,3700,-1,3700,3699,3701,-1,3700,3701,3702,-1,3702,3701,3703,-1,3702,3703,3704,-1,3704,3703,3705,-1,3704,3705,3706,-1,3706,3705,3707,-1,3706,3707,3708,-1,3708,3707,3658,-1,3708,3658,3660,-1,3684,3709,3682,-1,3682,3709,3710,-1,3682,3710,3680,-1,3680,3710,3711,-1,3680,3711,3678,-1,3678,3711,3712,-1,3678,3712,3676,-1,3676,3712,3713,-1,3676,3713,3674,-1,3674,3713,3714,-1,3674,3714,3672,-1,3672,3714,3715,-1,3672,3715,3670,-1,3670,3715,3716,-1,3670,3716,3668,-1,3668,3716,3717,-1,3668,3717,3666,-1,3666,3717,3718,-1,3666,3718,3664,-1,3664,3718,3719,-1,3664,3719,3662,-1,3662,3719,3720,-1,3662,3720,3660,-1,3660,3720,3721,-1,3660,3721,3708,-1,3708,3721,3722,-1,3708,3722,3706,-1,3706,3722,3723,-1,3706,3723,3704,-1,3704,3723,3724,-1,3704,3724,3702,-1,3702,3724,3725,-1,3702,3725,3700,-1,3700,3725,3726,-1,3700,3726,3698,-1,3698,3726,3727,-1,3698,3727,3696,-1,3696,3727,3728,-1,3696,3728,3694,-1,3694,3728,3729,-1,3694,3729,3692,-1,3692,3729,3730,-1,3692,3730,3690,-1,3690,3730,3731,-1,3690,3731,3688,-1,3688,3731,3732,-1,3688,3732,3686,-1,3686,3732,3733,-1,3686,3733,3684,-1,3684,3733,3709,-1,3733,3734,3709,-1,3709,3734,3735,-1,3709,3735,3710,-1,3710,3735,3736,-1,3710,3736,3711,-1,3711,3736,3737,-1,3711,3737,3712,-1,3712,3737,3738,-1,3712,3738,3713,-1,3713,3738,3739,-1,3713,3739,3714,-1,3714,3739,3740,-1,3714,3740,3715,-1,3715,3740,3741,-1,3715,3741,3716,-1,3716,3741,3742,-1,3716,3742,3717,-1,3717,3742,3743,-1,3717,3743,3718,-1,3718,3743,3744,-1,3718,3744,3719,-1,3719,3744,3745,-1,3719,3745,3720,-1,3720,3745,3746,-1,3720,3746,3721,-1,3721,3746,3747,-1,3721,3747,3722,-1,3722,3747,3748,-1,3722,3748,3723,-1,3723,3748,3749,-1,3723,3749,3724,-1,3724,3749,3750,-1,3724,3750,3725,-1,3725,3750,3751,-1,3725,3751,3726,-1,3726,3751,3752,-1,3726,3752,3727,-1,3727,3752,3753,-1,3727,3753,3728,-1,3728,3753,3754,-1,3728,3754,3729,-1,3729,3754,3755,-1,3729,3755,3730,-1,3730,3755,3756,-1,3730,3756,3731,-1,3731,3756,3757,-1,3731,3757,3732,-1,3732,3757,3758,-1,3732,3758,3733,-1,3733,3758,3734,-1,3758,3759,3734,-1,3734,3759,3760,-1,3734,3760,3735,-1,3735,3760,3761,-1,3735,3761,3736,-1,3736,3761,3762,-1,3736,3762,3737,-1,3737,3762,3763,-1,3737,3763,3738,-1,3738,3763,3764,-1,3738,3764,3739,-1,3739,3764,3765,-1,3739,3765,3740,-1,3740,3765,3766,-1,3740,3766,3741,-1,3741,3766,3767,-1,3741,3767,3742,-1,3742,3767,3768,-1,3742,3768,3743,-1,3743,3768,3769,-1,3743,3769,3744,-1,3744,3769,3770,-1,3744,3770,3745,-1,3745,3770,3771,-1,3745,3771,3746,-1,3746,3771,3772,-1,3746,3772,3747,-1,3747,3772,3773,-1,3747,3773,3748,-1,3748,3773,3774,-1,3748,3774,3749,-1,3749,3774,3775,-1,3749,3775,3750,-1,3750,3775,3776,-1,3750,3776,3751,-1,3751,3776,3777,-1,3751,3777,3752,-1,3752,3777,3778,-1,3752,3778,3753,-1,3753,3778,3779,-1,3753,3779,3754,-1,3754,3779,3780,-1,3754,3780,3755,-1,3755,3780,3781,-1,3755,3781,3756,-1,3756,3781,3782,-1,3756,3782,3757,-1,3757,3782,3783,-1,3757,3783,3758,-1,3758,3783,3759,-1,3783,3784,3759,-1,3759,3784,3785,-1,3759,3785,3760,-1,3760,3785,3786,-1,3760,3786,3761,-1,3761,3786,3787,-1,3761,3787,3762,-1,3762,3787,3788,-1,3762,3788,3763,-1,3763,3788,3789,-1,3763,3789,3764,-1,3764,3789,3790,-1,3764,3790,3765,-1,3765,3790,3791,-1,3765,3791,3766,-1,3766,3791,3792,-1,3766,3792,3767,-1,3767,3792,3793,-1,3767,3793,3768,-1,3768,3793,3794,-1,3768,3794,3769,-1,3769,3794,3795,-1,3769,3795,3770,-1,3770,3795,3796,-1,3770,3796,3771,-1,3771,3796,3797,-1,3771,3797,3772,-1,3772,3797,3798,-1,3772,3798,3773,-1,3773,3798,3799,-1,3773,3799,3774,-1,3774,3799,3800,-1,3774,3800,3775,-1,3775,3800,3801,-1,3775,3801,3776,-1,3776,3801,3802,-1,3776,3802,3777,-1,3777,3802,3803,-1,3777,3803,3778,-1,3778,3803,3804,-1,3778,3804,3779,-1,3779,3804,3805,-1,3779,3805,3780,-1,3780,3805,3806,-1,3780,3806,3781,-1,3781,3806,3807,-1,3781,3807,3782,-1,3782,3807,3808,-1,3782,3808,3783,-1,3783,3808,3784,-1,3808,3809,3784,-1,3784,3809,3810,-1,3784,3810,3785,-1,3785,3810,3811,-1,3785,3811,3786,-1,3786,3811,3812,-1,3786,3812,3787,-1,3787,3812,3813,-1,3787,3813,3788,-1,3788,3813,3814,-1,3788,3814,3789,-1,3789,3814,3815,-1,3789,3815,3790,-1,3790,3815,3816,-1,3790,3816,3791,-1,3791,3816,3817,-1,3791,3817,3792,-1,3792,3817,3818,-1,3792,3818,3793,-1,3793,3818,3819,-1,3793,3819,3794,-1,3794,3819,3820,-1,3794,3820,3795,-1,3795,3820,3821,-1,3795,3821,3796,-1,3796,3821,3822,-1,3796,3822,3797,-1,3797,3822,3823,-1,3797,3823,3798,-1,3798,3823,3824,-1,3798,3824,3799,-1,3799,3824,3825,-1,3799,3825,3800,-1,3800,3825,3826,-1,3800,3826,3801,-1,3801,3826,3827,-1,3801,3827,3802,-1,3802,3827,3828,-1,3802,3828,3803,-1,3803,3828,3829,-1,3803,3829,3804,-1,3804,3829,3830,-1,3804,3830,3805,-1,3805,3830,3831,-1,3805,3831,3806,-1,3806,3831,3832,-1,3806,3832,3807,-1,3807,3832,3833,-1,3807,3833,3808,-1,3808,3833,3809,-1,3833,3834,3809,-1,3809,3834,3835,-1,3809,3835,3810,-1,3810,3835,3836,-1,3810,3836,3811,-1,3811,3836,3837,-1,3811,3837,3812,-1,3812,3837,3838,-1,3812,3838,3813,-1,3813,3838,3839,-1,3813,3839,3814,-1,3814,3839,3840,-1,3814,3840,3815,-1,3815,3840,3841,-1,3815,3841,3816,-1,3816,3841,3842,-1,3816,3842,3817,-1,3817,3842,3843,-1,3817,3843,3818,-1,3818,3843,3844,-1,3818,3844,3819,-1,3819,3844,3845,-1,3819,3845,3820,-1,3820,3845,3846,-1,3820,3846,3821,-1,3821,3846,3847,-1,3821,3847,3822,-1,3822,3847,3848,-1,3822,3848,3823,-1,3823,3848,3849,-1,3823,3849,3824,-1,3824,3849,3850,-1,3824,3850,3825,-1,3825,3850,3851,-1,3825,3851,3826,-1,3826,3851,3852,-1,3826,3852,3827,-1,3827,3852,3853,-1,3827,3853,3828,-1,3828,3853,3854,-1,3828,3854,3829,-1,3829,3854,3855,-1,3829,3855,3830,-1,3830,3855,3856,-1,3830,3856,3831,-1,3831,3856,3857,-1,3831,3857,3832,-1,3832,3857,3858,-1,3832,3858,3833,-1,3833,3858,3834,-1,3858,3633,3834,-1,3834,3633,3632,-1,3834,3632,3835,-1,3835,3632,3635,-1,3835,3635,3836,-1,3836,3635,3636,-1,3836,3636,3837,-1,3837,3636,3637,-1,3837,3637,3838,-1,3838,3637,3638,-1,3838,3638,3839,-1,3839,3638,3639,-1,3839,3639,3840,-1,3840,3639,3640,-1,3840,3640,3841,-1,3841,3640,3641,-1,3841,3641,3842,-1,3842,3641,3642,-1,3842,3642,3843,-1,3843,3642,3643,-1,3843,3643,3844,-1,3844,3643,3644,-1,3844,3644,3845,-1,3845,3644,3645,-1,3845,3645,3846,-1,3846,3645,3646,-1,3846,3646,3847,-1,3847,3646,3647,-1,3847,3647,3848,-1,3848,3647,3648,-1,3848,3648,3849,-1,3849,3648,3649,-1,3849,3649,3850,-1,3850,3649,3650,-1,3850,3650,3851,-1,3851,3650,3651,-1,3851,3651,3852,-1,3852,3651,3652,-1,3852,3652,3853,-1,3853,3652,3653,-1,3853,3653,3854,-1,3854,3653,3654,-1,3854,3654,3855,-1,3855,3654,3655,-1,3855,3655,3856,-1,3856,3655,3656,-1,3856,3656,3857,-1,3857,3656,3657,-1,3857,3657,3858,-1,3858,3657,3633,-1,3859,3860,3861,-1,3859,3861,3862,-1,3863,3862,3861,-1,3864,3863,3861,-1,3865,3864,3861,-1,3866,3865,3861,-1,3867,3866,3861,-1,3868,3867,3861,-1,3869,3868,3861,-1,3870,3869,3861,-1,3871,3870,3861,-1,3872,3871,3861,-1,3873,3872,3861,-1,3874,3873,3861,-1,3875,3874,3861,-1,3876,3875,3861,-1,3877,3876,3861,-1,3878,3877,3861,-1,3879,3878,3861,-1,3880,3879,3861,-1,3881,3880,3861,-1,3882,3881,3861,-1,3883,3882,3861,-1,3884,3883,3861,-1,3860,3884,3861,-1,3885,3886,3887,-1,3887,3886,3888,-1,3887,3888,3889,-1,3889,3888,3890,-1,3889,3890,3891,-1,3891,3890,3892,-1,3891,3892,3893,-1,3893,3892,3894,-1,3893,3894,3895,-1,3895,3894,3896,-1,3895,3896,3897,-1,3897,3896,3898,-1,3897,3898,3899,-1,3899,3898,3900,-1,3899,3900,3901,-1,3901,3900,3902,-1,3901,3902,3903,-1,3903,3902,3904,-1,3903,3904,3905,-1,3905,3904,3906,-1,3905,3906,3907,-1,3907,3906,3908,-1,3907,3908,3909,-1,3909,3908,3910,-1,3909,3910,3911,-1,3911,3910,3912,-1,3911,3912,3913,-1,3913,3912,3914,-1,3913,3914,3915,-1,3915,3914,3916,-1,3915,3916,3917,-1,3917,3916,3918,-1,3917,3918,3919,-1,3919,3918,3920,-1,3919,3920,3921,-1,3921,3920,3922,-1,3921,3922,3923,-1,3923,3922,3924,-1,3923,3924,3925,-1,3925,3924,3926,-1,3925,3926,3927,-1,3927,3926,3928,-1,3927,3928,3929,-1,3929,3928,3930,-1,3929,3930,3931,-1,3931,3930,3932,-1,3931,3932,3933,-1,3933,3932,3934,-1,3933,3934,3935,-1,3935,3934,3885,-1,3935,3885,3887,-1,3911,3936,3909,-1,3909,3936,3937,-1,3909,3937,3907,-1,3907,3937,3938,-1,3907,3938,3905,-1,3905,3938,3939,-1,3905,3939,3903,-1,3903,3939,3940,-1,3903,3940,3901,-1,3901,3940,3941,-1,3901,3941,3899,-1,3899,3941,3942,-1,3899,3942,3897,-1,3897,3942,3943,-1,3897,3943,3895,-1,3895,3943,3944,-1,3895,3944,3893,-1,3893,3944,3945,-1,3893,3945,3891,-1,3891,3945,3946,-1,3891,3946,3889,-1,3889,3946,3947,-1,3889,3947,3887,-1,3887,3947,3948,-1,3887,3948,3935,-1,3935,3948,3949,-1,3935,3949,3933,-1,3933,3949,3950,-1,3933,3950,3931,-1,3931,3950,3951,-1,3931,3951,3929,-1,3929,3951,3952,-1,3929,3952,3927,-1,3927,3952,3953,-1,3927,3953,3925,-1,3925,3953,3954,-1,3925,3954,3923,-1,3923,3954,3955,-1,3923,3955,3921,-1,3921,3955,3956,-1,3921,3956,3919,-1,3919,3956,3957,-1,3919,3957,3917,-1,3917,3957,3958,-1,3917,3958,3915,-1,3915,3958,3959,-1,3915,3959,3913,-1,3913,3959,3960,-1,3913,3960,3911,-1,3911,3960,3936,-1,3960,3961,3936,-1,3936,3961,3962,-1,3936,3962,3937,-1,3937,3962,3963,-1,3937,3963,3938,-1,3938,3963,3964,-1,3938,3964,3939,-1,3939,3964,3965,-1,3939,3965,3940,-1,3940,3965,3966,-1,3940,3966,3941,-1,3941,3966,3967,-1,3941,3967,3942,-1,3942,3967,3968,-1,3942,3968,3943,-1,3943,3968,3969,-1,3943,3969,3944,-1,3944,3969,3970,-1,3944,3970,3945,-1,3945,3970,3971,-1,3945,3971,3946,-1,3946,3971,3972,-1,3946,3972,3947,-1,3947,3972,3973,-1,3947,3973,3948,-1,3948,3973,3974,-1,3948,3974,3949,-1,3949,3974,3975,-1,3949,3975,3950,-1,3950,3975,3976,-1,3950,3976,3951,-1,3951,3976,3977,-1,3951,3977,3952,-1,3952,3977,3978,-1,3952,3978,3953,-1,3953,3978,3979,-1,3953,3979,3954,-1,3954,3979,3980,-1,3954,3980,3955,-1,3955,3980,3981,-1,3955,3981,3956,-1,3956,3981,3982,-1,3956,3982,3957,-1,3957,3982,3983,-1,3957,3983,3958,-1,3958,3983,3984,-1,3958,3984,3959,-1,3959,3984,3985,-1,3959,3985,3960,-1,3960,3985,3961,-1,3985,3986,3961,-1,3961,3986,3987,-1,3961,3987,3962,-1,3962,3987,3988,-1,3962,3988,3963,-1,3963,3988,3989,-1,3963,3989,3964,-1,3964,3989,3990,-1,3964,3990,3965,-1,3965,3990,3991,-1,3965,3991,3966,-1,3966,3991,3992,-1,3966,3992,3967,-1,3967,3992,3993,-1,3967,3993,3968,-1,3968,3993,3994,-1,3968,3994,3969,-1,3969,3994,3995,-1,3969,3995,3970,-1,3970,3995,3996,-1,3970,3996,3971,-1,3971,3996,3997,-1,3971,3997,3972,-1,3972,3997,3998,-1,3972,3998,3973,-1,3973,3998,3999,-1,3973,3999,3974,-1,3974,3999,4000,-1,3974,4000,3975,-1,3975,4000,4001,-1,3975,4001,3976,-1,3976,4001,4002,-1,3976,4002,3977,-1,3977,4002,4003,-1,3977,4003,3978,-1,3978,4003,4004,-1,3978,4004,3979,-1,3979,4004,4005,-1,3979,4005,3980,-1,3980,4005,4006,-1,3980,4006,3981,-1,3981,4006,4007,-1,3981,4007,3982,-1,3982,4007,4008,-1,3982,4008,3983,-1,3983,4008,4009,-1,3983,4009,3984,-1,3984,4009,4010,-1,3984,4010,3985,-1,3985,4010,3986,-1,4010,4011,3986,-1,3986,4011,4012,-1,3986,4012,3987,-1,3987,4012,4013,-1,3987,4013,3988,-1,3988,4013,4014,-1,3988,4014,3989,-1,3989,4014,4015,-1,3989,4015,3990,-1,3990,4015,4016,-1,3990,4016,3991,-1,3991,4016,4017,-1,3991,4017,3992,-1,3992,4017,4018,-1,3992,4018,3993,-1,3993,4018,4019,-1,3993,4019,3994,-1,3994,4019,4020,-1,3994,4020,3995,-1,3995,4020,4021,-1,3995,4021,3996,-1,3996,4021,4022,-1,3996,4022,3997,-1,3997,4022,4023,-1,3997,4023,3998,-1,3998,4023,4024,-1,3998,4024,3999,-1,3999,4024,4025,-1,3999,4025,4000,-1,4000,4025,4026,-1,4000,4026,4001,-1,4001,4026,4027,-1,4001,4027,4002,-1,4002,4027,4028,-1,4002,4028,4003,-1,4003,4028,4029,-1,4003,4029,4004,-1,4004,4029,4030,-1,4004,4030,4005,-1,4005,4030,4031,-1,4005,4031,4006,-1,4006,4031,4032,-1,4006,4032,4007,-1,4007,4032,4033,-1,4007,4033,4008,-1,4008,4033,4034,-1,4008,4034,4009,-1,4009,4034,4035,-1,4009,4035,4010,-1,4010,4035,4011,-1,4035,4036,4011,-1,4011,4036,4037,-1,4011,4037,4012,-1,4012,4037,4038,-1,4012,4038,4013,-1,4013,4038,4039,-1,4013,4039,4014,-1,4014,4039,4040,-1,4014,4040,4015,-1,4015,4040,4041,-1,4015,4041,4016,-1,4016,4041,4042,-1,4016,4042,4017,-1,4017,4042,4043,-1,4017,4043,4018,-1,4018,4043,4044,-1,4018,4044,4019,-1,4019,4044,4045,-1,4019,4045,4020,-1,4020,4045,4046,-1,4020,4046,4021,-1,4021,4046,4047,-1,4021,4047,4022,-1,4022,4047,4048,-1,4022,4048,4023,-1,4023,4048,4049,-1,4023,4049,4024,-1,4024,4049,4050,-1,4024,4050,4025,-1,4025,4050,4051,-1,4025,4051,4026,-1,4026,4051,4052,-1,4026,4052,4027,-1,4027,4052,4053,-1,4027,4053,4028,-1,4028,4053,4054,-1,4028,4054,4029,-1,4029,4054,4055,-1,4029,4055,4030,-1,4030,4055,4056,-1,4030,4056,4031,-1,4031,4056,4057,-1,4031,4057,4032,-1,4032,4057,4058,-1,4032,4058,4033,-1,4033,4058,4059,-1,4033,4059,4034,-1,4034,4059,4060,-1,4034,4060,4035,-1,4035,4060,4036,-1,4060,4061,4036,-1,4036,4061,4062,-1,4036,4062,4037,-1,4037,4062,4063,-1,4037,4063,4038,-1,4038,4063,4064,-1,4038,4064,4039,-1,4039,4064,4065,-1,4039,4065,4040,-1,4040,4065,4066,-1,4040,4066,4041,-1,4041,4066,4067,-1,4041,4067,4042,-1,4042,4067,4068,-1,4042,4068,4043,-1,4043,4068,4069,-1,4043,4069,4044,-1,4044,4069,4070,-1,4044,4070,4045,-1,4045,4070,4071,-1,4045,4071,4046,-1,4046,4071,4072,-1,4046,4072,4047,-1,4047,4072,4073,-1,4047,4073,4048,-1,4048,4073,4074,-1,4048,4074,4049,-1,4049,4074,4075,-1,4049,4075,4050,-1,4050,4075,4076,-1,4050,4076,4051,-1,4051,4076,4077,-1,4051,4077,4052,-1,4052,4077,4078,-1,4052,4078,4053,-1,4053,4078,4079,-1,4053,4079,4054,-1,4054,4079,4080,-1,4054,4080,4055,-1,4055,4080,4081,-1,4055,4081,4056,-1,4056,4081,4082,-1,4056,4082,4057,-1,4057,4082,4083,-1,4057,4083,4058,-1,4058,4083,4084,-1,4058,4084,4059,-1,4059,4084,4085,-1,4059,4085,4060,-1,4060,4085,4061,-1,4085,3860,4061,-1,4061,3860,3859,-1,4061,3859,4062,-1,4062,3859,3862,-1,4062,3862,4063,-1,4063,3862,3863,-1,4063,3863,4064,-1,4064,3863,3864,-1,4064,3864,4065,-1,4065,3864,3865,-1,4065,3865,4066,-1,4066,3865,3866,-1,4066,3866,4067,-1,4067,3866,3867,-1,4067,3867,4068,-1,4068,3867,3868,-1,4068,3868,4069,-1,4069,3868,3869,-1,4069,3869,4070,-1,4070,3869,3870,-1,4070,3870,4071,-1,4071,3870,3871,-1,4071,3871,4072,-1,4072,3871,3872,-1,4072,3872,4073,-1,4073,3872,3873,-1,4073,3873,4074,-1,4074,3873,3874,-1,4074,3874,4075,-1,4075,3874,3875,-1,4075,3875,4076,-1,4076,3875,3876,-1,4076,3876,4077,-1,4077,3876,3877,-1,4077,3877,4078,-1,4078,3877,3878,-1,4078,3878,4079,-1,4079,3878,3879,-1,4079,3879,4080,-1,4080,3879,3880,-1,4080,3880,4081,-1,4081,3880,3881,-1,4081,3881,4082,-1,4082,3881,3882,-1,4082,3882,4083,-1,4083,3882,3883,-1,4083,3883,4084,-1,4084,3883,3884,-1,4084,3884,4085,-1,4085,3884,3860,-1,4086,4087,4088,-1,4086,4088,4089,-1,4090,4089,4088,-1,4091,4090,4088,-1,4092,4091,4088,-1,4093,4092,4088,-1,4094,4093,4088,-1,4095,4094,4088,-1,4096,4095,4088,-1,4097,4096,4088,-1,4098,4097,4088,-1,4099,4098,4088,-1,4100,4099,4088,-1,4101,4100,4088,-1,4102,4101,4088,-1,4103,4102,4088,-1,4104,4103,4088,-1,4105,4104,4088,-1,4106,4105,4088,-1,4107,4106,4088,-1,4108,4107,4088,-1,4109,4108,4088,-1,4110,4109,4088,-1,4111,4110,4088,-1,4087,4111,4088,-1,4112,4113,4114,-1,4114,4113,4115,-1,4114,4115,4116,-1,4116,4115,4117,-1,4116,4117,4118,-1,4118,4117,4119,-1,4118,4119,4120,-1,4120,4119,4121,-1,4120,4121,4122,-1,4122,4121,4123,-1,4122,4123,4124,-1,4124,4123,4125,-1,4124,4125,4126,-1,4126,4125,4127,-1,4126,4127,4128,-1,4128,4127,4129,-1,4128,4129,4130,-1,4130,4129,4131,-1,4130,4131,4132,-1,4132,4131,4133,-1,4132,4133,4134,-1,4134,4133,4135,-1,4134,4135,4136,-1,4136,4135,4137,-1,4136,4137,4138,-1,4138,4137,4139,-1,4138,4139,4140,-1,4140,4139,4141,-1,4140,4141,4142,-1,4142,4141,4143,-1,4142,4143,4144,-1,4144,4143,4145,-1,4144,4145,4146,-1,4146,4145,4147,-1,4146,4147,4148,-1,4148,4147,4149,-1,4148,4149,4150,-1,4150,4149,4151,-1,4150,4151,4152,-1,4152,4151,4153,-1,4152,4153,4154,-1,4154,4153,4155,-1,4154,4155,4156,-1,4156,4155,4157,-1,4156,4157,4158,-1,4158,4157,4159,-1,4158,4159,4160,-1,4160,4159,4161,-1,4160,4161,4162,-1,4162,4161,4112,-1,4162,4112,4114,-1,4138,4163,4136,-1,4136,4163,4164,-1,4136,4164,4134,-1,4134,4164,4165,-1,4134,4165,4132,-1,4132,4165,4166,-1,4132,4166,4130,-1,4130,4166,4167,-1,4130,4167,4128,-1,4128,4167,4168,-1,4128,4168,4126,-1,4126,4168,4169,-1,4126,4169,4124,-1,4124,4169,4170,-1,4124,4170,4122,-1,4122,4170,4171,-1,4122,4171,4120,-1,4120,4171,4172,-1,4120,4172,4118,-1,4118,4172,4173,-1,4118,4173,4116,-1,4116,4173,4174,-1,4116,4174,4114,-1,4114,4174,4175,-1,4114,4175,4162,-1,4162,4175,4176,-1,4162,4176,4160,-1,4160,4176,4177,-1,4160,4177,4158,-1,4158,4177,4178,-1,4158,4178,4156,-1,4156,4178,4179,-1,4156,4179,4154,-1,4154,4179,4180,-1,4154,4180,4152,-1,4152,4180,4181,-1,4152,4181,4150,-1,4150,4181,4182,-1,4150,4182,4148,-1,4148,4182,4183,-1,4148,4183,4146,-1,4146,4183,4184,-1,4146,4184,4144,-1,4144,4184,4185,-1,4144,4185,4142,-1,4142,4185,4186,-1,4142,4186,4140,-1,4140,4186,4187,-1,4140,4187,4138,-1,4138,4187,4163,-1,4187,4188,4163,-1,4163,4188,4189,-1,4163,4189,4164,-1,4164,4189,4190,-1,4164,4190,4165,-1,4165,4190,4191,-1,4165,4191,4166,-1,4166,4191,4192,-1,4166,4192,4167,-1,4167,4192,4193,-1,4167,4193,4168,-1,4168,4193,4194,-1,4168,4194,4169,-1,4169,4194,4195,-1,4169,4195,4170,-1,4170,4195,4196,-1,4170,4196,4171,-1,4171,4196,4197,-1,4171,4197,4172,-1,4172,4197,4198,-1,4172,4198,4173,-1,4173,4198,4199,-1,4173,4199,4174,-1,4174,4199,4200,-1,4174,4200,4175,-1,4175,4200,4201,-1,4175,4201,4176,-1,4176,4201,4202,-1,4176,4202,4177,-1,4177,4202,4203,-1,4177,4203,4178,-1,4178,4203,4204,-1,4178,4204,4179,-1,4179,4204,4205,-1,4179,4205,4180,-1,4180,4205,4206,-1,4180,4206,4181,-1,4181,4206,4207,-1,4181,4207,4182,-1,4182,4207,4208,-1,4182,4208,4183,-1,4183,4208,4209,-1,4183,4209,4184,-1,4184,4209,4210,-1,4184,4210,4185,-1,4185,4210,4211,-1,4185,4211,4186,-1,4186,4211,4212,-1,4186,4212,4187,-1,4187,4212,4188,-1,4212,4213,4188,-1,4188,4213,4214,-1,4188,4214,4189,-1,4189,4214,4215,-1,4189,4215,4190,-1,4190,4215,4216,-1,4190,4216,4191,-1,4191,4216,4217,-1,4191,4217,4192,-1,4192,4217,4218,-1,4192,4218,4193,-1,4193,4218,4219,-1,4193,4219,4194,-1,4194,4219,4220,-1,4194,4220,4195,-1,4195,4220,4221,-1,4195,4221,4196,-1,4196,4221,4222,-1,4196,4222,4197,-1,4197,4222,4223,-1,4197,4223,4198,-1,4198,4223,4224,-1,4198,4224,4199,-1,4199,4224,4225,-1,4199,4225,4200,-1,4200,4225,4226,-1,4200,4226,4201,-1,4201,4226,4227,-1,4201,4227,4202,-1,4202,4227,4228,-1,4202,4228,4203,-1,4203,4228,4229,-1,4203,4229,4204,-1,4204,4229,4230,-1,4204,4230,4205,-1,4205,4230,4231,-1,4205,4231,4206,-1,4206,4231,4232,-1,4206,4232,4207,-1,4207,4232,4233,-1,4207,4233,4208,-1,4208,4233,4234,-1,4208,4234,4209,-1,4209,4234,4235,-1,4209,4235,4210,-1,4210,4235,4236,-1,4210,4236,4211,-1,4211,4236,4237,-1,4211,4237,4212,-1,4212,4237,4213,-1,4237,4238,4213,-1,4213,4238,4239,-1,4213,4239,4214,-1,4214,4239,4240,-1,4214,4240,4215,-1,4215,4240,4241,-1,4215,4241,4216,-1,4216,4241,4242,-1,4216,4242,4217,-1,4217,4242,4243,-1,4217,4243,4218,-1,4218,4243,4244,-1,4218,4244,4219,-1,4219,4244,4245,-1,4219,4245,4220,-1,4220,4245,4246,-1,4220,4246,4221,-1,4221,4246,4247,-1,4221,4247,4222,-1,4222,4247,4248,-1,4222,4248,4223,-1,4223,4248,4249,-1,4223,4249,4224,-1,4224,4249,4250,-1,4224,4250,4225,-1,4225,4250,4251,-1,4225,4251,4226,-1,4226,4251,4252,-1,4226,4252,4227,-1,4227,4252,4253,-1,4227,4253,4228,-1,4228,4253,4254,-1,4228,4254,4229,-1,4229,4254,4255,-1,4229,4255,4230,-1,4230,4255,4256,-1,4230,4256,4231,-1,4231,4256,4257,-1,4231,4257,4232,-1,4232,4257,4258,-1,4232,4258,4233,-1,4233,4258,4259,-1,4233,4259,4234,-1,4234,4259,4260,-1,4234,4260,4235,-1,4235,4260,4261,-1,4235,4261,4236,-1,4236,4261,4262,-1,4236,4262,4237,-1,4237,4262,4238,-1,4262,4263,4238,-1,4238,4263,4264,-1,4238,4264,4239,-1,4239,4264,4265,-1,4239,4265,4240,-1,4240,4265,4266,-1,4240,4266,4241,-1,4241,4266,4267,-1,4241,4267,4242,-1,4242,4267,4268,-1,4242,4268,4243,-1,4243,4268,4269,-1,4243,4269,4244,-1,4244,4269,4270,-1,4244,4270,4245,-1,4245,4270,4271,-1,4245,4271,4246,-1,4246,4271,4272,-1,4246,4272,4247,-1,4247,4272,4273,-1,4247,4273,4248,-1,4248,4273,4274,-1,4248,4274,4249,-1,4249,4274,4275,-1,4249,4275,4250,-1,4250,4275,4276,-1,4250,4276,4251,-1,4251,4276,4277,-1,4251,4277,4252,-1,4252,4277,4278,-1,4252,4278,4253,-1,4253,4278,4279,-1,4253,4279,4254,-1,4254,4279,4280,-1,4254,4280,4255,-1,4255,4280,4281,-1,4255,4281,4256,-1,4256,4281,4282,-1,4256,4282,4257,-1,4257,4282,4283,-1,4257,4283,4258,-1,4258,4283,4284,-1,4258,4284,4259,-1,4259,4284,4285,-1,4259,4285,4260,-1,4260,4285,4286,-1,4260,4286,4261,-1,4261,4286,4287,-1,4261,4287,4262,-1,4262,4287,4263,-1,4287,4288,4263,-1,4263,4288,4289,-1,4263,4289,4264,-1,4264,4289,4290,-1,4264,4290,4265,-1,4265,4290,4291,-1,4265,4291,4266,-1,4266,4291,4292,-1,4266,4292,4267,-1,4267,4292,4293,-1,4267,4293,4268,-1,4268,4293,4294,-1,4268,4294,4269,-1,4269,4294,4295,-1,4269,4295,4270,-1,4270,4295,4296,-1,4270,4296,4271,-1,4271,4296,4297,-1,4271,4297,4272,-1,4272,4297,4298,-1,4272,4298,4273,-1,4273,4298,4299,-1,4273,4299,4274,-1,4274,4299,4300,-1,4274,4300,4275,-1,4275,4300,4301,-1,4275,4301,4276,-1,4276,4301,4302,-1,4276,4302,4277,-1,4277,4302,4303,-1,4277,4303,4278,-1,4278,4303,4304,-1,4278,4304,4279,-1,4279,4304,4305,-1,4279,4305,4280,-1,4280,4305,4306,-1,4280,4306,4281,-1,4281,4306,4307,-1,4281,4307,4282,-1,4282,4307,4308,-1,4282,4308,4283,-1,4283,4308,4309,-1,4283,4309,4284,-1,4284,4309,4310,-1,4284,4310,4285,-1,4285,4310,4311,-1,4285,4311,4286,-1,4286,4311,4312,-1,4286,4312,4287,-1,4287,4312,4288,-1,4312,4087,4288,-1,4288,4087,4086,-1,4288,4086,4289,-1,4289,4086,4089,-1,4289,4089,4290,-1,4290,4089,4090,-1,4290,4090,4291,-1,4291,4090,4091,-1,4291,4091,4292,-1,4292,4091,4092,-1,4292,4092,4293,-1,4293,4092,4093,-1,4293,4093,4294,-1,4294,4093,4094,-1,4294,4094,4295,-1,4295,4094,4095,-1,4295,4095,4296,-1,4296,4095,4096,-1,4296,4096,4297,-1,4297,4096,4097,-1,4297,4097,4298,-1,4298,4097,4098,-1,4298,4098,4299,-1,4299,4098,4099,-1,4299,4099,4300,-1,4300,4099,4100,-1,4300,4100,4301,-1,4301,4100,4101,-1,4301,4101,4302,-1,4302,4101,4102,-1,4302,4102,4303,-1,4303,4102,4103,-1,4303,4103,4304,-1,4304,4103,4104,-1,4304,4104,4305,-1,4305,4104,4105,-1,4305,4105,4306,-1,4306,4105,4106,-1,4306,4106,4307,-1,4307,4106,4107,-1,4307,4107,4308,-1,4308,4107,4108,-1,4308,4108,4309,-1,4309,4108,4109,-1,4309,4109,4310,-1,4310,4109,4110,-1,4310,4110,4311,-1,4311,4110,4111,-1,4311,4111,4312,-1,4312,4111,4087,-1,4313,4314,4315,-1,4313,4315,4316,-1,4317,4316,4315,-1,4318,4317,4315,-1,4319,4318,4315,-1,4320,4319,4315,-1,4321,4320,4315,-1,4322,4321,4315,-1,4323,4322,4315,-1,4324,4323,4315,-1,4325,4324,4315,-1,4326,4325,4315,-1,4327,4326,4315,-1,4328,4327,4315,-1,4329,4328,4315,-1,4330,4329,4315,-1,4331,4330,4315,-1,4332,4331,4315,-1,4333,4332,4315,-1,4334,4333,4315,-1,4335,4334,4315,-1,4336,4335,4315,-1,4337,4336,4315,-1,4338,4337,4315,-1,4314,4338,4315,-1,4339,4340,4341,-1,4341,4340,4342,-1,4341,4342,4343,-1,4343,4342,4344,-1,4343,4344,4345,-1,4345,4344,4346,-1,4345,4346,4347,-1,4347,4346,4348,-1,4347,4348,4349,-1,4349,4348,4350,-1,4349,4350,4351,-1,4351,4350,4352,-1,4351,4352,4353,-1,4353,4352,4354,-1,4353,4354,4355,-1,4355,4354,4356,-1,4355,4356,4357,-1,4357,4356,4358,-1,4357,4358,4359,-1,4359,4358,4360,-1,4359,4360,4361,-1,4361,4360,4362,-1,4361,4362,4363,-1,4363,4362,4364,-1,4363,4364,4365,-1,4365,4364,4366,-1,4365,4366,4367,-1,4367,4366,4368,-1,4367,4368,4369,-1,4369,4368,4370,-1,4369,4370,4371,-1,4371,4370,4372,-1,4371,4372,4373,-1,4373,4372,4374,-1,4373,4374,4375,-1,4375,4374,4376,-1,4375,4376,4377,-1,4377,4376,4378,-1,4377,4378,4379,-1,4379,4378,4380,-1,4379,4380,4381,-1,4381,4380,4382,-1,4381,4382,4383,-1,4383,4382,4384,-1,4383,4384,4385,-1,4385,4384,4386,-1,4385,4386,4387,-1,4387,4386,4388,-1,4387,4388,4389,-1,4389,4388,4339,-1,4389,4339,4341,-1,4365,4390,4363,-1,4363,4390,4391,-1,4363,4391,4361,-1,4361,4391,4392,-1,4361,4392,4359,-1,4359,4392,4393,-1,4359,4393,4357,-1,4357,4393,4394,-1,4357,4394,4355,-1,4355,4394,4395,-1,4355,4395,4353,-1,4353,4395,4396,-1,4353,4396,4351,-1,4351,4396,4397,-1,4351,4397,4349,-1,4349,4397,4398,-1,4349,4398,4347,-1,4347,4398,4399,-1,4347,4399,4345,-1,4345,4399,4400,-1,4345,4400,4343,-1,4343,4400,4401,-1,4343,4401,4341,-1,4341,4401,4402,-1,4341,4402,4389,-1,4389,4402,4403,-1,4389,4403,4387,-1,4387,4403,4404,-1,4387,4404,4385,-1,4385,4404,4405,-1,4385,4405,4383,-1,4383,4405,4406,-1,4383,4406,4381,-1,4381,4406,4407,-1,4381,4407,4379,-1,4379,4407,4408,-1,4379,4408,4377,-1,4377,4408,4409,-1,4377,4409,4375,-1,4375,4409,4410,-1,4375,4410,4373,-1,4373,4410,4411,-1,4373,4411,4371,-1,4371,4411,4412,-1,4371,4412,4369,-1,4369,4412,4413,-1,4369,4413,4367,-1,4367,4413,4414,-1,4367,4414,4365,-1,4365,4414,4390,-1,4414,4415,4390,-1,4390,4415,4416,-1,4390,4416,4391,-1,4391,4416,4417,-1,4391,4417,4392,-1,4392,4417,4418,-1,4392,4418,4393,-1,4393,4418,4419,-1,4393,4419,4394,-1,4394,4419,4420,-1,4394,4420,4395,-1,4395,4420,4421,-1,4395,4421,4396,-1,4396,4421,4422,-1,4396,4422,4397,-1,4397,4422,4423,-1,4397,4423,4398,-1,4398,4423,4424,-1,4398,4424,4399,-1,4399,4424,4425,-1,4399,4425,4400,-1,4400,4425,4426,-1,4400,4426,4401,-1,4401,4426,4427,-1,4401,4427,4402,-1,4402,4427,4428,-1,4402,4428,4403,-1,4403,4428,4429,-1,4403,4429,4404,-1,4404,4429,4430,-1,4404,4430,4405,-1,4405,4430,4431,-1,4405,4431,4406,-1,4406,4431,4432,-1,4406,4432,4407,-1,4407,4432,4433,-1,4407,4433,4408,-1,4408,4433,4434,-1,4408,4434,4409,-1,4409,4434,4435,-1,4409,4435,4410,-1,4410,4435,4436,-1,4410,4436,4411,-1,4411,4436,4437,-1,4411,4437,4412,-1,4412,4437,4438,-1,4412,4438,4413,-1,4413,4438,4439,-1,4413,4439,4414,-1,4414,4439,4415,-1,4439,4440,4415,-1,4415,4440,4441,-1,4415,4441,4416,-1,4416,4441,4442,-1,4416,4442,4417,-1,4417,4442,4443,-1,4417,4443,4418,-1,4418,4443,4444,-1,4418,4444,4419,-1,4419,4444,4445,-1,4419,4445,4420,-1,4420,4445,4446,-1,4420,4446,4421,-1,4421,4446,4447,-1,4421,4447,4422,-1,4422,4447,4448,-1,4422,4448,4423,-1,4423,4448,4449,-1,4423,4449,4424,-1,4424,4449,4450,-1,4424,4450,4425,-1,4425,4450,4451,-1,4425,4451,4426,-1,4426,4451,4452,-1,4426,4452,4427,-1,4427,4452,4453,-1,4427,4453,4428,-1,4428,4453,4454,-1,4428,4454,4429,-1,4429,4454,4455,-1,4429,4455,4430,-1,4430,4455,4456,-1,4430,4456,4431,-1,4431,4456,4457,-1,4431,4457,4432,-1,4432,4457,4458,-1,4432,4458,4433,-1,4433,4458,4459,-1,4433,4459,4434,-1,4434,4459,4460,-1,4434,4460,4435,-1,4435,4460,4461,-1,4435,4461,4436,-1,4436,4461,4462,-1,4436,4462,4437,-1,4437,4462,4463,-1,4437,4463,4438,-1,4438,4463,4464,-1,4438,4464,4439,-1,4439,4464,4440,-1,4464,4465,4440,-1,4440,4465,4466,-1,4440,4466,4441,-1,4441,4466,4467,-1,4441,4467,4442,-1,4442,4467,4468,-1,4442,4468,4443,-1,4443,4468,4469,-1,4443,4469,4444,-1,4444,4469,4470,-1,4444,4470,4445,-1,4445,4470,4471,-1,4445,4471,4446,-1,4446,4471,4472,-1,4446,4472,4447,-1,4447,4472,4473,-1,4447,4473,4448,-1,4448,4473,4474,-1,4448,4474,4449,-1,4449,4474,4475,-1,4449,4475,4450,-1,4450,4475,4476,-1,4450,4476,4451,-1,4451,4476,4477,-1,4451,4477,4452,-1,4452,4477,4478,-1,4452,4478,4453,-1,4453,4478,4479,-1,4453,4479,4454,-1,4454,4479,4480,-1,4454,4480,4455,-1,4455,4480,4481,-1,4455,4481,4456,-1,4456,4481,4482,-1,4456,4482,4457,-1,4457,4482,4483,-1,4457,4483,4458,-1,4458,4483,4484,-1,4458,4484,4459,-1,4459,4484,4485,-1,4459,4485,4460,-1,4460,4485,4486,-1,4460,4486,4461,-1,4461,4486,4487,-1,4461,4487,4462,-1,4462,4487,4488,-1,4462,4488,4463,-1,4463,4488,4489,-1,4463,4489,4464,-1,4464,4489,4465,-1,4489,4490,4465,-1,4465,4490,4491,-1,4465,4491,4466,-1,4466,4491,4492,-1,4466,4492,4467,-1,4467,4492,4493,-1,4467,4493,4468,-1,4468,4493,4494,-1,4468,4494,4469,-1,4469,4494,4495,-1,4469,4495,4470,-1,4470,4495,4496,-1,4470,4496,4471,-1,4471,4496,4497,-1,4471,4497,4472,-1,4472,4497,4498,-1,4472,4498,4473,-1,4473,4498,4499,-1,4473,4499,4474,-1,4474,4499,4500,-1,4474,4500,4475,-1,4475,4500,4501,-1,4475,4501,4476,-1,4476,4501,4502,-1,4476,4502,4477,-1,4477,4502,4503,-1,4477,4503,4478,-1,4478,4503,4504,-1,4478,4504,4479,-1,4479,4504,4505,-1,4479,4505,4480,-1,4480,4505,4506,-1,4480,4506,4481,-1,4481,4506,4507,-1,4481,4507,4482,-1,4482,4507,4508,-1,4482,4508,4483,-1,4483,4508,4509,-1,4483,4509,4484,-1,4484,4509,4510,-1,4484,4510,4485,-1,4485,4510,4511,-1,4485,4511,4486,-1,4486,4511,4512,-1,4486,4512,4487,-1,4487,4512,4513,-1,4487,4513,4488,-1,4488,4513,4514,-1,4488,4514,4489,-1,4489,4514,4490,-1,4514,4515,4490,-1,4490,4515,4516,-1,4490,4516,4491,-1,4491,4516,4517,-1,4491,4517,4492,-1,4492,4517,4518,-1,4492,4518,4493,-1,4493,4518,4519,-1,4493,4519,4494,-1,4494,4519,4520,-1,4494,4520,4495,-1,4495,4520,4521,-1,4495,4521,4496,-1,4496,4521,4522,-1,4496,4522,4497,-1,4497,4522,4523,-1,4497,4523,4498,-1,4498,4523,4524,-1,4498,4524,4499,-1,4499,4524,4525,-1,4499,4525,4500,-1,4500,4525,4526,-1,4500,4526,4501,-1,4501,4526,4527,-1,4501,4527,4502,-1,4502,4527,4528,-1,4502,4528,4503,-1,4503,4528,4529,-1,4503,4529,4504,-1,4504,4529,4530,-1,4504,4530,4505,-1,4505,4530,4531,-1,4505,4531,4506,-1,4506,4531,4532,-1,4506,4532,4507,-1,4507,4532,4533,-1,4507,4533,4508,-1,4508,4533,4534,-1,4508,4534,4509,-1,4509,4534,4535,-1,4509,4535,4510,-1,4510,4535,4536,-1,4510,4536,4511,-1,4511,4536,4537,-1,4511,4537,4512,-1,4512,4537,4538,-1,4512,4538,4513,-1,4513,4538,4539,-1,4513,4539,4514,-1,4514,4539,4515,-1,4539,4314,4515,-1,4515,4314,4313,-1,4515,4313,4516,-1,4516,4313,4316,-1,4516,4316,4517,-1,4517,4316,4317,-1,4517,4317,4518,-1,4518,4317,4318,-1,4518,4318,4519,-1,4519,4318,4319,-1,4519,4319,4520,-1,4520,4319,4320,-1,4520,4320,4521,-1,4521,4320,4321,-1,4521,4321,4522,-1,4522,4321,4322,-1,4522,4322,4523,-1,4523,4322,4323,-1,4523,4323,4524,-1,4524,4323,4324,-1,4524,4324,4525,-1,4525,4324,4325,-1,4525,4325,4526,-1,4526,4325,4326,-1,4526,4326,4527,-1,4527,4326,4327,-1,4527,4327,4528,-1,4528,4327,4328,-1,4528,4328,4529,-1,4529,4328,4329,-1,4529,4329,4530,-1,4530,4329,4330,-1,4530,4330,4531,-1,4531,4330,4331,-1,4531,4331,4532,-1,4532,4331,4332,-1,4532,4332,4533,-1,4533,4332,4333,-1,4533,4333,4534,-1,4534,4333,4334,-1,4534,4334,4535,-1,4535,4334,4335,-1,4535,4335,4536,-1,4536,4335,4336,-1,4536,4336,4537,-1,4537,4336,4337,-1,4537,4337,4538,-1,4538,4337,4338,-1,4538,4338,4539,-1,4539,4338,4314,-1,4540,4541,4542,-1,4540,4542,4543,-1,4544,4543,4542,-1,4545,4544,4542,-1,4546,4545,4542,-1,4547,4546,4542,-1,4548,4547,4542,-1,4549,4548,4542,-1,4550,4549,4542,-1,4551,4550,4542,-1,4552,4551,4542,-1,4553,4552,4542,-1,4554,4553,4542,-1,4555,4554,4542,-1,4556,4555,4542,-1,4557,4556,4542,-1,4558,4557,4542,-1,4559,4558,4542,-1,4560,4559,4542,-1,4561,4560,4542,-1,4562,4561,4542,-1,4563,4562,4542,-1,4564,4563,4542,-1,4565,4564,4542,-1,4541,4565,4542,-1,4566,4567,4568,-1,4568,4567,4569,-1,4568,4569,4570,-1,4570,4569,4571,-1,4570,4571,4572,-1,4572,4571,4573,-1,4572,4573,4574,-1,4574,4573,4575,-1,4574,4575,4576,-1,4576,4575,4577,-1,4576,4577,4578,-1,4578,4577,4579,-1,4578,4579,4580,-1,4580,4579,4581,-1,4580,4581,4582,-1,4582,4581,4583,-1,4582,4583,4584,-1,4584,4583,4585,-1,4584,4585,4586,-1,4586,4585,4587,-1,4586,4587,4588,-1,4588,4587,4589,-1,4588,4589,4590,-1,4590,4589,4591,-1,4590,4591,4592,-1,4592,4591,4593,-1,4592,4593,4594,-1,4594,4593,4595,-1,4594,4595,4596,-1,4596,4595,4597,-1,4596,4597,4598,-1,4598,4597,4599,-1,4598,4599,4600,-1,4600,4599,4601,-1,4600,4601,4602,-1,4602,4601,4603,-1,4602,4603,4604,-1,4604,4603,4605,-1,4604,4605,4606,-1,4606,4605,4607,-1,4606,4607,4608,-1,4608,4607,4609,-1,4608,4609,4610,-1,4610,4609,4611,-1,4610,4611,4612,-1,4612,4611,4613,-1,4612,4613,4614,-1,4614,4613,4615,-1,4614,4615,4616,-1,4616,4615,4566,-1,4616,4566,4568,-1,4592,4617,4590,-1,4590,4617,4618,-1,4590,4618,4588,-1,4588,4618,4619,-1,4588,4619,4586,-1,4586,4619,4620,-1,4586,4620,4584,-1,4584,4620,4621,-1,4584,4621,4582,-1,4582,4621,4622,-1,4582,4622,4580,-1,4580,4622,4623,-1,4580,4623,4578,-1,4578,4623,4624,-1,4578,4624,4576,-1,4576,4624,4625,-1,4576,4625,4574,-1,4574,4625,4626,-1,4574,4626,4572,-1,4572,4626,4627,-1,4572,4627,4570,-1,4570,4627,4628,-1,4570,4628,4568,-1,4568,4628,4629,-1,4568,4629,4616,-1,4616,4629,4630,-1,4616,4630,4614,-1,4614,4630,4631,-1,4614,4631,4612,-1,4612,4631,4632,-1,4612,4632,4610,-1,4610,4632,4633,-1,4610,4633,4608,-1,4608,4633,4634,-1,4608,4634,4606,-1,4606,4634,4635,-1,4606,4635,4604,-1,4604,4635,4636,-1,4604,4636,4602,-1,4602,4636,4637,-1,4602,4637,4600,-1,4600,4637,4638,-1,4600,4638,4598,-1,4598,4638,4639,-1,4598,4639,4596,-1,4596,4639,4640,-1,4596,4640,4594,-1,4594,4640,4641,-1,4594,4641,4592,-1,4592,4641,4617,-1,4641,4642,4617,-1,4617,4642,4643,-1,4617,4643,4618,-1,4618,4643,4644,-1,4618,4644,4619,-1,4619,4644,4645,-1,4619,4645,4620,-1,4620,4645,4646,-1,4620,4646,4621,-1,4621,4646,4647,-1,4621,4647,4622,-1,4622,4647,4648,-1,4622,4648,4623,-1,4623,4648,4649,-1,4623,4649,4624,-1,4624,4649,4650,-1,4624,4650,4625,-1,4625,4650,4651,-1,4625,4651,4626,-1,4626,4651,4652,-1,4626,4652,4627,-1,4627,4652,4653,-1,4627,4653,4628,-1,4628,4653,4654,-1,4628,4654,4629,-1,4629,4654,4655,-1,4629,4655,4630,-1,4630,4655,4656,-1,4630,4656,4631,-1,4631,4656,4657,-1,4631,4657,4632,-1,4632,4657,4658,-1,4632,4658,4633,-1,4633,4658,4659,-1,4633,4659,4634,-1,4634,4659,4660,-1,4634,4660,4635,-1,4635,4660,4661,-1,4635,4661,4636,-1,4636,4661,4662,-1,4636,4662,4637,-1,4637,4662,4663,-1,4637,4663,4638,-1,4638,4663,4664,-1,4638,4664,4639,-1,4639,4664,4665,-1,4639,4665,4640,-1,4640,4665,4666,-1,4640,4666,4641,-1,4641,4666,4642,-1,4666,4667,4642,-1,4642,4667,4668,-1,4642,4668,4643,-1,4643,4668,4669,-1,4643,4669,4644,-1,4644,4669,4670,-1,4644,4670,4645,-1,4645,4670,4671,-1,4645,4671,4646,-1,4646,4671,4672,-1,4646,4672,4647,-1,4647,4672,4673,-1,4647,4673,4648,-1,4648,4673,4674,-1,4648,4674,4649,-1,4649,4674,4675,-1,4649,4675,4650,-1,4650,4675,4676,-1,4650,4676,4651,-1,4651,4676,4677,-1,4651,4677,4652,-1,4652,4677,4678,-1,4652,4678,4653,-1,4653,4678,4679,-1,4653,4679,4654,-1,4654,4679,4680,-1,4654,4680,4655,-1,4655,4680,4681,-1,4655,4681,4656,-1,4656,4681,4682,-1,4656,4682,4657,-1,4657,4682,4683,-1,4657,4683,4658,-1,4658,4683,4684,-1,4658,4684,4659,-1,4659,4684,4685,-1,4659,4685,4660,-1,4660,4685,4686,-1,4660,4686,4661,-1,4661,4686,4687,-1,4661,4687,4662,-1,4662,4687,4688,-1,4662,4688,4663,-1,4663,4688,4689,-1,4663,4689,4664,-1,4664,4689,4690,-1,4664,4690,4665,-1,4665,4690,4691,-1,4665,4691,4666,-1,4666,4691,4667,-1,4691,4692,4667,-1,4667,4692,4693,-1,4667,4693,4668,-1,4668,4693,4694,-1,4668,4694,4669,-1,4669,4694,4695,-1,4669,4695,4670,-1,4670,4695,4696,-1,4670,4696,4671,-1,4671,4696,4697,-1,4671,4697,4672,-1,4672,4697,4698,-1,4672,4698,4673,-1,4673,4698,4699,-1,4673,4699,4674,-1,4674,4699,4700,-1,4674,4700,4675,-1,4675,4700,4701,-1,4675,4701,4676,-1,4676,4701,4702,-1,4676,4702,4677,-1,4677,4702,4703,-1,4677,4703,4678,-1,4678,4703,4704,-1,4678,4704,4679,-1,4679,4704,4705,-1,4679,4705,4680,-1,4680,4705,4706,-1,4680,4706,4681,-1,4681,4706,4707,-1,4681,4707,4682,-1,4682,4707,4708,-1,4682,4708,4683,-1,4683,4708,4709,-1,4683,4709,4684,-1,4684,4709,4710,-1,4684,4710,4685,-1,4685,4710,4711,-1,4685,4711,4686,-1,4686,4711,4712,-1,4686,4712,4687,-1,4687,4712,4713,-1,4687,4713,4688,-1,4688,4713,4714,-1,4688,4714,4689,-1,4689,4714,4715,-1,4689,4715,4690,-1,4690,4715,4716,-1,4690,4716,4691,-1,4691,4716,4692,-1,4716,4717,4692,-1,4692,4717,4718,-1,4692,4718,4693,-1,4693,4718,4719,-1,4693,4719,4694,-1,4694,4719,4720,-1,4694,4720,4695,-1,4695,4720,4721,-1,4695,4721,4696,-1,4696,4721,4722,-1,4696,4722,4697,-1,4697,4722,4723,-1,4697,4723,4698,-1,4698,4723,4724,-1,4698,4724,4699,-1,4699,4724,4725,-1,4699,4725,4700,-1,4700,4725,4726,-1,4700,4726,4701,-1,4701,4726,4727,-1,4701,4727,4702,-1,4702,4727,4728,-1,4702,4728,4703,-1,4703,4728,4729,-1,4703,4729,4704,-1,4704,4729,4730,-1,4704,4730,4705,-1,4705,4730,4731,-1,4705,4731,4706,-1,4706,4731,4732,-1,4706,4732,4707,-1,4707,4732,4733,-1,4707,4733,4708,-1,4708,4733,4734,-1,4708,4734,4709,-1,4709,4734,4735,-1,4709,4735,4710,-1,4710,4735,4736,-1,4710,4736,4711,-1,4711,4736,4737,-1,4711,4737,4712,-1,4712,4737,4738,-1,4712,4738,4713,-1,4713,4738,4739,-1,4713,4739,4714,-1,4714,4739,4740,-1,4714,4740,4715,-1,4715,4740,4741,-1,4715,4741,4716,-1,4716,4741,4717,-1,4741,4742,4717,-1,4717,4742,4743,-1,4717,4743,4718,-1,4718,4743,4744,-1,4718,4744,4719,-1,4719,4744,4745,-1,4719,4745,4720,-1,4720,4745,4746,-1,4720,4746,4721,-1,4721,4746,4747,-1,4721,4747,4722,-1,4722,4747,4748,-1,4722,4748,4723,-1,4723,4748,4749,-1,4723,4749,4724,-1,4724,4749,4750,-1,4724,4750,4725,-1,4725,4750,4751,-1,4725,4751,4726,-1,4726,4751,4752,-1,4726,4752,4727,-1,4727,4752,4753,-1,4727,4753,4728,-1,4728,4753,4754,-1,4728,4754,4729,-1,4729,4754,4755,-1,4729,4755,4730,-1,4730,4755,4756,-1,4730,4756,4731,-1,4731,4756,4757,-1,4731,4757,4732,-1,4732,4757,4758,-1,4732,4758,4733,-1,4733,4758,4759,-1,4733,4759,4734,-1,4734,4759,4760,-1,4734,4760,4735,-1,4735,4760,4761,-1,4735,4761,4736,-1,4736,4761,4762,-1,4736,4762,4737,-1,4737,4762,4763,-1,4737,4763,4738,-1,4738,4763,4764,-1,4738,4764,4739,-1,4739,4764,4765,-1,4739,4765,4740,-1,4740,4765,4766,-1,4740,4766,4741,-1,4741,4766,4742,-1,4766,4541,4742,-1,4742,4541,4540,-1,4742,4540,4743,-1,4743,4540,4543,-1,4743,4543,4744,-1,4744,4543,4544,-1,4744,4544,4745,-1,4745,4544,4545,-1,4745,4545,4746,-1,4746,4545,4546,-1,4746,4546,4747,-1,4747,4546,4547,-1,4747,4547,4748,-1,4748,4547,4548,-1,4748,4548,4749,-1,4749,4548,4549,-1,4749,4549,4750,-1,4750,4549,4550,-1,4750,4550,4751,-1,4751,4550,4551,-1,4751,4551,4752,-1,4752,4551,4552,-1,4752,4552,4753,-1,4753,4552,4553,-1,4753,4553,4754,-1,4754,4553,4554,-1,4754,4554,4755,-1,4755,4554,4555,-1,4755,4555,4756,-1,4756,4555,4556,-1,4756,4556,4757,-1,4757,4556,4557,-1,4757,4557,4758,-1,4758,4557,4558,-1,4758,4558,4759,-1,4759,4558,4559,-1,4759,4559,4760,-1,4760,4559,4560,-1,4760,4560,4761,-1,4761,4560,4561,-1,4761,4561,4762,-1,4762,4561,4562,-1,4762,4562,4763,-1,4763,4562,4563,-1,4763,4563,4764,-1,4764,4563,4564,-1,4764,4564,4765,-1,4765,4564,4565,-1,4765,4565,4766,-1,4766,4565,4541,-1,4767,4768,4769,-1,4767,4769,4770,-1,4771,4770,4769,-1,4772,4771,4769,-1,4773,4772,4769,-1,4774,4773,4769,-1,4775,4774,4769,-1,4776,4775,4769,-1,4777,4776,4769,-1,4778,4777,4769,-1,4779,4778,4769,-1,4780,4779,4769,-1,4781,4780,4769,-1,4782,4781,4769,-1,4783,4782,4769,-1,4784,4783,4769,-1,4785,4784,4769,-1,4786,4785,4769,-1,4787,4786,4769,-1,4788,4787,4769,-1,4789,4788,4769,-1,4790,4789,4769,-1,4791,4790,4769,-1,4792,4791,4769,-1,4768,4792,4769,-1,4793,4794,4795,-1,4795,4794,4796,-1,4795,4796,4797,-1,4797,4796,4798,-1,4797,4798,4799,-1,4799,4798,4800,-1,4799,4800,4801,-1,4801,4800,4802,-1,4801,4802,4803,-1,4803,4802,4804,-1,4803,4804,4805,-1,4805,4804,4806,-1,4805,4806,4807,-1,4807,4806,4808,-1,4807,4808,4809,-1,4809,4808,4810,-1,4809,4810,4811,-1,4811,4810,4812,-1,4811,4812,4813,-1,4813,4812,4814,-1,4813,4814,4815,-1,4815,4814,4816,-1,4815,4816,4817,-1,4817,4816,4818,-1,4817,4818,4819,-1,4819,4818,4820,-1,4819,4820,4821,-1,4821,4820,4822,-1,4821,4822,4823,-1,4823,4822,4824,-1,4823,4824,4825,-1,4825,4824,4826,-1,4825,4826,4827,-1,4827,4826,4828,-1,4827,4828,4829,-1,4829,4828,4830,-1,4829,4830,4831,-1,4831,4830,4832,-1,4831,4832,4833,-1,4833,4832,4834,-1,4833,4834,4835,-1,4835,4834,4836,-1,4835,4836,4837,-1,4837,4836,4838,-1,4837,4838,4839,-1,4839,4838,4840,-1,4839,4840,4841,-1,4841,4840,4842,-1,4841,4842,4843,-1,4843,4842,4793,-1,4843,4793,4795,-1,4819,4844,4817,-1,4817,4844,4845,-1,4817,4845,4815,-1,4815,4845,4846,-1,4815,4846,4813,-1,4813,4846,4847,-1,4813,4847,4811,-1,4811,4847,4848,-1,4811,4848,4809,-1,4809,4848,4849,-1,4809,4849,4807,-1,4807,4849,4850,-1,4807,4850,4805,-1,4805,4850,4851,-1,4805,4851,4803,-1,4803,4851,4852,-1,4803,4852,4801,-1,4801,4852,4853,-1,4801,4853,4799,-1,4799,4853,4854,-1,4799,4854,4797,-1,4797,4854,4855,-1,4797,4855,4795,-1,4795,4855,4856,-1,4795,4856,4843,-1,4843,4856,4857,-1,4843,4857,4841,-1,4841,4857,4858,-1,4841,4858,4839,-1,4839,4858,4859,-1,4839,4859,4837,-1,4837,4859,4860,-1,4837,4860,4835,-1,4835,4860,4861,-1,4835,4861,4833,-1,4833,4861,4862,-1,4833,4862,4831,-1,4831,4862,4863,-1,4831,4863,4829,-1,4829,4863,4864,-1,4829,4864,4827,-1,4827,4864,4865,-1,4827,4865,4825,-1,4825,4865,4866,-1,4825,4866,4823,-1,4823,4866,4867,-1,4823,4867,4821,-1,4821,4867,4868,-1,4821,4868,4819,-1,4819,4868,4844,-1,4868,4869,4844,-1,4844,4869,4870,-1,4844,4870,4845,-1,4845,4870,4871,-1,4845,4871,4846,-1,4846,4871,4872,-1,4846,4872,4847,-1,4847,4872,4873,-1,4847,4873,4848,-1,4848,4873,4874,-1,4848,4874,4849,-1,4849,4874,4875,-1,4849,4875,4850,-1,4850,4875,4876,-1,4850,4876,4851,-1,4851,4876,4877,-1,4851,4877,4852,-1,4852,4877,4878,-1,4852,4878,4853,-1,4853,4878,4879,-1,4853,4879,4854,-1,4854,4879,4880,-1,4854,4880,4855,-1,4855,4880,4881,-1,4855,4881,4856,-1,4856,4881,4882,-1,4856,4882,4857,-1,4857,4882,4883,-1,4857,4883,4858,-1,4858,4883,4884,-1,4858,4884,4859,-1,4859,4884,4885,-1,4859,4885,4860,-1,4860,4885,4886,-1,4860,4886,4861,-1,4861,4886,4887,-1,4861,4887,4862,-1,4862,4887,4888,-1,4862,4888,4863,-1,4863,4888,4889,-1,4863,4889,4864,-1,4864,4889,4890,-1,4864,4890,4865,-1,4865,4890,4891,-1,4865,4891,4866,-1,4866,4891,4892,-1,4866,4892,4867,-1,4867,4892,4893,-1,4867,4893,4868,-1,4868,4893,4869,-1,4893,4894,4869,-1,4869,4894,4895,-1,4869,4895,4870,-1,4870,4895,4896,-1,4870,4896,4871,-1,4871,4896,4897,-1,4871,4897,4872,-1,4872,4897,4898,-1,4872,4898,4873,-1,4873,4898,4899,-1,4873,4899,4874,-1,4874,4899,4900,-1,4874,4900,4875,-1,4875,4900,4901,-1,4875,4901,4876,-1,4876,4901,4902,-1,4876,4902,4877,-1,4877,4902,4903,-1,4877,4903,4878,-1,4878,4903,4904,-1,4878,4904,4879,-1,4879,4904,4905,-1,4879,4905,4880,-1,4880,4905,4906,-1,4880,4906,4881,-1,4881,4906,4907,-1,4881,4907,4882,-1,4882,4907,4908,-1,4882,4908,4883,-1,4883,4908,4909,-1,4883,4909,4884,-1,4884,4909,4910,-1,4884,4910,4885,-1,4885,4910,4911,-1,4885,4911,4886,-1,4886,4911,4912,-1,4886,4912,4887,-1,4887,4912,4913,-1,4887,4913,4888,-1,4888,4913,4914,-1,4888,4914,4889,-1,4889,4914,4915,-1,4889,4915,4890,-1,4890,4915,4916,-1,4890,4916,4891,-1,4891,4916,4917,-1,4891,4917,4892,-1,4892,4917,4918,-1,4892,4918,4893,-1,4893,4918,4894,-1,4918,4919,4894,-1,4894,4919,4920,-1,4894,4920,4895,-1,4895,4920,4921,-1,4895,4921,4896,-1,4896,4921,4922,-1,4896,4922,4897,-1,4897,4922,4923,-1,4897,4923,4898,-1,4898,4923,4924,-1,4898,4924,4899,-1,4899,4924,4925,-1,4899,4925,4900,-1,4900,4925,4926,-1,4900,4926,4901,-1,4901,4926,4927,-1,4901,4927,4902,-1,4902,4927,4928,-1,4902,4928,4903,-1,4903,4928,4929,-1,4903,4929,4904,-1,4904,4929,4930,-1,4904,4930,4905,-1,4905,4930,4931,-1,4905,4931,4906,-1,4906,4931,4932,-1,4906,4932,4907,-1,4907,4932,4933,-1,4907,4933,4908,-1,4908,4933,4934,-1,4908,4934,4909,-1,4909,4934,4935,-1,4909,4935,4910,-1,4910,4935,4936,-1,4910,4936,4911,-1,4911,4936,4937,-1,4911,4937,4912,-1,4912,4937,4938,-1,4912,4938,4913,-1,4913,4938,4939,-1,4913,4939,4914,-1,4914,4939,4940,-1,4914,4940,4915,-1,4915,4940,4941,-1,4915,4941,4916,-1,4916,4941,4942,-1,4916,4942,4917,-1,4917,4942,4943,-1,4917,4943,4918,-1,4918,4943,4919,-1,4943,4944,4919,-1,4919,4944,4945,-1,4919,4945,4920,-1,4920,4945,4946,-1,4920,4946,4921,-1,4921,4946,4947,-1,4921,4947,4922,-1,4922,4947,4948,-1,4922,4948,4923,-1,4923,4948,4949,-1,4923,4949,4924,-1,4924,4949,4950,-1,4924,4950,4925,-1,4925,4950,4951,-1,4925,4951,4926,-1,4926,4951,4952,-1,4926,4952,4927,-1,4927,4952,4953,-1,4927,4953,4928,-1,4928,4953,4954,-1,4928,4954,4929,-1,4929,4954,4955,-1,4929,4955,4930,-1,4930,4955,4956,-1,4930,4956,4931,-1,4931,4956,4957,-1,4931,4957,4932,-1,4932,4957,4958,-1,4932,4958,4933,-1,4933,4958,4959,-1,4933,4959,4934,-1,4934,4959,4960,-1,4934,4960,4935,-1,4935,4960,4961,-1,4935,4961,4936,-1,4936,4961,4962,-1,4936,4962,4937,-1,4937,4962,4963,-1,4937,4963,4938,-1,4938,4963,4964,-1,4938,4964,4939,-1,4939,4964,4965,-1,4939,4965,4940,-1,4940,4965,4966,-1,4940,4966,4941,-1,4941,4966,4967,-1,4941,4967,4942,-1,4942,4967,4968,-1,4942,4968,4943,-1,4943,4968,4944,-1,4968,4969,4944,-1,4944,4969,4970,-1,4944,4970,4945,-1,4945,4970,4971,-1,4945,4971,4946,-1,4946,4971,4972,-1,4946,4972,4947,-1,4947,4972,4973,-1,4947,4973,4948,-1,4948,4973,4974,-1,4948,4974,4949,-1,4949,4974,4975,-1,4949,4975,4950,-1,4950,4975,4976,-1,4950,4976,4951,-1,4951,4976,4977,-1,4951,4977,4952,-1,4952,4977,4978,-1,4952,4978,4953,-1,4953,4978,4979,-1,4953,4979,4954,-1,4954,4979,4980,-1,4954,4980,4955,-1,4955,4980,4981,-1,4955,4981,4956,-1,4956,4981,4982,-1,4956,4982,4957,-1,4957,4982,4983,-1,4957,4983,4958,-1,4958,4983,4984,-1,4958,4984,4959,-1,4959,4984,4985,-1,4959,4985,4960,-1,4960,4985,4986,-1,4960,4986,4961,-1,4961,4986,4987,-1,4961,4987,4962,-1,4962,4987,4988,-1,4962,4988,4963,-1,4963,4988,4989,-1,4963,4989,4964,-1,4964,4989,4990,-1,4964,4990,4965,-1,4965,4990,4991,-1,4965,4991,4966,-1,4966,4991,4992,-1,4966,4992,4967,-1,4967,4992,4993,-1,4967,4993,4968,-1,4968,4993,4969,-1,4993,4768,4969,-1,4969,4768,4767,-1,4969,4767,4970,-1,4970,4767,4770,-1,4970,4770,4971,-1,4971,4770,4771,-1,4971,4771,4972,-1,4972,4771,4772,-1,4972,4772,4973,-1,4973,4772,4773,-1,4973,4773,4974,-1,4974,4773,4774,-1,4974,4774,4975,-1,4975,4774,4775,-1,4975,4775,4976,-1,4976,4775,4776,-1,4976,4776,4977,-1,4977,4776,4777,-1,4977,4777,4978,-1,4978,4777,4778,-1,4978,4778,4979,-1,4979,4778,4779,-1,4979,4779,4980,-1,4980,4779,4780,-1,4980,4780,4981,-1,4981,4780,4781,-1,4981,4781,4982,-1,4982,4781,4782,-1,4982,4782,4983,-1,4983,4782,4783,-1,4983,4783,4984,-1,4984,4783,4784,-1,4984,4784,4985,-1,4985,4784,4785,-1,4985,4785,4986,-1,4986,4785,4786,-1,4986,4786,4987,-1,4987,4786,4787,-1,4987,4787,4988,-1,4988,4787,4788,-1,4988,4788,4989,-1,4989,4788,4789,-1,4989,4789,4990,-1,4990,4789,4790,-1,4990,4790,4991,-1,4991,4790,4791,-1,4991,4791,4992,-1,4992,4791,4792,-1,4992,4792,4993,-1,4993,4792,4768,-1,4994,4995,4996,-1,4994,4996,4997,-1,4998,4997,4996,-1,4999,4998,4996,-1,5000,4999,4996,-1,5001,5000,4996,-1,5002,5001,4996,-1,5003,5002,4996,-1,5004,5003,4996,-1,5005,5004,4996,-1,5006,5005,4996,-1,5007,5006,4996,-1,5008,5007,4996,-1,5009,5008,4996,-1,5010,5009,4996,-1,5011,5010,4996,-1,5012,5011,4996,-1,5013,5012,4996,-1,5014,5013,4996,-1,5015,5014,4996,-1,5016,5015,4996,-1,5017,5016,4996,-1,5018,5017,4996,-1,5019,5018,4996,-1,4995,5019,4996,-1,5020,5021,5022,-1,5022,5021,5023,-1,5022,5023,5024,-1,5024,5023,5025,-1,5024,5025,5026,-1,5026,5025,5027,-1,5026,5027,5028,-1,5028,5027,5029,-1,5028,5029,5030,-1,5030,5029,5031,-1,5030,5031,5032,-1,5032,5031,5033,-1,5032,5033,5034,-1,5034,5033,5035,-1,5034,5035,5036,-1,5036,5035,5037,-1,5036,5037,5038,-1,5038,5037,5039,-1,5038,5039,5040,-1,5040,5039,5041,-1,5040,5041,5042,-1,5042,5041,5043,-1,5042,5043,5044,-1,5044,5043,5045,-1,5044,5045,5046,-1,5046,5045,5047,-1,5046,5047,5048,-1,5048,5047,5049,-1,5048,5049,5050,-1,5050,5049,5051,-1,5050,5051,5052,-1,5052,5051,5053,-1,5052,5053,5054,-1,5054,5053,5055,-1,5054,5055,5056,-1,5056,5055,5057,-1,5056,5057,5058,-1,5058,5057,5059,-1,5058,5059,5060,-1,5060,5059,5061,-1,5060,5061,5062,-1,5062,5061,5063,-1,5062,5063,5064,-1,5064,5063,5065,-1,5064,5065,5066,-1,5066,5065,5067,-1,5066,5067,5068,-1,5068,5067,5069,-1,5068,5069,5070,-1,5070,5069,5020,-1,5070,5020,5022,-1,5046,5071,5044,-1,5044,5071,5072,-1,5044,5072,5042,-1,5042,5072,5073,-1,5042,5073,5040,-1,5040,5073,5074,-1,5040,5074,5038,-1,5038,5074,5075,-1,5038,5075,5036,-1,5036,5075,5076,-1,5036,5076,5034,-1,5034,5076,5077,-1,5034,5077,5032,-1,5032,5077,5078,-1,5032,5078,5030,-1,5030,5078,5079,-1,5030,5079,5028,-1,5028,5079,5080,-1,5028,5080,5026,-1,5026,5080,5081,-1,5026,5081,5024,-1,5024,5081,5082,-1,5024,5082,5022,-1,5022,5082,5083,-1,5022,5083,5070,-1,5070,5083,5084,-1,5070,5084,5068,-1,5068,5084,5085,-1,5068,5085,5066,-1,5066,5085,5086,-1,5066,5086,5064,-1,5064,5086,5087,-1,5064,5087,5062,-1,5062,5087,5088,-1,5062,5088,5060,-1,5060,5088,5089,-1,5060,5089,5058,-1,5058,5089,5090,-1,5058,5090,5056,-1,5056,5090,5091,-1,5056,5091,5054,-1,5054,5091,5092,-1,5054,5092,5052,-1,5052,5092,5093,-1,5052,5093,5050,-1,5050,5093,5094,-1,5050,5094,5048,-1,5048,5094,5095,-1,5048,5095,5046,-1,5046,5095,5071,-1,5095,5096,5071,-1,5071,5096,5097,-1,5071,5097,5072,-1,5072,5097,5098,-1,5072,5098,5073,-1,5073,5098,5099,-1,5073,5099,5074,-1,5074,5099,5100,-1,5074,5100,5075,-1,5075,5100,5101,-1,5075,5101,5076,-1,5076,5101,5102,-1,5076,5102,5077,-1,5077,5102,5103,-1,5077,5103,5078,-1,5078,5103,5104,-1,5078,5104,5079,-1,5079,5104,5105,-1,5079,5105,5080,-1,5080,5105,5106,-1,5080,5106,5081,-1,5081,5106,5107,-1,5081,5107,5082,-1,5082,5107,5108,-1,5082,5108,5083,-1,5083,5108,5109,-1,5083,5109,5084,-1,5084,5109,5110,-1,5084,5110,5085,-1,5085,5110,5111,-1,5085,5111,5086,-1,5086,5111,5112,-1,5086,5112,5087,-1,5087,5112,5113,-1,5087,5113,5088,-1,5088,5113,5114,-1,5088,5114,5089,-1,5089,5114,5115,-1,5089,5115,5090,-1,5090,5115,5116,-1,5090,5116,5091,-1,5091,5116,5117,-1,5091,5117,5092,-1,5092,5117,5118,-1,5092,5118,5093,-1,5093,5118,5119,-1,5093,5119,5094,-1,5094,5119,5120,-1,5094,5120,5095,-1,5095,5120,5096,-1,5120,5121,5096,-1,5096,5121,5122,-1,5096,5122,5097,-1,5097,5122,5123,-1,5097,5123,5098,-1,5098,5123,5124,-1,5098,5124,5099,-1,5099,5124,5125,-1,5099,5125,5100,-1,5100,5125,5126,-1,5100,5126,5101,-1,5101,5126,5127,-1,5101,5127,5102,-1,5102,5127,5128,-1,5102,5128,5103,-1,5103,5128,5129,-1,5103,5129,5104,-1,5104,5129,5130,-1,5104,5130,5105,-1,5105,5130,5131,-1,5105,5131,5106,-1,5106,5131,5132,-1,5106,5132,5107,-1,5107,5132,5133,-1,5107,5133,5108,-1,5108,5133,5134,-1,5108,5134,5109,-1,5109,5134,5135,-1,5109,5135,5110,-1,5110,5135,5136,-1,5110,5136,5111,-1,5111,5136,5137,-1,5111,5137,5112,-1,5112,5137,5138,-1,5112,5138,5113,-1,5113,5138,5139,-1,5113,5139,5114,-1,5114,5139,5140,-1,5114,5140,5115,-1,5115,5140,5141,-1,5115,5141,5116,-1,5116,5141,5142,-1,5116,5142,5117,-1,5117,5142,5143,-1,5117,5143,5118,-1,5118,5143,5144,-1,5118,5144,5119,-1,5119,5144,5145,-1,5119,5145,5120,-1,5120,5145,5121,-1,5145,5146,5121,-1,5121,5146,5147,-1,5121,5147,5122,-1,5122,5147,5148,-1,5122,5148,5123,-1,5123,5148,5149,-1,5123,5149,5124,-1,5124,5149,5150,-1,5124,5150,5125,-1,5125,5150,5151,-1,5125,5151,5126,-1,5126,5151,5152,-1,5126,5152,5127,-1,5127,5152,5153,-1,5127,5153,5128,-1,5128,5153,5154,-1,5128,5154,5129,-1,5129,5154,5155,-1,5129,5155,5130,-1,5130,5155,5156,-1,5130,5156,5131,-1,5131,5156,5157,-1,5131,5157,5132,-1,5132,5157,5158,-1,5132,5158,5133,-1,5133,5158,5159,-1,5133,5159,5134,-1,5134,5159,5160,-1,5134,5160,5135,-1,5135,5160,5161,-1,5135,5161,5136,-1,5136,5161,5162,-1,5136,5162,5137,-1,5137,5162,5163,-1,5137,5163,5138,-1,5138,5163,5164,-1,5138,5164,5139,-1,5139,5164,5165,-1,5139,5165,5140,-1,5140,5165,5166,-1,5140,5166,5141,-1,5141,5166,5167,-1,5141,5167,5142,-1,5142,5167,5168,-1,5142,5168,5143,-1,5143,5168,5169,-1,5143,5169,5144,-1,5144,5169,5170,-1,5144,5170,5145,-1,5145,5170,5146,-1,5170,5171,5146,-1,5146,5171,5172,-1,5146,5172,5147,-1,5147,5172,5173,-1,5147,5173,5148,-1,5148,5173,5174,-1,5148,5174,5149,-1,5149,5174,5175,-1,5149,5175,5150,-1,5150,5175,5176,-1,5150,5176,5151,-1,5151,5176,5177,-1,5151,5177,5152,-1,5152,5177,5178,-1,5152,5178,5153,-1,5153,5178,5179,-1,5153,5179,5154,-1,5154,5179,5180,-1,5154,5180,5155,-1,5155,5180,5181,-1,5155,5181,5156,-1,5156,5181,5182,-1,5156,5182,5157,-1,5157,5182,5183,-1,5157,5183,5158,-1,5158,5183,5184,-1,5158,5184,5159,-1,5159,5184,5185,-1,5159,5185,5160,-1,5160,5185,5186,-1,5160,5186,5161,-1,5161,5186,5187,-1,5161,5187,5162,-1,5162,5187,5188,-1,5162,5188,5163,-1,5163,5188,5189,-1,5163,5189,5164,-1,5164,5189,5190,-1,5164,5190,5165,-1,5165,5190,5191,-1,5165,5191,5166,-1,5166,5191,5192,-1,5166,5192,5167,-1,5167,5192,5193,-1,5167,5193,5168,-1,5168,5193,5194,-1,5168,5194,5169,-1,5169,5194,5195,-1,5169,5195,5170,-1,5170,5195,5171,-1,5195,5196,5171,-1,5171,5196,5197,-1,5171,5197,5172,-1,5172,5197,5198,-1,5172,5198,5173,-1,5173,5198,5199,-1,5173,5199,5174,-1,5174,5199,5200,-1,5174,5200,5175,-1,5175,5200,5201,-1,5175,5201,5176,-1,5176,5201,5202,-1,5176,5202,5177,-1,5177,5202,5203,-1,5177,5203,5178,-1,5178,5203,5204,-1,5178,5204,5179,-1,5179,5204,5205,-1,5179,5205,5180,-1,5180,5205,5206,-1,5180,5206,5181,-1,5181,5206,5207,-1,5181,5207,5182,-1,5182,5207,5208,-1,5182,5208,5183,-1,5183,5208,5209,-1,5183,5209,5184,-1,5184,5209,5210,-1,5184,5210,5185,-1,5185,5210,5211,-1,5185,5211,5186,-1,5186,5211,5212,-1,5186,5212,5187,-1,5187,5212,5213,-1,5187,5213,5188,-1,5188,5213,5214,-1,5188,5214,5189,-1,5189,5214,5215,-1,5189,5215,5190,-1,5190,5215,5216,-1,5190,5216,5191,-1,5191,5216,5217,-1,5191,5217,5192,-1,5192,5217,5218,-1,5192,5218,5193,-1,5193,5218,5219,-1,5193,5219,5194,-1,5194,5219,5220,-1,5194,5220,5195,-1,5195,5220,5196,-1,5220,4995,5196,-1,5196,4995,4994,-1,5196,4994,5197,-1,5197,4994,4997,-1,5197,4997,5198,-1,5198,4997,4998,-1,5198,4998,5199,-1,5199,4998,4999,-1,5199,4999,5200,-1,5200,4999,5000,-1,5200,5000,5201,-1,5201,5000,5001,-1,5201,5001,5202,-1,5202,5001,5002,-1,5202,5002,5203,-1,5203,5002,5003,-1,5203,5003,5204,-1,5204,5003,5004,-1,5204,5004,5205,-1,5205,5004,5005,-1,5205,5005,5206,-1,5206,5005,5006,-1,5206,5006,5207,-1,5207,5006,5007,-1,5207,5007,5208,-1,5208,5007,5008,-1,5208,5008,5209,-1,5209,5008,5009,-1,5209,5009,5210,-1,5210,5009,5010,-1,5210,5010,5211,-1,5211,5010,5011,-1,5211,5011,5212,-1,5212,5011,5012,-1,5212,5012,5213,-1,5213,5012,5013,-1,5213,5013,5214,-1,5214,5013,5014,-1,5214,5014,5215,-1,5215,5014,5015,-1,5215,5015,5216,-1,5216,5015,5016,-1,5216,5016,5217,-1,5217,5016,5017,-1,5217,5017,5218,-1,5218,5017,5018,-1,5218,5018,5219,-1,5219,5018,5019,-1,5219,5019,5220,-1,5220,5019,4995,-1,5221,5222,5223,-1,5221,5223,5224,-1,5225,5224,5223,-1,5226,5225,5223,-1,5227,5226,5223,-1,5228,5227,5223,-1,5229,5228,5223,-1,5230,5229,5223,-1,5231,5230,5223,-1,5232,5231,5223,-1,5233,5232,5223,-1,5234,5233,5223,-1,5235,5234,5223,-1,5236,5235,5223,-1,5237,5236,5223,-1,5238,5237,5223,-1,5239,5238,5223,-1,5240,5239,5223,-1,5241,5240,5223,-1,5242,5241,5223,-1,5243,5242,5223,-1,5244,5243,5223,-1,5245,5244,5223,-1,5246,5245,5223,-1,5222,5246,5223,-1,5247,5248,5249,-1,5249,5248,5250,-1,5249,5250,5251,-1,5251,5250,5252,-1,5251,5252,5253,-1,5253,5252,5254,-1,5253,5254,5255,-1,5255,5254,5256,-1,5255,5256,5257,-1,5257,5256,5258,-1,5257,5258,5259,-1,5259,5258,5260,-1,5259,5260,5261,-1,5261,5260,5262,-1,5261,5262,5263,-1,5263,5262,5264,-1,5263,5264,5265,-1,5265,5264,5266,-1,5265,5266,5267,-1,5267,5266,5268,-1,5267,5268,5269,-1,5269,5268,5270,-1,5269,5270,5271,-1,5271,5270,5272,-1,5271,5272,5273,-1,5273,5272,5274,-1,5273,5274,5275,-1,5275,5274,5276,-1,5275,5276,5277,-1,5277,5276,5278,-1,5277,5278,5279,-1,5279,5278,5280,-1,5279,5280,5281,-1,5281,5280,5282,-1,5281,5282,5283,-1,5283,5282,5284,-1,5283,5284,5285,-1,5285,5284,5286,-1,5285,5286,5287,-1,5287,5286,5288,-1,5287,5288,5289,-1,5289,5288,5290,-1,5289,5290,5291,-1,5291,5290,5292,-1,5291,5292,5293,-1,5293,5292,5294,-1,5293,5294,5295,-1,5295,5294,5296,-1,5295,5296,5297,-1,5297,5296,5247,-1,5297,5247,5249,-1,5273,5298,5271,-1,5271,5298,5299,-1,5271,5299,5269,-1,5269,5299,5300,-1,5269,5300,5267,-1,5267,5300,5301,-1,5267,5301,5265,-1,5265,5301,5302,-1,5265,5302,5263,-1,5263,5302,5303,-1,5263,5303,5261,-1,5261,5303,5304,-1,5261,5304,5259,-1,5259,5304,5305,-1,5259,5305,5257,-1,5257,5305,5306,-1,5257,5306,5255,-1,5255,5306,5307,-1,5255,5307,5253,-1,5253,5307,5308,-1,5253,5308,5251,-1,5251,5308,5309,-1,5251,5309,5249,-1,5249,5309,5310,-1,5249,5310,5297,-1,5297,5310,5311,-1,5297,5311,5295,-1,5295,5311,5312,-1,5295,5312,5293,-1,5293,5312,5313,-1,5293,5313,5291,-1,5291,5313,5314,-1,5291,5314,5289,-1,5289,5314,5315,-1,5289,5315,5287,-1,5287,5315,5316,-1,5287,5316,5285,-1,5285,5316,5317,-1,5285,5317,5283,-1,5283,5317,5318,-1,5283,5318,5281,-1,5281,5318,5319,-1,5281,5319,5279,-1,5279,5319,5320,-1,5279,5320,5277,-1,5277,5320,5321,-1,5277,5321,5275,-1,5275,5321,5322,-1,5275,5322,5273,-1,5273,5322,5298,-1,5322,5323,5298,-1,5298,5323,5324,-1,5298,5324,5299,-1,5299,5324,5325,-1,5299,5325,5300,-1,5300,5325,5326,-1,5300,5326,5301,-1,5301,5326,5327,-1,5301,5327,5302,-1,5302,5327,5328,-1,5302,5328,5303,-1,5303,5328,5329,-1,5303,5329,5304,-1,5304,5329,5330,-1,5304,5330,5305,-1,5305,5330,5331,-1,5305,5331,5306,-1,5306,5331,5332,-1,5306,5332,5307,-1,5307,5332,5333,-1,5307,5333,5308,-1,5308,5333,5334,-1,5308,5334,5309,-1,5309,5334,5335,-1,5309,5335,5310,-1,5310,5335,5336,-1,5310,5336,5311,-1,5311,5336,5337,-1,5311,5337,5312,-1,5312,5337,5338,-1,5312,5338,5313,-1,5313,5338,5339,-1,5313,5339,5314,-1,5314,5339,5340,-1,5314,5340,5315,-1,5315,5340,5341,-1,5315,5341,5316,-1,5316,5341,5342,-1,5316,5342,5317,-1,5317,5342,5343,-1,5317,5343,5318,-1,5318,5343,5344,-1,5318,5344,5319,-1,5319,5344,5345,-1,5319,5345,5320,-1,5320,5345,5346,-1,5320,5346,5321,-1,5321,5346,5347,-1,5321,5347,5322,-1,5322,5347,5323,-1,5347,5348,5323,-1,5323,5348,5349,-1,5323,5349,5324,-1,5324,5349,5350,-1,5324,5350,5325,-1,5325,5350,5351,-1,5325,5351,5326,-1,5326,5351,5352,-1,5326,5352,5327,-1,5327,5352,5353,-1,5327,5353,5328,-1,5328,5353,5354,-1,5328,5354,5329,-1,5329,5354,5355,-1,5329,5355,5330,-1,5330,5355,5356,-1,5330,5356,5331,-1,5331,5356,5357,-1,5331,5357,5332,-1,5332,5357,5358,-1,5332,5358,5333,-1,5333,5358,5359,-1,5333,5359,5334,-1,5334,5359,5360,-1,5334,5360,5335,-1,5335,5360,5361,-1,5335,5361,5336,-1,5336,5361,5362,-1,5336,5362,5337,-1,5337,5362,5363,-1,5337,5363,5338,-1,5338,5363,5364,-1,5338,5364,5339,-1,5339,5364,5365,-1,5339,5365,5340,-1,5340,5365,5366,-1,5340,5366,5341,-1,5341,5366,5367,-1,5341,5367,5342,-1,5342,5367,5368,-1,5342,5368,5343,-1,5343,5368,5369,-1,5343,5369,5344,-1,5344,5369,5370,-1,5344,5370,5345,-1,5345,5370,5371,-1,5345,5371,5346,-1,5346,5371,5372,-1,5346,5372,5347,-1,5347,5372,5348,-1,5372,5373,5348,-1,5348,5373,5374,-1,5348,5374,5349,-1,5349,5374,5375,-1,5349,5375,5350,-1,5350,5375,5376,-1,5350,5376,5351,-1,5351,5376,5377,-1,5351,5377,5352,-1,5352,5377,5378,-1,5352,5378,5353,-1,5353,5378,5379,-1,5353,5379,5354,-1,5354,5379,5380,-1,5354,5380,5355,-1,5355,5380,5381,-1,5355,5381,5356,-1,5356,5381,5382,-1,5356,5382,5357,-1,5357,5382,5383,-1,5357,5383,5358,-1,5358,5383,5384,-1,5358,5384,5359,-1,5359,5384,5385,-1,5359,5385,5360,-1,5360,5385,5386,-1,5360,5386,5361,-1,5361,5386,5387,-1,5361,5387,5362,-1,5362,5387,5388,-1,5362,5388,5363,-1,5363,5388,5389,-1,5363,5389,5364,-1,5364,5389,5390,-1,5364,5390,5365,-1,5365,5390,5391,-1,5365,5391,5366,-1,5366,5391,5392,-1,5366,5392,5367,-1,5367,5392,5393,-1,5367,5393,5368,-1,5368,5393,5394,-1,5368,5394,5369,-1,5369,5394,5395,-1,5369,5395,5370,-1,5370,5395,5396,-1,5370,5396,5371,-1,5371,5396,5397,-1,5371,5397,5372,-1,5372,5397,5373,-1,5397,5398,5373,-1,5373,5398,5399,-1,5373,5399,5374,-1,5374,5399,5400,-1,5374,5400,5375,-1,5375,5400,5401,-1,5375,5401,5376,-1,5376,5401,5402,-1,5376,5402,5377,-1,5377,5402,5403,-1,5377,5403,5378,-1,5378,5403,5404,-1,5378,5404,5379,-1,5379,5404,5405,-1,5379,5405,5380,-1,5380,5405,5406,-1,5380,5406,5381,-1,5381,5406,5407,-1,5381,5407,5382,-1,5382,5407,5408,-1,5382,5408,5383,-1,5383,5408,5409,-1,5383,5409,5384,-1,5384,5409,5410,-1,5384,5410,5385,-1,5385,5410,5411,-1,5385,5411,5386,-1,5386,5411,5412,-1,5386,5412,5387,-1,5387,5412,5413,-1,5387,5413,5388,-1,5388,5413,5414,-1,5388,5414,5389,-1,5389,5414,5415,-1,5389,5415,5390,-1,5390,5415,5416,-1,5390,5416,5391,-1,5391,5416,5417,-1,5391,5417,5392,-1,5392,5417,5418,-1,5392,5418,5393,-1,5393,5418,5419,-1,5393,5419,5394,-1,5394,5419,5420,-1,5394,5420,5395,-1,5395,5420,5421,-1,5395,5421,5396,-1,5396,5421,5422,-1,5396,5422,5397,-1,5397,5422,5398,-1,5422,5423,5398,-1,5398,5423,5424,-1,5398,5424,5399,-1,5399,5424,5425,-1,5399,5425,5400,-1,5400,5425,5426,-1,5400,5426,5401,-1,5401,5426,5427,-1,5401,5427,5402,-1,5402,5427,5428,-1,5402,5428,5403,-1,5403,5428,5429,-1,5403,5429,5404,-1,5404,5429,5430,-1,5404,5430,5405,-1,5405,5430,5431,-1,5405,5431,5406,-1,5406,5431,5432,-1,5406,5432,5407,-1,5407,5432,5433,-1,5407,5433,5408,-1,5408,5433,5434,-1,5408,5434,5409,-1,5409,5434,5435,-1,5409,5435,5410,-1,5410,5435,5436,-1,5410,5436,5411,-1,5411,5436,5437,-1,5411,5437,5412,-1,5412,5437,5438,-1,5412,5438,5413,-1,5413,5438,5439,-1,5413,5439,5414,-1,5414,5439,5440,-1,5414,5440,5415,-1,5415,5440,5441,-1,5415,5441,5416,-1,5416,5441,5442,-1,5416,5442,5417,-1,5417,5442,5443,-1,5417,5443,5418,-1,5418,5443,5444,-1,5418,5444,5419,-1,5419,5444,5445,-1,5419,5445,5420,-1,5420,5445,5446,-1,5420,5446,5421,-1,5421,5446,5447,-1,5421,5447,5422,-1,5422,5447,5423,-1,5447,5222,5423,-1,5423,5222,5221,-1,5423,5221,5424,-1,5424,5221,5224,-1,5424,5224,5425,-1,5425,5224,5225,-1,5425,5225,5426,-1,5426,5225,5226,-1,5426,5226,5427,-1,5427,5226,5227,-1,5427,5227,5428,-1,5428,5227,5228,-1,5428,5228,5429,-1,5429,5228,5229,-1,5429,5229,5430,-1,5430,5229,5230,-1,5430,5230,5431,-1,5431,5230,5231,-1,5431,5231,5432,-1,5432,5231,5232,-1,5432,5232,5433,-1,5433,5232,5233,-1,5433,5233,5434,-1,5434,5233,5234,-1,5434,5234,5435,-1,5435,5234,5235,-1,5435,5235,5436,-1,5436,5235,5236,-1,5436,5236,5437,-1,5437,5236,5237,-1,5437,5237,5438,-1,5438,5237,5238,-1,5438,5238,5439,-1,5439,5238,5239,-1,5439,5239,5440,-1,5440,5239,5240,-1,5440,5240,5441,-1,5441,5240,5241,-1,5441,5241,5442,-1,5442,5241,5242,-1,5442,5242,5443,-1,5443,5242,5243,-1,5443,5243,5444,-1,5444,5243,5244,-1,5444,5244,5445,-1,5445,5244,5245,-1,5445,5245,5446,-1,5446,5245,5246,-1,5446,5246,5447,-1,5447,5246,5222,-1,5448,5449,5450,-1,5448,5450,5451,-1,5452,5451,5450,-1,5453,5452,5450,-1,5454,5453,5450,-1,5455,5454,5450,-1,5456,5455,5450,-1,5457,5456,5450,-1,5458,5457,5450,-1,5459,5458,5450,-1,5460,5459,5450,-1,5461,5460,5450,-1,5462,5461,5450,-1,5463,5462,5450,-1,5464,5463,5450,-1,5465,5464,5450,-1,5466,5465,5450,-1,5467,5466,5450,-1,5468,5467,5450,-1,5469,5468,5450,-1,5470,5469,5450,-1,5471,5470,5450,-1,5472,5471,5450,-1,5473,5472,5450,-1,5449,5473,5450,-1,5474,5475,5476,-1,5476,5475,5477,-1,5476,5477,5478,-1,5478,5477,5479,-1,5478,5479,5480,-1,5480,5479,5481,-1,5480,5481,5482,-1,5482,5481,5483,-1,5482,5483,5484,-1,5484,5483,5485,-1,5484,5485,5486,-1,5486,5485,5487,-1,5486,5487,5488,-1,5488,5487,5489,-1,5488,5489,5490,-1,5490,5489,5491,-1,5490,5491,5492,-1,5492,5491,5493,-1,5492,5493,5494,-1,5494,5493,5495,-1,5494,5495,5496,-1,5496,5495,5497,-1,5496,5497,5498,-1,5498,5497,5499,-1,5498,5499,5500,-1,5500,5499,5501,-1,5500,5501,5502,-1,5502,5501,5503,-1,5502,5503,5504,-1,5504,5503,5505,-1,5504,5505,5506,-1,5506,5505,5507,-1,5506,5507,5508,-1,5508,5507,5509,-1,5508,5509,5510,-1,5510,5509,5511,-1,5510,5511,5512,-1,5512,5511,5513,-1,5512,5513,5514,-1,5514,5513,5515,-1,5514,5515,5516,-1,5516,5515,5517,-1,5516,5517,5518,-1,5518,5517,5519,-1,5518,5519,5520,-1,5520,5519,5521,-1,5520,5521,5522,-1,5522,5521,5523,-1,5522,5523,5524,-1,5524,5523,5474,-1,5524,5474,5476,-1,5500,5525,5498,-1,5498,5525,5526,-1,5498,5526,5496,-1,5496,5526,5527,-1,5496,5527,5494,-1,5494,5527,5528,-1,5494,5528,5492,-1,5492,5528,5529,-1,5492,5529,5490,-1,5490,5529,5530,-1,5490,5530,5488,-1,5488,5530,5531,-1,5488,5531,5486,-1,5486,5531,5532,-1,5486,5532,5484,-1,5484,5532,5533,-1,5484,5533,5482,-1,5482,5533,5534,-1,5482,5534,5480,-1,5480,5534,5535,-1,5480,5535,5478,-1,5478,5535,5536,-1,5478,5536,5476,-1,5476,5536,5537,-1,5476,5537,5524,-1,5524,5537,5538,-1,5524,5538,5522,-1,5522,5538,5539,-1,5522,5539,5520,-1,5520,5539,5540,-1,5520,5540,5518,-1,5518,5540,5541,-1,5518,5541,5516,-1,5516,5541,5542,-1,5516,5542,5514,-1,5514,5542,5543,-1,5514,5543,5512,-1,5512,5543,5544,-1,5512,5544,5510,-1,5510,5544,5545,-1,5510,5545,5508,-1,5508,5545,5546,-1,5508,5546,5506,-1,5506,5546,5547,-1,5506,5547,5504,-1,5504,5547,5548,-1,5504,5548,5502,-1,5502,5548,5549,-1,5502,5549,5500,-1,5500,5549,5525,-1,5549,5550,5525,-1,5525,5550,5551,-1,5525,5551,5526,-1,5526,5551,5552,-1,5526,5552,5527,-1,5527,5552,5553,-1,5527,5553,5528,-1,5528,5553,5554,-1,5528,5554,5529,-1,5529,5554,5555,-1,5529,5555,5530,-1,5530,5555,5556,-1,5530,5556,5531,-1,5531,5556,5557,-1,5531,5557,5532,-1,5532,5557,5558,-1,5532,5558,5533,-1,5533,5558,5559,-1,5533,5559,5534,-1,5534,5559,5560,-1,5534,5560,5535,-1,5535,5560,5561,-1,5535,5561,5536,-1,5536,5561,5562,-1,5536,5562,5537,-1,5537,5562,5563,-1,5537,5563,5538,-1,5538,5563,5564,-1,5538,5564,5539,-1,5539,5564,5565,-1,5539,5565,5540,-1,5540,5565,5566,-1,5540,5566,5541,-1,5541,5566,5567,-1,5541,5567,5542,-1,5542,5567,5568,-1,5542,5568,5543,-1,5543,5568,5569,-1,5543,5569,5544,-1,5544,5569,5570,-1,5544,5570,5545,-1,5545,5570,5571,-1,5545,5571,5546,-1,5546,5571,5572,-1,5546,5572,5547,-1,5547,5572,5573,-1,5547,5573,5548,-1,5548,5573,5574,-1,5548,5574,5549,-1,5549,5574,5550,-1,5574,5575,5550,-1,5550,5575,5576,-1,5550,5576,5551,-1,5551,5576,5577,-1,5551,5577,5552,-1,5552,5577,5578,-1,5552,5578,5553,-1,5553,5578,5579,-1,5553,5579,5554,-1,5554,5579,5580,-1,5554,5580,5555,-1,5555,5580,5581,-1,5555,5581,5556,-1,5556,5581,5582,-1,5556,5582,5557,-1,5557,5582,5583,-1,5557,5583,5558,-1,5558,5583,5584,-1,5558,5584,5559,-1,5559,5584,5585,-1,5559,5585,5560,-1,5560,5585,5586,-1,5560,5586,5561,-1,5561,5586,5587,-1,5561,5587,5562,-1,5562,5587,5588,-1,5562,5588,5563,-1,5563,5588,5589,-1,5563,5589,5564,-1,5564,5589,5590,-1,5564,5590,5565,-1,5565,5590,5591,-1,5565,5591,5566,-1,5566,5591,5592,-1,5566,5592,5567,-1,5567,5592,5593,-1,5567,5593,5568,-1,5568,5593,5594,-1,5568,5594,5569,-1,5569,5594,5595,-1,5569,5595,5570,-1,5570,5595,5596,-1,5570,5596,5571,-1,5571,5596,5597,-1,5571,5597,5572,-1,5572,5597,5598,-1,5572,5598,5573,-1,5573,5598,5599,-1,5573,5599,5574,-1,5574,5599,5575,-1,5599,5600,5575,-1,5575,5600,5601,-1,5575,5601,5576,-1,5576,5601,5602,-1,5576,5602,5577,-1,5577,5602,5603,-1,5577,5603,5578,-1,5578,5603,5604,-1,5578,5604,5579,-1,5579,5604,5605,-1,5579,5605,5580,-1,5580,5605,5606,-1,5580,5606,5581,-1,5581,5606,5607,-1,5581,5607,5582,-1,5582,5607,5608,-1,5582,5608,5583,-1,5583,5608,5609,-1,5583,5609,5584,-1,5584,5609,5610,-1,5584,5610,5585,-1,5585,5610,5611,-1,5585,5611,5586,-1,5586,5611,5612,-1,5586,5612,5587,-1,5587,5612,5613,-1,5587,5613,5588,-1,5588,5613,5614,-1,5588,5614,5589,-1,5589,5614,5615,-1,5589,5615,5590,-1,5590,5615,5616,-1,5590,5616,5591,-1,5591,5616,5617,-1,5591,5617,5592,-1,5592,5617,5618,-1,5592,5618,5593,-1,5593,5618,5619,-1,5593,5619,5594,-1,5594,5619,5620,-1,5594,5620,5595,-1,5595,5620,5621,-1,5595,5621,5596,-1,5596,5621,5622,-1,5596,5622,5597,-1,5597,5622,5623,-1,5597,5623,5598,-1,5598,5623,5624,-1,5598,5624,5599,-1,5599,5624,5600,-1,5624,5625,5600,-1,5600,5625,5626,-1,5600,5626,5601,-1,5601,5626,5627,-1,5601,5627,5602,-1,5602,5627,5628,-1,5602,5628,5603,-1,5603,5628,5629,-1,5603,5629,5604,-1,5604,5629,5630,-1,5604,5630,5605,-1,5605,5630,5631,-1,5605,5631,5606,-1,5606,5631,5632,-1,5606,5632,5607,-1,5607,5632,5633,-1,5607,5633,5608,-1,5608,5633,5634,-1,5608,5634,5609,-1,5609,5634,5635,-1,5609,5635,5610,-1,5610,5635,5636,-1,5610,5636,5611,-1,5611,5636,5637,-1,5611,5637,5612,-1,5612,5637,5638,-1,5612,5638,5613,-1,5613,5638,5639,-1,5613,5639,5614,-1,5614,5639,5640,-1,5614,5640,5615,-1,5615,5640,5641,-1,5615,5641,5616,-1,5616,5641,5642,-1,5616,5642,5617,-1,5617,5642,5643,-1,5617,5643,5618,-1,5618,5643,5644,-1,5618,5644,5619,-1,5619,5644,5645,-1,5619,5645,5620,-1,5620,5645,5646,-1,5620,5646,5621,-1,5621,5646,5647,-1,5621,5647,5622,-1,5622,5647,5648,-1,5622,5648,5623,-1,5623,5648,5649,-1,5623,5649,5624,-1,5624,5649,5625,-1,5649,5650,5625,-1,5625,5650,5651,-1,5625,5651,5626,-1,5626,5651,5652,-1,5626,5652,5627,-1,5627,5652,5653,-1,5627,5653,5628,-1,5628,5653,5654,-1,5628,5654,5629,-1,5629,5654,5655,-1,5629,5655,5630,-1,5630,5655,5656,-1,5630,5656,5631,-1,5631,5656,5657,-1,5631,5657,5632,-1,5632,5657,5658,-1,5632,5658,5633,-1,5633,5658,5659,-1,5633,5659,5634,-1,5634,5659,5660,-1,5634,5660,5635,-1,5635,5660,5661,-1,5635,5661,5636,-1,5636,5661,5662,-1,5636,5662,5637,-1,5637,5662,5663,-1,5637,5663,5638,-1,5638,5663,5664,-1,5638,5664,5639,-1,5639,5664,5665,-1,5639,5665,5640,-1,5640,5665,5666,-1,5640,5666,5641,-1,5641,5666,5667,-1,5641,5667,5642,-1,5642,5667,5668,-1,5642,5668,5643,-1,5643,5668,5669,-1,5643,5669,5644,-1,5644,5669,5670,-1,5644,5670,5645,-1,5645,5670,5671,-1,5645,5671,5646,-1,5646,5671,5672,-1,5646,5672,5647,-1,5647,5672,5673,-1,5647,5673,5648,-1,5648,5673,5674,-1,5648,5674,5649,-1,5649,5674,5650,-1,5674,5449,5650,-1,5650,5449,5448,-1,5650,5448,5651,-1,5651,5448,5451,-1,5651,5451,5652,-1,5652,5451,5452,-1,5652,5452,5653,-1,5653,5452,5453,-1,5653,5453,5654,-1,5654,5453,5454,-1,5654,5454,5655,-1,5655,5454,5455,-1,5655,5455,5656,-1,5656,5455,5456,-1,5656,5456,5657,-1,5657,5456,5457,-1,5657,5457,5658,-1,5658,5457,5458,-1,5658,5458,5659,-1,5659,5458,5459,-1,5659,5459,5660,-1,5660,5459,5460,-1,5660,5460,5661,-1,5661,5460,5461,-1,5661,5461,5662,-1,5662,5461,5462,-1,5662,5462,5663,-1,5663,5462,5463,-1,5663,5463,5664,-1,5664,5463,5464,-1,5664,5464,5665,-1,5665,5464,5465,-1,5665,5465,5666,-1,5666,5465,5466,-1,5666,5466,5667,-1,5667,5466,5467,-1,5667,5467,5668,-1,5668,5467,5468,-1,5668,5468,5669,-1,5669,5468,5469,-1,5669,5469,5670,-1,5670,5469,5470,-1,5670,5470,5671,-1,5671,5470,5471,-1,5671,5471,5672,-1,5672,5471,5472,-1,5672,5472,5673,-1,5673,5472,5473,-1,5673,5473,5674,-1,5674,5473,5449,-1,5675,5676,5677,-1,5675,5677,5678,-1,5679,5678,5677,-1,5680,5679,5677,-1,5681,5680,5677,-1,5682,5681,5677,-1,5683,5682,5677,-1,5684,5683,5677,-1,5685,5684,5677,-1,5686,5685,5677,-1,5687,5686,5677,-1,5688,5687,5677,-1,5689,5688,5677,-1,5690,5689,5677,-1,5691,5690,5677,-1,5692,5691,5677,-1,5693,5692,5677,-1,5694,5693,5677,-1,5695,5694,5677,-1,5696,5695,5677,-1,5697,5696,5677,-1,5698,5697,5677,-1,5699,5698,5677,-1,5700,5699,5677,-1,5676,5700,5677,-1,5701,5702,5703,-1,5703,5702,5704,-1,5703,5704,5705,-1,5705,5704,5706,-1,5705,5706,5707,-1,5707,5706,5708,-1,5707,5708,5709,-1,5709,5708,5710,-1,5709,5710,5711,-1,5711,5710,5712,-1,5711,5712,5713,-1,5713,5712,5714,-1,5713,5714,5715,-1,5715,5714,5716,-1,5715,5716,5717,-1,5717,5716,5718,-1,5717,5718,5719,-1,5719,5718,5720,-1,5719,5720,5721,-1,5721,5720,5722,-1,5721,5722,5723,-1,5723,5722,5724,-1,5723,5724,5725,-1,5725,5724,5726,-1,5725,5726,5727,-1,5727,5726,5728,-1,5727,5728,5729,-1,5729,5728,5730,-1,5729,5730,5731,-1,5731,5730,5732,-1,5731,5732,5733,-1,5733,5732,5734,-1,5733,5734,5735,-1,5735,5734,5736,-1,5735,5736,5737,-1,5737,5736,5738,-1,5737,5738,5739,-1,5739,5738,5740,-1,5739,5740,5741,-1,5741,5740,5742,-1,5741,5742,5743,-1,5743,5742,5744,-1,5743,5744,5745,-1,5745,5744,5746,-1,5745,5746,5747,-1,5747,5746,5748,-1,5747,5748,5749,-1,5749,5748,5750,-1,5749,5750,5751,-1,5751,5750,5701,-1,5751,5701,5703,-1,5727,5752,5725,-1,5725,5752,5753,-1,5725,5753,5723,-1,5723,5753,5754,-1,5723,5754,5721,-1,5721,5754,5755,-1,5721,5755,5719,-1,5719,5755,5756,-1,5719,5756,5717,-1,5717,5756,5757,-1,5717,5757,5715,-1,5715,5757,5758,-1,5715,5758,5713,-1,5713,5758,5759,-1,5713,5759,5711,-1,5711,5759,5760,-1,5711,5760,5709,-1,5709,5760,5761,-1,5709,5761,5707,-1,5707,5761,5762,-1,5707,5762,5705,-1,5705,5762,5763,-1,5705,5763,5703,-1,5703,5763,5764,-1,5703,5764,5751,-1,5751,5764,5765,-1,5751,5765,5749,-1,5749,5765,5766,-1,5749,5766,5747,-1,5747,5766,5767,-1,5747,5767,5745,-1,5745,5767,5768,-1,5745,5768,5743,-1,5743,5768,5769,-1,5743,5769,5741,-1,5741,5769,5770,-1,5741,5770,5739,-1,5739,5770,5771,-1,5739,5771,5737,-1,5737,5771,5772,-1,5737,5772,5735,-1,5735,5772,5773,-1,5735,5773,5733,-1,5733,5773,5774,-1,5733,5774,5731,-1,5731,5774,5775,-1,5731,5775,5729,-1,5729,5775,5776,-1,5729,5776,5727,-1,5727,5776,5752,-1,5776,5777,5752,-1,5752,5777,5778,-1,5752,5778,5753,-1,5753,5778,5779,-1,5753,5779,5754,-1,5754,5779,5780,-1,5754,5780,5755,-1,5755,5780,5781,-1,5755,5781,5756,-1,5756,5781,5782,-1,5756,5782,5757,-1,5757,5782,5783,-1,5757,5783,5758,-1,5758,5783,5784,-1,5758,5784,5759,-1,5759,5784,5785,-1,5759,5785,5760,-1,5760,5785,5786,-1,5760,5786,5761,-1,5761,5786,5787,-1,5761,5787,5762,-1,5762,5787,5788,-1,5762,5788,5763,-1,5763,5788,5789,-1,5763,5789,5764,-1,5764,5789,5790,-1,5764,5790,5765,-1,5765,5790,5791,-1,5765,5791,5766,-1,5766,5791,5792,-1,5766,5792,5767,-1,5767,5792,5793,-1,5767,5793,5768,-1,5768,5793,5794,-1,5768,5794,5769,-1,5769,5794,5795,-1,5769,5795,5770,-1,5770,5795,5796,-1,5770,5796,5771,-1,5771,5796,5797,-1,5771,5797,5772,-1,5772,5797,5798,-1,5772,5798,5773,-1,5773,5798,5799,-1,5773,5799,5774,-1,5774,5799,5800,-1,5774,5800,5775,-1,5775,5800,5801,-1,5775,5801,5776,-1,5776,5801,5777,-1,5801,5802,5777,-1,5777,5802,5803,-1,5777,5803,5778,-1,5778,5803,5804,-1,5778,5804,5779,-1,5779,5804,5805,-1,5779,5805,5780,-1,5780,5805,5806,-1,5780,5806,5781,-1,5781,5806,5807,-1,5781,5807,5782,-1,5782,5807,5808,-1,5782,5808,5783,-1,5783,5808,5809,-1,5783,5809,5784,-1,5784,5809,5810,-1,5784,5810,5785,-1,5785,5810,5811,-1,5785,5811,5786,-1,5786,5811,5812,-1,5786,5812,5787,-1,5787,5812,5813,-1,5787,5813,5788,-1,5788,5813,5814,-1,5788,5814,5789,-1,5789,5814,5815,-1,5789,5815,5790,-1,5790,5815,5816,-1,5790,5816,5791,-1,5791,5816,5817,-1,5791,5817,5792,-1,5792,5817,5818,-1,5792,5818,5793,-1,5793,5818,5819,-1,5793,5819,5794,-1,5794,5819,5820,-1,5794,5820,5795,-1,5795,5820,5821,-1,5795,5821,5796,-1,5796,5821,5822,-1,5796,5822,5797,-1,5797,5822,5823,-1,5797,5823,5798,-1,5798,5823,5824,-1,5798,5824,5799,-1,5799,5824,5825,-1,5799,5825,5800,-1,5800,5825,5826,-1,5800,5826,5801,-1,5801,5826,5802,-1,5826,5827,5802,-1,5802,5827,5828,-1,5802,5828,5803,-1,5803,5828,5829,-1,5803,5829,5804,-1,5804,5829,5830,-1,5804,5830,5805,-1,5805,5830,5831,-1,5805,5831,5806,-1,5806,5831,5832,-1,5806,5832,5807,-1,5807,5832,5833,-1,5807,5833,5808,-1,5808,5833,5834,-1,5808,5834,5809,-1,5809,5834,5835,-1,5809,5835,5810,-1,5810,5835,5836,-1,5810,5836,5811,-1,5811,5836,5837,-1,5811,5837,5812,-1,5812,5837,5838,-1,5812,5838,5813,-1,5813,5838,5839,-1,5813,5839,5814,-1,5814,5839,5840,-1,5814,5840,5815,-1,5815,5840,5841,-1,5815,5841,5816,-1,5816,5841,5842,-1,5816,5842,5817,-1,5817,5842,5843,-1,5817,5843,5818,-1,5818,5843,5844,-1,5818,5844,5819,-1,5819,5844,5845,-1,5819,5845,5820,-1,5820,5845,5846,-1,5820,5846,5821,-1,5821,5846,5847,-1,5821,5847,5822,-1,5822,5847,5848,-1,5822,5848,5823,-1,5823,5848,5849,-1,5823,5849,5824,-1,5824,5849,5850,-1,5824,5850,5825,-1,5825,5850,5851,-1,5825,5851,5826,-1,5826,5851,5827,-1,5851,5852,5827,-1,5827,5852,5853,-1,5827,5853,5828,-1,5828,5853,5854,-1,5828,5854,5829,-1,5829,5854,5855,-1,5829,5855,5830,-1,5830,5855,5856,-1,5830,5856,5831,-1,5831,5856,5857,-1,5831,5857,5832,-1,5832,5857,5858,-1,5832,5858,5833,-1,5833,5858,5859,-1,5833,5859,5834,-1,5834,5859,5860,-1,5834,5860,5835,-1,5835,5860,5861,-1,5835,5861,5836,-1,5836,5861,5862,-1,5836,5862,5837,-1,5837,5862,5863,-1,5837,5863,5838,-1,5838,5863,5864,-1,5838,5864,5839,-1,5839,5864,5865,-1,5839,5865,5840,-1,5840,5865,5866,-1,5840,5866,5841,-1,5841,5866,5867,-1,5841,5867,5842,-1,5842,5867,5868,-1,5842,5868,5843,-1,5843,5868,5869,-1,5843,5869,5844,-1,5844,5869,5870,-1,5844,5870,5845,-1,5845,5870,5871,-1,5845,5871,5846,-1,5846,5871,5872,-1,5846,5872,5847,-1,5847,5872,5873,-1,5847,5873,5848,-1,5848,5873,5874,-1,5848,5874,5849,-1,5849,5874,5875,-1,5849,5875,5850,-1,5850,5875,5876,-1,5850,5876,5851,-1,5851,5876,5852,-1,5876,5877,5852,-1,5852,5877,5878,-1,5852,5878,5853,-1,5853,5878,5879,-1,5853,5879,5854,-1,5854,5879,5880,-1,5854,5880,5855,-1,5855,5880,5881,-1,5855,5881,5856,-1,5856,5881,5882,-1,5856,5882,5857,-1,5857,5882,5883,-1,5857,5883,5858,-1,5858,5883,5884,-1,5858,5884,5859,-1,5859,5884,5885,-1,5859,5885,5860,-1,5860,5885,5886,-1,5860,5886,5861,-1,5861,5886,5887,-1,5861,5887,5862,-1,5862,5887,5888,-1,5862,5888,5863,-1,5863,5888,5889,-1,5863,5889,5864,-1,5864,5889,5890,-1,5864,5890,5865,-1,5865,5890,5891,-1,5865,5891,5866,-1,5866,5891,5892,-1,5866,5892,5867,-1,5867,5892,5893,-1,5867,5893,5868,-1,5868,5893,5894,-1,5868,5894,5869,-1,5869,5894,5895,-1,5869,5895,5870,-1,5870,5895,5896,-1,5870,5896,5871,-1,5871,5896,5897,-1,5871,5897,5872,-1,5872,5897,5898,-1,5872,5898,5873,-1,5873,5898,5899,-1,5873,5899,5874,-1,5874,5899,5900,-1,5874,5900,5875,-1,5875,5900,5901,-1,5875,5901,5876,-1,5876,5901,5877,-1,5901,5676,5877,-1,5877,5676,5675,-1,5877,5675,5878,-1,5878,5675,5678,-1,5878,5678,5879,-1,5879,5678,5679,-1,5879,5679,5880,-1,5880,5679,5680,-1,5880,5680,5881,-1,5881,5680,5681,-1,5881,5681,5882,-1,5882,5681,5682,-1,5882,5682,5883,-1,5883,5682,5683,-1,5883,5683,5884,-1,5884,5683,5684,-1,5884,5684,5885,-1,5885,5684,5685,-1,5885,5685,5886,-1,5886,5685,5686,-1,5886,5686,5887,-1,5887,5686,5687,-1,5887,5687,5888,-1,5888,5687,5688,-1,5888,5688,5889,-1,5889,5688,5689,-1,5889,5689,5890,-1,5890,5689,5690,-1,5890,5690,5891,-1,5891,5690,5691,-1,5891,5691,5892,-1,5892,5691,5692,-1,5892,5692,5893,-1,5893,5692,5693,-1,5893,5693,5894,-1,5894,5693,5694,-1,5894,5694,5895,-1,5895,5694,5695,-1,5895,5695,5896,-1,5896,5695,5696,-1,5896,5696,5897,-1,5897,5696,5697,-1,5897,5697,5898,-1,5898,5697,5698,-1,5898,5698,5899,-1,5899,5698,5699,-1,5899,5699,5900,-1,5900,5699,5700,-1,5900,5700,5901,-1,5901,5700,5676,-1,5902,5903,5904,-1,5902,5904,5905,-1,5906,5905,5904,-1,5907,5906,5904,-1,5908,5907,5904,-1,5909,5908,5904,-1,5910,5909,5904,-1,5911,5910,5904,-1,5912,5911,5904,-1,5913,5912,5904,-1,5914,5913,5904,-1,5915,5914,5904,-1,5916,5915,5904,-1,5917,5916,5904,-1,5918,5917,5904,-1,5919,5918,5904,-1,5920,5919,5904,-1,5921,5920,5904,-1,5922,5921,5904,-1,5923,5922,5904,-1,5924,5923,5904,-1,5925,5924,5904,-1,5926,5925,5904,-1,5927,5926,5904,-1,5903,5927,5904,-1,5928,5929,5930,-1,5930,5931,5928,-1,5928,5931,5932,-1,5928,5932,5933,-1,5933,5932,5934,-1,5933,5934,5935,-1,5935,5934,5936,-1,5935,5936,5937,-1,5937,5936,5938,-1,5937,5938,5939,-1,5939,5938,5940,-1,5939,5940,5941,-1,5941,5940,5942,-1,5941,5942,5943,-1,5943,5942,5944,-1,5943,5944,5945,-1,5945,5944,5946,-1,5945,5946,5947,-1,5947,5946,5948,-1,5947,5948,5949,-1,5949,5948,5950,-1,5949,5950,5951,-1,5951,5950,5952,-1,5951,5952,5953,-1,5953,5952,5954,-1,5953,5954,5955,-1,5955,5954,5956,-1,5955,5956,5957,-1,5957,5956,5958,-1,5957,5958,5959,-1,5959,5958,5960,-1,5959,5960,5961,-1,5961,5960,5962,-1,5961,5962,5963,-1,5963,5962,5964,-1,5963,5964,5965,-1,5965,5964,5966,-1,5965,5966,5967,-1,5967,5966,5968,-1,5967,5968,5969,-1,5969,5968,5970,-1,5969,5970,5971,-1,5971,5970,5972,-1,5971,5972,5973,-1,5973,5972,5974,-1,5973,5974,5975,-1,5975,5974,5976,-1,5975,5976,5977,-1,5977,5976,5930,-1,5977,5930,5978,-1,5978,5930,5929,-1,5954,5979,5956,-1,5956,5979,5980,-1,5956,5980,5958,-1,5958,5980,5981,-1,5958,5981,5960,-1,5960,5981,5982,-1,5960,5982,5962,-1,5962,5982,5983,-1,5962,5983,5964,-1,5964,5983,5984,-1,5964,5984,5966,-1,5966,5984,5985,-1,5966,5985,5968,-1,5968,5985,5986,-1,5968,5986,5970,-1,5970,5986,5987,-1,5970,5987,5972,-1,5972,5987,5988,-1,5972,5988,5974,-1,5974,5988,5989,-1,5974,5989,5976,-1,5976,5989,5990,-1,5976,5990,5930,-1,5930,5990,5991,-1,5930,5991,5931,-1,5931,5991,5992,-1,5931,5992,5932,-1,5932,5992,5993,-1,5932,5993,5934,-1,5934,5993,5994,-1,5934,5994,5936,-1,5936,5994,5995,-1,5936,5995,5938,-1,5938,5995,5996,-1,5938,5996,5940,-1,5940,5996,5997,-1,5940,5997,5942,-1,5942,5997,5998,-1,5942,5998,5944,-1,5944,5998,5999,-1,5944,5999,5946,-1,5946,5999,6000,-1,5946,6000,5948,-1,5948,6000,6001,-1,5948,6001,5950,-1,5950,6001,6002,-1,5950,6002,5952,-1,5952,6002,6003,-1,5952,6003,5954,-1,5954,6003,5979,-1,6003,6004,5979,-1,5979,6004,6005,-1,5979,6005,5980,-1,5980,6005,6006,-1,5980,6006,5981,-1,5981,6006,6007,-1,5981,6007,5982,-1,5982,6007,6008,-1,5982,6008,5983,-1,5983,6008,6009,-1,5983,6009,5984,-1,5984,6009,6010,-1,5984,6010,5985,-1,5985,6010,6011,-1,5985,6011,5986,-1,5986,6011,6012,-1,5986,6012,5987,-1,5987,6012,6013,-1,5987,6013,5988,-1,5988,6013,6014,-1,5988,6014,5989,-1,5989,6014,6015,-1,5989,6015,5990,-1,5990,6015,6016,-1,5990,6016,5991,-1,5991,6016,6017,-1,5991,6017,5992,-1,5992,6017,6018,-1,5992,6018,5993,-1,5993,6018,6019,-1,5993,6019,5994,-1,5994,6019,6020,-1,5994,6020,5995,-1,5995,6020,6021,-1,5995,6021,5996,-1,5996,6021,6022,-1,5996,6022,5997,-1,5997,6022,6023,-1,5997,6023,5998,-1,5998,6023,6024,-1,5998,6024,5999,-1,5999,6024,6025,-1,5999,6025,6000,-1,6000,6025,6026,-1,6000,6026,6001,-1,6001,6026,6027,-1,6001,6027,6002,-1,6002,6027,6028,-1,6002,6028,6003,-1,6003,6028,6004,-1,6028,6029,6004,-1,6004,6029,6030,-1,6004,6030,6005,-1,6005,6030,6031,-1,6005,6031,6006,-1,6006,6031,6032,-1,6006,6032,6007,-1,6007,6032,6033,-1,6007,6033,6008,-1,6008,6033,6034,-1,6008,6034,6009,-1,6009,6034,6035,-1,6009,6035,6010,-1,6010,6035,6036,-1,6010,6036,6011,-1,6011,6036,6037,-1,6011,6037,6012,-1,6012,6037,6038,-1,6012,6038,6013,-1,6013,6038,6039,-1,6013,6039,6014,-1,6014,6039,6040,-1,6014,6040,6015,-1,6015,6040,6041,-1,6015,6041,6016,-1,6016,6041,6042,-1,6016,6042,6017,-1,6017,6042,6043,-1,6017,6043,6018,-1,6018,6043,6044,-1,6018,6044,6019,-1,6019,6044,6045,-1,6019,6045,6020,-1,6020,6045,6046,-1,6020,6046,6021,-1,6021,6046,6047,-1,6021,6047,6022,-1,6022,6047,6048,-1,6022,6048,6023,-1,6023,6048,6049,-1,6023,6049,6024,-1,6024,6049,6050,-1,6024,6050,6025,-1,6025,6050,6051,-1,6025,6051,6026,-1,6026,6051,6052,-1,6026,6052,6027,-1,6027,6052,6053,-1,6027,6053,6028,-1,6028,6053,6029,-1,6053,6054,6029,-1,6029,6054,6055,-1,6029,6055,6030,-1,6030,6055,6056,-1,6030,6056,6031,-1,6031,6056,6057,-1,6031,6057,6032,-1,6032,6057,6058,-1,6032,6058,6033,-1,6033,6058,6059,-1,6033,6059,6034,-1,6034,6059,6060,-1,6034,6060,6035,-1,6035,6060,6061,-1,6035,6061,6036,-1,6036,6061,6062,-1,6036,6062,6037,-1,6037,6062,6063,-1,6037,6063,6038,-1,6038,6063,6064,-1,6038,6064,6039,-1,6039,6064,6065,-1,6039,6065,6040,-1,6040,6065,6066,-1,6040,6066,6041,-1,6041,6066,6067,-1,6041,6067,6042,-1,6042,6067,6068,-1,6042,6068,6043,-1,6043,6068,6069,-1,6043,6069,6044,-1,6044,6069,6070,-1,6044,6070,6045,-1,6045,6070,6071,-1,6045,6071,6046,-1,6046,6071,6072,-1,6046,6072,6047,-1,6047,6072,6073,-1,6047,6073,6048,-1,6048,6073,6074,-1,6048,6074,6049,-1,6049,6074,6075,-1,6049,6075,6050,-1,6050,6075,6076,-1,6050,6076,6051,-1,6051,6076,6077,-1,6051,6077,6052,-1,6052,6077,6078,-1,6052,6078,6053,-1,6053,6078,6054,-1,6078,6079,6054,-1,6054,6079,6080,-1,6054,6080,6055,-1,6055,6080,6081,-1,6055,6081,6056,-1,6056,6081,6082,-1,6056,6082,6057,-1,6057,6082,6083,-1,6057,6083,6058,-1,6058,6083,6084,-1,6058,6084,6059,-1,6059,6084,6085,-1,6059,6085,6060,-1,6060,6085,6086,-1,6060,6086,6061,-1,6061,6086,6087,-1,6061,6087,6062,-1,6062,6087,6088,-1,6062,6088,6063,-1,6063,6088,6089,-1,6063,6089,6064,-1,6064,6089,6090,-1,6064,6090,6065,-1,6065,6090,6091,-1,6065,6091,6066,-1,6066,6091,6092,-1,6066,6092,6067,-1,6067,6092,6093,-1,6067,6093,6068,-1,6068,6093,6094,-1,6068,6094,6069,-1,6069,6094,6095,-1,6069,6095,6070,-1,6070,6095,6096,-1,6070,6096,6071,-1,6071,6096,6097,-1,6071,6097,6072,-1,6072,6097,6098,-1,6072,6098,6073,-1,6073,6098,6099,-1,6073,6099,6074,-1,6074,6099,6100,-1,6074,6100,6075,-1,6075,6100,6101,-1,6075,6101,6076,-1,6076,6101,6102,-1,6076,6102,6077,-1,6077,6102,6103,-1,6077,6103,6078,-1,6078,6103,6079,-1,6103,6104,6079,-1,6079,6104,6105,-1,6079,6105,6080,-1,6080,6105,6106,-1,6080,6106,6081,-1,6081,6106,6107,-1,6081,6107,6082,-1,6082,6107,6108,-1,6082,6108,6083,-1,6083,6108,6109,-1,6083,6109,6084,-1,6084,6109,6110,-1,6084,6110,6085,-1,6085,6110,6111,-1,6085,6111,6086,-1,6086,6111,6112,-1,6086,6112,6087,-1,6087,6112,6113,-1,6087,6113,6088,-1,6088,6113,6114,-1,6088,6114,6089,-1,6089,6114,6115,-1,6089,6115,6090,-1,6090,6115,6116,-1,6090,6116,6091,-1,6091,6116,6117,-1,6091,6117,6092,-1,6092,6117,6118,-1,6092,6118,6093,-1,6093,6118,6119,-1,6093,6119,6094,-1,6094,6119,6120,-1,6094,6120,6095,-1,6095,6120,6121,-1,6095,6121,6096,-1,6096,6121,6122,-1,6096,6122,6097,-1,6097,6122,6123,-1,6097,6123,6098,-1,6098,6123,6124,-1,6098,6124,6099,-1,6099,6124,6125,-1,6099,6125,6100,-1,6100,6125,6126,-1,6100,6126,6101,-1,6101,6126,6127,-1,6101,6127,6102,-1,6102,6127,6128,-1,6102,6128,6103,-1,6103,6128,6104,-1,6128,5903,6104,-1,6104,5903,5902,-1,6104,5902,6105,-1,6105,5902,5905,-1,6105,5905,6106,-1,6106,5905,5906,-1,6106,5906,6107,-1,6107,5906,5907,-1,6107,5907,6108,-1,6108,5907,5908,-1,6108,5908,6109,-1,6109,5908,5909,-1,6109,5909,6110,-1,6110,5909,5910,-1,6110,5910,6111,-1,6111,5910,5911,-1,6111,5911,6112,-1,6112,5911,5912,-1,6112,5912,6113,-1,6113,5912,5913,-1,6113,5913,6114,-1,6114,5913,5914,-1,6114,5914,6115,-1,6115,5914,5915,-1,6115,5915,6116,-1,6116,5915,5916,-1,6116,5916,6117,-1,6117,5916,5917,-1,6117,5917,6118,-1,6118,5917,5918,-1,6118,5918,6119,-1,6119,5918,5919,-1,6119,5919,6120,-1,6120,5919,5920,-1,6120,5920,6121,-1,6121,5920,5921,-1,6121,5921,6122,-1,6122,5921,5922,-1,6122,5922,6123,-1,6123,5922,5923,-1,6123,5923,6124,-1,6124,5923,5924,-1,6124,5924,6125,-1,6125,5924,5925,-1,6125,5925,6126,-1,6126,5925,5926,-1,6126,5926,6127,-1,6127,5926,5927,-1,6127,5927,6128,-1,6128,5927,5903,-1,6129,6130,6131,-1,6129,6131,6132,-1,6133,6132,6131,-1,6134,6133,6131,-1,6135,6134,6131,-1,6136,6135,6131,-1,6137,6136,6131,-1,6138,6137,6131,-1,6139,6138,6131,-1,6140,6139,6131,-1,6141,6140,6131,-1,6142,6141,6131,-1,6143,6142,6131,-1,6144,6143,6131,-1,6145,6144,6131,-1,6146,6145,6131,-1,6147,6146,6131,-1,6148,6147,6131,-1,6149,6148,6131,-1,6150,6149,6131,-1,6151,6150,6131,-1,6152,6151,6131,-1,6153,6152,6131,-1,6154,6153,6131,-1,6130,6154,6131,-1,6155,6156,6157,-1,6157,6158,6155,-1,6155,6158,6159,-1,6155,6159,6160,-1,6160,6159,6161,-1,6160,6161,6162,-1,6162,6161,6163,-1,6162,6163,6164,-1,6164,6163,6165,-1,6164,6165,6166,-1,6166,6165,6167,-1,6166,6167,6168,-1,6168,6167,6169,-1,6168,6169,6170,-1,6170,6169,6171,-1,6170,6171,6172,-1,6172,6171,6173,-1,6172,6173,6174,-1,6174,6173,6175,-1,6174,6175,6176,-1,6176,6175,6177,-1,6176,6177,6178,-1,6178,6177,6179,-1,6178,6179,6180,-1,6180,6179,6181,-1,6180,6181,6182,-1,6182,6181,6183,-1,6182,6183,6184,-1,6184,6183,6185,-1,6184,6185,6186,-1,6186,6185,6187,-1,6186,6187,6188,-1,6188,6187,6189,-1,6188,6189,6190,-1,6190,6189,6191,-1,6190,6191,6192,-1,6192,6191,6193,-1,6192,6193,6194,-1,6194,6193,6195,-1,6194,6195,6196,-1,6196,6195,6197,-1,6196,6197,6198,-1,6198,6197,6199,-1,6198,6199,6200,-1,6200,6199,6201,-1,6200,6201,6202,-1,6202,6201,6203,-1,6202,6203,6204,-1,6204,6203,6157,-1,6204,6157,6205,-1,6205,6157,6156,-1,6181,6206,6183,-1,6183,6206,6207,-1,6183,6207,6185,-1,6185,6207,6208,-1,6185,6208,6187,-1,6187,6208,6209,-1,6187,6209,6189,-1,6189,6209,6210,-1,6189,6210,6191,-1,6191,6210,6211,-1,6191,6211,6193,-1,6193,6211,6212,-1,6193,6212,6195,-1,6195,6212,6213,-1,6195,6213,6197,-1,6197,6213,6214,-1,6197,6214,6199,-1,6199,6214,6215,-1,6199,6215,6201,-1,6201,6215,6216,-1,6201,6216,6203,-1,6203,6216,6217,-1,6203,6217,6157,-1,6157,6217,6218,-1,6157,6218,6158,-1,6158,6218,6219,-1,6158,6219,6159,-1,6159,6219,6220,-1,6159,6220,6161,-1,6161,6220,6221,-1,6161,6221,6163,-1,6163,6221,6222,-1,6163,6222,6165,-1,6165,6222,6223,-1,6165,6223,6167,-1,6167,6223,6224,-1,6167,6224,6169,-1,6169,6224,6225,-1,6169,6225,6171,-1,6171,6225,6226,-1,6171,6226,6173,-1,6173,6226,6227,-1,6173,6227,6175,-1,6175,6227,6228,-1,6175,6228,6177,-1,6177,6228,6229,-1,6177,6229,6179,-1,6179,6229,6230,-1,6179,6230,6181,-1,6181,6230,6206,-1,6230,6231,6206,-1,6206,6231,6232,-1,6206,6232,6207,-1,6207,6232,6233,-1,6207,6233,6208,-1,6208,6233,6234,-1,6208,6234,6209,-1,6209,6234,6235,-1,6209,6235,6210,-1,6210,6235,6236,-1,6210,6236,6211,-1,6211,6236,6237,-1,6211,6237,6212,-1,6212,6237,6238,-1,6212,6238,6213,-1,6213,6238,6239,-1,6213,6239,6214,-1,6214,6239,6240,-1,6214,6240,6215,-1,6215,6240,6241,-1,6215,6241,6216,-1,6216,6241,6242,-1,6216,6242,6217,-1,6217,6242,6243,-1,6217,6243,6218,-1,6218,6243,6244,-1,6218,6244,6219,-1,6219,6244,6245,-1,6219,6245,6220,-1,6220,6245,6246,-1,6220,6246,6221,-1,6221,6246,6247,-1,6221,6247,6222,-1,6222,6247,6248,-1,6222,6248,6223,-1,6223,6248,6249,-1,6223,6249,6224,-1,6224,6249,6250,-1,6224,6250,6225,-1,6225,6250,6251,-1,6225,6251,6226,-1,6226,6251,6252,-1,6226,6252,6227,-1,6227,6252,6253,-1,6227,6253,6228,-1,6228,6253,6254,-1,6228,6254,6229,-1,6229,6254,6255,-1,6229,6255,6230,-1,6230,6255,6231,-1,6255,6256,6231,-1,6231,6256,6257,-1,6231,6257,6232,-1,6232,6257,6258,-1,6232,6258,6233,-1,6233,6258,6259,-1,6233,6259,6234,-1,6234,6259,6260,-1,6234,6260,6235,-1,6235,6260,6261,-1,6235,6261,6236,-1,6236,6261,6262,-1,6236,6262,6237,-1,6237,6262,6263,-1,6237,6263,6238,-1,6238,6263,6264,-1,6238,6264,6239,-1,6239,6264,6265,-1,6239,6265,6240,-1,6240,6265,6266,-1,6240,6266,6241,-1,6241,6266,6267,-1,6241,6267,6242,-1,6242,6267,6268,-1,6242,6268,6243,-1,6243,6268,6269,-1,6243,6269,6244,-1,6244,6269,6270,-1,6244,6270,6245,-1,6245,6270,6271,-1,6245,6271,6246,-1,6246,6271,6272,-1,6246,6272,6247,-1,6247,6272,6273,-1,6247,6273,6248,-1,6248,6273,6274,-1,6248,6274,6249,-1,6249,6274,6275,-1,6249,6275,6250,-1,6250,6275,6276,-1,6250,6276,6251,-1,6251,6276,6277,-1,6251,6277,6252,-1,6252,6277,6278,-1,6252,6278,6253,-1,6253,6278,6279,-1,6253,6279,6254,-1,6254,6279,6280,-1,6254,6280,6255,-1,6255,6280,6256,-1,6280,6281,6256,-1,6256,6281,6282,-1,6256,6282,6257,-1,6257,6282,6283,-1,6257,6283,6258,-1,6258,6283,6284,-1,6258,6284,6259,-1,6259,6284,6285,-1,6259,6285,6260,-1,6260,6285,6286,-1,6260,6286,6261,-1,6261,6286,6287,-1,6261,6287,6262,-1,6262,6287,6288,-1,6262,6288,6263,-1,6263,6288,6289,-1,6263,6289,6264,-1,6264,6289,6290,-1,6264,6290,6265,-1,6265,6290,6291,-1,6265,6291,6266,-1,6266,6291,6292,-1,6266,6292,6267,-1,6267,6292,6293,-1,6267,6293,6268,-1,6268,6293,6294,-1,6268,6294,6269,-1,6269,6294,6295,-1,6269,6295,6270,-1,6270,6295,6296,-1,6270,6296,6271,-1,6271,6296,6297,-1,6271,6297,6272,-1,6272,6297,6298,-1,6272,6298,6273,-1,6273,6298,6299,-1,6273,6299,6274,-1,6274,6299,6300,-1,6274,6300,6275,-1,6275,6300,6301,-1,6275,6301,6276,-1,6276,6301,6302,-1,6276,6302,6277,-1,6277,6302,6303,-1,6277,6303,6278,-1,6278,6303,6304,-1,6278,6304,6279,-1,6279,6304,6305,-1,6279,6305,6280,-1,6280,6305,6281,-1,6305,6306,6281,-1,6281,6306,6307,-1,6281,6307,6282,-1,6282,6307,6308,-1,6282,6308,6283,-1,6283,6308,6309,-1,6283,6309,6284,-1,6284,6309,6310,-1,6284,6310,6285,-1,6285,6310,6311,-1,6285,6311,6286,-1,6286,6311,6312,-1,6286,6312,6287,-1,6287,6312,6313,-1,6287,6313,6288,-1,6288,6313,6314,-1,6288,6314,6289,-1,6289,6314,6315,-1,6289,6315,6290,-1,6290,6315,6316,-1,6290,6316,6291,-1,6291,6316,6317,-1,6291,6317,6292,-1,6292,6317,6318,-1,6292,6318,6293,-1,6293,6318,6319,-1,6293,6319,6294,-1,6294,6319,6320,-1,6294,6320,6295,-1,6295,6320,6321,-1,6295,6321,6296,-1,6296,6321,6322,-1,6296,6322,6297,-1,6297,6322,6323,-1,6297,6323,6298,-1,6298,6323,6324,-1,6298,6324,6299,-1,6299,6324,6325,-1,6299,6325,6300,-1,6300,6325,6326,-1,6300,6326,6301,-1,6301,6326,6327,-1,6301,6327,6302,-1,6302,6327,6328,-1,6302,6328,6303,-1,6303,6328,6329,-1,6303,6329,6304,-1,6304,6329,6330,-1,6304,6330,6305,-1,6305,6330,6306,-1,6330,6331,6306,-1,6306,6331,6332,-1,6306,6332,6307,-1,6307,6332,6333,-1,6307,6333,6308,-1,6308,6333,6334,-1,6308,6334,6309,-1,6309,6334,6335,-1,6309,6335,6310,-1,6310,6335,6336,-1,6310,6336,6311,-1,6311,6336,6337,-1,6311,6337,6312,-1,6312,6337,6338,-1,6312,6338,6313,-1,6313,6338,6339,-1,6313,6339,6314,-1,6314,6339,6340,-1,6314,6340,6315,-1,6315,6340,6341,-1,6315,6341,6316,-1,6316,6341,6342,-1,6316,6342,6317,-1,6317,6342,6343,-1,6317,6343,6318,-1,6318,6343,6344,-1,6318,6344,6319,-1,6319,6344,6345,-1,6319,6345,6320,-1,6320,6345,6346,-1,6320,6346,6321,-1,6321,6346,6347,-1,6321,6347,6322,-1,6322,6347,6348,-1,6322,6348,6323,-1,6323,6348,6349,-1,6323,6349,6324,-1,6324,6349,6350,-1,6324,6350,6325,-1,6325,6350,6351,-1,6325,6351,6326,-1,6326,6351,6352,-1,6326,6352,6327,-1,6327,6352,6353,-1,6327,6353,6328,-1,6328,6353,6354,-1,6328,6354,6329,-1,6329,6354,6355,-1,6329,6355,6330,-1,6330,6355,6331,-1,6355,6130,6331,-1,6331,6130,6129,-1,6331,6129,6332,-1,6332,6129,6132,-1,6332,6132,6333,-1,6333,6132,6133,-1,6333,6133,6334,-1,6334,6133,6134,-1,6334,6134,6335,-1,6335,6134,6135,-1,6335,6135,6336,-1,6336,6135,6136,-1,6336,6136,6337,-1,6337,6136,6137,-1,6337,6137,6338,-1,6338,6137,6138,-1,6338,6138,6339,-1,6339,6138,6139,-1,6339,6139,6340,-1,6340,6139,6140,-1,6340,6140,6341,-1,6341,6140,6141,-1,6341,6141,6342,-1,6342,6141,6142,-1,6342,6142,6343,-1,6343,6142,6143,-1,6343,6143,6344,-1,6344,6143,6144,-1,6344,6144,6345,-1,6345,6144,6145,-1,6345,6145,6346,-1,6346,6145,6146,-1,6346,6146,6347,-1,6347,6146,6147,-1,6347,6147,6348,-1,6348,6147,6148,-1,6348,6148,6349,-1,6349,6148,6149,-1,6349,6149,6350,-1,6350,6149,6150,-1,6350,6150,6351,-1,6351,6150,6151,-1,6351,6151,6352,-1,6352,6151,6152,-1,6352,6152,6353,-1,6353,6152,6153,-1,6353,6153,6354,-1,6354,6153,6154,-1,6354,6154,6355,-1,6355,6154,6130,-1,6356,6357,6358,-1,6356,6358,6359,-1,6360,6359,6358,-1,6361,6360,6358,-1,6362,6361,6358,-1,6363,6362,6358,-1,6364,6363,6358,-1,6365,6364,6358,-1,6366,6365,6358,-1,6367,6366,6358,-1,6368,6367,6358,-1,6369,6368,6358,-1,6370,6369,6358,-1,6371,6370,6358,-1,6372,6371,6358,-1,6373,6372,6358,-1,6374,6373,6358,-1,6375,6374,6358,-1,6376,6375,6358,-1,6377,6376,6358,-1,6378,6377,6358,-1,6379,6378,6358,-1,6380,6379,6358,-1,6381,6380,6358,-1,6357,6381,6358,-1,6382,6383,6384,-1,6384,6383,6385,-1,6384,6385,6386,-1,6386,6385,6387,-1,6386,6387,6388,-1,6388,6387,6389,-1,6388,6389,6390,-1,6390,6389,6391,-1,6390,6391,6392,-1,6392,6391,6393,-1,6392,6393,6394,-1,6394,6393,6395,-1,6394,6395,6396,-1,6396,6395,6397,-1,6396,6397,6398,-1,6398,6397,6399,-1,6398,6399,6400,-1,6400,6399,6401,-1,6400,6401,6402,-1,6402,6401,6403,-1,6402,6403,6404,-1,6404,6403,6405,-1,6404,6405,6406,-1,6406,6405,6407,-1,6406,6407,6408,-1,6408,6407,6409,-1,6408,6409,6410,-1,6410,6409,6411,-1,6410,6411,6412,-1,6412,6411,6413,-1,6412,6413,6414,-1,6414,6413,6415,-1,6414,6415,6416,-1,6416,6415,6417,-1,6416,6417,6418,-1,6418,6417,6419,-1,6418,6419,6420,-1,6420,6419,6421,-1,6420,6421,6422,-1,6422,6421,6423,-1,6422,6423,6424,-1,6424,6423,6425,-1,6424,6425,6426,-1,6426,6425,6427,-1,6426,6427,6428,-1,6428,6427,6429,-1,6428,6429,6430,-1,6430,6429,6431,-1,6430,6431,6432,-1,6432,6431,6382,-1,6432,6382,6384,-1,6408,6433,6406,-1,6406,6433,6434,-1,6406,6434,6404,-1,6404,6434,6435,-1,6404,6435,6402,-1,6402,6435,6436,-1,6402,6436,6400,-1,6400,6436,6437,-1,6400,6437,6398,-1,6398,6437,6438,-1,6398,6438,6396,-1,6396,6438,6439,-1,6396,6439,6394,-1,6394,6439,6440,-1,6394,6440,6392,-1,6392,6440,6441,-1,6392,6441,6390,-1,6390,6441,6442,-1,6390,6442,6388,-1,6388,6442,6443,-1,6388,6443,6386,-1,6386,6443,6444,-1,6386,6444,6384,-1,6384,6444,6445,-1,6384,6445,6432,-1,6432,6445,6446,-1,6432,6446,6430,-1,6430,6446,6447,-1,6430,6447,6428,-1,6428,6447,6448,-1,6428,6448,6426,-1,6426,6448,6449,-1,6426,6449,6424,-1,6424,6449,6450,-1,6424,6450,6422,-1,6422,6450,6451,-1,6422,6451,6420,-1,6420,6451,6452,-1,6420,6452,6418,-1,6418,6452,6453,-1,6418,6453,6416,-1,6416,6453,6454,-1,6416,6454,6414,-1,6414,6454,6455,-1,6414,6455,6412,-1,6412,6455,6456,-1,6412,6456,6410,-1,6410,6456,6457,-1,6410,6457,6408,-1,6408,6457,6433,-1,6457,6458,6433,-1,6433,6458,6459,-1,6433,6459,6434,-1,6434,6459,6460,-1,6434,6460,6435,-1,6435,6460,6461,-1,6435,6461,6436,-1,6436,6461,6462,-1,6436,6462,6437,-1,6437,6462,6463,-1,6437,6463,6438,-1,6438,6463,6464,-1,6438,6464,6439,-1,6439,6464,6465,-1,6439,6465,6440,-1,6440,6465,6466,-1,6440,6466,6441,-1,6441,6466,6467,-1,6441,6467,6442,-1,6442,6467,6468,-1,6442,6468,6443,-1,6443,6468,6469,-1,6443,6469,6444,-1,6444,6469,6470,-1,6444,6470,6445,-1,6445,6470,6471,-1,6445,6471,6446,-1,6446,6471,6472,-1,6446,6472,6447,-1,6447,6472,6473,-1,6447,6473,6448,-1,6448,6473,6474,-1,6448,6474,6449,-1,6449,6474,6475,-1,6449,6475,6450,-1,6450,6475,6476,-1,6450,6476,6451,-1,6451,6476,6477,-1,6451,6477,6452,-1,6452,6477,6478,-1,6452,6478,6453,-1,6453,6478,6479,-1,6453,6479,6454,-1,6454,6479,6480,-1,6454,6480,6455,-1,6455,6480,6481,-1,6455,6481,6456,-1,6456,6481,6482,-1,6456,6482,6457,-1,6457,6482,6458,-1,6482,6483,6458,-1,6458,6483,6484,-1,6458,6484,6459,-1,6459,6484,6485,-1,6459,6485,6460,-1,6460,6485,6486,-1,6460,6486,6461,-1,6461,6486,6487,-1,6461,6487,6462,-1,6462,6487,6488,-1,6462,6488,6463,-1,6463,6488,6489,-1,6463,6489,6464,-1,6464,6489,6490,-1,6464,6490,6465,-1,6465,6490,6491,-1,6465,6491,6466,-1,6466,6491,6492,-1,6466,6492,6467,-1,6467,6492,6493,-1,6467,6493,6468,-1,6468,6493,6494,-1,6468,6494,6469,-1,6469,6494,6495,-1,6469,6495,6470,-1,6470,6495,6496,-1,6470,6496,6471,-1,6471,6496,6497,-1,6471,6497,6472,-1,6472,6497,6498,-1,6472,6498,6473,-1,6473,6498,6499,-1,6473,6499,6474,-1,6474,6499,6500,-1,6474,6500,6475,-1,6475,6500,6501,-1,6475,6501,6476,-1,6476,6501,6502,-1,6476,6502,6477,-1,6477,6502,6503,-1,6477,6503,6478,-1,6478,6503,6504,-1,6478,6504,6479,-1,6479,6504,6505,-1,6479,6505,6480,-1,6480,6505,6506,-1,6480,6506,6481,-1,6481,6506,6507,-1,6481,6507,6482,-1,6482,6507,6483,-1,6507,6508,6483,-1,6483,6508,6509,-1,6483,6509,6484,-1,6484,6509,6510,-1,6484,6510,6485,-1,6485,6510,6511,-1,6485,6511,6486,-1,6486,6511,6512,-1,6486,6512,6487,-1,6487,6512,6513,-1,6487,6513,6488,-1,6488,6513,6514,-1,6488,6514,6489,-1,6489,6514,6515,-1,6489,6515,6490,-1,6490,6515,6516,-1,6490,6516,6491,-1,6491,6516,6517,-1,6491,6517,6492,-1,6492,6517,6518,-1,6492,6518,6493,-1,6493,6518,6519,-1,6493,6519,6494,-1,6494,6519,6520,-1,6494,6520,6495,-1,6495,6520,6521,-1,6495,6521,6496,-1,6496,6521,6522,-1,6496,6522,6497,-1,6497,6522,6523,-1,6497,6523,6498,-1,6498,6523,6524,-1,6498,6524,6499,-1,6499,6524,6525,-1,6499,6525,6500,-1,6500,6525,6526,-1,6500,6526,6501,-1,6501,6526,6527,-1,6501,6527,6502,-1,6502,6527,6528,-1,6502,6528,6503,-1,6503,6528,6529,-1,6503,6529,6504,-1,6504,6529,6530,-1,6504,6530,6505,-1,6505,6530,6531,-1,6505,6531,6506,-1,6506,6531,6532,-1,6506,6532,6507,-1,6507,6532,6508,-1,6532,6533,6508,-1,6508,6533,6534,-1,6508,6534,6509,-1,6509,6534,6535,-1,6509,6535,6510,-1,6510,6535,6536,-1,6510,6536,6511,-1,6511,6536,6537,-1,6511,6537,6512,-1,6512,6537,6538,-1,6512,6538,6513,-1,6513,6538,6539,-1,6513,6539,6514,-1,6514,6539,6540,-1,6514,6540,6515,-1,6515,6540,6541,-1,6515,6541,6516,-1,6516,6541,6542,-1,6516,6542,6517,-1,6517,6542,6543,-1,6517,6543,6518,-1,6518,6543,6544,-1,6518,6544,6519,-1,6519,6544,6545,-1,6519,6545,6520,-1,6520,6545,6546,-1,6520,6546,6521,-1,6521,6546,6547,-1,6521,6547,6522,-1,6522,6547,6548,-1,6522,6548,6523,-1,6523,6548,6549,-1,6523,6549,6524,-1,6524,6549,6550,-1,6524,6550,6525,-1,6525,6550,6551,-1,6525,6551,6526,-1,6526,6551,6552,-1,6526,6552,6527,-1,6527,6552,6553,-1,6527,6553,6528,-1,6528,6553,6554,-1,6528,6554,6529,-1,6529,6554,6555,-1,6529,6555,6530,-1,6530,6555,6556,-1,6530,6556,6531,-1,6531,6556,6557,-1,6531,6557,6532,-1,6532,6557,6533,-1,6557,6558,6533,-1,6533,6558,6559,-1,6533,6559,6534,-1,6534,6559,6560,-1,6534,6560,6535,-1,6535,6560,6561,-1,6535,6561,6536,-1,6536,6561,6562,-1,6536,6562,6537,-1,6537,6562,6563,-1,6537,6563,6538,-1,6538,6563,6564,-1,6538,6564,6539,-1,6539,6564,6565,-1,6539,6565,6540,-1,6540,6565,6566,-1,6540,6566,6541,-1,6541,6566,6567,-1,6541,6567,6542,-1,6542,6567,6568,-1,6542,6568,6543,-1,6543,6568,6569,-1,6543,6569,6544,-1,6544,6569,6570,-1,6544,6570,6545,-1,6545,6570,6571,-1,6545,6571,6546,-1,6546,6571,6572,-1,6546,6572,6547,-1,6547,6572,6573,-1,6547,6573,6548,-1,6548,6573,6574,-1,6548,6574,6549,-1,6549,6574,6575,-1,6549,6575,6550,-1,6550,6575,6576,-1,6550,6576,6551,-1,6551,6576,6577,-1,6551,6577,6552,-1,6552,6577,6578,-1,6552,6578,6553,-1,6553,6578,6579,-1,6553,6579,6554,-1,6554,6579,6580,-1,6554,6580,6555,-1,6555,6580,6581,-1,6555,6581,6556,-1,6556,6581,6582,-1,6556,6582,6557,-1,6557,6582,6558,-1,6582,6357,6558,-1,6558,6357,6356,-1,6558,6356,6559,-1,6559,6356,6359,-1,6559,6359,6560,-1,6560,6359,6360,-1,6560,6360,6561,-1,6561,6360,6361,-1,6561,6361,6562,-1,6562,6361,6362,-1,6562,6362,6563,-1,6563,6362,6363,-1,6563,6363,6564,-1,6564,6363,6364,-1,6564,6364,6565,-1,6565,6364,6365,-1,6565,6365,6566,-1,6566,6365,6366,-1,6566,6366,6567,-1,6567,6366,6367,-1,6567,6367,6568,-1,6568,6367,6368,-1,6568,6368,6569,-1,6569,6368,6369,-1,6569,6369,6570,-1,6570,6369,6370,-1,6570,6370,6571,-1,6571,6370,6371,-1,6571,6371,6572,-1,6572,6371,6372,-1,6572,6372,6573,-1,6573,6372,6373,-1,6573,6373,6574,-1,6574,6373,6374,-1,6574,6374,6575,-1,6575,6374,6375,-1,6575,6375,6576,-1,6576,6375,6376,-1,6576,6376,6577,-1,6577,6376,6377,-1,6577,6377,6578,-1,6578,6377,6378,-1,6578,6378,6579,-1,6579,6378,6379,-1,6579,6379,6580,-1,6580,6379,6380,-1,6580,6380,6581,-1,6581,6380,6381,-1,6581,6381,6582,-1,6582,6381,6357,-1,6583,6584,6585,-1,6583,6585,6586,-1,6587,6586,6585,-1,6588,6587,6585,-1,6589,6588,6585,-1,6590,6589,6585,-1,6591,6590,6585,-1,6592,6591,6585,-1,6593,6592,6585,-1,6594,6593,6585,-1,6595,6594,6585,-1,6596,6595,6585,-1,6597,6596,6585,-1,6598,6597,6585,-1,6599,6598,6585,-1,6600,6599,6585,-1,6601,6600,6585,-1,6602,6601,6585,-1,6603,6602,6585,-1,6604,6603,6585,-1,6605,6604,6585,-1,6606,6605,6585,-1,6607,6606,6585,-1,6608,6607,6585,-1,6584,6608,6585,-1,6609,6610,6611,-1,6611,6610,6612,-1,6611,6612,6613,-1,6613,6612,6614,-1,6613,6614,6615,-1,6615,6614,6616,-1,6615,6616,6617,-1,6617,6616,6618,-1,6617,6618,6619,-1,6619,6618,6620,-1,6619,6620,6621,-1,6621,6620,6622,-1,6621,6622,6623,-1,6623,6622,6624,-1,6623,6624,6625,-1,6625,6624,6626,-1,6625,6626,6627,-1,6627,6626,6628,-1,6627,6628,6629,-1,6629,6628,6630,-1,6629,6630,6631,-1,6631,6630,6632,-1,6631,6632,6633,-1,6633,6632,6634,-1,6633,6634,6635,-1,6635,6634,6636,-1,6635,6636,6637,-1,6637,6636,6638,-1,6637,6638,6639,-1,6639,6638,6640,-1,6639,6640,6641,-1,6641,6640,6642,-1,6641,6642,6643,-1,6643,6642,6644,-1,6643,6644,6645,-1,6645,6644,6646,-1,6645,6646,6647,-1,6647,6646,6648,-1,6647,6648,6649,-1,6649,6648,6650,-1,6649,6650,6651,-1,6651,6650,6652,-1,6651,6652,6653,-1,6653,6652,6654,-1,6653,6654,6655,-1,6655,6654,6656,-1,6655,6656,6657,-1,6657,6656,6658,-1,6657,6658,6659,-1,6659,6658,6609,-1,6659,6609,6611,-1,6635,6660,6633,-1,6633,6660,6661,-1,6633,6661,6631,-1,6631,6661,6662,-1,6631,6662,6629,-1,6629,6662,6663,-1,6629,6663,6627,-1,6627,6663,6664,-1,6627,6664,6625,-1,6625,6664,6665,-1,6625,6665,6623,-1,6623,6665,6666,-1,6623,6666,6621,-1,6621,6666,6667,-1,6621,6667,6619,-1,6619,6667,6668,-1,6619,6668,6617,-1,6617,6668,6669,-1,6617,6669,6615,-1,6615,6669,6670,-1,6615,6670,6613,-1,6613,6670,6671,-1,6613,6671,6611,-1,6611,6671,6672,-1,6611,6672,6659,-1,6659,6672,6673,-1,6659,6673,6657,-1,6657,6673,6674,-1,6657,6674,6655,-1,6655,6674,6675,-1,6655,6675,6653,-1,6653,6675,6676,-1,6653,6676,6651,-1,6651,6676,6677,-1,6651,6677,6649,-1,6649,6677,6678,-1,6649,6678,6647,-1,6647,6678,6679,-1,6647,6679,6645,-1,6645,6679,6680,-1,6645,6680,6643,-1,6643,6680,6681,-1,6643,6681,6641,-1,6641,6681,6682,-1,6641,6682,6639,-1,6639,6682,6683,-1,6639,6683,6637,-1,6637,6683,6684,-1,6637,6684,6635,-1,6635,6684,6660,-1,6684,6685,6660,-1,6660,6685,6686,-1,6660,6686,6661,-1,6661,6686,6687,-1,6661,6687,6662,-1,6662,6687,6688,-1,6662,6688,6663,-1,6663,6688,6689,-1,6663,6689,6664,-1,6664,6689,6690,-1,6664,6690,6665,-1,6665,6690,6691,-1,6665,6691,6666,-1,6666,6691,6692,-1,6666,6692,6667,-1,6667,6692,6693,-1,6667,6693,6668,-1,6668,6693,6694,-1,6668,6694,6669,-1,6669,6694,6695,-1,6669,6695,6670,-1,6670,6695,6696,-1,6670,6696,6671,-1,6671,6696,6697,-1,6671,6697,6672,-1,6672,6697,6698,-1,6672,6698,6673,-1,6673,6698,6699,-1,6673,6699,6674,-1,6674,6699,6700,-1,6674,6700,6675,-1,6675,6700,6701,-1,6675,6701,6676,-1,6676,6701,6702,-1,6676,6702,6677,-1,6677,6702,6703,-1,6677,6703,6678,-1,6678,6703,6704,-1,6678,6704,6679,-1,6679,6704,6705,-1,6679,6705,6680,-1,6680,6705,6706,-1,6680,6706,6681,-1,6681,6706,6707,-1,6681,6707,6682,-1,6682,6707,6708,-1,6682,6708,6683,-1,6683,6708,6709,-1,6683,6709,6684,-1,6684,6709,6685,-1,6709,6710,6685,-1,6685,6710,6711,-1,6685,6711,6686,-1,6686,6711,6712,-1,6686,6712,6687,-1,6687,6712,6713,-1,6687,6713,6688,-1,6688,6713,6714,-1,6688,6714,6689,-1,6689,6714,6715,-1,6689,6715,6690,-1,6690,6715,6716,-1,6690,6716,6691,-1,6691,6716,6717,-1,6691,6717,6692,-1,6692,6717,6718,-1,6692,6718,6693,-1,6693,6718,6719,-1,6693,6719,6694,-1,6694,6719,6720,-1,6694,6720,6695,-1,6695,6720,6721,-1,6695,6721,6696,-1,6696,6721,6722,-1,6696,6722,6697,-1,6697,6722,6723,-1,6697,6723,6698,-1,6698,6723,6724,-1,6698,6724,6699,-1,6699,6724,6725,-1,6699,6725,6700,-1,6700,6725,6726,-1,6700,6726,6701,-1,6701,6726,6727,-1,6701,6727,6702,-1,6702,6727,6728,-1,6702,6728,6703,-1,6703,6728,6729,-1,6703,6729,6704,-1,6704,6729,6730,-1,6704,6730,6705,-1,6705,6730,6731,-1,6705,6731,6706,-1,6706,6731,6732,-1,6706,6732,6707,-1,6707,6732,6733,-1,6707,6733,6708,-1,6708,6733,6734,-1,6708,6734,6709,-1,6709,6734,6710,-1,6734,6735,6710,-1,6710,6735,6736,-1,6710,6736,6711,-1,6711,6736,6737,-1,6711,6737,6712,-1,6712,6737,6738,-1,6712,6738,6713,-1,6713,6738,6739,-1,6713,6739,6714,-1,6714,6739,6740,-1,6714,6740,6715,-1,6715,6740,6741,-1,6715,6741,6716,-1,6716,6741,6742,-1,6716,6742,6717,-1,6717,6742,6743,-1,6717,6743,6718,-1,6718,6743,6744,-1,6718,6744,6719,-1,6719,6744,6745,-1,6719,6745,6720,-1,6720,6745,6746,-1,6720,6746,6721,-1,6721,6746,6747,-1,6721,6747,6722,-1,6722,6747,6748,-1,6722,6748,6723,-1,6723,6748,6749,-1,6723,6749,6724,-1,6724,6749,6750,-1,6724,6750,6725,-1,6725,6750,6751,-1,6725,6751,6726,-1,6726,6751,6752,-1,6726,6752,6727,-1,6727,6752,6753,-1,6727,6753,6728,-1,6728,6753,6754,-1,6728,6754,6729,-1,6729,6754,6755,-1,6729,6755,6730,-1,6730,6755,6756,-1,6730,6756,6731,-1,6731,6756,6757,-1,6731,6757,6732,-1,6732,6757,6758,-1,6732,6758,6733,-1,6733,6758,6759,-1,6733,6759,6734,-1,6734,6759,6735,-1,6759,6760,6735,-1,6735,6760,6761,-1,6735,6761,6736,-1,6736,6761,6762,-1,6736,6762,6737,-1,6737,6762,6763,-1,6737,6763,6738,-1,6738,6763,6764,-1,6738,6764,6739,-1,6739,6764,6765,-1,6739,6765,6740,-1,6740,6765,6766,-1,6740,6766,6741,-1,6741,6766,6767,-1,6741,6767,6742,-1,6742,6767,6768,-1,6742,6768,6743,-1,6743,6768,6769,-1,6743,6769,6744,-1,6744,6769,6770,-1,6744,6770,6745,-1,6745,6770,6771,-1,6745,6771,6746,-1,6746,6771,6772,-1,6746,6772,6747,-1,6747,6772,6773,-1,6747,6773,6748,-1,6748,6773,6774,-1,6748,6774,6749,-1,6749,6774,6775,-1,6749,6775,6750,-1,6750,6775,6776,-1,6750,6776,6751,-1,6751,6776,6777,-1,6751,6777,6752,-1,6752,6777,6778,-1,6752,6778,6753,-1,6753,6778,6779,-1,6753,6779,6754,-1,6754,6779,6780,-1,6754,6780,6755,-1,6755,6780,6781,-1,6755,6781,6756,-1,6756,6781,6782,-1,6756,6782,6757,-1,6757,6782,6783,-1,6757,6783,6758,-1,6758,6783,6784,-1,6758,6784,6759,-1,6759,6784,6760,-1,6784,6785,6760,-1,6760,6785,6786,-1,6760,6786,6761,-1,6761,6786,6787,-1,6761,6787,6762,-1,6762,6787,6788,-1,6762,6788,6763,-1,6763,6788,6789,-1,6763,6789,6764,-1,6764,6789,6790,-1,6764,6790,6765,-1,6765,6790,6791,-1,6765,6791,6766,-1,6766,6791,6792,-1,6766,6792,6767,-1,6767,6792,6793,-1,6767,6793,6768,-1,6768,6793,6794,-1,6768,6794,6769,-1,6769,6794,6795,-1,6769,6795,6770,-1,6770,6795,6796,-1,6770,6796,6771,-1,6771,6796,6797,-1,6771,6797,6772,-1,6772,6797,6798,-1,6772,6798,6773,-1,6773,6798,6799,-1,6773,6799,6774,-1,6774,6799,6800,-1,6774,6800,6775,-1,6775,6800,6801,-1,6775,6801,6776,-1,6776,6801,6802,-1,6776,6802,6777,-1,6777,6802,6803,-1,6777,6803,6778,-1,6778,6803,6804,-1,6778,6804,6779,-1,6779,6804,6805,-1,6779,6805,6780,-1,6780,6805,6806,-1,6780,6806,6781,-1,6781,6806,6807,-1,6781,6807,6782,-1,6782,6807,6808,-1,6782,6808,6783,-1,6783,6808,6809,-1,6783,6809,6784,-1,6784,6809,6785,-1,6809,6584,6785,-1,6785,6584,6583,-1,6785,6583,6786,-1,6786,6583,6586,-1,6786,6586,6787,-1,6787,6586,6587,-1,6787,6587,6788,-1,6788,6587,6588,-1,6788,6588,6789,-1,6789,6588,6589,-1,6789,6589,6790,-1,6790,6589,6590,-1,6790,6590,6791,-1,6791,6590,6591,-1,6791,6591,6792,-1,6792,6591,6592,-1,6792,6592,6793,-1,6793,6592,6593,-1,6793,6593,6794,-1,6794,6593,6594,-1,6794,6594,6795,-1,6795,6594,6595,-1,6795,6595,6796,-1,6796,6595,6596,-1,6796,6596,6797,-1,6797,6596,6597,-1,6797,6597,6798,-1,6798,6597,6598,-1,6798,6598,6799,-1,6799,6598,6599,-1,6799,6599,6800,-1,6800,6599,6600,-1,6800,6600,6801,-1,6801,6600,6601,-1,6801,6601,6802,-1,6802,6601,6602,-1,6802,6602,6803,-1,6803,6602,6603,-1,6803,6603,6804,-1,6804,6603,6604,-1,6804,6604,6805,-1,6805,6604,6605,-1,6805,6605,6806,-1,6806,6605,6606,-1,6806,6606,6807,-1,6807,6606,6607,-1,6807,6607,6808,-1,6808,6607,6608,-1,6808,6608,6809,-1,6809,6608,6584,-1,6810,6811,6812,-1,6810,6812,6813,-1,6814,6813,6812,-1,6815,6814,6812,-1,6816,6815,6812,-1,6817,6816,6812,-1,6818,6817,6812,-1,6819,6818,6812,-1,6820,6819,6812,-1,6821,6820,6812,-1,6822,6821,6812,-1,6823,6822,6812,-1,6824,6823,6812,-1,6825,6824,6812,-1,6826,6825,6812,-1,6827,6826,6812,-1,6828,6827,6812,-1,6829,6828,6812,-1,6830,6829,6812,-1,6831,6830,6812,-1,6832,6831,6812,-1,6833,6832,6812,-1,6834,6833,6812,-1,6835,6834,6812,-1,6811,6835,6812,-1,6836,6837,6838,-1,6838,6837,6839,-1,6838,6839,6840,-1,6840,6839,6841,-1,6840,6841,6842,-1,6842,6841,6843,-1,6842,6843,6844,-1,6844,6843,6845,-1,6844,6845,6846,-1,6846,6845,6847,-1,6846,6847,6848,-1,6848,6847,6849,-1,6848,6849,6850,-1,6850,6849,6851,-1,6850,6851,6852,-1,6852,6851,6853,-1,6852,6853,6854,-1,6854,6853,6855,-1,6854,6855,6856,-1,6856,6855,6857,-1,6856,6857,6858,-1,6858,6857,6859,-1,6858,6859,6860,-1,6860,6859,6861,-1,6860,6861,6862,-1,6862,6861,6863,-1,6862,6863,6864,-1,6864,6863,6865,-1,6864,6865,6866,-1,6866,6865,6867,-1,6866,6867,6868,-1,6868,6867,6869,-1,6868,6869,6870,-1,6870,6869,6871,-1,6870,6871,6872,-1,6872,6871,6873,-1,6872,6873,6874,-1,6874,6873,6875,-1,6874,6875,6876,-1,6876,6875,6877,-1,6876,6877,6878,-1,6878,6877,6879,-1,6878,6879,6880,-1,6880,6879,6881,-1,6880,6881,6882,-1,6882,6881,6883,-1,6882,6883,6884,-1,6884,6883,6885,-1,6884,6885,6886,-1,6886,6885,6836,-1,6886,6836,6838,-1,6862,6887,6860,-1,6860,6887,6888,-1,6860,6888,6858,-1,6858,6888,6889,-1,6858,6889,6856,-1,6856,6889,6890,-1,6856,6890,6854,-1,6854,6890,6891,-1,6854,6891,6852,-1,6852,6891,6892,-1,6852,6892,6850,-1,6850,6892,6893,-1,6850,6893,6848,-1,6848,6893,6894,-1,6848,6894,6846,-1,6846,6894,6895,-1,6846,6895,6844,-1,6844,6895,6896,-1,6844,6896,6842,-1,6842,6896,6897,-1,6842,6897,6840,-1,6840,6897,6898,-1,6840,6898,6838,-1,6838,6898,6899,-1,6838,6899,6886,-1,6886,6899,6900,-1,6886,6900,6884,-1,6884,6900,6901,-1,6884,6901,6882,-1,6882,6901,6902,-1,6882,6902,6880,-1,6880,6902,6903,-1,6880,6903,6878,-1,6878,6903,6904,-1,6878,6904,6876,-1,6876,6904,6905,-1,6876,6905,6874,-1,6874,6905,6906,-1,6874,6906,6872,-1,6872,6906,6907,-1,6872,6907,6870,-1,6870,6907,6908,-1,6870,6908,6868,-1,6868,6908,6909,-1,6868,6909,6866,-1,6866,6909,6910,-1,6866,6910,6864,-1,6864,6910,6911,-1,6864,6911,6862,-1,6862,6911,6887,-1,6911,6912,6887,-1,6887,6912,6913,-1,6887,6913,6888,-1,6888,6913,6914,-1,6888,6914,6889,-1,6889,6914,6915,-1,6889,6915,6890,-1,6890,6915,6916,-1,6890,6916,6891,-1,6891,6916,6917,-1,6891,6917,6892,-1,6892,6917,6918,-1,6892,6918,6893,-1,6893,6918,6919,-1,6893,6919,6894,-1,6894,6919,6920,-1,6894,6920,6895,-1,6895,6920,6921,-1,6895,6921,6896,-1,6896,6921,6922,-1,6896,6922,6897,-1,6897,6922,6923,-1,6897,6923,6898,-1,6898,6923,6924,-1,6898,6924,6899,-1,6899,6924,6925,-1,6899,6925,6900,-1,6900,6925,6926,-1,6900,6926,6901,-1,6901,6926,6927,-1,6901,6927,6902,-1,6902,6927,6928,-1,6902,6928,6903,-1,6903,6928,6929,-1,6903,6929,6904,-1,6904,6929,6930,-1,6904,6930,6905,-1,6905,6930,6931,-1,6905,6931,6906,-1,6906,6931,6932,-1,6906,6932,6907,-1,6907,6932,6933,-1,6907,6933,6908,-1,6908,6933,6934,-1,6908,6934,6909,-1,6909,6934,6935,-1,6909,6935,6910,-1,6910,6935,6936,-1,6910,6936,6911,-1,6911,6936,6912,-1,6936,6937,6912,-1,6912,6937,6938,-1,6912,6938,6913,-1,6913,6938,6939,-1,6913,6939,6914,-1,6914,6939,6940,-1,6914,6940,6915,-1,6915,6940,6941,-1,6915,6941,6916,-1,6916,6941,6942,-1,6916,6942,6917,-1,6917,6942,6943,-1,6917,6943,6918,-1,6918,6943,6944,-1,6918,6944,6919,-1,6919,6944,6945,-1,6919,6945,6920,-1,6920,6945,6946,-1,6920,6946,6921,-1,6921,6946,6947,-1,6921,6947,6922,-1,6922,6947,6948,-1,6922,6948,6923,-1,6923,6948,6949,-1,6923,6949,6924,-1,6924,6949,6950,-1,6924,6950,6925,-1,6925,6950,6951,-1,6925,6951,6926,-1,6926,6951,6952,-1,6926,6952,6927,-1,6927,6952,6953,-1,6927,6953,6928,-1,6928,6953,6954,-1,6928,6954,6929,-1,6929,6954,6955,-1,6929,6955,6930,-1,6930,6955,6956,-1,6930,6956,6931,-1,6931,6956,6957,-1,6931,6957,6932,-1,6932,6957,6958,-1,6932,6958,6933,-1,6933,6958,6959,-1,6933,6959,6934,-1,6934,6959,6960,-1,6934,6960,6935,-1,6935,6960,6961,-1,6935,6961,6936,-1,6936,6961,6937,-1,6961,6962,6937,-1,6937,6962,6963,-1,6937,6963,6938,-1,6938,6963,6964,-1,6938,6964,6939,-1,6939,6964,6965,-1,6939,6965,6940,-1,6940,6965,6966,-1,6940,6966,6941,-1,6941,6966,6967,-1,6941,6967,6942,-1,6942,6967,6968,-1,6942,6968,6943,-1,6943,6968,6969,-1,6943,6969,6944,-1,6944,6969,6970,-1,6944,6970,6945,-1,6945,6970,6971,-1,6945,6971,6946,-1,6946,6971,6972,-1,6946,6972,6947,-1,6947,6972,6973,-1,6947,6973,6948,-1,6948,6973,6974,-1,6948,6974,6949,-1,6949,6974,6975,-1,6949,6975,6950,-1,6950,6975,6976,-1,6950,6976,6951,-1,6951,6976,6977,-1,6951,6977,6952,-1,6952,6977,6978,-1,6952,6978,6953,-1,6953,6978,6979,-1,6953,6979,6954,-1,6954,6979,6980,-1,6954,6980,6955,-1,6955,6980,6981,-1,6955,6981,6956,-1,6956,6981,6982,-1,6956,6982,6957,-1,6957,6982,6983,-1,6957,6983,6958,-1,6958,6983,6984,-1,6958,6984,6959,-1,6959,6984,6985,-1,6959,6985,6960,-1,6960,6985,6986,-1,6960,6986,6961,-1,6961,6986,6962,-1,6986,6987,6962,-1,6962,6987,6988,-1,6962,6988,6963,-1,6963,6988,6989,-1,6963,6989,6964,-1,6964,6989,6990,-1,6964,6990,6965,-1,6965,6990,6991,-1,6965,6991,6966,-1,6966,6991,6992,-1,6966,6992,6967,-1,6967,6992,6993,-1,6967,6993,6968,-1,6968,6993,6994,-1,6968,6994,6969,-1,6969,6994,6995,-1,6969,6995,6970,-1,6970,6995,6996,-1,6970,6996,6971,-1,6971,6996,6997,-1,6971,6997,6972,-1,6972,6997,6998,-1,6972,6998,6973,-1,6973,6998,6999,-1,6973,6999,6974,-1,6974,6999,7000,-1,6974,7000,6975,-1,6975,7000,7001,-1,6975,7001,6976,-1,6976,7001,7002,-1,6976,7002,6977,-1,6977,7002,7003,-1,6977,7003,6978,-1,6978,7003,7004,-1,6978,7004,6979,-1,6979,7004,7005,-1,6979,7005,6980,-1,6980,7005,7006,-1,6980,7006,6981,-1,6981,7006,7007,-1,6981,7007,6982,-1,6982,7007,7008,-1,6982,7008,6983,-1,6983,7008,7009,-1,6983,7009,6984,-1,6984,7009,7010,-1,6984,7010,6985,-1,6985,7010,7011,-1,6985,7011,6986,-1,6986,7011,6987,-1,7011,7012,6987,-1,6987,7012,7013,-1,6987,7013,6988,-1,6988,7013,7014,-1,6988,7014,6989,-1,6989,7014,7015,-1,6989,7015,6990,-1,6990,7015,7016,-1,6990,7016,6991,-1,6991,7016,7017,-1,6991,7017,6992,-1,6992,7017,7018,-1,6992,7018,6993,-1,6993,7018,7019,-1,6993,7019,6994,-1,6994,7019,7020,-1,6994,7020,6995,-1,6995,7020,7021,-1,6995,7021,6996,-1,6996,7021,7022,-1,6996,7022,6997,-1,6997,7022,7023,-1,6997,7023,6998,-1,6998,7023,7024,-1,6998,7024,6999,-1,6999,7024,7025,-1,6999,7025,7000,-1,7000,7025,7026,-1,7000,7026,7001,-1,7001,7026,7027,-1,7001,7027,7002,-1,7002,7027,7028,-1,7002,7028,7003,-1,7003,7028,7029,-1,7003,7029,7004,-1,7004,7029,7030,-1,7004,7030,7005,-1,7005,7030,7031,-1,7005,7031,7006,-1,7006,7031,7032,-1,7006,7032,7007,-1,7007,7032,7033,-1,7007,7033,7008,-1,7008,7033,7034,-1,7008,7034,7009,-1,7009,7034,7035,-1,7009,7035,7010,-1,7010,7035,7036,-1,7010,7036,7011,-1,7011,7036,7012,-1,7036,6811,7012,-1,7012,6811,6810,-1,7012,6810,7013,-1,7013,6810,6813,-1,7013,6813,7014,-1,7014,6813,6814,-1,7014,6814,7015,-1,7015,6814,6815,-1,7015,6815,7016,-1,7016,6815,6816,-1,7016,6816,7017,-1,7017,6816,6817,-1,7017,6817,7018,-1,7018,6817,6818,-1,7018,6818,7019,-1,7019,6818,6819,-1,7019,6819,7020,-1,7020,6819,6820,-1,7020,6820,7021,-1,7021,6820,6821,-1,7021,6821,7022,-1,7022,6821,6822,-1,7022,6822,7023,-1,7023,6822,6823,-1,7023,6823,7024,-1,7024,6823,6824,-1,7024,6824,7025,-1,7025,6824,6825,-1,7025,6825,7026,-1,7026,6825,6826,-1,7026,6826,7027,-1,7027,6826,6827,-1,7027,6827,7028,-1,7028,6827,6828,-1,7028,6828,7029,-1,7029,6828,6829,-1,7029,6829,7030,-1,7030,6829,6830,-1,7030,6830,7031,-1,7031,6830,6831,-1,7031,6831,7032,-1,7032,6831,6832,-1,7032,6832,7033,-1,7033,6832,6833,-1,7033,6833,7034,-1,7034,6833,6834,-1,7034,6834,7035,-1,7035,6834,6835,-1,7035,6835,7036,-1,7036,6835,6811,-1,7037,7038,7039,-1,7037,7039,7040,-1,7041,7040,7039,-1,7042,7041,7039,-1,7043,7042,7039,-1,7044,7043,7039,-1,7045,7044,7039,-1,7046,7045,7039,-1,7047,7046,7039,-1,7048,7047,7039,-1,7049,7048,7039,-1,7050,7049,7039,-1,7051,7050,7039,-1,7052,7051,7039,-1,7053,7052,7039,-1,7054,7053,7039,-1,7055,7054,7039,-1,7056,7055,7039,-1,7057,7056,7039,-1,7058,7057,7039,-1,7059,7058,7039,-1,7060,7059,7039,-1,7061,7060,7039,-1,7062,7061,7039,-1,7038,7062,7039,-1,7063,7064,7065,-1,7065,7064,7066,-1,7065,7066,7067,-1,7067,7066,7068,-1,7067,7068,7069,-1,7069,7068,7070,-1,7069,7070,7071,-1,7071,7070,7072,-1,7071,7072,7073,-1,7073,7072,7074,-1,7073,7074,7075,-1,7075,7074,7076,-1,7075,7076,7077,-1,7077,7076,7078,-1,7077,7078,7079,-1,7079,7078,7080,-1,7079,7080,7081,-1,7081,7080,7082,-1,7081,7082,7083,-1,7083,7082,7084,-1,7083,7084,7085,-1,7085,7084,7086,-1,7085,7086,7087,-1,7087,7086,7088,-1,7087,7088,7089,-1,7089,7088,7090,-1,7089,7090,7091,-1,7091,7090,7092,-1,7091,7092,7093,-1,7093,7092,7094,-1,7093,7094,7095,-1,7095,7094,7096,-1,7095,7096,7097,-1,7097,7096,7098,-1,7097,7098,7099,-1,7099,7098,7100,-1,7099,7100,7101,-1,7101,7100,7102,-1,7101,7102,7103,-1,7103,7102,7104,-1,7103,7104,7105,-1,7105,7104,7106,-1,7105,7106,7107,-1,7107,7106,7108,-1,7107,7108,7109,-1,7109,7108,7110,-1,7109,7110,7111,-1,7111,7110,7112,-1,7111,7112,7113,-1,7113,7112,7063,-1,7113,7063,7065,-1,7089,7114,7087,-1,7087,7114,7115,-1,7087,7115,7085,-1,7085,7115,7116,-1,7085,7116,7083,-1,7083,7116,7117,-1,7083,7117,7081,-1,7081,7117,7118,-1,7081,7118,7079,-1,7079,7118,7119,-1,7079,7119,7077,-1,7077,7119,7120,-1,7077,7120,7075,-1,7075,7120,7121,-1,7075,7121,7073,-1,7073,7121,7122,-1,7073,7122,7071,-1,7071,7122,7123,-1,7071,7123,7069,-1,7069,7123,7124,-1,7069,7124,7067,-1,7067,7124,7125,-1,7067,7125,7065,-1,7065,7125,7126,-1,7065,7126,7113,-1,7113,7126,7127,-1,7113,7127,7111,-1,7111,7127,7128,-1,7111,7128,7109,-1,7109,7128,7129,-1,7109,7129,7107,-1,7107,7129,7130,-1,7107,7130,7105,-1,7105,7130,7131,-1,7105,7131,7103,-1,7103,7131,7132,-1,7103,7132,7101,-1,7101,7132,7133,-1,7101,7133,7099,-1,7099,7133,7134,-1,7099,7134,7097,-1,7097,7134,7135,-1,7097,7135,7095,-1,7095,7135,7136,-1,7095,7136,7093,-1,7093,7136,7137,-1,7093,7137,7091,-1,7091,7137,7138,-1,7091,7138,7089,-1,7089,7138,7114,-1,7138,7139,7114,-1,7114,7139,7140,-1,7114,7140,7115,-1,7115,7140,7141,-1,7115,7141,7116,-1,7116,7141,7142,-1,7116,7142,7117,-1,7117,7142,7143,-1,7117,7143,7118,-1,7118,7143,7144,-1,7118,7144,7119,-1,7119,7144,7145,-1,7119,7145,7120,-1,7120,7145,7146,-1,7120,7146,7121,-1,7121,7146,7147,-1,7121,7147,7122,-1,7122,7147,7148,-1,7122,7148,7123,-1,7123,7148,7149,-1,7123,7149,7124,-1,7124,7149,7150,-1,7124,7150,7125,-1,7125,7150,7151,-1,7125,7151,7126,-1,7126,7151,7152,-1,7126,7152,7127,-1,7127,7152,7153,-1,7127,7153,7128,-1,7128,7153,7154,-1,7128,7154,7129,-1,7129,7154,7155,-1,7129,7155,7130,-1,7130,7155,7156,-1,7130,7156,7131,-1,7131,7156,7157,-1,7131,7157,7132,-1,7132,7157,7158,-1,7132,7158,7133,-1,7133,7158,7159,-1,7133,7159,7134,-1,7134,7159,7160,-1,7134,7160,7135,-1,7135,7160,7161,-1,7135,7161,7136,-1,7136,7161,7162,-1,7136,7162,7137,-1,7137,7162,7163,-1,7137,7163,7138,-1,7138,7163,7139,-1,7163,7164,7139,-1,7139,7164,7165,-1,7139,7165,7140,-1,7140,7165,7166,-1,7140,7166,7141,-1,7141,7166,7167,-1,7141,7167,7142,-1,7142,7167,7168,-1,7142,7168,7143,-1,7143,7168,7169,-1,7143,7169,7144,-1,7144,7169,7170,-1,7144,7170,7145,-1,7145,7170,7171,-1,7145,7171,7146,-1,7146,7171,7172,-1,7146,7172,7147,-1,7147,7172,7173,-1,7147,7173,7148,-1,7148,7173,7174,-1,7148,7174,7149,-1,7149,7174,7175,-1,7149,7175,7150,-1,7150,7175,7176,-1,7150,7176,7151,-1,7151,7176,7177,-1,7151,7177,7152,-1,7152,7177,7178,-1,7152,7178,7153,-1,7153,7178,7179,-1,7153,7179,7154,-1,7154,7179,7180,-1,7154,7180,7155,-1,7155,7180,7181,-1,7155,7181,7156,-1,7156,7181,7182,-1,7156,7182,7157,-1,7157,7182,7183,-1,7157,7183,7158,-1,7158,7183,7184,-1,7158,7184,7159,-1,7159,7184,7185,-1,7159,7185,7160,-1,7160,7185,7186,-1,7160,7186,7161,-1,7161,7186,7187,-1,7161,7187,7162,-1,7162,7187,7188,-1,7162,7188,7163,-1,7163,7188,7164,-1,7188,7189,7164,-1,7164,7189,7190,-1,7164,7190,7165,-1,7165,7190,7191,-1,7165,7191,7166,-1,7166,7191,7192,-1,7166,7192,7167,-1,7167,7192,7193,-1,7167,7193,7168,-1,7168,7193,7194,-1,7168,7194,7169,-1,7169,7194,7195,-1,7169,7195,7170,-1,7170,7195,7196,-1,7170,7196,7171,-1,7171,7196,7197,-1,7171,7197,7172,-1,7172,7197,7198,-1,7172,7198,7173,-1,7173,7198,7199,-1,7173,7199,7174,-1,7174,7199,7200,-1,7174,7200,7175,-1,7175,7200,7201,-1,7175,7201,7176,-1,7176,7201,7202,-1,7176,7202,7177,-1,7177,7202,7203,-1,7177,7203,7178,-1,7178,7203,7204,-1,7178,7204,7179,-1,7179,7204,7205,-1,7179,7205,7180,-1,7180,7205,7206,-1,7180,7206,7181,-1,7181,7206,7207,-1,7181,7207,7182,-1,7182,7207,7208,-1,7182,7208,7183,-1,7183,7208,7209,-1,7183,7209,7184,-1,7184,7209,7210,-1,7184,7210,7185,-1,7185,7210,7211,-1,7185,7211,7186,-1,7186,7211,7212,-1,7186,7212,7187,-1,7187,7212,7213,-1,7187,7213,7188,-1,7188,7213,7189,-1,7213,7214,7189,-1,7189,7214,7215,-1,7189,7215,7190,-1,7190,7215,7216,-1,7190,7216,7191,-1,7191,7216,7217,-1,7191,7217,7192,-1,7192,7217,7218,-1,7192,7218,7193,-1,7193,7218,7219,-1,7193,7219,7194,-1,7194,7219,7220,-1,7194,7220,7195,-1,7195,7220,7221,-1,7195,7221,7196,-1,7196,7221,7222,-1,7196,7222,7197,-1,7197,7222,7223,-1,7197,7223,7198,-1,7198,7223,7224,-1,7198,7224,7199,-1,7199,7224,7225,-1,7199,7225,7200,-1,7200,7225,7226,-1,7200,7226,7201,-1,7201,7226,7227,-1,7201,7227,7202,-1,7202,7227,7228,-1,7202,7228,7203,-1,7203,7228,7229,-1,7203,7229,7204,-1,7204,7229,7230,-1,7204,7230,7205,-1,7205,7230,7231,-1,7205,7231,7206,-1,7206,7231,7232,-1,7206,7232,7207,-1,7207,7232,7233,-1,7207,7233,7208,-1,7208,7233,7234,-1,7208,7234,7209,-1,7209,7234,7235,-1,7209,7235,7210,-1,7210,7235,7236,-1,7210,7236,7211,-1,7211,7236,7237,-1,7211,7237,7212,-1,7212,7237,7238,-1,7212,7238,7213,-1,7213,7238,7214,-1,7238,7239,7214,-1,7214,7239,7240,-1,7214,7240,7215,-1,7215,7240,7241,-1,7215,7241,7216,-1,7216,7241,7242,-1,7216,7242,7217,-1,7217,7242,7243,-1,7217,7243,7218,-1,7218,7243,7244,-1,7218,7244,7219,-1,7219,7244,7245,-1,7219,7245,7220,-1,7220,7245,7246,-1,7220,7246,7221,-1,7221,7246,7247,-1,7221,7247,7222,-1,7222,7247,7248,-1,7222,7248,7223,-1,7223,7248,7249,-1,7223,7249,7224,-1,7224,7249,7250,-1,7224,7250,7225,-1,7225,7250,7251,-1,7225,7251,7226,-1,7226,7251,7252,-1,7226,7252,7227,-1,7227,7252,7253,-1,7227,7253,7228,-1,7228,7253,7254,-1,7228,7254,7229,-1,7229,7254,7255,-1,7229,7255,7230,-1,7230,7255,7256,-1,7230,7256,7231,-1,7231,7256,7257,-1,7231,7257,7232,-1,7232,7257,7258,-1,7232,7258,7233,-1,7233,7258,7259,-1,7233,7259,7234,-1,7234,7259,7260,-1,7234,7260,7235,-1,7235,7260,7261,-1,7235,7261,7236,-1,7236,7261,7262,-1,7236,7262,7237,-1,7237,7262,7263,-1,7237,7263,7238,-1,7238,7263,7239,-1,7263,7038,7239,-1,7239,7038,7037,-1,7239,7037,7240,-1,7240,7037,7040,-1,7240,7040,7241,-1,7241,7040,7041,-1,7241,7041,7242,-1,7242,7041,7042,-1,7242,7042,7243,-1,7243,7042,7043,-1,7243,7043,7244,-1,7244,7043,7044,-1,7244,7044,7245,-1,7245,7044,7045,-1,7245,7045,7246,-1,7246,7045,7046,-1,7246,7046,7247,-1,7247,7046,7047,-1,7247,7047,7248,-1,7248,7047,7048,-1,7248,7048,7249,-1,7249,7048,7049,-1,7249,7049,7250,-1,7250,7049,7050,-1,7250,7050,7251,-1,7251,7050,7051,-1,7251,7051,7252,-1,7252,7051,7052,-1,7252,7052,7253,-1,7253,7052,7053,-1,7253,7053,7254,-1,7254,7053,7054,-1,7254,7054,7255,-1,7255,7054,7055,-1,7255,7055,7256,-1,7256,7055,7056,-1,7256,7056,7257,-1,7257,7056,7057,-1,7257,7057,7258,-1,7258,7057,7058,-1,7258,7058,7259,-1,7259,7058,7059,-1,7259,7059,7260,-1,7260,7059,7060,-1,7260,7060,7261,-1,7261,7060,7061,-1,7261,7061,7262,-1,7262,7061,7062,-1,7262,7062,7263,-1,7263,7062,7038,-1,7264,7265,7266,-1,7264,7266,7267,-1,7268,7267,7266,-1,7269,7268,7266,-1,7270,7269,7266,-1,7271,7270,7266,-1,7272,7271,7266,-1,7273,7272,7266,-1,7274,7273,7266,-1,7275,7274,7266,-1,7276,7275,7266,-1,7277,7276,7266,-1,7278,7277,7266,-1,7279,7278,7266,-1,7280,7279,7266,-1,7281,7280,7266,-1,7282,7281,7266,-1,7283,7282,7266,-1,7284,7283,7266,-1,7285,7284,7266,-1,7286,7285,7266,-1,7287,7286,7266,-1,7288,7287,7266,-1,7289,7288,7266,-1,7265,7289,7266,-1,7290,7291,7292,-1,7292,7293,7290,-1,7290,7293,7294,-1,7290,7294,7295,-1,7295,7294,7296,-1,7295,7296,7297,-1,7297,7296,7298,-1,7297,7298,7299,-1,7299,7298,7300,-1,7299,7300,7301,-1,7301,7300,7302,-1,7301,7302,7303,-1,7303,7302,7304,-1,7303,7304,7305,-1,7305,7304,7306,-1,7305,7306,7307,-1,7307,7306,7308,-1,7307,7308,7309,-1,7309,7308,7310,-1,7309,7310,7311,-1,7311,7310,7312,-1,7311,7312,7313,-1,7313,7312,7314,-1,7313,7314,7315,-1,7315,7314,7316,-1,7315,7316,7317,-1,7317,7316,7318,-1,7317,7318,7319,-1,7319,7318,7320,-1,7319,7320,7321,-1,7321,7320,7322,-1,7321,7322,7323,-1,7323,7322,7324,-1,7323,7324,7325,-1,7325,7324,7326,-1,7325,7326,7327,-1,7327,7326,7328,-1,7327,7328,7329,-1,7329,7328,7330,-1,7329,7330,7331,-1,7331,7330,7332,-1,7331,7332,7333,-1,7333,7332,7334,-1,7333,7334,7335,-1,7335,7334,7336,-1,7335,7336,7337,-1,7337,7336,7338,-1,7337,7338,7339,-1,7339,7338,7292,-1,7339,7292,7340,-1,7340,7292,7291,-1,7316,7341,7318,-1,7318,7341,7342,-1,7318,7342,7320,-1,7320,7342,7343,-1,7320,7343,7322,-1,7322,7343,7344,-1,7322,7344,7324,-1,7324,7344,7345,-1,7324,7345,7326,-1,7326,7345,7346,-1,7326,7346,7328,-1,7328,7346,7347,-1,7328,7347,7330,-1,7330,7347,7348,-1,7330,7348,7332,-1,7332,7348,7349,-1,7332,7349,7334,-1,7334,7349,7350,-1,7334,7350,7336,-1,7336,7350,7351,-1,7336,7351,7338,-1,7338,7351,7352,-1,7338,7352,7292,-1,7292,7352,7353,-1,7292,7353,7293,-1,7293,7353,7354,-1,7293,7354,7294,-1,7294,7354,7355,-1,7294,7355,7296,-1,7296,7355,7356,-1,7296,7356,7298,-1,7298,7356,7357,-1,7298,7357,7300,-1,7300,7357,7358,-1,7300,7358,7302,-1,7302,7358,7359,-1,7302,7359,7304,-1,7304,7359,7360,-1,7304,7360,7306,-1,7306,7360,7361,-1,7306,7361,7308,-1,7308,7361,7362,-1,7308,7362,7310,-1,7310,7362,7363,-1,7310,7363,7312,-1,7312,7363,7364,-1,7312,7364,7314,-1,7314,7364,7365,-1,7314,7365,7316,-1,7316,7365,7341,-1,7365,7366,7341,-1,7341,7366,7367,-1,7341,7367,7342,-1,7342,7367,7368,-1,7342,7368,7343,-1,7343,7368,7369,-1,7343,7369,7344,-1,7344,7369,7370,-1,7344,7370,7345,-1,7345,7370,7371,-1,7345,7371,7346,-1,7346,7371,7372,-1,7346,7372,7347,-1,7347,7372,7373,-1,7347,7373,7348,-1,7348,7373,7374,-1,7348,7374,7349,-1,7349,7374,7375,-1,7349,7375,7350,-1,7350,7375,7376,-1,7350,7376,7351,-1,7351,7376,7377,-1,7351,7377,7352,-1,7352,7377,7378,-1,7352,7378,7353,-1,7353,7378,7379,-1,7353,7379,7354,-1,7354,7379,7380,-1,7354,7380,7355,-1,7355,7380,7381,-1,7355,7381,7356,-1,7356,7381,7382,-1,7356,7382,7357,-1,7357,7382,7383,-1,7357,7383,7358,-1,7358,7383,7384,-1,7358,7384,7359,-1,7359,7384,7385,-1,7359,7385,7360,-1,7360,7385,7386,-1,7360,7386,7361,-1,7361,7386,7387,-1,7361,7387,7362,-1,7362,7387,7388,-1,7362,7388,7363,-1,7363,7388,7389,-1,7363,7389,7364,-1,7364,7389,7390,-1,7364,7390,7365,-1,7365,7390,7366,-1,7390,7391,7366,-1,7366,7391,7392,-1,7366,7392,7367,-1,7367,7392,7393,-1,7367,7393,7368,-1,7368,7393,7394,-1,7368,7394,7369,-1,7369,7394,7395,-1,7369,7395,7370,-1,7370,7395,7396,-1,7370,7396,7371,-1,7371,7396,7397,-1,7371,7397,7372,-1,7372,7397,7398,-1,7372,7398,7373,-1,7373,7398,7399,-1,7373,7399,7374,-1,7374,7399,7400,-1,7374,7400,7375,-1,7375,7400,7401,-1,7375,7401,7376,-1,7376,7401,7402,-1,7376,7402,7377,-1,7377,7402,7403,-1,7377,7403,7378,-1,7378,7403,7404,-1,7378,7404,7379,-1,7379,7404,7405,-1,7379,7405,7380,-1,7380,7405,7406,-1,7380,7406,7381,-1,7381,7406,7407,-1,7381,7407,7382,-1,7382,7407,7408,-1,7382,7408,7383,-1,7383,7408,7409,-1,7383,7409,7384,-1,7384,7409,7410,-1,7384,7410,7385,-1,7385,7410,7411,-1,7385,7411,7386,-1,7386,7411,7412,-1,7386,7412,7387,-1,7387,7412,7413,-1,7387,7413,7388,-1,7388,7413,7414,-1,7388,7414,7389,-1,7389,7414,7415,-1,7389,7415,7390,-1,7390,7415,7391,-1,7415,7416,7391,-1,7391,7416,7417,-1,7391,7417,7392,-1,7392,7417,7418,-1,7392,7418,7393,-1,7393,7418,7419,-1,7393,7419,7394,-1,7394,7419,7420,-1,7394,7420,7395,-1,7395,7420,7421,-1,7395,7421,7396,-1,7396,7421,7422,-1,7396,7422,7397,-1,7397,7422,7423,-1,7397,7423,7398,-1,7398,7423,7424,-1,7398,7424,7399,-1,7399,7424,7425,-1,7399,7425,7400,-1,7400,7425,7426,-1,7400,7426,7401,-1,7401,7426,7427,-1,7401,7427,7402,-1,7402,7427,7428,-1,7402,7428,7403,-1,7403,7428,7429,-1,7403,7429,7404,-1,7404,7429,7430,-1,7404,7430,7405,-1,7405,7430,7431,-1,7405,7431,7406,-1,7406,7431,7432,-1,7406,7432,7407,-1,7407,7432,7433,-1,7407,7433,7408,-1,7408,7433,7434,-1,7408,7434,7409,-1,7409,7434,7435,-1,7409,7435,7410,-1,7410,7435,7436,-1,7410,7436,7411,-1,7411,7436,7437,-1,7411,7437,7412,-1,7412,7437,7438,-1,7412,7438,7413,-1,7413,7438,7439,-1,7413,7439,7414,-1,7414,7439,7440,-1,7414,7440,7415,-1,7415,7440,7416,-1,7440,7441,7416,-1,7416,7441,7442,-1,7416,7442,7417,-1,7417,7442,7443,-1,7417,7443,7418,-1,7418,7443,7444,-1,7418,7444,7419,-1,7419,7444,7445,-1,7419,7445,7420,-1,7420,7445,7446,-1,7420,7446,7421,-1,7421,7446,7447,-1,7421,7447,7422,-1,7422,7447,7448,-1,7422,7448,7423,-1,7423,7448,7449,-1,7423,7449,7424,-1,7424,7449,7450,-1,7424,7450,7425,-1,7425,7450,7451,-1,7425,7451,7426,-1,7426,7451,7452,-1,7426,7452,7427,-1,7427,7452,7453,-1,7427,7453,7428,-1,7428,7453,7454,-1,7428,7454,7429,-1,7429,7454,7455,-1,7429,7455,7430,-1,7430,7455,7456,-1,7430,7456,7431,-1,7431,7456,7457,-1,7431,7457,7432,-1,7432,7457,7458,-1,7432,7458,7433,-1,7433,7458,7459,-1,7433,7459,7434,-1,7434,7459,7460,-1,7434,7460,7435,-1,7435,7460,7461,-1,7435,7461,7436,-1,7436,7461,7462,-1,7436,7462,7437,-1,7437,7462,7463,-1,7437,7463,7438,-1,7438,7463,7464,-1,7438,7464,7439,-1,7439,7464,7465,-1,7439,7465,7440,-1,7440,7465,7441,-1,7465,7466,7441,-1,7441,7466,7467,-1,7441,7467,7442,-1,7442,7467,7468,-1,7442,7468,7443,-1,7443,7468,7469,-1,7443,7469,7444,-1,7444,7469,7470,-1,7444,7470,7445,-1,7445,7470,7471,-1,7445,7471,7446,-1,7446,7471,7472,-1,7446,7472,7447,-1,7447,7472,7473,-1,7447,7473,7448,-1,7448,7473,7474,-1,7448,7474,7449,-1,7449,7474,7475,-1,7449,7475,7450,-1,7450,7475,7476,-1,7450,7476,7451,-1,7451,7476,7477,-1,7451,7477,7452,-1,7452,7477,7478,-1,7452,7478,7453,-1,7453,7478,7479,-1,7453,7479,7454,-1,7454,7479,7480,-1,7454,7480,7455,-1,7455,7480,7481,-1,7455,7481,7456,-1,7456,7481,7482,-1,7456,7482,7457,-1,7457,7482,7483,-1,7457,7483,7458,-1,7458,7483,7484,-1,7458,7484,7459,-1,7459,7484,7485,-1,7459,7485,7460,-1,7460,7485,7486,-1,7460,7486,7461,-1,7461,7486,7487,-1,7461,7487,7462,-1,7462,7487,7488,-1,7462,7488,7463,-1,7463,7488,7489,-1,7463,7489,7464,-1,7464,7489,7490,-1,7464,7490,7465,-1,7465,7490,7466,-1,7490,7265,7466,-1,7466,7265,7264,-1,7466,7264,7467,-1,7467,7264,7267,-1,7467,7267,7468,-1,7468,7267,7268,-1,7468,7268,7469,-1,7469,7268,7269,-1,7469,7269,7470,-1,7470,7269,7270,-1,7470,7270,7471,-1,7471,7270,7271,-1,7471,7271,7472,-1,7472,7271,7272,-1,7472,7272,7473,-1,7473,7272,7273,-1,7473,7273,7474,-1,7474,7273,7274,-1,7474,7274,7475,-1,7475,7274,7275,-1,7475,7275,7476,-1,7476,7275,7276,-1,7476,7276,7477,-1,7477,7276,7277,-1,7477,7277,7478,-1,7478,7277,7278,-1,7478,7278,7479,-1,7479,7278,7279,-1,7479,7279,7480,-1,7480,7279,7280,-1,7480,7280,7481,-1,7481,7280,7281,-1,7481,7281,7482,-1,7482,7281,7282,-1,7482,7282,7483,-1,7483,7282,7283,-1,7483,7283,7484,-1,7484,7283,7284,-1,7484,7284,7485,-1,7485,7284,7285,-1,7485,7285,7486,-1,7486,7285,7286,-1,7486,7286,7487,-1,7487,7286,7287,-1,7487,7287,7488,-1,7488,7287,7288,-1,7488,7288,7489,-1,7489,7288,7289,-1,7489,7289,7490,-1,7490,7289,7265,-1,7491,7492,7493,-1,7491,7493,7494,-1,7495,7494,7493,-1,7496,7495,7493,-1,7497,7496,7493,-1,7498,7497,7493,-1,7499,7498,7493,-1,7500,7499,7493,-1,7501,7500,7493,-1,7502,7501,7493,-1,7503,7502,7493,-1,7504,7503,7493,-1,7505,7504,7493,-1,7506,7505,7493,-1,7507,7506,7493,-1,7508,7507,7493,-1,7509,7508,7493,-1,7510,7509,7493,-1,7511,7510,7493,-1,7512,7511,7493,-1,7513,7512,7493,-1,7514,7513,7493,-1,7515,7514,7493,-1,7516,7515,7493,-1,7492,7516,7493,-1,7517,7518,7519,-1,7519,7520,7517,-1,7517,7520,7521,-1,7517,7521,7522,-1,7522,7521,7523,-1,7522,7523,7524,-1,7524,7523,7525,-1,7524,7525,7526,-1,7526,7525,7527,-1,7526,7527,7528,-1,7528,7527,7529,-1,7528,7529,7530,-1,7530,7529,7531,-1,7530,7531,7532,-1,7532,7531,7533,-1,7532,7533,7534,-1,7534,7533,7535,-1,7534,7535,7536,-1,7536,7535,7537,-1,7536,7537,7538,-1,7538,7537,7539,-1,7538,7539,7540,-1,7540,7539,7541,-1,7540,7541,7542,-1,7542,7541,7543,-1,7542,7543,7544,-1,7544,7543,7545,-1,7544,7545,7546,-1,7546,7545,7547,-1,7546,7547,7548,-1,7548,7547,7549,-1,7548,7549,7550,-1,7550,7549,7551,-1,7550,7551,7552,-1,7552,7551,7553,-1,7552,7553,7554,-1,7554,7553,7555,-1,7554,7555,7556,-1,7556,7555,7557,-1,7556,7557,7558,-1,7558,7557,7559,-1,7558,7559,7560,-1,7560,7559,7561,-1,7560,7561,7562,-1,7562,7561,7563,-1,7562,7563,7564,-1,7564,7563,7565,-1,7564,7565,7566,-1,7566,7565,7519,-1,7566,7519,7567,-1,7567,7519,7518,-1,7543,7568,7545,-1,7545,7568,7569,-1,7545,7569,7547,-1,7547,7569,7570,-1,7547,7570,7549,-1,7549,7570,7571,-1,7549,7571,7551,-1,7551,7571,7572,-1,7551,7572,7553,-1,7553,7572,7573,-1,7553,7573,7555,-1,7555,7573,7574,-1,7555,7574,7557,-1,7557,7574,7575,-1,7557,7575,7559,-1,7559,7575,7576,-1,7559,7576,7561,-1,7561,7576,7577,-1,7561,7577,7563,-1,7563,7577,7578,-1,7563,7578,7565,-1,7565,7578,7579,-1,7565,7579,7519,-1,7519,7579,7580,-1,7519,7580,7520,-1,7520,7580,7581,-1,7520,7581,7521,-1,7521,7581,7582,-1,7521,7582,7523,-1,7523,7582,7583,-1,7523,7583,7525,-1,7525,7583,7584,-1,7525,7584,7527,-1,7527,7584,7585,-1,7527,7585,7529,-1,7529,7585,7586,-1,7529,7586,7531,-1,7531,7586,7587,-1,7531,7587,7533,-1,7533,7587,7588,-1,7533,7588,7535,-1,7535,7588,7589,-1,7535,7589,7537,-1,7537,7589,7590,-1,7537,7590,7539,-1,7539,7590,7591,-1,7539,7591,7541,-1,7541,7591,7592,-1,7541,7592,7543,-1,7543,7592,7568,-1,7592,7593,7568,-1,7568,7593,7594,-1,7568,7594,7569,-1,7569,7594,7595,-1,7569,7595,7570,-1,7570,7595,7596,-1,7570,7596,7571,-1,7571,7596,7597,-1,7571,7597,7572,-1,7572,7597,7598,-1,7572,7598,7573,-1,7573,7598,7599,-1,7573,7599,7574,-1,7574,7599,7600,-1,7574,7600,7575,-1,7575,7600,7601,-1,7575,7601,7576,-1,7576,7601,7602,-1,7576,7602,7577,-1,7577,7602,7603,-1,7577,7603,7578,-1,7578,7603,7604,-1,7578,7604,7579,-1,7579,7604,7605,-1,7579,7605,7580,-1,7580,7605,7606,-1,7580,7606,7581,-1,7581,7606,7607,-1,7581,7607,7582,-1,7582,7607,7608,-1,7582,7608,7583,-1,7583,7608,7609,-1,7583,7609,7584,-1,7584,7609,7610,-1,7584,7610,7585,-1,7585,7610,7611,-1,7585,7611,7586,-1,7586,7611,7612,-1,7586,7612,7587,-1,7587,7612,7613,-1,7587,7613,7588,-1,7588,7613,7614,-1,7588,7614,7589,-1,7589,7614,7615,-1,7589,7615,7590,-1,7590,7615,7616,-1,7590,7616,7591,-1,7591,7616,7617,-1,7591,7617,7592,-1,7592,7617,7593,-1,7617,7618,7593,-1,7593,7618,7619,-1,7593,7619,7594,-1,7594,7619,7620,-1,7594,7620,7595,-1,7595,7620,7621,-1,7595,7621,7596,-1,7596,7621,7622,-1,7596,7622,7597,-1,7597,7622,7623,-1,7597,7623,7598,-1,7598,7623,7624,-1,7598,7624,7599,-1,7599,7624,7625,-1,7599,7625,7600,-1,7600,7625,7626,-1,7600,7626,7601,-1,7601,7626,7627,-1,7601,7627,7602,-1,7602,7627,7628,-1,7602,7628,7603,-1,7603,7628,7629,-1,7603,7629,7604,-1,7604,7629,7630,-1,7604,7630,7605,-1,7605,7630,7631,-1,7605,7631,7606,-1,7606,7631,7632,-1,7606,7632,7607,-1,7607,7632,7633,-1,7607,7633,7608,-1,7608,7633,7634,-1,7608,7634,7609,-1,7609,7634,7635,-1,7609,7635,7610,-1,7610,7635,7636,-1,7610,7636,7611,-1,7611,7636,7637,-1,7611,7637,7612,-1,7612,7637,7638,-1,7612,7638,7613,-1,7613,7638,7639,-1,7613,7639,7614,-1,7614,7639,7640,-1,7614,7640,7615,-1,7615,7640,7641,-1,7615,7641,7616,-1,7616,7641,7642,-1,7616,7642,7617,-1,7617,7642,7618,-1,7642,7643,7618,-1,7618,7643,7644,-1,7618,7644,7619,-1,7619,7644,7645,-1,7619,7645,7620,-1,7620,7645,7646,-1,7620,7646,7621,-1,7621,7646,7647,-1,7621,7647,7622,-1,7622,7647,7648,-1,7622,7648,7623,-1,7623,7648,7649,-1,7623,7649,7624,-1,7624,7649,7650,-1,7624,7650,7625,-1,7625,7650,7651,-1,7625,7651,7626,-1,7626,7651,7652,-1,7626,7652,7627,-1,7627,7652,7653,-1,7627,7653,7628,-1,7628,7653,7654,-1,7628,7654,7629,-1,7629,7654,7655,-1,7629,7655,7630,-1,7630,7655,7656,-1,7630,7656,7631,-1,7631,7656,7657,-1,7631,7657,7632,-1,7632,7657,7658,-1,7632,7658,7633,-1,7633,7658,7659,-1,7633,7659,7634,-1,7634,7659,7660,-1,7634,7660,7635,-1,7635,7660,7661,-1,7635,7661,7636,-1,7636,7661,7662,-1,7636,7662,7637,-1,7637,7662,7663,-1,7637,7663,7638,-1,7638,7663,7664,-1,7638,7664,7639,-1,7639,7664,7665,-1,7639,7665,7640,-1,7640,7665,7666,-1,7640,7666,7641,-1,7641,7666,7667,-1,7641,7667,7642,-1,7642,7667,7643,-1,7667,7668,7643,-1,7643,7668,7669,-1,7643,7669,7644,-1,7644,7669,7670,-1,7644,7670,7645,-1,7645,7670,7671,-1,7645,7671,7646,-1,7646,7671,7672,-1,7646,7672,7647,-1,7647,7672,7673,-1,7647,7673,7648,-1,7648,7673,7674,-1,7648,7674,7649,-1,7649,7674,7675,-1,7649,7675,7650,-1,7650,7675,7676,-1,7650,7676,7651,-1,7651,7676,7677,-1,7651,7677,7652,-1,7652,7677,7678,-1,7652,7678,7653,-1,7653,7678,7679,-1,7653,7679,7654,-1,7654,7679,7680,-1,7654,7680,7655,-1,7655,7680,7681,-1,7655,7681,7656,-1,7656,7681,7682,-1,7656,7682,7657,-1,7657,7682,7683,-1,7657,7683,7658,-1,7658,7683,7684,-1,7658,7684,7659,-1,7659,7684,7685,-1,7659,7685,7660,-1,7660,7685,7686,-1,7660,7686,7661,-1,7661,7686,7687,-1,7661,7687,7662,-1,7662,7687,7688,-1,7662,7688,7663,-1,7663,7688,7689,-1,7663,7689,7664,-1,7664,7689,7690,-1,7664,7690,7665,-1,7665,7690,7691,-1,7665,7691,7666,-1,7666,7691,7692,-1,7666,7692,7667,-1,7667,7692,7668,-1,7692,7693,7668,-1,7668,7693,7694,-1,7668,7694,7669,-1,7669,7694,7695,-1,7669,7695,7670,-1,7670,7695,7696,-1,7670,7696,7671,-1,7671,7696,7697,-1,7671,7697,7672,-1,7672,7697,7698,-1,7672,7698,7673,-1,7673,7698,7699,-1,7673,7699,7674,-1,7674,7699,7700,-1,7674,7700,7675,-1,7675,7700,7701,-1,7675,7701,7676,-1,7676,7701,7702,-1,7676,7702,7677,-1,7677,7702,7703,-1,7677,7703,7678,-1,7678,7703,7704,-1,7678,7704,7679,-1,7679,7704,7705,-1,7679,7705,7680,-1,7680,7705,7706,-1,7680,7706,7681,-1,7681,7706,7707,-1,7681,7707,7682,-1,7682,7707,7708,-1,7682,7708,7683,-1,7683,7708,7709,-1,7683,7709,7684,-1,7684,7709,7710,-1,7684,7710,7685,-1,7685,7710,7711,-1,7685,7711,7686,-1,7686,7711,7712,-1,7686,7712,7687,-1,7687,7712,7713,-1,7687,7713,7688,-1,7688,7713,7714,-1,7688,7714,7689,-1,7689,7714,7715,-1,7689,7715,7690,-1,7690,7715,7716,-1,7690,7716,7691,-1,7691,7716,7717,-1,7691,7717,7692,-1,7692,7717,7693,-1,7717,7492,7693,-1,7693,7492,7491,-1,7693,7491,7694,-1,7694,7491,7494,-1,7694,7494,7695,-1,7695,7494,7495,-1,7695,7495,7696,-1,7696,7495,7496,-1,7696,7496,7697,-1,7697,7496,7497,-1,7697,7497,7698,-1,7698,7497,7498,-1,7698,7498,7699,-1,7699,7498,7499,-1,7699,7499,7700,-1,7700,7499,7500,-1,7700,7500,7701,-1,7701,7500,7501,-1,7701,7501,7702,-1,7702,7501,7502,-1,7702,7502,7703,-1,7703,7502,7503,-1,7703,7503,7704,-1,7704,7503,7504,-1,7704,7504,7705,-1,7705,7504,7505,-1,7705,7505,7706,-1,7706,7505,7506,-1,7706,7506,7707,-1,7707,7506,7507,-1,7707,7507,7708,-1,7708,7507,7508,-1,7708,7508,7709,-1,7709,7508,7509,-1,7709,7509,7710,-1,7710,7509,7510,-1,7710,7510,7711,-1,7711,7510,7511,-1,7711,7511,7712,-1,7712,7511,7512,-1,7712,7512,7713,-1,7713,7512,7513,-1,7713,7513,7714,-1,7714,7513,7514,-1,7714,7514,7715,-1,7715,7514,7515,-1,7715,7515,7716,-1,7716,7515,7516,-1,7716,7516,7717,-1,7717,7516,7492,-1,7718,7719,7720,-1,7718,7720,7721,-1,7722,7721,7720,-1,7723,7722,7720,-1,7724,7723,7720,-1,7725,7724,7720,-1,7726,7725,7720,-1,7727,7726,7720,-1,7728,7727,7720,-1,7729,7728,7720,-1,7730,7729,7720,-1,7731,7730,7720,-1,7732,7731,7720,-1,7733,7732,7720,-1,7734,7733,7720,-1,7735,7734,7720,-1,7736,7735,7720,-1,7737,7736,7720,-1,7738,7737,7720,-1,7739,7738,7720,-1,7740,7739,7720,-1,7741,7740,7720,-1,7742,7741,7720,-1,7743,7742,7720,-1,7719,7743,7720,-1,7744,7745,7746,-1,7746,7745,7747,-1,7746,7747,7748,-1,7748,7747,7749,-1,7748,7749,7750,-1,7750,7749,7751,-1,7750,7751,7752,-1,7752,7751,7753,-1,7752,7753,7754,-1,7754,7753,7755,-1,7754,7755,7756,-1,7756,7755,7757,-1,7756,7757,7758,-1,7758,7757,7759,-1,7758,7759,7760,-1,7760,7759,7761,-1,7760,7761,7762,-1,7762,7761,7763,-1,7762,7763,7764,-1,7764,7763,7765,-1,7764,7765,7766,-1,7766,7765,7767,-1,7766,7767,7768,-1,7768,7767,7769,-1,7768,7769,7770,-1,7770,7769,7771,-1,7770,7771,7772,-1,7772,7771,7773,-1,7772,7773,7774,-1,7774,7773,7775,-1,7774,7775,7776,-1,7776,7775,7777,-1,7776,7777,7778,-1,7778,7777,7779,-1,7778,7779,7780,-1,7780,7779,7781,-1,7780,7781,7782,-1,7782,7781,7783,-1,7782,7783,7784,-1,7784,7783,7785,-1,7784,7785,7786,-1,7786,7785,7787,-1,7786,7787,7788,-1,7788,7787,7789,-1,7788,7789,7790,-1,7790,7789,7791,-1,7790,7791,7792,-1,7792,7791,7793,-1,7792,7793,7794,-1,7794,7793,7744,-1,7794,7744,7746,-1,7770,7795,7768,-1,7768,7795,7796,-1,7768,7796,7766,-1,7766,7796,7797,-1,7766,7797,7764,-1,7764,7797,7798,-1,7764,7798,7762,-1,7762,7798,7799,-1,7762,7799,7760,-1,7760,7799,7800,-1,7760,7800,7758,-1,7758,7800,7801,-1,7758,7801,7756,-1,7756,7801,7802,-1,7756,7802,7754,-1,7754,7802,7803,-1,7754,7803,7752,-1,7752,7803,7804,-1,7752,7804,7750,-1,7750,7804,7805,-1,7750,7805,7748,-1,7748,7805,7806,-1,7748,7806,7746,-1,7746,7806,7807,-1,7746,7807,7794,-1,7794,7807,7808,-1,7794,7808,7792,-1,7792,7808,7809,-1,7792,7809,7790,-1,7790,7809,7810,-1,7790,7810,7788,-1,7788,7810,7811,-1,7788,7811,7786,-1,7786,7811,7812,-1,7786,7812,7784,-1,7784,7812,7813,-1,7784,7813,7782,-1,7782,7813,7814,-1,7782,7814,7780,-1,7780,7814,7815,-1,7780,7815,7778,-1,7778,7815,7816,-1,7778,7816,7776,-1,7776,7816,7817,-1,7776,7817,7774,-1,7774,7817,7818,-1,7774,7818,7772,-1,7772,7818,7819,-1,7772,7819,7770,-1,7770,7819,7795,-1,7819,7820,7795,-1,7795,7820,7821,-1,7795,7821,7796,-1,7796,7821,7822,-1,7796,7822,7797,-1,7797,7822,7823,-1,7797,7823,7798,-1,7798,7823,7824,-1,7798,7824,7799,-1,7799,7824,7825,-1,7799,7825,7800,-1,7800,7825,7826,-1,7800,7826,7801,-1,7801,7826,7827,-1,7801,7827,7802,-1,7802,7827,7828,-1,7802,7828,7803,-1,7803,7828,7829,-1,7803,7829,7804,-1,7804,7829,7830,-1,7804,7830,7805,-1,7805,7830,7831,-1,7805,7831,7806,-1,7806,7831,7832,-1,7806,7832,7807,-1,7807,7832,7833,-1,7807,7833,7808,-1,7808,7833,7834,-1,7808,7834,7809,-1,7809,7834,7835,-1,7809,7835,7810,-1,7810,7835,7836,-1,7810,7836,7811,-1,7811,7836,7837,-1,7811,7837,7812,-1,7812,7837,7838,-1,7812,7838,7813,-1,7813,7838,7839,-1,7813,7839,7814,-1,7814,7839,7840,-1,7814,7840,7815,-1,7815,7840,7841,-1,7815,7841,7816,-1,7816,7841,7842,-1,7816,7842,7817,-1,7817,7842,7843,-1,7817,7843,7818,-1,7818,7843,7844,-1,7818,7844,7819,-1,7819,7844,7820,-1,7844,7845,7820,-1,7820,7845,7846,-1,7820,7846,7821,-1,7821,7846,7847,-1,7821,7847,7822,-1,7822,7847,7848,-1,7822,7848,7823,-1,7823,7848,7849,-1,7823,7849,7824,-1,7824,7849,7850,-1,7824,7850,7825,-1,7825,7850,7851,-1,7825,7851,7826,-1,7826,7851,7852,-1,7826,7852,7827,-1,7827,7852,7853,-1,7827,7853,7828,-1,7828,7853,7854,-1,7828,7854,7829,-1,7829,7854,7855,-1,7829,7855,7830,-1,7830,7855,7856,-1,7830,7856,7831,-1,7831,7856,7857,-1,7831,7857,7832,-1,7832,7857,7858,-1,7832,7858,7833,-1,7833,7858,7859,-1,7833,7859,7834,-1,7834,7859,7860,-1,7834,7860,7835,-1,7835,7860,7861,-1,7835,7861,7836,-1,7836,7861,7862,-1,7836,7862,7837,-1,7837,7862,7863,-1,7837,7863,7838,-1,7838,7863,7864,-1,7838,7864,7839,-1,7839,7864,7865,-1,7839,7865,7840,-1,7840,7865,7866,-1,7840,7866,7841,-1,7841,7866,7867,-1,7841,7867,7842,-1,7842,7867,7868,-1,7842,7868,7843,-1,7843,7868,7869,-1,7843,7869,7844,-1,7844,7869,7845,-1,7869,7870,7845,-1,7845,7870,7871,-1,7845,7871,7846,-1,7846,7871,7872,-1,7846,7872,7847,-1,7847,7872,7873,-1,7847,7873,7848,-1,7848,7873,7874,-1,7848,7874,7849,-1,7849,7874,7875,-1,7849,7875,7850,-1,7850,7875,7876,-1,7850,7876,7851,-1,7851,7876,7877,-1,7851,7877,7852,-1,7852,7877,7878,-1,7852,7878,7853,-1,7853,7878,7879,-1,7853,7879,7854,-1,7854,7879,7880,-1,7854,7880,7855,-1,7855,7880,7881,-1,7855,7881,7856,-1,7856,7881,7882,-1,7856,7882,7857,-1,7857,7882,7883,-1,7857,7883,7858,-1,7858,7883,7884,-1,7858,7884,7859,-1,7859,7884,7885,-1,7859,7885,7860,-1,7860,7885,7886,-1,7860,7886,7861,-1,7861,7886,7887,-1,7861,7887,7862,-1,7862,7887,7888,-1,7862,7888,7863,-1,7863,7888,7889,-1,7863,7889,7864,-1,7864,7889,7890,-1,7864,7890,7865,-1,7865,7890,7891,-1,7865,7891,7866,-1,7866,7891,7892,-1,7866,7892,7867,-1,7867,7892,7893,-1,7867,7893,7868,-1,7868,7893,7894,-1,7868,7894,7869,-1,7869,7894,7870,-1,7894,7895,7870,-1,7870,7895,7896,-1,7870,7896,7871,-1,7871,7896,7897,-1,7871,7897,7872,-1,7872,7897,7898,-1,7872,7898,7873,-1,7873,7898,7899,-1,7873,7899,7874,-1,7874,7899,7900,-1,7874,7900,7875,-1,7875,7900,7901,-1,7875,7901,7876,-1,7876,7901,7902,-1,7876,7902,7877,-1,7877,7902,7903,-1,7877,7903,7878,-1,7878,7903,7904,-1,7878,7904,7879,-1,7879,7904,7905,-1,7879,7905,7880,-1,7880,7905,7906,-1,7880,7906,7881,-1,7881,7906,7907,-1,7881,7907,7882,-1,7882,7907,7908,-1,7882,7908,7883,-1,7883,7908,7909,-1,7883,7909,7884,-1,7884,7909,7910,-1,7884,7910,7885,-1,7885,7910,7911,-1,7885,7911,7886,-1,7886,7911,7912,-1,7886,7912,7887,-1,7887,7912,7913,-1,7887,7913,7888,-1,7888,7913,7914,-1,7888,7914,7889,-1,7889,7914,7915,-1,7889,7915,7890,-1,7890,7915,7916,-1,7890,7916,7891,-1,7891,7916,7917,-1,7891,7917,7892,-1,7892,7917,7918,-1,7892,7918,7893,-1,7893,7918,7919,-1,7893,7919,7894,-1,7894,7919,7895,-1,7919,7920,7895,-1,7895,7920,7921,-1,7895,7921,7896,-1,7896,7921,7922,-1,7896,7922,7897,-1,7897,7922,7923,-1,7897,7923,7898,-1,7898,7923,7924,-1,7898,7924,7899,-1,7899,7924,7925,-1,7899,7925,7900,-1,7900,7925,7926,-1,7900,7926,7901,-1,7901,7926,7927,-1,7901,7927,7902,-1,7902,7927,7928,-1,7902,7928,7903,-1,7903,7928,7929,-1,7903,7929,7904,-1,7904,7929,7930,-1,7904,7930,7905,-1,7905,7930,7931,-1,7905,7931,7906,-1,7906,7931,7932,-1,7906,7932,7907,-1,7907,7932,7933,-1,7907,7933,7908,-1,7908,7933,7934,-1,7908,7934,7909,-1,7909,7934,7935,-1,7909,7935,7910,-1,7910,7935,7936,-1,7910,7936,7911,-1,7911,7936,7937,-1,7911,7937,7912,-1,7912,7937,7938,-1,7912,7938,7913,-1,7913,7938,7939,-1,7913,7939,7914,-1,7914,7939,7940,-1,7914,7940,7915,-1,7915,7940,7941,-1,7915,7941,7916,-1,7916,7941,7942,-1,7916,7942,7917,-1,7917,7942,7943,-1,7917,7943,7918,-1,7918,7943,7944,-1,7918,7944,7919,-1,7919,7944,7920,-1,7944,7719,7920,-1,7920,7719,7718,-1,7920,7718,7921,-1,7921,7718,7721,-1,7921,7721,7922,-1,7922,7721,7722,-1,7922,7722,7923,-1,7923,7722,7723,-1,7923,7723,7924,-1,7924,7723,7724,-1,7924,7724,7925,-1,7925,7724,7725,-1,7925,7725,7926,-1,7926,7725,7726,-1,7926,7726,7927,-1,7927,7726,7727,-1,7927,7727,7928,-1,7928,7727,7728,-1,7928,7728,7929,-1,7929,7728,7729,-1,7929,7729,7930,-1,7930,7729,7730,-1,7930,7730,7931,-1,7931,7730,7731,-1,7931,7731,7932,-1,7932,7731,7732,-1,7932,7732,7933,-1,7933,7732,7733,-1,7933,7733,7934,-1,7934,7733,7734,-1,7934,7734,7935,-1,7935,7734,7735,-1,7935,7735,7936,-1,7936,7735,7736,-1,7936,7736,7937,-1,7937,7736,7737,-1,7937,7737,7938,-1,7938,7737,7738,-1,7938,7738,7939,-1,7939,7738,7739,-1,7939,7739,7940,-1,7940,7739,7740,-1,7940,7740,7941,-1,7941,7740,7741,-1,7941,7741,7942,-1,7942,7741,7742,-1,7942,7742,7943,-1,7943,7742,7743,-1,7943,7743,7944,-1,7944,7743,7719,-1,7945,7946,7947,-1,7945,7947,7948,-1,7949,7948,7947,-1,7950,7949,7947,-1,7951,7950,7947,-1,7952,7951,7947,-1,7953,7952,7947,-1,7954,7953,7947,-1,7955,7954,7947,-1,7956,7955,7947,-1,7957,7956,7947,-1,7958,7957,7947,-1,7959,7958,7947,-1,7960,7959,7947,-1,7961,7960,7947,-1,7962,7961,7947,-1,7963,7962,7947,-1,7964,7963,7947,-1,7965,7964,7947,-1,7966,7965,7947,-1,7967,7966,7947,-1,7968,7967,7947,-1,7969,7968,7947,-1,7970,7969,7947,-1,7946,7970,7947,-1,7971,7972,7973,-1,7973,7972,7974,-1,7973,7974,7975,-1,7975,7974,7976,-1,7975,7976,7977,-1,7977,7976,7978,-1,7977,7978,7979,-1,7979,7978,7980,-1,7979,7980,7981,-1,7981,7980,7982,-1,7981,7982,7983,-1,7983,7982,7984,-1,7983,7984,7985,-1,7985,7984,7986,-1,7985,7986,7987,-1,7987,7986,7988,-1,7987,7988,7989,-1,7989,7988,7990,-1,7989,7990,7991,-1,7991,7990,7992,-1,7991,7992,7993,-1,7993,7992,7994,-1,7993,7994,7995,-1,7995,7994,7996,-1,7995,7996,7997,-1,7997,7996,7998,-1,7997,7998,7999,-1,7999,7998,8000,-1,7999,8000,8001,-1,8001,8000,8002,-1,8001,8002,8003,-1,8003,8002,8004,-1,8003,8004,8005,-1,8005,8004,8006,-1,8005,8006,8007,-1,8007,8006,8008,-1,8007,8008,8009,-1,8009,8008,8010,-1,8009,8010,8011,-1,8011,8010,8012,-1,8011,8012,8013,-1,8013,8012,8014,-1,8013,8014,8015,-1,8015,8014,8016,-1,8015,8016,8017,-1,8017,8016,8018,-1,8017,8018,8019,-1,8019,8018,8020,-1,8019,8020,8021,-1,8021,8020,7971,-1,8021,7971,7973,-1,7997,8022,7995,-1,7995,8022,8023,-1,7995,8023,7993,-1,7993,8023,8024,-1,7993,8024,7991,-1,7991,8024,8025,-1,7991,8025,7989,-1,7989,8025,8026,-1,7989,8026,7987,-1,7987,8026,8027,-1,7987,8027,7985,-1,7985,8027,8028,-1,7985,8028,7983,-1,7983,8028,8029,-1,7983,8029,7981,-1,7981,8029,8030,-1,7981,8030,7979,-1,7979,8030,8031,-1,7979,8031,7977,-1,7977,8031,8032,-1,7977,8032,7975,-1,7975,8032,8033,-1,7975,8033,7973,-1,7973,8033,8034,-1,7973,8034,8021,-1,8021,8034,8035,-1,8021,8035,8019,-1,8019,8035,8036,-1,8019,8036,8017,-1,8017,8036,8037,-1,8017,8037,8015,-1,8015,8037,8038,-1,8015,8038,8013,-1,8013,8038,8039,-1,8013,8039,8011,-1,8011,8039,8040,-1,8011,8040,8009,-1,8009,8040,8041,-1,8009,8041,8007,-1,8007,8041,8042,-1,8007,8042,8005,-1,8005,8042,8043,-1,8005,8043,8003,-1,8003,8043,8044,-1,8003,8044,8001,-1,8001,8044,8045,-1,8001,8045,7999,-1,7999,8045,8046,-1,7999,8046,7997,-1,7997,8046,8022,-1,8046,8047,8022,-1,8022,8047,8048,-1,8022,8048,8023,-1,8023,8048,8049,-1,8023,8049,8024,-1,8024,8049,8050,-1,8024,8050,8025,-1,8025,8050,8051,-1,8025,8051,8026,-1,8026,8051,8052,-1,8026,8052,8027,-1,8027,8052,8053,-1,8027,8053,8028,-1,8028,8053,8054,-1,8028,8054,8029,-1,8029,8054,8055,-1,8029,8055,8030,-1,8030,8055,8056,-1,8030,8056,8031,-1,8031,8056,8057,-1,8031,8057,8032,-1,8032,8057,8058,-1,8032,8058,8033,-1,8033,8058,8059,-1,8033,8059,8034,-1,8034,8059,8060,-1,8034,8060,8035,-1,8035,8060,8061,-1,8035,8061,8036,-1,8036,8061,8062,-1,8036,8062,8037,-1,8037,8062,8063,-1,8037,8063,8038,-1,8038,8063,8064,-1,8038,8064,8039,-1,8039,8064,8065,-1,8039,8065,8040,-1,8040,8065,8066,-1,8040,8066,8041,-1,8041,8066,8067,-1,8041,8067,8042,-1,8042,8067,8068,-1,8042,8068,8043,-1,8043,8068,8069,-1,8043,8069,8044,-1,8044,8069,8070,-1,8044,8070,8045,-1,8045,8070,8071,-1,8045,8071,8046,-1,8046,8071,8047,-1,8071,8072,8047,-1,8047,8072,8073,-1,8047,8073,8048,-1,8048,8073,8074,-1,8048,8074,8049,-1,8049,8074,8075,-1,8049,8075,8050,-1,8050,8075,8076,-1,8050,8076,8051,-1,8051,8076,8077,-1,8051,8077,8052,-1,8052,8077,8078,-1,8052,8078,8053,-1,8053,8078,8079,-1,8053,8079,8054,-1,8054,8079,8080,-1,8054,8080,8055,-1,8055,8080,8081,-1,8055,8081,8056,-1,8056,8081,8082,-1,8056,8082,8057,-1,8057,8082,8083,-1,8057,8083,8058,-1,8058,8083,8084,-1,8058,8084,8059,-1,8059,8084,8085,-1,8059,8085,8060,-1,8060,8085,8086,-1,8060,8086,8061,-1,8061,8086,8087,-1,8061,8087,8062,-1,8062,8087,8088,-1,8062,8088,8063,-1,8063,8088,8089,-1,8063,8089,8064,-1,8064,8089,8090,-1,8064,8090,8065,-1,8065,8090,8091,-1,8065,8091,8066,-1,8066,8091,8092,-1,8066,8092,8067,-1,8067,8092,8093,-1,8067,8093,8068,-1,8068,8093,8094,-1,8068,8094,8069,-1,8069,8094,8095,-1,8069,8095,8070,-1,8070,8095,8096,-1,8070,8096,8071,-1,8071,8096,8072,-1,8096,8097,8072,-1,8072,8097,8098,-1,8072,8098,8073,-1,8073,8098,8099,-1,8073,8099,8074,-1,8074,8099,8100,-1,8074,8100,8075,-1,8075,8100,8101,-1,8075,8101,8076,-1,8076,8101,8102,-1,8076,8102,8077,-1,8077,8102,8103,-1,8077,8103,8078,-1,8078,8103,8104,-1,8078,8104,8079,-1,8079,8104,8105,-1,8079,8105,8080,-1,8080,8105,8106,-1,8080,8106,8081,-1,8081,8106,8107,-1,8081,8107,8082,-1,8082,8107,8108,-1,8082,8108,8083,-1,8083,8108,8109,-1,8083,8109,8084,-1,8084,8109,8110,-1,8084,8110,8085,-1,8085,8110,8111,-1,8085,8111,8086,-1,8086,8111,8112,-1,8086,8112,8087,-1,8087,8112,8113,-1,8087,8113,8088,-1,8088,8113,8114,-1,8088,8114,8089,-1,8089,8114,8115,-1,8089,8115,8090,-1,8090,8115,8116,-1,8090,8116,8091,-1,8091,8116,8117,-1,8091,8117,8092,-1,8092,8117,8118,-1,8092,8118,8093,-1,8093,8118,8119,-1,8093,8119,8094,-1,8094,8119,8120,-1,8094,8120,8095,-1,8095,8120,8121,-1,8095,8121,8096,-1,8096,8121,8097,-1,8121,8122,8097,-1,8097,8122,8123,-1,8097,8123,8098,-1,8098,8123,8124,-1,8098,8124,8099,-1,8099,8124,8125,-1,8099,8125,8100,-1,8100,8125,8126,-1,8100,8126,8101,-1,8101,8126,8127,-1,8101,8127,8102,-1,8102,8127,8128,-1,8102,8128,8103,-1,8103,8128,8129,-1,8103,8129,8104,-1,8104,8129,8130,-1,8104,8130,8105,-1,8105,8130,8131,-1,8105,8131,8106,-1,8106,8131,8132,-1,8106,8132,8107,-1,8107,8132,8133,-1,8107,8133,8108,-1,8108,8133,8134,-1,8108,8134,8109,-1,8109,8134,8135,-1,8109,8135,8110,-1,8110,8135,8136,-1,8110,8136,8111,-1,8111,8136,8137,-1,8111,8137,8112,-1,8112,8137,8138,-1,8112,8138,8113,-1,8113,8138,8139,-1,8113,8139,8114,-1,8114,8139,8140,-1,8114,8140,8115,-1,8115,8140,8141,-1,8115,8141,8116,-1,8116,8141,8142,-1,8116,8142,8117,-1,8117,8142,8143,-1,8117,8143,8118,-1,8118,8143,8144,-1,8118,8144,8119,-1,8119,8144,8145,-1,8119,8145,8120,-1,8120,8145,8146,-1,8120,8146,8121,-1,8121,8146,8122,-1,8146,8147,8122,-1,8122,8147,8148,-1,8122,8148,8123,-1,8123,8148,8149,-1,8123,8149,8124,-1,8124,8149,8150,-1,8124,8150,8125,-1,8125,8150,8151,-1,8125,8151,8126,-1,8126,8151,8152,-1,8126,8152,8127,-1,8127,8152,8153,-1,8127,8153,8128,-1,8128,8153,8154,-1,8128,8154,8129,-1,8129,8154,8155,-1,8129,8155,8130,-1,8130,8155,8156,-1,8130,8156,8131,-1,8131,8156,8157,-1,8131,8157,8132,-1,8132,8157,8158,-1,8132,8158,8133,-1,8133,8158,8159,-1,8133,8159,8134,-1,8134,8159,8160,-1,8134,8160,8135,-1,8135,8160,8161,-1,8135,8161,8136,-1,8136,8161,8162,-1,8136,8162,8137,-1,8137,8162,8163,-1,8137,8163,8138,-1,8138,8163,8164,-1,8138,8164,8139,-1,8139,8164,8165,-1,8139,8165,8140,-1,8140,8165,8166,-1,8140,8166,8141,-1,8141,8166,8167,-1,8141,8167,8142,-1,8142,8167,8168,-1,8142,8168,8143,-1,8143,8168,8169,-1,8143,8169,8144,-1,8144,8169,8170,-1,8144,8170,8145,-1,8145,8170,8171,-1,8145,8171,8146,-1,8146,8171,8147,-1,8171,7946,8147,-1,8147,7946,7945,-1,8147,7945,8148,-1,8148,7945,7948,-1,8148,7948,8149,-1,8149,7948,7949,-1,8149,7949,8150,-1,8150,7949,7950,-1,8150,7950,8151,-1,8151,7950,7951,-1,8151,7951,8152,-1,8152,7951,7952,-1,8152,7952,8153,-1,8153,7952,7953,-1,8153,7953,8154,-1,8154,7953,7954,-1,8154,7954,8155,-1,8155,7954,7955,-1,8155,7955,8156,-1,8156,7955,7956,-1,8156,7956,8157,-1,8157,7956,7957,-1,8157,7957,8158,-1,8158,7957,7958,-1,8158,7958,8159,-1,8159,7958,7959,-1,8159,7959,8160,-1,8160,7959,7960,-1,8160,7960,8161,-1,8161,7960,7961,-1,8161,7961,8162,-1,8162,7961,7962,-1,8162,7962,8163,-1,8163,7962,7963,-1,8163,7963,8164,-1,8164,7963,7964,-1,8164,7964,8165,-1,8165,7964,7965,-1,8165,7965,8166,-1,8166,7965,7966,-1,8166,7966,8167,-1,8167,7966,7967,-1,8167,7967,8168,-1,8168,7967,7968,-1,8168,7968,8169,-1,8169,7968,7969,-1,8169,7969,8170,-1,8170,7969,7970,-1,8170,7970,8171,-1,8171,7970,7946,-1,
        ]
    }
}
Shape{
    appearance Appearance {
        material  Material 	{
            diffuseColor 1.0 1.0 1.0
            specularColor 0.8784313725490196 0.8784313725490196 0.8784313725490196
            ambientIntensity 1.0
            transparency 0.0
            shininess 0.5
        }
    }
    geometry IndexedFaceSet {
        ccw TRUE
        solid FALSE
        coord DEF co Coordinate {
            point [
                -0.0667 0.0176 0.0866, -0.0821 -0.0218 0.0866, -0.0667 0.0176 0.0827, -0.0821 -0.0218 0.0827, -0.0763 -0.0218 0.0866, -0.0763 -0.0218 0.0827, -0.0724 -0.0107 0.0866, -0.0724 -0.0107 0.0827, -0.0561 -0.0107 0.0866, -0.0561 -0.0107 0.0827, -0.0523 -0.0218 0.0866, -0.0523 -0.0218 0.0827, -0.0466 -0.0218 0.0866, -0.0466 -0.0218 0.0827, -0.0615 0.0176 0.0866, -0.0615 0.0176 0.0827, -0.0574 -0.0064 0.0866, -0.0706 -0.0064 0.0866, -0.0633 0.01 0.0866, -0.0637 0.0114 0.0866, -0.0639 0.0128 0.0866, -0.0641 0.0128 0.0866, -0.0643 0.0114 0.0866, -0.0647 0.01 0.0866, -0.0574 -0.0064 0.0827, -0.0706 -0.0064 0.0827, -0.0633 0.01 0.0827, -0.0637 0.0114 0.0827, -0.0639 0.0128 0.0827, -0.0641 0.0128 0.0827, -0.0643 0.0114 0.0827, -0.0647 0.01 0.0827, -0.0227 -0.0218 0.0866, -0.012 -0.0218 0.0866, -0.0227 -0.0218 0.0827, -0.012 -0.0218 0.0827, -0.012 0.0176 0.0866, -0.012 0.0176 0.0827, -0.0231 0.0176 0.0866, -0.0231 0.0176 0.0827, -0.0437 -0.0016 0.0866, -0.0437 -0.0016 0.0827, -0.0434 0.0021 0.0827, -0.0434 0.0021 0.0866, -0.0423 0.006 0.0827, -0.0423 0.006 0.0866, -0.0405 0.0094 0.0827, -0.0405 0.0094 0.0866, -0.0377 0.0125 0.0827, -0.0377 0.0125 0.0866, -0.0377 0.0125 0.0827, -0.0377 0.0125 0.0866, -0.0334 0.0154 0.0827, -0.0334 0.0154 0.0866, -0.0288 0.017 0.0827, -0.0288 0.017 0.0866, -0.0276 -0.0213 0.0827, -0.0276 -0.0213 0.0866, -0.0321 -0.02 0.0827, -0.0321 -0.02 0.0866, -0.0362 -0.0176 0.0827, -0.0362 -0.0176 0.0866, -0.0395 -0.0145 0.0827, -0.0395 -0.0145 0.0866, -0.0417 -0.011 0.0827, -0.0417 -0.011 0.0866, -0.0431 -0.0068 0.0827, -0.0431 -0.0068 0.0866, -0.0358 0.0078 0.0866, -0.0339 0.0098 0.0866, -0.031 0.0117 0.0866, -0.0278 0.0128 0.0866, -0.0231 0.0133 0.0866, -0.0173 0.0133 0.0866, -0.0173 -0.0174 0.0866, -0.0229 -0.0174 0.0866, -0.027 -0.0171 0.0866, -0.0303 -0.016 0.0866, -0.033 -0.0144 0.0866, -0.0352 -0.0122 0.0866, -0.0369 -0.0095 0.0866, -0.038 -0.0058 0.0866, -0.0384 -0.0017 0.0866, -0.0381 0.0022 0.0866, -0.0372 0.0053 0.0866, -0.0231 0.0133 0.0827, -0.0173 0.0133 0.0827, -0.0278 0.0128 0.0827, -0.031 0.0117 0.0827, -0.0339 0.0098 0.0827, -0.0358 0.0078 0.0827, -0.0372 0.0053 0.0827, -0.0381 0.0022 0.0827, -0.0384 -0.0017 0.0827, -0.038 -0.0058 0.0827, -0.0369 -0.0095 0.0827, -0.0352 -0.0122 0.0827, -0.033 -0.0144 0.0827, -0.0303 -0.016 0.0827, -0.027 -0.0171 0.0827, -0.0229 -0.0174 0.0827, -0.0173 -0.0174 0.0827, -0.0043 -0.0174 0.0866, -0.0043 -0.0218 0.0866, -0.0043 -0.0174 0.0827, -0.0043 -0.0218 0.0827, 0.0168 -0.0218 0.0866, 0.0168 -0.0218 0.0827, 0.0168 0.0176 0.0866, 0.0168 0.0176 0.0827, -0.0034 0.0176 0.0866, -0.0034 0.0176 0.0827, -0.0034 0.0133 0.0866, -0.0034 0.0133 0.0827, 0.0115 0.0133 0.0866, 0.0115 0.0133 0.0827, 0.0115 0.0003 0.0866, 0.0115 0.0003 0.0827, -0.0024 0.0003 0.0866, -0.0024 0.0003 0.0827, -0.0024 -0.004 0.0866, -0.0024 -0.004 0.0827, 0.0115 -0.004 0.0866, 0.0115 -0.004 0.0827, 0.0115 -0.0174 0.0866, 0.0115 -0.0174 0.0827, 0.0245 -0.0154 0.0866, 0.0245 -0.0197 0.0866, 0.0245 -0.0154 0.0827, 0.0245 -0.0197 0.0827, 0.0287 -0.0214 0.0866, 0.0353 -0.0222 0.0866, 0.0353 -0.0222 0.0827, 0.0342 -0.0222 0.0827, 0.0342 -0.0222 0.0866, 0.0327 -0.022 0.0827, 0.0287 -0.0214 0.0827, 0.0538 -0.0028 0.0866, 0.0538 -0.0028 0.0827, 0.0534 -0.0074 0.0827, 0.0534 -0.0074 0.0866, 0.0522 -0.0115 0.0827, 0.0522 -0.0115 0.0866, 0.0501 -0.0153 0.0827, 0.0501 -0.0153 0.0866, 0.0472 -0.0184 0.0827, 0.0472 -0.0184 0.0866, 0.044 -0.0204 0.0827, 0.044 -0.0204 0.0866, 0.0402 -0.0217 0.0827, 0.0402 -0.0217 0.0866, 0.0376 -0.022 0.0827, 0.0338 0.0181 0.0866, 0.0338 0.0181 0.0827, 0.0377 0.0178 0.0827, 0.0377 0.0178 0.0866, 0.0421 0.0165 0.0827, 0.0421 0.0165 0.0866, 0.0458 0.0143 0.0827, 0.0458 0.0143 0.0866, 0.0494 0.0109 0.0827, 0.0494 0.0109 0.0866, 0.0517 0.0072 0.0827, 0.0517 0.0072 0.0866, 0.0532 0.0028 0.0827, 0.0532 0.0028 0.0866, 0.0245 0.0165 0.0866, 0.0245 0.0165 0.0827, 0.029 0.0178 0.0827, 0.029 0.0178 0.0866, 0.0245 0.0112 0.0866, 0.0245 0.0112 0.0827, 0.0337 0.0138 0.0866, 0.0337 0.0138 0.0827, 0.0289 0.0131 0.0827, 0.0289 0.0131 0.0866, 0.0485 -0.0025 0.0866, 0.0485 -0.0025 0.0827, 0.0483 0.0006 0.0827, 0.0483 0.0006 0.0866, 0.0473 0.0048 0.0827, 0.0473 0.0048 0.0866, 0.0456 0.0078 0.0827, 0.0456 0.0078 0.0866, 0.0433 0.0104 0.0827, 0.0433 0.0104 0.0866, 0.0405 0.0123 0.0827, 0.0405 0.0123 0.0866, 0.0376 0.0133 0.0827, 0.0376 0.0133 0.0866, 0.0346 -0.0179 0.0866, 0.0346 -0.0179 0.0827, 0.0383 -0.0175 0.0827, 0.0383 -0.0175 0.0866, 0.0411 -0.0165 0.0827, 0.0411 -0.0165 0.0866, 0.0435 -0.0148 0.0827, 0.0435 -0.0148 0.0866, 0.0454 -0.0129 0.0827, 0.0454 -0.0129 0.0866, 0.047 -0.0101 0.0827, 0.047 -0.0101 0.0866, 0.0481 -0.0068 0.0827, 0.0481 -0.0068 0.0866, 0.0252 -0.0158 0.0827, 0.0252 -0.0158 0.0866, 0.0294 -0.0173 0.0827, 0.0294 -0.0173 0.0866, 0.0571 -0.0174 0.0866, 0.0571 -0.0218 0.0866, 0.0571 -0.0174 0.0827, 0.0571 -0.0218 0.0827, 0.0773 -0.0218 0.0866, 0.0773 -0.0218 0.0827, 0.0773 0.0176 0.0866, 0.0773 0.0176 0.0827, 0.072 0.0176 0.0866, 0.072 0.0176 0.0827, 0.072 -0.0174 0.0866, 0.072 -0.0174 0.0827
            ]
        }
        coordIndex [
            0,1,2,-1,2,1,3,-1,1,4,3,-1,3,4,5,-1,4,6,5,-1,5,6,7,-1,6,8,7,-1,7,8,9,-1,8,10,9,-1,9,10,11,-1,10,12,11,-1,11,12,13,-1,12,14,13,-1,13,14,15,-1,14,0,15,-1,15,0,2,-1,16,8,17,-1,17,8,6,-1,18,14,16,-1,16,14,12,-1,16,12,8,-1,8,12,10,-1,18,19,14,-1,14,19,20,-1,14,20,0,-1,0,20,21,-1,0,21,22,-1,22,23,0,-1,0,23,17,-1,0,17,1,-1,1,17,6,-1,1,6,4,-1,16,17,24,-1,24,17,25,-1,18,16,26,-1,26,16,24,-1,18,26,27,-1,18,27,19,-1,19,27,28,-1,19,28,20,-1,21,20,29,-1,29,20,28,-1,21,29,30,-1,21,30,22,-1,22,30,31,-1,22,31,23,-1,17,23,25,-1,25,23,31,-1,32,33,34,-1,34,33,35,-1,33,36,35,-1,35,36,37,-1,36,38,37,-1,37,38,39,-1,40,41,42,-1,40,42,43,-1,43,42,44,-1,43,44,45,-1,45,44,46,-1,45,46,47,-1,47,46,48,-1,47,48,49,-1,49,48,50,-1,49,50,51,-1,51,50,52,-1,51,52,53,-1,53,52,54,-1,53,54,55,-1,55,54,39,-1,55,39,38,-1,32,34,56,-1,32,56,57,-1,57,56,58,-1,57,58,59,-1,59,58,60,-1,59,60,61,-1,61,60,62,-1,61,62,63,-1,63,62,64,-1,63,64,65,-1,65,64,66,-1,65,66,67,-1,67,66,41,-1,67,41,40,-1,45,47,68,-1,68,47,49,-1,68,49,69,-1,69,49,51,-1,69,51,70,-1,70,51,53,-1,70,53,71,-1,71,53,55,-1,71,55,72,-1,72,55,38,-1,72,38,73,-1,73,38,36,-1,73,36,74,-1,74,36,33,-1,74,33,75,-1,75,33,32,-1,75,32,76,-1,76,32,57,-1,76,57,77,-1,77,57,59,-1,77,59,78,-1,78,59,61,-1,78,61,79,-1,79,61,63,-1,79,63,80,-1,80,63,65,-1,80,65,81,-1,81,65,67,-1,81,67,82,-1,82,67,40,-1,82,40,83,-1,83,40,43,-1,83,43,84,-1,84,43,45,-1,84,45,68,-1,72,73,85,-1,85,73,86,-1,72,85,87,-1,72,87,71,-1,71,87,88,-1,71,88,70,-1,70,88,89,-1,70,89,69,-1,69,89,90,-1,69,90,68,-1,68,90,91,-1,68,91,84,-1,84,91,92,-1,84,92,83,-1,83,92,93,-1,83,93,82,-1,82,93,94,-1,82,94,81,-1,81,94,95,-1,81,95,80,-1,80,95,96,-1,80,96,79,-1,79,96,97,-1,79,97,78,-1,78,97,98,-1,78,98,77,-1,77,98,99,-1,77,99,76,-1,76,99,100,-1,76,100,75,-1,74,75,101,-1,101,75,100,-1,73,74,86,-1,86,74,101,-1,102,103,104,-1,104,103,105,-1,103,106,105,-1,105,106,107,-1,106,108,107,-1,107,108,109,-1,108,110,109,-1,109,110,111,-1,110,112,111,-1,111,112,113,-1,112,114,113,-1,113,114,115,-1,114,116,115,-1,115,116,117,-1,116,118,117,-1,117,118,119,-1,118,120,119,-1,119,120,121,-1,120,122,121,-1,121,122,123,-1,122,124,123,-1,123,124,125,-1,124,102,125,-1,125,102,104,-1,106,103,102,-1,102,124,106,-1,106,124,122,-1,106,122,108,-1,112,110,114,-1,114,110,108,-1,114,108,116,-1,116,108,122,-1,116,122,118,-1,118,122,120,-1,126,127,128,-1,128,127,129,-1,129,127,130,-1,131,132,133,-1,131,133,134,-1,134,133,135,-1,134,135,130,-1,130,135,136,-1,130,136,129,-1,137,138,139,-1,137,139,140,-1,140,139,141,-1,140,141,142,-1,142,141,143,-1,142,143,144,-1,144,143,145,-1,144,145,146,-1,146,145,147,-1,146,147,148,-1,148,147,149,-1,148,149,150,-1,150,149,131,-1,131,149,151,-1,131,151,132,-1,152,153,154,-1,152,154,155,-1,155,154,156,-1,155,156,157,-1,157,156,158,-1,157,158,159,-1,159,158,160,-1,159,160,161,-1,161,160,162,-1,161,162,163,-1,163,162,164,-1,163,164,165,-1,165,164,138,-1,165,138,137,-1,166,167,168,-1,166,168,169,-1,169,168,153,-1,169,153,152,-1,166,170,167,-1,167,170,171,-1,172,173,174,-1,172,174,175,-1,175,174,171,-1,175,171,170,-1,176,177,178,-1,176,178,179,-1,179,178,180,-1,179,180,181,-1,181,180,182,-1,181,182,183,-1,183,182,184,-1,183,184,185,-1,185,184,186,-1,185,186,187,-1,187,186,188,-1,187,188,189,-1,189,188,173,-1,189,173,172,-1,190,191,192,-1,190,192,193,-1,193,192,194,-1,193,194,195,-1,195,194,196,-1,195,196,197,-1,197,196,198,-1,197,198,199,-1,199,198,200,-1,199,200,201,-1,201,200,202,-1,201,202,203,-1,203,202,177,-1,203,177,176,-1,126,128,204,-1,126,204,205,-1,205,204,206,-1,205,206,207,-1,207,206,191,-1,207,191,190,-1,193,131,190,-1,190,131,134,-1,190,134,207,-1,207,134,130,-1,207,130,205,-1,205,130,127,-1,205,127,126,-1,170,166,175,-1,175,166,169,-1,175,169,172,-1,172,169,152,-1,172,152,189,-1,189,152,155,-1,189,155,187,-1,187,155,157,-1,187,157,185,-1,185,157,159,-1,185,159,183,-1,183,159,161,-1,183,161,181,-1,181,161,163,-1,181,163,179,-1,179,163,165,-1,179,165,176,-1,176,165,137,-1,176,137,203,-1,203,137,140,-1,203,140,201,-1,201,140,142,-1,201,142,199,-1,199,142,144,-1,199,144,197,-1,197,144,146,-1,197,146,195,-1,195,146,148,-1,195,148,193,-1,193,148,150,-1,193,150,131,-1,208,209,210,-1,210,209,211,-1,209,212,211,-1,211,212,213,-1,212,214,213,-1,213,214,215,-1,214,216,215,-1,215,216,217,-1,216,218,217,-1,217,218,219,-1,218,208,219,-1,219,208,210,-1,216,214,218,-1,218,214,212,-1,218,212,208,-1,208,212,209,-1,
        ]
    }
}
Shape{
    appearance Appearance {
        material  Material 	{
            diffuseColor 0.25098039215686274 0.25098039215686274 0.25098039215686274
            specularColor 0.12549019607843137 0.12549019607843137 0.12549019607843137
            ambientIntensity 0.251
            transparency 0.0
            shininess 0.5
        }
    }
    geometry IndexedFaceSet {
        ccw TRUE
        solid FALSE
        coord DEF co Coordinate {
            point [
                -0.0574 -0.0064 0.0827, -0.0706 -0.0064 0.0827, -0.0633 0.01 0.0827, -0.0647 0.01 0.0827, -0.0637 0.0114 0.0827, -0.0643 0.0114 0.0827, -0.0639 0.0128 0.0827, -0.0641 0.0128 0.0827, -0.0173 0.0133 0.0827, -0.0173 -0.0174 0.0827, -0.0231 0.0133 0.0827, -0.0229 -0.0174 0.0827, -0.027 -0.0171 0.0827, -0.0384 -0.0017 0.0827, -0.0381 0.0022 0.0827, -0.0372 0.0053 0.0827, -0.0278 0.0128 0.0827, -0.0303 -0.016 0.0827, -0.033 -0.0144 0.0827, -0.0352 -0.0122 0.0827, -0.0369 -0.0095 0.0827, -0.038 -0.0058 0.0827, -0.0358 0.0078 0.0827, -0.0339 0.0098 0.0827, -0.031 0.0117 0.0827
            ]
        }
        coordIndex [
            0,1,2,-1,2,1,3,-1,2,3,4,-1,4,3,5,-1,4,5,6,-1,6,5,7,-1,8,9,10,-1,10,9,11,-1,10,11,12,-1,13,14,10,-1,10,14,15,-1,10,15,16,-1,12,17,10,-1,10,17,18,-1,10,18,19,-1,19,20,10,-1,10,20,21,-1,10,21,13,-1,22,23,15,-1,15,23,24,-1,15,24,16,-1,
        ]
    }
}